,收盘价,开盘价,最高价,最低价,持仓量,持仓量变动,成交量,家人多头席位数,家人空头席位数,家人多头持仓量,家人空头持仓量,机构多头席位数,机构空头席位数,机构多头持仓量,机构空头持仓量,ma5,ma10,ma20,diff5_10,diff5_20,家人净多头席位,家人净多头持仓量,机构净多头席位,机构净多头持仓量,持仓量变幅,CB_index,IV,IV_pct,趋势排名分位数
20240506,891.2379,874.005,893.5,869.1146,713389.0,30776.0,336461.0,0.0,-1.0,0.0,-13940.0,1.0,-2.0,15136.0,-21586.0,877.4952999999999,872.4743000000001,844.35616,5.020999999999844,33.13913999999988,-1.0,-13940.0,-1.0,-6450.0,0.04314055865733842,0.6042673774692486,,,0.0484
20240507,883.236,891.3342,897.113,878.5833,726352.0,12963.0,337720.0,0.0,-1.0,0.0,-14086.0,1.0,-2.0,11929.0,-21235.0,878.9192800000001,873.5644199999999,849.951765,5.354860000000144,28.96751500000005,-1.0,-14086.0,-1.0,-9306.0,0.01784671894618587,0.549311472507457,,,0.0645
20240508,863.6058,884.5153,887.7642,863.4045,741079.0,14727.0,415293.0,0.0,-1.0,0.0,-13192.0,1.0,-2.0,10200.0,-19920.0,875.53882,873.0210000000001,855.407395,2.517819999999915,20.13142500000004,-1.0,-13192.0,-1.0,-9720.0,0.019872375279828467,0.6652932655648502,,,0.1129
20240509,862.988,865.8067,878.4037,858.0119,758440.0,17361.0,435338.0,0.0,-1.0,0.0,-11511.0,1.0,-2.0,11445.0,-24904.0,874.01204,872.88383,858.7736600000001,1.128209999999967,15.23837999999989,-1.0,-11511.0,-1.0,-13459.0,0.0228904066241232,0.6410333425731515,,,0.0806
20240510,870.5316,867.1533,874.0533,854.8008,762952.0,4512.0,472168.0,0.0,-1.0,0.0,-8303.0,1.0,-2.0,13029.0,-30779.0,874.31986,875.2261699999999,861.45008,-0.9063099999999622,12.86977999999999,-1.0,-8303.0,-1.0,-17750.0,0.00591387138378299,0.5645745417383391,,,0.0806
20240513,884.0494,869.8722,886.668,852.7819,778602.0,15650.0,516556.0,0.0,-1.0,0.0,-8568.0,1.0,-2.0,11418.0,-28202.0,872.8821599999999,875.1887300000001,864.9082999999998,-2.306570000000193,7.973860000000059,-1.0,-8568.0,-1.0,-16784.0,0.020100128178453178,0.494687493294885,,,0.0645
20240514,862.697,883.0812,886.2874,855.2606,760774.0,-17828.0,453703.0,0.0,-1.0,0.0,-7362.0,1.0,-2.0,2857.0,-22254.0,868.77436,873.84682,866.6962149999999,-5.072459999999978,2.078145000000063,-1.0,-7362.0,-1.0,-19397.0,-0.023434029028331672,0.9021046138990296,,,0.129
20240515,855.1544,864.7647,864.7647,847.667,768476.0,7702.0,464658.0,0.0,-1.0,0.0,-7069.0,1.0,-2.0,1755.0,-23541.0,867.08408,871.3114499999999,867.27829,-4.227369999999951,-0.1942099999999982,-1.0,-7069.0,-1.0,-21786.0,0.010022434012252822,0.7484398548716692,,,0.129
20240516,876.2874,856.8381,884.9008,853.4063,761815.0,-6661.0,538119.0,1.0,0.0,838.0,0.0,1.0,-2.0,4927.0,-16296.0,869.74396,871.878,868.860325,-2.134040000000027,0.8836350000000266,1.0,838.0,-1.0,-11369.0,-0.008743592604503718,0.6067871249815255,,,0.2258
20240517,886.6594,874.7429,888.5455,872.8869,762457.0,642.0,351204.0,0.0,-1.0,0.0,-6869.0,1.0,-2.0,4223.0,-17247.0,872.96952,873.6446899999999,871.91832,-0.6751699999998664,1.051199999999994,-1.0,-6869.0,-1.0,-13024.0,0.0008420146972222696,0.447238571291242,,,0.2581
20240520,891.2547,883.9578,901.4495,874.533,748382.0,-14075.0,493056.0,0.0,-1.0,0.0,-6556.0,1.0,-2.0,2774.0,-17799.0,874.41058,873.64637,873.0603350000001,0.7642099999999346,1.350244999999859,-1.0,-6556.0,-1.0,-15025.0,-0.018807240152756213,0.4749669720387297,,,0.2742
20240521,904.9335,887.5387,906.3984,883.1591,756414.0,8032.0,453687.0,0.0,-1.0,0.0,-6909.0,1.0,-2.0,5811.0,-18376.0,882.8578799999999,875.8161200000001,874.69027,7.04175999999984,8.167609999999854,-1.0,-6909.0,-1.0,-12565.0,0.010618523718492784,0.4681620892631643,,,0.3548
20240522,919.1351,903.1667,923.5375,903.1667,757921.0,1507.0,467194.0,0.0,-1.0,0.0,-7784.0,2.0,-2.0,5168.0,-11046.0,895.65402,881.36905,877.195025,14.28496999999993,18.45899499999996,-1.0,-7784.0,0.0,-5878.0,0.001988333876485808,0.4103265104228429,,,0.371
20240523,904.2422,916.4067,923.2847,896.005,742351.0,-15570.0,496731.0,0.0,-1.0,0.0,-6954.0,1.0,-2.0,5217.0,-13831.0,901.24498,885.49447,879.1891499999999,15.75051000000008,22.05583000000013,-1.0,-6954.0,-1.0,-8614.0,-0.020973905874714253,0.4263997683702826,,,0.4032
20240524,905.9286,905.8444,913.5043,897.8348,735132.0,-7219.0,366295.0,0.0,-1.0,0.0,-7131.0,1.0,-2.0,4403.0,-9150.0,905.0988199999999,889.0341699999999,882.13017,16.06465000000003,22.96864999999991,-1.0,-7131.0,-1.0,-4747.0,-0.009820005114727696,0.334555481595839,,,0.4355
20240527,895.7963,907.1042,909.9289,889.5455,726920.0,-8212.0,354967.0,0.0,-1.0,0.0,-6654.0,1.0,-2.0,5689.0,-14535.0,906.0071399999999,890.20886,882.6987949999999,15.79827999999998,23.30834500000003,-1.0,-6654.0,-1.0,-8846.0,-0.011296979034831893,0.3844437668906429,,,0.1935
20240528,879.9395,896.8936,910.9636,879.5557,733534.0,6614.0,458888.0,1.0,-1.0,0.0,-479.0,1.0,-2.0,5587.0,-14300.0,901.00834,891.9331099999999,882.889965,9.075230000000033,18.11837500000001,0.0,-479.0,-1.0,-8713.0,0.0090166236329877,0.4114884024951981,,,0.1935
20240529,887.9841,884.3543,891.9258,877.694,729847.0,-3687.0,410985.0,0.0,-1.0,0.0,-5597.0,1.0,-2.0,4541.0,-15813.0,894.77814,895.2160799999999,883.263765,-0.4379399999999123,11.51437499999997,-1.0,-5597.0,-1.0,-11272.0,-0.0050517437216293275,0.4178459567470151,,,0.1935
20240530,860.7632,880.4089,893.9449,857.8372,724357.0,-5490.0,692079.0,1.0,0.0,1754.0,0.0,1.0,-2.0,3598.0,-14410.0,886.0823399999999,893.6636599999999,882.77083,-7.581320000000005,3.311509999999885,1.0,1754.0,-1.0,-10812.0,-0.007579135702422976,0.6489937941444787,,,0.3065
20240531,861.056,862.7564,868.6526,857.0821,722854.0,-1503.0,350287.0,1.0,0.0,1836.0,0.0,1.0,-2.0,4379.0,-13045.0,877.10782,891.1033199999999,882.3740049999999,-13.99549999999999,-5.26618499999995,1.0,1836.0,-1.0,-8666.0,-0.002079258052110108,0.641799662799052,,,0.2903
20240603,839.033,860.1213,862.2104,835.9454,723288.0,434.0,513154.0,1.0,0.0,7775.0,0.0,2.0,-2.0,6254.0,-7498.0,865.7551599999999,885.8811499999999,879.76376,-20.12599,-14.00860000000011,1.0,7775.0,0.0,-1244.0,0.0006000376060435125,0.6410457983109685,,,0.2903
20240604,830.2258,837.3131,844.936,828.1674,720464.0,-2824.0,464902.0,1.0,0.0,8451.0,0.0,2.0,-2.0,6616.0,-8445.0,855.81242,878.41038,877.1132500000001,-22.59796000000006,-21.30083000000013,1.0,8451.0,0.0,-1829.0,-0.003919696195784939,0.759561827436587,,,0.3387
20240605,821.0369,828.5135,837.4349,820.5105,725462.0,4998.0,454293.0,1.0,0.0,9470.0,0.0,1.0,-2.0,3322.0,-13615.0,842.42298,868.6005600000001,874.984805,-26.17758000000003,-32.561825,1.0,9470.0,-1.0,-10293.0,0.006889402890847487,0.6398223940736614,,,0.4032
20240606,834.926,825.4263,838.9883,821.7847,708183.0,-17279.0,538325.0,1.0,0.0,9433.0,0.0,1.0,-2.0,3046.0,-12092.0,837.2555399999999,861.6689399999999,873.5817049999999,-24.41340000000002,-36.32616500000006,1.0,9433.0,-1.0,-9046.0,-0.024399060694763924,0.7536270582777194,,,0.4355
20240607,835.52,834.4069,845.7336,830.0349,702552.0,-5631.0,439530.0,0.0,0.0,0.0,0.0,2.0,-1.0,1726.0,-6927.0,832.14834,854.6280800000001,871.831125,-22.47974000000011,-39.68278500000008,0.0,0.0,1.0,-5201.0,-0.008015065077033444,1.4124847595082215,,,0.5161
20240611,801.5533,828.2844,833.8708,800.5159,725803.0,23251.0,464937.0,1.0,0.0,7878.0,0.0,2.0,-1.0,2696.0,-7478.0,824.6524,845.20378,867.70632,-20.55138000000011,-43.05392000000006,1.0,7878.0,1.0,-4782.0,0.03203486345468398,1.3216500988994044,,,0.2097
20240612,805.515,802.6519,810.2537,798.2603,736208.0,10405.0,349005.0,1.0,0.0,8520.0,0.0,2.0,-2.0,1047.0,-9580.0,819.71024,837.76133,864.84722,-18.05109000000004,-45.13697999999999,1.0,8520.0,0.0,-8533.0,0.014133234086019169,1.278705274346001,,,0.1774
20240613,812.0341,813.0848,816.595,793.6611,745962.0,9754.0,481183.0,1.0,0.0,9129.0,0.0,3.0,-1.0,933.0,-7150.0,817.90968,830.16633,862.6912050000001,-12.25665000000004,-44.7815250000001,1.0,9129.0,2.0,-6217.0,0.013075733080237332,0.5630311780005398,,,0.5645
20240614,821.5036,816.6952,831.2076,814.1775,732269.0,-13693.0,513800.0,1.0,0.0,8911.0,0.0,2.0,-2.0,0.0,-5702.0,815.2252,826.2403700000001,859.9520150000001,-11.01517000000013,-44.7268150000001,1.0,8911.0,0.0,-5702.0,-0.01869941237441432,0.6756322431066856,,,0.4032
20240617,806.9766,823.8261,827.3111,802.5553,738683.0,6414.0,410334.0,1.0,0.0,8350.0,0.0,3.0,-2.0,2650.0,-5198.0,809.5165199999999,820.83243,855.9678749999999,-11.31591000000014,-46.45135500000004,1.0,8350.0,1.0,-2548.0,0.0086830209981819,0.8002080660156029,,,0.3226
20240618,813.306,809.4484,832.3192,806.4303,724883.0,-13800.0,574915.0,1.0,0.0,9118.0,0.0,2.0,-2.0,3995.0,-7080.0,811.8670599999999,818.25973,852.0704400000001,-6.392670000000066,-40.20338000000015,1.0,9118.0,0.0,-3085.0,-0.019037555026121457,0.6874656033365184,,,0.3548
20240619,817.1127,814.5735,827.9721,811.2499,730646.0,5763.0,425300.0,1.0,0.0,9505.0,0.0,3.0,-2.0,1344.0,-6155.0,814.1866,816.94842,847.6794,-2.761820000000057,-33.49279999999999,1.0,9505.0,1.0,-4811.0,0.007887540614743666,0.7119228997479593,,,0.2581
20240620,817.3252,819.7298,827.8763,807.3148,731015.0,369.0,517480.0,1.0,0.0,4586.0,0.0,2.0,-2.0,1810.0,-10279.0,815.2448200000001,816.57725,842.588905,-1.332429999999931,-27.34408499999984,1.0,4586.0,0.0,-8469.0,0.0005047776037427412,0.6401178022667167,,,0.2581
20240621,805.0616,816.2217,823.5074,804.0118,751420.0,20405.0,448186.0,1.0,0.0,9789.0,0.0,3.0,-2.0,0.0,-9813.0,811.9564200000001,813.5908099999999,837.629875,-1.634389999999826,-25.67345499999988,1.0,9789.0,1.0,-9813.0,0.027155252721513933,0.6344998382709895,,,0.2742
20240624,788.3174,803.7825,803.7825,785.3591,771704.0,20284.0,441947.0,1.0,0.0,11346.0,0.0,3.0,-2.0,2462.0,-9120.0,808.2245800000001,808.87055,831.749315,-0.6459699999999202,-23.52473499999996,1.0,11346.0,1.0,-6658.0,0.026284689466427542,0.6636719123087078,,,0.2258
20240625,793.83,788.7562,798.7801,784.2865,761747.0,-9957.0,363173.0,1.0,0.0,11655.0,0.0,2.0,-2.0,2198.0,-9639.0,804.32938,808.0982200000001,826.6510000000001,-3.768840000000068,-22.32162000000005,1.0,11655.0,0.0,-7441.0,-0.013071269069651734,0.6604470660747797,,,0.2419
20240626,818.0338,793.1393,818.0985,788.5709,761453.0,-294.0,459174.0,1.0,0.0,5774.0,0.0,2.0,-2.0,2430.0,-6016.0,804.5136,809.3501,823.5557150000001,-4.836500000000001,-19.04211500000008,1.0,5774.0,0.0,-3586.0,-0.0003861039355022569,0.5451273900332976,,,0.2742
20240627,811.3335,815.564,821.7035,810.0104,766312.0,4859.0,373597.0,1.0,0.0,10445.0,0.0,2.0,-2.0,4079.0,-6710.0,803.31526,809.28004,819.7231850000001,-5.964780000000019,-16.40792500000009,1.0,10445.0,0.0,-2631.0,0.006340759377381536,0.5213088548482386,,,0.2742
20240628,816.7733,812.249,819.2144,804.1588,758032.0,-8280.0,390121.0,1.0,0.0,10896.0,0.0,2.0,-2.0,3988.0,-8280.0,805.6575999999999,808.80701,817.52369,-3.149410000000103,-11.8660900000001,1.0,10896.0,0.0,-4292.0,-0.010923021719399708,0.4743961525912026,,,0.3065
20240701,832.4918,816.2768,833.9978,814.1531,768309.0,10277.0,435764.0,1.0,0.0,11210.0,0.0,2.0,-2.0,6797.0,-8996.0,814.49248,811.35853,816.09548,3.133950000000027,-1.602999999999952,1.0,11210.0,0.0,-2199.0,0.013376128614919257,0.506693517089859,,,0.371
20240702,836.0372,837.3149,838.8094,829.5373,760445.0,-7864.0,333949.0,1.0,0.0,10695.0,0.0,2.0,-2.0,5115.0,-8168.0,822.9339200000001,813.63165,815.94569,9.302270000000021,6.988230000000044,1.0,10695.0,0.0,-3053.0,-0.01034131330996982,0.3654894915752935,,,0.4194
20240703,857.3766,836.3665,857.6227,832.5414,764730.0,4285.0,456477.0,1.0,0.0,8128.0,0.0,2.0,-3.0,1973.0,-12397.0,830.80248,817.65804,817.30323,13.14443999999992,13.49924999999996,1.0,8128.0,-1.0,-10424.0,0.0056032848194787705,0.3358446875679873,,,0.4516
20240704,858.5649,855.8179,863.8651,850.4721,762126.0,-2604.0,388144.0,1.0,0.0,6591.0,0.0,2.0,-3.0,1304.0,-12279.0,840.2487600000001,821.7820100000001,819.17963,18.46674999999993,21.06913000000009,1.0,6591.0,-1.0,-10975.0,-0.003416757858936711,0.5047368584502743,,,0.4677
20240705,837.9895,855.4741,859.2054,835.1935,749202.0,-12924.0,460288.0,1.0,0.0,7485.0,0.0,2.0,-3.0,2048.0,-14128.0,844.492,825.0748,819.332805,19.41719999999998,25.15919499999995,1.0,7485.0,-1.0,-12080.0,-0.01725035437705719,0.6533709436804055,,,0.5
20240708,818.0299,841.892,843.7511,815.0289,737837.0,-11365.0,488471.0,1.0,0.0,7944.0,0.0,2.0,-3.0,391.0,-11745.0,841.59962,828.0460500000002,818.4583,13.55356999999981,23.14131999999995,1.0,7944.0,-1.0,-11354.0,-0.015403131043848437,0.8378680444964636,,,0.4677
20240709,826.6654,821.3013,829.1133,808.9543,740188.0,2351.0,432182.0,1.0,0.0,7099.0,0.0,2.0,-3.0,466.0,-11378.0,839.7252599999999,831.32959,819.713905,8.395669999999882,20.01135499999998,1.0,7099.0,-1.0,-10912.0,0.0031762200954352135,0.745345354065796,,,0.4677
20240710,805.0496,825.7795,826.9494,803.0541,745904.0,5716.0,419919.0,1.0,0.0,7429.0,0.0,2.0,-2.0,2703.0,-10174.0,829.2598599999999,830.03117,819.6906350000002,-0.771310000000085,9.569224999999733,1.0,7429.0,0.0,-7471.0,0.007663184538492889,0.9692224719452092,,,0.5806
20240711,820.2156,807.66,830.7852,806.0278,742936.0,-2968.0,485002.0,1.0,0.0,3006.0,0.0,2.0,-3.0,2444.0,-9389.0,821.5899999999999,830.9193799999999,820.0997100000001,-9.329380000000015,1.490289999999845,1.0,3006.0,-1.0,-6945.0,-0.003994960534958597,0.8004554098992703,,,0.5484
20240712,819.2398,821.2819,824.1272,811.7802,744848.0,1912.0,378794.0,1.0,0.0,6703.0,0.0,2.0,-1.0,4167.0,-12693.0,817.8400600000001,831.16603,819.98652,-13.32596999999987,-2.146459999999934,1.0,6703.0,1.0,-8526.0,0.002566966683135351,0.6359314338854364,,,0.6129
20240715,824.7896,819.5752,834.2123,809.4453,731954.0,-12894.0,456274.0,1.0,0.0,2979.0,0.0,2.0,-2.0,3333.0,-13151.0,819.1919999999999,830.39581,820.87717,-11.20381000000009,-1.685170000000085,1.0,2979.0,0.0,-9818.0,-0.01761586110602579,0.498435554552707,,,0.8548
20240716,815.1345,826.1802,826.1802,806.9828,724072.0,-7882.0,475421.0,1.0,0.0,3800.0,0.0,2.0,-3.0,0.0,-13264.0,816.88582,828.3055400000001,820.9685949999999,-11.4197200000001,-4.08277499999997,1.0,3800.0,-1.0,-13264.0,-0.010885657779889292,0.5567589518622346,,,0.8871
20240717,794.1783,813.2183,820.5234,794.0858,744116.0,20044.0,502919.0,1.0,0.0,7783.0,0.0,2.0,-2.0,3045.0,-12545.0,814.71156,821.9857099999999,819.821875,-7.274149999999963,-5.110315000000014,1.0,7783.0,0.0,-9500.0,0.026936660413161388,0.4596036955135717,,,0.9032
20240718,801.6369,797.4727,804.5219,787.96,743452.0,-664.0,416149.0,1.0,0.0,8509.0,0.0,2.0,-2.0,1019.0,-12644.0,810.99582,816.29291,819.03746,-5.297090000000026,-8.04164000000003,1.0,8509.0,0.0,-11625.0,-0.0008931309620526947,0.4538960205441824,,,0.8871
20240719,793.7958,797.8647,798.7977,780.8293,737779.0,-5673.0,526069.0,1.0,0.0,5619.0,0.0,1.0,-2.0,1503.0,-14286.0,805.90702,811.8735399999999,818.47417,-5.966519999999946,-12.56714999999997,1.0,5619.0,-1.0,-12783.0,-0.007689294490626597,0.5481140294354084,,,0.871
20240722,787.2698,793.3032,798.087,783.1288,739284.0,1505.0,423103.0,1.0,0.0,6348.0,0.0,2.0,-2.0,1908.0,-13389.0,798.40306,808.79753,818.42179,-10.39447000000007,-20.01873000000001,1.0,6348.0,0.0,-11481.0,0.0020357535128583872,0.4880978910360079,,,0.8387
20240723,764.486,785.8605,791.0649,763.3441,775603.0,36319.0,527417.0,1.0,0.0,12411.0,0.0,2.0,-2.0,902.0,-15203.0,788.2733599999999,802.57959,816.95459,-14.30623000000014,-28.68123000000014,1.0,12411.0,0.0,-14301.0,0.046826791541548965,0.4250113904208866,,,0.8387
20240724,765.5715,767.1679,772.6838,762.3445,776224.0,621.0,390007.0,1.0,0.0,12970.0,0.0,2.0,-3.0,0.0,-18881.0,782.552,798.6317799999999,814.3314750000001,-16.07977999999991,-31.77947500000005,1.0,12970.0,-1.0,-18881.0,0.0008000267963886713,0.3946216808063691,,,0.8387
20240725,755.5129,767.0044,768.2977,752.1266,787195.0,10971.0,447351.0,2.0,0.0,20227.0,0.0,1.0,-2.0,2463.0,-20184.0,773.3272,792.1615099999999,811.540445,-18.83430999999996,-38.21324500000003,2.0,20227.0,-1.0,-17721.0,0.013936826326386728,0.4126870813118606,,,0.7581
20240726,770.9178,755.7053,781.7437,755.5571,741948.0,-45247.0,550060.0,1.0,0.0,13427.0,0.0,2.0,-3.0,327.0,-12283.0,768.7516,787.32931,809.24767,-18.57770999999991,-40.49606999999992,1.0,13427.0,-1.0,-11956.0,-0.06098405818197502,0.3740507078145227,,,0.6935
20240729,770.2861,771.4692,775.7264,759.5352,746418.0,4470.0,430834.0,1.0,0.0,16027.0,0.0,2.0,-2.0,1081.0,-13500.0,765.35486,781.87896,806.137385,-16.52409999999998,-40.78252499999996,1.0,16027.0,0.0,-12419.0,0.005988601561055602,0.3988703367473222,,,0.7419
20240730,744.9715,772.1096,776.9631,740.3384,778064.0,31646.0,551295.0,1.0,0.0,19103.0,0.0,2.0,-2.0,162.0,-14244.0,761.4519600000001,774.86266,801.5841,-13.41069999999991,-40.13213999999994,1.0,19103.0,0.0,-14082.0,0.04067274671492319,0.4611563956120316,,,0.6774
20240731,756.3303,745.3589,769.2319,739.7402,759852.0,-18212.0,608108.0,1.0,0.0,18482.0,0.0,2.0,-2.0,2895.0,-12797.0,759.60372,771.0778600000001,796.531785,-11.47414000000015,-36.92806500000006,1.0,18482.0,0.0,-9902.0,-0.023967825313350493,0.3818347443221797,,,0.8226
20240801,772.797,761.6758,779.5461,758.5809,745769.0,-14083.0,620135.0,1.0,0.0,17106.0,0.0,2.0,-2.0,2951.0,-11608.0,763.0605400000001,768.19387,792.24339,-5.133329999999887,-29.18284999999992,1.0,17106.0,0.0,-8657.0,-0.01888386350196911,0.4885566877805726,,,0.8065
20240802,784.0283,769.3689,784.0283,754.8727,739522.0,-6247.0,655537.0,2.0,0.0,19342.0,0.0,2.0,-2.0,3190.0,-11530.0,765.68264,767.21712,789.54533,-1.53448000000003,-23.86269000000004,2.0,19342.0,0.0,-8340.0,-0.008447348422359308,0.3631955948878305,,,0.7419
20240805,781.3947,777.8815,792.7799,765.3191,729986.0,-9536.0,689577.0,2.0,0.0,18335.0,0.0,2.0,-1.0,121.0,-8136.0,767.90436,766.62961,787.71357,1.27475000000004,-19.80921000000001,2.0,18335.0,1.0,-8015.0,-0.013063264226985175,0.3812714271794241,,,0.7097
20240806,768.8575,775.7388,785.6813,761.8542,723341.0,-6645.0,634059.0,2.0,0.0,21502.0,0.0,1.0,-3.0,0.0,-13820.0,772.68156,767.0667599999999,784.823175,5.614800000000059,-12.141615,2.0,21502.0,-2.0,-13820.0,-0.009186538575858412,0.5387873450091984,,,0.7097
20240807,755.8102,770.6647,772.7536,753.2703,731940.0,8599.0,577272.0,2.0,0.0,14964.0,0.0,1.0,-2.0,1029.0,-9307.0,772.57754,766.09063,782.3612049999999,6.486909999999966,-9.783664999999928,2.0,14964.0,-1.0,-8278.0,0.011748230729294751,0.7034944627255602,,,0.7097
20240808,736.0443,756.8479,758.1615,734.1865,774223.0,42283.0,616974.0,1.0,0.0,9239.0,0.0,1.0,-3.0,0.0,-13815.0,765.227,764.14377,778.15264,1.083229999999958,-12.92564000000004,1.0,9239.0,-2.0,-13815.0,0.054613464079470646,0.9038368489228108,,,0.6935
20240809,748.0366,739.9399,762.2268,737.5697,756734.0,-17489.0,632882.0,1.0,0.0,8288.0,0.0,2.0,-1.0,10671.0,-3682.0,758.02866,761.8556500000001,774.59248,-3.826990000000137,-16.56382000000008,1.0,8288.0,1.0,6989.0,-0.023111159271289514,0.7578164567352336,,,0.6129
20240812,740.2542,749.8636,753.5297,732.2853,764425.0,7691.0,547363.0,1.0,0.0,12580.0,0.0,2.0,-2.0,6409.0,-6951.0,749.80056,758.85246,770.3657099999999,-9.051899999999932,-20.5651499999999,1.0,12580.0,0.0,-542.0,0.010061157078850117,0.8436639326963588,,,0.6129
20240813,740.2349,740.4449,756.6533,733.6313,753917.0,-10508.0,681832.0,1.0,0.0,12544.0,0.0,1.0,-2.0,4478.0,-8332.0,744.07604,758.3788,766.62073,-14.30275999999992,-22.54468999999995,1.0,12544.0,-1.0,-3854.0,-0.013937873797778801,0.869637184849373,,,0.6129
20240814,718.1205,736.4418,737.4409,711.4992,774173.0,20256.0,856425.0,1.0,0.0,18572.0,0.0,1.0,-3.0,0.0,-9617.0,736.5381,754.55782,762.8178399999999,-18.01972000000001,-26.27973999999995,1.0,18572.0,-2.0,-9617.0,0.02616469445459865,1.107919072495284,,,0.629
20240815,706.5811,717.5543,720.6501,694.8786,795194.0,21021.0,906058.0,1.0,0.0,21479.0,0.0,2.0,-3.0,0.0,-14541.0,730.64546,747.93623,758.0650499999999,-17.29077000000007,-27.41958999999997,1.0,21479.0,-1.0,-14541.0,0.026435058614627374,0.4582833920419016,,,0.629
20240816,699.2252,707.6866,721.5844,698.911,802453.0,7259.0,761189.0,1.0,0.0,15779.0,0.0,1.0,-3.0,777.0,-21278.0,720.88318,739.4559200000001,753.3365200000001,-18.57274000000007,-32.45334000000003,1.0,15779.0,-2.0,-20501.0,0.009046012663670023,0.3770454561389913,,,0.6129
20240819,713.7276,697.1269,715.9218,690.5625,791731.0,-10722.0,739013.0,1.0,0.0,20277.0,0.0,1.0,-2.0,2917.0,-14535.0,715.57786,732.6892100000001,749.65941,-17.11135000000013,-34.08154999999999,1.0,20277.0,-1.0,-11618.0,-0.013542478442804437,0.325816840219231,,,0.6452
20240820,711.6882,714.0394,718.8707,702.4506,802677.0,10946.0,519293.0,1.0,0.0,20564.0,0.0,1.0,-2.0,2030.0,-17674.0,709.86852,726.9722800000001,747.01952,-17.10376000000008,-37.15100000000007,1.0,20564.0,-1.0,-15644.0,0.013636867631687467,0.3460002079503842,,,0.629
20240821,742.6714,717.803,743.9366,717.803,778567.0,-24110.0,682960.0,1.0,0.0,10745.0,0.0,2.0,-2.0,3025.0,-3030.0,714.7787000000001,725.6584,745.874515,-10.87969999999996,-31.0958149999999,1.0,10745.0,0.0,-5.0,-0.03096714862047839,0.4124369567443547,,,0.6774
20240822,731.4026,739.8433,748.2347,728.4489,768012.0,-10555.0,596887.0,1.0,0.0,19064.0,0.0,3.0,-2.0,1565.0,-1661.0,719.743,725.19423,744.669,-5.451229999999896,-24.92599999999993,1.0,19064.0,1.0,-96.0,-0.013743274844663885,0.4591648458251522,,,0.6935
20240823,720.8056,729.8303,733.4387,720.2351,772439.0,4427.0,542413.0,1.0,0.0,19275.0,0.0,2.0,-3.0,353.0,-7906.0,724.05908,722.47113,742.1633899999999,1.587949999999978,-18.10430999999994,1.0,19275.0,-1.0,-7553.0,0.00573119689710126,0.4540807217000998,,,0.6774
20240826,751.3503,720.7552,751.6738,715.3249,770490.0,-1949.0,804707.0,1.0,0.0,19833.0,0.0,3.0,-1.0,5428.0,-2543.0,731.58362,723.5807400000001,741.2166,8.002879999999891,-9.632979999999975,1.0,19833.0,2.0,2885.0,-0.0025295591117340914,0.5209116113145608,,,0.7097
20240827,758.8036,749.1917,764.8318,748.344,768289.0,-2201.0,556825.0,1.0,0.0,17530.0,0.0,2.0,-2.0,4431.0,-3460.0,741.0067,725.43761,741.908205,15.56909000000007,-0.9015049999999292,1.0,17530.0,0.0,971.0,-0.0028648073836798392,0.5893710214057829,,,0.7258
20240828,755.1078,759.3135,764.475,750.4134,766681.0,-1608.0,472938.0,1.0,0.0,16218.0,0.0,3.0,-2.0,4313.0,0.0,743.49398,729.13634,741.84708,14.35763999999995,1.64689999999996,1.0,16218.0,1.0,4313.0,-0.0020973520929826093,0.5174583975971428,,,0.7419
20240829,760.2958,752.1832,766.0535,750.2256,776430.0,9749.0,518075.0,1.0,0.0,15589.0,0.0,2.0,-3.0,4039.0,-1420.0,749.27262,734.5078100000001,741.2220199999999,14.7648099999999,8.050600000000031,1.0,15589.0,-1.0,2619.0,0.0125561866491506,0.4604407955516577,,,0.871
20240830,754.1869,759.7118,766.7014,747.928,770973.0,-5457.0,575947.0,1.0,0.0,15196.0,0.0,1.0,-3.0,1667.0,-9503.0,755.94888,740.00398,739.72995,15.94490000000008,16.21893,1.0,15196.0,-2.0,-7836.0,-0.007078068881789634,0.5839264409275674,,,0.8871
20240902,723.2929,753.8751,755.341,721.892,764182.0,-6791.0,637309.0,1.0,0.0,17449.0,0.0,1.0,-2.0,3227.0,-11750.0,750.3374,740.9605100000001,736.82486,9.37688999999989,13.51254000000006,1.0,17449.0,-1.0,-8523.0,-0.008886626484266837,0.3737991015988269,,,0.8871
20240903,703.2156,725.0442,725.0442,700.0718,770908.0,6726.0,654251.0,1.0,0.0,19742.0,0.0,2.0,-2.0,2674.0,-6809.0,739.2198000000001,740.11325,733.542765,-0.8934499999999161,5.677035000000046,1.0,19742.0,0.0,-4135.0,0.008724776497325231,0.325379972252077,,,0.871
20240904,689.3719,700.8827,706.452,688.8964,795478.0,24570.0,739264.0,1.0,0.0,22134.0,0.0,2.0,-2.0,0.0,-9899.0,726.07262,734.7832999999999,730.22085,-8.710679999999911,-4.148230000000012,1.0,22134.0,0.0,-9899.0,0.030887089272110604,0.238012513594983,,,0.9032
20240905,678.4932,693.3235,697.2227,673.0972,816482.0,21004.0,715934.0,1.0,0.0,25139.0,0.0,1.0,-2.0,2185.0,-9056.0,709.7121,729.49236,727.3432949999999,-19.78026,-17.63119499999993,1.0,25139.0,-1.0,-6871.0,0.02572500067362171,0.481447616812326,,,0.9032
20240906,684.058,682.6935,694.4294,668.9391,805392.0,-11090.0,820219.0,1.0,0.0,22322.0,0.0,1.0,-2.0,2375.0,-9954.0,695.68632,725.8176,724.144365,-30.13127999999995,-28.45804499999997,1.0,22322.0,-1.0,-7579.0,-0.013769692274072749,0.7033685735188416,,,0.9032
20240909,685.0011,685.868,690.6891,662.2408,801283.0,-4109.0,783493.0,1.0,0.0,24922.0,0.0,2.0,-2.0,5118.0,-8097.0,688.02796,719.18268,721.38171,-31.15472,-33.35374999999999,1.0,24922.0,0.0,-2979.0,-0.005128025928417301,0.3580291452490647,,,0.9032
20240910,675.0225,687.3352,695.6863,674.6154,816078.0,14795.0,668343.0,1.0,0.0,24917.0,0.0,1.0,-2.0,9137.0,-12093.0,682.3893400000001,710.80457,718.12109,-28.41522999999995,-35.73174999999992,1.0,24917.0,-1.0,-2956.0,0.018129394494153746,0.6726634469109186,,,0.9032
20240911,694.1586,675.8117,695.0168,666.0831,804697.0,-11381.0,736984.0,1.0,0.0,24389.0,0.0,2.0,-2.0,15039.0,-12663.0,683.34668,704.70965,716.922995,-21.36297000000002,-33.57631500000002,1.0,24389.0,0.0,2376.0,-0.01414321166849137,0.4581471692456791,,,0.7419
20240912,706.76,694.8449,708.4114,684.1064,794013.0,-10684.0,785725.0,1.0,0.0,17496.0,0.0,2.0,-1.0,24429.0,-12917.0,689.0000400000001,699.35607,716.93194,-10.35602999999992,-27.93189999999993,1.0,17496.0,1.0,11512.0,-0.013455699088050195,0.3876817239185837,,,0.7903
20240913,693.6884,706.6769,712.0969,691.1115,778729.0,-15284.0,559185.0,1.0,0.0,26209.0,0.0,2.0,-2.0,20044.0,-10647.0,690.9261200000001,693.30622,716.6551,-2.38009999999997,-25.72897999999986,1.0,26209.0,0.0,9397.0,-0.019626853501025388,0.7137604578350629,,,0.7742
20240918,674.3704,695.889,702.7979,669.5168,806829.0,28100.0,562145.0,1.0,0.0,18899.0,0.0,2.0,-2.0,20305.0,-8867.0,688.79998,688.41397,714.68724,0.3860100000000557,-25.88725999999997,1.0,18899.0,0.0,11438.0,0.03482770202855871,0.4331606239939608,,,0.7258
20240919,692.3539,675.5039,693.4549,660.4461,808494.0,1665.0,861042.0,1.0,0.0,28717.0,0.0,2.0,-1.0,21000.0,-3482.0,692.26626,687.3278,713.720525,4.938459999999964,-21.45426499999996,1.0,28717.0,1.0,17518.0,0.002059384485228091,0.4692907794526436,,,0.7097
20240920,679.5992,691.145,702.2198,675.8132,821740.0,13246.0,733029.0,1.0,0.0,28925.0,0.0,3.0,-1.0,14575.0,-225.0,689.35438,686.3505299999999,710.566915,3.003850000000057,-21.212535,1.0,28925.0,2.0,14350.0,0.016119453841847785,0.4234552537848251,,,0.6935
20240923,658.1857,680.5797,681.0391,657.7578,882013.0,60273.0,705779.0,1.0,0.0,28441.0,0.0,2.0,-1.0,20953.0,-4582.0,679.63952,684.31978,706.90607,-4.680260000000089,-27.26655000000005,1.0,28441.0,1.0,16371.0,0.06833572747793967,0.3670825987997155,,,0.5968
20240924,698.6358,658.4706,700.172,657.8915,823695.0,-58318.0,1065877.0,1.0,0.0,14533.0,0.0,3.0,-1.0,24750.0,-1194.0,680.6289999999999,685.77756,705.79758,-5.148560000000089,-25.16858000000013,1.0,14533.0,2.0,23556.0,-0.07080047833239245,0.4517692728670345,,,0.5
20240925,708.1343,701.4626,729.6202,701.4626,801613.0,-22082.0,952400.0,1.0,0.0,13051.0,0.0,2.0,-1.0,25702.0,-1226.0,687.3817799999999,688.09088,703.63678,-0.7091000000000349,-16.25500000000011,1.0,13051.0,1.0,24476.0,-0.027546958445035196,0.3951556495043563,,,0.5161
20240926,726.5427,706.1203,728.3547,705.8196,793284.0,-8329.0,794698.0,1.0,0.0,11796.0,0.0,2.0,-1.0,14370.0,-4875.0,694.2195399999999,693.2429,702.023735,0.9766399999999749,-7.80419500000005,1.0,11796.0,1.0,9495.0,-0.01049939239919121,0.3111107298116722,,,0.5323
20240927,748.2968,732.6567,751.5569,730.7571,759797.0,-33487.0,870182.0,1.0,0.0,14960.0,0.0,2.0,-2.0,11971.0,-6997.0,707.9590599999999,698.65672,701.683185,9.302339999999958,6.275874999999928,1.0,14960.0,0.0,4974.0,-0.04407361439963569,0.2957028148999065,,,0.4839
20240930,819.8235,749.1274,832.491,744.9075,687147.0,-72650.0,1076198.0,1.0,0.0,19295.0,0.0,1.0,-2.0,7316.0,-21918.0,740.28662,709.96307,704.65957,30.32354999999995,35.62704999999994,1.0,19295.0,-1.0,-14602.0,-0.10572701328827747,0.337566537942957,,,0.4677
20241008,781.9736,836.1195,842.179,774.0961,698469.0,11322.0,803777.0,1.0,0.0,18585.0,0.0,1.0,-2.0,9113.0,-17793.0,756.9541800000001,718.79159,706.0489049999999,38.16259000000002,50.90527500000019,1.0,18585.0,-1.0,-8680.0,0.016209738728562042,0.3295212289933629,,,0.4839
20241009,776.2261,785.9155,795.6038,771.3487,706061.0,7592.0,758355.0,1.0,0.0,19887.0,0.0,1.0,-2.0,7929.0,-13603.0,770.57254,728.97716,708.695565,41.59537999999998,61.87697500000002,1.0,19887.0,-1.0,-5674.0,0.010752612026439642,0.3185818226495557,,,0.5
20241010,773.5616,774.6631,794.1085,761.2693,702573.0,-3488.0,791395.0,1.0,0.0,20367.0,0.0,1.0,-3.0,405.0,-12221.0,779.97632,737.09793,712.212865,42.87838999999997,67.76345500000002,1.0,20367.0,-2.0,-11816.0,-0.00496460865988303,0.2381736298429844,,,0.5161
20241011,787.1834,775.4828,792.7175,774.3383,714923.0,12350.0,664720.0,1.0,0.0,20988.0,0.0,1.0,-3.0,1381.0,-12774.0,787.75364,747.85635,717.10344,39.89729,70.65020000000004,1.0,20988.0,-2.0,-11393.0,0.01727458761293174,0.0668894403827422,,,0.3226
20241014,798.2126,784.7629,808.3895,771.2303,717162.0,2239.0,831479.0,1.0,0.0,21045.0,0.0,1.0,-3.0,0.0,-18461.0,783.43146,761.85904,723.08941,21.57241999999997,60.34204999999997,1.0,21045.0,-2.0,-18461.0,0.0031220282167766836,0.2717620728603386,,,0.3226
20241015,789.3044,795.8538,803.6545,786.3444,702708.0,-14454.0,621241.0,1.0,0.0,21505.0,0.0,1.0,-3.0,708.0,-23187.0,784.89762,770.9259,728.35173,13.97172,56.54588999999999,1.0,21505.0,-2.0,-22479.0,-0.0205689987875476,0.2685991447486486,0.3549,,0.3226
20241016,780.6989,794.1205,802.8566,779.3707,710234.0,7526.0,641052.0,1.0,0.0,22184.0,0.0,1.0,-3.0,1122.0,-17465.0,785.79218,778.18236,733.13662,7.609820000000013,52.65556000000004,1.0,22184.0,-2.0,-16343.0,0.01059650762987973,0.3644238502825241,0.3529,,0.3065
20241017,744.725,782.8843,795.8012,744.725,714294.0,4060.0,886179.0,1.0,0.0,25242.0,0.0,1.0,-2.0,9329.0,-14521.0,780.02486,780.0005899999999,736.621745,0.02427000000011503,43.40311499999996,1.0,25242.0,-1.0,-5192.0,0.00568393406636483,0.569315027690255,0.3609,,0.2903
20241018,759.0729,751.9307,772.1594,746.9496,702943.0,-11351.0,631988.0,1.0,0.0,25027.0,0.0,1.0,-2.0,14218.0,-18527.0,774.40276,781.0782,739.86746,-6.675440000000094,34.53529999999989,1.0,25027.0,-1.0,-4309.0,-0.016147824219033408,0.3788932502808804,0.3517,,0.2903
20241021,767.852,759.3563,772.8505,754.5939,704634.0,1691.0,440076.0,1.0,0.0,23135.0,0.0,1.0,-2.0,15926.0,-15015.0,768.33064,775.88105,742.92206,-7.550409999999943,25.40858000000003,1.0,23135.0,-1.0,911.0,0.002399827428139999,0.5636730615590132,0.3426,,0.2742
20241022,759.7278,766.0453,769.4094,750.5491,693579.0,-11055.0,516963.0,1.0,0.0,23847.0,0.0,1.0,-2.0,12317.0,-27757.0,762.4153200000001,773.65647,746.2240300000001,-11.24114999999995,16.19128999999998,1.0,23847.0,-1.0,-15440.0,-0.01593906389899348,0.410424153153426,0.3385,,0.3065
20241023,744.1563,759.8317,766.448,739.9962,706330.0,12751.0,541205.0,1.0,0.0,26159.0,0.0,1.0,-2.0,11214.0,-31777.0,755.1067999999999,770.44949,749.7133249999999,-15.34269000000006,5.393474999999967,1.0,26159.0,-1.0,-20563.0,0.018052468392960798,0.4001664345071791,0.341,,0.4355
20241024,753.162,745.9165,757.3391,737.9556,697875.0,-8455.0,476271.0,1.0,0.0,23221.0,0.0,1.0,-2.0,8828.0,-25490.0,756.7942,768.40953,752.75373,-11.61532999999997,4.040470000000028,1.0,23221.0,-1.0,-16662.0,-0.012115350170159413,0.3946981933562724,0.338,,0.5484
20241025,767.4709,752.1415,771.6207,751.1622,693914.0,-3961.0,490375.0,1.0,0.0,22735.0,0.0,1.0,-2.0,10647.0,-27204.0,758.4738,766.4382800000001,757.1473149999999,-7.964480000000094,1.326485000000048,1.0,22735.0,-1.0,-16557.0,-0.005708200151603801,0.3581162076648027,0.3404,,0.5968
20241028,781.03,768.8941,789.9675,766.6269,693623.0,-291.0,522203.0,1.0,0.0,22198.0,0.0,1.0,-2.0,10524.0,-27462.0,761.1094,764.72002,763.28953,-3.610619999999926,-2.180129999999963,1.0,22198.0,-1.0,-16938.0,-0.0004195362610524738,0.352451068608014,0.3398,,0.6129
20241029,774.9736,783.7675,788.1936,772.5272,684396.0,-9227.0,368412.0,1.0,0.0,22231.0,0.0,1.0,-2.0,13625.0,-29276.0,764.15856,763.2869400000001,767.10642,0.8716199999998935,-2.947859999999991,1.0,22231.0,-1.0,-15651.0,-0.013481960736181976,0.3389653899813441,0.3331,,0.6129
20241030,783.0295,784.4561,792.0283,770.1638,683229.0,-1167.0,461881.0,1.0,0.0,22995.0,0.0,1.0,-2.0,11674.0,-30914.0,771.9332,763.52,770.85118,8.413200000000074,1.082020000000057,1.0,22995.0,-1.0,-19240.0,-0.0017080656705145713,0.2826125048491548,0.3347,,0.5806
20241031,779.1897,783.2355,787.0043,772.8019,686478.0,3249.0,426909.0,1.0,0.0,23630.0,0.0,1.0,-2.0,9404.0,-31724.0,777.13874,766.9664700000001,773.4835300000001,10.17226999999991,3.655209999999897,1.0,23630.0,-1.0,-22320.0,0.004732853784097961,0.194802954978132,0.3233,,0.6129
20241101,768.316,779.8865,779.9598,762.9917,683142.0,-3336.0,450265.0,1.0,0.0,22653.0,0.0,1.0,-2.0,7848.0,-28098.0,777.30776,767.89078,774.48449,9.41698000000008,2.82326999999998,1.0,22653.0,-1.0,-20250.0,-0.004883318548705833,0.2575614627010849,0.3348,,0.6452
20241104,776.5749,771.1147,781.2241,758.4684,669920.0,-13222.0,526738.0,1.0,0.0,20729.0,0.0,1.0,-2.0,13284.0,-26245.0,776.41674,768.7630700000001,772.32206,7.65366999999992,4.094680000000039,1.0,20729.0,-1.0,-12961.0,-0.019736684977310723,0.1894688802329591,0.3298,,0.8387
20241105,788.3859,777.112,794.7755,774.2295,692392.0,22472.0,443997.0,1.0,0.0,20110.0,0.0,1.0,-2.0,15942.0,-23756.0,779.0992,771.62888,772.642675,7.470320000000015,6.456524999999942,1.0,20110.0,-1.0,-7814.0,0.032455603184323334,0.1332276565049555,0.3442,,0.8387
20241106,778.8006,791.9395,793.3153,767.4503,679021.0,-13371.0,557768.0,1.0,0.0,23185.0,0.0,1.0,-2.0,12243.0,-31712.0,778.25342,775.09331,772.7714,3.160110000000032,5.482020000000034,1.0,23185.0,-1.0,-19469.0,-0.019691585385429904,0.3695797647132433,0.3347,,0.8387
20241107,796.4946,776.4943,796.9876,772.3752,705749.0,26728.0,450014.0,1.0,0.0,19970.0,0.0,1.0,-2.0,14428.0,-34730.0,781.7144000000001,779.42657,773.91805,2.287830000000099,7.796350000000075,1.0,19970.0,-1.0,-20302.0,0.037871821284904406,0.1966463844958134,0.339,,0.8871
20241108,773.5758,794.8981,798.0832,768.2198,704013.0,-1736.0,607588.0,1.0,0.0,24836.0,0.0,1.0,-2.0,6214.0,-38384.0,782.76636,780.0370599999999,773.23767,2.72930000000008,9.528689999999983,1.0,24836.0,-1.0,-32170.0,-0.002465863556496826,0.417131127318704,0.34,,0.8871
20241111,760.0001,770.3884,777.3067,752.3965,721755.0,17742.0,489447.0,1.0,0.0,24798.0,0.0,1.0,-2.0,3416.0,-42132.0,779.4514,777.93407,771.327045,1.517330000000015,8.124355000000037,1.0,24798.0,-1.0,-38716.0,0.024581748654321757,0.5539053551124682,0.3318,,0.871
20241112,763.9352,762.0111,768.8596,755.6714,712198.0,-9557.0,387317.0,1.0,0.0,24509.0,0.0,1.0,-2.0,11143.0,-39361.0,774.5612600000001,776.8302299999999,770.058585,-2.268969999999854,4.502675000000067,1.0,24509.0,-1.0,-28218.0,-0.013419021114914673,0.5185953589127221,0.3206,,0.871
20241113,760.0964,765.1549,770.9717,758.1907,707231.0,-4967.0,327677.0,1.0,0.0,22297.0,0.0,1.0,-2.0,15424.0,-41071.0,770.82042,774.53692,769.02846,-3.716499999999996,1.791960000000017,1.0,22297.0,-1.0,-25647.0,-0.007023164991353603,0.5606233724180363,0.3043,,0.8548
20241114,754.0202,762.4968,765.9823,749.7436,721319.0,14088.0,346034.0,1.0,0.0,22310.0,0.0,1.0,-2.0,12974.0,-41165.0,762.32554,772.0199700000001,769.4932200000001,-9.694430000000011,-7.167680000000018,1.0,22310.0,-1.0,-28191.0,0.01953088716642706,0.5641598752613957,0.297,,0.8548
20241115,734.1603,754.2798,758.0273,733.7927,738324.0,17005.0,451290.0,1.0,0.0,25340.0,0.0,1.0,-3.0,1894.0,-41310.0,754.44244,768.6043999999999,768.24759,-14.16195999999991,-13.80514999999991,1.0,25340.0,-2.0,-39416.0,0.023031893856897512,0.3105706733807992,0.3059,,0.8387
20241118,758.0249,739.6055,764.0649,732.292,691659.0,-46665.0,569406.0,1.0,0.0,22804.0,0.0,1.0,-2.0,9503.0,-32400.0,754.0474,766.7493999999999,767.7562350000001,-12.70199999999988,-13.70883500000002,1.0,22804.0,-1.0,-22897.0,-0.06746821772000364,0.3994320942768257,0.3007,,0.8387
20241119,771.5145,756.6344,775.1894,751.4368,668594.0,-23065.0,431482.0,1.0,0.0,18577.0,0.0,2.0,-2.0,5230.0,-16602.0,755.5632600000001,765.0622599999999,768.34557,-9.498999999999796,-12.78230999999982,1.0,18577.0,0.0,-11372.0,-0.03449776695573098,0.4635326659388577,0.2762,,0.871
20241120,770.3003,769.3247,774.1516,764.654,668342.0,-252.0,278563.0,1.0,0.0,18320.0,0.0,2.0,-2.0,8465.0,-15806.0,757.6040399999999,764.21223,769.6527699999999,-6.608190000000036,-12.04872999999998,1.0,18320.0,0.0,-7341.0,-0.00037705246715005194,0.4573947512913287,0.2748,,0.8387
20241121,774.0795,770.5497,778.5637,767.9652,668491.0,149.0,318798.0,1.0,0.0,17301.0,0.0,2.0,-2.0,8532.0,-13704.0,761.6159,761.97072,770.698645,-0.3548200000000179,-9.082745000000045,1.0,17301.0,0.0,-5172.0,0.0002228900613471236,0.5341680432692268,0.2684,,0.8548
20241122,765.0669,776.2448,779.3512,761.6432,659506.0,-8985.0,359006.0,1.0,0.0,17017.0,0.0,2.0,-2.0,11051.0,-10103.0,767.79722,761.11983,770.578445,6.677390000000059,-2.781224999999949,1.0,17017.0,0.0,948.0,-0.013623833596661744,0.5074561215397821,0.2647,,0.9032
20241125,776.1605,764.6091,785.6963,764.4913,652371.0,-7135.0,465778.0,1.0,0.0,16712.0,0.0,2.0,-2.0,11388.0,-9649.0,771.42434,762.7358700000001,770.33497,8.688469999999938,1.089370000000031,1.0,16712.0,0.0,1739.0,-0.010937028163422347,0.5368593866467998,0.2675,,0.9032
20241126,777.4759,776.4975,784.0982,774.0,650332.0,-2039.0,320764.0,1.0,0.0,15167.0,0.0,1.0,-2.0,13068.0,-20057.0,772.61662,764.0899400000001,770.460085,8.526679999999942,2.156534999999963,1.0,15167.0,-1.0,-6989.0,-0.003135321651095133,0.4323542778431172,0.2641,,0.9032
20241127,785.3038,780.2165,788.0463,771.8786,667853.0,17521.0,368791.0,1.0,0.0,12940.0,0.0,1.0,-2.0,12343.0,-18045.0,775.6173200000001,766.61068,770.5738,9.006640000000061,5.043520000000058,1.0,12940.0,-1.0,-5702.0,0.026234815146446898,0.4540521548787172,0.2697,,0.9032
20241128,779.7136,785.6793,790.1623,775.1261,655385.0,-12468.0,342679.0,1.0,0.0,14339.0,0.0,1.0,-2.0,10057.0,-23843.0,776.74414,769.18002,770.5999949999999,7.564120000000003,6.144145000000094,1.0,14339.0,-1.0,-13786.0,-0.019023932497692197,0.4210323974023172,0.2523,,0.9194
20241129,789.6273,781.3276,798.2794,778.4956,668743.0,13358.0,391639.0,1.0,0.0,10859.0,0.0,1.0,-2.0,9959.0,-20031.0,781.6562200000001,774.72672,771.66556,6.929500000000075,9.990660000000048,1.0,10859.0,-1.0,-10072.0,0.019974788521150876,0.4860443392940483,0.2515,,0.9355
20241202,797.274,791.9063,802.0379,785.9203,665737.0,-3006.0,319401.0,1.0,-1.0,9893.0,-12664.0,1.0,-2.0,9072.0,-16057.0,785.87892,778.6516300000001,772.7005150000001,7.227289999999925,13.17840499999988,0.0,-2771.0,-1.0,-6985.0,-0.00451529658108232,0.4187950419686044,0.2534,,0.9839
20241203,805.0065,798.5511,805.7365,796.2375,667860.0,2123.0,290719.0,1.0,-1.0,8736.0,-12816.0,1.0,-2.0,8098.0,-16467.0,791.38504,782.00083,773.531545,9.384210000000053,17.85349499999995,0.0,-4080.0,-1.0,-8369.0,0.0031788099302248974,0.4558153100268742,0.2513,,0.9839
20241204,802.3064,805.7643,807.2433,794.0073,665776.0,-2084.0,351871.0,1.0,-1.0,9171.0,-8497.0,1.0,-2.0,9491.0,-8874.0,794.78556,785.20144,774.7068350000001,9.584119999999984,20.07872499999996,0.0,674.0,-1.0,617.0,-0.0031301819230491936,0.7398873368662936,0.2485,,0.9032
20241205,790.7391,802.0687,805.3459,785.8227,651441.0,-14335.0,369247.0,1.0,-1.0,11373.0,-8321.0,1.0,-2.0,8400.0,-10769.0,796.99066,786.8674,774.4190600000001,10.12326000000007,22.57159999999999,0.0,3052.0,-1.0,-2369.0,-0.022005062622708734,0.785993806929691,0.2606,,0.8871
20241206,786.905,790.6304,795.0517,776.9132,646678.0,-4763.0,414435.0,1.0,-1.0,8420.0,-8555.0,1.0,-2.0,9021.0,-9572.0,796.4462,789.05121,775.08552,7.394990000000007,21.36068,0.0,-135.0,-1.0,-551.0,-0.007365334834337955,0.8278133168569118,0.2631,,0.9032
20241209,798.0039,784.6078,800.1719,780.3982,662807.0,16129.0,441397.0,1.0,-1.0,10127.0,-8755.0,1.0,-2.0,13156.0,-11510.0,796.59218,791.23555,776.9857099999999,5.356629999999996,19.60647000000006,0.0,1372.0,-1.0,1646.0,0.024334383915679828,1.2079297332079268,0.2697,,0.9032
20241210,807.5512,808.7478,823.6168,802.7297,688372.0,25565.0,623118.0,1.0,-1.0,6627.0,-8889.0,2.0,-1.0,10566.0,-8278.0,797.10112,794.24308,779.16651,2.858040000000074,17.93461000000002,0.0,-2262.0,1.0,2288.0,0.03713834961329049,0.6053040066618246,0.2545,,0.8871
20241211,803.414,804.8996,810.2212,796.5064,688292.0,-80.0,423553.0,1.0,-1.0,2719.0,-9269.0,1.0,-2.0,6251.0,-16006.0,797.3226400000001,796.0541000000001,781.33239,1.26854000000003,15.99025000000006,0.0,-6550.0,-1.0,-9755.0,-0.00011622973970349793,0.5873341955007929,0.2565,,0.8548
20241212,813.0151,802.6951,813.4978,800.5134,701114.0,12822.0,371726.0,1.0,-1.0,1929.0,-9769.0,1.0,-2.0,7784.0,-21832.0,801.77784,799.3842500000001,784.282135,2.393589999999904,17.49570499999993,0.0,-7840.0,-1.0,-14048.0,0.018288038749761093,0.4705861934904101,0.278,,0.8548
20241213,799.3989,808.0396,808.0396,794.5013,680661.0,-20453.0,442370.0,1.0,-1.0,2132.0,-9672.0,1.0,-2.0,4967.0,-20431.0,804.27662,800.3614100000001,787.544065,3.915209999999888,16.73255499999993,0.0,-7540.0,-1.0,-15464.0,-0.03004873204135392,0.5409524413390933,0.2675,,0.8548
20241216,803.4188,802.0583,805.3623,790.2162,679752.0,-909.0,398173.0,1.0,-1.0,2469.0,-9701.0,1.0,-2.0,5840.0,-16963.0,805.3596,800.9758899999999,789.81376,4.383710000000065,15.54584,0.0,-7232.0,-1.0,-11123.0,-0.001337252409702362,0.5176534451134035,0.2718,,0.8548
20241217,798.1749,803.7849,807.5369,795.673,677734.0,-2018.0,353883.0,1.0,-1.0,4851.0,-10046.0,1.0,-2.0,2647.0,-19501.0,803.48434,800.2927299999999,791.14678,3.191610000000082,12.33755999999994,0.0,-5195.0,-1.0,-16854.0,-0.002977569370874119,0.5372124428775112,0.2666,,0.8065
20241218,780.4768,797.7257,798.4914,779.0303,672799.0,-4935.0,452518.0,1.0,-1.0,11664.0,-4070.0,1.0,-2.0,1974.0,-18461.0,798.8969,798.10977,791.655605,0.7871299999999337,7.241294999999923,0.0,7594.0,-1.0,-16487.0,-0.0073350287381521075,0.5543058700967748,0.2916,,0.8065
20241219,779.7631,783.051,784.1013,769.4642,656256.0,-16543.0,478947.0,1.0,-1.0,13421.0,-9761.0,1.0,-2.0,628.0,-12383.0,792.2465,797.0121700000001,791.939785,-4.765670000000114,0.3067149999999401,0.0,3660.0,-1.0,-11755.0,-0.025208150477862297,0.5254454472030572,0.2803,,0.8065
20241220,770.4822,778.6194,779.974,770.0285,652106.0,-4150.0,272378.0,1.0,-1.0,15316.0,-9019.0,2.0,-3.0,0.0,-6805.0,786.46316,795.3698899999999,792.21055,-8.906729999999925,-5.747389999999996,0.0,6297.0,-1.0,-6805.0,-0.006363996037454033,0.5732148235167545,0.2769,,0.8226
20241223,780.154,770.2107,783.5642,764.0067,634032.0,-18074.0,407787.0,1.0,-1.0,15352.0,-10624.0,1.0,-3.0,731.0,-8730.0,781.8102,793.5849000000001,792.410225,-11.77470000000005,-10.60002499999996,0.0,4728.0,-2.0,-7999.0,-0.028506447624094683,0.5436361373987935,0.2701,,0.9032
20241224,782.875,776.8884,783.5667,770.62,632943.0,-1089.0,307005.0,1.0,-1.0,16616.0,-10636.0,2.0,-2.0,1568.0,-11458.0,778.7502200000001,791.11728,792.68018,-12.36705999999992,-13.92995999999982,0.0,5980.0,0.0,-9890.0,-0.0017205340765282181,0.5414625783554065,0.2674,,0.9194
20241225,776.0129,779.0166,781.5129,772.5444,630350.0,-2593.0,238561.0,1.0,-1.0,16783.0,-10369.0,1.0,-2.0,3652.0,-10411.0,777.85744,788.37717,792.215635,-10.51972999999998,-14.35819500000002,0.0,6414.0,-1.0,-6759.0,-0.004113587689378916,0.5344567177848508,0.2699,,0.9516
20241226,776.5781,777.8692,786.5269,776.2195,626420.0,-3930.0,314261.0,1.0,-1.0,16223.0,-9863.0,1.0,-2.0,6890.0,-11084.0,777.2204399999999,784.7334699999999,792.05886,-7.513029999999958,-14.83842000000004,0.0,6360.0,-1.0,-4194.0,-0.006273746048976725,0.5100391398728645,0.2655,,0.9516
20241227,759.9053,778.2912,781.3334,758.718,654752.0,28332.0,448892.0,1.0,-1.0,17863.0,-9622.0,2.0,-2.0,6246.0,-3489.0,775.10506,780.7841099999999,790.57276,-5.679049999999961,-15.46770000000004,0.0,8241.0,0.0,2757.0,0.04327134548653536,0.5136509199535108,0.2697,,0.8226
20241230,774.9188,760.8359,777.2176,758.2693,626800.0,-27952.0,422060.0,1.0,-1.0,17737.0,-10222.0,2.0,-1.0,20330.0,-4856.0,774.0580199999999,777.93411,789.4549999999999,-3.87609000000009,-15.39697999999999,0.0,7515.0,1.0,15474.0,-0.04459476707083599,0.5055575758844046,0.2645,,0.8226
20241231,777.5249,776.7047,780.8698,771.9435,616336.0,-10464.0,323427.0,1.0,-1.0,17682.0,-10139.0,2.0,-1.0,15130.0,-6313.0,772.9879999999999,775.86911,788.08092,-2.881110000000035,-15.09292000000005,0.0,7543.0,1.0,8817.0,-0.01697775239479764,0.4111877017083463,0.2609,,0.8226
20250102,780.2285,775.8525,786.0516,770.3487,634296.0,17960.0,316639.0,1.0,-1.0,11233.0,-10612.0,2.0,-1.0,14463.0,-6849.0,773.83112,775.84428,786.977025,-2.013159999999971,-13.14590499999997,0.0,621.0,1.0,7614.0,0.028314856155485766,0.421252339199107,0.2628,,0.8387
20250103,762.3556,779.9768,781.0088,758.5471,624978.0,-9318.0,463727.0,1.0,-1.0,13015.0,-10355.0,2.0,-2.0,5972.0,-5134.0,770.98662,774.10353,785.5578499999999,-3.116909999999962,-14.5712299999999,0.0,2660.0,0.0,838.0,-0.01490932480823325,0.4231723439071636,0.2693,,0.8065
20250106,750.1664,763.8609,767.702,749.6306,649020.0,24042.0,486609.0,1.0,-1.0,20378.0,-9938.0,3.0,-2.0,4403.0,-7311.0,769.0388399999999,772.07195,783.72092,-3.033110000000079,-14.68208000000004,0.0,10440.0,1.0,-2908.0,0.0370435425718776,0.463594807573215,0.2722,,0.7581
20250107,748.4203,757.7891,758.6474,744.0557,655642.0,6622.0,377574.0,1.0,-1.0,21756.0,-10028.0,3.0,-3.0,211.0,-3364.0,763.73914,768.8985799999999,781.2417399999999,-5.159439999999904,-17.50259999999992,0.0,11728.0,0.0,-3153.0,0.010100024098517178,0.4164226381957605,0.2768,0.2517793594306049,0.7742
20250108,746.1183,750.6514,754.4748,742.1365,671271.0,15629.0,361756.0,1.0,-1.0,22398.0,-10363.0,2.0,-2.0,3574.0,-2552.0,757.45782,765.22291,778.170095,-7.765089999999987,-20.71227499999998,0.0,12035.0,0.0,1022.0,0.023282698045945675,0.3753806417067958,0.2781,0.2633451957295375,0.7581
20250109,752.7032,745.7917,756.9691,741.8091,676457.0,5186.0,399645.0,1.0,-1.0,21902.0,-10420.0,2.0,-2.0,2762.0,-2355.0,751.95276,762.89194,775.634555,-10.93917999999996,-23.68179499999997,0.0,11482.0,0.0,407.0,0.007666414864507278,0.4443066230329009,0.2778,0.2606761565836298,0.7258
20250110,751.6715,750.129,758.4007,747.4772,679933.0,3476.0,311115.0,1.0,-1.0,21625.0,-10013.0,3.0,-2.0,5266.0,0.0,749.81594,760.40128,772.567375,-10.58534000000009,-22.75143500000001,0.0,11612.0,1.0,5266.0,0.005112268414682035,0.5519678256695817,0.2796,0.30135658914728697,0.7258
20250113,765.8531,757.7838,769.7722,754.8744,674196.0,-5737.0,443871.0,1.0,-1.0,20978.0,-9942.0,3.0,-1.0,9597.0,-2403.0,752.9532800000001,760.99606,770.890085,-8.042779999999993,-17.93680499999994,0.0,11036.0,2.0,7194.0,-0.008509394894066415,0.4725549438169809,0.281,0.33960292580982265,0.6935
20250114,779.9268,765.1171,782.9961,761.7475,692337.0,18141.0,393516.0,1.0,-1.0,21440.0,-10176.0,3.0,0.0,16158.0,0.0,759.25458,761.49686,769.715485,-2.242279999999937,-10.46090499999991,0.0,11264.0,3.0,16158.0,0.026202557425069006,0.2413888137754758,0.281,0.33960292580982265,0.6935
20250115,779.8285,779.49,784.1685,775.3739,699676.0,7339.0,268392.0,1.0,-1.0,21671.0,-10039.0,3.0,0.0,14745.0,0.0,765.99662,761.72722,768.7981649999999,4.269400000000019,-2.801544999999919,0.0,11632.0,3.0,14745.0,0.010489140687975577,0.2532804082597086,0.2765,0.29258098223615486,0.7097
20250116,794.2253,781.3059,795.3466,780.0603,735318.0,35642.0,391170.0,1.0,-1.0,21725.0,-10221.0,3.0,0.0,17468.0,0.0,774.30104,763.1269,769.48559,11.17413999999997,4.815449999999942,0.0,11504.0,3.0,17468.0,0.04847154564419748,0.4472626163332617,0.2763,0.29049111807732486,0.7258
20250117,800.3126,794.0093,803.7205,790.9166,750996.0,15678.0,354328.0,1.0,-1.0,22189.0,-11747.0,3.0,0.0,13704.0,0.0,784.02926,766.9226000000001,770.513065,17.10665999999992,13.51619500000004,0.0,10442.0,3.0,13704.0,0.02087627630506687,0.4277276497114229,0.2724,0.24973876698014602,0.7097
20250120,796.9762,799.5111,803.188,792.4274,756735.0,5739.0,326633.0,1.0,-1.0,21366.0,-11421.0,3.0,-1.0,10228.0,0.0,790.25388,771.60358,771.837765,18.65030000000002,18.41611499999999,0.0,9945.0,2.0,10228.0,0.007583896608456065,0.5165774520052387,0.2656,0.17868338557993732,0.6774
20250121,800.6304,797.6462,804.2451,796.0059,759287.0,2552.0,324859.0,1.0,-1.0,21654.0,-11422.0,3.0,0.0,13253.0,0.0,794.3946,776.82459,772.861585,17.57001000000002,21.53301499999998,0.0,10232.0,3.0,13253.0,0.0033610479304926858,0.5268473491611594,0.2698,0.22257053291536033,0.6613
20250122,796.4124,800.3164,800.3164,790.4639,757578.0,-1709.0,326151.0,1.0,-1.0,21942.0,-11330.0,3.0,-1.0,10228.0,0.0,797.71138,781.854,773.5384550000001,15.85737999999992,24.17292499999985,0.0,10612.0,2.0,10228.0,-0.002255873322614965,0.6289553392977433,0.2687,0.2110762800417972,0.7258
20250123,796.342,796.3642,801.3248,791.6577,768382.0,10804.0,339676.0,1.0,-1.0,22189.0,-11573.0,3.0,0.0,11698.0,0.0,798.1347199999999,786.21788,774.55491,11.91683999999987,23.57980999999995,0.0,10616.0,3.0,11698.0,0.014060714592481344,0.688318681177034,0.2644,0.1661442006269595,0.4355
20250124,801.4567,797.5116,804.0114,789.0675,763739.0,-4643.0,418709.0,1.0,-1.0,22054.0,-11353.0,2.0,-1.0,8695.0,-2633.0,798.3635400000001,791.1964,775.79884,7.167140000000018,22.56470000000002,0.0,10701.0,1.0,6062.0,-0.006079301960486502,0.6842781803778366,0.2634,0.1556948798328111,0.4194
20250127,805.1268,800.4168,809.5526,796.0627,748865.0,-14874.0,255566.0,1.0,-1.0,22066.0,-11334.0,2.0,-2.0,9001.0,-2620.0,799.99366,795.1237699999999,778.059915,4.869890000000055,21.93374499999993,0.0,10732.0,0.0,6381.0,-0.019862057914310324,0.7735310662713191,0.2689,0.21316614420062666,0.3548
20250205,795.5351,808.6877,812.3135,792.3055,745041.0,-3824.0,337931.0,1.0,-1.0,22614.0,-11487.0,1.0,-2.0,4372.0,-11452.0,798.9746,796.6846,779.09073,2.289999999999964,19.88387,0.0,11127.0,-1.0,-7080.0,-0.00513260344061602,0.7722083454210343,0.2561,0.07941483803552764,0.2903
20250206,812.1096,796.8906,814.5824,793.8995,806408.0,61367.0,364816.0,1.0,-1.0,23109.0,-12032.0,1.0,-2.0,6221.0,-14817.0,802.11404,799.91271,780.819965,2.201330000000098,21.29407500000002,0.0,11077.0,-1.0,-8596.0,0.07609919544448963,0.7407072222549785,0.2526,0.04480874316939881,0.2419
20250207,811.6136,812.3357,819.5034,809.6968,825288.0,18880.0,326021.0,1.0,-1.0,23076.0,-11745.0,1.0,-2.0,3937.0,-18647.0,805.16836,801.6515400000001,782.3892199999999,3.516819999999939,22.7791400000001,0.0,11331.0,-1.0,-14710.0,0.022876862380163045,0.7953032653297223,0.244,0.0,0.2581
20250210,820.3507,814.2533,821.0231,811.146,848083.0,22795.0,376352.0,1.0,-1.0,23333.0,-11829.0,1.0,-2.0,2502.0,-20720.0,808.9471599999999,803.65535,785.288975,5.291809999999941,23.65818499999989,0.0,11504.0,-1.0,-18218.0,0.026878265452791768,0.6613851194684667,0.2491,0.053124999999999915,0.1935
20250211,805.4395,820.1279,824.2088,804.502,835873.0,-12210.0,456642.0,1.0,-1.0,23799.0,-11351.0,0.0,-3.0,0.0,-24722.0,809.0097,804.5016800000001,788.0526299999999,4.508019999999874,20.95707000000004,0.0,12448.0,-3.0,-24722.0,-0.01460748223713411,0.8313547130956273,0.2449,0.010250569476082142,0.1452
20250212,821.3433,806.0402,821.8816,804.7864,859415.0,23542.0,353341.0,1.0,-1.0,24063.0,-3847.0,1.0,-3.0,0.0,-20027.0,814.17134,806.5729699999999,791.6987799999999,7.598370000000045,22.47256000000004,0.0,20216.0,-2.0,-20027.0,0.02739305225065888,0.6845311994825296,0.2478,0.04960835509138378,0.1129
20250213,800.4293,820.0827,820.8231,798.7504,835794.0,-23621.0,499654.0,1.0,-1.0,24166.0,-11458.0,1.0,-3.0,149.0,-19111.0,811.83528,806.9746600000001,794.41433,4.860619999999926,17.42095000000006,0.0,12708.0,-2.0,-18962.0,-0.028261748708413796,0.9218863252390084,0.2502,0.1001615508885296,0.0968
20250214,802.1702,803.0708,818.3589,796.4638,837399.0,1605.0,631034.0,1.0,-1.0,15564.0,-11249.0,1.0,-2.0,3044.0,-7741.0,809.9466,807.5574799999999,796.88768,2.389120000000048,13.05891999999994,0.0,4315.0,-1.0,-4697.0,0.0019166490526021645,0.939692827680123,0.2507,0.10823909531502394,0.0968
20250217,798.3991,800.0494,800.3528,783.3131,808959.0,-28440.0,688068.0,1.0,-1.0,18324.0,-9725.0,1.0,-3.0,0.0,-8849.0,805.55628,807.25172,799.22406,-1.695439999999962,6.332220000000007,0.0,8599.0,-2.0,-8849.0,-0.03515629345863017,0.6197520850275153,0.2468,0.04523424878836828,0.1129
20250218,809.3977,796.9954,810.2239,790.0895,840366.0,31407.0,452590.0,1.0,-1.0,25016.0,-2319.0,3.0,-2.0,7299.0,-705.0,806.3479199999999,807.67881,801.40129,-1.330890000000068,4.946629999999914,0.0,22697.0,1.0,6594.0,0.03737300176351732,0.8444997672655867,0.2525,0.1499118165784833,0.2419
20250219,812.778,807.1175,815.4368,806.7697,849988.0,9622.0,315326.0,1.0,0.0,25184.0,0.0,3.0,-1.0,15495.0,0.0,804.63486,809.4031,803.04385,-4.768239999999992,1.591009999999983,1.0,25184.0,2.0,15495.0,0.011320159814020904,0.8448797490898883,0.2543,0.21638655462184925,0.2903
20250220,828.9351,812.2061,830.1899,807.6419,911460.0,61472.0,519369.0,1.0,0.0,27290.0,0.0,3.0,-1.0,18317.0,0.0,810.33602,811.08565,805.49918,-0.7496300000000247,4.836839999999938,1.0,27290.0,2.0,18317.0,0.06744344238913391,0.8816998390330606,0.255,0.23109243697478998,0.3387
20250221,830.5051,827.4986,835.7875,827.089,936329.0,24869.0,392586.0,1.0,0.0,28259.0,0.0,2.0,-1.0,26487.0,0.0,816.003,812.9748,807.31317,3.028200000000083,8.689830000000029,1.0,28259.0,1.0,26487.0,0.02656010867974825,0.9284897735441529,0.2498,0.12184873949579823,0.371
20250224,824.5375,824.8239,828.3466,818.0968,899557.0,-36772.0,457857.0,1.0,0.0,27396.0,0.0,3.0,-1.0,13355.0,0.0,821.23068,813.3934800000001,808.524415,7.837199999999939,12.70626500000003,1.0,27396.0,2.0,13355.0,-0.040877898787958965,0.9618993438756416,0.2504,0.1344537815126053,0.371
20250225,804.6767,824.2777,825.5326,802.56,870848.0,-28709.0,538021.0,1.0,-1.0,28151.0,-10093.0,1.0,-2.0,15163.0,-6606.0,820.28648,813.3172000000001,808.90944,6.969279999999912,11.37703999999997,0.0,18058.0,-1.0,8557.0,-0.03296671749834644,0.8984405612199627,0.2439,0.0,0.4194
20250226,803.3246,805.7644,810.766,794.9891,860157.0,-10691.0,635333.0,1.0,0.0,31055.0,0.0,2.0,-2.0,12747.0,-3517.0,818.3958,811.51533,809.04415,6.880470000000059,9.351650000000063,1.0,31055.0,0.0,9230.0,-0.01242912631066189,0.8941307125160062,0.2413,0.0,0.6613
20250227,795.1669,803.5108,805.779,788.7311,864921.0,4764.0,537602.0,1.0,-1.0,30893.0,-9871.0,1.0,-2.0,5847.0,-8211.0,811.64216,810.98909,808.981875,0.653069999999957,2.660285000000044,0.0,21022.0,-1.0,-2364.0,0.00550801749523945,1.0142352408386175,0.2372,0.0,0.6613
20250228,789.0546,795.2177,799.2785,785.1109,877641.0,12720.0,464109.0,1.0,-1.0,30959.0,-1733.0,2.0,-1.0,8978.0,-6557.0,803.3520599999999,809.67753,808.617505,-6.325470000000109,-5.265445000000113,0.0,29226.0,1.0,2421.0,0.01449339764208828,0.98304373612217,0.2361,0.0,0.6613
20250303,768.0124,785.5323,789.5536,766.7608,918915.0,41274.0,729862.0,1.0,-1.0,33211.0,-9798.0,1.0,-2.0,7082.0,-3676.0,792.04704,806.63886,806.94529,-14.59181999999998,-14.89824999999996,0.0,23413.0,-1.0,3406.0,0.0449160150830055,1.1217477386830048,0.2402,0.07387387387387372,0.6452
20250304,768.7955,771.8143,775.1871,764.3306,903723.0,-15192.0,450821.0,1.0,-1.0,33343.0,-2323.0,3.0,-1.0,11856.0,-1553.0,784.8708,802.57864,805.128725,-17.70783999999992,-20.257925,0.0,31020.0,2.0,10303.0,-0.016810460727457417,0.9694303919842544,0.242,0.10630630630630605,0.6774
20250305,759.5676,769.7936,773.4366,756.3658,912249.0,8526.0,529789.0,1.0,0.0,34706.0,0.0,3.0,-1.0,14414.0,0.0,776.1194,797.2576,803.33035,-21.13819999999998,-27.21094999999991,1.0,34706.0,2.0,14414.0,0.009346132470411038,1.024111115859182,0.2379,0.03243243243243235,0.6452
20250306,760.0195,759.8269,769.5514,750.4537,911899.0,-350.0,565484.0,1.0,0.0,34931.0,0.0,3.0,-1.0,12684.0,-2166.0,769.08992,790.3660400000001,800.7258449999999,-21.27612000000011,-31.63592499999993,1.0,34931.0,2.0,10518.0,-0.00038381443558990633,0.9291741302195156,0.2288,0.0,0.3548
20250307,759.7555,761.3836,765.4121,755.1437,924597.0,12698.0,424050.0,1.0,0.0,34950.0,0.0,3.0,-1.0,12102.0,-1316.0,763.2301,783.29108,798.1329400000001,-20.06097999999997,-34.90284000000008,1.0,34950.0,2.0,10786.0,0.013733550941653499,0.9773342368744048,0.2351,0.10031847133757958,0.2903
20250310,755.035,760.4222,770.3775,752.1665,932886.0,8289.0,511276.0,1.0,0.0,33011.0,0.0,2.0,-1.0,10283.0,-1021.0,760.63462,776.3408299999999,794.867155,-15.70620999999983,-34.23253499999998,1.0,33011.0,1.0,9262.0,0.00888533004032647,1.01551058252067,0.2406,0.18789808917197454,0.2903
20250311,759.095,757.5536,763.742,750.0077,933985.0,1099.0,473802.0,1.0,0.0,32542.0,0.0,2.0,-1.0,11852.0,-2442.0,758.6945199999999,771.78266,792.54993,-13.08814000000007,-33.85541000000012,1.0,32542.0,1.0,9410.0,0.0011766784263130565,1.0090333769359936,0.2381,0.1480891719745223,0.3065
20250312,754.0638,760.8276,768.9544,747.5406,951648.0,17663.0,619573.0,1.0,0.0,32611.0,0.0,2.0,-1.0,20328.0,-2647.0,757.59376,766.8565799999999,789.185955,-9.26281999999992,-31.59219500000006,1.0,32611.0,1.0,17681.0,0.018560434110091128,1.0410103828128303,0.2399,0.1767515923566878,0.2903
20250313,762.8515,756.932,765.5599,754.5815,943753.0,-7895.0,469235.0,1.0,-1.0,31864.0,-10171.0,3.0,0.0,18215.0,0.0,758.16016,763.6250400000001,787.3070650000001,-5.464880000000107,-29.14690500000006,0.0,21693.0,3.0,18215.0,-0.008365536321473944,0.9447823983537916,0.2405,0.18630573248407617,0.2742
20250314,775.8309,763.7108,777.744,761.4554,943807.0,54.0,517325.0,1.0,-1.0,30228.0,-8001.0,3.0,-1.0,26284.0,0.0,761.37524,762.30267,785.9901,-0.9274300000000721,-24.61486000000002,0.0,22227.0,2.0,26284.0,5.72150874066414e-05,1.0163461691295166,0.2292,0.006369426751592095,0.3387
20250317,760.732,774.7996,775.0435,756.3599,944268.0,461.0,547904.0,1.0,0.0,32217.0,0.0,2.0,-2.0,7314.0,-2013.0,762.51464,761.5746300000001,784.1067449999999,0.9400099999999156,-21.59210499999995,1.0,32217.0,0.0,5301.0,0.0004882088559603841,0.9636054568450884,0.2436,0.23566878980891723,0.3548
20250318,759.0419,760.6653,763.8163,754.9471,934880.0,-9388.0,374552.0,1.0,0.0,32330.0,0.0,2.0,-2.0,7787.0,-9509.0,762.5040200000001,760.59927,781.5889549999999,1.904750000000035,-19.08493499999986,1.0,32330.0,0.0,-1722.0,-0.01004193051514633,0.978356901747741,0.2314,0.041401273885350164,0.371
20250319,744.1695,759.987,759.987,741.4335,957995.0,23115.0,533297.0,1.0,-1.0,33691.0,-8812.0,1.0,-2.0,4341.0,-11018.0,760.5251599999999,759.0594600000001,778.1585299999999,1.465699999999856,-17.63337000000001,0.0,24879.0,-1.0,-6677.0,0.02412851841606689,0.9149245549201682,0.2283,0.0,0.3548
20250320,744.7438,745.5405,747.7765,738.2481,964491.0,6496.0,418981.0,1.0,-1.0,32598.0,-8995.0,1.0,-3.0,0.0,-13521.0,756.90362,757.53189,773.9489649999999,-0.6282699999999295,-17.04534499999988,0.0,23603.0,-2.0,-13521.0,0.006735158752129361,0.9495857939224336,0.2347,0.10110584518167436,0.371
20250321,739.5046,746.9584,753.4759,736.252,975513.0,11022.0,465762.0,1.0,-1.0,31978.0,-8354.0,1.0,-3.0,0.0,-4882.0,749.63836,755.5068,769.39894,-5.868439999999964,-19.76058,0.0,23624.0,-2.0,-4882.0,0.011298670545651365,0.9241687054563524,0.2393,0.20872865275142324,0.4032
20250324,759.8078,741.3617,760.7903,737.8504,946872.0,-28641.0,582525.0,2.0,-1.0,25749.0,-1686.0,3.0,-1.0,10974.0,-1927.0,749.45352,755.98408,766.162455,-6.530559999999923,-16.708935,1.0,24063.0,2.0,9047.0,-0.030248016627379415,0.9737196561826962,0.2314,0.05882352941176452,0.5806
20250325,755.6949,758.115,764.1628,752.1716,940289.0,-6583.0,453586.0,1.0,0.0,28518.0,0.0,3.0,0.0,9903.0,0.0,748.78412,755.64407,763.713365,-6.859950000000026,-14.92924499999992,1.0,28518.0,3.0,9903.0,-0.007001039042251903,0.9726249599099518,0.2286,0.005692599620493255,0.5484
20250326,758.5294,755.7571,762.3735,753.6488,949429.0,9140.0,373041.0,1.0,0.0,28442.0,0.0,2.0,-1.0,12526.0,-2661.0,751.6560999999999,756.09063,761.473605,-4.434530000000109,-9.817505000000097,1.0,28442.0,1.0,9865.0,0.009626838868414594,0.95175981060683,0.214,0.0,0.5161
20250327,767.5266,759.9025,769.812,758.0304,957623.0,8194.0,503314.0,1.0,0.0,27002.0,0.0,2.0,-1.0,19749.0,-2354.0,756.2126599999999,756.5581399999999,760.09159,-0.3454799999999523,-3.878930000000082,1.0,27002.0,1.0,17395.0,0.008556603172647273,0.91053500129771,0.2162,0.032835820895522484,0.5806
20250328,764.6819,768.5743,768.6278,759.6715,951068.0,-6555.0,410195.0,1.0,0.0,21351.0,0.0,2.0,-1.0,15821.0,-5430.0,761.24812,755.44324,758.872955,5.804880000000026,2.375164999999924,1.0,21351.0,1.0,10391.0,-0.006892251658135906,0.9326153314509396,0.2077,0.0,0.5968
20250331,750.0689,766.2451,766.7281,748.5065,948933.0,-2135.0,490763.0,1.0,0.0,19268.0,0.0,2.0,-1.0,7707.0,-1146.0,759.30034,754.37693,757.97578,4.92340999999999,1.324560000000019,1.0,19268.0,1.0,6561.0,-0.002249895408843406,1.086176670022016,0.2193,0.15825375170532052,0.629
20250401,766.4314,752.398,772.2558,746.6927,949243.0,310.0,756186.0,1.0,0.0,16712.0,0.0,2.0,-1.0,23559.0,-5938.0,761.4476400000001,755.11588,757.857575,6.331760000000145,3.590065000000095,1.0,16712.0,1.0,17621.0,0.0003265760189961896,1.0941772756492465,0.2181,0.14188267394270107,0.6129
20250402,765.1212,765.033,771.2252,760.2412,959449.0,10206.0,422249.0,1.0,0.0,22824.0,0.0,2.0,-1.0,16198.0,-5121.0,762.7660000000001,757.21105,758.135255,5.554950000000076,4.630745000000047,1.0,22824.0,1.0,11077.0,0.010637355398775755,1.043038092338147,0.2121,0.06002728512960454,0.5806
20250403,760.3184,766.3529,768.2347,754.6302,941709.0,-17740.0,499438.0,1.0,0.0,22325.0,0.0,2.0,-2.0,10662.0,-6827.0,761.32436,758.7685100000001,758.1502,2.55584999999985,3.174159999999915,1.0,22325.0,0.0,3835.0,-0.01883809117253844,1.1410682331062894,0.2046,0.0,0.5645
20250407,733.7737,729.845,743.7825,726.1939,879250.0,-62459.0,840057.0,1.0,0.0,29650.0,0.0,1.0,-2.0,7626.0,-1917.0,755.14272,758.19542,756.85111,-3.052699999999959,-1.708389999999895,1.0,29650.0,-1.0,5709.0,-0.07103667898777367,1.0823764277253805,0.2623,0.7552356020942402,0.6129
20250408,704.5788,735.3829,742.5674,700.3891,935368.0,56118.0,979708.0,1.0,0.0,31812.0,0.0,1.0,-2.0,4521.0,-17482.0,746.0447,752.67252,754.3282999999999,-6.627819999999929,-8.283599999999865,1.0,31812.0,-1.0,-12961.0,0.05999563808041327,0.9653675888461016,0.2679,0.8285340314136126,0.6613
20250409,699.1833,708.2017,708.2017,680.4167,918406.0,-16962.0,993710.0,1.0,0.0,31233.0,0.0,1.0,-2.0,3997.0,-11406.0,732.5950799999999,747.02136,751.332715,-14.42628000000002,-18.73763500000007,1.0,31233.0,-1.0,-7409.0,-0.018468955995496545,0.9520559075674376,0.2584,0.7041884816753926,0.6774
20250410,717.5144,696.7518,725.4981,695.6549,891307.0,-27099.0,876578.0,1.0,0.0,30502.0,0.0,2.0,-1.0,14637.0,-8800.0,723.07372,742.91986,749.5052450000001,-19.84613999999999,-26.43152500000008,1.0,30502.0,1.0,5837.0,-0.030403665628116913,0.9491387434184267,0.2522,0.6230366492146592,0.6935
20250411,717.5492,719.6925,724.2747,702.912,891449.0,142.0,846592.0,1.0,0.0,22653.0,0.0,2.0,-1.0,6213.0,-1613.0,714.5198800000001,737.9221200000001,747.2401299999999,-23.40224000000001,-32.72024999999985,1.0,22653.0,1.0,4600.0,0.0001592912213710487,0.9821401122084648,0.2499,0.5929319371727748,0.7097
20250414,715.8752,716.5539,721.1816,711.6631,925334.0,33885.0,485407.0,1.0,0.0,17048.0,0.0,2.0,-2.0,5936.0,-1624.0,710.9401799999999,733.0414499999999,744.242345,-22.10127,-33.30216500000006,1.0,17048.0,0.0,4312.0,0.036619209928523105,1.027628913620647,0.2416,0.4842931937172774,0.7097
20250415,722.2968,717.7685,723.513,714.1592,952335.0,27001.0,491114.0,1.0,0.0,16917.0,0.0,2.0,-2.0,8918.0,-298.0,714.4837799999999,730.26424,742.320585,-15.78046000000006,-27.83680500000014,1.0,16917.0,0.0,8620.0,0.0283524180041687,1.3442331096188105,0.2329,0.37041884816753906,0.7742
20250416,716.952,721.9485,723.1543,711.5299,959956.0,7621.0,455190.0,1.0,0.0,17335.0,0.0,2.0,-1.0,14379.0,0.0,718.0375200000001,725.3163000000001,740.21609,-7.278779999999983,-22.17856999999992,1.0,17335.0,1.0,14379.0,0.00793890553317027,1.1275213898147138,0.2371,0.42539267015706794,0.6452
20250417,715.2091,718.9704,726.1107,713.8422,976909.0,16953.0,641613.0,1.0,0.0,9245.0,0.0,3.0,0.0,29961.0,0.0,717.57646,720.32509,738.76807,-2.748630000000048,-21.19160999999997,1.0,9245.0,3.0,29961.0,0.017353714624391833,1.1300701314547892,0.2409,0.5048678720445061,0.6935
20250418,705.826,715.5559,721.4953,704.9885,996409.0,19500.0,662023.0,1.0,0.0,11887.0,0.0,1.0,-2.0,19308.0,-3486.0,715.23182,714.87585,736.82218,0.3559699999999566,-21.59036000000003,1.0,11887.0,-1.0,15822.0,0.019570276864219412,1.0901291799909965,0.2456,0.571827057182706,0.8548
20250421,721.3814,709.6749,723.6227,705.3361,999258.0,2849.0,575937.0,1.0,0.0,10631.0,0.0,3.0,0.0,33303.0,0.0,716.33306,713.63662,735.91602,2.696440000000052,-19.58295999999996,1.0,10631.0,3.0,33303.0,0.0028511155277215696,1.1434428152608735,0.2394,0.513274336283186,0.8226
20250422,716.7313,721.9292,722.1412,712.4734,1000579.0,1321.0,447255.0,1.0,0.0,10475.0,0.0,2.0,-1.0,26922.0,0.0,715.21996,714.85187,733.762195,0.368090000000052,-18.54223500000001,1.0,10475.0,1.0,26922.0,0.0013202355835970972,1.1086929158382437,0.241,0.558282208588957,0.8226
20250423,731.5228,716.5931,734.9541,714.187,1003307.0,2728.0,725877.0,1.0,0.0,7728.0,0.0,3.0,0.0,33126.0,0.0,718.1341199999999,718.08582,732.55359,0.04829999999992651,-14.41947000000005,1.0,7728.0,3.0,33126.0,0.002719008239751143,1.0608928164969331,0.2405,0.5506134969325153,0.8226
20250424,724.3156,732.169,733.8473,719.6243,996589.0,-6718.0,489538.0,1.0,0.0,8665.0,0.0,2.0,0.0,22010.0,0.0,719.95542,718.76594,730.8429,1.189480000000003,-10.88747999999998,1.0,8665.0,2.0,22010.0,-0.006740993528927171,1.033155383228741,0.2398,0.5474339035769833,0.7742
20250425,712.7882,726.8672,727.4403,709.9803,1023724.0,27135.0,717651.0,1.0,0.0,8805.0,0.0,1.0,-2.0,14220.0,-8091.0,721.34786,718.28984,728.10598,3.058019999999942,-6.758120000000076,1.0,8805.0,-1.0,6129.0,0.026506167678006964,1.063277403130089,0.2461,0.6454121306376366,0.7419
20250428,713.8082,712.5192,717.3814,703.8453,1017320.0,-6404.0,746163.0,1.0,0.0,8450.0,0.0,2.0,-1.0,15545.0,-3452.0,719.8332200000001,718.08314,725.562295,1.750080000000139,-5.729074999999852,1.0,8450.0,1.0,12093.0,-0.00629497110053867,1.092883726869941,0.2393,0.5396578538102648,0.7258
20250429,712.0318,713.2559,717.483,709.2421,998568.0,-18752.0,438017.0,1.0,0.0,8652.0,0.0,1.0,-1.0,18296.0,-862.0,718.8933199999999,717.05664,723.66044,1.836679999999888,-4.767120000000091,1.0,8652.0,0.0,17434.0,-0.01877889137244534,1.0977832241878818,0.2377,0.5147744945567653,0.6935
20250430,706.0557,712.0679,712.9034,702.557,974808.0,-23760.0,430742.0,1.0,0.0,7940.0,0.0,2.0,-1.0,17281.0,-5317.0,713.7999,715.9670100000001,720.641655,-2.167110000000093,-6.841755000000035,1.0,7940.0,1.0,11964.0,-0.02437403057832927,1.112872483005084,0.2384,0.5339652448657185,0.6613
20250506,706.5671,706.2543,714.6865,698.7729,983787.0,8979.0,487898.0,1.0,0.0,7704.0,0.0,2.0,-1.0,27061.0,-7178.0,710.2502000000001,715.10281,717.7139500000001,-4.852609999999913,-7.463750000000005,1.0,7704.0,1.0,19883.0,0.00912697565631585,1.1356682982752166,0.2308,0.4139020537124801,0.5968
20250507,709.5768,709.3611,727.425,704.8109,1009741.0,25954.0,741699.0,1.0,0.0,6000.0,0.0,2.0,-1.0,25609.0,-6805.0,709.60792,715.47789,715.17687,-5.869969999999967,-5.568949999999973,1.0,6000.0,1.0,18804.0,0.025703621027570435,1.1841377238231083,0.222,0.2748815165876776,0.5645
20250508,694.7513,710.8871,711.0961,692.5829,1061359.0,51618.0,690365.0,1.0,0.0,6865.0,0.0,2.0,-1.0,18567.0,-11749.0,705.7965399999999,712.81488,713.22575,-7.01834000000008,-7.429210000000012,1.0,6865.0,1.0,6818.0,0.048633874117994004,1.2242375155457583,0.2386,0.5371248025276459,0.5484
20250509,697.5092,696.1906,702.2552,693.5345,1063285.0,1926.0,440817.0,1.0,0.0,7268.0,0.0,2.0,-1.0,17802.0,-6346.0,702.89202,710.89267,712.8722700000001,-8.00064999999995,-9.98025000000007,1.0,7268.0,1.0,11456.0,0.0018113676013486507,1.2491671935801367,0.233,0.4486571879936809,0.4355
20250512,718.5743,698.0105,719.0142,694.6434,1065048.0,1763.0,717181.0,1.0,0.0,6848.0,0.0,3.0,0.0,31217.0,0.0,705.39574,709.59782,713.84182,-4.20207999999991,-8.446079999999938,1.0,6848.0,3.0,31217.0,0.0016553244548602505,1.0626837059771108,0.2278,0.3665086887835701,0.4032
20250513,714.6573,721.4031,726.2104,712.3627,1076501.0,11453.0,539963.0,1.0,0.0,6852.0,0.0,3.0,0.0,35192.0,0.0,707.01378,708.63199,713.698965,-1.618209999999976,-6.685185000000047,1.0,6852.0,3.0,35192.0,0.010639098338041489,1.2937110340808835,0.2209,0.25750394944707744,0.4839
20250514,735.9295,716.0914,736.5498,713.7004,1105285.0,28784.0,785073.0,1.0,0.0,7518.0,0.0,3.0,0.0,43279.0,0.0,712.28432,710.94612,714.61798,1.338200000000029,-2.333660000000009,1.0,7518.0,3.0,43279.0,0.026042152024138572,1.3228055304037711,0.2106,0.09478672985781995,0.5161
20250515,735.215,733.6531,737.4144,730.6068,1119703.0,14418.0,438528.0,1.0,-1.0,5256.0,0.0,3.0,0.0,50199.0,0.0,720.37706,713.0868,715.58497,7.290259999999989,4.79209000000003,0.0,5256.0,3.0,50199.0,0.01287662889176862,1.4020536895687652,0.209,0.06951026856240104,0.5161
20250516,726.9455,734.0282,734.0282,723.6197,1105816.0,-13887.0,475372.0,1.0,0.0,6246.0,0.0,3.0,0.0,48378.0,0.0,726.26432,714.57817,715.817405,11.68615,10.44691499999999,1.0,6246.0,3.0,48378.0,-0.012558147105847628,1.3908743552153655,0.2123,0.12164296998420192,0.5645
20250519,721.6888,724.871,728.4648,719.2811,1101945.0,-3871.0,403668.0,1.0,0.0,6444.0,0.0,3.0,0.0,46886.0,0.0,726.88722,716.14148,716.054245,10.74573999999996,10.83297499999992,1.0,6444.0,3.0,46886.0,-0.0035128794994305525,1.2841257103669128,0.211,0.10110584518167436,0.6452
20250520,723.6639,721.6787,725.4711,717.9241,1099505.0,-2440.0,410007.0,1.0,0.0,6816.0,0.0,3.0,0.0,35076.0,0.0,728.68854,717.85116,716.476985,10.83737999999994,12.21155499999998,1.0,6816.0,3.0,35076.0,-0.002219180449384041,1.288753874485446,0.2053,0.01105845181674575,0.6935
20250521,726.9571,723.6207,728.7214,721.2787,1113549.0,14044.0,360694.0,1.0,0.0,7288.0,0.0,3.0,0.0,32683.0,0.0,726.89406,719.5891899999999,717.53354,7.304870000000051,9.360519999999951,1.0,7288.0,3.0,32683.0,0.0126119281684057,1.2421509951070886,0.203,0.0,0.5161
20250522,724.8851,725.2416,729.938,721.5274,1107804.0,-5745.0,364178.0,1.0,0.0,7268.0,0.0,3.0,0.0,31179.0,0.0,724.82808,722.60257,717.708725,2.225509999999986,7.119355000000041,1.0,7268.0,3.0,31179.0,-0.005185935418178667,1.2535453075516565,0.2016,0.0,0.5
20250523,715.5382,723.1095,725.716,714.7105,1102471.0,-5333.0,440073.0,1.0,0.0,21351.0,0.0,3.0,0.0,32544.0,0.0,722.54662,724.40547,717.64907,-1.858850000000075,4.89754999999991,1.0,21351.0,3.0,32544.0,-0.004837315448660328,1.3091715304537768,0.2008,0.0,0.5161
20250526,703.6218,713.0005,716.6938,701.5659,1090499.0,-11972.0,573228.0,1.0,0.0,8930.0,0.0,3.0,0.0,22206.0,-3357.0,718.93322,722.91022,716.25402,-3.976999999999975,2.679200000000037,1.0,8930.0,3.0,18849.0,-0.010978460319541788,1.3177709223978673,0.2055,0.0700447093889714,0.5806
20250527,695.5624,703.7964,703.858,690.8009,1088450.0,-2049.0,577410.0,1.0,0.0,8711.0,0.0,3.0,-1.0,22109.0,-4785.0,713.3129200000001,721.00073,714.81636,-7.687809999999899,-1.503439999999955,1.0,8711.0,2.0,17324.0,-0.0018824934539942119,1.2809620619354116,0.2075,0.09985096870342745,0.6129
20250528,695.4175,696.0209,699.3469,691.974,1091397.0,2947.0,363788.0,1.0,0.0,9039.0,0.0,2.0,-1.0,19771.0,-5675.0,707.005,716.94953,713.947825,-9.944529999999986,-6.942824999999971,1.0,9039.0,1.0,14096.0,0.002700208998192225,1.3137408769868508,0.1996,0.0,0.5484
20250529,703.0857,696.0239,708.459,694.939,1086299.0,-5098.0,619965.0,1.0,0.0,9190.0,0.0,3.0,0.0,25781.0,0.0,702.6451199999999,713.7366,713.4116999999999,-11.09148000000005,-10.76657999999998,1.0,9190.0,3.0,25781.0,-0.004692998888887866,1.3256034466389963,0.1959,0.0,0.5806
20250530,697.9233,703.9172,704.7894,694.0237,1094269.0,7970.0,519539.0,1.0,0.0,8652.0,0.0,3.0,0.0,25527.0,0.0,699.1221400000001,710.83438,712.706275,-11.71223999999995,-13.58413499999995,1.0,8652.0,3.0,25527.0,0.007283401065003212,1.3911781353154602,0.1981,0.030555555555555645,0.5645
20250603,690.6495,693.6448,694.8597,686.3819,1127482.0,33213.0,452806.0,1.0,0.0,7669.0,0.0,3.0,0.0,30363.0,0.0,696.52768,707.73045,711.9359649999999,-11.20276999999999,-15.40828499999986,1.0,7669.0,3.0,30363.0,0.029457676486187807,1.2537409459112487,0.1946,0.0,0.8226
20250604,698.8711,691.8649,702.0049,690.0214,1117378.0,-10104.0,562238.0,1.0,0.0,7946.0,0.0,3.0,-1.0,23386.0,0.0,697.1894199999999,705.2511699999999,711.551165,-8.061749999999961,-14.36174500000004,1.0,7946.0,2.0,23386.0,-0.009042597939103867,1.3832844909460056,0.1872,0.0,0.5806
20250605,695.5183,698.8402,702.4692,690.0161,1122777.0,5399.0,465324.0,1.0,0.0,9576.0,0.0,3.0,-1.0,20482.0,0.0,697.20958,702.10729,710.84824,-4.897710000000075,-13.63866000000007,1.0,9576.0,2.0,20482.0,0.0048086129302613075,1.344814796372558,0.1841,0.0,0.5323
20250606,701.8912,698.1763,707.3492,697.3505,1122148.0,-629.0,504902.0,1.0,0.0,8375.0,0.0,3.0,-1.0,26693.0,0.0,696.97068,699.8079,711.205235,-2.837220000000002,-14.234555,1.0,8375.0,2.0,26693.0,-0.0005605321223225457,1.30988165088838,0.1787,0.0,0.5161
20250609,697.1322,701.5294,703.0133,694.9474,1119114.0,-3034.0,386016.0,1.0,0.0,8754.0,0.0,3.0,-1.0,25979.0,0.0,696.8124599999999,697.9673,711.186385,-1.154840000000149,-14.3739250000001,1.0,8754.0,2.0,25979.0,-0.00271107322399684,1.37818492700733,0.1769,0.0,0.5161
20250610,692.6252,698.3589,698.3589,691.6311,1126278.0,7164.0,443051.0,1.0,0.0,8937.0,0.0,3.0,-2.0,13673.0,-5665.0,697.2076,696.8676399999999,709.88893,0.3399600000000191,-12.68133,1.0,8937.0,1.0,8008.0,0.006360774160553611,1.4328984441042876,0.176,0.0,0.4355
20250611,701.4916,694.0096,704.8587,693.2541,1134253.0,7975.0,425965.0,1.0,0.0,8279.0,0.0,3.0,-1.0,18139.0,-2623.0,697.7317,697.46056,709.2306449999999,0.2711400000000594,-11.49894499999982,1.0,8279.0,2.0,15516.0,0.007031059208130814,1.303067772789112,0.1739,0.0,0.3871
20250612,698.1061,700.8487,701.5836,695.4025,1122478.0,-11775.0,328468.0,1.0,0.0,9428.0,0.0,3.0,-1.0,15544.0,-385.0,698.2492599999999,697.72942,707.339475,0.519839999999931,-9.090215000000057,1.0,9428.0,2.0,15159.0,-0.010490183326532903,1.336865555924751,0.1787,0.05106382978723401,0.3226
20250613,697.4366,698.8201,704.8546,692.6198,1099636.0,-22842.0,574946.0,1.0,0.0,9833.0,0.0,3.0,-2.0,7242.0,-1647.0,697.35834,697.16451,705.450555,0.1938300000000481,-8.09221500000001,1.0,9833.0,1.0,5595.0,-0.020772328297727613,1.2953929961262691,0.1793,0.05744680851063815,0.2742
20250616,698.8756,695.0044,701.4747,685.1172,1089239.0,-10397.0,645241.0,1.0,0.0,11319.0,0.0,3.0,-2.0,6566.0,-7816.0,697.7070199999999,697.2597400000001,704.04706,0.4472799999998642,-6.340040000000045,1.0,11319.0,1.0,-1250.0,-0.009545196233333548,1.2151344721416184,0.1736,0.0,0.2258
20250617,692.9427,696.4197,698.1289,690.0804,1088331.0,-908.0,403047.0,1.0,0.0,11198.0,0.0,2.0,-1.0,9149.0,-10918.0,697.7705199999999,697.48906,702.609755,0.2814599999999245,-4.839235000000031,1.0,11198.0,1.0,-1769.0,-0.0008343050046355383,1.065218091847854,0.1801,0.06892895015906686,0.129
20250618,690.2484,692.4065,695.5591,685.6155,1101967.0,13636.0,569105.0,1.0,0.0,11485.0,0.0,2.0,-1.0,12311.0,-14219.0,695.52188,696.62679,700.93898,-1.104910000000018,-5.417100000000005,1.0,11485.0,1.0,-1908.0,0.012374236252083774,0.9662390990951946,0.1788,0.055143160127253246,0.0968
20250619,692.3102,690.8016,697.2596,685.9763,1093638.0,-8329.0,503029.0,1.0,-1.0,21717.0,-9497.0,2.0,-1.0,18459.0,-17712.0,694.3626999999999,696.3059799999999,699.206635,-1.943279999999959,-4.843935000000101,0.0,12220.0,1.0,747.0,-0.007615865578920996,0.9332019438411542,0.1842,0.11240721102863198,0.129
20250620,696.3745,692.4994,701.4377,690.935,1087573.0,-6065.0,502303.0,1.0,0.0,8777.0,0.0,2.0,-1.0,25775.0,-10485.0,694.15028,695.75431,697.781105,-1.60403000000008,-3.630825000000073,1.0,8777.0,1.0,15290.0,-0.00557663715447147,0.9385549674127396,0.1835,0.10498409331919395,0.1129
20250623,699.3155,696.6401,702.1897,695.8788,1092351.0,4778.0,343213.0,1.0,0.0,6999.0,0.0,3.0,-1.0,22161.0,-3121.0,694.23826,695.97264,696.9699699999999,-1.734379999999987,-2.731709999999907,1.0,6999.0,2.0,19040.0,0.004374051930194599,0.9798382933193618,0.1712,0.0,0.1774
20250624,696.4528,699.074,703.3318,695.5788,1089924.0,-2427.0,355001.0,1.0,0.0,6452.0,0.0,3.0,-1.0,18258.0,0.0,694.94028,696.3554,696.61152,-1.415120000000002,-1.671240000000012,1.0,6452.0,2.0,18258.0,-0.0022267607649707685,0.9016912373394214,0.1762,0.05170630816959672,0.2097
20250625,695.7927,695.0457,697.8224,691.6801,1093894.0,3970.0,396353.0,1.0,0.0,5310.0,0.0,3.0,-2.0,7897.0,-409.0,696.04914,695.7855099999999,696.623035,0.2636300000000347,-0.5738949999999932,1.0,5310.0,1.0,7488.0,0.0036292364708097858,0.8754093216628468,0.1701,0.0,0.2903
20250626,698.6881,695.4327,700.7467,691.539,1074613.0,-19281.0,404253.0,1.0,0.0,5445.0,0.0,3.0,-1.0,12047.0,0.0,697.32472,695.84371,696.786565,1.481009999999969,0.5381549999999606,1.0,5445.0,2.0,12047.0,-0.017942273171830232,0.8846357551927055,0.1756,0.05623721881390597,0.371
20250627,709.3117,699.7316,712.3946,699.1809,1096613.0,22000.0,584931.0,1.0,0.0,2494.0,0.0,3.0,0.0,25761.0,0.0,699.9121600000001,697.03122,697.097865,2.880940000000123,2.814295000000129,1.0,2494.0,3.0,25761.0,0.020061772019846564,0.7368828965404375,0.1734,0.03374233128834352,0.3548
20250630,708.5952,710.8374,716.4955,707.0238,1085811.0,-10802.0,426159.0,1.0,-1.0,2579.0,0.0,3.0,0.0,20151.0,0.0,701.7681,698.0031799999999,697.63146,3.764920000000075,4.136640000000057,0.0,2579.0,3.0,20151.0,-0.009948324340055497,0.7042494494513768,0.1689,0.0,0.371
20250701,701.7688,708.2105,708.9027,699.6218,1075655.0,-10156.0,439649.0,1.0,0.0,3995.0,0.0,3.0,0.0,17876.0,0.0,702.8313,698.88579,698.187425,3.945510000000013,4.643875000000094,1.0,3995.0,3.0,17876.0,-0.009441689017389404,0.6572322092322069,0.1634,0.0,0.371
20250702,714.9276,701.4357,716.8675,701.1467,1062657.0,-12998.0,585368.0,1.0,-1.0,0.0,-1283.0,3.0,0.0,20641.0,-236.0,706.65828,701.3537100000001,698.9902500000001,5.304569999999899,7.668029999999931,0.0,-1283.0,3.0,20405.0,-0.012231604365284377,0.4798726816265845,0.1654,0.019138755980861254,0.371
20250703,725.2682,716.4434,728.4951,714.1948,1059476.0,-3181.0,577851.0,1.0,-1.0,0.0,-4173.0,3.0,-1.0,21318.0,-2067.0,711.9743000000001,704.64951,700.477745,7.324790000000121,11.49655500000006,0.0,-4173.0,2.0,19251.0,-0.003002427615160702,0.6009289464940896,0.1716,0.0784688995215312,0.371
20250704,724.9204,723.8366,733.3239,723.6487,1074000.0,14524.0,513558.0,1.0,-1.0,0.0,-6969.0,3.0,-1.0,21110.0,-1279.0,715.09604,707.5040999999999,701.629205,7.591940000000136,13.46683500000006,0.0,-6969.0,2.0,19831.0,0.013523277467411545,1.1007972706265672,0.1664,0.02870813397129188,0.4355
20250707,722.848,724.4952,731.1513,719.9437,1071552.0,-2448.0,369476.0,1.0,-1.0,0.0,-8118.0,3.0,-1.0,23909.0,-2085.0,717.9466,709.85735,702.914995,8.089249999999993,15.03160500000001,0.0,-8118.0,2.0,21824.0,-0.0022845368213581796,0.8355817790730363,0.1588,0.0,0.2903
20250708,725.0282,723.59,727.6601,722.4103,1084079.0,12527.0,302214.0,1.0,-1.0,0.0,-9224.0,3.0,-1.0,21816.0,-1781.0,722.5984799999999,712.71489,704.535145,9.883589999999913,18.06333499999982,0.0,-9224.0,2.0,20035.0,0.011555430923392115,0.8160323112202528,0.1531,0.0,0.2903
20250709,728.3585,723.8378,732.2717,723.8378,1094428.0,10349.0,337798.0,0.0,-1.0,0.0,-8222.0,3.0,0.0,26997.0,0.0,725.28466,715.97147,705.87849,9.313190000000077,19.40616999999997,-1.0,-8222.0,3.0,26997.0,0.009456081167513989,0.776529624456998,0.1524,0.0,0.3065
20250710,754.7912,728.119,757.2966,727.1337,1098814.0,4386.0,682349.0,0.0,-1.0,0.0,-12503.0,3.0,-1.0,20012.0,-12.0,731.1892599999999,721.58178,708.712745,9.607479999999896,22.47651499999984,-1.0,-12503.0,2.0,20000.0,0.003991576372343272,0.474580384153685,0.1899,0.400213447171825,0.2903
20250711,755.2677,752.4373,761.2175,752.4373,1102616.0,3802.0,462623.0,0.0,-1.0,0.0,-14361.0,3.0,-1.0,17366.0,-74.0,737.25872,726.17738,711.6043000000001,11.08134000000007,25.65441999999996,-1.0,-14361.0,2.0,17292.0,0.0034481632771517917,0.4617032358507396,0.1888,0.3884738527214513,0.4516
20250714,757.2315,755.9783,759.9936,753.8564,1109179.0,6563.0,329354.0,0.0,-1.0,0.0,-14282.0,3.0,0.0,23105.0,0.0,744.13542,731.0410099999999,714.522095,13.09441000000004,29.61332499999992,-1.0,-14282.0,3.0,23105.0,0.0059169890522629805,0.0710153472781689,0.1817,0.31270010672358584,0.4194
20250715,757.7916,757.1161,762.4596,749.8018,1118731.0,9552.0,440223.0,0.0,-1.0,0.0,-14300.0,3.0,0.0,32626.0,-700.0,750.6881000000001,736.64329,717.7645399999999,14.0448100000001,32.92356000000018,-1.0,-14300.0,3.0,31926.0,0.008538245565734747,0.7545422608452351,0.1816,0.31163287086446106,0.3871
20250716,763.1672,757.4024,767.0683,755.9137,1142724.0,23993.0,515666.0,0.0,-1.0,0.0,-12448.0,3.0,-1.0,28195.0,0.0,757.6498399999999,741.4672499999999,721.41048,16.18259,36.23935999999992,-1.0,-12448.0,2.0,28195.0,0.020996321071404818,0.737849512202541,0.1863,0.3617929562433296,0.3871
20250717,775.0325,762.9776,777.1347,762.8611,1155414.0,12690.0,611973.0,0.0,-1.0,0.0,-16654.0,3.0,0.0,35173.0,0.0,761.6981,746.4436800000001,725.546595,15.25441999999987,36.15150499999993,-1.0,-16654.0,3.0,35173.0,0.010983076196064787,0.839547369588628,0.1954,0.4589114194236924,0.3871
20250718,774.3616,777.8921,790.2448,771.8006,1143950.0,-11464.0,678496.0,0.0,-1.0,0.0,-18767.0,3.0,0.0,46355.0,0.0,765.5168799999999,751.3878000000001,729.44595,14.12907999999982,36.07092999999986,-1.0,-18767.0,3.0,46355.0,-0.01002141701997465,0.822961088263525,0.2026,0.5357524012806829,0.371
20250721,797.7746,776.7867,807.3938,774.9695,1121093.0,-22857.0,778721.0,0.0,-1.0,0.0,-23824.0,3.0,0.0,37234.0,0.0,773.6255,758.8804600000001,734.368905,14.7450399999999,39.25659499999995,-1.0,-23824.0,3.0,37234.0,-0.020388139074991995,0.8133245272033627,0.2257,0.7822838847385272,0.3387
20250722,812.2718,797.7538,824.8199,797.7538,1075666.0,-45427.0,922770.0,0.0,-1.0,0.0,-31706.0,3.0,0.0,35477.0,0.0,784.52154,767.6048199999999,740.159855,16.91672000000005,44.36168499999997,-1.0,-31706.0,3.0,35477.0,-0.042231510524642406,0.7811225622640255,0.2487,1.0,0.3065
20250723,801.5322,814.616,818.021,796.188,1048934.0,-26732.0,731627.0,0.0,-1.0,0.0,-30960.0,3.0,0.0,33060.0,0.0,792.1945400000001,774.92219,745.44683,17.27235000000007,46.7477100000001,-1.0,-30960.0,3.0,33060.0,-0.02548492088158073,0.7567748975986485,0.2368,0.8764278296988578,0.2742
20250724,800.3753,803.6968,811.2513,793.2073,1039569.0,-9365.0,594105.0,0.0,-1.0,0.0,-29900.0,3.0,0.0,25915.0,0.0,797.2630999999999,779.4806,750.53119,17.78249999999991,46.73190999999986,-1.0,-29900.0,3.0,25915.0,-0.009008541039603912,0.7115761845192026,0.227,0.77466251298027,0.4516
20250725,790.3388,803.5595,804.5257,779.6965,1013791.0,-25778.0,806883.0,0.0,-1.0,0.0,-20530.0,2.0,-1.0,19392.0,-4319.0,800.45854,782.9877100000001,754.582545,17.47082999999986,45.87599499999999,-1.0,-20530.0,1.0,15073.0,-0.025427331668953463,0.7436057419057878,0.2403,0.912772585669782,0.4516
20250728,773.6467,790.3027,794.6177,768.2373,979882.0,-33909.0,809208.0,0.0,-1.0,0.0,-19106.0,3.0,-1.0,21398.0,-1233.0,795.63296,784.6292299999999,757.83512,11.00373000000013,37.79784000000006,-1.0,-19106.0,2.0,20165.0,-0.03460518715518807,0.7354526592350094,0.2151,0.6510903426791278,0.4355
20250729,785.4576,773.8672,787.2854,773.8672,987839.0,7957.0,525990.0,0.0,-1.0,0.0,-26258.0,3.0,0.0,25129.0,0.0,790.2701199999999,787.39583,762.01956,2.87428999999986,28.25055999999995,-1.0,-26258.0,3.0,25129.0,0.008054956323854393,0.6843629171243204,0.2173,0.6739356178608514,0.371
20250730,778.081,785.09,796.3291,775.7862,974450.0,-13389.0,652706.0,0.0,-1.0,0.0,-25857.0,2.0,-1.0,19748.0,-1561.0,785.57988,788.8872100000001,765.17723,-3.307330000000093,20.40264999999999,-1.0,-25857.0,1.0,18187.0,-0.013740058494535379,0.6583418234927334,0.1977,0.4704049844236758,0.371
20250731,766.405,779.6893,781.2688,761.675,942142.0,-32308.0,533505.0,0.0,-1.0,0.0,-22690.0,3.0,-1.0,17082.0,-1555.0,778.7858200000001,788.02446,767.23407,-9.238639999999918,11.55175000000008,-1.0,-22690.0,2.0,15527.0,-0.034292070622050606,0.6449816420778139,0.1944,0.43613707165109017,0.4516
20250801,769.9459,766.9786,777.244,763.2888,944463.0,2321.0,448810.0,0.0,-1.0,0.0,-23473.0,3.0,-1.0,18592.0,-1582.0,774.70724,787.5828899999999,769.485345,-12.87564999999995,5.221894999999904,-1.0,-23473.0,2.0,17010.0,0.002457481129488397,0.8175047480262938,0.1935,0.42679127725856697,0.4677
20250804,777.8648,772.6251,781.357,769.1252,948224.0,3761.0,456408.0,0.0,-1.0,0.0,-25229.0,2.0,-1.0,20051.0,-3319.0,775.55086,785.59191,772.236185,-10.04105000000004,3.314674999999966,-1.0,-25229.0,1.0,16732.0,0.003966362378509719,0.875103804748688,0.1913,0.4039460020768431,0.4032
20250805,787.3048,778.089,788.9613,778.089,946121.0,-2103.0,391389.0,0.0,-1.0,0.0,-24128.0,2.0,-1.0,17166.0,-2422.0,775.9203,783.0952100000001,775.350015,-7.174910000000068,0.5702850000000126,-1.0,-24128.0,1.0,14744.0,-0.0022227600909397426,0.779716190590809,0.1837,0.3250259605399792,0.4516
20250806,784.654,786.9942,790.296,779.6336,943027.0,-3094.0,408373.0,0.0,-1.0,0.0,-23993.0,2.0,-1.0,13027.0,-5198.0,777.2349,781.40739,778.16479,-4.172489999999925,-0.9298900000000003,-1.0,-23993.0,1.0,7829.0,-0.0032809240880695887,0.8653675490140418,0.1867,0.3561786085150571,0.4355
20250807,782.2449,785.7752,787.3814,776.8294,927154.0,-15873.0,422845.0,0.0,-1.0,0.0,-20429.0,2.0,-1.0,9402.0,-1510.0,780.40288,779.5943500000001,779.537475,0.8085299999999052,0.8654050000000097,-1.0,-20429.0,1.0,7892.0,-0.01712013322490115,0.883108296289279,0.1875,0.36448598130841114,0.4032
20250808,780.0439,782.5571,783.8155,776.6616,916387.0,-10767.0,308830.0,0.0,-1.0,0.0,-18769.0,2.0,-1.0,9439.0,-4747.0,782.42248,778.56486,780.776285,3.857619999999997,1.646194999999921,-1.0,-18769.0,1.0,4692.0,-0.011749402817805142,0.8881509293568922,0.1818,0.30529595015576305,0.4677
20250811,791.0399,780.8893,792.2429,777.3098,924865.0,8478.0,499886.0,0.0,-1.0,0.0,-18051.0,3.0,-2.0,3348.0,-136.0,785.0575,780.30418,782.466705,4.753320000000031,2.590794999999957,-1.0,-18051.0,1.0,3212.0,0.009166743254420915,0.6973511287834857,0.21,0.5981308411214952,0.5645
20250812,802.3167,791.0945,803.6148,789.6914,940977.0,16112.0,502060.0,0.0,-1.0,0.0,-16001.0,2.0,-2.0,3405.0,-5225.0,788.05988,781.99009,784.69296,6.069790000000012,3.36692000000005,-1.0,-16001.0,0.0,-1820.0,0.017122628927168253,0.5084859018096033,0.2086,0.5835929387331257,0.5968
20250813,797.2963,801.6383,805.2209,797.0657,933817.0,-7160.0,335195.0,0.0,-1.0,0.0,-16452.0,3.0,-1.0,7753.0,0.0,790.58834,783.9116200000001,786.399415,6.676719999999932,4.18892500000004,-1.0,-16452.0,2.0,7753.0,-0.007667455186615793,0.5615945817310549,0.2061,0.557632398753894,0.629
20250814,778.5493,796.27,799.6783,775.5643,912094.0,-21723.0,516323.0,0.0,-1.0,0.0,-10068.0,3.0,-3.0,0.0,-3516.0,789.84922,785.12605,786.575255,4.723169999999982,3.273964999999976,-1.0,-10068.0,0.0,-3516.0,-0.02381662416373751,0.7396162846552746,0.2052,0.5482866043613706,0.6774
20250815,779.5423,782.9471,784.801,775.8197,895179.0,-16915.0,330801.0,0.0,-1.0,0.0,-16336.0,2.0,-2.0,1956.0,-9077.0,789.7488999999999,786.08569,786.83429,3.663209999999935,2.914609999999925,-1.0,-16336.0,0.0,-7121.0,-0.018895662208340453,0.5847306907567658,0.201,0.5046728971962617,0.7581
20250818,775.7374,780.6475,787.0769,770.5082,882267.0,-12912.0,421703.0,0.0,-1.0,0.0,-6054.0,2.0,-2.0,2181.0,-8507.0,786.6884,785.87295,785.73243,0.8154500000000553,0.9559699999999793,-1.0,-6054.0,0.0,-6326.0,-0.014635025451478973,0.5983932533815493,0.2049,0.5451713395638629,0.7903
20250819,774.2277,776.9386,777.5113,770.9617,864415.0,-17852.0,262115.0,0.0,-1.0,0.0,-6318.0,2.0,-2.0,3209.0,-9726.0,781.0706,784.56524,783.8302249999999,-3.494640000000004,-2.759624999999915,-1.0,-6318.0,0.0,-6517.0,-0.020652117327903844,0.6053708320416393,0.2011,0.5057113187954309,0.7742
20250820,771.7033,774.6755,775.4317,763.7746,838741.0,-25674.0,412274.0,0.0,-1.0,0.0,-11783.0,1.0,-2.0,1659.0,-6159.0,775.952,783.27017,782.33878,-7.318170000000009,-6.386780000000044,-1.0,-11783.0,-1.0,-4500.0,-0.030610164520394258,0.5831011517614015,0.2013,0.5077881619937695,0.7903
20250821,774.6897,772.2031,781.7752,772.2031,839737.0,996.0,381617.0,0.0,-1.0,0.0,-12104.0,3.0,-2.0,0.0,-3995.0,775.18008,782.51465,781.0545,-7.334569999999985,-5.874419999999986,-1.0,-12104.0,1.0,-3995.0,0.0011860856434812328,0.6589130322014994,0.1966,0.458982346832814,0.9032
20250822,771.9435,774.1803,777.0342,768.4301,829507.0,-10230.0,327455.0,0.0,-1.0,0.0,-13439.0,2.0,-2.0,0.0,-7945.0,773.6603200000001,781.70461,780.134735,-8.044289999999933,-6.474414999999908,-1.0,-13439.0,0.0,-7945.0,-0.012332626487781297,0.6238275215165093,0.1939,0.4309449636552439,0.871
20250825,788.401,773.8642,790.008,773.6062,832232.0,2725.0,432654.0,0.0,-1.0,0.0,-11711.0,2.0,-2.0,0.0,-9224.0,776.1930399999999,781.44072,780.8724500000001,-5.247680000000173,-4.679410000000189,-1.0,-11711.0,0.0,-9224.0,0.0032743273510271176,0.6458727588813323,0.201,0.5046728971962617,0.871
20250826,778.2289,788.2159,788.9676,775.7457,808542.0,-23690.0,305167.0,0.0,-1.0,0.0,-12420.0,1.0,-2.0,0.0,-17082.0,776.9932799999999,779.0319400000001,780.511015,-2.038660000000164,-3.51773500000013,-1.0,-12420.0,-1.0,-17082.0,-0.029299652955566934,0.6354915243792323,0.2007,0.5015576323987537,0.871
20250827,777.1828,778.7673,782.8347,775.4973,803269.0,-5273.0,293039.0,0.0,-1.0,0.0,-12625.0,1.0,-2.0,500.0,-14983.0,778.08918,777.02059,780.4661050000001,1.068590000000086,-2.376925000000028,-1.0,-12625.0,-1.0,-14483.0,-0.006564426113792515,0.6420383632848345,0.1981,0.47455867082035297,0.8548
20250828,790.9715,777.811,791.2648,776.3747,804903.0,1634.0,385635.0,0.0,-1.0,0.0,-12105.0,1.0,-2.0,1906.0,-16845.0,781.34554,778.26281,781.69443,3.082730000000083,-0.348889999999983,-1.0,-12105.0,-1.0,-14939.0,0.0020300582803145224,0.6661438514333827,0.196,0.45275181723779856,0.8548
20250829,787.8024,789.5672,792.0704,784.2533,782668.0,-22235.0,321359.0,0.0,-1.0,0.0,-13609.0,0.0,-3.0,230.0,-20689.0,784.51732,779.08882,782.5872549999999,5.428499999999985,1.930065000000127,-1.0,-13609.0,-3.0,-20459.0,-0.02840923610010886,0.6061867552298909,0.1933,0.4247144340602284,0.871
20250901,766.5642,787.2281,787.2281,761.9636,755603.0,-27065.0,492643.0,0.0,-1.0,0.0,-12879.0,0.0,-3.0,0.0,-27020.0,780.14996,778.1715,782.0222249999999,1.978459999999927,-1.87226499999997,-1.0,-12879.0,-3.0,-27020.0,-0.03581907430224602,0.832741130375843,0.1943,0.435098650051921,0.8871
20250902,772.3126,769.0739,777.311,767.5623,759677.0,4074.0,320375.0,0.0,-1.0,0.0,-14134.0,2.0,-3.0,0.0,-16503.0,778.9667000000001,777.97999,781.272615,0.9867100000000164,-2.305914999999914,-1.0,-14134.0,-1.0,-16503.0,0.005362805508130429,0.7466873271333196,0.195,0.4423676012461059,0.8871
20250903,777.241,772.7171,783.1855,772.7171,775722.0,16045.0,373060.0,0.0,-1.0,0.0,-14973.0,0.0,-2.0,434.0,-19976.0,778.97834,778.53376,780.9019649999999,0.4445799999999736,-1.923624999999902,-1.0,-14973.0,-2.0,-19542.0,0.020683956365811464,0.832424185537191,0.202,0.5150571131879543,0.9355
20250904,791.3186,777.3938,795.3771,773.8745,821325.0,45603.0,500628.0,0.0,-1.0,0.0,-17050.0,1.0,-2.0,3403.0,-14796.0,779.04776,780.19665,781.35565,-1.148889999999938,-2.307889999999929,-1.0,-17050.0,-1.0,-11393.0,0.055523696466076154,0.884702007695105,0.2007,0.5015576323987537,0.9355
20250905,789.3949,788.8352,791.578,781.9968,815452.0,-5873.0,367521.0,0.0,-1.0,0.0,-16670.0,1.0,-3.0,0.0,-20946.0,779.36626,781.94179,781.8232,-2.575529999999958,-2.456940000000031,-1.0,-16670.0,-2.0,-20946.0,-0.007202140653281861,0.9520652217573936,0.2024,0.5192107995846312,0.9355
20250908,792.1699,789.457,794.8655,783.7049,823534.0,8082.0,336389.0,0.0,-1.0,0.0,-16562.0,1.0,-3.0,0.0,-18789.0,784.4874,782.31868,781.8797,2.168720000000008,2.607700000000023,-1.0,-16562.0,-2.0,-18789.0,0.009813802465957689,1.0729949589365737,0.2066,0.5628245067497404,0.9355
20250909,804.606,791.6279,812.6824,790.2034,853967.0,30433.0,618328.0,0.0,-1.0,0.0,-17867.0,1.0,-2.0,3108.0,-15442.0,790.9460799999999,784.9563899999999,781.994165,5.989689999999996,8.951914999999985,-1.0,-17867.0,-1.0,-12334.0,0.035637208463558896,0.9455959655283004,0.2153,0.6531671858774661,0.9516
20250910,804.1259,803.0691,807.9815,795.4615,856396.0,2429.0,414417.0,0.0,-1.0,0.0,-18062.0,1.0,-2.0,5599.0,-16440.0,796.3230599999999,787.6506999999999,782.335645,8.672360000000026,13.98741499999994,-1.0,-18062.0,-1.0,-10841.0,0.0028363047001620746,0.9192287227907368,0.2125,0.6240913811007268,0.9677
20250911,794.5328,803.5209,807.5147,790.822,852942.0,-3454.0,452303.0,0.0,-1.0,0.0,-17490.0,1.0,-2.0,1741.0,-24274.0,796.9658999999999,788.00683,783.13482,8.959069999999883,13.83107999999993,-1.0,-17490.0,-1.0,-22533.0,-0.004049513331504369,0.92027100578258,0.208,0.5773624091381099,0.9516
20250912,798.7242,797.0636,802.4558,792.8206,858668.0,5726.0,328560.0,0.0,-1.0,0.0,-17898.0,1.0,-2.0,5591.0,-20334.0,798.83176,789.09901,784.093915,9.73275000000001,14.73784499999999,-1.0,-17898.0,-1.0,-14743.0,0.0066684679061057356,0.608063661437925,0.2089,0.5867082035306334,0.9516
20250915,795.1657,797.8284,804.2848,790.3673,852832.0,-5836.0,434231.0,0.0,-1.0,0.0,-16898.0,2.0,-2.0,6657.0,-20013.0,799.43092,791.95916,785.06533,7.471760000000017,14.36559,-1.0,-16898.0,0.0,-13356.0,-0.006843082811151552,0.6908525973712334,0.2125,0.6240913811007268,0.871
20250916,802.1547,798.119,810.803,797.5167,848754.0,-4078.0,494869.0,0.0,-1.0,0.0,-14194.0,1.0,-2.0,3690.0,-21601.0,798.94066,794.94337,786.4616800000001,3.997290000000021,12.47897999999986,-1.0,-14194.0,-1.0,-17911.0,-0.004804690169354135,0.669670498661747,0.2103,0.601246105919003,0.9032
20250917,803.0641,803.0724,805.5201,794.8698,844497.0,-4257.0,308174.0,0.0,-1.0,0.0,-13888.0,1.0,-2.0,3866.0,-21156.0,798.7283,797.52568,788.02972,1.202620000000024,10.69857999999999,-1.0,-13888.0,-1.0,-17290.0,-0.005040870482666013,0.6797705785384445,0.2078,0.5752855659397716,0.9194
20250918,798.4573,802.5697,807.3526,795.4547,841974.0,-2523.0,369740.0,0.0,-1.0,0.0,-13926.0,2.0,-2.0,6360.0,-21318.0,799.5132,798.23955,789.2181,1.273649999999975,10.29509999999993,-1.0,-13926.0,0.0,-14958.0,-0.0029965295840489138,0.7001796583552045,0.2053,0.54932502596054,0.9194
20250919,805.9948,800.2763,810.8758,796.437,889297.0,47323.0,450802.0,0.0,-1.0,0.0,-15601.0,2.0,-2.0,6060.0,-15839.0,800.9673200000001,799.89954,790.920665,1.067780000000084,10.0466550000001,-1.0,-15601.0,0.0,-9779.0,0.05321394314835201,0.7066430375631747,0.2084,0.5815160955347871,0.9194
20250922,806.4079,807.7578,817.6894,801.8985,876711.0,-12586.0,488388.0,0.0,-1.0,0.0,-14609.0,2.0,-2.0,2092.0,-14836.0,803.21576,801.32334,791.82101,1.892420000000016,11.39475000000004,-1.0,-14609.0,0.0,-12744.0,-0.014355928008203388,0.66669581308152,0.2106,0.604361370716511,0.9194
20250923,800.5004,807.2326,808.1222,796.0714,865301.0,-11410.0,354176.0,0.0,-1.0,0.0,-14249.0,1.0,-2.0,4257.0,-20223.0,802.8849,800.91278,792.934585,1.972120000000018,9.950315000000046,-1.0,-14249.0,-1.0,-15966.0,-0.013186162965257176,0.6827723972434723,0.2094,0.5919003115264797,0.9355
20250924,801.4285,801.6348,805.9521,798.5128,856718.0,-8583.0,254617.0,0.0,-1.0,0.0,-14139.0,1.0,-2.0,4338.0,-22430.0,802.5577800000001,800.64304,794.14687,1.914740000000052,8.410910000000058,-1.0,-14139.0,-1.0,-18092.0,-0.010018465819557894,0.6701172330093208,0.2152,0.6521287642782969,0.9355
20250925,803.5063,802.914,805.5651,797.8736,848700.0,-8018.0,246402.0,0.0,-1.0,0.0,-13811.0,1.0,-2.0,5992.0,-24293.0,803.5675800000001,801.54039,794.77361,2.027190000000132,8.793970000000172,-1.0,-13811.0,-1.0,-18301.0,-0.009447390126075175,0.6455790626177141,0.2088,0.5856697819314642,0.9194
20250926,787.9982,802.0062,803.78,786.3147,830350.0,-18350.0,402569.0,0.0,-1.0,0.0,-12879.0,1.0,-2.0,5610.0,-25395.0,799.96826,800.4677899999999,794.7834,-0.4995299999999361,5.184859999999958,-1.0,-12879.0,-1.0,-19785.0,-0.02209911483109532,0.6910387421468345,0.2101,0.5991692627206646,0.9355
20250929,781.8923,789.0828,789.2629,778.4238,784904.0,-45446.0,332657.0,0.0,-1.0,0.0,-12320.0,1.0,-2.0,5098.0,-24070.0,795.0651399999999,799.1404500000001,795.549805,-4.075310000000172,-0.4846650000000636,-1.0,-12320.0,-1.0,-18972.0,-0.05790007440400355,0.6692185567443745,0.2047,0.5430944963655243,0.9355
20250930,778.2939,783.0457,784.9247,777.8708,750213.0,-34691.0,248719.0,0.0,-1.0,0.0,-11761.0,1.0,-2.0,5648.0,-22055.0,790.62384,796.75437,795.84887,-6.130530000000022,-5.225030000000061,-1.0,-11761.0,-1.0,-16407.0,-0.046241534070990506,0.6428547417452954,0.1993,0.4870197300103842,0.9677
20251009,788.4993,780.617,791.6071,774.6934,763153.0,12940.0,302760.0,0.0,-1.0,0.0,-12705.0,2.0,-2.0,4631.0,-18460.0,788.0379999999999,795.29789,796.411785,-7.259890000000155,-8.373785000000112,-1.0,-12705.0,0.0,-13829.0,0.016955970821054232,0.713189217595702,0.1908,0.13710879284649757,0.9677
20251010,792.5689,792.1999,799.2624,788.7332,788041.0,24888.0,296080.0,0.0,-1.0,0.0,-13491.0,1.0,-2.0,1233.0,-16166.0,785.85052,794.70905,796.4743000000001,-8.858530000000087,-10.62378000000012,-1.0,-13491.0,-1.0,-14933.0,0.031582113113403996,0.7274789924440134,0.1914,0.1460506706408342,0.9677
20251013,801.3335,796.9049,801.4972,788.3883,805259.0,17218.0,443716.0,0.0,-1.0,0.0,-14788.0,2.0,-3.0,0.0,-17150.0,788.51758,794.24292,797.07123,-5.725340000000074,-8.553650000000061,-1.0,-14788.0,-1.0,-17150.0,0.021381940468842942,0.6382541740632853,0.1969,0.2280178837555884,0.9677
20251014,779.3011,802.9578,806.1668,771.4738,835402.0,30143.0,670742.0,0.0,-1.0,0.0,-14258.0,0.0,-3.0,0.0,-36992.0,787.99934,791.53224,796.42779,-3.532900000000041,-8.428449999999998,-1.0,-14258.0,-3.0,-36992.0,0.03608202996880544,0.6312888244862419,0.2042,0.33681073025335295,0.9677
20251015,773.2975,781.4743,783.6954,771.6403,849363.0,13961.0,399853.0,0.0,-1.0,0.0,-13513.0,1.0,-3.0,0.0,-33034.0,787.0000600000001,788.81195,794.8623650000001,-1.811889999999948,-7.862304999999992,-1.0,-13513.0,-2.0,-33034.0,0.01643702398150143,0.8641588591137676,0.2047,0.34230194319880414,0.9839
20251016,770.4333,776.6087,777.1294,763.6794,889503.0,40140.0,511327.0,0.0,-1.0,0.0,-15442.0,0.0,-3.0,0.0,-31816.0,783.3868600000001,785.71243,793.177735,-2.325569999999971,-9.790874999999915,-1.0,-15442.0,-3.0,-31816.0,0.045126323351354636,0.8830181811656913,0.2063,0.3662182361733934,0.9839
20251017,768.0046,770.7005,773.4441,763.9522,905982.0,16479.0,349125.0,0.0,-1.0,0.0,-15499.0,1.0,-2.0,3459.0,-39592.0,778.4739999999999,782.1622600000001,791.851325,-3.688260000000128,-13.37732500000004,-1.0,-15499.0,-1.0,-36133.0,0.018189103094763473,0.9134105883044652,0.2047,0.34230194319880414,0.9677
20251020,764.0111,767.7704,771.796,760.2828,927073.0,21091.0,441242.0,0.0,-1.0,0.0,-15536.0,1.0,-2.0,3362.0,-38092.0,771.0095200000001,779.76355,790.1156699999999,-8.754029999999943,-19.10614999999984,-1.0,-15536.0,-1.0,-34730.0,0.022750096270735962,0.925343424861832,0.198,0.24215246636771326,0.9677
20251021,766.4623,765.0352,773.2083,757.6081,937350.0,10277.0,377772.0,0.0,-1.0,0.0,-16080.0,1.0,-2.0,3604.0,-36010.0,768.44176,778.22055,788.6805,-9.778789999999958,-20.23874000000001,-1.0,-16080.0,-1.0,-32406.0,0.010963887555342187,0.7431394266224883,0.1934,0.17339312406576976,0.9839
20251022,770.6772,768.5866,774.2244,767.9498,936998.0,-352.0,262653.0,0.0,-1.0,0.0,-16675.0,1.0,-2.0,5157.0,-31460.0,767.9177,777.45888,787.106625,-9.541180000000054,-19.18892500000004,-1.0,-16675.0,-1.0,-26303.0,-0.0003756678242642994,0.916452504093658,0.1891,0.12478632478632475,0.9839
20251023,773.4105,772.9844,778.1576,766.5591,941776.0,4778.0,309384.0,0.0,-1.0,0.0,-16009.0,1.0,-2.0,3142.0,-30351.0,768.51314,775.95,785.623945,-7.436860000000024,-17.11080500000003,-1.0,-16009.0,-1.0,-27209.0,0.005073393248500705,0.8320561311828887,0.1837,0.03247863247863268,0.9516
20251024,767.595,774.3112,775.3381,761.6147,955710.0,13934.0,401742.0,0.0,-1.0,0.0,-7534.0,1.0,-2.0,5157.0,-23188.0,768.43122,773.4526099999999,784.08083,-5.021389999999883,-15.64960999999994,-1.0,-7534.0,-1.0,-18031.0,0.014579736530956042,0.8702790731546513,0.1887,0.1179487179487182,0.9516
20251027,782.0396,767.3368,782.4923,765.8382,944814.0,-10896.0,474676.0,0.0,-1.0,0.0,-16578.0,1.0,-2.0,2348.0,-21422.0,772.03692,771.5232199999999,782.88307,0.5137000000000853,-10.84614999999997,-1.0,-16578.0,-1.0,-19074.0,-0.011532428604995268,0.8997580392876171,0.1822,0.011267605633803138,0.8871
20251028,787.4848,779.6361,790.1963,779.6361,924146.0,-20668.0,428234.0,0.0,-1.0,0.0,-19005.0,2.0,-1.0,1832.0,-18210.0,776.24142,772.34159,781.936915,3.899829999999952,-5.695495000000051,-1.0,-19005.0,1.0,-16378.0,-0.022364431594142052,0.8791201091873445,0.1833,0.0422535211267606,0.9032
20251029,799.6204,787.8468,801.824,787.6765,916549.0,-7597.0,456809.0,0.0,-1.0,0.0,-17841.0,1.0,-2.0,2046.0,-13153.0,782.0300599999999,774.9738799999999,781.892915,7.05618000000004,0.1371449999999186,-1.0,-17841.0,-1.0,-11107.0,-0.008288700331351624,0.8385976511428482,0.1852,0.10149253731343325,0.9032
20251030,797.5222,799.3376,805.3568,793.1278,929969.0,13420.0,409671.0,0.0,-1.0,0.0,-18697.0,2.0,-2.0,7417.0,-14913.0,786.8524,777.68277,781.6976000000001,9.169629999999984,5.154799999999909,-1.0,-18697.0,0.0,-7496.0,0.014430588546499937,0.7864784740351902,0.1875,0.1701492537313436,0.8871
20251031,794.5823,795.8254,796.9251,787.508,921962.0,-8007.0,385047.0,0.0,-1.0,0.0,-18858.0,2.0,-2.0,4647.0,-15322.0,792.24986,780.3405399999999,781.2513999999999,11.90932000000009,10.99846000000014,-1.0,-18858.0,0.0,-10675.0,-0.008684739718122872,0.706095794048304,0.1885,0.20000000000000034,0.871
20251103,777.4959,794.7179,795.3395,773.5787,927406.0,5444.0,513269.0,0.0,-1.0,0.0,-19081.0,1.0,-3.0,0.0,-19807.0,791.3411199999999,781.68902,780.726285,9.652099999999905,10.61483499999997,-1.0,-19081.0,-2.0,-19807.0,0.0058701367038815795,0.37143520980372,0.1854,0.10746268656716476,0.8548
20251104,770.7713,779.1304,779.1304,767.9955,945928.0,18522.0,368826.0,0.0,-1.0,0.0,-18227.0,0.0,-3.0,0.0,-28559.0,787.9984200000001,782.11992,780.1702349999999,5.878500000000145,7.82818500000019,-1.0,-18227.0,-3.0,-28559.0,0.019580771475207415,0.5069416589090308,0.186,0.12537313432835848,0.8548
20251105,770.4573,770.3693,771.3293,762.7376,943532.0,-2396.0,363815.0,0.0,-1.0,0.0,-17248.0,0.0,-3.0,0.0,-34079.0,782.1658,782.09793,779.7784049999999,0.06786999999997079,2.387395000000083,-1.0,-17248.0,-3.0,-34079.0,-0.0025393945303391935,1.0073339480720744,0.1879,0.18208955223880663,0.9032
20251106,771.8766,770.332,773.308,765.7286,937013.0,-6519.0,322560.0,0.0,-1.0,0.0,-15805.0,0.0,-3.0,0.0,-31496.0,777.0366799999999,781.94454,778.94727,-4.907860000000028,-1.91059000000007,-1.0,-15805.0,-3.0,-31496.0,-0.006957214040787054,0.79723066573821,0.1947,0.3850746268656723,0.9194
20251107,755.1335,771.2803,771.2803,751.6086,979758.0,42745.0,543466.0,0.0,-1.0,0.0,-14959.0,0.0,-3.0,0.0,-43485.0,769.14692,780.6983899999999,777.0755,-11.55146999999988,-7.928580000000011,-1.0,-14959.0,-3.0,-43485.0,0.04362812041340821,0.8571178048845466,0.2005,0.5582089552238813,0.9194
20251110,758.5548,756.9008,760.2628,750.3738,968661.0,-11097.0,429468.0,0.0,-1.0,0.0,-6660.0,0.0,-3.0,0.0,-44816.0,765.3587,778.3499100000001,774.9365650000001,-12.99121000000014,-9.577865000000088,-1.0,-6660.0,-3.0,-44816.0,-0.011456020217599346,0.9580601617233544,0.1934,0.3383685800604227,0.9032
20251111,755.1773,758.1038,759.9703,751.8694,962997.0,-5664.0,340051.0,0.0,-1.0,0.0,-7528.0,0.0,-3.0,0.0,-40064.0,762.2399,775.11916,773.730375,-12.87925999999993,-11.49047499999995,-1.0,-7528.0,-3.0,-40064.0,-0.005881638260555329,1.0142474218845312,0.1933,0.3353474320241692,0.8871
20251112,765.461,755.6389,766.6993,755.3142,927019.0,-35978.0,483729.0,0.0,-1.0,0.0,-15648.0,0.0,-3.0,0.0,-38952.0,761.24064,771.7032200000001,773.3385499999999,-10.46258000000012,-12.09790999999996,-1.0,-15648.0,-3.0,-38952.0,-0.038810423518827554,0.9215594224911914,0.1854,0.09667673716012112,0.7258
20251113,763.5164,762.4666,766.451,758.7314,915712.0,-11307.0,282574.0,0.0,-1.0,0.0,-7667.0,0.0,-3.0,0.0,-35250.0,759.5686000000001,768.30264,772.992705,-8.734039999999936,-13.42410499999994,-1.0,-7667.0,-3.0,-35250.0,-0.012347768730779984,0.940171774869732,0.1838,0.048338368580060145,0.7097
20251114,762.2661,764.2961,770.595,759.6303,900973.0,-14739.0,363733.0,0.0,-1.0,0.0,-16044.0,0.0,-3.0,0.0,-32781.0,760.9951199999999,765.0710200000001,772.70578,-4.075900000000161,-11.71066000000008,-1.0,-16044.0,-3.0,-32781.0,-0.016358980790767315,1.009845056685248,0.1833,0.03323262839879124,0.6774
20251117,776.6689,760.6103,778.6804,757.7559,907590.0,6617.0,479937.0,0.0,-1.0,0.0,-14642.0,0.0,-3.0,0.0,-22424.0,764.61794,764.98832,773.3386700000001,-0.3703800000000683,-8.720730000000117,-1.0,-14642.0,-3.0,-22424.0,0.007290737006798224,0.9349125301406078,0.1807,0.0,0.6935
20251118,779.0585,773.7748,779.1577,769.3055,903985.0,-3605.0,351861.0,0.0,-1.0,0.0,-13945.0,1.0,-3.0,0.0,-16811.0,769.39418,765.81704,773.96848,3.577139999999986,-4.574299999999994,-1.0,-13945.0,-2.0,-16811.0,-0.003987898029281459,0.967060360044784,0.1826,0.05491329479768824,0.6613
20251119,777.3749,776.7409,782.4098,773.4433,922426.0,18441.0,352818.0,0.0,-1.0,0.0,-13936.0,0.0,-3.0,0.0,-14280.0,771.7769599999999,766.5088,774.303365,5.268159999999966,-2.526405000000068,-1.0,-13936.0,-3.0,-14280.0,0.019991847584521685,1.0333927954215882,0.1758,0.0,0.6613
20251120,773.8831,777.3387,778.7046,766.873,932399.0,9973.0,428883.0,0.0,-1.0,0.0,-13728.0,1.0,-2.0,0.0,-11344.0,773.8503,766.7094500000001,774.326995,7.140849999999887,-0.4766950000000634,-1.0,-13728.0,-1.0,-11344.0,0.010696064667594023,1.0367125077461563,0.1789,0.07848101265822768,0.6613
20251121,772.4535,773.4667,778.017,769.0032,923338.0,-9061.0,389822.0,0.0,-1.0,0.0,-14105.0,1.0,-3.0,0.0,-15023.0,775.88778,768.44145,774.56992,7.446329999999989,1.317859999999996,-1.0,-14105.0,-2.0,-15023.0,-0.009813307802776448,0.9538941260322192,0.1759,0.0025316455696199757,0.5806
20251124,778.0167,771.6961,784.988,768.312,922873.0,-465.0,467379.0,0.0,-1.0,0.0,-14895.0,2.0,-2.0,3453.0,-16200.0,776.15734,770.38764,774.368775,5.769699999999943,1.788564999999949,-1.0,-14895.0,0.0,-12747.0,-0.0005038613113613682,0.892527467738614,0.1719,0.0,0.6613
20251125,782.0861,778.3093,787.597,778.3093,925702.0,2829.0,335490.0,0.0,-1.0,0.0,-16520.0,2.0,-2.0,5777.0,-11445.0,776.76286,773.07852,774.09884,3.68434000000002,2.66402000000005,-1.0,-16520.0,0.0,-5668.0,0.0030560590773272608,0.7846048759385027,0.1667,0.0,0.6774
20251126,785.0768,782.9353,787.5503,781.1533,930338.0,4636.0,316103.0,0.0,-1.0,0.0,-20112.0,2.0,-1.0,8300.0,-9522.0,778.30324,775.0400999999999,773.37166,3.263140000000021,4.93157999999994,-1.0,-20112.0,1.0,-1222.0,0.004983135161629429,0.8569781055740466,0.1637,0.0,0.7258
20251127,786.472,786.0458,787.2451,779.6636,934281.0,3943.0,316250.0,0.0,-1.0,0.0,-20786.0,2.0,-1.0,7036.0,-9111.0,780.8210200000001,777.33566,772.81915,3.485360000000128,8.001870000000054,-1.0,-20786.0,1.0,-2075.0,0.004220357686820132,0.8728599132728703,0.1674,0.0717054263565888,0.7581
20251128,780.472,784.6711,785.3381,773.9502,920217.0,-14064.0,401111.0,0.0,-1.0,0.0,-21280.0,2.0,-2.0,3667.0,-8351.0,782.42472,779.15625,772.1136349999999,3.268469999999979,10.31108500000005,-1.0,-21280.0,0.0,-4684.0,-0.015283351644231741,0.6067397858716198,0.1757,0.2325581395348835,0.7742
20251201,788.1843,779.6874,789.2151,775.6577,930177.0,9960.0,385862.0,0.0,-1.0,0.0,-21373.0,2.0,-2.0,6684.0,-6207.0,784.4582399999999,780.3077900000001,772.6480549999999,4.150449999999864,11.81018500000005,-1.0,-21373.0,0.0,477.0,0.01070763951376996,0.5650451739864782,0.1739,0.197674418604651,0.8226
20251202,786.4292,787.3583,790.6375,784.7817,934047.0,3870.0,244579.0,0.0,-1.0,0.0,-21804.0,2.0,-3.0,4142.0,-9677.0,785.3268599999999,781.04486,773.43095,4.281999999999925,11.89590999999984,-1.0,-21804.0,-1.0,-5535.0,0.004143260456914909,0.5420682737736059,0.1714,0.14922480620155015,0.8871
20251203,786.0753,786.6913,790.2934,781.3583,946691.0,12644.0,314128.0,0.0,-1.0,0.0,-22559.0,2.0,-1.0,9626.0,-10961.0,785.52656,781.9149,774.21185,3.611660000000029,11.31470999999999,-1.0,-22559.0,1.0,-1335.0,0.01335599472267086,0.6057214494743555,0.1647,0.019379844961240334,0.7419
20251204,783.1325,786.0043,786.4919,778.5625,949834.0,3143.0,373348.0,0.0,-1.0,0.0,-21344.0,2.0,-2.0,2666.0,-15033.0,784.85866,782.83984,774.774645,2.018820000000005,10.08401500000002,-1.0,-21344.0,0.0,-12367.0,0.0033089992567122257,0.5882843243119266,0.1651,0.027131782945736146,0.9032
20251205,773.8551,782.1714,784.4733,771.0412,938976.0,-10858.0,370326.0,0.0,-1.0,0.0,-19977.0,2.0,-3.0,0.0,-15991.0,783.5352800000001,782.98,775.710725,0.5552800000000389,7.824555000000032,-1.0,-19977.0,-1.0,-15991.0,-0.01156366083904168,0.4785949338500636,0.1673,0.06976744186046499,0.9355
20251208,765.3017,772.9034,772.9034,765.117,928191.0,-10785.0,389647.0,0.0,-1.0,0.0,-15512.0,0.0,-3.0,0.0,-19780.0,778.9587600000001,781.7085,776.04807,-2.749739999999861,2.910690000000045,-1.0,-15512.0,-3.0,-19780.0,-0.011619375753481773,0.635658980178335,0.1603,0.0,0.9355
20251209,763.2764,764.7381,764.8277,756.2302,905753.0,-22438.0,391327.0,0.0,-1.0,0.0,-14507.0,1.0,-2.0,562.0,-20272.0,774.3281999999999,779.82753,776.453025,-5.4993300000001,-2.124825000000101,-1.0,-14507.0,-1.0,-19710.0,-0.024772758136048127,0.6726197117509322,0.1828,0.409090909090909,0.9355
20251210,772.4904,762.9416,779.75,761.5227,910539.0,4786.0,561021.0,0.0,-1.0,0.0,-18304.0,0.0,-3.0,0.0,-18692.0,771.61122,778.56889,776.8044950000001,-6.957670000000007,-5.193275000000085,-1.0,-18304.0,-3.0,-18692.0,0.005256227355445511,0.4536121586172114,0.1738,0.24590163934426248,0.9355
20251211,761.4361,772.9338,774.3365,759.1516,894452.0,-16087.0,460794.0,0.0,-1.0,0.0,-16185.0,0.0,-3.0,0.0,-26471.0,767.27194,776.0653,776.7004800000001,-8.793360000000007,-9.428540000000112,-1.0,-16185.0,-3.0,-26471.0,-0.017985313912876263,0.5971774988656836,0.1748,0.26411657559198565,0.9355
20251212,764.5308,762.5946,768.0884,760.7188,882338.0,-12114.0,334420.0,0.0,-1.0,0.0,-17901.0,0.0,-3.0,0.0,-25914.0,765.40708,774.47118,776.813715,-9.064100000000053,-11.40663500000005,-1.0,-17901.0,-3.0,-25914.0,-0.013729432485056746,0.6851522754772863,0.1754,0.2750455373406193,0.9194
20251215,756.6258,758.4776,762.5614,752.851,880531.0,-1807.0,512319.0,0.0,0.0,0.0,0.0,0.0,0.0,0.0,0.0,763.6719,771.31533,775.81156,-7.643429999999967,-12.13965999999994,0.0,0.0,0.0,0.0,-0.0020521707923968607,0.6586952337627443,0.1763,0.2914389799635704,0.9032
20251216,764.2074,758.0716,766.5347,755.5434,882416.0,1885.0,320077.0,0.0,-1.0,0.0,-16010.0,0.0,-3.0,0.0,-29134.0,763.8581,769.09315,775.0690050000001,-5.235050000000001,-11.21090500000003,-1.0,-16010.0,-3.0,-29134.0,0.002136180667621621,0.6654119598774962,0.1752,0.2714025500910746,0.7581
20251217,770.2107,762.6002,771.8601,762.6002,885199.0,2783.0,300480.0,0.0,-1.0,0.0,-15943.0,0.0,-3.0,0.0,-24124.0,763.40216,767.5066899999999,774.710795,-4.104529999999954,-11.30863499999998,-1.0,-15943.0,-3.0,-24124.0,0.003143925829107353,0.6426520390935677,0.1739,0.24772313296903462,0.7258
20251218,779.0092,769.6895,782.681,769.585,908092.0,22893.0,427578.0,0.0,-1.0,0.0,-16659.0,1.0,-3.0,0.0,-13310.0,766.91678,767.09436,774.9671000000001,-0.1775800000000345,-8.050320000000056,-1.0,-16659.0,-2.0,-13310.0,0.025210000748822806,0.6173520668542437,0.1747,0.262295081967213,0.7903
20251219,781.9239,778.7193,782.2099,776.2265,920407.0,12315.0,250251.0,0.0,-1.0,0.0,-16321.0,1.0,-3.0,0.0,-12398.0,770.3954,767.90124,775.4406200000001,2.494159999999965,-5.045220000000086,-1.0,-16321.0,-2.0,-12398.0,0.013379950391511582,0.6103766791912499,0.1759,0.2841530054644809,0.7742
20251222,782.7308,781.4373,786.2734,778.359,934219.0,13812.0,344145.0,0.0,-1.0,0.0,-16570.0,1.0,-3.0,0.0,-21174.0,775.6164,769.6441500000001,775.676325,5.972249999999917,-0.0599250000000211,-1.0,-16570.0,-2.0,-21174.0,0.014784541954295512,0.5745992017807521,0.1696,0.16939890710382519,0.7097
20251223,779.6357,781.3256,783.987,774.8633,928478.0,-5741.0,279022.0,0.0,-1.0,0.0,-16568.0,1.0,-3.0,0.0,-22968.0,778.70206,771.28008,775.553805,7.421979999999962,3.148254999999949,-1.0,-16568.0,-2.0,-22968.0,-0.006183237513435968,0.599545020133096,0.1704,0.1839708561020036,0.6613
20251224,780.391,779.1027,780.8935,771.5301,920780.0,-7698.0,278699.0,0.0,-1.0,0.0,-15699.0,1.0,-3.0,0.0,-21938.0,780.73812,772.07014,775.3195149999999,8.667979999999943,5.418605000000071,-1.0,-15699.0,-2.0,-21938.0,-0.008360303221182041,0.5923422406149825,0.1721,0.21493624772313305,0.629
20251225,779.3931,778.7779,782.2381,775.8503,932619.0,11839.0,187917.0,0.0,-1.0,0.0,-15357.0,1.0,-3.0,0.0,-26272.0,780.8149000000001,773.86584,774.96557,6.949060000000031,5.849330000000123,-1.0,-15357.0,-2.0,-26272.0,0.01269435857515234,0.6044680345364045,0.1736,0.2670682730923695,0.7097
20251226,783.5274,778.49,784.5012,773.0768,944354.0,11735.0,350260.0,0.0,-1.0,0.0,-15269.0,1.0,-3.0,0.0,-31599.0,781.1356,775.7655,775.11834,5.370099999999979,6.017259999999965,-1.0,-15269.0,-2.0,-31599.0,0.012426484136245518,0.6017290219254534,0.1763,0.3212851405622492,0.8387
20251229,796.4687,782.3395,802.3539,782.3395,986304.0,41950.0,561463.0,0.0,-1.0,0.0,-16942.0,2.0,-3.0,0.0,-14191.0,783.88318,779.7497900000001,775.53256,4.133389999999963,8.350620000000049,-1.0,-16942.0,-1.0,-14191.0,0.04253252546882097,0.6263186543441823,0.1852,0.5413043478260869,0.6774
20251230,789.1489,794.4632,799.4398,786.9333,961339.0,-24965.0,362383.0,0.0,-1.0,0.0,-17936.0,1.0,-3.0,0.0,-23288.0,785.7858200000001,782.24394,775.668545,3.541880000000106,10.11727500000006,-1.0,-17936.0,-2.0,-23288.0,-0.02596898700666466,0.6079194885996336,0.1857,0.5521739130434782,0.6613
20251231,789.1817,790.1912,794.7842,784.686,933900.0,-27439.0,312040.0,0.0,-1.0,0.0,-17453.0,1.0,-3.0,0.0,-39605.0,787.54396,784.14104,775.8238650000001,3.402919999999995,11.7200949999999,-1.0,-17453.0,-2.0,-39605.0,-0.029381090052468143,0.5450600958360908,0.1704,0.21956521739130425,0.5806
20260105,796.1559,790.4677,798.1233,790.4677,954274.0,20374.0,236955.0,1.0,-1.0,7938.0,-19143.0,1.0,-2.0,1307.0,-39904.0,790.89652,785.85571,776.475035,5.040809999999965,14.42148499999996,0.0,-11205.0,-1.0,-38597.0,0.02135026208405552,0.5800458972336417,0.1803,0.43478260869565183,0.5806
20260106,800.3094,795.162,804.6874,786.3954,979408.0,25134.0,393568.0,1.0,-1.0,8837.0,-20664.0,1.0,-3.0,440.0,-36871.0,794.25292,787.69426,777.79775,6.558660000000032,16.45517000000007,0.0,-11827.0,-2.0,-36431.0,0.02566244098475814,0.6476051961295817,0.1792,0.4108695652173912,0.5806
20260107,826.7601,799.739,827.1503,799.739,1001082.0,21674.0,615832.0,1.0,-1.0,0.0,-19904.0,1.0,-2.0,1917.0,-23940.0,800.3112,792.09719,780.87067,8.21401000000003,19.44052999999997,0.0,-19904.0,-1.0,-22023.0,0.02165057407884669,0.5222715732620777,0.1984,0.828260869565217,0.5968
20260108,812.8871,825.6955,830.7653,807.9258,965191.0,-35891.0,553990.0,0.0,-1.0,0.0,-20998.0,1.0,-2.0,493.0,-21853.0,805.0588399999999,795.42233,783.351205,9.63650999999993,21.70763499999987,-1.0,-20998.0,-1.0,-21360.0,-0.03718538610492638,0.8830823958608932,0.1871,0.5826086956521735,0.4839
20260109,814.0943,814.7558,818.2788,809.4976,965075.0,-116.0,328095.0,0.0,-1.0,0.0,-20464.0,1.0,-2.0,136.0,-27784.0,810.0413599999999,798.79266,785.4314,11.24869999999999,24.60995999999989,-1.0,-20464.0,-1.0,-27648.0,-0.00012019791207937207,0.7924643297740279,0.1881,0.6043478260869561,0.4516
20260112,822.2714,816.8712,825.5801,816.4588,983798.0,18723.0,343679.0,0.0,-1.0,0.0,-11885.0,1.0,-2.0,548.0,-29577.0,815.26446,803.08049,788.473165,12.18396999999993,26.79129499999999,-1.0,-11885.0,-1.0,-29029.0,0.019031345865716337,0.8205770619093139,0.2008,0.9121621621621625,0.4677
20260113,818.9289,821.596,827.4865,813.6595,990406.0,6608.0,387749.0,0.0,-1.0,0.0,-20953.0,1.0,-3.0,0.0,-24990.0,818.98836,806.62064,791.19307,12.36771999999996,27.79528999999991,-1.0,-20953.0,-2.0,-24990.0,0.006672011276183706,0.4871426160579648,0.1943,0.839506172839506,0.3871
20260114,820.3177,819.5622,825.0158,816.5949,1002520.0,12114.0,291528.0,0.0,-1.0,0.0,-11756.0,0.0,-3.0,0.0,-27921.0,817.6998799999999,809.0055399999999,794.3776650000001,8.694340000000011,23.3222149999998,-1.0,-11756.0,-3.0,-27921.0,0.012083549455372461,0.5087676756386608,0.1942,0.8370370370370372,0.371
20260115,812.6394,819.4585,820.8089,811.9222,998450.0,-4070.0,321922.0,0.0,-1.0,0.0,-10726.0,0.0,-3.0,0.0,-30644.0,817.6503399999999,811.35459,796.799265,6.295749999999884,20.85107499999992,-1.0,-10726.0,-3.0,-30644.0,-0.0040763182933547,0.5553764465866853,0.189,0.7086419753086419,0.371
20260116,811.2974,812.7231,820.7625,809.5088,995281.0,-3169.0,320763.0,0.0,-1.0,0.0,-11660.0,1.0,-3.0,0.0,-27864.0,817.0909600000001,813.5661600000001,798.8536,3.524800000000027,18.23736000000008,-1.0,-11660.0,-2.0,-27864.0,-0.0031840254159378107,0.2754165049868372,0.1877,0.6765432098765433,0.4032
20260119,793.4312,810.3529,810.9469,788.1852,966607.0,-28674.0,477544.0,0.0,-1.0,0.0,-16242.0,0.0,-3.0,0.0,-42382.0,811.32292,813.29369,799.5746999999999,-1.970770000000016,11.74822000000006,-1.0,-16242.0,-3.0,-42382.0,-0.02966458964191238,0.5475055568744418,0.1757,0.38024691358024676,0.629
20260120,788.5524,796.3184,796.3184,778.5351,939036.0,-27571.0,485439.0,0.0,-1.0,0.0,-9547.0,0.0,-3.0,0.0,-32202.0,805.2476200000001,812.11799,799.906125,-6.870369999999866,5.341495000000123,-1.0,-9547.0,-3.0,-32202.0,-0.029360961667071337,0.5795185348304838,0.1737,0.330864197530864,0.5968
20260121,782.9645,787.8714,790.6326,781.7797,926595.0,-12441.0,285845.0,0.0,-1.0,0.0,-15395.0,1.0,-2.0,0.0,-33026.0,797.77698,807.73843,799.91781,-9.961450000000013,-2.140830000000051,-1.0,-15395.0,-1.0,-33026.0,-0.013426577954769883,0.5546562572433086,0.1759,0.3851851851851852,0.6129
20260122,785.3096,784.606,789.1349,781.6571,916200.0,-10395.0,243927.0,0.0,-1.0,0.0,-15174.0,0.0,-3.0,0.0,-29512.0,792.3110200000001,804.98068,800.201505,-12.66965999999991,-7.890484999999899,-1.0,-15174.0,-3.0,-29512.0,-0.011345776031434185,0.500674252710295,0.1812,0.5160493827160493,0.6129
20260123,793.4157,785.4893,796.3323,784.6521,922996.0,6796.0,288883.0,0.0,-1.0,0.0,-16474.0,1.0,-3.0,0.0,-30622.0,788.7346799999999,802.91282,800.85274,-14.1781400000001,-12.11806000000013,-1.0,-16474.0,-2.0,-30622.0,0.00736297882114332,0.4677379849432166,0.1887,0.7012345679012346,0.629
20260126,782.9115,793.5218,799.5237,782.6114,924272.0,1276.0,331418.0,0.0,-1.0,0.0,-16093.0,1.0,-3.0,0.0,-25568.0,786.63074,798.97683,801.0286600000001,-12.34609,-14.39792000000011,-1.0,-16093.0,-2.0,-25568.0,0.0013805459864628595,0.4846355099692569,0.1886,0.6987654320987651,0.629
20260127,786.5178,785.5995,791.4638,782.8478,924309.0,37.0,263533.0,0.0,-1.0,0.0,-15414.0,1.0,-3.0,0.0,-23466.0,786.22382,795.73572,801.17818,-9.511899999999969,-14.95435999999995,-1.0,-15414.0,-2.0,-23466.0,4.002990341974383e-05,0.6017186520798653,0.1798,0.4814814814814811,0.6452
20260128,781.1456,786.0315,787.7155,779.1589,920226.0,-4083.0,269910.0,0.0,-1.0,0.0,-15555.0,1.0,-2.0,624.0,-22170.0,785.8600399999999,791.8185100000001,800.412025,-5.958470000000148,-14.55198500000006,-1.0,-15555.0,-1.0,-21546.0,-0.004436953530980433,0.6331154024492952,0.1809,0.5086419753086421,0.3226
20260129,796.2876,782.2982,797.592,779.3521,910288.0,-9938.0,375631.0,0.0,-1.0,0.0,-15101.0,1.0,-2.0,751.0,-19907.0,788.05564,790.1833300000001,800.76896,-2.12769000000003,-12.71331999999995,-1.0,-15101.0,-1.0,-19156.0,-0.010917423936160863,0.5952731753725793,0.1927,0.8000000000000002,0.3065
20260130,789.5124,795.8796,798.4826,784.9871,896261.0,-14027.0,348922.0,0.0,-1.0,0.0,-14646.0,1.0,-3.0,0.0,-24925.0,787.27498,788.00483,800.785495,-0.7298499999999422,-13.51051499999994,-1.0,-14646.0,-2.0,-24925.0,-0.01565057499991632,0.5210549918770586,0.1966,0.896296296296296,0.2581
20260202,781.0064,787.3612,791.7354,779.1895,878602.0,-17659.0,378034.0,0.0,-1.0,0.0,-14948.0,2.0,-2.0,0.0,-18288.0,786.89396,786.76235,800.02802,0.1316100000000233,-13.13405999999998,-1.0,-14948.0,0.0,-18288.0,-0.020098975417765952,0.6322604522105,0.2034,1.0,0.129
20260203,775.4294,784.034,794.7413,772.7746,880098.0,1496.0,441954.0,0.0,-1.0,0.0,-15869.0,2.0,-2.0,0.0,-14245.0,784.6762799999999,785.45005,798.7840199999999,-0.7737700000001269,-14.10774000000004,-1.0,-15869.0,0.0,-14245.0,0.0016998107028989953,0.6856774242052991,0.2109,1.0,0.129
20260204,779.276,779.1253,783.6921,775.8641,874073.0,-6025.0,290463.0,0.0,-1.0,0.0,-15413.0,1.0,-2.0,6.0,-9814.0,784.30236,785.0812,796.409815,-0.7788399999999456,-12.10745499999996,-1.0,-15413.0,-1.0,-9808.0,-0.006893016944808958,0.6320745810529896,0.2061,0.9051383399209486,0.0645
20260205,766.3345,778.1044,778.1044,762.3542,886475.0,12402.0,434532.0,0.0,-1.0,0.0,-14620.0,0.0,-3.0,0.0,-18767.0,778.31174,783.18369,794.082185,-4.87194999999997,-15.770445,-1.0,-14620.0,-3.0,-18767.0,0.01399024225161454,0.781468432295623,0.204,0.8636363636363633,0.0645
20260206,758.1673,766.4841,769.4772,757.6755,875867.0,-10608.0,278984.0,0.0,-1.0,0.0,-13755.0,0.0,-3.0,0.0,-17491.0,772.04272,779.65885,791.2858349999999,-7.616129999999998,-19.24311499999988,-1.0,-13755.0,-3.0,-17491.0,-0.012111427876606837,0.8837056418416218,0.2048,0.8794466403162057,0.1774
20260209,759.2049,758.1774,762.3212,755.3296,875169.0,-698.0,222623.0,0.0,-1.0,0.0,-13179.0,1.0,-3.0,0.0,-19466.0,767.68242,777.28819,788.13251,-9.605770000000007,-20.45009000000005,-1.0,-13179.0,-2.0,-19466.0,-0.0007975602426502767,0.8911691042799877,0.201,0.8043478260869567,0.1129
20260210,758.9629,761.6313,764.3457,758.7513,878607.0,3438.0,186268.0,0.0,-1.0,0.0,-12688.0,2.0,-3.0,0.0,-18328.0,764.38912,774.5327,785.1342099999999,-10.14357999999993,-20.74508999999989,-1.0,-12688.0,-1.0,-18328.0,0.003913012302428731,0.8908770011818156,0.1933,0.6521739130434782,0.0968
20260211,759.9613,758.5861,764.1049,756.0656,870820.0,-7787.0,177721.0,0.0,-1.0,0.0,-12361.0,2.0,-3.0,0.0,-24548.0,760.5261800000001,772.41427,782.1163899999999,-11.88808999999992,-21.59020999999984,-1.0,-12361.0,-1.0,-24548.0,-0.008942146482625571,0.8725945170557845,0.1906,0.5988142292490116,0.0968
20260212,759.106,761.4599,763.9642,758.888,859080.0,-11740.0,152659.0,0.0,-1.0,0.0,-12039.0,1.0,-3.0,0.0,-25933.0,759.08048,768.69611,779.43972,-9.61563000000001,-20.35924,-1.0,-12039.0,-2.0,-25933.0,-0.013665781999348139,0.8713482667731569,0.1894,0.5750988142292492,0.0968
20260213,743.3602,758.866,761.1609,743.1113,866766.0,7686.0,305311.0,0.0,-1.0,0.0,-9315.0,0.0,-3.0,0.0,-17922.0,756.11906,764.08089,776.04286,-7.961829999999964,-19.92380000000003,-1.0,-9315.0,-3.0,-17922.0,0.008867445192820208,1.0340964467663758,0.2002,0.7885375494071144,0.0645
20260224,737.5119,744.8875,745.1389,733.5246,907647.0,40881.0,296835.0,1.0,-1.0,0.0,-2227.0,2.0,-2.0,0.0,-10367.0,751.78046,759.73144,773.246895,-7.950980000000072,-21.46643500000005,0.0,-2227.0,0.0,-10367.0,0.04504063804540752,0.695237222413063,0.191,0.6067193675889329,0.0806
20260225,749.0593,738.5214,752.9855,736.7231,926774.0,19127.0,365032.0,0.0,-1.0,0.0,-5845.0,1.0,-2.0,552.0,-5168.0,749.79974,757.09443,771.27224,-7.294689999999946,-21.47249999999997,-1.0,-5845.0,-1.0,-4616.0,0.02063825700764156,0.6866127170282318,0.1808,0.4051383399209484,0.0645
20260226,744.6748,749.7972,750.3302,740.1899,939648.0,12874.0,257553.0,0.0,-1.0,0.0,-12190.0,1.0,-3.0,0.0,-12064.0,746.74244,753.63431,769.357755,-6.89187000000004,-22.61531500000001,-1.0,-12190.0,-2.0,-12064.0,0.013700875221359488,0.6380763895150721,0.1726,0.24308300395256924,0.0645
20260227,745.6677,743.9189,746.5338,741.1865,946564.0,6916.0,230046.0,0.0,-1.0,0.0,-4804.0,2.0,-3.0,0.0,-7827.0,744.0547799999999,751.56763,767.3756599999999,-7.512850000000071,-23.32087999999999,-1.0,-4804.0,-1.0,-7827.0,0.007306426189882565,0.7491889193480546,0.1716,0.22332015810276687,0.0968
20260302,748.7944,744.5176,749.3559,737.7172,951771.0,5207.0,359415.0,0.0,-1.0,0.0,-3900.0,2.0,-2.0,2550.0,-4039.0,745.1416200000001,750.6303399999999,765.144595,-5.48871999999983,-20.00297499999988,-1.0,-3900.0,0.0,-1489.0,0.005470853808321539,0.7183467833147433,0.177,0.3300395256916994,0.1129
20260303,747.8808,746.3989,748.1173,738.3663,948595.0,-3176.0,315518.0,0.0,-1.0,0.0,-3676.0,2.0,-2.0,2611.0,-6396.0,747.2154,749.4979300000001,763.39306,-2.282530000000065,-16.17765999999995,-1.0,-3676.0,0.0,-3785.0,-0.0033481095725783924,1.2078328945110988,0.1837,0.46245059288537554,0.0806
20260304,746.5341,746.6497,747.545,740.3564,940260.0,-8335.0,301556.0,0.0,-1.0,0.0,-3369.0,2.0,-2.0,2733.0,-6094.0,746.7103599999999,748.25505,761.393875,-1.54469000000006,-14.68351500000006,-1.0,-3369.0,0.0,-3361.0,-0.00886456937442835,1.0400011941516225,0.1899,0.5849802371541504,0.0806
20260305,752.3547,746.5627,763.7337,745.4893,910184.0,-30076.0,564781.0,0.0,-1.0,0.0,-4100.0,2.0,-1.0,3514.0,-2718.0,748.24634,747.4943900000001,759.95433,0.7519499999999653,-11.70799,-1.0,-4100.0,1.0,796.0,-0.03304386805305301,1.0209519281431152,0.1972,0.7292490118577072,0.0806
20260306,764.4886,754.8812,766.9373,752.9768,891411.0,-18773.0,355125.0,0.0,-1.0,0.0,-4723.0,2.0,-1.0,7629.0,-1909.0,752.01052,748.03265,758.36438,3.977870000000053,-6.353859999999941,-1.0,-4723.0,1.0,5720.0,-0.02105987025064757,0.9860660940481012,0.1868,0.5237154150197627,0.129
20260309,776.207,765.2766,783.7493,764.1916,874965.0,-16446.0,563369.0,0.0,-1.0,0.0,-13561.0,2.0,-2.0,4108.0,-2514.0,757.49304,751.3173300000001,757.6991099999999,6.175709999999867,-0.2060699999999542,-1.0,-13561.0,0.0,1594.0,-0.01879618041864532,0.9337897004010492,0.19,0.5869565217391305,0.1452
20260310,775.2927,774.7699,778.2523,765.0316,871800.0,-3165.0,390816.0,0.0,-1.0,0.0,-14055.0,1.0,-2.0,1434.0,-5873.0,762.97542,755.09541,757.413425,7.88000999999997,5.561995000000024,-1.0,-14055.0,-1.0,-4439.0,-0.003630419821059876,0.9203541618184952,0.1783,0.3557312252964424,0.0968
20260311,777.841,775.2011,780.0008,772.0828,881212.0,9412.0,254624.0,0.0,-1.0,0.0,-14064.0,2.0,-2.0,642.0,-5779.0,769.2368,757.97358,757.534005,11.26322000000005,11.70279500000004,-1.0,-14064.0,0.0,-5137.0,0.01068074424769522,0.7236464615706778,0.1925,0.6363636363636365,0.129
20260312,785.8658,778.9473,789.2184,777.5673,888419.0,7207.0,327413.0,0.0,-1.0,0.0,-14244.0,3.0,-1.0,461.0,-2813.0,775.93902,762.09268,757.863495,13.84634000000005,18.07552500000008,-1.0,-14244.0,2.0,-2352.0,0.008112163292320403,0.6257717469901342,0.2005,0.7481840193704602,0.1452
20260313,799.6258,810.802,815.0659,793.7483,888232.0,-187.0,634439.0,0.0,-1.0,0.0,-14621.0,2.0,-1.0,11282.0,-10047.0,782.96646,767.48849,759.52806,15.47797000000003,23.4384,-1.0,-14621.0,1.0,1235.0,-0.00021053058210017202,0.7024016911564815,0.2433,1.0,0.129
20260316,797.6061,789.1951,798.3298,783.6457,884319.0,-3913.0,451727.0,0.0,-1.0,0.0,-15217.0,2.0,-1.0,8764.0,-12633.0,787.24628,772.3696600000001,761.5,14.87661999999989,25.74627999999996,-1.0,-15217.0,1.0,-3869.0,-0.004424873829466516,0.7668553579462369,0.2223,0.7150610583446405,0.0968
20260317,805.2217,796.4893,807.3994,794.0773,891522.0,7203.0,294977.0,0.0,-1.0,0.0,-14959.0,2.0,-1.0,3414.0,-8223.0,793.23208,778.10375,763.80084,15.12833000000001,29.43124,-1.0,-14959.0,1.0,-4809.0,0.008079441673901485,0.7382525844832188,0.2101,0.5495251017639079,0.0806
20260318,798.7017,803.573,806.6766,793.8439,878593.0,-12929.0,284650.0,0.0,-1.0,0.0,-15054.0,2.0,-1.0,1155.0,-9822.0,797.40422,783.3205099999999,765.7877799999999,14.08371000000011,31.61644000000013,-1.0,-15054.0,1.0,-8667.0,-0.014715573650142899,0.8701409018638957,0.1926,0.31207598371777473,0.0806
20260319,794.5132,798.1578,799.4592,790.656,872123.0,-6470.0,281219.0,0.0,-1.0,0.0,-14461.0,1.0,-2.0,3462.0,-11923.0,799.1337,787.53636,767.5153750000001,11.59734000000003,31.61832499999991,-1.0,-14461.0,-1.0,-8461.0,-0.00741867832863025,0.9229392452140942,0.1942,0.3337856173677071,0.0645
20260320,801.21,790.8423,804.0486,788.477,881639.0,9516.0,342205.0,0.0,-1.0,0.0,-16374.0,2.0,-1.0,3889.0,-9312.0,799.45054,791.2085,769.620575,8.242040000000088,29.82996500000002,-1.0,-16374.0,1.0,-5423.0,0.010793533407664589,0.9872273473619452,0.2097,0.5440976933514248,0.0645
20260323,805.3343,799.6286,812.0946,799.0755,875951.0,-5688.0,392072.0,0.0,-1.0,0.0,-16477.0,2.0,-1.0,4223.0,-10942.0,800.99618,794.12123,772.71928,6.874950000000013,28.27689999999996,-1.0,-16477.0,1.0,-6719.0,-0.006493513906599798,0.9205460570264998,0.2182,0.6594301221166895,0.0806
20260324,809.362,800.892,814.3267,799.7736,897800.0,21849.0,329097.0,0.0,-1.0,0.0,-16074.0,2.0,-1.0,5419.0,-6027.0,801.82424,797.5281600000001,776.311785,4.296079999999961,25.51245500000005,-1.0,-16074.0,1.0,-608.0,0.024336155045667187,0.98494181857213,0.2229,0.7232021709633649,0.0806
20260325,792.9838,807.5964,815.7047,788.8767,890387.0,-7413.0,555591.0,0.0,-1.0,0.0,-16663.0,2.0,-1.0,7952.0,-7809.0,800.68066,799.0424399999999,778.50801,1.638220000000047,22.17264999999998,-1.0,-16663.0,1.0,143.0,-0.008325593253270768,0.8506211595361033,0.2216,0.7055630936227951,0.0968
20260326,802.9724,797.1396,808.2865,794.8631,890411.0,24.0,327563.0,0.0,-1.0,0.0,-16198.0,2.0,-1.0,5679.0,-6712.0,802.3725000000001,800.7531,781.42289,1.619400000000041,20.94961000000001,-1.0,-16198.0,1.0,-1033.0,2.6953844909822544e-05,0.7489192578082221,0.2299,0.8161865569272977,0.129
20260327,799.9743,804.6236,805.0264,795.3614,900846.0,10435.0,302681.0,0.0,-1.0,0.0,-14810.0,2.0,-1.0,10444.0,-6709.0,802.12536,800.78795,784.13822,1.337409999999977,17.98713999999995,-1.0,-14810.0,1.0,3735.0,0.011583555901896662,0.6370200678363164,0.226,0.7626886145404667,0.2419
20260330,801.4637,799.8343,806.5237,799.2398,900859.0,13.0,240520.0,0.0,-1.0,0.0,-13698.0,2.0,-1.0,14090.0,-7726.0,801.35124,801.17371,786.7716849999999,0.1775299999999334,14.57955500000003,-1.0,-13698.0,1.0,6364.0,1.4430671170516141e-05,0.6404738936374049,0.22,0.6803840877914953,0.1774
20260331,796.3274,801.6044,804.7848,794.8784,904301.0,3442.0,270346.0,0.0,-1.0,0.0,-17582.0,2.0,-1.0,19986.0,-9113.0,798.74432,800.2842800000001,789.194015,-1.539960000000065,9.55030499999998,-1.0,-17582.0,1.0,10873.0,0.00380625477578815,0.6979505281003273,0.1949,0.336076817558299,0.1613
20260401,799.3015,798.0566,808.7465,796.3729,923848.0,19547.0,339438.0,0.0,-1.0,0.0,-18258.0,2.0,-1.0,24041.0,-9016.0,800.0078599999999,800.3442600000001,791.8323849999999,-0.3364000000001397,8.175475000000006,-1.0,-18258.0,1.0,15025.0,0.021158242481447164,0.6736862010482587,0.2047,0.47050754458161864,0.129
20260402,790.9209,799.6865,800.6726,780.404,916451.0,-7397.0,573526.0,0.0,-1.0,0.0,-18422.0,2.0,-1.0,19355.0,-10897.0,797.5975599999999,799.98503,793.7606949999999,-2.387470000000121,3.836864999999989,-1.0,-18422.0,1.0,8458.0,-0.008071353514808756,0.7265112311232057,0.2204,0.6858710562414269,0.1935
20260403,785.4921,794.6607,795.172,781.3495,916211.0,-240.0,339133.0,0.0,-1.0,0.0,-18036.0,2.0,-2.0,13923.0,-10075.0,794.70112,798.4132400000001,794.81087,-3.712120000000141,-0.1097500000000764,-1.0,-18036.0,0.0,3848.0,-0.000261948393983482,0.6969689919788927,0.218,0.6529492455418382,0.1774
20260407,784.1092,785.9174,792.8491,781.0378,941911.0,25700.0,285370.0,0.0,-1.0,0.0,-18447.0,2.0,-1.0,17156.0,-9987.0,791.23022,796.2907299999999,795.20598,-5.060509999999908,-3.975759999999923,-1.0,-18447.0,1.0,7169.0,0.027284955797309936,0.7086711993668593,0.2366,0.9065550906555093,0.1774
20260408,774.5229,786.3477,786.6585,771.1794,941135.0,-776.0,427814.0,0.0,-1.0,0.0,-16687.0,1.0,-2.0,12765.0,-18416.0,786.86932,792.80682,795.16749,-5.9375,-8.298170000000027,-1.0,-16687.0,-1.0,-5651.0,-0.0008245363311320906,0.8043779095114105,0.2166,0.6276150627615061,0.1129
20260409,757.0452,774.6832,774.6832,755.6391,974294.0,33159.0,524768.0,0.0,-1.0,0.0,-14813.0,1.0,-2.0,8966.0,-18094.0,778.4180600000001,789.21296,794.1277,-10.79489999999987,-15.70963999999992,-1.0,-14813.0,-1.0,-9128.0,0.0340338747852291,0.9705950232470256,0.1986,0.3765690376569038,0.1129
