,收盘价,开盘价,最高价,最低价,持仓量,持仓量变动,成交量,家人多头席位数,家人空头席位数,家人多头持仓量,家人空头持仓量,机构多头席位数,机构空头席位数,机构多头持仓量,机构空头持仓量,ma5,ma10,ma20,diff5_10,diff5_20,家人净多头席位,家人净多头持仓量,机构净多头席位,机构净多头持仓量,持仓量变幅,CB_index,IV,IV_pct,趋势排名分位数
20240506,7526.9502,7575.3398,7577.2856,7506.6919,442699.0,19449.0,399590.0,1.0,0.0,5406.0,0.0,1.0,-2.0,6160.0,-45309.0,7592.89092,7593.448000000001,7592.608725,-0.557080000001406,0.2821949999997742,1.0,5406.0,-1.0,-39149.0,0.0439327850300091,-0.0762856727948602,,,
20240507,7589.6021,7527.6772,7605.0586,7520.853,467859.0,25160.0,407223.0,1.0,0.0,5495.0,0.0,1.0,-2.0,4098.0,-49866.0,7597.7546,7592.325099999999,7593.776795,5.429500000001099,3.977805000000444,1.0,5495.0,-1.0,-45768.0,0.053776885771140454,-0.10065310267061,,,
20240508,7564.7456,7582.2144,7608.6792,7561.3052,468571.0,712.0,343334.0,1.0,0.0,5739.0,0.0,2.0,-1.0,5863.0,-48012.0,7586.17764,7584.391509999999,7591.995639999999,1.786130000000412,-5.817999999999302,1.0,5739.0,1.0,-42149.0,0.0015195135849209618,-0.0521318048440134,,,
20240509,7555.0757,7565.0547,7586.6758,7535.9683,461650.0,-6921.0,358934.0,1.0,0.0,5609.0,0.0,1.0,-2.0,5187.0,-53147.0,7570.552160000001,7577.79932,7590.006820000001,-7.247159999998985,-19.45465999999942,1.0,5609.0,-1.0,-47960.0,-0.014991876963067259,-0.0665380719206581,,,
20240510,7536.811,7558.0884,7569.7344,7500.3394,467801.0,6151.0,375110.0,0.0,0.0,0.0,0.0,2.0,-1.0,7863.0,-48972.0,7554.63692,7576.371880000001,7586.63155,-21.73496000000068,-31.99463000000014,0.0,0.0,1.0,-41109.0,0.013148753422929836,-0.0764647601154044,,,0.8065
20240513,7581.1206,7536.4917,7582.0435,7514.4512,483446.0,15645.0,372123.0,1.0,0.0,5779.0,0.0,2.0,-1.0,10448.0,-46644.0,7565.471,7579.18096,7586.416095,-13.70995999999923,-20.94509500000004,1.0,5779.0,1.0,-36196.0,0.03236142195819181,-0.0364022054767192,,,
20240514,7561.0234,7585.6191,7601.916,7552.8228,484845.0,1399.0,385778.0,0.0,0.0,0.0,0.0,2.0,-1.0,12081.0,-50397.0,7559.75526,7578.75493,7583.70435,-18.99967000000015,-23.94909000000007,0.0,0.0,1.0,-38316.0,0.0028854582392310946,-0.1410465453586717,,,
20240515,7586.3564,7551.1133,7589.6206,7545.2188,502499.0,17654.0,300812.0,0.0,0.0,0.0,0.0,2.0,-1.0,13126.0,-45171.0,7564.07742,7575.12753,7583.693775000002,-11.05011000000013,-19.61635500000193,0.0,0.0,1.0,-32045.0,0.03513240822369796,-0.1303121264771859,,,
20240516,7616.2124,7571.8994,7620.0254,7560.0962,532795.0,30296.0,388949.0,1.0,0.0,6132.0,0.0,2.0,-1.0,8542.0,-44670.0,7576.304760000001,7573.42846,7585.188744999999,2.876300000000811,-8.883984999998574,1.0,6132.0,1.0,-36128.0,0.05686239548043807,-0.0649784616818603,,,
20240517,7760.9878,7614.6045,7772.7456,7614.6045,626904.0,94109.0,633505.0,1.0,0.0,6499.0,0.0,2.0,-1.0,12256.0,-50529.0,7621.140119999999,7587.88852,7594.73076,33.25159999999869,26.40935999999874,1.0,6499.0,1.0,-38273.0,0.15011708331738194,-0.5453386861710721,,,0.871
20240520,7834.5161,7780.6372,7849.2876,7772.022,641410.0,14506.0,554561.0,1.0,0.0,6513.0,0.0,1.0,-2.0,11333.0,-53731.0,7671.81922,7618.645109999999,7606.046555000001,53.17411000000084,65.7726649999995,1.0,6513.0,-1.0,-42398.0,0.02261579956657988,-0.1899881213950089,,,
20240521,7792.1509,7811.6641,7852.7305,7760.3706,626867.0,-14543.0,468698.0,0.0,0.0,0.0,0.0,1.0,-2.0,17057.0,-44719.0,7718.04472,7638.89999,7615.612544999999,79.14472999999998,102.4321750000008,0.0,0.0,-1.0,-27662.0,-0.02319949845820565,-0.0964271985037883,,,
20240522,7794.6348,7792.5244,7811.9961,7761.7451,616704.0,-10163.0,317442.0,1.0,0.0,6864.0,0.0,2.0,-1.0,19086.0,-43299.0,7759.7004,7661.88891,7623.14021,97.81149000000005,136.5601900000001,1.0,6864.0,1.0,-24213.0,-0.01647954286010793,-0.1297371766147553,,,
20240523,7717.2021,7774.2646,7785.5254,7693.4155,580490.0,-36214.0,424347.0,0.0,0.0,0.0,0.0,2.0,-1.0,17983.0,-45643.0,7779.89834,7678.101549999999,7627.950435000001,101.7967900000003,151.9479049999991,0.0,0.0,1.0,-27660.0,-0.06238522627435442,-0.1112494339261394,,,
20240524,7753.313,7735.1289,7773.4976,7726.8457,567711.0,-12779.0,402004.0,1.0,0.0,5995.0,0.0,2.0,-1.0,19487.0,-44069.0,7778.36338,7699.75175,7638.061815000001,78.61162999999942,140.3015649999988,1.0,5995.0,1.0,-24582.0,-0.022509692431536468,-0.1064713188592329,,,0.8871
20240527,7829.77,7754.689,7830.6621,7744.8315,586397.0,18686.0,417843.0,0.0,0.0,0.0,0.0,2.0,-1.0,18919.0,-43769.0,7777.41416,7724.61669,7651.898824999999,52.79747000000043,125.515335000001,0.0,0.0,1.0,-24850.0,0.031865783760830976,-0.153183095734624,,,
20240528,7802.0869,7850.1914,7905.1709,7799.0205,586318.0,-79.0,470255.0,0.0,0.0,0.0,0.0,2.0,-1.0,21757.0,-51903.0,7779.401360000001,7748.72304,7663.738984999999,30.67832000000089,115.6623750000017,0.0,0.0,1.0,-30146.0,-0.00013473916884693972,-0.186070238744924,,,
20240529,7830.7148,7804.8291,7841.6113,7782.8364,586559.0,241.0,308697.0,0.0,0.0,0.0,0.0,2.0,-1.0,21590.0,-51043.0,7786.617360000001,7773.158880000001,7674.143205,13.45848000000024,112.4741550000008,0.0,0.0,1.0,-29453.0,0.0004108708586859975,-0.169750989433749,,,
20240530,7869.3423,7862.0649,7925.2852,7832.1128,586082.0,-477.0,459909.0,1.0,0.0,7493.0,0.0,2.0,-1.0,20021.0,-48768.0,7817.0454,7798.471869999999,7685.950165,18.57353000000057,131.0952349999998,1.0,7493.0,1.0,-28747.0,-0.0008138792865162213,-0.1752600025924207,,,
20240531,7841.0645,7872.6528,7917.1758,7840.0596,595415.0,9333.0,389995.0,1.0,0.0,7704.0,0.0,2.0,-1.0,19991.0,-51698.0,7834.595700000001,7806.47954,7697.184029999999,28.11616000000049,137.4116700000013,1.0,7704.0,1.0,-31707.0,0.01567478145495159,-0.1329296806645494,,,0.6452
20240603,7719.5728,7853.3965,7858.5356,7710.8208,543198.0,-52217.0,506463.0,0.0,0.0,0.0,0.0,2.0,-1.0,18846.0,-49799.0,7812.55626,7794.985210000001,7706.81516,17.57104999999956,105.7411000000002,0.0,0.0,1.0,-30953.0,-0.0961288517262582,-0.1087265465777183,,,
20240604,7682.2319,7725.4097,7730.8071,7670.4331,517406.0,-25792.0,380115.0,1.0,0.0,5605.0,0.0,2.0,-1.0,19637.0,-47966.0,7788.58526,7783.99331,7711.446650000001,4.591949999999997,77.13860999999906,1.0,5605.0,1.0,-28329.0,-0.04984866816387904,-0.1633902372843953,,,
20240605,7647.0435,7675.6982,7675.6982,7632.1953,496966.0,-20440.0,320352.0,1.0,0.0,5860.0,0.0,2.0,-2.0,12259.0,-52066.0,7751.851000000001,7769.234179999999,7715.561545000001,-17.3831799999989,36.28945499999918,1.0,5860.0,0.0,-39807.0,-0.04112957425658898,-0.1577282967161997,,,
20240606,7671.2075,7655.2441,7690.1909,7639.4331,485623.0,-11343.0,296766.0,1.0,0.0,6163.0,0.0,1.0,-2.0,12754.0,-55176.0,7712.224040000001,7764.63472,7721.368135,-52.41067999999905,-9.144094999998742,1.0,6163.0,-1.0,-42422.0,-0.023357625153668588,-0.1827076273684807,,,
20240607,7679.2759,7671.0776,7724.2402,7661.7827,470422.0,-15201.0,315245.0,1.0,0.0,5661.0,0.0,2.0,-2.0,9240.0,-48385.0,7679.866319999999,7757.231009999999,7728.491380000001,-77.36468999999943,-48.62506000000212,1.0,5661.0,0.0,-39145.0,-0.032313539757919486,-0.1908642674453196,,,0.8387
20240611,7679.4399,7706.5361,7721.626,7665.8428,461436.0,-8986.0,249195.0,1.0,0.0,5785.0,0.0,2.0,-2.0,9623.0,-47416.0,7671.83974,7742.198000000001,7733.407345,-70.35826000000088,-61.56760499999928,1.0,5785.0,0.0,-37793.0,-0.019473989892422786,-0.1583650552439109,,,
20240612,7731.8735,7676.7593,7738.3149,7662.8745,463705.0,2269.0,290980.0,2.0,0.0,13031.0,0.0,2.0,-1.0,11635.0,-43138.0,7681.768059999999,7735.17666,7741.94985,-53.40860000000066,-60.18179000000055,2.0,13031.0,1.0,-31503.0,0.004893197183554199,-0.2261242810474845,,,
20240613,7708.4653,7745.4536,7754.3745,7678.6758,460244.0,-3461.0,306415.0,2.0,0.0,13200.0,0.0,1.0,-2.0,8136.0,-45973.0,7694.05242,7722.951709999999,7748.055295,-28.89928999999938,-54.00287500000013,2.0,13200.0,-1.0,-37837.0,-0.007519924214112514,-0.161268297500231,,,
20240614,7693.7178,7697.5962,7715.7051,7664.0669,452354.0,-7890.0,277304.0,1.0,0.0,5386.0,0.0,1.0,-2.0,7601.0,-50009.0,7698.554480000001,7705.389260000001,7751.930565,-6.834780000000137,-53.37608499999897,1.0,5386.0,-1.0,-42408.0,-0.017442091813049072,-0.1749641628524122,,,0.5968
20240617,7663.897,7712.5503,7715.5693,7652.2813,449606.0,-2748.0,393394.0,2.0,0.0,13170.0,0.0,1.0,-2.0,7112.0,-59425.0,7695.4787,7687.672509999999,7747.076025,7.806190000000242,-51.59732500000064,2.0,13170.0,-1.0,-52313.0,-0.00611201807805056,-0.0374405596118652,,,
20240618,7677.0039,7671.5703,7710.6484,7663.2466,436694.0,-12912.0,279236.0,2.0,0.0,12563.0,0.0,1.0,-2.0,5435.0,-52890.0,7694.991500000001,7683.41562,7739.200414999999,11.57588000000123,-44.20891499999834,2.0,12563.0,-1.0,-47455.0,-0.029567614851589444,-0.1375504490723816,,,
20240619,7745.7866,7671.9805,7773.2725,7671.9165,465405.0,28711.0,418422.0,1.0,0.0,7750.0,0.0,1.0,-2.0,3022.0,-47664.0,7697.77412,7689.77109,7736.8822,8.003029999999853,-39.10807999999997,1.0,7750.0,-1.0,-44642.0,0.061690355711691965,-0.0358208888876079,,,
20240620,7750.0664,7755.9849,7766.8818,7727.251,472752.0,7347.0,255727.0,0.0,0.0,0.0,0.0,1.0,-2.0,3384.0,-51796.0,7706.094340000001,7700.07338,7734.653780000001,6.020960000000741,-28.55944,0.0,0.0,-1.0,-48412.0,0.015540917859681185,-0.0264426366659552,,,
20240621,7716.3257,7757.8257,7773.2705,7696.0488,458677.0,-14075.0,377700.0,0.0,0.0,0.0,0.0,1.0,-2.0,6684.0,-54112.0,7710.615920000001,7704.5852,7734.60996,6.030720000001565,-23.99403999999868,0.0,0.0,-1.0,-47428.0,-0.030686081926933333,-0.0607216001125627,,,0.6129
20240624,7678.7275,7720.6289,7720.6289,7651.0352,442692.0,-15985.0,394570.0,0.0,0.0,0.0,0.0,1.0,-2.0,5585.0,-44983.0,7713.58202,7704.530360000002,7730.880684999999,9.051659999998265,-17.29866499999935,0.0,0.0,-1.0,-39398.0,-0.03610862631355435,-0.1447635690872295,,,
20240625,7737.1377,7679.71,7743.1895,7677.7817,474313.0,31621.0,383001.0,0.0,0.0,0.0,0.0,2.0,-1.0,8654.0,-39327.0,7725.60878,7710.300139999999,7726.249070000001,15.30864000000111,-0.6402900000002774,0.0,0.0,1.0,-30673.0,0.06666694777499246,-0.0932706495643792,,,
20240626,7742.6011,7737.9844,7743.6318,7689.2822,486831.0,12518.0,303508.0,0.0,0.0,0.0,0.0,2.0,-2.0,9881.0,-39526.0,7724.971680000001,7711.372899999999,7723.274780000002,13.59878000000117,1.696899999999005,0.0,0.0,0.0,-29645.0,0.025713235188391866,-0.0370572473345347,,,
20240627,7735.334,7734.9956,7755.7534,7720.5537,499955.0,13124.0,308892.0,0.0,0.0,0.0,0.0,2.0,-2.0,7970.0,-39466.0,7722.025199999999,7714.05977,7718.505739999999,7.965429999999287,3.519460000000436,0.0,0.0,0.0,-31496.0,0.026250362532627938,-0.0463866213253743,,,
20240628,7788.5,7745.748,7798.2803,7735.8457,513055.0,13100.0,370120.0,0.0,0.0,0.0,0.0,2.0,-1.0,12208.0,-37267.0,7736.46006,7723.53799,7714.463624999999,12.92207000000053,21.99643500000093,0.0,0.0,1.0,-25059.0,0.02553332488719533,0.0041150885734615,,,0.9032
20240701,7794.8325,7785.3521,7806.3174,7763.1372,526390.0,13335.0,280205.0,0.0,0.0,0.0,0.0,2.0,-1.0,14687.0,-37435.0,7759.68106,7736.63154,7712.152025,23.04951999999957,47.52903499999957,0.0,0.0,1.0,-22748.0,0.025332928057143943,0.0430116079984241,,,
20240702,7845.04,7793.3774,7847.6318,7785.6841,553325.0,26935.0,281098.0,1.0,0.0,9412.0,0.0,2.0,-1.0,13548.0,-37502.0,7781.26152,7753.43515,7718.425385,27.82636999999977,62.83613499999956,1.0,9412.0,1.0,-23954.0,0.04867844395246916,0.0695094030906645,,,
20240703,7858.645,7853.5298,7862.9844,7838.9053,570106.0,16781.0,225451.0,0.0,0.0,0.0,0.0,2.0,-1.0,18830.0,-40017.0,7804.470300000001,7764.72099,7727.24604,39.74931000000106,77.22426000000087,0.0,0.0,1.0,-21187.0,0.02943487702286943,0.0671604362187153,,,
20240704,7798.4668,7852.1904,7861.731,7797.061,574529.0,4423.0,274278.0,0.0,0.0,0.0,0.0,2.0,-1.0,19529.0,-39568.0,7817.09686,7769.56103,7734.817204999999,47.53582999999981,82.27965500000028,0.0,0.0,1.0,-20039.0,0.007698479972290346,-0.0583266644091367,,,
20240705,7744.8232,7802.1997,7812.9917,7734.5708,527550.0,-46979.0,350940.0,0.0,0.0,0.0,0.0,2.0,-1.0,18192.0,-49038.0,7808.361499999999,7772.41078,7738.497990000001,35.95071999999891,69.86350999999831,0.0,0.0,1.0,-30846.0,-0.0890512747606862,0.0267932071935464,,,0.7581
20240708,7723.2285,7752.3584,7767.249,7711.3071,498380.0,-29170.0,320402.0,0.0,0.0,0.0,0.0,2.0,-1.0,15197.0,-44089.0,7794.0407,7776.860879999998,7740.69562,17.17982000000211,53.34508000000005,0.0,0.0,1.0,-28892.0,-0.05852963602070709,-0.0667224187045473,,,
20240709,7726.2983,7724.9546,7750.1543,7714.4619,490000.0,-8380.0,251151.0,0.0,0.0,0.0,0.0,2.0,-2.0,13660.0,-38491.0,7770.292360000001,7775.776940000001,7743.03854,-5.484579999999369,27.25382000000172,0.0,0.0,0.0,-24831.0,-0.01710204081632653,-0.0817223820417886,,,
20240710,7672.3608,7722.1011,7724.8203,7659.2695,482701.0,-7299.0,326374.0,0.0,0.0,0.0,0.0,1.0,-2.0,12319.0,-34770.0,7733.03552,7768.75291,7740.062905000001,-35.7173899999998,-7.027385000000322,0.0,0.0,-1.0,-22451.0,-0.015121161961545553,-0.0988352712558412,,,
20240711,7700.5547,7674.6694,7733.2446,7674.6694,485875.0,3174.0,316263.0,1.0,0.0,8046.0,0.0,2.0,-2.0,13746.0,-32935.0,7713.453100000001,7765.27498,7739.667375,-51.82187999999951,-26.21427499999936,1.0,8046.0,0.0,-19189.0,0.006532544378698225,-0.0707452415542261,,,
20240712,7692.689,7698.3271,7715.7808,7681.0122,487147.0,1272.0,238156.0,1.0,0.0,7990.0,0.0,1.0,-2.0,14013.0,-32183.0,7703.026260000001,7755.693880000001,7739.615935,-52.66762000000017,-36.58967499999926,1.0,7990.0,-1.0,-18170.0,0.0026111214889961345,-0.0036446097886674,,,0.5968
20240715,7685.6226,7702.5908,7711.3501,7670.1338,487217.0,70.0,275800.0,1.0,0.0,8457.0,0.0,2.0,-2.0,14916.0,-27830.0,7695.50508,7744.77289,7740.702214999999,-49.26781000000028,-45.19713499999943,1.0,8457.0,0.0,-12914.0,0.00014367314769394334,-0.0723127924141942,,,
20240716,7683.7432,7686.9961,7704.2104,7664.438,480933.0,-6284.0,285976.0,1.0,0.0,8496.0,0.0,2.0,-2.0,15844.0,-20878.0,7686.99406,7728.64321,7741.03918,-41.64915000000019,-54.04511999999977,1.0,8496.0,0.0,-5034.0,-0.013066269106091702,-0.0667704724475447,,,
20240717,7664.917,7666.2842,7710.2412,7644.2749,484344.0,3411.0,300675.0,1.0,0.0,8528.0,0.0,1.0,-2.0,14795.0,-23738.0,7685.5053,7709.27041,7736.995700000001,-23.76511000000028,-51.4904000000015,1.0,8528.0,-1.0,-8943.0,0.007042515237104207,-0.0473593654316972,,,
20240718,7680.4658,7666.6543,7689.9033,7654.4204,470122.0,-14222.0,252301.0,1.0,0.0,8717.0,0.0,2.0,-2.0,15165.0,-17559.0,7681.48752,7697.47031,7733.515670000001,-15.98279000000002,-52.02815000000101,1.0,8717.0,0.0,-2394.0,-0.030251721893465953,-0.0301046243893391,,,
20240719,7638.4673,7668.7637,7686.813,7638.0947,488097.0,17975.0,291951.0,1.0,0.0,8679.0,0.0,2.0,-2.0,14846.0,-25489.0,7670.643180000001,7686.834720000001,7729.62275,-16.1915399999998,-58.9795699999986,1.0,8679.0,0.0,-10643.0,0.03682669633290104,-0.0817696307653683,,,0.5968
20240722,7610.7671,7639.8271,7643.1563,7587.9868,493833.0,5736.0,372381.0,1.0,0.0,8970.0,0.0,2.0,-1.0,21369.0,-19657.0,7655.672080000001,7675.588580000001,7726.22473,-19.91649999999936,-70.55264999999872,1.0,8970.0,1.0,1712.0,0.011615262649519169,-0.0544158495430395,,,
20240723,7603.0352,7603.9194,7628.8999,7600.6396,492445.0,-1388.0,235395.0,1.0,0.0,8911.0,0.0,2.0,-1.0,18675.0,-20421.0,7639.530479999999,7663.262269999999,7719.519605,-23.73178999999982,-79.98912500000006,1.0,8911.0,1.0,-1746.0,-0.0028185888779457603,-0.0571882628778445,,,
20240724,7614.8926,7596.0186,7626.1792,7575.561,488783.0,-3662.0,272571.0,1.0,0.0,8747.0,0.0,1.0,-2.0,16366.0,-20039.0,7629.525599999999,7657.515450000001,7713.134179999999,-27.98985000000175,-83.60858000000007,1.0,8747.0,-1.0,-3673.0,-0.0074920772612795455,-0.032622677860226,,,
20240725,7572.9985,7623.0259,7623.4365,7567.6255,494674.0,5891.0,236065.0,1.0,0.0,9504.0,0.0,1.0,-2.0,17552.0,-27598.0,7608.03214,7644.75983,7705.017405000001,-36.72768999999971,-96.98526500000025,1.0,9504.0,-1.0,-10046.0,0.011908853103255882,-0.0268791113714843,,,
20240726,7606.4292,7567.8052,7631.7544,7567.5703,490765.0,-3909.0,256569.0,1.0,0.0,10410.0,0.0,1.0,-2.0,17796.0,-18827.0,7601.62452,7636.13385,7695.913865,-34.50932999999986,-94.28934500000014,1.0,10410.0,-1.0,-1031.0,-0.007965115686733977,-0.0004345138994691,,,0.5161
20240729,7599.1094,7597.7056,7615.3276,7559.3223,489302.0,-1463.0,381425.0,1.0,0.0,10553.0,0.0,1.0,-2.0,18310.0,-16226.0,7599.29298,7627.482529999999,7686.127709999999,-28.18954999999914,-86.83472999999867,1.0,10553.0,-1.0,2084.0,-0.0029899734724158087,0.0462069107552994,,,
20240730,7531.6748,7594.6284,7598.1934,7529.1021,511318.0,22016.0,293646.0,1.0,0.0,11315.0,0.0,1.0,-2.0,20281.0,-19074.0,7585.0209,7612.275689999999,7670.459449999999,-27.25478999999905,-85.43854999999894,1.0,11315.0,-1.0,1207.0,0.04305735374072495,-0.0151404155826714,,,
20240731,7629.8481,7527.3647,7631.2695,7527.3647,487562.0,-23756.0,365924.0,1.0,0.0,10570.0,0.0,1.0,-2.0,20300.0,-13232.0,7588.012,7608.7688,7659.019605,-20.75680000000011,-71.00760499999978,1.0,10570.0,-1.0,7068.0,-0.048724059709329276,0.0500285663414161,,,
20240801,7636.7144,7636.2803,7677.2021,7624.5142,469832.0,-17730.0,358062.0,1.0,0.0,10357.0,0.0,1.0,-2.0,20609.0,-17345.0,7600.75518,7604.39366,7650.931985,-3.638479999999618,-50.17680500000006,1.0,10357.0,-1.0,3264.0,-0.03773689318735207,-0.0161473628768277,,,
20240802,7649.4858,7635.2544,7666.1055,7613.2988,469626.0,-206.0,264081.0,1.0,0.0,9740.0,0.0,1.0,-2.0,19491.0,-20299.0,7609.366500000001,7605.495510000001,7646.165114999999,3.870990000000347,-36.79861499999788,1.0,9740.0,-1.0,-808.0,-0.00043864692329641036,0.0686038817751198,,,0.4677
20240805,7560.1919,7625.4878,7628.8882,7555.1055,463774.0,-5852.0,426212.0,1.0,0.0,10170.0,0.0,1.0,-2.0,20484.0,-19579.0,7601.583000000001,7600.43799,7638.013284999999,1.145010000000184,-36.43028499999855,1.0,10170.0,-1.0,905.0,-0.012618214906398376,0.0151732000779127,,,
20240806,7534.8911,7548.0962,7574.1626,7534.8901,469025.0,5251.0,289894.0,1.0,0.0,10290.0,0.0,1.0,-2.0,21683.0,-27251.0,7602.22626,7593.623580000001,7628.442925,8.602679999999054,-26.21666499999992,1.0,10290.0,-1.0,-5568.0,0.011195565268375887,0.0498204018757237,,,
20240807,7514.7046,7521.5317,7555.9961,7514.52,484685.0,15660.0,287382.0,1.0,0.0,10882.0,0.0,1.0,-2.0,22328.0,-33427.0,7579.197560000001,7583.60478,7620.560115,-4.407219999999143,-41.3625549999997,1.0,10882.0,-1.0,-11099.0,0.0323096444082239,0.0498230587652458,,,
20240808,7502.2163,7534.5269,7554.2705,7495.8188,478505.0,-6180.0,349604.0,1.0,0.0,10893.0,0.0,1.0,-2.0,23442.0,-29099.0,7552.297939999999,7576.52656,7610.643195,-24.22862000000077,-58.34525500000018,1.0,10893.0,-1.0,-5657.0,-0.012915225546232537,0.0567616504742827,,,
20240809,7518.6064,7510.6294,7562.4702,7496.8184,469693.0,-8812.0,313609.0,1.0,0.0,10786.0,0.0,1.0,-2.0,22956.0,-21064.0,7526.12206,7567.744280000001,7601.939065,-41.62222000000111,-75.81700500000079,1.0,10786.0,-1.0,1892.0,-0.018761190820386933,0.0915687764866827,,,0.7097
20240812,7532.792,7522.4443,7534.3071,7485.5581,475857.0,6164.0,307895.0,1.0,0.0,11051.0,0.0,1.0,-2.0,24753.0,-14365.0,7520.64208,7561.112539999999,7594.297535000001,-40.47045999999955,-73.65545500000098,1.0,11051.0,-1.0,10388.0,0.012953471315962568,0.0747416678596928,,,
20240813,7562.3247,7541.7656,7592.5322,7533.6978,455741.0,-20116.0,362316.0,1.0,0.0,8351.0,0.0,2.0,-2.0,19772.0,-3685.0,7526.1288,7564.177530000001,7588.226610000001,-38.04873000000043,-62.09781000000021,1.0,8351.0,0.0,16087.0,-0.044139105325173726,0.0745080096626182,,,
20240814,7538.7847,7560.853,7565.7202,7523.8301,442816.0,-12925.0,304290.0,1.0,0.0,8432.0,0.0,1.0,-2.0,17609.0,-3946.0,7530.94482,7555.07119,7581.919994999999,-24.12636999999995,-50.97517499999958,1.0,8432.0,-1.0,13663.0,-0.029188195548489667,0.1481383809850409,,,
20240815,7502.0322,7540.9683,7542.5737,7475.2563,462660.0,19844.0,365124.0,1.0,0.0,10437.0,0.0,1.0,-2.0,18402.0,-5680.0,7530.908,7541.60297,7572.998315,-10.69496999999956,-42.09031499999946,1.0,10437.0,-1.0,12722.0,0.042891107941036614,0.0172292825044785,,,
20240816,7500.3291,7514.4131,7549.7178,7494.2212,461667.0,-993.0,393186.0,1.0,0.0,8869.0,0.0,2.0,-2.0,18473.0,-9413.0,7527.252539999999,7526.6873,7566.091405000001,0.5652399999999034,-38.83886500000153,1.0,8869.0,0.0,9060.0,-0.002150900974078719,0.1133054165610605,,,0.3871
20240819,7517.1489,7489.146,7542.6387,7485.8906,466123.0,4456.0,345548.0,1.0,0.0,9672.0,0.0,2.0,-1.0,22998.0,-9520.0,7524.12392,7522.383,7561.410495000001,1.740920000000187,-37.28657500000099,1.0,9672.0,1.0,13478.0,0.009559708488961068,0.1316560229807416,,,
20240820,7515.0361,7512.7993,7539.7456,7458.5029,468670.0,2547.0,476065.0,1.0,0.0,10187.0,0.0,1.0,-2.0,19491.0,-12029.0,7514.6662,7520.397499999999,7557.01054,-5.731299999999464,-42.34434000000056,1.0,10187.0,-1.0,7462.0,0.0054345274926920865,0.1425692197061242,,,
20240821,7557.542,7518.5645,7564.1001,7517.6011,474571.0,5901.0,383640.0,1.0,0.0,9898.0,0.0,2.0,-1.0,23327.0,-14635.0,7518.417660000001,7524.68124,7554.14301,-6.26357999999891,-35.7253499999988,1.0,9898.0,1.0,8692.0,0.012434388110525085,0.1735826985801271,,,
20240822,7525.4556,7555.3882,7583.5142,7523.7339,467898.0,-6673.0,359826.0,1.0,0.0,9705.0,0.0,1.0,-2.0,17047.0,-20148.0,7523.10234,7527.005169999999,7551.765865000001,-3.902829999999085,-28.66352500000085,1.0,9705.0,-1.0,-3101.0,-0.014261655318039402,0.1302587395929683,,,
20240823,7503.0474,7526.4683,7540.9316,7498.9331,465695.0,-2203.0,309780.0,1.0,0.0,10278.0,0.0,1.0,-2.0,15422.0,-34441.0,7523.645999999999,7525.44927,7546.596775,-1.803270000001248,-22.95077500000116,1.0,10278.0,-1.0,-19019.0,-0.00473056399574829,0.1220537520979836,,,0.7258
20240826,7598.8696,7516.8105,7607.7578,7511.4497,473222.0,7527.0,411150.0,1.0,0.0,10005.0,0.0,1.0,-2.0,13553.0,-22044.0,7539.99014,7532.057030000001,7546.584785000001,7.933109999999033,-6.594645000001037,1.0,10005.0,-1.0,-8491.0,0.01590585391211736,0.2008411146828042,,,
20240827,7639.5518,7621.4375,7647.4282,7611.4063,477614.0,4392.0,310736.0,1.0,0.0,9763.0,0.0,2.0,-1.0,13413.0,-12819.0,7564.893280000001,7539.77974,7551.978635000001,25.11354000000119,12.91464499999984,1.0,9763.0,1.0,594.0,0.009195710343499143,0.1733601991956355,,,
20240828,7623.6406,7637.1353,7640.8833,7613.374,472939.0,-4675.0,252801.0,1.0,0.0,9910.0,0.0,2.0,-1.0,13740.0,-20316.0,7578.113,7548.26533,7551.66826,29.84767000000011,26.44473999999991,1.0,9910.0,1.0,-6576.0,-0.009884995739408254,0.0595288332901829,,,
20240829,7614.4912,7609.585,7638.7798,7602.644,486580.0,13641.0,216109.0,1.0,0.0,10150.0,0.0,2.0,-1.0,12015.0,-28287.0,7595.92012,7559.511230000001,7550.5571,36.40888999999879,45.36301999999978,1.0,10150.0,1.0,-16272.0,0.028034444490114677,0.0202072568098725,,,
20240830,7623.1499,7621.1689,7645.4165,7612.311,484592.0,-1988.0,248480.0,1.0,0.0,10588.0,0.0,2.0,-1.0,10905.0,-31495.0,7619.940619999999,7571.793310000001,7549.240305000001,48.14730999999847,70.70031499999823,1.0,10588.0,1.0,-20590.0,-0.004102420180275366,0.0282375672902202,,,0.629
20240902,7531.5005,7621.4346,7621.4346,7526.3804,476376.0,-8216.0,364985.0,1.0,0.0,10439.0,0.0,1.0,-2.0,13011.0,-45387.0,7606.4668,7573.22847,7547.805735,33.23833000000013,58.66106500000024,1.0,10439.0,-1.0,-32376.0,-0.017246880615312276,0.0152866980966009,,,
20240903,7503.9761,7543.5903,7557.0186,7501.7368,469496.0,-6880.0,279486.0,1.0,0.0,10486.0,0.0,1.0,-2.0,13410.0,-49840.0,7579.35166,7572.12247,7546.259985,7.229190000000017,33.09167500000058,1.0,10486.0,-1.0,-36430.0,-0.014654011961763252,0.01792764677505,,,
20240904,7383.8599,7488.3789,7492.6099,7378.0376,526064.0,56568.0,550521.0,1.0,0.0,10346.0,0.0,1.0,-2.0,16462.0,-49620.0,7531.395520000001,7554.75426,7539.717750000001,-23.35873999999876,-8.322229999999763,1.0,10346.0,-1.0,-33158.0,0.10753064265944828,0.0804874693376672,,,
20240905,7337.4922,7393.9106,7394.1558,7324.9775,561280.0,35216.0,390808.0,1.0,0.0,10734.0,0.0,1.0,-2.0,15049.0,-39717.0,7475.995720000001,7535.957920000001,7531.481545,-59.96219999999994,-55.48582499999884,1.0,10734.0,-1.0,-24668.0,0.06274230330672748,0.1167622753973891,,,
20240906,7331.5898,7350.2793,7386.0737,7316.9443,581204.0,19924.0,407410.0,1.0,0.0,11410.0,0.0,1.0,-2.0,16990.0,-36305.0,7417.6837,7518.812159999999,7522.130715000001,-101.1284599999999,-104.4470150000016,1.0,11410.0,-1.0,-19315.0,0.034280562418703246,0.1648162026141644,,,0.8387
20240909,7307.9282,7330.0352,7343.7256,7258.9346,592600.0,11396.0,377152.0,1.0,0.0,11555.0,0.0,1.0,-2.0,20975.0,-31939.0,7372.96924,7489.71802,7510.887525,-116.7487799999999,-137.9182849999997,1.0,11555.0,-1.0,-10964.0,0.01923050961862977,0.2067019092423651,,,
20240910,7262.5088,7308.5566,7325.4014,7249.3564,611742.0,19142.0,328819.0,1.0,0.0,11775.0,0.0,1.0,-2.0,21371.0,-38997.0,7324.67578,7452.01372,7495.89673,-127.3379400000003,-171.2209500000008,1.0,11775.0,-1.0,-17626.0,0.03129096906865966,0.2439630192917737,,,
20240911,7277.814,7262.2568,7278.7891,7190.4985,609289.0,-2453.0,405800.0,1.0,0.0,11267.0,0.0,1.0,-2.0,19431.0,-30159.0,7303.4666,7417.43106,7482.848195,-113.9644600000001,-179.3815950000007,1.0,11267.0,-1.0,-10728.0,-0.00402600408016557,0.2324413290900764,,,
20240912,7311.1606,7281.8159,7328.4131,7230.1616,613959.0,4670.0,377649.0,1.0,0.0,11199.0,0.0,1.0,-2.0,18356.0,-19632.0,7298.20028,7387.098,7473.304614999999,-88.89771999999994,-175.1043349999991,1.0,11199.0,-1.0,-1276.0,0.007606371109471479,0.2432306851758965,,,
20240913,7252.0156,7297.937,7303.0273,7246.2715,617761.0,3802.0,308166.0,1.0,0.0,11715.0,0.0,1.0,-2.0,16631.0,-24223.0,7282.28544,7349.984569999999,7460.88894,-67.69912999999906,-178.6035000000002,1.0,11715.0,-1.0,-7592.0,0.006154483691913216,0.3026141799861544,,,0.7419
20240918,7254.9937,7271.7251,7281.3486,7210.3813,617803.0,42.0,296449.0,1.0,0.0,11788.0,0.0,1.0,-2.0,16893.0,-24282.0,7271.69854,7322.33389,7447.78118,-50.63534999999956,-176.0826399999996,1.0,11788.0,-1.0,-7389.0,6.798283595256093e-05,0.1951000477205799,,,
20240919,7321.6826,7262.2461,7327.7925,7224.0532,617381.0,-422.0,368483.0,1.0,0.0,12209.0,0.0,1.0,-2.0,16567.0,-8999.0,7283.5333,7304.10454,7438.113504999999,-20.57124000000022,-154.5802049999993,1.0,12209.0,-1.0,7568.0,-0.000683532535014845,0.1639470277727826,,,
20240920,7294.8608,7332.7031,7340.8496,7284.6162,646833.0,29452.0,348463.0,1.0,0.0,10831.0,0.0,1.0,-2.0,16208.0,-15136.0,7286.942660000001,7295.20463,7424.979445,-8.261969999999565,-138.0367849999993,1.0,10831.0,-1.0,1072.0,0.04553261815646388,0.105658973491641,,,0.6774
20240923,7225.2847,7283.6841,7286.1616,7219.5903,683867.0,37034.0,407917.0,1.0,0.0,10966.0,0.0,1.0,-2.0,16673.0,-18062.0,7269.76748,7283.98388,7409.970899999998,-14.21640000000025,-140.2034199999989,1.0,10966.0,-1.0,-1389.0,0.05415380476028234,0.1578002776612757,,,
20240924,7351.9111,7232.9258,7362.9282,7216.1719,654781.0,-29086.0,449193.0,1.0,0.0,10230.0,0.0,2.0,-1.0,20410.0,-6633.0,7289.746580000001,7286.016010000001,7402.414085000001,3.730569999999716,-112.6675050000003,1.0,10230.0,1.0,13777.0,-0.04442095906875734,0.1246946891520997,,,
20240925,7347.4888,7364.5742,7431.3765,7345.1343,585523.0,-69258.0,499643.0,1.0,0.0,10031.0,0.0,1.0,-2.0,10741.0,-15089.0,7308.2456,7289.972070000001,7389.845045,18.27352999999948,-81.59944499999983,1.0,10031.0,-1.0,-4348.0,-0.1182839956756609,-0.0095514376940747,,,
20240926,7358.6235,7339.0142,7398.9004,7325.6694,567590.0,-17933.0,360298.0,1.0,0.0,9794.0,0.0,1.0,-2.0,10455.0,-14816.0,7315.633780000001,7299.58354,7375.798629999999,16.05024000000139,-60.1648499999983,1.0,9794.0,-1.0,-4361.0,-0.03159498934089748,0.0045436015830291,,,
20240927,7423.9741,7374.4912,7433.7202,7360.2881,535099.0,-32491.0,353642.0,1.0,0.0,9379.0,0.0,2.0,-2.0,9184.0,-10629.0,7341.45644,7314.19955,7365.815305000001,27.25688999999966,-24.35886500000106,1.0,9379.0,0.0,-1445.0,-0.060719605157176525,0.0164908876472564,,,0.7581
20240930,7582.061,7424.644,7597.9272,7406.3145,498738.0,-36361.0,506288.0,1.0,0.0,8620.0,0.0,1.0,-2.0,7564.0,-24573.0,7412.8117,7341.28959,7364.193795000001,71.52210999999988,48.61790499999915,1.0,8620.0,-1.0,-17009.0,-0.07290601478130802,0.0736357188497806,,,0.7419
20241008,7708.9766,7763.1792,7783.7437,7678.228,467488.0,-31250.0,476760.0,1.0,0.0,9337.0,0.0,1.0,-2.0,6022.0,-23046.0,7484.224800000001,7386.98569,7368.485129999999,97.23911000000135,115.7396700000018,1.0,9337.0,-1.0,-17024.0,-0.06684663563556711,0.0494308866871485,,,
20241009,7646.3174,7707.2676,7709.542,7608.4702,487837.0,20349.0,449158.0,1.0,0.0,9476.0,0.0,1.0,-2.0,2827.0,-14664.0,7543.990519999999,7426.118060000001,7374.225974999999,117.8724599999987,169.764545,1.0,9476.0,-1.0,-11837.0,0.04171270321849306,0.0556949280233142,,,
20241010,7619.5083,7639.3652,7663.9141,7584.6968,497362.0,9525.0,344734.0,1.0,0.0,9700.0,0.0,1.0,-2.0,3626.0,-13942.0,7596.167480000001,7455.900630000001,7380.002585,140.26685,216.1648950000008,1.0,9700.0,-1.0,-10316.0,0.019151040891744846,0.0744708424783014,,,
20241011,7653.6899,7634.916,7667.7178,7623.8457,492228.0,-5134.0,284078.0,1.0,0.0,9847.0,0.0,1.0,-2.0,2616.0,-15569.0,7642.110640000001,7491.783539999999,7393.494085,150.3271000000013,248.6165550000005,1.0,9847.0,-1.0,-12953.0,-0.010430125876626279,0.0590945705521645,,,0.9194
20241014,7638.3848,7641.3535,7687.1294,7619.6201,504976.0,12748.0,326974.0,1.0,0.0,9808.0,0.0,1.0,-2.0,3086.0,-11796.0,7653.3754,7533.093550000001,7408.538715000001,120.2818499999994,244.8366849999993,1.0,9808.0,-1.0,-8710.0,0.025244764107601153,0.1030019260250679,,,
20241015,7545.1128,7626.4487,7634.6411,7531.4551,504306.0,-670.0,370689.0,1.0,0.0,9872.0,0.0,1.0,-2.0,1238.0,-10085.0,7620.60264,7552.41372,7419.214865,68.18892000000051,201.3877750000001,1.0,9872.0,-1.0,-8847.0,-0.001328558454589079,-0.0124465357923599,0.1168,,
20241016,7531.6846,7534.6289,7576.1816,7527.3008,500331.0,-3975.0,279023.0,1.0,0.0,9946.0,0.0,1.0,-2.0,5034.0,-13681.0,7597.676079999999,7570.8333,7430.402684999999,26.84277999999904,167.2733950000002,1.0,9946.0,-1.0,-8647.0,-0.007944740581734892,-0.0431032545763119,0.1139,,
20241017,7460.0791,7534.9604,7559.688,7455.6504,494350.0,-5981.0,305232.0,1.0,0.0,10205.0,0.0,1.0,-2.0,8483.0,-19363.0,7565.79024,7580.97886,7440.281199999999,-15.1886199999999,125.5090400000008,1.0,10205.0,-1.0,-10880.0,-0.012098715484980278,-0.0408839023429249,0.1077,,
20241018,7514.1455,7461.1421,7522.7192,7461.1421,497937.0,3587.0,253444.0,1.0,0.0,10651.0,0.0,1.0,-2.0,8691.0,-11210.0,7537.881359999999,7589.995999999999,7452.097775,-52.11463999999978,85.78358499999922,1.0,10651.0,-1.0,-2519.0,0.007203722559279588,-0.074437453163249,0.1041,,0.8226
20241021,7441.209,7502.6509,7504.4136,7423.5947,506708.0,8771.0,299682.0,1.0,0.0,10320.0,0.0,1.0,-2.0,8436.0,-11410.0,7498.4462,7575.910800000001,7458.600195000001,-77.46460000000025,39.84600499999942,1.0,10320.0,-1.0,-2974.0,0.01730977209753941,0.1063926709729546,0.1054,,
20241022,7458.7002,7451.9429,7474.4497,7433.6831,495298.0,-11410.0,211986.0,1.0,0.0,10350.0,0.0,1.0,-2.0,9557.0,-10095.0,7481.163680000001,7550.88316,7468.934424999999,-69.71947999999975,12.2292550000011,1.0,10350.0,-1.0,-538.0,-0.023036636529927438,-0.0648474382522746,0.1051,,
20241023,7472.1973,7472.9355,7502.6938,7464.9229,495000.0,-298.0,229105.0,1.0,0.0,10190.0,0.0,2.0,-1.0,11174.0,-4740.0,7469.26622,7533.47115,7479.794605,-64.20493000000079,-10.52838500000053,1.0,10190.0,1.0,6434.0,-0.000602020202020202,-0.0464917615187525,0.1039,,
20241024,7503.0532,7465.3047,7507.5371,7453.0244,491403.0,-3597.0,218300.0,1.0,0.0,10278.0,0.0,2.0,-2.0,11401.0,-6312.0,7477.861040000001,7521.82564,7488.863135,-43.96459999999934,-11.00209499999892,1.0,10278.0,0.0,5089.0,-0.007319857632126788,-0.0197189147451399,0.1035,,
20241025,7499.2109,7498.7036,7550.7432,7486.0322,488550.0,-2853.0,271058.0,1.0,0.0,10490.0,0.0,2.0,-1.0,10094.0,-7760.0,7474.87412,7506.377739999999,7499.08064,-31.50361999999859,-24.20651999999973,1.0,10490.0,1.0,2334.0,-0.005839729812711083,-0.0344381891985338,0.1002,,0.7903
20241028,7527.2109,7502.4873,7539.3999,7468.0317,499349.0,10799.0,338692.0,1.0,0.0,10595.0,0.0,1.0,-2.0,8741.0,-12361.0,7492.0745,7495.26035,7514.176950000001,-3.185849999999846,-22.10245000000123,1.0,10595.0,-1.0,-3620.0,0.021626157256748286,0.0117247672161258,0.1044,,
20241029,7451.6592,7505.4956,7515.5581,7417.5874,501980.0,2631.0,353603.0,1.0,0.0,10865.0,0.0,1.0,-2.0,10126.0,-14657.0,7490.6663,7485.914989999999,7519.164354999999,4.751310000000558,-28.49805499999911,1.0,10865.0,-1.0,-4531.0,0.005241244671102434,-0.0666828003555615,0.1028,,
20241030,7412.208,7462.8462,7468.5708,7385.1821,523593.0,21613.0,257285.0,1.0,0.0,10985.0,0.0,1.0,-2.0,10913.0,-18886.0,7478.668439999999,7473.967330000001,7522.400315000001,4.701109999998152,-43.73187500000131,1.0,10985.0,-1.0,-7973.0,0.041278244743531714,-0.0603226493961691,0.1042,,
20241031,7449.2729,7424.7373,7472.8521,7409.5093,527659.0,4066.0,303114.0,1.0,0.0,10819.0,0.0,2.0,-2.0,8925.0,-11064.0,7467.91238,7472.886710000001,7526.932785,-4.974330000000919,-59.02040500000021,1.0,10819.0,0.0,-2139.0,0.007705734195759003,-0.0504544661302383,0.1065,,
20241101,7455.8525,7452.6977,7480.4733,7441.4186,519965.0,-7694.0,227224.0,1.0,0.0,10587.0,0.0,1.0,-2.0,7814.0,-12201.0,7459.2407,7467.057409999999,7528.526704999999,-7.816709999999148,-69.28600499999902,1.0,10587.0,-1.0,-4387.0,-0.014797149808160165,-0.0786584865252847,0.1052,,0.9194
20241104,7457.6557,7451.3368,7473.6955,7425.9591,529919.0,9954.0,217568.0,2.0,0.0,12547.0,0.0,2.0,-1.0,8745.0,-7695.0,7445.32966,7468.70208,7522.30644,-23.37241999999969,-76.97677999999996,2.0,12547.0,1.0,1050.0,0.018784002838169608,-0.07244041203121,0.1008,,
20241105,7475.2853,7465.133,7488.3495,7438.6529,532606.0,2687.0,229486.0,1.0,0.0,8389.0,0.0,2.0,-1.0,7664.0,-7245.0,7450.054880000001,7470.360590000001,7510.621875,-20.30571000000054,-60.56699499999922,1.0,8389.0,1.0,419.0,0.005045005125740228,-0.0137865880561454,0.104,,
20241106,7432.1439,7483.3121,7497.1949,7408.8621,540301.0,7695.0,318386.0,1.0,0.0,7943.0,0.0,2.0,-1.0,8760.0,-8968.0,7454.04206,7466.355249999999,7499.9132,-12.31318999999894,-45.8711400000002,1.0,7943.0,1.0,-208.0,0.014242061369495893,-0.0696649205886403,0.1037,,
20241107,7498.8386,7412.5569,7518.7687,7375.4961,538594.0,-1707.0,409159.0,1.0,0.0,8386.0,0.0,1.0,-2.0,7449.0,-9322.0,7463.955199999999,7465.93379,7493.879715,-1.978590000000622,-29.92451500000061,1.0,8386.0,-1.0,-1873.0,-0.003169363193797183,-0.0466263672444511,0.1053,,
20241108,7465.0047,7497.776,7521.8851,7450.5247,551715.0,13121.0,338375.0,1.0,0.0,8169.0,0.0,1.0,-2.0,7966.0,-11321.0,7465.78564,7462.513170000001,7484.445454999999,3.272469999998975,-18.65981499999907,1.0,8169.0,-1.0,-3355.0,0.02378220639279338,-0.1473532294749845,0.0976,,0.6129
20241111,7434.2637,7458.2655,7477.9267,7407.1642,544524.0,-7191.0,314458.0,1.0,0.0,11012.0,0.0,1.0,-2.0,7597.0,-14930.0,7461.10724,7453.21845,7474.2394,7.888789999999972,-13.13216000000011,1.0,11012.0,-1.0,-7333.0,-0.013206029486303634,-0.124684550981536,0.0972,,
20241112,7436.1033,7417.5007,7446.366,7414.6564,548862.0,4338.0,237196.0,1.0,0.0,10898.0,0.0,2.0,-1.0,10302.0,-5634.0,7453.27084,7451.662860000001,7468.788924999999,1.607979999998861,-15.51808499999879,1.0,10898.0,1.0,4668.0,0.007903626048077659,-0.1245542657695866,0.0975,,
20241113,7441.4345,7437.8269,7464.8455,7423.1935,542125.0,-6737.0,276819.0,1.0,0.0,10830.0,0.0,2.0,-1.0,10429.0,-9123.0,7455.12896,7454.58551,7464.27642,0.5434500000001208,-9.147460000000137,1.0,10830.0,1.0,1306.0,-0.012427023287987088,-0.124701186493613,0.0948,,
20241114,7431.6456,7434.9861,7450.2123,7420.8371,531812.0,-10313.0,261482.0,1.0,0.0,11430.0,0.0,2.0,-1.0,10128.0,-8248.0,7441.690360000001,7452.82278,7462.854745,-11.132419999999,-21.16438499999913,1.0,11430.0,1.0,1880.0,-0.019392191225470656,-0.1033776766446587,0.0918,,
20241115,7414.1813,7449.8177,7494.5002,7410.7235,541771.0,9959.0,458246.0,1.0,0.0,11023.0,0.0,2.0,-1.0,11337.0,-11787.0,7431.525680000001,7448.655660000001,7457.856535000001,-17.12998000000061,-26.33085500000016,1.0,11023.0,1.0,-450.0,0.0183823054390139,-0.0857935942399254,0.0976,,0.3871
20241118,7436.2369,7426.8543,7441.1117,7386.1524,552794.0,11023.0,349272.0,1.0,0.0,11771.0,0.0,2.0,-1.0,10212.0,-11441.0,7431.92032,7446.513779999999,7457.60793,-14.59345999999914,-25.68760999999995,1.0,11771.0,1.0,-1229.0,0.019940520338498607,-0.0553636459837314,0.0963,,
20241119,7486.2628,7431.1878,7486.2634,7421.4994,555024.0,2230.0,319650.0,1.0,0.0,10835.0,0.0,2.0,-1.0,9910.0,-3586.0,7441.952220000001,7447.61153,7458.98606,-5.659309999999095,-17.03383999999915,1.0,10835.0,1.0,6324.0,0.00401784427340079,-0.0031674688777338,0.0911,,
20241120,7522.6902,7488.3675,7529.7187,7469.8361,581565.0,26541.0,341629.0,1.0,0.0,9950.0,0.0,2.0,-1.0,7126.0,-4612.0,7458.20336,7456.666160000001,7461.510705000001,1.537199999998847,-3.307345000001078,1.0,9950.0,1.0,2514.0,0.045637203064145884,0.0467710784447014,0.0962,,
20241121,7507.943,7521.757,7543.8866,7489.586,584918.0,3353.0,330528.0,1.0,0.0,10958.0,0.0,2.0,-2.0,3924.0,-13543.0,7473.46284,7457.5766,7461.755195000001,15.88623999999982,11.7076449999995,1.0,10958.0,0.0,-9619.0,0.005732427451369252,0.0298401631801681,0.0916,,
20241122,7508.9151,7519.4247,7549.7175,7499.1442,588714.0,3796.0,313256.0,1.0,0.0,11236.0,0.0,1.0,-2.0,2716.0,-12960.0,7492.409600000001,7461.96764,7462.240405,30.44196000000102,30.16919500000131,1.0,11236.0,-1.0,-10244.0,0.006447952656128443,0.0393431716033962,0.0822,,0.5484
20241125,7517.4695,7499.9436,7528.9988,7480.6647,568280.0,-20434.0,313729.0,1.0,0.0,10345.0,0.0,1.0,-2.0,2331.0,-11995.0,7508.65612,7470.288219999999,7461.753334999999,38.36790000000019,46.90278500000022,1.0,10345.0,-1.0,-9664.0,-0.03595762652213697,0.0296564416882725,0.0899,,
20241126,7533.1465,7517.0149,7544.5433,7490.5317,584304.0,16024.0,285125.0,1.0,0.0,10099.0,0.0,1.0,-2.0,42.0,-5298.0,7518.032860000001,7479.992539999999,7465.8277,38.04032000000188,52.20516000000134,1.0,10099.0,-1.0,-5256.0,0.027424080615569977,0.0541590678835991,0.0881,,
20241127,7525.8409,7537.0128,7543.5461,7502.3092,575386.0,-8918.0,253544.0,1.0,0.0,10184.0,0.0,2.0,-1.0,2326.0,-5022.0,7518.663,7488.43318,7471.509345,30.22982000000047,47.15365500000007,1.0,10184.0,1.0,-2696.0,-0.015499160563517361,0.0164338137187632,0.0863,,
20241128,7517.3633,7536.0369,7545.083,7506.4387,578140.0,2754.0,270898.0,1.0,0.0,9961.0,0.0,1.0,-2.0,2888.0,-13084.0,7520.54706,7497.00495,7474.913865,23.54210999999941,45.63319499999943,1.0,9961.0,-1.0,-10196.0,0.004763552080810876,0.0213869857138514,0.0812,,
20241129,7543.162,7513.0388,7548.5974,7498.7034,587588.0,9448.0,270646.0,1.0,0.0,9964.0,0.0,1.0,-2.0,1278.0,-10362.0,7527.39644,7509.90302,7479.279339999999,17.49341999999979,48.11710000000039,1.0,9964.0,-1.0,-9084.0,0.016079293654737672,0.059859225194295,0.0825,,0.371
20241202,7559.4518,7539.6156,7570.4948,7509.5408,601685.0,14097.0,361946.0,1.0,0.0,11009.0,0.0,1.0,-2.0,0.0,-16264.0,7535.7929,7522.22451,7484.369145,13.56839000000036,51.42375500000071,1.0,11009.0,-1.0,-16264.0,0.023429202988274597,0.0158172375976792,0.089,,
20241203,7542.172,7566.4346,7566.4346,7506.8184,566516.0,-35169.0,300408.0,1.0,0.0,10525.0,0.0,1.0,-2.0,1778.0,-16981.0,7537.598,7527.81543,7487.71348,9.782570000000305,49.88451999999961,1.0,10525.0,-1.0,-15203.0,-0.0620794470059098,-9.801828867594131e-05,0.085,,
20241204,7509.5643,7551.9591,7553.1707,7491.1593,544940.0,-21576.0,290921.0,1.0,0.0,9895.0,0.0,1.0,-2.0,4281.0,-13720.0,7534.34268,7526.502839999999,7491.5845,7.839840000000549,42.75817999999981,1.0,9895.0,-1.0,-9439.0,-0.039593349726575404,0.0006459924196468,0.0778,,
20241205,7455.7088,7508.2269,7516.2151,7449.4157,531385.0,-13555.0,316771.0,1.0,0.0,10812.0,0.0,1.0,-2.0,6991.0,-14741.0,7522.011780000001,7521.279420000001,7489.428010000001,0.7323599999999715,32.58377000000019,1.0,10812.0,-1.0,-7750.0,-0.025508811878393257,-0.0226575293448918,0.0898,,
20241206,7422.2078,7455.9317,7459.0927,7403.785,535122.0,3737.0,377818.0,1.0,0.0,12245.0,0.0,1.0,-2.0,7432.0,-14281.0,7497.820940000001,7512.608689999999,7487.288165,-14.7877499999986,10.53277500000058,1.0,12245.0,-1.0,-6849.0,0.006983454240341455,-0.0253186893212765,0.0931,,0.5
20241209,7424.8002,7411.4154,7430.1559,7394.4859,546914.0,11792.0,342289.0,1.0,0.0,12496.0,0.0,1.0,-2.0,8004.0,-17722.0,7470.89062,7503.341759999998,7486.814989999999,-32.4511399999983,-15.92436999999882,1.0,12496.0,-1.0,-9718.0,0.021560976680063043,-0.0481792891841064,0.0931,,
20241210,7438.2004,7450.2797,7482.9222,7431.1761,535265.0,-11649.0,362564.0,1.0,0.0,11198.0,0.0,1.0,-2.0,7707.0,-25412.0,7450.0963,7493.84715,7486.919844999999,-43.75084999999945,-36.82354499999929,1.0,11198.0,-1.0,-17705.0,-0.02176305194623224,-0.0203991819226177,0.0931,,
20241211,7453.5415,7436.0904,7462.3913,7429.3756,540525.0,5260.0,247417.0,1.0,0.0,11677.0,0.0,1.0,-2.0,7553.0,-20432.0,7438.891740000001,7486.617209999999,7487.525195,-47.7254699999985,-48.63345499999923,1.0,11677.0,-1.0,-12879.0,0.00973127977429351,-0.0164112439150353,0.0984,,
20241212,7484.839,7461.0006,7493.0268,7451.976,537926.0,-2599.0,249220.0,1.0,0.0,10686.0,0.0,1.0,-2.0,5312.0,-20078.0,7444.717780000001,7483.364779999999,7490.184865,-38.64699999999812,-45.46708499999932,1.0,10686.0,-1.0,-14766.0,-0.0048315195770421955,-0.0412443917039785,0.0984,,
20241213,7457.4591,7482.7663,7484.7378,7450.5248,527067.0,-10859.0,254791.0,1.0,0.0,8718.0,0.0,1.0,-2.0,5542.0,-14614.0,7451.76804,7474.79449,7492.348754999999,-23.0264500000003,-40.58071499999915,1.0,8718.0,-1.0,-9072.0,-0.020602693775174694,-0.0200714240445269,0.0984,,0.4677
20241216,7463.8436,7456.4226,7467.7889,7430.4055,529869.0,2802.0,288539.0,1.0,0.0,9646.0,0.0,1.0,-2.0,8270.0,-18966.0,7459.57672,7465.23367,7493.729089999999,-5.656949999999597,-34.15236999999888,1.0,9646.0,-1.0,-10696.0,0.005288099511388664,-0.0591000274735624,0.1047,,
20241217,7439.8318,7464.8808,7473.0769,7432.2144,548199.0,18330.0,247908.0,1.0,0.0,10470.0,0.0,1.0,-2.0,10645.0,-19806.0,7459.903,7454.99965,7491.40754,4.903350000000501,-31.50453999999991,1.0,10470.0,-1.0,-9161.0,0.03343676292733113,-0.074795101463431,0.0988,,
20241218,7417.2338,7430.7079,7445.4339,7412.4704,566681.0,18482.0,302568.0,1.0,0.0,12982.0,0.0,1.0,-2.0,13111.0,-20511.0,7452.641460000001,7445.7666,7486.134719999999,6.874860000000808,-33.49325999999837,1.0,12982.0,-1.0,-7400.0,0.03261446916342704,-0.0932754183038453,0.0925,,
20241219,7405.308,7420.3342,7441.2621,7371.2599,567222.0,541.0,378848.0,1.0,0.0,13275.0,0.0,1.0,-2.0,11871.0,-23468.0,7436.735259999999,7440.726519999999,7481.00297,-3.991259999999784,-44.26771000000008,1.0,13275.0,-1.0,-11597.0,0.0009537711865900829,-0.1140695696853944,0.0953,,
20241220,7358.9507,7401.1188,7417.6895,7352.0826,594056.0,26834.0,300285.0,1.0,0.0,13994.0,0.0,1.0,-2.0,12507.0,-23773.0,7417.03358,7434.400810000001,7473.50475,-17.36723000000075,-56.4711699999998,1.0,13994.0,-1.0,-11266.0,0.04517082564606704,-0.064396272968028,0.0963,,0.4355
20241223,7417.5505,7361.4698,7425.4984,7342.6095,588718.0,-5338.0,361419.0,1.0,0.0,9066.0,0.0,1.0,-2.0,11910.0,-23785.0,7407.774960000001,7433.675840000001,7468.508800000001,-25.90088000000014,-60.73383999999987,1.0,9066.0,-1.0,-11875.0,-0.00906715948892339,0.0242335353810478,0.0948,,
20241224,7425.8773,7405.3588,7431.0737,7401.4075,569864.0,-18854.0,265115.0,1.0,0.0,13501.0,0.0,1.0,-2.0,9893.0,-16015.0,7404.984060000001,7432.443530000001,7463.14534,-27.45947000000069,-58.16127999999935,1.0,13501.0,-1.0,-6122.0,-0.03308508696811871,0.0143614318220281,0.0949,,
20241225,7399.815,7426.3147,7445.6642,7399.1684,566114.0,-3750.0,232361.0,1.0,0.0,13691.0,0.0,1.0,-2.0,10437.0,-24501.0,7401.5003,7427.070879999999,7456.844045,-25.57057999999961,-55.34374500000013,1.0,13691.0,-1.0,-14064.0,-0.006624107511914562,-0.0276594132680621,0.0945,,
20241226,7404.0049,7399.2103,7431.3313,7399.2103,554264.0,-11850.0,205321.0,1.0,0.0,9058.0,0.0,1.0,-2.0,11461.0,-26266.0,7401.239680000001,7418.98747,7451.176125,-17.74778999999944,-49.93644499999937,1.0,9058.0,-1.0,-14805.0,-0.021379703534777653,-0.0423190531264107,0.0926,,
20241227,7368.428,7404.4086,7428.0739,7365.6501,566687.0,12423.0,243817.0,1.0,0.0,13277.0,0.0,1.0,-2.0,15915.0,-24475.0,7403.13514,7410.084359999999,7442.439425,-6.949219999998604,-39.30428499999925,1.0,13277.0,-1.0,-8560.0,0.02192215455798351,-0.0744787452303135,0.0934,,0.3548
20241230,7390.8008,7374.5578,7413.5588,7369.8903,553873.0,-12814.0,230916.0,1.0,0.0,13215.0,0.0,1.0,-2.0,12908.0,-24326.0,7397.7852,7402.780080000001,7434.006875000001,-4.994880000001103,-36.22167500000069,1.0,13215.0,-1.0,-11418.0,-0.02313526747106286,-0.0853639640340358,0.0883,,
20241231,7473.7981,7397.4335,7476.7859,7390.8401,525603.0,-28270.0,396191.0,1.0,0.0,13338.0,0.0,1.0,-1.0,9522.0,-14195.0,7407.36936,7406.176710000002,7430.588180000001,1.192649999998139,-23.21882000000096,1.0,13338.0,0.0,-4673.0,-0.053785842166045476,-0.0782989106807618,0.0884,,
20250102,7489.9819,7440.8773,7501.2011,7440.8773,540191.0,14588.0,286689.0,1.0,0.0,11586.0,0.0,2.0,-1.0,8401.0,-10211.0,7425.40274,7413.451520000001,7429.609060000001,11.95121999999901,-4.206320000001142,1.0,11586.0,1.0,-1810.0,0.027005262953288745,-0.1079222823800674,0.0874,,
20250103,7428.2588,7493.0345,7496.7053,7426.3045,521852.0,-18339.0,325398.0,1.0,0.0,10943.0,0.0,1.0,-1.0,13093.0,-17301.0,7430.25352,7415.7466,7428.236559999999,14.50691999999981,2.016960000000836,1.0,10943.0,0.0,-4208.0,-0.035142147582073076,-0.1292012985056039,0.0893,,0.3065
20250106,7351.0425,7421.8067,7444.9267,7347.9379,509646.0,-12206.0,478966.0,1.0,0.0,8271.0,0.0,2.0,-1.0,13565.0,-23597.0,7426.776419999999,7414.955779999999,7424.678295000001,11.82063999999991,2.098124999998618,1.0,8271.0,1.0,-10032.0,-0.023949957421425853,-0.0950028879992283,0.0994,,
20250107,7320.7918,7365.9466,7376.2654,7313.5557,516810.0,7164.0,318978.0,1.0,0.0,8310.0,0.0,2.0,-1.0,20624.0,-22865.0,7412.774619999999,7405.27991,7419.477875000001,7.494709999999031,-6.703255000002173,1.0,8310.0,1.0,-2241.0,0.013861960875370059,-0.120736050173265,0.0969,0.4897435897435898,
20250108,7309.2531,7336.6677,7346.5029,7304.6686,548942.0,32132.0,279743.0,1.0,0.0,6803.0,0.0,2.0,-1.0,26654.0,-18831.0,7379.86562,7393.61749,7413.030510000001,-13.75187000000005,-33.16489000000183,1.0,6803.0,1.0,7823.0,0.058534417115105056,-0.1381748871263078,0.0979,0.5567867036011082,
20250109,7341.6853,7310.5599,7358.1074,7307.6029,551434.0,2492.0,302828.0,1.0,0.0,6013.0,0.0,2.0,-1.0,27651.0,-12105.0,7350.2063,7387.804520000001,7407.437699999999,-37.59822000000077,-57.23139999999967,1.0,6013.0,1.0,15546.0,0.004519126495645898,-0.1307307175339054,0.1018,0.802675585284281,
20250110,7359.7075,7350.7621,7381.5356,7339.6344,539063.0,-12371.0,232776.0,1.0,0.0,12528.0,0.0,2.0,-1.0,34137.0,-9157.0,7336.49604,7383.374780000001,7401.181125,-46.87874000000102,-64.68508500000007,1.0,12528.0,1.0,24980.0,-0.02294908016317202,-0.0883873869140141,0.0986,0.7247386759581881,0.3387
20250113,7430.3539,7386.217,7454.3523,7386.1618,522268.0,-16795.0,421640.0,1.0,0.0,12495.0,0.0,2.0,-1.0,37189.0,-4208.0,7352.358320000001,7389.56737,7399.825865000001,-37.20904999999857,-47.46754499999952,1.0,12495.0,1.0,32981.0,-0.03215781935711168,-0.2124032063100514,0.1004,0.7874564459930316,
20250114,7421.6651,7434.793,7444.3393,7414.07,519464.0,-2804.0,270559.0,1.0,0.0,5446.0,0.0,2.0,-1.0,34346.0,-2471.0,7372.532980000001,7392.6538,7397.716940000001,-20.12081999999918,-25.1839600000003,1.0,5446.0,1.0,31875.0,-0.005397871652318544,-0.1987817508685667,0.1026,0.8641114982578397,
20250115,7438.084,7423.1613,7447.8282,7408.6828,521837.0,2373.0,240122.0,1.0,0.0,4154.0,0.0,2.0,-1.0,33996.0,-944.0,7398.29916,7389.082389999999,7397.62955,9.216770000001816,0.66961000000083,1.0,4154.0,1.0,33052.0,0.0045473969841157294,-0.1966347144187786,0.0998,0.7665505226480838,
20250116,7465.0239,7439.1728,7489.8418,7433.4256,503901.0,-17936.0,376962.0,1.0,0.0,4032.0,0.0,3.0,0.0,34072.0,0.0,7422.96688,7386.586589999999,7400.019055,36.38029000000097,22.94782500000019,1.0,4032.0,3.0,34072.0,-0.03559429332349013,-0.1272342001080716,0.0998,0.7665505226480838,
20250117,7467.0319,7462.8208,7483.8681,7420.2089,497240.0,-6661.0,281946.0,1.0,0.0,2381.0,0.0,3.0,0.0,42010.0,0.0,7444.431759999999,7390.4639,7403.105249999999,53.96785999999975,41.32651000000078,1.0,2381.0,3.0,42010.0,-0.013395945619821414,-0.1212256727653826,0.0989,0.7351916376306622,0.5484
20250120,7442.8109,7468.6982,7472.6564,7429.5396,482498.0,-14742.0,276363.0,1.0,0.0,1037.0,0.0,2.0,-1.0,44078.0,-4930.0,7446.92316,7399.64074,7407.29826,47.28242000000046,39.6248999999998,1.0,1037.0,1.0,39148.0,-0.03055349452225709,-0.0935265207889786,0.0997,0.7630662020905924,
20250121,7399.0751,7444.2319,7456.3173,7398.6284,482695.0,197.0,283642.0,1.0,0.0,1595.0,0.0,2.0,-1.0,35872.0,-3079.0,7442.40516,7407.469069999999,7406.374489999999,34.93609000000106,36.03067000000101,1.0,1595.0,1.0,32793.0,0.00040812521364422667,-0.1038273022420941,0.1003,0.7839721254355402,
20250122,7357.6273,7392.4907,7392.4907,7352.0146,475591.0,-7104.0,287212.0,1.0,-1.0,5138.0,-4504.0,3.0,-1.0,35074.0,0.0,7426.31382,7412.30649,7402.961990000001,14.00733000000037,23.35182999999961,0.0,634.0,2.0,35074.0,-0.014937204446677923,-0.070754323906692,0.1023,0.8536585365853661,
20250123,7332.805,7359.1913,7382.2982,7320.1888,489095.0,13504.0,261351.0,2.0,0.0,11919.0,0.0,2.0,-1.0,42794.0,-6609.0,7399.87004,7411.418459999999,7399.61149,-11.54841999999917,0.2585499999995591,2.0,11919.0,1.0,36185.0,0.02761017798178268,-0.0389971524934009,0.0952,0.6062717770034847,
20250124,7334.4191,7334.039,7358.5431,7327.5691,482585.0,-6510.0,194873.0,1.0,0.0,11885.0,0.0,2.0,-1.0,44844.0,-3666.0,7373.347479999999,7408.889619999999,7396.1322,-35.54213999999956,-22.78472000000056,1.0,11885.0,1.0,41178.0,-0.013489851528746231,-0.0350082768901778,0.0973,0.709090909090909,0.8226
20250127,7379.1048,7344.2318,7404.5132,7333.5981,448704.0,-33881.0,237652.0,1.0,0.0,11673.0,0.0,2.0,0.0,41206.0,0.0,7360.60626,7403.76471,7396.666040000001,-43.1584499999999,-36.0597800000005,1.0,11673.0,2.0,41206.0,-0.0755085758094423,-0.1253938413431234,0.0985,0.7527272727272728,0.8548
20250205,7345.1045,7361.0983,7378.8402,7339.6974,466269.0,17565.0,191051.0,1.0,0.0,12140.0,0.0,2.0,-1.0,33731.0,-2999.0,7349.81214,7396.108649999999,7394.381224999999,-46.29650999999922,-44.56908499999918,1.0,12140.0,1.0,30732.0,0.03767138711773676,-0.0795239581055931,0.0876,0.3563636363636363,
20250206,7338.1966,7344.1572,7352.1453,7318.1784,500770.0,34501.0,239723.0,1.0,0.0,12818.0,0.0,2.0,0.0,32006.0,-1125.0,7345.926000000001,7386.119910000001,7387.60115,-40.19390999999996,-41.67514999999912,1.0,12818.0,2.0,30881.0,0.06889590031351718,-0.063452219300785,0.086,0.29818181818181805,
20250207,7398.7426,7338.5014,7423.5893,7338.1606,487103.0,-13667.0,320199.0,1.0,0.0,12344.0,0.0,3.0,0.0,32333.0,0.0,7359.113520000001,7379.491780000001,7383.039185,-20.37826000000041,-23.92566499999884,1.0,12344.0,3.0,32333.0,-0.028057720851647393,-0.0862977596421245,0.0842,0.23272727272727275,0.9032
20250210,7410.2329,7391.9467,7427.8709,7387.5457,497636.0,10533.0,253124.0,1.0,0.0,10672.0,0.0,3.0,0.0,31702.0,0.0,7374.27628,7373.811879999999,7382.137890000001,0.4644000000007509,-7.861610000000837,1.0,10672.0,3.0,31702.0,0.021166073194061524,-0.0580278985544057,0.0856,0.2899628252788104,
20250211,7427.5958,7411.7196,7427.9345,7401.8174,494262.0,-3374.0,211671.0,1.0,-1.0,10464.0,-5282.0,3.0,0.0,31956.0,0.0,7383.97448,7372.290370000001,7385.965555,11.68410999999924,-1.99107499999991,0.0,5182.0,3.0,31956.0,-0.006826339067134435,-0.0444768319941865,0.0855,0.28624535315985167,
20250212,7443.2505,7436.0996,7447.8843,7419.6678,482288.0,-11974.0,230383.0,1.0,-1.0,4117.0,-5116.0,3.0,0.0,26369.0,0.0,7403.60368,7376.70791,7392.088489999999,26.89577000000008,11.51519000000098,0.0,-999.0,3.0,26369.0,-0.02482748896924659,-0.0493853719092787,0.0838,0.2230483271375466,
20250213,7370.5208,7440.7415,7440.7415,7360.6567,484055.0,1767.0,299443.0,1.0,-1.0,4508.0,-5183.0,2.0,0.0,13014.0,-1440.0,7410.068520000001,7377.997259999999,7395.151874999999,32.07126000000153,14.91664500000206,0.0,-675.0,2.0,11574.0,0.0036504116267779487,-0.0241609584245243,0.085,0.2676579925650561,
20250214,7392.8487,7371.277,7417.6617,7364.1654,484457.0,402.0,237955.0,1.0,-1.0,9586.0,-5193.0,2.0,-1.0,14213.0,-4949.0,7408.889740000001,7384.001630000001,7397.710045,24.88810999999987,11.17969500000072,0.0,4393.0,1.0,9264.0,0.0008297950076064542,-0.03243418806033,0.0849,0.2639405204460969,0.9355
20250217,7415.125,7394.1889,7417.5435,7375.1012,477914.0,-6543.0,236791.0,1.0,-1.0,9200.0,-4891.0,2.0,-1.0,14754.0,-7020.0,7409.86816,7392.07222,7400.480919999999,17.79593999999997,9.38724000000093,0.0,4309.0,1.0,7734.0,-0.013690747707746581,-0.0607145840575787,0.0827,0.1821561338289963,
20250218,7410.0329,7414.4724,7418.7433,7393.8612,475900.0,-2014.0,183082.0,1.0,0.0,5096.0,-4073.0,2.0,-1.0,15264.0,-11195.0,7406.35558,7395.165030000001,7399.464870000001,11.19054999999935,6.890709999999672,1.0,1023.0,1.0,4069.0,-0.0042319815087203195,-0.0519137794124193,0.0804,0.09665427509293696,
20250219,7412.9028,7410.0501,7422.1854,7395.935,478581.0,2681.0,191259.0,1.0,0.0,9275.0,-3743.0,2.0,-1.0,17345.0,-11498.0,7400.286040000001,7401.944860000001,7399.026754999999,-1.65881999999965,1.25928500000191,1.0,5532.0,1.0,5847.0,0.005601977512688552,-0.0136546354493584,0.0789,0.04089219330855032,
20250220,7409.3265,7412.3834,7423.7633,7393.8518,479840.0,1259.0,191793.0,2.0,0.0,9586.0,0.0,2.0,-1.0,13794.0,-12979.0,7408.04718,7409.057849999999,7397.58888,-1.010669999999664,10.45829999999933,2.0,9586.0,1.0,815.0,0.002623791263754585,-0.0224442083761986,0.0777,0.0,
20250221,7378.7187,7409.8912,7431.1924,7376.2796,492345.0,12505.0,303168.0,1.0,0.0,10539.0,0.0,2.0,-1.0,10818.0,-17720.0,7405.221179999999,7407.05546,7393.273620000002,-1.834280000001854,11.94755999999688,1.0,10539.0,1.0,-6902.0,0.025398856492906397,-0.0839984904386108,0.0821,0.16296296296296303,0.9677
20250224,7366.3792,7374.2827,7399.5376,7358.6683,501741.0,9396.0,255273.0,1.0,0.0,12253.0,0.0,1.0,-1.0,7694.0,-21511.0,7395.472019999999,7402.67009,7388.240985000001,-7.198070000000371,7.231034999997974,1.0,12253.0,0.0,-13817.0,0.01872679330570952,-0.1152359169814973,0.0789,0.04444444444444418,
20250225,7353.8711,7371.2062,7373.8034,7349.2949,509537.0,7796.0,188730.0,1.0,0.0,13051.0,0.0,1.0,-1.0,7721.0,-20088.0,7384.239660000001,7395.29762,7383.793995,-11.05795999999918,0.4456650000010995,1.0,13051.0,0.0,-12367.0,0.015300164659288728,-0.1038049856822121,0.0762,0.0,
20250226,7320.903,7348.5653,7348.5653,7291.0946,586215.0,76678.0,372926.0,1.0,0.0,14304.0,0.0,1.0,-2.0,10794.0,-23023.0,7365.8397,7383.06287,7379.88539,-17.22317000000021,-14.04569000000083,1.0,14304.0,-1.0,-12229.0,0.13080183891575617,-0.1515491707256959,0.0779,0.05964912280701731,
20250227,7369.6167,7317.3905,7372.3343,7307.6834,553245.0,-32970.0,310374.0,1.0,0.0,14367.0,0.0,1.0,-1.0,9847.0,-19961.0,7357.89774,7382.97246,7380.48486,-25.07471999999962,-22.58711999999923,1.0,14367.0,0.0,-10114.0,-0.059593850825583605,-0.0804433450261026,0.0774,0.042105263157894486,
20250228,7367.6636,7371.9802,7392.8741,7360.2194,516206.0,-37039.0,278820.0,1.0,0.0,13778.0,0.0,2.0,-1.0,9290.0,-24722.0,7355.686720000001,7380.45395,7382.22779,-24.76722999999947,-26.54106999999931,1.0,13778.0,1.0,-15432.0,-0.07175236242895278,-0.1263221602737419,0.0785,0.0807017543859648,1.0
20250303,7385.6635,7367.9453,7395.3892,7354.6439,504013.0,-12193.0,289849.0,1.0,0.0,13486.0,0.0,1.0,-2.0,8704.0,-37978.0,7359.54358,7377.507800000001,7384.79001,-17.96422000000075,-25.24642999999924,1.0,13486.0,-1.0,-29274.0,-0.02419183632168218,-0.0802874315900689,0.0771,0.031578947368420984,
20250304,7342.1855,7384.9691,7391.4324,7341.0507,521159.0,17146.0,283871.0,1.0,0.0,13259.0,0.0,1.0,-2.0,14537.0,-44460.0,7357.206459999999,7370.723059999999,7382.944044999999,-13.51659999999993,-25.73758499999985,1.0,13259.0,-1.0,-29923.0,0.03289974844529213,-0.001571415539649,0.0777,0.052631578947368474,
20250305,7305.6216,7336.0044,7336.0044,7297.3356,575744.0,54585.0,376964.0,1.0,0.0,13979.0,0.0,1.0,-2.0,16253.0,-50320.0,7354.15018,7359.99494,7380.969900000001,-5.844759999999951,-26.81972000000133,1.0,13979.0,-1.0,-34067.0,0.09480776178301467,-0.0368889730351141,0.079,0.09824561403508762,
20250306,7319.2515,7294.637,7320.2593,7273.5928,601595.0,25851.0,393063.0,1.0,0.0,14454.0,0.0,1.0,-2.0,17145.0,-47902.0,7344.077139999999,7350.98744,7380.022644999999,-6.910300000000461,-35.94550499999968,1.0,14454.0,-1.0,-30757.0,0.04297076937142097,0.044925816337514,0.079,0.09824561403508762,
20250307,7314.2204,7318.3278,7332.9806,7296.5488,602895.0,1300.0,233184.0,1.0,0.0,14453.0,0.0,1.0,-2.0,17019.0,-44274.0,7333.388499999999,7344.537610000001,7375.796534999999,-11.14911000000211,-42.40803500000038,1.0,14453.0,-1.0,-27255.0,0.0021562626991433,0.021590754146775,0.0769,0.024561403508771663,1.0
20250310,7312.3966,7324.3983,7349.7172,7307.6503,591735.0,-11160.0,313627.0,1.0,0.0,14057.0,0.0,1.0,-2.0,15640.0,-40859.0,7318.73512,7339.139349999999,7370.90472,-20.40422999999919,-52.16960000000017,1.0,14057.0,-1.0,-25219.0,-0.018859793657633905,0.0102439155833201,0.0781,0.06666666666666664,
20250311,7301.9278,7323.6862,7323.6862,7275.5874,610418.0,18683.0,290878.0,1.0,0.0,14378.0,0.0,1.0,-2.0,18438.0,-33343.0,7310.68358,7333.945019999999,7364.62132,-23.26143999999931,-53.9377400000003,1.0,14378.0,-1.0,-14905.0,0.030606895602685372,0.0310691665645601,0.0766,0.014035087719298163,
20250312,7246.8779,7311.9503,7316.5797,7240.2897,647001.0,36583.0,399423.0,1.0,0.0,15107.0,0.0,1.0,-2.0,21304.0,-26263.0,7298.93484,7326.542510000001,7354.802690000001,-27.60767000000124,-55.86785000000145,1.0,15107.0,-1.0,-4959.0,0.05654241647230839,-0.0227121713432754,0.0808,0.1614035087719296,
20250313,7250.2156,7264.4146,7285.7155,7249.1214,650974.0,3973.0,318177.0,1.0,0.0,15277.0,0.0,1.0,-2.0,18407.0,-24563.0,7285.127660000001,7314.602400000001,7348.787430000001,-29.47473999999966,-63.65977000000021,1.0,15277.0,-1.0,-6156.0,0.006103162338280792,0.0210324147204991,0.0786,0.08421052631578946,
20250314,7285.0064,7256.0213,7295.1307,7245.3433,635349.0,-15625.0,359154.0,1.0,0.0,14517.0,0.0,1.0,-1.0,15028.0,-19689.0,7279.28486,7306.33668,7343.395315,-27.05182000000059,-64.110455,1.0,14517.0,0.0,-4661.0,-0.02459278286422108,0.054709683818753,0.0755,0.0,1.0
20250317,7272.8017,7283.465,7285.6818,7249.7289,638618.0,3269.0,349095.0,1.0,-1.0,15127.0,-5311.0,1.0,-2.0,17650.0,-16644.0,7271.36588,7295.050499999999,7336.27915,-23.68461999999909,-64.91327000000001,0.0,9816.0,-1.0,1006.0,0.005118866051379698,0.0321258653596093,0.0808,0.18150684931506844,
20250318,7256.6471,7278.8526,7279.4145,7237.2518,647710.0,9092.0,300112.0,1.0,-1.0,15237.0,-5624.0,1.0,-1.0,16902.0,-16710.0,7262.30974,7286.49666,7328.60986,-24.1869200000001,-66.30011999999988,0.0,9613.0,0.0,192.0,0.014037146253724661,0.0259558389567373,0.0792,0.12671232876712357,
20250319,7227.8251,7265.5372,7265.5372,7222.988,666468.0,18758.0,318818.0,1.0,-1.0,15300.0,-5807.0,2.0,-1.0,17983.0,-11334.0,7258.499180000001,7278.71701,7319.355975,-20.21782999999959,-60.85679499999969,0.0,9493.0,1.0,6649.0,0.028145387325422978,0.002227002141507,0.076,0.018450184501845036,
20250320,7245.5478,7236.3409,7257.8225,7218.4439,661354.0,-5114.0,300848.0,1.0,-1.0,15361.0,-5532.0,2.0,-1.0,19701.0,-15097.0,7257.565619999999,7271.346640000001,7311.16704,-13.78102000000126,-53.60142000000087,0.0,9829.0,1.0,4604.0,-0.007732621258811468,0.0222938465780403,0.0731,0.0,
20250321,7244.966,7238.7871,7266.634,7217.9474,653068.0,-8286.0,304365.0,1.0,0.0,15397.0,0.0,1.0,-2.0,17366.0,-16509.0,7249.55754,7264.4212,7304.479405,-14.86365999999998,-54.92186500000025,1.0,15397.0,-1.0,857.0,-0.01268780586401416,0.0126765599627239,0.0791,0.20338983050847476,1.0
20250324,7322.032,7243.7899,7325.1758,7241.6345,619730.0,-33338.0,438581.0,1.0,0.0,14499.0,0.0,2.0,-1.0,16959.0,-11489.0,7259.4036,7265.38474,7302.262045,-5.981139999999868,-42.85844500000076,1.0,14499.0,1.0,5470.0,-0.05379439433301599,0.0393810029309677,0.0799,0.23050847457627122,
20250325,7302.8194,7309.8725,7330.337,7299.9796,597667.0,-22063.0,299625.0,1.0,0.0,14374.0,0.0,1.0,-2.0,13413.0,-20828.0,7268.63806,7265.4739,7299.70946,3.164160000000265,-31.07139999999981,1.0,14374.0,-1.0,-7415.0,-0.036915205289902234,0.0462188811485704,0.0729,0.0,
20250326,7317.3002,7315.226,7327.1033,7303.1968,603457.0,5790.0,305124.0,1.0,0.0,14344.0,0.0,2.0,-1.0,13324.0,-22236.0,7286.533079999999,7272.516130000001,7299.52932,14.01694999999836,-12.9962400000004,1.0,14344.0,1.0,-8912.0,0.009594718430642118,0.0359116897808667,0.0725,0.0,
20250327,7335.0483,7318.8528,7343.4672,7317.5666,587394.0,-16063.0,312958.0,1.0,0.0,14124.0,0.0,2.0,-1.0,17160.0,-15831.0,7304.43318,7280.999400000001,7297.8009,23.43377999999939,6.63227999999981,1.0,14124.0,1.0,1329.0,-0.02734621055032908,0.0693303862948801,0.0747,0.07308970099667798,
20250328,7328.5223,7335.1332,7354.5642,7320.8526,579031.0,-8363.0,350775.0,1.0,0.0,12762.0,0.0,2.0,-1.0,17427.0,-16249.0,7321.144439999999,7285.350990000001,7295.843835,35.7934499999983,25.30060499999945,1.0,12762.0,1.0,1178.0,-0.014443095447394009,0.060584863023569,0.0744,0.06312292358803982,1.0
20250331,7301.0152,7329.865,7334.6466,7266.0791,563446.0,-15585.0,436266.0,1.0,0.0,12644.0,0.0,2.0,-1.0,13487.0,-14742.0,7316.94108,7288.17234,7291.611419999999,28.76873999999953,25.32966000000033,1.0,12644.0,1.0,-1255.0,-0.027660148443684043,0.0208906891038483,0.076,0.11627906976744196,
20250401,7337.8825,7305.0922,7345.651,7298.0025,549731.0,-13715.0,368847.0,1.0,0.0,12770.0,0.0,2.0,-1.0,19530.0,-12589.0,7323.9537,7296.295880000001,7291.39627,27.65781999999945,32.55742999999984,1.0,12770.0,1.0,6941.0,-0.02494856575306832,0.0194008899426279,0.0747,0.07308970099667798,
20250402,7349.103,7332.6694,7366.425,7320.2734,555186.0,5455.0,395408.0,1.0,0.0,11807.0,0.0,2.0,-1.0,18913.0,-3746.0,7330.314260000001,7308.423670000001,7293.57034,21.89058999999997,36.7439200000008,1.0,11807.0,1.0,15167.0,0.009825535946511619,0.0191296386498414,0.0753,0.09302325581395385,
20250403,7332.9346,7344.7436,7358.5394,7320.7241,529118.0,-26068.0,383909.0,1.0,0.0,11779.0,0.0,1.0,-1.0,10505.0,-6107.0,7329.891519999999,7317.162350000001,7294.254495000001,12.7291699999987,35.63702499999818,1.0,11779.0,0.0,4398.0,-0.0492668932071863,0.0318640535112218,0.0865,0.4651162790697674,0.9194
20250407,7173.3439,7205.5344,7252.5727,7121.4101,550678.0,21560.0,786788.0,1.0,0.0,7116.0,0.0,2.0,-1.0,24598.0,-8301.0,7298.855840000001,7310.000140000001,7287.21067,-11.14429999999993,11.64517000000069,1.0,7116.0,1.0,16297.0,0.039151736586535146,0.1515819230737701,0.1308,1.0,
20250408,7158.2744,7180.1214,7223.5167,7147.359,560336.0,9658.0,620921.0,1.0,0.0,8334.0,0.0,1.0,-2.0,23616.0,-17101.0,7270.30768,7293.624379999999,7279.504560000001,-23.3166999999994,-9.196880000001329,1.0,8334.0,-1.0,6515.0,0.017236086919277006,0.1366008221528646,0.1124,0.6843910806174958,
20250409,7117.6694,7160.4849,7195.759,7023.5343,567673.0,7337.0,885579.0,1.0,0.0,8731.0,0.0,2.0,-1.0,20395.0,-9786.0,7226.26506,7275.10938,7270.29164,-48.84432000000015,-44.02658000000065,1.0,8731.0,1.0,10609.0,0.01292469432225947,0.3022304751530945,0.146,1.0,
20250410,7214.9966,7087.4597,7316.4518,7082.6029,498980.0,-68693.0,1058494.0,1.0,0.0,8053.0,0.0,3.0,0.0,21792.0,0.0,7199.44378,7264.87902,7268.697575,-65.4352400000007,-69.25379500000054,1.0,8053.0,3.0,21792.0,-0.1376668403543228,0.1056384519330006,0.1592,1.0,
20250411,7210.243,7204.4326,7223.3124,7190.9755,482448.0,-16532.0,467774.0,1.0,0.0,8070.0,0.0,3.0,0.0,18555.0,0.0,7174.90546,7252.39849,7266.698944999999,-77.49302999999964,-91.79348499999924,1.0,8070.0,3.0,18555.0,-0.034266905448877394,0.1430850229530451,0.1592,1.0,0.9355
20250414,7208.238,7204.447,7231.3555,7192.225,488393.0,5945.0,374003.0,1.0,0.0,8302.0,0.0,2.0,-1.0,18713.0,-3905.0,7181.88428,7240.370059999999,7262.860525000001,-58.48577999999907,-80.97624500000074,1.0,8302.0,1.0,14808.0,0.01217257413599294,0.1429896440427098,0.1026,0.3471741637831603,
20250415,7142.9625,7213.5726,7214.4588,7137.0297,512244.0,23851.0,356860.0,1.0,0.0,9320.0,0.0,2.0,-1.0,14821.0,-10085.0,7178.8219,7224.564790000001,7256.368565,-45.74289000000135,-77.54666499999985,1.0,9320.0,1.0,4736.0,0.04656179476968007,0.2191259851355197,0.1002,0.31949250288350634,
20250416,7114.5974,7133.0849,7154.8954,7112.9728,517215.0,4971.0,279294.0,1.0,0.0,9218.0,0.0,2.0,-1.0,17268.0,-9211.0,7178.2075,7202.23628,7249.266079999999,-24.02878000000055,-71.05857999999989,1.0,9218.0,1.0,8057.0,0.009611090165598446,0.1498696903074663,0.1063,0.3898500576701269,
20250417,7114.6816,7129.3599,7151.6008,7104.4961,523406.0,6191.0,295650.0,1.0,0.0,9581.0,0.0,1.0,-1.0,13165.0,-2731.0,7158.1445,7178.79414,7243.608905000001,-20.64963999999964,-85.46440500000062,1.0,9581.0,0.0,10434.0,0.01182829390568698,0.1584646065922611,0.0996,0.3125720876585928,
20250418,7137.9763,7130.9296,7151.7312,7111.5745,521725.0,-1681.0,308005.0,1.0,0.0,9322.0,0.0,2.0,-1.0,10693.0,-8040.0,7143.691159999999,7159.29831,7238.23033,-15.60715000000073,-94.53917000000092,1.0,9322.0,1.0,2653.0,-0.0032220039292730845,0.1914383042439068,0.1021,0.3414071510957324,0.8387
20250421,7124.1624,7132.6222,7144.6156,7106.9129,522678.0,953.0,347437.0,1.0,0.0,9504.0,0.0,1.0,-1.0,2373.0,-12766.0,7126.87604,7154.380160000001,7232.190149999999,-27.50412000000051,-105.3141099999993,1.0,9504.0,0.0,-10393.0,0.0018233023008429664,0.1723581266403195,0.0975,0.2883506343713957,
20250422,7083.9907,7114.4881,7117.6603,7069.7897,541627.0,18949.0,331811.0,1.0,0.0,9512.0,0.0,2.0,-1.0,5581.0,-9868.0,7115.08168,7146.951790000001,7220.288084999998,-31.87011000000075,-105.2064049999981,1.0,9512.0,1.0,-4287.0,0.03498533123348725,0.1270226604869661,0.1031,0.3529411764705882,
20250423,7144.8935,7083.8976,7155.0796,7074.551,511518.0,-30109.0,380646.0,1.0,0.0,8728.0,0.0,2.0,-1.0,12829.0,-8726.0,7121.1409,7149.674199999999,7212.39179,-28.53329999999914,-91.25088999999934,1.0,8728.0,1.0,4103.0,-0.05886205373026951,0.2186799603416507,0.0998,0.314878892733564,
20250424,7100.2707,7126.5054,7131.0057,7073.0311,508380.0,-3138.0,342280.0,1.0,0.0,8741.0,0.0,1.0,-1.0,9307.0,-4250.0,7118.258720000001,7138.201610000001,7201.540315000001,-19.94289000000026,-83.28159500000038,1.0,8741.0,0.0,5057.0,-0.006172548093945474,0.1805818662539326,0.1029,0.35063437139561715,
20250425,7103.9306,7100.585,7129.7863,7092.4587,498397.0,-9983.0,274388.0,1.0,0.0,8833.0,0.0,1.0,-1.0,13533.0,-13930.0,7111.44958,7127.570369999999,7189.98443,-16.12078999999903,-78.5348499999991,1.0,8833.0,0.0,-397.0,-0.02003021687530222,0.1926089206278983,0.0975,0.2883506343713957,0.6935
20250428,7117.7972,7096.3258,7134.34,7095.0358,483472.0,-14925.0,264122.0,1.0,0.0,8706.0,0.0,2.0,-1.0,14166.0,-19396.0,7110.17654,7118.52629,7179.448175,-8.349749999999403,-69.27163500000006,1.0,8706.0,1.0,-5230.0,-0.030870453718105702,0.202786666669483,0.0957,0.26758938869665505,
20250429,7095.7969,7111.8413,7113.5595,7070.4634,479019.0,-4453.0,253157.0,1.0,0.0,8605.0,0.0,2.0,-1.0,9739.0,-10627.0,7112.537780000001,7113.809729999999,7169.187260000001,-1.271949999998469,-56.64948000000004,1.0,8605.0,1.0,-888.0,-0.009296082201332306,0.1712166980952922,0.1003,0.3206459054209919,
20250430,7045.0151,7094.5722,7095.5203,7044.7421,484115.0,5096.0,267981.0,1.0,-1.0,8653.0,-5820.0,2.0,-1.0,11459.0,-7001.0,7092.5621,7106.8515,7154.543890000001,-14.28939999999966,-61.98179000000073,0.0,2833.0,1.0,4458.0,0.010526424506573852,0.1148661586768281,0.101,0.3287197231833911,0.6129
20250506,6996.6783,7029.5118,7040.8737,6975.0593,524367.0,40252.0,312558.0,1.0,-1.0,9599.0,-6266.0,2.0,-1.0,3230.0,-9766.0,7071.84362,7095.051170000001,7136.922655,-23.20755000000099,-65.07903500000066,0.0,3333.0,1.0,-6536.0,0.07676303047293212,0.2917757983694036,0.0969,0.28143021914648214,
20250507,7030.9709,7000.035,7090.286,7000.035,513119.0,-11248.0,366238.0,1.0,0.0,9287.0,0.0,1.0,-2.0,7692.0,-8508.0,7057.251679999999,7084.350630000001,7121.82447,-27.09895000000142,-64.57279000000017,1.0,9287.0,-1.0,-816.0,-0.021920840974510785,0.1730705325190402,0.0925,0.2306805074971165,
20250508,6985.6597,7016.9866,7021.7593,6968.56,553176.0,40057.0,299737.0,1.0,0.0,9541.0,0.0,1.0,-2.0,3422.0,-6383.0,7030.824180000001,7070.50036,7112.440259999998,-39.67617999999948,-81.61607999999796,1.0,9541.0,-1.0,-2961.0,0.0724127583264639,0.2625749806632984,0.092,0.22491349480968859,
20250509,6967.3624,7001.0266,7018.5526,6963.6847,566068.0,12892.0,282771.0,1.0,0.0,10129.0,0.0,1.0,-2.0,2451.0,-11789.0,7005.13728,7058.83753,7102.89466,-53.70024999999987,-97.75738000000001,1.0,10129.0,-1.0,-9338.0,0.02277464898210109,0.2230593658201138,0.0895,0.19607843137254902,0.3548
20250512,7029.7816,6975.579,7032.4673,6937.0116,551859.0,-14209.0,458684.0,1.0,0.0,5874.0,0.0,1.0,-2.0,7470.0,-13756.0,7002.090580000001,7047.32634,7098.50027,-45.23575999999866,-96.40968999999859,1.0,5874.0,-1.0,-6286.0,-0.025747518840863338,0.2121612414094789,0.0871,0.16839677047289503,
20250513,7072.527,7061.5134,7093.4366,7023.6657,543311.0,-8548.0,479686.0,1.0,0.0,10279.0,0.0,1.0,-2.0,6119.0,-19242.0,7017.260320000001,7044.55197,7091.376789999999,-27.29164999999921,-74.11646999999812,1.0,10279.0,-1.0,-13123.0,-0.0157331620379488,0.2357057506987551,0.0855,0.14994232987312583,
20250514,7189.2913,7081.1872,7189.4897,7079.5841,526215.0,-17096.0,586648.0,1.0,0.0,9993.0,0.0,1.0,-2.0,16279.0,-17252.0,7048.924400000001,7053.08804,7090.329205,-4.16363999999885,-41.40480499999921,1.0,9993.0,-1.0,-973.0,-0.03248862157103085,0.1430418517209586,0.0926,0.23183391003460213,
20250515,7157.2012,7179.3278,7184.2912,7131.9088,522739.0,-3476.0,419257.0,1.0,0.0,9636.0,0.0,1.0,-2.0,10500.0,-25769.0,7083.232699999999,7057.02844,7087.777365,26.20425999999861,-4.54466500000126,1.0,9636.0,-1.0,-15269.0,-0.006649589948329855,0.235850676038484,0.0878,0.17647058823529418,
20250516,7091.8503,7151.1568,7151.1568,7085.9317,521730.0,-1009.0,318172.0,1.0,0.0,9892.0,0.0,1.0,-2.0,341.0,-21886.0,7108.13028,7056.633779999999,7085.221755,51.49650000000111,22.90852499999983,1.0,9892.0,-1.0,-21545.0,-0.0019339505108006056,0.2596408941412488,0.0898,0.19953863898500585,0.2258
20250519,7074.9093,7096.39,7130.0888,7058.2914,520477.0,-1253.0,315694.0,1.0,0.0,10151.0,0.0,0.0,-3.0,0.0,-25923.0,7117.15582,7059.6232,7083.23735,57.53261999999995,33.91846999999962,1.0,10151.0,-3.0,-25923.0,-0.0024074070516084283,0.149853131893348,0.0859,0.15455594002306813,
20250520,7043.1134,7079.0967,7084.0341,7025.2982,533365.0,12888.0,310691.0,1.0,0.0,9755.0,0.0,0.0,-3.0,0.0,-28405.0,7111.2731,7064.266710000001,7079.658939999999,47.00638999999956,31.61416000000099,1.0,9755.0,-3.0,-28405.0,0.024163565288311005,0.1825340932153983,0.0861,0.1568627450980392,
20250521,7049.5161,7041.6548,7071.3499,7031.1595,538584.0,5219.0,268721.0,1.0,0.0,9726.0,0.0,0.0,-3.0,0.0,-31045.0,7083.31806,7066.12123,7075.235930000001,17.19682999999986,8.08212999999887,1.0,9726.0,-3.0,-31045.0,0.009690224737459709,0.1478980440186533,0.0876,0.17416378316032297,
20250522,6997.2524,7047.9985,7050.6685,6986.5818,559154.0,20570.0,300184.0,1.0,0.0,10698.0,0.0,0.0,-3.0,0.0,-49151.0,7051.328299999999,7067.280499999999,7068.890430000001,-15.95219999999972,-17.56213000000207,1.0,10698.0,-3.0,-49151.0,0.036787718589154327,0.1693600624598707,0.0871,0.16839677047289503,
20250523,6944.7265,6996.634,6999.6339,6944.4616,584204.0,25050.0,308875.0,1.0,0.0,10218.0,0.0,0.0,-3.0,0.0,-42667.0,7021.903540000001,7065.01691,7061.92722,-43.11336999999912,-40.02367999999933,1.0,10218.0,-3.0,-42667.0,0.04287885738543386,0.1522759017096986,0.0884,0.1833910034602077,0.4839
20250526,6926.8414,6944.3635,6974.045,6913.0299,612304.0,28100.0,359777.0,1.0,0.0,10757.0,0.0,0.0,-3.0,0.0,-38146.0,6992.28996,7054.72289,7051.024615,-62.43292999999994,-58.7346550000002,1.0,10757.0,-3.0,-38146.0,0.045892236536099716,0.1460227645622091,0.0874,0.17185697808535189,
20250527,6893.8857,6923.0136,6923.2863,6867.896,655052.0,42748.0,380500.0,1.0,0.0,10741.0,0.0,0.0,-3.0,0.0,-27482.0,6962.44442,7036.85876,7040.705364999999,-74.41434000000027,-78.26094499999908,1.0,10741.0,-3.0,-27482.0,0.06525894127489115,0.1542137244153724,0.0854,0.14878892733564023,
20250528,6889.2511,6897.2792,6906.7334,6869.2641,655624.0,572.0,370975.0,1.0,0.0,12627.0,0.0,1.0,-2.0,12731.0,-22678.0,6930.39142,7006.85474,7029.971390000001,-76.46331999999984,-99.57997000000069,1.0,12627.0,-1.0,-9947.0,0.0008724512830524813,0.1796371392763754,0.0837,0.12918108419838523,
20250529,6912.7755,6895.3731,6926.6115,6843.0347,660178.0,4554.0,468246.0,1.0,0.0,12164.0,0.0,1.0,-2.0,12931.0,-26369.0,6913.49604,6982.412170000001,7019.720305,-68.91613000000052,-106.2242649999998,1.0,12164.0,-1.0,-13438.0,0.006898139592655314,0.1158887754448166,0.0835,0.12687427912341417,
20250530,6867.2854,6895.0159,6896.3537,6851.4024,658223.0,-1955.0,337544.0,1.0,0.0,12957.0,0.0,1.0,-2.0,10366.0,-24532.0,6898.007820000001,6959.955679999999,7008.29473,-61.9478599999984,-110.2869099999989,1.0,12957.0,-1.0,-14166.0,-0.002970118029907797,0.1490308029305707,0.0852,0.14648212226066898,0.3387
20250603,6877.6637,6898.5965,6908.7551,6854.729,665736.0,7513.0,278711.0,1.0,0.0,11523.0,0.0,1.0,-2.0,16417.0,-24223.0,6888.172280000001,6940.231119999999,6999.927159999999,-52.05883999999878,-111.7548799999986,1.0,11523.0,-1.0,-7806.0,0.011285254214883978,0.1703986125969578,0.081,0.09803921568627458,
20250604,6940.9666,6872.3211,6944.4145,6872.3211,654923.0,-10813.0,346782.0,1.0,0.0,11429.0,0.0,1.0,-2.0,15389.0,-25722.0,6897.588460000001,6930.016439999999,6997.141575,-32.42797999999857,-99.5531149999988,1.0,11429.0,-1.0,-10333.0,-0.016510337856511376,0.1488184320251753,0.0836,0.12802768166089962,
20250605,6906.1995,6928.2102,6937.0132,6889.0047,657718.0,2795.0,305134.0,1.0,0.0,11528.0,0.0,1.0,-2.0,14562.0,-30271.0,6900.978140000001,6915.684780000001,6990.903005,-14.70663999999942,-89.92486499999904,1.0,11528.0,-1.0,-15709.0,0.004249541596854579,0.1614557800686453,0.084,0.13264129181084208,
20250606,6920.1165,6914.1847,6939.192,6906.6514,657566.0,-152.0,257941.0,1.0,0.0,11896.0,0.0,1.0,-2.0,12941.0,-23799.0,6902.44634,6907.971189999999,6987.625845,-5.524849999998878,-85.17950500000006,1.0,11896.0,-1.0,-10858.0,-0.00023115550378212984,0.15845795902259,0.082,0.10957324106113042,0.2581
20250609,6928.2591,6924.5363,6946.4104,6913.2681,657925.0,359.0,260723.0,1.0,0.0,11904.0,0.0,1.0,-2.0,9008.0,-25804.0,6914.641079999999,6906.32445,6985.67068,8.31662999999935,-71.02960000000076,1.0,11904.0,-1.0,-16796.0,0.0005456548998746057,0.1449017005920683,0.0778,0.061130334486735854,
20250610,6936.6922,6926.8359,6970.519,6926.8359,653451.0,-4474.0,329291.0,1.0,0.0,11401.0,0.0,1.0,-2.0,3349.0,-22308.0,6926.44678,6907.30953,6981.01621,19.13724999999977,-54.56942999999956,1.0,11401.0,-1.0,-18959.0,-0.0068467260743345715,0.1733581105519571,0.0779,0.062283737024221464,
20250611,6954.0785,6941.7108,6975.3351,6930.4235,643671.0,-9780.0,253227.0,1.0,0.0,11468.0,0.0,1.0,-2.0,0.0,-20407.0,6929.069159999999,6913.328810000001,6975.093785,15.74034999999822,-46.02462500000092,1.0,11468.0,-1.0,-20407.0,-0.015194097605764435,0.143050359424181,0.0766,0.04728950403690895,
20250612,6963.1761,6971.9308,6993.0993,6952.3384,632672.0,-10999.0,236316.0,1.0,0.0,11040.0,0.0,1.0,-3.0,0.0,-28560.0,6940.46448,6920.721309999999,6963.788025,19.74317000000065,-23.32354500000019,1.0,11040.0,-2.0,-28560.0,-0.01738499570077386,0.1522040520299392,0.0771,0.053056516724336866,
20250613,7080.0687,6951.6418,7112.2994,6927.898,601520.0,-31152.0,725882.0,1.0,0.0,10060.0,0.0,0.0,-3.0,0.0,-18271.0,6972.454919999999,6937.450629999999,6959.931399999999,35.00428999999986,12.52351999999973,1.0,10060.0,-3.0,-18271.0,-0.05178880170235404,0.0872419502574079,0.0928,0.23414071510957318,0.4194
20250616,7125.4701,7088.4479,7134.6536,7056.7423,606648.0,5128.0,471886.0,1.0,0.0,10026.0,0.0,0.0,-3.0,0.0,-13298.0,7011.89712,6963.2691,6961.61239,48.62802000000011,50.2847299999994,1.0,10026.0,-3.0,-13298.0,0.008453007345280953,0.2103700951857068,0.0866,0.16262975778546712,
20250617,7113.9441,7106.9979,7123.1528,7062.1079,598567.0,-8081.0,375231.0,1.0,0.0,9663.0,0.0,0.0,-3.0,0.0,-15651.0,7047.347499999999,6986.897139999999,6963.564130000001,60.45035999999982,83.78336999999829,1.0,9663.0,-3.0,-15651.0,-0.013500577211907772,0.1251430800089358,0.0901,0.20299884659746253,
20250618,7203.2471,7128.0574,7213.967,7125.7964,633505.0,34938.0,480125.0,1.0,0.0,9707.0,0.0,0.0,-3.0,0.0,-23595.0,7097.18122,7013.125190000001,6971.570814999999,84.05602999999974,125.6104050000013,1.0,9707.0,-3.0,-23595.0,0.05515031452001168,0.1917951352928812,0.0972,0.28489042675893883,
20250619,7264.9415,7200.9549,7270.7426,7200.9549,646681.0,13176.0,473783.0,1.0,0.0,9353.0,0.0,1.0,-2.0,1315.0,-26503.0,7157.534299999999,7048.99939,6982.342084999999,108.5349099999994,175.192215,1.0,9353.0,-1.0,-25188.0,0.02037480612543124,0.2706843275381986,0.1084,0.4140715109573241,
20250620,7233.0347,7268.7595,7294.8619,7220.7061,656803.0,10122.0,433815.0,1.0,0.0,8890.0,0.0,1.0,-2.0,106.0,-43147.0,7188.1275,7080.29121,6994.131199999999,107.8362899999993,193.9963000000007,1.0,8890.0,-1.0,-43041.0,0.015411013652495496,0.2321187996508306,0.105,0.37485582468281425,0.371
20250623,7251.1807,7230.7601,7280.4493,7188.7289,651839.0,-4964.0,462297.0,1.0,0.0,9388.0,0.0,0.0,-3.0,0.0,-41221.0,7213.269620000001,7112.58337,7009.453909999999,100.6862500000007,203.8157100000017,1.0,9388.0,-3.0,-41221.0,-0.007615377416816116,0.1291799225078701,0.0984,0.29873125720876587,
20250624,7065.6628,7228.6988,7241.1578,7048.7966,607158.0,-44681.0,688013.0,1.0,0.0,11273.0,0.0,0.0,-3.0,0.0,-52487.0,7203.61336,7125.480429999999,7016.39498,78.13293000000158,187.2183800000003,1.0,11273.0,-3.0,-52487.0,-0.07359039986296813,-0.1009775270247635,0.085,0.14417531718569793,
20250625,7072.2193,7069.5263,7074.3164,7045.0839,586709.0,-20449.0,325478.0,1.0,0.0,12279.0,0.0,0.0,-3.0,0.0,-52723.0,7177.407799999999,7137.29451,7025.311660000001,40.11328999999932,152.0961399999978,1.0,12279.0,-3.0,-52723.0,-0.03485373498616861,0.0222555591130562,0.0792,0.0566037735849058,
20250626,7096.3889,7071.6433,7098.3901,7053.5963,596864.0,10155.0,364987.0,1.0,0.0,11892.0,0.0,0.0,-3.0,0.0,-57943.0,7143.69728,7150.615790000001,7035.668549999999,-6.918510000000424,108.0287300000009,1.0,11892.0,-3.0,-57943.0,0.017013926120523267,0.0594766547273235,0.0827,0.09787735849056604,
20250627,7090.0744,7084.1137,7122.8874,7075.7813,592579.0,-4285.0,272203.0,1.0,0.0,11611.0,0.0,0.0,-3.0,0.0,-53614.0,7115.10522,7151.61636,7044.533495000001,-36.51113999999961,70.57172499999979,1.0,11611.0,-3.0,-53614.0,-0.007231103363433399,0.0753039739592074,0.081,0.07455621301775148,0.2097
20250630,7057.255,7088.8235,7106.8415,7054.413,597962.0,5383.0,265447.0,1.0,0.0,11741.0,0.0,0.0,-3.0,0.0,-63605.0,7076.32008,7144.79485,7054.031975000001,-68.47476999999981,22.28810499999963,1.0,11741.0,-3.0,-63605.0,0.009002244289770922,0.0364712999231102,0.0819,0.08520710059171595,
20250701,7033.0472,7064.8465,7065.4702,7014.1671,598304.0,342.0,250577.0,1.0,0.0,11530.0,0.0,0.0,-3.0,0.0,-71506.0,7069.796960000001,7136.70516,7061.801149999999,-66.90819999999894,7.995810000002166,1.0,11530.0,-3.0,-71506.0,0.0005716157672353854,0.1136783828778677,0.0794,0.04886769964243137,
20250702,7061.2597,7041.8087,7071.0865,7024.429,587872.0,-10432.0,265560.0,1.0,0.0,12257.0,0.0,0.0,-3.0,0.0,-53430.0,7067.60504,7122.50642,7067.815805,-54.90137999999934,-0.2107649999998102,1.0,12257.0,-3.0,-53430.0,-0.017745359534048228,0.1169564430517316,0.0805,0.04721549636803875,
20250703,7065.3482,7071.3741,7091.6386,7056.6764,588446.0,574.0,254179.0,1.0,0.0,12358.0,0.0,1.0,-2.0,1366.0,-41170.0,7061.3969,7102.54709,7075.77324,-41.15019000000029,-14.3763399999998,1.0,12358.0,-1.0,-39804.0,0.0009754505935973734,0.0962262108949078,0.0829,0.07627118644067796,
20250704,7069.2535,7076.0662,7101.3542,7062.5726,593373.0,4927.0,255692.0,1.0,0.0,12507.0,0.0,1.0,-2.0,6124.0,-44758.0,7057.23272,7086.168970000001,7083.23009,-28.93625000000065,-25.99737000000005,1.0,12507.0,-1.0,-38634.0,0.008303377470832006,0.066877127568269,0.0827,0.07384987893462462,0.2903
20250707,7047.3928,7066.402,7072.8999,7034.6548,586374.0,-6999.0,214399.0,1.0,0.0,12002.0,0.0,2.0,-1.0,12702.0,-45191.0,7055.26028,7065.790180000001,7089.186775,-10.52990000000136,-33.92649500000061,1.0,12002.0,1.0,-32489.0,-0.01193606810670323,0.0541558449713488,0.0811,0.05447941888619859,
20250708,7034.4455,7054.9702,7054.9702,7031.5611,582389.0,-3985.0,224248.0,1.0,0.0,11651.0,0.0,2.0,-1.0,14285.0,-42239.0,7055.53994,7062.66845,7094.074440000001,-7.12851000000046,-38.53450000000157,1.0,11651.0,1.0,-27954.0,-0.006842505610511187,0.0876574036187538,0.0782,0.0193704600484262,
20250709,7065.5668,7038.6028,7067.4675,7029.4715,574933.0,-7456.0,240353.0,1.0,0.0,12049.0,0.0,2.0,-1.0,10533.0,-38812.0,7056.401360000001,7062.003200000001,7099.648855000001,-5.601840000000266,-43.24749500000053,1.0,12049.0,1.0,-28279.0,-0.01296846763014125,0.1004253055590865,0.0779,0.015738498789346193,
20250710,7104.5519,7064.7257,7114.695,7062.8434,575478.0,545.0,283511.0,1.0,0.0,12520.0,0.0,2.0,-1.0,6678.0,-41844.0,7064.2421,7062.819500000001,7106.717645,1.422599999999875,-42.47554499999933,1.0,12520.0,1.0,-35166.0,0.0009470388094766438,0.00322615805217,0.084,0.2327044025157234,
20250711,7063.9633,7093.775,7097.486,7049.3036,570037.0,-5441.0,300713.0,1.0,0.0,12495.0,0.0,2.0,-1.0,9044.0,-39027.0,7063.18406,7060.20839,7105.912375,2.975669999999809,-42.72831500000029,1.0,12495.0,1.0,-29983.0,-0.00954499444772883,0.026919730733684,0.0865,0.31132075471698095,0.2419
20250714,7065.1057,7061.7573,7085.6171,7041.4908,567102.0,-2935.0,282691.0,1.0,0.0,12879.0,0.0,2.0,-1.0,9001.0,-33827.0,7066.726639999999,7060.993460000001,7102.894155,5.733179999998356,-36.167515000001,1.0,12879.0,1.0,-24826.0,-0.005175435812252469,0.0561940595330397,0.0893,0.39937106918239007,
20250715,7015.2368,7074.7844,7075.0938,7007.7964,574940.0,7838.0,344610.0,1.0,0.0,12421.0,0.0,1.0,-2.0,8694.0,-30913.0,7062.8849,7059.212420000001,7097.95879,3.672479999999268,-35.07388999999966,1.0,12421.0,-1.0,-22219.0,0.013632726893241034,-0.0445454580504246,0.0861,0.29874213836477975,
20250716,7010.1031,7019.3721,7025.1432,7001.3083,589615.0,14675.0,242441.0,1.0,0.0,12442.0,0.0,1.0,-2.0,8658.0,-33487.0,7051.79216,7054.09676,7088.301590000001,-2.304600000000391,-36.50943000000098,1.0,12442.0,-1.0,-24829.0,0.024889122563028415,-0.0508992531212387,0.0823,0.17924528301886786,
20250717,7017.8111,6999.736,7023.9935,6996.9902,595254.0,5639.0,217933.0,1.0,0.0,12281.0,0.0,1.0,-1.0,8138.0,-28219.0,7034.444,7049.34305,7075.94507,-14.89904999999999,-41.50106999999934,1.0,12281.0,0.0,-20081.0,0.00947326687430912,-0.0352301042697895,0.086,0.2955974842767293,
20250718,7011.4581,7019.5486,7043.1103,7000.8658,597637.0,2383.0,316598.0,1.0,0.0,12394.0,0.0,1.0,-1.0,9285.0,-23711.0,7023.94296,7043.56351,7064.86624,-19.62054999999964,-40.92327999999998,1.0,12394.0,0.0,-14426.0,0.003987370259873469,-0.0352808049415066,0.0876,0.3459119496855345,0.3387
20250721,7090.3555,7022.3525,7099.1764,7021.7376,588153.0,-9484.0,489693.0,1.0,0.0,11597.0,0.0,1.0,-1.0,9222.0,-15900.0,7028.99292,7047.859779999999,7056.82498,-18.86685999999918,-27.83206000000064,1.0,11597.0,0.0,-6678.0,-0.016125055895319755,0.0409545728611214,0.0972,0.6477987421383646,
20250722,7168.1659,7089.7397,7173.5503,7076.0849,598051.0,9898.0,586320.0,1.0,0.0,10776.0,0.0,2.0,-1.0,15465.0,-15549.0,7059.57874,7061.231820000001,7061.950134999999,-1.653080000000955,-2.371394999999211,1.0,10776.0,1.0,-84.0,0.01655042797353403,-0.0630861051317952,0.1242,1.0,
20250723,7101.7448,7154.4512,7172.9826,7079.1139,568098.0,-29953.0,494272.0,1.0,0.0,11476.0,0.0,1.0,-2.0,14553.0,-33032.0,7077.90708,7064.849619999999,7063.42641,13.0574600000009,14.48066999999992,1.0,11476.0,-1.0,-18479.0,-0.05272505800055624,-0.1649836846479155,0.1108,0.718487394957983,
20250724,7184.7214,7106.6542,7200.1782,7096.6144,582374.0,14276.0,477556.0,1.0,0.0,10959.0,0.0,2.0,-1.0,21184.0,-21679.0,7111.289140000001,7072.86657,7067.843035,38.42257000000063,43.4461050000009,1.0,10959.0,1.0,-495.0,0.024513456988121036,-0.0335446317108703,0.1126,0.7563025210084034,
20250725,7224.7733,7185.7624,7239.4809,7176.1537,594471.0,12097.0,455353.0,1.0,0.0,8809.0,0.0,1.0,-1.0,14987.0,-20542.0,7153.95218,7088.947569999999,7074.577979999999,65.00461000000087,79.37420000000111,1.0,8809.0,0.0,-5555.0,0.020349184400921157,0.0262152936248188,0.1271,1.0,0.371
20250728,7131.1256,7234.5593,7234.5593,7112.9932,559764.0,-34707.0,507282.0,1.0,0.0,10778.0,0.0,1.0,-2.0,15834.0,-46532.0,7162.1062,7095.549559999999,7078.271509999999,66.5566400000007,83.8346900000015,1.0,10778.0,-1.0,-30698.0,-0.06200291551439535,-0.0822011974476732,0.1107,0.6752475247524755,
20250729,7160.8546,7138.8148,7166.0309,7132.4376,558007.0,-1757.0,316735.0,1.0,0.0,10774.0,0.0,1.0,-2.0,14709.0,-40680.0,7160.64394,7110.11134,7084.66188,50.53259999999955,75.98206000000027,1.0,10774.0,-1.0,-25971.0,-0.0031487060198169556,-0.0681178965818597,0.1006,0.4752475247524752,
20250730,7152.7125,7156.6041,7199.4754,7146.0224,560627.0,2620.0,331554.0,1.0,0.0,10538.0,0.0,1.0,-2.0,15717.0,-42852.0,7170.83748,7124.372280000001,7089.23452,46.46519999999964,81.60296000000017,1.0,10538.0,-1.0,-27135.0,0.00467333895798811,-0.1124163594415839,0.0917,0.2990099009900991,
20250731,7127.802,7163.3565,7170.7445,7114.4067,547813.0,-12814.0,290794.0,1.0,0.0,10103.0,0.0,1.0,-2.0,14972.0,-50076.0,7159.453599999999,7135.371370000001,7092.35721,24.08222999999816,67.09638999999879,1.0,10103.0,-1.0,-35104.0,-0.023391193710262444,-0.0823303677179355,0.0837,0.14059405940594052,
20250801,7107.1238,7125.3916,7147.2406,7095.0364,541210.0,-6603.0,264781.0,1.0,0.0,10309.0,0.0,1.0,-2.0,16261.0,-47369.0,7135.923699999999,7144.937940000001,7094.250725,-9.014240000001337,41.6729749999995,1.0,10309.0,-1.0,-31108.0,-0.012200439755362983,-0.0899718701656742,0.0796,0.05940594059405947,0.1452
20250804,7085.8708,7111.7205,7114.407,7064.151,528134.0,-13076.0,331857.0,1.0,0.0,10278.0,0.0,1.0,-2.0,16639.0,-48098.0,7126.872740000001,7144.48947,7096.174625,-17.61672999999973,30.69811500000105,1.0,10278.0,-1.0,-31459.0,-0.02475886801455691,-0.0971358541078225,0.0782,0.031683168316831774,
20250805,7105.7696,7065.1558,7115.6438,7061.3753,539929.0,11795.0,267650.0,1.0,0.0,10151.0,0.0,1.0,-2.0,16958.0,-38722.0,7115.855739999999,7138.249839999999,7099.74083,-22.39410000000044,16.11490999999933,1.0,10151.0,-1.0,-21764.0,0.021845464866676916,-0.0632617014803936,0.0807,0.08118811881188105,
20250806,7096.4546,7096.6632,7113.3153,7084.4967,546228.0,6299.0,243280.0,1.0,0.0,10852.0,0.0,1.0,-2.0,17967.0,-42737.0,7104.60416,7137.72082,7101.28522,-33.11665999999968,3.318940000000111,1.0,10852.0,-1.0,-24770.0,0.01153181455362962,-0.1007906288049329,0.0823,0.11287128712871283,
20250807,7088.5145,7097.3095,7106.8492,7079.4881,564687.0,18459.0,294457.0,1.0,0.0,12171.0,0.0,1.0,-2.0,18164.0,-55263.0,7096.74666,7128.100130000001,7100.48335,-31.35347000000093,-3.736689999999726,1.0,12171.0,-1.0,-37099.0,0.03268890553527884,-0.1136921034462639,0.0838,0.14257425742574256,
20250808,7075.4384,7096.3301,7096.764,7068.7631,571447.0,6760.0,263692.0,1.0,0.0,12791.0,0.0,1.0,-2.0,21149.0,-61326.0,7090.40958,7113.16664,7101.057105,-22.75706000000082,-10.64752500000031,1.0,12791.0,-1.0,-40177.0,0.011829618494803542,-0.1135725626433505,0.0809,0.08514851485148513,0.3548
20250811,7106.4011,7083.7814,7110.3276,7071.0184,566283.0,-5164.0,315364.0,1.0,0.0,12720.0,0.0,1.0,-2.0,20902.0,-58372.0,7094.51564,7110.694189999999,7103.121875,-16.17854999999963,-8.606235000000197,1.0,12720.0,-1.0,-37470.0,-0.009119115353983786,-0.0908338798955855,0.0785,0.03762376237623761,
20250812,7109.757,7109.7011,7126.0635,7099.5337,552416.0,-13867.0,303476.0,1.0,0.0,11752.0,0.0,1.0,-2.0,18981.0,-61602.0,7095.313120000001,7105.58443,7107.847885,-10.27130999999918,-12.53476499999942,1.0,11752.0,-1.0,-42621.0,-0.025102459016393443,-0.0958647394663173,0.0907,0.2792079207920793,
20250813,7096.4097,7109.3874,7113.4509,7094.2405,558559.0,6143.0,267603.0,1.0,0.0,11419.0,0.0,1.0,-2.0,22729.0,-64727.0,7095.30414,7099.95415,7112.163214999999,-4.650009999999384,-16.85907499999848,1.0,11419.0,-1.0,-41998.0,0.010997942920980594,-0.0867740613943043,0.0907,0.2792079207920793,
20250814,7077.942,7095.0638,7101.9457,7063.7674,567605.0,9046.0,318160.0,1.0,0.0,11668.0,0.0,1.0,-2.0,20487.0,-59142.0,7093.18964,7094.968150000001,7115.16976,-1.778510000001006,-21.98012000000017,1.0,11668.0,-1.0,-38655.0,0.015937139383902538,-0.0323675411482216,0.0907,0.2792079207920793,
20250815,7076.6567,7080.8559,7093.7426,7062.9269,565241.0,-2364.0,247476.0,1.0,0.0,10916.0,0.0,1.0,-2.0,19571.0,-54044.0,7093.4333,7091.92144,7118.42969,1.511859999999615,-24.99639000000025,1.0,10916.0,-1.0,-34473.0,-0.00418228684755706,-0.0350027030373799,0.0935,0.3346534653465347,0.7903
20250818,7041.6603,7067.9809,7074.1723,7026.0832,583364.0,18123.0,270220.0,1.0,-1.0,12950.0,-5786.0,1.0,-2.0,19847.0,-50223.0,7080.48514,7087.500389999999,7115.994929999999,-7.015249999999469,-35.50978999999916,0.0,7164.0,-1.0,-30376.0,0.03106636679671697,-0.0364039537662833,0.0968,0.4,
20250819,7010.3222,7042.4614,7042.629,7004.5419,595092.0,11728.0,272747.0,1.0,-1.0,12935.0,-6776.0,1.0,-2.0,19624.0,-52779.0,7060.598179999999,7077.955650000001,7108.102745000001,-17.35747000000174,-47.504565000002,0.0,6159.0,-1.0,-33155.0,0.019707877101355756,-0.0611761130591679,0.0893,0.2514851485148516,
20250820,7050.4307,7008.0215,7055.7032,6966.925,607708.0,12616.0,448284.0,1.0,-1.0,13161.0,-7966.0,1.0,-2.0,18941.0,-33244.0,7051.40238,7073.353259999999,7105.53704,-21.95087999999942,-54.13466000000062,0.0,5195.0,-1.0,-14303.0,0.02075997024886952,0.0075074577365204,0.0996,0.4554455445544554,
20250821,7042.9632,7042.4465,7059.2192,7016.4404,614164.0,6456.0,318889.0,1.0,-1.0,13281.0,-8122.0,1.0,-2.0,20025.0,-28286.0,7044.40662,7068.79813,7098.449130000001,-24.39151000000038,-54.04251000000113,0.0,5159.0,-1.0,-8261.0,0.010511850254980755,-0.0352365704365986,0.1021,0.504950495049505,
20250822,7032.0624,7042.8137,7057.7673,7022.7525,621608.0,7444.0,213110.0,1.0,-1.0,13733.0,-8245.0,1.0,-2.0,20334.0,-33294.0,7035.487759999999,7064.460529999999,7088.813585000001,-28.97277000000031,-53.32582500000171,0.0,5488.0,-1.0,-12960.0,0.011975392852086845,-0.0678063656186917,0.0984,0.4316831683168318,0.5161
20250825,7066.7967,7029.6546,7072.3454,7029.6546,616009.0,-5599.0,268831.0,1.0,-1.0,13721.0,-8685.0,1.0,-2.0,21102.0,-30288.0,7040.51504,7060.50009,7085.597140000001,-19.98504999999932,-45.08210000000054,0.0,5036.0,-1.0,-9186.0,-0.00908915291822035,-0.0483262292877043,0.0981,0.42574257425742595,
20250826,7040.5965,7070.4115,7082.3374,7039.8578,617433.0,1424.0,226507.0,1.0,-1.0,15044.0,-8863.0,1.0,-1.0,20657.0,-26412.0,7046.5699,7053.58404,7079.584234999999,-7.014140000000225,-33.01433499999985,0.0,6181.0,0.0,-5755.0,0.002306323115220599,-0.0742022791299404,0.0907,0.2792079207920793,
20250827,7015.1051,7037.5872,7050.8899,7009.2251,621722.0,4289.0,223706.0,1.0,-1.0,14844.0,-9283.0,1.0,-2.0,17834.0,-23790.0,7039.50478,7045.453579999999,7072.703865,-5.94879999999921,-33.1990850000002,0.0,5561.0,-1.0,-5956.0,0.006898581681201566,-0.1059309129459837,0.0867,0.2,
20250828,7014.2567,7021.258,7021.258,6992.5552,632734.0,11012.0,210485.0,1.0,-1.0,16135.0,-9382.0,1.0,-2.0,19462.0,-20482.0,7033.76348,7039.08505,7067.0266,-5.321570000000065,-33.26312000000053,0.0,6753.0,-1.0,-1020.0,0.017403837947699983,-0.0592572786793751,0.0888,0.2415841584158417,
20250829,6970.3077,7013.4665,7018.9768,6963.859,658640.0,25906.0,263670.0,1.0,-1.0,15436.0,-9128.0,1.0,-2.0,15731.0,-20873.0,7021.41254,7028.45015,7060.185795,-7.037609999999404,-38.77325500000006,0.0,6308.0,-1.0,-5142.0,0.0393325640714199,-0.0978596688005316,0.0887,0.23960396039603965,0.6452
20250901,6962.0689,6984.1883,6984.1883,6919.4101,689032.0,30392.0,339792.0,1.0,-1.0,10806.0,-7895.0,1.0,-2.0,12208.0,-14554.0,7000.46698,7020.49101,7053.995699999999,-20.02402999999958,-53.52871999999934,0.0,2911.0,-1.0,-2346.0,0.044108256220320684,-0.0667586443016664,0.0897,0.25940594059405947,
20250902,6939.4383,6961.0575,6972.5134,6931.7416,702260.0,13228.0,249084.0,1.0,-1.0,9748.0,-8694.0,1.0,-2.0,12948.0,-13089.0,6980.235340000001,7013.402620000001,7045.679135,-33.16727999999966,-65.44379499999923,0.0,1054.0,-1.0,-141.0,0.01883632842536952,-0.1061774573020717,0.0963,0.3900990099009901,
20250903,6949.0808,6940.0561,6979.5249,6938.0745,708268.0,6008.0,225819.0,1.0,-1.0,11169.0,-8598.0,1.0,-2.0,16020.0,-15973.0,6967.030479999999,7003.267629999999,7038.310445,-36.23714999999993,-71.27996500000063,0.0,2571.0,-1.0,47.0,0.008482664754019665,-0.1123631030398832,0.0951,0.3600000000000001,
20250904,6933.8394,6935.4841,6942.55,6910.9057,720746.0,12478.0,241955.0,1.0,-1.0,11938.0,-9366.0,1.0,-2.0,15157.0,-18007.0,6950.94702,6992.355250000001,7030.57669,-41.40823000000091,-79.62967000000026,0.0,2572.0,-1.0,-2850.0,0.01731261775993207,-0.1092681332768005,0.0935,0.31707317073170743,
20250905,6956.3483,6933.6894,6972.6583,6920.0608,727162.0,6416.0,267957.0,1.0,-1.0,11221.0,-9473.0,2.0,-1.0,15622.0,-14900.0,6948.15514,6984.783839999999,7024.622185,-36.6286999999993,-76.46704500000033,0.0,1748.0,1.0,722.0,0.00882334335402565,-0.0983499250688383,0.0939,0.3252032520325204,0.5323
20250908,6962.8871,6944.6914,6964.7519,6932.0371,735135.0,7973.0,213425.0,1.0,-1.0,11159.0,-9024.0,1.0,-1.0,17195.0,-10732.0,6948.31878,6974.392879999999,7017.446485,-26.07409999999982,-69.12770500000079,0.0,2135.0,0.0,6463.0,0.010845626993681433,-0.0891807024740031,0.0936,0.3191056910569107,
20250909,6944.2467,6963.0877,6965.7622,6928.0218,741395.0,6260.0,200943.0,1.0,-1.0,11560.0,-8863.0,1.0,-2.0,19506.0,-15109.0,6949.280459999999,6964.7579,7009.170969999999,-15.47744000000057,-59.89051000000018,0.0,2697.0,-1.0,4397.0,0.008443542241315358,-0.1227135722270995,0.0885,0.21544715447154472,
20250910,6944.114,6938.1054,6962.3889,6932.4384,750034.0,8639.0,212179.0,1.0,-1.0,11343.0,-9225.0,1.0,-2.0,19473.0,-17192.0,6948.2871,6957.658789999999,7001.556184999999,-9.371689999999944,-53.2690849999999,0.0,2118.0,-1.0,2281.0,0.011518144510782178,-0.0929251532709898,0.0888,0.22154471544715465,
20250911,6934.1504,6946.9548,6957.8744,6923.5376,763059.0,13025.0,232136.0,1.0,-1.0,17453.0,-10285.0,2.0,-1.0,20592.0,-7998.0,6948.3493,6949.64816,6994.366605,-1.298859999999877,-46.01730500000031,0.0,7168.0,1.0,12594.0,0.017069453345023123,-0.1491677362817203,0.0894,0.23373983739837395,
20250912,6908.8741,6927.9839,6927.9839,6886.3956,784575.0,21516.0,300207.0,1.0,-1.0,17446.0,-11305.0,2.0,-1.0,19707.0,-8647.0,6938.85446,6943.5048,6985.977475,-4.650340000000142,-47.12301500000012,0.0,6141.0,1.0,11060.0,0.027423764458464773,-0.1350944041847259,0.0903,0.25203252032520346,0.4032
20250915,6961.4237,6930.3075,6969.6513,6910.7807,760487.0,-24088.0,355132.0,1.0,-1.0,18580.0,-11469.0,2.0,0.0,17929.0,-3601.0,6938.561779999999,6943.44028,6981.965645000001,-4.878500000000713,-43.40386500000204,0.0,7111.0,2.0,14328.0,-0.03167444019424395,-0.1403657673463139,0.0915,0.27642276422764234,
20250916,6967.2138,6962.9487,7011.5291,6962.9487,731819.0,-28668.0,399676.0,1.0,-1.0,16827.0,-12851.0,1.0,-1.0,20532.0,-6838.0,6943.155199999999,6946.21783,6979.810224999999,-3.062630000000354,-36.65502500000002,0.0,3976.0,0.0,13694.0,-0.03917362079967861,-0.1294182778874675,0.0931,0.30894308943089444,
20250917,6979.1466,6974.2491,6993.0187,6968.456,725499.0,-6320.0,219190.0,1.0,-1.0,15320.0,-12368.0,2.0,-1.0,20654.0,-5822.0,6950.161720000001,6949.22441,6976.24602,0.9373100000011618,-26.08429999999953,0.0,2952.0,1.0,14832.0,-0.008711245639208325,-0.1451266972462988,0.0906,0.2581300813008131,
20250918,6924.1031,6980.645,6987.5326,6918.3802,733382.0,7883.0,281730.0,1.0,-1.0,14358.0,-13592.0,2.0,-1.0,21801.0,-7504.0,6948.15226,6948.25078,6970.303015,-0.09852000000046246,-22.15075499999966,0.0,766.0,1.0,14297.0,0.010748832122959113,-0.1328656124813748,0.0904,0.25406504065040647,
20250919,6912.6604,6930.2415,6934.2589,6902.7191,772424.0,39042.0,274526.0,1.0,-1.0,15481.0,-16328.0,1.0,-1.0,20605.0,-10187.0,6948.909519999999,6943.88199,6964.332915000001,5.027529999999388,-15.42339500000162,0.0,-847.0,0.0,10418.0,0.05054477851542676,-0.1422948693215335,0.0897,0.23983739837398388,0.6613
20250922,6873.1863,6915.368,6925.6036,6862.9392,808826.0,36402.0,263608.0,1.0,-1.0,16608.0,-18168.0,2.0,-1.0,21186.0,-5714.0,6931.26204,6934.911910000001,6954.652395,-3.649870000001101,-23.39035500000045,0.0,-1560.0,1.0,15472.0,0.04500597161812306,-0.2016040640740792,0.0904,0.25406504065040647,
20250923,6841.8426,6865.9405,6869.1768,6830.1617,817717.0,8891.0,224785.0,1.0,-1.0,17237.0,-17411.0,2.0,0.0,23063.0,-923.0,6906.1878,6924.671499999999,6944.7147,-18.48369999999977,-38.52689999999984,0.0,-174.0,2.0,22140.0,0.010872954824224028,-0.2036435462546262,0.0923,0.2926829268292683,
20250924,6876.4082,6858.3779,6895.1974,6846.6617,803503.0,-14214.0,211065.0,1.0,-1.0,17670.0,-17560.0,3.0,0.0,34855.0,0.0,6885.640120000001,6917.90092,6937.779854999999,-32.26079999999911,-52.13973499999793,0.0,110.0,3.0,34855.0,-0.017690039738495065,-0.1787805073983506,0.093,0.30691056910569114,
20250925,6896.8353,6888.2065,6903.2541,6879.4331,798931.0,-4572.0,198091.0,1.0,-1.0,17531.0,-17264.0,3.0,0.0,36315.0,0.0,6880.18656,6914.16941,6931.908785,-33.98284999999942,-51.72222499999953,0.0,267.0,3.0,36315.0,-0.005722646886902624,-0.1761882170894652,0.0929,0.30487804878048785,
20250926,6892.0482,6890.9114,6928.2752,6867.6129,783265.0,-15666.0,275492.0,1.0,-1.0,15838.0,-17072.0,2.0,0.0,31005.0,-2230.0,6876.06412,6912.48682,6927.995809999999,-36.42270000000008,-51.93168999999853,0.0,-1234.0,2.0,28775.0,-0.020000893694981904,-0.1778973165912106,0.0917,0.280487804878049,0.629
20250929,6901.4199,6898.9926,6916.0897,6881.4242,773921.0,-9344.0,251026.0,1.0,-1.0,16279.0,-16973.0,2.0,0.0,28241.0,-726.0,6881.71084,6906.486440000001,6924.96336,-24.77560000000085,-43.25252,0.0,-694.0,2.0,27515.0,-0.012073583737875055,-0.1666341878580191,0.0905,0.2560975609756098,
20250930,6852.2282,6896.2743,6896.2743,6850.7259,765003.0,-8918.0,240497.0,1.0,-1.0,15453.0,-17678.0,2.0,-1.0,29614.0,-5202.0,6883.78796,6894.987880000001,6920.602855,-11.19992000000093,-36.81489500000043,0.0,-2225.0,1.0,24412.0,-0.011657470624298205,-0.1903716884428409,0.0922,0.2906504065040652,0.5161
20251009,6746.594,6810.36,6810.36,6709.5333,817003.0,52000.0,413449.0,1.0,-1.0,16078.0,-18186.0,3.0,0.0,33256.0,0.0,6857.82512,6871.73262,6910.478515,-13.90750000000025,-52.65339500000027,0.0,-2108.0,3.0,33256.0,0.06364725710921502,-0.2295838729361521,0.0896,0.23312883435582815,
20251010,6722.5583,6746.4858,6771.4135,6710.5145,833990.0,16987.0,292123.0,1.0,-1.0,16434.0,-18669.0,3.0,0.0,26814.0,0.0,6822.969719999999,6851.578140000001,6899.91446,-28.60842000000139,-76.94474000000082,0.0,-2235.0,3.0,26814.0,0.02036834974040456,-0.2150441785094666,0.0868,0.17586912065439672,0.5484
20251013,6695.9536,6709.379,6742.8635,6670.726,846295.0,12305.0,448385.0,1.0,-1.0,17123.0,-21091.0,2.0,-1.0,22223.0,-6277.0,6783.7508,6829.907459999999,6886.894725,-46.15665999999965,-103.1439250000003,0.0,-3968.0,1.0,15946.0,0.014539847216396173,-0.1860456096265025,0.0905,0.2515337423312882,
20251014,6603.6594,6688.1295,6688.1295,6586.035,875093.0,28798.0,450029.0,1.0,-1.0,17072.0,-21816.0,2.0,-1.0,19482.0,-8986.0,6724.198699999999,6802.954769999999,6868.93334,-78.75607000000036,-144.7346400000015,0.0,-4744.0,1.0,10496.0,0.032908502296327365,-0.2617960369970107,0.1039,0.5255623721881393,
20251015,6597.536,6582.7502,6621.2292,6564.4384,882195.0,7102.0,329859.0,1.0,-1.0,11125.0,-22198.0,2.0,-1.0,19252.0,-5546.0,6673.26026,6778.52411,6851.597805,-105.2638500000003,-178.3375450000003,0.0,-11073.0,1.0,13706.0,0.008050374350342044,-0.2862659607874657,0.1006,0.4580777096114519,
20251016,6621.2409,6600.4263,6632.7969,6558.0634,880401.0,-1794.0,322478.0,1.0,-1.0,16354.0,-22003.0,1.0,-1.0,15428.0,-6250.0,6648.18964,6753.00738,6835.45415,-104.8177400000004,-187.2645100000009,0.0,-5649.0,0.0,9178.0,-0.0020377078172332834,-0.2897928359000826,0.0993,0.43149284253578735,
20251017,6555.2484,6621.0653,6633.2017,6546.327,883416.0,3015.0,271010.0,1.0,-1.0,10244.0,-20812.0,2.0,-1.0,17840.0,-4577.0,6614.72766,6718.848690000001,6816.509050000001,-104.1210300000012,-201.781390000001,0.0,-10568.0,1.0,13263.0,0.0034128881523540436,-0.2481820466760723,0.1104,0.6584867075664622,0.5
20251020,6569.6412,6569.4581,6624.955,6569.1432,880224.0,-3192.0,314368.0,1.0,-1.0,8649.0,-19904.0,1.0,-1.0,15630.0,-4889.0,6589.465179999999,6686.60799,6799.547405,-97.14281000000028,-210.082225000001,0.0,-11255.0,0.0,10741.0,-0.003626349656451085,-0.2714410646594174,0.1038,0.5235173824130881,
20251021,6586.3356,6567.757,6621.6936,6534.8605,879952.0,-272.0,380924.0,1.0,-1.0,15830.0,-20128.0,2.0,-1.0,15167.0,-3626.0,6586.000419999999,6655.09956,6780.793000000001,-69.09914000000026,-194.7925800000012,0.0,-4298.0,1.0,11541.0,-0.0003091077695147008,-0.2678159514267715,0.0985,0.4151329243353784,
20251022,6622.379,6607.1434,6643.3101,6578.7086,869838.0,-10114.0,304314.0,1.0,-1.0,8184.0,-19322.0,1.0,-2.0,14653.0,-2742.0,6590.96902,6632.11464,6763.55126,-41.14562000000024,-172.5822400000006,0.0,-11138.0,-1.0,11911.0,-0.011627452468160738,-0.1502511857469164,0.0925,0.2924335378323108,
20251023,6695.7933,6632.2348,6713.7259,6621.4009,861793.0,-8045.0,385790.0,1.0,-1.0,6700.0,-7468.0,1.0,-2.0,15912.0,-22635.0,6605.879500000001,6627.034570000001,6749.383595000001,-21.1550699999998,-143.5040950000002,0.0,-768.0,-1.0,-6723.0,-0.009335188380504367,-0.1127905027353262,0.0906,0.2535787321063394,
20251024,6668.8819,6708.9058,6712.6004,6664.6569,850947.0,-10846.0,279099.0,1.0,-1.0,6745.0,-6887.0,1.0,-2.0,15445.0,-32937.0,6628.6062,6621.666930000001,6736.622535,6.939269999998942,-108.0163349999993,0.0,-142.0,-1.0,-17492.0,-0.012745799679651023,-0.1878525782214136,0.087,0.1799591002044988,0.2903
20251027,6707.2534,6689.8766,6713.2359,6663.5229,861977.0,11030.0,328093.0,1.0,0.0,6469.0,0.0,1.0,-2.0,15410.0,-31299.0,6656.12864,6622.79691,6726.352185000001,33.33172999999988,-70.22354500000074,1.0,6469.0,-1.0,-15889.0,0.012796165094892323,-0.1727366400076007,0.087,0.27076923076923043,
20251028,6667.7229,6694.3074,6711.4025,6656.2219,867758.0,5781.0,283372.0,1.0,0.0,6251.0,0.0,1.0,-2.0,15467.0,-31247.0,6672.4061,6629.20326,6716.079015,43.20283999999992,-43.6729150000001,1.0,6251.0,-1.0,-15780.0,0.006661995625508494,-0.2252378965990733,0.0885,0.3198757763975153,
20251029,6696.1691,6666.1268,6700.0232,6646.6255,870097.0,2339.0,245116.0,1.0,0.0,6985.0,0.0,1.0,-2.0,15720.0,-33878.0,6687.164119999999,6639.06657,6708.79534,48.0975499999995,-21.63122000000021,1.0,6985.0,-1.0,-18158.0,0.002688206027603819,-0.1837945826579045,0.0865,0.2577639751552792,
20251030,6660.9764,6699.336,6709.4791,6654.7514,879115.0,9018.0,298984.0,1.0,0.0,7248.0,0.0,1.0,-2.0,17574.0,-34480.0,6680.20074,6643.04012,6698.02375,37.16062000000056,-17.82301000000007,1.0,7248.0,-1.0,-16906.0,0.010258043600666579,-0.2184695690162435,0.0893,0.34472049689441,
20251031,6603.3752,6662.9145,6679.2105,6595.2603,893946.0,14831.0,377924.0,1.0,0.0,8163.0,0.0,1.0,-2.0,15250.0,-37346.0,6667.099400000001,6647.852800000001,6683.350745000001,19.2466000000004,-16.25134499999967,1.0,8163.0,-1.0,-22096.0,0.01659048756860034,-0.2519046144987473,0.0923,0.4378881987577637,0.0806
20251103,6592.3615,6615.9972,6639.9669,6589.5052,897227.0,3281.0,363257.0,1.0,0.0,8592.0,0.0,1.0,-2.0,15997.0,-30990.0,6644.12102,6650.124830000001,6668.36641,-6.003810000000158,-24.24538999999913,1.0,8592.0,-1.0,-14993.0,0.0036568226323996046,-0.2461632136843617,0.094,0.4906832298136645,
20251104,6578.6718,6581.4797,6604.0954,6560.8147,900216.0,2989.0,340005.0,1.0,0.0,10030.0,0.0,1.0,-2.0,14657.0,-24044.0,6626.310800000001,6649.35845,6652.229004999999,-23.04764999999861,-25.91820499999812,1.0,10030.0,-1.0,-9387.0,0.0033203142356945446,-0.2923858541258159,0.0929,0.45141065830720994,
20251105,6511.5664,6567.5711,6569.6539,6497.7996,918747.0,18531.0,430717.0,1.0,0.0,10919.0,0.0,1.0,-2.0,14811.0,-15708.0,6589.39026,6638.277189999999,6635.195914999999,-48.88692999999876,-45.80565499999921,1.0,10919.0,-1.0,-897.0,0.020169861779140503,-0.3290911393716328,0.1004,0.6865203761755487,
20251106,6493.2688,6512.715,6512.715,6438.2464,929147.0,10400.0,500422.0,1.0,0.0,10679.0,0.0,2.0,-2.0,13105.0,-4529.0,6555.848739999999,6618.024739999999,6622.529655,-62.17599999999948,-66.68091500000082,1.0,10679.0,0.0,8576.0,0.011193062023554938,-0.3032010158124056,0.1006,0.6927899686520375,
20251107,6483.8249,6494.46,6513.6697,6469.9927,933247.0,4100.0,311149.0,1.0,0.0,11682.0,0.0,2.0,-1.0,14929.0,-1315.0,6531.93868,6599.519039999999,6610.592985,-67.58035999999902,-78.65430500000002,1.0,11682.0,1.0,13614.0,0.004393263519732718,-0.2907003141665656,0.1001,0.6771159874608149,0.1774
20251110,6497.1948,6477.5057,6504.4369,6459.098,919730.0,-13517.0,344147.0,1.0,-1.0,11212.0,-8948.0,2.0,-2.0,12275.0,-6263.0,6512.90534,6578.51318,6600.655045,-65.60783999999967,-87.74970499999927,0.0,2264.0,0.0,6012.0,-0.014696704467615496,-0.2949154571604269,0.0949,0.5141065830721003,
20251111,6450.6268,6485.7776,6508.0128,6447.6414,919114.0,-616.0,265194.0,1.0,-1.0,12147.0,-9086.0,1.0,-2.0,13331.0,-14449.0,6487.29634,6556.803569999999,6593.003415000001,-69.50722999999925,-105.7070750000012,0.0,3061.0,-1.0,-1118.0,-0.0006702106593958965,-0.3212700081707251,0.0959,0.39330543933054407,
20251112,6480.633,6462.9161,6495.3239,6457.6812,914699.0,-4415.0,272064.0,1.0,-1.0,12891.0,-8884.0,1.0,-2.0,11488.0,-16114.0,6481.10966,6535.249959999999,6587.158265,-54.14029999999912,-106.048605,0.0,4007.0,-1.0,-4626.0,-0.0048267244197271455,-0.2742738148607102,0.0938,0.305439330543933,
20251113,6497.3466,6468.9265,6497.5116,6435.4491,912919.0,-1780.0,418764.0,1.0,-1.0,17015.0,-8905.0,2.0,-2.0,12159.0,-13468.0,6481.925219999999,6518.88698,6580.96355,-36.96176000000105,-99.03833000000122,0.0,8110.0,0.0,-1309.0,-0.0019497896308434811,-0.3636526381475012,0.0951,0.359832635983264,
20251114,6493.5596,6499.6914,6534.8735,6486.5282,917313.0,4394.0,407753.0,1.0,-1.0,17070.0,-8406.0,2.0,-1.0,17808.0,-16759.0,6483.87216,6507.90542,6577.87911,-24.03326000000015,-94.00694999999996,0.0,8664.0,1.0,1049.0,0.004790077105633519,-0.2622080827210607,0.0967,0.4267782426778242,0.1452
20251117,6487.2122,6495.3848,6502.7441,6468.1643,928244.0,10931.0,291707.0,1.0,-1.0,17707.0,-8976.0,2.0,-1.0,20840.0,-16927.0,6481.87564,6497.39049,6573.75766,-15.51484999999957,-91.88202000000001,0.0,8731.0,1.0,3913.0,0.011775998552104835,-0.27583535202266,0.092,0.23012552301255246,
20251118,6414.7328,6492.865,6505.5255,6399.8323,930513.0,2269.0,414351.0,1.0,-1.0,10699.0,-9005.0,2.0,-1.0,25781.0,-14255.0,6474.69684,6480.99659,6565.17752,-6.299750000000131,-90.48068000000058,0.0,1694.0,1.0,11526.0,0.002438439871339788,-0.3328183958181066,0.1051,0.7782426778242678,
20251119,6456.0982,6426.0835,6464.2496,6417.3969,914407.0,-16106.0,396860.0,1.0,-1.0,10671.0,-9016.0,2.0,-1.0,26854.0,-7330.0,6469.789879999999,6475.449769999999,6556.86348,-5.659889999999905,-87.07360000000062,0.0,1655.0,1.0,19524.0,-0.01761360094574954,-0.278416196693752,0.1023,0.6610878661087869,
20251120,6426.4876,6427.2161,6454.8812,6394.1624,912986.0,-1421.0,430441.0,1.0,0.0,16461.0,0.0,2.0,-1.0,25034.0,-8533.0,6455.61808,6468.77165,6543.398195,-13.15356999999949,-87.78011499999957,1.0,16461.0,1.0,16501.0,-0.001556431314390363,-0.3099342882840762,0.1,0.5648535564853561,
20251121,6384.529,6432.4266,6444.0772,6383.9038,921685.0,8699.0,301640.0,1.0,0.0,17410.0,0.0,2.0,-1.0,30225.0,-10876.0,6433.811960000001,6458.84206,6529.180549999999,-25.03009999999904,-95.36858999999822,1.0,17410.0,1.0,19349.0,0.009438148608255531,-0.3834139821297794,0.1124,1.0,0.129
20251124,6398.0705,6383.6057,6426.4853,6344.0704,920711.0,-974.0,507406.0,1.0,0.0,17645.0,0.0,2.0,-1.0,26212.0,-9566.0,6415.98362,6448.929630000001,6513.721405,-32.94601000000057,-97.73778500000026,1.0,17645.0,1.0,16646.0,-0.0010578780963842074,-0.3619731932319854,0.1054,0.7297297297297296,
20251125,6345.4495,6391.6486,6403.9964,6343.9513,946440.0,25729.0,380644.0,1.0,0.0,18996.0,0.0,2.0,-1.0,22780.0,-14986.0,6402.12696,6438.411900000001,6497.607735,-36.28494000000137,-95.480775,1.0,18996.0,1.0,7794.0,0.02718503021850302,-0.3591414507113486,0.1082,0.837837837837838,
20251126,6298.007,6337.4195,6358.5137,6290.6376,964908.0,18468.0,623469.0,1.0,0.0,19296.0,0.0,2.0,-1.0,33294.0,-24810.0,6370.50872,6420.1493,6477.69963,-49.64058000000023,-107.1909100000003,1.0,19296.0,1.0,8484.0,0.01913964854680446,-0.3221611893579512,0.1109,0.9420849420849421,
20251127,6328.8926,6296.8975,6344.2937,6296.5859,957187.0,-7721.0,429666.0,1.0,0.0,13037.0,0.0,2.0,-1.0,32628.0,-23401.0,6350.98972,6403.3039,6461.09544,-52.31418000000031,-110.1057200000005,1.0,13037.0,1.0,9227.0,-0.008066344402922313,-0.2838341699302759,0.1032,0.6447876447876448,
20251128,6438.6038,6336.2987,6443.2663,6336.2987,916837.0,-40350.0,614258.0,1.0,-1.0,12791.0,-8275.0,2.0,-1.0,39218.0,-31171.0,6361.80468,6397.808319999999,6452.856870000001,-36.003639999999,-91.05219000000034,0.0,4516.0,1.0,8047.0,-0.0440100039592643,-0.1386030061839452,0.1077,0.8185328185328188,0.1613
20251201,6431.0391,6426.8475,6455.7127,6418.4327,907297.0,-9540.0,480754.0,2.0,-1.0,11799.0,0.0,2.0,-1.0,31899.0,-30395.0,6368.3984,6392.19101,6444.79075,-23.79261000000042,-76.39235000000008,1.0,11799.0,1.0,1504.0,-0.010514748753715707,-0.206668611003658,0.1072,0.7992277992277994,
20251202,6446.4767,6429.947,6459.285,6427.2793,890704.0,-16593.0,372538.0,1.0,0.0,10116.0,0.0,2.0,-1.0,22950.0,-27467.0,6388.603840000001,6395.3654,6438.180995,-6.761559999999008,-49.57715499999904,1.0,10116.0,1.0,-4517.0,-0.018629084409635524,-0.2125543446148558,0.0987,0.47104247104247104,
20251203,6421.0051,6443.0747,6450.4017,6400.3225,884025.0,-6679.0,320903.0,1.0,0.0,8441.0,0.0,2.0,-1.0,18258.0,-26877.0,6413.20346,6391.85609,6433.652929999999,21.3473699999995,-20.44946999999956,1.0,8441.0,1.0,-8619.0,-0.007555216198636916,-0.1871651759269114,0.0925,0.2316602316602318,
20251204,6397.9971,6423.3863,6425.0232,6369.1779,885038.0,1013.0,312387.0,1.0,0.0,8796.0,0.0,2.0,-1.0,24171.0,-26557.0,6427.02436,6389.00704,6428.889345000001,38.01731999999993,-1.864985000000161,1.0,8796.0,1.0,-2386.0,0.0011445836223981343,-0.1408773092210914,0.0946,0.31274131274131306,
20251205,6327.5517,6394.1191,6395.2637,6318.2828,883368.0,-1670.0,402790.0,1.0,0.0,9669.0,0.0,2.0,-1.0,24956.0,-29946.0,6404.81394,6383.30931,6421.075685,21.50463000000036,-16.26174499999979,1.0,9669.0,1.0,-4990.0,-0.0018904918448483532,-0.2202996299826012,0.1005,0.5405405405405409,0.1452
20251208,6316.9146,6325.6762,6332.3164,6277.2786,883699.0,331.0,464858.0,2.0,-1.0,10731.0,-1039.0,2.0,-1.0,27771.0,-24215.0,6381.98904,6375.19372,6412.061675,6.795320000000174,-30.07263499999954,1.0,9692.0,1.0,3556.0,0.00037456192662886346,-0.2494936714923097,0.0978,0.43629343629343637,
20251209,6234.3572,6300.3372,6315.5228,6233.9222,892892.0,9193.0,407806.0,1.0,-1.0,9610.0,-6394.0,2.0,-1.0,21812.0,-26345.0,6339.565140000001,6364.084489999999,6401.248195,-24.51934999999867,-61.68305499999951,0.0,3216.0,1.0,-4533.0,0.010295758053605587,-0.2096822387983503,0.1077,0.8185328185328188,
20251210,6204.472,6242.3182,6253.2783,6202.1982,894710.0,1818.0,504940.0,1.0,-1.0,10265.0,-8282.0,2.0,-1.0,22224.0,-30140.0,6296.25852,6354.73099,6387.440145,-58.4724699999997,-91.18162499999926,0.0,1983.0,1.0,-7916.0,0.002031943311240514,-0.2412242368613869,0.1148,1.0,
20251211,6211.8662,6220.1912,6263.509,6199.6029,890484.0,-4226.0,460722.0,1.0,-1.0,11765.0,-4396.0,2.0,-1.0,24574.0,-26200.0,6259.03234,6343.02835,6373.166125,-83.99600999999984,-114.133785,0.0,7369.0,1.0,-1626.0,-0.004745733780730479,-0.2127516447957795,0.1197,1.0,
20251212,6150.444,6212.0119,6215.9796,6135.6632,876446.0,-14038.0,617068.0,1.0,0.0,9565.0,0.0,2.0,-1.0,21221.0,-28191.0,6223.6108,6314.21237,6356.010345000001,-90.60156999999981,-132.3995450000002,1.0,9565.0,1.0,-6970.0,-0.016016959401948323,-0.102063612923478,0.1381,1.0,0.0645
20251215,6227.7468,6163.531,6291.6589,6157.0894,848138.0,-28308.0,806451.0,1.0,0.0,9031.0,0.0,2.0,-1.0,26211.0,-21163.0,6205.77724,6293.88314,6343.037074999999,-88.10589999999956,-137.2598349999989,1.0,9031.0,1.0,5048.0,-0.03337664389521516,-0.2216649897857865,0.1255,0.7558139534883721,
20251216,6235.0795,6223.2357,6250.1948,6210.1777,839015.0,-9123.0,428230.0,1.0,-1.0,9401.0,-10929.0,2.0,-1.0,29607.0,-17013.0,6205.921700000001,6272.743420000001,6334.05441,-66.82171999999991,-128.132709999999,0.0,-1528.0,1.0,12594.0,-0.010873464717555705,-0.140351265520612,0.1203,0.6550387596899226,
20251217,6236.5418,6227.6996,6254.1584,6208.7641,830284.0,-8731.0,407140.0,1.0,-1.0,7612.0,-11406.0,2.0,-1.0,29892.0,-15492.0,6212.33566,6254.29709,6323.07659,-41.96143000000029,-110.7409299999999,0.0,-3794.0,1.0,14400.0,-0.010515678972496159,-0.1663320033344643,0.1217,0.682170542635659,
20251218,6258.156,6245.2174,6290.507,6245.2174,813888.0,-16396.0,426754.0,1.0,-1.0,6934.0,-12933.0,2.0,-1.0,35227.0,-22706.0,6221.59362,6240.312980000001,6314.66001,-18.71936000000096,-93.06638999999996,0.0,-5999.0,1.0,12521.0,-0.020145277974365022,-0.1631620467205707,0.1163,0.5775193798449613,
20251219,6193.503,6256.805,6256.805,6183.3801,804639.0,-9249.0,459420.0,1.0,-1.0,7432.0,-13452.0,2.0,-1.0,28694.0,-20868.0,6230.20542,6226.90811,6305.10871,3.297309999999925,-74.9032900000002,0.0,-6020.0,1.0,7826.0,-0.011494595713108612,-0.1330947536231946,0.1332,0.9050387596899228,0.0806
20251222,6102.2829,6205.1624,6205.3238,6099.1404,799671.0,-4968.0,534642.0,1.0,-1.0,8046.0,-15789.0,2.0,-1.0,21468.0,-24763.0,6205.112639999999,6205.444939999999,6290.31933,-0.332300000000032,-85.20669000000089,0.0,-7743.0,1.0,-3295.0,-0.006212554913208056,-0.212070317026405,0.1418,1.0,
20251223,6143.3176,6116.9415,6201.3867,6088.4029,795878.0,-3793.0,584170.0,1.0,-1.0,8668.0,-17375.0,2.0,-1.0,21210.0,-24972.0,6186.76026,6196.34098,6280.212734999999,-9.580719999999928,-93.45247499999914,0.0,-8707.0,1.0,-3762.0,-0.004765805814459,-0.1875128862616011,0.1462,1.0,
20251224,6263.0354,6149.2572,6265.7996,6143.1078,760948.0,-34930.0,566869.0,1.0,-1.0,6235.0,-17119.0,2.0,-1.0,24823.0,-22847.0,6192.05898,6202.19732,6278.464155,-10.13834000000043,-86.40517499999987,0.0,-10884.0,1.0,1976.0,-0.0459032680288272,-0.0683159767321878,0.1428,0.9430485762144056,
20251225,6250.6544,6250.6602,6286.7818,6228.4291,752283.0,-8665.0,405689.0,1.0,-1.0,6122.0,-15516.0,2.0,-2.0,13815.0,-21926.0,6190.558660000001,6206.07614,6274.552245000001,-15.51747999999952,-83.99358500000017,0.0,-9394.0,0.0,-8111.0,-0.0115182717142352,-0.1136510641613476,0.1433,0.9514237855946401,
20251226,6278.087,6250.3047,6292.4312,6188.1974,738542.0,-13741.0,554539.0,1.0,-1.0,6953.0,-16016.0,2.0,-1.0,20388.0,-22228.0,6207.47546,6218.84044,6266.526405,-11.36498000000029,-59.05094499999996,0.0,-9063.0,1.0,-1840.0,-0.01860557693401323,-0.1047535501150608,0.1462,1.0,0.0968
20251229,6260.3998,6278.5795,6304.6643,6243.7748,720140.0,-18402.0,451502.0,1.0,-1.0,6033.0,-14862.0,2.0,-1.0,22296.0,-26921.0,6239.098840000001,6222.10574,6257.99444,16.9931000000006,-18.89559999999983,0.0,-8829.0,1.0,-4625.0,-0.025553364623545422,-0.1287088335869103,0.1493,1.0,
20251230,6306.9694,6269.6511,6329.0172,6256.4819,740278.0,20138.0,439434.0,1.0,-1.0,6243.0,-16071.0,2.0,-1.0,34517.0,-30722.0,6271.8292,6229.29473,6251.019075,42.53447000000051,20.81012499999997,0.0,-9828.0,1.0,3795.0,0.02720329389769789,-0.1510979342672569,0.141,0.8678343949044586,
20251231,6334.754,6326.1488,6361.474,6313.3334,699301.0,-40977.0,422129.0,1.0,-1.0,6556.0,-13249.0,2.0,-1.0,22505.0,-37137.0,6286.17292,6239.11595,6246.706520000001,47.05696999999964,39.46639999999934,0.0,-6693.0,1.0,-14632.0,-0.058597084803253534,-0.1545467935956571,0.1308,0.7054140127388536,0.1774
20260105,6316.5859,6348.6286,6378.587,6296.0041,707937.0,8636.0,374306.0,1.0,-1.0,7263.0,-13393.0,2.0,-1.0,28156.0,-40443.0,6299.35922,6244.95894,6242.635960000001,54.40028000000075,56.72325999999975,0.0,-6130.0,1.0,-12287.0,0.012198825601713146,-0.2035959100657581,0.1253,0.6178343949044587,
20260106,6407.078,6336.1066,6423.2277,6330.3689,743727.0,35790.0,476340.0,1.0,-1.0,8151.0,-10021.0,1.0,-2.0,9929.0,-48758.0,6325.15742,6266.316440000001,6246.612275,58.84097999999994,78.54514500000005,0.0,-1870.0,-1.0,-38829.0,0.048122496561238196,-0.176451566892986,0.1299,0.6910828025477707,
20260107,6473.0983,6406.927,6495.9748,6405.9308,761162.0,17435.0,591955.0,2.0,0.0,7787.0,0.0,1.0,-2.0,18781.0,-51104.0,6367.69712,6303.39798,6254.42146,64.29914000000008,113.2756600000002,2.0,7787.0,-1.0,-32323.0,0.022905767760345367,-0.1817521036172285,0.1391,0.837579617834395,
20260108,6472.4321,6483.6058,6517.457,6447.0963,754285.0,-6877.0,556812.0,1.0,0.0,5530.0,0.0,1.0,-2.0,21134.0,-48025.0,6400.78966,6336.309429999999,6266.325205,64.48023000000103,134.4644550000003,1.0,5530.0,-1.0,-26891.0,-0.009117243482238146,-0.2053222279341959,0.1372,0.8073248407643312,
20260109,6502.2994,6487.0479,6506.5061,6449.3548,749317.0,-4968.0,434656.0,2.0,0.0,13589.0,0.0,1.0,-2.0,21310.0,-38470.0,6434.29874,6360.23583,6281.216575,74.06291000000056,153.0821649999998,2.0,13589.0,-1.0,-17160.0,-0.006630037754381657,-0.2205743507006874,0.141,0.8678343949044586,0.1129
20260112,6548.9053,6492.8496,6552.6737,6429.7202,761108.0,11791.0,602210.0,2.0,0.0,13999.0,0.0,1.0,-2.0,19572.0,-50675.0,6480.76262,6390.06092,6298.06853,90.70169999999962,182.6940899999991,2.0,13999.0,-1.0,-31103.0,0.015491888142024523,-0.1858212349341709,0.1488,0.9920382165605095,
20260113,6533.0181,6528.3239,6564.8446,6491.919,755312.0,-5796.0,500342.0,2.0,0.0,11631.0,0.0,1.0,-2.0,16982.0,-42101.0,6505.95064,6415.55403,6317.197235000001,90.39660999999978,188.7534049999995,2.0,11631.0,-1.0,-25119.0,-0.007673650094265681,-0.1473062632538154,0.1463,0.9522292993630577,
20260114,6579.0467,6545.9928,6594.7111,6535.3725,751730.0,-3582.0,492495.0,2.0,0.0,12530.0,0.0,1.0,-2.0,15702.0,-46682.0,6527.14032,6447.41872,6334.76223,79.72160000000076,192.3780900000002,2.0,12530.0,-1.0,-30980.0,-0.004765008713234805,-0.165871159861089,0.1519,1.0,
20260115,6583.271,6596.7525,6650.1018,6543.4378,762646.0,10916.0,564634.0,2.0,0.0,14621.0,0.0,1.0,-2.0,17710.0,-45600.0,6549.3081,6475.04888,6352.171805,74.25921999999991,197.1362950000002,2.0,14621.0,-1.0,-27890.0,0.01431332492401455,-0.1807551478229216,0.1518,0.9984709480122321,
20260116,6491.2284,6576.643,6594.9854,6484.8388,749922.0,-12724.0,519540.0,2.0,0.0,14222.0,0.0,1.0,-2.0,16207.0,-48449.0,6547.0939,6490.69632,6364.906135,56.39757999999983,182.1877649999997,2.0,14222.0,-1.0,-32242.0,-0.01696709791151613,-0.3097207205565759,0.1472,0.9281345565749234,0.129
20260119,6475.9178,6512.6936,6524.3722,6472.2533,733709.0,-16213.0,359184.0,2.0,0.0,12663.0,0.0,1.0,-2.0,15470.0,-41523.0,6532.496400000001,6506.629510000001,6375.794225,25.86689000000024,156.7021750000013,2.0,12663.0,-1.0,-26053.0,-0.022097316511041843,-0.1704803313891223,0.1333,0.7155963302752293,
20260120,6453.1834,6488.4674,6488.4674,6423.7603,722258.0,-11451.0,351074.0,2.0,0.0,11725.0,0.0,1.0,-2.0,14820.0,-42739.0,6516.52946,6511.24005,6388.778245,5.289409999999407,127.7512150000002,2.0,11725.0,-1.0,-27919.0,-0.01585444536439887,-0.1603716611546894,0.1322,0.698776758409786,
20260121,6478.513,6457.9537,6483.8683,6440.3985,725288.0,3030.0,345209.0,2.0,0.0,10217.0,0.0,1.0,-2.0,13017.0,-54921.0,6496.42272,6511.78152,6407.58975,-15.35880000000088,88.83296999999948,2.0,10217.0,-1.0,-41904.0,0.004177650809057919,-0.1836464368007876,0.1268,0.6162079510703363,
20260122,6614.5594,6482.1613,6614.6365,6481.1734,757825.0,32537.0,499605.0,2.0,0.0,8922.0,0.0,1.0,-2.0,12317.0,-49365.0,6502.6804,6525.994250000001,6431.15184,-23.31385000000046,71.52855999999974,2.0,8922.0,-1.0,-37048.0,0.04293471447893643,-0.1516214072544482,0.1353,0.746177370030581,
20260123,6649.5491,6585.6072,6677.2817,6580.0792,786588.0,28763.0,652256.0,2.0,0.0,9127.0,0.0,1.0,-2.0,10991.0,-56874.0,6534.34454,6540.71922,6450.477525,-6.374679999999898,83.86701499999981,2.0,9127.0,-1.0,-45883.0,0.036566792272447586,-0.1487782232799507,0.1458,0.9025559105431311,0.0806
20260126,6733.0064,6657.043,6743.5543,6652.9836,821792.0,35204.0,609751.0,2.0,0.0,10911.0,0.0,1.0,-2.0,13070.0,-52615.0,6585.76226,6559.129330000001,6474.595125,26.63292999999976,111.1671350000006,2.0,10911.0,-1.0,-39545.0,0.042838090417039836,-0.1347119456767789,0.1569,1.0,
20260127,6703.6306,6716.7887,6719.6675,6649.7241,826651.0,4859.0,469323.0,2.0,0.0,10526.0,0.0,1.0,-2.0,5178.0,-53396.0,6635.851700000001,6576.19058,6495.872305,59.66112000000066,139.9793950000012,2.0,10526.0,-1.0,-48218.0,0.005877933976974564,-0.1400243364786779,0.1397,0.7349768875192602,
20260128,6773.8375,6702.0986,6801.2401,6692.1934,855478.0,28827.0,646073.0,2.0,0.0,10431.0,0.0,1.0,-3.0,397.0,-59173.0,6694.9166,6595.66966,6521.54419,99.24694,173.3724099999999,2.0,10431.0,-2.0,-58776.0,0.03369695071059688,-0.1448053484812127,0.1525,0.9322033898305082,
20260129,6863.9365,6775.3974,6890.6329,6775.3974,884154.0,28676.0,564397.0,2.0,0.0,10313.0,0.0,1.0,-3.0,0.0,-52952.0,6744.792019999999,6623.73621,6549.392545000001,121.0558099999989,195.3994749999983,2.0,10313.0,-2.0,-52952.0,0.03243326388841763,-0.1393709454706663,0.1481,0.864406779661017,
20260130,6819.3628,6865.8855,6949.3357,6762.1531,852805.0,-31349.0,845687.0,2.0,0.0,9892.0,0.0,1.0,-3.0,0.0,-56058.0,6778.754759999999,6656.549650000001,6573.622985,122.2051099999981,205.1317749999989,2.0,9892.0,-2.0,-56058.0,-0.03675986890320765,-0.1250067397750869,0.1548,0.9676425269645605,0.1129
20260202,6706.4022,6845.4271,6888.5929,6666.0789,827305.0,-25500.0,745280.0,2.0,0.0,7955.0,0.0,1.0,-3.0,0.0,-47074.0,6773.43392,6679.59809,6593.113799999999,93.8358300000009,180.3201200000012,2.0,7955.0,-2.0,-47074.0,-0.03082297338949964,-0.0602110900330534,0.1543,0.9599383667180275,
20260203,6724.7398,6728.5932,6764.3892,6676.7755,822414.0,-4891.0,472227.0,2.0,0.0,6103.0,0.0,1.0,-3.0,0.0,-50584.0,6777.65576,6706.753730000001,6608.99689,70.90202999999838,168.6588699999993,2.0,6103.0,-2.0,-50584.0,-0.0059471263864671565,-0.0008320443440802,0.146,0.8320493066255775,
20260204,6797.0149,6735.7413,6818.6006,6725.6226,847541.0,25127.0,457217.0,1.0,0.0,2326.0,0.0,1.0,-3.0,165.0,-60126.0,6782.29124,6738.60392,6625.192720000001,43.68732000000091,157.0985199999996,1.0,2326.0,-2.0,-59961.0,0.02964694333371483,-0.1629833733777654,0.1475,0.8551617873651769,
20260205,6674.0253,6787.2159,6787.2159,6657.2322,824733.0,-22808.0,521187.0,1.0,0.0,1667.0,0.0,1.0,-3.0,0.0,-48783.0,6744.308999999999,6744.550509999999,6635.272379999999,-0.2415099999998347,109.0366199999999,1.0,1667.0,-2.0,-48783.0,-0.027655010773183563,-0.157438496456507,0.1446,0.810477657935285,
20260206,6687.7907,6679.1101,6704.5913,6607.7569,804537.0,-20196.0,449877.0,1.0,0.0,2916.0,0.0,0.0,-3.0,0.0,-49321.0,6717.99458,6748.37467,6644.546945,-30.38008999999965,73.44763500000045,1.0,2916.0,-3.0,-49321.0,-0.025102636671775196,-0.189368727567882,0.1441,0.8027734976887518,0.0968
20260209,6628.8905,6660.8917,6680.0295,6628.8905,814798.0,10261.0,293651.0,1.0,0.0,3092.0,0.0,1.0,-3.0,0.0,-40545.0,6702.49224,6737.96308,6648.546205000001,-35.47083999999995,53.94603499999903,1.0,3092.0,-2.0,-40545.0,0.012593305334573722,-0.1370228388778591,0.1424,0.7765793528505391,
20260210,6683.3307,6659.7759,6685.6181,6625.899,815283.0,485.0,297714.0,1.0,-1.0,4125.0,-8001.0,1.0,-3.0,0.0,-40490.0,6694.21042,6735.93309,6656.061835,-41.72267000000011,38.14858499999991,0.0,-3876.0,-2.0,-40490.0,0.0005948854569517579,-0.1710197530992731,0.1397,0.7349768875192602,
20260211,6689.5309,6662.4513,6715.7135,6662.4513,810207.0,-5076.0,277175.0,1.0,-1.0,4594.0,-8633.0,1.0,-3.0,0.0,-41892.0,6672.71362,6727.50243,6661.586045000001,-54.78881000000092,11.12757499999861,0.0,-4039.0,-2.0,-41892.0,-0.006265065594348111,-0.3230301335559282,0.1436,0.7934782608695652,
20260212,6645.6525,6704.9437,6724.7387,6645.6523,797977.0,-12230.0,239890.0,1.0,-1.0,4796.0,-8799.0,1.0,-3.0,0.0,-41332.0,6667.03906,6705.67403,6664.705120000001,-38.63497000000007,2.333939999999529,0.0,-4003.0,-2.0,-41332.0,-0.015326256270544139,-0.5660222359666668,0.141,0.7531055900621114,
20260213,6568.339,6637.8466,6651.8011,6550.941,767144.0,-30833.0,332288.0,1.0,-1.0,6416.0,-8645.0,1.0,-2.0,1770.0,-35805.0,6643.14872,6680.57165,6668.560649999999,-37.42292999999972,-25.4119299999993,0.0,-2229.0,-1.0,-34035.0,-0.040191932674960636,-0.0030057509313845,0.1417,0.7639751552795029,0.2258
20260224,6741.3622,6630.4034,6761.6702,6629.8258,793839.0,26695.0,370872.0,1.0,-1.0,7055.0,-8247.0,1.0,-3.0,0.0,-43664.0,6665.643059999999,6684.06765,6681.83287,-18.42459000000053,-16.18981000000076,0.0,-1192.0,-2.0,-43664.0,0.03362772552116991,-0.1235177976150275,0.137,0.6909937888198758,
20260225,6718.1279,6730.5251,6766.1536,6708.9254,804073.0,10234.0,320620.0,1.0,-1.0,6405.0,-7344.0,0.0,-3.0,0.0,-47520.0,6672.602499999999,6683.40646,6695.080095,-10.8039600000011,-22.4775950000012,0.0,-939.0,-3.0,-47520.0,0.01272770009688175,-0.1711174650039124,0.1344,0.6506211180124222,
20260226,6672.1434,6744.2563,6777.0724,6664.2048,837465.0,33392.0,441146.0,1.0,0.0,5652.0,0.0,1.0,-3.0,0.0,-40892.0,6669.125,6670.91931,6704.761615,-1.794310000000223,-35.63661500000035,1.0,5652.0,-2.0,-40892.0,0.03987271109837426,-0.1280516731013276,0.1306,0.5916149068322979,
20260227,6609.3572,6669.0006,6669.0006,6557.3487,816089.0,-21376.0,484729.0,1.0,0.0,5491.0,0.0,0.0,-3.0,0.0,-29522.0,6661.865940000001,6664.452499999999,6704.501505,-2.586559999998826,-42.63556499999959,1.0,5491.0,-3.0,-29522.0,-0.026193221572647103,-0.109214625159987,0.1359,0.6739130434782606,0.5
20260302,6997.302,6653.1367,6997.3021,6635.9855,845886.0,29797.0,1076143.0,1.0,0.0,3287.0,0.0,0.0,-3.0,0.0,-34781.0,6747.658539999999,6695.403630000001,6721.88915,52.25490999999874,25.76938999999948,1.0,3287.0,-3.0,-34781.0,0.03522578692637069,-0.0250710843560918,0.1911,1.0,
20260303,7206.7031,7000.0541,7207.3501,7000.0541,859685.0,13799.0,1339829.0,1.0,-1.0,742.0,-984.0,1.0,-2.0,2474.0,-54336.0,6840.726720000001,6753.18489,6745.573985,87.54183000000103,95.15273500000058,0.0,-242.0,-1.0,-51862.0,0.016051228066093975,0.0798355027245043,0.2472,1.0,
20260304,7443.4987,7369.3721,7571.6855,7163.5345,823116.0,-36569.0,1902468.0,1.0,-1.0,1927.0,-4854.0,1.0,-2.0,5413.0,-54583.0,6985.80088,6829.20169,6782.567389999999,156.5991899999999,203.2334900000005,0.0,-2927.0,-1.0,-49170.0,-0.04442751689919768,0.5018531405185775,0.3044,1.0,
20260305,7379.9835,7324.1172,7605.8283,7231.2831,841549.0,18433.0,1801751.0,2.0,-1.0,9902.0,-235.0,1.0,-2.0,3742.0,-47082.0,7127.368899999999,6898.246950000001,6812.87469,229.1219499999988,314.4942099999998,1.0,9667.0,-1.0,-43340.0,0.02190365623392102,0.6135758824673326,0.2895,0.9296838131193959,
20260306,7673.6886,7454.1582,7675.6164,7351.2735,872035.0,30486.0,1463536.0,2.0,-2.0,8769.0,-6402.0,1.0,-2.0,5595.0,-43017.0,7340.235180000001,7001.050560000001,6853.362295000001,339.18462,486.8728849999998,0.0,2367.0,-1.0,-37422.0,0.03495960597911781,0.5235951152908916,0.3539,1.0,0.6129
20260309,7931.7966,7842.7616,7933.415,7816.5205,860955.0,-11080.0,650867.0,2.0,-1.0,9419.0,-6071.0,1.0,-2.0,5587.0,-40922.0,7527.1341,7137.39632,6908.983985000001,389.7377800000004,618.1501149999995,1.0,3348.0,-1.0,-35335.0,-0.01286942987728743,0.0119950940954245,0.5174,1.0,
20260310,7647.368,8487.4329,8544.671,7423.6752,713565.0,-147390.0,1780945.0,2.0,-1.0,10223.0,-441.0,1.0,-2.0,4101.0,-69155.0,7615.267080000001,7227.9969,6956.032275,387.2701800000004,659.234805,1.0,9782.0,-1.0,-65054.0,-0.20655441340312375,0.5141753109283422,0.3852,0.6849380362249762,
20260311,8004.8168,7795.3827,8082.0659,7485.8907,794498.0,80933.0,1451386.0,1.0,-1.0,9274.0,-136.0,1.0,-2.0,10884.0,-60056.0,7727.5307,7356.665789999999,7020.036125000001,370.8649100000011,707.4945749999997,0.0,9138.0,-1.0,-49172.0,0.10186683918650519,0.2395527925566188,0.4531,0.8467588179218304,
20260312,8096.0321,8100.218,8478.9668,8068.8198,797647.0,3149.0,1733022.0,1.0,-1.0,6839.0,-515.0,2.0,-1.0,25198.0,-33147.0,7870.74042,7499.05466,7084.986985,371.6857600000003,785.7534349999996,0.0,6324.0,1.0,-7949.0,0.003947861648072393,0.1686711539175652,0.5917,1.0,
20260313,8389.1675,8173.5772,8528.8351,8107.8108,820492.0,22845.0,1568544.0,2.0,0.0,8286.0,0.0,2.0,-1.0,20717.0,-14469.0,8013.8362,7677.03569,7170.744095,336.80051,843.0921049999997,2.0,8286.0,1.0,6248.0,0.027843050267400537,-0.9704020957061978,0.6269,1.0,0.5161
20260316,8641.9777,8332.5708,8872.243,8256.8856,810498.0,-9994.0,1484825.0,2.0,0.0,7483.0,0.0,2.0,-1.0,32717.0,-2017.0,8155.87242,7841.50326,7268.453445000001,314.3691599999993,887.4189749999987,2.0,7483.0,1.0,30700.0,-0.012330690513733531,1.3428885022046375,0.5705,0.889541715628672,
20260317,8474.9531,8561.1352,8561.1352,8287.391,760184.0,-50314.0,1161213.0,2.0,0.0,10291.0,0.0,3.0,0.0,17980.0,0.0,8321.389439999999,7968.32826,7360.756574999999,353.0611799999988,960.6328649999996,2.0,10291.0,3.0,17980.0,-0.06618660745293245,1.1793977618672848,0.4804,0.7130826478652564,
20260318,8436.8231,8426.1251,8677.3037,8346.3398,758870.0,-1314.0,1169229.0,2.0,0.0,9298.0,0.0,3.0,-1.0,20739.0,0.0,8407.7907,8067.6607,7448.431195,340.1299999999992,959.3595049999994,2.0,9298.0,2.0,20739.0,-0.0017315218680406393,1.113956891289522,0.4584,0.6699960830395612,
20260319,8945.928,8701.7774,9093.8117,8667.8836,783067.0,24197.0,1510793.0,1.0,-1.0,5552.0,-936.0,3.0,0.0,25185.0,0.0,8577.76988,8224.25515,7561.251049999999,353.514729999999,1016.518830000001,0.0,4616.0,3.0,25185.0,0.030900293333776037,1.13522455570253,0.5747,0.8977673325499411,
20260320,8829.3249,8905.5124,8977.9995,8602.9669,752198.0,-30869.0,1309688.0,1.0,-1.0,7164.0,-739.0,3.0,0.0,30616.0,0.0,8665.80136,8339.81878,7670.43467,325.9825799999999,995.3666899999998,0.0,6425.0,3.0,30616.0,-0.04103839680509653,1.1517833869919616,0.5481,0.8456717587152369,0.4677
20260323,9575.3026,8879.0467,9575.8639,8872.1226,805868.0,53670.0,1293861.0,1.0,-1.0,6067.0,-6106.0,2.0,-1.0,31486.0,-47.0,8852.46634,8504.16938,7820.782850000001,348.2969600000015,1031.68349,0.0,-39.0,1.0,31439.0,0.06659899636168702,1.4007457526753682,0.6044,0.9559341950646298,
20260324,8964.3985,9112.2324,9351.3816,8936.4599,724391.0,-81477.0,1744921.0,1.0,-1.0,6353.0,-2930.0,2.0,-1.0,13086.0,-4520.0,8950.355419999998,8635.87243,7931.934665000001,314.4829899999986,1018.420754999997,0.0,3423.0,1.0,8566.0,-0.11247654926690144,0.9149425413052572,0.544,0.8347288676236045,
20260325,8806.6254,9099.7484,9118.6074,8463.9917,735128.0,10737.0,1561665.0,2.0,-1.0,7137.0,0.0,2.0,-2.0,4200.0,-9017.0,9024.31588,8716.05329,8036.359539999999,308.2625900000003,987.9563400000006,1.0,7137.0,0.0,-4817.0,0.014605619701602986,0.8077743081484978,0.5167,0.7803030303030304,
20260326,8977.1887,8809.5933,9053.2435,8732.823,764981.0,29853.0,1360260.0,2.0,-1.0,5338.0,0.0,1.0,-2.0,11569.0,-19247.0,9030.56802,8804.16895,8151.611804999999,226.3990700000013,878.956215000002,1.0,5338.0,-1.0,-7678.0,0.03902449864767883,0.9761660514841608,0.5018,0.7505980861244019,
20260327,9157.5331,9066.8919,9192.5164,8980.0727,791377.0,26396.0,1128073.0,1.0,-1.0,3825.0,-3437.0,1.0,-2.0,14179.0,-17193.0,9096.20966,8881.005509999999,8279.0206,215.2041500000014,817.1890600000006,0.0,388.0,-1.0,-3014.0,0.033354520032803585,1.1437130670388695,0.5207,0.7882775119617226,0.4516
20260330,9115.3152,9287.3968,9531.6753,9088.1946,768518.0,-22859.0,1400914.0,1.0,-1.0,4366.0,-4813.0,1.0,-2.0,18304.0,-18168.0,9004.212179999999,8928.339259999999,8384.92126,75.8729199999998,619.2909199999995,0.0,-447.0,-1.0,136.0,-0.029744261032272505,0.7764379866917582,0.521,0.7888755980861244,
20260331,8933.6794,9148.9449,9228.0111,8860.0734,752801.0,-15717.0,1243396.0,1.0,-1.0,4989.0,-4921.0,1.0,-2.0,19047.0,-17645.0,8998.068360000001,8974.21189,8471.270075,23.85647000000063,526.7982850000008,0.0,68.0,-1.0,1402.0,-0.020878027526530916,0.8158252221436658,0.4844,0.7159090909090908,
20260401,8557.168,8967.1272,9016.5934,8538.8682,723877.0,-28924.0,1485071.0,2.0,-1.0,4696.0,-2085.0,1.0,-2.0,24517.0,-22237.0,8948.17688,8986.24638,8526.95354,-38.06949999999961,421.2233400000005,1.0,2611.0,-1.0,2280.0,-0.03995706452891859,0.89772890236038,0.5038,0.754585326953748,
20260402,8893.112,8703.2211,8986.0097,8602.3065,740274.0,16397.0,1354285.0,1.0,-1.0,4936.0,-250.0,1.0,-2.0,25518.0,-26213.0,8931.361540000002,8980.96478,8602.609965,-49.60323999999855,328.751575000002,0.0,4686.0,-1.0,-695.0,0.022149906656184062,1.0948723719977005,0.5228,0.792464114832536,
20260403,9093.9485,9084.793,9116.6211,8669.2062,756085.0,15811.0,1268325.0,1.0,-1.0,4131.0,-4419.0,1.0,-2.0,30272.0,-16409.0,8918.644620000001,9007.42714,8673.622959999999,-88.78251999999884,245.0216600000022,0.0,-288.0,-1.0,13863.0,0.0209116699841949,1.1332890439506291,0.5249,0.7966507177033494,0.3871
20260407,9513.1543,9175.0911,9628.8073,9147.5583,826734.0,70649.0,1185302.0,1.0,-1.0,3907.0,-5895.0,1.0,-2.0,40465.0,-20902.0,8998.21244,9001.212309999999,8752.690845,-2.999869999999646,245.5215950000002,0.0,-1988.0,-1.0,19563.0,0.08545553950847552,1.1154924353318902,0.5312,0.8092105263157895,
20260408,8630.568,9492.7722,9555.3216,8579.5338,756811.0,-69923.0,1662334.0,2.0,0.0,2670.0,-2609.0,1.0,-2.0,28289.0,-20028.0,8937.590159999998,8967.82926,8801.850844999999,-30.23910000000251,135.7393149999989,2.0,61.0,-1.0,8261.0,-0.09239162750012883,1.0232096316527834,0.4343,0.614877024595081,
20260409,8766.8664,8513.9597,8783.6033,8460.4717,743401.0,-13410.0,1192465.0,2.0,-1.0,1832.0,-1312.0,1.0,-2.0,27100.0,-17094.0,8979.52984,8963.85336,8839.953324999999,15.67648000000008,139.5765150000007,1.0,520.0,-1.0,10006.0,-0.018038716654941278,1.1599305087671512,0.3891,0.524495100979804,0.4839
