,收盘价,开盘价,最高价,最低价,持仓量,持仓量变动,成交量,家人多头席位数,家人空头席位数,家人多头持仓量,家人空头持仓量,机构多头席位数,机构空头席位数,机构多头持仓量,机构空头持仓量,ma5,ma10,ma20,diff5_10,diff5_20,家人净多头席位,家人净多头持仓量,机构净多头席位,机构净多头持仓量,持仓量变幅,CB_index,IV,IV_pct,趋势排名分位数
20240506,4471.4063,4439.0698,4485.9678,4422.9404,398591.0,-680.0,259631.0,0.0,0.0,0.0,0.0,1.0,-2.0,5743.0,-17675.0,4450.762540000001,4469.75892,4472.564545,-18.99637999999959,-21.80200499999955,0.0,0.0,-1.0,-11932.0,-0.0017060094181755234,-0.4349964670769439,,,
20240507,4486.9336,4470.2505,4504.8276,4456.8301,403651.0,5060.0,278850.0,0.0,0.0,0.0,0.0,2.0,-2.0,7252.0,-19092.0,4463.3431,4468.57708,4471.553925,-5.233979999999974,-8.210825000000114,0.0,0.0,0.0,-11840.0,0.012535581480040926,-0.392780803216303,,,
20240508,4437.5938,4477.3853,4486.0005,4434.6738,432325.0,28674.0,257673.0,0.0,0.0,0.0,0.0,1.0,-2.0,11095.0,-28906.0,4462.42318,4461.19852,4467.42275,1.224659999999858,-4.999569999999949,0.0,0.0,-1.0,-17811.0,0.06632510264268779,-0.503739546643491,,,
20240509,4402.9658,4433.8843,4453.748,4395.8794,467082.0,34757.0,285870.0,0.0,0.0,0.0,0.0,1.0,-2.0,11760.0,-34893.0,4452.25266,4448.82586,4464.279095,3.426800000000185,-12.02643499999976,0.0,0.0,-1.0,-23133.0,0.07441305809258332,-0.6327319566706993,,,
20240510,4386.4097,4410.7358,4410.7358,4359.5815,476438.0,9356.0,275723.0,1.0,0.0,6842.0,0.0,1.0,-2.0,11719.0,-42665.0,4437.06184,4439.39124,4460.499435,-2.329399999999623,-23.43759499999942,1.0,6842.0,-1.0,-30946.0,0.019637392483387136,-0.6160535553291084,,,0.8548
20240513,4412.4854,4397.7827,4418.4229,4368.731,467592.0,-8846.0,216322.0,1.0,0.0,6062.0,0.0,1.0,-2.0,7640.0,-34983.0,4425.277660000001,4438.0201,4457.387229999999,-12.74243999999908,-32.10956999999871,1.0,6062.0,-1.0,-27343.0,-0.018918202193365156,-0.5231956096879061,,,
20240514,4461.7856,4426.4258,4469.0391,4416.2388,440777.0,-26815.0,340430.0,2.0,0.0,12723.0,0.0,1.0,-2.0,6368.0,-22334.0,4420.24806,4441.79558,4457.748724999999,-21.54752000000008,-37.50066499999957,2.0,12723.0,-1.0,-15966.0,-0.06083575141171159,-0.2329822693902475,,,
20240515,4457.2656,4461.4268,4483.9473,4448.9009,428619.0,-12158.0,259450.0,1.0,0.0,6686.0,0.0,1.0,-2.0,6259.0,-17253.0,4424.182419999999,4443.302799999999,4457.592695,-19.1203800000003,-33.41027500000109,1.0,6686.0,-1.0,-10994.0,-0.028365518094158215,-0.238549575078726,,,
20240516,4455.6011,4471.4878,4477.5806,4451.4771,426477.0,-2142.0,201077.0,2.0,0.0,12930.0,0.0,1.0,-2.0,6086.0,-23314.0,4434.70948,4443.48107,4455.46594,-8.771590000000288,-20.75646000000052,2.0,12930.0,-1.0,-17228.0,-0.005022545178286285,-0.256518325560723,,,
20240517,4520.5957,4457.3037,4530.4746,4457.3037,427083.0,606.0,333778.0,2.0,0.0,14868.0,0.0,1.0,-2.0,6166.0,-16008.0,4461.54668,4449.30426,4459.345115,12.24242000000049,2.201565000000301,2.0,14868.0,-1.0,-9842.0,0.0014189279367242433,-0.3259501409060131,,,0.9839
20240520,4555.2485,4531.5835,4589.7451,4520.396,450216.0,23133.0,361955.0,2.0,0.0,14369.0,0.0,1.0,-2.0,5933.0,-16032.0,4490.0993,4457.68848,4463.7237,32.41082000000006,26.37559999999939,2.0,14369.0,-1.0,-10099.0,0.05138200330508023,-0.5163163553828837,,,
20240521,4530.999,4554.0874,4563.4004,4520.9468,426709.0,-23507.0,276492.0,2.0,0.0,9748.0,0.0,2.0,-2.0,5316.0,-15550.0,4503.94198,4462.09502,4465.33605,41.84695999999985,38.60592999999972,2.0,9748.0,0.0,-10234.0,-0.05508906538179415,-0.5731881037871547,,,
20240522,4525.9453,4533.4053,4545.5459,4509.207,432613.0,5904.0,211613.0,2.0,0.0,13042.0,0.0,1.0,-2.0,6246.0,-24275.0,4517.67792,4470.93017,4466.064345000001,46.74775000000045,51.6135749999994,2.0,13042.0,-1.0,-18029.0,0.013647301398709701,-0.549526416777295,,,
20240523,4510.3838,4513.1694,4549.1846,4497.2529,422145.0,-10468.0,250678.0,3.0,0.0,20023.0,0.0,1.0,-2.0,5309.0,-26792.0,4528.634459999999,4481.67197,4465.248915,46.96248999999898,63.38554499999918,3.0,20023.0,-1.0,-21483.0,-0.024797166850252874,-0.5185392683294257,,,
20240524,4565.459,4525.6162,4577.4233,4513.8535,444327.0,22182.0,293142.0,3.0,0.0,21808.0,0.0,1.0,-2.0,5301.0,-30803.0,4537.60712,4499.576899999999,4469.48407,38.03022000000055,68.12304999999924,3.0,21808.0,-1.0,-25502.0,0.049922692071379865,-0.4658630959055523,,,0.9677
20240527,4573.1987,4564.1558,4602.7285,4544.8755,454817.0,10490.0,309479.0,3.0,0.0,22477.0,0.0,1.0,-2.0,5763.0,-28403.0,4541.197160000001,4515.64823,4476.834164999999,25.54893000000084,64.36299500000132,3.0,22477.0,-1.0,-22640.0,0.02306422143411526,-0.5734995221542794,,,
20240528,4572.1299,4578.8647,4607.0547,4560.269,450751.0,-4066.0,282932.0,3.0,0.0,21673.0,0.0,1.0,-2.0,4773.0,-24631.0,4549.423339999999,4526.68266,4484.23912,22.74067999999897,65.18421999999919,3.0,21673.0,-1.0,-19858.0,-0.009020501341095194,-0.5338341897155304,,,
20240529,4602.4634,4584.9155,4603.311,4541.4473,453872.0,3121.0,221608.0,3.0,0.0,21714.0,0.0,1.0,-2.0,4192.0,-22957.0,4564.72696,4541.202439999999,4492.25262,23.52452000000085,72.47433999999976,3.0,21714.0,-1.0,-18765.0,0.006876388056544576,-0.2999191945679368,,,
20240530,4601.1626,4612.0063,4654.0117,4582.1938,441164.0,-12708.0,367504.0,2.0,0.0,14661.0,0.0,1.0,-2.0,5628.0,-18820.0,4582.88272,4555.758589999999,4499.61983,27.12413000000015,83.26288999999997,2.0,14661.0,-1.0,-13192.0,-0.028805614238695813,-0.5777176060257336,,,
20240531,4641.0215,4609.5703,4645.1201,4577.8984,446438.0,5274.0,255518.0,3.0,-1.0,14674.0,-3286.0,2.0,-2.0,5787.0,-18400.0,4597.99522,4567.80117,4508.552715,30.19405000000006,89.44250499999998,2.0,11388.0,0.0,-12613.0,0.011813510498658268,-0.2453600098234468,,,0.8871
20240603,4609.8003,4645.5239,4659.6206,4591.0508,436595.0,-9843.0,431636.0,2.0,0.0,14250.0,0.0,2.0,-2.0,5459.0,-15415.0,4605.31554,4573.25635,4515.472414999999,32.05918999999994,89.84312500000033,2.0,14250.0,0.0,-9956.0,-0.022544921494749137,-0.3730110584772493,,,
20240604,4602.6538,4602.0952,4636.8901,4583.7236,426531.0,-10064.0,338827.0,2.0,0.0,13964.0,0.0,2.0,-2.0,4890.0,-13553.0,4611.42032,4580.42183,4521.258424999999,30.99848999999995,90.1618950000011,2.0,13964.0,0.0,-8663.0,-0.023595002473442726,-0.401785710663809,,,
20240605,4532.8105,4587.2461,4589.333,4532.8052,406800.0,-19731.0,287143.0,2.0,0.0,13354.0,0.0,2.0,-2.0,4677.0,-19476.0,4597.48974,4581.10835,4526.01926,16.38138999999956,71.47047999999995,2.0,13354.0,0.0,-14799.0,-0.048502949852507374,-0.3296066309996684,,,
20240606,4560.8091,4544.6255,4570.5698,4540.4399,404067.0,-2733.0,186855.0,1.0,0.0,7315.0,0.0,2.0,-1.0,7219.0,-17253.0,4589.41904,4586.150879999999,4533.911425,3.268160000000535,55.50761499999953,1.0,7315.0,1.0,-10034.0,-0.006763729777487397,-0.3097301647513386,,,
20240607,4564.4722,4556.3608,4584.6455,4540.1216,395652.0,-8415.0,242650.0,2.0,0.0,13071.0,0.0,2.0,-1.0,9095.0,-16879.0,4574.10918,4586.0522,4542.81455,-11.94301999999971,31.29463000000032,2.0,13071.0,1.0,-7784.0,-0.021268690667556336,-0.3668545040370092,,,0.8548
20240611,4561.4736,4567.8955,4595.666,4548.3745,398445.0,2793.0,271525.0,2.0,0.0,13542.0,0.0,2.0,-1.0,6470.0,-13588.0,4564.44384,4584.87969,4550.26396,-20.43584999999985,14.17987999999968,2.0,13542.0,1.0,-7118.0,0.007009750404698265,-0.3512083311101695,,,
20240612,4575.0547,4552.0869,4576.3223,4516.106,389773.0,-8672.0,278029.0,1.0,0.0,7503.0,0.0,2.0,-1.0,8982.0,-11413.0,4558.92402,4585.17217,4555.927415,-26.24814999999944,2.996605000000272,1.0,7503.0,1.0,-2431.0,-0.022248847406054293,-0.2786488617982217,,,
20240613,4543.1841,4583.2925,4590.5156,4538.2261,385007.0,-4766.0,230551.0,1.0,0.0,7608.0,0.0,2.0,-1.0,13541.0,-8624.0,4560.99874,4579.24424,4560.22334,-18.24549999999999,0.7753999999995358,1.0,7608.0,1.0,4917.0,-0.012378995706571569,-0.310464188092808,,,
20240614,4499.4507,4553.8511,4553.8511,4493.2632,387845.0,2838.0,260673.0,1.0,0.0,7414.0,0.0,2.0,-1.0,8930.0,-16824.0,4548.72706,4569.07305,4562.41582,-20.3459899999998,-13.68876,1.0,7414.0,1.0,-7894.0,0.007317356160321778,-0.2581933669583824,,,0.9194
20240617,4483.7339,4501.1992,4516.689,4479.9233,387326.0,-519.0,192564.0,1.0,0.0,7033.0,0.0,2.0,-1.0,15520.0,-18152.0,4532.579400000001,4553.34429,4560.57273,-20.76488999999947,-27.99332999999933,1.0,7033.0,1.0,-2632.0,-0.0013399565224126446,-0.2353556942625749,,,
20240618,4471.7671,4481.0991,4497.2607,4468.7412,394655.0,7329.0,152605.0,1.0,0.0,7600.0,0.0,2.0,-1.0,11930.0,-22058.0,4514.6381,4539.54097,4556.39866,-24.90286999999989,-41.76055999999971,1.0,7600.0,1.0,-10128.0,0.018570650314831943,-0.212111768144608,,,
20240619,4483.938,4475.6709,4503.9971,4467.2319,397159.0,2504.0,147144.0,1.0,0.0,7423.0,0.0,2.0,-1.0,17701.0,-23717.0,4496.41476,4527.66939,4554.04561,-31.25463000000036,-57.63085000000046,1.0,7423.0,1.0,-6016.0,0.006304779697803651,-0.2330967171344076,,,
20240620,4511.688,4491.416,4516.1851,4488.9004,390166.0,-6993.0,173941.0,1.0,0.0,7300.0,0.0,2.0,-1.0,15404.0,-23125.0,4490.115540000001,4525.55714,4553.332745,-35.4415999999992,-63.21720499999901,1.0,7300.0,1.0,-7721.0,-0.017923140406903727,-0.2407429881030363,,,
20240621,4534.8286,4518.5732,4546.1436,4514.0278,389891.0,-275.0,219226.0,1.0,0.0,7030.0,0.0,2.0,-1.0,15492.0,-17354.0,4497.19112,4522.95909,4554.554985,-25.76796999999988,-57.36386499999935,1.0,7030.0,1.0,-1862.0,-0.00070532533451657,-0.2867176937299558,,,0.9355
20240624,4558.5732,4528.064,4570.645,4510.1958,381711.0,-8180.0,261239.0,2.0,0.0,12518.0,0.0,2.0,-1.0,14335.0,-13961.0,4512.15898,4522.369189999999,4554.210695,-10.21020999999928,-42.0517149999996,2.0,12518.0,1.0,374.0,-0.021429825181878435,-0.2584563703291762,,,
20240625,4598.8311,4558.3037,4599.6602,4550.3906,394714.0,13003.0,227115.0,2.0,0.0,9788.0,0.0,2.0,-1.0,13834.0,-10833.0,4537.57178,4526.10494,4555.492315,11.46684000000005,-17.9205350000002,2.0,9788.0,1.0,3001.0,0.032942839625653,-0.3219062871253419,,,
20240626,4584.4019,4593.7129,4599.3423,4572.7729,386324.0,-8390.0,183322.0,2.0,0.0,12787.0,0.0,2.0,-1.0,13967.0,-13259.0,4557.664559999999,4527.03966,4556.105915,30.62489999999889,1.55864499999916,2.0,12787.0,1.0,708.0,-0.021717522079912198,-0.2776689653853369,,,
20240627,4630.4302,4586.7876,4634.2197,4574.1187,413207.0,26883.0,234430.0,1.0,-1.0,6321.0,-3542.0,2.0,-1.0,14668.0,-8870.0,4581.413,4535.764270000001,4557.504255,45.64872999999898,23.90874499999973,0.0,2779.0,1.0,5798.0,0.06505940122021166,-0.1697807456273047,,,
20240628,4643.8965,4640.8516,4666.5366,4621.5767,426341.0,13134.0,283057.0,1.0,-1.0,5743.0,-3561.0,2.0,-1.0,16994.0,-7597.0,4603.22658,4550.20885,4559.64095,53.01772999999957,43.58562999999958,0.0,2182.0,1.0,9397.0,0.03080632639131587,-0.1425263650696152,,,0.9677
20240701,4690.6348,4651.8486,4694.8374,4638.9331,455757.0,29416.0,287520.0,2.0,-1.0,6222.0,0.0,2.0,-1.0,21189.0,-3861.0,4629.6389,4570.89894,4562.121615,58.73995999999988,67.5172849999999,1.0,6222.0,1.0,17328.0,0.06454316664362808,-0.2095304253084348,,,
20240702,4697.5615,4687.5752,4704.1221,4675.5308,462626.0,6869.0,219168.0,1.0,-1.0,655.0,0.0,2.0,-1.0,21296.0,-8541.0,4649.38498,4593.47838,4566.509675,55.90660000000025,82.87530499999957,0.0,655.0,1.0,12755.0,0.014847846856856294,-0.088919737127511,,,
20240703,4726.4551,4703.4409,4728.1338,4685.584,483353.0,20727.0,214705.0,1.0,-1.0,336.0,0.0,2.0,-1.0,26532.0,-6758.0,4677.79562,4617.73009,4572.69974,60.06552999999985,105.0958799999999,0.0,336.0,1.0,19774.0,0.04288170343413613,-0.1116754612112348,,,
20240704,4697.4297,4722.1831,4733.2534,4691.7051,480034.0,-3319.0,285799.0,0.0,-1.0,0.0,-4899.0,2.0,-1.0,28938.0,-5875.0,4691.195519999999,4636.30426,4580.9307,54.89125999999942,110.2648199999994,-1.0,-4899.0,1.0,23063.0,-0.006914093585037726,-0.110517131426148,,,
20240705,4689.2085,4699.2979,4711.4087,4681.2065,485079.0,5045.0,230777.0,0.0,-2.0,0.0,-10695.0,2.0,-1.0,28676.0,-6333.0,4700.257919999999,4651.74225,4587.35067,48.51566999999886,112.9072499999993,-2.0,-10695.0,1.0,22343.0,0.010400367775145905,-0.0332658675830111,,,0.8548
20240708,4704.1631,4712.7285,4768.1016,4702.4395,498950.0,13871.0,475698.0,0.0,-3.0,0.0,-17914.0,2.0,-1.0,26404.0,-6298.0,4702.96358,4666.30124,4594.335215,36.66233999999986,108.6283649999996,-3.0,-17914.0,1.0,20106.0,0.027800380799679326,-0.1215427720178176,,,
20240709,4722.2759,4704.2622,4738.1113,4682.5942,501793.0,2843.0,336852.0,0.0,-3.0,0.0,-19318.0,2.0,-1.0,26206.0,-5484.0,4707.90646,4678.64572,4602.37533,29.26074000000062,105.5311300000003,-3.0,-19318.0,1.0,20722.0,0.005665682861259524,-0.1215773060293531,,,
20240710,4716.2017,4721.5293,4730.2749,4684.334,502790.0,997.0,333787.0,0.0,-3.0,0.0,-21111.0,2.0,-1.0,26221.0,-4757.0,4705.85578,4691.825699999999,4609.43268,14.03008000000045,96.42309999999998,-3.0,-21111.0,1.0,21464.0,0.0019829352214642297,-0.1215951532670451,,,
20240711,4791.606,4717.0576,4793.4648,4716.813,540399.0,37609.0,581829.0,0.0,-3.0,0.0,-20769.0,2.0,-1.0,27308.0,-7213.0,4724.69104,4707.94328,4621.853775,16.7477600000002,102.8372650000001,-3.0,-20769.0,1.0,20095.0,0.0695948734176044,-0.1761263380805804,,,
20240712,4756.7832,4792.98,4824.8999,4743.1987,524716.0,-15683.0,504924.0,0.0,-2.0,0.0,-15656.0,2.0,-1.0,24537.0,-7675.0,4738.205980000001,4719.231949999999,4634.7204,18.97403000000122,103.4855800000005,-2.0,-15656.0,1.0,16862.0,-0.029888549234252434,-0.1422158687049339,,,0.7742
20240715,4732.6553,4760.6216,4775.4448,4723.0923,511596.0,-13120.0,335183.0,0.0,-3.0,0.0,-14885.0,2.0,-1.0,22099.0,-7272.0,4743.90442,4723.433999999999,4647.16647,20.47042000000056,96.73794999999973,-3.0,-14885.0,1.0,14827.0,-0.025645235693789632,-0.2490501304376553,,,
20240716,4674.4941,4745.7637,4745.7637,4663.7026,451952.0,-59644.0,387553.0,0.0,-2.0,0.0,-9432.0,2.0,-1.0,21674.0,-12753.0,4734.34806,4721.127259999999,4657.30282,13.22080000000096,77.04524000000038,-2.0,-9432.0,1.0,8921.0,-0.13196976670088859,-0.2405148936982065,,,
20240717,4639.2725,4673.0137,4708.0894,4638.291,439824.0,-12128.0,369264.0,0.0,-1.0,0.0,-4924.0,2.0,-1.0,25569.0,-9962.0,4718.962219999999,4712.409,4665.069545,6.553219999999783,53.89267499999914,-1.0,-4924.0,1.0,15607.0,-0.027574666230128414,-0.119731219020372,,,
20240718,4653.3135,4636.2886,4663.521,4630.041,430019.0,-9805.0,220205.0,0.0,0.0,0.0,0.0,2.0,-1.0,27164.0,-15549.0,4691.30372,4707.99738,4672.15082,-16.69365999999991,19.15290000000005,0.0,0.0,1.0,11615.0,-0.022801318081294084,-0.1197411880752454,,,
20240719,4647.0952,4664.8218,4685.5112,4647.0947,428509.0,-1510.0,273093.0,0.0,-1.0,0.0,-3803.0,2.0,-1.0,26949.0,-16840.0,4669.36612,4703.78605,4677.764150000001,-34.41993000000002,-8.3980300000012,-1.0,-3803.0,1.0,10109.0,-0.0035238466403272745,-0.0648227172357663,,,0.7581
20240722,4658.0908,4653.6816,4674.3193,4631.749,425487.0,-3022.0,224774.0,0.0,0.0,0.0,0.0,2.0,-1.0,22719.0,-21436.0,4654.45322,4699.178819999999,4682.74003,-44.72559999999885,-28.2868099999996,0.0,0.0,1.0,1283.0,-0.007102449663561989,-0.0717275621071365,,,
20240723,4634.0615,4643.5469,4658.876,4629.7017,411007.0,-14480.0,179169.0,0.0,0.0,0.0,0.0,2.0,-1.0,23678.0,-22209.0,4646.3667,4690.357379999999,4684.501549999999,-43.99067999999897,-38.13484999999855,0.0,0.0,1.0,1469.0,-0.035230543518723526,-0.0416318574701026,,,
20240724,4607.5078,4626.8477,4630.376,4582.9795,391882.0,-19125.0,287198.0,0.0,0.0,0.0,0.0,2.0,-1.0,26863.0,-18610.0,4640.01376,4679.48799,4685.656845,-39.47422999999981,-45.6430849999997,0.0,0.0,1.0,8253.0,-0.04880295599185469,0.0110596698227708,,,
20240725,4601.1396,4618.2036,4627.5605,4597.2402,389721.0,-2161.0,211362.0,0.0,-1.0,0.0,-3618.0,2.0,-1.0,23685.0,-18526.0,4629.57898,4660.44135,4684.192314999999,-30.86236999999983,-54.6133349999991,-1.0,-3618.0,1.0,5159.0,-0.005544992443312011,0.0133144077421984,,,
20240726,4637.5073,4596.5571,4648.5308,4592.0684,386833.0,-2888.0,202599.0,0.0,-1.0,0.0,-4321.0,2.0,-1.0,23503.0,-17954.0,4627.6614,4648.51376,4683.872855,-20.85235999999986,-56.21145499999966,-1.0,-4321.0,1.0,5549.0,-0.00746575395584141,-0.022022173306251,,,0.4194
20240729,4646.5947,4631.5098,4653.6592,4606.9736,384948.0,-1885.0,254522.0,0.0,-1.0,0.0,-4275.0,2.0,-1.0,18789.0,-21381.0,4625.36218,4639.907700000001,4681.67085,-14.54552000000058,-56.30866999999944,-1.0,-4275.0,1.0,-2592.0,-0.004896765277388115,-0.0184003950227208,,,
20240730,4588.7134,4645.1978,4670.9814,4588.2168,378710.0,-6238.0,325508.0,0.0,-1.0,0.0,-2562.0,2.0,-1.0,15177.0,-22962.0,4616.29256,4631.32963,4676.228445,-15.03707000000031,-59.93588499999987,-1.0,-2562.0,1.0,-7785.0,-0.01647170658287344,-0.1352771342189835,,,
20240731,4656.6401,4585.4956,4660.52,4569.5464,372948.0,-5762.0,278570.0,1.0,-1.0,3676.0,-2608.0,2.0,-1.0,19914.0,-20541.0,4626.11902,4633.06639,4672.737695000001,-6.947369999999864,-46.61867500000062,0.0,1068.0,1.0,-627.0,-0.01544987504960477,-0.1443341533122705,,,
20240801,4705.5093,4666.7646,4730.854,4654.0571,390196.0,17248.0,363456.0,1.0,0.0,435.0,0.0,2.0,-1.0,21864.0,-21389.0,4646.99296,4638.285969999999,4673.141675,8.706990000000587,-26.14871500000027,1.0,435.0,1.0,475.0,0.044203425970537884,-0.1354657682239089,,,
20240802,4677.2993,4696.3379,4702.2861,4652.2563,376475.0,-13721.0,243316.0,1.0,-1.0,5660.0,-484.0,2.0,-1.0,17548.0,-20299.0,4654.95136,4641.30638,4672.546215,13.64498000000003,-17.59485500000028,0.0,5176.0,1.0,-2751.0,-0.03644597914868185,-0.2205143201426677,,,0.5161
20240805,4600.313,4657.0005,4659.0996,4593.7446,364511.0,-11964.0,258260.0,0.0,-1.0,0.0,-689.0,2.0,-1.0,18874.0,-21978.0,4645.695019999999,4635.5286,4667.35371,10.16641999999956,-21.65869000000112,-1.0,-689.0,1.0,-3104.0,-0.032822054752805814,-0.2150869024325721,,,
20240806,4580.125,4585.2793,4624.604,4575.5737,361977.0,-2534.0,209169.0,0.0,0.0,0.0,-672.0,2.0,-1.0,14820.0,-22798.0,4643.977339999999,4630.13495,4660.246165,13.8423899999998,-16.26882500000102,0.0,-672.0,1.0,-7978.0,-0.0070004447796406955,-0.1878987961137447,,,
20240807,4570.3774,4575.5059,4596.0483,4560.2153,366273.0,4296.0,167032.0,0.0,-1.0,0.0,-3833.0,2.0,-1.0,13838.0,-21970.0,4626.7248,4626.42191,4652.95495,0.3028899999999339,-26.23015000000032,-1.0,-3833.0,1.0,-8132.0,0.011728956270322955,-0.0838775027324441,,,
20240808,4546.9985,4578.5674,4589.249,4541.625,370929.0,4656.0,172682.0,0.0,-1.0,0.0,-3780.0,2.0,-1.0,12469.0,-24693.0,4595.02264,4621.007799999999,4640.724575,-25.98515999999927,-45.70193500000005,-1.0,-3780.0,1.0,-12224.0,0.012552267415057869,-0.0272192898249272,,,
20240809,4566.127,4541.9048,4573.3931,4525.4067,358774.0,-12155.0,220865.0,0.0,-1.0,0.0,-3628.0,2.0,-1.0,9743.0,-26865.0,4572.78818,4613.869769999999,4631.191765,-41.08158999999887,-58.40358499999911,-1.0,-3628.0,1.0,-17122.0,-0.03387926661352272,-0.046262062831739,,,0.6613
20240812,4568.5991,4588.9395,4588.9395,4536.0566,353344.0,-5430.0,180168.0,0.0,-2.0,0.0,-7493.0,2.0,-1.0,12661.0,-25931.0,4566.4454,4606.07021,4622.988955,-39.62481000000025,-56.5435550000002,-2.0,-7493.0,1.0,-13270.0,-0.01536746060496287,-0.0448364027497379,,,
20240813,4558.5615,4570.1743,4591.3462,4550.9219,346996.0,-6348.0,154519.0,0.0,-2.0,0.0,-4766.0,2.0,-1.0,11773.0,-24807.0,4562.1327,4603.05502,4617.192325,-40.92231999999967,-55.05962499999987,-2.0,-4766.0,1.0,-13034.0,-0.018294159010478508,-0.0447969515820151,,,
20240814,4532.228,4558.9395,4584.2769,4516.7534,348787.0,1791.0,272001.0,0.0,-1.0,0.0,-786.0,2.0,-1.0,11866.0,-21497.0,4554.50282,4590.613810000001,4611.840099999999,-36.11099000000104,-57.33727999999974,-1.0,-786.0,1.0,-9631.0,0.005134939088899529,-0.0455063342139605,,,
20240815,4541.4976,4533.5771,4549.9341,4505.9604,343773.0,-5014.0,206253.0,1.0,0.0,0.0,-501.0,2.0,-1.0,12496.0,-17340.0,4553.40264,4574.21264,4606.249305,-20.80999999999949,-52.84666500000003,1.0,-501.0,1.0,-4844.0,-0.014585205935311965,-0.0463057098840708,,,
20240816,4555.4419,4538.1079,4589.5801,4536.5063,328594.0,-15179.0,251476.0,1.0,-1.0,0.0,-542.0,2.0,-1.0,11297.0,-16837.0,4551.26562,4562.0269,4601.666639999999,-10.76127999999972,-50.40101999999933,0.0,-542.0,1.0,-5540.0,-0.04619378320967516,-0.0456945757927488,,,0.6774
20240819,4581.0054,4548.7729,4613.3174,4533.0664,329639.0,1045.0,303260.0,0.0,-1.0,0.0,-3344.0,2.0,-1.0,8073.0,-18071.0,4553.746880000001,4560.09614,4597.812370000001,-6.349259999999049,-44.06548999999995,-1.0,-3344.0,1.0,-9998.0,0.003170134601791657,-0.0033821837404328,,,
20240820,4643.9351,4574.9639,4651.373,4574.6523,339325.0,9686.0,290587.0,1.0,-2.0,3480.0,-7056.0,2.0,-1.0,8441.0,-14175.0,4570.8216,4566.477150000001,4598.30605,4.344449999999597,-27.48444999999992,-1.0,-3576.0,1.0,-5734.0,0.02854490532675164,-0.0065368572586214,,,
20240821,4665.0078,4639.0518,4670.9878,4625.7642,336405.0,-2920.0,220706.0,2.0,-1.0,3997.0,0.0,1.0,-2.0,7122.0,-13749.0,4597.37756,4575.940189999999,4601.18105,21.43737000000056,-3.803490000000238,1.0,3997.0,-1.0,-6627.0,-0.008680013673994144,-0.1734883834940775,,,
20240822,4645.874,4668.9932,4677.3154,4638.7539,321918.0,-14487.0,203656.0,1.0,-1.0,393.0,0.0,2.0,-1.0,10323.0,-13670.0,4618.25284,4585.827740000001,4603.41777,32.42509999999947,14.83507000000009,0.0,393.0,1.0,-3347.0,-0.045002143402978395,-0.1747759240765384,,,
20240823,4634.168,4650.7256,4667.8511,4624.8877,319932.0,-1986.0,185995.0,1.0,-1.0,290.0,0.0,2.0,-1.0,9533.0,-14455.0,4633.99806,4592.63184,4603.250805,41.36621999999988,30.74725500000022,0.0,290.0,1.0,-4922.0,-0.006207569108435542,-0.1749428636117742,,,0.6613
20240826,4702.0552,4639.1235,4707.0474,4626.4692,329278.0,9346.0,249885.0,1.0,-1.0,647.0,0.0,2.0,-1.0,8406.0,-12928.0,4658.20802,4605.977449999999,4606.02383,52.23057000000063,52.18418999999994,0.0,647.0,1.0,-4522.0,0.028383311366079727,-0.1869082841394285,,,
20240827,4748.8667,4716.2969,4767.3911,4709.3745,352036.0,22758.0,317811.0,0.0,0.0,0.0,0.0,2.0,-1.0,9174.0,-11023.0,4679.19434,4625.007970000001,4614.031495,54.18636999999944,65.16284499999983,0.0,0.0,1.0,-1849.0,0.06464679748662068,-0.1882188933316634,,,
20240828,4752.2446,4742.4082,4758.5386,4719.3579,358205.0,6169.0,194682.0,0.0,0.0,0.0,0.0,2.0,-1.0,6185.0,-12178.0,4696.6417,4647.00963,4618.81172,49.63207000000057,77.82998000000043,0.0,0.0,1.0,-5993.0,0.01722198182604933,0.0826709409415148,,,
20240829,4764.0874,4743.853,4789.4731,4737.1611,371842.0,13637.0,253356.0,0.0,0.0,0.0,0.0,2.0,-1.0,5272.0,-12415.0,4720.28438,4669.26861,4621.740625,51.01576999999997,98.54375499999969,0.0,0.0,1.0,-7143.0,0.03667417881788502,0.0078501540372615,,,
20240830,4788.4854,4767.6616,4791.7476,4754.2437,373384.0,1542.0,230576.0,1.0,0.0,4058.0,0.0,2.0,-1.0,3130.0,-9969.0,4751.14786,4692.57296,4627.29993,58.57489999999962,123.8479299999999,1.0,4058.0,1.0,-6839.0,0.0041297966704518674,0.1034750107225732,,,0.3065
20240902,4733.4497,4778.8745,4785.1597,4717.1538,367094.0,-6290.0,268709.0,0.0,0.0,0.0,0.0,2.0,-1.0,6942.0,-11109.0,4757.42676,4707.81739,4633.956765,49.60937000000013,123.4699950000004,0.0,0.0,1.0,-4167.0,-0.017134575885195617,0.006521704471292,,,
20240903,4697.0498,4734.4629,4747.4497,4679.2915,359103.0,-7991.0,256259.0,0.0,0.0,0.0,0.0,2.0,-1.0,9011.0,-13518.0,4747.06338,4713.12886,4639.803005,33.93451999999979,107.2603749999998,0.0,0.0,1.0,-4507.0,-0.02225266845445457,0.0866075296177221,,,
20240904,4570.6699,4691.0313,4696.4063,4556.8496,326426.0,-32677.0,416866.0,0.0,0.0,0.0,0.0,2.0,-1.0,6392.0,-17452.0,4710.74844,4703.69507,4639.81763,7.053370000000541,70.93081000000075,0.0,0.0,1.0,-11060.0,-0.10010538376232285,-0.0194672148423944,,,
20240905,4539.7676,4573.6138,4580.0249,4527.0308,319066.0,-7360.0,265018.0,0.0,0.0,0.0,0.0,2.0,-1.0,6940.0,-15106.0,4665.884479999999,4693.084430000001,4639.456085,-27.19995000000199,26.428394999999,0.0,0.0,1.0,-8166.0,-0.02306732776290799,-0.0785028247657071,,,
20240906,4503.6929,4548.9204,4566.5391,4487.6904,325367.0,6301.0,269920.0,0.0,0.0,0.0,0.0,2.0,-1.0,6427.0,-18147.0,4608.92598,4680.03692,4636.33438,-71.11094000000048,-27.40840000000026,0.0,0.0,1.0,-11720.0,0.019365823823559242,-0.0567308220919521,,,0.3387
20240909,4477.8613,4503.5479,4521.6895,4448.0254,326747.0,1380.0,248735.0,0.0,0.0,0.0,0.0,1.0,-2.0,7432.0,-17019.0,4557.8083,4657.61753,4631.797489999999,-99.80923000000075,-73.98918999999933,0.0,0.0,-1.0,-9587.0,0.004223451171701653,0.1543141213466725,,,
20240910,4403.9492,4492.7729,4492.7729,4401.3994,325835.0,-912.0,221207.0,0.0,0.0,0.0,0.0,1.0,-2.0,7228.0,-19222.0,4499.188179999999,4623.12578,4624.066875,-123.9376000000011,-124.8786950000003,0.0,0.0,-1.0,-11994.0,-0.002798962665152608,-0.1783960401697343,,,
20240911,4430.6011,4399.4199,4432.3936,4295.9326,337183.0,11348.0,393757.0,0.0,0.0,0.0,0.0,1.0,-2.0,5968.0,-17361.0,4471.17442,4590.96143,4618.98553,-119.78701,-147.8111099999996,0.0,0.0,-1.0,-11393.0,0.03365531476972445,0.027308341605382,,,
20240912,4426.4531,4426.0864,4444.1694,4379.5254,341864.0,4681.0,262712.0,0.0,0.0,0.0,0.0,1.0,-2.0,6088.0,-17259.0,4448.51152,4557.198,4613.233305,-108.6864800000003,-164.7217849999997,0.0,0.0,-1.0,-11171.0,0.013692579505300354,0.0306031038285386,,,
20240913,4430.0469,4425.5776,4474.1553,4421.5806,339174.0,-2690.0,210172.0,0.0,0.0,0.0,0.0,1.0,-2.0,5453.0,-14893.0,4433.78232,4521.354150000001,4606.963555,-87.57183000000077,-173.181235,0.0,0.0,-1.0,-9440.0,-0.00793103244942124,0.1275350105992321,,,0.2742
20240918,4395.2627,4450.0928,4450.0928,4372.5259,347702.0,8528.0,194346.0,1.0,0.0,3967.0,0.0,1.0,-2.0,6837.0,-11213.0,4417.2626,4487.53545,4597.67642,-70.27285000000029,-180.4138199999998,1.0,3967.0,-1.0,-4376.0,0.024526749918033258,0.0111479754616933,,,
20240919,4439.4526,4398.1074,4448.9321,4364.1895,343984.0,-3718.0,227185.0,1.0,0.0,3830.0,0.0,1.0,-2.0,9102.0,-12793.0,4424.36328,4461.775729999999,4587.452295,-37.41244999999981,-163.0890150000005,1.0,3830.0,-1.0,-3691.0,-0.01080864226243081,0.3331590265223463,,,
20240920,4400.8105,4445.751,4447.4722,4397.3438,344963.0,979.0,174034.0,1.0,0.0,3560.0,0.0,1.0,-2.0,9924.0,-14681.0,4418.40516,4444.78979,4574.24243,-26.38462999999956,-155.83727,1.0,3560.0,-1.0,-4757.0,0.0028379855230850847,0.422924731709165,,,0.5323
20240923,4368.5293,4401.2104,4409.436,4358.7256,345896.0,933.0,207412.0,1.0,0.0,3519.0,0.0,1.0,-2.0,10600.0,-13691.0,4406.8204,4427.66596,4560.375195,-20.84556000000066,-153.554795,1.0,3519.0,-1.0,-3091.0,0.0026973425538312093,0.3786612254705264,,,
20240924,4462.1831,4368.9077,4472.356,4345.3843,341235.0,-4661.0,259495.0,1.0,0.0,3148.0,0.0,1.0,-1.0,10434.0,-10294.0,4413.24764,4423.51498,4551.77595,-10.26734000000033,-138.5283100000006,1.0,3148.0,0.0,140.0,-0.013659208463375679,0.0210740378588723,,,
20240925,4496.293,4468.9907,4549.8281,4453.272,324067.0,-17168.0,277370.0,0.0,0.0,0.0,-1233.0,1.0,-1.0,10721.0,-5388.0,4433.4537,4425.35815,4541.48784,8.095550000000003,-108.0341399999998,0.0,-1233.0,0.0,5333.0,-0.052976699262806765,-0.0818734981075981,,,
20240926,4491.2319,4495.6616,4520.6113,4465.2471,319368.0,-4699.0,191198.0,0.0,0.0,0.0,0.0,1.0,-1.0,9479.0,-6163.0,4443.80956,4434.08642,4528.606099999999,9.723140000000058,-84.79653999999937,0.0,0.0,0.0,3316.0,-0.014713434032213622,-0.1623212900798791,,,
20240927,4515.9277,4492.6646,4541.3345,4483.3901,310355.0,-9013.0,187941.0,1.0,0.0,2452.0,0.0,1.0,-2.0,10314.0,-12922.0,4466.833000000001,4442.619079999999,4516.790255,24.21392000000105,-49.95725499999935,1.0,2452.0,-1.0,-2608.0,-0.02904093699150972,-0.1395063639100094,,,0.3548
20240930,4675.4165,4519.3613,4699.812,4514.5127,304240.0,-6115.0,306186.0,1.0,0.0,1824.0,0.0,1.0,-2.0,12230.0,-15123.0,4528.21044,4467.51542,4512.35671,60.69502000000011,15.85372999999981,1.0,1824.0,-1.0,-2893.0,-0.0200992637391533,-0.2087154079858057,,,0.4516
20241008,4793.8838,4815.894,4815.894,4743.7637,315153.0,10913.0,306147.0,0.0,-1.0,0.0,-1226.0,1.0,-2.0,9324.0,-3599.0,4594.55058,4503.89911,4512.62663,90.65146999999979,81.92395000000033,-1.0,-1226.0,-1.0,5725.0,0.034627625312149975,0.0098169054748832,,,
20241009,4802.8315,4794.729,4878.8794,4748.4688,358009.0,42856.0,611863.0,0.0,0.0,0.0,0.0,2.0,-1.0,15099.0,-3221.0,4655.85828,4544.655989999999,4516.095719999999,111.2022900000011,139.762560000001,0.0,0.0,1.0,11878.0,0.11970648782572506,0.0519226070331926,,,
20241010,4732.0669,4792.7183,4807.5269,4721.3379,351926.0,-6083.0,391895.0,1.0,0.0,3004.0,-1238.0,2.0,-1.0,13025.0,-9852.0,4704.02528,4573.91742,4517.846575,130.1078600000001,186.1787049999994,1.0,1766.0,1.0,3173.0,-0.017284883753971005,0.121504800426367,,,
20241011,4784.7295,4740.7979,4789.2412,4718.0493,356928.0,5002.0,268819.0,1.0,0.0,2988.0,-1242.0,2.0,-1.0,10921.0,-7534.0,4757.78564,4612.30932,4528.549555,145.4763199999998,229.2360850000005,1.0,1746.0,1.0,3387.0,0.014014030840953918,0.0707720334654194,,,0.7419
20241014,4767.8423,4780.7534,4829.5464,4750.6694,369349.0,12421.0,334079.0,2.0,0.0,5550.0,0.0,1.0,-1.0,8577.0,-17086.0,4776.2708,4652.24062,4539.95329,124.0301800000007,236.3175099999999,2.0,5550.0,0.0,-8509.0,0.03362943990642996,-0.0240389928405947,,,
20241015,4678.1533,4745.7944,4760.5044,4661.8667,356663.0,-12686.0,312633.0,2.0,0.0,5753.0,0.0,1.0,-2.0,9724.0,-18919.0,4753.1247,4673.83764,4548.67631,79.28706000000057,204.4483900000005,2.0,5753.0,-1.0,-9195.0,-0.035568589957466853,0.1486100323617128,0.1587,,
20241016,4688.2969,4676.458,4717.0244,4673.7544,358441.0,1778.0,172677.0,2.0,0.0,5438.0,0.0,2.0,-1.0,13106.0,-18969.0,4730.217780000001,4693.03803,4559.19809,37.17975000000115,171.019690000001,2.0,5438.0,1.0,-5863.0,0.004960370046953334,0.0617153765328445,0.155,,
20241017,4627.7539,4688.1021,4688.9375,4615.8052,350147.0,-8294.0,215833.0,2.0,0.0,5857.0,0.0,2.0,-1.0,8440.0,-19095.0,4709.35518,4706.69023,4570.388325,2.664950000000317,138.9668550000006,2.0,5857.0,1.0,-10655.0,-0.02368719423556392,0.2033171861626366,0.1548,,
20241018,4653.7681,4633.4873,4673.7271,4630.6714,357311.0,7164.0,206829.0,2.0,0.0,5492.0,0.0,2.0,-1.0,9971.0,-22096.0,4683.1629,4720.474270000001,4581.546675,-37.31137000000035,101.6162250000007,2.0,5492.0,1.0,-12125.0,0.020049760572722362,0.2036338974232436,0.1516,,0.4032
20241021,4586.9976,4653.957,4653.957,4567.8701,342738.0,-14573.0,244336.0,2.0,0.0,5914.0,0.0,2.0,-1.0,8882.0,-23187.0,4646.99396,4711.63238,4589.5739,-64.63842000000022,57.42005999999947,2.0,5914.0,1.0,-14305.0,-0.04251935881051999,0.2837184176703667,0.1498,,
20241022,4600.1758,4594.9136,4626.0352,4578.3184,335740.0,-6998.0,165664.0,2.0,0.0,5929.0,0.0,2.0,-1.0,13768.0,-23479.0,4631.398459999999,4692.26158,4598.080345,-60.86312000000089,33.31811499999912,2.0,5929.0,1.0,-9711.0,-0.020843509858819324,0.2815162897240158,0.1481,,
20241023,4599.5278,4609.2524,4624.5967,4593.168,334777.0,-963.0,149828.0,1.0,0.0,2974.0,0.0,2.0,-1.0,14134.0,-21043.0,4613.64464,4671.93121,4608.2936,-58.28657000000021,5.351039999999557,1.0,2974.0,1.0,-6909.0,-0.0028765416979063675,0.221017509214746,0.1469,,
20241024,4596.7705,4593.3066,4604.5649,4556.832,323873.0,-10904.0,165475.0,1.0,0.0,2817.0,0.0,2.0,-1.0,16545.0,-19933.0,4607.44796,4658.40157,4616.159495000001,-50.95361000000048,-8.711535000001277,1.0,2817.0,1.0,-3388.0,-0.03366751782334434,0.2286115902226833,0.1468,,
20241025,4608.5405,4597.2251,4652.0229,4594.668,322286.0,-1587.0,207350.0,1.0,0.0,2860.0,0.0,2.0,-1.0,12297.0,-19250.0,4598.40244,4640.78267,4626.545994999999,-42.38022999999976,-28.14355499999965,1.0,2860.0,1.0,-6953.0,-0.004924197762236026,0.1801467838352808,0.1459,,0.5161
20241028,4660.2095,4611.4199,4660.5684,4571.0835,325760.0,3474.0,232673.0,1.0,0.0,3318.0,0.0,2.0,-1.0,11311.0,-21405.0,4613.04482,4630.019389999999,4641.130005000001,-16.9745699999994,-28.08518500000082,1.0,3318.0,1.0,-10094.0,0.010664292730844793,0.104620653395252,0.1511,,
20241029,4540.3193,4642.5059,4653.8291,4535.0859,329366.0,3606.0,276437.0,1.0,0.0,3526.0,0.0,2.0,-1.0,10039.0,-21907.0,4601.07352,4616.23599,4645.036814999999,-15.16247000000021,-43.96329499999956,1.0,3526.0,1.0,-11868.0,0.010948306746901624,-0.568542501684343,0.1472,,
20241030,4559.7173,4558.4844,4576.5146,4533.9399,323859.0,-5507.0,162341.0,1.0,0.0,3191.0,0.0,2.0,-1.0,13210.0,-22955.0,4593.11142,4603.37803,4648.20803,-10.26660999999967,-55.0966099999996,1.0,3191.0,1.0,-9745.0,-0.017004313605612317,-0.437629137751487,0.1478,,
20241031,4599.4056,4580.1423,4610.1126,4557.8069,322354.0,-1505.0,161211.0,1.0,0.0,2883.0,0.0,2.0,-1.0,17229.0,-21348.0,4593.63844,4600.5432,4653.616715,-6.904760000000351,-59.97827500000039,1.0,2883.0,1.0,-4119.0,-0.0046687802850282605,-0.3029437154895123,0.1467,,
20241101,4598.457,4601.4243,4639.3691,4589.9844,322110.0,-244.0,186105.0,1.0,0.0,2891.0,0.0,2.0,-1.0,20253.0,-20854.0,4591.621740000001,4595.012089999999,4657.74318,-3.390349999998762,-66.1214399999999,1.0,2891.0,1.0,-601.0,-0.0007575052000869269,-0.3926301371577329,0.1419,,0.7258
20241104,4631.9509,4592.2361,4633.4528,4571.2468,322952.0,842.0,190769.0,1.0,0.0,2949.0,0.0,2.0,-1.0,19481.0,-19778.0,4585.97002,4599.50742,4655.5699,-13.53740000000016,-69.59988000000067,1.0,2949.0,1.0,-297.0,0.002607198592979762,-0.2577042406124832,0.1414,,
20241105,4644.8163,4644.4003,4656.452,4604.7689,320721.0,-2231.0,173028.0,1.0,0.0,3029.0,0.0,2.0,-1.0,21481.0,-20812.0,4606.86942,4603.971469999999,4648.116525,2.897950000000492,-41.24710500000037,1.0,3029.0,1.0,669.0,-0.006956201807801796,-0.2768093601775855,0.1459,,
20241106,4607.0358,4646.8829,4687.8982,4587.8335,318657.0,-2064.0,289056.0,1.0,0.0,3291.0,0.0,2.0,-1.0,17689.0,-20127.0,4616.33312,4604.72227,4638.32674,11.61085000000003,-21.99362000000019,1.0,3291.0,1.0,-2438.0,-0.006477183931311724,-0.3247192512265455,0.1445,,
20241107,4696.6091,4592.7629,4698.1438,4592.7629,330709.0,12052.0,221679.0,1.0,0.0,2943.0,0.0,2.0,-1.0,22457.0,-21551.0,4635.77382,4614.70613,4636.55385,21.06768999999986,-0.780029999999897,1.0,2943.0,1.0,906.0,0.03644291507034886,-0.283645166597414,0.1485,,
20241108,4686.6124,4684.4356,4701.7734,4650.229,321864.0,-8845.0,194355.0,1.0,0.0,3302.0,0.0,2.0,-1.0,16716.0,-17967.0,4653.4049,4622.51332,4631.647995,30.89157999999952,21.75690499999928,1.0,3302.0,1.0,-1251.0,-0.027480550791638705,-0.2548856970324573,0.1485,,0.6774
20241111,4620.3603,4672.5371,4684.649,4598.8248,303061.0,-18803.0,241242.0,1.0,0.0,4346.0,0.0,2.0,-1.0,16981.0,-21793.0,4651.08678,4618.5284,4624.273895,32.55837999999949,26.81288499999937,1.0,4346.0,1.0,-4812.0,-0.062043614981802345,-0.2069674928684978,0.1387,,
20241112,4587.8765,4602.0755,4622.0336,4582.8895,305347.0,2286.0,149061.0,1.0,0.0,4768.0,0.0,2.0,-1.0,17715.0,-22177.0,4639.69882,4623.28412,4619.760055000001,16.41469999999936,19.93876499999897,1.0,4768.0,1.0,-4462.0,0.007486564466000976,-0.1992751270713016,0.1464,,
20241113,4606.5695,4592.6396,4614.8721,4585.2895,305923.0,576.0,117732.0,1.0,0.0,4853.0,0.0,2.0,-1.0,20275.0,-22028.0,4639.60556,4627.969340000001,4615.673685,11.63621999999941,23.93187500000022,1.0,4853.0,1.0,-1753.0,0.001882826724371819,-0.1818777248701818,0.135,,
20241114,4574.7222,4593.6465,4603.0831,4564.3787,310133.0,4210.0,150135.0,1.0,0.0,4683.0,0.0,2.0,-1.0,19463.0,-21040.0,4615.22818,4625.500999999999,4613.0221,-10.27281999999923,2.206079999999929,1.0,4683.0,1.0,-1577.0,0.013574821125130187,-0.1437356414979206,0.1269,,
20241115,4578.9279,4582.2164,4608.3125,4576.7837,313100.0,2967.0,149182.0,1.0,0.0,4336.0,0.0,2.0,-1.0,20081.0,-20675.0,4593.69128,4623.54809,4609.28009,-29.85681000000022,-15.58881000000019,1.0,4336.0,1.0,-594.0,0.009476205685084638,-0.1492388991926628,0.1258,,0.9355
20241118,4572.9192,4586.4127,4595.2662,4551.7479,314289.0,1189.0,163504.0,1.0,0.0,3993.0,0.0,2.0,-1.0,20845.0,-20012.0,4584.20306,4617.644920000001,4608.57617,-33.44186000000082,-24.37311000000045,1.0,3993.0,1.0,833.0,0.0037831422671490253,-0.1463300589500588,0.1258,,
20241119,4593.65,4571.9365,4594.8067,4550.6249,316875.0,2586.0,152855.0,1.0,0.0,3602.0,0.0,2.0,-1.0,24064.0,-19261.0,4585.357760000001,4612.52829,4608.24988,-27.17052999999942,-22.89211999999952,1.0,3602.0,1.0,4803.0,0.00816094674556213,-0.1449340937899058,0.1193,,
20241120,4641.5848,4589.1149,4644.476,4571.3142,327114.0,10239.0,196829.0,1.0,0.0,3121.0,0.0,2.0,-1.0,24769.0,-17860.0,4592.36082,4615.983190000001,4610.35273,-23.62237000000096,-17.99190999999973,1.0,3121.0,1.0,6909.0,0.031301014325281096,-0.2287521649131728,0.1195,,
20241121,4605.1319,4640.7418,4642.3661,4589.4365,327025.0,-89.0,182036.0,1.0,0.0,3613.0,0.0,2.0,-1.0,19568.0,-13376.0,4598.44276,4606.83547,4610.7708,-8.39271000000008,-12.32804000000033,1.0,3613.0,1.0,6192.0,-0.00027215044721351576,-0.1750304955087342,0.1204,,
20241122,4630.8811,4618.7499,4658.7379,4595.2438,332000.0,4975.0,246916.0,1.0,0.0,3287.0,0.0,2.0,-1.0,17249.0,-11724.0,4608.8334,4601.26234,4611.887830000001,7.571060000000216,-3.054430000000139,1.0,3287.0,1.0,5525.0,0.014984939759036144,-0.2324932636036821,0.1212,,0.9516
20241125,4585.0189,4631.1754,4649.3635,4584.2134,318945.0,-13055.0,225113.0,1.0,0.0,3676.0,0.0,2.0,-1.0,15501.0,-12216.0,4611.25334,4597.7282,4608.128299999999,13.52514000000065,3.125040000000809,1.0,3676.0,1.0,3285.0,-0.040931822100989196,-0.2199249230279008,0.12,,
20241126,4617.5215,4584.8799,4621.7791,4577.1298,318422.0,-523.0,162566.0,1.0,0.0,3492.0,0.0,2.0,-1.0,18295.0,-8669.0,4616.027639999999,4600.6927,4611.98841,15.33493999999973,4.039229999999407,1.0,3492.0,1.0,9626.0,-0.001642474452142126,-0.1669741678744339,0.1184,,
20241127,4637.7419,4611.9559,4640.3882,4607.0567,327280.0,8858.0,137790.0,1.0,0.0,3114.0,0.0,2.0,-1.0,19367.0,-6228.0,4615.25906,4603.80994,4615.889639999999,11.44912000000022,-0.6305799999990995,1.0,3114.0,1.0,13139.0,0.02706550965534099,-0.25226774229497,0.117,,
20241128,4596.4107,4630.8789,4647.1197,4594.7453,315836.0,-11444.0,170185.0,1.0,0.0,3042.0,0.0,2.0,-1.0,17769.0,-9183.0,4613.51482,4605.97879,4615.739895000001,7.53603000000021,-2.225075000000288,1.0,3042.0,1.0,8586.0,-0.03623399485809091,-0.2663534124993535,0.1085,,
20241129,4644.7174,4600.6461,4650.5984,4591.2078,320232.0,4396.0,181808.0,1.0,0.0,3516.0,0.0,2.0,-1.0,19111.0,-8084.0,4616.28208,4612.55774,4618.052914999999,3.724339999999756,-1.770834999999352,1.0,3516.0,1.0,11027.0,0.013727547528042169,0.260371746974709,0.1145,,0.9516
20241202,4723.9105,4640.241,4727.1516,4634.2922,363723.0,43491.0,293509.0,1.0,0.0,3677.0,0.0,2.0,-1.0,18710.0,-10012.0,4644.0604,4627.656870000001,4622.650895000001,16.40352999999959,21.40950499999963,1.0,3677.0,1.0,8698.0,0.1195717620276969,-0.366180995024459,0.1357,,
20241203,4697.3411,4723.0332,4723.0332,4681.9433,359158.0,-4565.0,209375.0,1.0,0.0,3528.0,0.0,2.0,-1.0,15888.0,-12214.0,4660.02432,4638.02598,4625.277134999999,21.99833999999919,34.74718500000017,1.0,3528.0,1.0,3674.0,-0.012710283496399914,0.0779624058840653,0.1289,,
20241204,4701.2986,4703.8493,4717.7162,4690.5526,363927.0,4769.0,163709.0,1.0,0.0,3970.0,0.0,2.0,-1.0,15414.0,-14323.0,4672.73566,4643.997359999999,4629.990274999999,28.73830000000089,42.74538500000108,1.0,3970.0,1.0,1091.0,0.01310427640708164,0.0786626573281341,0.1228,,
20241205,4687.7281,4686.8704,4708.3317,4672.8028,355832.0,-8095.0,167428.0,1.0,0.0,3832.0,0.0,2.0,-1.0,15776.0,-14993.0,4690.99914,4652.25698,4629.546225,38.74215999999979,61.45291499999985,1.0,3832.0,1.0,783.0,-0.02274949976393354,0.0981967769297619,0.1378,,
20241206,4719.2682,4686.9139,4727.8882,4679.5588,374761.0,18929.0,180931.0,1.0,0.0,1446.0,0.0,2.0,-1.0,15620.0,-18060.0,4705.909299999999,4661.09569,4631.179015,44.81360999999924,74.73028499999964,1.0,1446.0,1.0,-2440.0,0.05050952473709911,0.0698124267833717,0.1365,,0.9839
20241209,4682.5096,4715.1657,4716.6035,4672.9874,364613.0,-10148.0,177691.0,1.0,0.0,3948.0,0.0,2.0,-1.0,13265.0,-15599.0,4697.62912,4670.844760000001,4634.28648,26.78435999999874,63.34263999999985,1.0,3948.0,1.0,-2334.0,-0.0278322495358092,0.0993204365557157,0.1193,,
20241210,4724.6415,4699.1373,4748.9365,4699.1373,380121.0,15508.0,216836.0,0.0,-1.0,0.0,-1334.0,2.0,-1.0,15571.0,-14973.0,4703.0892,4681.55676,4641.12473,21.53243999999995,61.9644700000008,-1.0,-1334.0,1.0,598.0,0.04079753552158392,0.0559331017707862,0.1425,,
20241211,4742.8289,4726.0732,4742.8289,4700.3983,389977.0,9856.0,167046.0,0.0,-1.0,0.0,-2018.0,2.0,-1.0,16067.0,-13836.0,4711.39526,4692.06546,4647.9377,19.32980000000043,63.45755999999983,-1.0,-2018.0,1.0,2231.0,0.025273285347597423,0.078624525149546,0.1589,,
20241212,4751.8878,4739.852,4770.0031,4731.8806,413267.0,23290.0,240043.0,0.0,-1.0,0.0,-2776.0,2.0,-1.0,19786.0,-18868.0,4724.2272,4707.61317,4656.79598,16.61403000000064,67.4312200000004,-1.0,-2776.0,1.0,918.0,0.05635581839343572,0.0313130880081076,0.1758,,
20241213,4744.3389,4756.7859,4766.0816,4736.739,414870.0,1603.0,181632.0,0.0,-1.0,0.0,-2906.0,2.0,-1.0,21121.0,-13521.0,4729.24134,4717.57532,4665.06653,11.66601999999966,64.17480999999952,-1.0,-2906.0,1.0,7600.0,0.0038638609684961554,0.0304152611381839,0.1549,,0.9677
20241216,4785.2721,4744.2514,4786.3892,4730.6879,418983.0,4113.0,337870.0,0.0,-1.0,0.0,-2999.0,2.0,-1.0,12914.0,-15347.0,4749.79384,4723.71148,4675.684175,26.08236000000034,74.10966499999995,-1.0,-2999.0,1.0,-2433.0,0.00981662740493051,0.0324878492508541,0.1622,,
20241217,4782.3709,4785.4794,4796.1309,4767.7114,421239.0,2256.0,209697.0,0.0,-1.0,0.0,-4420.0,2.0,-1.0,14134.0,-14886.0,4761.33972,4732.21446,4685.12022,29.1252599999998,76.21950000000015,-1.0,-4420.0,1.0,-752.0,0.005355629464508272,0.0378610227702595,0.1622,,
20241218,4753.2423,4775.2253,4780.4473,4736.2927,390263.0,-30976.0,224478.0,0.0,-1.0,0.0,-4242.0,2.0,-1.0,12515.0,-13507.0,4763.4224,4737.40883,4690.703095,26.01357000000007,72.71930500000053,-1.0,-4242.0,1.0,-992.0,-0.0793721157270866,0.0235189560811703,0.1622,,
20241219,4692.1401,4768.8795,4768.8795,4684.5092,349273.0,-40990.0,270072.0,0.0,0.0,0.0,0.0,2.0,-1.0,5229.0,-10501.0,4751.47286,4737.85003,4695.053505,13.62283000000025,56.419355,0.0,0.0,1.0,-5272.0,-0.11735805516029009,0.0073967309569369,0.118,,
20241220,4670.5136,4689.0379,4708.6254,4662.9734,332326.0,-16947.0,188362.0,0.0,0.0,0.0,0.0,2.0,-1.0,7759.0,-12771.0,4736.7078,4732.97457,4697.03513,3.733229999999821,39.67266999999993,0.0,0.0,1.0,-5012.0,-0.05099510721400071,0.1495757865104028,0.1152,,0.9677
20241223,4740.2194,4681.2543,4745.5993,4668.3516,321337.0,-10989.0,194009.0,0.0,0.0,0.0,0.0,2.0,-1.0,8226.0,-8443.0,4727.69726,4738.74555,4704.795155000001,-11.04828999999972,22.90210499999921,0.0,0.0,1.0,-217.0,-0.03419774255687954,0.1368530729860198,0.1224,,
20241224,4758.7908,4735.4505,4764.6383,4715.8147,321663.0,326.0,153748.0,0.0,0.0,0.0,0.0,2.0,-1.0,9750.0,-5883.0,4722.981239999999,4742.16048,4711.85862,-19.1792400000013,11.12261999999919,0.0,0.0,1.0,3867.0,0.001013483055247262,0.0736082314597946,0.1229,,
20241225,4784.9548,4761.5757,4787.3718,4749.7743,335781.0,14118.0,154241.0,0.0,0.0,0.0,0.0,2.0,-1.0,7886.0,-997.0,4729.323740000001,4746.37307,4719.219265000001,-17.04932999999892,10.10447500000009,0.0,0.0,1.0,6889.0,0.04204526164374994,0.0522309116837947,0.1243,,
20241226,4777.8089,4785.1664,4806.8358,4769.4948,338566.0,2785.0,164472.0,0.0,0.0,0.0,0.0,3.0,-1.0,8115.0,0.0,4746.4575,4748.96518,4728.289175,-2.507679999999709,18.16832500000055,0.0,0.0,2.0,8115.0,0.008225870288215592,0.0276470432982883,0.1187,,
20241227,4748.5495,4776.5095,4786.9263,4743.1563,317195.0,-21371.0,164096.0,0.0,0.0,0.0,0.0,3.0,0.0,9418.0,0.0,4762.06468,4749.38624,4733.48078,12.67844000000059,28.58390000000054,0.0,0.0,3.0,9418.0,-0.06737495862166806,-0.3212960977288639,0.1183,,1.0
20241230,4812.7904,4759.5668,4852.3596,4753.0557,341965.0,24770.0,248707.0,0.0,0.0,0.0,0.0,3.0,0.0,13490.0,0.0,4776.57888,4752.138069999999,4737.924774999999,24.44081000000097,38.65410500000053,0.0,0.0,3.0,13490.0,0.07243431345313117,-0.3078324529419928,0.1236,,
20241231,4839.381,4811.9558,4853.8604,4797.1196,355537.0,13572.0,176719.0,0.0,0.0,0.0,0.0,3.0,0.0,12520.0,0.0,4792.69692,4757.83908,4745.02677,34.85784000000058,47.67014999999992,0.0,0.0,3.0,12520.0,0.038173242166075545,-0.2386364435175006,0.1279,,
20250102,4848.1647,4826.7797,4864.0553,4814.5998,370615.0,15078.0,168273.0,1.0,0.0,4005.0,0.0,3.0,0.0,11733.0,0.0,4805.3389,4767.331319999999,4752.370075000001,38.00758000000042,52.96882499999901,1.0,4005.0,3.0,11733.0,0.04068372839739352,-0.2949524793664561,0.1399,,
20250103,4733.7392,4850.0536,4851.7431,4717.7041,323616.0,-46999.0,315411.0,1.0,0.0,3500.0,0.0,2.0,-1.0,11401.0,-1968.0,4796.52496,4771.491230000001,4754.67063,25.0337299999992,41.85433000000012,1.0,3500.0,1.0,9433.0,-0.14523076732918025,-0.4319403545288164,0.129,,0.9839
20250106,4700.6758,4740.1296,4768.1246,4694.1728,312727.0,-10889.0,200032.0,1.0,0.0,3557.0,0.0,2.0,-2.0,10274.0,-5067.0,4786.95022,4774.50745,4753.74101,12.44276999999965,33.20920999999998,1.0,3557.0,0.0,5207.0,-0.03481950711003527,-0.4526725506780615,0.1286,,
20250107,4685.4677,4709.6912,4723.8203,4677.2421,314960.0,2233.0,160891.0,1.0,0.0,4605.0,0.0,2.0,-1.0,10990.0,-2921.0,4761.48568,4769.03228,4753.888915,-7.546600000000581,7.596764999999323,1.0,4605.0,1.0,8069.0,0.007089789179578359,-0.2711300061959676,0.1278,0.28677563150074287,
20250108,4696.6416,4694.5802,4719.6945,4683.6521,310230.0,-4730.0,150322.0,1.0,0.0,4752.0,0.0,2.0,-1.0,11472.0,-1683.0,4732.9378,4762.81736,4752.488920000001,-29.87956000000031,-19.55112000000099,1.0,4752.0,1.0,9789.0,-0.015246752409502627,-0.3143734684138511,0.1268,0.2719167904903417,
20250109,4748.705,4703.342,4760.4553,4689.5759,313858.0,3628.0,256043.0,1.0,0.0,4906.0,0.0,2.0,-1.0,15615.0,-1447.0,4713.04586,4759.19238,4752.782725,-46.14651999999933,-39.73686499999985,1.0,4906.0,1.0,14168.0,0.011559367612104837,-0.3609402568646793,0.1331,0.3655274888558691,
20250110,4728.6269,4733.8198,4758.2649,4727.6524,307971.0,-5887.0,130922.0,1.0,0.0,4984.0,0.0,2.0,0.0,15437.0,-1136.0,4712.0234,4754.27418,4751.619680000001,-42.2507800000003,-39.59628000000066,1.0,4984.0,2.0,14301.0,-0.019115436193667585,-0.3043660193555814,0.1288,0.30163447251114406,0.9516
20250113,4772.4634,4753.7151,4800.9297,4736.4657,313028.0,5057.0,229971.0,1.0,0.0,4922.0,0.0,1.0,-1.0,11445.0,-6000.0,4726.380920000001,4756.66557,4753.025905,-30.2846499999996,-26.64498499999991,1.0,4922.0,0.0,5445.0,0.016155104335714376,-0.2400807667117185,0.1306,0.3283803863298661,
20250114,4772.5258,4771.1744,4779.0482,4739.2998,309966.0,-3062.0,146749.0,1.0,0.0,4923.0,0.0,1.0,0.0,11347.0,-2981.0,4743.79254,4752.639110000001,4752.38859,-8.846570000000611,-8.596050000000105,1.0,4923.0,1.0,8366.0,-0.009878502803533291,-0.234459539388486,0.1335,0.3714710252600298,
20250115,4814.374,4772.3815,4829.1392,4763.3473,332412.0,22446.0,215352.0,1.0,0.0,5091.0,0.0,2.0,-1.0,12358.0,-3799.0,4767.33902,4750.13841,4753.988745000001,17.20060999999987,13.35027499999978,1.0,5091.0,1.0,8559.0,0.06752463809970759,-0.2438689091516979,0.1369,0.4219910846953936,
20250116,4828.6031,4815.1714,4864.001,4792.1772,338510.0,6098.0,212591.0,1.0,0.0,4748.0,0.0,2.0,-1.0,11577.0,-6268.0,4783.31864,4748.18225,4757.756785,35.13638999999966,25.56185499999901,1.0,4748.0,1.0,5309.0,0.018014238870343563,-0.1326605789279756,0.1363,0.413075780089153,
20250117,4809.3776,4827.7852,4833.9236,4784.1238,336846.0,-1664.0,154000.0,1.0,0.0,4661.0,0.0,1.0,-2.0,11939.0,-9791.0,4799.46878,4755.74609,4763.61866,43.72269000000051,35.85012000000006,1.0,4661.0,-1.0,2148.0,-0.004939942881910428,-0.2672460824450742,0.1326,0.35809806835066854,0.9355
20250120,4747.8481,4800.2356,4808.8112,4733.3222,310683.0,-26163.0,213097.0,1.0,0.0,4780.0,0.0,1.0,-2.0,10591.0,-16901.0,4794.54572,4760.463320000001,4767.485385,34.08239999999932,27.06033500000012,1.0,4780.0,-1.0,-6310.0,-0.08421123782118752,-0.1196378934469106,0.1317,0.3447251114413077,
20250121,4751.6479,4753.732,4784.2289,4750.7527,299415.0,-11268.0,126963.0,1.0,0.0,4444.0,0.0,2.0,-1.0,10511.0,-14265.0,4790.37014,4767.08134,4768.05681,23.28880000000026,22.31332999999995,1.0,4444.0,1.0,-3754.0,-0.037633385100946846,-0.1469408419754828,0.132,0.34918276374442797,
20250122,4752.9476,4752.9925,4766.1534,4728.8635,295491.0,-3924.0,127563.0,1.0,0.0,4627.0,0.0,2.0,-1.0,11237.0,-13448.0,4778.08486,4772.711939999999,4767.76465,5.372920000000704,10.32020999999986,1.0,4627.0,1.0,-2211.0,-0.013279592271845842,-0.2675684470217312,0.1243,0.23476968796433867,
20250123,4728.3995,4753.735,4759.5358,4720.832,290454.0,-5037.0,119272.0,1.0,0.0,4723.0,0.0,1.0,-2.0,11304.0,-11791.0,4758.04414,4770.68139,4764.936885,-12.63724999999977,-6.892745000000104,1.0,4723.0,-1.0,-487.0,-0.01734181660435043,-0.2893854408645776,0.1199,0.16939078751857362,
20250124,4717.2126,4729.0626,4737.7629,4704.2563,279624.0,-10830.0,114994.0,1.0,0.0,5116.0,0.0,1.0,-2.0,11614.0,-8897.0,4739.61114,4769.53996,4761.907069999999,-29.92882000000009,-22.29592999999932,1.0,5116.0,-1.0,2717.0,-0.03873058106600292,-0.3469284148692069,0.1263,0.26448736998514105,0.9516
20250127,4718.9539,4730.3562,4752.5247,4705.4329,268910.0,-10714.0,102379.0,1.0,0.0,5667.0,0.0,1.0,-1.0,11557.0,-5858.0,4733.8323,4764.18901,4760.427290000001,-30.35671000000002,-26.59499000000051,1.0,5667.0,0.0,5699.0,-0.03984232642891674,-0.3051979172491381,0.1236,0.22436849925705793,0.9516
20250205,4662.2229,4719.7765,4732.5934,4655.8585,285248.0,16338.0,162243.0,1.0,0.0,6568.0,0.0,1.0,-2.0,11275.0,-7722.0,4715.947300000001,4753.158719999999,4752.898915,-37.21141999999872,-36.95161499999904,1.0,6568.0,-1.0,3553.0,0.0572764752075387,-0.3443714060556672,0.1142,0.08469539375928671,
20250206,4667.2899,4655.8829,4686.0785,4634.0325,306175.0,20927.0,187195.0,1.0,0.0,8762.0,0.0,1.0,-2.0,12623.0,-12169.0,4698.815759999999,4738.45031,4744.29436,-39.63455000000067,-45.47860000000037,1.0,8762.0,-1.0,454.0,0.06834979995100841,-0.150125706149377,0.1187,0.1515601783060921,
20250207,4699.5255,4668.9523,4705.8862,4664.8827,311493.0,5318.0,137978.0,1.0,0.0,8925.0,0.0,1.0,-2.0,14071.0,-9516.0,4693.04096,4725.54255,4736.8624,-32.50158999999985,-43.82143999999971,1.0,8925.0,-1.0,4555.0,0.0170726147939119,-0.1972405425182211,0.1182,0.14413075780089152,0.8871
20250210,4716.4579,4698.8499,4737.8256,4698.8499,303910.0,-7583.0,159764.0,1.0,0.0,9008.0,0.0,1.0,-2.0,13548.0,-8100.0,4692.890020000001,4716.25058,4735.998335,-23.36055999999917,-43.10831499999949,1.0,9008.0,-1.0,5448.0,-0.02495146589450824,-0.2762801813739826,0.1133,0.07132243684992567,
20250211,4710.919,4722.5463,4736.3306,4703.1025,299204.0,-4706.0,104059.0,1.0,0.0,8749.0,0.0,1.0,-2.0,13067.0,-8788.0,4691.28304,4712.55767,4736.510495,-21.27462999999989,-45.22745499999928,1.0,8749.0,-1.0,4279.0,-0.015728399352949826,-0.2124430642477156,0.1159,0.10995542347696884,
20250212,4739.4381,4724.4912,4764.3762,4715.9091,290176.0,-9028.0,148267.0,1.0,0.0,8856.0,0.0,1.0,-2.0,12349.0,-10532.0,4706.726079999999,4711.33669,4739.209015,-4.610610000000634,-32.48293500000091,1.0,8856.0,-1.0,1817.0,-0.031112152624614028,-0.329222314317322,0.1124,0.05794947994056464,
20250213,4688.7393,4734.2988,4736.8637,4685.7003,290139.0,-37.0,136097.0,1.0,0.0,8834.0,0.0,1.0,-2.0,11440.0,-12669.0,4711.01596,4704.91586,4738.813899999999,6.100099999999657,-27.79793999999947,1.0,8834.0,-1.0,-1229.0,-0.00012752508280513823,0.3224893376015363,0.1123,0.056463595839524476,
20250214,4717.7463,4693.5522,4732.7396,4670.074,303936.0,13797.0,169976.0,1.0,0.0,8721.0,0.0,1.0,-2.0,12552.0,-9637.0,4714.66012,4703.85054,4737.265965000001,10.80957999999919,-22.60584500000095,1.0,8721.0,-1.0,2915.0,0.04539442514213519,0.3091134197935628,0.1127,0.06240713224368491,0.7258
20250217,4700.4383,4721.0256,4730.043,4685.7671,310254.0,6318.0,128786.0,1.0,0.0,8191.0,0.0,1.0,-2.0,11937.0,-11715.0,4711.456200000001,4702.17311,4735.856535,9.283090000000811,-24.40033499999936,1.0,8191.0,-1.0,222.0,0.02036395985225009,0.3249990810707496,0.1105,0.029717682020802397,
20250218,4690.0125,4700.8895,4713.2128,4679.984,324647.0,14393.0,129638.0,1.0,0.0,8321.0,0.0,1.0,-2.0,11781.0,-13463.0,4707.274899999999,4699.278969999999,4731.73399,7.995930000000044,-24.45909000000029,1.0,8321.0,-1.0,-1682.0,0.04433430772500593,0.3242268627747955,0.1082,0.0,
20250219,4689.9997,4687.4448,4702.7082,4677.7944,327023.0,2376.0,88627.0,1.0,0.0,7631.0,0.0,1.0,-2.0,7979.0,-16532.0,4697.38722,4702.05665,4727.607685,-4.66943000000083,-30.22046500000033,1.0,7631.0,-1.0,-8553.0,0.007265544013723806,0.324803213988787,0.1048,0.0,
20250220,4698.2797,4688.3906,4706.4849,4677.2163,329523.0,2500.0,117940.0,1.0,0.0,7537.0,0.0,1.0,-2.0,11453.0,-18728.0,4699.2953,4705.155629999999,4721.80297,-5.860329999999522,-22.50766999999996,1.0,7537.0,-1.0,-7275.0,0.007586723840217527,0.324919224988969,0.1043,0.0,
20250221,4669.4092,4694.7729,4702.0579,4657.567,348239.0,18716.0,148245.0,1.0,0.0,7816.0,0.0,1.0,-2.0,5007.0,-19456.0,4689.62788,4702.144,4713.843275,-12.51612000000023,-24.21539500000017,1.0,7816.0,-1.0,-14449.0,0.053744698325000936,0.3362671792103619,0.104,0.0,0.8065
20250224,4670.1527,4663.592,4676.583,4642.1676,365083.0,16844.0,151846.0,1.0,0.0,9225.0,0.0,1.0,-2.0,6321.0,-18401.0,4683.57076,4697.51348,4706.88203,-13.94272000000001,-23.31127000000015,1.0,9225.0,-1.0,-12080.0,0.046137453674917756,0.3202238787311915,0.1059,0.026462395543175466,
20250225,4628.0655,4674.0935,4674.0935,4625.4045,394245.0,29162.0,150391.0,1.0,0.0,5164.0,0.0,1.0,-2.0,4603.0,-21136.0,4671.18136,4689.22813,4700.8929,-18.04676999999992,-29.71153999999933,1.0,5164.0,-1.0,-16533.0,0.07396923233015003,0.3524988942934501,0.1046,0.00835654596100283,
20250226,4599.8728,4623.3677,4633.9947,4592.0631,412056.0,17811.0,175250.0,1.0,0.0,4827.0,0.0,1.0,-2.0,3543.0,-22390.0,4653.15598,4675.2716,4693.304145,-22.11562000000049,-40.14816500000052,1.0,4827.0,-1.0,-18847.0,0.04322470732133497,-0.358006974230234,0.098,0.0,
20250227,4621.0596,4595.1362,4624.8556,4588.8237,423553.0,11497.0,135539.0,1.0,0.0,4534.0,0.0,1.0,-2.0,4835.0,-17211.0,4637.71196,4668.50363,4686.709745,-30.79167000000052,-48.99778500000048,1.0,4534.0,-1.0,-12376.0,0.027144182664271058,-0.3157734461028541,0.0972,0.0,
20250228,4624.5898,4626.0809,4637.1962,4611.2135,421573.0,-1980.0,111972.0,1.0,0.0,8987.0,0.0,1.0,-2.0,4110.0,-14450.0,4628.748079999999,4659.187980000001,4681.51926,-30.43990000000122,-52.77118000000064,1.0,8987.0,-1.0,-10340.0,-0.00469669547148418,-0.1800176853694116,0.1006,0.04325699745547073,0.8548
20250303,4623.333,4632.4545,4653.5787,4617.1363,410482.0,-11091.0,136553.0,1.0,0.0,3940.0,0.0,1.0,-2.0,6330.0,-19776.0,4619.384139999999,4651.47745,4676.82528,-32.09331000000111,-57.44114000000081,1.0,3940.0,-1.0,-13446.0,-0.0270194551770845,-0.2616207281731892,0.0986,0.017811704834605573,
20250304,4624.198,4616.5445,4631.0105,4577.3456,421661.0,11179.0,204011.0,1.0,0.0,3759.0,0.0,1.0,-2.0,6170.0,-16857.0,4618.610640000001,4644.896,4672.087485,-26.28535999999895,-53.47684499999923,1.0,3759.0,-1.0,-10687.0,0.026511818735903962,-0.2096175743541398,0.0954,0.0,
20250305,4562.8495,4604.3688,4617.9513,4560.2045,436237.0,14576.0,174036.0,1.0,0.0,8080.0,0.0,1.0,-2.0,5238.0,-25139.0,4611.205980000001,4632.18098,4667.118815,-20.97499999999945,-55.91283499999918,1.0,8080.0,-1.0,-19901.0,0.033413030073102465,-0.2119054870242298,0.0971,0.02114427860696526,
20250306,4551.472,4559.558,4561.7408,4512.5067,436290.0,53.0,177233.0,1.0,0.0,3169.0,0.0,1.0,-2.0,6368.0,-24683.0,4597.28846,4617.50021,4661.32792,-20.21175000000039,-64.03945999999996,1.0,3169.0,-1.0,-18315.0,0.00012147883288638291,-0.2114330510926676,0.0942,0.0,
20250307,4545.4951,4556.1903,4571.2037,4541.2859,434508.0,-1782.0,129696.0,1.0,0.0,3689.0,0.0,2.0,-2.0,4133.0,-26638.0,4581.469520000001,4605.1088,4653.626399999999,-23.63927999999942,-72.15687999999864,1.0,3689.0,0.0,-22505.0,-0.004101190311800933,-0.2117737276478623,0.0921,0.0,0.7097
20250310,4484.1397,4556.2101,4558.8098,4484.1392,440351.0,5843.0,190105.0,1.0,0.0,8727.0,0.0,2.0,-2.0,2424.0,-25250.0,4553.63086,4586.5075,4642.01049,-32.8766399999995,-88.37962999999945,1.0,8727.0,0.0,-22826.0,0.013268960442919399,-0.2159869524281543,0.1081,0.19115890083632017,
20250311,4487.1334,4502.9328,4509.4405,4464.4973,433068.0,-7283.0,143405.0,1.0,0.0,8615.0,0.0,2.0,-2.0,2821.0,-25716.0,4526.21794,4572.41429,4630.82121,-46.19635000000017,-104.6032700000005,1.0,8615.0,0.0,-22895.0,-0.01681722039033131,-0.2172642423503784,0.1104,0.21863799283154114,
20250312,4450.7673,4486.2519,4505.6607,4432.2352,430983.0,-2085.0,173913.0,1.0,0.0,8617.0,0.0,1.0,-2.0,2864.0,-28027.0,4503.8015,4557.50374,4616.387669999999,-53.70224000000053,-112.5861699999996,1.0,8617.0,-1.0,-25163.0,-0.00483777782418332,-0.2178983995879632,0.1232,0.37156511350059734,
20250313,4489.7273,4445.581,4491.1749,4445.581,425388.0,-5595.0,128454.0,1.0,0.0,8257.0,0.0,1.0,-2.0,3443.0,-26835.0,4491.45256,4544.37051,4606.43707,-52.91795000000002,-114.9845100000002,1.0,8257.0,-1.0,-23392.0,-0.013152698242545629,-0.2138314144477692,0.1144,0.26642771804062126,
20250314,4528.9925,4488.681,4530.6821,4476.3226,422385.0,-3003.0,153150.0,1.0,0.0,7920.0,0.0,1.0,-2.0,1676.0,-26075.0,4488.15204,4534.81078,4596.999379999999,-46.65873999999985,-108.8473399999993,1.0,7920.0,-1.0,-24399.0,-0.0071096274725664975,-0.212453049873117,0.1003,0.09796893667861407,0.7097
20250317,4453.2023,4520.6104,4520.6221,4433.9467,442974.0,20589.0,222983.0,1.0,0.0,8570.0,0.0,1.0,-3.0,0.0,-36049.0,4481.96456,4517.79771,4584.637580000001,-35.83314999999948,-102.6730200000002,1.0,8570.0,-2.0,-36049.0,0.046479025857048044,-0.18565837735809,0.1186,0.3780313837375177,
20250318,4445.7071,4451.494,4475.4083,4428.9275,444733.0,1759.0,145008.0,1.0,0.0,8372.0,0.0,1.0,-2.0,0.0,-35976.0,4473.679300000001,4499.94862,4572.42231,-26.26931999999942,-98.74300999999923,1.0,8372.0,-1.0,-35976.0,0.003955182098022859,-0.1846258010891352,0.1231,0.4422253922967189,
20250319,4458.0234,4456.5562,4470.3429,4433.3484,435954.0,-8779.0,133786.0,1.0,0.0,8343.0,0.0,0.0,-3.0,0.0,-38570.0,4475.130520000001,4489.466009999999,4560.823495,-14.33548999999857,-85.69297499999902,1.0,8343.0,-3.0,-38570.0,-0.020137445693811734,-0.184567874871948,0.1074,0.21825962910128377,
20250320,4431.1232,4458.1024,4463.9272,4410.8028,448452.0,12498.0,193205.0,1.0,0.0,8173.0,0.0,1.0,-2.0,0.0,-39599.0,4463.409699999999,4477.43113,4547.46567,-14.02143000000069,-84.05597000000034,1.0,8173.0,-1.0,-39599.0,0.027869203393005273,-0.1880351426103427,0.1191,0.38516405135520676,
20250321,4411.0795,4430.288,4433.6993,4391.2818,460698.0,12246.0,200662.0,1.0,0.0,8313.0,0.0,0.0,-3.0,0.0,-38196.0,4439.8271,4463.98957,4534.549185,-24.16247000000021,-94.72208500000033,1.0,8313.0,-3.0,-38196.0,0.026581404738027947,-0.1575665998454964,0.1266,0.7217573221757321,0.6129
20250324,4485.8373,4417.4619,4490.6943,4417.4619,449680.0,-11018.0,275171.0,1.0,0.0,7652.0,0.0,1.0,-2.0,0.0,-35272.0,4446.3541,4464.159329999999,4525.333415,-17.80522999999903,-78.97931499999959,1.0,7652.0,-1.0,-35272.0,-0.02450186799501868,-0.1493954947026541,0.1179,0.5397489539748955,
20250325,4491.48,4486.1097,4501.926,4467.1944,447490.0,-2190.0,147339.0,1.0,0.0,6507.0,0.0,1.0,-3.0,0.0,-37491.0,4455.50868,4464.593989999999,4518.50414,-9.085309999999481,-62.99546000000009,1.0,6507.0,-2.0,-37491.0,-0.004893964110929853,5.676126801615838e-05,0.11,0.37447698744769875,
20250326,4505.992,4481.911,4513.6698,4478.8078,441097.0,-6393.0,151691.0,1.0,0.0,7085.0,0.0,1.0,-3.0,0.0,-42398.0,4465.1024,4470.116459999999,4513.8101,-5.014059999999517,-48.70769999999993,1.0,7085.0,-2.0,-42398.0,-0.014493410746389115,0.0021275795002736,0.1014,0.194560669456067,
20250327,4507.214,4510.8727,4527.2257,4492.9499,436737.0,-4360.0,164095.0,1.0,0.0,6952.0,0.0,1.0,-3.0,0.0,-44378.0,4480.32056,4471.86513,4508.11782,8.455429999999978,-27.79726000000028,1.0,6952.0,-2.0,-44378.0,-0.009983124855462211,-0.3274285239897344,0.0979,0.12133891213389121,
20250328,4469.4755,4505.7259,4525.3947,4464.0188,444133.0,7396.0,210731.0,1.0,0.0,7269.0,0.0,0.0,-3.0,0.0,-42095.0,4491.999760000001,4465.91343,4500.362105,26.086330000001,-8.36234499999955,1.0,7269.0,-3.0,-42095.0,0.016652669358052655,-0.369268264577238,0.1062,0.294979079497908,0.4194
20250331,4468.0752,4470.1347,4474.5074,4437.8573,442583.0,-1550.0,170602.0,1.0,0.0,4127.0,0.0,1.0,-3.0,0.0,-40520.0,4488.44734,4467.40072,4492.599215,21.04662000000008,-4.151875000000473,1.0,4127.0,-2.0,-40520.0,-0.003502167954937266,-0.4250063949425327,0.1024,0.21548117154811725,
20250401,4535.9359,4478.2843,4543.988,4465.7425,427345.0,-15238.0,248510.0,1.0,0.0,3256.0,0.0,1.0,-3.0,0.0,-35666.0,4497.338519999999,4476.4236,4488.18611,20.91491999999926,9.15240999999969,1.0,3256.0,-2.0,-35666.0,-0.035657372848635176,-0.4417893354073262,0.0973,0.10878661087866102,
20250402,4522.2845,4544.5198,4544.5198,4507.4163,426390.0,-955.0,135561.0,1.0,0.0,2664.0,0.0,0.0,-3.0,0.0,-38267.0,4500.59702,4482.84971,4486.15786,17.74731000000065,14.4391599999999,1.0,2664.0,-3.0,-38267.0,-0.0022397335772414927,-0.150476270451964,0.0968,0.0983263598326359,
20250403,4460.7975,4527.5169,4549.024,4455.7804,433880.0,7490.0,321475.0,1.0,0.0,3896.0,0.0,0.0,-3.0,0.0,-45667.0,4491.31372,4485.81714,4481.624135,5.496579999999994,9.68958500000008,1.0,3896.0,-3.0,-45667.0,0.0172628376509634,-0.1531410707202209,0.1159,0.49790794979079506,0.4032
20250407,4229.8584,4231.2653,4311.1883,4229.7393,419905.0,-13975.0,257363.0,1.0,0.0,4299.0,0.0,0.0,-3.0,0.0,-36818.0,4443.3903,4467.695030000001,4465.8423,-24.30473000000075,-22.45200000000023,1.0,4299.0,-3.0,-36818.0,-0.03328133744537455,0.0072016721220621,0.258,1.0,
20250408,4181.5389,4219.0022,4270.1699,4178.2419,408218.0,-11687.0,365494.0,1.0,0.0,2926.0,0.0,1.0,-2.0,1261.0,-33512.0,4386.08304,4437.26519,4450.71226,-51.18215000000055,-64.62922000000071,1.0,2926.0,-1.0,-32251.0,-0.028629310809420456,0.3546381427022965,0.2427,0.9077757685352623,
20250409,4082.7257,4175.4065,4198.4679,3976.3035,409258.0,1040.0,505897.0,1.0,0.0,3639.0,0.0,1.0,-2.0,11650.0,-29583.0,4295.441000000001,4396.38976,4430.491875,-100.9487599999993,-135.050874999999,1.0,3639.0,-1.0,-17933.0,0.0025411842896168185,0.6422668081727825,0.3222,1.0,
20250410,4296.3634,4038.6849,4298.7845,4038.6849,412427.0,3169.0,882380.0,1.0,0.0,3709.0,0.0,2.0,-1.0,17243.0,-28342.0,4250.25678,4375.4269,4422.77168,-125.1701200000007,-172.5149000000001,1.0,3709.0,1.0,-11099.0,0.007683784039357268,0.4135795779969066,0.3368,1.0,
20250411,4297.6154,4254.5435,4302.3386,4218.1052,399230.0,-13197.0,452177.0,1.0,0.0,6711.0,0.0,2.0,-1.0,14598.0,-29853.0,4217.62036,4354.46704,4413.166085,-136.8466800000006,-195.5457249999999,1.0,6711.0,1.0,-15255.0,-0.03305613305613306,0.4581354960003083,0.2899,0.808336738863915,0.3226
20250414,4260.3914,4321.6505,4321.6505,4242.3482,404992.0,5762.0,296454.0,1.0,0.0,6759.0,0.0,1.0,-2.0,10223.0,-28412.0,4223.72696,4333.55863,4399.73603,-109.8316700000005,-176.0090700000001,1.0,6759.0,-1.0,-18189.0,0.014227441529709228,0.4428306703562129,0.2156,0.5046996322026973,
20250415,4204.2472,4276.19,4281.9938,4190.8103,415591.0,10599.0,333002.0,1.0,0.0,3564.0,0.0,1.0,-2.0,11615.0,-32047.0,4228.268620000001,4307.17583,4387.288275,-78.9072099999994,-159.0196549999991,1.0,3564.0,-1.0,-20432.0,0.025503439679877574,0.524984424977607,0.1983,0.43400081732733964,
20250416,4130.1835,4196.1684,4219.8071,4121.1697,422592.0,7001.0,288888.0,1.0,0.0,3096.0,0.0,1.0,-2.0,7270.0,-32734.0,4237.76018,4266.60059,4371.512095,-28.84040999999979,-133.7519149999998,1.0,3096.0,-1.0,-25464.0,0.016566806754505527,0.5657050187766437,0.2133,0.49530036779730285,
20250417,4139.9896,4144.9851,4189.5061,4128.8862,398505.0,-24087.0,332365.0,0.0,-1.0,0.0,-3864.0,1.0,-2.0,9265.0,-33766.0,4206.48542,4228.3711,4355.610405,-21.88568000000032,-149.1249850000004,-1.0,-3864.0,-1.0,-24501.0,-0.06044340723453909,0.6050100766566,0.2133,0.49530036779730285,
20250418,4166.6665,4143.802,4170.618,4123.4937,390392.0,-8113.0,247398.0,0.0,-1.0,0.0,-3724.0,1.0,-2.0,11206.0,-32231.0,4180.29564,4198.958000000001,4342.387570000001,-18.66236000000026,-162.0919300000005,-1.0,-3724.0,-1.0,-21025.0,-0.0207816758540134,0.6079088360699993,0.1614,0.28320392317123005,0.4032
20250421,4213.9513,4170.1488,4224.9725,4143.8836,378054.0,-12338.0,321796.0,0.0,-1.0,0.0,-4042.0,1.0,-2.0,10567.0,-32567.0,4171.00762,4197.36729,4332.53116,-26.35966999999982,-161.5235399999992,-1.0,-4042.0,-1.0,-22000.0,-0.03263554941886609,0.620864599171199,0.159,0.273395995096036,
20250422,4180.5514,4195.9448,4213.5017,4167.3649,358164.0,-19890.0,220476.0,0.0,-1.0,0.0,-2940.0,1.0,-2.0,9116.0,-28037.0,4166.26846,4197.268539999999,4317.266865,-31.00007999999889,-150.9984049999994,-1.0,-2940.0,-1.0,-18921.0,-0.05553321941903709,0.6178864476827347,0.154,0.2529628116060482,
20250423,4243.7917,4194.7034,4247.2239,4168.2188,338482.0,-19682.0,320962.0,0.0,-1.0,0.0,-2845.0,1.0,-2.0,7728.0,-26482.0,4188.9901,4213.37514,4304.88245,-24.38504000000012,-115.8923500000001,-1.0,-2845.0,-1.0,-18754.0,-0.05814784833462341,0.6231671941211844,0.1679,0.30976706170821416,
20250424,4180.0051,4233.5199,4234.6946,4156.6926,338131.0,-351.0,267038.0,0.0,-1.0,0.0,-2447.0,1.0,-2.0,6716.0,-28636.0,4196.9932,4201.73931,4288.583105,-4.746110000000044,-91.58990499999982,-1.0,-2447.0,-1.0,-21920.0,-0.0010380592137366879,0.6187972674420803,0.175,0.3387821822639967,
20250425,4162.1368,4165.3806,4193.0753,4147.5482,331028.0,-7103.0,229277.0,0.0,-1.0,0.0,-589.0,1.0,-2.0,7145.0,-28067.0,4196.08726,4188.19145,4271.329244999999,7.895809999999983,-75.24198499999875,-1.0,-589.0,-1.0,-20922.0,-0.021457399374071075,0.6162888330381886,0.1689,0.3138536984062117,0.2419
20250428,4196.6407,4146.1968,4211.8643,4146.1968,326705.0,-4323.0,284392.0,0.0,0.0,0.0,0.0,1.0,-2.0,11851.0,-29756.0,4192.62514,4181.816379999999,4257.687505,10.8087600000008,-65.06236499999977,0.0,0.0,-1.0,-17905.0,-0.013232120720527693,0.0292036850384338,0.163,0.28974254188802623,
20250429,4192.3839,4193.1119,4207.9358,4171.8543,310995.0,-15710.0,184799.0,0.0,0.0,0.0,0.0,1.0,-2.0,7717.0,-28826.0,4194.99164,4180.63005,4243.90294,14.36159000000043,-48.91129999999976,0.0,0.0,-1.0,-21109.0,-0.05051528159616714,0.020848045023255,0.1635,0.29178586023702496,
20250430,4158.2367,4193.5944,4206.2955,4155.5989,290593.0,-20402.0,188868.0,0.0,0.0,0.0,0.0,1.0,-2.0,5088.0,-27760.0,4177.88064,4183.43537,4225.017980000001,-5.554729999999836,-47.13734000000022,0.0,0.0,-1.0,-22672.0,-0.07020816055445245,-0.0529209626744894,0.1715,0.3244789538210054,0.1935
20250506,4138.5144,4150.7288,4178.2369,4112.6631,301081.0,10488.0,186158.0,0.0,0.0,0.0,0.0,1.0,-2.0,6937.0,-19236.0,4169.5825,4183.28785,4205.829475,-13.70535000000018,-36.24697500000093,0.0,0.0,-1.0,-12299.0,0.034834479757938894,-0.0135104519845077,0.1653,0.2991418062934206,
20250507,4207.5411,4151.5504,4271.1371,4151.5504,303535.0,2454.0,272939.0,0.0,0.0,0.0,0.0,1.0,-2.0,6701.0,-17464.0,4178.66336,4187.37531,4193.166654999999,-8.711949999999888,-14.50329499999862,0.0,0.0,-1.0,-10763.0,0.008084734874067242,0.0391385612061881,0.1456,0.21863506334286886,
20250508,4230.2244,4204.8828,4245.2221,4152.4447,304657.0,1122.0,277511.0,0.0,0.0,0.0,0.0,1.0,-2.0,5353.0,-20186.0,4185.3801,4189.00262,4193.184955,-3.622519999999895,-7.804854999999407,0.0,0.0,-1.0,-14833.0,0.0036828301992076337,0.1229893031524214,0.1314,0.1606048222313036,
20250509,4229.2194,4221.0744,4245.2428,4211.3145,307518.0,2861.0,157566.0,0.0,0.0,0.0,0.0,1.0,-2.0,2067.0,-21178.0,4192.747200000001,4193.869420000001,4195.56898,-1.122220000000198,-2.821779999999308,0.0,0.0,-1.0,-19111.0,0.009303520444331715,0.1809518623633892,0.1347,0.1740907233346955,0.2742
20250512,4317.0862,4237.1671,4329.7182,4211.7338,329216.0,21698.0,293113.0,0.0,0.0,0.0,0.0,1.0,-2.0,4054.0,-25110.0,4224.5171,4201.19887,4207.287005,23.31822999999986,17.23009499999989,0.0,0.0,-1.0,-21056.0,0.0659080968118196,0.4280751182405811,0.1252,0.13526767470371887,
20250513,4361.7011,4371.4011,4393.6688,4329.0336,327196.0,-2020.0,270828.0,0.0,0.0,0.0,0.0,1.0,-2.0,3536.0,-25279.0,4269.15444,4219.368469999999,4210.55389,49.78597000000082,58.60055000000011,0.0,0.0,-1.0,-21743.0,-0.006173669604762895,0.5317374412625847,0.1317,0.16183081324070295,
20250514,4518.1147,4448.653,4561.5186,4432.7602,344972.0,17776.0,741239.0,0.0,0.0,0.0,0.0,2.0,-1.0,11880.0,-21825.0,4331.26916,4254.966259999999,4221.578855000001,76.30290000000059,109.6903049999992,0.0,0.0,1.0,-9945.0,0.05152881973029695,0.7053551878744461,0.1567,0.26399673069064167,
20250515,4467.9961,4511.258,4514.7363,4447.8195,335609.0,-9363.0,348673.0,0.0,0.0,0.0,0.0,2.0,-1.0,4846.0,-23307.0,4378.8235,4282.1018,4231.959089999999,96.72170000000006,146.864410000001,0.0,0.0,1.0,-18461.0,-0.027898536690017253,0.4421015504668769,0.1459,0.2198610543522681,
20250516,4463.7786,4470.0823,4521.4929,4456.6605,345732.0,10123.0,378953.0,0.0,0.0,0.0,0.0,2.0,-1.0,12505.0,-20862.0,4425.735339999999,4309.24127,4244.93566,116.4940699999988,180.7996799999992,0.0,0.0,1.0,-8357.0,0.029279904666041905,0.3458987592155997,0.143,0.20800980792807516,0.1452
20250519,4477.4317,4480.013,4521.2698,4451.0175,337455.0,-8277.0,331256.0,0.0,0.0,0.0,0.0,1.0,-1.0,10807.0,-24707.0,4457.80444,4341.16077,4262.29807,116.6436699999995,195.5063700000001,0.0,0.0,0.0,-13900.0,-0.024527714806418632,0.4168960446444231,0.1414,0.20147118921127913,
20250520,4416.5446,4461.3912,4470.9431,4393.3446,335532.0,-1923.0,348163.0,0.0,-1.0,0.0,-3672.0,2.0,-1.0,5802.0,-24436.0,4468.77314,4368.96379,4276.125819999999,99.80935000000045,192.6473200000009,-1.0,-3672.0,1.0,-18634.0,-0.00573119702442688,0.2361234996247994,0.1414,0.20147118921127913,
20250521,4418.2648,4408.3998,4447.7531,4401.1192,324986.0,-10546.0,203433.0,0.0,0.0,0.0,0.0,2.0,-1.0,6486.0,-22109.0,4448.80316,4390.03616,4288.705735,58.76700000000073,160.0974249999999,0.0,0.0,1.0,-15623.0,-0.0324506286424646,0.3531507461247925,0.1406,0.1982018798528811,
20250522,4413.4457,4419.9138,4435.2976,4380.4206,322452.0,-2534.0,266116.0,1.0,0.0,3882.0,0.0,2.0,-1.0,13865.0,-22258.0,4437.89308,4408.35829,4298.680455,29.5347899999997,139.2126250000001,1.0,3882.0,1.0,-8393.0,-0.007858533983352562,0.3430843460949705,0.1365,0.1814466693910912,
20250523,4403.227,4409.8009,4440.2726,4401.0339,317235.0,-5217.0,215094.0,1.0,0.0,4266.0,0.0,2.0,-1.0,11733.0,-21053.0,4425.78276,4425.75905,4309.814235,0.02371000000039203,115.9685250000002,1.0,4266.0,1.0,-9320.0,-0.016445221996311883,0.2400318065557277,0.1316,0.16142214957090315,0.1129
20250526,4393.9756,4401.392,4435.801,4383.3525,307295.0,-9940.0,277222.0,0.0,-1.0,0.0,-3224.0,2.0,-1.0,11008.0,-21747.0,4409.091539999999,4433.44799,4317.323429999999,-24.35645000000022,91.76810999999998,-1.0,-3224.0,1.0,-10739.0,-0.0323467677638751,0.2524800009743072,0.1284,0.14834491213731094,
20250527,4386.1567,4395.9146,4395.9146,4337.3975,307975.0,680.0,268807.0,0.0,-1.0,0.0,-5095.0,2.0,-1.0,9920.0,-20064.0,4403.013959999999,4435.89355,4327.63101,-32.87959000000046,75.38294999999925,-1.0,-5095.0,1.0,-10144.0,0.002207971426252131,0.4284660340072289,0.1321,0.1634654679199019,
20250528,4310.4954,4387.5138,4400.2972,4297.9106,317744.0,9769.0,300614.0,0.0,0.0,0.0,-406.0,1.0,-2.0,7503.0,-24626.0,4381.46008,4415.13162,4335.048940000001,-33.67154000000028,46.41113999999925,0.0,-406.0,-1.0,-17123.0,0.030744876378468202,0.2482890033575876,0.132,0.16305680425010222,
20250529,4356.4767,4321.5304,4365.7788,4291.6387,319939.0,2195.0,293671.0,0.0,-1.0,0.0,-4121.0,2.0,-1.0,12322.0,-21299.0,4370.06628,4403.979679999999,4343.04074,-33.91339999999946,27.02553999999964,-1.0,-4121.0,1.0,-8977.0,0.006860682817662117,0.3851380086097541,0.1369,0.18308132407029015,
20250530,4346.2918,4342.0159,4361.8171,4320.486,317110.0,-2829.0,216421.0,0.0,-1.0,0.0,-3774.0,2.0,-1.0,11412.0,-18645.0,4358.679239999999,4392.231,4350.736135,-33.55176000000029,7.943104999999377,-1.0,-3774.0,1.0,-7233.0,-0.008921194538172873,0.3420737461230292,0.1399,0.19534123416428278,0.3065
20250603,4304.8077,4358.1667,4362.6216,4297.3686,326204.0,9094.0,206115.0,1.0,0.0,966.0,0.0,2.0,-1.0,11907.0,-19665.0,4340.84566,4374.9686,4358.064684999999,-34.1229400000002,-17.21902499999942,1.0,966.0,1.0,-7758.0,0.027878260229794852,0.3203187818258014,0.1404,0.19738455251328157,
20250604,4288.9243,4309.3216,4320.6658,4253.5333,344518.0,18314.0,379326.0,1.0,0.0,5188.0,0.0,1.0,-1.0,6153.0,-20949.0,4321.39918,4362.20657,4365.58518,-40.80738999999994,-44.18599999999969,1.0,5188.0,0.0,-14796.0,0.05315832554467401,0.0551990335203405,0.1434,0.20964446260727423,
20250605,4279.4861,4273.3125,4330.5609,4250.558,342578.0,-1940.0,391878.0,1.0,0.0,5364.0,0.0,2.0,-1.0,9237.0,-20292.0,4315.197320000001,4348.3287,4369.18243,-33.1313799999989,-53.98510999999871,1.0,5364.0,1.0,-11055.0,-0.005662943913502911,0.0259440773356941,0.1464,0.2219043727012669,
20250606,4258.6322,4288.1243,4311.7872,4250.6819,343662.0,1084.0,258450.0,1.0,0.0,5659.0,0.0,2.0,-1.0,8269.0,-20115.0,4295.628419999999,4332.84735,4370.60282,-37.21893000000091,-74.97440000000097,1.0,5659.0,1.0,-11846.0,0.0031542620365358986,0.0827151524260132,0.1435,0.1945833333333333,0.6935
20250609,4255.421,4274.4804,4289.8496,4239.0029,346853.0,3191.0,226800.0,1.0,0.0,5580.0,0.0,1.0,-1.0,6052.0,-20430.0,4277.45426,4318.06675,4371.9129,-40.61248999999953,-94.45863999999983,1.0,5580.0,0.0,-14378.0,0.009199862766070929,0.0717882470752465,0.1353,0.1604166666666667,
20250610,4268.8004,4258.0865,4293.0112,4258.0865,345289.0,-1564.0,201385.0,1.0,0.0,5496.0,0.0,2.0,-1.0,8114.0,-18323.0,4270.2528,4305.54923,4369.498610000001,-35.29642999999942,-99.24581000000035,1.0,5496.0,1.0,-10209.0,-0.0045295390238322105,-0.0729509248747554,0.1334,0.15249999999999997,
20250611,4283.4674,4269.3524,4298.7472,4259.9367,347414.0,2125.0,180933.0,1.0,0.0,5590.0,0.0,2.0,-1.0,7507.0,-19175.0,4269.16142,4295.2803,4365.586925000001,-26.11887999999999,-96.42550500000016,1.0,5590.0,1.0,-11668.0,0.006116621667520595,-0.0535408899330284,0.1328,0.15000000000000002,
20250612,4235.9399,4295.9238,4295.9238,4233.2979,359182.0,11768.0,238225.0,1.0,0.0,5528.0,0.0,2.0,-1.0,7915.0,-22252.0,4260.45218,4287.824750000001,4351.478185,-27.37257000000045,-91.02600499999971,1.0,5528.0,1.0,-14337.0,0.03276333446553558,-0.0560006452324677,0.1277,0.12875000000000006,
20250613,4332.6135,4233.0759,4409.254,4227.2211,335490.0,-23692.0,470455.0,1.0,-1.0,4481.0,-2907.0,1.0,-1.0,3097.0,-15148.0,4275.248440000001,4285.43843,4344.709055,-10.18998999999894,-69.46061499999905,0.0,1574.0,0.0,-12051.0,-0.07061909445885123,-0.2742116257839175,0.1561,0.2470833333333333,0.3871
20250616,4373.1412,4342.8933,4390.3616,4279.9166,335036.0,-454.0,437494.0,0.0,-1.0,0.0,-3189.0,2.0,-1.0,5387.0,-13180.0,4298.79248,4288.123369999999,4340.177185,10.66911000000073,-41.38470500000039,-1.0,-3189.0,1.0,-7793.0,-0.00135507826024666,-0.1484946718707308,0.14,0.18000000000000008,
20250617,4398.6884,4343.7216,4408.1354,4311.9372,355869.0,20833.0,412146.0,0.0,-1.0,0.0,-4136.0,2.0,-1.0,3670.0,-16407.0,4324.77008,4297.51144,4336.24002,27.25864000000001,-11.46993999999995,-1.0,-4136.0,1.0,-12737.0,0.05854120476917068,-0.3023527791462269,0.1419,0.18791666666666668,
20250618,4467.7899,4403.3271,4479.6752,4397.6802,364822.0,8953.0,417444.0,0.0,-1.0,0.0,-4287.0,2.0,-1.0,12328.0,-17413.0,4361.63458,4315.398,4338.802285,46.23657999999978,22.83229500000016,-1.0,-4287.0,1.0,-5085.0,0.024540734933748514,-0.3585278756959034,0.152,0.23,
20250619,4534.9632,4474.6151,4536.0658,4461.4127,380550.0,15728.0,341967.0,0.0,-1.0,0.0,-4771.0,2.0,-1.0,14150.0,-16501.0,4421.439240000001,4340.94571,4344.637205000001,80.49353000000065,76.8020349999997,-1.0,-4771.0,1.0,-2351.0,0.04132965444751018,-0.5065978231835516,0.1561,0.2470833333333333,
20250620,4498.3457,4533.3943,4544.9032,4483.0051,369014.0,-11536.0,309588.0,0.0,-1.0,0.0,-4489.0,1.0,-2.0,6618.0,-19333.0,4454.585679999999,4364.91706,4348.882205,89.66861999999946,105.7034749999993,-1.0,-4489.0,-1.0,-12715.0,-0.031261686548477836,-0.4581968208094101,0.1505,0.22375,0.4516
20250623,4497.2147,4493.1161,4567.7848,4466.3577,364556.0,-4458.0,331017.0,0.0,-1.0,0.0,-4000.0,1.0,-2.0,8403.0,-24839.0,4479.400380000001,4389.09643,4353.58159,90.30395000000135,125.8187900000012,-1.0,-4000.0,-1.0,-16436.0,-0.012228573936514555,-0.4913978739281945,0.1528,0.2333333333333333,
20250624,4331.1695,4477.8168,4483.4532,4317.2405,334384.0,-30172.0,394818.0,0.0,-1.0,0.0,-2984.0,1.0,-2.0,5974.0,-23332.0,4465.8966,4395.333339999999,4350.441285,70.56326000000081,115.4553150000002,-1.0,-2984.0,-1.0,-17358.0,-0.09023159002823102,-0.11623567823655,0.1328,0.15000000000000002,
20250625,4323.8748,4321.711,4336.1919,4305.0913,329254.0,-5130.0,197651.0,0.0,-1.0,0.0,-3731.0,1.0,-1.0,8743.0,-17492.0,4437.113579999999,4399.37408,4347.32719,37.73949999999968,89.7863899999993,-1.0,-3731.0,0.0,-8749.0,-0.015580676316764564,-0.1037464481989349,0.1208,0.10000000000000003,
20250626,4297.0654,4316.2656,4343.3094,4275.964,331042.0,1788.0,261256.0,1.0,-1.0,3125.0,-3585.0,1.0,-2.0,8032.0,-21661.0,4389.53402,4405.48663,4346.65569,-15.95261000000028,42.87833000000046,0.0,-460.0,-1.0,-13629.0,0.005401127349399774,-0.2064334122657517,0.1205,0.09875,
20250627,4276.4765,4293.4318,4307.5528,4262.197,334019.0,2977.0,198824.0,2.0,0.0,4477.0,0.0,1.0,-2.0,6527.0,-31112.0,4345.16018,4399.87293,4342.65568,-54.71274999999969,2.504500000000007,2.0,4477.0,-1.0,-24585.0,0.008912666644711827,-0.2822343915173496,0.1222,0.10583333333333336,0.5645
20250630,4270.2118,4278.2478,4291.2443,4258.3686,350617.0,16598.0,213268.0,2.0,0.0,4249.0,0.0,1.0,-1.0,9502.0,-24909.0,4299.759599999999,4389.57999,4338.851680000001,-89.82039000000077,-39.09208000000126,2.0,4249.0,0.0,-15407.0,0.04733940453543325,-0.2687233468418218,0.1219,0.10458333333333332,
20250701,4274.3789,4273.7255,4280.3596,4249.2768,350085.0,-532.0,169503.0,2.0,0.0,5220.0,0.0,1.0,-2.0,9419.0,-23798.0,4288.40148,4377.14904,4337.33024,-88.7475600000007,-48.92876000000069,2.0,5220.0,-1.0,-14379.0,-0.0015196309467700702,-0.1619778923291989,0.1173,0.08541666666666668,
20250702,4304.0841,4291.3,4322.0109,4267.4914,335665.0,-14420.0,235391.0,1.0,-1.0,3031.0,-3657.0,1.0,-2.0,5189.0,-21360.0,4284.44334,4360.77846,4338.088229999999,-76.33511999999973,-53.64488999999958,0.0,-626.0,-1.0,-16171.0,-0.042959498309326265,-0.1668433414713911,0.1121,0.0,
20250703,4293.8875,4315.0218,4321.2967,4283.7798,346039.0,10374.0,171817.0,2.0,0.0,3588.0,0.0,1.0,-2.0,5168.0,-23386.0,4283.807760000001,4336.670889999999,4338.808300000001,-52.86312999999882,-55.00054,2.0,3588.0,-1.0,-18218.0,0.029979279792162156,-0.3232994049433313,0.1157,0.016021361815754306,
20250704,4283.0317,4294.5549,4318.2494,4272.2257,357716.0,11677.0,210892.0,0.0,-1.0,0.0,-4651.0,1.0,-2.0,5091.0,-25046.0,4285.118799999999,4315.13949,4340.028275,-30.02069000000029,-54.90947500000038,-1.0,-4651.0,-1.0,-19955.0,0.032643214169900146,-0.2909063773541267,0.1125,0.0017801513128615826,0.4516
20250707,4283.3936,4293.2447,4308.1011,4269.556,356986.0,-730.0,159817.0,0.0,-1.0,0.0,-3181.0,1.0,-2.0,5070.0,-28258.0,4287.75516,4293.75738,4341.426904999999,-6.002220000000307,-53.67174499999965,-1.0,-3181.0,-1.0,-23188.0,-0.0020448981192539763,-0.2782861637137414,0.1103,0.0,
20250708,4271.6686,4290.7628,4291.7091,4263.7311,358849.0,1863.0,149768.0,0.0,-1.0,0.0,-3173.0,1.0,-2.0,5201.0,-29873.0,4287.213099999999,4287.80729,4341.570315,-0.5941900000007081,-54.35721500000091,-1.0,-3173.0,-1.0,-24672.0,0.005191598694715605,-0.2196544161721578,0.1139,0.015894039735099365,
20250709,4288.0816,4274.3471,4295.3155,4266.1544,355009.0,-3840.0,128414.0,0.0,0.0,188.0,0.0,1.0,-2.0,4377.0,-25531.0,4284.0126,4284.22797,4341.801025,-0.2153699999998935,-57.78842499999973,0.0,188.0,-1.0,-21154.0,-0.010816627184099557,-0.2198351673428599,0.1086,0.0,
20250710,4330.9167,4283.7513,4339.1211,4279.3229,351654.0,-3355.0,190656.0,0.0,-1.0,0.0,-3394.0,1.0,-2.0,4975.0,-21220.0,4291.418439999999,4287.6131,4346.549865,3.805339999999887,-55.13142500000049,-1.0,-3394.0,-1.0,-16245.0,-0.00954062800366269,-0.3278357506172784,0.1066,0.0,
20250711,4309.7914,4329.2005,4345.9858,4297.4104,354905.0,3251.0,195760.0,1.0,0.0,747.0,0.0,1.0,-2.0,4958.0,-15225.0,4296.77038,4290.94459,4345.40876,5.82578999999987,-48.63838000000032,1.0,747.0,-1.0,-10267.0,0.00916019779941111,-0.3416702890992205,0.1099,0.03092783505154637,0.5323
20250714,4359.1032,4311.8127,4361.8675,4308.2537,363164.0,8259.0,226188.0,1.0,0.0,908.0,0.0,1.0,-2.0,6007.0,-13628.0,4311.9123,4299.83373,4344.70686,12.07856999999967,-32.79456000000027,1.0,908.0,-1.0,-7621.0,0.022741791587271867,-0.3142393580932826,0.1068,0.00187441424554832,
20250715,4324.5206,4366.6046,4366.6046,4318.5488,362795.0,-369.0,174034.0,1.0,0.0,297.0,0.0,1.0,-2.0,5874.0,-18530.0,4322.4827,4304.8479,4340.99847,17.63479999999981,-18.51576999999997,1.0,297.0,-1.0,-12656.0,-0.001017103322813159,-0.3187064994810362,0.1045,0.0,
20250716,4350.3544,4331.8656,4363.6174,4300.5667,366355.0,3560.0,238815.0,1.0,0.0,4351.0,0.0,1.0,-2.0,4428.0,-13727.0,4334.937260000001,4309.474929999999,4335.126695000001,25.4623300000012,-0.1894350000002305,1.0,4351.0,-1.0,-9299.0,0.009717350657149485,-0.3133120554535239,0.108,0.04964539007092204,
20250717,4368.2804,4344.868,4388.104,4342.8464,358235.0,-8120.0,226230.0,1.0,0.0,4409.0,0.0,1.0,-2.0,4120.0,-15207.0,4342.41,4316.914220000001,4326.792555,25.49577999999929,15.61744499999986,1.0,4409.0,-1.0,-11087.0,-0.022666685276424695,-0.322894079077697,0.1137,0.13049645390070924,
20250718,4372.5842,4376.3386,4394.5464,4351.0727,349791.0,-8444.0,226038.0,2.0,0.0,4268.0,0.0,1.0,-2.0,4721.0,-14505.0,4354.968559999999,4325.86947,4320.504480000001,29.09908999999971,34.46407999999883,2.0,4268.0,-1.0,-9784.0,-0.024140129391550955,-0.3299099797810764,0.1143,0.13900709219858162,0.7419
20250721,4409.2109,4383.7564,4425.5527,4376.1198,350990.0,1199.0,232396.0,1.0,-1.0,3876.0,-2540.0,1.0,-2.0,6558.0,-13222.0,4364.9901,4338.4512,4316.10429,26.53889999999956,48.88580999999976,0.0,1336.0,-1.0,-6664.0,0.003416051739365794,-0.4558110015025497,0.1146,0.14326241134751772,
20250722,4448.1049,4414.2736,4462.0603,4398.3924,353228.0,2238.0,288927.0,1.0,-1.0,4173.0,-2945.0,2.0,-1.0,8719.0,-11698.0,4389.70696,4356.09483,4321.95106,33.61213000000043,67.75590000000011,0.0,1228.0,1.0,-2979.0,0.006335851065034482,-0.4605478570419695,0.1261,0.3063829787234042,
20250723,4435.8395,4457.4202,4474.6644,4408.062,346884.0,-6344.0,202154.0,1.0,0.0,5244.0,0.0,2.0,-1.0,8233.0,-13029.0,4406.80398,4370.87062,4327.549295,35.93335999999999,79.25468499999988,1.0,5244.0,1.0,-4796.0,-0.018288534495681553,-0.4562489564129017,0.1149,0.15522388059701497,
20250724,4485.5425,4439.0174,4504.7202,4433.1246,366820.0,19936.0,279707.0,1.0,-1.0,5295.0,-2898.0,2.0,-1.0,11276.0,-13663.0,4430.2564,4386.3332,4336.97315,43.92320000000018,93.28325000000041,0.0,2397.0,1.0,-2387.0,0.05434818166948367,-0.5672494192630394,0.1314,0.40149253731343265,
20250725,4544.1761,4490.7889,4575.3523,4490.7889,380437.0,13617.0,375969.0,1.0,-1.0,5449.0,-4480.0,2.0,-1.0,14195.0,-4546.0,4464.574780000001,4409.77167,4350.35813,54.80311000000074,114.2166500000012,0.0,969.0,1.0,9649.0,0.03579304852051719,-0.5944540475487508,0.1708,0.9895522388059701,0.6129
20250728,4443.1695,4542.2045,4542.2045,4431.0718,360214.0,-20223.0,296221.0,1.0,-1.0,5795.0,-4311.0,2.0,-1.0,14491.0,-5999.0,4471.3665,4418.1783,4359.006015,53.1881999999996,112.3604850000002,0.0,1484.0,1.0,8492.0,-0.05614162692177428,-0.5861790178303263,0.1269,0.3343283582089554,
20250729,4473.6267,4438.6577,4482.4315,4438.5425,366670.0,6456.0,173110.0,1.0,-1.0,5947.0,-3817.0,2.0,-1.0,18044.0,-8027.0,4476.470859999999,4433.08891,4368.968405,43.38194999999905,107.5024549999998,0.0,2130.0,1.0,10017.0,0.017607112662612157,-0.2829164671136103,0.1122,0.11613876319758669,
20250730,4457.7691,4475.6474,4495.0061,4443.6309,361887.0,-4783.0,192971.0,1.0,-1.0,5808.0,-3750.0,2.0,-1.0,15615.0,-8427.0,4480.85678,4443.83038,4376.652655,37.02639999999974,104.2041250000002,0.0,2058.0,1.0,7188.0,-0.01321683287877155,-0.2805126517279492,0.1159,0.17194570135746615,
20250731,4421.7688,4451.7307,4473.9209,4414.6951,357153.0,-4734.0,168202.0,1.0,-1.0,5609.0,-3534.0,2.0,-1.0,14264.0,-9793.0,4468.10204,4449.17922,4383.04672,18.92281999999977,85.05531999999948,0.0,2075.0,1.0,4471.0,-0.01325482356301081,-0.3014702377338255,0.1037,0.0,
20250801,4415.2368,4419.8748,4433.3538,4397.9222,353616.0,-3537.0,141910.0,1.0,-1.0,5391.0,-4771.0,2.0,-1.0,13549.0,-13148.0,4442.314179999999,4453.44448,4389.656975,-11.13030000000072,52.65720499999952,0.0,620.0,1.0,401.0,-0.010002375458124067,-0.2200841788897097,0.1008,0.0,0.6935
20250804,4398.3039,4412.9158,4413.516,4374.197,351340.0,-2276.0,175763.0,1.0,-1.0,5282.0,-4438.0,2.0,-1.0,12023.0,-11021.0,4433.34106,4452.353779999999,4395.40249,-19.01271999999972,37.93856999999934,0.0,844.0,1.0,1002.0,-0.006478055444868219,-0.0803839903966462,0.1021,0.018571428571428506,
20250805,4408.2398,4388.4013,4417.4636,4371.3468,348372.0,-2968.0,153503.0,1.0,-1.0,4796.0,-4163.0,2.0,-1.0,11326.0,-11032.0,4420.263680000001,4448.36727,4402.23105,-28.1035899999988,18.03263000000061,0.0,633.0,1.0,294.0,-0.008519628443158463,-0.0805771369915827,0.0948,0.0,
20250806,4421.4585,4414.488,4435.6434,4404.2076,346064.0,-2308.0,127602.0,1.0,-1.0,4835.0,-3771.0,2.0,-1.0,11742.0,-6991.0,4413.00156,4446.929169999999,4408.899895,-33.92760999999973,4.10166499999923,0.0,1064.0,1.0,4751.0,-0.006669286605945721,-0.0808305273071852,0.0983,0.0460526315789474,
20250807,4408.5441,4433.2274,4449.2567,4393.4646,350180.0,4116.0,179675.0,1.0,-1.0,4883.0,-3694.0,2.0,-1.0,9995.0,-8105.0,4410.35662,4439.22933,4412.781265,-28.87270999999964,-2.424644999999146,0.0,1189.0,1.0,1890.0,0.011753955108801189,-0.0809516107286434,0.0976,0.03684210526315803,
20250808,4398.6501,4410.5755,4415.072,4387.8622,341848.0,-8332.0,119605.0,1.0,-1.0,4812.0,-3449.0,2.0,-1.0,14169.0,-12833.0,4407.03928,4424.67673,4417.2242,-17.63745000000017,-10.18491999999969,0.0,1363.0,1.0,1336.0,-0.024373405724181507,-0.0805993051838064,0.0965,0.02236842105263167,0.5645
20250811,4431.3458,4406.8205,4435.6636,4396.8439,343251.0,1403.0,150799.0,1.0,-1.0,5070.0,-3817.0,2.0,-1.0,17097.0,-10691.0,4413.647660000001,4423.49436,4420.83633,-9.846699999999146,-7.188669999999547,0.0,1253.0,1.0,6406.0,0.004087387946429872,-0.0808765721260941,0.0948,0.0,
20250812,4451.866,4432.0055,4463.4385,4424.5929,344597.0,1346.0,150418.0,1.0,0.0,5101.0,-1541.0,2.0,-1.0,19289.0,-13189.0,4422.3729,4421.31829,4427.2036,1.054610000000139,-4.830699999999524,1.0,3560.0,1.0,6100.0,0.003906011950191093,-0.0818888121094536,0.0966,0.023684210526315915,
20250813,4429.549,4446.8874,4455.1307,4427.3738,339327.0,-5270.0,127188.0,1.0,0.0,4724.0,-1086.0,2.0,-1.0,19498.0,-14180.0,4423.991,4418.49628,4431.163329999999,5.494719999999688,-7.17232999999942,1.0,3638.0,1.0,5318.0,-0.015530741732900713,-0.0808582407503698,0.0961,0.01710526315789486,
20250814,4391.1028,4427.1348,4436.0822,4383.2954,333261.0,-6066.0,235284.0,1.0,-1.0,2900.0,-3430.0,2.0,-1.0,15508.0,-12386.0,4420.502740000001,4415.42968,4432.304450000001,5.073060000000623,-11.80170999999973,0.0,-530.0,1.0,3122.0,-0.018201949823111616,-0.0807967600461552,0.1344,0.5210526315789472,
20250815,4392.3356,4399.1425,4410.7169,4387.7791,334571.0,1310.0,135483.0,1.0,-1.0,2726.0,-2862.0,2.0,-1.0,17049.0,-12453.0,4419.23984,4413.13956,4433.292019999999,6.100280000000566,-14.05217999999877,0.0,-136.0,1.0,4596.0,0.003915461890002421,-0.0807303283824658,0.156,0.8052631578947368,0.871
20250818,4373.6773,4396.6491,4402.801,4360.2618,332937.0,-1634.0,197912.0,0.0,0.0,0.0,-2044.0,2.0,-1.0,18110.0,-11660.0,4407.70614,4410.6769,4431.51534,-2.970760000000155,-23.80919999999969,0.0,-2044.0,1.0,6450.0,-0.004907835416309993,-0.0466252717952895,0.156,0.8052631578947368,
20250819,4409.734,4383.8437,4412.8112,4367.6909,338854.0,5917.0,190352.0,0.0,0.0,0.0,0.0,2.0,-1.0,20494.0,-7394.0,4399.27974,4410.82632,4429.596794999999,-11.54658000000018,-30.31705499999953,0.0,0.0,1.0,13100.0,0.01746179770638682,-0.1844797584938079,0.156,0.8052631578947368,
20250820,4462.994,4400.7774,4518.8754,4374.8562,345671.0,6817.0,441294.0,0.0,0.0,0.0,0.0,2.0,-1.0,13195.0,-13151.0,4405.968739999999,4414.97987,4430.95452,-9.011130000000776,-24.98578000000089,0.0,0.0,1.0,44.0,0.019721064248953486,-0.2228718554089442,0.1446,0.6552631578947369,
20250821,4455.7439,4454.3949,4474.9315,4434.4738,341545.0,-4126.0,231950.0,1.0,0.0,3596.0,0.0,2.0,-1.0,13315.0,-11390.0,4418.89696,4419.69985,4429.46459,-0.8028899999999339,-10.56763000000046,1.0,3596.0,1.0,1925.0,-0.01208039936172393,-0.1683099649341791,0.1457,0.6697368421052631,
20250822,4458.272,4461.6818,4484.869,4441.9732,338323.0,-3222.0,196673.0,2.0,0.0,5440.0,-2101.0,2.0,-1.0,13477.0,-10740.0,4432.08424,4425.66204,4425.169385,6.422199999999975,6.914854999999989,2.0,3339.0,1.0,2737.0,-0.009523443573153465,-0.2164696723559092,0.1378,0.5657894736842106,0.8387
20250825,4493.925,4460.7862,4502.8635,4458.0508,350081.0,11758.0,217784.0,1.0,0.0,6327.0,-2172.0,2.0,-1.0,10046.0,-9732.0,4456.13378,4431.91996,4427.70716,24.21381999999994,28.42662000000018,1.0,4155.0,1.0,314.0,0.03358651283560091,-0.2172630070651824,0.1433,0.6381578947368423,
20250826,4479.4159,4492.068,4508.6416,4475.5131,357372.0,7291.0,181123.0,1.0,-1.0,7728.0,-1825.0,2.0,-1.0,18487.0,-9806.0,4470.07016,4434.67495,4427.99662,35.39521000000059,42.07354000000032,0.0,5903.0,1.0,8681.0,0.020401710262695456,-0.2169073383912913,0.1291,0.4513157894736841,
20250827,4472.3518,4470.987,4504.2993,4462.2777,338770.0,-18602.0,192193.0,1.0,-1.0,8072.0,-1425.0,2.0,-1.0,20013.0,-13887.0,4471.941720000001,4438.95523,4428.725755,32.98649000000023,43.21596500000032,0.0,6647.0,1.0,6126.0,-0.05491041119343507,-0.1592286594244193,0.1257,0.40657894736842115,
20250828,4458.7772,4471.9433,4478.7979,4432.6293,320932.0,-17838.0,193781.0,1.0,0.0,7565.0,-921.0,2.0,-1.0,18060.0,-13939.0,4472.54838,4445.72267,4430.576175,26.82571000000007,41.97220500000003,1.0,6644.0,1.0,4121.0,-0.05558186781000336,-0.1819440755346675,0.1245,0.3907894736842105,
20250829,4461.8976,4460.2383,4477.6352,4454.0001,312446.0,-8486.0,149812.0,1.0,0.0,8072.0,0.0,2.0,-1.0,15124.0,-1859.0,4473.2735,4452.678870000001,4432.909215,20.5946299999996,40.36428500000056,1.0,8072.0,1.0,13265.0,-0.027159893229550067,-0.171483758790457,0.1253,0.4013157894736841,0.6935
20250901,4424.0562,4456.2937,4461.7992,4410.8462,315271.0,2825.0,180762.0,1.0,0.0,6765.0,0.0,2.0,-1.0,11415.0,-4224.0,4459.29974,4457.71676,4434.19683,1.582980000000134,25.10291000000052,1.0,6765.0,1.0,7191.0,0.008960545054889286,-0.2491280068861861,0.1237,0.3802631578947369,
20250902,4338.0268,4424.2189,4431.721,4333.5549,329496.0,14225.0,295259.0,1.0,0.0,6105.0,0.0,2.0,-1.0,7481.0,-8737.0,4431.021920000001,4450.54604,4430.68618,-19.52411999999913,0.3357400000013513,1.0,6105.0,1.0,-1256.0,0.04317199601816107,-0.3226636749827115,0.1289,0.44868421052631563,
20250903,4330.9029,4344.7916,4368.5192,4323.2118,319782.0,-9714.0,202541.0,1.0,0.0,5050.0,0.0,2.0,-1.0,8721.0,-8476.0,4402.73214,4437.33693,4426.158399999999,-34.60479000000032,-23.42625999999927,1.0,5050.0,1.0,245.0,-0.03037694429329981,-0.1338061799972451,0.1286,0.44473684210526304,
20250904,4357.079,4329.4275,4370.6872,4323.1473,331572.0,11790.0,196892.0,0.0,0.0,0.0,0.0,2.0,-1.0,7130.0,-8928.0,4382.3925,4427.47044,4423.585144999999,-45.07794000000013,-41.19264499999917,0.0,0.0,1.0,-1798.0,0.03555788787955557,-0.1247571756007145,0.1312,0.4789473684210528,
20250905,4356.9615,4358.87,4378.4685,4332.2954,322188.0,-9384.0,175055.0,1.0,0.0,4283.0,0.0,2.0,-1.0,10490.0,-8715.0,4361.405280000001,4417.33939,4421.500715,-55.93410999999924,-60.09543499999927,1.0,4283.0,1.0,1775.0,-0.029125851987038622,-0.0185229370252771,0.1284,0.44210526315789456,0.7258
20250908,4352.2089,4360.6586,4363.8452,4330.0566,328249.0,6061.0,135049.0,0.0,0.0,0.0,0.0,2.0,-1.0,9776.0,-13740.0,4347.03582,4403.167780000001,4417.54387,-56.13196000000062,-70.50804999999946,0.0,0.0,1.0,-3964.0,0.018464641171793365,-0.0273344992579109,0.13,0.46315789473684216,
20250909,4323.6808,4344.5699,4346.5265,4299.1216,334342.0,6093.0,197146.0,0.0,0.0,0.0,0.0,2.0,-1.0,8865.0,-17401.0,4344.166620000001,4387.59427,4411.13461,-43.42764999999872,-66.96798999999919,0.0,0.0,1.0,-8536.0,0.01822385461593219,-0.1087269998279718,0.1277,0.4328947368421054,
20250910,4320.3731,4323.6039,4334.4364,4310.095,333820.0,-522.0,113952.0,0.0,0.0,0.0,0.0,2.0,-1.0,10120.0,-18486.0,4342.06066,4372.3964,4405.675815000001,-30.33573999999953,-63.61515500000041,0.0,0.0,1.0,-8366.0,-0.0015637169732191,-0.0715202630463297,0.123,0.37105263157894736,
20250911,4302.5731,4321.8236,4325.4462,4291.9691,340006.0,6186.0,144549.0,0.0,0.0,0.0,0.0,2.0,-1.0,8841.0,-18689.0,4331.15948,4356.77599,4401.249330000001,-25.61650999999983,-70.0898500000003,0.0,0.0,1.0,-9848.0,0.018193796580060352,0.0094813529685793,0.1194,0.3236842105263159,
20250912,4273.5569,4300.0158,4300.0158,4268.1014,348077.0,8071.0,144021.0,0.0,0.0,0.0,0.0,2.0,-1.0,10288.0,-11641.0,4314.47856,4337.941919999999,4395.310395,-23.46335999999974,-80.83183500000086,0.0,0.0,1.0,-1353.0,0.023187398190630235,0.008546819941273,0.1195,0.32499999999999996,0.6935
20250915,4288.8678,4287.3333,4293.4354,4258.614,339836.0,-8241.0,141782.0,0.0,0.0,0.0,0.0,2.0,-1.0,7152.0,-10624.0,4301.81034,4324.42308,4391.06992,-22.61273999999958,-89.25957999999991,0.0,0.0,1.0,-3472.0,-0.024249932320295674,-0.208138040812712,0.1221,0.3592105263157895,
20250916,4273.129,4291.9095,4320.3671,4273.0877,341821.0,1985.0,158837.0,0.0,-1.0,0.0,-4309.0,2.0,-1.0,7399.0,-10668.0,4291.69998,4317.9333,4384.23967,-26.23331999999937,-92.53968999999961,-1.0,-4309.0,1.0,-3269.0,0.0058071329731058064,-0.1351018115442083,0.1189,0.31710526315789483,
20250917,4298.2324,4284.5788,4308.5211,4275.8076,341043.0,-778.0,131121.0,0.0,-1.0,0.0,-4782.0,2.0,-1.0,8227.0,-10481.0,4287.271839999999,4314.66625,4376.00159,-27.39441000000079,-88.72975000000042,-1.0,-4782.0,1.0,-2254.0,-0.002281237263336295,-0.135058208577128,0.123,0.37105263157894736,
20250918,4269.0278,4291.5976,4301.6618,4259.3877,350248.0,9205.0,154153.0,0.0,-1.0,0.0,-5536.0,2.0,-1.0,7868.0,-9841.0,4280.562779999999,4305.861129999999,4366.665784999999,-25.29835000000003,-86.10300499999994,-1.0,-5536.0,1.0,-1973.0,0.02628137776661109,-0.1293022274030759,0.1216,0.3526315789473684,
20250919,4258.0924,4277.5969,4277.5969,4244.9507,357614.0,7366.0,146517.0,0.0,-1.0,0.0,-6593.0,2.0,-1.0,6748.0,-13167.0,4277.46988,4295.97422,4356.656805000001,-18.50434000000041,-79.18692500000088,-1.0,-6593.0,1.0,-6419.0,0.02059762760965734,-0.1303517138345153,0.1212,0.3473684210526316,0.5484
20250922,4240.6461,4260.2749,4269.0461,4233.7657,358285.0,671.0,118399.0,0.0,-1.0,0.0,-6871.0,2.0,-1.0,7958.0,-12960.0,4267.82554,4284.817939999999,4343.99286,-16.99239999999918,-76.16732000000047,-1.0,-6871.0,1.0,-5002.0,0.001872810751217606,-0.0866129403618729,0.121,0.3447368421052631,
20250923,4212.6582,4232.1503,4235.0398,4189.1734,360171.0,1886.0,137095.0,0.0,-1.0,0.0,-7053.0,2.0,-1.0,6877.0,-13422.0,4255.731379999999,4273.715679999999,4330.654974999999,-17.98430000000008,-74.9235950000002,-1.0,-7053.0,1.0,-6545.0,0.005236401598129777,-0.313132917541694,0.1341,0.5171052631578946,
20250924,4235.1844,4221.6131,4251.6092,4204.8882,352082.0,-8089.0,113203.0,0.0,-1.0,0.0,-7492.0,2.0,-1.0,8894.0,-10826.0,4243.121779999999,4265.196809999999,4318.796605,-22.07502999999997,-75.67482500000006,-1.0,-7492.0,1.0,-1932.0,-0.022974761561227214,-0.4505913394270852,0.1344,0.5210526315789472,
20250925,4247.3421,4248.2732,4260.0275,4239.3132,345366.0,-6716.0,87246.0,0.0,-1.0,0.0,-7393.0,2.0,-1.0,10508.0,-9184.0,4238.78464,4259.67371,4308.224850000001,-20.88907000000017,-69.44021000000066,-1.0,-7393.0,1.0,1324.0,-0.019446036957893945,-0.3704271950021038,0.1337,0.5118421052631581,
20250926,4214.2515,4254.7475,4254.7475,4213.1092,352211.0,6845.0,111977.0,0.0,-1.0,0.0,-7318.0,2.0,-1.0,12099.0,-12718.0,4230.016460000001,4253.74317,4295.842545,-23.726709999999,-65.8260849999997,-1.0,-7318.0,1.0,-619.0,0.01943437314564281,-0.1940719484501119,0.1351,0.5302631578947368,0.371
20250929,4225.1551,4217.1917,4245.6109,4210.1817,346177.0,-6034.0,121578.0,0.0,-1.0,0.0,-7061.0,2.0,-1.0,11923.0,-8569.0,4226.91826,4247.3719,4285.89749,-20.45363999999972,-58.97922999999992,-1.0,-7061.0,1.0,3354.0,-0.017430389656158556,-0.2124478741961355,0.1359,0.5407894736842104,
20250930,4208.473,4232.9995,4232.9995,4182.3148,339125.0,-7052.0,142379.0,0.0,-1.0,0.0,-7275.0,2.0,-1.0,9678.0,-7228.0,4226.08122,4240.9063,4279.419800000001,-14.82507999999962,-53.33858000000055,-1.0,-7275.0,1.0,2450.0,-0.020794692222631774,-0.1295551404990289,0.1417,0.6171052631578946,0.3387
20251009,4160.1607,4201.3508,4201.3508,4112.7802,361289.0,22164.0,152270.0,0.0,-1.0,0.0,-7445.0,2.0,-1.0,10015.0,-4789.0,4211.076480000001,4227.09913,4270.88269,-16.02264999999898,-59.80620999999974,-1.0,-7445.0,1.0,5226.0,0.06134701028816266,-0.1297068171705785,0.1248,0.3947368421052631,
20251010,4103.3014,4166.0413,4183.6127,4095.3226,375019.0,13730.0,179683.0,0.0,-1.0,0.0,-8288.0,2.0,-1.0,12536.0,-4584.0,4182.268340000001,4210.52649,4258.19381,-28.25814999999966,-75.92546999999922,-1.0,-8288.0,1.0,7952.0,0.03661147835176351,-0.2398613220346099,0.1285,0.443421052631579,0.3226
20251013,4113.5923,4108.8371,4133.834,4079.3625,367724.0,-7295.0,154603.0,0.0,-1.0,0.0,-8591.0,2.0,-1.0,15665.0,-2895.0,4162.1365,4196.076480000001,4246.02535,-33.93998000000101,-83.88885000000028,-1.0,-8591.0,1.0,12770.0,-0.019838248251405947,-0.2768257152483785,0.1316,0.48421052631578937,
20251014,4064.5739,4113.3548,4113.3548,4045.7521,365519.0,-2205.0,166138.0,0.0,-2.0,0.0,-12683.0,2.0,-1.0,15202.0,-2399.0,4130.020259999999,4178.46926,4231.6436,-48.44900000000052,-101.623340000001,-2.0,-12683.0,1.0,12803.0,-0.006032518145431564,-0.2544299908741362,0.1444,0.6526315789473683,
20251015,4060.729,4041.9955,4076.1874,4026.946,368832.0,3313.0,125465.0,1.0,-1.0,0.0,-9017.0,2.0,-1.0,16758.0,-2882.0,4100.47146,4163.27634,4218.496010000001,-62.80488000000059,-118.024550000001,0.0,-9017.0,1.0,13876.0,0.008982409335415583,-0.2248243391178385,0.1451,0.6618421052631579,
20251016,4092.4087,4061.1028,4100.2808,4010.9372,364780.0,-4052.0,185488.0,0.0,-2.0,0.0,-12327.0,3.0,0.0,16321.0,-426.0,4086.92106,4148.99877,4207.097790000001,-62.07771000000048,-120.176730000001,-2.0,-12327.0,3.0,15895.0,-0.011108065135149954,-0.0915255054057396,0.1349,0.5276315789473683,
20251017,4007.0677,4090.414,4090.414,3999.0782,372041.0,7261.0,172500.0,0.0,-2.0,0.0,-12552.0,2.0,-1.0,11229.0,-11691.0,4067.67432,4124.97133,4192.32252,-57.29701000000068,-124.6482000000001,-2.0,-12552.0,1.0,-462.0,0.019516666173889436,-0.1234686319549369,0.1485,0.7065789473684209,0.5161
20251020,4007.0531,4016.5213,4063.1251,4005.6052,363800.0,-8241.0,171137.0,0.0,-2.0,0.0,-12899.0,2.0,-1.0,10929.0,-11224.0,4046.36648,4104.251490000001,4178.99733,-57.88501000000088,-132.6308500000005,-2.0,-12899.0,1.0,-295.0,-0.02265255634964266,-0.1664880222602916,0.1417,0.6171052631578946,
20251021,4007.3946,4007.3255,4036.8449,3976.0008,365990.0,2190.0,179334.0,0.0,-2.0,0.0,-12095.0,2.0,-1.0,11380.0,-14390.0,4034.93062,4082.475440000001,4164.92367,-47.54482000000053,-129.99305,-2.0,-12095.0,1.0,-3010.0,0.005983770048361977,-0.2390144825702599,0.1316,0.48421052631578937,
20251022,4053.672,4018.4872,4069.5146,3996.2359,378656.0,12666.0,228093.0,0.0,-1.0,0.0,-8154.0,2.0,-1.0,12467.0,-22011.0,4033.519220000001,4066.99534,4153.95082,-33.47611999999981,-120.4315999999994,-1.0,-8154.0,1.0,-9544.0,0.033449885912279216,-0.2770917249564499,0.1223,0.36184210526315796,
20251023,4097.1312,4061.4544,4120.3782,4054.4899,369887.0,-8769.0,200385.0,0.0,-1.0,0.0,-3637.0,2.0,-1.0,11509.0,-24516.0,4034.46372,4060.69239,4143.89576,-26.22867000000042,-109.4320400000006,-1.0,-3637.0,1.0,-13007.0,-0.02370724031934077,-0.2687925527418221,0.124,0.38421052631578945,
20251024,4080.2694,4119.9107,4119.9107,4075.3074,361996.0,-7891.0,180608.0,0.0,-2.0,0.0,-7312.0,2.0,-1.0,12845.0,-17375.0,4049.10406,4058.38919,4134.45784,-9.285130000000208,-85.35377999999992,-2.0,-7312.0,1.0,-4530.0,-0.021798583409761433,-0.3202541639634028,0.1249,0.3960526315789473,0.3871
20251027,4112.5245,4093.9492,4140.0021,4067.8773,352529.0,-9467.0,224044.0,0.0,-1.0,0.0,-6885.0,2.0,-1.0,19858.0,-21196.0,4070.19834,4058.28241,4127.179445,11.91593000000012,-56.98110499999984,-1.0,-6885.0,1.0,-1338.0,-0.026854528279942926,-0.479462709080588,0.1354,0.6633986928104574,
20251028,4073.4219,4113.8228,4116.5215,4070.632,351855.0,-674.0,137525.0,1.0,-1.0,1445.0,-4847.0,2.0,-1.0,21750.0,-16685.0,4083.4038,4059.167210000001,4118.818235,24.23658999999952,-35.41443499999968,0.0,-3402.0,1.0,5065.0,-0.0019155618081311903,-0.3390243105071365,0.137,0.6895424836601309,
20251029,4103.2574,4063.5419,4108.4015,4056.5672,346749.0,-5106.0,143744.0,0.0,-2.0,0.0,-7932.0,2.0,-1.0,19515.0,-16681.0,4093.32088,4063.42005,4113.348195,29.9008300000005,-20.02731500000027,-2.0,-7932.0,1.0,2834.0,-0.014725348883486325,-0.4232146621996723,0.1337,0.63562091503268,
20251030,4036.0309,4108.0686,4112.1234,4034.8521,356000.0,9251.0,142776.0,0.0,-1.0,0.0,-4497.0,2.0,-1.0,20729.0,-15503.0,4081.100820000001,4057.782270000001,4103.39052,23.31854999999996,-22.28969999999936,-1.0,-4497.0,1.0,5226.0,0.025985955056179774,-0.5404687200612546,0.1401,0.7401960784313726,
20251031,4021.7231,4030.7687,4044.9143,4015.4545,357943.0,1943.0,169111.0,0.0,-2.0,0.0,-6994.0,2.0,-1.0,23395.0,-19768.0,4069.39156,4059.24781,4092.10957,10.14375000000018,-22.71800999999959,-2.0,-6994.0,1.0,3627.0,0.005428238574298142,-0.5742434935263405,0.1418,0.7679738562091505,0.129
20251103,3974.8051,4025.2933,4049.549,3965.721,374974.0,17031.0,236670.0,0.0,-2.0,0.0,-8263.0,2.0,-1.0,20442.0,-19156.0,4041.84768,4056.02301,4080.13725,-14.17532999999958,-38.28956999999946,-2.0,-8263.0,1.0,1286.0,0.045419149061001564,-0.4843552997017546,0.1506,0.9117647058823531,
20251104,3907.795,3961.6203,3968.8987,3899.3337,398239.0,23265.0,261354.0,1.0,-2.0,4981.0,-8981.0,1.0,-1.0,16033.0,-17121.0,4008.7223,4046.06305,4064.269245,-37.34074999999984,-55.5469449999996,-1.0,-4000.0,0.0,-1088.0,0.05841969269709898,-0.5771090043089468,0.163,1.0,
20251105,3921.7165,3887.3025,3935.5467,3882.9384,397936.0,-303.0,208166.0,0.0,-2.0,0.0,-9674.0,2.0,-1.0,14944.0,-13783.0,3972.41412,4032.867499999999,4049.93142,-60.45337999999947,-77.51729999999998,-2.0,-9674.0,1.0,1161.0,-0.0007614289735032769,-0.5406097067739052,0.1503,0.8137829912023459,
20251106,3931.4995,3917.4998,3935.5535,3873.1922,403898.0,5962.0,210367.0,0.0,-2.0,0.0,-9494.0,2.0,-1.0,17487.0,-9442.0,3951.50784,4016.30433,4038.49836,-64.79649000000063,-86.99052000000029,-2.0,-9494.0,1.0,8045.0,0.01476115256822267,-0.5517031708006385,0.1483,0.7844574780058648,
20251107,3949.6357,3932.4508,3982.1815,3913.5626,405000.0,1102.0,278914.0,0.0,-2.0,0.0,-9247.0,2.0,-1.0,19843.0,-12496.0,3937.09036,4003.24096,4030.815075,-66.1506000000004,-93.72471499999983,-2.0,-9247.0,1.0,7347.0,0.002720987654320988,-0.5487428402090422,0.1501,0.810850439882698,0.0968
20251110,3960.6166,3953.0458,3965.2465,3917.0171,401637.0,-3363.0,229155.0,0.0,-2.0,0.0,-8678.0,1.0,-1.0,22927.0,-10139.0,3934.25266,3988.05017,4023.16629,-53.79751000000033,-88.91363000000047,-2.0,-8678.0,0.0,12788.0,-0.008373232545806289,-0.6177895921883712,0.1472,0.7683284457478005,
20251111,3884.8451,3959.9687,3962.3096,3878.8795,416309.0,14672.0,190298.0,1.0,-2.0,5117.0,-8253.0,1.0,-1.0,24289.0,-16047.0,3929.66268,3969.19249,4014.17985,-39.52981,-84.51716999999962,-1.0,-3136.0,0.0,8242.0,0.03524305263638307,-0.5447812924149308,0.1549,0.8789237668161436,
20251112,3900.7623,3891.2959,3924.827,3878.9996,421830.0,5521.0,207114.0,1.0,-2.0,6162.0,-8639.0,1.0,-2.0,19848.0,-16368.0,3925.47184,3948.94298,4006.181514999999,-23.4711400000001,-80.7096749999996,-1.0,-2477.0,-1.0,3480.0,0.01308821089064315,-0.5973198490942401,0.1524,0.8415545590433483,
20251113,3901.8827,3901.6417,3919.46,3864.2573,414063.0,-7767.0,254709.0,1.0,-2.0,6123.0,-9464.0,1.0,-2.0,21399.0,-15278.0,3919.54848,3935.528159999999,3996.655215,-15.97967999999946,-77.10673499999984,-1.0,-3341.0,-1.0,6121.0,-0.01875801508466103,-0.5769334712318758,0.1578,0.8820861678004532,
20251114,3932.8196,3913.0449,3955.3601,3906.0723,394188.0,-19875.0,246284.0,1.0,-2.0,0.0,-8472.0,1.0,-2.0,20127.0,-14292.0,3916.18526,3926.63781,3992.94281,-10.45255000000043,-76.75754999999981,-1.0,-8472.0,-1.0,5835.0,-0.05042010411275838,-0.5781539993333132,0.1531,0.7755102040816328,0.0968
20251117,3947.9706,3933.9029,3970.1555,3923.738,387478.0,-6710.0,197447.0,0.0,-2.0,0.0,-8364.0,1.0,-1.0,22326.0,-13083.0,3913.65606,3923.954360000001,3989.988685,-10.29830000000084,-76.33262500000046,-2.0,-8364.0,0.0,9243.0,-0.017317112197337656,-0.6977437606745923,0.1481,0.6621315192743765,
20251118,3917.7191,3950.689,3963.7751,3899.7887,387908.0,430.0,185574.0,0.0,-2.0,0.0,-7615.0,2.0,-1.0,23361.0,-10447.0,3920.230860000001,3924.94677,3985.504910000001,-4.715909999998985,-65.27404999999999,-2.0,-7615.0,1.0,12914.0,0.0011085102653206431,-0.653579567665116,0.1463,0.6213151927437643,
20251119,3915.2526,3922.8527,3930.3629,3879.3139,388264.0,356.0,202045.0,0.0,-2.0,0.0,-7510.0,1.0,-2.0,24044.0,-12195.0,3923.12892,3924.300380000001,3978.58394,-1.171460000000479,-55.45501999999942,-2.0,-7510.0,-1.0,11849.0,0.0009169019017987761,-0.5952490685487544,0.1517,0.7437641723356008,
20251120,3835.7056,3903.2393,3903.2393,3834.8612,418737.0,30473.0,293237.0,0.0,-2.0,0.0,-7766.0,1.0,-2.0,23377.0,-11496.0,3909.8935,3914.720989999999,3965.512659999999,-4.827489999999671,-55.61915999999974,-2.0,-7766.0,-1.0,11881.0,0.07277360252377985,-0.5125329666532541,0.1642,1.0,
20251121,3821.0106,3847.102,3852.1788,3815.8229,420508.0,1771.0,188952.0,1.0,-2.0,5267.0,-8763.0,2.0,-1.0,20233.0,-6304.0,3887.5317,3901.85848,3952.54972,-14.32677999999942,-65.01801999999998,-1.0,-3496.0,1.0,13929.0,0.004211572669247672,-0.5027062912434468,0.1622,0.9558498896247241,0.0161
20251124,3896.666,3827.0544,3918.4608,3805.0049,389487.0,-31021.0,326818.0,1.0,-2.0,0.0,-7178.0,1.0,-1.0,19451.0,-7822.0,3877.27078,3895.46342,3941.756795,-18.19263999999976,-64.48601499999995,-1.0,-7178.0,0.0,11629.0,-0.07964579048851438,-0.4150574789249089,0.1473,0.6269315673289177,
20251125,3889.9447,3900.8615,3936.8743,3882.9685,389806.0,319.0,299311.0,1.0,-2.0,4438.0,-6087.0,1.0,-2.0,20613.0,-7148.0,3871.7159,3895.97338,3932.582935,-24.25748000000021,-60.86703499999976,-1.0,-1649.0,-1.0,13465.0,0.0008183557974992689,-0.4925159862765517,0.1428,0.5275938189845475,
20251126,3912.6859,3887.7111,3918.9063,3878.3261,385958.0,-3848.0,216535.0,2.0,-1.0,4656.0,-1439.0,1.0,-1.0,14984.0,-3585.0,3871.20256,3897.165739999999,3923.05436,-25.96317999999928,-51.85179999999946,1.0,3217.0,0.0,11399.0,-0.00996999673539608,-0.5326678381377099,0.1424,0.518763796909492,
20251127,3890.6512,3911.1806,3927.2369,3882.0669,390111.0,4153.0,179799.0,1.0,-1.0,4902.0,-1751.0,1.0,-2.0,14204.0,-4353.0,3882.19168,3896.04259,3915.785375,-13.85091000000011,-33.59369500000048,0.0,3151.0,-1.0,9851.0,0.010645688022127035,-0.5879504527342513,0.1439,0.551876379690949,
20251128,3908.5823,3891.6022,3921.6157,3870.7189,391036.0,925.0,236063.0,1.0,-1.0,4641.0,-1146.0,2.0,-1.0,19464.0,-6081.0,3899.70602,3893.61886,3910.128335,6.08716000000004,-10.4223149999998,0.0,3495.0,1.0,13383.0,0.002365511103836987,-0.5448653810592,0.1546,0.788079470198675,0.0323
20251201,3908.3666,3909.5912,3945.2338,3889.9688,393268.0,2232.0,240339.0,1.0,0.0,4797.0,-936.0,2.0,-1.0,18069.0,-5837.0,3902.04614,3889.65846,3906.80641,12.38768000000027,-4.760270000000219,1.0,3861.0,1.0,12232.0,0.005675518984509291,-0.5228602320897285,0.1493,0.6710816777041938,
20251202,3906.9007,3904.6038,3932.8457,3885.7407,405924.0,12656.0,212603.0,1.0,0.0,6387.0,-1439.0,2.0,-1.0,15685.0,-3250.0,3905.437339999999,3888.576620000001,3906.761695,16.86071999999876,-1.324355000000651,1.0,4948.0,1.0,12435.0,0.03117825011578522,-0.6276449834349995,0.1441,0.5562913907284768,
20251203,3852.8132,3900.1903,3900.6401,3838.7196,435339.0,29415.0,273579.0,1.0,-1.0,6487.0,-5633.0,1.0,-2.0,15645.0,-6896.0,3893.4628,3882.33268,3903.31653,11.13011999999935,-9.853730000000269,0.0,854.0,-1.0,8749.0,0.06756803318792941,-0.707373088799599,0.1563,0.8256070640176597,
20251204,3854.5011,3866.4981,3868.3996,3836.7942,435620.0,281.0,162405.0,1.0,-2.0,6600.0,-7027.0,1.0,-1.0,16070.0,-7582.0,3886.23278,3884.21223,3899.46661,2.02054999999973,-13.23383000000058,-1.0,-427.0,0.0,8488.0,0.0006450576190257564,-0.7045947220541415,0.1422,0.5143487858719643,
20251205,3758.3728,3847.6343,3854.4492,3757.7173,467791.0,32171.0,279837.0,1.0,-1.0,7542.0,-7294.0,1.0,-2.0,13036.0,-10330.0,3856.190880000001,3877.94845,3889.903465,-21.7575699999993,-33.71258499999976,0.0,248.0,-1.0,2706.0,0.06877216534734529,-0.7460583118570487,0.1622,0.9558498896247241,0.1613
20251208,3738.7539,3760.077,3765.5773,3724.9569,491196.0,23405.0,253027.0,2.0,-1.0,10337.0,-6341.0,1.0,-2.0,12272.0,-11658.0,3822.26834,3862.15724,3878.810329999999,-39.88889999999947,-56.54198999999926,1.0,3996.0,-1.0,614.0,0.04764900365638157,-0.5651592903684068,0.1573,0.8476821192052977,
20251209,3736.4096,3726.0368,3738.8346,3672.9835,500545.0,9349.0,336370.0,1.0,-2.0,4989.0,-8776.0,1.0,-2.0,12848.0,-4895.0,3788.17012,3846.80373,3871.388555,-58.63360999999986,-83.21843500000068,-1.0,-3787.0,-1.0,7953.0,0.018677641370905714,-0.484532192666367,0.1524,0.7395143487858719,
20251210,3724.6288,3729.5111,3745.9822,3705.7714,497540.0,-3005.0,299203.0,1.0,-2.0,7166.0,-8926.0,1.0,-2.0,12686.0,-7917.0,3762.53324,3827.99802,3862.58188,-65.46478000000025,-100.0486400000004,-1.0,-1760.0,-1.0,4769.0,-0.006039715399766853,-0.4329048048959579,0.1731,1.0,
20251211,3648.9017,3721.8635,3734.7606,3643.2604,510818.0,13278.0,326906.0,1.0,-2.0,7707.0,-10647.0,1.0,-2.0,9153.0,-7760.0,3721.41336,3803.82307,3849.93283,-82.4097099999999,-128.5194700000002,-1.0,-2940.0,-1.0,1393.0,0.02599360241808237,-0.29543521808684,0.2067,1.0,
20251212,3668.7682,3655.1228,3691.6887,3631.5072,492027.0,-18791.0,334311.0,1.0,-2.0,3675.0,-10587.0,1.0,-2.0,12649.0,-7755.0,3703.49244,3779.84166,3836.73026,-76.34921999999915,-133.2378199999998,-1.0,-6912.0,-1.0,4894.0,-0.03819099358368545,-0.2581589293609397,0.1885,0.7927107061503418,0.0968
20251215,3693.6796,3672.8974,3733.3867,3672.8974,475032.0,-16995.0,323766.0,0.0,0.0,0.0,0.0,0.0,0.0,0.0,0.0,3694.47758,3758.372960000001,3824.01571,-63.89538000000039,-129.5381299999995,0.0,0.0,0.0,0.0,-0.03577653715960188,-0.3116280511516263,0.1576,0.4407744874715261,
20251216,3753.8918,3686.2688,3755.8048,3642.0433,475733.0,701.0,521928.0,1.0,-1.0,1201.0,-9977.0,1.0,-2.0,18974.0,-15083.0,3697.97402,3743.07207,3815.824345,-45.0980499999996,-117.8503249999994,0.0,-8776.0,-1.0,3891.0,0.0014735156064431098,-0.2154177501585861,0.1576,0.4407744874715261,
20251217,3732.1573,3740.5758,3766.8665,3720.9435,462234.0,-13499.0,332373.0,1.0,-1.0,354.0,-10928.0,1.0,-2.0,17794.0,-20446.0,3699.47972,3731.00648,3806.66958,-31.52675999999974,-107.18986,0.0,-10574.0,-1.0,-2652.0,-0.02920382317181341,-0.247072142373214,0.1623,0.4819136522753793,
20251218,3740.261,3734.6182,3783.2619,3734.1384,441835.0,-20399.0,255968.0,1.0,-1.0,630.0,-10135.0,1.0,-2.0,9243.0,-21057.0,3717.75158,3719.58247,3801.89735,-1.830889999999727,-84.14577000000008,0.0,-9505.0,-1.0,-11814.0,-0.046168818676655315,-0.3968004984214536,0.157,0.42007001166861146,
20251219,3700.6311,3734.2636,3743.2922,3696.9909,420505.0,-21330.0,260333.0,0.0,-1.0,0.0,-12449.0,1.0,-2.0,8237.0,-20497.0,3724.12416,3713.8083,3795.878374999999,10.31586000000061,-71.75421499999902,-1.0,-12449.0,-1.0,-12260.0,-0.050724723843949535,-0.3961443290635668,0.1634,0.4947491248541423,0.1129
20251222,3700.3025,3716.1258,3723.3136,3676.3886,421270.0,765.0,254932.0,0.0,-1.0,0.0,-13652.0,1.0,-2.0,10658.0,-17489.0,3725.44874,3709.96316,3786.0602,15.48557999999957,-60.61146000000008,-1.0,-13652.0,-1.0,-6831.0,0.0018159375222541363,-0.2880537476696014,0.1625,0.48424737456242717,
20251223,3597.3093,3707.3604,3732.4533,3581.8996,475591.0,54321.0,493349.0,2.0,-1.0,6248.0,-12771.0,1.0,-1.0,1839.0,-11210.0,3694.13224,3696.05313,3771.42843,-1.920890000000327,-77.29619000000002,1.0,-6523.0,0.0,-9371.0,0.11421788890033663,-0.02533309787946,0.191,0.8139810426540285,
20251224,3789.9421,3602.4307,3796.1377,3593.7651,423194.0,-52397.0,737414.0,0.0,-2.0,0.0,-13640.0,1.0,-2.0,7937.0,-9998.0,3705.6892,3702.58446,3765.29124,3.10473999999931,-59.60204000000022,-2.0,-13640.0,-1.0,-2061.0,-0.12381319205848854,-0.3898994782584023,0.1785,0.6658767772511848,
20251225,3791.7552,3788.6333,3828.4376,3751.5031,394160.0,-29034.0,584908.0,0.0,-2.0,0.0,-9885.0,1.0,-1.0,5584.0,-18088.0,3715.98804,3716.86981,3760.34644,-0.8817699999999604,-44.35839999999962,-2.0,-9885.0,0.0,-12504.0,-0.07366044245991475,-0.4136854532255911,0.1724,0.5936018957345971,
20251226,3822.634,3815.7361,3826.9173,3765.6197,372773.0,-21387.0,388885.0,1.0,-1.0,535.0,-9026.0,1.0,-1.0,3494.0,-14857.0,3740.38862,3732.25639,3756.049025,8.132230000000163,-15.66040500000008,0.0,-8491.0,0.0,-11363.0,-0.05737271744466472,-0.5131530709724935,0.1782,0.6623222748815166,0.1774
20251229,3796.5939,3830.3403,3830.3403,3784.8124,350853.0,-21920.0,246311.0,0.0,-2.0,0.0,-9148.0,1.0,-2.0,2895.0,-13740.0,3759.6469,3742.54782,3750.460389999999,17.09907999999996,9.186510000000453,-2.0,-9148.0,-1.0,-10845.0,-0.06247630774141877,-0.6442606470258588,0.1789,0.6706161137440759,
20251230,3827.3762,3791.9526,3856.4359,3777.5896,341313.0,-9540.0,249499.0,1.0,-2.0,4257.0,-11019.0,2.0,-1.0,6588.0,-14555.0,3805.66028,3749.89626,3746.484165,55.76402000000007,59.17611499999975,-1.0,-6762.0,1.0,-7967.0,-0.027950883792882193,-0.7460493091539616,0.1756,0.6315165876777252,
20251231,3787.4663,3817.451,3846.9753,3772.7728,336419.0,-4894.0,269379.0,1.0,-2.0,4478.0,-11211.0,2.0,-1.0,7438.0,-13977.0,3805.16512,3755.42716,3743.21682,49.73795999999993,61.94830000000002,-1.0,-6733.0,1.0,-6539.0,-0.014547335316970802,-0.8405581570150013,0.1707,0.5734597156398104,0.2419
20260105,3721.0739,3788.6424,3810.2429,3702.5557,359674.0,23255.0,270737.0,1.0,-2.0,5284.0,-15617.0,2.0,-1.0,8765.0,-14471.0,3791.02886,3753.50845,3736.54546,37.52040999999963,54.48340000000007,-1.0,-10333.0,1.0,-5706.0,0.06465577161540728,-0.9751469383654032,0.1642,0.4964454976303319,
20260106,3822.1771,3733.3202,3832.0782,3733.3202,356777.0,-2897.0,292117.0,0.0,-3.0,0.0,-15606.0,2.0,-1.0,12907.0,-11749.0,3790.93748,3765.66305,3739.735675,25.27442999999948,51.20180499999969,-3.0,-15606.0,1.0,1158.0,-0.008119918044044319,-0.7888376852715228,0.1791,0.6729857819905215,
20260107,3863.9433,3818.1147,3884.9509,3800.7193,352778.0,-3999.0,396338.0,1.0,-2.0,4149.0,-8422.0,1.0,-1.0,8477.0,-16452.0,3804.40736,3782.02713,3745.995145,22.38022999999976,58.41221499999983,-1.0,-4273.0,0.0,-7975.0,-0.01133574089087188,-0.7062226885619991,0.1917,0.8222748815165878,
20260108,3832.0063,3864.6999,3894.6338,3810.7917,363111.0,10333.0,298271.0,2.0,0.0,4500.0,-1877.0,1.0,-2.0,8715.0,-18891.0,3805.33338,3805.496829999999,3750.774980000001,-0.1634499999991021,54.55839999999944,2.0,2623.0,-1.0,-10176.0,0.02845686305289567,-0.8403391763889085,0.1896,0.7973933649289099,
20260109,3851.6935,3844.2011,3865.2219,3802.2669,366779.0,3668.0,235457.0,1.0,-2.0,4637.0,-6150.0,1.0,-2.0,9914.0,-21652.0,3818.17882,3811.671969999999,3757.128215,6.506850000000668,61.05060500000036,-1.0,-1513.0,-1.0,-11738.0,0.010000572551863656,-0.8614624838695378,0.2014,0.9372037914691943,0.5806
20260112,3864.544,3841.8091,3886.724,3813.2883,370546.0,3767.0,286573.0,1.0,-1.0,4960.0,-2741.0,1.0,-1.0,7843.0,-17496.0,3846.87284,3818.95085,3767.91033,27.92199000000028,78.96250999999984,0.0,2219.0,0.0,-9653.0,0.010166079245221915,-0.8414825054253369,0.2189,1.0,
20260113,3803.017,3863.6514,3863.6514,3782.6185,396398.0,25852.0,345963.0,1.0,-1.0,4788.0,-6373.0,1.0,-1.0,12131.0,-16540.0,3843.04082,3816.98915,3774.622769999999,26.05166999999983,68.41805000000022,0.0,-1585.0,0.0,-4409.0,0.06521728162099708,-0.8717718216215888,0.2118,0.9265010351966871,
20260114,3852.4929,3812.5299,3877.2855,3812.5299,391195.0,-5203.0,278168.0,1.0,-2.0,4558.0,-7555.0,1.0,-2.0,15432.0,-16440.0,3840.75074,3822.579049999999,3782.563435,18.17169000000104,58.18730500000038,-1.0,-2997.0,-1.0,-1008.0,-0.013300272242743388,-1.1398580638006472,0.2209,1.0,
20260115,3804.4723,3868.7613,3879.0184,3774.6027,405354.0,14159.0,303999.0,0.0,-1.0,0.0,-1732.0,2.0,-1.0,12167.0,-17516.0,3835.24394,3820.28866,3785.092460000001,14.95528000000058,50.15147999999954,-1.0,-1732.0,1.0,-5349.0,0.03492996245257232,-0.9056230646120198,0.2091,0.8803245436105476,
20260116,3783.0786,3804.2239,3822.888,3746.6732,398261.0,-7093.0,271356.0,0.0,-1.0,0.0,-2581.0,1.0,-2.0,18319.0,-18756.0,3821.52096,3819.84989,3787.638525,1.671070000000327,33.88243500000044,-1.0,-2581.0,-1.0,-437.0,-0.017809928664870526,-0.9103749249976067,0.2047,0.8328173374613002,0.5161
20260119,3742.9187,3786.7408,3798.3101,3726.7879,411457.0,13196.0,211945.0,0.0,-1.0,0.0,-2455.0,1.0,-2.0,16989.0,-19804.0,3797.1959,3822.03437,3787.77141,-24.83846999999969,9.424490000000333,-1.0,-2455.0,-1.0,-2815.0,0.0320713950667992,-0.790239322835014,0.181,0.5843749999999999,
20260120,3661.2233,3744.1167,3746.6863,3659.511,446088.0,34631.0,271639.0,0.0,-1.0,0.0,-1991.0,1.0,-2.0,17115.0,-21809.0,3768.83716,3805.93899,3785.80102,-37.10182999999961,-16.9638600000003,-1.0,-1991.0,-1.0,-4694.0,0.07763266440702284,-0.6813899072066304,0.178,0.5080275229357796,
20260121,3675.3072,3665.1792,3693.1428,3643.7428,453468.0,7380.0,236946.0,0.0,-1.0,34.0,-2651.0,1.0,-2.0,17632.0,-21763.0,3733.40002,3787.07538,3784.551255,-53.67535999999973,-51.15123499999982,-1.0,-2617.0,-1.0,-4131.0,0.016274577257932202,-0.6696222352692746,0.183,0.565366972477064,
20260122,3831.7183,3686.5644,3832.3256,3679.3022,433077.0,-20391.0,419417.0,1.0,-1.0,490.0,-4810.0,1.0,-2.0,21803.0,-20145.0,3738.84922,3787.04658,3796.271705,-48.19735999999966,-57.42248500000005,0.0,-4320.0,-1.0,1658.0,-0.047084005846535375,-1.1084841794291012,0.2186,0.9736238532110089,
20260123,3981.2521,3815.147,3981.3779,3812.6566,482246.0,49169.0,799713.0,1.0,-1.0,2306.0,-7253.0,1.0,-2.0,20112.0,-12435.0,3778.48392,3800.00244,3805.837205000001,-21.51852000000008,-27.3532850000006,0.0,-4947.0,-1.0,7677.0,0.10195833661658157,-1.3147258698483912,0.2881,1.0,0.6935
20260126,3980.3316,4007.3272,4030.1634,3957.6954,461465.0,-20781.0,585905.0,2.0,-1.0,7507.0,-6244.0,1.0,-2.0,16737.0,-16005.0,3825.9665,3811.5812,3815.266025,14.38530000000037,10.7004750000001,1.0,1263.0,-1.0,732.0,-0.045032667699608855,-1.3528532395240016,0.2645,0.8386876281613124,
20260127,3924.9309,3987.7371,3987.7371,3913.1535,453880.0,-7585.0,437461.0,1.0,-1.0,7194.0,-6970.0,1.0,-2.0,17844.0,-23133.0,3878.70802,3823.77259,3820.38087,54.93543,58.32714999999962,0.0,224.0,-1.0,-5289.0,-0.016711465585617345,-1.2189431802629471,0.2337,0.6271418779986291,
20260128,3957.3084,3927.6756,3977.5034,3906.2648,460627.0,6747.0,444112.0,1.0,-1.0,6906.0,-7914.0,1.0,-2.0,17241.0,-25989.0,3935.10826,3834.25414,3828.416595,100.85412,106.6916649999998,0.0,-1008.0,-1.0,-8748.0,0.014647426225557772,-0.8289608290778424,0.2324,0.6182316655243316,
20260129,3944.7428,3956.0461,3972.0589,3894.4893,450852.0,-9775.0,459288.0,1.0,-1.0,6113.0,-8555.0,1.0,-2.0,18698.0,-23636.0,3957.71316,3848.28119,3834.284925,109.4319700000001,123.4282350000003,0.0,-2442.0,-1.0,-4938.0,-0.021681172535554905,-0.8679473847614987,0.2285,0.5915010281014393,
20260130,3901.8263,3950.1234,4011.6313,3862.4974,453256.0,2404.0,624028.0,1.0,-1.0,5782.0,-7070.0,1.0,-2.0,18051.0,-31206.0,3941.828,3860.15596,3840.002925,81.67203999999992,101.8250750000002,0.0,-1288.0,-1.0,-13155.0,0.005303845950191503,-0.899077264611711,0.2326,0.6196024674434544,0.8387
20260202,3759.1128,3904.2597,3933.5346,3743.2846,450264.0,-2992.0,533352.0,2.0,-1.0,5588.0,-2018.0,1.0,-2.0,19123.0,-34539.0,3897.584239999999,3861.77537,3841.90487,35.80886999999893,55.67936999999938,1.0,3570.0,-1.0,-15416.0,-0.006644990494465469,-0.7472453956364855,0.2145,0.4955448937628512,
20260203,3760.8492,3774.0311,3800.8456,3728.7855,473515.0,23251.0,341349.0,1.0,-2.0,6445.0,-8038.0,1.0,-2.0,19173.0,-35362.0,3864.7679,3871.73796,3838.838475,-6.970060000000103,25.92942499999936,-1.0,-1593.0,-1.0,-16189.0,0.04910298512190744,-0.6452282608002826,0.1931,0.3488690884167237,
20260204,3783.81,3763.1255,3802.8934,3746.0444,482573.0,9058.0,306188.0,2.0,-1.0,9271.0,-8447.0,1.0,-2.0,20799.0,-36036.0,3830.06822,3882.58824,3834.831810000001,-52.52002000000039,-4.763590000000931,1.0,824.0,-1.0,-15237.0,0.018770217148493595,-0.703237162327283,0.2157,0.5037697052775874,
20260205,3742.4981,3782.6853,3794.1642,3719.7551,484712.0,2139.0,336732.0,2.0,-1.0,9075.0,-10417.0,1.0,-2.0,21616.0,-34250.0,3789.61928,3873.66622,3830.3564,-84.04694000000018,-40.73711999999978,1.0,-1342.0,-1.0,-12634.0,0.004412929739721731,-0.5828866886152034,0.2034,0.4194653872515421,
20260206,3740.9229,3731.4305,3777.0844,3706.6395,492849.0,8137.0,284077.0,2.0,-1.0,9618.0,-11433.0,1.0,-2.0,14927.0,-26107.0,3757.4386,3849.6333,3824.81787,-92.19470000000001,-67.37927000000036,1.0,-1815.0,-1.0,-11180.0,0.01651012784848909,-1.1203034675335488,0.207,0.4441398217957504,0.9839
20260209,3738.2522,3734.447,3761.9872,3715.3779,509433.0,16584.0,243039.0,2.0,-1.0,10890.0,-14918.0,1.0,-2.0,18626.0,-27177.0,3753.26648,3825.42536,3818.503279999999,-72.15888000000041,-65.23679999999968,1.0,-4028.0,-1.0,-8551.0,0.03255383926836306,-1.1329434783203534,0.2008,0.4016449623029472,
20260210,3732.2348,3740.9507,3752.5733,3711.0113,525270.0,15837.0,218258.0,2.0,-1.0,11083.0,-17067.0,1.0,-2.0,16535.0,-24226.0,3747.5436,3806.15575,3814.96417,-58.61215000000038,-67.42057000000023,1.0,-5984.0,-1.0,-7691.0,0.0301502084642184,-1.0675873996172989,0.2001,0.3968471555860178,
20260211,3763.5025,3740.333,3794.6527,3727.2163,510629.0,-14641.0,284379.0,2.0,-1.0,8312.0,-17008.0,1.0,-2.0,13960.0,-18405.0,3743.4821,3786.77516,3810.51465,-43.29306000000042,-67.03255000000036,1.0,-8696.0,-1.0,-4445.0,-0.028672480411414156,-1.1551937943869512,0.1934,0.3509252912954077,
20260212,3723.9132,3779.6753,3779.6753,3723.0651,515949.0,5320.0,210364.0,2.0,-1.0,7217.0,-16740.0,1.0,-2.0,14153.0,-16562.0,3739.76512,3764.6922,3806.486695,-24.92707999999993,-66.72157499999958,1.0,-9523.0,-1.0,-2409.0,0.01031109663939653,-1.0604070761829567,0.2029,0.41603838245373537,
20260213,3680.948,3732.8348,3734.807,3672.6864,510776.0,-5173.0,202896.0,2.0,-1.0,1016.0,-16938.0,1.0,-2.0,18032.0,-18433.0,3727.77014,3742.60437,3801.380165,-14.83423000000039,-73.6100250000004,1.0,-15922.0,-1.0,-401.0,-0.010127727222892227,-0.974700491601098,0.1949,0.3612063056888279,0.629
20260224,3739.0272,3726.3949,3761.3663,3709.131,522576.0,11800.0,204201.0,1.0,-1.0,1534.0,-17795.0,1.0,-2.0,19029.0,-15333.0,3727.92514,3740.59581,3801.18559,-12.67066999999952,-73.26044999999976,0.0,-16261.0,-1.0,3696.0,0.02258044762867028,-1.1121489215995737,0.1909,0.3337902673063741,
20260225,3749.0887,3749.3284,3789.8678,3741.054,530485.0,7909.0,275470.0,2.0,-1.0,10209.0,-16672.0,1.0,-2.0,15589.0,-20342.0,3731.29592,3739.41976,3805.57886,-8.1238400000002,-74.28294000000051,1.0,-6463.0,-1.0,-4753.0,0.014908998369416665,-0.9957156293457912,0.1796,0.25633995887594246,
20260226,3704.8223,3742.1758,3771.3893,3690.9813,575495.0,45010.0,307602.0,2.0,-1.0,12721.0,-17735.0,1.0,-2.0,9036.0,-22389.0,3719.55988,3731.52099,3807.054615,-11.96111000000019,-87.49473500000022,1.0,-5014.0,-1.0,-13353.0,0.07821093145900486,-1.1284520179360606,0.178,0.24537354352296087,
20260227,3710.5705,3688.8186,3755.2614,3668.2694,575643.0,148.0,429410.0,2.0,-1.0,12496.0,-14684.0,1.0,-2.0,11437.0,-25620.0,3716.89134,3728.32823,3800.997225,-11.4368900000004,-84.1058850000004,1.0,-2188.0,-1.0,-14183.0,0.000257103795234199,-1.21529404205726,0.1848,0.2919808087731322,0.629
20260302,3931.8873,3739.6916,3932.6517,3700.2981,543644.0,-31999.0,1068133.0,2.0,-1.0,8803.0,-11464.0,1.0,-2.0,20432.0,-15118.0,3767.0792,3747.42467,3798.528984999999,19.6545299999998,-31.44978499999934,1.0,-2661.0,-1.0,5314.0,-0.05886020999036134,-1.4478407221035663,0.2318,0.6141192597669637,
20260303,4028.1752,3949.3214,4029.2883,3878.2159,513476.0,-30168.0,1109700.0,1.0,-1.0,6076.0,-9672.0,2.0,-1.0,25884.0,-9498.0,3824.9088,3776.41697,3800.921165,48.49182999999994,23.98763499999995,0.0,-3596.0,1.0,16386.0,-0.058752502551239004,-1.199058329555019,0.2593,0.8026045236463328,
20260304,4075.6835,4088.8442,4220.1523,3960.8585,489443.0,-24033.0,1357574.0,0.0,-1.0,309.0,-3083.0,1.0,-2.0,23379.0,-14116.0,3890.22776,3810.76184,3808.458795,79.4659200000001,81.76896500000021,-1.0,-2774.0,-1.0,9263.0,-0.049102755581344505,-0.8165550064171156,0.3076,1.0,
20260305,4175.8489,4037.0299,4312.3729,3993.467,512864.0,23421.0,1480077.0,0.0,-1.0,0.0,-7359.0,1.0,-2.0,26569.0,-10825.0,3984.43308,3851.99648,3819.38582,132.4365999999995,165.0472599999994,-1.0,-7359.0,-1.0,15744.0,0.04566707743183378,-0.8482066894209793,0.3331,1.0,
20260306,4364.3412,4216.0662,4385.328,4146.4312,557380.0,44516.0,1264827.0,0.0,-1.0,0.0,-14955.0,1.0,-1.0,33015.0,-6169.0,4115.18722,3916.03928,3840.36574,199.1479399999998,274.8214800000001,-1.0,-14955.0,0.0,26846.0,0.07986651835372637,-0.706720417656395,0.3786,1.0,0.8871
20260309,4575.6483,4554.9125,4576.1052,4471.8115,532918.0,-24462.0,658634.0,1.0,-1.0,4217.0,-16818.0,1.0,-1.0,33967.0,-5201.0,4243.939420000001,4005.50931,3874.05684,238.4301100000007,369.8825800000009,0.0,-12601.0,0.0,28766.0,-0.045901996179524805,-0.3530818985105832,0.5235,1.0,
20260310,4299.1584,4676.2973,4678.6937,4101.9492,442108.0,-90810.0,1267606.0,1.0,-1.0,6426.0,-11512.0,1.0,-2.0,38356.0,-16684.0,4298.13606,4061.52243,3901.05912,236.6136299999998,397.0769399999995,0.0,-5086.0,-1.0,21672.0,-0.2054022998905245,-0.5630185113841817,0.3347,0.49124225276205874,
20260311,4544.5847,4338.564,4603.1497,4191.5277,479388.0,37280.0,1099468.0,1.0,-1.0,6256.0,-13928.0,1.0,-1.0,41300.0,-10799.0,4391.9163,4141.07203,3940.245895,250.8442699999996,451.6704049999998,0.0,-7672.0,0.0,30501.0,0.07776581808472469,-0.4184523797766716,0.4876,0.9032605766639719,
20260312,4629.4638,4604.732,4897.2438,4604.3432,475592.0,-3796.0,1343736.0,1.0,-1.0,5414.0,-14876.0,2.0,0.0,38226.0,0.0,4482.63928,4233.53618,3982.528585,249.1031000000003,500.1106950000003,0.0,-9462.0,2.0,38226.0,-0.00798163131423573,-0.9037782974293066,0.5736,1.0,
20260313,4713.1496,4665.2644,4847.4996,4600.9941,485432.0,9840.0,1069371.0,1.0,-1.0,4790.0,-17716.0,3.0,0.0,49939.0,0.0,4552.400960000001,4333.79409,4031.06116,218.6068700000005,521.3398000000011,0.0,-12926.0,3.0,49939.0,0.02027060432769162,-1.0041774019501617,0.5493,0.9416706673067691,0.7258
20260316,4880.1943,4651.7424,5057.3548,4625.1135,501950.0,16518.0,1008576.0,1.0,-1.0,4837.0,-19058.0,3.0,0.0,53880.0,0.0,4613.31016,4428.62479,4088.02473,184.6853700000001,525.2854300000004,0.0,-14221.0,3.0,53880.0,0.03290766012551051,-1.4239819858356697,0.5973,1.0,
20260317,4809.0881,4825.0767,4860.909,4661.1465,487805.0,-14145.0,746475.0,1.0,-1.0,4447.0,-19050.0,2.0,-1.0,43895.0,-3313.0,4715.2961,4506.71608,4141.566525,208.5800200000003,573.7295750000003,0.0,-14603.0,1.0,40582.0,-0.028997242750689312,-1.2821392239445657,0.5194,0.8230751760163523,
20260318,4832.6903,4761.6192,4974.2191,4754.5291,478965.0,-8840.0,805174.0,1.0,-1.0,3590.0,-19738.0,3.0,0.0,48445.0,0.0,4772.91722,4582.41676,4196.589300000001,190.5004600000002,576.3279199999997,0.0,-16148.0,3.0,48445.0,-0.018456463415907218,-1.2974649833664176,0.5124,0.8071769248239835,
20260319,5193.9959,5007.7171,5326.3383,5007.7171,484050.0,5085.0,1083856.0,0.0,-1.0,0.0,-20502.0,3.0,0.0,48686.0,0.0,4885.823640000001,4684.231460000001,4268.11397,201.5921799999996,617.7096700000002,-1.0,-20502.0,3.0,48686.0,0.010505113108149984,-1.78318052141916,0.661,1.0,
20260320,5306.5178,5159.631,5336.9998,4902.8393,500419.0,16369.0,1091359.0,1.0,-1.0,3967.0,-21886.0,3.0,0.0,61239.0,0.0,5004.49728,4778.44912,4347.2442,226.0481599999994,657.2530799999995,0.0,-17919.0,3.0,61239.0,0.03271058852681453,-2.034652150860003,0.692,1.0,0.5968
20260323,5540.2491,5355.6071,5590.2756,5267.4383,502014.0,1595.0,1038371.0,0.0,-1.0,0.0,-23038.0,3.0,0.0,51778.0,0.0,5136.50824,4874.9092,4440.209255,261.5990400000001,696.2989850000004,-1.0,-23038.0,3.0,51778.0,0.0031772022294198968,-2.523988655044777,0.7257,1.0,
20260324,5099.6498,5190.13,5416.036,5089.8666,464351.0,-37663.0,1018995.0,0.0,-1.0,0.0,-17446.0,2.0,-1.0,39073.0,-4349.0,5194.62058,4954.95834,4508.240385,239.6622399999997,686.3801949999997,-1.0,-17446.0,1.0,34724.0,-0.08110890253278231,-1.721988152112404,0.6522,0.8694957386363636,
20260325,5010.8995,5195.0687,5214.6423,4754.8339,444490.0,-19861.0,952635.0,0.0,-1.0,0.0,-11912.0,1.0,-2.0,37160.0,-8051.0,5230.262420000001,5001.58982,4571.330925,228.6726000000008,658.9314950000007,-1.0,-11912.0,-1.0,29109.0,-0.0446826700263223,-1.4308183152285114,0.583,0.7466264204545454,
20260326,5043.6276,4988.9159,5115.0547,4904.2074,455097.0,10607.0,823990.0,0.0,-1.0,0.0,-12007.0,1.0,-2.0,34442.0,-17879.0,5200.18876,5043.0062,4638.271189999999,157.1825600000002,561.9175700000005,-1.0,-12007.0,-1.0,16563.0,0.023307119141633543,-1.5413961246455232,0.5129,0.6210151380231523,
20260327,5239.8143,5166.1914,5251.6486,5038.1992,471123.0,16026.0,897763.0,0.0,-1.0,0.0,-11601.0,2.0,-2.0,35431.0,-14510.0,5186.84806,5095.67267,4714.733380000001,91.17539000000033,472.1146799999997,-1.0,-11601.0,0.0,20921.0,0.03401659439254717,0.6162199330668444,0.5479,0.6833481745325023,0.6452
20260330,5328.129,5314.236,5510.7649,5276.6289,481500.0,10377.0,983527.0,0.0,-1.0,0.0,-13855.0,3.0,-1.0,31969.0,-703.0,5144.42404,5140.46614,4784.545465,3.957900000000336,359.8785749999997,-1.0,-13855.0,2.0,31266.0,0.021551401869158878,0.6093492863692253,0.5842,0.7479964381121995,
20260331,5187.0346,5302.834,5483.5459,5116.2106,461738.0,-19762.0,1287970.0,0.0,-1.0,0.0,-10882.0,2.0,-2.0,30917.0,-11534.0,5161.901,5178.26079,4842.488435000001,-16.35979000000043,319.4125649999987,-1.0,-10882.0,0.0,19383.0,-0.04279916316179305,0.7314461856927571,0.5341,0.6587711487088157,
20260401,4832.5182,5211.495,5260.7827,4821.1264,480253.0,18515.0,1338078.0,1.0,-1.0,0.0,-8194.0,1.0,-2.0,31801.0,-23254.0,5126.22474,5178.24358,4880.330169999999,-52.01884000000064,245.8945700000004,0.0,-8194.0,-1.0,8547.0,0.03855259623573408,0.5122478935033281,0.5198,0.6333036509349956,
20260402,5096.3639,4910.388,5192.3774,4793.5655,504813.0,24560.0,1300996.0,0.0,-1.0,0.0,-12262.0,1.0,-2.0,32455.0,-14657.0,5136.772,5168.48038,4926.35592,-31.70838000000003,210.41608,-1.0,-12262.0,-1.0,17798.0,0.04865167893853763,0.9024750488009898,0.5791,0.738913624220837,
20260403,5149.6156,5231.685,5273.2373,4928.4769,504781.0,-32.0,1191507.0,0.0,-1.0,0.0,-7503.0,1.0,-2.0,33665.0,-19529.0,5118.73226,5152.79016,4965.61964,-34.05789999999979,153.1126199999999,-1.0,-7503.0,-1.0,14136.0,-6.339382821461188e-05,1.007389475436212,0.5894,0.7572573463935887,0.4032
20260407,5619.4422,5300.0539,5636.156,5242.1992,584530.0,79749.0,924460.0,0.0,-1.0,0.0,-14725.0,2.0,-1.0,40541.0,-3384.0,5176.9949,5160.70947,5017.809335,16.28542999999991,159.1855649999998,-1.0,-14725.0,1.0,37157.0,0.13643268951123125,0.4878775852377635,0.6824,0.9228851291184328,
20260408,5039.3933,5646.5169,5725.2984,4918.8112,510349.0,-74181.0,2027519.0,0.0,-1.0,0.0,-9747.0,2.0,-1.0,28977.0,-11855.0,5147.466640000001,5154.68382,5054.82108,-7.217179999999644,92.64556000000084,-1.0,-9747.0,1.0,17122.0,-0.14535347379930205,1.1186103939267862,0.5281,0.6392185503012597,
20260409,5103.7994,4986.4466,5181.438,4929.4692,511078.0,729.0,1244103.0,0.0,-1.0,0.0,-7945.0,1.0,-2.0,27970.0,-20856.0,5201.72288,5163.97381,5082.781815,37.74906999999985,118.941065,-1.0,-7945.0,-1.0,7114.0,0.0014263967535288156,1.0259473514756254,0.5072,0.6010589738908161,0.1935
