,收盘价,开盘价,最高价,最低价,持仓量,持仓量变动,成交量,家人多头席位数,家人空头席位数,家人多头持仓量,家人空头持仓量,机构多头席位数,机构空头席位数,机构多头持仓量,机构空头持仓量,ma5,ma10,ma20,diff5_10,diff5_20,家人净多头席位,家人净多头持仓量,机构净多头席位,机构净多头持仓量,持仓量变幅,CB_index,IV,IV_pct,趋势排名分位数
20240506,262309.5938,258171.2031,263058.1875,256988.2344,73663.0,-918.0,73082.0,2.0,-1.0,955.0,-40.0,1.0,-2.0,0.0,-2332.0,261115.21878,262998.93908,254260.145335,-1883.720300000045,6855.073445000045,1.0,915.0,-1.0,-2332.0,-0.012462158749983031,-0.1481311415455193,,,
20240507,261003.1719,262307.1875,267114.7188,260439.2031,80178.0,6515.0,165815.0,2.0,0.0,2496.0,0.0,0.0,-3.0,0.0,-3545.0,261298.20004,262671.36564,255907.962525,-1373.165600000066,5390.237514999957,2.0,2496.0,-3.0,-3545.0,0.08125670383396942,-0.1685541841683513,,,
20240508,257702.0781,261611.1719,264119.3438,257170.4688,78901.0,-1277.0,173042.0,1.0,0.0,1332.0,0.0,1.0,-3.0,0.0,-3644.0,260141.4719,261174.6922,257386.200805,-1033.220300000015,2755.271095000033,1.0,1332.0,-2.0,-3644.0,-0.01618483922890711,-0.227514210895594,,,
20240509,259847.4531,258414.4531,261787.5781,258011.3594,78285.0,-616.0,141737.0,2.0,-1.0,704.0,-194.0,1.0,-3.0,128.0,-2923.0,260234.25626,259541.23126,258634.171895,693.0249999999651,1600.084364999988,1.0,510.0,-2.0,-2795.0,-0.00786868493325669,-0.2316604721119433,,,
20240510,268411.2813,260559.4219,268789.2813,260160.9375,84189.0,5904.0,188356.0,0.0,-1.0,0.0,-817.0,1.0,-2.0,1529.0,-2193.0,261854.71564,260968.60314,260144.35627,886.1124999999593,1710.359369999962,-1.0,-817.0,-1.0,-664.0,0.07012792645119909,-0.1539685580876896,,,0.3651
20240513,263751.9063,266529.125,266591.0938,258459.3281,82457.0,-1732.0,185100.0,1.0,-1.0,14.0,0.0,1.0,-2.0,777.0,-2717.0,262143.17814,261629.19846,260702.96799,513.9796800000186,1440.210150000057,0.0,14.0,-1.0,-1940.0,-0.02100488739585481,-0.2517503167646447,,,
20240514,273536.8125,264692.1563,274240.5625,264588.0,93028.0,10571.0,237128.0,0.0,-1.0,0.0,-904.0,2.0,-2.0,578.0,-2186.0,264649.90626,262974.05315,261949.985175,1675.853110000025,2699.921085000038,-1.0,-904.0,0.0,-1608.0,0.11363245474480801,-0.2137455317986919,,,
20240515,277985.375,272517.3125,278823.125,270981.375,98602.0,5574.0,247397.0,1.0,-1.0,1167.0,-935.0,2.0,-2.0,436.0,-1790.0,268706.56564,264424.01877,263104.24533,4282.54687000002,5602.320310000039,0.0,232.0,0.0,-1354.0,0.05653029350317438,-0.2002090616663692,,,
20240516,274182.2188,276795.7813,279060.1563,270743.8438,93433.0,-5169.0,273346.0,1.0,-1.0,681.0,-747.0,2.0,-2.0,622.0,-1982.0,271573.51878,265903.88752,263833.1258,5669.631259999995,7740.392980000004,0.0,-66.0,0.0,-1360.0,-0.055323065726242335,-0.3246523306994313,,,
20240517,277768.125,273646.9688,278586.8125,272178.8125,87061.0,-6372.0,194613.0,1.0,0.0,649.0,0.0,2.0,-2.0,523.0,-1428.0,273444.88752,267649.80158,264997.110955,5795.085939999961,8447.77656499995,1.0,649.0,0.0,-905.0,-0.07319006214033838,-0.0609130087267083,,,0.4531
20240520,278000.5,279034.5313,291042.4063,275953.625,89272.0,2211.0,309954.0,1.0,0.0,792.0,0.0,1.0,-2.0,273.0,-1424.0,276294.60626,269218.8922,266108.91564,7075.714059999969,10185.69062000001,1.0,792.0,-1.0,-1151.0,0.024767004211846938,-0.2613058743946689,,,
20240521,280523.0,276755.875,283570.5625,272871.625,89148.0,-124.0,236217.0,1.0,0.0,1451.0,0.0,1.0,-3.0,0.0,-2118.0,277691.84376,271170.87501,266921.120325,6520.96875,10770.72343499999,1.0,1451.0,-2.0,-2118.0,-0.001390945394175977,-0.1067388089945757,,,
20240522,278546.0,281670.5313,284430.9375,275944.8125,87153.0,-1995.0,176667.0,1.0,0.0,1292.0,0.0,1.0,-3.0,0.0,-2040.0,277803.96876,273255.2672,267214.9797,4548.701559999958,10588.98905999999,1.0,1292.0,-2.0,-2040.0,-0.02289077828646174,-0.1248475234639966,,,
20240523,271372.5313,276295.25,278352.7188,270443.5625,84515.0,-2638.0,175984.0,1.0,0.0,1185.0,0.0,0.0,-3.0,0.0,-3199.0,277242.03126,274407.7750199999,266974.50314,2834.256240000017,10267.52811999997,1.0,1185.0,-3.0,-3199.0,-0.031213394072058216,-0.1575745421971685,,,
20240524,274223.2188,273015.5938,276115.375,269935.6563,82028.0,-2487.0,138110.0,2.0,-1.0,1118.0,-272.0,0.0,-3.0,0.0,-3528.0,276533.05002,274988.96877,267978.785955,1544.081249999988,8554.264064999996,1.0,846.0,-3.0,-3528.0,-0.03031891549227093,-0.1588209392518257,,,0.3594
20240527,273134.1563,274675.8125,274783.375,270612.7813,82338.0,310.0,113272.0,1.0,0.0,1353.0,0.0,1.0,-3.0,0.0,-1836.0,275559.78128,275927.19377,268778.196115,-367.4124899999588,6781.585164999997,1.0,1353.0,-2.0,-1836.0,0.003764968787194248,-0.1991710447427552,,,
20240528,277681.5938,274290.3438,282149.5,273814.8125,91049.0,8711.0,156653.0,1.0,-1.0,1443.0,-588.0,2.0,-3.0,233.0,-1910.0,274991.50004,276341.6719,269657.8625249999,-1350.171860000002,5333.637515000009,0.0,855.0,-1.0,-1677.0,0.09567375808630518,-0.1116653666292711,,,
20240529,282451.7188,279003.75,282747.1875,277129.9063,90728.0,-321.0,146587.0,1.0,0.0,1040.0,0.0,2.0,-1.0,3179.0,-1702.0,275772.6438,276788.30628,270606.1625249999,-1015.662480000057,5166.481275000027,1.0,1040.0,1.0,1477.0,-0.0035380477912000706,-0.2112762770249979,,,
20240530,275673.9375,280589.8438,283036.0313,275256.0625,92738.0,2010.0,173547.0,1.0,0.0,1685.0,0.0,2.0,-2.0,782.0,-1734.0,276632.92504,276937.47815,271420.682835,-304.5531099999789,5212.242205000017,1.0,1685.0,0.0,-952.0,0.02167396320817788,-0.3668992984499662,,,
20240531,275433.3438,274560.1875,276346.75,272119.0625,86687.0,-6051.0,122455.0,1.0,0.0,1790.0,0.0,1.0,-2.0,918.0,-2099.0,276874.9500399999,276704.00003,272176.900805,170.9500099999132,4698.049234999926,1.0,1790.0,-1.0,-1181.0,-0.06980285394580503,-0.0702956190338569,,,0.4688
20240603,267341.4688,276811.25,279748.9688,265834.3438,92101.0,5414.0,191348.0,1.0,0.0,1420.0,0.0,1.0,-2.0,982.0,-2185.0,275716.41254,275638.09691,272428.494555,78.31563000002643,3287.917985000007,1.0,1420.0,-1.0,-1203.0,0.05878329225524153,-0.1089241621460355,,,
20240604,268353.25,269431.5,269978.5938,265506.2813,84426.0,-7675.0,122578.0,1.0,0.0,1126.0,0.0,1.0,-2.0,1773.0,-2321.0,273850.74378,274421.12191,272795.99846,-570.3781299999682,1054.745320000045,1.0,1126.0,-1.0,-548.0,-0.09090801411887334,0.002551907983281,,,
20240605,258889.1563,265517.8438,266609.25,258858.6094,88237.0,3811.0,136457.0,1.0,0.0,1178.0,0.0,2.0,-2.0,687.0,-1643.0,269138.23128,272455.43754,272855.35237,-3317.206259999948,-3717.12109000003,1.0,1178.0,0.0,-956.0,0.04319049831703254,-0.0779552430402886,,,
20240606,263339.8125,260126.7031,264755.4688,257942.2813,83703.0,-4534.0,139249.0,1.0,0.0,1111.0,0.0,1.0,-2.0,1411.0,-2345.0,266671.40628,271652.16566,273029.97034,-4980.759380000003,-6358.564060000004,1.0,1111.0,-1.0,-934.0,-0.05416771202943742,-0.0355003472723683,,,
20240607,268093.5313,264626.5938,269089.6875,263289.5625,84865.0,1162.0,128420.0,1.0,0.0,1186.0,0.0,2.0,-1.0,2345.0,-915.0,265203.44378,271039.19691,273014.08284,-5835.753130000026,-7810.639060000016,1.0,1186.0,1.0,1430.0,0.013692334884817062,-0.0438573767635751,,,0.4375
20240611,264619.9063,265724.0,268460.25,263660.0938,83861.0,-1004.0,73614.0,1.0,0.0,1731.0,0.0,2.0,-2.0,2280.0,-1565.0,264659.13128,270187.77191,273057.48284,-5528.640630000038,-8398.35156000004,1.0,1731.0,0.0,715.0,-0.011972192079751016,-0.0211574513386497,,,
20240612,273538.7188,264085.75,274630.375,263675.5625,96320.0,12459.0,145780.0,1.0,0.0,1665.0,0.0,2.0,-1.0,3948.0,-1243.0,265696.22504,269773.4844099999,273057.578155,-4077.259369999927,-7361.353115000005,1.0,1665.0,1.0,2705.0,0.1293500830564784,0.0413568917588679,,,
20240613,274462.25,275343.375,278678.375,271127.3438,96951.0,631.0,173033.0,1.0,0.0,1954.0,0.0,2.0,-2.0,3551.0,-545.0,268810.84378,268974.53753,272881.421905,-163.6937499999767,-4070.578125,1.0,1954.0,0.0,3006.0,0.006508442409051995,-0.0527326168335122,,,
20240614,271939.125,274943.7813,275123.25,269574.2188,90463.0,-6488.0,138035.0,1.0,0.0,1935.0,0.0,1.0,-2.0,2553.0,-1876.0,270530.70628,268601.05628,272769.267215,1929.650000000023,-2238.560935000016,1.0,1935.0,-1.0,677.0,-0.07171992969501344,-0.0630741679841235,,,0.5312
20240617,265335.2813,270342.375,270473.0313,265096.4375,88710.0,-1753.0,153465.0,1.0,0.0,946.0,0.0,1.0,-2.0,1176.0,-557.0,269979.05628,267591.2500299999,272147.62503,2387.806250000081,-2168.568749999977,1.0,946.0,-1.0,619.0,-0.019761019050839816,-0.1270928001468895,,,
20240618,266405.7188,264427.6875,270153.625,263973.6875,83272.0,-5438.0,123023.0,1.0,0.0,291.0,0.0,2.0,-1.0,1577.0,0.0,270336.2187799999,267497.67503,271567.88597,2838.543749999953,-1231.667190000066,1.0,291.0,1.0,1577.0,-0.06530406379095013,-0.094572455863794,,,
20240619,269736.0,265931.8125,269747.0938,264665.0313,85743.0,2471.0,144079.0,1.0,-1.0,56.0,0.0,2.0,-1.0,2360.0,0.0,269575.67502,267635.95003,271028.53597,1939.724989999959,-1452.860950000002,0.0,56.0,1.0,2360.0,0.028818679075842926,-0.030178099634283,,,
20240620,274188.3438,269879.9375,274704.2813,269210.0938,84949.0,-794.0,147513.0,1.0,-1.0,66.0,0.0,2.0,0.0,3310.0,0.0,269520.8937799999,269165.86878,270810.65316,355.0249999999069,-1289.759380000061,0.0,66.0,2.0,3310.0,-0.009346784541313023,-0.011484591708846,,,
20240621,271781.0,274903.7188,276623.1875,271761.875,83867.0,-1082.0,133563.0,1.0,-1.0,0.0,-40.0,2.0,0.0,2807.0,0.0,269489.2687799999,270009.98753,270831.076595,-520.7187500000582,-1341.807815000066,0.0,-40.0,2.0,2807.0,-0.012901379565264048,-0.0795122054880146,,,0.6462
20240624,273781.0313,271791.5313,275046.5,270747.3438,81053.0,-2814.0,154463.0,0.0,-1.0,0.0,-353.0,3.0,0.0,3526.0,0.0,271178.41878,270578.73753,270808.96722,599.6812500000233,369.4515600000159,-1.0,-353.0,3.0,3526.0,-0.03471802400898178,0.0036492771007727,,,
20240625,273236.625,272934.125,275539.4063,271020.6563,78119.0,-2934.0,166076.0,1.0,-1.0,271.0,0.0,3.0,-1.0,1943.0,-318.0,272544.60002,271440.4094,270814.090655,1104.190620000008,1730.509365000005,0.0,271.0,2.0,1625.0,-0.0375580844608866,-0.0196420789333543,,,
20240626,267324.125,272433.0938,272434.875,261814.2031,70734.0,-7385.0,206880.0,1.0,0.0,715.0,0.0,1.0,-2.0,0.0,-976.0,272062.22502,270818.95002,270296.217215,1243.275000000023,1766.007805000001,1.0,715.0,-1.0,-976.0,-0.1044052365199197,0.0895396603608546,,,
20240627,267125.8125,267585.8438,268659.125,264373.8125,67508.0,-3226.0,143133.0,1.0,-1.0,367.0,0.0,3.0,-2.0,1467.0,0.0,270649.71876,270085.30627,269529.9219,564.4124899999588,1119.796859999944,0.0,367.0,1.0,1467.0,-0.04778692895656811,-0.0400913474945156,,,
20240628,274473.9375,269019.0,274641.875,267878.9688,70923.0,3415.0,166230.0,0.0,-1.0,0.0,-828.0,3.0,0.0,4373.0,0.0,271188.30626,270338.78752,269469.9219,849.5187399999704,1718.384359999967,-1.0,-828.0,3.0,4373.0,0.048150811443396356,0.0729358225107511,,,0.803
20240701,274205.25,274745.2813,276050.125,272779.75,69520.0,-1403.0,132969.0,1.0,-2.0,0.0,-1221.0,3.0,0.0,4289.0,0.0,271273.15,271225.78439,269408.51721,47.36561000003712,1864.632790000003,-1.0,-1221.0,3.0,4289.0,-0.020181242807825087,-0.0219084157722889,,,
20240702,274264.0,275174.0313,276790.375,272373.6563,68916.0,-604.0,128184.0,0.0,-2.0,0.0,-1244.0,3.0,0.0,3669.0,0.0,271478.625,272011.61251,269754.64377,-532.9875100000063,1723.981229999976,-2.0,-1244.0,3.0,3669.0,-0.008764292762203262,-0.0227339620442248,,,
20240703,274814.1563,275773.4063,275952.2813,271378.0625,66445.0,-2471.0,128486.0,2.0,-1.0,710.0,0.0,3.0,-1.0,3162.0,0.0,272976.63126,272519.42814,270077.689085,457.2031200000201,2898.942174999975,1.0,710.0,2.0,3162.0,-0.03718865226879374,-0.0055152135204355,,,
20240704,274512.9688,276480.375,277922.0313,273707.25,65361.0,-1084.0,135197.0,0.0,-1.0,0.0,-514.0,3.0,0.0,3931.0,0.0,274454.06252,272551.89064,270858.87971,1902.17187999998,3595.182810000028,-1.0,-514.0,3.0,3931.0,-0.01658481357384373,0.0005583434920279,,,
20240705,275529.1563,275623.0938,278142.3438,274401.5938,65877.0,516.0,156848.0,1.0,-1.0,66.0,0.0,3.0,0.0,4024.0,0.0,274665.1062799999,272926.70627,271468.3469,1738.400009999983,3196.759379999945,0.0,66.0,3.0,4024.0,0.007832779270458582,-0.0876742888128071,,,0.7727
20240708,275124.4688,277194.4063,282320.3125,274950.4688,68970.0,3093.0,224813.0,1.0,-1.0,561.0,-15.0,3.0,0.0,2948.0,0.0,274848.95004,273061.05002,271819.8937749999,1787.900020000001,3029.056265000021,0.0,546.0,3.0,2948.0,0.0448455850369726,-0.1145147801472911,,,
20240709,280138.7188,277383.0625,280241.4375,275162.3125,71682.0,2712.0,167449.0,0.0,-1.0,0.0,-207.0,3.0,0.0,4150.0,0.0,276023.8938,273751.2594,272595.8343999999,2272.634399999981,3428.059400000027,-1.0,-207.0,3.0,4150.0,0.03783376579894534,0.0662305474864691,,,
20240710,277566.5938,279649.9688,281488.0313,276599.6563,68674.0,-3008.0,187026.0,0.0,-1.0,0.0,-43.0,3.0,-1.0,2368.0,0.0,276574.3812999999,274775.50628,272797.22815,1798.875019999978,3777.153149999969,-1.0,-43.0,2.0,2368.0,-0.043801147450272304,-0.0015619977273538,,,
20240711,283058.25,279558.3438,284308.0,279558.3438,75282.0,6608.0,211981.0,0.0,-2.0,0.0,-1128.0,3.0,0.0,4805.0,0.0,278283.43754,276368.75003,273227.02815,1914.68750999996,5056.409389999986,-2.0,-1128.0,3.0,4805.0,0.08777662655083553,-0.0350755428718995,,,
20240712,274332.4375,283782.0625,284814.9375,274031.625,69865.0,-5417.0,231592.0,2.0,-1.0,599.0,0.0,2.0,-1.0,1304.0,-776.0,278044.0937799999,276354.60003,273346.6937749999,1689.493749999965,4697.400005000003,1.0,599.0,1.0,528.0,-0.0775352465469119,0.0833195853378509,,,0.7727
20240715,274446.4063,276026.875,276373.0625,273481.75,66218.0,-3647.0,150086.0,1.0,-1.0,0.0,-42.0,2.0,-2.0,1000.0,-488.0,277908.4812799999,276378.71566,273802.250025,1529.765619999962,4106.231254999992,0.0,-42.0,0.0,512.0,-0.05507565918632396,0.0101164736502872,,,
20240716,274005.0625,274771.6563,274861.5,272229.2188,66302.0,84.0,122548.0,1.0,-1.0,0.0,-103.0,2.0,-2.0,960.0,-377.0,276681.75002,276352.82191,274182.21721,328.9281099999789,2499.532810000004,0.0,-103.0,0.0,583.0,0.0012669301076890592,-0.006706097874164,,,
20240717,273997.9688,272756.875,275560.1875,271316.4063,73961.0,7659.0,132431.0,1.0,-1.0,0.0,-130.0,3.0,-2.0,797.0,-196.0,275968.02502,276271.20316,274395.3156499999,-303.1781399999745,1572.709370000055,0.0,-130.0,1.0,601.0,0.10355457606035613,-0.0230432002126513,,,
20240718,267398.8125,274522.25,275366.8125,265553.625,77710.0,3749.0,181369.0,1.0,0.0,337.0,0.0,1.0,-3.0,0.0,-2634.0,272836.13752,275559.78753,274055.839085,-2723.650009999983,-1219.701564999996,1.0,337.0,-2.0,-2634.0,0.04824346930896924,-0.1014853081286933,,,
20240719,259043.6875,262483.3438,264652.75,259010.5,79247.0,1537.0,172111.0,1.0,0.0,919.0,0.0,1.0,-3.0,0.0,-2650.0,269778.38752,273911.24065,273418.97346,-4132.853130000003,-3640.585939999961,1.0,919.0,-2.0,-2650.0,0.019395055964263632,-0.1035579001002235,,,0.806
20240722,255289.0,257125.0156,261883.8125,253021.1094,83633.0,4386.0,201245.0,1.0,0.0,1221.0,0.0,2.0,-3.0,79.0,-777.0,265946.90626,271927.69377,272494.371895,-5980.787510000053,-6547.46563500003,1.0,1221.0,-1.0,-698.0,0.05244341348510755,0.094987140731924,,,
20240723,248016.9063,253120.2344,254840.6875,247083.4219,87183.0,3550.0,214453.0,1.0,0.0,1266.0,0.0,2.0,-2.0,0.0,-1976.0,260749.27502,268715.51252,271233.38596,-7966.237500000017,-10484.11094000001,1.0,1266.0,0.0,-1976.0,0.04071894750123304,0.009291173032342,,,
20240724,253124.375,245795.8281,254409.7969,244714.5625,88517.0,1334.0,227535.0,1.0,0.0,914.0,0.0,0.0,-3.0,0.0,-2989.0,256574.55626,266271.29064,270523.39846,-9696.73437999998,-13948.84220000001,1.0,914.0,-3.0,-2989.0,0.015070551419501338,0.0186862933412879,,,
20240725,241366.9219,253215.1094,253713.0938,240676.6406,92703.0,4186.0,257227.0,1.0,0.0,839.0,0.0,0.0,-3.0,0.0,-3703.0,251368.17814,262102.15783,269235.45393,-10733.97969000001,-17867.27578999999,1.0,839.0,-3.0,-3703.0,0.04515495722900014,0.0046862271318708,,,
20240726,247654.5313,242485.7188,250676.9688,242367.3281,87997.0,-4706.0,235209.0,1.0,0.0,664.0,0.0,0.0,-3.0,0.0,-2855.0,249090.3469,259434.36721,267894.48362,-10344.02030999996,-18804.13671999995,1.0,664.0,-3.0,-2855.0,-0.05347909587826858,0.0070724732302028,,,0.7015
20240729,247349.7969,247591.375,250573.4688,245941.3281,82749.0,-5248.0,174212.0,1.0,0.0,604.0,0.0,0.0,-3.0,0.0,-3604.0,247502.50628,256724.70627,266551.710965,-9222.199989999965,-19049.20468499998,1.0,604.0,-3.0,-3604.0,-0.06342070599040472,-0.0097149925762063,,,
20240730,244165.0938,245733.4375,246699.375,241339.7656,83242.0,493.0,180995.0,1.0,0.0,689.0,0.0,0.0,-3.0,0.0,-4198.0,246732.14378,253740.7094,265046.765655,-7008.565620000008,-18314.62187500001,1.0,689.0,-3.0,-4198.0,0.0059224910501910095,0.0796869871532305,,,
20240731,249321.8125,242052.3906,250299.2656,237968.4219,84067.0,825.0,256555.0,0.0,0.0,0.0,0.0,0.0,-3.0,0.0,-3710.0,245971.63128,251273.09377,263772.148465,-5301.462490000005,-17800.51718499998,0.0,0.0,-3.0,-3710.0,0.009813601056300332,0.1610193922389139,,,
20240801,249957.4844,249584.5,252666.75,248602.2344,82379.0,-1688.0,175038.0,0.0,0.0,0.0,0.0,0.0,-3.0,0.0,-3436.0,247689.74378,249528.96096,262544.374245,-1839.217180000007,-14854.63046499997,0.0,0.0,-3.0,-3436.0,-0.020490659027179257,0.021216924992514,,,
20240802,250039.0,248933.625,250714.7188,245237.375,82504.0,125.0,176083.0,0.0,0.0,0.0,0.0,0.0,-3.0,0.0,-2845.0,248166.63752,248628.49221,261269.86643,-461.8546899999783,-13103.22890999998,0.0,0.0,-3.0,-2845.0,0.0015150780568214874,-0.0086090817286075,,,0.7164
20240805,244882.5469,250837.9531,251185.1875,244761.0313,88687.0,6183.0,218447.0,1.0,0.0,749.0,0.0,0.0,-3.0,0.0,-3396.0,247673.18752,247587.8469,259757.770335,85.34062000000267,-12084.582815,1.0,749.0,-3.0,-3396.0,0.06971709495190953,-0.2107129109876402,,,
20240806,240736.9219,240631.7656,245752.4063,239127.0469,86747.0,-1940.0,209293.0,1.0,0.0,1265.0,0.0,0.0,-3.0,0.0,-3578.0,246987.55314,246859.84846,257787.68049,127.7046799999662,-10800.12735000002,1.0,1265.0,-3.0,-3578.0,-0.022363885782793642,-0.0548461645458043,,,
20240807,245344.1406,240975.125,246981.5,240812.6406,87861.0,1114.0,180139.0,1.0,0.0,1139.0,0.0,1.0,-2.0,386.0,-1512.0,246192.01876,246081.82502,256176.55783,110.1937399999588,-9984.539070000028,1.0,1139.0,-1.0,-1126.0,0.012679118152536393,0.0105639593112063,,,
20240808,245320.1719,246455.75,247738.5938,244201.5313,85897.0,-1964.0,149534.0,0.0,0.0,0.0,0.0,1.0,-3.0,185.0,-1834.0,245264.55626,246477.15002,254289.653925,-1212.593760000018,-9025.097665000008,0.0,0.0,-2.0,-1649.0,-0.022864593641221464,-0.0368380343481438,,,
20240809,257280.7813,245701.3125,258604.8281,245701.3125,96552.0,10655.0,249229.0,0.0,0.0,0.0,0.0,2.0,-2.0,1043.0,-708.0,246712.91252,247439.77502,253437.071115,-726.8624999999884,-6724.158594999986,0.0,0.0,0.0,335.0,0.11035504184273759,0.0904888847977166,,,0.7164
20240812,258355.1094,257808.0469,259383.5,255146.1406,85733.0,-10819.0,170715.0,0.0,0.0,0.0,0.0,2.0,-2.0,727.0,-1049.0,249407.42502,248540.30627,252632.50627,867.1187499999651,-3225.081250000047,0.0,0.0,0.0,-322.0,-0.12619411428504776,0.0298168211070815,,,
20240813,254938.25,258798.0313,259036.8125,253879.6563,87503.0,1770.0,152613.0,0.0,0.0,0.0,0.0,3.0,-3.0,694.0,-119.0,252247.69064,249617.62189,251679.165645,2630.068750000006,568.5249949999852,0.0,0.0,0.0,575.0,0.020227877901329096,0.0092198026628973,,,
20240814,256210.5469,256008.2031,258686.7344,253792.4531,85171.0,-2332.0,156992.0,0.0,0.0,0.0,0.0,2.0,-1.0,1661.0,-551.0,254420.9719,250306.49533,250789.79455,4114.476570000028,3631.177349999954,0.0,0.0,1.0,1110.0,-0.027380211574362167,0.0315516450088708,,,
20240815,260064.4063,256632.9063,260849.9063,254196.2813,86685.0,1514.0,168020.0,0.0,0.0,0.0,0.0,3.0,-1.0,2676.0,0.0,257369.81878,251317.18752,250423.07424,6052.631260000024,6946.744539999956,0.0,0.0,2.0,2676.0,0.017465536136586492,0.1207681043037998,,,
20240816,262021.4219,260016.2969,264271.5313,258152.0,87665.0,980.0,173692.0,0.0,0.0,0.0,0.0,2.0,-1.0,3129.0,-693.0,258317.9469,252515.42971,250571.96096,5802.517190000042,7745.985940000013,0.0,0.0,1.0,2436.0,0.011178919751326072,0.2191673556417027,,,0.8235
20240819,263740.0,261278.5938,265260.0,259603.7813,81783.0,-5882.0,144791.0,1.0,0.0,756.0,0.0,2.0,-1.0,2681.0,-948.0,259394.92502,254401.17502,250994.51096,4993.75,8400.414059999952,1.0,756.0,1.0,1733.0,-0.07192203758727364,0.1298893471073619,,,
20240820,264235.9688,264666.5313,266188.9063,262232.2188,80153.0,-1630.0,120072.0,1.0,0.0,767.0,0.0,2.0,-1.0,3468.0,-797.0,261254.46878,256751.07971,251805.464085,4503.389070000034,9449.00469500004,1.0,767.0,1.0,2671.0,-0.020336107194989583,0.1439577912975928,,,
20240821,265309.9375,265922.3125,266558.3125,261386.6094,81621.0,1468.0,129758.0,1.0,0.0,779.0,0.0,3.0,-1.0,4111.0,-271.0,263074.3469,258747.6593999999,252414.74221,4326.687500000058,10659.60469000004,1.0,779.0,2.0,3840.0,0.017985567439752024,0.1824962862776327,,,
20240822,267372.8438,265989.5313,268639.75,264127.8438,85372.0,3751.0,155966.0,1.0,-1.0,0.0,-251.0,3.0,0.0,5428.0,0.0,264536.0343999999,260952.92659,253715.038305,3583.107809999958,10820.99609499995,0.0,-251.0,3.0,5428.0,0.04393712224148433,0.2845346165330903,,,
20240823,267848.3438,266446.6875,268378.1563,264651.6563,86522.0,1150.0,137978.0,0.0,-1.0,0.0,-299.0,3.0,0.0,5778.0,0.0,265701.4187799999,262009.68284,254724.72893,3691.735939999955,10976.68984999997,-1.0,-299.0,3.0,5778.0,0.013291417211807401,0.0275697084283667,,,0.7941
20240826,266237.375,268129.625,270805.1875,264517.4688,91243.0,4721.0,188993.0,1.0,-1.0,0.0,-372.0,3.0,0.0,5108.0,0.0,266200.8937799999,262797.9094,255669.107835,3402.984379999922,10531.78594499995,0.0,-372.0,3.0,5108.0,0.05174095547055665,0.0988515251985762,,,
20240827,267096.0625,266391.9375,267265.2813,263656.3125,81835.0,-9408.0,137776.0,0.0,-1.0,0.0,-436.0,3.0,0.0,4804.0,0.0,266772.91252,264013.69065,256815.65627,2759.22186999995,9957.256249999977,-1.0,-436.0,3.0,4804.0,-0.11496303537606159,0.0673144333677709,,,
20240828,266182.3125,268168.0938,269361.1875,265460.25,83145.0,1310.0,128024.0,0.0,-1.0,0.0,-705.0,3.0,0.0,4814.0,0.0,266947.38752,265010.86721,257658.68127,1936.520309999993,9288.706250000017,-1.0,-705.0,3.0,4814.0,0.015755607673341752,0.0294773303104376,,,
20240829,264223.8438,264500.0625,265332.5625,260985.4219,77576.0,-5569.0,136469.0,1.0,-1.0,805.0,-663.0,3.0,0.0,4067.0,0.0,266317.5875199999,265426.81096,258371.99924,890.7765599999111,7945.588279999967,0.0,142.0,3.0,4067.0,-0.07178766628854284,0.0798982942532386,,,
20240830,264185.6875,263619.125,264994.7813,261006.625,78358.0,782.0,128764.0,1.0,-1.0,794.0,-633.0,3.0,0.0,4749.0,0.0,265585.05626,265643.23752,259079.333615,-58.18126000004122,6505.722645000002,0.0,161.0,3.0,4749.0,0.009979836136705889,0.0813940517372256,,,0.7353
20240902,256588.3281,264137.6563,264215.1875,256455.7188,77309.0,-1049.0,134419.0,0.0,0.0,0.0,0.0,2.0,-1.0,2985.0,-502.0,263655.24688,264928.07033,259664.622675,-1272.823450000025,3990.624205,0.0,0.0,1.0,2483.0,-0.013568924704756237,-0.0230156312557393,,,
20240903,254689.0313,255730.3906,257446.4063,254613.1406,75656.0,-1653.0,103543.0,0.0,0.0,0.0,0.0,2.0,-1.0,3371.0,-550.0,261173.84064,263973.37658,260362.228145,-2799.535940000031,811.6124950000085,0.0,0.0,1.0,2821.0,-0.021848894998413873,-0.076552111352374,,,
20240904,247865.2969,253793.8906,254376.9844,247820.0156,77333.0,1677.0,140463.0,0.0,0.0,0.0,0.0,2.0,-1.0,2587.0,-1276.0,257510.43752,262228.91252,260488.28596,-4718.475000000006,-2977.848439999943,0.0,0.0,1.0,1311.0,0.021685438299303014,-0.1031291969199034,,,
20240905,246409.1875,248470.9688,251033.0781,246147.5938,72945.0,-4388.0,119667.0,0.0,0.0,0.0,0.0,2.0,-1.0,2220.0,-1377.0,253947.50626,260132.54689,260542.73674,-6185.040629999974,-6595.230479999998,0.0,0.0,1.0,843.0,-0.06015491123449174,-0.110540865669625,,,
20240906,253833.7188,248269.4688,254285.6719,247324.0625,79318.0,6373.0,160628.0,0.0,0.0,0.0,0.0,3.0,-2.0,1488.0,-195.0,251877.11252,258731.08439,260370.383615,-6853.97186999995,-8493.271095000004,0.0,0.0,1.0,1293.0,0.08034746211452634,0.1802575885969274,,,0.7941
20240909,251267.75,254525.0469,254972.5625,248108.0938,77070.0,-2248.0,156141.0,0.0,0.0,0.0,0.0,1.0,-2.0,1785.0,-911.0,250812.9969,257234.12189,260016.015645,-6421.124989999982,-9203.018745000008,0.0,0.0,-1.0,874.0,-0.02916828856883353,0.0296051413023416,,,
20240910,252114.0313,252065.9063,253942.8281,250869.4844,76254.0,-816.0,123156.0,0.0,0.0,0.0,0.0,1.0,-2.0,1852.0,-653.0,250297.9969,255735.91877,259874.80471,-5437.921869999962,-9576.807809999998,0.0,0.0,-1.0,1199.0,-0.010701077976237311,0.0245400227513193,,,
20240911,255247.4531,251159.1406,255851.2031,248533.1406,79315.0,3061.0,157909.0,0.0,0.0,0.0,0.0,3.0,-2.0,2337.0,-181.0,251774.42814,254642.43283,259826.65002,-2868.004690000002,-8052.221879999997,0.0,0.0,1.0,2156.0,0.038592952152808425,0.1822974204637832,,,
20240912,255383.9531,253600.1875,256447.4688,251475.2344,73093.0,-6222.0,128471.0,0.0,0.0,0.0,0.0,2.0,-2.0,1944.0,-815.0,253569.38126,253758.44376,259592.62736,-189.0625,-6023.246099999989,0.0,0.0,0.0,1129.0,-0.08512443052002244,0.0178133821866613,,,
20240913,257557.625,255507.6875,259055.9531,254752.375,71170.0,-1923.0,112021.0,0.0,0.0,0.0,0.0,1.0,-2.0,1948.0,-1183.0,254314.1625,253095.63751,259369.437515,1218.524990000034,-5055.275015000021,0.0,0.0,-1.0,765.0,-0.027019811718420682,0.0615379003240329,,,0.8382
20240918,254656.4063,258433.0469,258598.7344,253528.7188,66879.0,-4291.0,67590.0,1.0,0.0,264.0,0.0,1.0,-2.0,1823.0,-2330.0,254991.89376,252902.44533,258915.25783,2089.448430000077,-3923.364069999981,1.0,264.0,-1.0,-507.0,-0.06416064833505286,-0.0133402368747675,,,
20240919,259529.2969,255993.4531,259559.9531,252676.9844,72370.0,5491.0,130602.0,0.0,0.0,0.0,0.0,1.0,-2.0,1690.0,-655.0,256474.94688,253386.47189,258679.924235,3088.474990000017,-2204.977354999981,0.0,0.0,-1.0,1035.0,0.07587398093132514,0.2484949045486321,,,
20240920,261992.4531,259657.7344,262623.5313,257991.7344,67412.0,-4958.0,111990.0,0.0,0.0,0.0,0.0,2.0,-1.0,2054.0,-458.0,257823.94688,254799.18751,258514.050015,3024.759370000014,-690.1031350000121,0.0,0.0,1.0,1596.0,-0.07354773630807572,0.166909284355249,,,0.75
20240923,257904.0781,261664.1094,261668.4688,257739.4375,68348.0,936.0,126770.0,1.0,-1.0,287.0,-460.0,1.0,-2.0,1763.0,-1217.0,258327.97188,255948.67657,258040.61173,2379.295310000016,287.3601499999932,0.0,-173.0,-1.0,546.0,0.013694621642184117,0.0243808428238288,,,
20240924,261669.6719,258715.1094,262811.6875,258639.9844,63534.0,-4814.0,123409.0,0.0,0.0,0.0,0.0,3.0,-1.0,2115.0,-86.0,259150.38126,256732.27188,257731.678135,2418.109380000009,1418.703124999971,0.0,0.0,2.0,2029.0,-0.07577045361538703,0.1311382540409431,,,
20240925,256838.2031,261984.6563,264057.4063,255991.6875,63802.0,268.0,191075.0,1.0,0.0,666.0,0.0,3.0,-2.0,713.0,-21.0,259586.74062,257289.31719,257261.71954,2297.423429999995,2325.021079999977,1.0,666.0,1.0,692.0,0.004200495282279552,-0.0382531684699445,,,
20240926,257547.0313,257526.6406,259383.9844,253311.4531,59466.0,-4336.0,190933.0,1.0,0.0,398.0,0.0,2.0,-3.0,88.0,-1411.0,259190.2875,257832.61719,256784.26798,1357.670309999958,2406.019520000002,1.0,398.0,-1.0,-1323.0,-0.07291561564591531,-0.1323628674069193,,,
20240927,257837.2188,259808.625,260292.3438,255142.7188,53678.0,-5788.0,150450.0,1.0,0.0,482.0,0.0,2.0,-2.0,1030.0,-1614.0,258359.24064,258091.59376,256367.013295,267.6468799999566,1992.227344999963,1.0,482.0,0.0,-584.0,-0.10782816051268676,0.0227337019964286,,,0.7941
20240930,265343.4063,257764.1406,266647.6875,257577.5625,50554.0,-3124.0,179824.0,0.0,-1.0,0.0,-324.0,2.0,-1.0,1860.0,0.0,259847.10628,259087.53908,256422.99142,759.5671999999904,3424.114860000001,-1.0,-324.0,1.0,1860.0,-0.061795307987498514,0.0677226655012664,,,0.8088
20241008,265991.5313,268684.7188,271630.8438,265976.0313,49734.0,-820.0,89623.0,0.0,-1.0,0.0,-330.0,3.0,0.0,2421.0,0.0,260711.47816,259930.92971,256513.28361,780.548450000002,4198.194550000015,-1.0,-330.0,3.0,2421.0,-0.01648771464189488,-0.0784699717133693,,,
20241009,264487.75,265861.1563,267243.4375,263419.875,50282.0,548.0,104045.0,0.0,-1.0,0.0,-308.0,3.0,-2.0,1853.0,-274.0,262241.38754,260914.06408,256908.254705,1327.323459999956,5333.132834999997,-1.0,-308.0,1.0,1579.0,0.01089853227795235,-0.0912544157067864,,,
20241010,264682.6875,263049.9688,266489.375,262467.5625,50511.0,229.0,103127.0,1.0,-1.0,0.0,-30.0,3.0,-1.0,2227.0,-14.0,263668.5187799999,261429.40314,257407.937515,2239.115639999916,6260.581264999957,0.0,-30.0,2.0,2213.0,0.0045336659341529565,-0.0730389702385561,,,
20241011,267788.1563,265369.5313,269059.4688,265306.2813,50712.0,201.0,95255.0,1.0,-1.0,0.0,-61.0,3.0,-1.0,3153.0,0.0,265658.7062799999,262008.97346,258404.080485,3649.732819999917,7254.625794999942,0.0,-61.0,2.0,3153.0,0.003963558920965452,-0.0006478824866891,,,0.6912
20241014,266154.125,268549.5313,270623.1875,265281.125,50400.0,-312.0,104673.0,1.0,-1.0,0.0,-3.0,3.0,-1.0,2091.0,0.0,265820.85002,262833.97815,259391.32736,2986.871869999974,6429.522659999959,0.0,-3.0,2.0,2091.0,-0.006190476190476191,-0.0110440313767601,,,
20241015,264289.7188,264573.9688,265232.6875,262467.7813,49248.0,-1152.0,102668.0,1.0,0.0,70.0,0.0,3.0,-1.0,2332.0,0.0,265480.48752,263095.98284,259914.12736,2384.504680000013,5566.36016000004,1.0,70.0,2.0,2332.0,-0.023391812865497075,-0.088854823708403,0.2249,,
20241016,266735.0,263288.6563,267317.5625,263288.6563,51241.0,1993.0,90644.0,1.0,-1.0,0.0,-176.0,3.0,0.0,3382.0,0.0,265929.93752,264085.66253,260687.48986,1844.274990000064,5242.447660000034,0.0,-176.0,3.0,3382.0,0.038894635155441934,-0.0082521095075117,0.2206,,
20241017,259260.7969,266086.0,266226.875,259084.7188,48016.0,-3225.0,117728.0,1.0,-1.0,29.0,0.0,2.0,-1.0,1454.0,-383.0,264845.5594,264257.03909,261044.82814,588.5203100000508,3800.731260000059,0.0,29.0,1.0,1071.0,-0.06716511162945685,-0.0536143288826106,0.2361,,
20241018,258548.6563,257591.7031,258814.4688,255035.0625,49837.0,1821.0,107557.0,1.0,-1.0,0.0,-71.0,1.0,-2.0,614.0,-966.0,262997.6593999999,264328.18284,261209.8883,-1330.523440000019,1787.771099999954,0.0,-71.0,-1.0,-352.0,0.036539117523125386,-0.0054431312189477,0.2281,,0.7794
20241021,257127.0781,258681.6406,259090.1563,254563.6406,50283.0,446.0,98739.0,0.0,-1.0,0.0,-131.0,2.0,-2.0,433.0,-981.0,261192.25002,263506.55002,261297.04455,-2314.299999999988,-104.7945300000138,-1.0,-131.0,0.0,-548.0,0.008869796949267148,-0.0547310414090004,0.2251,,
20241022,252777.7656,257997.8438,259239.9063,250733.7813,52749.0,2466.0,121419.0,1.0,0.0,385.0,0.0,1.0,-2.0,539.0,-2445.0,258889.85938,262185.17345,261058.05158,-3295.314070000022,-2168.19219999999,1.0,385.0,-1.0,-1906.0,0.04674970141614059,-0.2295540556852293,0.2278,,
20241023,254750.75,253560.0938,255407.4063,252110.8281,50922.0,-1827.0,96769.0,1.0,0.0,834.0,0.0,1.0,-2.0,467.0,-1847.0,256493.00938,261211.47345,261062.768765,-4718.464069999987,-4569.759384999983,1.0,834.0,-1.0,-1380.0,-0.03587840226228349,-0.084018157959053,0.2152,,
20241024,256533.5156,253185.2188,257203.7656,253091.5781,48968.0,-1954.0,93645.0,1.0,-1.0,112.0,0.0,1.0,-2.0,233.0,-1160.0,255947.55312,260396.55626,260912.9797,-4449.003139999986,-4965.426580000028,0.0,112.0,-1.0,-927.0,-0.03990361052115667,-0.0998980349877583,0.2144,,
20241025,254540.3594,255517.2031,255972.3594,253417.5156,49545.0,577.0,94163.0,1.0,0.0,830.0,0.0,0.0,-3.0,0.0,-2186.0,255145.89374,259071.77657,260540.375015,-3925.882829999959,-5394.48127499994,1.0,830.0,-3.0,-2186.0,0.01164597840347159,-0.0933195213097692,0.204,,0.8824
20241028,257802.0469,255269.9688,258305.1719,255269.9688,47967.0,-1578.0,105063.0,1.0,0.0,143.0,0.0,2.0,-3.0,0.0,-928.0,255280.8875,258236.56876,260535.273455,-2955.681259999983,-5254.385955000005,1.0,143.0,-1.0,-928.0,-0.03289761711176434,-0.0370963832832864,0.2059,,
20241029,253902.4219,257269.3281,257852.6875,253087.0625,51175.0,3208.0,85093.0,1.0,0.0,405.0,0.0,0.0,-3.0,0.0,-3073.0,255505.81876,257197.83907,260146.910955,-1692.020309999993,-4641.092194999976,1.0,405.0,-3.0,-3073.0,0.06268685881778212,-0.088078892764915,0.2054,,
20241030,255473.273,254916.4097,257357.1893,253724.603,48489.0,-2686.0,91459.0,1.0,0.0,242.0,0.0,0.0,-3.0,0.0,-2016.0,255650.32336,256071.66637,260078.66445,-421.3430100000114,-4428.341090000002,1.0,242.0,-3.0,-2016.0,-0.0553940068881602,-0.1000655976429903,0.202,,
20241031,255708.8594,254816.4063,257340.6406,252358.875,48513.0,24.0,104033.0,1.0,0.0,490.0,0.0,2.0,-3.0,0.0,-1092.0,255485.39212,255716.47262,259986.755855,-231.0805000000109,-4501.36373500005,1.0,490.0,-1.0,-1092.0,0.0004947127574052315,-0.1288584591034392,0.1967,,
20241101,256117.8906,254948.3438,257985.7344,253758.3594,46908.0,-1605.0,96473.0,1.0,0.0,453.0,0.0,2.0,-2.0,435.0,-79.0,255800.89836,255473.39605,259900.789445,327.5023099999817,-4099.89108500001,1.0,453.0,0.0,356.0,-0.034215911997953444,-0.1146579877352917,0.2083,,0.7059
20241104,263128.4742,257777.0777,263590.5683,257777.0777,50042.0,3134.0,147735.0,1.0,0.0,559.0,0.0,2.0,-1.0,2782.0,-67.0,256866.18382,256073.53566,259790.04284,792.6481600000116,-2923.859020000004,1.0,559.0,1.0,2715.0,0.0626273929898885,-0.0488093896564152,0.2158,,
20241105,262324.6205,262142.9645,263779.2408,261448.0973,48287.0,-1755.0,76301.0,1.0,0.0,349.0,0.0,3.0,-1.0,1850.0,-25.0,258550.62354,257028.22115,259606.6973,1522.402389999974,-1056.073760000028,1.0,349.0,2.0,1825.0,-0.036345186074927,-0.0787474750938826,0.2127,,
20241106,260855.7751,263089.5682,264493.7386,259430.9369,48566.0,279.0,93013.0,1.0,0.0,281.0,0.0,3.0,-1.0,1338.0,-32.0,259627.12396,257638.72366,259425.098555,1988.400300000008,202.0254049999639,1.0,281.0,2.0,1306.0,0.005744759708438002,-0.0759286997499051,0.1945,,
20241107,261006.6669,258162.4429,261083.2127,256083.4756,47945.0,-621.0,90615.0,1.0,0.0,361.0,0.0,3.0,0.0,2203.0,0.0,260686.68546,258086.03879,259241.297525,2600.646670000016,1445.387935000006,1.0,361.0,3.0,2203.0,-0.012952341224319533,-0.0840466639032115,0.1823,,
20241108,261001.8523,261496.2664,263280.6833,260456.6272,47902.0,-43.0,75901.0,1.0,0.0,817.0,0.0,3.0,-1.0,1840.0,0.0,261663.4778,258732.18808,258901.982325,2931.289720000001,2761.495475000003,1.0,817.0,2.0,1840.0,-0.0008976660682226212,-0.1451537841080697,0.1891,,0.6618
20241111,261589.6721,259657.7806,262175.6541,258624.8541,47058.0,-844.0,87795.0,1.0,0.0,375.0,0.0,3.0,0.0,2198.0,0.0,261355.71738,259110.9506,258673.75968,2244.766779999976,2681.957699999941,1.0,375.0,3.0,2198.0,-0.01793531386799269,-0.1207892176894265,0.1724,,
20241112,255614.1896,260724.7314,260724.7314,254386.5616,49133.0,2075.0,99549.0,1.0,0.0,424.0,0.0,3.0,-2.0,654.0,0.0,260013.6312,259282.12737,258239.98322,731.5038299999724,1773.647980000038,1.0,424.0,1.0,654.0,0.04223230822461482,-0.128139494809386,0.181,,
20241113,246709.2391,252326.6587,253895.7933,245533.6567,59090.0,9957.0,140421.0,1.0,0.0,957.0,0.0,0.0,-2.0,0.0,-1253.0,257184.324,258405.72398,257238.695175,-1221.399979999987,-54.37117499997839,1.0,957.0,-2.0,-1253.0,0.16850566931798952,-0.0641618216566087,0.227,,
20241114,242426.9877,247563.5702,248030.3188,240900.6449,61802.0,2712.0,149811.0,1.0,0.0,874.0,0.0,0.0,-2.0,0.0,-1130.0,253468.38816,257077.53681,256397.004715,-3609.148650000017,-2928.616554999986,1.0,874.0,-2.0,-1130.0,0.0438820750137536,-0.1600886483786421,0.2497,,
20241115,243742.2773,242427.8337,244563.3378,239930.6087,60231.0,-1571.0,137249.0,1.0,0.0,873.0,0.0,0.0,-2.0,0.0,-1318.0,250016.47316,255839.97548,255656.685765,-5823.502320000029,-5640.212605000008,1.0,873.0,-2.0,-1318.0,-0.026082914113994455,-0.1471515470933512,0.2199,,0.6324
20241118,241916.5418,244592.2651,245046.39,237734.2905,60568.0,337.0,149466.0,1.0,0.0,977.0,0.0,0.0,-2.0,0.0,-2058.0,246081.8471,253718.78224,254896.15895,-7636.935140000016,-8814.311849999998,1.0,977.0,-2.0,-2058.0,0.005563994188350284,-0.1378053619904726,0.2064,,
20241119,244225.6315,240757.7546,244433.9638,239567.3745,58666.0,-1902.0,108535.0,1.0,0.0,1010.0,0.0,0.0,-2.0,0.0,-1424.0,243804.13548,251908.88334,254468.552245,-8104.747860000003,-10664.416765,1.0,1010.0,-2.0,-1424.0,-0.03242082296389732,-0.0520477791945413,0.1915,,
20241120,243956.9904,242760.6521,244451.6455,241617.095,58488.0,-178.0,88035.0,1.0,0.0,1006.0,0.0,0.0,-2.0,0.0,-1442.0,243253.68574,250219.00487,253928.864265,-6965.319129999989,-10675.17852499997,1.0,1006.0,-2.0,-1442.0,-0.003043359321570237,-0.0664742049348833,0.1853,,
20241121,243687.6647,244334.5691,244533.4172,242320.5509,58255.0,-233.0,80044.0,1.0,0.0,1004.0,0.0,0.0,-2.0,0.0,-1522.0,243505.82114,248487.10465,253286.57172,-4981.283510000037,-9780.750579999993,1.0,1004.0,-2.0,-1522.0,-0.003999656681829886,-0.1888314344910541,0.2091,,
20241122,240966.1719,242730.7702,243606.8705,239731.1286,60816.0,2561.0,118671.0,1.0,0.0,1086.0,0.0,0.0,-2.0,0.0,-1313.0,242950.60006,246483.53661,252607.862345,-3532.936550000013,-9657.262284999975,1.0,1086.0,-2.0,-1313.0,0.0421106287818995,-0.173796581439607,0.2192,,0.6029
20241125,242338.6614,240373.6029,244103.9153,240261.6315,59136.0,-1680.0,119936.0,1.0,0.0,1122.0,0.0,1.0,-1.0,492.0,-909.0,243035.02398,244558.43554,251834.69307,-1523.411560000037,-8799.669089999981,1.0,1122.0,0.0,-417.0,-0.028409090909090908,-0.1235633214575376,0.1929,,
20241126,241888.1453,243258.1929,244225.3022,240630.694,59003.0,-133.0,103456.0,1.0,0.0,1093.0,0.0,1.0,-3.0,158.0,-1143.0,242567.52674,243185.83111,251233.97924,-618.3043699999689,-8666.452499999985,1.0,1093.0,-2.0,-985.0,-0.0022541226717285564,-0.1356542140415078,0.1835,,
20241127,235754.6306,242762.584,244036.8667,234070.073,69857.0,10854.0,170489.0,1.0,0.0,1365.0,0.0,0.0,-3.0,0.0,-1945.0,240927.05478,242090.37026,250248.04712,-1163.315480000019,-9320.992340000026,1.0,1365.0,-3.0,-1945.0,0.15537455086820218,-0.1784639074461592,0.2128,,
20241128,233333.99,235932.7297,235973.9239,232674.7607,71797.0,1940.0,141784.0,1.0,0.0,730.0,0.0,0.0,-3.0,0.0,-1967.0,238856.31984,241181.07049,249129.30365,-2324.750650000002,-10272.98380999998,1.0,730.0,-3.0,-1967.0,0.02702062760282463,-0.1175800350543748,0.2098,,
20241129,239530.0892,231930.718,239985.8576,231897.811,61620.0,-10177.0,155332.0,1.0,0.0,1172.0,0.0,2.0,-1.0,1058.0,-962.0,238569.1033,240759.85168,248299.91358,-2190.748379999975,-9730.810280000005,1.0,1172.0,1.0,96.0,-0.1651574164232392,-0.0722318216965446,0.2025,,0.5294
20241202,241511.2477,238906.3125,243097.2266,238789.9388,57978.0,-3642.0,115638.0,1.0,0.0,923.0,0.0,2.0,-1.0,1484.0,-849.0,238403.62056,240719.32227,247219.052255,-2315.701710000023,-8815.431694999977,1.0,923.0,1.0,635.0,-0.06281693055986753,-0.0374274837537203,0.1856,,
20241203,243646.1298,240859.7493,244517.2806,240163.17,57309.0,-669.0,91646.0,1.0,0.0,971.0,0.0,2.0,-1.0,1347.0,-805.0,238755.21746,240661.3721,246285.12772,-1906.154639999964,-7529.910259999975,1.0,971.0,1.0,542.0,-0.011673559126838717,-0.0592431802555526,0.1817,,
20241204,243744.885,243196.8195,244426.2662,241899.3533,56673.0,-636.0,84968.0,1.0,0.0,919.0,0.0,2.0,-1.0,1746.0,-835.0,240353.26834,240640.16156,245429.583215,-286.8932199999981,-5076.314874999953,1.0,919.0,1.0,911.0,-0.011222275157482399,-0.0834580940888835,0.1788,,
20241205,243562.08,242896.5828,245370.015,241856.0957,56891.0,218.0,87144.0,2.0,0.0,1091.0,0.0,2.0,-1.0,1665.0,-1279.0,242398.88634,240627.60309,244557.35387,1771.283250000066,-2158.467529999965,2.0,1091.0,1.0,386.0,0.0038318890509922484,-0.1120105587202384,0.1746,,
20241206,244028.5495,244167.0623,244713.5633,242733.2912,56745.0,-146.0,85385.0,1.0,0.0,785.0,0.0,2.0,-1.0,2309.0,-1283.0,243298.5784,240933.84085,243708.68873,2364.73755000002,-410.1103299999959,1.0,785.0,1.0,1026.0,-0.0025729139131200987,-0.1041219611160706,0.175,,0.5
20241209,244506.7313,244420.2446,245966.0915,242557.7188,56193.0,-552.0,91926.0,1.0,0.0,798.0,0.0,2.0,-1.0,2533.0,-1286.0,243897.67512,241150.64784,242854.54169,2747.02727999998,1043.133430000016,1.0,798.0,1.0,1247.0,-0.009823287598099407,-0.0779857367365519,0.1685,,
20241210,248338.697,245786.5093,249863.8158,245585.5949,56302.0,109.0,109259.0,1.0,0.0,701.0,0.0,2.0,-1.0,2520.0,-1199.0,244836.18856,241795.70301,242490.76706,3040.485549999983,2345.421499999939,1.0,701.0,1.0,1321.0,0.0019359880643671629,-0.0823214044663691,0.1702,,
20241211,248647.0435,248530.065,250061.7936,247737.9437,55909.0,-393.0,72827.0,1.0,0.0,781.0,0.0,2.0,-1.0,2215.0,-1209.0,245816.62026,243084.9443,242587.65728,2731.675959999993,3228.962980000011,1.0,781.0,1.0,1006.0,-0.007029279722406053,-0.0681215562971349,0.1715,,
20241212,251648.2308,248501.0889,251887.7772,248501.0889,56987.0,1078.0,91232.0,1.0,0.0,51.0,0.0,2.0,-1.0,3222.0,-982.0,247433.85042,244916.36838,243048.719435,2517.482040000003,4385.130984999967,1.0,51.0,1.0,2240.0,0.018916595012897677,-0.031571102872842,0.1672,,
20241213,248979.8745,250501.39,250699.3817,247927.7758,55627.0,-1360.0,89705.0,1.0,0.0,760.0,0.0,2.0,-1.0,2238.0,-1003.0,248424.11542,245861.34691,243310.599295,2562.768510000024,5113.516125000024,1.0,760.0,1.0,1235.0,-0.024448559152929334,-0.1211420847102891,0.1618,,0.3971
20241216,245712.835,248447.1974,248447.1974,243767.3038,54835.0,-792.0,94589.0,1.0,0.0,1025.0,0.0,2.0,-1.0,1139.0,-997.0,248665.33616,246281.50564,243500.413955,2383.830520000047,5164.92220500001,1.0,1025.0,1.0,142.0,-0.01444332998996991,-0.125589627970879,0.1586,,
20241217,246670.9825,245741.2428,247831.7749,245741.2428,53932.0,-903.0,71047.0,1.0,0.0,977.0,0.0,2.0,-1.0,1382.0,-1033.0,248331.79326,246583.99091,243622.681505,1747.802349999984,4709.11175500002,1.0,977.0,1.0,349.0,-0.016743306385819178,-0.0631032495670079,0.1618,,
20241218,245641.8805,246082.1432,246904.5361,244754.7877,53110.0,-822.0,67549.0,1.0,0.0,1022.0,0.0,2.0,-1.0,920.0,-1054.0,247730.76066,246773.69046,243706.92601,957.0701999999874,4023.834650000033,1.0,1022.0,1.0,-134.0,-0.015477311240820938,-0.0980715452678321,0.1644,,
20241219,240941.1718,246091.6378,247788.2478,239482.0419,56777.0,3667.0,134881.0,1.0,0.0,1283.0,0.0,0.0,-2.0,0.0,-1963.0,245589.34886,246511.59964,243569.601365,-922.2507800000021,2019.74749499996,1.0,1283.0,-2.0,-1963.0,0.06458601194145516,-0.1596582393226426,0.179,,
20241220,242816.1297,240948.1153,243451.4584,239767.825,56281.0,-496.0,87647.0,1.0,0.0,873.0,0.0,2.0,-1.0,1455.0,-1619.0,244356.5999,246390.35766,243662.099255,-2033.757760000066,694.5006449999637,1.0,873.0,1.0,-164.0,-0.008812920879159929,-0.0848301879288324,0.1848,,0.3529
20241223,245595.5854,242856.6308,245786.3533,242203.9008,54212.0,-2069.0,87945.0,1.0,0.0,806.0,0.0,2.0,-1.0,2831.0,-1653.0,244333.14998,246499.24307,243824.945455,-2166.093089999951,508.2045250000665,1.0,806.0,1.0,1178.0,-0.038164981922821514,-0.0413597110498843,0.1357,,
20241224,243935.3607,244878.1706,244928.6066,242134.2809,54402.0,190.0,76703.0,1.0,0.0,913.0,0.0,2.0,-1.0,1992.0,-1646.0,243786.02562,246058.90944,243927.306225,-2272.883819999959,-141.2806049999781,1.0,913.0,1.0,346.0,0.0034925186574023014,-0.1001192029736294,0.1409,,
20241225,245213.4344,243942.4196,246846.2387,243838.6263,54047.0,-355.0,76156.0,2.0,0.0,1076.0,0.0,2.0,-1.0,3087.0,-1691.0,243700.3364,245715.54853,244400.246415,-2015.212130000029,-699.9100150000013,2.0,1076.0,1.0,1396.0,-0.006568357170610765,-0.0541213036307742,0.1665,,
20241226,244749.1372,245074.907,245737.3945,244362.6373,54075.0,28.0,70310.0,1.0,0.0,1001.0,0.0,2.0,-1.0,2581.0,-1704.0,244461.92948,245025.63917,244971.003775,-563.7096900000179,-509.0742950000276,1.0,1001.0,1.0,877.0,0.000517799352750809,-0.0749198843291109,0.1729,,
20241227,243035.2486,245459.7847,246222.3136,242824.9937,55061.0,986.0,88842.0,2.0,0.0,1467.0,0.0,2.0,-2.0,1475.0,-1796.0,244505.75326,244431.17658,245146.261745,74.5766799999692,-640.5084849999694,2.0,1467.0,0.0,-321.0,0.017907411779662555,-0.1372210694788889,0.169,,0.6618
20241230,246870.2408,243466.3251,247604.5145,241989.1944,55002.0,-59.0,108028.0,1.0,-1.0,1017.0,0.0,2.0,-1.0,2892.0,-1790.0,244760.68434,244546.91716,245414.2114,213.7671799999953,-653.5270599999931,0.0,1017.0,1.0,1102.0,-0.0010726882658812407,0.0199272503085121,0.1537,,
20241231,245061.8321,246713.5362,247819.8943,243794.9177,52100.0,-2902.0,85870.0,1.0,0.0,904.0,0.0,2.0,-1.0,950.0,-1763.0,244985.97862,244386.00212,245484.996515,599.9765000000189,-499.0178949999972,1.0,904.0,1.0,-813.0,-0.055700575815738965,-0.0555146778955618,0.1513,,
20250102,244807.6685,246045.0514,246045.0514,242279.0085,50652.0,-1448.0,54198.0,1.0,0.0,833.0,0.0,2.0,-1.0,1378.0,-1178.0,244904.82544,244302.58092,245538.13569,602.2445199999784,-633.3102500000095,1.0,833.0,1.0,200.0,-0.028587222617073364,-0.0273560417734364,0.1518,,
20250103,244372.4502,243153.0329,245751.5962,241266.2829,51502.0,850.0,107078.0,1.0,0.0,791.0,0.0,2.0,-1.0,1119.0,-948.0,244829.48804,244645.70876,245578.6542,183.779280000017,-749.1661599999643,1.0,791.0,1.0,171.0,0.016504213428604714,-0.0764706605539388,0.1659,,0.6765
20250106,246756.4939,244990.6899,248982.0089,244990.6899,52867.0,1365.0,105773.0,1.0,0.0,776.0,0.0,2.0,-1.0,2940.0,-725.0,245573.7371,245039.74518,245715.05142,533.9919199999713,-141.314320000005,1.0,776.0,1.0,2215.0,0.025819509334745683,-0.0515127538664189,0.1728,,
20250107,248473.0095,249448.5225,249689.4776,246528.9367,53174.0,307.0,89278.0,1.0,0.0,706.0,0.0,2.0,-1.0,2482.0,-635.0,245894.29084,245327.48759,245913.36533,566.8032500000263,-19.07449000002816,1.0,706.0,1.0,1847.0,0.005773498326249671,0.0079666920242645,0.1756,0.3500000000000001,
20250108,251665.4111,249303.0374,252939.8665,249179.105,57850.0,4676.0,120226.0,1.0,0.0,629.0,0.0,2.0,-1.0,2918.0,-967.0,247215.00664,246100.49263,246079.701035,1114.514009999984,1135.305605000001,1.0,629.0,1.0,1951.0,0.08082973206568712,-0.0617339867413748,0.1834,0.4184210526315791,
20250109,252246.0149,252008.4805,252872.5654,250467.8341,57965.0,115.0,85175.0,1.0,0.0,757.0,0.0,2.0,-1.0,2398.0,-987.0,248702.67592,246803.75068,246259.649605,1898.925240000041,2443.026314999996,1.0,757.0,1.0,1411.0,0.0019839558354179244,-0.0102848949370092,0.1713,0.3122807017543861,
20250110,252444.406,252005.3588,253457.9845,250268.3587,57431.0,-534.0,79048.0,1.0,0.0,843.0,0.0,2.0,-1.0,3177.0,-937.0,250317.06708,247573.27756,246299.458365,2743.78952000002,4017.608715000009,1.0,843.0,1.0,2240.0,-0.00929811425884975,-0.0387242619709054,0.1702,0.3026315789473684,0.6618
20250113,252108.9291,251595.7398,252625.1518,248891.2763,56370.0,-1061.0,102237.0,1.0,0.0,926.0,0.0,2.0,-1.0,2684.0,-934.0,251387.55412,248480.64561,246455.911095,2906.908509999979,4931.643024999968,1.0,926.0,1.0,1750.0,-0.01882206847613979,-0.0096365375703838,0.1756,0.3500000000000001,
20250114,249460.4232,251117.515,251351.9661,247461.6383,55266.0,-1104.0,97251.0,1.0,0.0,793.0,0.0,2.0,-1.0,2227.0,-712.0,251585.03686,248739.66385,246643.290505,2845.373009999981,4941.74635500001,1.0,793.0,1.0,1515.0,-0.019976115514059277,-0.0622671912731261,0.1913,0.48771929824561405,
20250115,244615.2319,249046.024,249130.4392,243421.3884,55878.0,612.0,109649.0,2.0,0.0,1519.0,0.0,1.0,-2.0,622.0,-1429.0,250175.00102,248695.00383,246540.502975,1479.997189999995,3634.498044999986,2.0,1519.0,-1.0,-807.0,0.0109524320841834,-0.0184808691040504,0.1734,0.33070175438596494,
20250116,248081.888,245141.9816,248542.0456,244878.2298,53673.0,-2205.0,95814.0,2.0,0.0,707.0,0.0,2.0,-1.0,2815.0,-687.0,249342.17564,249022.42578,246662.50335,319.7498600000399,2679.672290000046,2.0,707.0,1.0,2128.0,-0.04108210832262031,0.0414641520713473,0.1893,0.47017543859649125,
20250117,250144.6805,248106.3676,250709.7971,246700.6663,53976.0,303.0,92462.0,2.0,0.0,1104.0,0.0,2.0,-1.0,2990.0,-628.0,248882.23054,249599.64881,247122.678785,-717.4182699999947,1759.551754999993,2.0,1104.0,1.0,2362.0,0.005613606047132059,0.1094082643447758,0.1918,0.49210526315789477,0.7206
20250120,248703.1451,249043.3473,249706.7056,247575.3317,52535.0,-1441.0,86531.0,2.0,0.0,1774.0,0.0,2.0,-1.0,1950.0,-622.0,248201.07374,249794.31393,247417.029555,-1593.240190000011,784.0441850000061,2.0,1774.0,1.0,1328.0,-0.027429332825735224,-0.065437628435557,0.2052,0.6096491228070176,
20250121,252648.3241,248234.5451,254035.9523,248219.2428,57031.0,4496.0,120423.0,2.0,0.0,718.0,0.0,2.0,-1.0,4497.0,-544.0,248838.65392,250211.84539,247769.66649,-1373.191469999991,1068.987429999979,2.0,718.0,1.0,3953.0,0.07883431817783311,0.0793153782109511,0.1898,0.47456140350877196,
20250122,249296.4595,251888.1758,252410.7416,248565.3161,54800.0,-2231.0,98703.0,2.0,0.0,1667.0,0.0,2.0,-1.0,2511.0,-304.0,249774.89944,249974.95023,248037.72143,-200.0507899999793,1737.178010000003,2.0,1667.0,1.0,2207.0,-0.040711678832116786,-0.050402909167631,0.1896,0.4728070175438596,
20250123,248049.6454,249680.4928,250755.842,246916.9758,51370.0,-3430.0,90079.0,2.0,0.0,1445.0,0.0,2.0,-1.0,1082.0,-692.0,249768.45092,249555.31328,248179.53198,213.1376400000008,1588.918940000003,2.0,1445.0,1.0,390.0,-0.06677048861203037,-0.0987638086811492,0.1832,0.41666666666666674,
20250124,247949.9221,248316.4748,248626.0839,245732.977,48385.0,-2985.0,74249.0,2.0,0.0,1331.0,0.0,1.0,-2.0,621.0,-1207.0,249329.49924,249105.86489,248339.571225,223.6343499999493,989.9280149999831,2.0,1331.0,-1.0,-586.0,-0.06169267334917847,-0.0803318612202382,0.1879,0.4578947368421054,0.8088
20250127,248848.3171,248313.7668,249223.0382,247288.1986,44975.0,-3410.0,54028.0,2.0,0.0,1175.0,0.0,2.0,-1.0,963.0,-638.0,249358.53364,248779.80369,248630.22465,578.7299500000081,728.3089899999904,2.0,1175.0,1.0,325.0,-0.07581989994441356,-0.0078346941256562,0.1861,0.44210526315789467,0.8235
20250205,254964.9935,250110.7881,255967.6291,249888.3202,52729.0,7754.0,75717.0,2.0,0.0,1155.0,0.0,2.0,-1.0,3305.0,-763.0,249821.86752,249330.26072,249034.962285,491.6068000000087,786.9052350000129,2.0,1155.0,1.0,2542.0,0.1470538034098883,-0.0602929555607399,0.176,0.35350877192982455,
20250206,258131.6715,254718.3448,259686.2757,254718.3448,59866.0,7137.0,90750.0,2.0,0.0,1222.0,0.0,2.0,-1.0,3685.0,-766.0,251588.90992,250681.90468,249688.454255,907.0052400000277,1900.455665000016,2.0,1222.0,1.0,2919.0,0.11921624962416062,-0.0753870176525136,0.185,0.4324561403508772,
20250207,259292.8402,259227.6549,260341.2786,255848.8172,61059.0,1193.0,110536.0,2.0,0.0,1392.0,0.0,2.0,-1.0,3937.0,-805.0,253837.54888,251802.9999,250412.71284,2034.548979999992,3424.836039999966,2.0,1392.0,1.0,3132.0,0.01953847917587907,-0.0135625333342587,0.1895,0.4719298245614036,0.7647
20250210,259060.7556,259792.0117,260803.9248,257946.2487,60990.0,-69.0,77153.0,2.0,0.0,1480.0,0.0,2.0,-1.0,3856.0,-726.0,256059.71558,252694.60741,251147.12811,3365.108169999963,4912.587469999969,2.0,1480.0,1.0,3130.0,-0.001131333005410723,-0.0346707645053237,0.1676,0.2798245614035088,
20250211,257767.4488,259586.5879,259644.9035,255978.0051,58286.0,-2704.0,67698.0,2.0,0.0,1405.0,0.0,2.0,-1.0,3412.0,-723.0,257843.54192,253601.03778,251697.675855,4242.504140000063,6145.866065000009,2.0,1405.0,1.0,2689.0,-0.04639192945132622,-0.057888470874528,0.1664,0.2692982456140351,
20250212,257139.6523,256814.7769,258536.2485,255549.6844,57270.0,-1016.0,63862.0,2.0,0.0,1406.0,0.0,2.0,-1.0,2940.0,-679.0,258278.47368,254050.1706,252131.007995,4228.303079999983,6147.465685000032,2.0,1406.0,1.0,2261.0,-0.017740527326698098,-0.0758606899296438,0.1597,0.21052631578947384,
20250213,258173.1151,259275.3321,261685.5109,257093.9334,58063.0,793.0,95114.0,2.0,0.0,1318.0,0.0,2.0,-1.0,2789.0,-632.0,258286.7624,254937.83616,252456.393195,3348.926239999972,5830.369204999966,2.0,1318.0,1.0,2157.0,0.013657578836780739,-0.0695030383885693,0.1763,0.35614035087719315,
20250214,263112.1574,258585.1623,264839.2519,258006.5759,64683.0,6620.0,98592.0,2.0,0.0,1334.0,0.0,3.0,0.0,5232.0,0.0,259050.62584,256444.08736,252999.70032,2606.538480000017,6050.925520000048,2.0,1334.0,3.0,5232.0,0.10234528392313282,-0.1334613043872214,0.1828,0.41315789473684206,0.75
20250217,261108.4261,264842.9693,266196.6504,260161.2339,64973.0,290.0,117757.0,2.0,0.0,1538.0,0.0,3.0,0.0,4800.0,0.0,259460.15994,257759.93776,253432.901325,1700.222180000041,6027.25861499997,2.0,1538.0,3.0,4800.0,0.004463392486109614,-0.0385438405410866,0.1804,0.5308788598574823,
20250218,261268.7533,261870.2961,264238.3133,261104.9619,65418.0,445.0,89858.0,1.0,0.0,672.0,0.0,3.0,-1.0,5441.0,-424.0,260160.42084,259001.98138,253890.892535,1158.439459999965,6269.528304999956,1.0,672.0,2.0,5017.0,0.006802409122871381,-0.0805248994045466,0.1774,0.49940119760479046,
20250219,261799.2173,262547.1365,263094.5359,260791.4363,65903.0,485.0,76393.0,2.0,0.0,1226.0,0.0,2.0,0.0,5426.0,-379.0,261092.33384,259685.40376,254507.83224,1406.930080000049,6584.501600000047,2.0,1226.0,2.0,5047.0,0.007359300790555817,-0.0632000936917816,0.1554,0.23592814371257506,
20250220,264288.1908,261901.3824,264368.7882,259220.5814,67719.0,1816.0,100590.0,2.0,0.0,746.0,0.0,2.0,-1.0,5883.0,-447.0,262315.34898,260301.05569,255491.480185,2014.293290000001,6823.868795000017,2.0,746.0,1.0,5436.0,0.026816698415511157,0.0238330917608214,0.203,0.8059880239520959,
20250221,263967.429,265127.4393,267137.7151,263739.5049,69872.0,2153.0,97119.0,2.0,0.0,904.0,0.0,2.0,0.0,6093.0,-217.0,262486.4033,260768.51457,256285.757235,1717.888729999977,6200.646065000008,2.0,904.0,2.0,5876.0,0.03081348752003664,0.0064319975039613,0.215,0.9497005988023951,0.7647
20250224,264161.1435,264476.5202,268192.2163,263950.0308,71923.0,2051.0,141105.0,2.0,0.0,745.0,-29.0,2.0,-1.0,6147.0,-645.0,263096.94678,261278.55336,256986.580385,1818.393420000037,6110.366395000019,2.0,716.0,1.0,5502.0,0.028516608039152982,0.0112520525644751,0.1736,0.4538922155688624,
20250225,264051.156,265073.7364,265073.7364,262480.1481,71560.0,-363.0,108934.0,1.0,0.0,874.0,0.0,2.0,-1.0,4768.0,-414.0,263653.42732,261906.92408,257753.98093,1746.503239999991,5899.446389999997,1.0,874.0,1.0,4354.0,-0.005072666294019005,-0.0028265958467549,0.1736,0.4779319041614125,
20250226,262300.2695,263940.7919,266105.6394,261626.8969,68024.0,-3536.0,123993.0,1.0,0.0,438.0,0.0,2.0,-1.0,4541.0,-496.0,263753.63776,262422.9858,258236.5782,1330.651959999988,5517.059560000052,1.0,438.0,1.0,4045.0,-0.05198165353404681,-0.0555986261047627,0.1679,0.4060529634300126,
20250227,254158.1875,263623.6188,263882.5008,253360.8381,65496.0,-2528.0,201466.0,2.0,0.0,1887.0,0.0,1.0,-2.0,2297.0,-3102.0,261727.6371,262021.49304,258479.6646,-293.8559400000086,3247.972500000062,2.0,1887.0,-1.0,-805.0,-0.038597776963478686,-0.045522078937586,0.1869,0.6456494325346787,
20250228,256170.3166,253855.7454,256826.5104,253677.8885,60706.0,-4790.0,110802.0,2.0,0.0,1541.0,0.0,2.0,-1.0,3564.0,-2398.0,260168.21462,261327.30896,258885.69816,-1159.094340000011,1282.516459999984,2.0,1541.0,1.0,1166.0,-0.0789048858432445,-0.0104623398074969,0.1882,0.6620428751576294,0.8235
20250303,256025.8745,255437.2834,256583.3125,254401.063,59282.0,-1424.0,84438.0,2.0,0.0,1449.0,0.0,2.0,-1.0,3689.0,-2406.0,258541.16082,260819.0538,259289.49578,-2277.892980000004,-748.3349599999783,2.0,1449.0,1.0,1283.0,-0.024020782024897946,-0.0221028412014019,0.1644,0.3619167717528373,
20250304,256831.9445,256386.7812,257469.802,256266.7006,58163.0,-1119.0,77828.0,2.0,0.0,1330.0,0.0,2.0,-1.0,4631.0,-2252.0,257097.31852,260375.37292,259688.67715,-3278.054399999965,-2591.358630000002,2.0,1330.0,1.0,2379.0,-0.019239035125423378,-0.0655695397026708,0.1644,0.3619167717528373,
20250305,257043.0658,258113.2922,258885.3661,255050.9894,56951.0,-1212.0,94665.0,2.0,0.0,1521.0,0.0,2.0,-1.0,4821.0,-2261.0,256045.87778,259899.75777,259792.580765,-3853.879989999987,-3746.702984999982,2.0,1521.0,1.0,2560.0,-0.02128145247669049,-0.0863336909608774,0.1706,0.4401008827238337,
20250306,258071.1439,257816.6723,259014.0122,256100.3024,57042.0,91.0,77635.0,2.0,0.0,1251.0,0.0,2.0,-1.0,5135.0,-2322.0,256828.46906,259278.05308,259789.554385,-2449.584020000009,-2961.085325000022,2.0,1251.0,1.0,2813.0,0.0015953157322674521,-0.0542615106342192,0.1629,0.3430012610340479,
20250307,262906.7504,258883.419,263395.9261,258430.0264,59645.0,2603.0,142205.0,1.0,0.0,837.0,-12.0,2.0,0.0,6953.0,-29.0,258175.75582,259171.98522,259970.249895,-996.2294000000111,-1794.494074999995,1.0,825.0,2.0,6924.0,0.043641545812725294,-0.0166805094519066,0.1621,0.33291298865069363,0.8235
20250310,263008.4043,262154.6408,265303.7274,261166.48,59650.0,5.0,121766.0,1.0,-1.0,405.0,-462.0,3.0,0.0,6262.0,0.0,259572.26178,259056.7113,260167.63233,515.5504799999762,-595.3705499999924,0.0,-57.0,3.0,6262.0,8.382229673093043e-05,-0.0049510917415362,0.1626,0.3392181588902901,
20250311,263312.673,263647.8691,264377.68,261250.0615,60474.0,824.0,86240.0,1.0,0.0,489.0,0.0,3.0,0.0,6526.0,0.0,260868.40748,258982.863,260444.89354,1885.544480000011,423.5139400000044,1.0,489.0,3.0,6526.0,0.013625690379336574,-0.0326406539169429,0.1617,0.32786885245901665,
20250312,263631.4194,264193.1122,264730.3503,262713.8245,60537.0,63.0,89692.0,1.0,0.0,272.0,0.0,2.0,0.0,6006.0,-91.0,262186.0782,259115.97799,260769.481895,3070.100210000004,1416.596304999955,1.0,272.0,2.0,5915.0,0.001040685861539224,-0.0517563396661703,0.165,0.3694829760403533,
20250313,264699.1375,265798.1385,266281.654,264223.7386,62256.0,1719.0,82713.0,1.0,0.0,231.0,0.0,2.0,0.0,6497.0,0.0,263511.67692,260170.07299,261095.783015,3341.603929999983,2415.893904999975,1.0,231.0,2.0,6497.0,0.027611796453353894,-0.010586507493364,0.1526,0.21311475409836095,
20250314,287606.8682,265024.5482,291672.7753,264350.116,84989.0,22733.0,679815.0,0.0,-1.0,0.0,-65.0,3.0,0.0,7062.0,0.0,268451.70048,263313.72815,262320.518555,5137.972330000019,6131.181924999983,-1.0,-65.0,3.0,7062.0,0.26748167409900103,0.218142552668477,0.375,1.0,0.8235
20250317,283509.8037,284572.1299,286595.724,280385.2479,77928.0,-7061.0,355695.0,0.0,-1.0,0.0,-354.0,3.0,0.0,5084.0,0.0,272551.98036,266062.12107,263440.587435,6489.859290000051,9111.392925000051,-1.0,-354.0,3.0,5084.0,-0.0906092803613592,0.0932835808448183,0.3595,0.9352277475971583,
20250318,280221.1866,282150.1393,284254.9267,278549.5548,74356.0,-3572.0,236285.0,0.0,-1.0,0.0,-594.0,3.0,0.0,5902.0,0.0,275933.68308,268401.04528,264388.2091,7532.637799999968,11545.47398000001,-1.0,-594.0,3.0,5902.0,-0.048039162945828176,0.0428499918487041,0.2653,0.5415796071876305,
20250319,282036.6327,281993.1744,284038.1194,279355.7777,74145.0,-211.0,210560.0,1.0,-1.0,0.0,-195.0,3.0,0.0,5743.0,0.0,279614.72574,270900.4019700001,265400.07987,8714.323769999959,14214.64587000001,0.0,-195.0,3.0,5743.0,-0.002845775170274462,0.0993294997156879,0.2918,0.6523192645215211,
20250320,280602.4232,280946.7323,281514.8892,277302.7381,72350.0,-1795.0,208844.0,0.0,-1.0,0.0,-376.0,3.0,0.0,6609.0,0.0,282795.38288,273153.5299000001,266215.79149,9641.852979999967,16579.59139000002,-1.0,-376.0,3.0,6609.0,-0.024809951624049757,0.0530521930682678,0.2776,0.5929795236105307,
20250321,276369.6867,280959.0605,283087.0187,273665.3802,70109.0,-2241.0,263525.0,1.0,-1.0,295.0,0.0,3.0,0.0,6298.0,0.0,280547.94658,274499.8235300001,266835.904375,6048.123049999936,13712.04220499995,0.0,295.0,3.0,6298.0,-0.0319645124021167,-0.048210562113308,0.2711,0.5658169661512746,0.7353
20250324,276812.6455,277685.4174,277685.4174,273779.2523,69317.0,-792.0,173801.0,1.0,0.0,318.0,0.0,3.0,0.0,6592.0,0.0,279208.51494,275880.24765,267468.4794750001,3328.267290000047,11740.03546499996,1.0,318.0,3.0,6592.0,-0.011425768570480546,0.0693106616962633,0.2315,0.40033430839949863,
20250325,275174.5939,275954.3378,276348.2066,273302.089,68155.0,-1162.0,172292.0,1.0,0.0,189.0,0.0,2.0,-1.0,4374.0,-709.0,278199.1964,277066.43974,268024.65137,1132.756660000014,10174.54503000004,1.0,189.0,1.0,3665.0,-0.017049372753282957,0.0284373308916324,0.1872,0.21521103217718351,
20250326,278120.0202,275803.3238,282209.2323,275151.7039,69807.0,1652.0,258420.0,1.0,-1.0,93.0,0.0,3.0,0.0,4730.0,0.0,277415.8739,278515.29982,268815.6389050001,-1099.425920000009,8600.234994999948,0.0,93.0,3.0,4730.0,0.02366524847078373,-0.0441831733368132,0.2094,0.29260999572832125,
20250327,281392.4724,278434.6111,281908.9802,278055.4731,73683.0,3876.0,179051.0,0.0,0.0,0.0,0.0,3.0,0.0,6028.0,0.0,277573.88374,280184.63331,270177.35315,-2610.749569999985,7396.53058999998,0.0,0.0,3.0,6028.0,0.0526037213468507,0.0650837996993048,0.2255,0.3316942333482343,
20250328,282282.9086,280456.2927,286923.7713,278911.6583,72464.0,-1219.0,252492.0,1.0,0.0,299.0,0.0,3.0,0.0,4643.0,0.0,278756.52812,279652.23735,271482.98275,-895.7092299999786,7273.545370000007,1.0,299.0,3.0,4643.0,-0.01682214616913226,0.0883653445535988,0.233,0.36522127849798847,0.7941
20250331,282308.0822,287677.4083,290745.2274,281574.8817,71213.0,-1251.0,338538.0,1.0,0.0,872.0,0.0,3.0,0.0,2528.0,0.0,279855.61546,279532.0652,272797.093135,323.5502600000473,7058.522324999969,1.0,872.0,3.0,2528.0,-0.0175670172580849,0.0599392834584559,0.2425,0.40768886902101026,
20250401,287358.4267,283101.3553,290674.7143,282450.7465,74375.0,3162.0,234706.0,0.0,-1.0,0.0,-524.0,3.0,0.0,5263.0,0.0,282292.38202,280245.78921,274323.417245,2046.592810000002,7968.964775,-1.0,-524.0,3.0,5263.0,0.04251428571428571,0.050637472969684,0.2552,0.46446133214126056,
20250402,297426.5429,289849.1825,299713.2927,287546.6836,105057.0,30682.0,405168.0,0.0,-1.0,0.0,-924.0,3.0,0.0,6738.0,0.0,286153.68656,281784.78023,276342.5911,4368.906329999969,9811.09546000004,-1.0,-924.0,3.0,6738.0,0.2920509818479492,0.1846212160068849,0.3093,0.7063030844881539,
20250403,287788.6874,294705.4549,297746.3647,286540.4439,90740.0,-14317.0,320905.0,0.0,0.0,69.0,0.0,3.0,0.0,2307.0,0.0,287432.92956,282503.40665,277828.468275,4929.522909999941,9604.461284999968,0.0,69.0,3.0,2307.0,-0.15778047167731982,0.0764505684175253,0.2699,0.529121863799283,0.7353
20250407,267951.0214,263406.9544,278519.5598,263354.9059,78414.0,-12326.0,310446.0,1.0,0.0,1104.0,0.0,3.0,0.0,2061.0,0.0,284566.55212,281661.54012,278080.681825,2905.012000000046,6485.87029500003,1.0,1104.0,3.0,2061.0,-0.15719131787690974,-0.2941146955834343,0.317,0.7392086330935251,
20250408,266243.83,267464.7787,273128.5669,266205.0434,73914.0,-4500.0,266775.0,1.0,0.0,1114.0,0.0,2.0,-1.0,1615.0,-1620.0,281353.7016800001,280604.65857,278242.45311,749.0431100000278,3111.248570000054,1.0,1114.0,1.0,-5.0,-0.0608815650620992,0.0115737950042657,0.2812,0.5782374100719424,
20250409,253943.6223,266313.6925,267663.413,251951.8776,77268.0,3354.0,343821.0,1.0,0.0,1000.0,0.0,1.0,-2.0,677.0,-943.0,274670.7408,278481.56141,277774.000575,-3810.820609999937,-3103.259774999984,1.0,1000.0,-1.0,-266.0,0.043407361391520426,0.0337924326565671,0.3697,0.9761690647482013,
20250410,257145.4718,236354.1297,258342.7223,236105.7241,77660.0,392.0,405477.0,1.0,0.0,1015.0,0.0,1.0,-3.0,0.0,-2359.0,266614.52658,276384.10657,277449.703195,-9769.579989999998,-10835.176615,1.0,1015.0,-2.0,-2359.0,0.0050476435745557555,-0.0564849628771888,0.3289,0.7927158273381296,
20250411,257206.5192,254017.7368,257607.4459,251191.8705,72321.0,-5339.0,269696.0,2.0,-1.0,1193.0,0.0,0.0,-3.0,0.0,-360.0,260498.09294,273965.51125,277075.07228,-13467.41831000001,-16576.97933999999,1.0,1193.0,-3.0,-360.0,-0.07382364735000899,0.0118315457765499,0.3547,0.9087230215827339,0.7059
20250414,261659.1725,257850.0668,261946.6969,256984.9303,70636.0,-1685.0,239862.0,1.0,0.0,1341.0,0.0,1.0,-2.0,287.0,-1551.0,259239.72316,271903.13764,275777.687495,-12663.41447999998,-16537.96433500003,1.0,1341.0,-1.0,-1264.0,-0.023854691658644317,0.0166808660333563,0.3278,0.7877697841726617,
20250415,258973.1325,261548.4494,262104.5096,257839.233,68587.0,-2049.0,188002.0,1.0,0.0,1008.0,0.0,0.0,-3.0,0.0,-2165.0,257785.58366,269569.64267,274550.853935,-11784.05901000003,-16765.27027500002,1.0,1008.0,-3.0,-2165.0,-0.02987446600667765,-0.00191741010971,0.2912,0.6232014388489209,
20250416,255446.4769,255913.9383,259260.8032,255346.2032,69481.0,894.0,186850.0,1.0,0.0,1049.0,0.0,1.0,-3.0,0.0,-1231.0,258086.15458,266378.44769,273312.11845,-8292.293109999999,-15225.96387000001,1.0,1049.0,-2.0,-1231.0,0.012866826902318619,-0.2115053228287668,0.2731,0.54181654676259,
20250417,257607.3463,256131.0565,259262.7391,254809.2731,65663.0,-3818.0,166013.0,2.0,0.0,1354.0,0.0,0.0,-3.0,0.0,-419.0,258178.52948,262396.52803,272090.65413,-4217.99854999996,-13912.12465000001,2.0,1354.0,-3.0,-419.0,-0.058145378675966676,0.1242803754891626,0.2496,0.43615107913669054,
20250418,256212.7564,256437.8992,261831.0266,253689.1755,67720.0,2057.0,206796.0,2.0,0.0,1426.0,0.0,2.0,-2.0,165.0,-745.0,257979.77692,259238.93493,270871.17079,-1259.158010000043,-12891.39387,2.0,1426.0,0.0,-580.0,0.030375073833431777,-0.1058565332756445,0.2733,0.5427158273381294,0.6618
20250421,262971.4498,256446.8361,264163.8259,256238.6573,67999.0,279.0,174978.0,2.0,0.0,898.0,0.0,3.0,0.0,1680.0,0.0,258242.23238,258740.9777700001,270201.258945,-498.7453900000255,-11959.02656499998,2.0,898.0,3.0,1680.0,0.004103001514728158,0.0391533514467778,0.2653,0.5067446043165467,
20250422,257791.9587,260806.6322,261853.5107,256775.2182,67417.0,-582.0,170523.0,2.0,0.0,1626.0,0.0,0.0,-3.0,0.0,-2436.0,258005.99762,257895.79064,269250.224605,110.206979999959,-11244.22698500002,2.0,1626.0,-3.0,-2436.0,-0.008632837414895353,-0.0050600669155457,0.2739,0.5454136690647481,
20250423,259221.2604,258272.513,259724.7631,256931.3544,66303.0,-1114.0,168218.0,2.0,0.0,1420.0,0.0,1.0,-2.0,220.0,-1445.0,258760.95432,258423.55445,268452.55793,337.3998699999938,-9691.603609999991,2.0,1420.0,-1.0,-1225.0,-0.016801653017208873,0.0181949958330959,0.2836,0.5890287769784174,
20250424,259545.8793,258503.5208,262155.941,257637.0254,65440.0,-863.0,162049.0,1.0,0.0,637.0,0.0,2.0,-2.0,364.0,-488.0,259148.66092,258663.5952,267523.850885,485.0657199999841,-8375.189964999969,1.0,637.0,0.0,-124.0,-0.013187652811735942,-0.020428454286839,0.2428,0.40557553956834524,
20250425,262745.6175,259841.115,263764.6011,259833.9178,62436.0,-3004.0,146764.0,1.0,0.0,686.0,0.0,3.0,-1.0,2314.0,0.0,260455.23314,259217.50503,266591.5081399999,1237.728109999996,-6136.274999999965,1.0,686.0,2.0,2314.0,-0.048113267986418094,-0.012350560440539,0.248,0.42895683453237404,0.5588
20250428,260524.1981,263154.4156,263188.534,259367.1295,59952.0,-2484.0,123426.0,1.0,0.0,829.0,0.0,2.0,0.0,593.0,0.0,259965.7828,259104.00759,265503.572615,861.7752099999925,-5537.789815000026,1.0,829.0,2.0,593.0,-0.04143314651721377,-0.0177549653999095,0.2361,0.3754496402877698,
20250429,261390.5861,261159.1689,262258.7071,259531.5782,56129.0,-3823.0,105502.0,1.0,0.0,685.0,0.0,3.0,-1.0,804.0,0.0,260685.50828,259345.75295,264457.69781,1339.755329999985,-3772.189529999974,1.0,685.0,2.0,804.0,-0.06811095868445902,-0.010483591808662,0.2393,0.3898381294964029,
20250430,260307.5751,261800.363,264375.3901,260075.2556,53905.0,-2224.0,121122.0,1.0,0.0,645.0,0.0,2.0,-1.0,362.0,-190.0,260902.77122,259831.86277,263105.15523,1070.908449999988,-2202.384010000038,1.0,645.0,1.0,172.0,-0.04125776829607643,-0.0700934724028122,0.2717,0.5355215827338129,0.5441
20250506,260975.7222,258234.802,261979.4867,257921.5455,52799.0,-1106.0,84157.0,1.0,0.0,601.0,0.0,2.0,0.0,839.0,0.0,261188.7398,260168.70036,261282.614195,1020.039440000022,-93.87439499999164,1.0,601.0,2.0,839.0,-0.02094736642739446,0.0253412704628297,0.2163,0.28642086330935246,
20250507,261230.3322,261514.0816,264458.7535,260330.17,56744.0,3945.0,114348.0,1.0,0.0,631.0,0.0,1.0,-2.0,169.0,-770.0,260885.68274,260670.45794,259954.696435,215.2248000000254,930.9863049999985,1.0,631.0,-1.0,-601.0,0.06952276892711123,0.0085083696693685,0.2015,0.21987410071942448,
20250508,261414.0936,260385.4015,262930.4875,258288.2436,56241.0,-503.0,132035.0,1.0,0.0,516.0,0.0,2.0,-1.0,1456.0,-502.0,261063.66184,260514.72232,259627.850045,548.9395200000145,1435.811794999987,1.0,516.0,1.0,954.0,-0.0089436532067353,0.0917841616968068,0.1944,0.1879496402877697,
20250509,259507.2896,262149.9465,262508.7986,258690.9504,56313.0,72.0,93122.0,1.0,0.0,660.0,0.0,1.0,-3.0,0.0,-1516.0,260687.00254,260686.25541,259291.023025,0.7471299999742769,1395.979514999955,1.0,660.0,-2.0,-1516.0,0.001278568003835704,0.015340707618849,0.1885,0.16142086330935246,0.6029
20250512,263107.6502,259912.0496,263306.9486,258482.0819,65536.0,9223.0,201003.0,1.0,0.0,199.0,0.0,2.0,-1.0,2091.0,-1144.0,261247.01756,261074.89439,259749.22442,172.1231700000062,1497.793139999965,1.0,199.0,1.0,947.0,0.1407318115234375,0.1690424056418055,0.203,0.22661870503597123,
20250513,262061.5776,264365.2229,265490.1455,260490.3826,57806.0,-7730.0,133501.0,1.0,0.0,605.0,0.0,3.0,-1.0,903.0,0.0,261464.18864,261326.46422,259995.02971,137.724419999955,1469.158930000005,1.0,605.0,2.0,903.0,-0.13372314292633983,-0.0521743456750938,0.184,0.14118705035971216,
20250514,265648.8404,262851.4626,265810.5939,262633.1226,59035.0,1229.0,120951.0,1.0,-1.0,0.0,0.0,2.0,0.0,2282.0,0.0,262347.89028,261616.78651,260417.14577,731.103769999987,1930.744510000019,0.0,0.0,2.0,2282.0,0.020818158719403745,-0.0137478721010648,0.2065,0.24235611510791358,
20250515,265152.5313,266191.0593,266662.6157,264100.2694,57722.0,-1313.0,105179.0,1.0,0.0,488.0,0.0,2.0,0.0,1733.0,0.0,263095.5778199999,262079.61983,260591.81371,1015.957989999966,2503.76410999996,1.0,488.0,2.0,1733.0,-0.022746959564810643,-0.0185429124324892,0.1913,0.17401079136690642,
20250516,264843.651,265287.945,266229.4249,264200.1502,56487.0,-1235.0,83768.0,1.0,0.0,338.0,0.0,2.0,0.0,1166.0,0.0,264162.8501,262424.92632,260885.339635,1737.92378000007,3277.510465000028,1.0,338.0,2.0,1166.0,-0.02186343760511268,-0.0055526511257886,0.1981,0.20458633093525175,0.5294
20250519,264864.0364,264499.0504,265391.444,261973.1199,53118.0,-3369.0,105116.0,1.0,0.0,321.0,0.0,2.0,0.0,784.0,0.0,264514.12734,262880.57245,261356.21761,1633.554890000029,3157.909730000014,1.0,321.0,2.0,784.0,-0.06342482774200836,-0.0021340065647145,0.1871,0.15512589928057544,
20250520,264760.6913,265280.2914,265497.1764,264193.3383,52840.0,-278.0,71733.0,1.0,0.0,548.0,0.0,2.0,0.0,928.0,0.0,265053.95008,263259.06936,261713.88486,1794.880720000016,3340.065220000019,1.0,548.0,2.0,928.0,-0.00526116578349735,-0.0055978938476673,0.1611,0.03821942446043156,
20250521,267733.6348,265098.4422,268480.3313,264463.94,58824.0,5984.0,117971.0,0.0,0.0,0.0,-111.0,2.0,0.0,2342.0,0.0,265470.90896,263909.39962,262289.92878,1561.509340000048,3180.980180000013,0.0,-111.0,2.0,2342.0,0.10172718618251055,0.050296126450418,0.197,0.19964028776978415,
20250522,264877.9581,267257.4627,267560.5308,264611.3893,54185.0,-4639.0,81486.0,0.0,0.0,0.0,0.0,1.0,-1.0,411.0,-217.0,265415.99432,264255.78607,262385.254195,1160.208250000025,3030.740125000011,0.0,0.0,0.0,194.0,-0.08561409984313002,-0.0504567862244622,0.1603,0.03462230215827331,
20250523,264650.5531,264953.5892,265468.4199,263988.5446,52549.0,-1636.0,68062.0,0.0,0.0,0.0,0.0,1.0,-1.0,618.0,-118.0,265377.37474,264770.11242,262728.1839150001,607.2623199999798,2649.19082499994,0.0,0.0,0.0,500.0,-0.031132847437629643,-0.0510792040483915,0.1505,0.0,0.6176
20250526,264210.7994,264481.2466,265836.8664,263754.057,51856.0,-693.0,80284.0,0.0,0.0,0.0,0.0,1.0,-1.0,162.0,-226.0,265246.72734,264880.42734,262977.660865,366.2999999999884,2269.066474999941,0.0,0.0,0.0,-64.0,-0.013363930885529158,-0.0358559510420497,0.1584,0.035189309576837496,
20250527,264813.8573,264646.3268,266522.8621,264195.0903,48480.0,-3376.0,90692.0,1.0,0.0,452.0,0.0,1.0,-1.0,753.0,-378.0,265257.36054,265155.65531,263241.059765,101.7052300000214,2016.300775000011,1.0,452.0,0.0,375.0,-0.06963696369636964,-0.0140950149297829,0.1519,0.006236080178173774,
20250528,257071.8957,264824.3754,265404.1282,256916.1049,52484.0,4004.0,137027.0,1.0,0.0,692.0,0.0,1.0,-2.0,548.0,-1444.0,263125.01272,264297.96084,262957.373675,-1172.948119999957,167.6390449999599,1.0,692.0,-1.0,-896.0,0.07628991692706348,-0.2663336115576765,0.1956,0.20089086859688196,
20250529,257879.6649,258326.1106,259553.8912,255954.8457,52130.0,-354.0,133805.0,1.0,-1.0,618.0,0.0,1.0,-1.0,652.0,-1030.0,261725.35408,263570.6742,262825.147015,-1845.320119999989,-1099.792934999976,0.0,618.0,0.0,-378.0,-0.00679071551889507,0.0108026882577596,0.1816,0.13853006681514485,
20250530,250359.1594,257579.5913,257593.1576,249923.1889,58096.0,5966.0,187299.0,1.0,0.0,905.0,0.0,0.0,-3.0,0.0,-3014.0,258867.07534,262122.22504,262273.57568,-3255.149700000009,-3406.500340000028,1.0,905.0,-3.0,-3014.0,0.10269209584136602,-0.1855166789428534,0.2266,0.33897550111358576,0.6324
20250603,249894.1026,251429.0738,252745.3377,248935.9652,60730.0,2634.0,85742.0,1.0,-1.0,877.0,-587.0,1.0,-2.0,408.0,-2123.0,256003.73598,260625.23166,261752.902055,-4621.495679999993,-5749.166075000045,0.0,290.0,-1.0,-1715.0,0.04337230363905813,-0.0732175278476506,0.2158,0.2908685968819599,
20250604,257895.7584,251764.6855,258715.3206,251540.3622,56349.0,-4381.0,169007.0,1.0,-1.0,723.0,-673.0,2.0,0.0,1967.0,0.0,254620.1162,259938.73837,261598.903865,-5318.622170000017,-6978.787665000011,0.0,50.0,2.0,1967.0,-0.07774760865321478,-0.0123824136282266,0.1979,0.21113585746102448,
20250605,258899.3403,258515.3146,259891.6085,257764.8256,53468.0,-2881.0,125797.0,1.0,-2.0,166.0,-629.0,2.0,0.0,3233.0,0.0,254985.60512,259055.30892,261482.35427,-4069.703800000018,-6496.749149999989,-1.0,-463.0,2.0,3233.0,-0.05388269619211491,-0.0193714798697269,0.1924,0.18663697104677057,
20250606,263561.0152,259623.2636,264274.1804,259451.9169,51292.0,-2176.0,152459.0,1.0,-2.0,149.0,-544.0,2.0,0.0,3186.0,0.0,256121.87518,258923.61463,261589.70035,-2801.739450000052,-5467.825169999996,-1.0,-395.0,2.0,3186.0,-0.042423769788661,-0.0043156727501748,0.184,0.1492204899777283,0.6471
20250609,263679.4225,262770.0256,263940.3787,261426.5713,50610.0,-682.0,101666.0,0.0,-2.0,84.0,0.0,2.0,0.0,3026.0,0.0,258785.9278,258826.50157,261798.306995,-40.57376999998814,-3012.379194999987,-2.0,84.0,2.0,3026.0,-0.013475597707962854,0.0070965583097327,0.167,0.07349665924276176,
20250610,263393.2845,264070.6198,264377.7788,263202.1389,50717.0,107.0,85674.0,0.0,-1.0,77.0,0.0,2.0,0.0,2713.0,0.0,261485.76418,258744.75008,261812.58871,2741.0141,-326.8245299999835,-1.0,77.0,2.0,2713.0,0.002109746238933691,0.0023875305974374,0.1567,0.027616926503340807,
20250611,265412.5753,263912.1224,266075.2713,263912.1224,52413.0,1696.0,85415.0,0.0,-1.0,0.0,-513.0,2.0,0.0,3037.0,0.0,262989.1275600001,258804.62188,261980.138595,4184.50568000006,1008.988965000055,-1.0,-513.0,2.0,3037.0,0.03235838437028982,0.0129995901341832,0.1577,0.03207126948775061,
20250612,265005.2617,265162.1398,265444.2488,263852.7234,52074.0,-339.0,65793.0,1.0,-1.0,354.0,-522.0,2.0,0.0,3625.0,0.0,264210.31184,259597.95848,261947.95966,4612.35335999995,2262.352179999958,0.0,-168.0,2.0,3625.0,-0.006509966586012213,0.0318706808359487,0.163,0.05567928730512254,
20250613,263520.8877,264865.9131,265435.42,262714.4509,51491.0,-583.0,101678.0,1.0,-1.0,352.0,-538.0,2.0,0.0,3409.0,0.0,264202.28634,260162.08076,261866.37748,4040.205580000009,2335.908859999967,0.0,-186.0,2.0,3409.0,-0.01132236701559496,-0.0304429090569505,0.1649,0.0656934306569343,0.7206
20250616,264366.7828,263917.0891,265358.619,263257.0198,51298.0,-193.0,81602.0,1.0,-1.0,376.0,-505.0,2.0,0.0,3082.0,0.0,264339.7584,261562.8431,261842.53407,2776.915300000052,2497.224330000055,0.0,-129.0,2.0,3082.0,-0.0037623299153963117,0.0502084202151661,0.1702,0.08987226277372262,
20250617,263644.7716,264558.5425,265375.8389,262927.1286,48099.0,-3199.0,88521.0,1.0,-1.0,374.0,-449.0,2.0,0.0,2808.0,0.0,264390.05582,262937.91,261781.57083,1452.145819999976,2608.484989999997,0.0,-75.0,2.0,2808.0,-0.06650865922368449,0.0201672961363521,0.1829,0.14781021897810226,
20250618,264828.6612,263518.8719,264913.5705,261952.0916,50184.0,2085.0,85548.0,1.0,-1.0,376.0,-551.0,2.0,0.0,4533.0,0.0,264273.2729999999,263631.20028,261784.969325,642.0727199999383,2488.303674999916,0.0,-175.0,2.0,4533.0,0.041547106647537066,0.0550298161561726,0.2084,0.26414233576642343,
20250619,263224.3912,264084.0916,264321.7801,262909.1029,49660.0,-524.0,73050.0,1.0,-1.0,411.0,-420.0,2.0,0.0,3032.0,0.0,263917.0989,264063.70537,261559.507145,-146.6064699999988,2357.591754999972,0.0,-9.0,2.0,3032.0,-0.010551751913008457,0.0337983451376727,0.1881,0.17153284671532845,
20250620,260456.3532,263155.5079,263299.4006,258536.8397,47762.0,-1898.0,162289.0,1.0,-1.0,305.0,-321.0,2.0,0.0,2838.0,0.0,263304.192,263753.23917,261338.4269,-449.0471700000344,1965.76509999999,0.0,-16.0,2.0,2838.0,-0.03973870440936309,0.074676747057001,0.2254,0.3416970802919708,0.7206
20250623,261756.8544,262140.9424,264199.8132,261003.2393,47510.0,-252.0,122032.0,1.0,-1.0,437.0,-352.0,2.0,0.0,3041.0,0.0,262782.20632,263560.98236,261193.741965,-778.7760400000261,1588.464355000033,0.0,85.0,2.0,3041.0,-0.005304146495474637,0.0611713904061342,0.2156,0.2969890510948906,
20250624,263647.9897,262323.4076,263947.953,261837.7723,49232.0,1722.0,84459.0,0.0,0.0,67.0,0.0,2.0,0.0,3993.0,0.0,262782.84994,263586.45288,261165.60148,-803.6029400000116,1617.248459999973,0.0,67.0,2.0,3993.0,0.03497725056873578,0.0534273282706791,0.1607,0.046532846715328535,
20250625,263070.5401,263004.5869,263604.4549,261302.4898,49390.0,158.0,104162.0,0.0,0.0,0.0,0.0,2.0,-1.0,3473.0,-764.0,262431.22572,263352.24936,261078.43562,-921.0236399999121,1352.790100000013,0.0,0.0,1.0,2709.0,0.0031990281433488563,0.0258344426483627,0.1582,0.03512773722627743,
20250626,267176.6284,263639.0393,268083.2169,263496.9235,55388.0,5998.0,182206.0,0.0,0.0,0.0,0.0,2.0,0.0,4230.0,0.0,263221.6731599999,263569.3860300001,261583.672255,-347.7128700001049,1638.000904999935,0.0,0.0,2.0,4230.0,0.10829060446306059,0.0684983435467938,0.1818,0.1427919708029197,
20250627,268766.7297,268385.0868,271815.5052,268037.2845,59494.0,4106.0,167931.0,0.0,0.0,0.0,0.0,2.0,0.0,3458.0,0.0,264883.74846,264093.97023,262128.025495,789.7782300000545,2755.722965000023,0.0,0.0,2.0,3458.0,0.06901536289373718,0.0321651165730841,0.1884,0.1729014598540147,0.7794
20250630,268080.017,269444.419,269974.1138,266797.136,55851.0,-3643.0,109886.0,0.0,0.0,0.0,0.0,2.0,0.0,3309.0,-17.0,266148.38098,264465.29365,263014.068375,1683.087330000009,3134.312605000043,0.0,0.0,2.0,3292.0,-0.06522712216433009,0.0214675405401782,0.1886,0.1738138686131387,
20250701,269731.5067,267715.0238,269731.5067,266143.6199,55925.0,74.0,85164.0,0.0,0.0,0.0,0.0,2.0,-1.0,2871.0,-440.0,267365.08438,265073.96716,264005.93858,2291.117220000015,3359.145800000057,0.0,0.0,1.0,2431.0,0.0013232007152436298,0.1065811292122821,0.1794,0.1318430656934307,
20250702,268510.9513,270076.9269,271619.7928,267838.5896,56207.0,282.0,88928.0,0.0,0.0,0.0,0.0,2.0,-1.0,2349.0,-338.0,268453.16662,265442.19617,264536.698225,3010.970449999964,3916.468394999974,0.0,0.0,1.0,2011.0,0.005017168680057644,0.0553289787121571,0.1724,0.09990875912408761,
20250703,268403.9453,269249.404,269899.4839,267830.3831,54595.0,-1612.0,70597.0,0.0,0.0,0.0,0.0,3.0,0.0,2327.0,-38.0,268698.63,265960.15158,265011.928475,2738.478419999999,3686.701524999982,0.0,0.0,3.0,2289.0,-0.029526513416979577,0.0517993602300192,0.1691,0.08485401459854018,
20250704,267227.576,268993.8834,271192.7537,267013.5878,55224.0,629.0,105697.0,0.0,0.0,0.0,0.0,2.0,-1.0,2640.0,-305.0,268390.79926,266637.27386,265195.256515,1753.525400000042,3195.542744999984,0.0,0.0,1.0,2335.0,0.011389975373026221,0.0128633717503554,0.1718,0.0971715328467154,0.6912
20250707,263526.5341,267498.1709,268045.8343,262556.1239,52630.0,-2594.0,108821.0,0.0,0.0,0.0,0.0,3.0,0.0,1904.0,-66.0,267480.10268,266814.24183,265187.612095,665.8608499999973,2292.490585000021,0.0,0.0,3.0,1838.0,-0.049287478624358734,-0.0665013359664833,0.1663,0.07208029197080297,
20250708,265477.6024,263577.8901,266047.2537,263577.8901,50488.0,-2142.0,90127.0,0.0,0.0,0.0,0.0,2.0,-1.0,1655.0,-131.0,266629.32182,266997.2031,265291.82799,-367.8812799999723,1337.493829999992,0.0,0.0,1.0,1524.0,-0.042425922991601965,0.1114720101377114,0.1613,0.05288932419196867,
20250709,262877.4362,265557.4706,265744.5984,260642.5834,51905.0,1417.0,123506.0,0.0,0.0,0.0,0.0,3.0,-1.0,2060.0,0.0,265502.6188,266977.89271,265165.071035,-1475.273909999989,337.5477649999666,0.0,0.0,2.0,2060.0,0.027299874771216644,0.0047558195468379,0.1608,0.05044074436826642,
20250710,266717.2049,263377.0419,267289.3447,262965.0668,51788.0,-117.0,102588.0,0.0,0.0,0.0,0.0,3.0,0.0,3277.0,0.0,265165.27072,266931.95036,265250.668195,-1766.679639999988,-85.39747500000522,0.0,0.0,3.0,3277.0,-0.0022592106279446978,0.0851952214504892,0.1579,0.04173716864072204,
20250711,263950.6795,267189.2145,267475.6134,263721.3895,49828.0,-1960.0,97391.0,0.0,0.0,0.0,0.0,3.0,0.0,2706.0,0.0,264509.89142,266450.34534,265272.157785,-1940.45392,-762.2663649999886,0.0,0.0,3.0,2706.0,-0.03933531347836558,-0.0019241934269373,0.1684,0.12722103766879883,0.8382
20250714,266662.1097,264189.6766,268713.4529,263854.2898,51805.0,1977.0,112325.0,0.0,0.0,0.0,0.0,3.0,0.0,2129.0,0.0,265137.00654,266308.55461,265386.92413,-1171.548070000019,-249.9175900000264,0.0,0.0,3.0,2129.0,0.0381623395425152,0.0748640145861105,0.1685,0.13523666416228408,
20250715,263265.5332,266006.7988,266013.2078,261633.0005,52437.0,632.0,126875.0,0.0,0.0,0.0,0.0,1.0,-1.0,1179.0,-1379.0,264694.5927,265661.95726,265367.96221,-967.3645599999581,-673.3695099999895,0.0,0.0,0.0,-200.0,0.012052558308064915,-0.062344709904878,0.1686,0.1359879789631856,
20250716,263981.7539,263372.7988,264739.6954,262435.7914,51095.0,-1342.0,77556.0,0.0,0.0,0.0,0.0,2.0,-1.0,388.0,-393.0,264915.45624,265209.03752,265325.616845,-293.5812799999258,-410.1606049999828,0.0,0.0,1.0,-5.0,-0.02626480086114101,0.0297300608152023,0.1607,0.07663410969196102,
20250717,262052.3967,262164.4049,262881.8691,260779.7866,52295.0,1200.0,93690.0,1.0,0.0,508.0,0.0,0.0,-3.0,0.0,-2510.0,263982.4946,264573.88266,265267.01712,-591.3880600000266,-1284.522519999999,1.0,508.0,-3.0,-2510.0,0.022946744430633905,-0.0036151402285468,0.1586,0.060856498873027756,
20250718,264577.7778,261283.0817,266461.4769,261011.9313,49231.0,-3064.0,101110.0,1.0,0.0,331.0,0.0,1.0,-2.0,0.0,-1308.0,264107.91426,264308.90284,265473.08835,-200.9885800000047,-1365.174089999986,1.0,331.0,-1.0,-1308.0,-0.06223720826308627,-0.0236977458504785,0.1589,0.06311044327573266,0.9265
20250721,267347.0522,263811.9591,268171.3533,263376.0803,51907.0,2676.0,118681.0,0.0,-1.0,0.0,-362.0,3.0,0.0,50.0,-121.0,264244.90276,264690.95465,265752.59824,-446.0518899999443,-1507.695479999995,-1.0,-362.0,3.0,-71.0,0.0515537403433063,-0.0089031768906873,0.1775,0.20285499624342593,
20250722,268647.3756,267996.828,268663.5983,265894.5369,51797.0,-110.0,102966.0,0.0,0.0,0.0,0.0,3.0,0.0,905.0,0.0,265321.27124,265007.93197,266002.567535,313.3392699999968,-681.2962949999492,0.0,0.0,3.0,905.0,-0.002123675116319478,0.0175548364763661,0.1998,0.40676567656765683,
20250723,268636.338,268452.0071,270217.1639,267815.1119,53169.0,1372.0,117613.0,1.0,0.0,90.0,0.0,3.0,0.0,2187.0,-84.0,266252.18806,265583.82215,266280.85743,668.365909999935,-28.66937000001781,1.0,90.0,3.0,2103.0,0.025804510146890104,0.0136982493885106,0.1891,0.31848184818481845,
20250724,274033.4101,271308.7036,275797.9898,271308.7036,61628.0,8459.0,206737.0,0.0,-1.0,0.0,-766.0,2.0,0.0,2795.0,-192.0,268648.39074,266315.44267,266623.696515,2332.948069999984,2024.694224999985,-1.0,-766.0,2.0,2603.0,0.13725903809956513,-0.0035731588427487,0.2693,0.9801980198019801,
20250725,272008.6007,273047.6374,273047.6374,269302.0676,59924.0,-1704.0,143280.0,1.0,-1.0,649.0,-1199.0,2.0,0.0,2281.0,0.0,270134.55532,267121.23479,266785.790065,3013.320529999968,3348.765254999977,0.0,-550.0,2.0,2281.0,-0.02843601895734597,-0.0115678214674729,0.2207,0.5792079207920793,0.9265
20250728,267918.8253,271264.8901,271539.9166,266859.0465,54424.0,-5500.0,152193.0,1.0,-1.0,701.0,-712.0,3.0,0.0,1277.0,0.0,270248.90994,267246.90635,266777.73048,3002.003589999978,3471.179459999956,0.0,-11.0,3.0,1277.0,-0.1010583566073791,-0.0551719265575304,0.1958,0.3737623762376238,
20250729,266767.3257,268386.6843,269579.0879,265443.4865,52135.0,-2289.0,99771.0,1.0,-1.0,786.0,-284.0,1.0,-2.0,313.0,-329.0,269872.89996,267597.0856,266629.52143,2275.814360000018,3243.378529999987,0.0,502.0,-1.0,-16.0,-0.043905245995971995,-0.0714714275748144,0.1688,0.15404040404040414,
20250730,267957.3143,267387.4411,268401.2467,266800.1109,51663.0,-472.0,79971.0,1.0,-1.0,768.0,-569.0,2.0,-1.0,385.0,-458.0,269737.09522,267994.64164,266601.83958,1742.453579999972,3135.255639999988,0.0,199.0,1.0,-73.0,-0.009136132241642956,-0.0310084574138499,0.1708,0.17087542087542099,
20250731,265465.1057,267941.6152,267952.8063,264816.7304,49644.0,-2019.0,80370.0,1.0,-1.0,803.0,-403.0,1.0,-2.0,39.0,-566.0,268023.43434,268335.91254,266454.8976,-312.4781999999541,1568.536740000069,0.0,400.0,-1.0,-527.0,-0.04066956731931351,-0.0571361989837458,0.1683,0.14983164983164993,
20250801,265105.3514,264170.7103,265809.7765,263073.7853,49454.0,-190.0,75714.0,1.0,-1.0,849.0,-371.0,0.0,-3.0,0.0,-968.0,266642.78448,268388.6699,266348.78637,-1745.885419999948,293.9981100000441,0.0,478.0,-3.0,-968.0,-0.0038419541392000645,-0.0683517436912106,0.1622,0.09848484848484863,0.9118
20250804,266583.8168,266189.212,267254.7441,265153.0447,49437.0,-17.0,68948.0,1.0,0.0,878.0,0.0,0.0,-3.0,0.0,-994.0,266375.78278,268312.34636,266501.650505,-1936.563580000075,-125.8677250000765,1.0,878.0,-3.0,-994.0,-0.0003438719987054231,-0.040527266158725,0.1573,0.05723905723905725,
20250805,267602.4464,266352.069,267712.8467,265266.0331,48821.0,-616.0,55512.0,1.0,0.0,841.0,0.0,1.0,-2.0,38.0,-470.0,266542.80692,268207.85344,266607.892705,-1665.046519999974,-65.08578500000294,1.0,841.0,-1.0,-432.0,-0.012617521148686016,-0.0505812257664806,0.1479,0.0,
20250806,267053.7652,267070.9243,267786.6287,266205.9597,47136.0,-1685.0,49388.0,1.0,0.0,851.0,0.0,1.0,-2.0,286.0,-158.0,266362.0971,268049.59616,266816.709155,-1687.499060000002,-454.612054999976,1.0,851.0,-1.0,128.0,-0.03574762389680923,-0.0687759500369895,0.1315,0.0,
20250807,268072.6718,267909.1596,268768.7436,266702.5967,48034.0,898.0,59807.0,1.0,0.0,879.0,0.0,3.0,0.0,385.0,0.0,266883.61032,267453.5223299999,266884.4825,-569.9120099999127,-0.8721799999475479,1.0,879.0,3.0,385.0,0.018695090977224466,-0.0366748408989308,0.1424,0.07910014513788095,
20250808,267924.1281,268386.9754,268825.8625,267384.8971,48224.0,190.0,56979.0,1.0,0.0,884.0,0.0,2.0,-1.0,1097.0,0.0,267447.36566,267045.07507,267083.15493,402.2905899999896,364.2107299999916,1.0,884.0,1.0,1097.0,0.003939946914399469,-0.0525708333944146,0.1426,0.08055152394775036,0.8971
20250811,268480.6219,268303.3882,268897.7961,267013.9098,48279.0,55.0,69341.0,1.0,0.0,845.0,0.0,2.0,-1.0,1032.0,-134.0,267826.72668,267101.25473,267174.08054,725.4719500000356,652.6461400000262,1.0,845.0,1.0,898.0,0.001139211665527455,-0.0390284336913478,0.1583,0.19448476052249633,
20250812,270274.2049,268489.5291,271963.5773,268247.4063,53753.0,5474.0,107009.0,1.0,0.0,604.0,0.0,2.0,-1.0,1890.0,-423.0,268361.07838,267451.94265,267524.514125,909.1357300000382,836.5642550000339,1.0,604.0,1.0,1467.0,0.1018361765854929,-0.0269412671289462,0.1517,0.14658925979680695,
20250813,269875.9553,270458.1792,271071.8105,269203.7551,52886.0,-867.0,58144.0,1.0,0.0,797.0,0.0,2.0,0.0,532.0,0.0,268925.5164,267643.80675,267819.224195,1281.709649999917,1106.292205000005,1.0,797.0,2.0,532.0,-0.016393752599931928,-0.0748243356713673,0.1738,0.3069666182873731,
20250814,267581.9074,269535.7978,269820.1689,267249.0266,51027.0,-1859.0,65653.0,1.0,0.0,544.0,0.0,0.0,-2.0,0.0,-427.0,268827.36352,267855.48692,268095.69973,971.8766000000178,731.6637900000205,1.0,544.0,-2.0,-427.0,-0.036431693025261135,-0.1308845695149689,0.1591,0.2002902757619738,
20250815,267007.0976,267651.9041,267855.9659,265428.2077,49875.0,-1152.0,66339.0,1.0,0.0,491.0,0.0,0.0,-3.0,0.0,-1595.0,268643.95742,268045.66154,268217.16572,598.2958799999906,426.7916999999434,1.0,491.0,-3.0,-1595.0,-0.023097744360902256,-0.1120825387945617,0.1442,0.0921625544267053,0.7353
20250818,267151.0216,266990.6838,267717.3884,266401.7465,50206.0,331.0,52889.0,1.0,-1.0,488.0,-642.0,0.0,-3.0,0.0,-2230.0,268378.03736,268102.38202,268207.36419,275.6553399999393,170.6731699999655,0.0,-154.0,-3.0,-2230.0,0.006592837509461021,-0.0841949670353072,0.1486,0.12409288824383169,
20250819,268255.8716,266961.0907,268330.9775,265696.9168,49265.0,-941.0,67652.0,1.0,0.0,520.0,-295.0,0.0,-3.0,0.0,-1800.0,267974.3707,268167.72454,268187.78899,-193.3538399999961,-213.4182900000596,1.0,225.0,-3.0,-1800.0,-0.019100781487871712,-0.0477654372823447,0.1572,0.18650217706821484,
20250820,268012.1281,268023.5072,269700.4697,266521.3704,47172.0,-2093.0,99389.0,1.0,-1.0,504.0,-378.0,0.0,-2.0,0.0,-1115.0,267601.60526,268263.56083,268156.578495,-661.955569999991,-554.9732349999831,0.0,126.0,-2.0,-1115.0,-0.04436954125328585,-0.056716644139605,0.1658,0.248911465892598,
20250821,266696.9526,267778.0394,269190.0708,266654.5065,46878.0,-294.0,60843.0,1.0,-1.0,545.0,-350.0,0.0,-2.0,0.0,-2160.0,267424.6143,268125.98891,267789.75562,-701.3746099999989,-365.1413199999952,0.0,195.0,-2.0,-2160.0,-0.006271598617688468,-0.1025274133607758,0.1697,0.2772133526850507,
20250822,266141.4384,267044.9393,267685.3338,265303.7108,48043.0,1165.0,62016.0,1.0,-1.0,764.0,-372.0,0.0,-3.0,0.0,-2797.0,267251.48246,267947.71994,267496.3975050001,-696.2374800000107,-244.9150450000889,0.0,392.0,-3.0,-2797.0,0.02424911017213746,-0.1027724893230406,0.1625,0.2249637155297533,0.7941
20250825,269865.9246,266405.1174,271227.7752,266342.1414,48751.0,708.0,127132.0,1.0,-1.0,512.0,-506.0,2.0,0.0,487.0,0.0,267794.46306,268086.25021,267593.75247,-291.7871500000474,200.7105899999733,0.0,6.0,2.0,487.0,0.01452277901991754,-0.096705945504606,0.158,0.19230769230769232,
20250826,269740.2748,269493.8077,270611.7261,268649.5668,49769.0,1018.0,75773.0,1.0,-1.0,601.0,-348.0,2.0,0.0,528.0,0.0,268091.3437,268032.8572,267742.399925,58.48649999999907,348.9437749999925,0.0,253.0,2.0,528.0,0.020454499789025297,-0.0827529479615182,0.1448,0.09651669085631356,
20250827,271833.1722,269807.5632,273453.7022,269050.1273,57235.0,7466.0,136547.0,2.0,0.0,1204.0,0.0,2.0,0.0,1011.0,0.0,268855.55252,268228.57889,267936.19282,626.9736300000222,919.35970000003,2.0,1204.0,2.0,1011.0,0.13044465798899274,-0.0275601912301459,0.1632,0.23004354136429617,
20250828,272705.0064,272019.2517,273359.2372,271294.102,59382.0,2147.0,93586.0,1.0,0.0,787.0,0.0,2.0,0.0,1059.0,0.0,270057.16328,268740.88879,268298.187855,1316.27449000004,1758.975425000011,1.0,787.0,2.0,1059.0,0.03615573742885049,-0.0385235266932131,0.1621,0.22206095791001446,
20250829,278630.5386,273846.3632,278850.2377,272873.5583,74529.0,15147.0,192497.0,2.0,0.0,1075.0,0.0,2.0,0.0,3853.0,0.0,272554.98332,269903.23289,268974.447215,2651.750430000015,3580.536105000007,2.0,1075.0,2.0,3853.0,0.20323632411544498,-0.0149307016934752,0.2149,0.6052249637155299,0.8824
20250901,273330.6645,278946.7269,278983.9139,271687.8067,63772.0,-10757.0,189922.0,2.0,0.0,1621.0,0.0,2.0,0.0,362.0,0.0,273247.9313,270521.19718,269311.7896,2726.734119999979,3936.141700000037,2.0,1621.0,2.0,362.0,-0.16867904409458698,-0.055652439521591,0.1793,0.34687953555878076,
20250902,274040.8736,273755.7363,275482.1641,273480.8866,63043.0,-729.0,89531.0,2.0,0.0,1437.0,0.0,3.0,0.0,2072.0,0.0,274108.05106,271099.69738,269633.71096,3008.35368,4474.34010000003,2.0,1437.0,3.0,2072.0,-0.011563535999238615,-0.0604237404128454,0.1766,0.3272859216255443,
20250903,273211.4642,273993.5212,274681.8367,272187.8464,62626.0,-417.0,93180.0,1.0,0.0,845.0,0.0,3.0,0.0,865.0,-5.0,274383.70946,271619.63099,269941.59591,2764.078470000066,4442.113550000009,1.0,845.0,3.0,860.0,-0.00665857631015872,-0.0583414199649315,0.1663,0.2525399129172714,
20250904,272168.2287,272911.6232,274202.3171,271493.9491,60849.0,-1777.0,83830.0,2.0,0.0,1310.0,0.0,3.0,0.0,1426.0,0.0,274276.35392,272166.7586,270146.373755,2109.595320000022,4129.980165000015,2.0,1310.0,3.0,1426.0,-0.02920343801870203,-0.0876596869887335,0.1632,0.23004354136429617,
20250905,272543.3333,272270.0841,273366.2195,271155.4194,59035.0,-1814.0,71165.0,1.0,0.0,850.0,0.0,2.0,-1.0,628.0,-495.0,273058.91286,272806.94809,270377.334015,251.9647700000205,2681.578844999953,1.0,850.0,1.0,133.0,-0.03072753451342424,-0.0310733416173238,0.1574,0.18795355587808427,0.7941
20250908,270801.4886,273226.6552,274348.7077,269195.4334,57747.0,-1288.0,108233.0,1.0,0.0,937.0,0.0,1.0,-1.0,172.0,-196.0,272553.07768,272900.50449,270493.37735,-347.4268100000336,2059.700329999963,1.0,937.0,0.0,-24.0,-0.02230418896219717,-0.058456297371159,0.1627,0.22641509433962273,
20250909,269732.5748,271151.2398,271382.7771,268837.7128,57674.0,-73.0,64268.0,1.0,0.0,972.0,0.0,1.0,-1.0,190.0,-826.0,271691.41792,272899.7344900001,270466.295845,-1208.316570000083,1225.122075000021,1.0,972.0,0.0,-636.0,-0.001265734993237854,-0.1027190294361362,0.1576,0.18940493468795347,
20250910,270580.9924,269249.4515,271152.3896,268213.2499,57599.0,-75.0,68255.0,1.0,-1.0,971.0,-460.0,0.0,-2.0,0.0,-719.0,271165.32356,272774.51651,270501.5477,-1609.192949999997,663.7758599999943,0.0,511.0,-2.0,-719.0,-0.0013021059393392247,-0.0397549302036173,0.1598,0.20537010159651667,
20250911,271319.4326,271146.7655,272639.1726,270554.3935,57067.0,-532.0,77071.0,1.0,-1.0,1061.0,-438.0,2.0,0.0,12.0,-83.0,270995.56434,272635.95913,270688.42396,-1640.394789999991,307.1403799999971,0.0,623.0,2.0,-71.0,-0.009322375453414408,-0.0662657657669133,0.1632,0.23004354136429617,
20250912,273993.5216,271666.5304,274881.2161,270795.7339,59433.0,2366.0,96226.0,1.0,0.0,954.0,0.0,2.0,0.0,1079.0,0.0,271285.602,272172.25743,271037.74516,-886.6554300000425,247.856839999964,1.0,954.0,2.0,1079.0,0.03980953342419195,-0.0459145295140605,0.1727,0.2989840348330914,0.8382
20250915,274081.4816,273999.6568,275044.2667,272453.0324,58542.0,-891.0,77872.0,1.0,0.0,961.0,0.0,2.0,0.0,1894.0,0.0,271941.6006,272247.33914,271384.26816,-305.7385399999912,557.3324400000274,1.0,961.0,2.0,1894.0,-0.015219842164599774,0.0008224097499773,0.1625,0.2249637155297533,
20250916,272938.3212,273289.2485,273962.3296,272035.4564,57730.0,-812.0,87751.0,1.0,0.0,961.0,0.0,2.0,0.0,756.0,0.0,272582.74988,272137.0839,271618.39064,445.6659800000489,964.3592400000198,1.0,961.0,2.0,756.0,-0.014065477221548588,-0.0963331269512479,0.1707,0.28447024673439764,
20250917,272756.6627,273321.036,274659.4907,271587.411,55467.0,-2263.0,79845.0,1.0,0.0,936.0,0.0,2.0,0.0,1125.0,0.0,273017.88394,272091.60375,271855.61737,926.2801899999613,1162.266569999978,1.0,936.0,2.0,1125.0,-0.04079903365965349,-0.0137487058933108,0.1696,0.2764876632801161,
20250918,269367.0632,271294.7781,271807.2961,268709.043,56668.0,1201.0,104216.0,1.0,0.0,1093.0,0.0,1.0,-1.0,361.0,-840.0,272627.41006,271811.4872,271989.1229,815.9228600000497,638.2871600000653,1.0,1093.0,0.0,-479.0,0.021193618973671207,-0.0913663789526508,0.1683,0.2670537010159652,
20250919,269055.4206,268519.0935,269773.2611,267594.9707,55689.0,-979.0,91598.0,1.0,0.0,863.0,0.0,1.0,-1.0,55.0,-845.0,271639.78986,271462.69593,272134.82201,177.0939299999736,-495.0321499999845,1.0,863.0,0.0,-790.0,-0.017579773384330838,-0.0862652944947266,0.1719,0.2931785195936139,0.8824
20250922,272751.7993,268513.9163,273747.5784,268502.0825,53117.0,-2572.0,110091.0,1.0,0.0,842.0,0.0,1.0,-1.0,950.0,-205.0,271373.8534,271657.727,272279.115745,-283.8735999999917,-905.2623449999373,1.0,842.0,0.0,745.0,-0.04842140934164203,-0.1055672732253787,0.1594,0.20246734397677782,
20250923,270161.2952,271672.3098,271915.1486,269412.0084,52059.0,-1058.0,98545.0,1.0,0.0,487.0,0.0,1.0,-2.0,584.0,-874.0,270818.4482,271700.5990399999,272300.166765,-882.1508399999584,-1481.718565000047,1.0,487.0,-1.0,-290.0,-0.02032309494996062,-0.0952767942532737,0.139,0.054426705370101656,
20250924,272037.8367,270749.6136,272807.4372,270610.9239,51173.0,-886.0,86023.0,1.0,0.0,435.0,0.0,2.0,-1.0,1499.0,-439.0,270674.683,271846.28347,272310.39999,-1171.600470000005,-1635.716989999986,1.0,435.0,1.0,1060.0,-0.0173138178336232,-0.0674422942730699,0.1697,0.2772133526850507,
20250925,274058.2073,272712.0519,274441.2512,272060.7634,53950.0,2777.0,111372.0,1.0,0.0,843.0,0.0,3.0,0.0,2728.0,0.0,271612.91182,272120.16094,272378.060035,-507.2491199999931,-765.1482149999938,1.0,843.0,3.0,2728.0,0.051473586654309546,-0.0837412627351105,0.1874,0.40566037735849064,
20250926,274050.7028,273785.9094,275118.2599,272373.7946,56142.0,2192.0,99829.0,1.0,0.0,907.0,0.0,2.0,0.0,3259.0,0.0,272611.96826,272125.87906,272149.068245,486.0891999999876,462.9000149999629,1.0,907.0,2.0,3259.0,0.03904385308681557,-0.0751921415307694,0.1902,0.4259796806966619,0.9412
20250929,272591.1432,273980.536,274191.3756,270851.5437,52516.0,-3626.0,84372.0,1.0,0.0,996.0,0.0,2.0,0.0,2135.0,0.0,272579.83704,271976.84522,272112.09218,602.9918200000538,467.7448599999771,1.0,996.0,2.0,2135.0,-0.06904562419072283,-0.0969380254858278,0.1852,0.3896952104499275,
20250930,275280.8045,274154.1676,282949.6297,274154.1676,56711.0,4195.0,247643.0,2.0,0.0,1794.0,0.0,3.0,0.0,3477.0,0.0,273603.7389,272211.09355,272174.088725,1392.645350000006,1429.650174999959,2.0,1794.0,3.0,3477.0,0.07397153991289168,-0.0300748144624939,0.2449,0.8229317851959362,0.9412
20251009,287243.6524,280179.1655,288604.5428,279956.849,70056.0,13345.0,125791.0,2.0,0.0,1837.0,0.0,3.0,0.0,3851.0,0.0,276644.90204,273659.79252,272875.698135,2985.10951999994,3769.203904999944,2.0,1837.0,3.0,3851.0,0.1904904647710403,0.0002168870445287,0.2441,0.8171262699564588,
20251010,286452.7266,288864.2583,290728.9163,285591.7274,71220.0,1164.0,155257.0,2.0,0.0,1284.0,0.0,3.0,0.0,4364.0,0.0,279123.8059,275368.35886,273589.92303,3755.447039999999,5533.88287000003,2.0,1284.0,3.0,4364.0,0.016343723673125525,-0.0050995787692303,0.2117,0.5820029027576198,0.9265
20251013,282247.6598,287214.9373,287344.8693,280830.1215,66231.0,-4989.0,159842.0,2.0,0.0,1678.0,0.0,3.0,0.0,4294.0,0.0,280763.1973,276687.58278,274075.139355,4075.614520000003,6688.057945000008,2.0,1678.0,3.0,4294.0,-0.07532726366807084,-0.0471033828656255,0.1887,0.4150943396226416,
20251014,280584.1033,283212.2315,284146.4243,279526.6231,65110.0,-1121.0,120977.0,2.0,0.0,1696.0,0.0,3.0,0.0,3552.0,0.0,282361.78932,277470.81318,274564.27009,4890.976140000043,7797.519230000034,2.0,1696.0,3.0,3552.0,-0.01721701735524497,-0.0752010416953847,0.1825,0.37010159651669083,
20251015,281908.7393,280013.3143,282042.0507,278561.8111,65742.0,632.0,84842.0,2.0,0.0,1797.0,0.0,2.0,0.0,2645.0,0.0,283687.37628,278645.55759,275173.078315,5041.818690000044,8514.297965000034,2.0,1797.0,2.0,2645.0,0.009613336983967631,-0.0354829633534994,0.1832,0.3751814223512337,
20251016,281546.4499,280809.3556,282208.2236,278530.7786,64963.0,-779.0,93499.0,2.0,0.0,1677.0,0.0,2.0,0.0,1737.0,0.0,282547.9357800001,279596.41891,275721.35119,2951.51687000005,6826.584590000042,2.0,1677.0,2.0,1737.0,-0.0119914412819605,-0.0101113220919506,0.1809,0.3584905660377359,
20251017,281060.5688,280590.3566,283741.0994,279966.7683,64965.0,2.0,96629.0,2.0,0.0,1888.0,0.0,3.0,0.0,1597.0,0.0,281469.50422,280296.65506,276208.4079999999,1172.849159999983,5261.096220000065,2.0,1888.0,3.0,1597.0,3.0785807742630646e-05,-0.0428266587897878,0.18,0.3519593613933236,0.8824
20251020,279693.1795,279148.5735,280627.5631,277691.7875,63665.0,-1300.0,108515.0,2.0,0.0,1238.0,0.0,3.0,0.0,1740.0,0.0,280958.60816,280860.90273,276493.390895,97.7054299999727,4465.217264999985,2.0,1238.0,3.0,1740.0,-0.02041938270635357,-0.0846649694630849,0.1739,0.3076923076923077,
20251021,281180.0863,278939.3282,282108.7129,278939.3282,64524.0,859.0,93384.0,2.0,0.0,774.0,0.0,3.0,0.0,2681.0,0.0,281077.80476,281719.79704,276848.32113,-641.9922800000058,4229.483630000032,2.0,774.0,3.0,2681.0,0.013312875829148843,-0.0437892773140298,0.1547,0.16835994194484763,
20251022,281953.0761,281512.3468,282131.554,279999.2005,65148.0,624.0,82760.0,1.0,0.0,839.0,0.0,3.0,0.0,3160.0,0.0,281086.6721200001,282387.0242,277299.058875,-1300.352079999924,3787.613245000073,1.0,839.0,3.0,3160.0,0.00957819119543194,-0.0145803389630639,0.1602,0.2082728592162555,
20251023,281607.9833,281255.2979,281908.8516,279807.9572,65101.0,-47.0,81548.0,2.0,0.0,1031.0,0.0,3.0,0.0,2384.0,0.0,281098.9788,281823.45729,277741.624905,-724.4784899999504,3357.353895000007,2.0,1031.0,3.0,2384.0,-0.0007219551158968372,-0.0441263966570852,0.1766,0.3272859216255443,
20251024,284242.401,281881.9165,284707.4669,281881.9165,69195.0,4094.0,115750.0,2.0,0.0,1131.0,0.0,2.0,0.0,2162.0,0.0,281735.34524,281602.42473,278485.391795,132.9205100000254,3249.953444999992,2.0,1131.0,2.0,2162.0,0.05916612471999422,0.039053131159513,0.1818,0.44356261022927673,0.9265
20251027,286704.1459,283284.5826,289481.2644,282064.0043,76376.0,7181.0,153760.0,1.0,0.0,994.0,0.0,2.0,0.0,1645.0,-414.0,283137.53852,282048.07334,279367.82806,1089.465179999999,3769.710459999973,1.0,994.0,2.0,1231.0,0.09402168220383367,0.1022062121711321,0.2011,0.6137566137566137,
20251028,283201.8079,286989.6243,287636.3467,282204.7099,70911.0,-5465.0,125552.0,2.0,0.0,1295.0,0.0,3.0,0.0,1925.0,0.0,283541.88284,282309.8438,279890.32849,1232.039039999945,3651.554349999933,2.0,1295.0,3.0,1925.0,-0.07706843790103086,-0.007603475175767,0.1724,0.3606701940035273,
20251029,286722.1823,284863.0319,287344.2673,284596.8106,74434.0,3523.0,107077.0,2.0,0.0,472.0,0.0,3.0,0.0,2959.0,0.0,284495.7040799999,282791.1881,280718.372845,1704.515979999909,3777.331234999932,2.0,472.0,3.0,2959.0,0.04733052099846844,0.0199432453135445,0.1961,0.5696649029982362,
20251030,283630.9627,286378.8142,286600.4339,283012.6683,72249.0,-2185.0,105218.0,2.0,0.0,1406.0,0.0,2.0,0.0,1633.0,-240.0,284900.29996,282999.63938,281298.029145,1900.660579999967,3602.270814999996,2.0,1406.0,2.0,1393.0,-0.03024263311602929,-0.0558378326440423,0.1801,0.4285714285714286,
20251031,284024.4152,283543.3538,286498.0603,282156.674,70198.0,-2051.0,99631.0,2.0,0.0,1235.0,0.0,3.0,0.0,1794.0,0.0,284856.7028,283296.02402,281796.33954,1560.678779999958,3060.363259999955,2.0,1235.0,3.0,1794.0,-0.02921735661984672,-0.0360017458726904,0.1612,0.2619047619047619,0.9265
20251103,285805.7883,285262.0391,286755.2188,284615.4409,71937.0,1739.0,97644.0,2.0,0.0,650.0,0.0,3.0,0.0,2676.0,0.0,284677.03128,283907.2849,282384.093815,769.746380000026,2292.937465000025,2.0,650.0,3.0,2676.0,0.024173929966498465,0.0164164458545406,0.1683,0.32451499118165783,
20251104,283823.0835,285658.9649,285877.6003,283116.2484,69983.0,-1954.0,85044.0,2.0,0.0,1319.0,0.0,3.0,0.0,1517.0,0.0,284801.2864,284171.58462,282945.69083,629.701780000003,1855.595569999947,2.0,1319.0,3.0,1517.0,-0.027921066544732292,0.0186930966065234,0.1568,0.22310405643738968,
20251105,282101.2076,283662.2795,284605.3354,279359.3479,68204.0,-1779.0,99866.0,2.0,0.0,1142.0,0.0,3.0,0.0,2167.0,0.0,283877.09146,284186.39777,283286.710985,-309.3063100000145,590.3804750000709,2.0,1142.0,3.0,2167.0,-0.026083514163392177,-0.0334178356641052,0.149,0.15432098765432087,
20251106,283497.3412,281635.6107,284001.3579,281366.7341,66355.0,-1849.0,64450.0,1.0,0.0,839.0,0.0,3.0,0.0,3188.0,0.0,283850.36716,284375.3335600001,283099.395425,-524.9664000000339,750.9717350000283,1.0,839.0,3.0,3188.0,-0.02786527013789466,0.0188849429493346,0.1415,0.02360717658168059,
20251107,283604.419,283904.3861,284807.4919,282737.5729,67164.0,809.0,64640.0,2.0,0.0,652.0,0.0,3.0,0.0,2900.0,0.0,283766.36792,284311.53536,282956.980045,-545.1674399999902,809.3878750000149,2.0,652.0,3.0,2900.0,0.012045143231493062,0.0108472500767212,0.1408,0.016997167138810162,0.9265
20251110,286668.0048,284090.5576,287716.7247,284034.9959,74322.0,7158.0,103389.0,2.0,0.0,332.0,0.0,3.0,0.0,4257.0,0.0,283938.81122,284307.92125,283177.997295,-369.1100299999816,760.813925000024,2.0,332.0,3.0,4257.0,0.09631064826027287,0.0671564632454677,0.1544,0.1454202077431539,
20251111,288226.1378,287231.1512,288487.6403,286312.0708,79757.0,5435.0,72954.0,1.0,0.0,627.0,0.0,3.0,0.0,4450.0,0.0,284819.42208,284810.35424,283560.09902,9.067840000090655,1259.323060000082,1.0,627.0,3.0,4450.0,0.06814448888498816,0.0131775824516231,0.1629,0.22568460812086855,
20251112,292552.4645,288096.3016,293337.5507,288096.3016,91910.0,12153.0,184716.0,1.0,-1.0,664.0,-800.0,3.0,0.0,5040.0,0.0,286909.67346,285393.38246,284092.2852800001,1516.291000000027,2817.388179999951,0.0,-136.0,3.0,5040.0,0.13222717876183224,0.0251310957142797,0.2172,0.7384324834749764,
20251113,298313.2535,293253.046,300070.1309,293253.046,102083.0,10173.0,222605.0,0.0,0.0,0.0,-793.0,3.0,0.0,7701.0,0.0,289872.85592,286861.61154,284930.62546,3011.244379999989,4942.230459999992,0.0,-793.0,3.0,7701.0,0.09965420295249944,0.0255537183151118,0.2399,0.9527856468366382,
20251114,291708.8605,297336.0494,297362.0865,291363.2281,91943.0,-10140.0,160124.0,1.0,0.0,343.0,-301.0,3.0,0.0,7011.0,0.0,291493.7442200001,287630.05607,285463.040045,3863.688150000002,6030.704175000021,1.0,42.0,3.0,7011.0,-0.11028572050074503,0.0150674333107086,0.2136,0.704438149197356,0.9559
20251117,290714.4637,291997.1644,291997.1644,288617.4641,86808.0,-5135.0,125846.0,1.0,0.0,240.0,-172.0,3.0,0.0,5788.0,0.0,292303.036,288120.9236100001,286014.104255,4182.112389999907,6288.931744999951,1.0,68.0,3.0,5788.0,-0.0591535342364759,0.0335873206197523,0.1844,0.42870632672332387,
20251118,289387.7408,290583.4693,292120.2576,288675.9796,82851.0,-3957.0,114112.0,1.0,0.0,218.0,0.0,3.0,0.0,4704.0,0.0,292535.3566,288677.38934,286424.48698,3857.967260000005,6110.869619999954,1.0,218.0,3.0,4704.0,-0.047760437411739146,-0.0461047883032345,0.1728,0.31916902738432484,
20251119,293828.9839,290004.2604,294934.1333,289902.1697,86693.0,3842.0,163035.0,2.0,0.0,181.0,0.0,3.0,0.0,4221.0,0.0,292790.66048,289850.16697,287018.28237,2940.493509999942,5772.378109999932,2.0,181.0,3.0,4221.0,0.04431730358852502,0.0117204686588636,0.2387,0.9414542020774315,
20251120,292445.1128,294497.5936,296265.0452,291634.6556,82913.0,-3780.0,124471.0,1.0,0.0,230.0,0.0,3.0,0.0,4377.0,0.0,291617.03234,290744.94413,287560.138845,872.0882100000163,4056.893495000026,1.0,230.0,3.0,4377.0,-0.0455899557367361,-0.0296830200120273,0.206,0.6326723323890461,
20251121,291314.3307,293992.5389,294699.5356,290005.6377,78571.0,-4342.0,118401.0,2.0,0.0,298.0,0.0,3.0,0.0,4602.0,0.0,291538.12638,291515.9353,287913.73533,22.19107999996049,3624.391049999977,2.0,298.0,3.0,4602.0,-0.055262119611561515,-0.046894012514938,0.1979,0.5561850802644002,0.8824
20251124,293487.3126,291878.3582,296851.472,291057.0236,82934.0,4363.0,166086.0,2.0,0.0,379.0,0.0,3.0,0.0,5230.0,0.0,292092.69616,292197.8660799999,288252.893665,-105.1699199999566,3839.802495000011,2.0,379.0,3.0,5230.0,0.05260809800564304,-0.091283608660272,0.1716,0.30783758262511796,
20251125,295240.8359,295000.846,296730.7777,294342.2966,81707.0,-1227.0,120916.0,2.0,0.0,184.0,-36.0,3.0,0.0,5282.0,0.0,293263.31518,292899.33589,288854.845065,363.9792899999884,4408.470115000033,2.0,148.0,3.0,5282.0,-0.01501707320058257,-0.0260251637419146,0.1702,0.2946175637393766,
20251126,295971.6693,295990.1745,297492.645,293885.5664,82316.0,609.0,134251.0,2.0,0.0,626.0,-13.0,3.0,0.0,4273.0,0.0,293691.85226,293241.25637,289317.319415,450.5958900000551,4374.53284499998,2.0,613.0,3.0,4273.0,0.0073983186743767915,-0.0078903135129649,0.1763,0.352219074598678,
20251127,302251.3637,296821.2164,304912.6783,296366.0066,95604.0,13288.0,231300.0,2.0,0.0,485.0,-316.0,3.0,0.0,4636.0,0.0,295653.10244,293635.06739,290248.339465,2018.035050000064,5404.76297500002,2.0,169.0,3.0,4636.0,0.13899000041839255,0.1354532539421566,0.2198,0.7629839471199243,
20251128,305105.9876,301089.0533,306146.5274,297810.5911,99560.0,3956.0,215570.0,1.0,0.0,520.0,-80.0,3.0,0.0,4415.0,0.0,298411.43382,294974.7801,291302.418085,3436.65372000006,7109.015735000023,1.0,440.0,3.0,4415.0,0.03973483326637204,0.0053212733473289,0.2429,0.9811142587346553,0.9265
20251201,306805.935,306385.9653,313851.399,305067.7237,98274.0,-1286.0,265622.0,1.0,0.0,489.0,-297.0,3.0,0.0,3433.0,0.0,301075.1583,296583.92723,292352.42542,4491.231070000038,8722.732880000025,1.0,192.0,3.0,3433.0,-0.013085861977735718,0.0232067690166381,0.2559,1.0,
20251202,307182.9222,305543.8732,308205.3547,303811.6111,95765.0,-2509.0,167346.0,1.0,0.0,380.0,-241.0,3.0,0.0,3796.0,0.0,303463.57556,298363.44537,293520.417355,5100.130189999996,9943.158204999985,1.0,139.0,3.0,3796.0,-0.026199550984180024,0.0133878832413486,0.24,0.8639863130881092,
20251203,312594.5572,306395.3195,314115.2227,304944.281,103486.0,7721.0,264157.0,2.0,0.0,419.0,-642.0,3.0,0.0,5471.0,0.0,306788.15314,300240.0027,295045.084835,6548.150439999939,11743.06830499996,2.0,-223.0,3.0,5471.0,0.07460912587209864,-0.0254976354905195,0.2696,1.0,
20251204,316590.4954,312515.1529,323869.8105,312515.1529,107697.0,4211.0,449441.0,0.0,-1.0,0.0,-1310.0,3.0,0.0,9479.0,0.0,309655.97948,302654.54096,296699.742545,7001.438519999967,12956.23693499999,-1.0,-1310.0,3.0,9479.0,0.039100439195149356,-0.0082179988906018,0.2836,1.0,
20251205,317866.3075,316024.1328,321432.6653,314182.7778,108400.0,703.0,369240.0,1.0,-1.0,73.0,-154.0,3.0,0.0,9439.0,0.0,312208.04346,305309.73864,298412.83697,6898.304819999961,13795.20648999995,0.0,-81.0,3.0,9439.0,0.006485239852398524,3.444363187096092e-06,0.276,0.9474412171507608,0.8824
20251208,319541.36,316827.6593,320920.8509,314304.0627,105283.0,-3117.0,288494.0,2.0,-1.0,0.0,-642.0,3.0,0.0,8724.0,0.0,314755.12846,307915.14338,300056.50473,6839.985079999955,14698.62372999999,1.0,-642.0,3.0,8724.0,-0.029605919284214924,0.1476521476994682,0.263,0.8575380359612724,
20251209,312705.1567,318976.7457,319223.335,311456.599,99602.0,-5681.0,245772.0,2.0,0.0,384.0,-57.0,3.0,0.0,8743.0,0.0,315859.57536,309661.57546,301280.455675,6197.999900000053,14579.11968500004,2.0,327.0,3.0,8743.0,-0.05703700728901026,-0.0840939599530618,0.2178,0.544951590594744,
20251210,323049.1683,315112.6151,324276.4503,312876.4562,108914.0,9312.0,279075.0,0.0,-1.0,0.0,-1123.0,3.0,0.0,10581.0,0.0,317950.49758,312369.32536,302805.290865,5581.172220000066,15145.20671500004,-1.0,-1123.0,3.0,10581.0,0.08549865031125475,0.1120290238634058,0.2552,0.8035961272475793,
20251211,320989.3046,322019.7141,323519.2659,315379.2724,107415.0,-1499.0,309235.0,0.0,-2.0,0.0,-1084.0,3.0,0.0,10087.0,0.0,318830.25942,314243.11945,303939.09342,4587.13996999996,14891.16599999997,-2.0,-1084.0,3.0,10087.0,-0.013955220406833311,-0.0411413802369478,0.2265,0.6051175656984785,
20251212,333496.8986,321992.372,339087.8958,321992.372,118426.0,11011.0,484378.0,1.0,-1.0,0.0,-540.0,3.0,0.0,12752.0,0.0,321956.37764,317082.21055,306028.495325,4874.167089999944,15927.88231499994,0.0,-540.0,3.0,12752.0,0.0929778933680104,-0.0403460812482615,0.3038,1.0,0.8676
20251215,327852.9805,330799.0033,339231.4626,324651.4871,108035.0,-10391.0,560547.0,2.0,0.0,700.0,0.0,3.0,0.0,10370.0,0.0,323618.70174,319186.9151,307885.421165,4431.786640000006,15733.28057499998,2.0,700.0,3.0,10370.0,-0.09618179293747396,-0.0166670504341598,0.2597,0.732402912621359,
20251216,321505.9658,329122.125,330029.3652,318230.1143,98213.0,-9822.0,344045.0,2.0,0.0,807.0,0.0,3.0,0.0,9839.0,0.0,325378.86356,320619.21946,309491.332415,4759.644100000034,15887.53114500007,2.0,807.0,3.0,9839.0,-0.10000712736603097,-0.1048705175973193,0.2509,0.679004854368932,
20251217,329221.6029,324055.2631,330645.2848,321882.1657,100553.0,2340.0,276291.0,1.0,-1.0,0.0,-757.0,3.0,0.0,8916.0,0.0,326613.35048,322281.92403,311260.963365,4331.426450000028,15352.38711499999,0.0,-757.0,3.0,8916.0,0.023271309657593508,-0.1022633188319736,0.2588,0.7269417475728153,
20251218,335164.981,331202.4823,339572.0441,330585.5426,110105.0,9552.0,429868.0,0.0,-1.0,0.0,-495.0,3.0,0.0,10016.0,0.0,329448.48576,324139.37259,313396.956775,5309.113170000026,16051.52898500004,-1.0,-495.0,3.0,10016.0,0.08675355342627492,-0.0841910878670869,0.3006,0.9805825242718444,
20251219,343761.0461,337689.3615,344341.6571,335357.9333,119728.0,9623.0,460868.0,1.0,-2.0,0.0,-566.0,3.0,0.0,11605.0,0.0,331501.3152599999,326728.84645,316019.292545,4772.468809999991,15482.02271499997,-1.0,-566.0,3.0,11605.0,0.08037384738741146,0.0205530475717001,0.3137,1.0,0.9412
20251222,341117.0992,345094.5454,348161.7726,336406.812,116439.0,-3289.0,543719.0,2.0,-2.0,607.0,0.0,3.0,0.0,11051.0,0.0,334154.139,328886.42037,318400.781875,5267.718630000018,15753.35712500004,0.0,607.0,3.0,11051.0,-0.028246549695548743,-0.0028186646351753,0.3162,1.0,
20251223,344545.888,339883.6968,344563.7994,338992.6947,115708.0,-731.0,349554.0,1.0,-1.0,81.0,-889.0,3.0,0.0,11644.0,0.0,338762.12344,332070.4935,320866.03448,6691.629940000013,17896.08895999996,0.0,-808.0,3.0,11644.0,-0.006317627130362637,-0.0248765959748383,0.2842,0.8194130925507902,
20251224,341802.4329,345472.2016,348959.5354,334174.1458,108627.0,-7081.0,505042.0,2.0,0.0,1107.0,0.0,3.0,0.0,7224.0,0.0,341278.28944,333945.81996,323157.5726599999,7332.469479999971,18120.71678000002,2.0,1107.0,3.0,7224.0,-0.06518637171237354,-0.0773868303071623,0.3115,0.9732041049030787,
20251225,335988.4412,340766.452,341091.0018,328520.5718,103448.0,-5179.0,391076.0,1.0,-1.0,1198.0,-215.0,3.0,0.0,8033.0,0.0,341442.98148,335445.73362,324844.426535,5997.247860000003,16598.55494499998,0.0,983.0,3.0,8033.0,-0.05006380017013379,-0.1251660716396844,0.3045,0.9332953249714938,
20251226,338559.7272,337521.1972,344438.7131,333124.0281,102368.0,-1080.0,468749.0,1.0,0.0,1599.0,0.0,3.0,0.0,8384.0,0.0,340402.7177,335952.01648,326517.113515,4450.701220000046,13885.60418500006,1.0,1599.0,3.0,8384.0,-0.010550171928727727,-0.1596751964192104,0.3953,1.0,0.8971
20251229,341404.0119,339036.4866,349914.872,337601.6412,105847.0,3479.0,516551.0,1.0,0.0,1490.0,0.0,2.0,0.0,6601.0,0.0,340460.10024,337307.11962,328247.01736,3152.980620000046,12213.08288,1.0,1490.0,2.0,6601.0,0.03286819654784737,-0.0342307541406005,0.4543,1.0,
20251230,326738.4361,335725.2225,336759.4444,316896.5052,94215.0,-11632.0,577438.0,1.0,-1.0,2182.0,-617.0,2.0,-1.0,6293.0,-1393.0,336898.60986,337830.36665,329224.793055,-931.7567899999558,7673.816805000009,0.0,1565.0,1.0,4900.0,-0.12346229368996445,-0.1237108870483105,0.3649,0.7148325358851675,
20251231,323547.3655,327738.2271,332291.2968,319744.8586,87788.0,-6427.0,385036.0,1.0,-1.0,1723.0,-768.0,2.0,-1.0,6654.0,-972.0,333247.59638,337262.94291,329772.43347,-4015.346530000039,3475.162910000014,0.0,955.0,1.0,5682.0,-0.07321046156650111,0.0465786747851617,0.3081,0.5336523125996809,0.9265
20260105,334759.2037,325709.1043,335455.1296,325500.864,89844.0,2056.0,201093.0,1.0,-1.0,1142.0,-593.0,2.0,-1.0,7497.0,-349.0,333001.74888,337222.36518,330680.868885,-4220.616299999994,2320.879995000025,0.0,549.0,1.0,7148.0,0.022884110235519346,-0.0441555249786777,0.3444,0.6494417862838915,
20260106,348941.5875,333291.6499,350614.8853,330946.4694,101199.0,11355.0,432998.0,1.0,-1.0,684.0,-841.0,3.0,0.0,8715.0,0.0,335078.12094,337740.41932,332234.632885,-2662.298379999993,2843.488054999965,0.0,-157.0,3.0,8715.0,0.11220466605401239,0.1047498984967653,0.3889,0.7913875598086125,
20260107,359226.0729,348531.3687,364331.1446,347420.4709,108438.0,7239.0,614747.0,1.0,-1.0,533.0,-755.0,3.0,0.0,8703.0,0.0,338642.53314,339551.31669,334218.86853,-908.7835499999928,4423.664610000036,0.0,-222.0,3.0,8703.0,0.066757040889725,0.0953886416072417,0.4759,1.0,
20260108,349856.7272,356734.612,359450.8623,343890.3798,100808.0,-7630.0,546730.0,1.0,-1.0,621.0,-1148.0,3.0,0.0,9106.0,0.0,343266.1913600001,340082.40061,336076.447055,3183.790750000044,7189.744305000058,0.0,-527.0,3.0,9106.0,-0.07568843742560115,0.1286226855087274,0.3997,0.7726051924798569,
20260109,352727.5804,352977.7798,356162.6697,342942.0735,105695.0,4887.0,378815.0,1.0,-1.0,1187.0,-731.0,3.0,0.0,7573.0,0.0,349102.23434,341174.91536,337560.36766,7927.31898000004,11541.86667999998,0.0,456.0,3.0,7573.0,0.046236813472728136,0.0558439803363841,0.4117,0.8084153983885409,0.9412
20260112,377048.9125,353505.7402,377054.4382,353505.7402,128927.0,23232.0,438982.0,0.0,-1.0,18.0,-772.0,3.0,0.0,11089.0,0.0,357560.1761,345280.96249,340363.348055,12279.21360999998,17196.82804499997,-1.0,-754.0,3.0,11089.0,0.18019499406640968,-0.0504088009595537,0.5199,1.0,
20260113,379466.1731,379788.9628,394256.958,375563.5199,126521.0,-2406.0,738727.0,1.0,-1.0,456.0,-577.0,3.0,0.0,12563.0,0.0,363665.09322,349371.60708,342661.81178,14293.48614000005,21003.28144000005,0.0,-121.0,3.0,12563.0,-0.01901660593893504,0.1125498184483421,0.5476,1.0,
20260114,413004.7247,381651.6797,413015.1079,381651.6797,138515.0,11994.0,661233.0,0.0,-1.0,0.0,-1636.0,3.0,0.0,17896.0,0.0,374420.82358,356531.67836,346919.39899,17889.14521999995,27501.42458999995,-1.0,-1636.0,3.0,17896.0,0.08658990001082915,0.0250355227323072,0.7182,1.0,
20260115,432819.226,420793.135,442774.1491,420793.135,131846.0,-6669.0,1013874.0,0.0,-1.0,29.0,-482.0,3.0,0.0,12798.0,0.0,391013.32334,367139.75735,352485.062,23873.56598999997,38528.26133999997,-1.0,-453.0,3.0,12798.0,-0.050581739301912836,-0.0994332387437192,0.8717,1.0,
20260116,405613.1261,433980.0625,435642.9982,398237.3681,118296.0,-13550.0,790518.0,1.0,-1.0,508.0,-634.0,3.0,0.0,9533.0,0.0,401590.43248,375346.33341,356304.63816,26244.09907,45285.79432000004,0.0,-126.0,3.0,9533.0,-0.11454317982011226,0.1170560305146189,0.5628,0.577370365303051,0.8971
20260119,389899.3498,395778.3117,397230.8705,377339.0578,107894.0,-10402.0,596840.0,1.0,-1.0,1204.0,-640.0,3.0,0.0,6697.0,0.0,404160.51994,380860.34802,359041.3566,23300.17191999999,45119.16334000003,0.0,564.0,3.0,6697.0,-0.09640943889372904,-0.0167641460540623,0.4369,0.40511697906690386,
20260120,399395.4228,382987.513,404666.4238,381810.2014,111579.0,3685.0,512488.0,1.0,-1.0,497.0,-629.0,3.0,0.0,8635.0,0.0,408146.36988,385905.73155,361823.075435,22240.63832999999,46323.29444500001,0.0,-132.0,3.0,8635.0,0.03302592781795858,0.0227553690973579,0.3924,0.344233137228075,
20260121,418869.2374,405620.3984,421132.4253,388900.9137,116043.0,4464.0,620181.0,1.0,-2.0,0.0,-1081.0,3.0,0.0,9556.0,0.0,409319.27242,391870.048,365710.682345,17449.22441999998,43608.59007500001,-1.0,-1081.0,3.0,9556.0,0.03846849874615444,0.0742814105376098,0.5626,0.5770967300588316,
20260122,409798.2475,416595.5068,421697.6554,397309.2898,116090.0,47.0,690744.0,1.0,-1.0,595.0,-1508.0,3.0,0.0,8071.0,0.0,404715.07672,397864.20003,368973.30032,6850.876690000005,35741.77639999997,0.0,-913.0,3.0,8071.0,0.0004048582995951417,0.0396388541936633,0.4774,0.4605281160213436,
20260123,429611.18,406243.8942,434358.4477,404611.9882,118883.0,2793.0,602577.0,1.0,-1.0,90.0,-1443.0,3.0,0.0,8898.0,0.0,409514.6875,405552.55999,373363.737675,3962.127509999962,36150.94982499996,0.0,-1353.0,3.0,8898.0,0.02349368707048106,0.0288690725444053,0.5005,0.49213298672869055,0.9265
20260126,425334.7099,435792.5067,462500.8433,423581.1849,118479.0,-404.0,849178.0,1.0,-1.0,658.0,-1206.0,3.0,0.0,7481.0,0.0,416601.75952,410381.13973,377831.05111,6220.619790000026,38770.70841000002,0.0,-548.0,3.0,7481.0,-0.0034098869841912914,-0.0870886118745922,0.5529,0.5638254207141878,
20260127,451394.7386,436042.2971,452375.8484,422663.8448,116891.0,-1588.0,486226.0,1.0,-1.0,534.0,-1092.0,3.0,0.0,9214.0,0.0,427001.62268,417573.99628,383472.80168,9427.626400000008,43528.82100000005,0.0,-558.0,3.0,9214.0,-0.013585305968808548,-0.0420762762017845,0.682,0.7404569708578466,
20260128,444090.2606,446441.7115,462023.0533,430963.1192,110713.0,-6178.0,640659.0,1.0,-1.0,782.0,-339.0,3.0,0.0,5815.0,0.0,432045.82732,420682.54987,388607.114115,11363.27744999994,43438.71320499998,0.0,443.0,3.0,5815.0,-0.05580193834509046,-0.0255133437523101,0.6821,0.7405937884799563,
20260129,446505.8038,444617.6186,455032.6235,437139.7293,106892.0,-3821.0,494841.0,1.0,-1.0,738.0,-55.0,3.0,0.0,4800.0,0.0,439387.33858,422051.2076499999,394595.4825,17336.1309300001,44791.85608000006,0.0,683.0,3.0,4800.0,-0.035746360812783,-0.0201424473577917,0.6631,0.7145984402791079,
20260130,409747.5462,449826.4236,469768.1009,400588.0416,95559.0,-11333.0,664721.0,2.0,-1.0,2528.0,-678.0,3.0,0.0,3402.0,0.0,435414.61182,422464.64966,398905.491535,12949.96216000005,36509.12028500001,1.0,1850.0,3.0,3402.0,-0.11859688778660304,-0.1222161368589131,0.6487,0.6948967026953072,0.8676
20260202,392980.2184,413363.9951,420740.4026,392979.5091,92297.0,-3262.0,267867.0,2.0,-1.0,2610.0,-661.0,3.0,0.0,3182.0,0.0,428943.7135199999,422772.73652,401816.54227,6170.976999999955,27127.17124999996,1.0,1949.0,3.0,3182.0,-0.035342427164479884,0.2309937381354765,0.8523,0.9734573813107127,
20260203,383507.3433,392105.9217,393629.1173,359205.4791,86069.0,-6228.0,521088.0,2.0,-1.0,4104.0,-655.0,2.0,0.0,2899.0,0.0,415366.2344600001,421183.92857,403544.8300599999,-5817.694109999924,11821.40440000012,1.0,3449.0,2.0,2899.0,-0.07236054793247278,-0.0438951433626994,0.5648,0.5721455457967377,
20260204,392203.1055,385777.5664,401634.4093,382833.6965,87846.0,1777.0,436192.0,2.0,-1.0,4060.0,-641.0,3.0,-1.0,1460.0,-93.0,404988.80344,418517.31538,405193.6816900001,-13528.51194,-204.8782500000671,1.0,3419.0,2.0,1367.0,0.02022858183639551,-0.1278386013933006,0.5265,0.5129796839729118,
20260205,365079.2676,390087.95,394763.6868,355432.3563,84994.0,-2852.0,471721.0,2.0,-1.0,4648.0,-615.0,2.0,-1.0,1500.0,-565.0,388703.4962000001,414045.41739,405954.80871,-25341.92118999991,-17251.31250999996,1.0,4033.0,1.0,935.0,-0.03355530978657317,-0.0319761621500239,0.5319,0.5156094084105488,
20260206,356739.322,363301.7897,369892.3754,345313.5695,83105.0,-1889.0,429891.0,2.0,-1.0,4507.0,-824.0,2.0,-1.0,2186.0,-442.0,378101.85136,406758.23159,406155.39579,-28656.38022999995,-28053.54442999995,1.0,3683.0,1.0,1744.0,-0.022730280969857408,-0.0850618606424864,0.5423,0.5304347826086956,0.9412
20260209,384086.9139,363022.8032,384604.2146,358169.5741,87056.0,3951.0,382690.0,2.0,-1.0,3669.0,-597.0,3.0,-1.0,2615.0,-19.0,376323.19046,402633.45199,406507.29586,-26310.26153000002,-30184.1054,1.0,3072.0,2.0,2596.0,0.04538458004043374,-0.0655595742828442,0.5929,0.6025659301496792,
20260210,382350.4703,379593.6268,389170.7862,376601.2154,87200.0,144.0,328299.0,2.0,-1.0,3654.0,-578.0,3.0,0.0,2931.0,0.0,376091.81586,395729.02516,406651.51072,-19637.20929999999,-30559.69485999999,1.0,3076.0,3.0,2931.0,0.0016513761467889909,-0.0790360623718706,0.5106,0.4852459016393443,
20260211,395132.8866,380001.4515,395336.9737,378762.7041,88158.0,958.0,350188.0,2.0,-1.0,2946.0,-607.0,3.0,0.0,4944.0,0.0,376677.77208,390833.28776,405757.918815,-14155.51568000001,-29080.14673499996,1.0,2339.0,3.0,4944.0,0.010866852696295289,-0.0136458473123783,0.4566,0.4082679971489665,
20260212,391814.338,399243.9283,400361.8782,388888.3206,84270.0,-3888.0,256922.0,2.0,-1.0,2911.0,-581.0,3.0,0.0,4301.0,0.0,382024.78616,385364.14118,403707.674415,-3339.355019999959,-21682.88825499994,1.0,2330.0,3.0,4301.0,-0.0461374154503382,-0.0167664862202258,0.4211,0.35766215253029227,
20260213,366567.9349,387615.9175,391767.9885,365592.4975,79800.0,-4470.0,274508.0,2.0,-1.0,2969.0,-359.0,3.0,0.0,3969.0,0.0,383990.50874,381046.18005,401755.414855,2944.328690000053,-17764.90611499996,1.0,2610.0,3.0,3969.0,-0.05601503759398496,-0.1980282459812777,0.4146,0.34839629365645053,0.8529
20260224,385279.007,376059.8956,390739.5572,374700.7094,81581.0,1781.0,140113.0,2.0,-1.0,2478.0,-568.0,3.0,0.0,2245.0,0.0,384228.92736,380276.05891,401524.397715,3952.868449999951,-17295.470355,1.0,1910.0,3.0,2245.0,0.021831063605496377,-0.1138740225486914,0.4119,0.34454739843193155,
20260225,415270.1363,385949.1379,415795.6539,384670.8183,92081.0,10500.0,366065.0,2.0,-1.0,3718.0,-824.0,3.0,0.0,6217.0,0.0,390812.86056,383452.33821,402318.13339,7360.522349999985,-11505.27282999997,1.0,2894.0,3.0,6217.0,0.11403003877021319,0.0251578349760279,0.5377,0.5238774055595152,
20260226,415036.4594,418744.6664,425024.1932,409344.3049,89584.0,-2497.0,449079.0,2.0,-1.0,3887.0,-725.0,3.0,0.0,6345.0,0.0,394793.57512,385735.6736,402126.49449,9057.901520000014,-7332.919370000018,1.0,3162.0,3.0,6345.0,-0.02787328094302554,0.0753156937587848,0.5235,0.5036350677120456,
20260227,452917.0176,414580.7308,453521.4341,411216.2125,113075.0,23491.0,613804.0,2.0,-1.0,1269.0,-447.0,3.0,0.0,9068.0,0.0,407014.11104,394519.4486,404282.432995,12494.66243999999,2731.67804499995,1.0,822.0,3.0,9068.0,0.20774707052841035,0.0298217609411161,0.6034,0.6141788898475697,0.8235
20260302,444187.6705,453403.0603,464414.5902,425537.1075,107884.0,-5191.0,646517.0,2.0,-1.0,1998.0,-163.0,3.0,0.0,6547.0,0.0,422538.05816,403264.28345,405011.25752,19273.77471000003,17526.80064000003,1.0,1835.0,3.0,6547.0,-0.04811649549516147,-0.0186962317719438,0.5908,0.5704236121731151,
20260303,394483.9474,445432.8539,450543.9252,394447.3993,91367.0,-16517.0,664137.0,3.0,-1.0,2175.0,-970.0,2.0,-1.0,2128.0,-131.0,424379.0462399999,404303.9868,403468.719395,20075.05943999998,20910.32684499997,2.0,1205.0,1.0,1997.0,-0.18077642912648986,-0.1193633997923452,0.5306,0.478360605597186,
20260304,401200.3754,389671.0042,414535.946,381316.9027,91688.0,321.0,547580.0,3.0,-1.0,2610.0,-499.0,2.0,0.0,852.0,-41.0,421565.09406,406188.97731,400959.001235,15376.11675000004,20606.09282500006,2.0,2111.0,2.0,811.0,0.0035010034028444287,-0.0956468899432891,0.5797,0.5534485395320385,
20260305,391644.0728,405137.1069,414171.3233,378703.8536,91440.0,-248.0,520003.0,2.0,-1.0,2860.0,-935.0,3.0,0.0,1183.0,-61.0,416886.61674,405840.09593,398336.691845,11046.52081000002,18549.924895,1.0,1925.0,3.0,1122.0,-0.0027121609798775154,0.0834369036498894,0.5743,0.5451903960850283,
20260306,393621.6959,391853.6222,401745.4893,385320.6794,91129.0,-311.0,407125.0,2.0,-1.0,1990.0,-950.0,2.0,-1.0,1928.0,-461.0,405027.5524,406020.83172,395692.48645,-993.2793200000306,9335.06594999996,1.0,1040.0,1.0,1467.0,-0.003412744570883034,-0.1108911302785785,0.5625,0.5271448233674874,0.7794
20260309,383682.1296,393907.4768,395227.6484,369858.2597,86498.0,-4631.0,439016.0,2.0,-1.0,3169.0,-893.0,1.0,-2.0,1479.0,-807.0,392926.4442200001,407732.25119,394389.21562,-14805.80696999998,-1462.77139999991,1.0,2276.0,-1.0,672.0,-0.053538810145899327,-0.1333825754862914,0.5415,0.4950298210735586,
20260310,392934.613,383063.6881,405269.1812,382461.6968,86401.0,-97.0,416550.0,2.0,-1.0,2024.0,-1056.0,2.0,-1.0,1613.0,0.0,392616.57734,408497.81179,394386.93535,-15881.23445000005,-1770.358010000084,1.0,968.0,1.0,1613.0,-0.0011226721912940823,-0.1157429514288472,0.5605,0.5240862517204465,
20260311,392793.9287,395050.164,402877.6872,390623.2925,86248.0,-153.0,329067.0,2.0,-1.0,2742.0,-1064.0,3.0,0.0,2536.0,0.0,390935.288,406250.19103,394851.26462,-15314.90302999999,-3915.97662000003,1.0,1678.0,3.0,2536.0,-0.001773954178647621,-0.1107754522567745,0.5224,0.46582046184431863,
20260312,393611.2794,389609.4681,394624.3364,382454.2553,85129.0,-1119.0,302066.0,2.0,-1.0,2772.0,-988.0,3.0,0.0,2477.0,0.0,391328.72932,404107.67303,394921.673315,-12778.94370999996,-3592.943994999921,1.0,1784.0,3.0,2477.0,-0.01314475678088548,-0.0221419767413603,0.4753,0.3937910995565071,
20260313,374387.8419,393470.2467,394390.1199,374387.8419,87351.0,2222.0,325122.0,3.0,-1.0,4784.0,-976.0,1.0,-2.0,1016.0,-3149.0,387481.95852,396254.75546,395387.10203,-8772.79694000003,-7905.143510000024,2.0,3808.0,-1.0,-2133.0,0.02543760231708853,-0.1084841927957584,0.4887,0.4063856168629882,0.75
20260316,373737.126,379611.3942,380406.5203,365676.8712,84907.0,-2444.0,357081.0,3.0,-1.0,4637.0,-940.0,1.0,-2.0,1467.0,-3830.0,385492.9578,389209.70101,396236.99223,-3716.743210000044,-10744.03443000006,2.0,3697.0,-1.0,-2363.0,-0.02878443473447419,-0.0830261202426032,0.4831,0.397706137631742,
20260317,375176.5729,378440.5579,384151.4034,373852.6049,83826.0,-1081.0,331245.0,3.0,-1.0,4288.0,-803.0,2.0,-1.0,2620.0,-2809.0,381941.34978,387278.96356,395791.47518,-5337.613780000014,-13850.12540000002,2.0,3485.0,1.0,-189.0,-0.012895760265311479,-0.0454645897133644,0.46,0.33682345360824745,
20260318,370173.6152,374146.8184,377168.7938,364752.0565,78544.0,-5282.0,304581.0,3.0,-1.0,4315.0,-816.0,2.0,-1.0,2267.0,-3549.0,377417.28708,384176.28754,395182.632425,-6759.000459999952,-17765.34534499998,2.0,3499.0,1.0,-1282.0,-0.06724893053575066,-0.2701128685649805,0.4364,0.29880798969072164,
20260319,346213.9939,364362.3044,364484.0989,340229.5932,80661.0,2117.0,378561.0,3.0,-1.0,5025.0,-799.0,2.0,-1.0,1769.0,-3993.0,367937.82998,379633.27965,392736.68779,-11695.44967000006,-24798.85781000002,2.0,4226.0,1.0,-2224.0,0.02624564535525223,-0.0347806131336939,0.5111,0.4191365979381443,
20260320,342667.2787,334238.1471,356660.1893,327678.3159,78228.0,-2433.0,499047.0,3.0,-1.0,4320.0,-1046.0,2.0,-1.0,1801.0,-3813.0,361593.71734,374537.83793,390279.334825,-12944.12059000001,-28685.617485,2.0,3274.0,1.0,-2012.0,-0.031101395919619572,-0.139157540348465,0.5888,0.5384238864415076,0.5882
20260323,328122.4435,345285.9353,347974.2965,322893.0261,75930.0,-2298.0,456146.0,3.0,-1.0,4420.0,-1036.0,2.0,-1.0,1217.0,-3718.0,352470.78084,368981.86932,388357.060255,-16511.08847999998,-35886.279415,2.0,3384.0,1.0,-2501.0,-0.030264717502963254,-0.2332983395826501,0.6038,0.5439999999999999,
20260324,348200.4589,343007.6071,354290.4029,337304.7314,72455.0,-3475.0,458620.0,3.0,-1.0,2811.0,-1069.0,2.0,-1.0,2530.0,-2261.0,347075.55804,364508.45391,386503.1328500001,-17432.89587000001,-39427.57481000002,2.0,1742.0,1.0,269.0,-0.04796080325719412,0.0909536986138598,0.5647,0.47744680851063825,
20260325,353129.1582,345317.1463,363432.7691,341300.9779,74764.0,2309.0,427308.0,2.0,-1.0,2879.0,-1027.0,2.0,-1.0,2094.0,-1986.0,343666.66664,360541.97686,383396.083945,-16875.31021999998,-39729.41730499995,1.0,1852.0,1.0,108.0,0.030883847841207,-0.104689728341939,0.4678,0.3125106382978723,
20260326,349476.3648,355004.0253,358175.2381,346017.0586,73214.0,-1550.0,329373.0,1.0,-2.0,2456.0,-1132.0,2.0,-1.0,2184.0,-1976.0,344319.14082,356128.4854,380118.079215,-11809.34457999998,-35798.938395,-1.0,1324.0,1.0,208.0,-0.021170814325129073,-0.1482575141266705,0.4215,0.23370212765957443,
20260327,362404.3847,346328.0245,368897.0604,345591.2282,77329.0,4115.0,380112.0,2.0,-1.0,2145.0,-425.0,2.0,-1.0,3672.0,-1647.0,348266.56202,354930.13968,375592.44757,-6663.57766000001,-27325.88555000006,1.0,1720.0,1.0,2025.0,0.05321418872609241,0.0309832076681799,0.4651,0.28314527503526093,0.5294
20260330,370696.1129,356654.5175,372608.953,356654.5175,79325.0,1996.0,361669.0,2.0,0.0,1983.0,0.0,2.0,-1.0,2647.0,-1969.0,356781.2959,354626.03837,371917.86969,2155.257529999944,-15136.57378999999,2.0,1983.0,1.0,678.0,0.025162306965017332,-0.1032022044115665,0.4658,0.28437940761636105,
20260331,368105.5562,372016.3434,374591.609,365064.3961,76889.0,-2436.0,324843.0,2.0,0.0,2597.0,0.0,2.0,-2.0,1960.0,-1799.0,360762.31536,353918.9367,370598.95013,6843.378659999988,-9836.634770000004,2.0,2597.0,0.0,161.0,-0.03168203514156771,-0.0982362519793915,0.446,0.24467707594038324,
20260401,375272.826,369752.6192,378130.5512,366383.1251,77089.0,200.0,284385.0,2.0,0.0,3573.0,0.0,1.0,-2.0,2300.0,-1434.0,365191.04892,354428.85778,369302.57266,10762.19113999995,-4111.523740000033,2.0,3573.0,-1.0,866.0,0.002594403870850575,-0.0409293803107064,0.4201,0.19872249822569193,
20260402,360853.4919,374356.6454,377242.7586,357238.2516,75683.0,-1406.0,341666.0,2.0,0.0,3510.0,0.0,1.0,-2.0,1801.0,-1866.0,367466.47434,355892.80758,367763.043615,11573.66675999999,-296.569274999958,2.0,3510.0,-1.0,-65.0,-0.01857748767887108,-0.1480704185649497,0.4543,0.2594038325053229,
20260403,365769.1782,360271.2163,368466.4712,359209.6972,72884.0,-2799.0,259610.0,2.0,0.0,3299.0,0.0,2.0,-1.0,2307.0,-1008.0,368139.43304,358202.99753,366370.41773,9936.43551000004,1769.015310000046,2.0,3299.0,1.0,1299.0,-0.038403490478019865,-0.0961532427793294,0.4106,0.18186657203690565,0.5735
20260407,363589.6996,364680.4701,369809.4397,360247.0931,72683.0,-201.0,152283.0,2.0,0.0,3525.0,0.0,2.0,-2.0,1919.0,-1539.0,366718.15038,361749.72314,365365.79623,4968.42723999999,1352.35414999997,2.0,3525.0,0.0,380.0,-0.0027654334576173245,-0.1197974249664571,0.3929,0.09197800113787225,
20260408,378806.7684,365710.7207,381287.7835,362168.0044,75491.0,2808.0,283504.0,2.0,0.0,3013.0,0.0,2.0,-1.0,2402.0,-90.0,368858.39282,364810.35409,364659.404,4048.038730000029,4198.988820000028,2.0,3013.0,1.0,2312.0,0.03719648699845015,-0.1114120206712364,0.3974,0.0176056338028168,
20260409,369638.115,376806.3938,380144.1061,365862.3798,75425.0,-66.0,237913.0,2.0,0.0,3368.0,0.0,1.0,-2.0,2390.0,-2096.0,367731.45062,366461.24977,363501.613315,1270.200850000023,4229.837305000052,2.0,3368.0,-1.0,294.0,-0.0008750414318859795,-0.1032485069050529,0.3541,0.0,0.6029
