,收盘价,开盘价,最高价,最低价,持仓量,持仓量变动,成交量,家人多头席位数,家人空头席位数,家人多头持仓量,家人空头持仓量,机构多头席位数,机构空头席位数,机构多头持仓量,机构空头持仓量,ma5,ma10,ma20,diff5_10,diff5_20,DKX,MADKX,成交量MA10,成交量放大信号,IV上涨信号,家人净多头席位,家人净多头持仓量,机构净多头席位,机构净多头持仓量,持仓量变幅,CB_index,IV,IV_pct,趋势排名分位数
20240506,549.0229,544.0038,549.1782,542.8937,408314.0,1939.0,177380.0,2.0,-1.0,4316.0,0.0,3.0,0.0,25510.0,0.0,552.92418,555.98004,557.03222,-3.055860000000052,-4.108040000000074,557.45625,556.7549706666666,399136.7,,,1.0,4316.0,3.0,25510.0,0.00474879626953766,-0.2916451029932582,,,0.4032
20240507,550.6757,550.3341,552.8733,549.6536,409880.0,1566.0,245065.0,2.0,0.0,4673.0,0.0,3.0,0.0,26227.0,0.0,552.53592,554.3726899999999,557.7921100000001,-1.836769999999888,-5.256190000000061,556.8699673809525,557.2758653492064,368001.6,,,2.0,4673.0,3.0,26227.0,0.003820630428418074,-0.1844026148279328,,,0.371
20240508,549.7764,549.8704,551.7366,547.9753,409499.0,-381.0,229342.0,2.0,0.0,4913.0,0.0,3.0,0.0,26116.0,0.0,551.11018,552.38482,558.16749,-1.274639999999977,-7.05731000000003,556.079300952381,557.437595984127,322587.1,,,2.0,4913.0,3.0,26116.0,-0.0009304052024547069,-0.2405628597070198,,,0.3548
20240509,549.0252,550.2274,551.0764,548.4825,403714.0,-5785.0,216140.0,1.0,-1.0,4970.0,0.0,3.0,0.0,24349.0,0.0,550.14076,551.31636,557.841115,-1.175600000000031,-7.700354999999945,555.2982958730158,557.324420595238,301469.0,,,0.0,4970.0,3.0,24349.0,-0.014329451047028341,-0.2877027324627719,,,0.2903
20240510,562.3461,551.0927,562.3885,549.3663,420492.0,16778.0,349500.0,0.0,-2.0,1791.0,0.0,3.0,0.0,29281.0,0.0,552.16926,552.9195900000001,558.06826,-0.7503300000000763,-5.899000000000001,555.3307768253969,557.1460087698413,287037.7,419400.0,0.21073,-2.0,1791.0,3.0,29281.0,0.03990087801908241,-0.4334572417980044,,,0.3548
20240513,558.6901,561.0754,563.2484,558.1084,418140.0,-2352.0,333753.0,1.0,-1.0,3179.0,-638.0,3.0,0.0,32071.0,0.0,554.1027,553.51344,558.0136150000001,0.5892600000000812,-3.910915000000045,555.5076112698413,556.9418011111111,279829.6,,,0.0,2541.0,3.0,32071.0,-0.0056249103171186685,-0.349580146465814,,,0.3065
20240514,555.9373,558.2699,558.9338,555.6231,414257.0,-3883.0,226700.0,1.0,-1.0,4906.0,0.0,3.0,0.0,30640.0,0.0,555.15502,553.84547,557.997075,1.309550000000058,-2.842054999999959,555.3202442063492,556.6880406904762,266754.3,,,0.0,4906.0,3.0,30640.0,-0.00937340829485078,-0.2945394710747187,,,0.5
20240515,560.1986,558.0079,561.0293,557.4072,418306.0,4049.0,244642.0,1.0,-1.0,3543.0,0.0,3.0,0.0,32465.0,0.0,557.23946,554.17482,557.4313050000001,3.064640000000054,-0.1918450000000576,555.4871242857142,556.4097660793651,254383.5,,,0.0,3543.0,3.0,32465.0,0.009679516908674511,-0.3979370066661454,,,0.5161
20240516,565.6293,562.7974,568.2415,558.7599,420826.0,2520.0,359323.0,1.0,-1.0,3081.0,-527.0,3.0,0.0,32192.0,0.0,560.56028,555.35052,557.46303,5.209760000000074,3.097250000000031,556.1295347619047,556.1770545714286,260643.5,431187.6,0.19773,0.0,2554.0,3.0,32192.0,0.005988223161116471,-0.3165515998676277,,,0.5806
20240517,566.2051,564.2793,566.2494,562.6484,417833.0,-2993.0,204650.0,1.0,-1.0,3770.0,0.0,3.0,0.0,31727.0,0.0,561.33208,556.75067,557.3649250000001,4.581410000000005,3.967154999999934,556.8572574603174,556.0336363015873,258649.5,,,0.0,3770.0,3.0,31727.0,-0.007163148913561159,-0.3037032125518712,,,0.5968
20240520,580.3046,567.8542,583.6689,567.8542,435389.0,17556.0,513090.0,1.0,-1.0,2520.0,0.0,3.0,0.0,34898.0,0.0,565.65498,559.8788400000001,557.92944,5.776139999999941,7.725540000000024,558.6976541269842,556.1577767142857,292220.5,615708.0,0.247,0.0,2520.0,3.0,34898.0,0.0403225621226076,-0.3383069114201524,,,0.6129
20240521,573.6989,575.0993,582.6403,572.6735,424207.0,-11182.0,417302.0,1.0,-1.0,4359.0,0.0,3.0,0.0,33647.0,0.0,569.2073,562.18116,558.2769249999999,7.026140000000055,10.93037500000014,560.3318952380953,556.5039694999999,309444.2,500762.4,,0.0,4359.0,3.0,33647.0,-0.026359772469572638,-0.3835962992377437,,,0.629
20240522,574.8668,577.0232,579.1967,573.4654,421345.0,-2862.0,281250.0,1.0,-1.0,3057.0,-947.0,3.0,0.0,32002.0,0.0,572.14094,564.6902000000001,558.5375099999999,7.450739999999882,13.60343000000012,562.0298417460317,557.0990235793652,314635.0,,,0.0,2110.0,3.0,32002.0,-0.006792533434596352,-0.3564964385781623,,,0.6774
20240523,561.6131,574.2051,574.3451,558.7427,406652.0,-14693.0,434484.0,1.0,-1.0,4140.0,0.0,3.0,0.0,30244.0,0.0,571.3376999999999,565.94899,558.6326750000001,5.388709999999946,12.70502499999986,562.6905201587302,557.8382460079365,336469.4,521380.8,,0.0,4140.0,3.0,30244.0,-0.0361316309768549,-0.3755187654497811,,,0.7419
20240524,556.509,561.4904,562.744,552.4443,403442.0,-3210.0,353005.0,1.0,-1.0,4198.0,0.0,3.0,0.0,30148.0,0.0,569.3984800000001,565.36528,559.142435,4.033200000000079,10.25604500000009,562.544165079365,558.5595848333334,336819.9,,,0.0,4198.0,3.0,30148.0,-0.007956534024717308,-0.3936928550323122,,,0.8065
20240527,557.7364,556.5664,559.6849,555.5174,399143.0,-4299.0,217871.0,1.0,-1.0,4061.0,0.0,3.0,0.0,31683.0,0.0,564.8848399999999,565.26991,559.391675,-0.3850700000000415,5.493164999999976,562.3943752380951,559.2482612301587,325231.7,,,0.0,4061.0,3.0,31683.0,-0.01077057595899214,-0.3897655261651757,,,0.871
20240528,557.903,559.1681,562.294,557.8154,396419.0,-2724.0,237754.0,1.0,-1.0,3855.0,0.0,3.0,0.0,30625.0,0.0,561.72566,565.46648,559.655975,-3.740820000000099,2.069684999999936,562.340211031746,559.9502579126984,326337.1,,,0.0,3855.0,3.0,30625.0,-0.006871517258254523,-0.3440642836282289,,,0.8871
20240529,561.605,560.4457,563.9904,559.2566,396785.0,366.0,272486.0,1.0,-1.0,3933.0,0.0,3.0,0.0,31853.0,0.0,559.0733,565.60712,559.89097,-6.533819999999992,-0.817670000000021,562.5281787301587,560.6543633571429,329121.5,,0.20332,0.0,3933.0,3.0,31853.0,0.0009224139017351967,-0.348048568847466,,,0.9194
20240530,556.2029,558.2669,560.453,553.5593,394414.0,-2371.0,253029.0,1.0,-1.0,4326.0,0.0,3.0,0.0,31010.0,0.0,557.99126,564.66448,560.0074999999999,-6.673220000000015,-2.016239999999925,562.2448489682541,561.2658947777778,318492.1,,,0.0,4326.0,3.0,31010.0,-0.006011449897823099,-0.3550814578923785,,,0.9194
20240531,558.8477,557.393,559.9175,556.3573,391601.0,-2813.0,205710.0,1.0,-1.0,3956.0,-116.0,3.0,0.0,32387.0,0.0,558.4590000000001,563.9287400000001,560.339705,-5.469740000000002,-1.880704999999921,562.1072334126985,561.7908923730159,318598.1,,,0.0,3840.0,3.0,32387.0,-0.007183332013963192,-0.3731455935599939,,,0.9355
20240603,553.2382,561.0399,562.5298,550.4723,387981.0,-3620.0,319714.0,1.0,-1.0,4971.0,-189.0,3.0,0.0,29615.0,0.0,557.55936,561.2221,560.5504699999999,-3.662739999999985,-2.991109999999935,561.6222999206349,562.083356952381,299260.5,,,0.0,4782.0,3.0,29615.0,-0.009330353805985344,-0.3059757407637782,,,0.9355
20240604,558.0172,555.5665,559.2776,554.2163,385816.0,-2165.0,208399.0,1.0,-1.0,4596.0,-217.0,3.0,0.0,30643.0,0.0,557.5822000000001,559.6539300000001,560.917545,-2.071730000000002,-3.335344999999961,561.3119828571429,562.1813657142858,278370.2,,,0.0,4379.0,3.0,30643.0,-0.0056114831940614176,-0.2987380871522773,,,0.9516
20240605,555.3339,555.6265,557.2241,551.2885,385986.0,170.0,238809.0,1.0,-1.0,5315.0,0.0,3.0,0.0,29818.0,0.0,556.32798,557.70064,561.19542,-1.372659999999996,-4.867439999999988,560.7403203968255,562.0524135793651,274126.1,,0.20384,0.0,5315.0,3.0,29818.0,0.0004404304819345779,-0.2759473932279258,,,0.9839
20240606,563.8198,557.364,566.0057,555.9319,401316.0,15330.0,284636.0,1.0,-1.0,4899.0,0.0,3.0,0.0,31127.0,0.0,557.85136,557.92131,561.93515,-0.06994999999994889,-4.083790000000022,560.7480453968255,561.8581661031747,259141.3,,0.22321,0.0,4899.0,3.0,31127.0,0.038199324223305325,-0.2872053025700407,,,1.0
20240607,563.9835,561.7029,567.3262,560.3492,401327.0,11.0,280157.0,1.0,-1.0,5407.0,0.0,3.0,0.0,32696.0,0.0,558.87852,558.66876,562.01702,0.2097599999999602,-3.138500000000022,560.943816111111,561.6981312063492,251856.5,,,0.0,5407.0,3.0,32696.0,2.7409070408918413e-05,-0.278779036899841,,,1.0
20240611,546.6918,549.6171,550.3777,545.8077,387475.0,-13852.0,180956.0,1.0,-1.0,8189.0,0.0,3.0,0.0,27548.0,0.0,557.56924,557.5643,561.417105,0.004940000000033251,-3.847864999999956,559.5853108730158,561.4172247698414,248165.0,,,0.0,8189.0,3.0,27548.0,-0.03574940318730241,-0.3100259843458218,,,1.0
20240612,550.0247,549.9453,550.6494,547.5239,385870.0,-1605.0,170008.0,1.0,-1.0,7554.0,0.0,3.0,0.0,28697.0,0.0,555.97074,556.77647,561.121475,-0.8057300000000396,-5.150735000000054,558.4317062698412,561.0263742936507,241390.4,,,0.0,7554.0,3.0,28697.0,-0.004159431933034441,-0.2648730618700565,,,1.0
20240613,550.3333,554.5689,555.5455,547.8899,385847.0,-23.0,249890.0,1.0,-1.0,7724.0,0.0,3.0,0.0,26324.0,0.0,554.97062,555.6492999999999,560.62821,-0.678679999999872,-5.657589999999914,557.500082857143,560.5235647063492,239130.8,,,0.0,7724.0,3.0,26324.0,-5.9609119676970406e-05,-0.3147096217691416,,,1.0
20240614,550.2368,551.5792,551.6827,545.4816,384534.0,-1313.0,216615.0,1.0,-1.0,7322.0,0.0,3.0,0.0,28195.0,0.0,552.25402,555.0526900000001,559.8585850000001,-2.798670000000129,-7.604565000000093,556.484979920635,559.9475778015874,235489.4,,,0.0,7322.0,3.0,28195.0,-0.0034145225129637432,-0.3234971037980687,,,1.0
20240617,551.3251,553.9115,555.1743,550.8401,385502.0,968.0,219678.0,1.0,-1.0,6965.0,0.0,3.0,0.0,28822.0,0.0,549.72234,554.30043,559.114585,-4.578089999999975,-9.392245000000003,555.6986428571429,559.3067187460317,236886.2,,,0.0,6965.0,3.0,28822.0,0.002511011616022744,-0.295396504891464,,,1.0
20240618,552.1335,551.8224,553.486,550.2966,385993.0,491.0,171275.0,1.0,-1.0,7442.0,0.0,3.0,0.0,28227.0,0.0,550.8106799999999,554.18996,557.70603,-3.379280000000108,-6.895350000000121,555.0556789682538,558.6500566507937,222042.3,,,0.0,7442.0,3.0,28227.0,0.0012720437935402973,-0.3101577622289149,,,1.0
20240619,554.335,551.0726,554.8517,550.8373,390440.0,4447.0,169260.0,1.0,-1.0,6661.0,0.0,3.0,0.0,28269.0,0.0,551.67274,553.8217400000001,556.7378350000001,-2.149000000000115,-5.065095000000156,554.5830884126985,557.9771672063492,218128.4,,,0.0,6661.0,3.0,28269.0,0.011389714168630263,-0.3227638081692991,,,1.0
20240620,559.1107,554.1261,559.4274,553.4026,395944.0,5504.0,178194.0,1.0,-1.0,6280.0,0.0,3.0,0.0,31527.0,0.0,553.42822,554.1994199999999,555.9500300000001,-0.771199999999908,-2.521810000000073,554.6649913492064,557.3696343015874,212066.9,,0.19045,0.0,6280.0,3.0,31527.0,0.013900955690703735,-0.2838696339595096,,,1.0
20240621,561.6566,557.9953,563.8619,557.7825,405171.0,9227.0,227674.0,1.0,-1.0,5773.0,0.0,3.0,0.0,32451.0,0.0,555.7121800000001,553.9831,555.952205,1.729080000000067,-0.240024999999946,555.0923443650794,556.8040641984128,206370.7,,0.19318,0.0,5773.0,3.0,32451.0,0.022773100740181306,-0.2852125276845,,,1.0
20240624,553.3786,562.3234,563.6036,552.6916,397216.0,-7955.0,273521.0,1.0,-1.0,7890.0,0.0,3.0,0.0,27934.0,0.0,556.1228800000001,552.92261,555.795685,3.20027000000016,0.3271950000000743,555.1085457936508,556.2205371666666,205707.1,328225.2,,0.0,7890.0,3.0,27934.0,-0.02002688713445581,-0.2901975789121405,,,1.0
20240625,554.4119,554.2189,556.3973,553.5912,391014.0,-6202.0,160622.0,1.0,-1.0,8142.0,0.0,3.0,0.0,30040.0,0.0,556.57856,553.69462,555.62946,2.883940000000052,0.949100000000044,554.9792611904762,555.7599321984128,203673.7,,,0.0,8142.0,3.0,30040.0,-0.015861324658452126,-0.3270545402772939,,,1.0
20240626,550.9442,554.3897,555.0957,549.0719,360803.0,-30211.0,287477.0,1.0,-1.0,9554.0,0.0,3.0,0.0,21928.0,0.0,555.9003999999999,553.78657,555.28152,2.113829999999894,0.6188799999998764,554.6104484920635,555.377806420635,215420.6,344972.4,,0.0,9554.0,3.0,21928.0,-0.08373267406313141,-0.3286444928103121,,,0.9839
20240627,547.9146,550.7297,550.7297,546.3845,359264.0,-1539.0,222547.0,1.0,-1.0,9859.0,0.0,3.0,0.0,21495.0,0.0,553.66118,553.5447,554.597,0.1164799999999104,-0.9358200000000352,554.0005296031746,555.0278510952381,212686.3,,,0.0,9859.0,3.0,21495.0,-0.0042837579050503255,-0.3152088325986873,,,1.0
20240628,553.9851,552.6309,554.2379,551.4067,353855.0,-5409.0,185832.0,1.0,-1.0,9785.0,0.0,3.0,0.0,23191.0,0.0,552.12688,553.9195299999999,554.48611,-1.792649999999867,-2.359230000000025,553.8427521428572,554.7636283174604,209608.0,,,0.0,9785.0,3.0,23191.0,-0.015285922199771092,-0.3331514912989819,,,1.0
20240701,554.0879,555.6668,556.5293,552.0626,351440.0,-2415.0,174208.0,1.0,-1.0,9924.0,0.0,3.0,0.0,23106.0,0.0,552.2687400000001,554.1958099999999,554.24812,-1.927069999999844,-1.979379999999878,553.8510137301587,554.5788654047619,205061.0,,,0.0,9924.0,3.0,23106.0,-0.0068717277486911,-0.3206023998338698,,,1.0
20240702,555.1578,555.0426,555.7556,552.914,352058.0,618.0,149461.0,1.0,-1.0,10108.0,0.0,3.0,0.0,22932.0,0.0,552.4179200000001,554.49824,554.3441,-2.080319999999915,-1.926179999999931,553.8794066666667,554.4612381746032,202879.6,,,0.0,10108.0,3.0,22932.0,0.0017553925773594124,-0.3445279693235885,,,1.0
20240703,558.4706,554.7406,558.8562,553.7,354965.0,2907.0,194814.0,1.0,-1.0,9095.0,0.0,3.0,0.0,23738.0,0.0,553.9232,554.9118,554.36677,-0.9886000000000195,-0.4435700000000224,554.1642815873015,554.4193574920635,205435.0,,,0.0,9095.0,3.0,23738.0,0.008189539813784457,-0.326118213713108,,,1.0
20240704,561.1422,560.3395,563.0431,559.5466,359844.0,4879.0,199479.0,1.0,-1.0,8668.0,0.0,3.0,0.0,25442.0,0.0,556.56872,555.1149499999999,554.657185,1.453770000000077,1.911534999999958,554.7645766666666,554.4293160238095,207563.5,,,0.0,8668.0,3.0,25442.0,0.013558653194161914,-0.4433474852316913,,,1.0
20240705,562.5015,561.4057,562.8928,560.5183,365963.0,6119.0,129637.0,1.0,-1.0,8302.0,0.0,3.0,0.0,25861.0,0.0,558.272,555.19944,554.59127,3.072560000000067,3.68073000000004,555.4972041269841,554.469802,197759.8,,0.17316,0.0,8302.0,3.0,25861.0,0.01672026953544484,-0.3652118975695239,,,1.0
20240708,563.66,563.9368,568.2237,563.4754,373384.0,7421.0,244928.0,1.0,-1.0,7603.0,0.0,3.0,0.0,27394.0,0.0,560.18642,556.22758,554.5750949999999,3.958840000000009,5.611325000000079,556.5157823809524,554.6105256587301,194900.5,293913.6,,0.0,7603.0,3.0,27394.0,0.019874981252544298,-0.2734348258904738,,,1.0
20240709,561.6038,562.9692,564.6203,558.4162,375271.0,1887.0,192851.0,1.0,-1.0,7988.0,0.0,3.0,0.0,26533.0,0.0,561.4756199999999,556.94677,555.320695,4.52884999999992,6.154924999999935,557.1097197619047,554.8235715158729,198123.4,,,0.0,7988.0,3.0,26533.0,0.005028366167383038,-0.3072783056070988,,,1.0
20240710,564.1754,561.0396,564.2786,558.8948,381949.0,6678.0,228868.0,1.0,-1.0,7568.0,0.0,3.0,0.0,27590.0,0.0,562.61658,558.26989,556.02823,4.346689999999967,6.588349999999991,557.8169680952382,555.1442234761905,192262.5,,,0.0,7568.0,3.0,27590.0,0.017484009645266776,-0.3881668434377694,,,1.0
20240711,566.1747,565.2438,567.1784,563.8972,391869.0,9920.0,215617.0,1.0,-1.0,7079.0,0.0,3.0,0.0,28520.0,0.0,563.62308,560.0959,556.8203000000001,3.52717999999993,6.802779999999871,558.7642148412699,555.620592,191569.5,,0.18005,0.0,7079.0,3.0,28520.0,0.025314582169041186,-0.4028601181618526,,,1.0
20240712,569.433,570.853,573.3125,567.6452,393205.0,1336.0,354303.0,1.0,-1.0,6504.0,0.0,3.0,0.0,33037.0,0.0,565.00938,561.64069,557.7801099999999,3.368690000000015,7.229270000000042,560.0091800793651,556.2372347936508,208416.6,425163.6,,0.0,6504.0,3.0,33037.0,0.003397718747218372,-0.504714626566559,,,1.0
20240715,569.2581,567.7827,572.2073,567.2595,397373.0,4168.0,226247.0,1.0,-1.0,6994.0,0.0,3.0,0.0,33889.0,0.0,566.129,563.15771,558.6767600000001,2.971290000000067,7.452239999999961,561.1096745238095,556.9631008730158,213620.5,,0.18174,0.0,6994.0,3.0,33889.0,0.01048888575721048,-0.5051420208624472,,,1.0
20240716,575.7526,571.1747,575.7861,570.4981,416313.0,18940.0,299547.0,1.0,-1.0,5258.0,0.0,3.0,0.0,37472.0,0.0,568.95876,565.21719,559.857715,3.741570000000024,9.101045,562.580594047619,557.8332196111112,228629.1,359456.4,0.20085,0.0,5258.0,3.0,37472.0,0.045494615829916436,-0.3337344558425143,,,1.0
20240717,582.4067,575.3994,586.6121,575.2861,418170.0,1857.0,448763.0,1.0,-1.0,4870.0,0.0,3.0,0.0,39350.0,0.0,572.6050200000001,567.6108,561.2612999999999,4.994220000000041,11.34372000000019,564.5723112698413,558.874022579365,254024.0,538515.6,0.20761,0.0,4870.0,3.0,39350.0,0.004440777674151661,-0.3095284694747889,,,1.0
20240718,582.396,582.9819,585.0875,576.6688,411565.0,-6605.0,400657.0,1.0,-1.0,4796.0,0.0,3.0,0.0,40898.0,0.0,575.84928,569.73618,562.425565,6.113100000000031,13.42371500000002,566.5675044444445,560.0543153571429,274141.8,480788.4,0.21047,0.0,4796.0,3.0,40898.0,-0.016048497807150754,-0.3080385945274672,,,1.0
20240719,567.0906,580.823,581.4576,564.951,390488.0,-21077.0,450354.0,1.0,-1.0,6285.0,0.0,3.0,0.0,34534.0,0.0,575.3808,570.19509,562.697265,5.185709999999972,12.68353500000001,567.4721278571428,561.2518077301587,306213.5,540424.7999999999,,0.0,6285.0,3.0,34534.0,-0.053976050480424496,-0.338619373401946,,,1.0
20240722,566.6656,564.6716,568.4659,560.9469,384703.0,-5785.0,354553.0,1.0,-1.0,7218.0,0.0,3.0,0.0,32170.0,0.0,574.8623,570.49565,563.361615,4.36665000000005,11.50068499999998,567.7314670634921,562.3733761984128,317176.0,,,0.0,7218.0,3.0,32170.0,-0.015037574440542444,-0.3384088019792564,,,1.0
20240723,563.9778,565.1639,568.1992,562.6568,375600.0,-9103.0,305972.0,1.0,-1.0,7699.0,0.0,3.0,0.0,31948.0,0.0,572.5073399999999,570.73305,563.83991,1.774289999999837,8.667429999999854,567.8649339682539,563.4488976190477,328488.1,,,0.0,7699.0,3.0,31948.0,-0.024235889243876464,-0.3315965885876454,,,0.9677
20240724,571.0404,566.5615,571.2086,565.4413,389102.0,13502.0,280390.0,1.0,-1.0,5804.0,0.0,3.0,0.0,32499.0,0.0,570.23408,571.41955,564.84472,-1.185470000000009,5.389359999999897,568.4000539682539,564.5072062063492,333640.3,,0.18616,0.0,5804.0,3.0,32499.0,0.03470041274524418,-0.3162578725806894,,,0.9677
20240725,556.8295,571.6959,572.813,555.4832,375760.0,-13342.0,511678.0,1.0,-1.0,7611.0,0.0,3.0,0.0,27353.0,0.0,565.12078,570.48503,565.290465,-5.364250000000084,-0.1696850000000723,568.0826525396825,565.4390499761905,363246.4,614013.6,,0.0,7611.0,3.0,27353.0,-0.03550670640834575,-0.3128597925899563,,,0.9677
20240726,558.7415,556.5716,560.5474,552.277,376210.0,450.0,375768.0,1.0,-1.0,7281.0,0.0,3.0,0.0,25923.0,0.0,563.45096,569.41588,565.5282850000001,-5.964920000000006,-2.077325000000087,567.3642208730158,566.1745540555555,365392.9,,,0.0,7281.0,3.0,25923.0,0.0011961404534701363,-0.3042891141415262,,,0.9677
20240729,562.7075,560.011,565.8236,559.2016,374014.0,-2196.0,302272.0,1.0,-1.0,6983.0,0.0,3.0,0.0,25981.0,0.0,562.6593399999999,568.7608200000001,565.959265,-6.101480000000151,-3.29992500000003,567.0478933333334,566.7683759365079,372995.4,,,0.0,6983.0,3.0,25981.0,-0.0058714379675627116,-0.3318675054206992,,,0.9839
20240730,563.733,563.1816,563.9178,557.0235,376093.0,2079.0,324840.0,1.0,-1.0,5534.0,0.0,3.0,0.0,30834.0,0.0,562.6103800000001,567.55886,566.388025,-4.948479999999904,-3.777644999999893,566.7173907936508,567.1820556111111,375524.7,,,0.0,5534.0,3.0,30834.0,0.005527888048966612,-0.3628773793943492,,,0.9839
20240731,567.9451,562.5563,569.9592,561.1003,381383.0,5290.0,362586.0,1.0,-1.0,5785.0,-5.0,3.0,0.0,30912.0,0.0,561.99132,566.1126999999999,566.86175,-4.121379999999931,-4.870430000000056,566.7021130952382,567.3950357936508,366907.0,,0.19435,0.0,5780.0,3.0,30912.0,0.013870571053245687,-0.3304194380545213,,,0.9839
20240801,572.5477,567.6722,575.0315,567.1466,388792.0,7409.0,311521.0,1.0,-1.0,4853.0,-146.0,3.0,0.0,32637.0,0.0,565.13496,565.12787,567.432025,0.007089999999948304,-2.297064999999975,567.1423190476193,567.4525172539683,357993.4,,,0.0,4707.0,3.0,32637.0,0.019056462067120722,-0.3197102718080525,,,0.9839
20240802,575.5449,573.8463,575.7398,569.9407,396222.0,7430.0,340082.0,1.0,-1.0,4356.0,-420.0,3.0,0.0,34916.0,0.0,568.49564,565.9732999999999,568.084195,2.522340000000099,0.4114449999999579,567.8096786507936,567.4862723333333,346966.2,,0.21515,0.0,3936.0,3.0,34916.0,0.018752113714029003,-0.2928992519652298,,,0.9839
20240805,561.5404,575.8486,576.6498,556.4534,391180.0,-5042.0,665928.0,1.0,0.0,7031.0,0.0,3.0,0.0,26920.0,0.0,568.26222,565.46078,567.978215,2.801439999999957,0.2840049999999792,567.6141908730159,567.4745447142857,378103.7,799113.6,0.23764,1.0,7031.0,3.0,26920.0,-0.012889207014673552,-0.2892142599002822,,,0.9839
20240806,555.754,548.7909,560.5269,547.5833,392567.0,1387.0,538820.0,1.0,0.0,8196.0,0.0,3.0,0.0,19585.0,0.0,566.6664199999999,564.6384,567.685725,2.028019999999856,-1.019305000000145,566.2703146825396,567.3150827857143,401388.5,646584.0,,1.0,8196.0,3.0,19585.0,0.0035331548500001273,-0.287672734418646,,,0.9839
20240807,557.7948,554.2243,558.6964,553.3982,393124.0,557.0,387387.0,1.0,-1.0,9152.0,0.0,3.0,0.0,16941.0,0.0,564.63636,563.31384,567.366695,1.32251999999994,-2.730335000000082,565.2177057142857,566.9968479603174,412088.2,,,0.0,9152.0,3.0,16941.0,0.0014168557503484907,-0.3084718723057642,,,0.9839
20240808,557.6374,558.7347,559.6572,554.7378,394388.0,1264.0,262002.0,1.0,-1.0,9081.0,0.0,3.0,0.0,16633.0,0.0,561.6543,563.39463,566.93983,-1.740329999999972,-5.285529999999994,564.2990873809524,566.6184914444444,387120.6,,,0.0,9081.0,3.0,16633.0,0.0032049656683266225,-0.274144206258088,,,0.9839
20240809,562.3032,560.3398,564.755,558.9718,390144.0,-4244.0,294151.0,1.0,-1.0,7886.0,0.0,3.0,0.0,17186.0,0.0,559.00596,563.7508,566.58334,-4.744840000000067,-7.577380000000062,563.8447560317461,566.2665449603174,378958.9,,,0.0,7886.0,3.0,17186.0,-0.010878034776902887,-0.2592647744211649,,,0.9839
20240812,566.9709,563.7545,567.0987,561.6197,387976.0,-2168.0,241319.0,1.0,-1.0,7000.0,0.0,3.0,0.0,20144.0,0.0,560.09206,564.17714,566.46898,-4.085080000000062,-6.376920000000041,563.7334330952381,565.9350989365079,372863.6,,,0.0,7000.0,3.0,20144.0,-0.005587974513887457,-0.3317033130804643,,,0.9839
20240813,571.0652,568.0128,574.3691,567.5908,395288.0,7312.0,283745.0,1.0,-1.0,5017.0,0.0,3.0,0.0,23017.0,0.0,563.1542999999999,564.9103600000001,566.23461,-1.756060000000161,-3.080310000000054,564.1316045238095,565.6765203095239,368754.1,,,0.0,5017.0,3.0,23017.0,0.018497905324725263,-0.2502996723833643,,,0.9839
20240814,569.9395,571.2429,571.9848,566.7719,393629.0,-1659.0,243900.0,1.0,-1.0,5128.0,0.0,3.0,0.0,22495.0,0.0,565.5832399999999,565.1098,565.61125,0.4734399999999823,-0.02801000000010845,564.5274307142856,565.4590520714286,356885.5,,0.22295,0.0,5128.0,3.0,22495.0,-0.004214628495359844,-0.2593984130898774,,,0.9839
20240815,568.6708,569.7974,569.9593,563.2437,392589.0,-1040.0,276896.0,1.0,-1.0,5047.0,0.0,3.0,0.0,22011.0,0.0,567.7899199999999,564.7221099999999,564.92499,3.067810000000009,2.864929999999958,564.833600079365,565.2281801746032,353423.0,,0.22607,0.0,5047.0,3.0,22011.0,-0.002649080845362453,-0.2999428495456904,,,0.9839
20240816,569.4299,566.8832,571.2748,564.8488,394538.0,1949.0,268312.0,1.0,-1.0,4798.0,0.0,3.0,0.0,22040.0,0.0,569.21526,564.11061,565.0419549999999,5.104649999999992,4.173305000000028,565.1625912698412,564.9634714365079,346246.0,,,0.0,4798.0,3.0,22040.0,0.004939955086709012,-0.283287500811289,,,0.9839
20240819,575.5925,575.728,578.0867,572.2987,405301.0,10763.0,403631.0,1.0,-1.0,3793.0,-323.0,3.0,0.0,32512.0,0.0,570.93958,565.51582,565.4883,5.423760000000016,5.451279999999997,566.1660278571429,564.8186551349206,320016.3,484357.2,0.23179,0.0,3470.0,3.0,32512.0,0.02655557227838076,-0.2947324248868436,,,0.9839
20240820,576.2043,573.5005,576.9951,572.5341,413750.0,8449.0,265564.0,1.0,-1.0,3575.0,-318.0,3.0,0.0,34348.0,0.0,571.9674,567.56085,566.099625,4.406550000000038,5.867775000000051,567.0980449206348,564.9014281587301,292690.7,,0.23335,0.0,3257.0,3.0,34348.0,0.020420543806646527,-0.3003960127452472,,,0.9839
20240821,578.1437,580.0628,580.6866,573.7864,418430.0,4680.0,319121.0,1.0,-1.0,3150.0,-361.0,3.0,0.0,37336.0,0.0,573.60824,569.59574,566.45479,4.012500000000045,7.153450000000021,568.3408042063492,565.2137380079365,285864.1,,0.23387,0.0,2789.0,3.0,37336.0,0.01118466649140836,-0.297230342879183,,,0.9839
20240822,576.4653,577.1768,578.5839,574.0225,416926.0,-1504.0,260586.0,1.0,-1.0,3485.0,-368.0,3.0,0.0,35522.0,0.0,575.1671399999999,571.4785300000001,567.4365799999999,3.688609999999812,7.730559999999969,569.3108543650794,565.7149147063492,285722.5,,,0.0,3117.0,3.0,35522.0,-0.0036073547823834446,-0.2900539397366983,,,0.9677
20240823,574.5761,575.986,575.986,569.7892,412758.0,-4168.0,279898.0,1.0,-1.0,3575.0,-244.0,3.0,0.0,34995.0,0.0,576.19638,572.7058199999999,568.22831,3.490560000000073,7.968070000000012,569.968287936508,566.3272678968253,284297.2,,,0.0,3331.0,3.0,34995.0,-0.010097926630131942,-0.2696195263019221,,,0.9677
20240826,578.1615,575.8794,578.3325,574.4577,418996.0,6238.0,308129.0,1.0,-1.0,3124.0,-300.0,3.0,0.0,36327.0,0.0,576.71018,573.8248799999999,569.0010100000001,2.885300000000143,7.709169999999972,570.8885757142858,567.0427821587302,290978.2,,,0.0,2824.0,3.0,36327.0,0.014887970290885831,-0.2676351291274778,,,0.9516
20240827,578.1185,579.1398,580.0165,576.0654,401423.0,-17573.0,266099.0,1.0,-1.0,3064.0,-189.0,3.0,0.0,35775.0,0.0,577.09302,574.53021,569.720285,2.562810000000013,7.372735000000034,571.8034076190474,567.8099624682538,289213.6,,,0.0,2875.0,3.0,35775.0,-0.04377676416149548,-0.2657356769041817,,,0.9355
20240828,577.3707,577.6827,579.8245,576.2316,397350.0,-4073.0,256870.0,1.0,-1.0,3749.0,0.0,3.0,0.0,34211.0,0.0,576.9384200000001,575.27333,570.191565,1.665090000000077,6.746855000000096,572.5938519047618,568.6166045873016,290510.6,,,0.0,3749.0,3.0,34211.0,-0.010250408959355731,-0.246687213131706,,,0.9194
20240829,577.2164,576.1439,579.2265,575.0989,395830.0,-1520.0,253611.0,1.0,-1.0,3699.0,0.0,3.0,0.0,34769.0,0.0,577.08864,576.12789,570.425,0.9607500000000755,6.6636400000001,573.2860735714287,569.4618519365079,288182.1,,,0.0,3699.0,3.0,34769.0,-0.0038400323371144177,-0.2374271052333291,,,0.8065
20240830,576.2408,575.7006,579.084,575.092,391759.0,-4071.0,299200.0,1.0,-1.0,4025.0,-575.0,3.0,0.0,31757.0,0.0,577.42158,576.80898,570.459795,0.6125999999999294,6.961784999999963,573.9424756349206,570.3398403730159,291270.9,,,0.0,3450.0,3.0,31757.0,-0.010391592790465566,-0.1985756260723126,,,0.7742
20240902,572.9545,576.7419,576.7419,571.3531,387304.0,-4455.0,311402.0,1.0,-1.0,5297.0,0.0,3.0,0.0,28451.0,0.0,576.38018,576.5451800000001,571.0305000000001,-0.1650000000000773,5.349679999999921,574.3093184126983,571.1541694285714,282048.0,,,0.0,5297.0,3.0,28451.0,-0.011502592278933344,-0.2042315434595532,,,0.7258
20240903,574.2452,574.3374,574.9172,572.2128,384092.0,-3212.0,163254.0,1.0,-1.0,4364.0,0.0,3.0,0.0,32184.0,0.0,575.60552,576.34927,571.95506,-0.743750000000091,3.650459999999953,574.5635842857143,571.9007233650793,271817.0,,,0.0,4364.0,3.0,32184.0,-0.008362579798589922,-0.2388019938584806,,,0.7097
20240904,570.3297,573.7268,574.3303,569.3552,376703.0,-7389.0,294396.0,1.0,-1.0,5490.0,0.0,3.0,0.0,27394.0,0.0,574.19732,575.56787,572.581805,-1.37054999999998,1.615514999999959,574.5464849206348,572.5212914365079,269344.5,,0.20306,0.0,5490.0,3.0,27394.0,-0.01961492210043456,-0.1842632673461332,,,0.7581
20240905,574.2253,571.1196,574.5866,569.9432,370649.0,-6054.0,275741.0,1.0,-1.0,4157.0,-412.0,3.0,0.0,26824.0,0.0,573.5991,575.3438699999999,573.4112,-1.744769999999903,0.1879000000000133,574.5944511111111,573.0496511111112,270860.0,,0.21125,0.0,3745.0,3.0,26824.0,-0.01633351229869769,-0.2498989002496321,,,0.7742
20240906,575.9912,576.0809,576.4168,573.6138,371474.0,825.0,223641.0,1.0,-1.0,3616.0,-1125.0,3.0,0.0,26222.0,0.0,573.54918,575.4853800000001,574.0956,-1.936200000000099,-0.5464200000000119,574.8360944444445,573.5364317619047,265234.3,,0.22568,0.0,2491.0,3.0,26222.0,0.002220882215175221,-0.1444314334796373,,,0.7581
20240909,571.5331,576.5018,576.6797,569.5907,366867.0,-4607.0,406936.0,1.0,-1.0,4309.0,-419.0,3.0,0.0,22782.0,0.0,573.2648999999999,574.82254,574.3237099999999,-1.557640000000106,-1.058809999999994,574.7386273809524,573.9214369285713,275115.0,488323.2,0.22841,0.0,3890.0,3.0,22782.0,-0.012557684392436496,-0.1938645759436361,,,0.7903
20240910,575.6082,574.134,575.8685,572.5197,371192.0,4325.0,212565.0,1.0,-1.0,3610.0,-896.0,3.0,0.0,26343.0,0.0,573.5375,574.57151,574.5508600000001,-1.034009999999967,-1.013360000000034,574.8284827777778,574.2239444444444,269761.6,,,0.0,2714.0,3.0,26343.0,0.011651651975258087,-0.2488237221529702,,,0.7903
20240911,578.4273,577.0455,578.8657,574.2759,376424.0,5232.0,260052.0,0.0,-1.0,1629.0,-909.0,3.0,0.0,29153.0,0.0,575.1570199999999,574.67717,574.97525,0.4798499999998285,0.1817699999999149,575.1330903174602,574.4778682857143,270079.8,,0.23101,-1.0,720.0,3.0,29153.0,0.013899220028478524,-0.3122755797000554,,,0.9032
20240912,577.5878,575.3795,578.1243,574.4563,372516.0,-3908.0,242093.0,0.0,-2.0,1017.0,-775.0,3.0,0.0,28652.0,0.0,575.82952,574.7143100000001,575.4211,1.115209999999934,0.4084199999999782,575.3098367460317,574.6802446031745,268928.0,,,-2.0,242.0,3.0,28652.0,-0.01049082455518689,-0.2901353884452652,,,0.9194
20240913,585.9588,580.0876,587.4149,578.5528,389263.0,16747.0,359250.0,0.0,-2.0,0.0,-2532.0,3.0,0.0,33912.0,0.0,577.82304,575.68611,576.247545,2.136930000000007,1.575495000000046,576.1105765079365,574.8970546904761,274933.0,431100.0,0.25831,-2.0,-2532.0,3.0,33912.0,0.043022326807325637,-0.4919242139312829,,,0.9677
20240918,585.3882,587.0193,588.0519,585.0201,384707.0,-4556.0,101519.0,0.0,-2.0,0.0,-1673.0,3.0,0.0,33116.0,0.0,580.59406,576.92948,576.73733,3.664580000000001,3.85672999999997,577.0986196031746,575.1759848095237,253944.7,,,-2.0,-1673.0,3.0,33116.0,-0.011842779050030283,-0.1645052960620089,,,0.9677
20240919,584.5477,586.1157,589.6928,581.9875,384776.0,69.0,293240.0,0.0,-2.0,0.0,-2081.0,3.0,0.0,34905.0,0.0,582.3819599999999,577.95973,577.1545,4.4222299999999,5.227459999999951,577.9111735714285,575.5107437380951,266943.3,,,-2.0,-2081.0,3.0,34905.0,0.00017932511383246356,-0.2634372526834815,,,0.9677
20240920,591.2625,585.4675,591.634,585.2701,401117.0,16341.0,280986.0,0.0,-2.0,0.0,-2730.0,3.0,0.0,35755.0,0.0,584.949,580.05301,577.81044,4.895989999999983,7.138559999999984,579.1049086507937,575.966586111111,265602.3,,,-2.0,-2730.0,3.0,35755.0,0.04073873707671328,-0.3630817196412629,,,1.0
20240923,595.9365,593.2042,597.0754,590.3967,406773.0,5656.0,350514.0,0.0,-2.0,0.0,-3925.0,3.0,0.0,38130.0,0.0,588.61874,582.22413,578.784,6.394610000000057,9.83474000000001,580.740017936508,576.5811427936508,273079.6,420616.8,,-2.0,-3925.0,3.0,38130.0,0.013904561020520045,-0.2752048833488624,,,0.9355
20240924,595.2158,596.1058,598.2392,594.1281,405057.0,-1716.0,329661.0,0.0,-2.0,0.0,-2305.0,3.0,0.0,38876.0,0.0,590.47014,584.14659,579.815985,6.323550000000068,10.65415500000006,582.3498346031745,577.3325168095238,283681.6,,,-2.0,-2305.0,3.0,38876.0,-0.004236440797221132,-0.2899612118389954,,,0.9032
20240925,599.4338,595.4835,602.8417,594.8192,398559.0,-6498.0,326906.0,0.0,-2.0,0.0,-2811.0,3.0,0.0,38608.0,0.0,593.27926,586.9366600000001,580.8796,6.342599999999948,12.39966000000004,584.166374047619,578.2752914761905,275678.6,,0.21086,-2.0,-2811.0,3.0,38608.0,-0.01630373420246438,-0.2775087035087768,,,0.9032
20240926,601.0155,600.5264,603.0093,600.009,388740.0,-9819.0,234064.0,0.0,-2.0,0.0,-2953.0,3.0,0.0,38706.0,0.0,596.57282,589.47739,582.02445,7.095429999999965,14.54836999999998,586.1206311111112,579.4045063095239,277828.5,,0.21632,-2.0,-2953.0,3.0,38706.0,-0.025258527550547923,-0.2654630943857367,,,0.9677
20240927,600.6441,602.8773,603.4219,598.3568,381911.0,-6829.0,289312.0,0.0,-2.0,0.0,-2699.0,3.0,0.0,37054.0,0.0,598.44914,591.69907,583.18812,6.750070000000051,15.26102000000003,587.9580506349207,580.6870023412698,280754.5,,0.22529,-2.0,-2699.0,3.0,37054.0,-0.01788112937307383,-0.2684131805288004,,,0.9839
20240930,598.0151,601.2276,601.4121,595.1765,374931.0,-6980.0,294810.0,0.0,-2.0,0.0,-2343.0,3.0,0.0,34796.0,0.0,598.8648599999999,593.7418,584.228055,5.123059999999896,14.63680499999987,589.4498412698413,582.1010027936508,286026.2,,0.24622,-2.0,-2343.0,3.0,34796.0,-0.018616758816955653,-0.2496496230244842,,,0.9839
20241008,597.6232,598.8562,601.1227,597.2233,376092.0,1161.0,144548.0,0.0,-2.0,0.0,-1588.0,3.0,0.0,38341.0,0.0,599.3463399999999,594.90824,585.297175,4.438099999999963,14.0491649999999,590.8194533333334,583.5718904761904,264556.0,,,-2.0,-1588.0,3.0,38341.0,0.003087010625059826,-0.2669100645300928,,,0.9839
20241009,589.8793,599.1933,602.0744,589.46,367022.0,-9070.0,341186.0,0.0,-2.0,0.0,-78.0,3.0,0.0,37830.0,0.0,597.43544,595.35735,586.1434149999999,2.078089999999975,11.29202500000008,591.5919407142857,585.0212225873016,288522.7,,,-2.0,-78.0,3.0,37830.0,-0.024712415059587708,-0.2308300806294177,,,0.9516
20241010,592.0892,591.9114,592.5502,588.6863,356294.0,-10728.0,230422.0,0.0,-2.0,0.0,-631.0,3.0,0.0,35261.0,0.0,595.6501799999999,596.1115,587.035615,-0.4613200000001143,8.614564999999857,592.1231885714286,586.4424240873016,282240.9,,,-2.0,-631.0,3.0,35261.0,-0.03010996536568115,-0.2585046272836628,,,0.8871
20241011,598.8076,593.3807,600.7139,592.986,353143.0,-3151.0,248183.0,0.0,-2.0,0.0,-1336.0,3.0,0.0,36738.0,0.0,595.28288,596.86601,588.4595099999999,-1.583129999999983,6.823370000000068,593.0786553174603,587.8397987539682,278960.6,,,-2.0,-1336.0,3.0,36738.0,-0.008922731018312695,-0.2705700330440861,,,0.8548
20241014,604.6212,598.4568,605.7042,598.4568,368078.0,14935.0,226722.0,0.0,-2.0,0.0,-2324.0,3.0,0.0,39144.0,0.0,596.6041,597.7344799999998,589.979305,-1.130379999999832,6.624795000000063,594.450270952381,589.2108240555556,266581.4,,0.20774,-2.0,-2324.0,3.0,39144.0,0.040575638859154856,-0.3035517571966796,,,0.8548
20241015,604.9626,602.5368,605.3315,600.8225,370583.0,2505.0,233618.0,0.0,-2.0,0.0,-1733.0,3.0,0.0,39834.0,0.0,598.0719799999999,598.70916,591.4278750000001,-0.6371800000000576,6.644104999999854,595.8235510317461,590.5581956984128,256977.1,,,-2.0,-1733.0,3.0,39834.0,0.006759619302558402,-0.2659939403568201,0.158,,0.8871
20241016,613.2637,604.6987,613.2656,604.5695,383064.0,12481.0,310111.0,0.0,-2.0,0.0,-2542.0,3.0,0.0,39648.0,0.0,602.7488599999999,600.09215,593.514405,2.656709999999975,9.234454999999912,597.6287915873015,591.9044374523809,255297.6,372133.2,0.23361,-2.0,-2542.0,3.0,39648.0,0.032582022847357096,-0.210088812787709,0.1797,,0.871
20241017,615.7563,613.5822,616.6237,611.8101,391913.0,8849.0,314603.0,0.0,-2.0,0.0,-4463.0,3.0,0.0,39200.0,0.0,607.48228,601.56623,595.52181,5.916049999999927,11.96046999999999,599.7029119841269,593.2626655396825,263351.5,,,-2.0,-4463.0,3.0,39200.0,0.022578990745395024,-0.2361432959178882,0.1708,,0.871
20241018,620.6374,615.494,624.3843,614.7189,396433.0,4520.0,433163.0,0.0,-2.0,0.0,-2391.0,3.0,0.0,36705.0,0.0,611.84824,603.56556,597.6323150000001,8.282680000000028,14.21592499999997,602.0385930952382,594.6707197857143,277736.6,519795.6,0.23868,-2.0,-2391.0,3.0,36705.0,0.011401674431745086,-0.226439277241763,0.1836,,0.871
20241021,627.3691,620.7715,627.5687,619.3476,404674.0,8241.0,347271.0,0.0,-2.0,0.0,-4590.0,3.0,0.0,38888.0,0.0,616.3978199999999,606.5009600000001,600.1213799999999,9.896859999999833,16.27643999999998,604.648760079365,596.1906116666667,282982.7,416725.2,0.24414,-2.0,-4590.0,3.0,38888.0,0.020364540346056333,-0.2271627259594235,0.1878,,0.7742
20241022,628.1814,629.0284,629.9233,622.7032,402295.0,-2379.0,350080.0,0.0,-2.0,0.0,-2966.0,3.0,0.0,40673.0,0.0,621.0415800000001,609.55678,602.23251,11.48480000000006,18.80907000000002,607.3524557142856,597.8439119047619,303535.9,,0.2444,-2.0,-2966.0,3.0,40673.0,-0.005913570887035633,-0.2346262535223237,0.188,,0.7258
20241023,631.6537,628.5859,632.0062,627.2782,407047.0,4752.0,307377.0,0.0,-2.0,0.0,-4309.0,3.0,0.0,40909.0,0.0,624.7195800000001,613.73422,604.545785,10.98536000000001,20.17379500000004,610.1011002380953,599.6948278571429,300155.0,,,-2.0,-4309.0,3.0,40909.0,0.01167432753465816,-0.2348285037984995,0.1877,,0.6613
20241024,626.2728,630.1527,630.1647,619.6352,397261.0,-9786.0,484571.0,0.0,-2.0,0.0,-3813.0,3.0,0.0,36402.0,0.0,626.8228799999999,617.1525800000001,606.63204,9.670299999999884,20.19083999999998,612.2192199206349,601.7044309920635,325569.9,581485.2,,-2.0,-3813.0,3.0,36402.0,-0.024633679117758853,-0.2341927663640601,0.1858,,0.629
20241025,626.662,627.058,628.3765,622.6419,395557.0,-1704.0,324561.0,0.0,-2.0,0.0,-4034.0,3.0,0.0,36874.0,0.0,628.0278000000001,619.9380199999999,608.4020149999999,8.089780000000133,19.62578500000018,614.1472016666667,603.8112856269842,333207.7,,,-2.0,-4034.0,3.0,36874.0,-0.0043078494376284585,-0.2517491066588417,0.1857,,0.6129
20241028,628.6386,626.2551,629.8622,623.9297,393946.0,-1611.0,340762.0,0.0,-2.0,0.0,-4183.0,3.0,0.0,37318.0,0.0,628.2817,622.3397600000001,610.03712,5.941939999999931,18.24458000000004,616.051694047619,605.9714279365079,344611.7,,,-2.0,-4183.0,3.0,37318.0,-0.004089392962487244,-0.2645499438173089,0.1862,,0.5
20241029,633.781,627.2504,633.8841,626.8066,401402.0,7456.0,289556.0,0.0,-2.0,0.0,-6598.0,3.0,0.0,40161.0,0.0,629.40162,625.2216,611.96538,4.180020000000013,17.43624,618.1391756349205,608.2029903968253,350205.5,,0.25389,-2.0,-6598.0,3.0,40161.0,0.018574894993049363,-0.2479813640347453,0.1953,,0.4677
20241030,640.6562,632.708,641.5017,632.1612,406307.0,4905.0,350219.0,0.0,-2.0,0.0,-5571.0,3.0,0.0,39920.0,0.0,631.2021199999999,627.96085,614.0265,3.241269999999872,17.17561999999987,620.6868277777778,610.508794015873,354216.3,,0.27066,-2.0,-5571.0,3.0,39920.0,0.012072152338010421,-0.2309252701077763,0.2082,,0.4032
20241031,637.8481,639.4417,641.3399,635.8371,395385.0,-10922.0,384790.0,0.0,-2.0,0.0,-4532.0,3.0,0.0,33374.0,0.0,633.51718,630.17003,615.86813,3.347150000000056,17.6490500000001,623.0857058730159,612.8470734047619,361235.0,,0.27352,-2.0,-4532.0,3.0,33374.0,-0.027623708537248503,-0.1813300279944173,0.2104,,0.2903
20241101,631.959,636.3185,636.3185,626.4373,385056.0,-10329.0,472283.0,0.0,-2.0,0.0,-4961.0,3.0,0.0,32182.0,0.0,634.5765799999999,631.3021900000001,617.433875,3.274389999999812,17.14270499999998,624.7478933333332,615.1180034285715,365147.0,566739.6,,-2.0,-4961.0,3.0,32182.0,-0.02682466965843929,-0.308345080839622,0.2089,,0.3226
20241104,627.6973,632.0797,634.9424,625.5364,375950.0,-9106.0,375419.0,0.0,-2.0,0.0,-3935.0,3.0,0.0,28636.0,0.0,634.38832,631.33501,618.9179849999999,3.05331000000001,15.47033500000009,625.9322696825396,617.2463543888889,367961.8,,,-2.0,-3935.0,3.0,28636.0,-0.02422130602473733,-0.2505216275442449,0.1999,,0.3065
20241105,627.4551,628.3293,629.0752,623.8525,381272.0,5322.0,285266.0,0.0,-2.0,0.0,-3238.0,3.0,0.0,27088.0,0.0,633.12314,631.26238,620.40958,1.860760000000028,12.71356000000003,626.8122830952381,619.1923371269842,361480.4,,0.28158,-2.0,-3238.0,3.0,27088.0,0.01395853878595858,-0.2148494945265439,0.2166,,0.2742
20241106,626.4814,627.3192,633.4161,624.6371,388840.0,7568.0,450625.0,0.0,-2.0,0.0,-4030.0,3.0,0.0,28371.0,0.0,630.2881799999999,630.74515,622.239685,-0.4569700000000694,8.048494999999889,627.5364734126983,620.9358744444444,375805.2,,,-2.0,-4030.0,3.0,28371.0,0.01946301820800329,-0.2241123126334741,0.2008,,0.2419
20241107,613.8906,624.8402,624.8402,613.2943,387740.0,-1100.0,560843.0,0.0,-2.0,193.0,-3911.0,3.0,0.0,27688.0,0.0,625.49668,629.5069299999999,623.329755,-4.010249999999928,2.166924999999992,627.1224614285715,622.426198595238,383432.4,673011.6,,-2.0,-3718.0,3.0,27688.0,-0.0028369525971011504,-0.2019729753989183,0.1817,,0.2742
20241108,618.1017,615.6066,622.1828,615.6066,392338.0,4598.0,409601.0,0.0,-2.0,0.0,-4359.0,3.0,0.0,28401.0,0.0,622.72522,628.6509,624.29446,-5.925679999999943,-1.569239999999922,626.6703612698412,623.6785145555556,391936.4,,,-2.0,-4359.0,3.0,28401.0,0.011719486769061371,-0.1825801674633032,0.1656,,0.3065
20241111,618.4974,620.1337,624.8874,617.1217,390934.0,-1404.0,403946.0,0.0,-2.0,0.0,-4377.0,3.0,0.0,25793.0,0.0,620.88524,627.63678,624.98827,-6.751540000000091,-4.103030000000103,626.2970319047619,624.7030483412698,398254.8,,,-2.0,-4377.0,3.0,25793.0,-0.0035913990596878245,-0.1603281163091066,0.1558,,0.3065
20241112,608.4375,615.9632,616.6884,607.4573,386553.0,-4381.0,447616.0,0.0,-2.0,0.0,-3841.0,3.0,0.0,24169.0,0.0,617.0817199999999,625.10243,625.162015,-8.020710000000122,-8.080295000000092,624.9689759523808,625.3860283730158,414060.8,,,-2.0,-3841.0,3.0,24169.0,-0.011333504073180133,0.0702528165117999,0.1543,,0.371
20241113,607.2929,607.3111,609.8539,605.338,390469.0,3916.0,341878.0,0.0,-2.0,163.0,-2724.0,3.0,0.0,24326.0,0.0,613.2440200000001,621.7661,624.863475,-8.52207999999996,-11.6194549999999,623.3082204761905,625.6481676428572,413226.7,,,-2.0,-2561.0,3.0,24326.0,0.010028965167529304,0.0890569605229011,0.1583,,0.6452
20241114,595.8646,607.6253,609.0353,594.9749,388923.0,-1546.0,450397.0,0.0,-1.0,963.0,-1579.0,3.0,0.0,19507.0,0.0,609.63882,617.5677499999999,623.86889,-7.928929999999923,-14.23006999999996,620.9354367460318,625.4331407301587,419787.4,,0.22178,-1.0,-616.0,3.0,19507.0,-0.003975079900134474,0.3604271820241346,0.1706,,0.629
20241115,596.1265,596.0883,600.0265,594.8743,392400.0,3477.0,358143.0,0.0,-1.0,1045.0,-1455.0,3.0,0.0,20644.0,0.0,605.24378,613.9844999999999,622.643345,-8.740719999999897,-17.39956499999994,618.3142759523809,624.7897789920635,408373.4,,0.22724,-1.0,-410.0,3.0,20644.0,0.00886085626911315,0.3506501074250126,0.1748,,0.6452
20241118,603.5156,597.8649,605.2944,595.9455,396840.0,4440.0,418593.0,0.0,-2.0,324.0,-1502.0,3.0,0.0,18344.0,0.0,602.24742,611.56633,621.45067,-9.31890999999996,-19.20324999999991,616.3008482539684,623.8266368492062,412690.8,,0.22828,-2.0,-1178.0,3.0,18344.0,0.011188388267311764,-0.2770012078396607,0.1756,,0.3871
20241119,612.8691,605.0003,613.122,604.6931,398623.0,1783.0,319854.0,0.0,-2.0,113.0,-1670.0,3.0,0.0,17975.0,0.0,603.13374,610.10773,620.685055,-6.973989999999958,-17.55131500000005,615.2068296825397,622.6660915079365,416149.6,,,-2.0,-1557.0,3.0,17975.0,0.004472897951196995,-0.2774673726427503,0.1685,,0.4194
20241120,613.5469,615.5515,616.4269,611.1867,391144.0,-7479.0,367557.0,0.0,-2.0,203.0,-2159.0,3.0,0.0,18884.0,0.0,604.3845399999999,608.81428,619.7797149999999,-4.429740000000152,-15.39517499999999,614.5837312698412,621.3708172936508,407842.8,,,-2.0,-1956.0,3.0,18884.0,-0.019120835293395783,-0.2674318292256422,0.1596,,0.3871
20241121,620.8143,614.5706,621.0184,614.2891,392417.0,1273.0,367424.0,0.0,-2.0,0.0,-3288.0,3.0,0.0,21696.0,0.0,609.37448,609.50665,619.50679,-0.1321700000000874,-10.13231000000007,614.4410178571429,620.1026729365078,388500.9,,,-2.0,-3288.0,3.0,21696.0,0.003243998093864435,-0.2675896011100191,0.1649,,0.4355
20241122,628.7795,621.0108,628.8193,620.388,395969.0,3552.0,420224.0,0.0,-2.0,0.0,-3801.0,3.0,0.0,21537.0,0.0,615.90508,610.57443,619.612665,5.330649999999991,-3.707584999999995,615.0490225396826,618.940539063492,389563.2,,,-2.0,-3801.0,3.0,21537.0,0.008970399197917008,-0.2687432087946583,0.1643,,0.3548
20241125,620.1522,630.8029,631.8968,617.917,378427.0,-17542.0,613494.0,0.0,-2.0,88.0,-2138.0,3.0,0.0,20963.0,0.0,619.2324,610.73991,619.188345,8.492489999999975,0.04405499999995754,615.4070493650793,617.8515408095238,410518.0,736192.7999999999,,-2.0,-2050.0,3.0,20963.0,-0.046355043376926065,-0.263308182387548,0.1556,,0.2903
20241126,612.0776,623.1832,624.3586,608.808,369160.0,-9267.0,589932.0,0.0,-2.0,646.0,-2016.0,3.0,0.0,21713.0,0.0,619.0741,611.10392,618.103175,7.970180000000028,0.9709250000000793,615.0148875396825,616.856131968254,424749.6,707918.4,,-2.0,-1370.0,3.0,21713.0,-0.025102936396142594,-0.2617016602464474,0.1496,,0.4355
20241127,617.672,613.7602,618.0143,610.5992,369284.0,124.0,443267.0,0.0,-2.0,229.0,-1718.0,3.0,0.0,19974.0,0.0,619.89912,612.1418299999999,616.9539649999999,7.757290000000125,2.945155000000113,614.7860665873018,616.0039165793651,434888.5,,,-2.0,-1489.0,3.0,19974.0,0.0003357849243400743,-0.2598185353303787,0.1478,,0.2903
20241128,614.5122,618.0125,619.6786,609.901,373523.0,4239.0,477664.0,0.0,-2.0,356.0,-788.0,3.0,0.0,20485.0,0.0,618.6387000000001,614.00659,615.7871700000001,4.632110000000125,2.851530000000025,614.5949703174601,615.3698699365079,437615.2,,,-2.0,-432.0,3.0,20485.0,0.011348698741442963,-0.2513238673567808,0.1457,,0.1774
20241129,620.0796,616.2227,620.5165,612.8321,377086.0,3563.0,360955.0,0.0,-2.0,0.0,-2605.0,3.0,0.0,20009.0,0.0,616.8987199999999,616.4019,615.1931999999999,0.496819999999957,1.705519999999979,614.7687282539683,615.0153151666666,437896.4,,,-2.0,-2605.0,3.0,20009.0,0.00944877295895366,-0.2422506206830835,0.1461,,0.2903
20241202,614.6346,619.3229,620.6441,611.7272,367922.0,-9164.0,400796.0,0.0,-2.0,513.0,-1841.0,3.0,0.0,20355.0,0.0,615.7952,617.5138,614.540065,-1.718599999999924,1.255134999999996,614.7913252380953,614.8643628650794,436116.7,,,-2.0,-1328.0,3.0,20355.0,-0.02490745321019129,-0.2499507060994595,0.1427,,0.3065
20241203,620.6677,618.07,621.8303,616.6515,375895.0,7973.0,338101.0,0.0,-2.0,0.0,-2917.0,3.0,0.0,22878.0,0.0,617.51322,618.29366,614.200695,-0.7804399999999987,3.312525000000051,615.2371292063492,614.8673928174603,437941.4,,0.19578,-2.0,-2917.0,3.0,22878.0,0.021210710437755225,-0.2373700162730346,0.1506,,0.3387
20241204,619.6303,619.1383,622.4543,618.2688,371625.0,-4270.0,326047.0,0.0,-2.0,0.0,-2163.0,3.0,0.0,22249.0,0.0,617.9048799999999,618.9019999999999,613.85814,-0.9971199999999953,4.046739999999886,615.7810301587302,614.9871227063493,433790.4,,,-2.0,-2163.0,3.0,22249.0,-0.011490077362933063,-0.2441573415436626,0.1502,,0.2903
20241205,619.7685,617.5287,621.7126,616.2633,373677.0,2052.0,322699.0,0.0,-2.0,0.0,-1812.0,3.0,0.0,22558.0,0.0,618.95614,618.79742,614.152035,0.1587200000000166,4.80410500000005,616.2000352380953,615.1630244444444,429317.9,,,-2.0,-1812.0,3.0,22558.0,0.005491373565940639,-0.2417567023489067,0.149,,0.3387
20241206,617.0948,620.508,621.0956,612.2062,370169.0,-3508.0,423025.0,0.0,-2.0,317.0,-1285.0,3.0,0.0,21623.0,0.0,618.35918,617.62895,614.1016900000001,0.7302300000000059,4.257489999999962,616.501471904762,615.3082693809524,429598.0,,,-2.0,-968.0,3.0,21623.0,-0.009476752510339873,-0.2076987762057642,0.1475,,0.3871
20241209,620.319,616.9358,622.04,614.1011,371446.0,1277.0,401806.0,0.0,-2.0,0.0,-2004.0,3.0,0.0,22593.0,0.0,619.4960599999999,617.6456300000001,614.19277,1.850429999999847,5.303289999999947,617.0016607142858,615.4677305158731,408429.2,,,-2.0,-2004.0,3.0,22593.0,0.0034379156054985113,-0.1740583887264935,0.1449,,0.4194
20241210,622.6412,621.9531,625.8927,621.278,380781.0,9335.0,354520.0,0.0,-2.0,0.0,-1357.0,3.0,0.0,21353.0,0.0,619.89076,618.70199,614.902955,1.188769999999977,4.98780499999998,617.7959365873015,615.7458354206349,384888.0,,,-2.0,-1357.0,3.0,21353.0,0.02451540386731481,-0.1680390824926007,0.143,,0.2097
20241211,628.2377,625.3442,630.3854,623.8695,396910.0,16129.0,423001.0,0.0,-2.0,0.0,-2372.0,3.0,0.0,24180.0,0.0,621.61224,619.75856,615.950195,1.853680000000054,5.662045000000035,619.0100192857143,616.1682306904762,382861.4,,0.19331,-2.0,-2372.0,3.0,24180.0,0.04063641631604142,-0.154260422209241,0.1487,,0.2258
20241212,632.6303,628.6474,633.1845,627.5227,404830.0,7920.0,361537.0,0.0,-2.0,0.0,-2635.0,3.0,0.0,21070.0,0.0,624.1845999999999,621.57037,617.7884799999999,2.614229999999907,6.396119999999996,620.4537298412698,616.7541066428572,371248.7,,0.20098,-2.0,-2635.0,3.0,21070.0,0.019563767507348763,-0.1779498648268207,0.1546,,0.2581
20241213,626.9479,630.3001,631.1634,624.2699,399676.0,-5154.0,410008.0,0.0,-2.0,371.0,-1050.0,3.0,0.0,20481.0,0.0,626.15522,622.2572,619.32955,3.898019999999974,6.825669999999946,621.4004275396826,617.4172765714286,376154.0,,,-2.0,-679.0,3.0,20481.0,-0.012895445310701668,-0.1504060383634939,0.1505,,0.2581
20241216,621.0807,623.9473,624.4677,619.359,391647.0,-8029.0,296752.0,0.0,-2.0,1290.0,-607.0,3.0,0.0,19976.0,0.0,626.30756,622.9018100000001,620.207805,3.405749999999898,6.099754999999959,621.6568292857143,618.1038269761905,365749.6,,,-2.0,683.0,3.0,19976.0,-0.02050060386010872,-0.1711028324501967,0.1418,,0.2419
20241217,620.6023,622.499,623.9845,619.8836,381803.0,-9844.0,233072.0,0.0,-1.0,1601.0,-422.0,3.0,0.0,16200.0,0.0,625.89978,622.89527,620.594465,3.004509999999982,5.30531499999995,621.8121751587302,618.7613315714286,355246.7,,,-1.0,1179.0,3.0,16200.0,-0.02578292994030953,-0.1992822843555004,0.1407,,0.1935
20241218,620.0171,619.0221,621.493,616.7696,370949.0,-10854.0,236127.0,0.0,-1.0,1463.0,-483.0,3.0,0.0,17977.0,0.0,624.25566,622.93395,620.9179750000001,1.321710000000053,3.337684999999965,621.7143215079366,619.3546607063493,346254.7,,,-1.0,980.0,3.0,17977.0,-0.02926008696613281,-0.1967438533443774,0.1407,,0.3226
20241219,614.8891,619.534,620.9752,610.463,371750.0,801.0,331651.0,1.0,-1.0,2325.0,-246.0,3.0,0.0,18552.0,0.0,620.7074200000001,622.44601,620.621715,-1.738589999999931,0.08570500000007542,621.237857936508,619.8584429761905,347149.9,,,0.0,2079.0,3.0,18552.0,0.0021546738399462004,-0.1887050978497242,0.1373,,0.3548
20241220,615.2249,614.1882,615.6246,610.7938,373005.0,1255.0,336762.0,1.0,-1.0,2555.0,-149.0,3.0,0.0,18567.0,0.0,618.36282,622.2590200000001,619.943985,-3.896200000000022,-1.581164999999942,620.6859632539683,620.2768921111112,338523.6,,,0.0,2406.0,3.0,18567.0,0.003364566158630581,-0.1812706665775029,0.1375,,0.3387
20241223,621.5255,614.3485,621.6928,613.9561,373883.0,878.0,343269.0,0.0,-1.0,1827.0,-338.0,3.0,0.0,20641.0,0.0,618.4517800000001,622.37967,620.01265,-3.927889999999934,-1.560869999999909,620.617731904762,620.6384992301588,332669.9,,,-1.0,1489.0,3.0,20641.0,0.00234832822032561,-0.1958849207792155,0.1387,,0.4355
20241224,618.9517,618.5064,619.7614,616.9432,367226.0,-6657.0,232430.0,1.0,-1.0,2258.0,-282.0,3.0,0.0,20305.0,0.0,618.12166,622.01072,620.356355,-3.889059999999972,-2.234694999999988,620.4638165873016,620.9052872301588,320460.9,,,0.0,1976.0,3.0,20305.0,-0.01812780140839701,-0.1994614002519368,0.135,,0.4839
20241225,620.3111,618.2133,621.0715,617.2357,368228.0,1002.0,164254.0,1.0,-1.0,2088.0,-222.0,3.0,0.0,20564.0,0.0,618.18046,621.2180599999999,620.48831,-3.037599999999884,-2.307849999999917,620.4262793650794,621.0469132380953,294586.2,,,0.0,1866.0,3.0,20564.0,0.0027211401631597816,-0.1999877560599865,0.1327,,0.5323
20241226,621.134,620.7957,622.5634,620.7028,367052.0,-1176.0,125483.0,1.0,-1.0,1867.0,-286.0,3.0,0.0,20517.0,0.0,619.4294400000001,620.06843,620.8194,-0.6389899999999216,-1.38995999999986,620.5063035714286,621.0521706111111,270980.8,,,0.0,1581.0,3.0,20517.0,-0.003203905713631856,-0.2052030756262733,0.1311,,0.6129
20241227,621.7704,621.1354,623.2947,620.0537,366367.0,-685.0,214072.0,0.0,-1.0,1655.0,-111.0,3.0,0.0,21982.0,0.0,620.7385400000001,619.55068,620.90394,1.187860000000001,-0.1653999999999769,620.6388061111111,620.976008468254,251387.2,,,-1.0,1544.0,3.0,21982.0,-0.0018697098810755335,-0.2073669916420331,0.1236,,0.6613
20241230,619.4442,620.6496,621.0631,617.4652,346167.0,-20200.0,274683.0,1.0,-1.0,2543.0,0.0,3.0,0.0,21957.0,0.0,620.32228,619.38703,621.14442,0.9352499999999964,-0.8221399999999903,620.5048503968255,620.8608105793651,249180.3,,,0.0,2543.0,3.0,21957.0,-0.05835333812870667,-0.1997513741230483,0.1215,,0.6613
20241231,619.5064,620.3561,620.9512,616.7325,337615.0,-8552.0,276650.0,1.0,-1.0,3162.0,0.0,3.0,0.0,22315.0,0.0,620.4332200000001,619.2774400000001,621.086355,1.15578000000005,-0.6531349999999065,620.3859629365078,620.7181893571429,253538.1,,,0.0,3162.0,3.0,22315.0,-0.025330628082283074,-0.1794045941650638,0.1178,,0.6935
20250102,624.2311,618.5709,625.887,618.5709,343876.0,6261.0,145623.0,1.0,-1.0,2580.0,-283.0,3.0,0.0,26497.0,0.0,621.21722,619.69884,621.316395,1.518379999999979,-0.0991750000000593,620.558058015873,620.6025630079365,244487.7,,,0.0,2297.0,3.0,26497.0,0.018207144435784993,-0.2167158088342429,0.1166,,0.7258
20250103,629.395,627.09,630.3254,625.1302,355671.0,11795.0,294746.0,1.0,-1.0,2173.0,-454.0,3.0,0.0,27537.0,0.0,622.86942,621.1494299999999,621.79772,1.719990000000053,1.071699999999964,621.2736723809523,620.6061444523809,240797.2,353695.2,,0.0,1719.0,3.0,27537.0,0.03316266999558581,-0.1836713176508217,0.1191,,0.7258
20250106,626.4588,629.8245,630.5077,625.9806,351203.0,-4468.0,300340.0,0.0,-1.0,1238.0,-461.0,3.0,0.0,26481.0,0.0,623.8071,622.2728199999999,622.26592,1.534280000000081,1.54117999999994,621.8454948412698,620.722097611111,237155.0,360408.0,0.15561,-1.0,777.0,3.0,26481.0,-0.012721986998972104,-0.1804149824244107,0.1197,,0.7903
20250107,626.484,628.1354,628.4469,620.7614,348868.0,-2335.0,396069.0,1.0,-1.0,1702.0,-440.0,3.0,0.0,28721.0,0.0,625.21506,622.76867,622.57417,2.446389999999951,2.640890000000013,622.2316957142857,620.8834939920636,242435.0,475282.8,0.16211,0.0,1262.0,3.0,28721.0,-0.006693075891168006,-0.1648893180678655,0.1247,0.0810000000000001,0.8226
20250108,629.3828,628.6938,630.0186,626.3626,352246.0,3378.0,296207.0,0.0,-1.0,1138.0,-582.0,3.0,0.0,30325.0,0.0,627.1903399999999,623.81178,622.91125,3.378559999999879,4.279089999999883,622.8525114285716,621.1223634761905,248812.7,,0.17108,-1.0,556.0,3.0,30325.0,0.009589888884472783,-0.2450625777716286,0.1316,0.15,0.9355
20250109,632.9786,629.6256,633.004,628.1186,358508.0,6262.0,324312.0,0.0,-1.0,491.0,-794.0,3.0,0.0,31838.0,0.0,628.93984,625.07853,623.1482950000001,3.861310000000003,5.791544999999928,623.7127071428572,621.4510062539682,264818.5,389174.4,0.18382,-1.0,-303.0,3.0,31838.0,0.0174668347707722,-0.2164457668793571,0.1414,0.24800000000000005,0.9355
20250110,637.0968,634.5679,637.2173,632.9342,368363.0,9855.0,284200.0,0.0,-2.0,248.0,-1886.0,3.0,0.0,33563.0,0.0,630.4802,626.6748100000001,623.37162,3.805389999999875,7.108579999999961,625.0018031746033,621.9005562142858,280690.2,,0.19643,-2.0,-1638.0,3.0,33563.0,0.02675350130170511,-0.1953451210570895,0.1511,0.3450000000000002,0.9355
20250113,639.035,636.7295,641.0887,633.0656,370123.0,1760.0,473556.0,0.0,-2.0,391.0,-1798.0,3.0,0.0,31629.0,0.0,632.99544,628.4012700000001,623.9759750000001,4.594169999999963,9.019464999999968,626.4354282539683,622.4802184285714,306638.6,568267.2,0.19773,-2.0,-1407.0,3.0,31629.0,0.004755175982038403,-0.2507216373771896,0.1521,0.3550000000000002,0.8065
20250114,634.019,635.0322,635.5896,632.5577,354997.0,-15126.0,343436.0,0.0,-1.0,1247.0,-1575.0,3.0,0.0,29561.0,0.0,634.50244,629.85875,624.62289,4.643689999999992,9.879549999999995,627.4213793650794,623.1718713253969,313513.9,,,-1.0,-328.0,3.0,29561.0,-0.042608810778682636,-0.1421500286530623,0.1376,0.21000000000000008,0.8065
20250115,637.2457,633.6447,637.8532,631.7142,358026.0,3029.0,334807.0,0.0,-1.0,1228.0,-1359.0,3.0,0.0,33015.0,0.0,636.07502,631.6326799999999,625.45506,4.442340000000058,10.61995999999999,628.5349085714286,623.986765888889,319329.6,,,-1.0,-131.0,3.0,33015.0,0.008460279421047634,-0.1786898300552404,0.1364,0.198,0.7903
20250116,639.5851,638.3855,641.006,635.7071,352436.0,-5590.0,375469.0,1.0,-1.0,1944.0,-1469.0,3.0,0.0,30655.0,0.0,637.3963200000001,633.16808,626.43346,4.228240000000028,10.96286000000009,629.8819150793651,624.9191515952382,342314.2,,,0.0,475.0,3.0,30655.0,-0.015861035762521423,-0.2022803332613708,0.1385,0.2190000000000002,0.7903
20250117,641.0897,640.8917,644.2995,640.1461,353798.0,1362.0,365876.0,0.0,-1.0,1855.0,-1986.0,3.0,0.0,32469.0,0.0,638.1949000000001,634.33755,627.7434900000001,3.85735000000011,10.45141000000001,631.3522035714286,625.9270047142858,349427.2,,,-1.0,-131.0,3.0,32469.0,0.0038496543225230214,-0.1916548433195277,0.1358,0.19200000000000012,0.7581
20250120,640.2285,641.702,642.0386,634.7301,350654.0,-3144.0,360910.0,0.0,-1.0,1815.0,-1879.0,3.0,0.0,31699.0,0.0,638.4336000000001,635.71452,628.9936700000001,2.719080000000076,9.439930000000004,632.5309973015873,626.9955549603176,355484.2,,,-1.0,-64.0,3.0,31699.0,-0.008966103338333514,-0.1928021665178688,0.1361,0.19500000000000006,0.7258
20250121,640.3743,639.1853,640.7828,634.1354,351034.0,380.0,369800.0,0.0,-1.0,2207.0,-1324.0,3.0,0.0,32051.0,0.0,639.70466,637.10355,629.93611,2.601109999999949,9.768550000000005,633.5804103174602,628.1304264206349,352857.3,,,-1.0,883.0,3.0,32051.0,0.001082516223499718,-0.2016737054175474,0.1351,0.18500000000000005,0.7581
20250122,645.9577,640.5609,649.3334,639.8931,371430.0,20396.0,395950.0,0.0,-1.0,1779.0,-1403.0,3.0,0.0,35097.0,0.0,641.4470600000001,638.7610400000001,631.2864099999999,2.686019999999985,10.16065000000015,635.0181833333334,629.3469936111112,362831.6,,0.19019,-1.0,376.0,3.0,35097.0,0.05491209649193657,-0.2030219049932053,0.1463,0.2970000000000002,0.9194
20250123,646.7429,647.4676,648.1328,645.669,366124.0,-5306.0,285236.0,0.0,-1.0,1830.0,-1334.0,3.0,0.0,34110.0,0.0,642.87862,640.13747,632.608,2.741149999999948,10.27062000000001,636.5547108730159,630.631193984127,358924.0,,0.19448,-1.0,496.0,3.0,34110.0,-0.014492357780424119,-0.1962035654376581,0.1496,0.3300000000000002,0.9032
20250124,649.4459,645.2037,650.4888,643.0533,362763.0,-3361.0,344300.0,0.0,-1.0,2042.0,-1168.0,3.0,0.0,29978.0,0.0,644.54986,641.37238,634.023595,3.177479999999946,10.52626499999997,638.0594646825397,631.9369601349206,364934.0,,0.19578,-1.0,874.0,3.0,29978.0,-0.009265002219079674,-0.2164398793728489,0.1506,0.3400000000000002,0.871
20250127,648.096,649.7695,652.4373,645.7113,351539.0,-11224.0,287093.0,1.0,-1.0,2552.0,-710.0,3.0,0.0,30533.0,0.0,646.12336,642.27848,635.3398749999999,3.844880000000103,10.78348500000016,639.5243526190476,633.2458525714286,346287.7,,,0.0,1842.0,3.0,30533.0,-0.031928178665809485,-0.1628016527496794,0.1487,0.32100000000000006,0.8871
20250205,671.2515,668.1654,671.7249,666.9699,359950.0,8411.0,165351.0,1.0,-1.0,2445.0,-1236.0,3.0,0.0,32894.0,0.0,652.2988,646.00173,637.9302399999999,6.297070000000076,14.36856000000012,642.8779804761905,634.7915126825396,328479.2,,,0.0,1209.0,3.0,32894.0,0.023367134324211697,-0.1953272495293803,0.15,0.334,0.8548
20250206,669.2207,672.7117,674.7718,669.0606,362007.0,2057.0,301031.0,1.0,-1.0,3129.0,-1113.0,3.0,0.0,32024.0,0.0,656.9513999999999,649.19923,640.4159549999999,7.752169999999978,16.53544499999998,646.041087857143,636.5421306111111,325101.6,,,0.0,2016.0,3.0,32024.0,0.005682210564989075,-0.1980811530027962,0.1497,0.39311163895486934,0.8387
20250207,670.6766,671.3163,672.4527,665.3392,356119.0,-5888.0,308518.0,1.0,-1.0,2878.0,-943.0,3.0,0.0,31683.0,0.0,661.73814,652.30838,642.73823,9.429759999999987,18.99991,648.9147174603174,638.4454108492063,318406.5,,,0.0,1935.0,3.0,31683.0,-0.016533799095246254,-0.1985918020627994,0.1478,0.4792626728110597,0.8226
20250210,679.9865,671.2807,680.3308,669.0559,365287.0,9168.0,496575.0,0.0,-1.0,1305.0,-1133.0,3.0,0.0,32603.0,0.0,667.84626,656.19806,645.267805,11.64819999999997,22.57845500000008,652.2329957936508,640.5334900714286,331476.4,595890.0,0.2015,-1.0,172.0,3.0,32603.0,0.025098073569549424,-0.1928542991275453,0.155,0.6508474576271186,0.7581
20250211,686.6919,683.2543,692.5594,680.7835,365420.0,133.0,555491.0,1.0,-1.0,2087.0,-1170.0,3.0,0.0,31940.0,0.0,675.56544,660.8444000000001,648.27946,14.7210399999999,27.28598,656.1820883333334,642.8985991746032,350934.5,666589.2,0.21619,0.0,917.0,3.0,31940.0,0.0003639647528870888,-0.2269596466879861,0.1663,0.8423728813559321,0.6774
20250212,682.1788,680.611,685.9547,678.0278,357501.0,-7919.0,467996.0,1.0,-1.0,3012.0,-565.0,3.0,0.0,28658.0,0.0,677.7509,665.02485,651.0642,12.72604999999999,26.68669999999997,659.4240245238095,645.4829605952381,360754.1,561595.2,,0.0,2447.0,3.0,28658.0,-0.02215098699024618,-0.1964460939347279,0.1643,0.8084745762711864,0.6129
20250213,685.4162,680.6777,687.3519,676.3993,362963.0,5462.0,467092.0,1.0,-1.0,2459.0,-395.0,3.0,0.0,28740.0,0.0,680.99,668.9707000000001,653.86587,12.01929999999993,27.12413000000004,662.5722353968254,648.2383658015873,367868.3,560510.4,,0.0,2064.0,3.0,28740.0,0.015048365811391243,-0.2443093479744185,0.1601,0.7372881355932202,0.5484
20250214,689.2138,686.3642,689.5071,684.9614,369792.0,6829.0,330248.0,1.0,-1.0,2390.0,-538.0,3.0,0.0,29939.0,0.0,684.69744,673.2177899999999,656.6776299999999,11.47965000000011,28.01981000000012,665.8939745238096,651.1722921666667,372369.5,,0.21762,0.0,1852.0,3.0,29939.0,0.018467138283142955,-0.1853276621140452,0.1674,0.8610169491525422,0.5968
20250217,677.8751,687.1504,687.4135,675.3392,356080.0,-13712.0,600227.0,1.0,-1.0,4263.0,0.0,3.0,0.0,25891.0,0.0,684.2751599999999,676.06071,658.716545,8.214449999999943,25.55861499999992,668.2526246825395,654.1916081666666,397962.2,720272.4,,0.0,4263.0,3.0,25891.0,-0.0385082004044035,-0.2193677839643111,0.1518,0.5966101694915252,0.5806
20250218,683.5149,678.9133,684.4886,678.2063,360241.0,4161.0,269814.0,1.0,-1.0,2531.0,-376.0,3.0,0.0,27973.0,0.0,683.63976,679.6025999999999,660.9405399999999,4.037160000000085,22.69922000000008,670.5520334920634,657.2943762539683,396234.3,,,0.0,2155.0,3.0,27973.0,0.011550600847765801,-0.1693025262395117,0.1522,0.6033898305084746,0.5645
20250219,688.8211,685.0486,691.1356,684.5199,362173.0,1932.0,366010.0,0.0,-1.0,2024.0,-323.0,3.0,0.0,29246.0,0.0,684.96822,681.3595600000001,663.680645,3.608659999999873,21.28757499999995,673.1442435714284,660.321002563492,416300.2,,,-1.0,1701.0,3.0,29246.0,0.005334467229749318,-0.1891787635737444,0.1612,0.859344894026975,0.5161
20250220,691.1942,689.6202,691.4439,685.3716,365682.0,3509.0,382034.0,0.0,-2.0,1922.0,-300.0,3.0,0.0,28801.0,0.0,686.12382,683.55691,666.37807,2.566910000000007,19.74575000000004,675.7034061111111,663.2872343888888,424400.5,,0.21918,-2.0,1622.0,3.0,28801.0,0.009595769001482162,-0.1864502665596527,0.1686,1.0,0.5
20250221,685.7334,689.3833,690.1377,683.2012,366691.0,1009.0,520655.0,1.0,-1.0,2864.0,0.0,3.0,0.0,26784.0,0.0,685.42774,685.0625899999999,668.685485,0.3651500000000851,16.742255,677.6961853968255,666.1653811825397,445614.2,,,0.0,2864.0,3.0,26784.0,0.0027516355732755916,-0.1941460140570559,0.1611,0.8557692307692306,0.5323
20250224,687.341,686.1947,688.108,683.5557,368299.0,1608.0,421658.0,1.0,-1.0,2458.0,-19.0,3.0,0.0,26089.0,0.0,687.32092,685.79804,670.9980499999999,1.522879999999986,16.32287000000008,679.4771884920634,668.889800452381,438122.5,,,0.0,2439.0,3.0,26089.0,0.004366017827906131,-0.1957301457059173,0.1622,0.8769230769230771,0.5323
20250225,686.9951,689.2815,690.9301,685.258,364353.0,-3946.0,397053.0,1.0,0.0,3498.0,0.0,3.0,0.0,27027.0,0.0,688.01696,685.82836,673.33638,2.188600000000065,14.68058000000008,681.1236454761904,671.3839561666666,422278.7,,,1.0,3498.0,3.0,27027.0,-0.010830156469138446,-0.1963097227048817,0.1571,0.7788461538461536,0.5484
20250226,680.8693,685.2056,687.9358,675.9426,342274.0,-22079.0,599400.0,1.0,-1.0,4524.0,-1109.0,3.0,0.0,22859.0,0.0,686.4266,685.69741,675.36113,0.7291900000000169,11.06547,681.9658149999999,673.6381352142856,435419.1,719280.0,,0.0,3415.0,3.0,22859.0,-0.06450679864669825,-0.2006609935115264,0.1529,0.6980769230769233,0.7581
20250227,678.5968,682.5041,683.8388,676.8823,337330.0,-4944.0,494858.0,1.0,-1.0,4129.0,-1356.0,3.0,0.0,21076.0,0.0,683.9071200000001,685.0154699999999,676.993085,-1.108349999999859,6.914035000000126,682.4468487301588,675.625596547619,438195.7,,,0.0,2773.0,3.0,21076.0,-0.014656271307028726,-0.1962475313117978,0.1556,0.7499999999999998,0.7258
20250228,673.6669,676.9837,679.5259,673.2413,329680.0,-7650.0,494285.0,1.0,-1.0,4411.0,-926.0,3.0,0.0,20959.0,0.0,681.49382,683.46078,678.339285,-1.966959999999972,3.15453500000001,682.3032956349208,677.2665286587301,454599.4,,,0.0,3485.0,3.0,20959.0,-0.02320431933996603,-0.1726043267342552,0.1527,0.6942307692307693,0.7258
20250303,674.2764,671.9355,674.7124,667.1079,314675.0,-15005.0,557826.0,1.0,-1.0,5883.0,-938.0,3.0,0.0,20915.0,0.0,678.8809,683.1009099999999,679.58081,-4.220009999999888,-0.6999100000000453,681.7943656349205,678.6207027539683,450359.3,669391.2,,0.0,4945.0,3.0,20915.0,-0.04768411853499643,-0.1911338962952764,0.1507,0.6557692307692308,0.7097
20250304,678.6984,676.2747,680.4947,674.8205,318472.0,3797.0,365018.0,1.0,-1.0,5065.0,-1375.0,3.0,0.0,24699.0,0.0,677.22156,682.6192599999999,681.11093,-5.397699999999986,-3.889370000000099,681.5622226984126,679.7217216746031,459879.7,,,0.0,3690.0,3.0,24699.0,0.011922555201085181,-0.2101732772134107,0.1453,0.5519230769230772,0.7258
20250305,684.1304,684.578,684.8055,679.9727,323739.0,5267.0,484796.0,1.0,-1.0,4106.0,-1137.0,3.0,0.0,21795.0,0.0,677.8737800000001,682.15019,681.754875,-4.276409999999828,-3.881094999999846,681.9283893650794,680.6001362539682,471758.3,,,0.0,2969.0,3.0,21795.0,0.01626927864730539,-0.2115378125372859,0.1484,0.6115384615384617,0.8226
20250306,682.6648,683.4813,683.8475,677.809,320775.0,-2964.0,447166.0,1.0,-1.0,4375.0,-1093.0,3.0,0.0,22928.0,0.0,678.68738,681.29725,682.42708,-2.609870000000001,-3.739700000000084,681.999640079365,681.2297596507935,478271.5,,0.19682,0.0,3282.0,3.0,22928.0,-0.009240121580547113,-0.1875879400552491,0.1514,0.6692307692307694,0.8065
20250307,681.5322,679.3479,682.7881,678.7855,322680.0,1905.0,419293.0,1.0,-1.0,4884.0,-1081.0,3.0,0.0,26698.0,0.0,680.2604399999999,680.8771300000001,682.9698599999999,-0.616690000000176,-2.709420000000023,681.8562679365081,681.6457679047619,468135.3,,,0.0,3803.0,3.0,26698.0,0.0059036816660468575,-0.1901203285132094,0.1512,0.6653846153846155,0.7742
20250310,683.3572,682.2866,683.999,679.2216,330984.0,8304.0,481535.0,1.0,-1.0,4611.0,-1262.0,3.0,0.0,25062.0,0.0,682.0766,680.47875,683.1383950000001,1.597849999999994,-1.061795000000075,681.842129047619,681.8822619603175,474123.0,,,0.0,3349.0,3.0,25062.0,0.02508882604597201,-0.1657285266408812,0.1453,0.5519230769230772,0.7903
20250311,679.5047,681.8017,682.2817,676.3462,329184.0,-1800.0,415510.0,1.0,-1.0,5166.0,-967.0,3.0,0.0,23803.0,0.0,682.23786,679.72971,682.779035,2.508150000000001,-0.5411750000000666,681.6140950793648,681.9313069206348,475968.7,,,0.0,4199.0,3.0,23803.0,-0.005468066491688539,-0.2080229016993169,0.1359,0.37115384615384606,0.7581
20250312,681.5508,681.1213,682.4019,679.0825,331660.0,2476.0,315375.0,1.0,-1.0,4865.0,-1259.0,3.0,0.0,24048.0,0.0,681.72194,679.7978599999999,682.747635,1.924080000000117,-1.025694999999928,681.4553766666668,681.8802630873015,447566.2,,,0.0,3606.0,3.0,24048.0,0.007465476692998854,-0.1627836954218352,0.1321,0.2980769230769231,0.7258
20250313,686.5874,682.7057,687.6209,680.6221,348132.0,16472.0,375008.0,1.0,-1.0,3090.0,-1748.0,3.0,0.0,26517.0,0.0,682.5064600000001,680.5969200000001,682.806195,1.909539999999993,-0.2997349999999415,681.685364126984,681.8041146269841,435581.2,,,0.0,1342.0,3.0,26517.0,0.0473153861179093,-0.2105401531845858,0.1276,0.21153846153846145,0.7097
20250314,697.1382,687.7204,699.5753,687.5854,369067.0,20935.0,524721.0,1.0,-1.0,2206.0,-2201.0,3.0,0.0,28427.0,0.0,685.62766,682.9440500000001,683.202415,2.683609999999931,2.425245000000018,682.8619023015872,681.8599752936508,438624.8,,0.20085,0.0,5.0,3.0,28427.0,0.05672411784310166,-0.2035943297632059,0.1545,0.7288461538461538,0.6935
20250317,698.0831,698.1948,699.1553,695.2096,376062.0,6995.0,358738.0,1.0,-1.0,2183.0,-1955.0,3.0,0.0,27330.0,0.0,688.57284,685.32472,684.2128150000001,3.248120000000085,4.360024999999951,684.2337832539682,682.1039170555555,418716.0,,,0.0,228.0,3.0,27330.0,0.018600656274763205,-0.1807527287614015,0.1532,0.7038461538461539,0.6774
20250318,702.8568,697.3942,703.3838,696.953,385164.0,9102.0,382587.0,1.0,-1.0,1844.0,-1944.0,3.0,0.0,27443.0,0.0,693.24326,687.74056,685.1799100000001,5.502700000000004,8.0633499999999,685.8546702380952,682.5331618095238,420472.9,,0.21671,0.0,-100.0,3.0,27443.0,0.023631492039754495,-0.2026712679180209,0.1667,0.9634615384615383,0.6935
20250319,709.7088,706.1006,710.744,704.7373,383996.0,-1168.0,406907.0,1.0,-1.0,1956.0,-2101.0,3.0,0.0,28935.0,0.0,698.8748600000001,690.2984,686.224295,8.576460000000111,12.65056500000014,688.1283692063494,683.1531597936507,412684.0,,,0.0,-145.0,3.0,28935.0,-0.0030416983510244897,-0.2067602664305133,0.1627,0.8865384615384617,0.6613
20250320,711.043,708.3675,712.5704,705.6467,383766.0,-230.0,398952.0,0.0,-1.0,1787.0,-1824.0,3.0,0.0,27565.0,0.0,703.7659799999999,693.13622,687.216735,10.62975999999992,16.54924499999993,690.4555192063492,683.9987477063493,407862.6,,,-1.0,-37.0,3.0,27565.0,-0.0005993235461192498,-0.2076179133578856,0.1471,0.5865384615384618,0.7097
20250321,707.6148,710.1858,711.7398,706.5415,382700.0,-1066.0,393849.0,0.0,-1.0,1106.0,-1935.0,3.0,0.0,26490.0,0.0,705.8612999999999,695.7444800000001,688.3108050000001,10.11681999999985,17.55049499999984,692.5122414285713,685.0643450555555,405318.2,,,-1.0,-829.0,3.0,26490.0,-0.0027854716488110794,-0.2017933312963407,0.1426,0.5000000000000001,0.6452
20250324,707.8768,708.7499,709.2534,702.0478,381201.0,-1499.0,429725.0,0.0,-1.0,1235.0,-2404.0,3.0,0.0,26107.0,0.0,707.82004,698.1964399999999,689.337595,9.62360000000001,18.48244499999998,694.3542424603176,686.3155563968254,400137.2,,,-1.0,-1169.0,3.0,26107.0,-0.00393230867704964,-0.2145922617243999,0.1412,0.47307692307692295,0.4194
20250325,707.5462,707.2638,708.5188,704.5797,376131.0,-5070.0,332918.0,0.0,-1.0,1852.0,-975.0,3.0,0.0,24791.0,0.0,708.75792,701.00059,690.36515,7.757330000000024,18.39277000000004,696.1252426190476,687.7666711507936,391878.0,,,-1.0,877.0,3.0,24791.0,-0.01347934629158458,-0.2058683229236748,0.1392,0.43461538461538446,0.4194
20250326,709.8412,707.993,710.8111,707.7269,378280.0,2149.0,336998.0,0.0,-1.0,1881.0,-800.0,3.0,0.0,27947.0,0.0,708.7843999999999,703.82963,691.813745,4.95476999999994,16.97065499999985,697.9606116666668,689.4171946507937,394040.3,,,-1.0,1081.0,3.0,27947.0,0.005680977054034049,-0.2068357190907835,0.1359,0.37115384615384606,0.4032
20250327,711.1898,710.2338,712.044,707.4658,376297.0,-1983.0,325655.0,0.0,-1.0,1180.0,-811.0,3.0,0.0,28593.0,0.0,708.81376,706.28987,693.443395,2.523890000000051,15.37036499999999,699.8106471428569,691.2297229523808,389105.0,,,-1.0,369.0,3.0,28593.0,-0.005269773609675336,-0.2072456417208165,0.134,0.3346153846153848,0.4194
20250328,723.7124,715.37,723.7753,712.8198,390935.0,14638.0,579493.0,0.0,-1.0,1438.0,-745.0,3.0,0.0,33735.0,0.0,712.0332799999999,708.9472900000001,695.94567,3.085989999999811,16.08760999999993,702.4398917460317,693.1875218968254,394582.2,695391.6,0.19851,-1.0,693.0,3.0,33735.0,0.037443564786985045,-0.1891257237898184,0.1527,0.6942307692307693,0.4839
20250331,730.7864,721.9632,733.0166,720.2329,393691.0,2756.0,611248.0,0.0,-1.0,1222.0,-587.0,3.0,0.0,34492.0,0.0,716.6152,712.21762,698.77117,4.397579999999948,17.84402999999998,705.5341141269842,695.3175549841269,419833.2,733497.6,0.21749,-1.0,635.0,3.0,34492.0,0.007000414030292793,-0.1556467843137504,0.1673,0.9750000000000001,0.4516
20250401,737.2311,731.7463,740.7019,727.2039,391754.0,-1937.0,651807.0,0.0,-2.0,535.0,-463.0,3.0,0.0,31975.0,0.0,722.5521799999999,715.6550500000001,701.697805,6.897129999999834,20.85437499999989,709.0940409523812,697.6414920555555,446755.2,782168.4,0.24492,-2.0,72.0,3.0,31975.0,-0.004944429412335292,-0.1659122949333527,0.1884,1.0,0.4516
20250402,734.6321,737.6304,739.3793,732.1582,388988.0,-2766.0,562905.0,0.0,-1.0,1593.0,-183.0,3.0,0.0,31768.0,0.0,727.51036,718.14738,704.22289,9.362979999999993,23.28746999999998,712.444726031746,700.0731277380953,462355.0,675486.0,,-1.0,1410.0,3.0,31768.0,-0.007110759200797968,-0.1610780171633356,0.1817,0.9066852367688021,0.4516
20250403,740.1473,736.8523,748.8642,733.0164,389113.0,125.0,697423.0,1.0,-1.0,2935.0,0.0,3.0,0.0,31420.0,0.0,733.3018599999999,721.05781,707.097015,12.2440499999999,26.20484499999986,715.9281226984127,702.6203880873015,492202.1,836907.6,,0.0,2935.0,3.0,31420.0,0.00032124344342131976,-0.1587060688818874,0.1851,0.9540389972144844,0.4355
20250407,718.8184,703.9063,729.0549,702.8501,365535.0,-23578.0,794192.0,1.0,-1.0,3552.0,-41.0,3.0,0.0,23507.0,0.0,732.3230599999999,722.1781699999999,708.961325,10.14489000000003,23.36173499999995,716.7917715079367,705.0483410952381,532236.4,953030.3999999999,0.26299,0.0,3511.0,3.0,23507.0,-0.06450271519827103,-0.1127623900296534,0.2023,1.0,0.371
20250408,720.2662,719.14,721.1301,711.23,364890.0,-645.0,736948.0,1.0,-1.0,4095.0,0.0,3.0,0.0,23037.0,0.0,730.21902,723.41711,710.806775,6.801910000000021,19.41224499999998,717.8445204761906,707.3973688968254,562958.7,884337.6,,0.0,4095.0,3.0,23037.0,-0.0017676560059195921,-0.1433540678172446,0.1911,0.8644067796610168,0.3226
20250409,729.0588,719.2134,729.3822,717.7496,380609.0,15719.0,701281.0,1.0,-1.0,4414.0,0.0,3.0,0.0,24860.0,0.0,728.58456,725.56837,713.28448,3.016190000000051,15.30007999999998,719.338612936508,709.7187059285714,599795.0,,0.26689,0.0,4414.0,3.0,24860.0,0.041299601428237374,-0.1833454581541059,0.2053,1.0,0.3226
20250410,745.3,729.8202,745.6161,729.6538,392084.0,11475.0,934522.0,0.0,-1.0,3584.0,0.0,3.0,0.0,27791.0,0.0,730.71814,729.11425,716.47194,1.603889999999978,14.24619999999993,722.0109619047618,712.1237409523809,659547.4,1121426.4,0.28587,-1.0,3584.0,3.0,27791.0,0.02926668775058406,-0.1225457545055104,0.2199,1.0,0.3387
20250411,758.1815,743.775,764.2467,741.6644,392896.0,812.0,1008903.0,1.0,-1.0,3732.0,0.0,3.0,0.0,27360.0,0.0,734.3249800000001,733.8134200000001,720.0516449999999,0.5115600000000313,14.2733350000002,725.710361984127,714.713712436508,727872.2,1210683.6,0.33774,0.0,3732.0,3.0,27360.0,0.002066704675028506,-0.0952307790935689,0.2598,1.0,0.3387
20250414,764.4374,763.4787,766.9351,757.9812,408262.0,15366.0,786693.0,0.0,-1.0,3333.0,0.0,3.0,0.0,28057.0,0.0,743.44878,737.8859199999999,723.416605,5.562860000000114,20.03217500000005,730.047234920635,717.4744467539683,748592.2,,0.35282,-1.0,3333.0,3.0,28057.0,0.037637595465656856,-0.1089531179488155,0.2714,1.0,0.3387
20250415,765.2408,760.5369,765.8667,758.4313,414779.0,6517.0,574617.0,0.0,-2.0,3250.0,0.0,3.0,0.0,31636.0,0.0,752.4437,741.3313599999999,726.77449,11.11234000000013,25.66921000000002,734.0091395238096,720.3219492936508,744929.1,,,-2.0,3250.0,3.0,31636.0,0.015711981561265156,-0.1458482529328452,0.2387,0.7726008344923506,0.4032
20250416,782.0627,764.4174,782.8009,763.1745,425285.0,10506.0,596125.0,1.0,-1.0,3108.0,0.0,3.0,0.0,36565.0,0.0,763.0444799999999,745.81452,730.734785,17.22995999999989,32.30969499999992,738.8446856349207,723.2970137619047,739360.9,,,0.0,3108.0,3.0,36565.0,0.024703434167675793,-0.100024888413486,0.2509,0.8574408901251741,0.4516
20250417,790.1794,784.6102,797.5549,782.5689,419978.0,-5307.0,915560.0,1.0,-1.0,3539.0,0.0,3.0,0.0,31686.0,0.0,772.0203600000001,751.36925,734.758315,20.65111000000013,37.26204500000006,744.6198052380952,726.5145216825397,774626.4,,,0.0,3539.0,3.0,31686.0,-0.012636376191133822,-0.1307426969153892,0.2656,0.9596662030598054,0.4839
20250418,791.9755,789.3753,792.8048,779.3631,424019.0,4041.0,766512.0,1.0,-1.0,3255.0,0.0,3.0,0.0,32837.0,0.0,778.77916,756.55207,738.80494,22.22709000000009,39.97422000000006,750.0309501587301,729.9248044285714,781535.3,,0.34606,0.0,3255.0,3.0,32837.0,0.009530233315016545,-0.1311864039619578,0.2662,0.9638386648122393,0.4677
20250421,806.067,790.6977,806.5465,789.2028,436079.0,12060.0,533800.0,0.0,-1.0,3130.0,0.0,3.0,0.0,33704.0,0.0,787.10508,765.27693,743.7275500000001,21.82815000000005,43.37752999999998,756.1148176190477,733.8571090396825,755496.1,,0.39234,-1.0,3130.0,3.0,33704.0,0.02765553947793863,-0.1408541458152111,0.3018,1.0,0.5
20250422,832.8812,810.915,837.4448,809.6179,452612.0,16533.0,1202732.0,1.0,0.0,3238.0,0.0,3.0,0.0,35634.0,0.0,800.63316,776.53843,749.9777700000001,24.09473000000003,50.6553899999999,764.1669011111112,738.4893471031746,802074.5,1443278.4,0.46345,1.0,3238.0,3.0,35634.0,0.036527975396145045,-0.1694826362612712,0.3565,1.0,0.5161
20250423,785.6946,821.9774,830.3139,784.7514,435294.0,-17318.0,1884184.0,1.0,-1.0,4809.0,0.0,3.0,0.0,25824.0,0.0,801.35954,782.2020100000001,753.88519,19.15752999999995,47.47435000000007,769.0684919841273,743.4623350079366,920364.8,2261020.8,,0.0,4809.0,3.0,25824.0,-0.03978460534719063,-0.1603359873827805,0.3152,0.8195718654434251,0.5484
20250424,794.045,788.116,806.4626,775.9504,434230.0,-1064.0,1538162.0,1.0,0.0,5161.0,0.0,2.0,0.0,28308.0,0.0,802.13266,787.0765100000001,758.09538,15.05614999999989,44.03728000000001,772.8900463492065,748.5502434523811,980728.8,1845794.4,,1.0,5161.0,2.0,28308.0,-0.0024503143495382632,-0.1987247975364971,0.3204,0.8422892092616865,0.5484
20250425,789.0646,796.7208,803.2575,784.3863,435422.0,1192.0,1010204.0,1.0,-1.0,5464.0,0.0,3.0,0.0,33432.0,0.0,801.55048,790.16482,761.98912,11.38566000000003,39.56136000000004,776.2536264285714,753.6045698968254,980858.9,,,0.0,5464.0,3.0,33432.0,0.0027375741234939898,-0.1879751608507426,0.3196,0.8387942332896462,0.6129
20250428,781.7883,786.6753,792.2559,779.2207,430861.0,-4561.0,896070.0,1.0,-1.0,5704.0,0.0,3.0,0.0,33086.0,0.0,796.6947400000001,791.89991,764.8929150000001,4.794830000000161,31.80182500000001,778.5209947619048,758.4519458809525,991796.6,,,0.0,5704.0,3.0,33086.0,-0.010585780564961785,-0.1747983024059827,0.281,0.670161642638707,0.5645
20250429,787.0623,784.4614,796.0403,782.3694,426838.0,-4023.0,759488.0,1.0,-1.0,5268.0,0.0,3.0,0.0,31978.0,0.0,787.53096,794.08206,767.70671,-6.551099999999906,19.82425000000001,780.8008915873015,763.1311210873016,1010283.7,,,0.0,5268.0,3.0,31978.0,-0.009425121474657832,-0.1728512842540355,0.2933,0.7238968982088249,0.5484
20250430,782.4587,786.466,790.332,782.1526,413625.0,-13213.0,476468.0,1.0,-1.0,5824.0,0.0,3.0,0.0,32130.0,0.0,786.8837800000001,794.12166,769.9680900000001,-7.237879999999905,16.91569000000004,782.5492380158734,767.5015763253969,998318.0,,,0.0,5824.0,3.0,32130.0,-0.03194439407676035,-0.6997081607180223,0.3173,0.8287461773700308,0.5161
20250506,797.4113,785.7763,801.8235,785.6675,439854.0,26229.0,454824.0,1.0,-1.0,5287.0,0.0,3.0,0.0,37379.0,0.0,787.55704,794.8448500000001,773.10705,-7.287810000000036,14.44999000000007,784.9500147619048,771.5345972777778,952244.4,,,0.0,5287.0,3.0,37379.0,0.05963115033624794,-0.211198913397566,0.2526,0.54608999563128,0.6613
20250507,804.0545,802.5235,809.5961,796.0347,445982.0,6128.0,746085.0,1.0,-1.0,6292.0,0.0,3.0,0.0,44094.0,0.0,790.55502,796.0527500000001,776.30241,-5.497730000000047,14.25261,788.0978595238097,775.3412882142859,950201.7,,,0.0,6292.0,3.0,44094.0,0.013740464861810566,-0.2282729293416207,0.2416,0.49803407601572747,0.6452
20250508,791.6224,803.327,810.3173,789.5355,455570.0,9588.0,881973.0,1.0,0.0,7508.0,0.0,3.0,0.0,42923.0,0.0,792.52184,794.60829,779.94261,-2.086450000000013,12.57923000000005,790.0024357142856,778.7300500238096,985019.0,,,1.0,7508.0,3.0,42923.0,0.02104616195096253,-0.2000116336572844,0.2412,0.4962865880297073,0.629
20250509,789.24,796.7955,798.0029,778.0019,453575.0,-1995.0,939445.0,2.0,0.0,9694.0,0.0,3.0,0.0,43533.0,0.0,792.9573800000001,790.2441699999999,783.3913,2.713210000000117,9.566080000000056,791.0414843650794,781.4175083492064,958690.3,,,2.0,9694.0,3.0,43533.0,-0.004398390563853828,0.0104947930057998,0.2355,0.47138488422892094,0.6129
20250512,773.1935,790.8943,793.3083,768.5181,449764.0,-3811.0,830729.0,1.0,0.0,8923.0,0.0,3.0,0.0,41071.0,0.0,791.10434,788.99406,785.5980350000001,2.110279999999989,5.506304999999884,790.6379469047621,783.5744538412698,853344.8,,,1.0,8923.0,3.0,41071.0,-0.008473332681139442,-0.0971212800275946,0.2292,0.4438619484491044,0.6613
20250513,768.5545,762.3366,769.3958,757.0807,453027.0,3263.0,833060.0,1.0,0.0,4648.0,0.0,3.0,0.0,42805.0,0.0,785.3329799999999,786.44501,786.7607599999999,-1.112030000000118,-1.427779999999984,788.7861570634918,785.1640649126984,782834.6,,,1.0,4648.0,3.0,42805.0,0.007202661210038254,-0.2578865663124559,0.2276,0.43687199650502406,0.6613
20250514,762.6203,765.1128,769.0374,761.6912,453027.0,0.0,625512.0,1.0,0.0,7139.0,0.0,3.0,0.0,42360.0,0.0,777.0461399999999,783.80058,786.9827,-6.754440000000045,-9.9365600000001,786.6586238888891,786.2045646587302,744365.4,,,1.0,7139.0,3.0,42360.0,0.0,-0.145779176194236,0.211,0.36435124508519007,0.7258
20250515,740.6023,751.3198,753.5133,733.5993,440526.0,-12501.0,997266.0,2.0,0.0,9543.0,0.0,3.0,0.0,34055.0,0.0,766.84212,779.6819800000001,785.790945,-12.83986000000004,-18.94882499999994,782.5502422222223,786.607489404762,754485.0,1196719.2,,2.0,9543.0,3.0,34055.0,-0.028377439697089387,0.2736672572042359,0.2092,0.35648754914809966,0.629
20250516,752.7949,748.4245,759.9222,747.4779,437334.0,-3192.0,690123.0,1.0,0.0,7669.0,0.0,3.0,0.0,37408.0,0.0,759.5530999999999,776.2552400000001,785.16865,-16.70214000000021,-25.6155500000001,779.2871525396826,786.4561155,747548.5,,,1.0,7669.0,3.0,37408.0,-0.007298769361632071,-0.2184486586216834,0.211,0.36435124508519007,0.629
20250519,756.9221,744.7446,761.8853,744.1173,436883.0,-451.0,562168.0,1.0,-1.0,7289.0,0.0,3.0,0.0,36632.0,0.0,756.29882,773.70158,783.9116200000001,-17.40276000000006,-27.61280000000011,776.2517912698411,785.8263708253969,756118.5,,0.27547,0.0,7289.0,3.0,36632.0,-0.0010323129991324908,-0.2153368504193837,0.2119,0.36828309305373536,0.6129
20250520,755.3943,757.8902,760.4922,754.213,441032.0,4149.0,437670.0,1.0,-1.0,6507.0,0.0,3.0,0.0,36322.0,0.0,753.66678,769.49988,782.172365,-15.83309999999994,-28.505585,773.6604973809523,784.6974190873017,754403.1,,,0.0,6507.0,3.0,36322.0,0.009407480636325708,-0.2195202369482782,0.208,0.35124508519003933,0.6129
20250521,779.7526,761.3874,780.079,759.6764,457526.0,16494.0,667314.0,1.0,-1.0,5673.0,0.0,3.0,0.0,41926.0,0.0,757.09324,767.06969,781.56122,-9.97645,-24.46798000000001,772.7259219841272,783.1602253333333,746526.0,,0.29523,0.0,5673.0,3.0,41926.0,0.03605041024990929,-0.2142767869622279,0.2271,0.4346876365224989,0.2258
20250522,781.2493,775.8114,786.3399,774.7087,460078.0,2552.0,522424.0,1.0,0.0,6123.0,0.0,3.0,0.0,44582.0,0.0,765.2226400000001,766.03238,780.320335,-0.8097399999999197,-15.09769499999993,772.4908711111111,781.4090688730159,710571.1,,,1.0,6123.0,3.0,44582.0,0.005546885528106104,-0.2272781997292688,0.223,0.416775884665793,0.2742
20250523,781.3198,776.6299,781.6928,771.2089,455905.0,-4173.0,566855.0,1.0,-1.0,6151.0,0.0,3.0,0.0,44216.0,0.0,770.9276199999999,765.24036,777.742265,5.687259999999924,-6.814645000000041,772.5581735714285,779.5607377936508,673312.1,,,0.0,6151.0,3.0,44216.0,-0.009153222710871782,-0.2268988891337704,0.22,0.4036697247706423,0.2419
20250526,778.5427,785.6128,787.878,778.353,452151.0,-3754.0,527688.0,1.0,-1.0,6084.0,0.0,3.0,0.0,41949.0,0.0,775.2517399999999,765.7752800000001,777.3846699999999,9.47645999999986,-2.132929999999988,772.7264664285713,777.7695897460318,643008.0,,,0.0,6084.0,3.0,41949.0,-0.00830253609966582,-0.2218057698247322,0.2132,0.3739624290083006,0.2097
20250527,772.9936,779.7886,782.2295,771.9132,439345.0,-12806.0,411812.0,1.0,-1.0,6551.0,0.0,3.0,0.0,42439.0,0.0,778.7716,766.21919,776.3321000000001,12.55241000000001,2.439499999999953,772.4948656349208,776.1404606031746,600883.2,,,0.0,6551.0,3.0,42439.0,-0.029147936132196794,-0.2326245345435116,0.1911,0.2774137177806903,0.2419
20250528,773.7624,770.6426,775.2411,768.7926,433746.0,-5599.0,377714.0,1.0,-1.0,5853.0,0.0,3.0,0.0,43569.0,0.0,777.57356,767.3334,775.56699,10.24016000000006,2.006570000000011,772.1426876984126,774.688866984127,576103.4,,,0.0,5853.0,3.0,43569.0,-0.012908476389407626,-0.2287640924797249,0.1897,0.27129750982962,0.1774
20250529,765.9533,774.3551,775.2089,761.0332,425717.0,-8029.0,443644.0,1.0,-1.0,5723.0,0.0,3.0,0.0,44163.0,0.0,774.5143599999999,769.8684999999999,774.7752399999999,4.645859999999971,-0.2608800000000429,771.3539606349208,773.5692388253968,520741.2,,,0.0,5723.0,3.0,44163.0,-0.018859946866110585,-0.2277596686488642,0.1803,0.23023154215814765,0.1935
20250530,773.3612,774.8372,777.7013,770.2974,409146.0,-16571.0,407322.0,1.0,-1.0,5356.0,0.0,3.0,0.0,43281.0,0.0,772.92264,771.92513,774.090185,0.9975100000000339,-1.167545000000018,771.2725057936508,772.7677741507937,492461.1,,,0.0,5356.0,3.0,43281.0,-0.0405014346956832,-0.2174789657294548,0.1821,0.2380952380952382,0.2581
20250603,784.7515,791.3246,791.5502,783.3236,415286.0,6140.0,234225.0,1.0,-1.0,6104.0,0.0,3.0,0.0,43835.0,0.0,774.1644,774.70807,774.204825,-0.5436700000000201,-0.04042500000002747,772.3947241269842,772.382067436508,459666.8,,,0.0,6104.0,3.0,43835.0,0.014784991547993431,-0.2292805629895735,0.1874,0.2612494539100045,0.3226
20250604,784.2531,785.4832,787.4585,779.3677,421467.0,6181.0,363952.0,1.0,-1.0,5939.0,0.0,3.0,0.0,44426.0,0.0,776.4163,777.5939500000001,773.546915,-1.177650000000085,2.869384999999966,773.3260325396826,772.348620952381,452295.0,,,0.0,5939.0,3.0,44426.0,0.014665442371526121,-0.227490043236854,0.1822,0.23853211009174316,0.3387
20250605,785.4847,784.3463,789.6785,782.6195,425518.0,4051.0,352146.0,1.0,-1.0,6232.0,0.0,3.0,0.0,45119.0,0.0,778.7607599999999,778.1671600000001,772.618425,0.5935999999998103,6.142334999999889,774.5063536507937,772.5266641190476,420778.2,,,0.0,6232.0,3.0,45119.0,0.009520161309274813,-0.2268916752821578,0.1777,0.21887287024901708,0.4194
20250606,785.0438,787.744,788.6955,778.618,421700.0,-3818.0,489574.0,1.0,-1.0,4905.0,0.0,3.0,0.0,44470.0,0.0,782.57886,778.54661,772.289495,4.032249999999976,10.28936499999998,775.6447683333333,772.8420538412698,417493.2,,,0.0,4905.0,3.0,44470.0,-0.0090538297367797,-0.2253018803790338,0.1793,0.22586282219309742,0.4839
20250609,776.4845,783.4313,784.7042,768.9994,418985.0,-2715.0,454510.0,1.0,-1.0,6110.0,0.0,3.0,0.0,45213.0,0.0,783.20352,778.06308,771.6517200000001,5.140440000000012,11.55179999999996,776.1730914285714,773.2035456269841,406258.7,,,0.0,6110.0,3.0,45213.0,-0.006479945582777426,-0.2359321470036327,0.1711,0.1900393184796855,0.5484
20250610,776.8582,775.8329,778.2129,771.2915,419572.0,587.0,326479.0,1.0,-1.0,6848.0,0.0,3.0,0.0,44100.0,0.0,781.62486,777.89463,771.834955,3.730230000000006,9.789904999999976,776.5738867460318,773.5882876587302,386137.8,,,0.0,6848.0,3.0,44100.0,0.0013990447408311327,-0.2025723561847713,0.1688,0.17999126256006998,0.5645
20250611,779.4198,778.9257,781.4034,775.9893,421975.0,2403.0,314100.0,1.0,-1.0,7046.0,0.0,3.0,0.0,45796.0,0.0,780.6582000000001,778.53725,772.37822,2.120950000000107,8.279980000000023,777.2231356349206,774.0611146587302,376366.6,,,0.0,7046.0,3.0,45796.0,0.005694650156999822,-0.2316929813321678,0.1626,0.15290519877675843,0.5968
20250612,787.0101,779.0898,788.241,776.7722,434422.0,12447.0,427902.0,1.0,-1.0,6768.0,0.0,3.0,0.0,51287.0,0.0,780.96328,779.86202,773.59771,1.101260000000025,7.365570000000048,778.436470079365,774.6904928968254,381385.4,,,0.0,6768.0,3.0,51287.0,0.02865186385588207,-0.2388869318843223,0.1691,0.15775280898876404,0.2581
20250613,796.3463,788.8556,802.8955,787.1144,444849.0,10427.0,574422.0,1.0,-1.0,7292.0,0.0,3.0,0.0,53156.0,0.0,783.22378,782.90132,776.38491,0.3224599999999782,6.838870000000043,780.3195420634919,775.5870510396825,394463.2,689306.4,0.24063,0.0,7292.0,3.0,53156.0,0.02343941427315786,-0.1936124350677455,0.1851,0.22966292134831454,0.2903
20250616,794.2467,800.0347,802.1344,793.1349,447617.0,2768.0,435249.0,1.0,-1.0,7399.0,0.0,3.0,0.0,52153.0,0.0,786.77622,784.98987,778.4575000000001,1.78634999999997,8.318719999999871,782.2972392063492,776.6895243809524,397255.9,,0.24141,0.0,7399.0,3.0,52153.0,0.00618385807509545,-0.211797350036831,0.1857,0.23235955056179777,0.3387
20250617,787.3755,794.8742,794.8742,784.5803,441336.0,-6281.0,382104.0,1.0,-1.0,6761.0,0.0,3.0,0.0,49156.0,0.0,788.87968,785.25227,779.98017,3.627410000000054,8.899509999999964,783.3604607936508,777.786098047619,412043.8,,,0.0,6761.0,3.0,49156.0,-0.014231787119111062,-0.2009287575868231,0.1729,0.17483146067415728,0.3548
20250618,787.5374,787.6539,789.5294,783.7579,427803.0,-13533.0,317247.0,1.0,-1.0,6445.0,0.0,3.0,0.0,48343.0,0.0,790.5032,785.5807,781.587325,4.922500000000014,8.915875000000028,783.9892580952381,778.8524206031746,407373.3,,,0.0,6445.0,3.0,48343.0,-0.031633719258630726,-0.1968751311403635,0.1785,0.19999999999999996,0.3871
20250619,783.4289,788.4005,791.0428,781.4816,423802.0,-4001.0,377230.0,1.0,-1.0,6800.0,0.0,3.0,0.0,47508.0,0.0,789.78696,785.3751199999999,781.7711400000001,4.411840000000097,8.015819999999962,784.3911993650796,779.8409051746032,409881.7,,,0.0,6800.0,3.0,47508.0,-0.009440729397218512,-0.1876662495687002,0.1787,0.20089887640449436,0.371
20250620,780.5919,785.4332,787.0857,779.2178,420559.0,-3243.0,303872.0,1.0,-1.0,7018.0,0.0,3.0,0.0,45823.0,0.0,786.63608,784.92993,781.73827,1.70614999999998,4.897809999999936,784.4448185714286,780.7209101984128,391311.5,,,0.0,7018.0,3.0,45823.0,-0.007711165377509458,-0.1724090266784091,0.1754,0.18606741573033705,0.4839
20250623,783.4197,779.7263,786.417,778.6733,417870.0,-2689.0,333932.0,1.0,-1.0,6144.0,0.0,3.0,0.0,46644.0,0.0,784.4706800000001,785.6234499999999,781.8432650000001,-1.152769999999805,2.627415000000042,784.4587072222223,781.5494717777777,379253.7,,,0.0,6144.0,3.0,46644.0,-0.0064350156747313755,-0.2179623440160156,0.1695,0.15955056179775284,0.5645
20250624,774.0098,784.2435,789.8698,771.7631,414885.0,-2985.0,500362.0,1.0,0.0,8108.0,0.0,3.0,0.0,45834.0,0.0,781.79754,785.33861,781.61662,-3.541069999999991,0.1809200000000146,784.0794655555557,782.3000296587303,396642.0,600434.4,,1.0,8108.0,3.0,45834.0,-0.0071947648143461445,-0.2012830945432296,0.1642,0.13573033707865173,0.629
20250625,776.0495,772.5862,776.4608,767.1295,416417.0,1532.0,349915.0,1.0,-1.0,5856.0,0.0,3.0,0.0,44493.0,0.0,779.49996,785.0015799999999,781.769415,-5.501619999999889,-2.269454999999994,783.2889526190476,782.9066113571429,400223.5,,,0.0,5856.0,3.0,44493.0,0.0036790044594721158,-0.2062421071565216,0.157,0.10337078651685391,0.629
20250626,777.5876,774.1445,777.6441,772.4166,412622.0,-3795.0,289317.0,1.0,-1.0,5743.0,0.0,3.0,0.0,43724.0,0.0,778.3317,784.05933,781.960675,-5.72763000000009,-3.628975000000082,782.7282937301587,783.3357937222223,386365.0,,,0.0,5743.0,3.0,43724.0,-0.009197279834812493,-0.2153591132869485,0.1542,0.00736015701668303,0.629
20250627,768.8885,774.6972,777.0683,767.4513,414118.0,1496.0,380644.0,1.0,-1.0,7059.0,0.0,3.0,0.0,43752.0,0.0,775.99102,781.3135500000001,782.107435,-5.322530000000029,-6.116414999999961,781.5999800000001,783.4638375158731,366987.2,,,0.0,7059.0,3.0,43752.0,0.003612496921167397,-0.2077082629387214,0.1606,0.03163618388531878,0.6129
20250630,767.8898,764.4639,768.8967,760.9822,410807.0,-3311.0,398616.0,1.0,-1.0,5685.0,0.0,3.0,0.0,43972.0,0.0,772.8850399999999,778.67786,781.833865,-5.79282000000012,-8.948825000000056,780.0304524603175,783.2371588412699,363323.9,,0.21788,0.0,5685.0,3.0,43972.0,-0.008059745817378963,-0.1811442033764007,0.1676,0.0662382600098863,0.6613
20250701,776.4447,766.578,776.9433,765.7803,413874.0,3067.0,279557.0,1.0,-1.0,5039.0,0.0,3.0,0.0,45887.0,0.0,773.37202,777.58478,781.418525,-4.212760000000003,-8.046505000000025,779.2493105555556,782.8260438174605,353069.2,,0.2197,0.0,5039.0,3.0,45887.0,0.00741046792018827,-0.2143283487497657,0.169,0.07315867523479985,0.6935
20250702,776.4461,781.052,781.3472,775.4925,410431.0,-3443.0,303806.0,1.0,-1.0,5022.0,0.0,3.0,0.0,46678.0,0.0,773.45134,776.4756500000001,781.028175,-3.024310000000128,-7.576835000000074,778.8946541269842,782.316583420635,351725.1,,,0.0,5022.0,3.0,46678.0,-0.008388742565741866,-0.2224824458517773,0.1687,0.07167572911517542,0.7097
20250703,781.6367,779.3507,782.5804,776.7224,413787.0,3356.0,267541.0,1.0,-1.0,5049.0,0.0,3.0,0.0,44800.0,0.0,774.26116,776.2964300000001,780.835775,-2.035270000000082,-6.574614999999994,778.8565562698412,781.7631191111111,340756.2,,0.22204,0.0,5049.0,3.0,44800.0,0.00811045296251453,-0.2447078372847281,0.1708,0.08205635195254575,0.7742
20250704,777.5033,774.6545,778.237,773.9973,409733.0,-4054.0,296654.0,1.0,-1.0,5391.0,0.0,3.0,0.0,48233.0,0.0,775.9841200000001,775.98757,780.45875,-0.003449999999929787,-4.474629999999934,778.4819414285714,781.1668313968255,340034.4,,,0.0,5391.0,3.0,48233.0,-0.00989424820553873,-0.2273974211767712,0.1666,0.06129510627780522,0.8226
20250707,771.8711,775.9507,777.59,769.919,399160.0,-10573.0,265726.0,2.0,0.0,7663.0,0.0,3.0,0.0,46700.0,0.0,776.78038,774.83271,780.2280800000001,1.947670000000016,-3.447700000000054,777.7665815079366,780.4976188253969,333213.8,,,2.0,7663.0,3.0,46700.0,-0.026488125062631526,-0.190683667273896,0.162,0.03855659911023234,0.8387
20250708,776.8669,772.1343,777.5078,772.1343,398704.0,-456.0,245161.0,1.0,0.0,6708.0,0.0,3.0,0.0,44851.0,0.0,776.86482,775.11842,780.228515,1.746399999999994,-3.363695000000007,777.2870779365082,779.8183800634922,307693.7,,,1.0,6708.0,3.0,44851.0,-0.0011437056061639713,-0.210163897949302,0.1596,0.02669303015323771,0.871
20250709,767.301,775.6595,775.869,765.8288,396422.0,-2282.0,439015.0,2.0,0.0,8249.0,0.0,3.0,0.0,38433.0,0.0,775.0358,774.24357,779.622575,0.7922300000000178,-4.586774999999989,776.2985676984126,779.1193415714285,316603.7,526818.0,,2.0,8249.0,3.0,38433.0,-0.005756491819323852,-0.1788121829663394,0.1577,0.017301038062283756,0.871
20250710,773.7784,768.3525,774.5034,767.6213,395428.0,-994.0,265566.0,1.0,-1.0,7008.0,0.0,3.0,0.0,40682.0,0.0,773.46414,773.8626499999999,778.96099,-0.3985099999998738,-5.496849999999995,775.5370681746032,778.400219015873,314228.6,,,0.0,7008.0,3.0,40682.0,-0.0025137319562600524,-0.1862456063257784,0.1531,0.0,0.871
20250711,774.1617,773.4772,776.3256,771.0169,391400.0,-4028.0,290151.0,2.0,0.0,7502.0,0.0,3.0,0.0,41441.0,0.0,772.7958199999999,774.38997,777.8517599999999,-1.594150000000013,-5.055939999999964,775.0835177777774,777.7485727936507,305179.3,,,2.0,7502.0,3.0,41441.0,-0.01029126213592233,-0.1917374577135139,0.1549,0.008849557522123876,0.9677
20250714,782.0586,778.2521,782.084,776.7871,397439.0,6039.0,330964.0,1.0,-1.0,6639.0,0.0,3.0,0.0,44843.0,0.0,774.83332,775.8068499999999,777.242355,-0.9735299999999825,-2.409035000000017,775.3629680158731,777.2818243492063,298414.1,,0.21658,0.0,6639.0,3.0,44843.0,0.015194784608455638,-0.1926870209832217,0.1666,0.06637168141592914,0.9677
20250715,781.0903,777.7327,782.143,776.5803,404570.0,7131.0,288375.0,1.0,0.0,6534.0,0.0,3.0,0.0,45573.0,0.0,775.678,776.27141,776.928095,-0.5934099999999489,-1.250094999999988,775.5970907936509,776.9166023730158,299295.9,,,1.0,6534.0,3.0,45573.0,0.017626121561163704,-0.2845006061460267,0.1634,0.05063913470993106,0.9677
20250716,777.3039,778.8422,779.9691,774.5929,404778.0,208.0,330355.0,1.0,0.0,6884.0,0.0,3.0,0.0,46232.0,0.0,777.67858,776.35719,776.41642,1.321390000000065,1.262159999999994,775.669813095238,776.5941182698413,301950.8,,,1.0,6884.0,3.0,46232.0,0.0005138619193730884,-0.2217864479685481,0.1561,0.014749262536873035,0.9516
20250717,777.1203,776.584,783.4939,774.405,410244.0,5466.0,488279.0,1.0,-1.0,6906.0,0.0,3.0,0.0,47232.0,0.0,778.34696,775.90555,776.10099,2.441410000000019,2.245969999999943,775.8018313492064,776.2886457777779,324024.6,585934.7999999999,,0.0,6906.0,3.0,47232.0,0.01332377804428584,-0.2222348240601491,0.1547,0.00786627335299897,0.9677
20250718,777.9288,773.1152,778.3863,772.9497,408582.0,-1662.0,274917.0,1.0,-1.0,6972.0,0.0,3.0,0.0,48046.0,0.0,779.10038,775.9481,775.967835,3.152280000000019,3.132544999999936,775.8295828571428,776.0234099206349,321850.9,,,0.0,6972.0,3.0,48046.0,-0.004067726918953845,-0.23406051592905,0.1553,0.01081612586037355,0.9839
20250721,782.6744,780.7536,783.5391,778.9197,420494.0,11912.0,289963.0,1.0,-1.0,6197.0,0.0,3.0,0.0,49744.0,0.0,779.22354,777.0284300000001,775.93057,2.195109999999886,3.292969999999968,776.4471998412698,775.8914717539683,324274.6,,,0.0,6197.0,3.0,49744.0,0.028328584950082523,-0.2377183785655278,0.1507,0.0,0.9677
20250722,785.8328,785.801,787.1985,785.4913,429556.0,9062.0,289761.0,1.0,-1.0,6396.0,0.0,3.0,0.0,50686.0,0.0,780.17204,777.92502,776.52172,2.24702000000002,3.650320000000079,777.4351261904764,775.906276579365,328734.6,,,0.0,6396.0,3.0,50686.0,0.021096201659387834,-0.2309967243114289,0.151,0.0017678255745432804,0.9677
20250723,794.0121,789.4841,794.9803,788.6232,441661.0,12105.0,372306.0,1.0,-1.0,5316.0,0.0,3.0,0.0,56416.0,0.0,783.51368,780.5961300000001,777.41985,2.917549999999892,6.093830000000025,778.9801762698411,776.1744374365079,322063.7,,0.22074,0.0,5316.0,3.0,56416.0,0.02740789881832446,-0.2419205851011659,0.1698,0.11308466548253408,0.9677
20250724,780.1118,792.5124,792.5124,778.9446,424335.0,-17326.0,437647.0,2.0,0.0,7505.0,0.0,3.0,0.0,52242.0,0.0,784.11198,781.22947,777.54606,2.882510000000025,6.565920000000006,779.6940926984128,776.5901398888889,339271.8,525176.4,,2.0,7505.0,3.0,52242.0,-0.04083094724686863,-0.2506246872172247,0.1593,0.051620648259303695,0.9677
20250725,778.6715,776.4264,780.591,775.7726,421757.0,-2578.0,232737.0,2.0,0.0,6982.0,0.0,3.0,0.0,49966.0,0.0,784.26052,781.6804500000001,778.03521,2.580069999999978,6.225310000000036,779.769686031746,777.0587567142857,333530.4,,,2.0,6982.0,3.0,49966.0,-0.006112524510559398,-0.2471216908913483,0.1518,0.0066026410564225075,0.9677
20250728,776.3532,774.553,777.2681,772.0626,419354.0,-2403.0,330092.0,2.0,0.0,9749.0,0.0,3.0,0.0,48589.0,0.0,782.9962800000001,781.10991,778.45838,1.886370000000056,4.537900000000036,779.5076411111113,777.4732240238095,333443.2,,,2.0,9749.0,3.0,48589.0,-0.005730242229715229,-0.2545369542978927,0.1475,0.0,0.9677
20250729,773.0297,774.3934,774.813,769.2661,420928.0,1574.0,275105.0,2.0,0.0,9759.0,0.0,3.0,0.0,46118.0,0.0,780.43566,780.30385,778.28763,0.1318099999999731,2.148029999999949,779.0217530952382,777.8156902539683,332116.2,,,2.0,9759.0,3.0,46118.0,0.0037393568496274896,-0.2567287147110569,0.1391,0.0,0.9677
20250730,775.2481,773.9036,776.5713,772.4318,424176.0,3248.0,254236.0,2.0,0.0,9489.0,0.0,3.0,0.0,47382.0,0.0,776.6828600000001,780.09827,778.2277300000001,-3.415409999999838,-1.544869999999946,778.7129234920635,778.1200012936508,324504.3,,,2.0,9489.0,3.0,47382.0,0.007657198898570404,-0.2623798279764857,0.1355,0.0,0.9839
20250731,771.7836,773.0195,773.9155,768.4389,429762.0,5586.0,324304.0,2.0,0.0,8801.0,0.0,3.0,0.0,44395.0,0.0,775.01722,779.5646,777.7350749999999,-4.547380000000089,-2.717854999999986,778.1567056349207,778.3554887222223,308106.8,,,2.0,8801.0,3.0,44395.0,0.012997891856422857,-0.2701986589634708,0.1321,0.0,0.9839
20250801,772.2781,773.5976,774.6406,770.095,431648.0,1886.0,226358.0,2.0,0.0,8940.0,0.0,3.0,0.0,46443.0,0.0,773.7385400000001,778.99953,777.4738150000001,-5.260989999999993,-3.735275000000001,777.6777553968257,778.5403059761906,303250.9,,,2.0,8940.0,3.0,46443.0,0.004369300911854103,-0.2596999456997121,0.1305,0.0,0.9839
20250804,783.0701,779.6766,783.336,779.6766,435113.0,3465.0,347159.0,1.0,0.0,8421.0,0.0,3.0,0.0,51622.0,0.0,775.08192,779.0391,778.0337649999999,-3.957179999999994,-2.951844999999935,778.094900873016,778.7050760793652,308970.5,,,1.0,8421.0,3.0,51622.0,0.007963448575427533,-0.2582781992199364,0.1351,0.046605876393110375,0.9839
20250805,784.1608,783.8165,787.7734,783.8165,437776.0,2663.0,240829.0,1.0,-1.0,8751.0,0.0,3.0,0.0,54134.0,0.0,777.30814,778.8719,778.39846,-1.563760000000002,-1.09032000000002,778.787451269841,778.8403085873017,304077.3,,,0.0,8751.0,3.0,54134.0,0.006083019626475641,-0.2564045145382573,0.1318,0.013388259526261543,0.9839
20250806,785.3583,784.8584,787.4153,784.2999,433180.0,-4596.0,239517.0,2.0,0.0,9276.0,0.0,3.0,0.0,52638.0,0.0,779.3301799999999,778.00652,779.301325,1.323659999999904,0.0288549999999077,779.4384084126984,778.8861318015873,290798.4,,,2.0,9276.0,3.0,52638.0,-0.010609908121335242,-0.2494111634788143,0.1307,0.0020703933747412604,0.9677
20250807,786.7034,784.2581,787.1791,782.7774,437950.0,4770.0,234653.0,1.0,-1.0,8879.0,0.0,3.0,0.0,51710.0,0.0,782.3141400000001,778.66568,779.9475749999999,3.648460000000114,2.366565000000151,780.0789420634921,778.9246167380953,270499.0,,0.17992,0.0,8879.0,3.0,51710.0,0.010891654298435895,-0.2471877089240472,0.1384,0.08178053830227734,0.9677
20250808,789.4237,785.8859,790.1906,785.2008,441940.0,3990.0,325380.0,1.0,-1.0,8458.0,0.0,3.0,0.0,53174.0,0.0,785.74326,779.7409,780.710675,6.002359999999953,5.032584999999926,780.8721726190477,779.0348653968255,279763.3,,0.18447,0.0,8458.0,3.0,53174.0,0.009028374892519347,-0.2514819184037956,0.1419,0.11801242236024839,0.9677
20250811,781.2309,788.6682,790.5665,780.5563,432011.0,-9929.0,356605.0,1.0,0.0,10936.0,0.0,3.0,0.0,50067.0,0.0,785.3754200000001,780.2286700000001,780.66929,5.146749999999997,4.70613000000003,781.2404273809523,779.2081440238096,282414.6,427926.0,,1.0,10936.0,3.0,50067.0,-0.022983211075643908,-0.2371929147561675,0.1264,0.0,0.9677
20250812,777.8322,779.9891,780.5631,777.3741,425362.0,-6649.0,243682.0,2.0,0.0,10359.0,0.0,3.0,0.0,47573.0,0.0,784.1097,780.70892,780.506385,3.400779999999941,3.603314999999952,781.0577868253969,779.4117473968254,279272.3,,,2.0,10359.0,3.0,47573.0,-0.01563139161467174,-0.2323227757540635,0.1248,0.0,0.9677
20250813,779.4632,778.8246,779.5182,775.7242,424839.0,-523.0,268832.0,1.0,-1.0,9503.0,0.0,3.0,0.0,45474.0,0.0,782.93068,781.13043,780.6143500000001,1.800250000000005,2.316329999999994,780.8776861111111,779.6282236587301,280731.9,,,0.0,9503.0,3.0,45474.0,-0.001231054587737943,-0.2602975687310579,0.116,0.0,0.9677
20250814,780.464,779.4375,782.2475,778.92,423680.0,-1159.0,188176.0,1.0,-1.0,8489.0,0.0,3.0,0.0,44573.0,0.0,781.6827999999999,781.99847,780.781535,-0.3156700000000683,0.9012649999999667,780.8616649999998,779.898719595238,267119.1,,,0.0,8489.0,3.0,44573.0,-0.0027355551359516616,-0.2286419676133202,0.1141,0.0,0.9516
20250815,777.6328,778.8251,779.13,775.2753,423578.0,-102.0,208079.0,1.0,-1.0,7523.0,0.0,3.0,0.0,44567.0,0.0,779.3246200000001,782.53394,780.7667349999999,-3.209319999999934,-1.442114999999831,780.5422665079363,780.185170706349,265291.2,,,0.0,7523.0,3.0,44567.0,-0.0002408057075674374,-0.1900807512059515,0.1175,0.03210576015108593,0.9516
20250818,779.47,777.5624,779.6623,776.4563,422107.0,-1471.0,163224.0,1.0,0.0,8766.0,0.0,3.0,0.0,45366.0,0.0,778.97244,782.17393,780.6065150000001,-3.201490000000035,-1.634075000000053,780.3500119841269,780.4106818174603,246897.7,,,1.0,8766.0,3.0,45366.0,-0.0034848983788470698,-0.2212260078658132,0.113,0.0,0.9355
20250819,776.9855,778.7675,778.9179,775.8195,411753.0,-10354.0,163691.0,2.0,0.0,9175.0,0.0,3.0,0.0,44186.0,0.0,778.8031,781.4563999999999,780.16415,-2.653299999999945,-1.361049999999977,780.0338900793653,780.5353256984126,239183.9,,,2.0,9175.0,3.0,44186.0,-0.02514614344036352,-0.2172528846881443,0.1102,0.0,0.9516
20250820,774.4901,776.7723,777.3984,772.3099,412307.0,554.0,210683.0,2.0,0.0,8871.0,0.0,3.0,0.0,45511.0,0.0,777.80848,780.3695799999999,779.18805,-2.561099999999897,-1.379569999999944,779.6111433333333,780.5525991904763,236300.5,,,2.0,8871.0,3.0,45511.0,0.0013436589725617076,-0.2002577385860307,0.1085,0.0,1.0
20250821,776.9273,778.0375,779.3096,776.1721,404792.0,-7515.0,165742.0,1.0,0.0,8832.0,0.0,3.0,0.0,47036.0,0.0,777.10114,779.39197,779.028825,-2.290830000000028,-1.927684999999997,779.4160984920634,780.4863148333333,229409.4,,,1.0,8832.0,3.0,47036.0,-0.018565090219174293,-0.2018186017349384,0.1098,0.016476552598225544,0.9355
20250822,775.3377,777.9442,779.052,774.7427,409002.0,4210.0,184521.0,2.0,0.0,9403.0,0.0,3.0,0.0,46273.0,0.0,776.64212,777.98337,778.8621350000001,-1.341250000000059,-2.220015000000103,779.1454198412698,780.3136395555555,215323.5,,0.14768,2.0,9403.0,3.0,46273.0,0.010293348198786315,-0.2206576799002146,0.1136,0.06463878326996206,0.9355
20250825,781.1828,774.851,783.7917,774.2742,415050.0,6048.0,310940.0,2.0,0.0,9186.0,0.0,3.0,0.0,49234.0,0.0,776.98468,777.9785599999999,779.103615,-0.9938799999998764,-2.118934999999965,779.1957555555556,780.1091723730158,210757.0,373128.0,0.14989,2.0,9186.0,3.0,49234.0,0.014571738344777738,-0.2142280941916586,0.1153,0.0861850443599493,0.9516
20250826,783.2789,780.3907,784.3855,780.2973,416040.0,990.0,176594.0,1.0,-1.0,7869.0,0.0,3.0,0.0,50971.0,0.0,778.24336,778.52323,779.616075,-0.2798699999999599,-1.372714999999971,779.4995709523811,779.9533507857143,204048.2,,,0.0,7869.0,3.0,50971.0,0.002379578886645515,-0.2212385338385968,0.1147,0.0803108808290155,0.9355
20250827,783.2735,782.9605,785.2884,782.1099,408902.0,-7138.0,192052.0,1.0,-1.0,8549.0,0.0,3.0,0.0,48379.0,0.0,780.00004,778.90426,780.017345,1.095779999999991,-0.01730499999996482,779.8855452380953,779.8541366984127,196370.2,,,0.0,8549.0,3.0,48379.0,-0.017456505470748493,-0.219076571575441,0.1121,0.04663212435233168,0.9355
20250828,785.4948,784.0131,786.6567,783.6264,390357.0,-18545.0,192127.0,1.0,-1.0,7157.0,0.0,3.0,0.0,50021.0,0.0,781.71354,779.40734,780.702905,2.30619999999999,1.010634999999979,780.358117063492,779.8037819047619,196765.3,,0.156,0.0,7157.0,3.0,50021.0,-0.047507794147408654,-0.2207648815961968,0.12,0.14896373056994813,0.9355
20250829,787.426,785.4142,787.6353,784.5925,389961.0,-396.0,210835.0,1.0,-1.0,6993.0,0.0,3.0,0.0,48461.0,0.0,784.1312,780.38666,781.4603,3.744540000000029,2.670900000000074,780.8884761904762,779.8384028730159,197040.9,,0.15717,0.0,6993.0,3.0,48461.0,-0.0010154861640010156,-0.2348122869572459,0.1209,0.160621761658031,0.9194
20250901,802.4953,788.25,804.254,788.0127,422236.0,32275.0,495904.0,1.0,-1.0,6673.0,0.0,3.0,0.0,50775.0,0.0,788.3937,782.68919,782.43156,5.704509999999914,5.962139999999977,782.5060824603175,780.0540099206349,230308.9,595084.7999999999,0.23595,0.0,6673.0,3.0,50775.0,0.07643829517142073,-0.2146286940847177,0.1815,0.9455958549222797,0.9032
20250902,806.4093,801.2758,812.0134,801.2758,428594.0,6358.0,319990.0,1.0,-1.0,6297.0,0.0,3.0,0.0,54901.0,0.0,793.01978,785.6315700000001,783.543985,7.388209999999845,9.475794999999948,784.7508234920634,780.5257032619048,245938.8,383988.0,0.23803,0.0,6297.0,3.0,54901.0,0.014834552046925529,-0.2046853675710194,0.1831,0.9663212435233162,0.9194
20250903,816.9294,806.5144,818.7574,804.6923,441874.0,13280.0,417207.0,1.0,-1.0,7588.0,0.0,3.0,0.0,54412.0,0.0,799.7509600000001,789.8755000000001,785.1225400000001,9.875459999999975,14.62842000000001,787.6345626984127,781.3280451984127,266591.2,500648.4,0.24869,0.0,7588.0,3.0,54412.0,0.030053816246260245,-0.2126087929723434,0.1913,1.0,0.871
20250904,815.1765,819.4027,825.077,809.3386,439863.0,-2011.0,475014.0,1.0,-1.0,7336.0,0.0,3.0,0.0,52690.0,0.0,805.6873,793.70042,786.5461950000001,11.98688000000004,19.14110499999992,790.6668538888889,782.4531207380953,297518.4,570016.7999999999,,0.0,7336.0,3.0,52690.0,-0.004571878062032951,-0.198624839214404,0.188,0.9601449275362319,0.8387
20250905,817.8118,817.3092,819.8365,813.5438,439076.0,-787.0,295865.0,1.0,-1.0,7241.0,0.0,3.0,0.0,53348.0,0.0,811.7644600000001,797.9478300000001,787.9656,13.81663000000003,23.7988600000001,793.6716487301584,783.9057436269842,308652.8,,0.24999,0.0,7241.0,3.0,53348.0,-0.0017924004044857838,-0.210943415165421,0.1923,1.0,0.8065
20250908,825.3593,823.5269,826.6746,820.3839,444143.0,5067.0,439731.0,1.0,-1.0,6737.0,0.0,3.0,0.0,54130.0,0.0,816.33726,802.3654799999999,790.1720200000001,13.97178000000008,26.16523999999993,797.1850938095237,785.7046774523809,321531.9,527677.2,,0.0,6737.0,3.0,54130.0,0.011408487806855,-0.0995318721834289,0.1745,0.7875894988066825,0.7903
20250909,837.2377,829.5369,839.4583,829.5369,450200.0,6057.0,470484.0,0.0,-1.0,5931.0,0.0,3.0,0.0,54142.0,0.0,822.50294,807.7613600000001,793.142295,14.74157999999989,29.36064499999998,801.4837514285716,787.9030955000001,350920.9,564580.7999999999,,-1.0,5931.0,3.0,54142.0,0.013454020435362061,-0.2332099003570276,0.1912,0.9868735083532221,0.7742
20250910,836.3057,837.2105,843.4391,830.4334,447035.0,-3165.0,524970.0,0.0,-1.0,6575.0,0.0,3.0,0.0,51645.0,0.0,826.3781999999999,813.06458,795.98442,13.3136199999999,30.39377999999988,805.6878562698414,790.4833266031745,384212.7,629964.0,0.26715,-1.0,6575.0,3.0,51645.0,-0.007079982551701768,-0.1366024730253709,0.2055,1.0,0.7419
20250911,833.34,836.5696,839.4614,831.3827,444548.0,-2487.0,308439.0,1.0,-1.0,7081.0,0.0,3.0,0.0,50887.0,0.0,830.0109,817.8491,798.6282199999999,12.16179999999997,31.38268000000005,809.4435831746032,793.3918732142856,395843.9,,,0.0,7081.0,3.0,50887.0,-0.005594446493966906,-0.1644052862005724,0.1902,0.8422680412371136,0.629
20250912,837.0712,833.0509,838.0758,829.5532,443417.0,-1131.0,313086.0,1.0,-1.0,7035.0,0.0,3.0,0.0,51707.0,0.0,833.86278,822.8136200000001,801.60014,11.04915999999992,32.26264000000003,812.9743261904762,796.6004582142857,406069.0,,,0.0,7035.0,3.0,51707.0,-0.002550646456946847,-0.2361782500163828,0.1759,0.6948453608247424,0.5645
20250915,834.5231,836.1043,838.117,831.3216,442841.0,-576.0,252911.0,1.0,-1.0,7014.0,0.0,3.0,0.0,51700.0,0.0,835.6955399999999,826.0164000000001,804.352795,9.679139999999848,31.34274499999992,816.214618015873,799.9713117698412,381769.7,,,0.0,7014.0,3.0,51700.0,-0.0013006925736325228,-0.2172864062564682,0.1586,0.5164948453608247,0.5484
20250916,844.6797,836.2467,844.9064,835.904,452718.0,9877.0,313776.0,1.0,-1.0,10036.0,0.0,3.0,0.0,54158.0,0.0,837.1839400000001,829.84344,807.737505,7.340500000000134,29.44643500000006,819.8485192857141,803.4810813492063,381148.3,,,0.0,10036.0,3.0,54158.0,0.021817113523208708,-0.2381918959153182,0.1812,0.7494845360824743,0.5323
20250917,838.2165,844.2118,846.3152,837.2965,439609.0,-13109.0,366302.0,1.0,-1.0,9750.0,0.0,3.0,0.0,51243.0,0.0,837.5661,831.9721499999999,810.9238250000001,5.593950000000063,26.64227499999993,823.0103250000001,807.018657579365,376057.8,,0.27391,0.0,9750.0,3.0,51243.0,-0.029819680670777896,-0.2513017955089353,0.2107,1.0,0.5
20250918,827.531,839.0289,842.5033,827.3477,443696.0,4087.0,485573.0,1.0,-1.0,9791.0,0.0,3.0,0.0,50089.0,0.0,836.4042999999999,833.2076,813.45401,3.196699999999964,22.95028999999988,825.0905719047619,810.4610293809523,377113.7,582687.6,,0.0,9791.0,3.0,50089.0,0.009211261764811943,-0.2699884919207086,0.1579,0.4833659491193739,0.4516
20250919,831.3391,833.0853,833.1325,827.6743,448872.0,5176.0,375025.0,1.0,-1.0,9908.0,0.0,3.0,0.0,52333.0,0.0,835.2578799999999,834.56033,816.25408,0.6975499999998647,19.00379999999984,826.8179588888889,813.7756603968254,385029.7,,,0.0,9908.0,3.0,52333.0,0.011531126913685862,-0.2784285593679031,0.1659,0.5616438356164383,0.4194
20250922,847.2796,831.5979,847.9591,830.7484,469871.0,20999.0,362128.0,1.0,-1.0,8054.0,0.0,3.0,0.0,54160.0,0.0,837.80918,836.7523600000001,819.5589200000001,1.056819999999902,18.25025999999991,829.3231787301587,816.989468888889,377269.4,,,0.0,8054.0,3.0,54160.0,0.04469098965460733,-0.2656360544010002,0.1821,0.7201565557729943,0.3226
20250923,856.3142,846.9145,857.0974,845.92,476587.0,6716.0,397199.0,1.0,-1.0,6712.0,0.0,3.0,0.0,53937.0,0.0,840.13608,838.6600099999999,823.210685,1.47607000000005,16.92539499999998,832.5996957936505,820.1010633253969,369940.9,,0.25883,0.0,6712.0,3.0,53937.0,0.014091865703428755,-0.2674964839992518,0.1991,0.8864970645792564,0.3387
20250924,860.9208,862.1901,862.8674,854.713,481343.0,4756.0,437487.0,1.0,-1.0,7804.0,0.0,3.0,0.0,49757.0,0.0,844.67694,841.12152,827.0930500000001,3.555419999999913,17.58388999999988,836.21803484127,823.1540811825396,361192.6,524984.4,0.26286,0.0,7804.0,3.0,49757.0,0.009880687991723158,-0.2780373528816833,0.2022,0.9168297455968688,0.371
20250925,856.0736,860.8331,862.2606,853.3934,461083.0,-20260.0,408591.0,1.0,-1.0,7961.0,0.0,3.0,0.0,49326.0,0.0,850.3854600000001,843.3948800000001,830.62199,6.990580000000023,19.7634700000001,839.1918822222223,826.1289110873016,371207.8,,,0.0,7961.0,3.0,49326.0,-0.043940028151113794,-0.2781305631395163,0.1936,0.8326810176125244,0.5161
20250926,857.2551,855.6042,860.3612,852.1725,453518.0,-7565.0,390039.0,1.0,-1.0,7513.0,0.0,3.0,0.0,46679.0,0.0,855.5686599999999,845.41327,834.113445,10.1553899999999,21.45521499999995,841.6971372222223,829.0011921904761,378903.1,,,0.0,7513.0,3.0,46679.0,-0.016680705065730578,-0.2699415141147993,0.1898,0.7954990215264187,0.5161
20250929,867.9719,858.7652,868.4482,857.011,443896.0,-9622.0,471377.0,1.0,-1.0,8885.0,0.0,3.0,0.0,47031.0,0.0,859.70712,848.75815,837.387275,10.94897000000003,22.31984499999999,844.6992099206349,831.8496513809523,400749.7,,0.27638,0.0,8885.0,3.0,47031.0,-0.021676248490637446,-0.2662021074534135,0.2126,1.0,0.5
20250930,875.8084,867.2467,880.8603,866.6038,429096.0,-14800.0,320377.0,1.0,-1.0,8397.0,0.0,3.0,0.0,49349.0,0.0,863.6059600000001,851.8710199999999,840.85723,11.73494000000017,22.74873000000014,848.2221707936507,834.6870165317462,401409.8,,0.28847,0.0,8397.0,3.0,49349.0,-0.03449111620709585,-0.2539453020896465,0.2219,1.0,0.4677
20251009,915.9576,910.6019,920.4532,905.0896,426899.0,-2197.0,285506.0,1.0,-1.0,8338.0,0.0,3.0,0.0,47568.0,0.0,874.61332,859.6451300000001,845.80864,14.96818999999994,28.80468000000008,855.2838776190476,837.9143717936507,393330.2,,,0.0,8338.0,3.0,47568.0,-0.005146416365463494,-0.2943866619358717,0.2044,0.8456790123456791,0.3548
20251010,903.4925,919.632,923.0394,900.8023,415275.0,-11624.0,572964.0,1.0,-1.0,8830.0,0.0,3.0,0.0,43884.0,0.0,884.0971,867.24128,850.22444,16.85581999999999,33.87266,861.3780156349208,841.5431161666666,402069.3,687556.7999999999,,0.0,8830.0,3.0,43884.0,-0.027991090241406297,-0.2442874845080798,0.1936,0.7504409171075839,0.3387
20251013,929.3873,907.4255,930.5845,903.9206,418835.0,3560.0,618953.0,1.0,-1.0,7107.0,0.0,3.0,0.0,45884.0,0.0,898.5235399999999,877.0460999999999,855.8032149999999,21.47744,42.720325,868.1996480158729,845.6812850793651,426462.1,742743.6,0.29172,0.0,7107.0,3.0,45884.0,0.008499767211431709,-0.2394187850813761,0.2244,1.0,0.3065
20251014,940.7779,929.2587,959.6322,929.2587,410416.0,-8419.0,778989.0,1.0,-1.0,8324.0,0.0,3.0,0.0,44763.0,0.0,913.08474,886.39593,861.5741449999999,26.68880999999999,51.51059500000008,876.2899837301587,850.3779655793651,468148.2,934786.7999999999,0.30823,0.0,8324.0,3.0,44763.0,-0.020513332813535536,-0.2074157813518398,0.2371,1.0,0.1935
20251015,962.0481,940.0531,962.2618,936.6353,416066.0,5650.0,560963.0,1.0,-1.0,7309.0,0.0,3.0,0.0,46466.0,0.0,930.3326799999999,896.9693199999999,867.8146649999999,33.36335999999994,62.51801499999999,885.2321246031746,855.6412084603174,484524.6,,0.37895,0.0,7309.0,3.0,46466.0,0.013579576317218903,-0.2332795863466459,0.2915,1.0,0.1935
20251016,968.1624,958.4472,972.8203,958.4472,412689.0,-3377.0,611146.0,1.0,-1.0,6388.0,0.0,3.0,0.0,43504.0,0.0,940.77364,907.6934800000001,874.4075,33.08015999999986,66.36613999999997,894.678863095238,861.4872912857143,501890.5,733375.2,,0.0,6388.0,3.0,43504.0,-0.00818291740269307,-0.2077553049145435,0.2745,0.9071038251366123,0.1935
20251017,1001.6499,969.9824,1002.951,969.9824,395851.0,-16838.0,865869.0,1.0,-1.0,5432.0,0.0,3.0,0.0,43474.0,0.0,960.40512,922.2511099999999,882.8229950000001,38.15401000000008,77.5821249999999,905.9190323015874,868.1600062936508,547618.3,1039042.8,0.44512,0.0,5432.0,3.0,43474.0,-0.042536206805085755,-0.201451925631902,0.3424,1.0,0.2419
20251020,972.2941,992.1055,992.1055,962.1576,381380.0,-14471.0,991836.0,1.0,-1.0,7354.0,0.0,3.0,0.0,33644.0,0.0,968.9864799999999,933.7550100000001,889.5841399999999,35.23146999999983,79.40233999999998,915.0889979365078,875.4991923650794,607798.0,1190203.2,,0.0,7354.0,3.0,33644.0,-0.03794378310346636,-0.1953135872527772,0.2909,0.7798204360837966,0.2258
20251021,996.2214,991.0006,1003.8064,984.4066,384519.0,3139.0,695278.0,1.0,-1.0,3708.0,0.0,3.0,0.0,35134.0,0.0,980.07518,946.57996,897.669055,33.49522000000002,82.40612500000009,925.2027526190473,883.5495466349206,630188.1,,,0.0,3708.0,3.0,35134.0,0.008163445759507332,-0.1891604418414743,0.306,0.844377939290295,0.1129
20251022,954.55,966.2766,968.544,935.2516,367751.0,-16768.0,1023338.0,1.0,-1.0,6265.0,0.0,3.0,0.0,30784.0,0.0,978.57556,954.45412,903.1625700000001,24.12144000000001,75.41298999999992,930.914519126984,891.8187814682539,700484.2,1228005.6,,0.0,6265.0,3.0,30784.0,-0.045596069079349884,-0.186324950221951,0.2628,0.6596836254809747,0.1129
20251023,944.3426,928.3383,950.0064,925.8167,360528.0,-7223.0,755210.0,1.0,-1.0,7622.0,0.0,3.0,0.0,28551.0,0.0,973.8116,957.2926199999999,908.4688750000001,16.51898000000006,65.34272499999986,934.5457171428573,899.744965420635,747454.6,,,0.0,7622.0,3.0,28551.0,-0.020034504948298053,-0.1997811635009239,0.2466,0.5904232578024797,0.0968
20251024,940.1805,946.0148,953.9237,937.782,355889.0,-4639.0,499422.0,1.0,-1.0,6876.0,0.0,3.0,0.0,28503.0,0.0,961.51772,960.96142,914.1013499999999,0.5563000000000784,47.41637000000014,937.9681265079364,907.4039765079364,740100.4,,,0.0,6876.0,3.0,28503.0,-0.013034963148622182,-0.2132485424697906,0.2348,0.5399743480119711,0.1129
20251027,936.2485,940.0151,950.5656,933.8419,354574.0,-1315.0,515171.0,1.0,-1.0,6029.0,0.0,3.0,0.0,27752.0,0.0,954.3086,961.6475399999999,919.3468200000001,-7.33893999999998,34.96177999999986,940.4468622222221,914.6286979285715,729722.2,,,0.0,6029.0,3.0,27752.0,-0.00370867576302831,-0.1796575542185544,0.2231,0.48995297135528,0.0484
20251028,903.3447,929.0197,930.4739,902.5737,349437.0,-5137.0,643413.0,1.0,-1.0,8159.0,0.0,3.0,0.0,24846.0,0.0,935.73326,957.90422,922.1500749999999,-22.17096000000004,13.58318500000007,939.9087011904761,920.9905696746031,716164.6,,,0.0,8159.0,3.0,24846.0,-0.014700790128120377,-0.1958384757806577,0.2199,0.47627191107310823,0.1129
20251029,913.0188,897.253,914.0664,896.6643,342696.0,-6741.0,477855.0,1.0,-1.0,7608.0,0.0,3.0,0.0,24950.0,0.0,927.4270200000001,953.0012899999999,924.9853049999999,-25.57426999999984,2.441715000000158,938.6597339682539,926.333330611111,707853.8,,,0.0,7608.0,3.0,24950.0,-0.019670495132712375,-0.2055204864161048,0.2293,0.516460025651988,0.0484
20251030,914.4024,921.7684,922.2974,898.56,343917.0,1221.0,552587.0,1.0,-1.0,6905.0,0.0,3.0,0.0,25371.0,0.0,921.4389800000001,947.62529,927.6593849999999,-26.18630999999982,-6.220404999999801,937.7965634920636,930.6451006507936,701997.9,,0.30875,0.0,6905.0,3.0,25371.0,0.0035502752117516725,-0.1911375505600844,0.2375,0.5515177426250535,0.1129
20251031,924.3678,912.3413,928.4647,911.0749,346225.0,2308.0,546410.0,1.0,-1.0,6863.0,0.0,3.0,0.0,24462.0,0.0,918.27644,939.8970800000001,931.0740949999999,-21.62064000000009,-12.79765499999996,937.2391249206349,933.7771099126983,670052.0,,,0.0,6863.0,3.0,24462.0,0.006666185284136038,-0.2085294238505105,0.2283,0.5121846943138093,0.2419
20251103,924.9435,926.6362,929.6272,913.7827,342469.0,-3756.0,461899.0,1.0,-1.0,7185.0,0.0,3.0,0.0,25595.0,0.0,916.0154399999999,935.16202,934.458515,-19.14658000000009,-18.44307500000014,936.6638675396824,935.9345968730158,617058.3,,,0.0,7185.0,3.0,25595.0,-0.010967416028896046,-0.2253099178897985,0.2171,0.46430098332620773,0.2581
20251104,918.1893,924.0469,928.0944,914.6313,337057.0,-5412.0,454057.0,1.0,-1.0,7369.0,0.0,3.0,0.0,23102.0,0.0,918.98436,927.35881,936.969385,-8.37444999999991,-17.98502499999995,935.4311396825397,936.957435579365,592936.2,,,0.0,7369.0,3.0,23102.0,-0.01605663137095506,-0.2149787343508663,0.203,0.40401881145788804,0.2903
20251105,914.7849,918.8081,921.0294,906.4684,334127.0,-2930.0,463592.0,2.0,-1.0,7549.0,0.0,3.0,0.0,21816.0,0.0,919.33758,923.3823,938.9182099999998,-4.044719999999984,-19.58062999999981,933.3024396031745,937.196227626984,536961.6,,,1.0,7549.0,3.0,21816.0,-0.00876912072355721,-0.2134884386539432,0.1918,0.35613510047028646,0.3387
20251106,920.3395,915.2092,920.3395,914.2494,336171.0,2044.0,323905.0,1.0,-1.0,7051.0,0.0,3.0,0.0,23345.0,0.0,920.525,920.98199,939.137305,-0.4569900000000189,-18.61230499999999,931.6613814285715,936.9077940555555,493831.1,,,0.0,7051.0,3.0,23345.0,0.006080238926022768,-0.2120559522871184,0.1811,0.31038905515177434,0.1935
20251107,923.9661,922.7399,925.3306,914.7782,341350.0,5179.0,381907.0,2.0,-1.0,7428.0,0.0,3.0,0.0,24072.0,0.0,920.4446600000001,919.36055,940.1609850000001,1.084110000000123,-19.71632499999998,930.0787784126985,936.1188592460318,482079.6,,,1.0,7428.0,3.0,24072.0,0.015172110736780431,-0.2205189346235658,0.1787,0.30012825994014536,0.2097
20251110,938.8114,921.4285,939.867,919.036,348967.0,7617.0,481703.0,1.0,-1.0,6972.0,0.0,3.0,0.0,26092.0,0.0,923.2182399999999,919.61684,940.63219,3.601399999999899,-17.41395000000011,929.4735851587303,935.0215315396824,478732.8,,,0.0,6972.0,3.0,26092.0,0.021827278797135547,-0.2113882210110132,0.189,0.34416417272338606,0.1613
20251111,951.8348,942.7105,955.8023,939.4914,354960.0,5993.0,457161.0,1.0,-1.0,7371.0,0.0,3.0,0.0,24320.0,0.0,929.9473399999999,924.4658500000002,941.1850350000001,5.481489999999781,-11.23769500000014,930.3987203968256,934.0705334603175,460107.6,,0.27742,0.0,7371.0,3.0,24320.0,0.016883592517466756,-0.1924832234465932,0.2134,0.44848225737494657,0.0968
20251112,948.7234,952.4066,954.9873,944.0079,354758.0,-202.0,418818.0,1.0,-1.0,8244.0,0.0,3.0,0.0,20251.0,0.0,936.7350400000001,928.0363100000001,940.5188,8.698730000000069,-3.783759999999916,931.3381150793651,933.3383715714286,454203.9,,,0.0,8244.0,3.0,20251.0,-0.0005694022404004983,-0.2558682050323756,0.2125,0.4446344591705857,0.1774
20251113,963.8399,950.6717,966.0638,948.8097,352907.0,-1851.0,529654.0,2.0,0.0,8610.0,0.0,3.0,0.0,22117.0,0.0,945.4351200000001,932.9800600000001,940.3026749999999,12.45506,5.132445000000189,933.164272063492,932.8751424285714,451910.6,,0.32591,2.0,8610.0,3.0,22117.0,-0.005245007891597503,-0.2309721645585679,0.2507,0.6079521162890124,0.1613
20251114,956.2365,969.7134,970.5134,955.1454,347373.0,-5534.0,530113.0,2.0,0.0,8633.0,0.0,3.0,0.0,23753.0,0.0,951.8892,936.16693,938.032005,15.72226999999998,13.85719499999993,935.3874984126983,932.6899797777778,450280.9,,,2.0,8633.0,3.0,23753.0,-0.0159310021216387,-0.2343298377556994,0.2501,0.6053869174861052,0.2097
20251117,932.8874,943.9652,943.9652,924.9254,339638.0,-7735.0,724841.0,1.0,0.0,8449.0,0.0,3.0,0.0,21317.0,0.0,950.7044,936.96132,936.06167,13.74307999999996,14.64272999999991,934.9956375396823,932.5231567777779,476575.1,869809.2,,1.0,8449.0,3.0,21317.0,-0.0227742478756794,0.1479820866361569,0.2335,0.5344164172723386,0.2419
20251118,922.3228,935.7198,938.9857,921.4048,337050.0,-2588.0,445593.0,2.0,0.0,8042.0,0.0,3.0,0.0,20839.0,0.0,944.802,937.3746699999999,932.36674,7.427330000000097,12.43525999999997,934.4537535714286,932.4254181666668,475728.7,,,2.0,8042.0,3.0,20839.0,-0.007678385996143005,-0.2537724675876137,0.2326,0.5305686190679778,0.2742
20251119,940.5355,926.3662,941.8611,925.9361,335457.0,-1593.0,486707.0,1.0,-1.0,6675.0,0.0,3.0,0.0,20155.0,0.0,943.1644200000001,939.9497299999999,931.666015,3.214690000000132,11.49840500000005,934.6914076984127,932.5643149761905,478040.2,,0.33501,0.0,6675.0,3.0,20155.0,-0.004748745740884823,-0.2406941325803542,0.2577,0.6378794356562634,0.3226
20251120,936.1243,945.0448,949.4106,933.1272,332024.0,-3433.0,540120.0,1.0,-1.0,6537.0,0.0,3.0,0.0,20161.0,0.0,937.6213,941.5282100000001,931.2551,-3.906910000000039,6.366200000000049,935.3589674603174,932.9340735793652,499661.7,,0.34281,0.0,6537.0,3.0,20161.0,-0.010339614003806953,-0.24937819740731,0.2637,0.6616509028374893,0.3871
20251121,927.6776,939.3605,943.3908,926.9429,329050.0,-2974.0,587250.0,2.0,0.0,7172.0,0.0,3.0,0.0,19730.0,0.0,931.9095199999999,941.89936,930.629955,-9.989840000000072,1.279564999999934,935.4713178571427,933.4733275238095,520196.0,,,2.0,7172.0,3.0,19730.0,-0.00903814010028871,-0.2477095217796759,0.2138,0.4415979157620495,0.4839
20251124,931.2125,934.3522,940.6615,928.4446,327604.0,-1446.0,464715.0,2.0,0.0,8650.0,0.0,3.0,0.0,20520.0,0.0,931.57454,941.1394699999998,930.378155,-9.56492999999989,1.196384999999964,935.7763008730154,934.103599095238,518497.2,,,2.0,8650.0,3.0,20520.0,-0.004413865520567515,-0.2504597081543031,0.209,0.420755536257056,0.5161
20251125,947.5259,935.8257,950.6443,934.3669,332773.0,5169.0,421305.0,2.0,0.0,8700.0,0.0,3.0,0.0,23298.0,0.0,936.61516,940.7085800000001,932.5872150000001,-4.093420000000151,4.027944999999818,936.9467363492066,934.758400690476,514911.6,,,2.0,8700.0,3.0,23298.0,0.015533111159859725,-0.2474366397944248,0.2038,0.39817629179331315,0.5161
20251126,947.6874,943.7988,951.6563,940.133,335588.0,2815.0,453331.0,2.0,0.0,8875.0,0.0,3.0,0.0,24796.0,0.0,938.0455400000001,940.6049800000001,934.320645,-2.559439999999995,3.72489500000006,938.2644353174602,935.4510327142856,518362.9,,,2.0,8875.0,3.0,24796.0,0.008388261797203714,-0.2424269879267815,0.2045,0.40121580547112456,0.5161
20251127,948.2163,948.2076,950.9191,944.3096,336302.0,714.0,346227.0,1.0,-1.0,8072.0,0.0,3.0,0.0,24104.0,0.0,940.46394,939.0426199999999,936.01134,1.421320000000037,4.452599999999961,939.5984704761904,936.0944525555554,500020.2,,,0.0,8072.0,3.0,24104.0,0.002123091744919745,-0.25246353764801,0.2027,0.37185251798561153,0.6129
20251128,955.026,948.1481,956.5601,946.865,339725.0,3423.0,235291.0,2.0,0.0,7537.0,0.0,3.0,0.0,26302.0,0.0,945.93362,938.9215700000001,937.5442499999999,7.012049999999931,8.389370000000099,941.2409859523808,936.6798013095238,470538.0,,0.26832,2.0,7537.0,3.0,26302.0,0.01007579660019133,-0.2508351181798529,0.2064,0.3860045146726863,0.629
20251201,964.36,952.7395,969.2297,949.3777,344197.0,4472.0,422401.0,2.0,-1.0,8594.0,0.0,3.0,0.0,27073.0,0.0,952.56312,942.0688299999999,939.5150749999999,10.49429000000009,13.04804500000012,943.5089113492065,937.5311286904762,440294.0,,0.30316,1.0,8594.0,3.0,27073.0,0.012992559493545847,-0.1915997470427102,0.2332,0.40813008130081296,0.6935
20251202,959.7337,965.4052,969.3508,956.5407,342169.0,-2028.0,386313.0,2.0,0.0,8835.0,0.0,3.0,0.0,25322.0,0.0,955.00468,945.80992,941.592295,9.194759999999974,13.41238499999997,945.6701566666668,938.6527689999999,434366.0,,,2.0,8835.0,3.0,25322.0,-0.005926895773725849,-0.2450185769617,0.2175,0.3230352303523035,0.6935
20251203,958.0195,959.4164,963.3833,949.6721,337841.0,-4328.0,366053.0,2.0,0.0,8963.0,0.0,3.0,0.0,25490.0,0.0,957.0710999999999,947.5583200000001,943.754025,9.512779999999793,13.31707499999993,947.207205952381,939.9043488253968,422300.6,,,2.0,8963.0,3.0,25490.0,-0.012810760091285546,-0.2413020203537221,0.2111,0.28834688346883475,0.4677
20251204,954.7649,958.9649,965.3501,951.1281,338923.0,1082.0,385011.0,2.0,0.0,10211.0,0.0,3.0,0.0,24174.0,0.0,958.38082,949.42238,945.475295,8.958439999999996,12.90552500000001,948.470716984127,941.2155237777777,406789.7,,,2.0,10211.0,3.0,24174.0,0.003192465545271345,-0.232572556855787,0.2083,0.2731707317073171,0.4677
20251205,962.2739,955.8761,963.5358,954.0193,337662.0,-1261.0,290102.0,2.0,0.0,9722.0,0.0,3.0,0.0,25243.0,0.0,959.8304,952.88201,947.390685,6.948390000000018,12.43971500000009,949.8509477777778,942.6534867698413,377074.9,,,2.0,9722.0,3.0,25243.0,-0.0037345037345037344,-0.2332034185567235,0.2081,0.2720867208672087,0.4355
20251208,959.9235,962.5353,968.8744,955.9291,338311.0,649.0,372994.0,2.0,0.0,12007.0,0.0,3.0,0.0,25380.0,0.0,958.9431000000001,955.75311,948.4462900000001,3.18999000000008,10.49680999999998,951.163707301587,944.1922274126985,367902.8,,,2.0,12007.0,3.0,25380.0,0.0019183532311985126,-0.2370478116723599,0.2012,0.23468834688346876,0.4194
20251209,952.9831,959.8188,959.8188,950.541,329189.0,-9122.0,291806.0,2.0,0.0,12679.0,0.0,3.0,0.0,23351.0,0.0,957.59298,956.2988300000001,948.5037049999999,1.294149999999945,9.089275000000157,951.8395081746031,945.681504595238,354952.9,,,2.0,12679.0,3.0,23351.0,-0.027710524956787743,-0.2324031530862123,0.1886,0.16639566395663946,0.4355
20251210,957.7639,957.05,960.3798,953.8005,327482.0,-1707.0,277551.0,2.0,0.0,11444.0,0.0,3.0,0.0,24413.0,0.0,957.54186,957.30648,948.95573,0.2353800000000774,8.586130000000026,952.613843730159,947.116445436508,337374.9,,,2.0,11444.0,3.0,24413.0,-0.005212500229020221,-0.2424975579265428,0.1988,0.221680216802168,0.5
20251211,959.1768,956.1173,967.7791,954.6681,329816.0,2334.0,304925.0,2.0,0.0,11916.0,0.0,3.0,0.0,26494.0,0.0,958.4242399999999,958.40253,948.7225750000001,0.02170999999998457,9.70166499999982,953.6202535714286,948.5186237460317,333244.7,,,2.0,11916.0,3.0,26494.0,0.007076673054066509,-0.2450444705620336,0.1925,0.18753387533875338,0.4355
20251212,971.868,960.1866,971.9281,957.0644,348594.0,18778.0,366517.0,2.0,0.0,11162.0,0.0,3.0,0.0,33122.0,0.0,960.3430599999999,960.08673,949.50415,0.2563299999999344,10.83890999999994,955.4852653174604,949.9430516825396,346367.3,,0.28977,2.0,11162.0,3.0,33122.0,0.05386782331308055,-0.2399297199709877,0.2229,0.35230352303523027,0.4516
20251215,984.4485,980.8855,986.7357,965.6899,351219.0,2625.0,574329.0,2.0,0.0,12339.0,0.0,3.0,0.0,37712.0,0.0,965.2480599999999,962.0955799999999,952.0822049999999,3.152479999999969,13.16585499999997,958.4082641269841,951.4329869603174,361560.1,689194.7999999999,0.2938,2.0,12339.0,3.0,37712.0,0.007473969232871798,-0.2693105090002432,0.226,0.3691056910569106,0.4516
20251216,973.0014,984.189,984.6668,968.6804,346581.0,-4638.0,388697.0,2.0,0.0,13272.0,0.0,3.0,0.0,33585.0,0.0,969.25172,963.42235,954.616135,5.829369999999926,14.63558499999999,960.6372401587302,952.9296953095239,361798.5,,,2.0,13272.0,3.0,33585.0,-0.01338215308975391,-0.1993997183093919,0.2123,0.294850948509485,0.4839
20251217,981.2988,974.1104,984.27,973.3069,345793.0,-788.0,350874.0,2.0,0.0,12803.0,0.0,3.0,0.0,34684.0,0.0,973.9586999999999,965.75028,956.6542999999999,8.208419999999933,17.30439999999999,963.0416450793651,954.5131392222222,360280.6,,,2.0,12803.0,3.0,34684.0,-0.002278819987680491,-0.209079681492862,0.2171,0.3208672086720866,0.5
20251218,982.2391,978.6147,984.4239,978.1907,349756.0,3963.0,318377.0,2.0,0.0,12829.0,0.0,3.0,0.0,37636.0,0.0,978.5711600000001,968.4976999999999,958.9600399999999,10.07346000000018,19.61112000000014,965.4606156349206,956.2121290873016,353617.2,,,2.0,12829.0,3.0,37636.0,0.011330756298676792,-0.2149379934630097,0.2129,0.2981029810298103,0.5161
20251219,981.6749,979.6207,990.5332,977.0125,344894.0,-4862.0,439870.0,2.0,0.0,11950.0,0.0,3.0,0.0,37432.0,0.0,980.5325399999999,970.4377999999999,961.6599050000001,10.09474,18.87263499999983,967.6588619841268,957.9929205079364,368594.0,,,2.0,11950.0,3.0,37432.0,-0.014097084901447982,-0.2232074359132883,0.2131,0.2674220963172806,0.5484
20251222,1002.3183,981.714,1002.3183,980.1858,366142.0,21248.0,387149.0,2.0,0.0,10203.0,0.0,3.0,0.0,41287.0,0.0,984.1065000000001,974.6772800000001,965.215195,9.429219999999987,18.8913050000001,970.8617283333333,959.9627226111112,370009.5,,0.32526,2.0,10203.0,3.0,41287.0,0.058032129610915986,-0.2028006736174049,0.2502,0.4367745876603542,0.5484
20251223,1015.9769,999.4487,1020.2729,999.4487,370605.0,4463.0,380142.0,2.0,0.0,7641.0,0.0,3.0,0.0,41048.0,0.0,992.7016,980.97666,968.637745,11.72493999999995,24.06385499999999,975.3800834920636,962.3167801428572,378843.1,,0.3607500000000001,2.0,7641.0,3.0,41048.0,0.012042471094561595,-0.2177879452104044,0.2775,0.6035430665852171,0.5323
20251224,1016.6441,1016.9083,1024.6541,1002.5857,359804.0,-10801.0,491175.0,2.0,0.0,8548.0,0.0,3.0,0.0,39254.0,0.0,999.7706599999999,986.8646799999999,972.0855799999999,12.90598,27.68507999999997,979.9703587301586,965.0524316428571,400205.5,589410.0,,2.0,8548.0,3.0,39254.0,-0.03001912152171738,-0.2237399246498034,0.2621,0.5094685400122175,0.4839
20251225,1010.6543,1015.96,1016.2223,1005.2383,355941.0,-3863.0,305446.0,2.0,0.0,8898.0,0.0,3.0,0.0,37435.0,0.0,1005.4537,992.01243,975.20748,13.44127000000003,30.24621999999999,983.8191260317461,968.072318888889,400257.6,,,2.0,8898.0,3.0,37435.0,-0.010852922253969057,-0.2351777473274269,0.2294,0.3097128894318876,0.4677
20251226,1018.1038,1010.2482,1025.7606,1009.3616,352159.0,-3782.0,320419.0,2.0,0.0,8927.0,0.0,3.0,0.0,38901.0,0.0,1012.73948,996.6360099999999,978.36137,16.10347000000002,34.37810999999999,987.8461386507939,971.3084062222224,395647.8,,,2.0,8927.0,3.0,38901.0,-0.010739467115706258,-0.2255501495304083,0.262,0.5088576664630423,0.5968
20251229,1016.3159,1017.6247,1025.8038,1011.4054,339594.0,-12565.0,441902.0,1.0,-1.0,7161.0,0.0,3.0,0.0,35925.0,0.0,1015.539,999.8227499999999,980.959165,15.71625000000017,34.57983500000012,991.6825797619049,974.6358377857143,382405.1,,,0.0,7161.0,3.0,35925.0,-0.037000064783241166,-0.2267974834676058,0.2584,0.4868662186927308,0.5484
20251230,987.1534,1007.1958,1009.2514,972.6231,320452.0,-19142.0,602877.0,1.0,-1.0,6877.0,0.0,3.0,0.0,31334.0,0.0,1009.7743,1001.23795,982.33015,8.536350000000084,27.44415000000004,992.8078755555555,977.8529013253968,403823.1,723452.4,,0.0,6877.0,3.0,31334.0,-0.059734375195037014,-0.2186376142044026,0.2199,0.25167990226023224,0.5806
20251231,979.8512,994.8138,995.8789,966.6042,314442.0,-6010.0,435967.0,1.0,-1.0,7479.0,0.0,3.0,0.0,29433.0,0.0,1002.41572,1001.09319,983.4217350000001,1.322530000000029,18.99398499999984,992.9007538095237,980.8388121984126,412332.4,,,0.0,7479.0,3.0,29433.0,-0.019113222788304362,-0.2780150619548112,0.225,0.2828344532681736,0.6613
20260105,997.2689,992.2884,999.5223,990.8135,312655.0,-1787.0,190876.0,1.0,-1.0,5596.0,0.0,3.0,0.0,32746.0,0.0,999.7386399999999,1002.59617,985.546935,-2.857530000000111,14.19170499999996,994.0977234920637,983.7025229841271,399582.3,,,0.0,5596.0,3.0,32746.0,-0.005715565079720458,-0.2178268330835389,0.1896,0.06658521686010992,0.7581
20260106,1007.3349,996.0485,1009.735,993.9806,318474.0,5819.0,308114.0,1.0,0.0,5619.0,0.0,3.0,0.0,34154.0,0.0,997.5848600000002,1005.16217,987.799985,-7.577309999999784,9.78487500000017,995.8923369841268,986.5258704841272,386406.7,,,1.0,5619.0,3.0,34154.0,0.01827150725019939,-0.2040430585164567,0.2167,0.23213194868662193,0.7258
20260107,1001.3787,1007.3338,1013.3054,1000.2646,316313.0,-2161.0,325965.0,2.0,0.0,8368.0,0.0,3.0,0.0,33372.0,0.0,994.59742,1005.06821,989.8727449999999,-10.47078999999997,4.724675000000161,997.5560657142859,989.1953042222224,380288.3,,,2.0,8368.0,3.0,33372.0,-0.006831840613569471,-0.1489934389218542,0.2121,0.20403176542455723,0.7742
20260108,1000.3782,1002.3555,1007.2774,996.1984,313658.0,-2655.0,316911.0,2.0,0.0,7971.0,0.0,3.0,0.0,33863.0,0.0,997.24238,1003.50834,992.2425000000001,-6.26595999999995,4.999879999999962,998.6502516666665,991.5223210396825,373965.2,,,2.0,7971.0,3.0,33863.0,-0.00846463345427185,-0.2181249684165809,0.2095,0.18814905314599875,0.7419
20260109,1008.9537,999.2161,1009.7352,995.4789,318602.0,4944.0,266444.0,2.0,0.0,7414.0,0.0,3.0,0.0,36218.0,0.0,1003.06288,1002.7393,994.8019899999999,0.3235800000001063,8.260890000000131,999.9554429365079,993.5208294603175,351492.1,,,2.0,7414.0,3.0,36218.0,0.015517793359740366,-0.4032556214795814,0.2144,0.21808185705558958,0.7581
20260112,1028.8872,1007.7189,1033.1759,1006.2186,333406.0,14804.0,421825.0,1.0,-1.0,6704.0,0.0,3.0,0.0,39258.0,0.0,1009.38654,1004.56259,998.2875099999999,4.823949999999741,11.09902999999997,1002.627275634921,995.4016444206351,363130.0,,0.31564,0.0,6704.0,3.0,39258.0,0.044402320294175866,-0.2373729948344669,0.2428,0.39156994502138054,0.7742
20260113,1030.3138,1029.8128,1038.1213,1028.1278,336509.0,3103.0,370792.0,1.0,-1.0,6691.0,0.0,3.0,0.0,42082.0,0.0,1013.98232,1005.78359,1001.2098,8.198729999999841,12.77251999999987,1005.847374920635,997.201768047619,368167.3,,,0.0,6691.0,3.0,42082.0,0.009221150102969014,-0.2649300448884132,0.2361,0.45090337784760415,0.9677
20260114,1043.6389,1031.9916,1043.8174,1031.3715,348508.0,11999.0,401699.0,1.0,-1.0,6587.0,0.0,3.0,0.0,44732.0,0.0,1022.43436,1008.51589,1004.16932,13.91846999999996,18.26504,1009.690357380952,999.0025458095239,364147.0,,,0.0,6587.0,3.0,44732.0,0.034429625718778334,-0.237038775276963,0.2413,0.49175176747839744,0.8226
20260115,1038.2291,1044.2949,1045.8254,1032.0348,348696.0,188.0,392862.0,1.0,-1.0,6611.0,0.0,3.0,0.0,42142.0,0.0,1030.00454,1013.62346,1007.430705,16.38107999999988,22.57383499999992,1013.106605079365,1001.032418761905,343145.5,,,0.0,6611.0,3.0,42142.0,0.0005391515818936839,-0.1695746509383761,0.2203,0.42105263157894723,0.7581
20260116,1035.767,1037.9937,1040.1112,1030.7417,348585.0,-111.0,278856.0,1.0,-1.0,6625.0,0.0,3.0,0.0,40801.0,0.0,1035.3672,1019.21504,1010.154115,16.15215999999987,25.21308499999998,1015.936854285714,1003.336028809524,327434.4,,,0.0,6625.0,3.0,40801.0,-0.0003184302250527131,-0.2180569358536309,0.2112,0.32894736842105254,0.7097
20260119,1052.1,1036.3475,1053.9422,1022.3288,349193.0,608.0,419590.0,1.0,-1.0,6137.0,0.0,3.0,0.0,40831.0,0.0,1040.00976,1024.69815,1013.64716,15.3116100000002,26.36260000000004,1019.335589285714,1005.859815388889,350305.8,,,0.0,6137.0,3.0,40831.0,0.0017411574687923297,-0.2151809023507844,0.2227,0.44534412955465585,0.6613
20260120,1060.488,1050.0051,1061.4423,1048.1288,358774.0,9581.0,282770.0,2.0,0.0,7524.0,0.0,3.0,0.0,44103.0,0.0,1046.0446,1030.01346,1017.587815,16.03113999999982,28.45678500000008,1023.510995952381,1008.621681285714,347771.4,,0.29003,2.0,7524.0,3.0,44103.0,0.02670483368360026,-0.2279575654275198,0.2231,0.44939271255060714,0.6129
20260121,1092.9428,1063.3376,1102.3769,1060.4675,381126.0,22352.0,546771.0,1.0,0.0,8318.0,0.0,3.0,0.0,46887.0,0.0,1055.90538,1039.16987,1022.11904,16.7355100000002,33.78634000000022,1029.978740873016,1011.863948801587,369852.0,656125.2,0.36712,1.0,8318.0,3.0,46887.0,0.05864727150601114,-0.2381314183950544,0.2824,1.0,0.5484
20260122,1088.2156,1097.3962,1100.0616,1074.626,369376.0,-11750.0,550748.0,1.0,-1.0,8397.0,0.0,3.0,0.0,44674.0,0.0,1065.90268,1047.95361,1025.730975,17.94906999999989,40.17170499999997,1036.594470952381,1015.658370730159,393235.7,660897.6,,0.0,8397.0,3.0,44674.0,-0.03181040457420081,-0.2442294013586073,0.2745,0.9238187078109936,0.5323
20260123,1116.4554,1088.1802,1119.8062,1085.7429,366239.0,-3137.0,432744.0,2.0,-1.0,9953.0,0.0,3.0,0.0,45781.0,0.0,1082.04036,1058.70378,1030.72154,23.33658000000014,51.31882000000019,1044.512102698412,1020.114036706349,409865.7,,0.38675,1.0,9953.0,3.0,45781.0,-0.008565444968995656,-0.2337469984982275,0.2975,1.0,0.4194
20260126,1144.4295,1113.5481,1152.6348,1109.3492,378549.0,12310.0,571581.0,2.0,0.0,10571.0,0.0,3.0,0.0,49690.0,0.0,1100.50626,1070.25801,1037.4103,30.24824999999987,63.09595999999988,1054.539905396825,1025.305299682539,424841.3,685897.2,0.42887,2.0,10571.0,3.0,49690.0,0.032518907723967046,-0.2514910353499802,0.3299,1.0,0.371
20260127,1149.8398,1146.185,1155.6893,1131.8166,372199.0,-6350.0,573180.0,2.0,0.0,12241.0,0.0,3.0,0.0,52477.0,0.0,1118.37662,1082.21061,1043.9971,36.16600999999991,74.37951999999973,1065.226081587302,1031.243170349206,445080.1,687816.0,0.43823,2.0,12241.0,3.0,52477.0,-0.017060765880617626,-0.2481251253293439,0.3371,1.0,0.371
20260128,1187.8059,1148.5715,1188.2436,1136.3483,371939.0,-260.0,577584.0,2.0,0.0,10725.0,0.0,3.0,0.0,51791.0,0.0,1137.34924,1096.62731,1052.5716,40.72192999999993,84.77764000000002,1077.828956111111,1038.057030222222,462668.6,693100.7999999999,0.4583800000000001,2.0,10725.0,3.0,51791.0,-0.0006990393586045024,-0.2569720506548563,0.3526,1.0,0.3548
20260129,1250.6529,1189.8193,1260.1339,1182.6478,357562.0,-14377.0,687206.0,2.0,0.0,12575.0,0.0,3.0,0.0,45638.0,0.0,1169.8367,1117.86969,1065.746575,51.96701000000007,104.0901249999999,1095.011077063492,1046.247477420635,492103.0,824647.2,0.57187,2.0,12575.0,3.0,45638.0,-0.040208411408371135,-0.2452667588298707,0.4399,1.0,0.3548
20260130,1162.287,1246.5229,1252.819,1144.5152,326685.0,-30877.0,1183663.0,2.0,0.0,8466.0,0.0,3.0,0.0,37517.0,0.0,1179.00302,1130.52169,1074.868365,48.48133000000007,104.1346550000003,1107.000697619048,1055.353861753968,582583.7,1420395.6,,2.0,8466.0,3.0,37517.0,-0.0945161240950763,-0.3681577170971991,0.4367,0.9877488514548239,0.3065
20260202,1008.8767,1143.2096,1156.053,1006.5659,311855.0,-14830.0,1255767.0,2.0,0.0,8766.0,0.0,3.0,0.0,33337.0,0.0,1151.89246,1126.19936,1075.448755,25.69309999999996,76.44370500000014,1105.468449365079,1063.967147761904,666201.4,1506920.4,0.75361,2.0,8766.0,3.0,33337.0,-0.047554151769251735,-0.177872298951194,0.5797,1.0,0.2742
20260203,1095.2933,1070.5394,1099.948,1034.8837,315593.0,3738.0,1002716.0,2.0,0.0,8590.0,0.0,3.0,0.0,37062.0,0.0,1140.98316,1129.67989,1079.846675,11.30327000000011,61.13648499999999,1106.183538095238,1072.23440197619,738196.0,1203259.2,,2.0,8590.0,3.0,37062.0,0.011844369171686318,-0.2387045098933076,0.3956,0.5292763998977245,0.3226
20260204,1143.3657,1098.9159,1144.8815,1098.9159,316597.0,1004.0,607573.0,1.0,-1.0,8882.0,0.0,3.0,0.0,39500.0,0.0,1132.09512,1134.72218,1086.946025,-2.627060000000029,45.14909500000044,1110.977185634921,1080.334246452381,744276.2,,,0.0,8882.0,3.0,39500.0,0.0031712239850661883,-0.2251571769793284,0.4116,0.5701866530299157,0.2258
20260205,1107.6778,1133.0369,1141.3344,1081.4477,310228.0,-6369.0,867946.0,2.0,-1.0,9147.0,0.0,3.0,0.0,36638.0,0.0,1103.5001,1136.6684,1092.311005,-33.16830000000004,11.18909499999995,1113.635376825397,1088.038337039682,775996.0,,,1.0,9147.0,3.0,36638.0,-0.020530061761027372,-0.2146176775619784,0.4029,0.5479417028892866,0.2419
20260206,1091.6402,1094.3645,1106.5416,1053.9407,303223.0,-7005.0,665995.0,2.0,0.0,8973.0,0.0,3.0,0.0,35733.0,0.0,1089.37074,1134.18688,1096.44533,-44.81614000000013,-7.074590000000171,1113.365516111111,1094.923678380952,799321.1,,,2.0,8973.0,3.0,35733.0,-0.02310180955930124,-0.2423480364260442,0.4022,0.5461518793147533,0.3548
20260209,1127.6915,1103.2536,1134.8086,1100.9249,300065.0,-3158.0,447635.0,2.0,-1.0,8929.0,0.0,3.0,0.0,38529.0,0.0,1113.1337,1132.51308,1101.385545,-19.37938000000031,11.748155,1115.85345031746,1101.055032873016,786926.5,,,1.0,8929.0,3.0,38529.0,-0.01052438638295036,-0.1917410725108832,0.3738,0.4735361800051139,0.4032
20260210,1122.8667,1124.2796,1135.1674,1118.3917,301155.0,1090.0,291866.0,2.0,0.0,9033.0,0.0,3.0,0.0,40471.0,0.0,1118.64838,1129.81577,1106.01319,-11.16738999999984,12.63518999999997,1118.224032460317,1106.354827960317,758795.1,,,2.0,9033.0,3.0,40471.0,0.003619398648536468,-0.2314801022271547,0.3439,0.39708514446433135,0.4839
20260211,1131.978,1124.9768,1133.98,1119.8833,304584.0,3429.0,282189.0,2.0,0.0,8709.0,0.0,3.0,0.0,43439.0,0.0,1116.37084,1124.23298,1110.430145,-7.862139999999954,5.940695000000005,1120.640237460318,1110.635956095238,729255.6,,,2.0,8709.0,3.0,43439.0,0.011257978094712788,-0.2294238277777847,0.3165,0.3270263359754539,0.5
20260212,1128.1554,1135.3876,1137.1102,1120.5577,302658.0,-1926.0,324382.0,2.0,-1.0,8924.0,0.0,3.0,0.0,43572.0,0.0,1120.46636,1111.98323,1114.92646,8.483129999999846,5.539899999999761,1122.648003095238,1113.399648698413,692973.2,,,1.0,8924.0,3.0,43572.0,-0.00636361834149436,-0.2192245627596223,0.3275,0.3551521350038354,0.5484
20260213,1111.8471,1125.8611,1131.9627,1091.2771,300091.0,-2567.0,399389.0,2.0,0.0,9920.0,0.0,3.0,0.0,40949.0,0.0,1124.50774,1106.93924,1118.730465,17.56850000000009,5.777275000000145,1122.678645714286,1114.967443507936,614545.8,,0.46865,2.0,9920.0,3.0,40949.0,-0.008554071931514107,-0.2815020706923116,0.3605,0.43952953208897977,0.5645
20260224,1152.8335,1161.3958,1162.7743,1144.4623,305313.0,5222.0,176958.0,2.0,0.0,10235.0,0.0,3.0,0.0,45437.0,0.0,1129.53614,1121.33492,1123.76714,8.201220000000149,5.769000000000005,1126.229474285714,1117.043546,506664.9,,,2.0,10235.0,3.0,45437.0,0.01710375909312738,-0.1194383349687964,0.3219,0.34083354640756847,0.5968
20260225,1152.5955,1147.0507,1156.1806,1136.4968,311137.0,5824.0,269824.0,2.0,0.0,8933.0,0.0,3.0,0.0,47643.0,0.0,1135.4819,1127.06514,1128.372515,8.41675999999984,7.109384999999975,1128.730240873016,1119.298216277778,433375.7,,,2.0,8933.0,3.0,47643.0,0.01871844235818948,-0.2314203265720467,0.303,0.29250830989516746,0.5968
20260226,1148.9738,1150.6212,1156.7404,1146.6366,300983.0,-10154.0,224644.0,2.0,0.0,9111.0,0.0,3.0,0.0,48420.0,0.0,1138.88106,1127.62595,1131.174065,11.25511000000006,7.706995000000234,1131.02126468254,1121.30262418254,395082.8,,,2.0,9111.0,3.0,48420.0,-0.03373612463162371,-0.2238992868513355,0.2913,0.26259268729225266,0.629
20260227,1150.383,1147.5914,1152.6142,1138.8377,302266.0,1283.0,255723.0,2.0,0.0,9374.0,0.0,3.0,0.0,49043.0,0.0,1143.32658,1131.89647,1134.282435,11.43011000000001,9.044145000000071,1132.663598095238,1123.205446309524,333860.5,,,2.0,9374.0,3.0,49043.0,0.004244605744609053,-0.2119541401816813,0.2738,0.21784709792891843,0.6452
20260302,1199.6356,1151.9386,1199.6979,1151.3689,309821.0,7555.0,438993.0,2.0,0.0,9689.0,0.0,3.0,0.0,49497.0,0.0,1160.88428,1142.69601,1138.441445,18.18826999999965,22.44283499999983,1137.398170238095,1125.608711722222,311160.3,526791.6,0.42328,2.0,9689.0,3.0,49497.0,0.024385048140700596,-0.254567160296437,0.3256,0.35029404244438767,0.6935
20260303,1184.5041,1197.414,1208.1614,1178.367,294840.0,-14981.0,544879.0,2.0,0.0,10106.0,0.0,3.0,0.0,46442.0,0.0,1167.2184,1148.37727,1140.445175,18.84113000000002,26.77322499999991,1142.452368492063,1128.268603539683,320884.7,653854.7999999999,,2.0,10106.0,3.0,46442.0,-0.050810609143942476,-0.286346005932393,0.3121,0.31577601636410124,0.6935
20260304,1155.7129,1167.8872,1167.8872,1127.4186,286061.0,-8779.0,586170.0,2.0,0.0,11604.0,0.0,3.0,0.0,40456.0,0.0,1167.84188,1151.66189,1140.73883,16.17999000000032,27.10305000000039,1143.822907539682,1130.828491047619,350315.1,703404.0,0.44343,2.0,11604.0,3.0,40456.0,-0.030689258584707457,-0.2327114091686692,0.3411,0.38992585016619796,0.7258
20260305,1154.7338,1155.3205,1162.1607,1144.9356,290404.0,4343.0,327372.0,2.0,0.0,11518.0,0.0,3.0,0.0,38963.0,0.0,1168.99388,1153.93747,1139.085225,15.05640999999991,29.90865499999995,1145.005336984127,1133.265001,354833.4,,,2.0,11518.0,3.0,38963.0,0.014955028167656093,-0.1789841586647613,0.3072,0.30324725134236763,0.5645
20260306,1143.7798,1154.2488,1154.7996,1134.8582,284738.0,-5666.0,385916.0,2.0,0.0,11492.0,0.0,3.0,0.0,37976.0,0.0,1167.67324,1155.49991,1133.74157,12.17333000000008,33.93167000000017,1146.091692539683,1135.609369944444,360986.8,,,2.0,11492.0,3.0,37976.0,-0.01989899486545526,-0.2012181515472613,0.2945,0.27077473791869083,0.5645
20260309,1143.1945,1139.4358,1155.5697,1123.8612,289469.0,4731.0,451088.0,2.0,0.0,11542.0,0.0,3.0,0.0,39131.0,0.0,1156.38502,1158.63465,1132.786945,-2.249629999999797,23.59807500000034,1147.111377777778,1138.052643150794,366156.7,541305.6,,2.0,11542.0,3.0,39131.0,0.016343719016544085,-0.1352267707424833,0.3263,0.35208386601892094,0.5484
20260310,1152.865,1143.641,1156.4146,1137.2329,297602.0,8133.0,318758.0,2.0,0.0,11716.0,0.0,3.0,0.0,41954.0,0.0,1150.0572,1158.6378,1139.98636,-8.580600000000004,10.07083999999986,1147.916351984127,1140.221330920635,380336.7,,,2.0,11716.0,3.0,41954.0,0.027328445373350985,-0.3303185556499816,0.284,0.24392738430069033,0.5
20260311,1155.1177,1153.7014,1163.702,1149.7196,305703.0,8101.0,288378.0,2.0,0.0,11753.0,0.0,3.0,0.0,44585.0,0.0,1149.93816,1158.89002,1142.97758,-8.951859999999897,6.960580000000164,1149.517129365079,1142.300019769841,382192.1,,,2.0,11753.0,3.0,44585.0,0.026499576386231082,-0.3626834842739986,0.2724,0.21426745077985165,0.5161
20260312,1151.2156,1151.3915,1156.5551,1146.2111,309806.0,4103.0,250172.0,2.0,0.0,11681.0,0.0,3.0,0.0,45599.0,0.0,1149.23452,1159.1142,1143.370075,-9.879680000000008,5.864444999999932,1150.771579206349,1144.275051222222,384744.9,,,2.0,11681.0,3.0,45599.0,0.013243771908872003,-0.3502752458415334,0.2505,0.15827154180516495,0.7419
20260313,1136.0008,1152.6433,1154.6434,1135.1845,313019.0,3213.0,290417.0,2.0,0.0,12470.0,0.0,3.0,0.0,43486.0,0.0,1147.67872,1157.67598,1144.786225,-9.997260000000097,2.892494999999826,1150.754598492063,1146.084151261905,388214.3,,,2.0,12470.0,3.0,43486.0,0.01026455263099045,-0.1378606837016178,0.2556,0.16918738784926943,0.7742
20260316,1121.7271,1142.5502,1143.4165,1114.0867,311659.0,-1360.0,350400.0,2.0,0.0,11188.0,0.0,3.0,0.0,42807.0,0.0,1143.38524,1149.88513,1146.29057,-6.49989000000005,-2.905329999999822,1148.933724603174,1147.237706698413,379355.0,,,2.0,11188.0,3.0,42807.0,-0.004363743707064452,0.0203933399267444,0.2431,0.13714432196872603,0.7581
20260317,1119.6483,1124.0222,1125.2392,1113.0993,312221.0,562.0,237951.0,2.0,0.0,11315.0,0.0,3.0,0.0,44121.0,0.0,1136.7419,1143.39955,1145.88841,-6.657649999999876,-9.146509999999807,1146.632887936508,1147.655758642857,348662.2,,,2.0,11315.0,3.0,44121.0,0.0018000070462909285,-0.2343832998651784,0.2213,0.08126121507305821,0.7742
20260318,1116.9674,1119.992,1122.4512,1111.3584,311635.0,-586.0,215772.0,2.0,0.0,11059.0,0.0,3.0,0.0,43805.0,0.0,1129.11184,1139.525,1145.593445,-10.41316000000006,-16.48160499999994,1143.932721825397,1147.666740071429,311622.4,,,2.0,11059.0,3.0,43805.0,-0.0018804049609318595,-0.2346808561641233,0.1984,0.022558318379902596,0.7742
20260319,1065.5751,1089.7601,1095.1197,1060.4432,306013.0,-5622.0,437373.0,1.0,-1.0,10186.0,0.0,3.0,0.0,42462.0,0.0,1111.98374,1130.60913,1142.2733,-18.62538999999992,-30.28955999999994,1137.119992857143,1146.87820565873,322622.5,524847.6,0.43069,0.0,10186.0,3.0,42462.0,-0.018371768519638055,-0.2440245761295962,0.3313,0.36324019482184056,0.7581
20260320,1042.5036,1024.21,1059.731,1005.3366,299906.0,-6107.0,681610.0,1.0,0.0,10086.0,0.0,3.0,0.0,42217.0,0.0,1093.2843,1120.48151,1137.99071,-27.19721000000004,-44.70641000000001,1127.05136484127,1144.974172888889,352191.9,817932.0,0.48165,1.0,10086.0,3.0,42217.0,-0.020363047088087602,-0.2244977355527799,0.3705,0.46372724942322485,0.7581
20260323,943.0677,1043.1503,1045.0391,930.0612,292949.0,-6957.0,854347.0,1.0,-1.0,8789.0,0.0,3.0,0.0,39097.0,0.0,1057.55242,1100.46883,1129.55174,-42.91641000000004,-71.99932000000013,1111.223246349206,1141.385359746032,392517.8,1025216.4,0.79105,0.0,8789.0,3.0,39097.0,-0.023748160942689684,-0.2136178126922913,0.6085,1.0,0.7581
20260324,980.4679,999.2487,1001.8464,959.9153,292686.0,-263.0,735147.0,1.0,-1.0,8117.0,0.0,3.0,0.0,38551.0,0.0,1029.71634,1083.22912,1120.93346,-53.51278000000002,-91.21712000000002,1097.414076825397,1136.335132230159,434156.7,882176.4,,0.0,8117.0,3.0,38551.0,-0.0008985738983074011,-0.2380593787116582,0.509,0.7624731439484363,0.5645
20260325,1014.7757,977.2273,1028.4463,971.0304,294004.0,1318.0,516198.0,1.0,-1.0,6967.0,0.0,3.0,0.0,45388.0,0.0,1009.278,1069.19492,1114.04247,-59.91691999999989,-104.7644700000001,1086.058817222222,1129.989301015873,456938.7,,,0.0,6967.0,3.0,45388.0,0.004482932205004013,-0.225129358574854,0.353,0.39006922893291945,0.5806
20260326,996.9617,1014.703,1023.3732,987.0491,282192.0,-11812.0,438419.0,1.0,-1.0,8234.0,0.0,3.0,0.0,41318.0,0.0,995.55532,1053.76953,1106.441865,-58.21420999999998,-110.8865450000002,1075.356910873016,1122.44783418254,475763.4,,,0.0,8234.0,3.0,41318.0,-0.04185802574133923,-0.2346019493482738,0.3604,0.40773454285032223,0.5645
20260327,999.6759,993.8074,1003.527,979.4526,273721.0,-8471.0,439826.0,1.0,-1.0,7840.0,0.0,3.0,0.0,38500.0,0.0,986.9897799999999,1040.13704,1098.90651,-53.14726000000019,-111.9167300000001,1064.531524920635,1113.825526825397,490704.3,,,0.0,7840.0,3.0,38500.0,-0.03094757070155377,-0.2485060697280872,0.3466,0.3747911195989497,0.5323
20260330,1016.0191,994.2993,1020.1485,989.2784,283781.0,10060.0,505475.0,1.0,-1.0,7652.0,0.0,3.0,0.0,42469.0,0.0,1001.58006,1029.56624,1089.725685,-27.98618000000022,-88.145625,1055.954058174603,1104.52756018254,506211.8,,0.46956,0.0,7652.0,3.0,42469.0,0.03544987155588288,-0.2493755086182619,0.3612,0.4096443065170685,0.5161
20260331,1021.1061,1023.4773,1035.3266,1012.2817,284302.0,521.0,432534.0,1.0,-1.0,7957.0,0.0,3.0,0.0,44654.0,0.0,1009.7077,1019.71202,1081.555785,-10.00431999999978,-71.84808499999986,1049.57423015873,1094.821694404762,525670.1,,,0.0,7957.0,3.0,44654.0,0.001832558335854127,-0.3462444748239758,0.3557,0.3965146813081881,0.4839
20260401,1054.2972,1023.9828,1054.6387,1022.523,290211.0,5909.0,389484.0,1.0,-1.0,8404.0,0.0,3.0,0.0,48682.0,0.0,1017.612,1013.445,1076.485,4.166999999999803,-58.87300000000027,1045.694100396825,1084.997832261905,543041.3,,,0.0,8404.0,3.0,48682.0,0.020361047651536297,-0.2446098995739888,0.3438,0.36810694676533773,0.4677
20260402,1024.9499,1052.0154,1066.2809,1015.1809,279919.0,-10292.0,581704.0,1.0,-1.0,9269.0,0.0,3.0,0.0,43586.0,0.0,1023.20964,1009.38248,1069.995805,13.82716000000005,-46.78616499999998,1041.657764126984,1075.451609388889,557474.4,,,0.0,9269.0,3.0,43586.0,-0.036767779250426014,-0.2643988054351182,0.3546,0.39388875626641207,0.4839
20260403,1034.3595,1026.4651,1048.2439,1021.1147,278020.0,-1899.0,375036.0,1.0,-1.0,8671.0,0.0,3.0,0.0,43800.0,0.0,1030.14636,1008.56807,1064.52479,21.57828999999992,-34.37842999999998,1037.984572460318,1066.544930150794,526817.0,,0.46618,0.0,8671.0,3.0,43800.0,-0.006830443852960218,-0.2443529890352842,0.3586,0.4034375746001431,0.5
20260407,1035.5917,1035.9484,1038.8636,1029.2143,279743.0,1723.0,159613.0,1.0,-1.0,8577.0,0.0,3.0,0.0,44036.0,0.0,1034.06088,1017.82047,1059.14465,16.24041000000022,-25.0837699999995,1034.997630873016,1058.922368603175,457343.6,,,0.0,8577.0,3.0,44036.0,0.006159224716972364,-0.25153471219831,0.34,0.35903556934829317,0.4839
20260408,1063.3541,1034.4169,1069.8991,1024.7151,292995.0,13252.0,376431.0,1.0,-1.0,9053.0,0.0,3.0,0.0,47946.0,0.0,1042.51048,1026.10909,1054.669105,16.40138999999976,-12.15862500000003,1034.303196111111,1052.611280531746,421472.0,,,0.0,9053.0,3.0,47946.0,0.045229440775439854,-0.2435476315393794,0.2958,0.23750304803706415,0.5161
20260409,1042.6231,1060.0889,1061.3673,1040.3651,291475.0,-1520.0,330484.0,1.0,-1.0,9172.0,0.0,3.0,0.0,43457.0,0.0,1040.17566,1028.89383,1049.044375,11.2818299999999,-8.868715000000066,1033.639838809524,1047.369382690476,402900.6,,,0.0,9172.0,3.0,43457.0,-0.005214855476455957,-0.2621673126660163,0.2949,0.23530846135089,0.5323
