,收盘价,开盘价,最高价,最低价,持仓量,持仓量变动,成交量,家人多头席位数,家人空头席位数,家人多头持仓量,家人空头持仓量,机构多头席位数,机构空头席位数,机构多头持仓量,机构空头持仓量,ma5,ma10,ma20,diff5_10,diff5_20,DKX,MADKX,成交量MA10,成交量放大信号,IV上涨信号,ATRMA14,ATR60D60pct,推荐止损宽度,家人净多头席位,家人净多头持仓量,机构净多头席位,机构净多头持仓量,持仓量变幅,CB_index,IV,IV_pct,趋势横截面分位数,趋势历史分位数,CB_index历史分位数
20240506,2810.2893,2814.3501,2831.2065,2792.1213,1097554.0,4794.0,848526.0,2.0,-1.0,33398.0,-12460.0,2.0,-1.0,14846.0,-42968.0,2762.10584,2743.24232,2717.219015,18.86351999999988,44.88682500000004,2735.012336111111,2707.802058357143,1033357.3,,0.27002,2.352037767761241,2.015695265483162,4.367733033244402,1.0,20938.0,1.0,-28122.0,0.004367894427062358,0.496157608621965,,,0.4795,0.4027,0.293
20240507,2893.3057,2817.0288,2902.803,2817.0288,1166778.0,69224.0,1272998.0,1.0,-1.0,14221.0,-8943.0,2.0,-1.0,23370.0,-34404.0,2790.15888,2763.73163,2729.58114,26.42724999999973,60.57774000000018,2749.690536587302,2714.068422976191,1067763.9,,0.278415,2.458762745183087,2.015695265483162,4.474458010666249,0.0,5278.0,1.0,-11034.0,0.05932919544249206,0.4641675639033963,,,0.5342,0.424,0.28
20240508,2879.8735,2879.6836,2907.0859,2861.1326,1190684.0,23906.0,1115601.0,2.0,-1.0,31747.0,-16812.0,2.0,-1.0,18880.0,-37805.0,2814.62934,2778.82313,2741.11743,35.80621000000019,73.51191000000017,2764.311683333333,2721.543589809524,1068563.6,,,2.412532444457483,1.954580173876777,4.36711261833426,1.0,14935.0,1.0,-18925.0,0.020077535265444063,0.5096344764697635,,,0.7808,0.6987,0.305
20240509,2863.6404,2871.7771,2889.8,2847.3245,1180595.0,-10089.0,1081057.0,2.0,-1.0,29529.0,-14361.0,2.0,-2.0,14836.0,-43390.0,2839.72876,2794.69518,2750.368555,45.03358000000026,89.36020499999995,2776.657297619047,2729.938158198413,1076153.1,,,2.282871093808732,1.954580173876777,4.237451267685509,1.0,15168.0,0.0,-28554.0,-0.008545690943973167,0.5312793143290047,,,0.7534,0.6533,0.315
20240510,2826.2678,2854.7351,2869.019,2810.4175,1178716.0,-1879.0,1048706.0,2.0,-1.0,31223.0,-14240.0,2.0,-1.0,15422.0,-34555.0,2854.67534,2803.6787,2757.35813,50.99663999999984,97.31721000000016,2785.072288412699,2738.709205277778,1031497.3,,,2.068198328266708,1.954580173876777,4.022778502143485,1.0,16983.0,1.0,-19133.0,-0.001594107486451359,0.6024116858172802,,,0.7123,0.6027,0.35
20240513,2848.2339,2827.728,2857.998,2824.2991,1185054.0,6338.0,739852.0,2.0,-1.0,29789.0,-14289.0,1.0,-2.0,13686.0,-37639.0,2862.26426,2812.18505,2765.536475,50.07921000000033,96.7277850000005,2793.442829285714,2747.67406097619,1005532.2,,,2.065801929595175,1.954580173876777,4.020382103471952,1.0,15500.0,-1.0,-23953.0,0.005348279487685793,0.3964615586760932,,,0.6849,0.552,0.253
20240514,2846.2375,2841.3059,2886.1196,2836.1902,1173595.0,-11459.0,1061260.0,2.0,-1.0,27944.0,-14283.0,1.0,-2.0,14683.0,-35034.0,2852.85062,2821.50475,2774.227695,31.3458700000001,78.62292500000012,2801.674917539683,2756.807211515873,1007783.0,,,2.016049177870857,1.942182128711763,3.958231306582621,1.0,13661.0,-1.0,-20351.0,-0.009764015695363393,0.5466860715099946,,,0.6575,0.608,0.325
20240515,2863.7524,2842.9983,2881.2478,2836.9612,1181029.0,7434.0,911492.0,2.0,-1.0,30135.0,-14484.0,1.0,-2.0,14073.0,-39334.0,2849.6264,2832.12787,2782.99039,17.4985300000003,66.63601000000017,2809.732189920635,2766.140164190476,998812.8,,,2.006162835102054,1.942182128711763,3.948344963813817,1.0,15651.0,-1.0,-25261.0,0.00629451097305824,0.4830896997082398,,,0.589,0.5613,0.289
20240516,2842.416,2872.8337,2879.2156,2831.0605,1188908.0,7879.0,879703.0,2.0,-1.0,32071.0,-14635.0,1.0,-2.0,13996.0,-37581.0,2845.38152,2842.55514,2788.03176,2.826379999999972,57.34975999999961,2816.456193412699,2775.707034198413,986155.1,,,1.8616678611496,1.883190880284432,3.744858741434032,1.0,17436.0,-1.0,-23585.0,0.006627089732763174,0.4071693478526599,,,0.589,0.452,0.257
20240517,2868.25,2841.2383,2874.0105,2826.4121,1192448.0,3540.0,954962.0,2.0,-1.0,29213.0,-15387.0,2.0,-1.0,13296.0,-26971.0,2853.77796,2854.22665,2791.896605,-0.4486899999997149,61.88135499999999,2823.714084920635,2785.576435714286,991415.7,,,1.856603606694995,1.866476333398675,3.723079940093671,1.0,13826.0,1.0,-13675.0,0.0029686829111206527,0.0712628268657432,,,0.5479,0.376,0.138
20240520,2844.2957,2866.0061,2878.8362,2825.7073,1221250.0,28802.0,1023597.0,2.0,-1.0,36173.0,-13363.0,1.0,-2.0,13502.0,-42984.0,2852.99032,2857.62729,2800.434805,-4.636970000000019,52.55551500000001,2829.177475396825,2794.992949642857,1008922.8,,,1.877999639580009,1.868319135454877,3.746318775034886,1.0,22810.0,-1.0,-29482.0,0.02358403275332651,0.5930204428583133,,,0.5616,0.3707,0.35
20240521,2828.584,2844.9932,2886.3538,2820.574,1219127.0,-2123.0,1252640.0,2.0,-1.0,42122.0,-13418.0,1.0,-2.0,14058.0,-60200.0,2849.45962,2851.15512,2807.443375,-1.695499999999811,42.01624500000025,2832.84401531746,2803.308297515873,1006887.0,1503168.0,,1.917400999763644,1.883190880284432,3.800591880048075,1.0,28704.0,-1.0,-46142.0,-0.0017414100417757954,0.3879225151742062,,,0.5342,0.3347,0.248
20240522,2907.6624,2831.7048,2908.2676,2813.8931,1219827.0,700.0,1360987.0,2.0,-1.0,34724.0,-14246.0,2.0,-1.0,12590.0,-22711.0,2858.24162,2853.93401,2816.37857,4.307609999999841,41.86304999999993,2839.958545238096,2810.872983706349,1031425.6,1633184.4,0.27784,1.998772218030372,1.883190880284432,3.881963098314804,1.0,20478.0,1.0,-10121.0,0.0005738518658793419,0.7522433800690169,,,0.5479,0.3347,0.41
20240523,2893.2778,2903.8921,2930.8438,2870.5383,1256643.0,36816.0,1875083.0,2.0,-2.0,31073.0,-20524.0,2.0,-1.0,11119.0,-24666.0,2868.41398,2856.89775,2825.796465,11.51623000000018,42.61751499999991,2847.809546190476,2817.988208563492,1110828.2,2250099.6,,2.040361198340474,1.959290907645802,3.999652105986276,0.0,10549.0,1.0,-13547.0,0.029297103473301486,0.605998869546059,,,0.5616,0.336,0.359
20240524,2865.2944,2910.4353,2919.8289,2858.9241,1259891.0,3248.0,1127906.0,3.0,-1.0,39190.0,-20588.0,1.0,-2.0,12046.0,-51003.0,2867.82286,2860.80041,2832.239555,7.02245000000039,35.58330500000011,2853.219745317461,2824.802954253968,1118748.2,,,1.990726656397666,2.054198602824272,4.044925259221939,2.0,18602.0,-1.0,-38957.0,0.0025780007953068954,0.4199183731795574,,,0.5342,0.3373,0.265
20240527,2852.3381,2873.8254,2896.5181,2843.9751,1312948.0,53057.0,1163831.0,3.0,-1.0,45277.0,-18367.0,1.0,-2.0,12651.0,-74261.0,2869.43134,2861.21083,2836.69794,8.220510000000104,32.73340000000007,2856.232298412699,2831.081901166667,1161146.1,,,1.892912452364403,2.054198602824272,3.947111055188675,2.0,26910.0,-1.0,-61610.0,0.040410587471857225,0.3571703396712216,,,0.5753,0.3387,0.228
20240528,2831.5186,2847.4358,2875.5823,2825.3232,1324087.0,11139.0,983973.0,2.0,-1.0,47988.0,-20302.0,1.0,-2.0,13854.0,-72924.0,2870.01826,2859.73894,2840.621845,10.27931999999964,29.39641499999971,2856.619985238096,2836.576407936508,1153417.4,,,1.905971194020953,2.054198602824272,3.960169796845225,1.0,27686.0,-1.0,-59070.0,0.008412589202975333,0.2880506667383393,,,0.6438,0.3787,0.206
20240529,2778.9824,2815.3235,2826.0398,2748.9045,1332092.0,8005.0,1593559.0,2.0,-1.0,59166.0,-12906.0,1.0,-2.0,14082.0,-91621.0,2844.28226,2851.26194,2841.694905,-6.979679999999917,2.587355000000116,2851.597780396825,2840.762966984127,1221624.1,1912270.8,,2.010620769007557,2.07780790588921,4.088428674896768,1.0,46260.0,-1.0,-77539.0,0.006009344699915622,0.2372236863075076,,,0.726,0.4173,0.193
20240530,2767.635,2772.179,2780.4695,2750.8792,1333773.0,1681.0,975589.0,2.0,-1.0,58525.0,-13334.0,1.0,-2.0,12968.0,-83941.0,2819.1537,2843.78384,2843.16949,-24.63014000000021,-24.01579000000038,2844.395593333334,2843.55690697619,1231212.7,,,1.940757867603486,2.07780790588921,4.018565773492696,1.0,45191.0,-1.0,-70973.0,0.0012603344047300402,0.1824578415203109,,,0.7123,0.452,0.171
20240531,2763.8528,2766.7131,2774.0022,2743.0027,1327735.0,-6038.0,915578.0,3.0,-1.0,60608.0,-9547.0,1.0,-2.0,12903.0,-85971.0,2798.86538,2833.34412,2843.785385,-34.47874000000002,-44.92000499999995,2836.356029523809,2844.821101436508,1227274.3,,,1.938087030531501,2.054198602824272,3.992285633355773,2.0,51061.0,-1.0,-73068.0,-0.004547594211194252,0.204059637198112,,,0.7397,0.4893,0.18
20240603,2715.4365,2767.3884,2780.5532,2708.8662,1333782.0,6047.0,999045.0,2.0,-2.0,61353.0,-21266.0,1.0,-2.0,15030.0,-79004.0,2771.48506,2820.4582,2839.042745,-48.97314000000006,-67.55768499999976,2825.830289761905,2844.486382873016,1224819.1,,,1.999396006835483,2.07780790588921,4.077203912724693,0.0,40087.0,-1.0,-63974.0,0.004533724401738815,0.1035587401317397,,,0.6986,0.5387,0.147
20240604,2734.8589,2721.7385,2744.3401,2697.2297,1308876.0,-24906.0,957748.0,2.0,-2.0,59929.0,-22945.0,1.0,-2.0,13412.0,-77661.0,2752.15312,2811.08569,2831.120405,-58.9325700000004,-78.96728500000017,2815.304407063492,2842.732422047619,1195329.9,,,2.013071087698893,2.07780790588921,4.090878993588102,0.0,36984.0,-1.0,-64249.0,-0.01902854051873516,0.2959607218849046,,,0.9041,0.9133,0.211
20240605,2754.6121,2733.4158,2771.2954,2729.0737,1319541.0,10665.0,975233.0,2.0,-2.0,60719.0,-21738.0,1.0,-2.0,13307.0,-68213.0,2747.27906,2795.78066,2824.857335,-48.50160000000005,-77.5782750000003,2807.417075476191,2839.478275071428,1156754.5,,,2.00249964734967,2.07780790588921,4.08030755323888,0.0,38981.0,-1.0,-54906.0,0.008082355910123292,0.4122751664574549,,,0.9315,0.9427,0.271
20240606,2754.5642,2756.9729,2769.2659,2723.3071,1326326.0,6785.0,1012556.0,2.0,-2.0,61392.0,-19972.0,1.0,-2.0,12955.0,-66822.0,2744.6649,2781.9093,2819.403525,-37.2444000000005,-74.73862499999996,2800.357482539683,2834.73306870635,1070501.8,,,2.004120697297552,2.07780790588921,4.081928603186762,0.0,41420.0,-1.0,-53867.0,0.005115635220903458,0.3416662272619632,,,0.7534,0.7187,0.231
20240607,2735.9802,2754.4172,2782.6787,2732.814,1357021.0,30695.0,1115594.0,2.0,-2.0,63590.0,-21255.0,1.0,-2.0,14642.0,-85402.0,2739.09038,2768.97788,2814.889145,-29.88750000000027,-75.79876500000046,2793.020966349207,2828.713190809524,1069270.6,,,2.00133024717513,2.054198602824272,4.055528849999403,0.0,42335.0,-1.0,-70760.0,0.022619399405020262,0.263247709334176,,,0.7671,0.624,0.205
20240611,2722.3323,2742.3274,2756.0107,2718.8,1350853.0,-6168.0,693785.0,2.0,-2.0,62638.0,-20928.0,1.0,-2.0,13773.0,-74548.0,2740.46954,2755.9773,2808.594065,-15.50775999999996,-68.12452499999972,2784.798390238096,2821.569799992064,1022266.0,,,1.933664505148179,1.959290907645802,3.892955412793981,0.0,41710.0,-1.0,-60775.0,-0.004566003850900135,0.137855810368477,,,0.7534,0.5533,0.157
20240612,2727.8704,2720.8782,2731.5618,2693.8101,1365473.0,14620.0,1032901.0,2.0,-2.0,61334.0,-22495.0,1.0,-2.0,17992.0,-70417.0,2739.07184,2745.61248,2802.67571,-6.540640000000622,-63.60387000000037,2776.249173253968,2813.532718793651,1027158.8,,,1.797036736612649,1.883190880284432,3.680227616897081,0.0,38839.0,-1.0,-52425.0,0.010706912549717205,0.1159274338113941,,,0.7123,0.5053,0.151
20240613,2646.4873,2728.5994,2731.9287,2646.165,1416002.0,50529.0,1308995.0,2.0,-2.0,66688.0,-22832.0,1.0,-2.0,19468.0,-90875.0,2717.44688,2732.36297,2791.812455,-14.91609000000017,-74.36557499999981,2763.884971190476,2804.761437873016,998702.4,1570794.0,,1.874376328581044,1.959290907645802,3.833667236226846,0.0,43856.0,-1.0,-71407.0,0.0356842716323847,-0.2435491647723877,,,0.6849,0.452,0.09
20240614,2681.8601,2649.8853,2690.6631,2649.2817,1358284.0,-57718.0,1159519.0,3.0,-1.0,59966.0,-20901.0,1.0,-2.0,4289.0,-72548.0,2702.90606,2723.78548,2783.78466,-20.8794199999993,-80.8786,2752.093003015873,2795.53117884127,1017095.4,,,1.839826476059894,1.959290907645802,3.799117383705696,2.0,39065.0,-1.0,-68259.0,-0.04249332245686469,-0.1442922396494911,,,0.6164,0.3787,0.099
20240617,2614.1182,2678.0808,2681.042,2598.718,1365441.0,7157.0,1168635.0,2.0,-2.0,67458.0,-19186.0,1.0,-2.0,4052.0,-55367.0,2678.53366,2708.81202,2771.07807,-30.27836000000025,-92.54440999999997,2737.545347936507,2785.65011068254,1042401.1,,,1.93133009377504,1.959290907645802,3.890621001420842,0.0,48272.0,-1.0,-51315.0,0.005241530025830483,-0.3770603560841456,,,0.5342,0.3507,0.078
20240618,2583.6821,2613.3015,2615.6221,2583.4482,1373148.0,7707.0,1089862.0,2.0,-1.0,69765.0,-19831.0,1.0,-2.0,18461.0,-56804.0,2650.80362,2695.63658,2758.04739,-44.83296000000018,-107.24377,2720.263114841271,2775.093393190476,1051482.8,,0.244145,1.896317288545597,1.88257803092316,3.778895319468758,1.0,49934.0,-1.0,-38343.0,0.005612650639261026,-0.4857973736246816,,,0.4247,0.2747,0.069
20240619,2579.5095,2588.0383,2594.6038,2570.9602,1392128.0,18980.0,970344.0,3.0,-2.0,69158.0,-23426.0,1.0,-2.0,19012.0,-60056.0,2621.13144,2680.10164,2745.593665,-58.97019999999975,-124.4622249999998,2702.811468809524,2763.84409936508,1052742.4,,,1.750251191020795,1.88257803092316,3.632829221943955,1.0,45732.0,-1.0,-41044.0,0.01363380378815741,-0.5461087094829887,,,0.3288,0.196,0.068
20240620,2576.5737,2581.6038,2592.8403,2557.793,1412357.0,20229.0,1188327.0,3.0,-1.0,69970.0,-21703.0,1.0,-2.0,19861.0,-64377.0,2607.14872,2662.2978,2729.03923,-55.14907999999969,-121.8905099999997,2686.453440555556,2751.747735873016,1074051.8,,0.2645,1.773663390288072,1.88257803092316,3.656241421211232,2.0,48267.0,-1.0,-44516.0,0.014322865960943303,-0.6388874648518825,,,0.3288,0.16,0.057
20240621,2573.7349,2567.9697,2585.8506,2542.8398,1393788.0,-18569.0,1287623.0,3.0,-2.0,72023.0,-19597.0,1.0,-2.0,18615.0,-53527.0,2585.52368,2644.21487,2713.062085,-58.69119000000001,-127.5384050000002,2670.897311269841,2738.801718746032,1101558.5,,,1.814793564398615,1.866067767157828,3.680861331556443,1.0,52426.0,-1.0,-34912.0,-0.0133226860899936,-0.549538590489298,,,0.2329,0.096,0.069
20240624,2584.7302,2572.293,2609.0171,2566.6985,1410630.0,16842.0,1248209.0,3.0,-1.0,73227.0,-18892.0,1.0,-2.0,20167.0,-46104.0,2579.64608,2629.08987,2699.033875,-49.44379000000026,-119.3877950000001,2658.086691746033,2725.308291285714,1114820.0,,0.26565,1.742360807834332,1.85119737286437,3.593558180698702,2.0,54335.0,-1.0,-25937.0,0.011939346249548075,-0.5200513913118422,,,0.2466,0.0867,0.071
20240625,2584.2271,2580.2271,2603.8206,2557.886,1431699.0,21069.0,1151475.0,3.0,-1.0,74897.0,-19209.0,1.0,-2.0,13569.0,-57333.0,2579.75508,2615.27935,2685.628325,-35.52426999999989,-105.8732449999998,2646.571455555556,2711.485597817461,1160589.0,,,1.746263659207139,1.830373156447634,3.576636815654773,2.0,55688.0,-1.0,-43764.0,0.014716082081498974,-0.5813669472516759,,,0.2192,0.0787,0.063
20240626,2600.5896,2571.3298,2609.2039,2568.7314,1461614.0,29915.0,1091648.0,3.0,-2.0,76599.0,-17754.0,1.0,-2.0,13502.0,-59634.0,2583.9711,2602.55127,2674.081875,-18.58017000000018,-90.1107750000001,2637.41942968254,2697.602623460318,1166463.7,,,1.74880770599356,1.830373156447634,3.579180862441194,1.0,58845.0,-1.0,-46132.0,0.02046710006882802,-0.566065225740896,,,0.1781,0.0493,0.066
20240627,2621.9285,2595.1887,2635.0872,2590.4856,1473918.0,12304.0,1622315.0,3.0,-1.0,68356.0,-19242.0,1.0,-2.0,14932.0,-57305.0,2593.04206,2600.095389999999,2666.22918,-7.053329999999733,-73.18712000000005,2631.299133253968,2684.344039666667,1197795.7,1946778.0,0.26634,1.751420382226249,1.830373156447634,3.581793538673883,2.0,49114.0,-1.0,-42373.0,0.008347818535359498,-0.5132169594479673,,,0.0822,0.0187,0.074
20240628,2627.8132,2627.0947,2636.2844,2605.449,1448582.0,-25336.0,1005051.0,3.0,-1.0,68556.0,-18975.0,1.0,-2.0,19940.0,-65335.0,2603.85772,2594.6907,2659.23809,9.167019999999866,-55.38036999999986,2627.13150015873,2671.847889380952,1182348.9,,,1.704763805376842,1.795520505533465,3.500284310910307,2.0,49581.0,-1.0,-45395.0,-0.01749020766515116,-0.5924829382253446,,,0.1096,0.02,0.062
20240701,2639.9814,2626.0161,2646.4995,2604.5427,1487168.0,38586.0,1446184.0,3.0,-1.0,67820.0,-19698.0,1.0,-2.0,20618.0,-57793.0,2614.90796,2597.27702,2653.04452,17.63094000000001,-38.13655999999992,2624.534890714286,2660.54684365873,1210103.8,,,1.721547285202584,1.775991906256119,3.497539191458703,2.0,48122.0,-1.0,-37175.0,0.02594595903085596,-0.5687006411576369,,,0.0959,0.0213,0.066
20240702,2662.7542,2632.2898,2670.2339,2625.2271,1508898.0,21730.0,1298498.0,3.0,-1.0,68355.0,-20465.0,1.0,-2.0,20176.0,-44192.0,2630.61338,2605.18423,2650.410405,25.42914999999994,-19.7970250000003,2624.224441825397,2650.942976357143,1230967.4,,,1.744446592062604,1.77183994714241,3.516286539205014,2.0,47890.0,-1.0,-24016.0,0.014401238519767406,-0.4638924421218189,,,0.1644,0.052,0.079
20240703,2660.9546,2669.699,2697.6448,2652.7163,1603921.0,95023.0,1509077.0,3.0,-1.0,72993.0,-18958.0,1.0,-2.0,22770.0,-60746.0,2642.68638,2613.32874,2646.71519,29.35764000000017,-4.028809999999794,2625.657859761904,2643.227615452381,1284840.7,,,1.632162319965323,1.77183994714241,3.404002267107733,2.0,54035.0,-1.0,-37976.0,0.059244189707597816,-0.3355929203521919,,,0.1781,0.056,0.094
20240704,2596.6658,2663.4951,2672.2971,2588.8953,1627422.0,23501.0,1888754.0,3.0,0.0,94660.0,0.0,1.0,-2.0,23084.0,-67653.0,2637.63384,2615.33795,2638.817875,22.29588999999987,-1.184034999999767,2623.027205079366,2636.884991904762,1354883.4,2266504.8,,1.743418289122357,1.77183994714241,3.515258236264767,3.0,94660.0,-1.0,-44569.0,0.014440630641591425,-0.8846279527154279,,,0.274,0.088,0.029
20240705,2616.5151,2595.7798,2630.4507,2591.3137,1596305.0,-31117.0,1312512.0,4.0,-1.0,75033.0,-17501.0,1.0,-2.0,23869.0,-50122.0,2635.37422,2619.61597,2631.91542,15.75825000000032,3.458799999999883,2620.212355714285,2631.816496349206,1357372.3,,,1.62277381280125,1.760431436566313,3.383205249367562,3.0,57532.0,-1.0,-26253.0,-0.019493141974747934,-0.6934191700420079,,,0.3014,0.0947,0.053
20240708,2610.0601,2620.782,2645.9409,2605.5259,1593195.0,-3110.0,1445258.0,4.0,0.0,71225.0,-5375.0,1.0,-2.0,23166.0,-41404.0,2629.38996,2622.14896,2625.619415,7.240999999999985,3.770544999999856,2618.635810476191,2627.871408222222,1377077.2,,,1.64415830102913,1.760431436566313,3.404589737595442,4.0,65850.0,-1.0,-18238.0,-0.0019520523225342787,-0.634857176791824,,,0.3562,0.108,0.06
20240709,2541.2598,2601.1057,2601.1057,2527.3154,1671722.0,78527.0,1772902.0,4.0,0.0,86186.0,-4372.0,1.0,-2.0,16932.0,-60030.0,2605.09108,2617.85223,2616.56579,-12.76114999999982,-11.47470999999996,2612.055451031747,2624.419807769841,1439219.9,2127482.4,,1.807812014208574,1.77183994714241,3.579651961350984,4.0,81814.0,-1.0,-43098.0,0.04697371931457503,-0.8955981722420536,,,0.3562,0.1107,0.027
20240710,2504.7615,2545.4727,2550.582,2484.4312,1652119.0,-19603.0,1505641.0,4.0,-1.0,76991.0,-16297.0,1.0,-2.0,14973.0,-41583.0,2573.852460000001,2608.26942,2605.410345,-34.41695999999911,-31.55788499999971,2602.40285920635,2620.918150722222,1480619.2,,,1.896764276130857,1.775991906256119,3.672756182386975,3.0,60694.0,-1.0,-26610.0,-0.011865368051574978,-0.945307979267373,,,0.3562,0.1173,0.02
20240711,2478.6111,2518.0967,2519.2498,2473.7712,1708670.0,56551.0,1236776.0,3.0,-1.0,84533.0,-15119.0,1.0,-2.0,16501.0,-55164.0,2550.24152,2593.93768,2597.016535,-43.69615999999951,-46.77501499999971,2590.985432936507,2616.886780690476,1442065.3,,,1.908523081657851,1.795520505533465,3.704043587191316,2.0,69414.0,-1.0,-38663.0,0.03309650195766298,-1.0205076606624424,,,0.3699,0.1493,0.015
20240712,2464.6343,2489.6926,2500.2073,2461.7568,1721646.0,12976.0,1358430.0,3.0,-2.0,86818.0,-21291.0,1.0,-2.0,22159.0,-60350.0,2519.86536,2577.61979,2586.155245,-57.75442999999996,-66.28988499999969,2579.225790873016,2612.096209761905,1477403.2,,,1.904170667653244,1.775991906256119,3.680162573909363,1.0,65527.0,-1.0,-38191.0,0.007536973338305319,-1.0962409860801063,,,0.3836,0.1907,0.008
20240715,2413.1753,2465.8569,2471.0542,2400.0303,1782310.0,60664.0,1950212.0,4.0,-1.0,96207.0,-10211.0,1.0,-2.0,17270.0,-42147.0,2480.4884,2554.93918,2576.1081,-74.45078000000058,-95.6197000000002,2563.962257301588,2606.038946420635,1527806.0,2340254.4,0.25438,1.982823971267576,1.775991906256119,3.758815877523695,3.0,85996.0,-1.0,-24877.0,0.03403672761753006,-0.5951535265728243,,,0.2329,0.0853,0.069
20240716,2457.2485,2407.4771,2459.5605,2402.7703,1868309.0,85999.0,2133939.0,3.0,-2.0,89343.0,-26782.0,1.0,-2.0,24627.0,-45534.0,2463.68614,2534.38861,2569.78642,-70.70247000000018,-106.1002799999997,2550.570468015873,2598.673549039682,1611350.1,2560726.8,0.2849699999999999,2.036199577810155,1.775991906256119,3.812191484066275,1.0,62561.0,-1.0,-20907.0,0.04603039432984587,-0.3197569791715073,,,0.2466,0.0867,0.103
20240717,2472.7378,2459.1042,2569.4036,2452.78,2027707.0,159398.0,6120658.0,2.0,-2.0,94319.0,-35019.0,2.0,-1.0,26389.0,-41847.0,2457.2814,2515.56693,2564.447835,-58.28553000000011,-107.1664350000001,2542.103437460318,2590.318106809524,2072508.2,7344789.6,0.3142949999999999,2.246173723271825,1.795520505533465,4.04169422880529,0.0,59300.0,1.0,-15458.0,0.07860997668795344,-0.2102471180744329,,,0.2329,0.0893,0.114
20240718,2470.2595,2477.7166,2502.2761,2442.7383,1981642.0,-46065.0,3879015.0,2.0,-1.0,81304.0,-16689.0,1.0,-2.0,22102.0,-51399.0,2455.61108,2502.9263,2559.132125,-47.31521999999995,-103.521045,2533.10293952381,2581.325680253968,2271534.3,4654818.0,,2.336765673158792,1.795520505533465,4.132286178692257,1.0,64615.0,-1.0,-29297.0,-0.023245873876310656,-0.472809257533908,,,0.2055,0.092,0.086
20240719,2515.7358,2470.0166,2526.4839,2460.9856,1990787.0,9145.0,3884095.0,2.0,-1.0,77888.0,-15321.0,1.0,-2.0,29320.0,-52942.0,2465.83138,2492.84837,2556.23217,-27.01699000000008,-90.40079000000014,2527.205441666667,2572.024988849206,2528692.6,4660914.0,,2.411330878585927,1.827468877202323,4.238799755788249,1.0,62567.0,-1.0,-23622.0,0.004593660698005362,-0.2943429015909491,,,0.2055,0.0973,0.108
20240722,2502.1077,2523.1716,2528.8621,2485.5354,1933315.0,-57472.0,2659190.0,3.0,-1.0,79200.0,-13963.0,1.0,-2.0,30262.0,-50165.0,2483.61786,2482.05313,2552.101045,1.564730000000054,-68.4831850000005,2522.432937222222,2562.404701523809,2650085.8,,,2.417544263739933,1.795520505533465,4.213064769273398,2.0,65237.0,-1.0,-19903.0,-0.02972717844738183,-0.4210579260664798,,,0.2055,0.0987,0.092
20240723,2452.9854,2495.4487,2525.8923,2452.9854,1817514.0,-115801.0,3054807.0,3.0,-1.0,75984.0,-5558.0,1.0,-2.0,28880.0,-80196.0,2482.76524,2473.22569,2545.53896,9.539549999999508,-62.77372000000059,2514.557411587301,2552.654897579365,2778276.3,,,2.511587558984114,1.827468877202323,4.339056436186437,2.0,70426.0,-1.0,-51316.0,-0.06371395213461904,-0.6283779860631673,,,0.2055,0.084,0.065
20240724,2476.374,2466.1233,2494.1243,2462.7258,1731434.0,-86080.0,2072111.0,3.0,0.0,67357.0,-5400.0,1.0,-2.0,26379.0,-45770.0,2483.49248,2470.38694,2539.32818,13.10554000000002,-55.83570000000009,2507.493391746032,2543.163950833333,2834923.3,,,2.399393073043435,1.827468877202323,4.226861950245757,3.0,61957.0,-1.0,-19391.0,-0.049716015741864836,-0.5310374204137612,,,0.2055,0.0853,0.083
20240725,2435.8857,2481.1626,2481.1626,2421.0376,1727211.0,-4223.0,1996205.0,2.0,-1.0,73263.0,-9724.0,1.0,-2.0,26850.0,-48548.0,2476.61772,2466.1144,2530.02604,10.5033199999998,-53.40832,2498.545495,2533.919957039683,2910866.2,,,2.472166174249036,1.837746380936855,4.309912555185892,1.0,63539.0,-1.0,-21698.0,-0.00244498211278182,-0.7175677439901063,,,0.1918,0.0867,0.053
20240726,2479.3215,2447.1072,2493.1362,2442.4758,1655131.0,-72080.0,2109927.0,3.0,-1.0,61703.0,-9969.0,1.0,-2.0,24498.0,-36638.0,2469.33486,2467.58312,2522.601455,1.751740000000154,-53.26659500000005,2492.407119365079,2525.238089888889,2986015.9,,,2.53005603079517,1.837746380936855,4.367802411732026,2.0,51734.0,-1.0,-12140.0,-0.043549422976187385,-0.4870792665934979,,,0.274,0.0893,0.088
20240729,2444.9641,2469.7144,2501.3672,2388.8938,1685919.0,30788.0,2871814.0,2.0,-1.0,64795.0,-11306.0,2.0,-1.0,48004.0,-18958.0,2457.90614,2470.762,2512.85059,-12.85585999999967,-54.94444999999996,2484.935411984126,2517.335405357143,3078176.1,,,2.623102457394372,1.852425907568505,4.475528364962877,1.0,53489.0,1.0,29046.0,0.01826185006515734,-0.3528549886379368,,,0.5616,0.228,0.106
20240730,2411.2622,2435.7498,2456.8245,2398.6331,1713695.0,27776.0,1722904.0,3.0,-1.0,70801.0,-11074.0,1.0,-2.0,45534.0,-56768.0,2449.5615,2466.16337,2500.27599,-16.60187000000042,-50.71448999999984,2475.726432619048,2509.85100181746,3037072.6,,,2.607129232793485,1.852425907568505,4.45955514036199,2.0,59727.0,-1.0,-11234.0,0.016208251760085664,-0.6102377662644146,,,0.5342,0.1907,0.068
20240731,2423.9053,2396.8718,2430.7412,2391.5547,1685017.0,-28678.0,1517813.0,3.0,-1.0,70882.0,-11698.0,1.0,-2.0,43969.0,-43764.0,2439.06776,2461.28012,2488.423525,-22.21235999999999,-49.35576500000025,2467.352263174603,2502.375884388889,2576788.1,,,2.592992786868302,1.837746380936855,4.430739167805157,2.0,59184.0,-1.0,205.0,-0.01701941286052307,-0.5127005811951075,,,0.4658,0.1453,0.088
20240801,2408.0061,2417.7261,2423.613,2366.3562,1727072.0,42055.0,2109116.0,2.0,-1.0,77224.0,-11070.0,2.0,-2.0,44124.0,-48567.0,2433.49184,2455.05478,2478.99054,-21.5629399999998,-45.49869999999964,2458.750194682539,2494.940609904762,2399798.2,,0.28589,2.652843164457642,1.852425907568505,4.505269072026146,1.0,66154.0,0.0,-4443.0,0.024350461358877917,-0.4671077378721523,,,0.3699,0.136,0.093
20240802,2400.3916,2405.1189,2407.1287,2370.7031,1708243.0,-18829.0,1604091.0,3.0,-1.0,74450.0,-9585.0,1.0,-2.0,43040.0,-52683.0,2417.70586,2443.52036,2468.184365,-25.81449999999995,-50.47850500000004,2450.536156269842,2487.273681365079,2171797.8,,,2.555665240918673,1.852425907568505,4.408091148487177,2.0,64865.0,-1.0,-9643.0,-0.011022436503471695,-0.7233833614993738,,,0.3562,0.1227,0.053
20240805,2369.7681,2398.8254,2404.8315,2367.4019,1742565.0,34322.0,1525518.0,3.0,0.0,93715.0,0.0,1.0,-2.0,44902.0,-67356.0,2402.66666,2430.2864,2456.169765,-27.61974000000009,-53.50310499999978,2442.064271428571,2479.236814785714,2058430.6,,,2.50568554980079,1.837746380936855,4.343431930737646,3.0,93715.0,-1.0,-22454.0,0.019696252363613408,-0.6548056231802389,,,0.2877,0.1093,0.064
20240806,2316.8508,2348.4736,2377.9202,2313.7056,1695450.0,-47115.0,2149578.0,3.0,0.0,94954.0,0.0,1.0,-2.0,43963.0,-60483.0,2383.78438,2416.672939999999,2444.949315,-32.88855999999942,-61.16493499999979,2429.74539484127,2470.755613111111,1967907.7,,0.301185,2.363480726697209,1.852425907568505,4.215906634265713,3.0,94954.0,-1.0,-16520.0,-0.027789082544457222,-0.771873794843493,,,0.2466,0.076,0.05
20240807,2273.9604,2325.1689,2325.6912,2264.2036,1716754.0,21304.0,2092435.0,5.0,0.0,145979.0,0.0,1.0,-2.0,44089.0,-56159.0,2353.7954,2396.431579999999,2433.40926,-42.63617999999951,-79.61385999999993,2414.464920714285,2461.452766007937,1969940.1,,0.3438499999999999,2.382911562141274,1.954478933677017,4.337390495818291,5.0,145979.0,-1.0,-12070.0,0.01240946577086758,-0.9749745425022244,,,0.1644,0.0533,0.021
20240808,2251.9309,2270.833,2275.0073,2251.4473,1693726.0,-23028.0,1668158.0,3.0,0.0,102165.0,0.0,1.0,-2.0,42353.0,-38338.0,2322.58036,2378.0361,2422.07525,-55.45574000000033,-99.49488999999994,2397.394622698413,2451.337678777777,1937135.4,,,2.276954697587806,1.954478933677017,4.231433631264823,3.0,102165.0,-1.0,4015.0,-0.013596059811327216,-0.9439750513586848,,,0.1644,0.0547,0.024
20240809,2256.4302,2254.7783,2273.3232,2239.7437,1696426.0,2700.0,1523109.0,3.0,0.0,101891.0,0.0,1.0,-2.0,43639.0,-43168.0,2293.78808,2355.74697,2411.665045,-61.95889000000034,-117.8769649999999,2381.347427539682,2440.231709595238,1878453.6,,,2.264520621456844,1.954478933677017,4.218999555133861,3.0,101891.0,-1.0,471.0,0.0015915813598706928,-1.0346655443761203,,,0.1781,0.056,0.014
20240812,2255.8899,2255.8865,2267.9412,2222.0461,1689569.0,-6857.0,1699460.0,3.0,0.0,96048.0,0.0,1.0,-2.0,41116.0,-40767.0,2271.01244,2336.83955,2403.800775,-65.82711000000018,-132.7883350000006,2365.565866111112,2428.294755007937,1761218.2,,,2.196613463018133,2.054406526634503,4.251019989652637,3.0,96048.0,-1.0,349.0,-0.004058431469800878,-0.9613888082523272,,,0.1644,0.0573,0.024
20240813,2161.8096,2254.4541,2267.7224,2143.749,1718233.0,28664.0,2682016.0,4.0,-1.0,104495.0,-14707.0,1.0,-2.0,46648.0,-69980.0,2240.0042,2311.89429,2389.02883,-71.89008999999942,-149.0246299999999,2344.991016190476,2415.221213365079,1857129.4,3218419.2,,2.469472194912312,2.100840315421442,4.570312510333754,3.0,89788.0,-1.0,-23332.0,0.016682254385755598,-0.3813185355633685,,,0.1781,0.0587,0.112
20240814,2129.8408,2162.9255,2162.9255,2104.2847,1669697.0,-48536.0,2308725.0,4.0,-1.0,102033.0,-15806.0,1.0,-2.0,42727.0,-37103.0,2211.18028,2282.48784,2371.88398,-71.3075600000002,-160.7036999999996,2320.744004603174,2400.560387507937,1936220.6,,,2.488111502302881,2.100840315421442,4.588951817724324,3.0,86227.0,-1.0,5624.0,-0.02906874720383399,-0.7987943967440428,,,0.1918,0.0627,0.05
20240815,2178.5393,2134.2888,2180.6499,2134.2888,1582193.0,-87504.0,1821118.0,3.0,0.0,78019.0,-5270.0,1.0,-2.0,37736.0,-46791.0,2196.50196,2259.54116,2357.29797,-63.03919999999971,-160.79601,2300.324353253968,2384.717803365079,1907420.8,,,2.4913403805944,2.100840315421442,4.592180696015841,3.0,72749.0,-1.0,-9055.0,-0.05530551582518694,-1.1816682226260025,,,0.2055,0.0653,0.004
20240816,2156.3044,2173.9316,2199.5007,2148.75,1551984.0,-30209.0,1615191.0,3.0,-1.0,78496.0,-17152.0,1.0,-2.0,39804.0,-59285.0,2176.4768,2235.13244,2339.3264,-58.65563999999995,-162.8496,2281.764088492064,2367.840596587302,1908530.8,,,2.320903148232774,2.199010001714602,4.519913149947376,2.0,61344.0,-1.0,-19481.0,-0.019464762523324984,-1.3239781023731083,,,0.1918,0.068,0.002
20240819,2156.7925,2151.3618,2179.6775,2143.2712,1574405.0,22421.0,1427715.0,4.0,-1.0,99102.0,-18764.0,1.0,-2.0,40040.0,-59125.0,2156.65732,2213.83488,2322.06064,-57.17756000000008,-165.4033199999999,2264.158800714286,2350.050049515873,1898750.5,,,2.270875124749059,2.144321795402692,4.41519692015175,3.0,80338.0,-1.0,-19085.0,0.014240935464508815,-1.383407887799113,,,0.1644,0.0693,0.001
20240820,2175.7261,2152.4243,2190.092,2152.4243,1550737.0,-23668.0,1298223.0,4.0,-1.0,88973.0,-20590.0,1.0,-2.0,37372.0,-62035.0,2159.44062,2199.72241,2308.197675,-40.28179,-148.757055,2249.068268095238,2331.98233684127,1813615.0,,,2.283948312385407,2.144321795402692,4.428270107788098,3.0,68383.0,-1.0,-24663.0,-0.015262420384630018,-1.356551137765956,,,0.1644,0.0707,0.002
20240821,2209.1782,2179.3557,2210.0493,2169.6099,1535958.0,-14779.0,1396226.0,3.0,-1.0,68660.0,-20881.0,1.0,-2.0,34104.0,-56671.0,2175.3081,2193.24419,2294.837885,-17.9360900000006,-119.5297850000002,2238.350026269841,2314.370847396825,1743994.1,,,2.243784672792227,2.144321795402692,4.388106468194918,2.0,47779.0,-1.0,-22567.0,-0.009622007893445004,-1.40377250124255,,,0.1644,0.072,0.001
20240822,2179.0833,2209.1602,2223.1594,2173.928,1548379.0,12421.0,1449222.0,3.0,-1.0,63342.0,-21651.0,1.0,-2.0,36973.0,-74561.0,2175.4169,2185.95943,2281.997765,-10.54253000000017,-106.5808650000004,2227.896767222222,2297.421061849207,1722100.5,,,2.298155247257234,2.124382388403202,4.422537635660436,2.0,41691.0,-1.0,-37588.0,0.008021937781382982,-1.5187415930219998,,,0.1781,0.0733,0.001
20240823,2159.4316,2169.4756,2187.7925,2155.9746,1555126.0,6747.0,1363484.0,3.0,-1.0,70739.0,-21048.0,1.0,-2.0,37426.0,-79965.0,2176.04234,2176.25957,2266.00327,-0.2172299999997449,-89.96093000000019,2216.693144285714,2280.955633523809,1706138.0,,,2.295634845028972,2.124382388403202,4.420017233432175,2.0,49691.0,-1.0,-42539.0,0.004338555203887017,-1.4646113075500793,,,0.1507,0.076,0.002
20240826,2197.7625,2161.4871,2200.6213,2148.1409,1555334.0,208.0,1815472.0,3.0,-1.0,71882.0,-19423.0,1.0,-2.0,32101.0,-73139.0,2184.23634,2170.44683,2253.64319,13.78951000000052,-69.4068499999994,2208.551196031746,2265.254166515873,1717739.2,,,2.266358387749786,2.279210541792737,4.545568929542522,2.0,52459.0,-1.0,-41038.0,0.00013373333316188036,-1.4592800937653905,,,0.1781,0.0773,0.003
20240827,2213.3545,2184.3071,2218.8181,2184.3071,1544763.0,-10571.0,1388003.0,2.0,-1.0,64111.0,-19570.0,1.0,-2.0,29968.0,-73717.0,2191.76202,2175.60132,2243.747805,16.16069999999991,-51.98578499999985,2203.497096904762,2251.104774587301,1588337.9,,,2.182912095074878,2.124382388403202,4.30729448347808,1.0,44541.0,-1.0,-43749.0,-0.006843120918872345,-1.551864185107399,,,0.1781,0.0787,0.001
20240828,2223.8242,2216.3328,2246.1929,2214.3911,1519469.0,-25294.0,1497075.0,2.0,-1.0,61610.0,-20402.0,1.0,-2.0,29127.0,-76482.0,2194.69122,2184.99966,2233.74375,9.691559999999754,-39.05252999999993,2201.519341507937,2239.182308277778,1507172.9,,,2.215181799421974,2.124382388403202,4.339564187825176,1.0,41208.0,-1.0,-47355.0,-0.016646604833662287,-1.5071708229531813,,,0.1507,0.08,0.003
20240829,2234.0615,2214.0515,2246.2183,2208.2446,1463197.0,-56272.0,1198314.0,3.0,-1.0,58063.0,-18501.0,1.0,-2.0,29379.0,-71921.0,2205.68686,2190.55188,2225.04652,15.13497999999981,-19.35966000000008,2200.773366031746,2229.227209555555,1444892.5,,,2.231144751492955,2.124382388403202,4.355527139896157,2.0,39562.0,-1.0,-42542.0,-0.038458252716483156,-1.5162901323311315,,,0.3562,0.1387,0.003
20240830,2242.6677,2245.4797,2265.5144,2236.324,1436015.0,-27182.0,1387111.0,2.0,-1.0,43199.0,-20014.0,1.0,-2.0,28905.0,-67913.0,2222.33408,2199.18821,2217.160325,23.14586999999983,5.173754999999801,2202.583911904762,2221.309191896826,1422084.5,,,2.184939840147369,2.124382388403202,4.309322228550571,1.0,23185.0,-1.0,-39008.0,-0.01892877163539378,-1.9303609399181885,,,0.6027,0.3853,0.001
20240902,2235.509,2247.2644,2253.3596,2217.7493,1424744.0,-11271.0,1476477.0,3.0,-1.0,55267.0,-20375.0,1.0,-2.0,29288.0,-59944.0,2229.88338,2207.05986,2210.44737,22.82351999999946,19.4360099999999,2204.418395,2215.335151325397,1426960.7,,,1.891791247901135,2.124382388403202,4.016173636304337,2.0,34892.0,-1.0,-30656.0,-0.007910894869534457,-1.8341287609124148,,,0.5616,0.38,0.002
20240903,2370.4692,2239.1475,2371.0195,2216.9958,1442812.0,18068.0,3518788.0,1.0,0.0,25477.0,0.0,1.0,-1.0,2264.0,-6380.0,2261.30632,2226.53417,2213.12829,34.77214999999978,48.17803000000004,2214.909157063491,2211.919240222222,1649017.2,4222545.6,0.31878,2.185430992389155,2.279210541792737,4.464641534181892,1.0,25477.0,0.0,-4116.0,0.012522768039079242,-1.9907790259895777,,,0.5342,0.3813,0.001
20240904,2405.9294,2379.269,2451.1726,2370.3567,1289091.0,-153721.0,3790934.0,1.0,-1.0,13901.0,-11157.0,1.0,-2.0,14620.0,-5288.0,2297.72736,2246.20929,2219.72674,51.51807000000008,78.00062000000025,2233.033701269841,2211.387607722222,1888488.0,4549120.8,,2.265781668483471,2.309923673225959,4.575705341709431,0.0,2744.0,-1.0,9332.0,-0.11924759384713725,-1.6783558780669503,,,0.5068,0.3987,0.004
20240905,2501.2078,2407.7031,2517.7952,2403.679,1475647.0,186556.0,5425472.0,3.0,-1.0,29292.0,-16474.0,1.0,-2.0,15777.0,-34669.0,2351.15662,2278.42174,2232.190585,72.73487999999998,118.9660350000004,2257.114249126984,2214.309355912698,2286113.0,6510566.399999999,0.331085,2.442105256475579,2.309923673225959,4.752028929701538,2.0,12818.0,-1.0,-18892.0,0.12642318928578447,-1.3662502792214573,,,0.5068,0.4,0.013
20240906,2525.3762,2491.4565,2564.2966,2477.6016,1400954.0,-74693.0,5731186.0,2.0,-1.0,26903.0,-16915.0,1.0,-2.0,0.0,-32421.0,2407.69832,2315.0162,2245.637885,92.6821200000004,162.0604350000003,2284.710272777778,2221.111068761905,2722883.2,6877423.2,,2.571640428029469,2.319579974231498,4.891220402260966,1.0,9988.0,-1.0,-32421.0,-0.053315811939578316,-1.186374418091816,,,0.4658,0.4013,0.019
20240909,2512.4041,2536.1841,2537.9438,2408.5959,1308732.0,-92222.0,6450265.0,2.0,-1.0,30582.0,-15685.0,0.0,-2.0,0.0,-35131.0,2463.07734,2346.48036,2258.463595,116.5969800000003,204.6137450000001,2309.899675476191,2231.245916706349,3186362.5,7740318.0,,2.829390767522915,2.319579974231498,5.148970741754413,1.0,14897.0,-2.0,-35131.0,-0.07046668072607684,-0.909628581243326,,,0.1644,0.1493,0.049
20240910,2447.0337,2527.842,2534.8743,2444.1858,1249425.0,-59307.0,4424122.0,3.0,-1.0,18224.0,-11117.0,0.0,-2.0,0.0,-28847.0,2478.39024,2369.84828,2272.7248,108.54196,205.6654399999998,2330.871506349207,2243.983357650794,3489974.4,5308946.399999999,,2.963510234386592,2.34079173651406,5.304301970900651,2.0,7107.0,-2.0,-28847.0,-0.04746743502010925,-1.1030938972628568,,,0.137,0.0827,0.023
20240911,2504.8608,2439.6694,2511.843,2435.4214,1223906.0,-25519.0,3318307.0,4.0,-1.0,14735.0,-16912.0,1.0,-2.0,0.0,-18382.0,2498.17652,2397.95194,2291.4758,100.2245800000001,206.7007199999998,2350.976051984127,2258.929028698413,3672097.6,,,3.017015476727538,2.367318296583706,5.384333773311244,3.0,-2177.0,-1.0,-18382.0,-0.020850457469773005,-1.2935552724428168,,,0.1781,0.0707,0.017
20240912,2529.3491,2503.811,2550.313,2483.7634,1206390.0,-17516.0,2327272.0,3.0,-1.0,20423.0,-15595.0,1.0,-2.0,0.0,-10975.0,2503.80478,2427.4807,2309.01629,76.32407999999987,194.7884899999999,2373.51102031746,2276.202794126984,3784993.4,,,3.088133528596744,2.388703493493448,5.476837022090193,2.0,4828.0,-1.0,-10975.0,-0.014519351121942324,-1.0956257840522932,,,0.0685,0.024,0.028
20240913,2553.4834,2535.7451,2559.4204,2498.1172,1113301.0,-93089.0,1958175.0,2.0,-2.0,11897.0,-23558.0,1.0,-1.0,1028.0,-8075.0,2509.42622,2458.56227,2328.87524,50.86394999999993,180.55098,2396.290905396825,2295.57349347619,3842099.8,,,3.081678702686061,2.394251048418589,5.475929751104649,0.0,-11661.0,0.0,-7047.0,-0.08361530260010545,-1.1932013052324686,,,0.0822,0.0253,0.02
20240918,2564.5801,2559.6489,2580.0469,2533.478,1108931.0,-4370.0,1055523.0,2.0,-2.0,13044.0,-23814.0,1.0,-2.0,0.0,-26542.0,2519.86142,2491.46938,2349.26462,28.39204000000018,170.5968000000003,2418.931497301588,2317.024803706349,3800004.4,,,3.085324870822235,2.394251048418589,5.479575919240824,0.0,-10770.0,-1.0,-26542.0,-0.003940732110473961,-0.8840999480872141,,,0.1233,0.0253,0.06
20240919,2518.2969,2560.0513,2576.4619,2493.8337,1091998.0,-16933.0,1342315.0,2.0,0.0,13413.0,0.0,0.0,-3.0,0.0,-42040.0,2534.11406,2506.25215,2366.39316,27.86191000000008,167.7208999999998,2436.795170634921,2339.213405063492,3582357.1,,0.318895,3.204534382254497,2.404534122258281,5.609068504512779,2.0,13413.0,-3.0,-42040.0,-0.015506438656481056,-1.02981629943473,,,0.1233,0.0267,0.036
20240920,2512.9604,2521.8662,2546.8574,2480.3479,1042001.0,-49997.0,1551947.0,1.0,-2.0,10110.0,-15849.0,0.0,-2.0,0.0,-28407.0,2535.73398,2516.95525,2381.58227,18.77873,154.1517100000001,2451.631594444445,2361.073194380952,3358458.4,,,3.261466511288047,2.411437209023175,5.672903720311222,-1.0,-5739.0,-2.0,-28407.0,-0.047981719787217096,-1.0061337148193996,,,0.1233,0.0293,0.041
20240923,2484.5723,2500.1208,2507.3987,2458.4551,990984.0,-51017.0,1258854.0,2.0,-1.0,12667.0,-8816.0,1.0,-3.0,0.0,-23704.0,2526.77862,2515.2917,2396.85672,11.48692000000028,129.9218999999998,2462.209921587302,2381.582761626984,2941796.6,,,3.305206049481446,2.411437209023175,5.716643258504622,1.0,3851.0,-2.0,-23704.0,-0.051481154085232454,-1.0676348064454368,,,0.0959,0.0307,0.031
20240924,2537.0427,2494.6042,2542.3411,2487.0693,954822.0,-36162.0,1047174.0,2.0,-2.0,11776.0,-18860.0,1.0,-2.0,1866.0,-10685.0,2523.49048,2516.45835,2415.737275,7.032130000000052,107.753205,2474.502504841269,2400.561984833334,2473395.4,,,3.340073188565443,2.411437209023175,5.751510397588618,0.0,-7084.0,-1.0,-8819.0,-0.03787302764284862,-0.9467628194656588,,,0.0959,0.032,0.049
20240925,2492.1943,2560.7979,2565.5859,2491.3923,942439.0,-12383.0,1316151.0,2.0,-1.0,16265.0,-9148.0,0.0,-3.0,0.0,-30672.0,2509.01332,2514.43737,2430.458865,-5.424050000000079,78.55445499999996,2484.646453492063,2418.036662634921,1959984.0,,,3.100980848538768,2.435310731669364,5.536291580208132,1.0,7117.0,-3.0,-30672.0,-0.013139311934247203,-1.0510785787851715,,,0.1096,0.0333,0.032
20240926,2571.6753,2487.0093,2606.6167,2483.824,882478.0,-59961.0,1618209.0,2.0,-1.0,9911.0,-7010.0,2.0,-2.0,12220.0,-11715.0,2519.689,2526.90153,2448.374905,-7.212530000000243,71.31409500000018,2496.367021904762,2434.586214190476,1679392.7,,0.32039,3.20546819109715,2.522398602638956,5.727866793736106,1.0,2901.0,0.0,505.0,-0.06794616976287228,-0.8267133183381838,,,0.0548,0.0347,0.073
20240927,2554.0806,2583.3848,2595.1287,2515.7969,823728.0,-58750.0,1180332.0,2.0,0.0,10321.0,-3277.0,1.0,-2.0,4332.0,-16096.0,2527.91304,2531.82351,2464.887725,-3.91046999999935,63.02531500000032,2507.541609841269,2450.242769976191,1465595.2,,0.32798,3.102150773303066,2.614565027446176,5.716715800749242,2.0,7044.0,-1.0,-11764.0,-0.07132208690247266,-0.9239938523266942,,,0.0548,0.0013,0.055
20240930,2603.0994,2550.5891,2630.2168,2550.5891,755869.0,-67859.0,1048265.0,2.0,0.0,8592.0,-3539.0,1.0,-2.0,0.0,-18669.0,2551.61846,2539.19854,2483.33962,12.41992000000027,68.2788400000004,2519.901721825397,2464.881840126984,1337694.5,,0.351555,3.075364786959257,2.614565027446176,5.689929814405433,2.0,5053.0,-1.0,-18669.0,-0.08977613845785447,-0.8233826674066835,,,0.0137,0.0027,0.075
20241008,2485.189,2583.6956,2583.6956,2441.7686,814413.0,58544.0,947763.0,1.0,-1.0,6486.0,-6267.0,2.0,-2.0,5602.0,-27254.0,2541.24772,2532.3691,2495.465685,8.878619999999955,45.78203500000018,2523.172971666666,2477.570046753968,1236653.3,,,3.168185296072917,2.635058308003283,5.803243604076199,0.0,219.0,0.0,-21652.0,0.07188490360541887,-1.1126034246225445,,,0.1096,0.004,0.025
20241009,2462.5349,2475.7202,2557.5696,2461.356,836252.0,21839.0,1241526.0,2.0,-2.0,15267.0,-11194.0,2.0,-1.0,9217.0,-15966.0,2535.31584,2522.16458,2506.816980000001,13.15126000000055,28.49885999999969,2521.715597857142,2487.848456809524,1255253.6,,,3.182416100503783,2.64326488651446,5.825680987018243,0.0,4073.0,1.0,-6749.0,0.026115333655405307,-1.144048740659879,,,0.1233,0.0067,0.024
20241010,2485.0938,2462.2085,2500.6018,2452.781,853960.0,17708.0,896119.0,2.0,-2.0,12377.0,-12743.0,2.0,-1.0,14042.0,-10190.0,2517.99954,2518.84427,2512.54821,-0.8447300000002542,5.451329999999871,2519.395397698413,2496.108479515873,1210634.0,,,3.103297439557891,2.635058308003283,5.738355747561173,0.0,-366.0,1.0,3852.0,0.02073633425453183,-1.1056477375765137,,,0.0959,0.008,0.027
20241011,2436.9314,2473.9048,2481.071,2429.5801,872992.0,19032.0,986119.0,2.0,-1.0,16795.0,-6560.0,2.0,-1.0,12776.0,-14640.0,2494.5697,2511.24137,2514.09831,-16.67167000000018,-19.5286100000003,2513.574716269841,2502.302791698413,1154051.2,,,3.080133792057221,2.614565027446176,5.694698819503397,1.0,10235.0,1.0,-1864.0,0.021800887064257174,-1.1192346954074124,,,0.1096,0.0093,0.025
20241014,2468.1973,2442.9358,2478.6941,2402.949,844931.0,-28061.0,1110855.0,2.0,-1.0,11079.0,-6779.0,3.0,-1.0,15279.0,-4841.0,2467.58928,2509.60387,2512.447785,-42.01458999999977,-44.8585049999997,2508.128146031745,2506.894614142857,1139251.3,,,3.128657241019248,2.637321246827318,5.765978487846565,1.0,4300.0,2.0,10438.0,-0.0332109959274781,-1.0549518967434712,,,0.1233,0.0147,0.036
20241015,2447.7026,2459.9641,2494.1458,2437.7927,857397.0,12466.0,877316.0,2.0,-1.0,22344.0,-6382.0,2.0,-1.0,10795.0,-8066.0,2460.092,2500.66986,2508.564105,-40.57786000000033,-48.47210500000028,2503.03802031746,2509.748165690476,1122265.5,,,3.166994550980085,2.637321246827318,5.804315797807403,1.0,15962.0,1.0,2729.0,0.014539355747687477,-1.183775426315539,,,0.1507,0.0453,0.022
20241016,2465.4412,2444.4941,2482.0017,2430.4978,880143.0,22746.0,828191.0,1.0,-2.0,11367.0,-8254.0,2.0,-1.0,6407.0,-2295.0,2460.67326,2497.99455,2506.21596,-37.32128999999986,-45.54269999999951,2498.310406349207,2511.114560976191,1073469.5,,,3.082866798082213,2.614565027446176,5.69743182552839,-1.0,3113.0,1.0,4112.0,0.025843527699476107,-1.117515892726732,,,0.2329,0.0493,0.028
20241017,2417.8345,2468.4207,2500.4995,2413.0706,961405.0,81262.0,910128.0,2.0,-1.0,26317.0,-7545.0,2.0,-1.0,14739.0,-10762.0,2447.2214,2482.61047,2504.756,-35.38907000000017,-57.53460000000041,2491.679879126984,2510.645846698412,1002661.4,,,3.151187963820369,2.637321246827318,5.788509210647687,1.0,18772.0,1.0,3977.0,0.08452421196062014,-1.3399292541411334,,,0.0959,0.004,0.015
20241018,2450.9543,2408.0947,2461.2427,2383.8938,943675.0,-17730.0,845896.0,0.0,-2.0,0.0,-8680.0,2.0,-1.0,19551.0,-854.0,2450.02598,2472.29784,2502.060675,-22.27186000000029,-52.03469499999983,2484.794625952381,2508.371148309524,969217.8,,,3.219721096565039,2.637321246827318,5.857042343392357,-2.0,-8680.0,1.0,18697.0,-0.018788248072694518,-1.2328500204076824,,,0.0822,0.0053,0.019
20241021,2334.6638,2455.8855,2466.1799,2281.9514,1031742.0,88067.0,1855143.0,1.0,-2.0,10602.0,-12290.0,2.0,-1.0,24351.0,-2606.0,2423.31928,2445.45428,2492.32641,-22.13500000000022,-69.00713000000042,2472.037333015873,2503.584709428571,1049905.6,2226171.6,0.33419,3.603206213717058,2.669590489409038,6.272796703126096,-1.0,-1688.0,1.0,21745.0,0.08535757970500377,-1.7402465095059587,,,0.0411,0.0067,0.004
20241022,2357.1602,2340.022,2367.1458,2321.5728,1030318.0,-1424.0,665873.0,1.0,-2.0,6428.0,-10853.0,3.0,0.0,34952.0,0.0,2405.2108,2432.6514,2482.51025,-27.4405999999999,-77.29945000000043,2458.232566428571,2497.090668904762,1021716.6,,,3.534431868172784,2.669590489409038,6.204022357581822,-1.0,-4425.0,3.0,34952.0,-0.0013820975659941882,-1.5826830805894396,,,0.0959,0.008,0.006
20241023,2410.6589,2354.488,2434.6582,2351.6414,1014626.0,-15692.0,877459.0,1.0,-2.0,1350.0,-10877.0,3.0,0.0,43523.0,0.0,2394.25434,2427.4638,2474.81419,-33.20946000000004,-80.5598500000001,2449.89177952381,2489.908287071429,985309.9,,,3.435288938506768,2.723710364061018,6.158999302567786,-1.0,-9527.0,3.0,43523.0,-0.01546579724942984,-1.4997132190390745,,,0.0685,0.0093,0.011
20241024,2415.3896,2409.3787,2430.7014,2391.3154,1007907.0,-6719.0,579208.0,1.0,-2.0,2630.0,-8848.0,3.0,0.0,45130.0,0.0,2393.76536,2420.49338,2469.668825,-26.72802000000001,-75.90346499999987,2443.702500952381,2482.338997396825,953618.8,,,3.332542182822913,2.669590489409038,6.002132672231951,-1.0,-6218.0,3.0,45130.0,-0.0066662896477552,-1.5727367846032954,,,0.0822,0.0107,0.007
20241025,2395.0801,2429.4773,2444.8174,2387.9617,1016793.0,8886.0,577677.0,1.0,-2.0,9918.0,-9185.0,3.0,0.0,41567.0,0.0,2382.59052,2416.30825,2463.77481,-33.7177300000003,-81.18429000000015,2437.720912222222,2474.753616992063,912774.6,,,3.285999863731583,2.669590489409038,5.955590353140622,-1.0,733.0,3.0,41567.0,0.008739241910595372,-1.654037246405102,,,0.0822,0.0093,0.006
20241028,2421.4817,2392.1355,2424.9158,2374.7703,1004224.0,-12569.0,608694.0,1.0,-2.0,0.0,-10055.0,3.0,0.0,39646.0,0.0,2399.9541,2411.63669,2460.62028,-11.68259000000035,-60.66618000000017,2432.025964206349,2467.143398809524,862558.5,,,2.964849759167914,2.669590489409038,5.634440248576952,-1.0,-10055.0,3.0,39646.0,-0.012516131859027469,-1.5653297295910629,,,0.0959,0.0107,0.009
20241029,2406.2935,2415.4651,2419.4692,2371.6104,1011408.0,7184.0,712686.0,0.0,-3.0,0.0,-10142.0,3.0,0.0,33972.0,0.0,2409.78076,2407.49578,2454.08282,2.284979999999905,-44.30205999999998,2426.717160714286,2459.511312849206,846095.5,,,2.833115671212957,2.669590489409038,5.502706160621996,-3.0,-10142.0,3.0,33972.0,0.007102969325929793,-1.7205792462887972,,,0.0959,0.012,0.005
20241030,2381.5572,2397.7736,2407.4926,2353.0735,1028390.0,16982.0,748723.0,2.0,-2.0,19004.0,-10119.0,2.0,-1.0,34934.0,-7759.0,2403.96042,2399.10738,2448.550965,4.853040000000419,-44.59054499999957,2419.635582619047,2451.64383047619,838148.7,,0.3306249999999999,2.861307909996471,2.637321246827318,5.498629156823789,0.0,8885.0,1.0,27175.0,0.016513190521105805,-1.7900242294477224,,,0.0822,0.0133,0.004
20241031,2354.8649,2385.5082,2395.5816,2346.8555,1054547.0,26157.0,661090.0,2.0,-2.0,21803.0,-10876.0,2.0,-1.0,30451.0,-9283.0,2391.85548,2392.81042,2437.710445,-0.9549400000000787,-45.85496499999954,2411.72453063492,2443.648295626984,813244.9,,,2.848145197882218,2.637321246827318,5.485466444709536,0.0,10927.0,1.0,21168.0,0.024804015373425747,-1.771819027332142,,,0.0822,0.0147,0.005
20241101,2356.7854,2361.7022,2396.4725,2353.1625,1009303.0,-45244.0,753781.0,2.0,-2.0,13567.0,-11073.0,2.0,-1.0,27518.0,-4475.0,2384.19654,2383.39353,2427.845685,0.803009999999631,-43.64914499999986,2404.31260452381,2435.600093484127,804033.4,,0.334305,2.761097237653052,2.637321246827318,5.39841848448037,0.0,2494.0,1.0,23043.0,-0.04482697465478652,-1.8734198155727868,,,0.0822,0.016,0.003
20241104,2373.5276,2366.0137,2406.7671,2351.2841,986005.0,-23298.0,794568.0,2.0,-2.0,14399.0,-10630.0,2.0,-1.0,23115.0,-2243.0,2374.60572,2387.27991,2416.367095,-12.67419000000018,-41.76137500000004,2399.45156484127,2428.341516666666,697975.9,,,2.764609117269687,2.637321246827318,5.401930364097005,0.0,3769.0,1.0,20872.0,-0.023628683424526245,-1.818757889209218,,,0.0685,0.0173,0.005
20241105,2350.2172,2376.8625,2385.466,2342.8738,1027586.0,41581.0,621603.0,1.0,-2.0,15105.0,-7427.0,1.0,-1.0,21104.0,-7650.0,2363.39046,2386.58561,2409.618505,-23.19515000000001,-46.22804499999984,2393.452883888889,2421.863548412698,693548.9,,0.344195,2.747478361377261,2.637321246827318,5.384799608204579,-1.0,7678.0,0.0,13454.0,0.04046473969088719,-1.8862691710179231,,,0.0685,0.0187,0.003
20241106,2375.108,2355.8935,2384.1261,2354.7933,977376.0,-50210.0,590820.0,1.0,-3.0,13063.0,-8859.0,2.0,-1.0,26214.0,-2256.0,2362.10062,2383.03052,2405.24716,-20.92990000000009,-43.14653999999973,2389.293031904761,2415.803673650794,664885.0,,,2.590677191422373,2.637321246827318,5.22799843824969,-2.0,4204.0,1.0,23958.0,-0.05137224568640932,-1.7250342418371696,,,0.0685,0.092,0.01
20241107,2468.6082,2377.8559,2494.2931,2369.4521,963079.0,-14297.0,1359099.0,0.0,-3.0,117.0,-9603.0,3.0,0.0,25106.0,0.0,2384.84928,2388.35238,2404.42288,-3.503099999999904,-19.57360000000017,2392.707094920635,2410.704133047619,742874.1,1630918.8,0.3443099999999999,2.731493892666995,2.637321246827318,5.368815139494314,-3.0,-9486.0,3.0,25106.0,-0.014845095781342963,-2.274611153237597,,,0.3562,0.3067,0.001
20241108,2414.4116,2475.5222,2482.1993,2401.4881,967410.0,4331.0,1006593.0,2.0,-2.0,15748.0,-571.0,2.0,-1.0,17099.0,-2448.0,2396.37452,2390.28553,2403.29689,6.088990000000194,-6.922369999999773,2395.288088809524,2406.460850706349,785765.7,1207911.6,,2.415806931758941,2.637321246827318,5.053128178586259,0.0,15177.0,1.0,14651.0,0.004476902244136405,-1.6497571500443318,,,0.2877,0.308,0.015
20241111,2491.6537,2420.7345,2503.7305,2408.9269,929105.0,-38305.0,902778.0,2.0,-1.0,14527.0,-490.0,2.0,-1.0,13278.0,-1221.0,2419.99974,2397.30273,2404.46971,22.69701000000032,15.5300299999999,2401.399560555556,2403.39821034127,815174.1,,0.3468399999999999,2.552592963460553,2.68931357207323,5.241906535533783,1.0,14037.0,1.0,12057.0,-0.04122784830562746,-1.938091882748965,,,0.2466,0.3093,0.003
20241112,2463.9013,2482.803,2522.8803,2445.5097,964460.0,35355.0,839981.0,2.0,-1.0,19391.0,-5148.0,2.0,-1.0,9950.0,-6236.0,2442.73656,2403.06351,2405.279645,39.67304999999988,37.45691499999975,2407.964403333333,2401.522934603175,827903.6,,,2.531786623136854,2.842792652753036,5.374579275889891,1.0,14243.0,1.0,3714.0,0.03665781888310557,-2.466226375084214,,,0.2055,0.128,0.001
20241113,2465.5777,2459.8521,2469.4959,2439.945,967917.0,3457.0,537306.0,2.0,-1.0,24748.0,-4604.0,1.0,-2.0,2872.0,-12337.0,2460.8305,2411.46556,2405.28647,49.36494000000039,55.54403000000002,2413.34138452381,2400.893514793651,806761.9,,,2.49885049462562,2.842792652753036,5.341643147378656,1.0,20144.0,-1.0,-9465.0,0.003571587233202847,-2.522643124927733,,,0.2055,0.1307,0.001
20241114,2467.905,2470.4789,2482.9818,2450.8003,937430.0,-30487.0,647220.0,2.0,-1.0,20459.0,-3491.0,2.0,-1.0,6306.0,-9075.0,2460.68986,2422.76957,2407.789995,37.92029000000002,52.89986499999986,2419.19593452381,2401.64065518254,805374.9,,,2.420447117301182,2.68931357207323,5.109760689374413,1.0,16968.0,1.0,-2769.0,-0.03252189496815762,-2.40488410174991,,,0.2192,0.1253,0.003
20241115,2381.1867,2473.0116,2490.9839,2374.7071,983033.0,45603.0,1058998.0,3.0,-1.0,26308.0,-4316.0,1.0,-2.0,11436.0,-19814.0,2454.04488,2425.2097,2404.301615,28.83518000000004,49.74326500000006,2420.106326349206,2403.220027365079,835896.6,1270797.6,,2.619272130463274,2.778811236768959,5.398083367232233,2.0,21992.0,-1.0,-8378.0,0.046390100840968715,-0.4608051844717452,,,0.2877,0.1867,0.144
20241118,2432.2585,2386.8603,2438.197,2377.2395,962736.0,-20297.0,693275.0,2.0,-2.0,16912.0,-10162.0,2.0,-1.0,14628.0,-7919.0,2442.16584,2431.08279,2409.18135,11.08305000000018,32.98449000000028,2420.858812460317,2405.360752126984,825767.3,,,2.650079876988165,2.778811236768959,5.428891113757124,0.0,6750.0,1.0,6709.0,-0.0210826228581875,-0.2515416906411961,,,0.3014,0.188,0.168
20241119,2428.8777,2437.2102,2460.8745,2423.0368,961575.0,-1161.0,591935.0,2.0,-1.0,14766.0,-7394.0,2.0,-1.0,13064.0,-7274.0,2435.16112,2438.94884,2412.767225,-3.787720000000263,22.3938949999997,2423.033957857143,2408.31885952381,822800.5,,,2.597351148304767,2.778811236768959,5.376162385073727,1.0,7372.0,1.0,5790.0,-0.0012073941190234771,-0.2816901948861701,,,0.3288,0.2027,0.165
20241120,2400.5067,2435.1196,2436.7436,2394.1218,1015180.0,53605.0,621357.0,2.0,-1.0,23813.0,-7894.0,1.0,-2.0,8975.0,-14625.0,2422.14692,2441.48871,2412.259615,-19.34178999999995,9.887305000000197,2423.01509515873,2411.691065849207,825854.2,,,2.575828665993556,2.778811236768959,5.354639902762515,1.0,15919.0,-1.0,-5650.0,0.052803443724265646,-0.4943399457508418,,,0.4932,0.2813,0.135
20241121,2363.964,2394.5581,2396.3657,2358.7364,1091078.0,75898.0,643662.0,3.0,-1.0,39598.0,-4165.0,1.0,-2.0,11459.0,-29426.0,2401.35872,2431.02429,2409.688335,-29.66557000000012,-8.329614999999649,2419.308395714286,2414.351195928572,754310.5,,,2.570737977316107,2.778811236768959,5.349549214085066,2.0,35433.0,-1.0,-17967.0,0.06956239608900555,-0.6428372771374863,,,0.5479,0.324,0.112
20241122,2293.898,2356.9157,2361.9433,2273.6752,1091942.0,864.0,1437403.0,3.0,-1.0,32937.0,-2277.0,1.0,-2.0,8834.0,-32866.0,2383.90098,2418.97293,2404.62923,-35.07195000000002,-20.72825000000012,2409.820606507936,2415.804447698413,797391.5,1724883.6,,2.679776344535699,3.006596294626244,5.686372639161943,2.0,30660.0,-1.0,-24032.0,0.0007912508173511047,-0.7330747406272756,,,0.6027,0.3733,0.103
20241125,2314.5668,2294.2131,2325.6195,2284.077,1070412.0,-21530.0,807096.0,2.0,-1.0,18783.0,-1649.0,1.0,-2.0,7510.0,-38755.0,2360.36264,2401.26424,2399.283485,-40.90159999999969,-38.92084499999964,2400.427542380952,2415.707245880953,787823.3,,,2.679496894771229,3.006596294626244,5.686093189397473,1.0,17134.0,-1.0,-31245.0,-0.020113750593229524,-0.6555114170922974,,,0.6301,0.3853,0.111
20241126,2284.3899,2313.684,2319.0061,2273.9244,1068606.0,-1806.0,1003714.0,3.0,0.0,35708.0,0.0,1.0,-2.0,10136.0,-32623.0,2331.46508,2383.3131,2393.188305,-51.84802000000036,-61.72322500000018,2390.164717619048,2413.927277309524,804196.6,1204456.8,,2.719897546740859,3.006596294626244,5.726493841367104,3.0,35708.0,-1.0,-22487.0,-0.0016900522737098612,-0.739708331041727,,,0.6164,0.4053,0.103
20241127,2300.8772,2288.4896,2308.5228,2280.7224,1064064.0,-4542.0,642787.0,2.0,-1.0,21798.0,-2885.0,1.0,-2.0,9710.0,-23623.0,2311.53918,2366.84305,2389.154305,-55.30387000000019,-77.61512500000026,2380.674726190477,2410.66061147619,814744.7,,,2.44387510702163,3.006596294626244,5.450471401647874,1.0,18913.0,-1.0,-13913.0,-0.004268540238181162,-0.793760231534417,,,0.6164,0.4147,0.1
20241128,2310.4748,2303.1462,2313.6659,2279.3781,1047602.0,-16462.0,689761.0,3.0,-1.0,23275.0,0.0,1.0,-2.0,10036.0,-8706.0,2300.84134,2351.10003,2386.9348,-50.25869000000012,-86.09346000000005,2372.279914761904,2405.9690095,818998.8,,,2.312488087588402,3.006596294626244,5.319084382214647,2.0,23275.0,-1.0,1330.0,-0.01571398298208671,-0.7317996504995139,,,0.6301,0.4507,0.105
20241129,2317.686,2310.2174,2325.9558,2302.127,1025370.0,-22232.0,679955.0,3.0,0.0,18675.0,0.0,1.0,-2.0,9808.0,-16064.0,2305.59894,2344.74996,2384.97983,-39.15101999999979,-79.38088999999991,2365.207024920635,2400.479079357143,781094.5,,,2.11098421711339,3.006596294626244,5.117580511739634,3.0,18675.0,-1.0,-6256.0,-0.021681929449857126,-0.8591612331794161,,,0.5205,0.2773,0.088
20241202,2300.1878,2316.6636,2326.6119,2300.1872,1021929.0,-3441.0,639626.0,1.0,-1.0,3903.0,-518.0,1.0,-2.0,10275.0,-13288.0,2302.72314,2331.54289,2381.31284,-28.81975000000011,-78.5897,2357.792263809524,2394.172424492063,775729.6,,,1.967346744016748,3.006596294626244,4.973943038642993,0.0,3385.0,-1.0,-3013.0,-0.003367161515134613,-0.8951894844136814,,,0.4521,0.224,0.084
20241203,2288.087,2300.8054,2309.3966,2258.7781,1058233.0,36304.0,848456.0,1.0,0.0,5863.0,0.0,1.0,-2.0,16538.0,-6466.0,2303.46256,2317.46382,2378.20633,-14.00126,-74.74377000000004,2348.695039761905,2386.73853268254,801381.7,,,2.042029905057148,3.006596294626244,5.048626199683392,1.0,5863.0,-1.0,10072.0,0.03430624446601079,-0.8648996912166739,,,0.4247,0.2253,0.088
20241204,2234.6366,2289.1209,2299.478,2225.2043,1103287.0,45054.0,826825.0,1.0,0.0,5752.0,0.0,1.0,-2.0,11643.0,-23945.0,2290.21444,2300.87681,2371.18276,-10.66236999999956,-80.96831999999995,2336.345531428572,2378.071576309524,821928.5,,,2.185531643984455,3.054142140605463,5.239673784589917,1.0,5752.0,-1.0,-12302.0,0.040836155959419446,-0.9211062435514434,,,0.3973,0.22,0.079
20241205,2205.4928,2233.7465,2235.0667,2192.8434,1144919.0,41632.0,924967.0,2.0,0.0,21267.0,0.0,1.0,-2.0,11818.0,-23131.0,2269.21804,2285.02969,2358.02699,-15.8116500000001,-88.8089500000001,2321.413594365079,2368.282096174603,850059.0,,0.25208,1.969329333953748,3.006596294626244,4.975925628579992,2.0,21267.0,-1.0,-11313.0,0.03636239768926885,-0.8945277114597585,,,0.4521,0.2213,0.084
20241206,2192.7021,2203.8402,2211.4719,2185.9028,1176826.0,31907.0,765089.0,2.0,0.0,28757.0,0.0,1.0,-2.0,7879.0,-21251.0,2244.22126,2274.9101,2346.941515,-30.68884000000025,-102.7202550000002,2305.425986428571,2357.842634166666,782827.6,,,1.874185969344654,2.778811236768959,4.652997206113612,2.0,28757.0,-1.0,-13372.0,0.027112759235434974,-0.892581722319564,,,0.5068,0.396,0.084
20241209,2226.2326,2194.3474,2228.7614,2181.8895,1155518.0,-21308.0,782093.0,1.0,-1.0,17462.0,0.0,1.0,-2.0,9400.0,-25896.0,2229.43022,2266.07668,2333.67046,-36.64646000000039,-104.2402400000001,2292.559708492063,2347.055850777778,780327.3,,0.25254,1.914244236452181,2.637321246827318,4.551565483279499,0.0,17462.0,-1.0,-16496.0,-0.018440214691592863,-1.0682829485260252,,,0.5068,0.3693,0.055
20241210,2244.238,2231.1468,2253.5355,2220.4872,1145707.0,-9811.0,919729.0,2.0,-1.0,28649.0,-1112.0,1.0,-2.0,17180.0,-24910.0,2220.66042,2262.06149,2322.687295,-41.40106999999989,-102.026875,2283.303315396826,2336.369710555556,771928.8,,0.256105,1.893595976308456,2.556164210704294,4.44976018701275,1.0,27537.0,-1.0,-7730.0,-0.008563271412324443,-0.9561241858286772,,,0.4795,0.3507,0.07
20241211,2240.9337,2246.1525,2261.8925,2231.5654,1170980.0,25273.0,759668.0,2.0,-1.0,28473.0,-1649.0,2.0,-1.0,29970.0,-23788.0,2221.91984,2256.06714,2311.455095,-34.14730000000009,-89.53525500000023,2275.368619126984,2325.839099849206,783616.9,,,1.86489600955594,2.442944415139961,4.307840424695901,1.0,26824.0,1.0,6182.0,0.021582776819416217,-1.0339528873051138,,,0.4795,0.3387,0.061
20241212,2238.6924,2240.2445,2252.3388,2225.1394,1158625.0,-12355.0,700306.0,2.0,-1.0,28012.0,-2716.0,2.0,-1.0,29310.0,-20132.0,2228.55976,2248.8889,2299.994465,-20.32913999999982,-71.43470500000012,2268.400483571429,2315.451156730159,784671.4,,,1.669118584663736,2.384619287328789,4.053737871992525,1.0,25296.0,1.0,9178.0,-0.010663501995900312,-1.0455131609493484,,,0.4521,0.2973,0.06
20241213,2225.2916,2234.7745,2246.3822,2208.1047,1181878.0,23253.0,936108.0,2.0,-1.0,27338.0,-2368.0,2.0,-1.0,31917.0,-18554.0,2235.07766,2239.64946,2292.19971,-4.571799999999712,-57.12204999999994,2260.869424206349,2305.01739665873,810286.7,,,1.663503603971191,2.35208682906333,4.015590433034521,1.0,24970.0,1.0,13363.0,0.019674619546179894,-1.1109614472327942,,,0.4384,0.2827,0.048
20241216,2264.1034,2223.8308,2281.6875,2208.2066,1162267.0,-19611.0,1275946.0,1.0,-2.0,12809.0,-1932.0,2.0,-1.0,29467.0,-19363.0,2242.65182,2236.04102,2283.791955,6.610800000000381,-41.14013499999965,2256.660392380953,2294.904209515873,873918.7,1531135.2,,1.754472257926619,2.35208682906333,4.106559086989949,-1.0,10877.0,1.0,10104.0,-0.01687305928844233,-1.0026792088215386,,,0.411,0.2453,0.068
20241217,2240.7285,2261.8326,2280.7808,2230.8114,1194664.0,32397.0,929499.0,2.0,-1.0,25249.0,-1340.0,2.0,-1.0,26834.0,-23009.0,2241.94992,2231.30517,2274.384495,10.64474999999993,-32.43457499999977,2253.344492063492,2285.369154746032,882023.0,,,1.828131217344596,2.316401455595887,4.144532672940483,1.0,23909.0,1.0,3825.0,0.02711808508501135,-0.9548833507728872,,,0.2603,0.184,0.072
20241218,2203.289,2236.6522,2244.6639,2186.4683,1218921.0,24257.0,1074781.0,2.0,-1.0,28506.0,-1694.0,1.0,-2.0,23754.0,-21021.0,2234.42098,2228.17041,2264.52361,6.250569999999698,-30.10263000000032,2247.322034523809,2276.466805055556,906818.6,,,1.910452676421553,2.35208682906333,4.262539505484884,1.0,26812.0,-1.0,2733.0,0.019900387309760025,-1.10000116192877,,,0.2466,0.2027,0.051
20241219,2234.7014,2198.033,2239.6528,2191.5009,1203376.0,-15545.0,1240428.0,2.0,-1.0,26689.0,-2416.0,1.0,-2.0,14538.0,-12509.0,2233.62278,2231.09127,2258.06048,2.531510000000253,-24.43769999999995,2243.171252698413,2268.642570888889,938364.7,1488513.6,0.26059,1.993123532312855,2.316401455595887,4.309524987908742,1.0,24273.0,-1.0,2029.0,-0.012917824520349418,-1.050638606262428,,,0.274,0.192,0.058
20241220,2316.6529,2232.0503,2332.3133,2229.704,1238034.0,34658.0,1939780.0,2.0,-1.0,14186.0,-5494.0,2.0,-1.0,57680.0,-3434.0,2251.89504,2243.48635,2259.198225,8.408689999999751,-7.303185000000212,2245.878321984128,2262.687804444445,1055833.8,2327736.0,0.279335,2.235045198362456,2.316401455595887,4.551446653958342,1.0,8692.0,1.0,54246.0,0.027994384645332843,-0.948821221263761,,,0.3836,0.2813,0.073
20241223,2295.1856,2320.5865,2326.6415,2285.0386,1191732.0,-46302.0,1436963.0,2.0,-1.0,18180.0,-3560.0,2.0,-1.0,33733.0,-9461.0,2258.11148,2250.38165,2258.229165,7.72983000000022,-0.1176849999992555,2250.179087539682,2258.449742349207,1121320.8,1724355.6,,2.205793239540629,2.316401455595887,4.522194695136516,1.0,14620.0,1.0,24272.0,-0.03885269506902558,-0.958955416759344,,,0.3699,0.3013,0.071
20241224,2297.8762,2293.5585,2301.2654,2281.2906,1204342.0,12610.0,845992.0,2.0,-1.0,32280.0,-5360.0,1.0,-1.0,23561.0,-17538.0,2269.54102,2255.74547,2258.90348,13.79554999999937,10.63753999999972,2253.605698333333,2255.479980642857,1113947.1,,,2.02857176114282,2.316401455595887,4.344973216738707,1.0,26920.0,0.0,6023.0,0.010470447763176904,-1.0400086849297765,,,0.411,0.364,0.059
20241225,2333.5304,2297.1936,2350.1916,2294.4798,1202873.0,-1469.0,1319507.0,2.0,-1.0,30375.0,-6389.0,1.0,-2.0,9790.0,-13456.0,2295.5893,2265.00514,2260.53614,30.58415999999988,35.05316000000039,2259.830757619048,2253.926194492064,1169931.0,,,2.063087546579995,2.316401455595887,4.379489002175882,1.0,23986.0,-1.0,-3666.0,-0.0012212428078442197,-1.1131107997864436,,,0.4384,0.4,0.045
20241226,2341.2854,2331.1733,2343.3676,2320.2004,1187116.0,-15757.0,940064.0,2.0,-1.0,30455.0,-5119.0,2.0,-1.0,23668.0,-24916.0,2316.9061,2275.26444,2262.07667,41.64166000000023,54.82943000000023,2267.143838174604,2253.800529952381,1193906.8,,,2.045842023420491,2.29192721639589,4.337769239816382,1.0,25336.0,1.0,-1248.0,-0.013273344812132933,-1.1269830058378378,,,0.5205,0.4253,0.043
20241227,2340.7864,2336.0757,2365.1527,2334.4209,1137097.0,-50019.0,1009023.0,2.0,-1.0,24287.0,-3678.0,2.0,-1.0,22380.0,-24928.0,2321.7328,2286.81392,2263.23169,34.91888000000017,58.50111000000061,2275.032163333333,2255.216803865079,1201198.3,,,1.987748807646121,2.280818614979256,4.268567422625376,1.0,20609.0,1.0,-2548.0,-0.043988331690260375,-1.1142212319126936,,,0.5479,0.4053,0.046
20241230,2348.9618,2343.8209,2362.8846,2333.7437,1104487.0,-32610.0,1045114.0,2.0,-1.0,13899.0,-3479.0,1.0,-1.0,19887.0,-20566.0,2332.48804,2295.29976,2265.67039,37.18827999999985,66.81764999999996,2283.215924126984,2257.872357039682,1178115.1,,,1.968987318461787,2.249237522797807,4.218224841259594,1.0,10420.0,0.0,-679.0,-0.029525019307606155,-1.3806903978758631,,,0.5342,0.436,0.032
20241231,2375.915,2351.9506,2377.1157,2343.6564,1080322.0,-24165.0,1013257.0,1.0,-2.0,13321.0,-3268.0,1.0,-2.0,19929.0,-19274.0,2348.0958,2308.81841,2270.06179,39.2773900000002,78.03400999999985,2293.035116428571,2261.84141947619,1186490.9,,,1.970467292634994,2.219378353177358,4.189845645812352,-1.0,10053.0,-1.0,655.0,-0.022368330923557975,-1.5051166194546295,,,0.4247,0.236,0.027
20250102,2373.9135,2363.1302,2407.9464,2363.1302,1047229.0,-33093.0,906646.0,3.0,0.0,19495.0,0.0,2.0,-1.0,24883.0,-18622.0,2356.17242,2325.88086,2277.025635,30.29155999999966,79.14678499999991,2303.30008031746,2267.439224055556,1169677.4,,,2.016914266285279,2.177746345405691,4.19466061169097,3.0,19495.0,1.0,6261.0,-0.031600538182193195,-1.533788463568992,,,0.4521,0.2373,0.024
20250103,2325.0076,2373.6973,2384.3338,2315.8597,1028327.0,-18902.0,1373862.0,3.0,0.0,17111.0,0.0,1.0,-1.0,20821.0,-11955.0,2352.91686,2334.91148,2283.001375,18.00538000000051,69.91548499999999,2309.562089920635,2274.078307777778,1183020.8,,0.273125,2.104197397312531,2.219378353177358,4.323575750489889,3.0,17111.0,0.0,8866.0,-0.018381312559137317,-1.4941304892793017,,,0.4521,0.3,0.03
20250106,2326.2391,2320.3448,2353.2933,2304.2455,1022020.0,-6307.0,1220951.0,1.0,-2.0,12650.0,-1980.0,2.0,-1.0,35484.0,-11882.0,2350.0074,2335.8701,2289.678225,14.13729999999987,60.32917499999985,2313.697546269841,2280.860230206349,1111137.9,,0.275195,2.024638456027704,2.177746345405691,4.202384801433395,-1.0,10670.0,1.0,23602.0,-0.006171112111308976,-1.653461058100203,,,0.4384,0.312,0.019
20250107,2260.1412,2330.3178,2337.2899,2251.8177,1095552.0,73532.0,1405875.0,1.0,-2.0,11481.0,-4307.0,2.0,-1.0,32081.0,-9521.0,2332.24328,2332.36566,2291.373655,-0.1223800000002484,40.86962499999936,2313.262414126985,2287.168562865079,1108029.1,1687050.0,0.283015,2.133090673847892,2.177746345405691,4.310837019253583,-1.0,7174.0,1.0,22560.0,0.06711867624722515,-1.695517301233976,,,0.4795,0.5053,0.017
20250108,2241.7858,2259.7421,2276.5581,2240.5821,1120273.0,24721.0,917613.0,1.0,-2.0,9609.0,-17156.0,1.0,-2.0,22298.0,-6491.0,2305.41744,2326.75662,2291.251045,-21.33917999999994,14.16639500000019,2309.502784365079,2292.758271468254,1115191.2,,,2.062003470858368,2.126969581728264,4.188973052586631,-1.0,-7547.0,-1.0,15807.0,0.022066942611309922,-1.515358274192178,,,0.6712,0.7267,0.029
20250109,2245.8329,2237.3288,2249.1109,2225.2754,1172956.0,52683.0,979688.0,1.0,-2.0,18458.0,-14753.0,2.0,-1.0,32876.0,-16654.0,2279.80132,2317.98687,2291.496005,-38.18555000000015,-11.69468500000039,2304.789667301587,2297.254162436508,1081209.3,,0.2852,1.986298428869593,2.126969581728264,4.113268010597857,-1.0,3705.0,1.0,16222.0,0.044914728259201536,-1.1970154099518413,,,0.7123,0.6373,0.045
20250110,2257.9385,2248.9962,2266.9437,2239.6171,1150027.0,-22929.0,1065120.0,1.0,-1.0,19863.0,-11399.0,1.0,-2.0,26757.0,-12077.0,2266.3875,2309.65218,2292.45831,-43.26468000000023,-26.07081000000017,2301.348998015873,2300.674678420635,1093714.9,,,1.757292304333632,2.106645169957557,3.863937474291189,0.0,8464.0,-1.0,14680.0,-0.01993779276486552,-1.419148767945129,,,0.7534,0.6373,0.036
20250113,2344.3015,2260.6491,2348.7373,2251.4505,1083141.0,-66886.0,1177239.0,1.0,-1.0,15643.0,-13480.0,2.0,-1.0,27330.0,-6532.0,2269.99998,2310.00369,2298.408805,-40.00371000000041,-28.40882500000043,2303.418003888889,2303.51326247619,1110536.5,,0.289685,1.926421723224817,2.106645169957557,4.033066893182374,0.0,2163.0,1.0,20798.0,-0.06175188641183373,-1.0553343577057472,,,0.7671,0.6533,0.067
20250114,2369.3547,2350.1139,2392.2978,2345.6777,1024991.0,-58150.0,1167296.0,1.0,-2.0,6648.0,-9096.0,2.0,-1.0,28552.0,-1007.0,2291.84268,2312.04298,2303.67137,-20.20029999999997,-11.82868999999982,2310.154091587302,2306.207079222222,1122754.7,,,2.008442741337384,2.085695976819071,4.094138718156454,-1.0,-2448.0,1.0,27545.0,-0.0567322054535113,-0.9281059903760348,,,0.7671,0.6533,0.09
20250115,2418.5577,2365.0482,2423.2228,2364.3673,1004848.0,-20143.0,1118778.0,1.0,-2.0,2743.0,0.0,2.0,-1.0,37132.0,0.0,2327.19706,2316.30725,2312.56283,10.88980999999967,14.63423000000012,2319.754663412699,2308.879033920635,1133306.8,,,2.012851628149542,2.106645169957557,4.119496798107098,-1.0,2743.0,1.0,37132.0,-0.02004581787494228,-1.4792717888075937,,,0.7671,0.6533,0.034
20250116,2403.5087,2420.6024,2441.8986,2383.3785,965168.0,-39680.0,1257010.0,1.0,-2.0,2673.0,-12101.0,2.0,-1.0,38251.0,-7087.0,2358.73222,2319.26677,2322.573815,39.4654500000006,36.15840500000058,2329.012418095238,2311.450267698413,1168343.2,,,2.117350837198313,2.106645169957557,4.22399600715587,-1.0,-9428.0,1.0,31164.0,-0.04111201365979809,-0.9787075739285412,,,0.7671,0.6533,0.082
20250117,2424.2801,2401.5546,2429.0952,2375.7619,947984.0,-17184.0,1140076.0,1.0,-2.0,4284.0,-11644.0,2.0,-1.0,35024.0,0.0,2392.00054,2329.19402,2332.05275,62.80652000000009,59.94779000000017,2337.632614285714,2314.257320134921,1144964.6,,,2.181031642382538,2.126969581728264,4.308001224110802,-1.0,-7360.0,1.0,35024.0,-0.01812688821752266,-0.8704082984782866,,,0.7671,0.7267,0.106
20250120,2457.4302,2417.0469,2458.4407,2402.5773,997191.0,49207.0,1320042.0,1.0,-2.0,2864.0,-18574.0,1.0,-2.0,22653.0,-12160.0,2414.626279999999,2342.31313,2339.091615,72.31314999999995,75.53466499999922,2348.608479603175,2317.748413468254,1154873.7,,0.29141,2.255235324576697,2.126969581728264,4.38220490630496,-1.0,-15710.0,-1.0,10493.0,0.04934561182361253,-0.6813824272694016,,,0.7534,0.7533,0.127
20250121,2469.9182,2457.9725,2476.0093,2424.7168,982133.0,-15058.0,1155100.0,1.0,-3.0,1360.0,-18155.0,2.0,-1.0,26926.0,-6681.0,2434.73898,2363.29083,2347.828245,71.44814999999971,86.91073499999948,2360.568919444444,2322.479064,1129796.2,,0.2957799999999999,2.302969410878989,2.126969581728264,4.429938992607253,-2.0,-16795.0,1.0,20245.0,-0.015331935695063702,-0.4781667587430208,,,0.7671,0.7533,0.157
20250122,2466.4185,2472.8862,2482.2559,2447.5188,955815.0,-26318.0,960441.0,0.0,-3.0,608.0,-19903.0,2.0,-1.0,24981.0,-8629.0,2444.31114,2385.7541,2356.25536,58.55704000000014,88.05577999999969,2372.034092142857,2328.732194777778,1134079.0,,,2.265983050648706,2.126969581728264,4.39295263237697,-3.0,-19295.0,1.0,16352.0,-0.027534617054555538,-0.4440236585382077,,,0.5342,0.4973,0.163
20250123,2459.6527,2469.1391,2498.0784,2454.0999,897904.0,-57911.0,1079885.0,1.0,-3.0,1493.0,-17394.0,2.0,-1.0,22849.0,-2069.0,2455.53994,2407.13608,2362.561475,48.40385999999944,92.97846499999969,2382.90591079365,2336.543819126984,1144098.7,,,2.182874478858427,2.106645169957557,4.289519648815983,-2.0,-15901.0,1.0,20780.0,-0.0644957590120993,-0.5026514771758156,,,0.5205,0.4707,0.154
20250124,2493.7866,2469.3437,2512.07,2443.2027,840477.0,-57427.0,1119298.0,1.0,-2.0,966.0,-2187.0,2.0,-1.0,29237.0,-9179.0,2469.44124,2430.72089,2370.186535,38.72035000000005,99.25470500000029,2394.727216111111,2345.881640936508,1149516.5,,,2.231390653796227,2.126969581728264,4.358360235524491,-1.0,-1221.0,1.0,20058.0,-0.06832667639923519,-0.3354196582864436,,,0.4795,0.4253,0.179
20250127,2459.5063,2485.2678,2491.1986,2415.9602,762519.0,-77958.0,950449.0,1.0,-1.0,2553.0,0.0,2.0,-2.0,24469.0,-13318.0,2469.85646,2442.24137,2376.12253,27.61508999999978,93.73392999999987,2403.679761031746,2355.907816650794,1126837.5,,,2.195301145857243,2.172826956192691,4.368128102049934,0.0,2553.0,0.0,11151.0,-0.10223745244380796,-0.4011641906826995,,,0.3836,0.376,0.168
20250205,2559.0456,2498.2573,2569.7987,2497.8248,816468.0,53949.0,796176.0,0.0,-1.0,0.0,-560.0,2.0,-2.0,25929.0,-13763.0,2487.68194,2461.21046,2386.62672,26.47148000000016,101.0552200000002,2419.485173492063,2366.84092484127,1089725.5,,,2.394392258252984,2.172826956192691,4.567219214445675,-1.0,-560.0,0.0,12166.0,0.06607607401637296,0.0117235735142312,,,0.274,0.3027,0.212
20250206,2503.4111,2557.6841,2561.7878,2487.8303,850449.0,33981.0,1270539.0,2.0,-1.0,7565.0,0.0,2.0,-1.0,13644.0,-35093.0,2495.08046,2469.6958,2393.001525,25.38466000000017,102.0789350000005,2432.493868095239,2378.114845309524,1104901.6,,,2.523340024738502,2.204883824015737,4.728223848754238,1.0,7565.0,1.0,-21449.0,0.039956540603845736,0.0841939936082503,,,0.274,0.2573,0.227
20250207,2507.7008,2510.3408,2519.7119,2458.4096,891750.0,41301.0,1392000.0,2.0,-1.0,10022.0,-10732.0,2.0,-1.0,14296.0,-25772.0,2504.69008,2480.11501,2399.69089,24.57506999999987,104.9991899999995,2443.255242063492,2389.539127706349,1118400.6,1670400.0,,2.603933700694881,2.219378353177358,4.823312053872239,1.0,-710.0,1.0,-11476.0,0.04631455004205214,0.4208502094395582,,,0.2192,0.176,0.309
20250210,2532.4454,2499.0092,2576.5318,2482.9043,966587.0,74837.0,1989947.0,3.0,-1.0,13942.0,-10698.0,2.0,-1.0,17015.0,-37049.0,2512.42184,2490.93154,2410.06278,21.49029999999993,102.3590600000002,2455.406682936508,2401.316534571429,1203387.7,2387936.4,,2.579144596269363,2.219378353177358,4.798522949446721,2.0,3244.0,1.0,-20034.0,0.07742396700969494,0.7003378175937652,,,0.1918,0.176,0.412
20250211,2537.7774,2537.5539,2563.4988,2526.4163,987654.0,21067.0,1468047.0,2.0,-2.0,9320.0,-9915.0,2.0,-1.0,23300.0,-34681.0,2528.07606,2498.96626,2420.639695,29.10979999999972,107.436365,2468.250731984127,2413.280759809524,1218188.2,1761656.4,,2.535166065245082,2.204883824015737,4.740049889260819,0.0,-595.0,1.0,-11381.0,0.02133034443236194,0.1872696661356676,,,0.2055,0.1707,0.245
20250212,2524.2853,2547.6308,2547.6308,2485.6597,982585.0,-5069.0,1656505.0,2.0,-2.0,7973.0,-22322.0,2.0,-2.0,11621.0,-27188.0,2521.124,2504.40297,2433.8469,16.7210299999997,87.27709999999979,2478.516795238095,2425.075547388888,1268328.7,1987806.0,,2.536416755425258,2.204883824015737,4.741300579440995,0.0,-14349.0,0.0,-15567.0,-0.005158841219843576,0.236230179497523,,,0.1781,0.1707,0.254
20250213,2501.0884,2512.5083,2520.5355,2466.1902,991505.0,8920.0,1208916.0,2.0,-2.0,10240.0,-13589.0,2.0,-1.0,5297.0,-30514.0,2520.65946,2507.86996,2446.81203,12.78949999999986,73.8474299999998,2485.159898968254,2436.388128071428,1293176.2,,0.27623,2.52810644531545,2.204883824015737,4.732990269331188,0.0,-3349.0,1.0,-25217.0,0.008996424627208134,0.0435937216967767,,,0.1781,0.1707,0.217
20250214,2538.3144,2497.7809,2549.6611,2488.2033,1038364.0,46859.0,1520781.0,2.0,-2.0,7532.0,-7318.0,2.0,-2.0,4617.0,-23625.0,2526.78218,2515.73613,2461.436105,11.04604999999992,65.34607500000038,2492.971991031746,2447.394736095238,1337265.8,,0.27945,2.543077809498387,2.219378353177358,4.762456162675745,0.0,214.0,0.0,-19008.0,0.04512772014438097,0.3149794249125873,,,0.1781,0.1707,0.277
20250217,2500.2594,2538.7894,2552.8922,2495.5888,1066430.0,28066.0,1400962.0,2.0,-1.0,21304.0,-6830.0,1.0,-3.0,2026.0,-44569.0,2520.34498,2516.38341,2473.55215,3.961569999999938,46.79282999999987,2498.321227301587,2457.754137214285,1365432.2,,,2.544078619736799,2.247328763778418,4.791407383515217,1.0,14474.0,-2.0,-42543.0,0.026317714242847633,0.4072750751161533,,,0.2329,0.1707,0.307
20250218,2529.1543,2505.76,2556.9912,2501.6551,1082478.0,16048.0,1551066.0,1.0,-3.0,4348.0,-8591.0,1.0,-3.0,849.0,-39728.0,2518.62036,2523.34821,2482.79479,-4.727849999999762,35.82556999999952,2503.72118015873,2467.758279126984,1425493.9,,,2.555277618024594,2.235276288372108,4.790553906396702,-2.0,-4243.0,-2.0,-38879.0,0.014825243561531967,0.4192732462143669,,,0.2603,0.176,0.31
20250219,2592.2883,2537.0719,2592.2883,2537.0719,1169335.0,86857.0,1600023.0,2.0,-2.0,7919.0,-8011.0,1.0,-3.0,861.0,-26461.0,2532.22096,2526.67248,2493.94147,5.548479999999927,38.2794899999999,2512.770915238095,2477.086853301587,1505878.6,,0.281635,2.626734753899656,2.235276288372108,4.862011042271764,0.0,-92.0,-2.0,-25600.0,0.07427897052598272,0.5959810715679931,,,0.2603,0.176,0.376
20250220,2617.9941,2594.184,2618.8187,2568.9654,1190708.0,21373.0,1263612.0,1.0,-3.0,3845.0,-16502.0,2.0,-1.0,436.0,-17831.0,2555.6021,2538.13078,2503.91329,17.47132000000011,51.6888100000001,2523.947423333333,2486.232208825396,1505185.9,,0.283015,2.631581460214822,2.235276288372108,4.866857748586931,-2.0,-12657.0,1.0,-17395.0,0.017949824810112976,0.7673710509792392,,,0.2466,0.1707,0.43
20250221,2624.6622,2605.9775,2654.263,2605.9775,1204857.0,14149.0,1555674.0,1.0,-3.0,3952.0,-23865.0,2.0,-2.0,4007.0,-20145.0,2572.87166,2549.82692,2514.970965,23.04473999999936,57.90069499999981,2535.694271984127,2495.47611181746,1521553.3,,,2.563956084920556,2.235276288372108,4.799232373292664,-2.0,-19913.0,0.0,-16138.0,0.011743302317204449,0.621627546031922,,,0.2603,0.172,0.39
20250224,2596.0561,2627.5536,2667.5209,2595.1838,1186000.0,-18857.0,1977937.0,2.0,-4.0,0.0,-13157.0,2.0,-1.0,13358.0,-32250.0,2592.031,2556.18799,2523.559765,35.84301000000005,68.47123499999998,2545.303927063492,2504.465836230158,1520352.3,2373524.4,,2.538747877201793,2.255165914550771,4.793913791752564,-2.0,-13157.0,1.0,-18892.0,-0.01589966273187184,0.5165577824967269,,,0.2329,0.0733,0.34
20250225,2585.1885,2596.011,2602.9636,2570.2892,1187027.0,1027.0,1272661.0,2.0,-2.0,2201.0,-6489.0,1.0,-2.0,13427.0,-35597.0,2603.23784,2560.9291,2529.94768,42.30873999999994,73.29016000000001,2551.683536349207,2512.809116666666,1500813.7,,,2.319413806186085,2.235276288372108,4.554690094558193,0.0,-4288.0,-1.0,-22170.0,0.0008651867227956904,0.4310764470368663,,,0.2603,0.1747,0.31
20250226,2569.9794,2577.0644,2586.6522,2553.3878,1177148.0,-9879.0,1412659.0,2.0,-1.0,5810.0,-7461.0,1.0,-2.0,15470.0,-34932.0,2598.77606,2565.49851,2534.95074,33.27754999999979,63.82532000000037,2555.842051111111,2520.541642253968,1476429.1,,,2.201291857521031,2.235276288372108,4.436568145893139,1.0,-1651.0,-1.0,-19462.0,-0.008392317703466344,0.6229220722142416,,,0.2329,0.176,0.391
20250227,2609.5809,2565.5653,2617.8497,2552.7703,1212310.0,35162.0,1634463.0,3.0,-1.0,9365.0,-14025.0,0.0,-3.0,0.0,-33126.0,2597.09342,2576.34776,2542.10886,20.74566000000004,54.98456000000033,2561.627223174603,2528.188374674603,1518983.8,,,2.20557089063267,2.255165914550771,4.460736805183441,2.0,-4660.0,-3.0,-33126.0,0.02900413260634656,0.7530262194460471,,,0.2329,0.1773,0.423
20250228,2580.9861,2613.1137,2621.3464,2562.0716,1184663.0,-27647.0,1549406.0,2.0,-2.0,19301.0,-19277.0,0.0,-3.0,0.0,-67320.0,2588.3582,2580.61493,2548.17553,7.743270000000393,40.18267000000014,2566.290000555556,2535.520175626984,1521846.3,,0.28566,2.106919672091389,2.280706053653551,4.38762572574494,0.0,24.0,-3.0,-67320.0,-0.02333743857957917,0.6090610582445207,,,0.4521,0.3813,0.378
20250303,2646.7268,2576.0653,2648.661,2565.3407,1208299.0,23636.0,1905983.0,1.0,-3.0,4901.0,-34564.0,0.0,-3.0,0.0,-59398.0,2598.49234,2595.26167,2555.82254,3.230669999999918,42.66979999999967,2573.670243412697,2543.055077238095,1572348.4,2287179.6,0.2967,2.228925545318947,2.293776950870375,4.522702496189321,-2.0,-29663.0,-3.0,-59398.0,0.019561383399307623,0.8081985766243497,0.258,,0.4247,0.3587,0.436
20250304,2591.1279,2643.8236,2654.1133,2585.4518,1186303.0,-21996.0,2231522.0,3.0,-1.0,16746.0,-9335.0,0.0,-3.0,0.0,-91059.0,2599.68022,2601.45903,2562.40362,-1.778810000000703,37.27659999999969,2578.557148650794,2550.538674087301,1640394.0,2677826.4,,2.243338065295982,2.307074152505919,4.550412217801901,2.0,7411.0,-3.0,-91059.0,-0.01854163733885862,0.5734909487754516,0.2566,,0.3699,0.3093,0.358
20250305,2494.6328,2581.4692,2588.6148,2489.8012,1220237.0,33934.0,2319254.0,3.0,-1.0,23202.0,-1587.0,0.0,-3.0,0.0,-104923.0,2584.6109,2591.69348,2559.18298,-7.082580000000235,25.42792000000009,2575.554414285714,2556.817023992063,1712317.1,2783104.8,,2.363571121275899,2.348654423161996,4.712225544437896,2.0,21615.0,-3.0,-104923.0,0.027809351789857217,0.686791678473948,0.2495,,0.4247,0.3747,0.403
20250306,2493.8108,2503.1475,2512.1398,2480.8832,1274114.0,53877.0,1691781.0,4.0,-1.0,27500.0,-1754.0,0.0,-3.0,0.0,-112970.0,2561.45688,2579.27515,2558.702965,-17.81827000000021,2.753915000000234,2569.502913650794,2561.37257302381,1755134.0,,,2.282673686591302,2.348654423161996,4.631328109753298,3.0,25746.0,-3.0,-112970.0,0.04228585511186597,0.3809048783371491,0.2426,,0.4384,0.368,0.286
20250307,2479.2319,2494.0708,2504.0417,2473.7717,1316571.0,42457.0,1567536.0,3.0,-1.0,23510.0,-1465.0,0.0,-3.0,0.0,-102130.0,2541.10604,2564.73212,2557.27952,-23.62608,-16.17348000000038,2562.299664047619,2564.033112230159,1756320.2,,,2.208937603102189,2.307074152505919,4.516011755608107,2.0,22045.0,-3.0,-102130.0,0.032248165879394275,0.3872790916040812,0.2393,,0.4247,0.3667,0.287
20250310,2639.6415,2488.728,2639.6638,2475.6171,1191430.0,-125141.0,686691.0,3.0,-1.0,17783.0,-5374.0,0.0,-3.0,0.0,-70431.0,2539.68898,2569.09066,2562.639325,-29.4016800000004,-22.9503450000002,2565.158668015873,2566.018586325397,1627195.6,,0.382605,2.499271958432825,2.348654423161996,4.847926381594821,2.0,12409.0,-3.0,-70431.0,-0.10503428652963245,0.2275703097647818,0.3327,,0.4932,0.4,0.245
20250311,2716.3314,2755.118,2755.5936,2668.2343,1359248.0,167818.0,4073952.0,2.0,-2.0,19645.0,-25923.0,0.0,-3.0,0.0,-49779.0,2564.72968,2582.20495,2571.567025,-17.47527000000036,-6.837345000000369,2580.593726507937,2568.90960534127,1907324.7,4888742.399999999,,2.636440180086986,2.400950236825878,5.037390416912864,0.0,-6278.0,-3.0,-49779.0,0.12346385648535073,1.0211619508411576,0.2932,,0.4384,0.3093,0.497
20250312,2764.0876,2727.821,2768.387,2682.4685,1476785.0,117537.0,4020005.0,2.0,-2.0,20805.0,-33859.0,0.0,-3.0,0.0,-23337.0,2618.62064,2601.61577,2583.55714,17.00487000000021,35.0635000000002,2597.350257539683,2573.060425984127,2168059.3,4824006.0,,2.724958242864727,2.426121433377026,5.151079676241753,0.0,-13054.0,-3.0,-23337.0,0.07958978456579664,1.1388048358869225,0.2864,,0.4795,0.3547,0.527
20250313,2722.4217,2767.5016,2767.8578,2676.7448,1406844.0,-69941.0,3429022.0,2.0,-2.0,10128.0,-10344.0,0.0,-3.0,0.0,-25296.0,2664.34282,2612.89985,2594.623805,51.44297000000006,69.71901500000013,2611.319341428572,2578.029637809524,2347515.2,4114826.4,,2.835026236397866,2.434008661188616,5.269034897586481,0.0,-216.0,-3.0,-25296.0,-0.04971482268112171,0.7300470778975271,0.2761,,0.5068,0.42,0.413
20250314,2718.3798,2716.8028,2726.7276,2691.8756,1447612.0,40768.0,1848761.0,1.0,-2.0,4952.0,-12527.0,1.0,-2.0,10568.0,-23806.0,2712.1724,2626.63922,2603.627075,85.53318000000036,108.545325,2623.190527222222,2583.71969047619,2377450.7,,,2.723169831888846,2.434008661188616,5.157178493077462,-1.0,-7575.0,-1.0,-13238.0,0.028162242368811534,0.5055501993827249,0.2686,,0.5205,0.44,0.327
20250317,2702.4618,2723.1135,2735.7762,2700.2111,1452106.0,4494.0,1405296.0,2.0,-1.0,8464.0,-895.0,1.0,-2.0,8728.0,-25758.0,2724.73646,2632.21272,2613.737195,92.52373999999963,110.9992649999999,2633.507641111111,2589.703430246032,2327382.0,,,2.722345285004981,2.434008661188616,5.156353946193597,1.0,7569.0,-1.0,-17030.0,0.003094815392264752,1.341766981999914,0.2611,,0.7397,0.652,0.574
20250318,2717.2816,2704.5648,2731.2443,2686.7013,1454868.0,2762.0,1104710.0,2.0,-2.0,2218.0,-5999.0,1.0,-2.0,6505.0,-23717.0,2724.9265,2644.82809,2623.14356,80.09841000000006,101.7829400000001,2642.934037301588,2596.141119111111,2214700.8,,,2.742055630537857,2.434008661188616,5.176064291726473,0.0,-3781.0,-1.0,-17212.0,0.001898454017821548,1.509848773968222,0.2605,,0.7534,0.664,0.602
20250319,2715.7781,2714.8356,2735.8493,2704.7215,1426802.0,-28066.0,1126454.0,1.0,-4.0,0.0,-27774.0,1.0,-2.0,7782.0,-26446.0,2715.2646,2666.94262,2629.31805,48.32198000000017,85.94655000000012,2652.179168095238,2603.803594492064,2095420.8,,,2.642378248554754,2.426121433377026,5.068499681931781,-3.0,-27774.0,-1.0,-18664.0,-0.0196705639605215,1.5591944759708398,0.2607,,0.5479,0.4733,0.612
20250320,2642.8496,2721.83,2726.1872,2638.4667,1424469.0,-2333.0,2142559.0,2.0,-2.0,10099.0,-9052.0,0.0,-3.0,0.0,-38037.0,2699.35018,2681.8465,2630.560825,17.5036799999998,68.78935499999989,2656.167172777778,2612.470020404762,2140498.6,,,2.714752937832916,2.434008661188616,5.148761599021532,0.0,1047.0,-3.0,-38037.0,-0.001637803279678252,1.3181270607028428,0.2526,,0.5342,0.4507,0.569
20250321,2646.647,2641.6066,2663.8444,2623.0286,1391603.0,-32866.0,1192113.0,2.0,-3.0,4056.0,-13165.0,0.0,-3.0,0.0,-24406.0,2685.00362,2698.58801,2631.660065,-13.58438999999998,53.34355500000038,2657.588755793651,2621.998929579365,2102956.3,,,2.600020324103997,2.426121433377026,5.026141757481023,-1.0,-9109.0,-3.0,-24406.0,-0.02361736788437507,1.4073691649504074,0.2501,,0.5205,0.4333,0.582
20250324,2627.3546,2642.9311,2649.9222,2595.3306,1343671.0,-47932.0,1210864.0,2.0,-4.0,0.0,-11227.0,1.0,-2.0,2584.0,-28870.0,2669.98218,2697.35932,2633.22499,-27.37714000000005,36.75718999999981,2657.291380952381,2631.212200873016,2155373.6,,,2.559536416126053,2.426121433377026,4.985657849503079,-2.0,-11227.0,-1.0,-26286.0,-0.03567242278801879,1.3069180928127646,0.2444,,0.5068,0.4707,0.566
20250325,2654.504,2630.5838,2657.2587,2619.2758,1342819.0,-852.0,939905.0,1.0,-3.0,2544.0,-12320.0,1.0,-3.0,903.0,-29325.0,2657.42666,2691.17658,2636.690765,-33.7499200000002,20.73589500000026,2658.397340238095,2638.992562246032,1841968.9,,,2.378456000925909,2.400950236825878,4.779406237751788,-2.0,-9776.0,-2.0,-28422.0,-0.0006344861072117686,1.5565718631034149,0.2495,,0.6027,0.4933,0.61
20250326,2618.7334,2652.0247,2656.8841,2613.6209,1325800.0,-17019.0,980927.0,1.0,-2.0,0.0,-7917.0,1.0,-3.0,0.0,-33193.0,2638.01772,2676.64116,2639.128465,-38.6234400000003,-1.110745000000406,2657.627370555555,2645.020273547619,1538061.1,,0.29486,2.402636920744222,2.400950236825878,4.803587157570101,-1.0,-7917.0,-2.0,-33193.0,-0.012836777794539147,1.4540248071863695,0.2564,,0.589,0.4933,0.59
20250327,2649.7137,2625.2742,2651.6945,2620.0217,1367235.0,41435.0,878709.0,1.0,-2.0,0.0,-9424.0,2.0,-2.0,5826.0,-29052.0,2639.39054,2669.37036,2641.135105,-29.97982000000002,-1.744565000000421,2657.964813730158,2649.684820777778,1283029.8,,0.29854,2.39889397606296,2.400950236825878,4.799844212888839,-1.0,-9424.0,0.0,-23226.0,0.030305689950886276,1.5755252649836904,0.2596,,0.6027,0.5093,0.613
20250328,2621.9411,2653.414,2666.622,2619.7771,1376278.0,9043.0,861254.0,1.0,-3.0,0.0,-11867.0,0.0,-3.0,0.0,-40808.0,2634.44936,2659.72649,2643.182855,-25.2771300000004,-8.733495000000403,2657.135094761904,2653.079277531746,1184279.1,,,2.087641576277491,2.362157725506111,4.449799301783601,-2.0,-11867.0,-3.0,-40808.0,0.006570620179934577,1.475832648831834,0.2512,,0.6301,0.5227,0.591
20250331,2656.993,2627.7287,2673.0954,2612.4509,1378746.0,2468.0,1084572.0,2.0,-2.0,492.0,-7733.0,1.0,-2.0,5373.0,-35976.0,2640.37704,2655.17961,2643.696165,-14.80257000000029,-3.31912500000044,2657.723338809523,2655.500847301587,1152206.7,,,1.943300791125865,2.362157725506111,4.305458516631976,0.0,-7241.0,-1.0,-30603.0,0.0017900323917530857,1.5229993975579728,0.2593,,0.6301,0.5347,0.603
20250401,2579.5099,2653.1745,2655.7154,2570.7234,1443746.0,65000.0,1431528.0,2.0,-3.0,1531.0,-8989.0,1.0,-2.0,7941.0,-47768.0,2625.37822,2641.40244,2643.115265,-16.02422000000024,-17.73704499999985,2654.104483492064,2656.617891920635,1184888.5,1717833.6,,1.953865634605738,2.426121433377026,4.379987067982764,-1.0,-7458.0,-1.0,-39827.0,0.045021769757284176,1.402401041514971,0.2158,,0.589,0.5347,0.576
20250402,2612.6229,2584.9511,2633.7501,2567.0904,1441053.0,-2693.0,1107993.0,1.0,-3.0,0.0,-16402.0,2.0,-2.0,11638.0,-18379.0,2624.15612,2631.08692,2649.01477,-6.930800000000545,-24.85865000000058,2649.979797619048,2656.397954873016,1183042.4,,,1.893841104171491,2.434008661188616,4.327849765360106,-2.0,-16402.0,0.0,-6741.0,-0.0018687723491086032,1.3980542687564343,0.2111,,0.6027,0.5707,0.573
20250403,2668.902,2606.7381,2670.6422,2592.2878,1447045.0,5992.0,1104967.0,1.0,-3.0,0.0,-23105.0,2.0,-3.0,3417.0,-10971.0,2627.99378,2633.69216,2657.76933,-5.698379999999815,-29.77555000000029,2649.682928968254,2655.749530492064,1079283.2,,0.31993,2.013574582425427,2.435048541931955,4.448623124357382,-2.0,-23105.0,-1.0,-7554.0,0.004140852565054991,1.5551729446756346,0.2782,,0.6438,0.5973,0.608
20250407,2651.8881,2690.4121,2718.5153,2646.7617,1358629.0,-88416.0,1366292.0,1.0,-3.0,0.0,-24762.0,1.0,-2.0,8126.0,-24003.0,2633.98318,2634.21627,2666.40214,-0.23308999999972,-32.41895999999952,2650.352406349207,2655.025895547619,1096701.1,1639550.4,,2.113958020294178,2.439097439181225,4.553055459475402,-2.0,-24762.0,-1.0,-15877.0,-0.06507736843538596,1.5889798800208137,0.2725,,0.6849,0.6133,0.613
20250408,2745.7643,2660.3102,2755.0195,2647.0231,1203573.0,-155056.0,1830754.0,1.0,-3.0,2034.0,-29360.0,2.0,-1.0,16711.0,-10265.0,2651.73744,2646.05724,2671.70828,5.680199999999786,-19.97083999999995,2655.112197857143,2654.807977238095,1158690.1,2196904.8,0.3984749999999999,2.283399548117197,2.439097439181225,4.722496987298422,-2.0,-27326.0,1.0,6446.0,-0.12882974277422307,1.7257487904274895,0.3465,,0.6849,0.648,0.633
20250409,2677.0194,2731.2664,2747.0294,2653.7665,1159273.0,-44300.0,1553394.0,0.0,-3.0,0.0,-15321.0,1.0,-2.0,7842.0,-42043.0,2671.23934,2648.30878,2669.74268,22.93055999999979,1.496659999999792,2657.765992857143,2654.7448425,1220039.0,1864072.8,0.431595,2.453473932937004,2.448735530315783,4.902209463252786,-3.0,-15321.0,-1.0,-34201.0,-0.03821360456078939,1.3570254567740003,0.3753,,0.726,0.6973,0.563
20250410,2623.4717,2690.2726,2696.8543,2617.7481,1165018.0,5745.0,1175029.0,1.0,-2.0,240.0,-21686.0,1.0,-2.0,14026.0,-51427.0,2673.4091,2648.78261,2662.711885,24.6264900000001,10.69721500000014,2655.642623809523,2654.546367825397,1239449.2,,,2.431497818536305,2.448735530315783,4.880233348852087,-1.0,-21446.0,-1.0,-37401.0,0.004931254281049735,1.1040429177779838,0.302,,0.7397,0.748,0.502
20250411,2642.6932,2626.4068,2649.2376,2610.6672,1146752.0,-18266.0,680607.0,0.0,-3.0,0.0,-21699.0,1.0,-2.0,14199.0,-43122.0,2668.16734,2648.08056,2658.72546,20.08678000000009,9.441879999999855,2652.836997539683,2654.033586206349,1219639.0,,,2.425693878649548,2.448735530315783,4.87442940896533,-3.0,-21699.0,-1.0,-28923.0,-0.015928465788592475,1.0720841392455822,0.2179,,0.7397,0.7933,0.493
20250414,2673.5608,2638.8365,2675.4864,2630.1577,1122917.0,-23835.0,782437.0,0.0,-3.0,0.0,-18915.0,1.0,-2.0,7353.0,-29417.0,2672.50188,2653.24253,2656.48451,19.25934999999981,16.01737000000003,2652.823748650793,2653.602451595239,1211757.3,,,2.397688290152059,2.448735530315783,4.846423820467842,-3.0,-18915.0,-1.0,-22064.0,-0.021225967725130173,1.0743851491108367,0.2126,,0.7945,0.8307,0.493
20250415,2629.8096,2675.7063,2693.3524,2621.3766,1107600.0,-15317.0,928425.0,1.0,-2.0,3492.0,-19884.0,1.0,-2.0,10381.0,-41071.0,2649.31094,2650.52419,2652.8519,-1.213249999999789,-3.540959999999814,2651.74084968254,2653.004202682539,1196142.6,,,2.491028496171437,2.470543146494227,4.961571642665664,-1.0,-16392.0,-1.0,-30690.0,-0.013828999638858794,0.9463025069724044,0.2102,,0.8356,0.9,0.452
20250416,2556.0928,2629.2649,2647.8081,2551.0121,1123416.0,15816.0,980348.0,1.0,-2.0,4570.0,-15283.0,1.0,-2.0,17842.0,-59608.0,2625.12562,2648.18248,2644.79246,-23.05686000000014,-19.66683999999941,2644.886539444444,2652.082408277778,1151024.6,,,2.63996934845806,2.470543146494227,5.110512494952287,-1.0,-10713.0,-1.0,-41766.0,0.014078489179431306,0.606525101470812,0.2133,,0.8904,0.916,0.359
20250417,2544.0214,2563.0653,2566.1235,2528.2616,1136775.0,13359.0,708085.0,1.0,-1.0,12387.0,-13445.0,1.0,-2.0,15075.0,-50051.0,2609.23556,2641.32233,2636.204625,-32.08676999999989,-26.96906499999977,2635.633517857143,2650.647780301587,1111033.8,,,2.66082116445337,2.470543146494227,5.131364310947598,0.0,-1058.0,-1.0,-34976.0,0.011751665896945306,0.588478675204544,0.2157,,0.9041,0.8587,0.348
20250418,2552.7458,2544.6058,2567.8203,2528.1515,1118134.0,-18641.0,725653.0,1.0,-1.0,12338.0,-12466.0,1.0,-2.0,17995.0,-43326.0,2591.24608,2629.70671,2631.699435,-38.46063000000004,-40.4533550000001,2626.96942063492,2648.376429468254,1073102.4,,0.256795,2.646329997644528,2.470543146494227,5.116873144138754,0.0,-128.0,-1.0,-25331.0,-0.01667152595306108,0.6703780388736411,0.2233,,0.9589,0.888,0.383
20250421,2582.1617,2549.4199,2606.9925,2541.4759,1110964.0,-7170.0,761128.0,1.0,-1.0,2994.0,-12346.0,1.0,-2.0,13450.0,-25127.0,2572.96626,2622.73407,2628.47517,-49.76780999999983,-55.50891000000001,2621.257738015873,2645.466962634921,1012586.0,,0.26473,2.664980879451284,2.511229310563391,5.176210190014675,0.0,-9352.0,-1.0,-11677.0,-0.006453854490334521,0.845226475693569,0.2302,,0.9589,0.912,0.423
20250422,2608.3517,2588.8253,2618.8034,2565.1748,1082744.0,-28220.0,651453.0,0.0,-2.0,0.0,-19600.0,1.0,-2.0,11738.0,-14006.0,2568.67468,2608.99281,2627.525025,-40.31813000000011,-58.85034499999983,2618.199733888889,2641.775716238095,894655.9,,,2.574117563382436,2.511229310563391,5.085346873945827,-2.0,-19600.0,-1.0,-2268.0,-0.026063409263870314,0.8918645791358185,0.2288,,0.9589,0.928,0.432
20250423,2629.8413,2603.1911,2637.6561,2602.7665,1071530.0,-11214.0,605937.0,0.0,-2.0,0.0,-21682.0,1.0,-2.0,25999.0,-12951.0,2583.42438,2604.275000000001,2626.29189,-20.85062000000016,-42.86750999999958,2617.736021507936,2637.772719103174,799910.2,,0.268525,2.486548818993432,2.511229310563391,4.997778129556822,-2.0,-21682.0,-1.0,13048.0,-0.010465409274588671,0.9690584136931072,0.2335,,0.9452,0.944,0.455
20250424,2676.6062,2625.7679,2691.1136,2624.0195,1057113.0,-14417.0,881799.0,0.0,-2.0,0.0,-24142.0,1.0,-2.0,16539.0,-4429.0,2609.94134,2609.58845,2629.18553,0.3528900000001158,-19.24418999999943,2620.873537460317,2634.295810468254,770587.2,,0.27416,2.455424559659519,2.518922189781719,4.974346749441239,-2.0,-24142.0,-1.0,12110.0,-0.013638087886536254,1.189082855337364,0.2384,,0.9589,0.96,0.523
20250425,2632.5605,2673.3666,2678.0483,2624.0956,1004462.0,-52651.0,646911.0,0.0,-2.0,0.0,-11931.0,1.0,-2.0,24850.0,-9517.0,2625.90428,2608.57518,2628.32787,17.32910000000038,-2.423589999999876,2622.522685952381,2631.264379309524,767217.6,,,2.408309762871651,2.518922189781719,4.92723195265337,-2.0,-11931.0,-1.0,15333.0,-0.05241711483361242,0.9764783109428056,0.2311,,0.9589,0.9693,0.459
20250428,2590.297,2641.2293,2641.2293,2571.1288,983748.0,-20714.0,735177.0,1.0,-1.0,0.0,-10558.0,2.0,-2.0,13688.0,-8536.0,2627.53134,2600.2488,2626.745665,27.28254000000015,0.7856750000005377,2620.022356746032,2627.984240119048,762491.6,,,2.315047935834571,2.542945292598212,4.857993228432783,0.0,-10558.0,0.0,5152.0,-0.02105620545098948,0.8835716727481495,0.2317,,0.9589,0.976,0.43
20250429,2540.3815,2582.8789,2586.8569,2522.7131,959299.0,-24449.0,679367.0,1.0,-1.0,763.0,-7437.0,0.0,-3.0,0.0,-29096.0,2613.9373,2591.30599,2620.91509,22.63131000000021,-6.977789999999914,2613.099249206349,2624.120080071429,737585.8,,,2.253331473524122,2.542945292598212,4.796276766122334,0.0,-6674.0,-3.0,-29096.0,-0.025486318655601643,0.7173624580449575,0.2291,,0.9452,0.9293,0.392
20250430,2490.4526,2532.7304,2545.755,2489.0667,925242.0,-34057.0,680871.0,1.0,-1.0,2378.0,-9547.0,0.0,-2.0,0.0,-25947.0,2586.05956,2584.74197,2616.462225,1.317590000000109,-30.40266500000007,2601.779819206349,2619.809408047619,707638.1,,,2.199904333960033,2.518922189781719,4.718826523741752,0.0,-7169.0,-2.0,-25947.0,-0.03680874841392846,0.937779053753157,0.2348,,0.9589,0.9467,0.448
20250506,2502.8104,2495.0319,2523.0673,2481.4047,930371.0,5129.0,366467.0,2.0,-1.0,12591.0,-9184.0,0.0,-2.0,0.0,-24536.0,2551.3004,2580.62087,2610.9716,-29.32046999999966,-59.67119999999977,2590.447824841271,2615.290838746032,673476.3,,,2.216942555544929,2.498992639181811,4.71593519472674,1.0,3407.0,-2.0,-24536.0,0.005512854549421682,0.9783396304896024,0.221,,0.9726,0.9987,0.464
20250507,2520.0236,2508.0743,2528.3139,2474.9278,937373.0,7002.0,562388.0,2.0,-2.0,12092.0,-8682.0,0.0,-2.0,883.0,-20686.0,2528.79302,2577.34865,2603.52768,-48.55562999999984,-74.73466000000008,2580.901298888889,2610.684026571428,657149.8,,,2.248729725241015,2.470543146494227,4.719272871735242,0.0,3410.0,-2.0,-19803.0,0.007469811910520145,0.9997689245083964,0.2235,,0.9863,1.0,0.473
20250508,2516.2793,2514.3354,2535.8089,2507.8363,911086.0,-26287.0,506307.0,0.0,-3.0,3016.0,-8385.0,2.0,-1.0,13453.0,-15506.0,2513.98948,2570.76041,2596.74724,-56.77093000000013,-82.75776000000042,2572.340942619048,2605.792347031746,631667.7,,,2.133406458022333,2.470543146494227,4.60394960451656,-3.0,-5369.0,1.0,-2053.0,-0.02885238056561071,1.118002533671624,0.2209,,1.0,1.0,0.511
20250509,2505.3793,2521.1326,2525.3448,2495.8304,918162.0,7076.0,383870.0,0.0,-2.0,1084.0,-10695.0,2.0,-1.0,10697.0,-15334.0,2506.98904,2560.46317,2584.72799,-53.47413000000006,-77.73895000000039,2564.189482698412,2600.391321912698,604909.4,,,1.948964697542741,2.443271002614841,4.392235700157583,-2.0,-9611.0,1.0,-4637.0,0.00770670099612051,1.080938927519384,0.2232,,1.0,1.0,0.504
20250512,2491.4461,2511.4028,2522.602,2464.7916,933301.0,15139.0,786257.0,0.0,-2.0,0.0,-18459.0,2.0,-1.0,19528.0,-15760.0,2507.18774,2546.62365,2575.449325,-39.43591000000015,-68.2615850000002,2555.451886031746,2594.16290836508,622941.4,943508.4,0.25875,2.007484680868958,2.443271002614841,4.450755683483799,-2.0,-18459.0,1.0,3768.0,0.016220919081839622,0.8703404133169634,0.225,,1.0,1.0,0.426
20250513,2445.4711,2485.5968,2496.4434,2430.8755,996115.0,62814.0,784936.0,0.0,-2.0,3565.0,-9448.0,1.0,-2.0,13533.0,-22774.0,2495.71988,2523.51014,2566.549295,-27.79025999999976,-70.8294149999997,2543.806063253969,2586.456160944444,613255.1,941923.2,0.260705,2.08599294869135,2.458818273642862,4.544811222334213,-2.0,-5883.0,-1.0,-9241.0,0.0630589841534361,0.8205659582958562,0.2267,,1.0,1.0,0.415
20250514,2464.8349,2443.2756,2466.9823,2431.2449,990109.0,-6006.0,495775.0,1.0,-2.0,2444.0,-11760.0,2.0,-1.0,23426.0,-19750.0,2484.68214,2506.73758,2557.65638,-22.05544000000009,-72.97424000000001,2532.854519761905,2577.489344325397,598141.5,,,2.009250075716555,2.458818273642862,4.468068349359417,-1.0,-9316.0,1.0,3676.0,-0.006065998794072168,0.765240692534051,0.2251,,0.9863,0.9933,0.403
20250515,2487.3608,2460.1038,2493.7925,2448.4137,976339.0,-13770.0,445606.0,0.0,-2.0,1557.0,-12035.0,2.0,-1.0,26413.0,-17736.0,2478.89844,2496.44396,2548.34638,-17.54551999999967,-69.44794000000002,2525.152042222222,2568.002312873016,569184.4,,,1.992856228531042,2.458818273642862,4.451674502173905,-2.0,-10478.0,1.0,8677.0,-0.014103707830989031,0.8546472388577866,0.2265,,0.9863,0.9893,0.427
20250516,2465.2208,2481.6154,2496.6994,2457.8251,975479.0,-860.0,556931.0,0.0,-2.0,2178.0,-12858.0,2.0,-1.0,19142.0,-24213.0,2470.86674,2488.92789,2540.11694,-18.06115,-69.25019999999995,2517.855199285714,2558.477907880952,556940.8,,,2.013420989398377,2.458818273642862,4.472239263041239,-2.0,-10680.0,1.0,-5071.0,-0.0008816181588737431,0.8837410171117845,0.2203,,0.9863,0.9827,0.436
20250519,2463.6731,2461.5857,2474.5244,2444.036,974880.0,-599.0,343240.0,1.0,-2.0,2236.0,-14556.0,2.0,-1.0,21263.0,-26555.0,2465.31214,2486.24994,2535.495955,-20.93780000000061,-70.18381500000032,2510.050793174603,2549.305005277778,523177.7,,,1.921388057150048,2.458818273642862,4.380206330792911,-1.0,-12320.0,1.0,-5292.0,-0.0006144345970786148,0.8999177121917508,0.2178,,0.9726,0.9747,0.441
20250520,2466.4864,2467.1229,2473.7515,2436.0831,958911.0,-15969.0,381595.0,0.0,-2.0,1835.0,-14756.0,2.0,-1.0,24307.0,-28032.0,2469.5152,2482.61754,2531.619205,-13.10233999999991,-62.10400499999969,2502.873947777778,2540.547617571428,524690.5,,,1.883925029160632,2.389758762008515,4.273683791169147,-2.0,-12921.0,1.0,-3725.0,-0.016653266048673964,0.8018889625947637,0.2154,,0.9726,0.96,0.412
20250521,2505.9892,2472.2164,2516.904,2453.9287,949461.0,-9450.0,527702.0,0.0,-2.0,257.0,-14256.0,1.0,-2.0,18325.0,-21062.0,2477.74606,2481.2141,2529.281375,-3.468040000000201,-51.53531500000008,2499.097887460317,2532.367276428572,521221.9,,,1.868044416040815,2.498992639181811,4.367037055222625,-2.0,-13999.0,-1.0,-2737.0,-0.009953015447711912,0.91896249028418,0.2202,,0.9726,0.9507,0.448
20250522,2514.2723,2501.2138,2519.805,2490.331,940346.0,-9115.0,375806.0,0.0,-2.0,125.0,-13386.0,1.0,-1.0,10487.0,-18694.0,2483.12836,2481.0134,2525.886905,2.114959999999428,-42.75854500000059,2497.170342619048,2524.850216428571,508171.8,,,1.760057927479449,2.498992639181811,4.25905056666126,-2.0,-13261.0,0.0,-8207.0,-0.009693240573150734,0.9414952677326248,0.2154,,0.9315,0.936,0.459
20250523,2508.7317,2515.4462,2539.1756,2499.5124,937610.0,-2736.0,419589.0,0.0,-2.0,0.0,-20843.0,2.0,-1.0,13568.0,-20281.0,2491.83054,2481.34864,2520.905905,10.48189999999977,-29.07536500000015,2495.98850547619,2518.030118706349,511743.7,,,1.71029364611184,2.389758762008515,4.100052408120355,-2.0,-20843.0,1.0,-6713.0,-0.0029180576145732234,0.9599926576914222,0.2048,,0.9178,0.908,0.466
20250526,2516.5129,2502.1221,2530.0927,2488.727,941476.0,3866.0,404236.0,0.0,-2.0,0.0,-13308.0,1.0,-2.0,11154.0,-25478.0,2502.3985,2483.85532,2515.239485,18.54318000000012,-12.84098500000027,2494.965433492064,2511.981473452381,473541.6,,,1.708770195093689,2.389758762008515,4.098528957102204,-2.0,-13308.0,-1.0,-14324.0,0.00410631816424423,1.0519586649949952,0.2046,,0.9315,0.9373,0.505
20250527,2546.1304,2511.2196,2551.4739,2507.3792,948392.0,6916.0,421140.0,0.0,-2.0,0.0,-13532.0,1.0,-1.0,13341.0,-19082.0,2518.3273,2493.92125,2508.715695,24.4060499999996,9.611605000000054,2497.005645396826,2507.301431666667,437162.0,,,1.68086726573443,2.389758762008515,4.070626027742945,-2.0,-13532.0,0.0,-5741.0,0.007292343250470269,1.2232598030370194,0.2052,,0.9315,0.9507,0.559
20250528,2549.3627,2548.7282,2580.1339,2533.8187,923290.0,-25102.0,605389.0,0.0,-2.0,0.0,-23400.0,1.0,-1.0,5183.0,-13885.0,2527.002,2502.37403,2504.555805,24.62797000000046,22.44619500000044,2501.128739920635,2504.12885368254,448123.4,726466.7999999999,,1.731786441504692,2.306099146789066,4.037885588293758,-2.0,-23400.0,0.0,-8702.0,-0.02718755753880146,1.20707759015575,0.2046,,1.0,1.0,0.556
20250529,2559.6438,2543.7263,2562.264,2529.3383,897509.0,-25781.0,446551.0,0.0,-2.0,0.0,-17252.0,1.0,-1.0,8577.0,-13081.0,2536.0763,2509.60233,2503.023145,26.47396999999955,33.05315499999961,2505.682969761905,2502.181946436508,448217.9,,0.24081,1.738851026682583,2.29761126446268,4.036462291145262,-2.0,-17252.0,0.0,-4504.0,-0.028725060138672705,1.2840032851657286,0.2094,0.028119507908611587,1.0,1.0,0.571
20250530,2576.0198,2552.5415,2586.814,2547.0523,889443.0,-8066.0,516946.0,0.0,-2.0,0.0,-26645.0,1.0,-1.0,7551.0,-9886.0,2549.53392,2520.68223,2504.80506,28.85169000000042,44.72886000000062,2511.995921428571,2501.596018650794,444219.4,,0.242075,1.683192423556375,2.278714333970366,3.961906757526741,-2.0,-26645.0,0.0,-2335.0,-0.00906859686343026,1.405161335412604,0.2105,0.03456356180433502,0.9863,0.9773,0.592
20250603,2499.4327,2556.2115,2568.6044,2496.0331,868998.0,-20445.0,581724.0,0.0,-2.0,0.0,-16896.0,2.0,-1.0,11086.0,-21100.0,2546.11788,2524.25819,2505.254065,21.85969000000068,40.86381500000016,2513.376505634921,2501.928589896826,468067.8,698068.7999999999,0.24472,1.721657999221408,2.278714333970366,4.000372333191774,-2.0,-16896.0,1.0,-10014.0,-0.023527096725193843,1.0330994544333716,0.2128,0.04803749267721139,0.9863,0.9773,0.498
20250604,2483.4024,2506.3855,2506.3855,2466.6927,863564.0,-5434.0,593271.0,0.0,-2.0,0.0,-8758.0,2.0,-1.0,4470.0,-20275.0,2533.57228,2525.94979,2504.283665,7.622490000000198,29.28861499999994,2511.804328730158,2502.821627992063,489235.4,711925.2,0.245525,1.73200375764333,2.181575639831484,3.913579397474813,-2.0,-8758.0,1.0,-15805.0,-0.006292527247546215,0.8661960079356641,0.2135,0.05213825424721728,0.9863,0.9773,0.429
20250605,2503.1152,2487.9542,2512.5667,2475.7372,865516.0,1952.0,456936.0,0.0,-2.0,0.0,-8755.0,2.0,-1.0,11405.0,-18068.0,2524.32278,2525.66239,2503.438245,-1.339609999999993,20.88453499999969,2511.279268253968,2504.039766071429,482158.8,,,1.706910838660091,2.181575639831484,3.888486478491575,-2.0,-8755.0,1.0,-6663.0,0.0022553020394770287,1.0283688795935382,0.2123,0.045108377270064344,0.9863,0.9773,0.495
20250606,2544.5633,2508.9028,2558.8302,2505.2727,846824.0,-18692.0,681260.0,0.0,-2.0,0.0,-9190.0,1.0,-1.0,2510.0,-14375.0,2521.30668,2528.69149,2504.852445,-7.384810000000471,16.45423500000015,2514.375958253968,2505.760327634921,512704.2,817512.0,,1.750859661328709,2.224232050805409,3.975091712134117,-2.0,-9190.0,0.0,-11865.0,-0.022073063588183613,1.157753983510215,0.2126,0.0468658465143527,1.0,1.0,0.53
20250609,2550.3095,2536.1534,2556.9841,2520.6781,844360.0,-2464.0,427690.0,0.0,-2.0,0.0,-16720.0,1.0,-1.0,439.0,-11595.0,2516.16462,2532.84927,2507.098955,-16.68465000000015,9.065664999999626,2518.27759,2507.989236087302,513514.3,,,1.763034730949554,2.146913799364317,3.90994853031387,-2.0,-16720.0,0.0,-11156.0,-0.002918186555497655,1.139625327742408,0.2093,0.027533684827182246,1.0,1.0,0.527
20250610,2563.2321,2550.0846,2570.1008,2537.3974,854617.0,10257.0,384221.0,1.0,-1.0,0.0,-15608.0,1.0,-1.0,0.0,-11710.0,2528.9245,2537.52119,2510.688255,-8.596690000000308,18.23624500000005,2523.406172619048,2510.83331,511512.8,,,1.744202079698102,2.094080208003714,3.838282287701816,0.0,-15608.0,0.0,-11710.0,0.01200186750322074,1.1242252939776645,0.2044,0.0,1.0,0.9893,0.524
20250611,2568.3966,2559.8195,2595.0298,2554.3064,849570.0,-5047.0,411343.0,0.0,-2.0,0.0,-17855.0,1.0,-1.0,154.0,-10987.0,2545.92334,2539.74781,2516.83453,6.175530000000435,29.08881000000019,2529.025393888888,2514.035284849206,510533.1,,,1.678423175203162,2.064746938256649,3.743170113459811,-2.0,-17855.0,0.0,-10833.0,-0.005940652330002237,1.2460044529136285,0.2111,0.03920421299005272,1.0,0.988,0.562
20250612,2602.1447,2572.2795,2604.9775,2568.0301,881502.0,31932.0,493756.0,0.0,-2.0,0.0,-18904.0,1.0,-1.0,1226.0,-7975.0,2565.72924,2545.02601,2523.70002,20.70322999999962,42.0292199999999,2536.351976507936,2517.557608507936,499369.8,,0.251045,1.695286714729155,2.052076541898865,3.74736325662802,-2.0,-18904.0,0.0,-6749.0,0.03622453494149758,1.4421146083715484,0.2183,0.08133411351667638,1.0,0.9867,0.598
20250613,2600.9482,2605.0433,2613.7882,2589.1435,875716.0,-5786.0,427585.0,0.0,-2.0,0.0,-26811.0,1.0,-1.0,4056.0,-7177.0,2577.00622,2549.15645,2529.37939,27.84977000000026,47.62683000000061,2544.209460476191,2521.410257579365,497473.2,,,1.648791090600042,2.052076541898865,3.700867632498907,-2.0,-26811.0,0.0,-3121.0,-0.006607164879938245,1.5026023505517625,0.2124,0.04681100058513754,1.0,0.9853,0.609
20250616,2598.3882,2603.8237,2603.8237,2573.2648,840638.0,-35078.0,400489.0,0.0,-2.0,0.0,-10638.0,1.0,-1.0,3071.0,-9465.0,2586.62196,2551.39329,2536.03776,35.22867000000042,50.58419999999978,2550.81757031746,2525.292422468254,485827.5,,,1.614781516731741,2.052076541898865,3.666858058630606,-2.0,-10638.0,0.0,-6394.0,-0.04172783052871747,1.4976339836750323,0.2154,0.06436512580456412,1.0,0.984,0.607
20250617,2609.4417,2592.8984,2622.0558,2572.7191,828002.0,-12636.0,428881.0,0.0,-2.0,0.0,-11111.0,1.0,-1.0,6126.0,-8870.0,2595.86388,2562.39419,2543.32619,33.4696899999999,52.53768999999966,2557.394110714286,2529.69418297619,470543.2,,0.25116,1.626565513569191,2.052076541898865,3.678642055468056,-2.0,-11111.0,0.0,-2744.0,-0.015260832703302649,1.3883191980917364,0.2184,0.0819192510239907,0.9315,0.8853,0.584
20250618,2618.2746,2606.3009,2631.2093,2604.7681,813333.0,-14669.0,329406.0,0.0,-2.0,0.0,-11818.0,0.0,-2.0,0.0,-10632.0,2605.83948,2575.88141,2550.9156,29.95806999999968,54.92387999999983,2564.497461031746,2534.963496206349,444156.7,,0.253805,1.568046924629205,2.052076541898865,3.62012346652807,-2.0,-11818.0,-2.0,-10632.0,-0.018035663129370137,1.3489694030259347,0.2207,0.09537741369221771,0.9452,0.8827,0.578
20250619,2625.0279,2613.7071,2626.9899,2597.3396,815527.0,2194.0,289587.0,0.0,-2.0,0.0,-12190.0,1.0,-1.0,1636.0,-7329.0,2610.41612,2588.07268,2556.867535,22.3434400000001,53.54858500000046,2571.339285396825,2540.969497920635,427421.8,,,1.55608161946245,1.954194945011112,3.510276564473563,-2.0,-12190.0,0.0,-5693.0,0.0026902849323198375,1.2921182371654865,0.2176,0.07723815096547682,0.9726,0.852,0.566
20250620,2606.025,2621.8757,2627.0337,2595.8434,814995.0,-532.0,341507.0,0.0,-2.0,0.0,-18806.0,1.0,-1.0,3706.0,-11018.0,2611.43148,2594.21885,2561.45517,17.21262999999999,49.97631000000001,2576.766493730159,2547.208551468254,393446.5,,,1.530956163562703,1.954194945011112,3.485151108573815,-2.0,-18806.0,0.0,-7312.0,-0.0006527647408879809,1.3213223018163336,0.2157,0.06612053832650674,0.9452,0.8413,0.573
20250623,2582.002,2612.6887,2617.384,2569.7483,815584.0,589.0,331487.0,0.0,-2.0,0.0,-11844.0,1.0,-1.0,3822.0,-15939.0,2608.15424,2597.3881,2565.118685,10.76614000000018,43.03555499999993,2579.828898015873,2553.363682269841,383826.2,,,1.437724027227818,1.863227801398311,3.300951828626129,-2.0,-11844.0,0.0,-12117.0,0.0007221818966531957,1.0994521912817603,0.2189,0.0848449385605618,0.9315,0.7987,0.506
20250624,2585.416,2576.497,2592.1743,2565.126,800611.0,-14973.0,316447.0,0.0,-2.0,0.0,-10702.0,1.0,-1.0,8424.0,-17575.0,2603.3491,2599.60649,2568.56384,3.742610000000241,34.78526000000011,2581.490528253968,2559.172117833333,377048.8,,,1.398696832464052,1.863227801398311,3.261924633862363,-2.0,-10702.0,0.0,-9151.0,-0.018701966373182482,1.108222207687284,0.2045,0.0005851375073141543,0.9315,0.8693,0.509
20250625,2514.8732,2581.8783,2595.2008,2508.4314,860338.0,59727.0,650758.0,1.0,-1.0,0.0,-15867.0,2.0,-1.0,14950.0,-27344.0,2582.66882,2594.25415,2567.00098,-11.58532999999989,15.66784000000007,2578.839175793651,2564.15349602381,400990.3,780909.6,,1.536315738295869,1.954194945011112,3.490510683306981,0.0,-15867.0,1.0,-12394.0,0.0694227152584217,0.8442060639686636,0.2041,0.0,0.9041,0.8467,0.419
20250626,2479.2959,2513.7814,2515.1898,2448.9064,934761.0,74423.0,853823.0,0.0,-2.0,0.0,-22654.0,2.0,-1.0,31048.0,-28880.0,2553.52242,2581.969270000001,2563.49764,-28.44685000000027,-9.975219999999808,2571.230818015873,2567.641380174603,436997.0,1024587.6,,1.568365331851887,2.052076541898865,3.620441873750752,-2.0,-22654.0,1.0,2168.0,0.07961714277767258,0.660781933465944,0.1935,0.0,0.8904,0.8307,0.373
20250627,2481.1878,2482.3001,2484.447,2452.6676,929420.0,-5341.0,548548.0,1.0,-1.0,3196.0,-18042.0,2.0,-1.0,34028.0,-25340.0,2528.55498,2569.99323,2559.57484,-41.43825000000015,-31.01985999999988,2562.942880555555,2569.51472218254,449093.3,658257.6,,1.558811974603149,2.052076541898865,3.610888516502014,0.0,-14846.0,1.0,8688.0,-0.005746594650427148,0.7553670328596556,0.1886,0.0,0.863,0.672,0.398
20250630,2494.2353,2480.5347,2503.4413,2476.8901,895010.0,-34410.0,482003.0,1.0,-1.0,3647.0,-14001.0,2.0,-1.0,38174.0,-19631.0,2511.00164,2559.57794,2555.485615,-48.57630000000017,-44.4839750000001,2556.683040952381,2570.101269246032,457244.7,,,1.544696648959599,1.954194945011112,3.498891593970711,0.0,-10354.0,1.0,18543.0,-0.03844649780449381,0.7444119396900206,0.1907,0.011247991430101864,0.8493,0.6213,0.395
20250701,2505.5133,2496.2358,2515.6809,2486.7913,891162.0,-3848.0,441653.0,1.0,-1.0,2138.0,-14084.0,2.0,-1.0,36987.0,-14423.0,2495.0211,2549.1851,2555.789645,-54.16399999999976,-60.76854499999945,2551.536726746032,2569.515530849206,458521.9,,,1.514441483070036,1.863227801398311,3.377669284468346,0.0,-11946.0,1.0,22564.0,-0.0043179579021547145,0.8457741162766127,0.1822,0.0,0.8082,0.5773,0.423
20250702,2496.3816,2501.6545,2507.683,2481.5083,894195.0,3033.0,369922.0,1.0,-1.0,2761.0,-14644.0,2.0,-1.0,44513.0,-12742.0,2491.32278,2536.9958,2556.438605,-45.67302000000018,-65.11582499999986,2545.802466587301,2567.646031404762,462573.5,,,1.488822082006977,1.832590621380934,3.32141270338791,0.0,-11883.0,1.0,31771.0,0.0033918776105882945,0.8536356025822271,0.1827,0.002589331952356294,0.8082,0.5773,0.425
20250703,2519.0551,2500.4766,2540.9173,2496.8595,882606.0,-11589.0,483306.0,1.0,-1.0,2279.0,-16121.0,2.0,-1.0,31583.0,-11533.0,2499.27462,2526.39852,2557.2356,-27.12390000000005,-57.96097999999984,2541.924152619048,2564.704518126984,481945.4,,,1.547929384390436,1.819792020137659,3.367721404528095,0.0,-13842.0,1.0,20050.0,-0.013130434191473885,0.8409983432640824,0.1796,0.0,0.8356,0.5773,0.418
20250704,2516.5564,2525.2995,2538.8924,2509.3406,877964.0,-4642.0,378547.0,1.0,-1.0,2115.0,-14286.0,2.0,-1.0,31559.0,-10570.0,2506.34834,2517.45166,2555.835255,-11.10331999999971,-49.48691500000041,2538.660162063492,2560.893884960317,485649.4,,,1.548657912428611,1.787466114583758,3.336124027012369,0.0,-12171.0,1.0,20989.0,-0.005287232733916197,0.8248214209132505,0.1721,0.0,0.6027,0.456,0.414
20250707,2498.7698,2516.8572,2538.65,2495.7877,889399.0,11435.0,433963.0,1.0,-1.0,1351.0,-14139.0,2.0,-1.0,31847.0,-7777.0,2507.25524,2509.12844,2553.25827,-1.873199999999997,-46.00302999999985,2534.11364452381,2556.322359611111,495897.0,,,1.535256672088538,1.74628021359546,3.281536885683998,0.0,-12788.0,1.0,24070.0,0.012856996691023938,0.8707229313624285,0.1704,0.0,0.5479,0.432,0.429
20250708,2495.0576,2504.3674,2505.2863,2491.3168,895475.0,6076.0,313901.0,1.0,-1.0,1296.0,-14033.0,2.0,-1.0,34621.0,-8400.0,2505.1641,2500.0926,2549.849545,5.071500000000015,-44.68544499999962,2528.795599126984,2551.052866698413,495642.4,,,1.505369149382317,1.72193443338314,3.227303582765457,0.0,-12737.0,1.0,26221.0,0.006785225718194255,0.893528805821271,0.1699,0.0,0.4521,0.3027,0.438
20250709,2501.7039,2488.315,2509.4047,2473.0627,897782.0,2307.0,381833.0,1.0,-1.0,0.0,-15442.0,2.0,-1.0,35304.0,-10776.0,2506.22856,2498.77567,2546.51491,7.45289000000048,-40.2863499999994,2523.533406031746,2545.522289722222,468749.9,,,1.529601385986478,1.703400245726241,3.233001631712719,0.0,-15442.0,1.0,24528.0,0.0025696661327582865,0.8590786046662169,0.1723,0.035036496350365154,0.4384,0.2533,0.424
20250710,2521.8458,2498.0322,2531.4502,2488.6539,894973.0,-2809.0,458384.0,1.0,-1.0,0.0,-16336.0,2.0,-1.0,40453.0,-7566.0,2506.7867,2503.03066,2542.499965,3.756039999999757,-35.71326500000032,2520.447903412698,2540.443998261905,429206.0,,0.20309,1.566239386543728,1.7043481556948,3.270587542238528,0.0,-16336.0,1.0,32887.0,-0.0031386421713280738,1.1835848844686423,0.1766,0.09781021897810235,0.4247,0.228,0.53
20250711,2537.4293,2520.7075,2549.6738,2520.618,885648.0,-9325.0,487948.0,0.0,-1.0,0.0,-16309.0,2.0,-1.0,38941.0,-7750.0,2510.96128,2508.65481,2539.32402,2.30646999999999,-28.36274000000003,2519.644846349206,2536.11419484127,423146.0,,0.214015,1.515362721386365,1.7043481556948,3.219710877081164,-1.0,-16309.0,1.0,31191.0,-0.010529013784257402,1.2274497170980023,0.1861,0.23649635036496336,0.3973,0.18,0.553
20250714,2544.5135,2533.3967,2554.8625,2502.0283,924296.0,38648.0,696348.0,1.0,-1.0,0.0,-17306.0,2.0,-1.0,26718.0,-12154.0,2520.11002,2513.68263,2536.630285,6.427389999999832,-16.52026500000011,2519.357537539682,2532.3816445,444580.5,835617.6,0.221835,1.590578942138463,1.7043481556948,3.294927097833263,0.0,-17306.0,1.0,14564.0,0.04181344504357911,1.353824805242994,0.1929,0.3357664233576641,0.4384,0.2413,0.578
20250715,2539.7881,2544.7467,2557.6825,2526.8489,893402.0,-30894.0,502437.0,1.0,-1.0,0.0,-16895.0,2.0,-1.0,14340.0,-8155.0,2529.05612,2517.11011,2533.147605,11.94601000000011,-4.091484999999921,2519.770243888889,2529.204996214286,450658.9,,0.2254,1.430231794162419,1.677588760353469,3.107820554515889,0.0,-16895.0,1.0,6185.0,-0.034580177792304025,2.2987890261315496,0.196,0.3810218978102191,0.4658,0.264,0.69
20250716,2535.5976,2544.9337,2548.3109,2532.405,895828.0,2426.0,389677.0,0.0,-2.0,0.0,-17442.0,2.0,-1.0,13858.0,-9134.0,2535.83486,2521.03171,2529.013755,14.80314999999973,6.821104999999989,2520.301699126984,2526.654919468254,452634.4,,,1.284775173765516,1.677588760353469,2.962363934118986,-2.0,-17442.0,1.0,4724.0,0.0027081091459521247,2.267766060009764,0.1939,0.35036496350364954,0.5068,0.3107,0.686
20250717,2605.043,2534.6405,2608.7186,2531.0072,905488.0,9660.0,733789.0,0.0,-2.0,0.0,-24132.0,2.0,-1.0,14656.0,-11903.0,2552.4743,2529.6305,2528.01451,22.8438000000001,24.45979000000034,2525.283109047619,2524.990815111111,477682.7,880546.7999999999,0.24541,1.410345459137988,1.7043481556948,3.114693614832787,-2.0,-24132.0,1.0,2753.0,0.010668280529394095,2.391618444563239,0.2134,0.6350364963503651,0.5068,0.3667,0.7
20250718,2608.5517,2603.5869,2625.1615,2590.6641,901601.0,-3887.0,533406.0,1.0,-3.0,0.0,-26632.0,2.0,-1.0,9079.0,-16999.0,2566.69878,2538.83003,2528.140845,27.86875000000009,38.55793500000027,2532.911716269841,2524.415970531746,493168.6,,0.2461,1.428224921692471,1.677588760353469,3.105813682045941,-2.0,-26632.0,1.0,-7920.0,-0.004311219708052675,2.333933630240119,0.214,0.6437956204379561,0.5479,0.3867,0.693
20250721,2616.8837,2611.5184,2630.8083,2602.3059,927021.0,25420.0,448162.0,0.0,-3.0,0.0,-29278.0,1.0,-1.0,6603.0,-21391.0,2581.17282,2550.64142,2529.88493,30.53139999999985,51.28789000000006,2541.249970158731,2525.129603095238,494588.5,,,1.422659426710631,1.65211545379117,3.074774880501801,-3.0,-29278.0,0.0,-14788.0,0.027421169531218818,2.273799222645839,0.2116,0.6087591240875914,0.589,0.4227,0.685
20250722,2626.8184,2614.8555,2651.3332,2614.8555,946228.0,19207.0,557928.0,1.0,-3.0,0.0,-21771.0,2.0,-1.0,12344.0,-19567.0,2598.57888,2563.8175,2531.95505,34.76137999999992,66.62383,2550.731247777778,2527.323167960317,518991.2,,0.257025,1.446342896517677,1.65211545379117,3.098458350308847,-2.0,-21771.0,1.0,-7223.0,0.020298490427254318,2.302830854202789,0.2235,0.7824817518248176,0.6438,0.4587,0.688
20250723,2643.0935,2623.3502,2672.0651,2618.1352,928107.0,-18121.0,481041.0,0.0,-3.0,0.0,-27824.0,2.0,-1.0,12785.0,-16436.0,2620.07806,2577.95646,2538.366065,42.12159999999994,81.71199500000012,2561.169266666666,2531.08675402381,528912.0,,0.281405,1.4675773993256,1.65211545379117,3.11969285311677,-3.0,-27824.0,1.0,-3651.0,-0.019524688424933764,2.4165343520761247,0.2447,1.0,0.4658,0.2507,0.701
20250724,2578.2421,2642.6585,2662.4816,2559.7607,908302.0,-19805.0,778306.0,1.0,-2.0,4524.0,-19572.0,1.0,-2.0,4947.0,-25087.0,2614.71788,2583.59609,2543.313375,31.12179000000015,71.40450499999997,2567.009820396825,2535.742945722222,560904.2,933967.2,,1.669131337227238,1.65211545379117,3.321246791018408,-1.0,-15048.0,-1.0,-20140.0,-0.021804421877305125,2.036263324760457,0.2252,0.7393048128342248,0.4795,0.2587,0.662
20250725,2569.75,2585.566,2595.3987,2560.2413,870600.0,-37702.0,421804.0,1.0,-2.0,29.0,-13852.0,2.0,-1.0,0.0,-16772.0,2606.95754,2586.82816,2547.741485,20.12938000000031,59.21605500000032,2570.041574682539,2540.782618555555,554289.8,,,1.644385835553592,1.616502252311598,3.26088808786519,-1.0,-13823.0,1.0,-16772.0,-0.043305766138295426,2.009502045491717,0.2357,0.8796791443850266,0.6301,0.476,0.658
20250728,2553.3922,2567.2602,2574.2497,2540.5673,858511.0,-12089.0,410053.0,2.0,-1.0,502.0,-11863.0,1.0,-2.0,3045.0,-24857.0,2594.25924,2587.716030000001,2550.69933,6.543209999999817,43.55990999999995,2571.002517222223,2545.947116523809,525660.3,,0.2847399999999999,1.696504433380745,1.590663718055121,3.287168151435866,1.0,-11361.0,-1.0,-21812.0,-0.014081357140444327,1.8798798722693848,0.2476,1.0,0.6164,0.4427,0.643
20250729,2545.907,2555.1876,2558.2593,2520.0544,848528.0,-9983.0,461634.0,1.0,-2.0,605.0,-14400.0,1.0,-2.0,5743.0,-20719.0,2578.07696,2588.32792,2552.719015,-10.2509600000003,25.3579450000002,2570.597351349207,2551.029827269841,521580.0,,,1.699593774432037,1.582826554429877,3.282420328861914,-1.0,-13795.0,-1.0,-14976.0,-0.011765080233062433,1.918211125160079,0.2179,0.617760617760618,0.6575,0.5093,0.645
20250730,2604.9639,2547.3055,2604.9639,2544.5353,858906.0,10378.0,625709.0,2.0,-1.0,0.0,-12853.0,1.0,-2.0,10105.0,-22926.0,2570.45104,2595.26455,2558.14813,-24.81350999999995,12.30290999999943,2573.601621190478,2556.359819476191,545183.2,,,1.744511087158358,1.582826554429877,3.327337641588235,1.0,-12853.0,-1.0,-12821.0,0.012082812321720886,2.35302364654285,0.2409,0.913770913770914,0.7123,0.5533,0.695
20250731,2573.54,2600.0323,2625.723,2559.2885,871902.0,12996.0,657583.0,2.0,0.0,0.0,-1945.0,1.0,-3.0,0.0,-21872.0,2569.51062,2592.11425,2560.872375,-22.60363000000007,8.638245000000097,2576.277297936508,2561.459238365079,537562.6,789099.6,,1.846178377377621,1.582826554429877,3.429004931807498,2.0,-1945.0,-2.0,-21872.0,0.01490534486673961,2.209071701214694,0.2196,0.6396396396396397,0.7123,0.5547,0.676
20250801,2554.7666,2571.9715,2574.6832,2544.0685,860123.0,-11779.0,422093.0,2.0,0.0,1340.0,-1103.0,1.0,-3.0,0.0,-33408.0,2566.51394,2586.73574,2562.782885,-20.2217999999998,3.731055000000197,2576.248747857143,2565.79294152381,526431.3,,,1.78420088773482,1.582826554429877,3.367027442164696,2.0,237.0,-2.0,-33408.0,-0.013694552988351667,1.894687559051585,0.2194,0.6370656370656373,0.6986,0.5853,0.641
20250804,2561.3594,2548.9089,2582.5664,2548.853,851892.0,-8231.0,425176.0,2.0,0.0,798.0,-758.0,1.0,-3.0,0.0,-29367.0,2568.10738,2581.18331,2565.912365,-13.07592999999997,2.195014999999785,2576.091889761905,2569.277133484127,524132.7,,,1.791097153262515,1.582826554429877,3.373923707692392,2.0,40.0,-2.0,-29367.0,-0.009662022885530091,2.101820622140413,0.2141,0.5688545688545691,0.7123,0.5747,0.668
20250805,2587.9474,2561.527,2614.4313,2561.1226,893111.0,41219.0,613990.0,2.0,-1.0,0.0,-4679.0,1.0,-2.0,0.0,-24685.0,2576.51546,2577.29621,2570.556855,-0.7807499999998981,5.958605000000261,2577.821106587302,2571.98611936508,529738.9,,,1.891745521034631,1.582826554429877,3.474572075464507,1.0,-4679.0,-1.0,-24685.0,0.0461521580184322,2.286191326577588,0.228,0.747747747747748,0.7123,0.576,0.682
20250806,2602.8444,2593.0114,2642.5119,2592.3726,898663.0,5552.0,822582.0,2.0,-1.0,3042.0,-9922.0,0.0,-3.0,0.0,-41884.0,2576.09156,2573.2713,2575.61388,2.820259999999962,0.4776799999999639,2581.239627539682,2573.993155452381,563893.0,987098.3999999999,0.2946299999999999,1.827968139933786,1.582826554429877,3.410794694363663,1.0,-6880.0,-3.0,-41884.0,0.006178066750272349,2.332557831008566,0.2562,1.0,0.7397,0.5773,0.69
20250807,2593.4491,2605.5912,2607.5186,2558.6375,888760.0,-9903.0,598195.0,1.0,-2.0,4389.0,-23627.0,1.0,-2.0,0.0,-26359.0,2580.07338,2574.792,2579.194045,5.281379999999444,0.8793350000000828,2582.879553174603,2575.580128730159,545881.9,,,1.868450253650506,1.590663718055121,3.459113971705627,-1.0,-19238.0,-1.0,-26359.0,-0.011142490661145867,2.2725462517446333,0.2397,0.8088064889918889,0.7397,0.5907,0.678
20250808,2616.9232,2593.4242,2620.0607,2591.3802,937585.0,48825.0,652281.0,1.0,-2.0,0.0,-24631.0,1.0,-2.0,0.0,-21581.0,2592.5047,2579.50932,2583.16874,12.99537999999984,9.335959999999886,2585.879230952381,2577.163894357143,568929.6,,0.334535,1.868940027974265,1.582826554429877,3.451766582404142,-1.0,-24631.0,-1.0,-21581.0,0.05207527850808193,2.284481479752872,0.2909,1.0,0.7123,0.592,0.68
20250811,2555.0749,2609.6987,2609.6987,2533.5076,895124.0,-42461.0,833216.0,1.0,-2.0,4747.0,-16381.0,0.0,-3.0,0.0,-41875.0,2591.2478,2579.67759,2583.69681,11.57020999999986,7.550989999999729,2584.667961269842,2578.530438761905,611245.9,999859.2,,2.002523504047676,1.590663718055121,3.593187222102797,-1.0,-11634.0,-3.0,-41875.0,-0.047435885977808664,2.080569683153568,0.2505,0.6661157024793389,0.7123,0.6213,0.662
20250812,2582.3227,2538.6348,2589.7672,2513.535,795325.0,-99799.0,1381040.0,1.0,-2.0,4840.0,-14904.0,1.0,-2.0,10517.0,-34628.0,2590.12286,2583.31916,2585.82354,6.803699999999935,4.29932000000008,2582.874544206349,2579.758158047619,703186.5,1657248.0,0.349025,2.067709021710462,1.616502252311598,3.68421127402206,-1.0,-10064.0,-1.0,-24111.0,-0.12548203564580518,1.4225436298996947,0.3035,1.0,0.726,0.6227,0.572
20250813,2682.7593,2709.275,2712.0662,2681.022,813081.0,17756.0,1371685.0,2.0,-1.0,0.0,-13496.0,1.0,-2.0,4634.0,-38086.0,2606.10584,2591.0987,2593.181625,15.00714000000016,12.924215,2592.811436666666,2581.679139595238,777784.1,1646022.0,,2.136415635936396,1.665071527625512,3.801487163561908,1.0,-13496.0,-1.0,-33452.0,0.021837922666991357,1.0651522012909307,0.2662,0.7208083832335329,0.726,0.624,0.471
20250814,2612.1667,2692.4793,2695.0771,2598.2176,695894.0,-117187.0,1575103.0,1.0,-1.0,331.0,-7243.0,0.0,-2.0,0.0,-36844.0,2609.84936,2594.96137,2593.53781,14.88799000000017,16.31155000000035,2597.104832936509,2583.761893095239,869536.1,1890123.6,,2.304233019451722,1.665071527625512,3.969304547077234,0.0,-6912.0,-2.0,-36844.0,-0.16839777322408297,1.285601254157733,0.2362,0.4962574850299401,0.7397,0.5747,0.542
20250815,2553.6284,2605.1135,2605.1135,2531.9758,707232.0,11338.0,845026.0,3.0,-1.0,18071.0,-8891.0,0.0,-2.0,0.0,-40006.0,2597.1904,2594.84755,2590.791645,2.342850000000453,6.398755000000165,2594.483447301589,2585.585363039683,911829.4,,,2.432596447801906,1.7043481556948,4.136944603496705,2.0,9180.0,-2.0,-40006.0,0.01603151441111262,0.8015398749085427,0.2259,0.41916167664670656,0.7945,0.5107,0.378
20250818,2590.9274,2566.2707,2608.2068,2558.6136,689630.0,-17602.0,638096.0,4.0,0.0,9320.0,0.0,0.0,-3.0,0.0,-37787.0,2604.360900000001,2597.80435,2589.49383,6.556550000000698,14.86707000000024,2593.589307539682,2587.33510481746,933121.4,,,2.474717234379532,1.72193443338314,4.196651667762672,4.0,9320.0,-3.0,-37787.0,-0.025523831619854123,0.9754542678387532,0.218,0.3600299401197605,0.7808,0.6507,0.435
20250819,2598.3939,2591.2553,2623.6655,2587.2199,693027.0,3397.0,518770.0,2.0,-1.0,7405.0,-8401.0,0.0,-2.0,0.0,-33243.0,2607.57514,2598.849,2588.072605,8.726140000000214,19.50253499999963,2594.297767857143,2588.982770944444,923599.4,,,2.409034933706168,1.72193443338314,4.130969367089308,1.0,-996.0,-2.0,-33243.0,0.0049016849271384805,0.8241962306968523,0.2135,0.3263473053892216,0.7808,0.6827,0.384
20250820,2614.3265,2598.0743,2619.7973,2564.1056,676387.0,-16640.0,484489.0,2.0,-1.0,6134.0,-9085.0,1.0,-1.0,3914.0,-28843.0,2593.88858,2599.99721,2586.634255,-6.10863000000063,7.254324999999881,2595.844731666667,2590.443281357143,889790.1,,,2.376739793402135,1.736382687390038,4.113122480792173,1.0,-2951.0,0.0,-24929.0,-0.024601300734638603,0.7254584078864694,0.2117,0.31287425149700604,0.7945,0.6227,0.359
20250821,2552.5704,2607.1799,2617.6588,2539.6772,647189.0,-29198.0,543592.0,2.0,-1.0,11841.0,-9438.0,0.0,-2.0,0.0,-43770.0,2581.96932,2595.90934,2585.35067,-13.94001999999955,-3.381350000000111,2594.014484365079,2591.556774476191,884329.8,,,2.507354028440682,1.736382687390038,4.24373671583072,1.0,2403.0,-2.0,-43770.0,-0.045115105479234044,0.5701154856433437,0.2101,0.3008982035928145,0.7945,0.7853,0.314
20250822,2534.9475,2559.2548,2559.2548,2519.8531,647871.0,682.0,369648.0,2.0,-1.0,10564.0,-9200.0,0.0,-2.0,0.0,-43076.0,2578.23314,2587.71177,2583.610545,-9.478630000000067,-5.377405000000181,2589.525527460317,2591.921404126984,856066.5,,,2.524859101789107,1.736382687390038,4.261241789179144,1.0,1364.0,-2.0,-43076.0,0.00105267869683934,0.3991798670261067,0.2095,0.2964071856287425,0.8082,0.7933,0.268
20250825,2539.7998,2535.1315,2566.6632,2531.7395,643571.0,-4300.0,381132.0,1.0,-1.0,5777.0,-11383.0,1.0,-2.0,4364.0,-38668.0,2568.00762,2586.18426,2582.930925,-18.17664000000059,-14.9233049999998,2585.358488809524,2591.990456880952,810858.1,,,2.47746943206189,1.736382687390038,4.213852119451929,0.0,-5606.0,-1.0,-34304.0,-0.006681469488214975,0.4929332835696127,0.2107,0.30538922155688625,0.9315,0.9,0.288
20250826,2520.0816,2544.3667,2557.6766,2516.1217,652353.0,8782.0,386173.0,1.0,-1.0,1418.0,-10264.0,1.0,-2.0,5978.0,-34315.0,2552.34516,2579.96015,2581.639655,-27.61499000000003,-29.2944950000001,2579.861695634921,2591.68917202381,711371.4,,,2.447151385397834,1.7043481556948,4.151499541092634,0.0,-8846.0,-1.0,-28337.0,0.013462036658067028,0.4687536956177832,0.1936,0.17739520958083832,0.9315,0.9,0.282
20250827,2495.051,2515.7601,2517.5341,2480.0185,631858.0,-20495.0,542068.0,2.0,-1.0,6927.0,-9237.0,1.0,-2.0,7643.0,-27840.0,2528.49006,2561.18932,2576.14401,-32.69925999999987,-47.6539499999999,2572.02517452381,2589.610545809524,628409.7,,,2.429369881665951,1.7043481556948,4.133718037360751,1.0,-2310.0,-1.0,-20197.0,-0.032436085322968135,0.4912903421596897,0.2005,0.2290419161676648,0.9041,0.9,0.286
20250828,2470.9394,2492.3362,2508.7403,2433.0235,634735.0,2877.0,636837.0,2.0,-1.0,6450.0,-9411.0,2.0,-1.0,10461.0,-23412.0,2512.16386,2547.06659,2571.01398,-34.90273000000025,-58.85012000000052,2562.109591666667,2586.11102168254,534583.1,,,2.570257276208156,1.736382687390038,4.306639963598194,1.0,-2961.0,1.0,-12951.0,0.004532600218989027,0.5149443699022936,0.1982,0.21182634730538916,0.9041,0.9,0.299
20250829,2496.9222,2469.2044,2504.4587,2453.6992,636272.0,1537.0,389838.0,2.0,-1.0,5716.0,-10174.0,2.0,-1.0,10092.0,-17771.0,2504.5588,2541.39597,2568.12176,-36.83716999999979,-63.56295999999975,2553.60537952381,2582.023214904762,489064.3,,,2.483323065373812,1.736382687390038,4.21970575276385,1.0,-4458.0,1.0,-7679.0,0.0024156335655191492,0.3598835497753722,0.1965,0.19910179640718573,0.9041,0.9,0.257
20250901,2492.2939,2493.8669,2507.6523,2475.7923,633572.0,-2700.0,396842.0,2.0,-1.0,5066.0,-9330.0,1.0,-1.0,6185.0,-16988.0,2495.05762,2531.53262,2564.668485,-36.47499999999991,-69.6108650000001,2546.046462063492,2577.268930357143,464938.9,,0.233565,2.365474595752271,1.736382687390038,4.101857283142309,1.0,-4264.0,0.0,-10803.0,-0.004261551962523596,0.3858842970712478,0.2031,0.24850299401197612,0.8082,0.7893,0.261
20250902,2480.4159,2498.0764,2516.4155,2477.0224,632307.0,-1265.0,405646.0,2.0,-1.0,7700.0,-10051.0,1.0,-2.0,6173.0,-23692.0,2487.12448,2519.73482,2559.29191,-32.61034000000018,-72.16743000000042,2538.574634285715,2571.696617,453626.5,,,2.124804872177556,1.736382687390038,3.861187559567593,1.0,-2351.0,-1.0,-17519.0,-0.0020006104629554946,0.4684250503831559,0.1963,0.19760479041916174,0.8082,0.784,0.283
20250903,2497.6746,2476.0111,2510.8081,2469.9966,628214.0,-4093.0,384140.0,2.0,-1.0,7310.0,-8907.0,1.0,-2.0,5773.0,-21802.0,2487.6492,2508.06963,2554.03342,-20.42042999999967,-66.38421999999991,2531.998475555555,2565.311991388889,443591.6,,,1.973511605383183,1.736382687390038,3.709894292773221,1.0,-1597.0,-1.0,-16029.0,-0.006515295743170321,0.4729884919608965,0.197,0.20284431137724562,0.7945,0.7693,0.286
20250904,2490.7093,2493.3254,2509.5531,2486.9046,634456.0,6242.0,391385.0,1.0,-1.0,3185.0,-10229.0,1.0,-1.0,6264.0,-23578.0,2491.60318,2501.88352,2548.89643,-10.2803399999998,-57.29325000000017,2525.835255238095,2558.49406847619,428370.9,,,1.814357967866703,1.736382687390038,3.550740655256741,0.0,-7044.0,0.0,-17314.0,0.009838349704313618,0.4976551431294221,0.2031,0.24850299401197612,0.7945,0.6213,0.295
20250905,2513.5545,2487.2452,2521.2994,2485.9438,646488.0,12032.0,452950.0,2.0,-1.0,9662.0,-9940.0,1.0,-1.0,9933.0,-20167.0,2494.92964,2499.74422,2543.727995,-4.814579999999751,-48.7983549999999,2521.722766111111,2551.71379234127,436701.1,,,1.76387595779842,1.736382687390038,3.500258645188458,1.0,-278.0,0.0,-10234.0,0.018611327665788074,0.6320300149462219,0.2004,0.2282934131736527,0.8082,0.612,0.346
20250908,2507.7693,2509.5791,2525.4399,2491.714,648318.0,1830.0,491386.0,2.0,-1.0,9748.0,-8754.0,1.0,-1.0,3847.0,-19183.0,2498.02472,2496.54117,2541.362715,1.483550000000378,-43.33799499999986,2517.903084365079,2544.968251896826,447726.5,,,1.760691384592601,1.736382687390038,3.497074071982639,1.0,994.0,0.0,-15336.0,0.002822688865649265,0.6653195925791688,0.2004,0.2282934131736527,0.7808,0.612,0.351
20250909,2514.1377,2503.9697,2520.0629,2491.4498,653642.0,5324.0,318073.0,2.0,-1.0,9543.0,-5223.0,0.0,-2.0,0.0,-20281.0,2504.76908,2495.94678,2537.953465,8.822299999999814,-33.18438500000002,2514.037768174604,2538.385859150794,440916.5,,,1.688584168765092,1.7043481556948,3.392932324459892,1.0,4320.0,-2.0,-20281.0,0.008145131432802665,0.3852571855009096,0.196,0.19535928143712583,0.7671,0.7253,0.261
20250910,2500.617,2518.3265,2525.7378,2496.1721,650114.0,-3528.0,376440.0,2.0,-1.0,8967.0,-4427.0,0.0,-2.0,0.0,-34532.0,2505.35756,2496.50338,2528.84635,8.85418000000027,-23.48878999999988,2511.677143412698,2532.351056039683,424353.7,,,1.552972301283973,1.7043481556948,3.257320456978772,1.0,4540.0,-2.0,-34532.0,-0.005426740540889752,0.4977631780789454,0.1915,0.16167664670658688,0.7671,0.7253,0.296
20250911,2528.2811,2505.2009,2528.9572,2503.4924,673280.0,23166.0,413456.0,2.0,0.0,8230.0,-1674.0,0.0,-2.0,0.0,-29339.0,2512.87192,2502.23755,2524.65207,10.63437000000022,-11.78015000000005,2510.679532777778,2527.208050150793,402015.6,,,1.521706907152529,1.7043481556948,3.226055062847329,2.0,6556.0,-2.0,-29339.0,0.034407675855513305,0.3093316694516547,0.1919,0.16467065868263467,0.863,0.8427,0.244
20250912,2499.611,2520.0282,2533.1413,2494.7516,667115.0,-6165.0,372548.0,1.0,0.0,4328.0,-2518.0,0.0,-2.0,0.0,-46518.0,2510.08322,2502.50643,2521.9512,7.576789999999619,-11.86798000000044,2508.548744206349,2522.702386619048,400286.6,,,1.533354384676888,1.7043481556948,3.237702540371687,1.0,1810.0,-2.0,-46518.0,-0.009241285235679006,0.4187821672996111,0.1873,0.13023952095808383,0.863,0.8253,0.275
20250915,2474.0416,2500.121,2500.4462,2460.1,651313.0,-15802.0,492594.0,2.0,0.0,11165.0,-2885.0,1.0,-2.0,4884.0,-48834.0,2503.33768,2500.6812,2516.10691,2.656479999999647,-12.76923000000033,2504.521447301587,2518.549885142857,409861.8,591112.7999999999,,1.531916413807744,1.668179492640363,3.200095906448107,2.0,8280.0,-1.0,-43950.0,-0.024261760474610518,0.2903621664340581,0.1865,0.12425149700598806,0.8493,0.8093,0.239
20250916,2484.5678,2474.7446,2498.0026,2467.1757,632022.0,-19291.0,337304.0,1.0,0.0,4718.0,-162.0,0.0,-3.0,0.0,-43275.0,2497.4237,2501.09639,2510.415605,-3.672689999999875,-12.99190499999941,2501.202282063492,2514.812649920635,403027.6,,,1.505950154927816,1.668179492640363,3.174129647568179,1.0,4556.0,-3.0,-43275.0,-0.03052267167915041,0.3642879174458633,0.1875,0.13173652694610782,0.8493,0.7827,0.26
20250917,2433.4036,2489.2779,2493.9614,2431.1368,668592.0,36570.0,504629.0,2.0,0.0,12996.0,0.0,1.0,-2.0,5444.0,-48102.0,2483.98102,2494.66929,2501.36946,-10.68826999999965,-17.38844000000017,2495.731892380952,2511.185991603174,415076.5,605554.7999999999,,1.470643602432314,1.668179492640363,3.138823095072677,2.0,12996.0,-1.0,-42658.0,0.05469703496302678,0.3060404379616657,0.1861,0.12125748502994006,0.8219,0.772,0.245
20250918,2438.6226,2436.1128,2455.7937,2423.031,653335.0,-15257.0,371930.0,2.0,0.0,11575.0,0.0,1.0,-2.0,5417.0,-42073.0,2466.04932,2489.46062,2495.67207,-23.41130000000021,-29.62274999999954,2489.452507619047,2507.54771684127,413131.0,,,1.421471097758678,1.639968147091044,3.061439244849722,2.0,11575.0,-1.0,-36656.0,-0.023352491447725898,0.4373312713741649,0.1873,0.13023952095808383,0.7808,0.7373,0.285
20250919,2484.6693,2443.5197,2490.4646,2430.0499,640114.0,-13221.0,455595.0,3.0,0.0,9224.0,0.0,1.0,-2.0,437.0,-28745.0,2463.06098,2486.5721,2493.15816,-23.51112000000012,-30.09718000000021,2486.642261904761,2504.039666420635,413395.5,,0.21781,1.503722646053855,1.668179492640363,3.171902138694218,3.0,9224.0,-1.0,-28308.0,-0.020654133482473434,0.562938950787647,0.1894,0.14595808383233547,0.7945,0.6733,0.325
20250922,2485.3913,2480.8365,2509.4461,2475.5544,659008.0,18894.0,431191.0,3.0,0.0,11972.0,0.0,0.0,-2.0,0.0,-26330.0,2465.330919999999,2484.3343,2490.437735,-19.00338000000056,-25.10681500000101,2486.036414285714,2500.852999412698,407376.0,,,1.487723426173422,1.668179492640363,3.155902918813785,3.0,11972.0,-2.0,-26330.0,0.028670365154899485,0.6404948681052877,0.1874,0.13098802395209594,0.7534,0.5973,0.354
20250923,2415.5752,2476.9787,2476.9787,2396.0403,671117.0,12109.0,633944.0,3.0,0.0,17726.0,0.0,0.0,-2.0,0.0,-47998.0,2451.5324,2474.47805,2485.212415,-22.94565000000011,-33.68001499999991,2480.546708571429,2497.50389345238,438963.1,760732.7999999999,0.224135,1.630834011722881,1.7043481556948,3.33518216741768,3.0,17726.0,-2.0,-47998.0,0.01804305359572176,0.5202190643466061,0.1949,0.187125748502994,0.7534,0.664,0.313
20250924,2375.5043,2415.0105,2419.4104,2359.7418,668708.0,-2409.0,648017.0,3.0,0.0,19431.0,0.0,0.0,-2.0,0.0,-51850.0,2439.95254,2461.96678,2479.23508,-22.01423999999997,-39.2825399999997,2471.030745396825,2493.439253650793,466120.8,777620.4,0.231035,1.743077741771209,1.736382687390038,3.479460429161247,3.0,19431.0,-2.0,-51850.0,-0.0036024692391896014,0.3758035664030978,0.2009,0.23203592814371257,0.726,0.624,0.263
20250925,2415.7225,2387.3162,2421.5087,2382.3975,647725.0,-20983.0,464231.0,3.0,0.0,14706.0,0.0,0.0,-2.0,0.0,-28501.0,2435.37252,2450.71092,2476.474235,-15.33840000000055,-41.10171500000024,2463.766936587301,2488.747994031746,471198.3,,0.242995,1.778826681099789,1.783118123173514,3.561944804273304,3.0,14706.0,-2.0,-28501.0,-0.032394920683932224,0.366167794719518,0.2113,0.30988023952095806,0.7123,0.624,0.262
20250926,2383.6362,2412.5979,2420.7693,2378.9544,643670.0,-4055.0,365675.0,2.0,0.0,12728.0,0.0,1.0,-2.0,5791.0,-42762.0,2415.1659,2439.11344,2470.809935,-23.94754000000012,-55.64403500000026,2455.839031666667,2483.477022777778,470511.0,,,1.808730782084424,1.806465516134883,3.615196298219307,2.0,12728.0,-1.0,-36971.0,-0.006299812015473767,0.3097442868882141,0.2103,0.30239520958083826,0.8904,0.812,0.247
20250929,2390.7213,2389.0892,2404.0198,2376.9041,624617.0,-19053.0,271181.0,3.0,0.0,12165.0,0.0,1.0,-2.0,7936.0,-39333.0,2396.2319,2430.78141,2465.731305,-34.54950999999983,-69.49940500000002,2448.035082142856,2477.828386261905,448369.7,,0.243915,1.810872614213648,1.806465516134883,3.61733813034853,3.0,12165.0,-1.0,-31397.0,-0.030503492540228654,0.466006406485873,0.2121,0.315868263473054,0.863,0.7973,0.293
20250930,2385.0944,2388.0965,2401.8447,2383.1096,617579.0,-7038.0,257720.0,3.0,0.0,11262.0,-1425.0,1.0,-2.0,0.0,-40348.0,2390.13574,2420.83407,2460.96523,-30.69832999999971,-70.82948999999962,2440.420935714286,2471.750251626984,440411.3,,0.260705,1.78531720201943,1.806465516134883,3.591782718154313,3.0,9837.0,-1.0,-40348.0,-0.011396112885962768,0.5962892903843271,0.2267,0.4146341463414635,0.8493,0.68,0.341
20251009,2399.9164,2402.6106,2410.9857,2379.691,619399.0,1820.0,246786.0,3.0,0.0,11799.0,-1174.0,0.0,-2.0,0.0,-38331.0,2395.01816,2417.48535,2456.07732,-22.46718999999985,-61.05915999999979,2434.348053571429,2465.611867746032,414627.0,,,1.800717141946948,1.806465516134883,3.607182658081831,3.0,10625.0,-2.0,-38331.0,0.002938332157462314,0.5284004814814072,0.1985,0.1725768321513003,0.7671,0.6413,0.32
20251010,2374.5005,2404.0901,2410.8414,2359.8282,643000.0,23601.0,376789.0,2.0,0.0,13683.0,-3249.0,1.0,-2.0,8085.0,-45033.0,2386.77376,2411.07314,2450.26688,-24.29937999999993,-63.49312000000009,2427.160188412698,2459.382635825397,415112.9,,,1.844546803315259,1.892624456115196,3.737171259430455,2.0,10434.0,-1.0,-36948.0,0.0367045101088647,0.2724919420325846,0.1955,0.08006814310051123,0.726,0.6133,0.237
20251013,2368.0623,2372.3371,2402.1813,2356.0031,639468.0,-3532.0,380086.0,3.0,0.0,12269.0,-752.0,1.0,-2.0,8172.0,-45108.0,2383.65898,2399.41244,2442.99227,-15.7534599999999,-59.33328999999958,2419.585113095238,2452.676920944444,407562.0,,,1.867560690016862,1.922641259124248,3.790201949141111,3.0,11517.0,-1.0,-36936.0,-0.00552334127743687,-0.0454955420995523,0.1951,0.07666098807495747,0.7123,0.5773,0.202
20251014,2330.2451,2366.8614,2377.0585,2321.2545,659716.0,20248.0,381395.0,2.0,-1.0,14153.0,-8301.0,1.0,-2.0,3956.0,-51709.0,2371.56374,2383.89782,2434.11606,-12.33407999999963,-62.55231999999978,2409.766507619048,2445.049930277778,402582.4,,,1.950275325320029,1.922641259124248,3.872916584444277,1.0,5852.0,-1.0,-47753.0,0.03069199473712931,0.0308856666830153,0.1988,0.10817717206132893,0.7123,0.5387,0.208
20251015,2337.9264,2326.274,2356.62,2321.6704,649882.0,-9834.0,229949.0,2.0,-1.0,13522.0,-6834.0,0.0,-2.0,0.0,-47880.0,2362.13014,2376.13294,2425.305495,-14.00279999999975,-63.17535499999985,2400.153804920635,2437.010639912699,362182.9,,0.232645,1.87282266353546,1.922641259124248,3.795463922659708,1.0,6688.0,-2.0,-47880.0,-0.01513197780520156,-0.0940072648700057,0.2023,0.1379897785349235,0.6438,0.488,0.199
20251016,2345.4247,2341.2093,2355.165,2334.5411,642503.0,-7379.0,175832.0,2.0,-1.0,13011.0,-8380.0,1.0,-2.0,9765.0,-44192.0,2351.2318,2373.12498,2417.54588,-21.89317999999957,-66.3140800000001,2392.046334523809,2429.112198825397,314964.4,,,1.841790633161118,1.922641259124248,3.764431892285366,1.0,4631.0,-1.0,-34427.0,-0.011484771277332557,0.0718185293224318,0.2007,0.1243611584327087,0.6027,0.4387,0.215
20251017,2297.5604,2347.6988,2355.6915,2294.0594,664453.0,21950.0,323517.0,2.0,-1.0,14540.0,-8123.0,1.0,-2.0,11317.0,-44437.0,2335.84378,2361.30877,2406.009845,-25.46498999999994,-70.16606499999989,2382.10242484127,2420.945747650794,300893.0,,0.235865,1.855793079782154,1.922641259124248,3.778434338906402,1.0,6417.0,-1.0,-33120.0,0.03303469169376916,-0.0327439431010598,0.2051,0.1618398637137991,0.6027,0.4133,0.206
20251020,2336.0441,2296.8331,2349.2462,2296.8331,657815.0,-6638.0,305991.0,2.0,-1.0,13153.0,-6877.0,1.0,-2.0,11184.0,-37690.0,2329.44014,2356.54956,2397.8315,-27.10942000000068,-68.39136000000008,2374.049558968254,2412.766800380953,294924.6,,,1.920013786491516,1.983178049945223,3.903191836436739,1.0,6276.0,-1.0,-26506.0,-0.01009098302714289,0.112400846080193,0.2027,0.14139693356047703,0.589,0.348,0.222
20251021,2316.8185,2338.346,2344.1572,2315.8794,680589.0,22774.0,245693.0,2.0,0.0,8584.0,-1326.0,1.0,-2.0,11688.0,-38581.0,2326.75482,2349.15928,2389.970345,-22.4044600000002,-63.21552500000053,2366.622533253968,2404.625545492064,292375.8,,,1.740999536224771,1.983178049945223,3.724177586169994,2.0,7258.0,-1.0,-26893.0,0.03346219230695765,0.0541542289269486,0.198,0.10136286201022164,0.589,0.3347,0.214
20251022,2306.2111,2315.504,2318.6044,2297.267,689600.0,9011.0,369011.0,2.0,0.0,16386.0,-897.0,1.0,-2.0,5413.0,-35370.0,2320.41176,2341.27095,2381.05251,-20.85918999999967,-60.64075000000048,2358.657440873016,2396.449196007937,303504.9,442813.2,,1.628458805143306,1.983178049945223,3.611636855088529,2.0,15489.0,-1.0,-29957.0,0.01306699535962877,0.0799793173774484,0.1986,0.10647359454855206,0.5205,0.3147,0.22
20251023,2331.6567,2309.4112,2335.2529,2293.3275,683801.0,-5799.0,335475.0,2.0,-1.0,15902.0,-9168.0,2.0,-1.0,7608.0,-28277.0,2317.65816,2334.44498,2375.965165,-16.78682000000026,-58.30700500000012,2352.611035873016,2388.275494238095,312373.8,,,1.620222608755552,1.922641259124248,3.5428638678798,1.0,6734.0,1.0,-20669.0,-0.008480537466309643,0.145090907726425,0.1902,0.034923339011925215,0.5068,0.3067,0.231
20251024,2318.5089,2333.331,2340.6722,2316.933,704130.0,20329.0,334548.0,1.0,-1.0,9541.0,-10079.0,2.0,-1.0,10748.0,-28464.0,2321.84786,2328.84582,2369.95948,-6.997959999999694,-48.11162000000058,2347.259780555556,2380.285453452381,308149.7,,,1.56839200179077,1.892624456115196,3.461016457905966,0.0,-538.0,1.0,-17716.0,0.028871089145470298,0.2307377933977819,0.1948,0.07410562180579228,0.4795,0.2947,0.241
20251027,2332.2653,2321.1675,2345.2661,2319.273,697203.0,-6927.0,359584.0,1.0,-1.0,9213.0,-12397.0,2.0,-1.0,14270.0,-28625.0,2321.0921,2325.26612,2362.33928,-4.174019999999928,-41.24717999999984,2343.304890952381,2372.657431238095,306099.5,,,1.570095220916482,1.892624456115196,3.462719677031679,0.0,-3184.0,1.0,-14355.0,-0.009935413358806546,-0.1271326126052172,0.1984,0.10477001703577517,0.4521,0.2373,0.195
20251028,2375.4614,2332.3689,2377.4017,2329.3253,697339.0,136.0,430886.0,1.0,-1.0,8123.0,-8610.0,1.0,-1.0,12186.0,-23586.0,2332.82068,2329.78775,2356.842785,3.032929999999396,-24.02210500000001,2343.192128333333,2365.999993309524,311048.6,517063.2,0.234255,1.660092186650052,1.922641259124248,3.5827334457743,0.0,-487.0,0.0,-11400.0,0.0001950270958601197,-0.2091554444259834,0.2037,0.1499148211243612,0.4658,0.244,0.19
20251029,2357.533,2372.7924,2387.9249,2343.7096,695264.0,-2075.0,433105.0,1.0,-1.0,9249.0,-9101.0,2.0,-1.0,15199.0,-25845.0,2343.08506,2331.74841,2353.940675,11.33665000000019,-10.85561499999949,2343.48329468254,2360.332942285714,331364.2,519726.0,0.24771,1.70172049450758,1.922641259124248,3.624361753631828,0.0,148.0,1.0,-10646.0,-0.0029844778386339576,-0.1259941112798211,0.2154,0.24957410562180596,0.4658,0.2453,0.197
20251030,2376.2365,2360.1756,2382.8998,2356.5183,696435.0,1171.0,322794.0,1.0,-1.0,7443.0,-13918.0,2.0,-1.0,24449.0,-22477.0,2352.00102,2334.82959,2353.977285,17.17142999999942,-1.97626500000024,2344.64804936508,2355.593113769841,346060.4,,,1.626372873895604,1.892624456115196,3.518997330010801,0.0,-6475.0,1.0,1972.0,0.0016814203766324209,0.0235243888788828,0.2122,0.22231686541737658,0.3973,0.3533,0.212
20251031,2370.7078,2384.8011,2390.5837,2351.8234,685645.0,-10790.0,503493.0,1.0,-1.0,8178.0,-13512.0,2.0,-1.0,16422.0,-22209.0,2362.4408,2342.14433,2351.72655,20.29646999999977,10.71424999999954,2346.526753571429,2352.035546642857,364058.0,604191.6,0.258865,1.6035793111564,1.879210584036975,3.482789895193374,0.0,-5334.0,1.0,-5787.0,-0.01573700676005805,-0.057104233576964,0.2251,0.33219761499148215,0.4247,0.3107,0.205
20251103,2450.3562,2366.0815,2456.9856,2364.7293,709362.0,23717.0,740526.0,1.0,-2.0,5502.0,-14272.0,1.0,-1.0,22424.0,-21138.0,2386.05898,2353.57554,2355.06255,32.48343999999997,30.99642999999969,2353.121922698413,2349.942783015873,407511.5,888631.2,,1.708673296398584,1.892624456115196,3.60129775251378,-1.0,-8770.0,0.0,1286.0,0.03343426910378622,0.0797377091659045,0.2136,0.23424190800681452,0.3562,0.2413,0.225
20251104,2453.5742,2443.0977,2469.7819,2443.0977,719109.0,9747.0,523730.0,1.0,-2.0,4842.0,-16761.0,1.0,-1.0,17442.0,-19930.0,2401.68154,2367.25111,2358.205195,34.43043000000034,43.47634500000095,2362.437694603174,2349.524299150793,435315.2,628476.0,,1.677608835050656,1.892624456115196,3.570233291165852,-1.0,-11919.0,0.0,-2488.0,0.013554273413349019,0.0640437423083112,0.2064,0.1729131175468485,0.274,0.176,0.22
20251105,2490.1776,2452.923,2498.4917,2433.1418,758787.0,39678.0,640357.0,1.0,-2.0,3603.0,-12935.0,1.0,-1.0,15502.0,-19891.0,2428.21046,2385.64776,2363.459355,42.5626999999995,64.75110499999982,2373.596267936508,2351.018181857143,462449.8,768428.4,,1.805345584601162,1.892624456115196,3.697970040716358,-1.0,-9332.0,0.0,-4389.0,0.05229135449078595,0.0396262207740864,0.2183,0.2742759795570699,0.3014,0.1773,0.216
20251106,2504.8722,2486.5515,2509.6435,2486.5515,785711.0,26924.0,468117.0,1.0,-2.0,2096.0,-13477.0,1.0,-1.0,17446.0,-17966.0,2453.9376,2402.969309999999,2368.707145,50.96829000000071,85.23045500000035,2386.784003174603,2354.435478587302,475714.0,,,1.678448054539286,1.879210584036975,3.557658638576261,-1.0,-11381.0,0.0,-520.0,0.03426705238949181,0.1812756439520116,0.2173,0.26575809199318573,0.1507,0.0747,0.241
20251107,2498.811,2504.2402,2506.3435,2490.1193,810455.0,24744.0,441122.0,1.0,-2.0,2037.0,-8292.0,1.0,-1.0,15070.0,-17704.0,2479.55824,2420.99952,2374.92267,58.55871999999954,104.6355699999999,2399.337159920635,2359.64321652381,486371.4,,,1.562208062467073,1.829053008249675,3.391261070716748,-1.0,-6255.0,0.0,-2634.0,0.030530998019630946,-0.2529572614925877,0.211,0.21209540034071553,0.0548,0.0293,0.185
20251110,2494.1487,2506.2544,2506.2544,2463.7586,791262.0,-19193.0,497123.0,1.0,-2.0,3187.0,-6316.0,1.0,-1.0,11908.0,-18815.0,2488.31674,2437.18786,2381.22699,51.12888000000021,107.0897500000001,2410.842017936508,2366.396929222222,500125.3,,,1.596217439370205,1.829053008249675,3.42527044761988,-1.0,-3129.0,0.0,-6907.0,-0.02425618821578693,-0.5390094308666274,0.2054,0.16439522998296432,0.0274,0.004,0.147
20251111,2474.6464,2492.6938,2496.4102,2461.082,807081.0,15819.0,452155.0,2.0,-1.0,6254.0,-4629.0,1.0,-1.0,13783.0,-22025.0,2492.53118,2447.10636,2388.447055,45.42481999999973,104.0841249999999,2420.226042936507,2374.10032068254,502252.2,,,1.629627298074547,1.771786998937233,3.40141429701178,1.0,1625.0,0.0,-8242.0,0.01960026317061113,-0.4875081684493681,0.2052,0.16269165247018744,0.0137,0.0053,0.154
20251112,2474.2332,2469.5651,2488.1341,2445.2495,809377.0,2296.0,426813.0,2.0,-1.0,5204.0,-4072.0,1.0,-1.0,11318.0,-18777.0,2489.3423,2458.77638,2395.262395,30.56592000000001,94.07990500000051,2428.234724365079,2382.575463650794,501623.0,,,1.625611389847106,1.741648223404922,3.367259613252028,1.0,1132.0,0.0,-7459.0,0.002836749747027652,-0.5511476784215631,0.2071,0.26217228464419495,0.0411,0.0067,0.145
20251113,2472.7067,2467.169,2485.1579,2454.2351,821952.0,12575.0,381635.0,2.0,-1.0,9248.0,-3468.0,1.0,-1.0,12259.0,-25103.0,2482.909200000001,2468.4234,2401.626495,14.48580000000038,81.28270500000053,2435.835221507937,2391.694180865079,507507.1,,,1.639316424062921,1.715591135780001,3.354907559842922,1.0,5780.0,0.0,-12844.0,0.015298946897142411,0.0034392396362477,0.2087,0.4510978043912177,0.0548,0.008,0.215
20251114,2469.635,2471.0939,2483.5299,2447.4502,814252.0,-7700.0,453562.0,2.0,-1.0,8951.0,-2926.0,1.0,-1.0,15325.0,-23415.0,2477.074,2478.31612,2410.230225,-1.242120000000796,66.84377499999937,2442.248868253968,2401.266392333333,502514.0,,0.242535,1.659952548543338,1.670898273948503,3.330850822491842,1.0,6025.0,0.0,-8090.0,-0.009456531884478024,-0.2273100722841637,0.2109,0.6108374384236454,0.0274,0.0093,0.193
20251117,2430.3952,2470.9194,2490.1244,2403.8468,767717.0,-46535.0,589136.0,2.0,-2.0,7098.0,-483.0,1.0,-1.0,17680.0,-25029.0,2464.3233,2476.32002,2414.94778,-11.9967200000001,49.37552000000005,2445.711871111111,2410.525387174603,487375.0,706963.2,,1.768610653237981,1.670898273948503,3.439508927186484,0.0,6615.0,0.0,-7349.0,-0.06061478383310517,0.520521416957817,0.1867,0.014778325123153123,0.0685,0.0373,0.343
20251118,2419.7968,2433.4193,2465.0054,2415.3433,751718.0,-15999.0,377412.0,3.0,0.0,9953.0,0.0,1.0,-1.0,15080.0,-24878.0,2453.35338,2472.94228,2420.096695,-19.58890000000019,33.25668500000029,2447.325758809524,2419.014193595238,472743.2,,,1.781250438568778,1.670898273948503,3.452148712517282,3.0,9953.0,0.0,-9798.0,-0.021283247175137486,0.3609342324752167,0.1972,0.2733990147783249,0.0959,0.0373,0.287
20251119,2408.1998,2424.3156,2433.7199,2395.187,733145.0,-18573.0,384551.0,3.0,-1.0,9307.0,-80.0,1.0,-1.0,15788.0,-22358.0,2440.1467,2464.7445,2425.19613,-24.59779999999955,14.95057000000043,2446.709919920635,2426.325558793651,447162.6,,,1.814907203074553,1.670898273948503,3.485805477023056,2.0,9227.0,0.0,-6570.0,-0.025333324240088932,0.2851965180067268,0.1976,0.2832512315270937,0.1644,0.088,0.262
20251120,2399.6591,2406.8862,2413.6356,2380.5387,729063.0,-4082.0,300515.0,2.0,-1.0,10860.0,0.0,1.0,-1.0,19232.0,-21544.0,2425.53718,2454.22319,2428.59625,-28.68601000000035,-3.059069999999792,2444.560540555556,2432.103212531746,430402.4,,,1.796937919034508,1.640560677583224,3.437498596617732,1.0,10860.0,0.0,-2312.0,-0.00559896744177115,0.3337351144619513,0.1813,0.0,0.1644,0.1173,0.278
20251121,2406.4903,2401.256,2425.3403,2391.3417,716460.0,-12603.0,492771.0,3.0,0.0,14263.0,0.0,1.0,-1.0,16252.0,-16767.0,2412.90824,2444.99112,2432.99532,-32.08288000000039,-20.08708000000024,2442.56064984127,2436.42556152381,435567.3,,0.235635,1.629862654927725,1.634374883037228,3.264237537964952,3.0,14263.0,0.0,-515.0,-0.017590654049074617,0.4958741781897,0.2049,0.5198237885462554,0.1781,0.1253,0.328
20251124,2422.3917,2407.141,2426.1711,2393.7575,729887.0,13427.0,358008.0,3.0,0.0,13897.0,0.0,1.0,-1.0,19068.0,-18932.0,2411.30754,2437.81542,2437.50164,-26.50787999999966,-26.19409999999971,2440.97454515873,2439.438814246032,421655.8,,,1.648013158943315,1.634374883037228,3.282388041980542,3.0,13897.0,0.0,136.0,0.018395998284665982,0.5062551011006569,0.1977,0.3612334801762112,0.1507,0.1293,0.336
20251125,2413.0199,2416.5173,2438.1506,2403.4611,732634.0,2747.0,368481.0,3.0,0.0,13141.0,0.0,1.0,-1.0,16883.0,-23580.0,2409.95216,2431.65277,2439.379565,-21.70061000000032,-29.42740500000036,2439.28170047619,2441.34438,413288.4,,,1.562303964133578,1.634374883037228,3.196678847170805,3.0,13141.0,0.0,-6697.0,0.0037494847358981427,0.432453074393103,0.1953,0.30837004405286356,0.1781,0.132,0.309
20251126,2417.8519,2404.4138,2426.7335,2404.4138,734485.0,1851.0,288086.0,3.0,0.0,14875.0,0.0,1.0,-1.0,22107.0,-24458.0,2411.88258,2426.01464,2442.39551,-14.13205999999991,-30.51293000000032,2437.02987968254,2442.223895531746,399415.7,,,1.564020886658637,1.632060536719288,3.196081423377925,3.0,14875.0,0.0,-2351.0,0.0025201331545232374,0.4729355469470563,0.1849,0.07929515418502242,0.1507,0.1533,0.319
20251127,2445.7939,2416.9295,2454.467,2405.5877,742957.0,8472.0,375669.0,3.0,-1.0,13346.0,0.0,1.0,-1.0,26105.0,-23639.0,2421.10954,2423.32336,2445.87338,-2.213819999999487,-24.76383999999962,2436.58192515873,2442.298565896825,398819.1,,,1.662074502595666,1.634374883037228,3.296449385632894,2.0,13346.0,0.0,2466.0,0.011403082547172986,,0.1878,0.14317180616740094,0.2192,0.2013,
20251128,2435.8946,2442.3039,2449.6286,2433.2335,742727.0,-230.0,293638.0,3.0,0.0,16168.0,-531.0,1.0,-1.0,22087.0,-24574.0,2426.9904,2419.94932,2449.13272,7.04108000000042,-22.14231999999993,2435.860051111111,2441.65968418254,382826.7,,,1.588352159647463,1.632060536719288,3.220412696366751,3.0,15637.0,0.0,-2487.0,-0.00030966963635359964,,0.1915,0.22466960352422927,0.0822,0.084,
20251201,2414.1541,2435.4398,2443.4253,2405.8036,741765.0,-962.0,447279.0,2.0,-1.0,15050.0,-3078.0,1.0,-1.0,27547.0,-28831.0,2425.34288,2418.32521,2447.322615,7.01767000000018,-21.97973499999989,2433.473343174604,2440.435831388889,368641.0,536734.7999999999,,1.597915220195066,1.612354829440995,3.210270049636061,1.0,11972.0,0.0,-1284.0,-0.0012969067022574536,0.3074296366365955,0.195,0.30176211453744517,0.0685,0.0853,0.2635
20251202,2418.8635,2411.2805,2419.9427,2398.0991,749034.0,7269.0,359368.0,3.0,0.0,17538.0,0.0,2.0,-1.0,37537.0,-28090.0,2426.5116,2418.23188,2445.58708,8.279719999999998,-19.07547999999997,2430.376410634921,2438.740896571428,366836.6,,,1.538588283790196,1.612354829440995,3.15094311323119,3.0,17538.0,1.0,9447.0,0.009704499395221045,0.2442953942238675,0.191,0.21365638766519843,0.0822,0.0867,0.2505
20251203,2409.8909,2415.9729,2421.4907,2397.4254,747348.0,-1686.0,304162.0,3.0,0.0,20616.0,0.0,2.0,-1.0,34293.0,-25457.0,2424.9194,2418.40099,2441.572745,6.518409999999676,-16.65334500000017,2427.089347301587,2436.778839309524,358797.7,,,1.521216801466837,1.612354829440995,3.133571630907832,3.0,20616.0,1.0,8836.0,-0.00225597713514989,0.1611634182317142,0.1782,0.0,0.0685,0.088,0.2385
20251204,2406.5266,2406.2459,2417.4712,2389.5722,738718.0,-8630.0,420963.0,3.0,0.0,22802.0,0.0,2.0,-1.0,30099.0,-22101.0,2417.06594,2419.08774,2436.655465,-2.021799999999985,-19.58952500000032,2423.725348174603,2434.695320071429,370842.5,,,1.499884709791536,1.575056422639799,3.074941132431335,3.0,22802.0,1.0,7998.0,-0.011682401132773263,0.3347750206095407,0.1822,0.08247422680412377,0.0548,0.0893,0.2725
20251205,2385.0496,2409.5288,2425.3445,2381.0296,741328.0,2610.0,447378.0,3.0,0.0,25152.0,0.0,2.0,-1.0,23424.0,-24067.0,2406.89694,2416.94367,2430.967395,-10.04672999999957,-24.07045500000004,2419.745349444444,2432.413790031746,366303.2,536853.6,,1.377759878688835,1.612354829440995,2.99011470812983,3.0,25152.0,1.0,-643.0,0.003520708782077569,0.2671990704662152,0.1785,0.006185567010309167,0.0822,0.0907,0.2515
20251208,2358.6158,2384.9787,2395.7201,2338.0593,766824.0,25496.0,510192.0,3.0,0.0,24652.0,0.0,2.0,-1.0,23683.0,-22978.0,2395.78928,2410.56608,2424.19075,-14.77679999999964,-28.40147000000024,2413.467835396825,2429.663119055555,381521.6,612230.4,,1.403963192104372,1.632455557047408,3.03641874915178,3.0,24652.0,1.0,705.0,0.033248828935974875,0.4609848203347846,0.1745,0.0,0.0548,0.092,0.3106
20251209,2328.8487,2363.2458,2363.2458,2328.2422,755895.0,-10929.0,370909.0,3.0,0.0,26970.0,0.0,2.0,-1.0,22623.0,-22653.0,2377.78632,2402.14896,2416.900865,-24.36263999999983,-39.11454499999991,2405.297717222222,2426.264720730159,381764.4,,,1.396788441983924,1.632455557047408,3.029243999031332,3.0,26970.0,1.0,-30.0,-0.014458357311531363,0.3456092597370981,0.1725,0.0,0.0685,0.0107,0.2756
20251210,2344.2349,2327.8088,2347.3573,2313.6874,762641.0,6746.0,448363.0,3.0,0.0,31258.0,0.0,2.0,-1.0,21316.0,-15131.0,2364.65512,2394.78726,2410.40095,-30.13213999999971,-45.74582999999984,2397.466497460317,2422.308382507937,397792.1,,,1.400796933400807,1.632455557047408,3.033252490448215,3.0,31258.0,1.0,6185.0,0.00884557740798095,0.6163911863388365,0.1726,0.00184501845018481,0.0411,0.0107,0.3758
20251211,2340.089,2344.4387,2356.7305,2338.2751,775342.0,12701.0,393410.0,3.0,0.0,33377.0,0.0,2.0,-1.0,31389.0,-14724.0,2351.3676,2384.21677,2403.770065,-32.84916999999996,-52.40246499999967,2390.926864761905,2417.742876468254,399566.2,,,1.357229494876145,1.632455557047408,2.989685051923552,3.0,33377.0,1.0,16665.0,0.01638115825016573,0.6713450874996258,0.1749,0.04428044280442827,0.0274,0.012,0.3918
20251212,2361.3596,2345.6882,2374.0181,2343.0714,763422.0,-11920.0,388079.0,3.0,0.0,33415.0,0.0,2.0,-1.0,33316.0,-9901.0,2346.6296,2376.76327,2398.356295,-30.13367000000017,-51.72669499999984,2386.479563492063,2412.804827706349,409010.3,,,1.364230188278785,1.632455557047408,2.996685745326193,3.0,33415.0,1.0,23415.0,-0.015613906856234167,0.64653647522942,0.1721,0.0,0.0411,0.0133,0.3848
20251215,2355.3666,2350.6851,2367.4135,2346.3321,756501.0,-6921.0,296031.0,3.0,0.0,33584.0,0.0,2.0,-1.0,32309.0,-15416.0,2345.97976,2370.88452,2394.604865,-24.90476000000035,-48.62510500000053,2382.131006507936,2407.670594039683,393885.5,,,1.325868123660275,1.632455557047408,2.958323680707683,3.0,33584.0,1.0,16893.0,-0.009148699076405715,0.6797671135207315,0.1662,0.0,0.0411,0.0147,0.3928
20251216,2371.2793,2360.5233,2380.6959,2349.1319,744806.0,-11695.0,379693.0,3.0,0.0,26200.0,0.0,2.0,-1.0,34256.0,-18158.0,2354.46588,2366.1261,2392.17899,-11.66021999999975,-37.71310999999969,2379.435718888889,2402.57652486508,395918.0,,,1.355415705692018,1.614029400428994,2.969445106121013,3.0,26200.0,1.0,16098.0,-0.01570207543977895,0.6223693995870039,0.1652,0.0,0.0274,0.016,0.3758
20251217,2344.5556,2367.4125,2379.1549,2340.1043,753259.0,8453.0,315922.0,3.0,0.0,33407.0,0.0,2.0,-1.0,18836.0,-20527.0,2354.53002,2359.59257,2388.99678,-5.062550000000101,-34.46676000000025,2375.678517222223,2397.435441857143,397094.0,,,1.330001523558626,1.64721502152678,2.977216545085406,3.0,33407.0,1.0,-1691.0,0.011221903754219996,0.574821194929894,0.1694,0.06829268292682897,0.0274,0.0173,0.3557
20251218,2352.0803,2346.3142,2357.015,2326.3762,747825.0,-5434.0,332639.0,3.0,0.0,33827.0,0.0,2.0,-1.0,30284.0,-16205.0,2356.92828,2354.14794,2386.61784,2.780340000000251,-29.6895599999998,2371.581662063492,2392.221073246032,388261.6,,0.19872,1.376274522354605,1.614029400428994,2.9903039227836,3.0,33827.0,1.0,14079.0,-0.007266405910473707,0.567887670741008,0.1728,0.12357723577235766,0.0274,0.0187,0.3517
20251219,2334.1488,2350.742,2354.2059,2325.5386,748880.0,1055.0,272612.0,3.0,0.0,37154.0,0.0,2.0,-1.0,20684.0,-17615.0,2351.48612,2349.05786,2383.000765,2.428260000000137,-31.51464499999975,2366.968548174604,2386.943393119048,370785.0,,0.20079,1.352556335118701,1.614029400428994,2.966585735547695,3.0,37154.0,1.0,3069.0,0.0014087704305095609,0.5870456589043003,0.1746,0.15284552845528443,0.0411,0.02,0.3577
20251222,2348.4414,2331.3602,2363.0436,2324.1093,749226.0,346.0,400440.0,3.0,0.0,32477.0,0.0,2.0,-1.0,26239.0,-16879.0,2350.10108,2348.04042,2379.30325,2.060659999999643,-29.20217000000002,2363.225212460317,2381.919130825397,359809.8,,,1.407165695205506,1.614029400428994,3.0211950956345,3.0,32477.0,1.0,9360.0,0.0004618099211719828,0.6732941853792261,0.1744,0.14959349593495913,0.0548,0.0213,0.3918
20251223,2358.8093,2353.7306,2362.688,2345.9165,763007.0,13781.0,262483.0,3.0,0.0,36172.0,0.0,2.0,-1.0,20046.0,-17008.0,2347.60708,2351.03648,2376.59272,-3.429399999999987,-28.98563999999942,2360.978738253968,2377.487232928571,348967.2,,,1.387235062480896,1.614029400428994,3.00126446290989,3.0,36172.0,1.0,3038.0,0.01806143325028473,0.6375726615274742,0.172,0.11056910569105646,0.0137,0.0227,0.3798
20251224,2354.1315,2358.9455,2371.1498,2351.297,771522.0,8515.0,254277.0,3.0,0.0,38542.0,0.0,2.0,-1.0,9761.0,-21207.0,2349.52226,2352.02614,2373.4067,-2.503879999999754,-23.88443999999981,2358.981918650794,2373.638775047619,329558.6,,,1.36501277602293,1.575056422639799,2.940069198662729,3.0,38542.0,1.0,-11446.0,0.01103662630488826,0.6520011191685553,0.1704,0.084552845528455,0.0137,0.024,0.3838
20251225,2361.4574,2353.5329,2367.3278,2320.1173,772796.0,1274.0,490037.0,3.0,0.0,35999.0,0.0,2.0,-1.0,21483.0,-26622.0,2351.39768,2354.16298,2369.189875,-2.765300000000479,-17.79219500000045,2357.157070634921,2370.261795634921,339221.3,588044.4,0.205045,1.374788839161048,1.575056422639799,2.949845261800847,3.0,35999.0,1.0,-5139.0,0.001648559257553093,0.7283107620962457,0.1783,0.21300813008130037,0.0137,0.0253,0.4008
20251226,2399.1465,2362.8552,2411.5869,2362.8552,779859.0,7063.0,481278.0,3.0,0.0,35352.0,0.0,2.0,-1.0,12739.0,-23727.0,2364.39722,2357.94167,2367.35247,6.45555000000013,-2.955250000000433,2359.057766428572,2367.519615928572,348541.2,577533.6,0.22057,1.350243946029791,1.575056422639799,2.92530036866959,3.0,35352.0,1.0,-10988.0,0.009056765389640948,0.6452737942725402,0.1918,0.4325203252032518,0.2055,0.0827,0.3798
20251229,2395.5632,2400.0418,2418.1267,2388.7258,776865.0,-2994.0,335118.0,3.0,0.0,33819.0,0.0,2.0,-1.0,19208.0,-26960.0,2373.82158,2361.96133,2366.422925,11.86024999999972,7.398654999999962,2361.979376269841,2365.504452904762,352449.9,,,1.330548676983881,1.525177956282253,2.855726633266134,3.0,33819.0,1.0,-7752.0,-0.0038539514587476588,0.6658198825367911,0.1918,0.4325203252032518,0.2603,0.084,0.3878
20251230,2409.9014,2389.7464,2410.8029,2386.424,772176.0,-4689.0,292576.0,3.0,0.0,34255.0,0.0,2.0,-1.0,19858.0,-30835.0,2384.04,2365.82354,2365.97482,18.2164600000001,18.0651799999996,2365.408964365079,2364.101777452381,343738.2,,0.22885,1.299826850846943,1.525177956282253,2.825004807129196,3.0,34255.0,1.0,-10977.0,-0.006072449804189718,0.6854509291422104,0.199,0.5495934959349593,0.2466,0.0853,0.3958
20251231,2371.7207,2405.6717,2411.9223,2368.3323,744925.0,-27251.0,356478.0,3.0,0.0,35826.0,0.0,1.0,-1.0,3154.0,-32783.0,2387.55784,2368.54005,2364.06631,19.01778999999988,23.49152999999978,2367.082728571429,2363.242198587302,347793.8,,,1.374479521106759,1.575056422639799,2.949535943746558,3.0,35826.0,0.0,-29629.0,-0.036582206262375405,0.5893357260054098,0.194,0.48080133555926546,0.2603,0.0867,0.3557
20260105,2367.5136,2360.2307,2387.8373,2358.3868,759935.0,15010.0,302895.0,3.0,0.0,40005.0,0.0,2.0,-1.0,12563.0,-39579.0,2388.76908,2370.08338,2362.11566,18.6857,26.6534200000001,2367.440144047619,2362.828046785714,344819.4,,,1.360703499054328,1.575056422639799,2.935759921694127,3.0,40005.0,1.0,-27016.0,0.019751689289215526,1.8302671927028675,0.1807,0.25876460767946563,0.2055,0.088,0.6333
20260106,2397.0572,2374.8756,2399.9,2373.2133,778844.0,18909.0,334936.0,3.0,0.0,39575.0,0.0,2.0,-1.0,19581.0,-38601.0,2388.35122,2376.37422,2362.71604,11.97699999999986,25.63517999999976,2370.108413095238,2363.142033277778,351051.8,,,1.393079357739238,1.525177956282253,2.91825731402149,3.0,39575.0,1.0,-19020.0,0.024278289362182928,1.8139544359192188,0.1879,0.37896494156928223,0.2603,0.2227,0.6313
20260107,2426.3314,2378.8736,2430.8184,2378.8736,832452.0,53608.0,621360.0,3.0,0.0,41084.0,0.0,1.0,-1.0,14189.0,-46124.0,2394.50486,2384.16322,2366.10182,10.3416400000001,28.40304000000015,2374.730751825397,2364.292587214286,373143.8,745632.0,0.240695,1.452120218098038,1.525177956282253,2.977298174380291,3.0,41084.0,0.0,-31935.0,0.06439770701493899,1.8972121962707504,0.2093,0.7362270450751255,0.2329,0.0907,0.6373
20260108,2364.464,2429.8383,2437.12,2354.7478,906477.0,74025.0,828515.0,3.0,0.0,62031.0,0.0,1.0,-2.0,1580.0,-75976.0,2385.41738,2384.72869,2367.882585,0.6886899999999514,17.53479500000003,2376.628748015873,2365.857588190476,429747.0,994218.0,0.256335,1.581577238409486,1.525177956282253,3.106755194691738,3.0,62031.0,-1.0,-74396.0,0.08166230362160319,1.6230253564506971,0.2229,0.9632721202003337,0.0685,0.0467,0.6162
20260109,2344.4431,2360.7621,2365.3107,2337.3525,934536.0,28059.0,525066.0,3.0,0.0,63585.0,0.0,1.0,-2.0,3012.0,-78211.0,2379.96186,2383.75985,2367.892995,-3.797989999999572,12.06886500000019,2374.90376079365,2367.449772404762,456825.9,,0.2809449999999999,1.573874648188039,1.525177956282253,3.099052604470291,3.0,63585.0,-1.0,-75199.0,0.030024525539947097,2.844708646005436,0.2443,1.0,0.0822,0.092,0.7655
20260112,2336.7432,2336.9997,2347.3977,2324.2881,958023.0,23487.0,518460.0,3.0,0.0,64732.0,0.0,1.0,-1.0,1982.0,-69583.0,2373.80778,2381.28843,2367.725705,-7.480649999999514,6.082075000000259,2371.890596031746,2368.923124944444,459668.2,,,1.557029723670319,1.525177956282253,3.082207679952571,3.0,64732.0,0.0,-67601.0,0.024516112869941535,2.7650682154423607,0.2388,0.9304677623261697,0.1233,0.096,0.7535
20260113,2321.1721,2336.735,2343.8636,2315.5582,974648.0,16625.0,561401.0,3.0,0.0,67213.0,0.0,1.0,-2.0,2353.0,-80356.0,2358.63076,2373.49099,2365.71633,-14.86022999999977,-7.085570000000189,2368.090462619047,2369.826394563492,467680.5,673681.2,,1.526301678609279,1.477776736827035,3.004078415436314,3.0,67213.0,-1.0,-78003.0,0.017057440224573384,1.9701930985099512,0.2342,0.8723135271807838,0.1781,0.1027,0.6423
20260114,2296.2518,2314.5664,2324.3817,2292.4368,1021709.0,47061.0,534744.0,3.0,0.0,69302.0,0.0,1.0,-2.0,2909.0,-84076.0,2332.61484,2363.55985,2362.76059,-30.94501000000037,-30.14575000000013,2362.07054484127,2369.835511420635,487643.1,,,1.574959936745836,1.44693115232299,3.021891089068827,3.0,69302.0,-1.0,-81167.0,0.04606106043893124,0.5139484296654011,0.2357,0.8912768647281921,0.1918,0.1267,0.3267
20260115,2290.5022,2295.7158,2300.8349,2285.7967,1026669.0,4960.0,414182.0,3.0,0.0,68622.0,0.0,1.0,-2.0,2086.0,-91725.0,2317.82248,2351.61993,2358.721735,-33.79745000000003,-40.89925500000027,2355.441228412698,2368.838737825396,499803.7,,,1.563435744873572,1.44693115232299,3.010366897196562,3.0,68622.0,-1.0,-89639.0,0.004831157851264624,1.3323015552931512,0.2348,0.8798988621997473,0.1781,0.148,0.5611
20260116,2262.5861,2296.9186,2308.8393,2259.6525,1088272.0,61603.0,849410.0,3.0,0.0,71427.0,0.0,1.0,-2.0,2730.0,-105363.0,2301.45108,2340.70647,2354.62326,-39.25539000000026,-53.17218000000048,2347.406881587301,2366.871153126984,549096.9,1019292.0,,1.574114115264023,1.477776736827035,3.051890852091058,3.0,71427.0,-1.0,-102633.0,0.056606252848552564,1.397218218468049,0.2341,0.8710493046776234,0.2329,0.1693,0.5701
20260119,2229.9578,2217.4143,2250.4059,2216.5066,1230441.0,142169.0,1107114.0,3.0,0.0,80363.0,0.0,1.0,-2.0,2366.0,-105197.0,2280.094,2326.95089,2348.517135,-46.85689000000002,-68.423135,2335.369264365079,2363.66406515873,629518.8,1328536.8,,1.569887967857629,1.477776736827035,3.047664704684664,3.0,80363.0,-1.0,-102831.0,0.1155431264075238,0.7675994792383819,0.2059,0.5145385587863464,0.274,0.164,0.4208
20260120,2238.146,2228.3659,2245.1727,2211.725,1236601.0,6160.0,676491.0,3.0,0.0,78457.0,0.0,1.0,-2.0,2621.0,-115182.0,2263.488780000001,2311.05977,2343.716995,-47.57098999999926,-80.22821499999918,2324.219928968254,2359.075216746031,663674.3,,,1.589847288912707,1.497879929446057,3.087727218358765,3.0,78457.0,-1.0,-112561.0,0.004981396586287735,1.066616104036791,0.194,0.3640960809102402,0.0822,0.084,0.497
20260121,2234.9723,2236.1102,2242.5974,2221.9826,1289688.0,53087.0,562502.0,3.0,0.0,84124.0,0.0,1.0,-2.0,3826.0,-123290.0,2251.23288,2291.92386,2338.04354,-40.69097999999985,-86.8106600000001,2313.698560079365,2352.971997571428,657788.5,,,1.586821001622706,1.497879929446057,3.084700931068763,3.0,84124.0,-1.0,-119464.0,0.04116266880051609,1.1731075121149788,0.1931,0.35271807838179503,0.274,0.2933,0.524
20260122,2254.9858,2243.4191,2257.4542,2235.813,1285422.0,-4266.0,612109.0,3.0,0.0,72815.0,0.0,1.0,-2.0,12923.0,-122951.0,2244.1296,2280.97604,2332.852365,-36.8464399999998,-88.72276499999998,2305.314401825397,2345.840562952381,636147.9,,,1.527325711125135,1.47433461438732,3.001660325512455,3.0,72815.0,-1.0,-110028.0,-0.0033187544635147055,1.2311129364640885,0.1849,0.2490518331226296,0.2329,0.272,0.5431
20260123,2241.8688,2257.7154,2264.9672,2236.8441,1301171.0,15749.0,502770.0,3.0,0.0,84090.0,0.0,1.0,-2.0,11345.0,-129063.0,2239.98614,2270.71861,2327.23923,-30.73246999999992,-87.25309000000016,2297.136962460318,2338.063883119047,633918.3,,,1.529160744761104,1.44693115232299,2.976091897084094,3.0,84090.0,-1.0,-117718.0,0.012103712732607783,1.0647091625164535,0.1892,0.3034134007585335,0.2192,0.2773,0.496
20260126,2273.8651,2245.222,2281.2609,2242.2315,1262885.0,-38286.0,631013.0,3.0,0.0,78495.0,0.0,1.0,-2.0,13308.0,-130214.0,2248.7676,2264.4308,2322.859615,-15.66319999999996,-74.09201500000017,2290.952302539682,2329.970053769841,645173.6,,,1.556839861237149,1.47433461438732,3.031174475624469,3.0,78495.0,-1.0,-116906.0,-0.030316299583889268,1.1507375005372342,0.1898,0.3109987357774967,0.1644,0.2573,0.521
20260127,2273.4146,2270.9242,2278.7627,2259.9027,1273970.0,11085.0,429719.0,3.0,0.0,78148.0,0.0,1.0,-2.0,14781.0,-125134.0,2255.82132,2259.65505,2316.57302,-3.833730000000287,-60.7516999999998,2286.119926111111,2321.773000119048,632005.4,,0.22333,1.460779503654949,1.44693115232299,2.90771065597794,3.0,78148.0,-1.0,-110353.0,0.008701146808794556,1.2749924714937737,0.1942,0.3666245259165614,0.1507,0.2027,0.5521
20260128,2296.4255,2277.234,2300.1123,2268.7875,1263271.0,-10699.0,601866.0,3.0,0.0,65376.0,0.0,1.0,-2.0,12841.0,-119175.0,2268.11196,2259.67242,2311.616135,8.439539999999852,-43.50417500000003,2283.431720634921,2313.909117698413,638717.6,,,1.303849004323343,1.437146347608022,2.740995351931365,3.0,65376.0,-1.0,-106334.0,-0.008469283312923355,1.3060089628584686,0.1842,0.24020227560050564,0.1781,0.1813,0.5601
20260129,2322.4061,2300.585,2327.2061,2299.0264,1237635.0,-25636.0,539512.0,3.0,0.0,67944.0,0.0,2.0,-1.0,12421.0,-103917.0,2281.59602,2262.86281,2307.24137,18.73320999999987,-25.64534999999978,2283.865430079365,2306.75153786508,651250.6,,0.22701,1.313605538660084,1.437146347608022,2.750751886268106,3.0,67944.0,1.0,-91496.0,-0.02071369991960473,1.3052817898762468,0.1974,0.40707964601769897,0.2055,0.2427,0.5601
20260130,2286.8028,2320.9093,2326.431,2276.3585,1248481.0,10846.0,801490.0,3.0,0.0,78189.0,0.0,2.0,-1.0,5952.0,-110080.0,2290.582820000001,2265.28448,2302.995475,25.29834000000074,-12.41265499999963,2282.840322619048,2300.294881968254,646458.6,961788.0,0.242305,1.400393742244104,1.437146347608022,2.837540089852126,3.0,78189.0,1.0,-104128.0,0.008687356876075808,1.0442472068985833,0.2107,0.5752212389380531,0.1918,0.244,0.493
20260202,2276.1069,2285.9806,2292.1846,2261.3899,1255464.0,6983.0,614275.0,3.0,0.0,75223.0,0.0,2.0,-1.0,8478.0,-116790.0,2291.03118,2269.89939,2298.42514,21.13178999999991,-7.393960000000334,2280.222827698412,2294.780238301587,597174.7,,0.24633,1.410212993261019,1.437146347608022,2.847359340869041,3.0,75223.0,1.0,-108312.0,0.005562087005282509,1.007313540864473,0.2142,0.6194690265486726,0.2192,0.2587,0.484
20260203,2253.1984,2279.0778,2290.0344,2250.306,1276011.0,20547.0,555928.0,3.0,0.0,75211.0,0.0,2.0,-1.0,7446.0,-125495.0,2286.98794,2271.40463,2291.2322,15.58330999999998,-4.24425999999994,2276.802074920635,2290.038452896825,585118.4,,0.248745,1.43665251306258,1.44693115232299,2.88358366538557,3.0,75211.0,1.0,-118049.0,0.01610252576192525,0.9484397413899583,0.2163,0.6460176991150441,0.2055,0.1747,0.4689
20260204,2252.5712,2257.9832,2265.0876,2247.4338,1287394.0,11383.0,408540.0,3.0,0.0,75083.0,0.0,2.0,-1.0,3425.0,-132184.0,2278.21708,2273.16452,2282.54419,5.052560000000085,-4.327110000000175,2273.399844761905,2286.008581365079,569722.2,,0.250355,1.446623507206801,1.437146347608022,2.883769854814823,3.0,75083.0,1.0,-128759.0,0.008841893002453017,0.8293671782847295,0.2177,0.6637168141592922,0.2877,0.18,0.4329
20260205,2244.3239,2232.7548,2259.2704,2232.7548,1339318.0,51924.0,774067.0,3.0,0.0,72791.0,0.0,1.0,-2.0,663.0,-135957.0,2262.60064,2272.09833,2276.537185,-9.497689999999693,-13.93654500000002,2269.453989523809,2282.42254013492,585918.0,928880.4,0.25185,1.375892162305449,1.437146347608022,2.813038509913471,3.0,72791.0,-1.0,-135294.0,0.03876898540899174,0.6746423880736423,0.219,0.6801517067003793,0.2877,0.204,0.3958
20260206,2245.9812,2245.4107,2262.3302,2239.0447,1324072.0,-15246.0,421327.0,3.0,0.0,72465.0,0.0,0.0,-2.0,0.0,-128932.0,2254.43632,2272.50957,2271.61409,-18.07324999999992,-17.17776999999978,2266.452983968254,2279.354142285714,577773.7,,,1.303280031392646,1.436509531361168,2.739789562753814,3.0,72465.0,-2.0,-128932.0,-0.011514479575128845,0.7515918788276232,0.2142,0.6194690265486726,0.3014,0.2427,0.4138
20260209,2245.2941,2251.6262,2263.2755,2242.2773,1323737.0,-335.0,439590.0,3.0,0.0,74079.0,0.0,2.0,-2.0,0.0,-125645.0,2248.27376,2269.65247,2267.041635,-21.37870999999996,-18.767875,2264.166719603175,2276.675583992063,558631.4,,,1.263716047969607,1.436509531361168,2.700225579330775,3.0,74079.0,0.0,-125645.0,-0.00025307141826510853,0.7996106176625084,0.1971,0.4032869785082174,0.274,0.2613,0.4269
20260210,2251.2268,2249.7016,2252.9779,2238.3296,1323545.0,-192.0,314133.0,3.0,0.0,74495.0,0.0,1.0,-2.0,564.0,-121767.0,2247.87944,2267.43369,2263.54437,-19.55425000000059,-15.66493000000037,2262.402126746033,2274.303804055556,547072.8,,,1.244257636225545,1.422186744322733,2.666444380548278,3.0,74495.0,-1.0,-121203.0,-0.00014506495812382654,0.9431743947459484,0.1873,0.2793931731984828,0.0822,0.1267,0.4709
20260211,2293.6348,2255.3831,2295.3394,2254.1135,1299613.0,-23932.0,616811.0,3.0,0.0,70473.0,0.0,2.0,-2.0,6964.0,-113169.0,2256.09216,2267.15462,2263.41352,-11.0624600000001,-7.321359999999913,2263.917267460317,2272.352358738095,548567.3,,,1.310856265865064,1.422186744322733,2.733043010187798,3.0,70473.0,0.0,-106205.0,-0.018414712687546214,0.9670966893993892,0.1944,0.36915297092288224,0.2466,0.1813,0.476
20260212,2309.3879,2296.2669,2323.8768,2287.508,1249145.0,-50468.0,514297.0,3.0,0.0,66230.0,0.0,2.0,-1.0,1761.0,-105558.0,2269.10496,2265.8528,2264.357805,3.252160000000003,4.747154999999566,2268.006650555556,2270.766480785714,546045.8,,,1.333984954230102,1.422186744322733,2.756171698552835,3.0,66230.0,1.0,-103797.0,-0.04040203499193448,1.0352058337527443,0.2035,0.48419721871049287,0.2329,0.208,0.499
20260213,2313.474,2317.1952,2321.7224,2299.8958,1207668.0,-41477.0,435284.0,3.0,0.0,60297.0,0.0,1.0,-2.0,0.0,-116592.0,2282.60352,2268.51992,2266.9022,14.08359999999948,15.70132000000012,2272.834385079365,2269.765887031746,509425.2,,0.253805,1.277200696672957,1.399820594304134,2.677021290977091,3.0,60297.0,-1.0,-116592.0,-0.03434470400805519,1.0305333854214638,0.2207,0.7016434892541089,0.2877,0.248,0.497
20260224,2298.0089,2324.4328,2326.886,2290.9007,1229841.0,22173.0,432580.0,3.0,0.0,66336.0,0.0,1.0,-2.0,0.0,-121536.0,2293.14648,2270.71012,2270.304755,22.43636000000015,22.84172500000022,2276.417195952381,2269.385323857143,491255.7,,,1.329918763906215,1.422186744322733,2.752105508228949,3.0,66336.0,-1.0,-121536.0,0.018029159867007198,0.8761426122460346,0.1912,0.3286978508217447,0.3014,0.264,0.4529
20260225,2320.0064,2298.9319,2343.6902,2287.9043,1253502.0,23661.0,637444.0,3.0,0.0,55369.0,0.0,2.0,-2.0,0.0,-115471.0,2306.9024,2277.39092,2274.397775,29.51148000000012,32.50462499999958,2280.752393968253,2269.780355761905,499407.3,764932.7999999999,,1.405586765936428,1.436509531361168,2.842096297297596,3.0,55369.0,0.0,-115471.0,0.018875917230287625,0.9861599570743406,0.1936,0.35903919089759784,0.3151,0.2853,0.487
20260226,2307.8854,2321.6506,2332.2628,2303.1743,1303293.0,49791.0,519879.0,3.0,0.0,69274.0,0.0,1.0,-2.0,0.0,-130647.0,2309.75252,2282.92234,2278.04343,26.83017999999993,31.70908999999983,2284.455365793651,2270.885907865079,510541.2,,,1.40092188568874,1.436509531361168,2.837431417049908,3.0,69274.0,-1.0,-130647.0,0.038203995571218445,0.8882952405120902,0.1952,0.379266750948167,0.3425,0.3107,0.4579
20260227,2299.9231,2303.6314,2308.0613,2283.2698,1319968.0,16675.0,418068.0,3.0,0.0,71359.0,0.0,1.0,-2.0,0.0,-132011.0,2307.85956,2288.48226,2280.290295,19.3773000000001,27.56926499999963,2286.576829285714,2272.59819184127,474941.3,,,1.321122484854212,1.409219595414277,2.730342080268489,3.0,71359.0,-1.0,-132011.0,0.01263288200926083,0.4856541865102692,0.1908,0.3236409608091023,0.3425,0.3147,0.3096
20260302,2308.3471,2285.7313,2311.899,2280.9156,1353639.0,33671.0,690326.0,3.0,0.0,75389.0,0.0,2.0,-1.0,6648.0,-110977.0,2306.83418,2294.71885,2283.61421,12.11533000000009,23.2199700000001,2288.420344761905,2274.794927920635,501841.2,828391.2,,1.320379816424013,1.409219595414277,2.72959941183829,3.0,75389.0,1.0,-104329.0,0.024874431070617795,0.0259280395596573,0.1905,0.31984829329962067,0.1918,0.1747,0.1974
20260303,2322.0028,2306.3733,2337.7572,2297.1934,1340861.0,-12778.0,677094.0,3.0,0.0,72489.0,0.0,2.0,-1.0,13869.0,-114988.0,2311.63296,2302.38972,2286.021095,9.243239999999787,25.61186499999985,2291.806549126985,2277.558910873016,525591.6,812512.7999999999,0.236555,1.320151529356383,1.409219595414277,2.72937112477066,3.0,72489.0,1.0,-101119.0,-0.009529697709158519,0.3724143497502821,0.2057,0.5120101137800251,0.1918,0.176,0.2725
20260304,2313.6964,2335.3874,2342.6916,2305.2508,1355877.0,15016.0,592076.0,3.0,0.0,69381.0,0.0,2.0,-1.0,8243.0,-113262.0,2310.37096,2308.63668,2288.035185,1.734279999999671,22.33577500000001,2295.107837063492,2280.829481904762,553385.9,,0.24219,1.379328845614645,1.436509531361168,2.815838376975814,3.0,69381.0,1.0,-105019.0,0.011074750880795235,0.328663839507111,0.2106,0.5739570164348927,0.2192,0.1773,0.2575
20260305,2326.6414,2312.9134,2332.3469,2307.3636,1361683.0,5806.0,399746.0,3.0,0.0,59544.0,0.0,2.0,-1.0,4620.0,-112166.0,2314.12216,2311.93734,2289.54598,2.184819999999945,24.57618000000002,2298.314681349207,2284.269223293651,531679.4,,0.243685,1.371032510095166,1.409219595414277,2.780252105509443,3.0,59544.0,1.0,-107546.0,0.004263841143643565,-0.1912061477640882,0.2119,0.5903919089759798,0.2329,0.1733,0.1774
20260306,2377.5589,2326.8656,2392.0062,2324.8102,1336675.0,-25008.0,900052.0,3.0,0.0,48389.0,0.0,2.0,-1.0,22399.0,-98011.0,2329.64932,2318.75444,2292.30362,10.89487999999983,37.34569999999985,2305.490316825397,2288.017589920635,570254.9,1080062.4,0.261855,1.501445407526376,1.436509531361168,2.937954938887544,3.0,48389.0,1.0,-75612.0,-0.01870911029232985,-0.5175334963881787,0.2277,0.7901390644753479,0.274,0.176,0.1383
20260309,2434.2548,2392.1593,2506.7551,2382.8306,1193001.0,-143674.0,1410514.0,3.0,0.0,49014.0,0.0,2.0,-1.0,18344.0,-72590.0,2354.83086,2330.83252,2299.67622,23.9983400000001,55.15463999999974,2318.712333095238,2292.605384722222,667777.9,1692616.8,0.2887649999999999,1.825871753911983,1.459882698455135,3.285754452367118,3.0,49014.0,1.0,-54246.0,-0.12043074565738,-0.9151447615949688,0.2511,1.0,0.3425,0.3147,0.0932
20260310,2407.6414,2432.7416,2438.4571,2379.709,1162154.0,-30847.0,887204.0,2.0,0.0,34393.0,0.0,2.0,-1.0,12828.0,-76031.0,2371.95858,2341.79577,2306.252945,30.16281000000026,65.7056349999998,2329.51560015873,2297.915225142857,713240.3,1064644.8,,1.952260833462732,1.497879929446057,3.450140762908789,2.0,34393.0,1.0,-63203.0,-0.02654295385981548,-1.0386116565276775,0.228,0.731082654249127,0.3425,0.296,0.0731
20260311,2468.2266,2409.8495,2469.6745,2409.8495,1061084.0,-101070.0,1366609.0,2.0,0.0,34036.0,0.0,2.0,-1.0,4920.0,-66671.0,2402.86462,2356.61779,2317.004355,46.24683000000005,85.86026500000025,2343.166306666667,2304.156616412699,786156.8,1639930.8,0.32384,1.996495259947913,1.497879929446057,3.494375189393971,2.0,34036.0,1.0,-61751.0,-0.0952516483143653,-0.8624082949604794,0.2816,1.0,0.3288,0.2787,0.1052
20260312,2475.3773,2486.1715,2498.825,2457.5062,1011368.0,-49716.0,1073499.0,2.0,0.0,34473.0,0.0,2.0,-1.0,4082.0,-57407.0,2432.6118,2373.36698,2328.14466,59.24481999999989,104.4671400000002,2358.749016825398,2311.585981515873,841518.8,1288198.8,0.34983,2.001456977986973,1.497879929446057,3.49933690743303,2.0,34473.0,1.0,-53325.0,-0.04915718116452172,-0.6144146453881959,0.3042,1.0,0.2603,0.2613,0.1283
20260313,2538.5572,2484.2179,2576.7415,2464.9205,1005394.0,-5974.0,2087227.0,2.0,0.0,24258.0,0.0,1.0,-1.0,2358.0,-48118.0,2464.81146,2397.23039,2342.856325,67.58106999999973,121.9551350000002,2377.506970079365,2320.678995595238,1008434.7,2504672.4,0.3949099999999999,2.258969863532393,1.523036237413278,3.782006100945671,2.0,24258.0,0.0,-45760.0,-0.005941949126412133,0.7279755249461567,0.3434,1.0,0.274,0.248,0.4168
20260316,2473.8731,2528.6537,2535.4037,2452.669,1015349.0,9955.0,1477005.0,3.0,0.0,37612.0,0.0,1.0,-2.0,2057.0,-81939.0,2472.73512,2413.78299,2354.25092,58.95213000000012,118.4841999999999,2391.795219841269,2331.016483103175,1087102.6,1772406.0,,2.396592539473829,1.56949001810954,3.96608255758337,3.0,37612.0,-1.0,-79882.0,0.009804510567302475,0.58199436589307,0.2939,0.7222222222222222,0.2603,0.2093,0.3637
20260317,2465.037,2457.9784,2472.3753,2425.1302,1033288.0,17939.0,969626.0,3.0,0.0,39120.0,0.0,1.0,-2.0,1065.0,-67537.0,2484.21424,2428.08641,2365.238065,56.1278299999999,118.9761749999993,2401.940156904761,2342.029843880953,1116355.8,,,2.365210978333273,1.592184297859068,3.957395276192341,3.0,39120.0,-1.0,-66472.0,0.017361084228211303,0.6891851022160812,0.2811,0.6503928170594838,0.2192,0.1907,0.4128
20260318,2428.0528,2474.6332,2474.6332,2420.622,1019849.0,-13439.0,819526.0,3.0,0.0,34817.0,0.0,1.0,-2.0,932.0,-76282.0,2476.17948,2439.52205,2374.079365,36.6574300000002,102.1001150000002,2409.398885873016,2353.458948761905,1139100.8,,,2.430850155520542,1.634085962012544,4.064936117533087,3.0,34817.0,-1.0,-75350.0,-0.01317744097410499,0.5922023720221294,0.2596,0.5297418630751964,0.137,0.2387,0.3687
20260319,2431.9669,2434.1098,2465.5127,2425.431,1000508.0,-19341.0,783033.0,3.0,0.0,38486.0,0.0,1.0,-2.0,805.0,-69752.0,2467.4974,2450.0546,2380.99597,17.44280000000026,86.50143000000025,2415.595066666667,2365.186987293651,1177429.5,,,2.466621466659658,1.652022502883652,4.11864396954331,3.0,38486.0,-1.0,-68947.0,-0.019331179760681574,0.5150868078771298,0.2666,0.5690235690235691,0.3288,0.4693,0.3387
20260320,2428.7661,2433.2652,2454.3083,2419.5961,992387.0,-8121.0,762113.0,3.0,0.0,40178.0,0.0,1.0,-2.0,1433.0,-66394.0,2445.53918,2455.17532,2386.96488,-9.636140000000069,58.57429999999977,2420.664850079365,2376.704440619048,1163635.6,,,2.468859537203981,1.652022502883652,4.120882040087633,3.0,40178.0,-1.0,-64961.0,-0.00818329945877969,0.1697369994961262,0.2477,0.45000000000000007,0.3288,0.436,0.2305
20260323,2412.3671,2420.0622,2442.1663,2409.3303,995448.0,3061.0,805457.0,3.0,0.0,42989.0,0.0,1.0,-2.0,917.0,-68731.0,2433.237979999999,2452.98655,2391.909535,-19.74857000000065,41.32844499999919,2423.771098333334,2387.210317142857,1103129.9,,,2.439553543864099,1.630182107454254,4.069735651318353,3.0,42989.0,-1.0,-67814.0,0.0030749973881106798,0.0207453687719099,0.2603,0.5196531791907514,0.2877,0.4107,0.2024
20260324,2383.0142,2401.4797,2406.8953,2379.5406,1010876.0,15428.0,691343.0,3.0,0.0,44618.0,0.0,1.0,-2.0,1398.0,-73542.0,2416.83342,2450.52383,2396.1598,-33.69041000000016,20.67361999999957,2423.506584285714,2396.609415555556,1083543.8,,,2.421036370063239,1.630182107454254,4.051218477517493,3.0,44618.0,-1.0,-72144.0,0.015262010375159762,-0.0858073329515667,0.238,0.3907514450867052,0.3836,0.4307,0.1924
20260325,2358.8092,2380.5483,2385.9063,2352.8898,1018416.0,7540.0,771084.0,3.0,0.0,44401.0,0.0,1.0,-2.0,2165.0,-74048.0,2402.9847,2439.58209,2398.09994,-36.59739000000036,4.884760000000369,2420.731716031746,2404.365956492064,1023991.3,,,2.442320584739436,1.630182107454254,4.072502692193689,3.0,44401.0,-1.0,-71883.0,0.007403654302367598,-0.1445536839252839,0.2456,0.4346820809248556,0.3562,0.4173,0.1844
20260326,2367.4211,2362.3642,2384.6718,2357.8736,1022079.0,3663.0,632016.0,3.0,0.0,48861.0,0.0,1.0,-2.0,0.0,-85439.0,2390.07554,2428.78647,2401.076725,-38.71093000000019,-11.00118500000008,2417.905181825397,2410.281572992064,979843.0,,,2.32448601612718,1.592184297859068,3.916670313986248,3.0,48861.0,-1.0,-85439.0,0.0035838716968062154,-0.1827858141322102,0.2434,0.4219653179190752,0.3425,0.4187,0.1834
20260327,2343.5999,2365.85,2369.3283,2335.3676,1034114.0,12035.0,741470.0,3.0,0.0,44880.0,0.0,1.0,-3.0,0.0,-76558.0,2373.0423,2409.29074,2403.260565,-36.24843999999985,-30.21826499999952,2413.004002460318,2413.831276230158,845267.3,,,2.050440068053552,1.592184297859068,3.64262436591262,3.0,44880.0,-2.0,-76558.0,0.011637981885942943,-0.3718211273847998,0.2591,0.5127167630057804,0.3288,0.424,0.1643
20260330,2333.2849,2342.3583,2348.7454,2325.8877,1072040.0,37926.0,783530.0,3.0,0.0,39725.0,0.0,2.0,-1.0,1816.0,-68373.0,2357.22586,2395.23192,2404.507455,-38.00605999999971,-47.28159499999992,2406.518199285714,2415.303574174603,775919.8,,,1.949091105084449,1.592184297859068,3.541275402943518,3.0,39725.0,1.0,-66557.0,0.03537741129062348,-0.235991237318053,0.2385,0.36462749848576625,0.274,0.3333,0.1794
20260331,2315.6848,2332.0024,2338.5704,2305.0884,1106293.0,34253.0,698994.0,3.0,0.0,44503.0,0.0,1.0,-3.0,0.0,-83723.0,2343.75998,2380.2967,2404.191555,-36.53672000000006,-60.43157500000007,2398.513093888889,2414.960867873016,748856.6,,,1.873317719310888,1.56949001810954,3.442807737420429,3.0,44503.0,-2.0,-83723.0,0.030961960348659893,-0.2624805965937015,0.2368,0.34480639213275976,0.274,0.368,0.1754
20260401,2287.1788,2319.0124,2321.0034,2279.7436,1139894.0,33601.0,675642.0,4.0,0.0,56837.0,0.0,0.0,-3.0,0.0,-96712.0,2329.4339,2366.2093,2402.865675,-36.77539999999999,-73.43177500000002,2388.189353492063,2412.839914634921,734468.2,,,1.883644804044768,1.56949001810954,3.453134822154308,4.0,56837.0,-3.0,-96712.0,0.029477302275474737,-0.3342431288669166,0.2168,0.22188076213890595,0.274,0.4133,0.1703
20260402,2286.3526,2286.742,2299.5682,2275.785,1166337.0,26443.0,629876.0,4.0,0.0,53648.0,0.0,0.0,-3.0,0.0,-97768.0,2313.2202,2351.64787,2400.851235,-38.42766999999958,-87.63103499999988,2376.830397301587,2408.963447698413,719152.5,,,1.633648886520485,1.56949001810954,3.203138904630026,4.0,53648.0,-3.0,-97768.0,0.022671834984228402,-0.4084726595469818,0.2047,0.14751075599262445,0.1507,0.2213,0.1593
20260403,2254.3468,2287.3106,2290.9614,2252.5883,1186472.0,20135.0,641924.0,3.0,0.0,43641.0,0.0,1.0,-2.0,0.0,-102381.0,2295.36958,2334.20594,2394.69063,-38.83635999999979,-99.32105000000001,2363.675957380952,2403.264558428571,707133.6,,0.280715,1.500916932801994,1.592184297859068,3.093101230661062,3.0,43641.0,-1.0,-102381.0,0.01697048055074203,-0.576193005950075,0.2441,0.3896742470805164,0.137,0.26,0.1343
20260407,2272.4654,2258.9147,2276.566,2252.2895,1182928.0,-3544.0,450097.0,3.0,0.0,49175.0,0.0,1.0,-2.0,0.0,-90727.0,2283.20568,2320.21577,2386.60116,-37.01008999999976,-103.3954799999997,2351.704803412699,2396.057928936508,671597.6,,,1.435342801037173,1.56949001810954,3.004832819146714,3.0,49175.0,-1.0,-90727.0,-0.0029959557978169425,-0.4478635944040186,0.2101,0.18070067609096505,0.137,0.2613,0.1573
20260408,2272.8198,2271.9828,2280.4295,2257.7071,1217310.0,34382.0,636394.0,3.0,0.0,56558.0,0.0,1.0,-2.0,0.0,-90871.0,2274.63268,2309.19633,2379.86008,-34.5636499999996,-105.2273999999998,2340.208144603175,2387.728084968254,666102.7,,,1.346602708673198,1.56949001810954,2.916092726782739,3.0,56558.0,-1.0,-90871.0,0.028244243454830734,-0.5411256448367814,0.2003,0.1011306532663317,0.1507,0.128,0.1403
20260409,2282.1235,2269.8497,2296.861,2268.1314,1257000.0,39690.0,783137.0,4.0,0.0,84194.0,0.0,0.0,-2.0,0.0,-100283.0,2273.62162,2301.52776,2370.554925,-27.9061399999996,-96.93330499999956,2330.516619206349,2378.706575285714,667308.0,,,1.31796832111845,1.56949001810954,2.88745833922799,4.0,84194.0,-2.0,-100283.0,0.03157517899761336,-0.5248285203247328,0.2434,0.3718592964824121,0.2603,0.3013,0.1433
20260410,2288.1135,2286.2519,2309.378,2279.7696,1267284.0,10284.0,764550.0,4.0,0.0,72699.0,0.0,1.0,-2.0,0.0,-99142.0,2273.9738,2293.597,2361.191735,-19.6232,-87.21793499999967,2322.443675555555,2369.16042465873,680561.4,,,1.307955118874292,1.523036237413278,2.830991356287571,4.0,72699.0,-1.0,-99142.0,0.008114992377399226,-0.5605397114251259,0.229,0.28140703517587945,0.2055,0.2827,0.1373
20260413,2306.145,2292.1733,2311.1891,2288.7679,1234836.0,-32448.0,873847.0,3.0,0.0,66719.0,0.0,1.0,-2.0,2473.0,-86461.0,2284.33344,2289.85151,2349.571125,-5.51807000000008,-65.23768500000006,2316.846810396825,2359.544705452381,693799.1,1048616.4,,1.282079660361725,1.467224724673575,2.749304385035301,3.0,66719.0,-1.0,-83988.0,-0.02627717364897039,,0.1898,0.03517587939698489,0.2192,0.22,
20260414,2308.3397,2309.6548,2311.9206,2294.6267,1199401.0,-35435.0,601263.0,3.0,0.0,56893.0,0.0,1.0,-2.0,1597.0,-88119.0,2291.5083,2287.35699,2341.294455,4.151309999999739,-49.78615500000024,2312.402744047619,2350.133159928572,675572.4,,,1.236922565003193,1.467224724673575,2.704147289676768,3.0,56893.0,-1.0,-86522.0,-0.0295439140037402,-0.295961434434679,0.1923,0.05087939698492461,0.2192,0.1907,0.1795
20260415,2305.0954,2309.6443,2314.4454,2290.0949,1201434.0,2033.0,742345.0,3.0,0.0,56776.0,0.0,1.0,-2.0,1572.0,-81841.0,2297.96342,2286.29805,2333.297375,11.66536999999971,-35.33395499999961,2308.582779920635,2341.140128531746,679907.5,,,1.212090584619958,1.467224724673575,2.679315309293533,3.0,56776.0,-1.0,-80269.0,0.0016921445539247266,-0.3483189228410053,0.1852,0.006281407035175886,0.2192,0.1773,0.1725
20260416,2298.8709,2304.9667,2305.5474,2284.2181,1205756.0,4322.0,691240.0,3.0,0.0,58706.0,0.0,1.0,-2.0,0.0,-85895.0,2301.3129,2287.46726,2326.83828,13.84564,-25.52538000000004,2304.910715238096,2332.812264706349,681467.3,,,1.197666411097872,1.467224724673575,2.664891135771446,3.0,58706.0,-1.0,-85895.0,0.0035844731438201428,-0.5121168684646561,0.1861,0.011934673366834079,0.1781,0.3,0.1494
20260417,2278.0314,2293.6232,2298.4173,2272.8565,1242225.0,36469.0,589882.0,3.0,0.0,67211.0,0.0,1.0,-2.0,4902.0,-82108.0,2299.29648,2286.63514,2319.141505,12.66134000000011,-19.84502500000008,2300.503314920635,2325.179556468254,677467.9,,,1.175350224817171,1.467224724673575,2.642574949490746,3.0,67211.0,-1.0,-77206.0,0.029357805550524262,-0.5443576181477494,0.1847,0.003140703517587943,0.1918,0.2853,0.1414
20260420,2293.6959,2276.6584,2298.0099,2254.1796,1240479.0,-1746.0,866641.0,3.0,0.0,63668.0,0.0,1.0,-1.0,2909.0,-71174.0,2296.80666,2290.57005,2312.387995,6.236609999999473,-15.58133500000031,2297.051294603175,2318.517090190476,699939.6,1039969.2,,1.242240714829534,1.523036237413278,2.765276952242812,3.0,63668.0,0.0,-68265.0,-0.001407520804463437,-0.5218746731194442,0.1806,0.0,0.1507,0.192,0.1464
20260421,2313.5716,2291.2244,2317.41,2288.651,1245444.0,4965.0,704145.0,3.0,0.0,61509.0,0.0,0.0,-2.0,0.0,-79953.0,2297.85304,2294.68067,2307.44822,3.172369999999773,-9.595180000000255,2296.356732142857,2312.982283063492,725344.4,,0.22724,1.22758496876398,1.467224724673575,2.694809693437556,3.0,61509.0,-2.0,-79953.0,0.003986530104926436,-0.5201227130959769,0.1976,0.10442260442260436,0.1781,0.1933,0.1474
20260422,2366.5872,2317.3884,2369.6782,2313.2035,1242789.0,-2655.0,1138011.0,3.0,0.0,67329.0,0.0,1.0,-2.0,1821.0,-80134.0,2310.1514,2304.05741,2306.62687,6.093989999999394,3.524529999999686,2300.260487222222,2308.987517325397,775506.1,1365613.2,0.23506,1.271909960278442,1.467224724673575,2.739134684952017,3.0,67329.0,-1.0,-78313.0,-0.002136324026041428,-0.5305487171247105,0.2044,0.14619164619164615,0.3699,0.4693,0.1454
20260423,2340.085,2362.0698,2368.4585,2334.978,1248638.0,5849.0,858880.0,3.0,0.0,71546.0,0.0,1.0,-2.0,2774.0,-95479.0,2318.39422,2309.85356,2305.69066,8.540659999999662,12.70355999999947,2304.028882857143,2306.338743690476,783080.4,,,1.29992049699016,1.447160461970418,2.747080958960578,3.0,71546.0,-1.0,-92705.0,0.0046843040176576395,-0.5656952848774267,0.1962,0.09582309582309585,0.3699,0.4707,0.1374
20260424,2332.3447,2340.4013,2362.0451,2324.3679,1256849.0,8211.0,796070.0,3.0,0.0,73113.0,0.0,1.0,-2.0,2758.0,-100964.0,2329.25688,2314.27668,2303.93684,14.98019999999997,25.32003999999961,2307.115983253968,2304.805974460317,786232.4,,0.23552,1.294620120738578,1.495823155080511,2.79044327581909,3.0,73113.0,-1.0,-98206.0,0.006533004362497007,-0.4767186915936061,0.2048,0.14864864864864866,0.3699,0.5093,0.1615
20260427,2342.3344,2333.6795,2343.0882,2324.3517,1237832.0,-19017.0,603920.0,2.0,0.0,57457.0,-7184.0,1.0,-2.0,3259.0,-96084.0,2338.98458,2317.89562,2303.873565,21.08896000000004,35.11101499999995,2310.306458650794,2304.151939285714,759239.7,,,1.274685368711696,1.495823155080511,2.770508523792207,2.0,50273.0,-1.0,-92825.0,-0.015363151057655643,-0.4964074277741765,0.1899,0.057125307125307154,0.3699,0.4467,0.1565
20260428,2358.0103,2346.0928,2364.7731,2336.9618,1166998.0,-70834.0,781491.0,3.0,0.0,45800.0,0.0,1.0,-2.0,2301.0,-86611.0,2347.87232,2322.86268,2305.109835,25.00963999999976,42.76248499999974,2315.067491031746,2304.418413984127,777262.5,,,1.287035185519322,1.495823155080511,2.782858340599833,3.0,45800.0,-1.0,-84310.0,-0.06069761901905573,-0.4594838232624843,0.1883,0.04729729729729721,0.3151,0.2,0.1685
20260429,2377.1545,2365.4277,2387.1483,2350.1028,1153770.0,-13228.0,877384.0,3.0,0.0,60107.0,0.0,1.0,-2.0,1374.0,-77446.0,2349.98578,2330.06859,2308.18332,19.91719000000012,41.80245999999988,2321.557348650794,2305.715870857143,790766.4,,,1.308853614188918,1.492808327608044,2.801661941796962,3.0,60107.0,-1.0,-76072.0,-0.011465023358208308,-0.4448964774674332,0.2007,0.12346437346437336,0.3151,0.2013,0.1705
20260430,2381.5491,2376.1247,2391.3578,2366.2153,1124652.0,-29118.0,615940.0,3.0,0.0,55227.0,0.0,1.0,-2.0,761.0,-85335.0,2358.2786,2338.33641,2312.901835,19.94218999999975,45.37676500000043,2328.399637222221,2308.064763055555,783236.4,,,1.29140417092912,1.492808327608044,2.784212498537164,3.0,55227.0,-1.0,-84574.0,-0.02589067551562617,-0.7476264594401713,0.1967,0.09889434889434894,0.2603,0.092,0.1133
20260506,2358.5271,2385.9532,2392.923,2346.8103,1189866.0,65214.0,624309.0,3.0,0.0,58214.0,0.0,1.0,-2.0,1406.0,-103704.0,2363.51508,2346.38598,2316.51056,17.12910000000011,47.00451999999996,2333.741760079365,2311.388607571429,786679.1,,,1.35988123450176,1.561411641814982,2.921292876316742,3.0,58214.0,-1.0,-102298.0,0.05480785231278144,,0.1874,0.04176904176904178,0.0959,0.128,
20260507,2334.6251,2353.9059,2359.3648,2332.1215,1280263.0,90397.0,719824.0,3.0,0.0,61675.0,0.0,1.0,-2.0,2324.0,-117521.0,2361.97322,2350.4789,2320.524475,11.49431999999979,41.44874499999969,2336.12693984127,2315.296172095238,771997.4,,,1.389231932578617,1.561411641814982,2.950643574393599,3.0,61675.0,-1.0,-115197.0,0.0706081484819916,-0.7667904698906898,0.1809,0.0018427518427518105,0.0822,0.128,0.1135
20260508,2352.3241,2331.826,2356.138,2312.413,1279957.0,-306.0,989738.0,3.0,0.0,64041.0,0.0,0.0,-3.0,0.0,-105140.0,2360.83598,2354.35415,2324.51741,6.481829999999718,36.31856999999991,2338.379294603175,2319.49842834127,800556.7,1187685.6,,1.4464262277943,1.561411641814982,3.007837869609281,3.0,64041.0,-3.0,-105140.0,-0.00023907053127566005,-0.7112256365235776,0.1812,0.003685503685503621,0.0685,0.1293,0.1205
20260511,2369.0658,2356.5157,2374.5416,2340.7292,1293148.0,13191.0,821874.0,3.0,0.0,51336.0,0.0,0.0,-3.0,0.0,-100954.0,2359.21824,2354.60201,2329.32971,4.616230000000087,29.88852999999972,2342.189930634921,2323.69137268254,768943.0,,,1.481391211491417,1.561411641814982,3.042802853306398,3.0,51336.0,-3.0,-100954.0,0.01020068855227708,-0.7808775497969906,0.1825,0.01167076167076158,0.0685,0.1307,0.1124
20260512,2342.6919,2369.3921,2377.1782,2332.4299,1361573.0,68425.0,863390.0,3.0,0.0,57636.0,0.0,0.0,-2.0,0.0,-121663.0,2351.4468,2354.8627,2332.35813,-3.41590000000042,19.08866999999964,2344.44085452381,2327.732569849206,769394.0,,,1.535483228094896,1.561411641814982,3.096894869909877,3.0,57636.0,-2.0,-121663.0,0.05025437490314511,-0.8380846039663823,0.1812,0.003685503685503621,0.137,0.044,0.1084
20260513,2344.4199,2343.9844,2364.3186,2337.5875,1388846.0,27273.0,894675.0,3.0,0.0,64707.0,0.0,0.0,-3.0,0.0,-123550.0,2348.62536,2356.07022,2335.17345,-7.444860000000517,13.45190999999932,2345.905443809524,2331.611515904762,779254.5,,,1.481164567965847,1.561411641814982,3.042576209780829,3.0,64707.0,-3.0,-123550.0,0.019637166395698298,,0.1816,0.006142506142506149,0.1096,0.0453,
20260514,2325.8313,2350.5382,2362.5136,2322.8817,1432378.0,43532.0,951131.0,3.0,0.0,57716.0,0.0,0.0,-2.0,0.0,-134647.0,2346.8666,2354.41991,2336.157765,-7.553309999999783,10.70883499999991,2346.099081587302,2335.190778198413,813975.6,,,1.513635744719391,1.56949001810954,3.083125762828931,3.0,57716.0,-2.0,-134647.0,0.03039141902486634,-0.6851281071391463,0.1804,0.0,0.1781,0.0947,0.1246
20260515,2290.7768,2316.7134,2321.3456,2290.0759,1495463.0,63085.0,914566.0,3.0,0.0,64828.0,0.0,0.0,-3.0,0.0,-143449.0,2334.55714,2347.69656,2335.27962,-13.13941999999997,-0.7224800000003597,2342.753142222222,2337.95934331746,827283.1,,,1.454055952954266,1.56949001810954,3.023545971063807,3.0,64828.0,-3.0,-143449.0,0.04218425999172163,-0.6029344200579871,0.1693,0.0,0.2055,0.0987,0.1367
20260518,2285.4695,2286.5949,2301.8032,2276.9406,1516695.0,21232.0,653030.0,3.0,0.0,64610.0,0.0,1.0,-2.0,0.0,-127724.0,2317.83788,2338.52806,2334.298325,-20.6901799999996,-16.46044500000016,2338.177332301587,2339.62134168254,804847.7,,,1.43019947980377,1.56949001810954,2.99968949791331,3.0,64610.0,-1.0,-127724.0,0.013998859361967963,-0.6475914500786818,0.1615,0.0,0.2192,0.104,0.1296
20260519,2336.7339,2287.5884,2343.8069,2282.8882,1465783.0,-50912.0,944970.0,2.0,0.0,46920.0,0.0,1.0,-2.0,8884.0,-99290.0,2316.64628,2334.04654,2336.191475,-17.40026000000034,-19.54519500000015,2336.927185793651,2340.474096539683,837750.7,,,1.500867374140365,1.591063171238104,3.091930545378468,2.0,46920.0,-1.0,-90406.0,-0.03473365429944269,-0.7251560059149245,0.1665,0.027487630566245216,0.2466,0.1067,0.1206
20260520,2338.4522,2337.3977,2343.6494,2322.8673,1458504.0,-7279.0,785944.0,2.0,0.0,42741.0,0.0,1.0,-2.0,6862.0,-100139.0,2315.45274,2332.03905,2339.212515,-16.58631000000059,-23.75977500000045,2336.950888333333,2340.795009365079,853914.2,,,1.507282456201519,1.56949001810954,3.076772474311059,2.0,42741.0,-1.0,-93277.0,-0.004990730227685355,-0.6992498296311765,0.1654,0.021440351841671177,0.2877,0.1427,0.1246
20260521,2299.5808,2335.8939,2335.8939,2295.4161,1474457.0,15953.0,769581.0,2.0,0.0,42273.0,0.0,1.0,-2.0,0.0,-103216.0,2310.20264,2328.53462,2339.50676,-18.33197999999948,-29.30411999999978,2334.275705238095,2340.609885904762,858889.9,,0.20171,1.556478772987378,1.585728968609318,3.142207741596697,2.0,42273.0,-1.0,-103216.0,0.010819576291475438,-0.7851150584873302,0.1754,0.0764156129741616,0.3014,0.1707,0.1136
20260522,2304.0394,2300.5191,2312.4297,2293.8088,1485639.0,11182.0,623459.0,2.0,0.0,41835.0,0.0,1.0,-2.0,0.0,-98535.0,2312.85516,2323.70615,2339.03015,-10.85099000000037,-26.17498999999998,2330.716182936508,2339.843574738095,822262.0,,,1.503556494640602,1.585728968609318,3.08928546324992,2.0,41835.0,-1.0,-98535.0,0.007526727556290593,-0.6731301074769585,0.1655,0.021990104452996175,0.3562,0.1893,0.1307
20260525,2282.9091,2305.8151,2314.9556,2281.6713,1561783.0,76144.0,733461.0,2.0,0.0,48493.0,0.0,1.0,-2.0,1149.0,-116449.0,2312.34308,2315.09048,2334.846245,-2.747399999999743,-22.50316499999963,2326.422742539683,2338.266855928572,813420.7,,,1.533112078987006,1.582673670625359,3.115785749612365,2.0,48493.0,-1.0,-115300.0,0.04875453247986436,-0.7937850229482485,0.1645,0.01649257833974713,0.137,0.0933,0.1126
20260526,2271.8531,2279.0989,2284.2164,2268.6784,1606474.0,44691.0,679406.0,2.0,0.0,57484.0,0.0,1.0,-2.0,894.0,-121189.0,2299.36692,2308.0066,2331.43465,-8.639679999999771,-32.06773000000021,2320.579998174603,2335.880770293651,795022.3,,,1.443065910904533,1.559374776492342,3.002440687396875,2.0,57484.0,-1.0,-120295.0,0.027819311112411406,-0.863890172496762,0.1579,0.0,0.1233,0.0947,0.1055
20260527,2259.2998,2270.6763,2273.92,2253.2886,1679324.0,72850.0,724240.0,2.0,0.0,54939.0,0.0,1.0,-2.0,1585.0,-123213.0,2283.53644,2299.49459,2327.782405,-15.95814999999993,-44.24596500000007,2313.855511507937,2332.675777063492,777978.8,,,1.426015545333517,1.559374776492342,2.985390321825859,2.0,54939.0,-1.0,-121628.0,0.04338055074541899,-0.9515086744398756,0.1594,0.008086253369272095,0.0959,0.096,0.0864
20260528,2274.912,2255.834,2282.4749,2254.6691,1662828.0,-16496.0,661798.0,2.0,0.0,57673.0,0.0,1.0,-2.0,0.0,-111841.0,2278.60268,2294.40266,2324.411285,-15.79998000000023,-45.80860499999972,2308.133710079365,2328.879239912698,749045.5,,,1.380184712103037,1.559374776492342,2.939559488595379,2.0,57673.0,-1.0,-111841.0,-0.009920448777624625,-0.8603190307834913,0.1539,0.0,0.3014,0.0987,0.1085
20260529,2270.7805,2274.3661,2284.4949,2265.2798,1674896.0,12068.0,678468.0,2.0,0.0,60116.0,0.0,1.0,-2.0,0.0,-120280.0,2271.9509,2292.40303,2320.049795,-20.45213000000012,-48.09889500000008,2303.091820317461,2324.913107722222,725435.7,,,1.33909968062245,1.559374776492342,2.898474457114792,2.0,60116.0,-1.0,-120280.0,0.007205223488503167,-0.8498639534534412,0.1561,0.011609498680738682,0.2329,0.056,0.1116
20260601,2294.645,2272.2528,2295.3777,2265.1674,1660667.0,-14229.0,830543.0,2.0,0.0,51314.0,0.0,2.0,-2.0,0.0,-107948.0,2274.29808,2293.32058,2315.92432,-19.02250000000049,-41.62624000000051,2299.777721746031,2321.073146666667,743187.0,,,1.295921519574736,1.498145198838361,2.794066718413097,2.0,51314.0,0.0,-107948.0,-0.008568243964623853,-0.7626695468324011,0.1577,0.020052770448548803,0.1644,0.0547,0.1226
20260602,2269.6854,2295.5324,2295.5324,2268.4236,1703287.0,42620.0,714977.0,2.0,0.0,55070.0,0.0,0.0,-2.0,0.0,-132341.0,2273.86454,2286.61573,2310.331135,-12.75119000000041,-36.46659500000032,2296.151593492063,2316.995587436508,720187.7,,,1.30011464144454,1.452640583938608,2.752755225383149,2.0,55070.0,-2.0,-132341.0,0.02502220706199249,-0.8256081075338194,0.1556,0.008970976253298044,0.1644,0.052,0.1146
20260603,2278.8486,2270.425,2289.6982,2251.9474,1692521.0,-10766.0,985051.0,2.0,0.0,55010.0,0.0,1.0,-2.0,519.0,-111839.0,2277.7743,2280.655369999999,2306.34721,-2.881069999999454,-28.57290999999987,2292.656321904762,2312.566130793651,740098.4,1182061.2,,1.296152224609022,1.498145198838361,2.794297423447382,2.0,55010.0,-1.0,-111320.0,-0.006360925506980416,-0.7620193492047799,0.1572,0.017414248021108168,0.137,0.0507,0.1246
20260604,2255.7161,2280.6108,2284.9464,2250.1576,1741760.0,49239.0,848325.0,2.0,0.0,73542.0,0.0,1.0,-2.0,0.0,-145063.0,2273.93512,2276.2689,2302.40176,-2.333780000000388,-28.4666400000001,2288.369447380952,2307.975505007937,747972.8,,0.19343,1.294552870550674,1.491686800230284,2.786239670780958,2.0,73542.0,-1.0,-145063.0,0.028269681241962153,-0.7863257257355599,0.1682,0.07546174142480201,0.1096,0.0267,0.1196
20260605,2230.3976,2253.3956,2260.7624,2227.8699,1758668.0,16908.0,937424.0,2.0,0.0,65059.0,0.0,1.0,-2.0,0.0,-137295.0,2265.85854,2268.90472,2296.305435,-3.046179999999822,-30.44689500000004,2282.114386904761,2303.115325404762,779369.3,1124908.8,0.19734,1.321901703534774,1.464681297234952,2.786583000769726,2.0,65059.0,-1.0,-137295.0,0.009614094303188549,-0.8882954833874838,0.1716,0.0934036939313984,0.0685,0.0267,0.1025
20260608,2216.1441,2235.2251,2236.4675,2210.6873,1764556.0,5888.0,812600.0,2.0,0.0,67267.0,0.0,1.0,-2.0,0.0,-129573.0,2250.15836,2262.22822,2288.65935,-12.06986000000006,-38.50099,2274.972861349207,2297.970337285714,787283.2,,0.202055,1.216572650164607,1.452640583938608,2.669213234103215,2.0,67267.0,-1.0,-129573.0,0.0033368167403018097,-0.9850502650083878,0.1757,0.11503957783641156,0.0274,0.0267,0.0804
20260609,2208.3015,2211.2068,2229.5184,2199.3055,1786191.0,21635.0,769958.0,2.0,0.0,74102.0,0.0,1.0,-2.0,0.0,-124804.0,2237.88158,2255.87306,2281.93983,-17.99147999999968,-44.05825000000004,2267.270309444444,2292.639368412698,796338.4,,,1.251298943885595,1.447160461970418,2.698459405856013,2.0,74102.0,-1.0,-124804.0,0.012112366482643794,-0.9582513040095252,0.1685,0.07704485488126651,0.0411,0.028,0.0854
20260610,2216.6886,2212.1026,2219.1632,2193.0162,1786153.0,-38.0,649986.0,2.0,0.0,71205.0,0.0,1.0,-2.0,0.0,-127356.0,2225.44958,2251.61194,2275.553265,-26.16235999999981,-50.10368499999959,2260.450433809523,2287.298860642857,788913.0,,,1.201189061688539,1.436794772247009,2.637983833935548,2.0,71205.0,-1.0,-127356.0,-2.1274773213716853e-05,-0.9754253122149342,0.1662,0.06490765171503947,0.0411,0.0293,0.0824
20260611,2228.0189,2219.1802,2233.1718,2208.5513,1762281.0,-23872.0,824920.0,2.0,0.0,71955.0,0.0,1.0,-2.0,0.0,-118770.0,2219.91014,2246.92263,2270.662645,-27.01249000000007,-50.75250499999993,2255.476977698412,2282.033187404762,805225.2,,,1.22309382769207,1.429822241879322,2.652916069571392,2.0,71955.0,-1.0,-118770.0,-0.013546080335655892,-0.8693240267928521,0.1668,0.09214285714285711,0.0137,0.0307,0.1095
20260612,2234.1143,2231.0374,2237.2794,2223.8506,1732889.0,-29392.0,626203.0,2.0,0.0,70615.0,0.0,2.0,-2.0,0.0,-110056.0,2220.65348,2243.25601,2267.82952,-22.60253000000012,-47.17604000000028,2251.597164523809,2276.883721825397,799998.7,,,1.161973366968158,1.428032206707775,2.590005573675933,2.0,70615.0,0.0,-110056.0,-0.016961271033516863,-0.7975552151598816,0.1625,0.06761006289308173,0.0137,0.032,0.1226
20260615,2236.879,2233.1336,2249.231,2228.2019,1720458.0,-12431.0,660041.0,2.0,0.0,69401.0,0.0,1.0,-2.0,0.0,-115697.0,2224.80046,2237.47941,2265.399995,-12.67894999999999,-40.59953500000029,2248.346404444444,2271.740590095238,782948.5,,,1.180710765755089,1.410724751679006,2.591435517434095,2.0,69401.0,-1.0,-115697.0,-0.007225401608176428,-0.8604652690647323,0.1625,0.07630878438331852,0.0274,0.0333,0.1136
20260616,2250.4587,2232.0961,2251.9806,2228.2868,1674170.0,-46288.0,628145.0,2.0,0.0,64517.0,0.0,1.0,-2.0,796.0,-109946.0,2233.2319,2235.55674,2261.086235,-2.324840000000222,-27.85433499999999,2246.318401507936,2266.757270896825,774265.3,,,1.190775054361526,1.38639626949834,2.577171323859867,2.0,64517.0,-1.0,-109150.0,-0.02764832723080691,-0.8333434607636765,0.1572,0.029281277728482675,0.0685,0.0387,0.1196
20260617,2253.6596,2244.9954,2262.5079,2244.5673,1639026.0,-35144.0,659773.0,2.0,0.0,62209.0,0.0,1.0,-2.0,3938.0,-124532.0,2240.6261,2233.03784,2256.846605,7.588259999999991,-16.22050500000023,2245.550001666667,2262.046638873016,741737.5,,,1.160206333999483,1.371898672536346,2.532105006535828,2.0,62209.0,-1.0,-120594.0,-0.021442002750413965,-0.9102210523124128,0.1606,0.06296992481202994,0.0548,0.04,0.0995
20260618,2257.9301,2254.4075,2258.4892,2241.3753,1606428.0,-32598.0,703207.0,2.0,0.0,58755.0,0.0,1.0,-2.0,29.0,-114143.0,2246.60834,2233.25924,2254.76407,13.34909999999991,-8.155729999999949,2245.140423174604,2257.723736452381,727225.7,,0.188255,1.153995654834978,1.363952039212558,2.517947694047536,2.0,58755.0,-1.0,-114114.0,-0.020292225982116847,-0.7730336776052504,0.1637,0.0921052631578948,0.0822,0.1187,0.1317
20260622,2245.2044,2255.862,2271.9211,2235.6978,1608203.0,1775.0,553205.0,2.0,0.0,58555.0,0.0,1.0,-2.0,5600.0,-114878.0,2248.82636,2234.73992,2251.82232,14.08644000000004,-2.995960000000196,2244.639900396826,2253.976287801587,688803.8,,,1.174974344965367,1.371898672536346,2.546873017501713,2.0,58555.0,-1.0,-109278.0,0.0011037163840634547,-0.6745341379955632,0.1608,0.06558935361216721,0.1096,0.1907,0.1497
20260623,2272.7282,2243.2032,2274.625,2227.1464,1564943.0,-43260.0,856781.0,2.0,0.0,53353.0,0.0,2.0,-1.0,2620.0,-84946.0,2255.9962,2240.39833,2251.313275,15.5978699999996,4.682925000000068,2245.422201031746,2251.021221769841,693221.9,1028137.2,0.192625,1.239763224254858,1.380774824865425,2.620538049120283,2.0,53353.0,1.0,-82326.0,-0.027643179336244196,-0.7218665403062638,0.1675,0.12927756653992398,0.1644,0.268,0.1427
20260624,2284.8175,2274.5687,2289.2535,2268.0539,1540532.0,-24411.0,953052.0,2.0,0.0,48794.0,0.0,2.0,-1.0,5465.0,-82595.0,2262.86796,2248.04993,2251.961495,14.81802999999991,10.90646500000003,2248.25501015873,2249.11969184127,711531.3,1143662.4,0.19412,1.186801645485124,1.337194372037922,2.523996017523046,2.0,48794.0,1.0,-77130.0,-0.015845824689133363,-0.6101244845810847,0.1688,0.14163498098859315,0.2192,0.1853,0.1628
20260625,2242.7361,2285.2475,2285.2475,2227.7163,1550075.0,9543.0,1507034.0,2.0,0.0,41291.0,0.0,1.0,-2.0,20406.0,-112881.0,2260.68326,2250.65468,2251.13331,10.02857999999969,9.549949999999626,2248.453845952381,2247.920033055555,797236.1,1808440.8,0.19872,1.25977120855322,1.391789078552471,2.651560287105691,2.0,41291.0,-1.0,-92475.0,0.0061564762995338935,-0.7869500862242764,0.1728,0.1796577946768061,0.5068,0.5893,0.1286
20260626,2275.4436,2246.9632,2279.7594,2243.2764,1517917.0,-32158.0,1090977.0,2.0,0.0,36881.0,0.0,2.0,-1.0,7265.0,-83072.0,2264.18596,2255.39715,2251.15989,8.788810000000012,13.02606999999989,2249.91016468254,2247.363351753968,823841.8,1309172.4,0.200215,1.271111021212701,1.391789078552471,2.662900099765172,2.0,36881.0,1.0,-75807.0,-0.0211856115979991,,0.1741,0.22394678492239461,0.5205,0.5587,
20260629,2266.5896,2276.2707,2283.8782,2257.4209,1496591.0,-21326.0,738170.0,2.0,0.0,36560.0,0.0,1.0,-2.0,7229.0,-94545.0,2268.463,2258.64468,2250.950345,9.818319999999858,17.51265499999954,2251.649750476191,2247.368610349206,835038.5,,,1.271225026994949,1.391789078552471,2.66301410554742,2.0,36560.0,-1.0,-87316.0,-0.014249718192879684,-0.85315843620019,0.1709,0.18847006651884687,0.5068,0.6093,0.1187
20260630,2224.1267,2259.9317,2264.4123,2222.8192,1498610.0,2019.0,1068535.0,2.0,0.0,45512.0,0.0,1.0,-2.0,8431.0,-114938.0,2258.7427,2257.36945,2247.42443,1.373250000000098,11.31826999999976,2250.415652857143,2247.575535190476,875887.9,1282242.0,,1.313640341642252,1.391789078552471,2.705429420194723,2.0,45512.0,-1.0,-106507.0,0.001347248450230547,-1.4960570662829529,0.1665,0.13968957871396895,0.5205,0.636,0.0332
20260701,2236.9048,2218.3445,2248.45,2209.6201,1542857.0,44247.0,1196162.0,2.0,0.0,44876.0,0.0,2.0,-1.0,7878.0,-85979.0,2249.16016,2256.01406,2245.7854,-6.853899999999612,3.374760000000606,2248.778543015873,2247.82154934127,932689.6,1435394.4,,1.353048418258026,1.391789078552471,2.744837496810497,2.0,44876.0,1.0,-78101.0,0.02867861376653831,-1.2106651229181469,0.1589,0.05543237250554329,0.5616,0.636,0.0483
20260702,2241.5197,2244.3119,2255.6615,2235.2746,1595703.0,52846.0,835610.0,2.0,0.0,41846.0,0.0,2.0,-1.0,14011.0,-85661.0,2248.91688,2254.80007,2243.918955,-5.883190000000468,4.997924999999668,2248.577197301588,2248.124268904762,950273.3,,,1.339038785202687,1.391789078552471,2.730827863755158,2.0,41846.0,1.0,-71650.0,0.03311769170077389,-1.1649364234691164,0.1584,0.049889135254988955,0.5205,0.636,0.0543
20260703,2226.572,2244.844,2251.3484,2224.3991,1644953.0,49250.0,716833.0,2.0,0.0,47571.0,0.0,2.0,-2.0,9587.0,-96590.0,2239.14256,2251.66426,2242.46175,-12.52170000000024,-3.319190000000162,2247.611471666667,2248.371373753968,951635.9,,,1.382260260563268,1.337194372037922,2.71945463260119,2.0,47571.0,0.0,-87003.0,0.029940065156876822,-1.245378960716402,0.156,0.023463687150837888,0.5068,0.636,0.0473
20260706,2266.5219,2226.2747,2269.3168,2225.326,1629169.0,-15784.0,1032192.0,2.0,0.0,33120.0,0.0,2.0,-1.0,15090.0,-76728.0,2239.12902,2253.79601,2244.267965,-14.66699000000017,-5.138945000000149,2248.594116349206,2248.766795349206,999534.6,,,1.453751164887522,1.391789078552471,2.845540243439993,2.0,33120.0,1.0,-61638.0,-0.009688374870869751,-1.2646328110891725,0.1616,0.08603351955307245,0.5342,0.636,0.0473
20260707,2276.0923,2273.0189,2286.8668,2264.8738,1627527.0,-1642.0,1038464.0,2.0,-1.0,27016.0,-1279.0,2.0,-1.0,22766.0,-66974.0,2249.52214,2254.13242,2247.265375,-4.610279999999875,2.256765000000087,2251.620018095238,2249.386577055556,1017702.9,,0.192855,1.447183559047106,1.391789078552471,2.838972637599577,1.0,25737.0,1.0,-44208.0,-0.0010088926328103928,-1.0813718613337684,0.1677,0.154189944134078,0.5479,0.6733,0.0704
20260708,2265.7993,2280.8579,2290.7109,2261.5196,1634258.0,6731.0,1042963.0,2.0,0.0,28475.0,0.0,2.0,-1.0,22048.0,-69913.0,2255.30104,2252.2306,2250.140265,3.070440000000417,5.160775000000285,2254.001487857143,2249.961224825397,1026694.0,,,1.48224995899849,1.391789078552471,2.874039037550961,2.0,28475.0,1.0,-47865.0,0.004118688726015109,-1.0296258929057065,0.1575,0.04793608521970695,0.6438,0.6813,0.0835
20260709,2292.5608,2270.7619,2295.6711,2269.411,1647963.0,13705.0,1196155.0,2.0,-1.0,24804.0,-3389.0,2.0,-1.0,11224.0,-52194.0,2265.50926,2257.21307,2253.933875,8.296190000000024,11.57538499999964,2257.422117063492,2250.858051936508,995606.1,1435386.0,0.19941,1.520977060102208,1.391789078552471,2.912766138654679,1.0,21415.0,1.0,-40970.0,0.008316327490362345,-1.1019558360644262,0.1734,0.38310412573673847,0.6712,0.748,0.0674
20260710,2282.8141,2289.6154,2295.3393,2278.9289,1618363.0,-29600.0,987679.0,1.0,0.0,25518.0,0.0,2.0,-2.0,6443.0,-59962.0,2276.75768,2257.95012,2256.673635,18.80756000000019,20.08404500000006,2260.540423174603,2251.921077785714,985276.3,,,1.456580317134735,1.391789078552471,2.848369395687206,1.0,25518.0,0.0,-53519.0,-0.018290086958241136,-1.1256915183700087,0.1698,0.31237721021611,0.6849,0.76,0.0594
20260713,2252.3791,2285.5736,2305.2757,2249.0429,1624332.0,5969.0,1242746.0,1.0,0.0,26880.0,0.0,2.0,-2.0,6398.0,-64339.0,2273.92912,2256.52907,2257.586875,17.40004999999974,16.34224499999982,2261.538492222222,2252.909951960317,1035733.9,,,1.485189882590819,1.428643130132021,2.913833012722839,1.0,26880.0,0.0,-57941.0,0.0036747413706065017,-1.2505400806928646,0.1635,0.18860510805500977,0.7397,0.796,0.0483
20260714,2261.2622,2259.157,2277.9259,2253.4469,1625893.0,1561.0,865077.0,1.0,0.0,26241.0,0.0,2.0,-1.0,7036.0,-54970.0,2270.9631,2260.24262,2258.806035,10.72047999999995,12.15706499999987,2261.984592063492,2254.066845880952,1015388.1,,,1.500048612329159,1.428643130132021,2.928691742461179,1.0,26241.0,1.0,-47934.0,0.0009600877794541216,-0.9927671980070348,0.1579,0.0785854616895875,0.7945,0.8133,0.0905
20260715,2267.5547,2259.6352,2276.6118,2253.3548,1621566.0,-4327.0,691286.0,1.0,0.0,25817.0,0.0,2.0,-1.0,6229.0,-58713.0,2271.31418,2263.30761,2259.660835,8.00657000000001,11.65334500000017,2262.601284206349,2255.44912,964900.5,,,1.390533070329487,1.428643130132021,2.819176200461508,1.0,25817.0,1.0,-52484.0,-0.0026684081930676887,0.2968833520215657,0.1614,0.147347740667976,0.7808,0.8133,0.327
20260716,2261.9087,2265.0322,2284.8996,2258.1137,1631333.0,9767.0,814524.0,1.0,0.0,23654.0,0.0,2.0,-2.0,4878.0,-60191.0,2265.18376,2265.34651,2260.07329,-0.16274999999996,5.110470000000078,2263.172467063492,2256.908646976191,962791.9,,,1.358754561084417,1.428643130132021,2.787397691216438,1.0,23654.0,0.0,-55313.0,0.005987128317762222,0.3057771642122139,0.1629,0.17681728880157133,0.726,0.7933,0.331
20260717,2244.7294,2266.8008,2273.8498,2239.5281,1616061.0,-15272.0,909646.0,2.0,0.0,37662.0,0.0,2.0,-2.0,13592.0,-65330.0,2257.56682,2267.16225,2259.413255,-9.595430000000306,-1.846434999999929,2262.426878492063,2258.39018765873,982073.2,,,1.384581250562071,1.428643130132021,2.813224380694092,2.0,37662.0,0.0,-51738.0,-0.009450138330174418,0.2689367707959975,0.1635,0.18860510805500977,0.6986,0.804,0.3209
20260720,2286.056,2250.9467,2287.6627,2248.9771,1581174.0,-34887.0,1151312.0,2.0,-1.0,21886.0,-2939.0,2.0,-1.0,34724.0,-43787.0,2264.302200000001,2269.11566,2261.455835,-4.81345999999985,2.846365000000333,2263.66893515873,2259.897669539682,993985.2,,0.20033,1.379229329170703,1.441634158276984,2.820863487447687,1.0,18947.0,1.0,-9063.0,-0.02206398536783428,0.401418236930304,0.1742,0.39882121807465587,0.7123,0.7853,0.3712
20260721,2295.9218,2292.5099,2309.0663,2283.2944,1571611.0,-9563.0,1080685.0,2.0,-1.0,21675.0,0.0,2.0,-1.0,32630.0,-37733.0,2271.23412,2271.09861,2262.615515,0.1355100000000675,8.618605000000116,2266.83551452381,2261.41921918254,998207.3,,,1.335499064803983,1.428643130132021,2.764142194936003,1.0,21675.0,1.0,-5103.0,-0.006084839060047302,0.5246477666775465,0.1718,0.3516699410609037,0.7123,0.7853,0.4235
20260722,2303.9376,2294.3969,2329.6655,2294.3969,1549553.0,-22058.0,1159187.0,2.0,0.0,29711.0,0.0,2.0,-1.0,31369.0,-32442.0,2278.5107,2274.91244,2263.57152,3.598259999999755,14.9391799999994,2271.022274761905,2263.121297873015,1009829.7,,0.20332,1.379697595369817,1.439538661393314,2.819236256763131,2.0,29711.0,1.0,-1073.0,-0.014235072953296854,0.4303549041539699,0.1768,0.4499017681728881,0.7397,0.7613,0.3813
20260723,2323.2367,2314.0598,2352.0831,2314.0598,1525633.0,-23920.0,1346122.0,2.0,0.0,28246.0,0.0,2.0,-1.0,11871.0,-29049.0,2290.7763,2277.98003,2267.59655,12.79626999999982,23.17975000000024,2276.586791269841,2265.03776529365,1024826.4,1615346.4,0.2231,1.44200009494123,1.439538661393314,2.881538756334544,2.0,28246.0,1.0,-17178.0,-0.015678737940251687,0.30490799582156,0.194,0.8568376068376071,0.7671,0.7573,0.33
20260724,2415.5855,2330.5315,2420.0235,2325.9249,1573692.0,48059.0,1772570.0,2.0,0.0,28093.0,0.0,2.0,-1.0,47954.0,-15781.0,2324.94752,2291.25717,2274.603645,33.69035000000031,50.34387500000003,2287.96218031746,2267.779941007936,1103315.5,2127084.0,0.28405,1.600122975332418,1.464681297234952,3.06480427256737,2.0,28093.0,1.0,32173.0,0.030539012716592574,0.6489866768850872,0.247,1.0,0.7534,0.74,0.4819
20260727,2343.6122,2388.0226,2393.6772,2338.0066,1457861.0,-115831.0,1766528.0,2.0,0.0,29598.0,0.0,1.0,-2.0,11504.0,-26780.0,2336.45876,2300.38048,2278.454775,36.07827999999972,58.00398499999983,2296.154337698413,2271.241525555556,1155693.7,2119833.6,,1.76993601227261,1.496438449089129,3.266374461361739,2.0,29598.0,-1.0,-15276.0,-0.07945270502469028,0.3726653552237955,0.2077,0.5778732545649838,0.7945,0.764,0.3602
20260728,2298.9361,2328.1843,2330.1639,2292.4378,1391871.0,-65990.0,1386801.0,3.0,0.0,30890.0,0.0,2.0,-2.0,6913.0,-37597.0,2337.061619999999,2304.14787,2282.195245,32.91374999999971,54.86637499999961,2298.809698650794,2274.924036214285,1207866.1,,,1.836528823588084,1.496438449089129,3.332967272677213,3.0,30890.0,0.0,-30684.0,-0.047411002887480236,0.2897239877507149,0.1633,0.10096670247046179,0.7945,0.7787,0.3249
20260729,2299.5323,2295.8112,2310.7099,2293.2407,1388368.0,-3503.0,875143.0,3.0,0.0,32854.0,0.0,1.0,-2.0,9174.0,-33653.0,2336.18056,2307.34563,2285.32662,28.83492999999999,50.85393999999951,2300.391667222222,2278.703074515873,1226251.8,,,1.797538090930527,1.496438449089129,3.293976540019656,3.0,32854.0,-1.0,-24479.0,-0.0025231062657739157,0.281774161155217,0.1691,0.1632653061224489,0.7123,0.5707,0.3229
20260730,2251.9486,2289.4193,2295.832,2239.4352,1416932.0,28564.0,1317163.0,2.0,0.0,29622.0,0.0,2.0,-1.0,11929.0,-35058.0,2321.92294,2306.34962,2285.848065,15.57331999999997,36.07487499999979,2298.378010714286,2282.223628880952,1276515.7,,,1.93533380233969,1.496438449089129,3.43177225142882,2.0,29622.0,1.0,-23129.0,0.020159047858330535,0.0729757767794176,0.1478,0.0,0.726,0.6107,0.2897
20260731,2262.0008,2252.5271,2265.1234,2248.8783,1442426.0,25494.0,806549.0,2.0,0.0,15938.0,0.0,2.0,-1.0,31858.0,-41638.0,2291.206,2308.07676,2287.619505,-16.87076000000025,3.586495000000014,2295.576576269842,2285.53859865873,1266206.0,,,1.810244645645217,1.496438449089129,3.306683094734346,2.0,15938.0,1.0,-9780.0,0.017674390228684174,0.26347475194046,0.1567,0.08971774193548405,0.7397,0.6293,0.3209
20260803,2256.023,2261.5748,2269.7463,2244.9682,1487389.0,44963.0,903033.0,2.0,-1.0,8752.0,-715.0,2.0,-1.0,37190.0,-41188.0,2273.68816,2305.073460000001,2287.09456,-31.38530000000037,-13.40639999999985,2292.657376825397,2288.437442825397,1241378.1,,,1.808146118626809,1.464681297234952,3.272827415861761,1.0,8037.0,1.0,-3998.0,0.030229482670639626,0.4271581694339696,0.1599,0.12197580645161289,0.726,0.6413,0.3863
20260804,2249.4704,2252.1495,2259.9247,2246.3027,1487215.0,-174.0,944365.0,2.0,-1.0,19787.0,0.0,2.0,-1.0,34242.0,-41883.0,2263.79502,2300.42832,2285.763465,-36.63329999999951,-21.96844499999997,2289.255797777777,2290.679471150794,1227746.1,,,1.779142788630145,1.464681297234952,3.243824085865097,1.0,19787.0,1.0,-7641.0,-0.00011699720618740397,0.3468919687906529,0.1679,0.20262096774193553,0.7397,0.6613,0.3571
20260805,2240.5274,2244.0351,2246.4404,2229.6783,1511426.0,24211.0,1165085.0,3.0,0.0,28335.0,0.0,2.0,-1.0,30156.0,-47102.0,2251.99404,2294.0873,2284.49987,-42.0932600000001,-32.50583000000006,2284.730816190476,2292.050325293651,1228335.9,,0.196995,1.75852201170223,1.404081607736211,3.162603619438441,3.0,28335.0,1.0,-16946.0,0.016018647290704274,0.4280839126077577,0.1713,0.23689516129032276,0.7397,0.676,0.3893
20260806,2232.9323,2233.4294,2243.4154,2229.3094,1562802.0,51376.0,874066.0,2.0,0.0,29526.0,0.0,2.0,-1.0,15999.0,-49349.0,2248.19078,2285.05686,2281.518445,-36.86607999999978,-33.32766500000025,2279.922408492064,2292.383887015873,1181130.3,,,1.696112717538424,1.404081607736211,3.100194325274635,2.0,29526.0,1.0,-33350.0,0.03287428605799071,0.4297509160459334,0.1585,0.10786290322580659,0.7397,0.6973,0.3903
20260807,2233.7666,2229.6538,2238.2215,2226.0114,1584414.0,21612.0,937882.0,2.0,0.0,30815.0,0.0,2.0,-1.0,19931.0,-46964.0,2242.54394,2266.87497,2279.06607,-24.33102999999937,-36.52212999999938,2275.227602857143,2291.110429269841,1097661.5,,,1.602895887493474,1.337194372037922,2.940090259531396,2.0,30815.0,1.0,-27033.0,0.013640374296112001,0.3790120376793939,0.1673,0.19657258064516145,0.7534,0.7173,0.3682
20260810,2228.3975,2230.2327,2242.5704,2225.6821,1600572.0,16158.0,1024505.0,2.0,0.0,25716.0,0.0,2.0,-2.0,12358.0,-52704.0,2237.01884,2255.3535,2277.86699,-18.33466000000044,-40.84814999999981,2270.43778468254,2288.538773968254,1023459.2,,,1.578471095736125,1.308415642935517,2.886886738671643,2.0,25716.0,0.0,-40346.0,0.010095140987097113,0.3288817552474876,0.1505,0.027217741935483947,0.6986,0.5853,0.3481
20260811,2223.4134,2228.9409,2233.5706,2217.4906,1621127.0,20555.0,910658.0,2.0,0.0,34524.0,0.0,2.0,-2.0,3345.0,-51929.0,2231.80744,2247.80123,2275.97455,-15.99379000000044,-44.16711000000032,2265.327779603175,2285.190582063492,975844.9,,,1.522231623394786,1.308415642935517,2.830647266330304,2.0,34524.0,0.0,-48584.0,0.012679450777144542,0.3281075401528425,0.1326,0.0,0.7123,0.5853,0.3471
20260812,2226.191,2221.2567,2232.2548,2211.1436,1564416.0,-56711.0,894681.0,2.0,0.0,34417.0,0.0,2.0,-1.0,15624.0,-51859.0,2228.94016,2240.4671,2273.906365,-11.5269400000002,-44.96620499999972,2260.329597142857,2281.184375055555,977798.7,,,1.441768275924507,1.294202019999858,2.735970295924365,2.0,34417.0,1.0,-36235.0,-0.036250588078874164,0.2483687384033563,0.15,0.15209790209790208,0.6986,0.5853,0.3189
20260813,2222.2662,2224.0485,2235.0701,2210.0943,1565059.0,643.0,1085348.0,2.0,0.0,34380.0,0.0,2.0,-2.0,13899.0,-58413.0,2226.80694,2237.49886,2271.92424,-10.69192000000021,-45.11729999999989,2255.465678492063,2276.893141833333,954617.2,,,1.223124211358897,1.294202019999858,2.517326231358755,2.0,34380.0,0.0,-44514.0,0.00041084713100272895,0.2467303802079757,0.1468,0.12412587412587428,0.726,0.5853,0.3189
20260814,2229.1995,2216.125,2240.7602,2215.005,1510834.0,-54225.0,901321.0,2.0,0.0,33262.0,0.0,2.0,-1.0,21798.0,-47652.0,2225.89352,2234.21873,2271.147745,-8.325209999999515,-45.25422500000013,2250.947475238096,2272.430231730159,964094.4,,,1.062816077128242,1.248705936169606,2.311522013297848,2.0,33262.0,1.0,-25854.0,-0.03589077291085586,0.1042164525837969,0.1498,0.15034965034965028,0.6986,0.5853,0.2978
20260817,2230.2743,2233.4984,2248.4099,2225.4992,1492929.0,-17905.0,943506.0,2.0,0.0,29283.0,0.0,2.0,-2.0,16281.0,-48935.0,2226.26888,2231.64386,2268.35866,-5.374979999999596,-42.08977999999979,2247.338010555556,2267.898295103175,968141.7,,0.17687,0.9750890616054864,1.248705936169606,2.223794997775092,2.0,29283.0,0.0,-32654.0,-0.011993202623835427,-0.4990555541242588,0.1538,0.18531468531468528,0.6986,0.5947,0.2042
20260818,2278.5443,2231.7432,2283.0893,2231.7432,1439689.0,-53240.0,1204507.0,2.0,0.0,26372.0,0.0,2.0,-1.0,31918.0,-41371.0,2237.29506,2234.55125,2267.489785,2.743809999999939,-30.19472500000029,2246.896662857143,2263.662381611111,994155.9,1445408.4,0.196765,1.088433561389453,1.248705936169606,2.337139497559058,2.0,26372.0,1.0,-9453.0,-0.036980208920120945,-0.4565827822337004,0.1711,0.33653846153846156,0.7534,0.6227,0.2183
20260819,2295.4691,2284.3072,2298.0495,2273.1786,1432277.0,-7412.0,944008.0,2.0,0.0,23137.0,0.0,2.0,-1.0,32784.0,-35561.0,2251.15068,2240.04542,2267.06636,11.10525999999982,-15.91568000000007,2249.037741666667,2260.09307415873,972048.2,,,0.9747703198001093,1.248705936169606,2.223476255969715,2.0,23137.0,1.0,-2777.0,-0.005174976628124308,-0.3971997598596892,0.1671,0.3015734265734266,0.9041,0.7867,0.2264
20260820,2301.9485,2291.4684,2316.2666,2290.1154,1448030.0,15753.0,1002439.0,2.0,0.0,24130.0,0.0,2.0,-1.0,18314.0,-36891.0,2267.08714,2246.94704,2266.00195,20.14010000000007,1.085189999999784,2252.077008730159,2257.30853418254,984885.5,,0.20447,1.005031619470526,1.248705936169606,2.253737555640132,2.0,24130.0,1.0,-18577.0,0.010878918254456055,-0.4377792774679668,0.1778,0.39510489510489527,0.9041,0.7867,0.2223
20260821,2263.18,2303.1753,2304.5536,2251.3689,1472443.0,24413.0,1286723.0,2.0,0.0,26474.0,0.0,2.0,-2.0,18012.0,-51666.0,2273.88324,2249.88838,2258.381675,23.99485999999979,15.50156500000003,2253.405763730159,2255.126350269841,1019769.6,1544067.6,,1.095109975795869,1.294202019999858,2.389311995795727,2.0,26474.0,0.0,-33654.0,0.01657992873068771,-0.4875005438490005,0.1678,0.30769230769230776,0.9041,0.7867,0.2082
