,收盘价,开盘价,最高价,最低价,持仓量,持仓量变动,成交量,家人多头席位数,家人空头席位数,家人多头持仓量,家人空头持仓量,机构多头席位数,机构空头席位数,机构多头持仓量,机构空头持仓量,ma5,ma10,ma20,diff5_10,diff5_20,DKX,MADKX,成交量MA10,成交量放大信号,IV上涨信号,ATRMA14,ATR60D60pct,推荐止损宽度,家人净多头席位,家人净多头持仓量,机构净多头席位,机构净多头持仓量,持仓量变幅,CB_index,IV,IV_pct,趋势横截面分位数,趋势历史分位数,CB_index历史分位数
20240506,2407.0225,2396.6707,2410.0166,2389.3394,1383179.0,-4270.0,448626.0,2.0,0.0,35464.0,0.0,2.0,-2.0,35748.0,-87095.0,2400.00216,2406.64293,2416.758,-6.64076999999952,-16.75583999999981,2410.162389047619,2417.460588698413,549712.6,,,0.7515537640062636,0.9110434421979193,1.662597206204183,2.0,35464.0,0.0,-51347.0,-0.003087091403209563,0.0185157878313613,,,0.8767,0.876,0.565
20240507,2434.5974,2407.3694,2437.1667,2406.9731,1367849.0,-15330.0,900324.0,2.0,0.0,25919.0,0.0,1.0,-2.0,5904.0,-94731.0,2404.54922,2409.70816,2416.260845,-5.158940000000257,-11.71162499999991,2410.989263015873,2416.3616625,587194.2,1080388.8,,0.8003937052512105,0.9110434421979193,1.71143714744913,2.0,25919.0,-1.0,-88827.0,-0.011207377422507894,0.0843258107114624,,,0.9041,0.9373,0.601
20240508,2440.8806,2432.8562,2446.9668,2430.3171,1397324.0,29475.0,696896.0,2.0,0.0,28597.0,0.0,2.0,-2.0,5419.0,-98813.0,2413.30884,2412.15804,2416.282355,1.15079999999989,-2.973515000000134,2413.130728333333,2415.574503023809,584567.8,,,0.7853948947638816,0.9110434421979193,1.696438336961801,2.0,28597.0,0.0,-93394.0,0.02109389089430941,0.1181970687957017,,,0.9178,0.9507,0.622
20240509,2443.7014,2439.5662,2460.4446,2437.2747,1445528.0,48204.0,789258.0,2.0,0.0,37720.0,0.0,1.0,-2.0,5270.0,-99219.0,2423.21412,2415.76627,2416.74025,7.447850000000017,6.473870000000261,2415.801725238095,2415.148365960317,606889.7,947109.6,,0.79212132418254,0.9110434421979193,1.703164766380459,2.0,37720.0,-1.0,-93949.0,0.03334698463122126,0.1184394014312033,,,0.9315,0.964,0.622
20240510,2448.6951,2441.593,2453.0498,2437.1653,1443367.0,-2161.0,619825.0,2.0,0.0,25889.0,0.0,1.0,-3.0,257.0,-90272.0,2434.9794,2418.97955,2417.42349,15.99985000000015,17.55591000000004,2418.562203968253,2415.04964415873,612687.6,,0.118105,0.7859056346239943,0.9110434421979193,1.696949076821914,2.0,25889.0,-2.0,-90015.0,-0.0014971937144191325,0.0675264817277987,,,0.9726,0.976,0.592
20240513,2445.4995,2450.468,2457.814,2439.7563,1423723.0,-19644.0,688497.0,2.0,0.0,26157.0,0.0,1.0,-3.0,2924.0,-75016.0,2442.6748,2421.33848,2417.757765,21.33631999999989,24.91703499999994,2421.469003253968,2415.243327587302,640495.5,,,0.7972226073375175,0.9110434421979193,1.708266049535437,2.0,26157.0,-2.0,-72092.0,-0.013797627768884818,-0.0167653599316559,,,0.9726,0.9787,0.545
20240514,2455.1604,2446.8984,2463.8274,2444.9165,1452836.0,29113.0,729111.0,2.0,0.0,27681.0,0.0,1.0,-2.0,829.0,-66596.0,2446.7874,2425.66831,2419.494385,21.11909000000014,27.2930150000002,2424.812243888889,2415.822334555555,670847.7,,0.1288,0.7875003986479392,0.901326514708555,1.688826913356494,2.0,27681.0,-1.0,-65767.0,0.020038738026866076,0.0761986869234716,,,0.9863,0.9987,0.597
20240515,2458.7434,2455.7729,2460.1431,2446.7319,1448667.0,-4169.0,491416.0,2.0,0.0,29143.0,0.0,1.0,-3.0,1680.0,-66939.0,2450.35996,2431.8344,2421.428895,18.5255600000005,28.93106500000022,2428.315736190476,2416.941945182539,637967.6,,,0.769879406588655,0.8966596402725069,1.666539046861162,2.0,29143.0,-2.0,-65259.0,-0.002877818021670957,-0.0079140026016296,,,0.9863,1.0,0.546
20240516,2468.2534,2460.2461,2470.8625,2457.4958,1466488.0,17821.0,546849.0,2.0,0.0,28442.0,0.0,1.0,-2.0,2447.0,-64544.0,2455.27036,2439.24224,2423.78865,16.02811999999994,31.48171000000002,2432.586153253968,2418.749921269841,629434.0,,,0.7416569545440567,0.8966596402725069,1.638316594816564,2.0,28442.0,-1.0,-62097.0,0.01215216217248283,-0.0500794915264927,,,0.9726,0.9827,0.527
20240517,2459.5327,2467.8806,2475.283,2456.8933,1471224.0,4736.0,643076.0,2.0,0.0,29262.0,0.0,2.0,-3.0,0.0,-64113.0,2457.43788,2446.20864,2426.31824,11.22924000000012,31.11964000000035,2436.365569444444,2421.219501563492,655387.8,,,0.7587638619979293,0.8936930618946262,1.652456923892555,2.0,29262.0,-1.0,-64113.0,0.0032190883237358824,-0.0248223499763702,,,0.9452,0.9747,0.538
20240520,2456.4602,2459.54,2464.8765,2450.5833,1480656.0,9432.0,593728.0,2.0,0.0,29651.0,0.0,1.0,-3.0,0.0,-69525.0,2459.63002,2451.15241,2428.89767,8.477609999999913,30.73235000000022,2439.339549682539,2424.137217626984,669898.0,,,0.7593421834827678,0.8910927284803136,1.650434911963081,2.0,29651.0,-2.0,-69525.0,0.00637014944727202,0.1004747269723133,,,0.9452,0.9613,0.613
20240521,2451.9976,2457.4939,2462.1582,2447.8081,1473511.0,-7145.0,618210.0,2.0,0.0,28129.0,0.0,1.0,-2.0,0.0,-77323.0,2458.99746,2452.89243,2431.300295,6.10503000000017,27.69716500000004,2441.731669206349,2427.211458246032,641686.6,,,0.7293810738673825,0.8715305856372283,1.600911659504611,2.0,28129.0,-1.0,-77323.0,-0.0048489627834471544,-0.0056067490938932,,,0.9178,0.9053,0.545
20240522,2475.6277,2453.8921,2475.6895,2453.4861,1507941.0,34430.0,664829.0,2.0,0.0,27479.0,0.0,2.0,-3.0,0.0,-73934.0,2462.37432,2456.36714,2434.26259,6.007180000000517,28.11173000000053,2445.345120555556,2430.432897468253,638479.9,,,0.7344459101967497,0.8715305856372283,1.605976495833978,2.0,27479.0,-1.0,-73934.0,0.02283245829909791,-0.0145617962702273,,,0.9315,0.868,0.541
20240523,2468.4573,2475.4011,2481.7756,2463.7012,1497728.0,-10213.0,632356.0,2.0,0.0,26143.0,0.0,1.0,-3.0,0.0,-76206.0,2462.4151,2458.84273,2437.3045,3.57236999999941,25.11059999999952,2448.880070952381,2433.740732039682,622789.7,,,0.7551318666150661,0.8573008952565236,1.61243276187159,2.0,26143.0,-2.0,-76206.0,-0.006818995171352876,0.0176755468275259,,,0.9041,0.8293,0.558
20240524,2461.4766,2470.9048,2476.9353,2457.0581,1475400.0,-22328.0,591520.0,2.0,0.0,25612.0,0.0,1.0,-3.0,0.0,-79039.0,2462.80388,2460.12088,2439.550215,2.683000000000447,23.25366500000018,2451.572010396825,2437.04171268254,619959.2,,,0.7516077683689585,0.8269764771022802,1.578584245471239,2.0,25612.0,-2.0,-79039.0,-0.015133523112376306,-0.0723361025828445,,,0.8493,0.7987,0.503
20240527,2450.2424,2460.5574,2462.0059,2447.5576,1471248.0,-4152.0,489125.0,2.0,0.0,27483.0,0.0,1.0,-3.0,0.0,-81641.0,2461.56032,2460.59517,2440.966825,0.9651499999999942,20.59349500000008,2452.983012777777,2440.19311363492,600022.0,,,0.7054742381081962,0.8068160501681011,1.512290288276297,2.0,27483.0,-2.0,-81641.0,-0.0028220938957945908,-0.1302861691112551,,,0.863,0.78,0.46
20240528,2451.7183,2453.4487,2458.4514,2447.46,1450116.0,-21132.0,528639.0,2.0,0.0,31861.0,0.0,1.0,-2.0,0.0,-84123.0,2461.50446,2460.25096,2442.959635,1.253499999999804,18.54482499999995,2454.134864920635,2443.125375738095,579974.8,,,0.6888012832816832,0.8068160501681011,1.495617333449784,2.0,31861.0,-1.0,-84123.0,-0.014572627293264815,-0.1298042165084715,,,0.8767,0.7533,0.461
20240529,2438.2979,2451.5242,2451.7803,2435.5691,1416612.0,-33504.0,653530.0,2.0,0.0,31839.0,0.0,1.0,-3.0,0.0,-81923.0,2454.0385,2458.20641,2445.020405,-4.16791000000012,9.018094999999448,2454.077728730159,2445.701574992063,596186.2,,,0.668674944469943,0.8068160501681011,1.475490994638044,2.0,31839.0,-2.0,-81923.0,-0.02365079499538335,-0.1715776228788791,,,0.863,0.7547,0.443
20240530,2431.6377,2438.0618,2447.6699,2427.9563,1429875.0,13263.0,636292.0,2.0,0.0,27474.0,0.0,1.0,-2.0,2682.0,-95310.0,2446.67458,2454.54484,2446.89354,-7.870260000000144,-0.2189600000001519,2453.112509761905,2447.754210642857,605130.5,,,0.6801465835566846,0.8088040780919286,1.488950661648613,2.0,27474.0,-1.0,-92628.0,0.009275635982166273,-0.2040779347643696,,,0.863,0.756,0.432
20240531,2437.3743,2433.0625,2440.616,2432.052,1410160.0,-19715.0,466486.0,2.0,0.0,26853.0,0.0,1.0,-3.0,282.0,-88163.0,2441.85412,2452.329,2449.26882,-10.47487999999976,-7.414699999999812,2452.05094531746,2449.322748230158,587471.5,,,0.6538868948967389,0.8088040780919286,1.462690972988667,2.0,26853.0,-2.0,-87881.0,-0.013980683043058944,-0.2027349089992791,,,0.8493,0.732,0.433
20240603,2437.6433,2438.1353,2444.0071,2435.9272,1397776.0,-12384.0,460368.0,2.0,0.0,34531.0,0.0,1.0,-3.0,252.0,-89891.0,2439.3343,2450.44731,2450.79986,-11.11301000000003,-11.4655600000001,2451.001468412699,2450.488940103175,574135.5,,,0.6226867505334276,0.8068160501681011,1.429502800701529,2.0,34531.0,-2.0,-89639.0,-0.008859788692894999,-0.1133763960016676,,,0.8493,0.7707,0.471
20240604,2429.8943,2439.8962,2447.02,2427.2021,1392251.0,-5525.0,566145.0,2.0,0.0,28962.0,0.0,1.0,-3.0,1841.0,-79839.0,2434.9695,2448.23698,2450.564705,-13.26747999999998,-15.59520500000008,2449.450579444444,2451.260831126984,568929.0,,,0.6418784917293975,0.8088040780919286,1.450682569821326,2.0,28962.0,-2.0,-77998.0,-0.003968393630171571,-0.1471621283152807,,,0.8219,0.8733,0.453
20240605,2435.4675,2429.9419,2439.9458,2427.4756,1376291.0,-15960.0,453820.0,2.0,0.0,27050.0,0.0,1.0,-3.0,358.0,-83596.0,2434.40342,2444.22096,2450.29405,-9.817540000000008,-15.89062999999987,2447.845673174603,2451.510886388889,547828.1,,,0.6398775064722165,0.8088040780919286,1.448681584564145,2.0,27050.0,-2.0,-83238.0,-0.011596384776184687,-0.0648206478958982,,,0.863,0.928,0.507
20240606,2441.7312,2439.1511,2445.8899,2437.3577,1357418.0,-18873.0,424130.0,2.0,0.0,22045.0,0.0,1.0,-3.0,806.0,-78937.0,2436.42212,2441.54835,2450.19554,-5.12622999999985,-13.77341999999999,2446.946939523809,2451.317573246032,527005.5,,,0.6169599560509215,0.8088040780919286,1.42576403414285,2.0,22045.0,-2.0,-78131.0,-0.013903602280211402,-0.0402991691427491,,,0.9726,0.9947,0.529
20240607,2463.3359,2444.1929,2469.7407,2444.1929,1325895.0,-31523.0,925309.0,2.0,-1.0,14716.0,0.0,1.0,-3.0,0.0,-80046.0,2441.61444,2441.73428,2450.92758,-0.1198399999998401,-9.313139999999748,2447.642167460317,2450.924588952381,560384.4,1110370.8,0.104535,0.6568546862657633,0.8126624939612591,1.469517180227022,1.0,14716.0,-2.0,-80046.0,-0.02377488413486739,0.0802771870610663,,,0.9863,0.9933,0.597
20240611,2460.4287,2465.5615,2476.23,2457.593,1318630.0,-7265.0,477900.0,2.0,-1.0,14195.0,0.0,1.0,-3.0,0.0,-84452.0,2446.17152,2442.75291,2451.67404,3.418609999999717,-5.502520000000004,2448.772064920635,2450.503494166667,559261.9,,,0.669197476601242,0.8088040780919286,1.47800155469317,1.0,14195.0,-2.0,-84452.0,-0.005509506078278213,0.0566827782486528,,,0.9863,0.988,0.583
20240612,2467.7751,2460.9043,2471.2468,2459.8899,1338963.0,20333.0,470328.0,2.0,-1.0,12979.0,-656.0,1.0,-3.0,0.0,-101511.0,2453.74768,2444.35859,2452.304775,9.389089999999669,1.442905000000337,2450.097641428571,2450.09977181746,553430.8,,,0.6333629662755519,0.8068160501681011,1.440179016443653,1.0,12323.0,-2.0,-101511.0,0.015185632463331697,0.0240825428266441,,,0.9863,0.984,0.559
20240613,2460.4744,2467.8367,2471.3645,2454.1953,1327727.0,-11236.0,610455.0,2.0,-1.0,14619.0,-1205.0,1.0,-3.0,0.0,-100491.0,2458.74906,2446.57624,2452.391325,12.17281999999977,6.357735000000048,2450.99406015873,2449.791404960318,549123.3,,,0.6308689432869431,0.8068160501681011,1.437684993455044,1.0,13414.0,-2.0,-100491.0,-0.008462583046062934,-0.0248385051429021,,,0.9863,0.976,0.53
20240614,2460.5125,2462.2817,2470.9741,2459.5107,1327752.0,25.0,514548.0,2.0,-1.0,18071.0,-1013.0,1.0,-3.0,0.0,-113294.0,2462.50532,2449.46372,2452.00428,13.04159999999956,10.50103999999965,2451.937837936508,2449.673937777778,536948.9,,,0.6063327065166917,0.797494400484071,1.403827107000763,1.0,17058.0,-2.0,-113294.0,1.8828817429760978e-05,-0.0326599700835037,,,0.9863,0.968,0.527
20240617,2445.4954,2461.1804,2461.2026,2444.7495,1284722.0,-43030.0,610493.0,2.0,-1.0,17587.0,0.0,1.0,-3.0,2441.0,-115682.0,2458.93722,2450.27583,2451.302415,8.661389999999756,7.634804999999687,2451.735364523809,2449.642379698413,551349.6,,,0.6122681314355835,0.7896610120781048,1.401929143513688,1.0,17587.0,-2.0,-113241.0,-0.033493627415113934,-0.074189762177359,,,0.9726,0.9667,0.493
20240618,2436.1604,2447.8015,2450.4524,2435.9915,1292876.0,8154.0,530829.0,2.0,-1.0,17611.0,0.0,1.0,-3.0,1261.0,-115635.0,2454.08356,2450.12754,2450.287425,3.956019999999626,3.796135000000049,2450.599781666667,2449.60221102381,558395.7,,,0.6226773245331871,0.7800399218827563,1.402717246415943,1.0,17611.0,-2.0,-114374.0,0.006306869336270455,-0.0575485478364332,,,0.9589,0.96,0.51
20240619,2438.281,2436.5286,2450.0874,2431.8491,1286773.0,-6103.0,510060.0,2.0,-1.0,16269.0,-1307.0,1.0,-2.0,2292.0,-107685.0,2448.18474,2450.96621,2449.601595,-2.781470000000354,-1.416854999999941,2449.320711349207,2449.589224214286,552787.2,,,0.6285968266673986,0.7718040199708083,1.400400846638207,1.0,14962.0,-1.0,-105393.0,-0.004742872285943208,-0.0407214208413203,,,0.9589,0.9533,0.522
20240620,2444.9893,2438.5901,2448.397,2438.5901,1285715.0,-1058.0,409105.0,2.0,-1.0,20082.0,-2564.0,1.0,-2.0,4326.0,-111180.0,2445.08772,2451.91839,2448.069675,-6.830669999999373,-2.981954999999289,2448.68648936508,2449.673305833333,548315.7,,,0.6003374829941259,0.7718040199708083,1.372141502964934,1.0,17518.0,-1.0,-106854.0,-0.0008228884317286491,-0.0160205071989941,,,0.9589,0.9453,0.536
20240621,2443.9536,2446.5339,2449.6221,2440.1873,1273959.0,-11756.0,380543.0,2.0,-1.0,18340.0,-3341.0,1.0,-2.0,2653.0,-104022.0,2441.77594,2452.14063,2446.84449,-10.36468999999988,-5.068549999999959,2448.278940158731,2449.806505896825,543957.0,,0.09222999999999998,0.6015544335007803,0.7718040199708083,1.373358453471589,1.0,14999.0,-1.0,-101369.0,-0.009227926487430128,0.0407358386921749,,,0.9589,0.9387,0.571
20240624,2471.5083,2443.5696,2476.0049,2441.1836,1243764.0,-30195.0,767300.0,2.0,-1.0,17356.0,-1964.0,1.0,-3.0,0.0,-72281.0,2446.97852,2452.95787,2447.346075,-5.979350000000068,-0.3675550000002659,2449.679296507936,2450.010218801587,528156.1,920760.0,0.09947499999999998,0.6789237562734531,0.7718040199708083,1.450727776244261,1.0,15392.0,-2.0,-72281.0,-0.024277113664650206,0.129543567222918,,,0.9589,0.9307,0.631
20240625,2482.8337,2469.8245,2485.2664,2460.332,1276016.0,32252.0,785284.0,2.0,-1.0,15048.0,-2920.0,1.0,-3.0,0.0,-78462.0,2456.31318,2455.19837,2448.97564,1.114810000000034,7.33753999999999,2452.423430714285,2450.375355380952,558894.5,942340.7999999999,0.10166,0.692771423656899,0.7777105426741066,1.470481966331006,1.0,12128.0,-2.0,-78462.0,0.025275545134230294,0.119424186672919,,,0.9589,0.9227,0.622
20240626,2487.9451,2480.3882,2493.3413,2479.5999,1272810.0,-3206.0,746928.0,2.0,-1.0,15234.0,-3641.0,0.0,-3.0,0.0,-84805.0,2466.246,2457.21537,2450.78698,9.030630000000201,15.45902000000024,2455.991612142857,2450.964752452381,586554.5,896313.6,,0.695409525624631,0.7625822140463265,1.457991739670958,1.0,11593.0,-3.0,-84805.0,-0.0025188362756420834,0.150847744295822,,,0.9452,0.9013,0.646
20240627,2482.0183,2486.9429,2489.9695,2480.3745,1267635.0,-5175.0,595695.0,1.0,0.0,13785.0,0.0,0.0,-3.0,0.0,-75443.0,2473.6518,2459.36976,2452.973,14.28204000000005,20.67879999999968,2459.123996904762,2451.777746126984,585078.5,,,0.6921941461874351,0.7625822140463265,1.454776360233762,1.0,13785.0,-3.0,-75443.0,-0.004082405424274338,0.1643417421798396,,,0.9589,0.912,0.657
20240628,2480.2793,2480.1604,2485.7844,2473.1223,1259204.0,-8431.0,471607.0,2.0,-1.0,13675.0,-10483.0,0.0,-3.0,0.0,-77676.0,2480.91694,2461.34644,2455.40508,19.57049999999981,25.51186000000052,2461.655470952381,2452.749509428571,580784.4,,,0.6473204091579142,0.7517868186692122,1.399107227827126,1.0,3192.0,-3.0,-77676.0,-0.006695499696633746,0.1159471119714068,,,0.9863,0.9747,0.612
20240701,2455.387,2478.0449,2480.4985,2453.082,1213063.0,-46141.0,726950.0,2.0,0.0,26499.0,0.0,1.0,-3.0,0.0,-81153.0,2477.69268,2462.3356,2456.305715,15.35708000000022,21.38696500000015,2462.390793253968,2453.815052301587,592430.1,872340.0,,0.6728942521596719,0.7517868186692122,1.424681070828884,2.0,26499.0,-2.0,-81153.0,-0.03803677137955737,0.0442511089166475,,,0.9863,0.9667,0.569
20240702,2459.5334,2455.7937,2459.8452,2447.8918,1188930.0,-24133.0,457795.0,2.0,0.0,32359.0,0.0,1.0,-3.0,0.0,-80645.0,2473.03262,2464.6729,2457.40022,8.359719999999925,15.63239999999996,2462.468333968253,2455.001907531746,585126.7,,,0.6747867625115539,0.7478137997674048,1.422600562278959,2.0,32359.0,-2.0,-80645.0,-0.020298083150395736,0.0185892722489616,,,0.9863,0.9613,0.549
20240703,2451.8069,2460.6824,2464.0923,2451.4187,1189869.0,939.0,426945.0,2.0,0.0,31120.0,0.0,1.0,-3.0,0.0,-85974.0,2465.80498,2466.02549,2458.49585,-0.2205100000001039,7.309129999999641,2462.237164603175,2456.293552857142,576815.2,,,0.6619034229851805,0.7421195555846385,1.404022978569819,2.0,31120.0,-2.0,-85974.0,0.0007891625044437665,0.1839877381766704,,,0.9863,0.9133,0.667
20240704,2440.5095,2451.8259,2453.7153,2438.9375,1193050.0,3181.0,471607.0,2.0,0.0,27046.0,0.0,1.0,-3.0,0.0,-85521.0,2457.50322,2465.57751,2458.74795,-8.074290000000019,-1.24472999999989,2460.849923888889,2457.509896309524,583065.4,,,0.671917165940828,0.7421195555846385,1.414036721525466,2.0,27046.0,-2.0,-85521.0,0.0026662755123423158,0.1183473420823019,,,0.9863,0.9133,0.616
20240705,2436.0583,2439.6262,2447.292,2432.8958,1207020.0,13970.0,485183.0,2.0,0.0,30654.0,0.0,1.0,-3.0,0.0,-83693.0,2448.65902,2464.78798,2458.464305,-16.12896000000001,-9.805284999999913,2458.799618968254,2458.561964190476,593529.4,,,0.6661240323339371,0.7354787906107972,1.401602822944734,2.0,30654.0,-2.0,-83693.0,0.011573959006478765,0.1593715364212737,,,0.9863,0.9133,0.65
20240708,2424.6768,2436.6296,2440.7437,2423.8091,1259923.0,52903.0,568659.0,2.0,0.0,33340.0,0.0,1.0,-2.0,3833.0,-79972.0,2442.51698,2460.10483,2456.53135,-17.58784999999989,-14.01436999999987,2456.026141269841,2459.196648666667,573665.3,,,0.673537437251963,0.7354787906107972,1.40901622786276,2.0,33340.0,-1.0,-76139.0,0.04198907393547066,0.2162567121402001,,,0.9863,0.9133,0.679
20240709,2402.5005,2423.9363,2424.1023,2401.0264,1308910.0,48987.0,687476.0,3.0,0.0,48286.0,0.0,1.0,-3.0,0.0,-82372.0,2431.1104,2452.07151,2453.63494,-20.96110999999974,-22.52453999999989,2451.466814841271,2459.100987079365,563884.5,824971.2,,0.6899880689093253,0.7421195555846385,1.432107624493964,3.0,48286.0,-2.0,-82372.0,0.03742579703722945,0.3825207597516897,,,0.9863,0.9053,0.743
20240710,2383.5356,2403.0315,2403.0315,2379.6931,1353260.0,44350.0,697694.0,3.0,0.0,58101.0,0.0,1.0,-3.0,0.0,-73577.0,2417.45614,2441.63056,2449.422965,-24.17442000000028,-31.96682500000043,2445.270531031746,2458.028878968254,558961.1,837232.7999999999,,0.7297706059797684,0.7421195555846385,1.471890161564407,3.0,58101.0,-2.0,-73577.0,0.032772711821822856,0.547458669297634,,,0.9863,0.896,0.818
20240711,2375.9011,2384.9309,2391.2078,2374.0442,1380710.0,27450.0,529092.0,3.0,0.0,63584.0,0.0,1.0,-3.0,0.0,-75554.0,2404.53446,2431.01884,2445.1943,-26.48438000000033,-40.65984000000026,2438.466466428571,2455.963125920635,552300.8,,0.09257499999999999,0.7537973294058196,0.7421195555846385,1.495916884990458,3.0,63584.0,-2.0,-75554.0,0.019881075678455287,0.6308209240140406,,,0.9726,0.956,0.854
20240712,2371.0449,2376.7986,2388.8948,2370.0657,1394776.0,14066.0,554975.0,3.0,0.0,64767.0,0.0,1.0,-3.0,922.0,-77083.0,2391.53178,2420.0954,2440.72092,-28.56361999999945,-49.18913999999995,2431.668184365079,2452.964397261905,560637.6,,0.09981999999999999,0.7091647167455526,0.7421195555846385,1.451284272330191,3.0,64767.0,-2.0,-76161.0,0.010084773469001475,0.6876622806188548,,,0.9452,0.86,0.863
20240715,2355.3679,2374.8059,2382.8181,2349.2715,1409114.0,14338.0,841183.0,3.0,0.0,65444.0,0.0,1.0,-2.0,5126.0,-60789.0,2377.67,2410.09349,2436.214545,-32.42349000000013,-58.54454499999974,2424.018755793651,2449.127193515873,572060.9,1009419.6,0.117185,0.7371479681896501,0.7421195555846385,1.479267523774288,3.0,65444.0,-1.0,-55663.0,0.010175188096917637,0.1413821238880246,,,0.9315,0.852,0.631
20240716,2350.1167,2354.197,2358.9985,2334.925,1442453.0,33339.0,626912.0,3.0,0.0,70398.0,0.0,1.0,-2.0,9612.0,-62634.0,2367.19324,2399.15182,2431.91236,-31.95858000000044,-64.7191200000002,2415.574380476191,2444.437798166667,588972.6,,0.119715,0.7706540877660529,0.7478137997674048,1.518467887533458,3.0,70398.0,-1.0,-53022.0,0.02311271147136163,0.157220638195329,,,0.9452,0.8387,0.644
20240717,2356.7822,2349.228,2365.9951,2348.6438,1445703.0,3250.0,665443.0,3.0,0.0,72647.0,0.0,1.0,-2.0,18090.0,-64676.0,2361.84256,2389.64935,2427.83742,-27.80679000000009,-65.99486000000024,2408.141062380952,2439.028187944445,612822.4,,,0.7965003606724274,0.7478137997674048,1.544314160439832,3.0,72647.0,-1.0,-46586.0,0.0022480412643537434,0.2334321954712916,,,0.9178,0.7947,0.682
20240718,2364.5134,2357.9253,2365.2295,2348.2161,1456021.0,10318.0,487530.0,3.0,0.0,68800.0,0.0,1.0,-2.0,23224.0,-59163.0,2359.56502,2382.04974,2423.813625,-22.48471999999992,-64.24860500000023,2401.63574436508,2433.106769992063,614414.7,,,0.8121819875690608,0.7421195555846385,1.554301543153699,3.0,68800.0,-1.0,-35939.0,0.007086436253323269,0.2088127885702252,,,0.9178,0.8173,0.671
20240719,2362.9983,2365.3015,2367.3801,2354.6995,1478614.0,22593.0,452499.0,2.0,0.0,42266.0,0.0,1.0,-2.0,23229.0,-57122.0,2357.9557,2374.74374,2419.76586,-16.78803999999991,-61.81016000000045,2395.611326428571,2426.787940738095,611146.3,,,0.7704781213600442,0.7370991970205215,1.507577318380566,2.0,42266.0,-1.0,-33893.0,0.015279849913500076,0.2580662754729105,,,0.9178,0.836,0.688
20240722,2373.4939,2364.8838,2380.8601,2364.0422,1459278.0,-19336.0,545743.0,2.0,0.0,40508.0,0.0,1.0,-2.0,28873.0,-56951.0,2361.5809,2369.62545,2414.86514,-8.044550000000072,-53.28424000000041,2390.926211587302,2420.277947769841,608854.7,,,0.7901237173650165,0.7370991970205215,1.527222914385538,2.0,40508.0,-1.0,-28078.0,-0.013250388205674313,0.273476796105762,,,0.8904,0.8573,0.692
20240723,2362.1785,2372.8298,2379.9795,2360.4336,1441906.0,-17372.0,540196.0,2.0,0.0,39876.0,0.0,2.0,-2.0,31360.0,-53355.0,2363.99326,2365.59325,2408.83238,-1.599990000000162,-44.83911999999964,2386.203151984127,2413.751581484127,594126.7,,,0.812847184110676,0.7421195555846385,1.554966739695315,2.0,39876.0,0.0,-21995.0,-0.012047942098860813,0.2087824003322518,,,0.8904,0.756,0.668
20240724,2342.6616,2365.7795,2367.3096,2341.6565,1470876.0,28970.0,724608.0,3.0,0.0,59534.0,0.0,2.0,-2.0,20900.0,-44863.0,2361.16914,2361.50585,2401.568205,-0.3367100000004939,-40.39906500000006,2380.491877222222,2407.273716103174,596818.1,869529.6,0.119485,0.8479344117380293,0.7478137997674048,1.595748211505434,3.0,59534.0,0.0,-23963.0,0.01969574593643516,0.0835976917111348,,,0.8767,0.756,0.577
20240725,2326.1318,2343.0017,2343.0017,2312.1431,1501945.0,31069.0,918562.0,3.0,0.0,60344.0,0.0,2.0,-2.0,32200.0,-61208.0,2353.49282,2356.52892,2393.77388,-3.036099999999806,-40.2810599999998,2373.378391825397,2400.764908642857,635765.1,1102274.4,0.131675,0.9004035098654608,0.7478137997674048,1.648217309632866,3.0,60344.0,0.0,-29008.0,0.020685844022251147,-0.0159549675351865,,,0.9041,0.756,0.512
20240726,2328.1777,2324.9871,2335.7493,2316.3108,1502846.0,901.0,704438.0,3.0,0.0,60157.0,0.0,2.0,-1.0,46403.0,-62902.0,2346.5287,2352.2422,2386.1688,-5.713500000000295,-39.64010000000053,2366.817791984127,2394.279869404762,650711.4,,,0.9106069285657279,0.7478137997674048,1.658420728333133,3.0,60157.0,1.0,-16499.0,0.0005995291600070799,0.050775630292367,,,0.9041,0.828,0.556
20240729,2321.9741,2327.0298,2327.0298,2300.1099,1497200.0,-5646.0,758506.0,3.0,0.0,59556.0,0.0,2.0,-1.0,38768.0,-56540.0,2336.22474,2348.90282,2379.498155,-12.67808000000014,-43.27341500000011,2360.212279285714,2387.899221753968,642443.7,,,0.9262269379091587,0.7498201770339987,1.676047114943157,3.0,59556.0,1.0,-17772.0,-0.003771039273310179,0.0097134032412714,,,0.9041,0.7947,0.524
20240730,2315.9995,2320.3408,2329.0725,2313.3416,1510015.0,12815.0,544838.0,3.0,0.0,58528.0,0.0,2.0,-1.0,44518.0,-56011.0,2326.98894,2345.4911,2372.32146,-18.50216,-45.33251999999993,2354.17204515873,2381.758988222222,634236.3,,,0.9050099021064647,0.7478137997674048,1.652823701873869,3.0,58528.0,1.0,-11493.0,0.008486670662211964,-0.0069494310374534,,,0.9452,0.9387,0.514
20240731,2329.6956,2314.5918,2330.4883,2308.1914,1488879.0,-21136.0,583311.0,2.0,0.0,52505.0,0.0,2.0,-1.0,42131.0,-53806.0,2324.39574,2342.78244,2366.215895,-18.38670000000002,-41.82015500000034,2349.356973174603,2375.880579301587,626023.1,,,0.9219036100215641,0.7478137997674048,1.669717409788969,2.0,52505.0,1.0,-11675.0,-0.014195915181824715,0.0023401234756119,,,0.9589,0.9053,0.521
20240801,2318.7429,2326.0,2333.98,2313.9937,1504059.0,15180.0,635808.0,2.0,0.0,53066.0,0.0,2.0,-1.0,44786.0,-57968.0,2322.91796,2338.20539,2360.127565,-15.28742999999986,-37.20960499999956,2344.909725873016,2370.207977452381,640850.9,,,0.9269003557794805,0.7498201770339987,1.676720532813479,2.0,53066.0,1.0,-13182.0,0.010092689183070611,-0.0487988385230132,,,0.9589,0.884,0.485
20240802,2306.6423,2317.9597,2318.6204,2295.8337,1537646.0,33587.0,754547.0,3.0,0.0,62939.0,0.0,2.0,-1.0,54327.0,-65784.0,2318.61088,2332.56979,2353.656765,-13.95891000000029,-35.045885,2339.844158888889,2364.631260698413,671055.7,,0.139495,0.895808388424597,0.7498201770339987,1.645628565458596,3.0,62939.0,1.0,-11457.0,0.02184312904270554,-0.1681324195481656,,,0.9452,0.832,0.402
20240805,2274.6084,2307.7495,2309.2036,2269.2756,1597259.0,59613.0,823519.0,3.0,0.0,65855.0,0.0,2.0,-1.0,60412.0,-59173.0,2309.13774,2322.68124,2346.153345,-13.54349999999977,-37.0156049999996,2333.17623047619,2358.856262587301,698833.3,,0.168245,0.9463854479088882,0.7545196606254739,1.700905108534362,3.0,65855.0,1.0,1239.0,0.03732206235807718,-0.3258683393694316,,,0.9315,0.7747,0.334
20240806,2259.5835,2265.9355,2282.1404,2255.4854,1560269.0,-36990.0,741720.0,3.0,0.0,62716.0,0.0,2.0,-1.0,54139.0,-41947.0,2297.85454,2312.42174,2339.007495,-14.56719999999996,-41.15295499999957,2325.116241746032,2352.747571563492,718985.7,,,0.9777582296643054,0.7625822140463265,1.740340443710632,3.0,62716.0,1.0,12192.0,-0.02370745044604488,-0.3455822688728294,,,0.9041,0.656,0.322
20240807,2273.759,2256.7769,2280.0527,2248.99,1512578.0,-47691.0,877250.0,2.0,-1.0,16053.0,-2502.0,2.0,-1.0,64186.0,-43835.0,2286.66722,2305.53148,2333.518665,-18.86425999999983,-46.85144499999979,2318.093289920635,2346.507712833333,734249.9,,,1.02372192114552,0.7721324433893361,1.795854364534856,1.0,13551.0,1.0,20351.0,-0.03152961367942678,-0.377855958319375,,,0.9041,0.636,0.302
20240808,2295.0627,2271.7134,2295.3997,2269.3657,1495864.0,-16714.0,705240.0,2.0,-1.0,13037.0,-323.0,2.0,-1.0,58299.0,-38817.0,2281.93118,2302.42457,2329.476745,-20.49339000000009,-47.5455649999999,2313.493286428571,2340.519202293651,712917.7,,,1.067044245652499,0.7994886220243866,1.866532867676886,1.0,12714.0,1.0,19482.0,-0.011173475663562998,-0.2453271390675685,,,0.8767,0.58,0.367
20240809,2301.1514,2297.1941,2304.4722,2285.8984,1438290.0,-57574.0,784784.0,2.0,-1.0,11672.0,-92.0,2.0,-1.0,52711.0,-35763.0,2280.833,2299.72194,2325.98207,-18.88894000000028,-45.14906999999994,2310.496176428571,2334.887040738095,720952.3,,,1.071630441598687,0.8073040902319544,1.878934531830642,1.0,11580.0,1.0,16948.0,-0.04002947945129286,-0.0127354840559974,,,0.8493,0.5547,0.509
20240812,2281.7017,2300.0659,2303.8784,2274.9805,1424068.0,-14222.0,677034.0,1.0,-1.0,0.0,-1681.0,2.0,-1.0,52197.0,-34944.0,2282.25166,2295.6947,2322.29876,-13.44303999999966,-40.04709999999977,2306.760833650793,2329.541896174603,712805.1,,,1.103277634568381,0.8088040780919286,1.91208171266031,0.0,-1681.0,1.0,17253.0,-0.009986882648862274,0.0392154947102834,,,0.8493,0.5307,0.547
20240813,2267.2061,2281.0818,2294.9609,2264.8638,1401665.0,-22403.0,719943.0,1.0,-1.0,3743.0,0.0,2.0,-1.0,51661.0,-37813.0,2283.77618,2290.81536,2318.15323,-7.039180000000215,-34.37705000000051,2302.001651031746,2324.324856761905,730315.6,,,1.119664007538136,0.8126624939612591,1.932326501499395,0.0,3743.0,1.0,13848.0,-0.015983134343798267,0.0296644839767933,,,0.8356,0.5107,0.536
20240814,2253.863,2267.7014,2269.3191,2249.0823,1395386.0,-6279.0,732397.0,1.0,-1.0,3466.0,0.0,2.0,-1.0,58603.0,-34178.0,2279.79698,2283.2321,2313.00727,-3.435120000000097,-33.21028999999999,2296.190565714286,2319.008216015873,745224.2,,,1.089121860571454,0.8203330644489455,1.9094549250204,0.0,3466.0,1.0,24425.0,-0.004499830154523551,0.0102761035586098,,,0.8356,0.572,0.522
20240815,2274.1072,2252.0911,2275.9915,2249.1694,1368676.0,-26710.0,645432.0,1.0,0.0,4809.0,0.0,2.0,-1.0,51959.0,-31691.0,2275.60588,2278.76853,2308.48696,-3.162649999999758,-32.88107999999966,2291.679754285714,2313.685218857142,746186.6,,,1.1139783469012,0.8203330644489455,1.934311411350146,1.0,4809.0,1.0,20268.0,-0.019515210320046526,0.0295017270211287,,,0.8356,0.56,0.535
20240816,2255.9958,2272.1455,2277.2991,2252.4365,1394544.0,25868.0,758986.0,1.0,0.0,5780.0,0.0,2.0,-1.0,48748.0,-34607.0,2266.57476,2273.70388,2303.136835,-7.129119999999602,-36.56207499999982,2287.097177698413,2308.410520738095,746630.5,,,1.106260879915312,0.8304407246003894,1.936701604515701,1.0,5780.0,1.0,14141.0,0.018549432646083594,0.2018938058701651,,,0.8082,0.5453,0.663
20240819,2281.3782,2253.9304,2283.7358,2252.1167,1373305.0,-21239.0,825103.0,1.0,0.0,5412.0,0.0,2.0,-1.0,61240.0,-27024.0,2266.51006,2274.38086,2298.531050000001,-7.8708000000006,-32.02099000000089,2284.113248412699,2303.504222531746,746788.9,,,1.157150532338695,0.8457322279771933,2.002882760315888,1.0,5412.0,1.0,34216.0,-0.015465610334193788,0.1338876319972635,,,0.7671,0.472,0.619
20240820,2277.345,2280.9673,2285.7288,2272.373,1398883.0,25578.0,596998.0,1.0,0.0,6210.0,0.0,2.0,-2.0,40113.0,-28422.0,2268.53784,2276.15701,2294.289375,-7.61916999999994,-25.75153500000033,2282.178731587302,2299.210471515873,732316.7,,0.117415,1.131038298022074,0.8457322279771933,1.976770525999267,1.0,6210.0,0.0,11691.0,0.018284588489530577,0.1943487114309264,,,0.726,0.4587,0.661
20240821,2295.7546,2281.0635,2295.7744,2276.8523,1407164.0,8281.0,584817.0,1.0,0.0,7484.0,0.0,2.0,-2.0,45194.0,-33930.0,2276.91616,2278.35657,2291.944025,-1.440410000000156,-15.02786500000002,2281.742829206349,2295.575425444445,703073.4,,0.124315,1.128517169685303,0.8457322279771933,1.974249397662496,1.0,7484.0,0.0,11264.0,0.005884886196633797,0.2191079888892766,,,0.8082,0.5173,0.674
20240822,2312.6309,2293.3284,2313.4978,2292.093,1363908.0,-43256.0,737633.0,1.0,0.0,3656.0,0.0,1.0,-2.0,37821.0,-45020.0,2284.6209,2280.11339,2291.26898,4.507510000000366,-6.648079999999482,2283.004202222222,2292.526517023809,706312.7,,,1.123589965850054,0.8763160127444661,1.99990597859452,1.0,3656.0,-1.0,-7199.0,-0.03171474908864821,0.132159638132426,,,0.7945,0.5173,0.613
20240823,2303.1279,2312.3982,2314.7786,2298.4119,1346675.0,-17233.0,604752.0,1.0,0.0,3170.0,0.0,1.0,-2.0,37744.0,-61015.0,2294.04732,2280.31104,2290.01649,13.73628000000053,4.030830000000151,2284.456602063492,2289.922559587302,688309.5,,,1.048802156111799,0.8763160127444661,1.925118168856265,1.0,3170.0,-1.0,-23271.0,-0.012796702990699314,0.0821868488693421,,,0.8082,0.5253,0.571
20240826,2321.884,2300.6067,2323.4309,2300.6067,1339313.0,-7362.0,647773.0,1.0,-1.0,3763.0,0.0,1.0,-2.0,31845.0,-59872.0,2302.14848,2284.32927,2290.011985,17.81921000000011,12.1364950000002,2286.841072460317,2287.930583468254,685383.4,,0.1265,1.034786798892672,0.908947304839332,1.943734103732004,0.0,3763.0,-1.0,-28027.0,-0.005496848010883191,-0.1417127461828941,,,0.6986,0.46,0.401
20240827,2333.8633,2321.4348,2340.2605,2321.4348,1319211.0,-20102.0,716088.0,1.0,0.0,3749.0,0.0,1.0,-2.0,49616.0,-58446.0,2313.45214,2290.99499,2290.905175,22.45715000000018,22.546965,2290.741000238096,2286.804518388889,684997.9,,,0.9946716138692292,0.908947304839332,1.903618918708561,1.0,3749.0,-1.0,-8830.0,-0.015237895984796973,-0.037587006117504,,,0.6849,0.46,0.484
20240828,2328.4382,2333.8579,2342.9268,2323.8396,1300462.0,-18749.0,688278.0,1.0,0.0,5871.0,0.0,1.0,-2.0,49675.0,-49067.0,2319.98886,2298.45251,2290.842305,21.53634999999986,29.14655499999981,2294.668797460318,2286.652341563492,680586.0,,,0.971988133561079,0.908947304839332,1.880935438400411,1.0,5871.0,-1.0,608.0,-0.014417184046900256,0.0384228653581519,,,0.6986,0.476,0.54
20240829,2327.7759,2324.5195,2332.5845,2320.71,1305089.0,4627.0,503675.0,1.0,-1.0,0.0,-3908.0,1.0,-2.0,41358.0,-51646.0,2323.01786,2303.81938,2291.293955,19.19848000000002,31.72390499999983,2298.185817222223,2287.302947857143,666410.3,,,0.950322022945003,0.908947304839332,1.859269327784335,0.0,-3908.0,-1.0,-10288.0,0.003545352079436728,-0.0398164442138403,,,0.6849,0.476,0.482
20240830,2323.8435,2329.2915,2329.2915,2313.7417,1294300.0,-10789.0,580794.0,1.0,-1.0,0.0,-5432.0,1.0,-2.0,31797.0,-38151.0,2327.16098,2310.60415,2292.154015,16.55682999999954,35.00696499999958,2301.402876666667,2288.733517753969,648591.1,,,0.9075677502107958,0.908947304839332,1.816515055050128,0.0,-5432.0,-1.0,-6354.0,-0.008335779958278606,-0.0561461153108247,,,0.411,0.2853,0.466
20240902,2277.6887,2327.103,2331.6211,2276.4712,1283378.0,-10922.0,987162.0,1.0,0.0,4133.0,0.0,1.0,-2.0,35555.0,-46098.0,2318.32192,2310.2352,2292.30803,8.086719999999787,26.01388999999972,2301.697427936508,2290.491935706349,664797.0,1184594.4,0.125465,0.9851538575522855,0.908947304839332,1.894101162391618,1.0,4133.0,-1.0,-10543.0,-0.008510353146150238,-0.0994422150028932,,,0.4247,0.2693,0.428
20240903,2265.9834,2281.6396,2281.6396,2256.9988,1283567.0,189.0,1024181.0,1.0,0.0,4783.0,0.0,1.0,-2.0,38593.0,-58117.0,2304.74594,2309.09904,2292.628025,-4.353100000000268,12.11791499999981,2299.454793730159,2292.219541920635,707515.3,1229017.2,0.127535,0.9984684002207769,0.9381657621667098,1.936634162387487,1.0,4783.0,-1.0,-19524.0,0.00014724591704211778,-0.1434338050868551,,,0.3699,0.2693,0.399
20240904,2280.0769,2267.0078,2287.1472,2261.3291,1277183.0,-6384.0,784081.0,1.0,-1.0,0.0,-1548.0,1.0,-2.0,44062.0,-53267.0,2295.07368,2307.53127,2292.94392,-12.45759000000044,2.129759999999806,2297.828474603174,2293.828106460317,727441.7,,0.12765,0.9951638186325747,0.9659043076293721,1.961068126261947,0.0,-1548.0,-1.0,-9205.0,-0.004998500606412707,-0.1516897927644738,,,0.3425,0.2893,0.396
20240905,2273.1365,2279.3245,2292.5928,2270.6697,1287065.0,9882.0,708045.0,1.0,0.0,3949.0,0.0,2.0,-2.0,41240.0,-32466.0,2284.1458,2303.58183,2291.84761,-19.4360300000003,-7.701810000000023,2296.370425,2295.164728738096,724482.9,,,0.985506069060119,0.9703258329601342,1.955831902020253,1.0,3949.0,0.0,8774.0,0.007677933903882089,-0.2927940724861,,,0.3151,0.2893,0.339
20240906,2263.8965,2276.2141,2280.803,2261.3879,1289534.0,2469.0,643610.0,1.0,0.0,4220.0,0.0,2.0,-2.0,44470.0,-30708.0,2272.1564,2299.65869,2289.984865,-27.5022899999999,-17.8284649999996,2294.208211190476,2296.139889650794,728368.7,,0.13041,0.9481235917528209,0.9703258329601342,1.918449424712955,1.0,4220.0,0.0,13762.0,0.0019146451353744842,-0.240253357636005,,,0.3288,0.2893,0.357
20240909,2229.0132,2265.2278,2273.3215,2221.3367,1316524.0,26990.0,965642.0,1.0,0.0,5664.0,0.0,2.0,-2.0,49529.0,-29617.0,2262.4213,2290.37161,2287.35044,-27.95030999999972,-24.92914000000019,2289.502919206349,2296.406074325397,760155.6,1158770.4,0.13892,1.069750088165198,0.9806916642592135,2.050441752424412,1.0,5664.0,0.0,19912.0,0.02050095554657568,-0.2002160072836475,,,0.274,0.2893,0.378
20240910,2214.4775,2229.6067,2231.5349,2210.5093,1290800.0,-25724.0,740813.0,1.0,0.0,8118.0,0.0,2.0,-2.0,49176.0,-29455.0,2252.12012,2278.43303,2284.71401,-26.31290999999965,-32.59388999999919,2282.923874920635,2295.624361793651,762628.1,,0.142025,1.079024411292541,0.9806916642592135,2.059716075551754,1.0,8118.0,0.0,19721.0,-0.01992872637124264,-0.4150655225983028,,,0.3014,0.2893,0.271
20240911,2222.7686,2213.8027,2225.9771,2191.3218,1260558.0,-30242.0,907330.0,1.0,0.0,9753.0,0.0,2.0,-2.0,51909.0,-33535.0,2240.65846,2267.86607,2283.15929,-27.20760999999993,-42.50082999999995,2276.228861349206,2293.78036818254,784533.3,,0.15548,1.12350963833134,0.9835651559451175,2.107074794276457,1.0,9753.0,0.0,18374.0,-0.02399096273237725,-0.4587033248044806,,,0.137,0.0987,0.252
20240912,2213.0388,2221.2898,2225.7615,2207.303,1277565.0,17007.0,679060.0,2.0,0.0,22124.0,0.0,1.0,-2.0,48386.0,-44760.0,2228.63892,2256.39236,2280.10587,-27.75344000000041,-51.46695000000045,2269.817857380952,2290.943572198413,802071.8,,0.163875,1.133247280820595,0.9835651559451175,2.116812436765712,2.0,22124.0,-1.0,3626.0,0.013312042831480199,-0.4077212156291755,,,0.1507,0.1,0.273
20240913,2212.1533,2216.4006,2220.3032,2200.2568,1256888.0,-20677.0,589484.0,2.0,0.0,21311.0,0.0,1.0,-2.0,44162.0,-51299.0,2218.29028,2245.22334,2277.913745,-26.9330600000003,-59.62346500000012,2263.192375555555,2287.122522087301,802940.8,,0.165025,1.128417360863853,0.9835651559451175,2.111982516808971,2.0,21311.0,-1.0,-7137.0,-0.016450948692325808,0.2160877641568936,,,0.1507,0.104,0.674
20240918,2210.0054,2202.2815,2215.1904,2173.5959,1253051.0,-3837.0,810973.0,2.0,0.0,18759.0,0.0,1.0,-2.0,41585.0,-39340.0,2214.48872,2238.45501,2274.345105,-23.9662900000003,-59.85638500000005,2256.06715920635,2282.559495214286,785321.9,,,1.204791192083011,0.9835651559451175,2.188356348028129,2.0,18759.0,-1.0,2245.0,-0.0030621259629496325,-0.7215313248818899,,,0.1507,0.1013,0.127
20240919,2187.4656,2208.2922,2209.0894,2187.1067,1300264.0,47213.0,693562.0,3.0,0.0,38224.0,0.0,1.0,-2.0,33748.0,-48221.0,2209.08634,2230.60323,2269.851135,-21.51689000000033,-60.76479500000005,2248.362045873017,2277.450220428572,752260.0,,0.175375,1.222282283895636,0.9835651559451175,2.205847439840753,3.0,38224.0,-1.0,-14473.0,0.036310318519931335,-0.863555804286131,,,0.1507,0.1027,0.048
20240920,2179.4666,2186.988,2193.0789,2170.6321,1316065.0,15801.0,802269.0,3.0,0.0,36320.0,0.0,1.0,-2.0,24624.0,-56553.0,2200.42594,2220.5422,2264.036735,-20.11625999999978,-63.61079500000005,2239.82768515873,2271.650141484127,754078.8,,0.17917,1.261784253632134,0.9879181829287212,2.249702436560856,3.0,36320.0,-1.0,-31929.0,0.012006245892110192,-0.9209067551563714,,,0.1507,0.108,0.03
20240923,2157.3184,2175.1541,2175.1541,2129.0825,1343198.0,27133.0,1066173.0,3.0,0.0,43068.0,0.0,1.0,-2.0,28004.0,-45179.0,2189.28186,2208.96039,2256.27111,-19.67853000000014,-66.98925000000008,2229.722294761905,2264.985328460317,789891.6,1279407.6,0.180895,1.380218512186884,1.005651695737962,2.385870207924845,3.0,43068.0,-1.0,-17175.0,0.02020029809454749,-1.0123975719613936,,,0.137,0.1093,0.011
20240924,2170.5349,2157.5508,2171.7625,2144.468,1341724.0,-1474.0,846060.0,2.0,0.0,33364.0,0.0,1.0,-2.0,42439.0,-55796.0,2180.958180000001,2199.62423,2249.64146,-18.66604999999936,-68.68327999999929,2220.737068809524,2257.638214222222,810136.6,,,1.29535040639672,1.0265807217733,2.32193112817002,2.0,33364.0,-1.0,-13357.0,-0.0010985865945604312,-0.942845899441564,,,0.137,0.1107,0.024
20240925,2157.8076,2176.166,2183.0649,2156.7109,1342636.0,912.0,860757.0,2.0,0.0,38199.0,0.0,1.0,-2.0,39252.0,-70147.0,2170.51862,2192.50367,2241.43764,-21.98504999999977,-70.91901999999982,2212.503606349207,2249.938282936508,799648.1,,0.19021,1.305406392950128,1.0265807217733,2.331987114723428,2.0,38199.0,-1.0,-30895.0,0.0006792607974164256,-1.0208529534270003,,,0.1507,0.112,0.01
20240926,2170.4172,2155.082,2174.9001,2146.3071,1336944.0,-5692.0,1051500.0,3.0,0.0,43576.0,0.0,1.0,-2.0,37501.0,-73808.0,2167.10894,2188.09764,2233.265335,-20.98869999999988,-66.15639499999997,2205.061223492064,2242.152017793651,830716.8,1261800.0,0.20654,1.319036335502045,1.036678705405209,2.355715040907254,3.0,43576.0,-1.0,-36307.0,-0.004257470769157123,-0.9514596339824388,,,0.1507,0.1133,0.025
20240927,2200.4436,2167.2993,2206.2583,2167.2993,1308678.0,-28266.0,1199270.0,3.0,0.0,41409.0,0.0,1.0,-2.0,22237.0,-73402.0,2171.30434,2185.86514,2226.865605,-14.5608000000002,-55.56126499999982,2200.811641031746,2234.610295761905,859910.8,1439124.0,0.218845,1.377482074070085,1.063057270266762,2.440539344336847,3.0,41409.0,-1.0,-51165.0,-0.021598895985108637,-0.9117211047029132,,,0.137,0.0013,0.036
20240930,2248.9294,2198.1479,2250.6621,2194.7502,1246848.0,-61830.0,1074177.0,2.0,0.0,36667.0,0.0,1.0,-2.0,25075.0,-86063.0,2189.62654,2189.4542,2222.92328,0.1723400000005313,-33.29673999999977,2201.144152539683,2227.742925277778,899422.5,,0.237935,1.496748857156765,1.090469461267241,2.587218318424006,2.0,36667.0,-1.0,-60988.0,-0.049589043732676315,-1.016384814075164,,,0.2192,0.084,0.012
20241008,2210.2383,2244.4878,2244.4878,2197.0413,1250956.0,4108.0,867484.0,2.0,0.0,34582.0,0.0,1.0,-2.0,28313.0,-87743.0,2197.56722,2189.2627,2217.24302,8.304519999999684,-19.67579999999998,2200.892758730159,2221.512963595238,927222.5,,,1.497348150638939,1.097851533475681,2.595199684114621,2.0,34582.0,-1.0,-59430.0,0.0032838884820888983,-1.0873681420118928,,,0.2877,0.1373,0.006
20241009,2211.6074,2207.8113,2219.4639,2201.5442,1269944.0,18988.0,781544.0,3.0,-1.0,36501.0,-7470.0,1.0,-2.0,27640.0,-93913.0,2208.32718,2189.4229,2213.938955,18.90427999999974,-5.611775000000307,2200.150453412698,2215.921293015873,924279.6,,,1.487388131197179,1.097851533475681,2.58523966467286,2.0,29031.0,-1.0,-66273.0,0.014951840396111955,-1.0871147956491418,,,0.3425,0.1507,0.007
20241010,2214.801,2212.01,2229.8201,2207.9243,1283647.0,13703.0,860247.0,2.0,0.0,34259.0,0.0,1.0,-2.0,33853.0,-91582.0,2217.20394,2192.15644,2211.379835,25.04750000000013,5.82410499999969,2200.164478730159,2211.101536301588,940948.1,,,1.446271499259496,1.097851533475681,2.544123032735178,2.0,34259.0,-1.0,-57729.0,0.010675053188298653,-1.070332122249421,,,0.4658,0.184,0.009
20241011,2218.4333,2214.6504,2222.9993,2209.6648,1282813.0,-834.0,619788.0,2.0,0.0,47512.0,0.0,2.0,-2.0,31367.0,-85778.0,2220.80188,2196.05311,2208.297655,24.74877000000015,12.50422500000013,2200.743532222221,2207.193121007936,922700.0,,,1.429354155963284,1.097851533475681,2.527205689438965,2.0,47512.0,0.0,-54411.0,-0.0006501337295459276,-1.0503999093660834,,,0.4795,0.1907,0.011
20241014,2231.5073,2219.1128,2240.2883,2218.4392,1298293.0,15480.0,771978.0,3.0,0.0,46302.0,0.0,1.0,-2.0,35542.0,-107437.0,2217.31746,2203.472,2206.216195,13.84545999999955,11.10126499999978,2202.731343809524,2204.494025912699,893280.5,,,1.434333076277873,1.097851533475681,2.532184609753554,3.0,46302.0,-1.0,-71895.0,0.011923348581560557,-0.9916733938273858,,,0.4795,0.1987,0.019
20241015,2228.2266,2229.1895,2233.4758,2223.1455,1290507.0,-7786.0,518578.0,3.0,0.0,47494.0,0.0,1.0,-2.0,36329.0,-116506.0,2220.91512,2209.24117,2204.4327,11.67394999999988,16.48242000000027,2204.96144547619,2202.916463579365,860532.3,,,1.331934821270448,1.097851533475681,2.429786354746129,3.0,47494.0,-1.0,-80177.0,-0.00603328769235657,-1.019840516885982,,,0.5342,0.2147,0.014
20241016,2218.6809,2226.1377,2226.1377,2211.1287,1287982.0,-2525.0,725664.0,3.0,0.0,44945.0,0.0,1.0,-2.0,47485.0,-118001.0,2222.32982,2215.3285,2203.916085,7.001319999999851,18.41373500000009,2206.458320396825,2202.311934984127,847023.0,,,1.311763219471477,1.090469461267241,2.402232680738718,3.0,44945.0,-1.0,-70516.0,-0.0019604311240374477,-1.069468090476205,,,0.6301,0.2893,0.01
20241017,2201.1392,2218.5586,2224.3108,2196.8926,1310593.0,22611.0,907361.0,3.0,0.0,48162.0,0.0,1.0,-2.0,45920.0,-117246.0,2219.59746,2218.4007,2203.24917,1.196759999999813,16.34828999999991,2206.778445555555,2202.483657190476,832609.1,,,1.326961318923209,1.097851533475681,2.424812852398889,3.0,48162.0,-1.0,-71326.0,0.017252495626025776,-1.143353493150689,,,0.6986,0.3827,0.004
20241018,2207.261,2199.0212,2213.7429,2186.9502,1323940.0,13347.0,762202.0,3.0,-1.0,45075.0,-9622.0,1.0,-2.0,51677.0,-117646.0,2217.363,2219.08244,2202.47379,-1.719439999999395,14.88921000000028,2206.895939523809,2203.092087039683,788902.3,,,1.248443684626413,1.114174438957623,2.362618123584036,2.0,35453.0,-1.0,-65969.0,0.01008127256522199,-1.1574873262966625,,,0.7534,0.4867,0.004
20241021,2181.5715,2205.2332,2209.2063,2179.0603,1377825.0,53885.0,645715.0,4.0,-1.0,49495.0,-10865.0,1.0,-2.0,47024.0,-127335.0,2207.37584,2212.34665,2200.900425,-4.970810000000256,6.475415000000339,2205.77224531746,2203.55489631746,746056.1,,,1.257225628956733,1.133140007046031,2.390365636002763,3.0,38630.0,-1.0,-80311.0,0.039108740224629394,-1.1806231871432034,,,0.7671,0.5653,0.003
20241022,2191.3621,2181.4785,2192.4138,2174.1306,1422431.0,44606.0,649249.0,3.0,-1.0,49615.0,-12863.0,1.0,-2.0,47616.0,-125382.0,2200.00294,2210.45903,2199.860865,-10.45609000000013,0.1420749999997497,2204.530556825397,2203.918676126984,724232.6,,0.12627,1.229772063653163,1.133140007046031,2.362912070699194,2.0,36752.0,-1.0,-77766.0,0.031358990348213725,-1.2417791006209469,,,0.7808,0.6147,0.003
20241023,2239.9385,2192.6421,2239.9385,2191.4221,1414020.0,-8411.0,1055024.0,3.0,-1.0,37380.0,-14843.0,1.0,-2.0,45244.0,-136680.0,2204.25446,2213.29214,2201.35752,-9.03767999999991,2.896940000000086,2206.904001190476,2204.594030904761,751580.6,1266028.8,,1.291468490042077,1.152391365326217,2.443859855368293,2.0,22537.0,-1.0,-91436.0,-0.005948289274550572,-1.1626919209976962,,,0.8219,0.6987,0.005
20241024,2240.8484,2238.7234,2251.8938,2231.2275,1402719.0,-11301.0,937427.0,2.0,-1.0,31518.0,-16133.0,1.0,-2.0,35749.0,-144818.0,2212.1963,2215.89688,2204.02666,-3.700579999999718,8.169639999999617,2210.793655714287,2205.656948603174,759298.6,1124912.4,,1.230863590466099,1.152391365326217,2.383254955792315,1.0,15385.0,-1.0,-109069.0,-0.008056495991000336,-1.1444125066573798,,,0.8493,0.736,0.008
20241025,2237.5193,2238.7959,2251.698,2233.3215,1394985.0,-7734.0,711778.0,2.0,-1.0,31209.0,-18703.0,1.0,-2.0,35435.0,-159663.0,2218.24796,2217.80548,2206.929295,0.4424799999997049,11.31866499999933,2214.364693095238,2207.019064690476,768497.6,,0.12765,1.110363494441431,1.152391365326217,2.262754859767647,1.0,12506.0,-1.0,-124228.0,-0.005544145635974581,-1.1824190603133808,,,0.8767,0.7507,0.004
20241028,2241.7849,2233.709,2247.1943,2223.7349,1415199.0,20214.0,628303.0,2.0,-1.0,32015.0,-18674.0,1.0,-2.0,40808.0,-168356.0,2230.29064,2218.83324,2211.15262,11.45739999999978,19.13802000000032,2217.374903412699,2208.483420650794,754130.1,,,1.017721366361735,1.133140007046031,2.150861373407766,1.0,13341.0,-1.0,-127548.0,0.01428350359207433,-1.295453822941182,,,0.8493,0.7733,0.001
20241029,2239.4661,2241.0747,2245.344,2233.9546,1432681.0,17482.0,483435.0,2.0,-1.0,34871.0,-19262.0,1.0,-2.0,43451.0,-164326.0,2239.91144,2219.95719,2214.59918,19.95425000000023,25.31226000000015,2220.304781587302,2210.017754261905,750615.8,,,0.9958067079890955,1.133140007046031,2.128946715035126,1.0,15609.0,-1.0,-120875.0,0.01220229765034924,-1.349252864617325,,,0.8493,0.812,0.001
20241030,2261.27,2241.0649,2265.3582,2237.7488,1473288.0,40607.0,787618.0,2.0,-1.0,34017.0,-20044.0,1.0,-2.0,40580.0,-162935.0,2244.17774,2224.2161,2219.7723,19.96163999999999,24.40544,2224.271613174603,2211.799083539682,756811.2,,0.132825,1.012669346629916,1.133140007046031,2.145809353675946,1.0,13973.0,-1.0,-122355.0,0.027562160283664837,-1.292369960909593,,,0.9315,0.9733,0.003
20241031,2262.5412,2261.6959,2266.7115,2253.8391,1481964.0,8676.0,513666.0,2.0,-1.0,33846.0,-20023.0,1.0,-2.0,40371.0,-168881.0,2248.5163,2230.3563,2224.3785,18.16000000000031,24.13780000000042,2228.347074603174,2213.955946444444,717441.7,,,1.009755054313524,1.133140007046031,2.142895061359555,1.0,13823.0,-1.0,-128510.0,0.005854393224126902,-1.2916742725458457,,,0.9315,0.916,0.004
20241101,2252.9646,2260.3271,2261.3005,2244.1992,1471916.0,-10048.0,599935.0,2.0,-1.0,35767.0,-22058.0,1.0,-2.0,37330.0,-182425.0,2251.60536,2234.92666,2227.00455,16.67869999999994,24.60080999999991,2231.293676984127,2216.395720190476,701215.0,,,0.997802748425893,1.133140007046031,2.130942755471924,1.0,13709.0,-1.0,-145095.0,-0.00682647651088785,-1.2688241507842974,,,0.8356,0.7267,0.005
20241104,2233.9193,2254.7764,2261.5697,2229.8955,1491304.0,19388.0,770738.0,2.0,-1.0,38584.0,-19836.0,1.0,-2.0,48074.0,-190436.0,2250.03224,2240.16144,2226.254045,9.87079999999969,23.77819499999941,2233.048482698413,2219.123343928572,713717.3,,,1.066008182499687,1.152391365326217,2.218399547825904,1.0,18748.0,-1.0,-142362.0,0.013000702740688685,-1.2673100601307623,,,0.7671,0.688,0.006
20241105,2242.4466,2234.1765,2247.0093,2224.9708,1499423.0,8119.0,611764.0,3.0,-2.0,39277.0,-19867.0,1.0,-2.0,55381.0,-190187.0,2250.62834,2245.26989,2227.86446,5.358450000000175,22.76388000000043,2234.255656031746,2222.095853849206,709968.8,,,1.081015068540925,1.152391365326217,2.233406433867142,1.0,19410.0,-1.0,-134806.0,0.005414749540323178,-1.3090867375198527,,,0.6986,0.6787,0.002
20241106,2241.656,2243.2337,2252.3013,2234.7087,1484167.0,-15256.0,603905.0,2.0,-1.0,40458.0,-19652.0,1.0,-2.0,57691.0,-191833.0,2246.70554,2245.44164,2229.36689,1.263899999999921,17.33864999999969,2235.664783174603,2224.971932047619,664856.9,,,1.048197352930695,1.133140007046031,2.181337359976726,1.0,20806.0,-1.0,-134142.0,-0.010279166697548187,-1.356268634700808,,,0.6301,0.6773,0.001
20241107,2246.8859,2240.4606,2252.8156,2231.8704,1533971.0,49804.0,705901.0,2.0,-1.0,38243.0,-19892.0,1.0,-2.0,62825.0,-196794.0,2243.57448,2246.04539,2230.971135,-2.470910000000003,12.60334499999999,2237.173868015874,2227.609953277778,641704.3,,0.129145,1.028197313737897,1.114174438957623,2.142371752695519,1.0,18351.0,-1.0,-133969.0,0.03246736737526329,-1.40419749513533,,,0.5479,0.6427,0.001
20241108,2221.4999,2246.9125,2251.1593,2215.6508,1603055.0,69084.0,889295.0,3.0,-1.0,67147.0,-19677.0,1.0,-2.0,60901.0,-211477.0,2237.28154,2244.44345,2231.124465,-7.161910000000262,6.157075000000077,2237.090384206349,2229.882522388889,659456.0,1067154.0,,1.043990963759934,1.114174438957623,2.158165402717557,2.0,47470.0,-1.0,-150576.0,0.04309521507371862,-1.5105894855577446,,,0.5616,0.644,0.001
20241111,2209.7388,2219.8747,2229.5022,2204.977,1635533.0,32478.0,708725.0,3.0,-1.0,70564.0,-19414.0,1.0,-2.0,53591.0,-210353.0,2232.44544,2241.23884,2230.03604,-8.79340000000002,2.409400000000005,2235.549965714286,2231.700028619048,667498.2,,,1.063275856152844,1.105188085533853,2.168463941686697,2.0,51150.0,-1.0,-156762.0,0.019857746679522822,-1.491625453315406,,,0.8356,0.8867,0.002
20241112,2212.9056,2208.9277,2216.6117,2204.6651,1644656.0,9123.0,479895.0,3.0,-1.0,72463.0,-19737.0,1.0,-2.0,58690.0,-210570.0,2226.53724,2238.58279,2229.26999,-12.04554999999982,-2.732750000000124,2233.829677936508,2233.052518253969,667144.2,,,0.9473344048637669,1.105188085533853,2.05252249039762,2.0,52726.0,-1.0,-151880.0,0.005547056648928408,-1.3398936101914471,,,0.8219,0.7747,0.006
20241113,2220.007,2215.7277,2229.4403,2213.2022,1648305.0,3649.0,646423.0,3.0,-1.0,73229.0,-15577.0,1.0,-2.0,54430.0,-203979.0,2222.20744,2234.45649,2229.336295,-12.2490499999999,-7.12885499999993,2232.956230238095,2233.920979960318,653024.7,,,0.9347750694077386,1.093280208655849,2.028055278063587,2.0,57652.0,-1.0,-149549.0,0.002213789316904335,-1.3476915209168527,,,0.8082,0.8387,0.006
20241114,2220.142,2220.303,2228.057,2217.7039,1647676.0,-629.0,464141.0,3.0,-1.0,72167.0,-16719.0,1.0,-2.0,57041.0,-203406.0,2216.85866,2230.21657,2230.286435,-13.35791000000017,-13.42777500000011,2232.148831190476,2234.301155619048,648072.2,,,0.9096659752491217,1.063057270266762,1.972723245515883,2.0,55448.0,-1.0,-146365.0,-0.00038174981003546814,-1.1896610291481993,,,0.8356,0.748,0.015
20241115,2207.1577,2221.0776,2224.0681,2204.771,1679608.0,31932.0,628767.0,3.0,-1.0,75402.0,-14936.0,1.0,-2.0,59568.0,-213136.0,2213.99022,2225.63588,2230.28127,-11.64566000000059,-16.29105000000072,2230.492918888889,2234.221079809524,650955.4,,,0.8973634866255292,1.063057270266762,1.960420756892291,2.0,60466.0,-1.0,-153568.0,0.019011578892217707,-0.9504802121809176,,,0.8356,0.748,0.041
20241118,2233.4242,2210.3956,2240.2258,2205.8436,1655583.0,-24025.0,820669.0,3.0,-1.0,64091.0,-17488.0,1.0,-2.0,61480.0,-200201.0,2218.7273,2225.58637,2232.873905,-6.859069999999974,-14.14660499999991,2230.049931111111,2233.921224650793,655948.5,984802.7999999999,,0.9710748852860638,1.063057270266762,2.034132155552825,2.0,46603.0,-1.0,-138721.0,-0.014511504406604803,-0.8857928558054947,,,0.8493,0.7627,0.057
20241119,2230.8928,2232.6273,2238.3693,2226.6651,1649872.0,-5711.0,415879.0,2.0,-1.0,51635.0,-17740.0,1.0,-2.0,62378.0,-204165.0,2222.32474,2224.43099,2234.85044,-2.106249999999818,-12.52569999999969,2229.831459603175,2233.478805007937,636360.0,,,0.9211001001479613,1.046602145153278,1.967702245301239,1.0,33895.0,-1.0,-141787.0,-0.0034614806481957387,-0.9483517924362308,,,0.863,0.772,0.042
20241120,2222.5381,2233.0186,2237.494,2218.7043,1668314.0,18442.0,554240.0,3.0,-1.0,69072.0,-17371.0,1.0,-2.0,65602.0,-222746.0,2222.83096,2222.5192,2233.98042,0.3117600000005041,-11.14945999999964,2229.153101190476,2232.827636809524,631393.5,,,0.9412492623094832,1.036537351383149,1.977786613692632,2.0,51701.0,-1.0,-157144.0,0.011054273955622263,-1.0215044979902066,,,0.8767,0.7613,0.029
20241121,2230.7423,2222.5879,2230.7575,2215.2145,1656640.0,-11674.0,563420.0,3.0,-1.0,64360.0,-17880.0,1.0,-2.0,66784.0,-225293.0,2224.95102,2220.90484,2233.475115,4.046179999999822,-8.524095000000216,2228.517242777777,2231.961974285714,617145.4,,,0.932941581537218,1.036537351383149,1.969478932920367,2.0,46480.0,-1.0,-158509.0,-0.007046793509754684,-0.9126206417024398,,,0.9041,0.784,0.052
20241122,2217.8985,2231.2941,2238.8988,2216.0522,1652308.0,-4332.0,672082.0,3.0,-1.0,67069.0,-17604.0,1.0,-2.0,77710.0,-222934.0,2227.09918,2220.5447,2232.494075,6.554479999999785,-5.394894999999906,2227.529364206349,2231.005872285714,595424.1,,,0.9050894944727291,1.036645061793174,1.941734556265903,2.0,49465.0,-1.0,-145224.0,-0.002621787221268674,-1.0495728443989074,,,0.9041,0.8627,0.029
20241125,2222.7469,2220.1041,2237.972,2213.7118,1658029.0,5721.0,813889.0,3.0,-1.0,67230.0,-18630.0,1.0,-2.0,77752.0,-215132.0,2224.96372,2221.84551,2231.542175,3.118209999999635,-6.578455000000304,2226.608683888888,2230.111744103174,605940.5,976666.7999999999,0.12098,0.9127970599824305,1.046602145153278,1.959399205135709,2.0,48600.0,-1.0,-137380.0,0.0034504824704513614,-1.0042054156593867,,,0.9041,0.876,0.035
20241126,2222.9174,2220.5112,2228.7471,2217.1311,1675732.0,17703.0,646921.0,3.0,-1.0,46925.0,-18393.0,1.0,-2.0,80674.0,-213015.0,2223.36864,2222.84669,2230.71474,0.5219499999998334,-7.346100000000661,2225.630028809523,2229.291779190476,622643.1,,,0.8941413773682082,1.046602145153278,1.940743522521486,2.0,28532.0,-1.0,-132341.0,0.010564338450301122,-1.030498955057065,,,0.9041,0.8827,0.03
20241127,2218.0018,2223.2707,2226.631,2204.588,1705946.0,30214.0,950326.0,3.0,-1.0,65467.0,-17102.0,1.0,-2.0,83329.0,-192818.0,2222.46138,2222.64617,2228.55133,-0.1847900000002483,-6.089950000000044,2224.412051269842,2228.437361293651,653033.4,1140391.2,,0.8985030304806123,1.046602145153278,1.94510517563389,2.0,48365.0,-1.0,-109489.0,0.017710994369106642,-1.076503733196241,,,0.9315,0.8907,0.025
20241128,2215.2338,2215.7955,2217.9831,2208.891,1725008.0,19062.0,422661.0,2.0,-1.0,57699.0,-16281.0,1.0,-2.0,83042.0,-197385.0,2219.35968,2222.15535,2226.18596,-2.795669999999973,-6.82627999999977,2223.080359761905,2227.530514150793,648885.4,,,0.8137613468726256,1.046602145153278,1.860363492025904,1.0,41418.0,-1.0,-114343.0,0.011050383534453173,-1.1136261569959047,0.085,,0.8356,0.7,0.023
20241129,2197.7295,2212.9912,2213.2917,2191.7267,1786325.0,61317.0,960776.0,2.0,-1.0,62555.0,-13380.0,1.0,-2.0,85986.0,-203327.0,2215.32588,2221.21253,2223.424205,-5.886649999999463,-8.098324999999932,2220.703092857143,2226.551531547619,682086.3,1152931.2,0.121555,0.8107993136634786,1.055931877700954,1.866731191364433,1.0,49175.0,-1.0,-117341.0,0.0343257805830406,-1.0291095444592249,0.1057,,0.8082,0.7467,0.033
20241202,2173.6627,2190.0325,2203.8513,2172.1285,1855374.0,69049.0,877382.0,3.0,-1.0,74524.0,-10986.0,1.0,-2.0,90178.0,-222458.0,2205.50904,2215.23638,2220.411375,-9.727339999999913,-14.90233500000022,2216.528825079365,2225.199420944445,687757.6,1052858.4,0.139035,0.8755507712867554,1.076733822538641,1.952284593825397,2.0,63538.0,-1.0,-132280.0,0.03721567727045868,-1.1389613904568674,0.1209,,0.7945,0.644,0.023
20241203,2165.2896,2167.2597,2170.7493,2150.0555,1907402.0,52028.0,1005526.0,2.0,0.0,79219.0,0.0,1.0,-2.0,92478.0,-222243.0,2193.98348,2208.67606,2216.553525,-14.69258000000036,-22.57004500000039,2211.025713412698,2223.318846325397,746722.3,1206631.2,0.158355,0.8999277053804847,1.088555550871112,1.988483256251597,2.0,79219.0,-1.0,-129765.0,0.027276892862647728,-1.1360349618115664,0.1377,,0.7945,0.644,0.024
20241204,2125.3599,2164.8578,2165.6095,2124.6459,1936033.0,28631.0,1038082.0,2.0,0.0,85836.0,0.0,1.0,-2.0,92712.0,-202213.0,2175.4551,2198.95824,2210.73872,-23.5031399999998,-35.2836199999997,2203.492519365079,2220.752788142857,795106.5,1245698.4,0.17365,1.001805320903828,1.088555550871112,2.09036087177494,2.0,85836.0,-1.0,-109501.0,0.014788487592928426,-1.205632428036005,0.151,,0.7945,0.632,0.015
20241205,2147.5572,2121.1977,2154.6555,2074.5404,1905253.0,-30780.0,2308625.0,2.0,0.0,59062.0,0.0,1.0,-2.0,88319.0,-180990.0,2161.91978,2190.63973,2205.772285,-28.7199499999997,-43.85250499999984,2195.918465555556,2217.492910420635,969627.0,2770350.0,0.192855,1.201049713390975,1.090734127214107,2.291783840605082,2.0,59062.0,-1.0,-92671.0,-0.01615533475081787,-1.1997110660008974,0.1677,,0.8904,0.8027,0.016
20241206,2136.1677,2146.351,2153.0756,2122.903,1899406.0,-5847.0,981405.0,3.0,0.0,70807.0,0.0,1.0,-2.0,82990.0,-186487.0,2149.60742,2182.46665,2201.505675,-32.85923000000048,-51.89825500000006,2189.405510555556,2213.680525055555,1000559.3,,,1.191151164883488,1.090734127214107,2.281885292097595,3.0,70807.0,-1.0,-103497.0,-0.003078330804472556,-1.1404875816748905,0.1448,,0.8767,0.7667,0.025
20241209,2138.435,2136.4914,2148.3398,2132.588,1915843.0,16437.0,906897.0,2.0,0.0,62134.0,0.0,1.0,-2.0,86129.0,-197439.0,2142.56188,2174.03546,2197.940485,-31.47357999999986,-55.37860499999988,2183.28791,2209.348447666667,1009860.1,,,1.207958845999203,1.090734127214107,2.29869297321331,2.0,62134.0,-1.0,-111310.0,0.00857951303942964,-1.142282384295593,0.133,,0.8767,0.74,0.025
20241210,2168.8097,2144.6526,2176.329,2142.3633,1900064.0,-15779.0,1202492.0,2.0,0.0,56243.0,0.0,1.0,-2.0,103624.0,-200577.0,2143.2659,2168.62469,2195.73569,-25.35879000000023,-52.4697900000001,2179.716123888889,2204.757057174603,1065417.2,,,1.272553222714881,1.09881827453278,2.371371497247661,2.0,56243.0,-1.0,-96953.0,-0.00830445711302356,-1.0942010081763929,0.1369,,0.863,0.7213,0.03
20241211,2179.6548,2169.8134,2187.9715,2167.4821,1886149.0,-13915.0,983294.0,1.0,0.0,36724.0,0.0,1.0,-2.0,97530.0,-191412.0,2154.12488,2164.78999,2193.71808,-10.66510999999991,-39.59319999999934,2177.964802380952,2200.112332285714,1068714.0,,,1.290884745128759,1.090734127214107,2.381618872342865,1.0,36724.0,-1.0,-93882.0,-0.0073774659372085665,-1.0887193680755751,0.1342,,0.863,0.7067,0.031
20241212,2174.5941,2178.0121,2182.7207,2171.788,1911622.0,25473.0,648119.0,2.0,0.0,48718.0,0.0,1.0,-2.0,98016.0,-209988.0,2159.53226,2160.72602,2191.440685,-1.193760000000111,-31.90842500000008,2176.306672460317,2195.434963555555,1091259.8,,,1.253638696203002,1.090734127214107,2.344372823417109,2.0,48718.0,-1.0,-111972.0,0.013325333146406559,-1.1010702826294037,0.1409,,0.8219,0.6893,0.03
20241213,2176.6662,2172.2077,2178.1043,2158.4502,1919808.0,8186.0,853601.0,2.0,0.0,39918.0,0.0,1.0,-2.0,108671.0,-210537.0,2167.63196,2158.61969,2189.91611,9.012269999999717,-22.28415000000041,2174.422902936508,2190.806944563492,1080542.3,,0.16974,1.240404780284507,1.077867462022401,2.318272242306908,2.0,39918.0,-1.0,-101866.0,0.004263968063473014,-1.1278080061496103,0.1476,,0.8082,0.66,0.029
20241216,2168.0305,2174.1605,2175.4113,2149.7842,1951024.0,31216.0,914056.0,1.0,0.0,29916.0,0.0,1.0,-2.0,111892.0,-217101.0,2173.55106,2158.05647,2186.646425,15.49458999999979,-13.09536500000013,2172.31576531746,2186.385638587301,1084209.7,,,1.29288698763386,1.090734127214107,2.383621114847966,1.0,29916.0,-1.0,-105209.0,0.015999803180278663,-1.2084917408522111,0.1428,,0.7534,0.6147,0.015
20241217,2154.5448,2167.4911,2171.7999,2151.6073,1959760.0,8736.0,777941.0,1.0,0.0,11811.0,0.0,1.0,-2.0,112772.0,-230894.0,2170.69808,2156.98199,2182.829025,13.71608999999989,-12.13094500000034,2169.724786587301,2182.255545904762,1061451.2,,,1.289490174465771,1.090734127214107,2.380224301679878,1.0,11811.0,-1.0,-118122.0,0.004457688696575091,-1.2519037109741094,0.1158,,0.6986,0.5587,0.014
20241218,2143.9182,2153.2689,2153.3238,2135.599,1965214.0,5454.0,867261.0,2.0,0.0,26127.0,0.0,1.0,-2.0,120451.0,-232094.0,2163.55076,2158.83782,2178.89803,4.71293999999989,-15.34727000000066,2166.117540793651,2178.518048047619,1044369.1,,,1.325042102969287,1.077867462022401,2.402909564991688,2.0,26127.0,-1.0,-111643.0,0.0027752702759088832,-1.3357490072570557,0.119,,0.6986,0.5653,0.008
20241219,2147.1989,2150.5003,2159.5453,2135.5492,1973201.0,7987.0,933286.0,2.0,0.0,29527.0,0.0,1.0,-2.0,121831.0,-239891.0,2158.07172,2158.80199,2174.72086,-0.7302699999995639,-16.64913999999953,2163.15319595238,2175.241521087301,906835.2,,,1.328878381021086,1.090734127214107,2.419612508235192,2.0,29527.0,-1.0,-118060.0,0.004047737660785698,-1.356372426637917,0.1206,,0.6438,0.4787,0.004
20241220,2153.3304,2138.9843,2153.9718,2134.4675,1974623.0,1422.0,714103.0,2.0,-1.0,11541.0,0.0,1.0,-2.0,128792.0,-249886.0,2153.40456,2160.51826,2171.492455,-7.113699999999881,-18.08789500000012,2160.531966428571,2172.354166674603,880105.0,,,1.289287645938606,1.090734127214107,2.380021773152713,1.0,11541.0,-1.0,-121094.0,0.0007201374642146881,-1.3994560541642822,0.1241,,0.6027,0.4613,0.004
20241223,2151.4258,2153.8629,2168.1848,2147.1201,2019037.0,44414.0,806690.0,2.0,0.0,28663.0,0.0,1.0,-2.0,131996.0,-261874.0,2150.08362,2161.81734,2167.9264,-11.73371999999972,-17.84277999999949,2158.862358333333,2169.911611507936,870084.3,,,1.281451738692349,1.077867462022401,2.35931920071475,2.0,28663.0,-1.0,-129878.0,0.021997615695007074,-1.4052577997146516,0.1186,,0.5616,0.4267,0.003
20241224,2160.0097,2151.9631,2163.7324,2144.9209,2036850.0,17813.0,728303.0,2.0,0.0,12647.0,0.0,1.0,-2.0,126799.0,-276952.0,2151.1766,2160.937339999999,2164.781015,-9.760739999999714,-13.60441499999979,2157.809713650794,2167.720970484127,822665.4,,,1.206630997535358,1.055719846667864,2.262350844203222,2.0,12647.0,-1.0,-150153.0,0.008745366620026021,-1.3573272046219065,0.118,,0.5342,0.4067,0.006
20241225,2176.9942,2162.203,2183.27,2162.203,2041409.0,4559.0,945682.0,1.0,0.0,6502.0,0.0,1.0,-2.0,127193.0,-260754.0,2157.7918,2160.67128,2162.730635,-2.879479999999603,-4.938834999999926,2158.603478650793,2165.784838111111,818904.2,,,1.017380543292077,1.055260249977717,2.072640793269794,1.0,6502.0,-1.0,-133561.0,0.002233261438545632,-1.327309965106949,0.1148,,0.6164,0.4627,0.013
20241226,2178.99,2180.7865,2180.8445,2175.2763,2050707.0,9298.0,610798.0,1.0,0.0,6460.0,0.0,1.0,-2.0,126979.0,-262257.0,2164.15002,2161.11087,2160.918445,3.039150000000063,3.231575000000248,2160.220879920636,2164.176258857143,815172.1,,,0.9346652699229604,1.036645061793174,1.971310331716134,1.0,6460.0,-1.0,-135278.0,0.004534046063138225,-1.2990049878050045,0.1089,,0.6027,0.4253,0.015
20241227,2207.4827,2182.0799,2216.0978,2181.5939,2040369.0,-10338.0,1083819.0,1.0,0.0,3218.0,0.0,1.0,-2.0,123909.0,-236757.0,2174.98048,2164.19252,2161.406105,10.78796000000011,13.57437500000015,2164.03773968254,2163.137742531746,838193.9,1300582.8,,1.002923374305615,1.036645061793174,2.039568436098789,1.0,3218.0,-1.0,-112848.0,-0.005066730576675101,-1.1444372870451365,0.1099,,0.5616,0.3107,0.032
20241230,2208.7644,2207.4206,2219.2879,2199.0243,2050455.0,10086.0,865725.0,1.0,0.0,3052.0,0.0,1.0,-2.0,123208.0,-232004.0,2186.4482,2168.26591,2163.16119,18.18228999999974,23.28701000000001,2168.598209761905,2162.765986976191,833360.8,,,0.9435745834715539,1.008333971497815,1.951908554969369,1.0,3052.0,-1.0,-108796.0,0.004918908242316949,-1.217839045850152,0.1153,,0.4932,0.2533,0.023
20241231,2204.143,2208.3703,2209.9958,2198.2992,2028390.0,-22065.0,613433.0,1.0,-1.0,2938.0,-10925.0,1.0,-2.0,129231.0,-233593.0,2195.27486,2173.22573,2165.10386,22.04912999999988,30.17099999999982,2172.71990547619,2163.065498865079,816910.0,,,0.9138967670522355,0.9906964956359353,1.904593262688171,0.0,-7987.0,-1.0,-104362.0,-0.010878085575259195,-1.3134690774942743,0.1113,,0.5068,0.2533,0.014
20250102,2199.0365,2201.0103,2211.6552,2197.1164,2041126.0,12736.0,528947.0,1.0,-1.0,4550.0,-16369.0,1.0,-2.0,126759.0,-242381.0,2199.68332,2178.73756,2168.78769,20.94576000000006,30.89562999999998,2176.164216269842,2164.070166412698,783078.6,,,0.9250129753714842,0.9906964956359353,1.915709471007419,0.0,-11819.0,-1.0,-115622.0,0.006239693188955508,-1.2863365393607538,0.1148,,0.4932,0.1893,0.02
20250103,2206.2836,2206.7152,2211.3255,2197.2925,2020979.0,-20147.0,720968.0,1.0,-1.0,4612.0,-10311.0,1.0,-2.0,124849.0,-245946.0,2205.14204,2184.64603,2171.72401,20.4960100000003,33.41803000000027,2179.774297698412,2165.732276587302,761846.8,,,0.9056596095133821,0.9872018876549064,1.892861497168288,0.0,-5699.0,-1.0,-121097.0,-0.009968930899331463,-1.3092799559561965,0.1143,,0.4795,0.2867,0.015
20250106,2210.1385,2203.5183,2214.4967,2190.969,2054826.0,33847.0,790485.0,1.0,-1.0,7101.0,-14965.0,1.0,-2.0,120700.0,-247796.0,2205.6732,2190.32684,2175.42255,15.34636,30.25064999999995,2183.205777857143,2167.999657730159,769485.0,,,0.8934124676208016,1.008333971497815,1.901746439118617,0.0,-7864.0,-1.0,-127096.0,0.016471954316326542,-1.19365885454441,0.1133,,0.3014,0.152,0.03
20250107,2208.9937,2211.6723,2217.4984,2199.8383,2055518.0,692.0,619098.0,1.0,-2.0,1591.0,-19546.0,1.0,-2.0,123566.0,-245009.0,2205.71906,2196.08363,2178.950485,9.63543000000027,26.76857500000051,2186.4406,2170.757481896826,750725.8,,,0.8835326300970577,1.008333971497815,1.891866601594873,-1.0,-17955.0,-1.0,-121443.0,0.00033665479942282186,-1.1374880850491524,0.1125,,0.274,0.2413,0.043
20250108,2214.3328,2210.3902,2217.5389,2206.2449,2053118.0,-2400.0,497888.0,1.0,-2.0,1226.0,-31853.0,1.0,-2.0,120684.0,-238088.0,2207.75702,2201.51594,2181.22664,6.241080000000238,26.53038000000015,2189.816795793651,2173.958190111111,727684.3,,,0.8565175701347764,1.008333971497815,1.864851541632591,-1.0,-30627.0,-1.0,-117404.0,-0.0011689537571634948,-1.1749479925465751,0.1126,,0.274,0.2387,0.034
20250109,2216.7737,2216.457,2220.1047,2203.4988,2068754.0,15636.0,633418.0,1.0,-2.0,2034.0,-21914.0,1.0,-2.0,120851.0,-255218.0,2211.30446,2205.49389,2183.082585,5.810570000000098,28.22187500000018,2193.206149444444,2177.418457190476,696457.9,,,0.830501351301649,1.008333971497815,1.838835322799464,-1.0,-19880.0,-1.0,-134367.0,0.007558172697188743,-1.2464687885012922,0.1099,,0.5205,0.3893,0.025
20250110,2236.2065,2218.3845,2246.2091,2218.3845,2076511.0,7757.0,1127789.0,1.0,-1.0,5601.0,-31060.0,1.0,-2.0,110482.0,-240316.0,2217.289040000001,2211.21554,2186.163205,6.073500000000422,31.12583500000073,2197.948993650793,2181.191268563492,748157.0,1353346.8,,0.8605303976402197,1.008333971497815,1.868864369138035,0.0,-25459.0,-1.0,-129834.0,0.003735593021178313,-1.1325722728857086,0.112,,0.4932,0.36,0.047
20250113,2254.6112,2235.4404,2261.384,2228.4111,2110040.0,33529.0,750995.0,1.0,-2.0,6360.0,-49357.0,1.0,-2.0,104550.0,-241805.0,2226.18358,2215.92839,2190.060455,10.25518999999986,36.12312500000007,2203.979371587302,2185.185431753968,714874.6,,0.13386,0.8962145725282568,1.008333971497815,1.904548544026072,-1.0,-42997.0,-1.0,-137255.0,0.015890220090614394,-1.124721492587034,0.1164,,0.4658,0.3347,0.049
20250114,2265.7238,2257.7013,2268.0468,2252.9093,2133862.0,23822.0,606092.0,2.0,-2.0,7505.0,-57684.0,1.0,-2.0,95428.0,-235935.0,2237.5296,2221.62433,2194.94512,15.90527000000066,42.58448000000044,2211.026190952381,2189.428229873016,688911.3,,0.13685,0.8813012048034169,0.9872018876549064,1.868503092458323,0.0,-50179.0,-1.0,-140507.0,0.011163795971810735,-1.1134003603116949,0.119,,0.3836,0.3027,0.051
20250115,2264.2749,2266.7541,2267.873,2252.4276,2125288.0,-8574.0,655204.0,2.0,-2.0,9398.0,-57863.0,1.0,-2.0,89162.0,-239146.0,2247.51802,2227.63752,2200.431625,19.88050000000067,47.08639500000027,2217.697376031746,2193.925976928571,693088.4,,,0.8536780439894922,0.9872018876549064,1.840879931644399,0.0,-48465.0,-1.0,-149984.0,-0.004034276766254738,-1.1233558566294428,0.116,,0.3288,0.2827,0.05
20250116,2276.9308,2264.1912,2278.483,2261.2645,2154035.0,28747.0,741292.0,1.0,-2.0,21474.0,-59117.0,1.0,-2.0,83123.0,-241198.0,2259.54944,2235.42695,2207.082255,24.12248999999974,52.46718499999952,2224.643310396825,2198.77388634127,714322.9,,,0.8883681906426254,0.9805777794695645,1.86894597011219,-1.0,-37643.0,-1.0,-158075.0,0.013345651300930579,-0.7191840303444096,0.1106,,0.3288,0.252,0.174
20250117,2281.6233,2278.1195,2288.1044,2266.2378,2164315.0,10280.0,834374.0,1.0,-2.0,19269.0,-57389.0,1.0,-2.0,81908.0,-240856.0,2268.6328,2242.96092,2213.803475,25.67188000000033,54.82932500000061,2231.746450079365,2203.971101579365,725663.5,,,0.8374851754137618,0.9805777794695645,1.818062954883326,-1.0,-38120.0,-1.0,-158948.0,0.004749770712673525,-0.6363561474942538,0.1112,,0.3151,0.2787,0.219
20250120,2277.1908,2278.9218,2287.243,2270.4943,2158014.0,-6301.0,729011.0,1.0,-2.0,23327.0,-57638.0,1.0,-2.0,89216.0,-258477.0,2273.14872,2249.66615,2219.996495,23.48257000000012,53.15222499999982,2238.039295238095,2209.45445331746,719516.1,,0.14007,0.8244313798730384,0.9805777794695645,1.805009159342603,-1.0,-34311.0,-1.0,-169261.0,-0.002919814236608289,-0.5810579885258025,0.1218,,0.2466,0.2013,0.244
20250121,2269.0971,2276.3482,2281.4578,2262.011,2155752.0,-2262.0,678027.0,1.0,-2.0,23185.0,-56681.0,1.0,-2.0,89116.0,-256893.0,2273.82338,2255.67649,2225.88006,18.14688999999998,47.94332000000031,2243.103058253967,2215.120699142857,725409.0,,,0.8474218775682197,0.9666691108658344,1.814090988434054,-1.0,-33496.0,-1.0,-167777.0,-0.0010492858176636274,-0.6154130652496322,0.1178,,0.2329,0.1827,0.23
20250122,2264.3127,2266.2609,2267.3968,2258.1962,2151440.0,-4312.0,547788.0,1.0,-2.0,23342.0,-56744.0,1.0,-2.0,87927.0,-261413.0,2273.83094,2260.67448,2231.09521,13.15646000000015,42.73572999999942,2246.85758952381,2220.824778515873,730399.0,,,0.8340942713822614,0.9666691108658344,1.800763382248096,-1.0,-33402.0,-1.0,-173486.0,-0.0020042390213066597,-0.6063744591732408,0.119,,0.2192,0.172,0.232
20250123,2271.5764,2263.8745,2278.7867,2263.8745,2138787.0,-12653.0,593669.0,1.0,-2.0,23096.0,-59755.0,1.0,-2.0,85284.0,-259763.0,2272.76006,2266.15475,2235.82432,6.605309999999463,36.93573999999944,2250.793802301587,2226.583543801587,726424.1,,,0.8351560851856796,0.9473693769364159,1.782525462122095,-1.0,-36659.0,-1.0,-174479.0,-0.005915970126992543,-0.6241820189013753,0.1174,,0.2329,0.1573,0.225
20250124,2260.178,2270.0473,2270.9644,2257.3851,2099399.0,-39388.0,600134.0,1.0,-2.0,21266.0,-58354.0,1.0,-2.0,87458.0,-267789.0,2268.471,2268.5519,2239.88372,-0.0808999999999287,28.58727999999974,2253.471914761905,2232.135835912698,673658.6,,,0.8042506869303226,0.9473693769364159,1.751620063866739,-1.0,-37088.0,-1.0,-180331.0,-0.018761559855939722,-0.7331584573098193,0.1168,,0.2192,0.1507,0.163
20250127,2275.9583,2261.6173,2282.6848,2258.452,2072124.0,-27275.0,484910.0,1.0,-2.0,19196.0,-61447.0,1.0,-2.0,94939.0,-242785.0,2268.2245,2270.68661,2243.3075,-2.462109999999939,24.91699999999992,2256.706035396825,2237.408502293651,647050.1,,0.139495,0.8233286746980037,0.9666691108658344,1.789997785563838,-1.0,-42251.0,-1.0,-147846.0,-0.01316282230214022,-0.6704551116016864,0.1213,,0.2055,0.1387,0.2
20250205,2279.1466,2286.9471,2298.4825,2275.2071,2089039.0,16915.0,421362.0,1.0,-2.0,23794.0,-62340.0,1.0,-2.0,78420.0,-240896.0,2270.2344,2272.02889,2246.82661,-1.794490000000224,23.40778999999975,2260.666142222222,2242.372497420635,628577.1,,,0.8594487996396755,0.9666691108658344,1.82611791050551,-1.0,-38546.0,-1.0,-162476.0,0.008097024517014762,-0.7717518201889212,0.1132,,0.1233,0.1013,0.144
20250206,2292.7072,2278.2243,2299.2197,2278.2243,2129161.0,40122.0,747603.0,1.0,-2.0,22393.0,-62078.0,1.0,-2.0,75979.0,-251744.0,2275.9133,2274.87212,2251.25482,1.041180000000168,24.65848000000051,2264.780813095238,2247.080841126984,637817.0,,,0.8712112951873784,0.9473693769364159,1.818580672123794,-1.0,-39685.0,-1.0,-175765.0,0.01884404232465276,-0.772100166374771,0.1131,,0.0822,0.004,0.144
20250207,2280.1857,2291.7203,2295.5831,2268.9816,2116808.0,-12353.0,899404.0,1.0,-2.0,27373.0,-58201.0,1.0,-2.0,97581.0,-279180.0,2277.63516,2275.19761,2255.31228,2.437550000000101,22.32288000000062,2267.86975515873,2251.403485603174,653628.2,1079284.8,,0.8610990784898106,0.9666691108658344,1.827768189355645,-1.0,-30828.0,-1.0,-181599.0,-0.005835673334567896,-0.7804855936955792,0.1137,,0.0822,0.0053,0.137
20250210,2288.6832,2279.103,2290.9141,2278.6829,2103511.0,-13297.0,611388.0,1.0,-2.0,27955.0,-57651.0,1.0,-2.0,98051.0,-257955.0,2283.3362,2275.9036,2259.43226,7.432600000000093,23.90394000000015,2270.910897142857,2255.319930309523,631329.6,,,0.7950498280736438,0.9666691108658344,1.761718938939478,-1.0,-29696.0,-1.0,-159904.0,-0.0063213360899943,-0.7049271410725465,0.1112,,0.0959,0.0067,0.19
20250211,2291.7824,2289.2968,2294.3553,2284.9024,2078433.0,-25078.0,469390.0,1.0,-2.0,28543.0,-51314.0,1.0,-2.0,95596.0,-252361.0,2286.50102,2277.36276,2263.514455,9.138260000000173,22.98656500000016,2274.006820238095,2258.916682809524,605367.5,,,0.776565031587822,0.9473693769364159,1.723934408524238,-1.0,-22771.0,-1.0,-156765.0,-0.012065820740913948,-0.6786046567430442,0.1122,,0.0822,0.0027,0.201
20250212,2298.0166,2291.6278,2300.5727,2281.9731,2067112.0,-11321.0,708196.0,1.0,-1.0,26371.0,-35486.0,1.0,-2.0,93249.0,-246896.0,2290.27502,2280.25471,2267.9656,10.02030999999988,22.30942000000005,2277.093787142857,2262.315755698412,608384.4,,,0.785629307413313,0.938337574987917,1.72396688240123,0.0,-9115.0,-1.0,-153647.0,-0.005476723080316886,-0.6942372090710885,0.1092,,0.0822,0.004,0.195
20250213,2298.5605,2300.531,2318.8778,2292.9975,2053236.0,-13876.0,1091920.0,1.0,-1.0,34447.0,-35487.0,1.0,-2.0,90626.0,-249801.0,2291.44568,2283.67949,2272.176985,7.766189999999824,19.26869500000021,2280.41696,2265.671692746032,662797.6,1310304.0,,0.8122253979192159,0.9473693769364159,1.759594774855632,0.0,-1040.0,-1.0,-159175.0,-0.006758112559881085,-0.6327517076039445,0.1087,,0.0685,0.0053,0.23
20250214,2299.3281,2300.6068,2307.9474,2296.8526,2043423.0,-9813.0,578668.0,1.0,-1.0,35433.0,-33383.0,1.0,-2.0,90954.0,-250274.0,2295.27416,2286.45466,2276.304705,8.819500000000062,18.96945499999993,2283.168046111111,2268.909117126984,661297.5,,,0.7780572527944645,0.9473693769364159,1.72542662973088,0.0,2050.0,-1.0,-159320.0,-0.00480223624770789,-0.5987679167315937,0.109,,0.0822,0.0067,0.246
20250217,2286.4907,2300.6482,2300.6482,2278.5846,2001107.0,-42316.0,951855.0,1.0,-1.0,35285.0,-30134.0,1.0,-2.0,94699.0,-247200.0,2294.83566,2289.08593,2278.818915,5.749729999999545,16.0167449999999,2284.568324126983,2272.018758063492,696469.6,1142226.0,,0.7944627403343868,0.9610093268913298,1.755472067225717,0.0,5151.0,-1.0,-152501.0,-0.021146295525426677,-0.7391991610278278,0.1057,,0.0685,0.008,0.163
20250218,2288.5428,2286.9939,2295.7447,2283.0213,1979700.0,-21407.0,567447.0,1.0,-1.0,35440.0,-29565.0,1.0,-2.0,95430.0,-239136.0,2294.18774,2290.34438,2280.515495,3.843359999999848,13.67224499999975,2285.571709920635,2274.905325515873,704723.3,,,0.7729528484917457,0.9610093268913298,1.733962175383076,0.0,5875.0,-1.0,-143706.0,-0.01081325453351518,-0.8722505300447575,0.1048,,0.0685,0.0147,0.103
20250219,2288.9785,2288.6487,2295.3825,2283.6587,1968061.0,-11639.0,537808.0,1.0,-1.0,35731.0,-27275.0,1.0,-2.0,96731.0,-219707.0,2292.38012,2291.32757,2281.67823,1.052549999999883,10.70189000000028,2286.491302142857,2277.487841507937,716367.9,,,0.7749286057699473,0.9473693769364159,1.722297982706363,0.0,8456.0,-1.0,-122976.0,-0.00591394270807663,-0.8901823565999535,0.105,,0.0822,0.016,0.098
20250220,2268.3372,2290.6926,2291.8602,2266.9694,2005323.0,37262.0,1012860.0,1.0,-1.0,36481.0,-21862.0,1.0,-2.0,97018.0,-221528.0,2286.33546,2288.89057,2281.881345,-2.555109999999786,4.454115000000456,2285.907609603175,2279.60052115873,742893.6,1215432.0,,0.8061932057796708,0.9610093268913298,1.767202532671001,0.0,14619.0,-1.0,-124510.0,0.01858154521740388,-1.0650180259432571,0.1043,,0.137,0.104,0.062
20250221,2275.7613,2270.8154,2281.4829,2268.2119,2044651.0,39328.0,685549.0,1.0,-1.0,36826.0,-21876.0,1.0,-2.0,98666.0,-210611.0,2281.6221,2288.44813,2281.82287,-6.826030000000173,-0.2007699999999204,2285.20772968254,2281.334318611111,721508.1,,,0.8029259439641495,0.9610093268913298,1.763935270855479,0.0,14950.0,-1.0,-111945.0,0.01923457841949555,-1.0488234686907596,0.1007,,0.1644,0.1227,0.065
20250224,2289.0994,2276.1059,2297.3994,2273.694,2014161.0,-30490.0,864309.0,1.0,-1.0,36808.0,-22708.0,1.0,-2.0,93820.0,-209733.0,2282.14384,2288.48975,2282.196675,-6.345910000000003,-0.05283500000041386,2285.587575476191,2282.801986444445,746800.2,,,0.8009496721627927,0.9706145069480093,1.771564179110802,0.0,14100.0,-1.0,-115913.0,-0.015137816688934002,-1.1022037427785731,0.0999,,0.2192,0.0707,0.053
20250225,2277.5813,2285.1347,2290.1162,2276.3288,2053602.0,39441.0,664192.0,1.0,-1.0,36885.0,-20881.0,1.0,-2.0,93214.0,-220618.0,2279.95154,2287.06964,2282.2162,-7.118099999999686,-2.264659999999367,2285.443356666667,2283.945640087301,766280.4,,,0.7713610933136429,0.9610093268913298,1.732370420204973,0.0,16004.0,-1.0,-127404.0,0.019205766258505785,-1.163992810613804,0.0982,,0.3014,0.1933,0.036
20250226,2275.4515,2275.0639,2278.6661,2264.874,2152977.0,99375.0,875914.0,1.0,-1.0,36731.0,-17548.0,1.0,-2.0,87807.0,-248087.0,2277.24614,2284.81313,2282.53392,-7.566989999999805,-5.287779999999657,2284.637055238095,2284.699966896826,783052.2,,,0.7492714235542839,0.9473693769364159,1.6966408004907,0.0,19183.0,-1.0,-160280.0,0.046157018862718925,-1.0844460153661564,0.1013,,0.3151,0.2027,0.06
20250227,2296.4891,2276.2082,2298.3221,2275.2519,2121248.0,-31729.0,976189.0,1.0,-1.0,33702.0,-15150.0,1.0,-2.0,83677.0,-212462.0,2282.87652,2284.60599,2284.14274,-1.729469999999765,-1.266219999999976,2285.249791507936,2285.183250047619,771479.1,1171426.8,0.1242,0.7378626079785319,0.9610093268913298,1.698871934869862,0.0,18552.0,-1.0,-128785.0,-0.014957704143975622,-1.1588101531285957,0.108,,0.4247,0.2413,0.039
20250228,2295.9978,2295.539,2305.3294,2292.5696,2078113.0,-43135.0,729292.0,1.0,-1.0,31084.0,-15147.0,1.0,-2.0,78895.0,-178143.0,2286.92382,2284.27296,2285.36381,2.650859999999739,1.560010000000148,2286.534572777778,2285.519902714286,786541.5,,0.125925,0.7393444129101171,0.9473693769364159,1.686713789846533,0.0,15937.0,-1.0,-99248.0,-0.020756811588205262,-1.1968966445317737,0.1095,0.2962515114873035,0.4384,0.304,0.031
20250303,2316.323,2292.6651,2319.351,2290.7304,2079118.0,1005.0,767692.0,1.0,-1.0,31468.0,-24346.0,1.0,-2.0,77497.0,-189400.0,2292.36854,2287.25619,2288.17106,5.112350000000333,4.197480000000724,2288.67068436508,2285.930138738096,768125.2,,,0.7985747527641455,0.9610093268913298,1.759584079655475,0.0,7122.0,-1.0,-111903.0,0.0004833780478068104,-1.1778335263555646,0.1041,0.0848920863309353,0.4932,0.336,0.036
20250304,2315.6237,2318.8548,2327.3651,2313.1345,2023392.0,-55726.0,989492.0,1.0,-1.0,29873.0,-24365.0,1.0,-2.0,76044.0,-170440.0,2299.97702,2289.96428,2290.15433,10.01273999999967,9.822689999999511,2291.517667619048,2286.524734507937,810329.7,1187390.4,,0.7845141191062053,0.9473693769364159,1.731883496042621,0.0,5508.0,-1.0,-94396.0,-0.027540881845930003,-0.9347369521395812,0.1047,0.0935251798561152,0.5342,0.3627,0.094
20250305,2291.4383,2315.6761,2317.0711,2290.4961,1981355.0,-42037.0,1117700.0,1.0,-1.0,32835.0,-20967.0,1.0,-2.0,84642.0,-209962.0,2303.17438,2290.21026,2290.768915,12.96412000000009,12.40546499999982,2292.458730952381,2287.121477388889,868318.9,1341240.0,,0.7868548778838502,0.9473693769364159,1.734224254820266,0.0,11868.0,-1.0,-125320.0,-0.02121628885283051,-0.9711760524122623,0.1053,0.1021582733812951,0.7534,0.6067,0.085
20250306,2317.1911,2294.0568,2317.6547,2293.7813,2059766.0,78411.0,852707.0,1.0,-1.0,34276.0,-24317.0,1.0,-2.0,76396.0,-212062.0,2307.31478,2295.09565,2291.99311,12.2191299999995,15.32166999999936,2294.297892222222,2287.960505650793,852303.6,,0.133975,0.8335490815711093,0.9473693769364159,1.780918458507525,0.0,9959.0,-1.0,-135666.0,0.038067916452645595,-1.2944693110331644,0.1165,0.2633093525179858,0.7397,0.5933,0.019
20250307,2315.9576,2316.4495,2324.3259,2312.403,2068896.0,9130.0,694359.0,1.0,-1.0,35593.0,-24408.0,1.0,-2.0,77151.0,-184152.0,2311.30674,2299.11528,2293.781705,12.19146000000001,17.52503499999966,2296.636187857143,2289.103351468254,853184.6,,,0.80120581055029,0.938337574987917,1.739543385538207,0.0,11185.0,-1.0,-107001.0,0.004412981609515413,-1.053285706136715,0.1104,0.1755395683453238,0.7397,0.576,0.07
20250310,2326.467,2313.2349,2342.7811,2306.8163,2068723.0,-173.0,945685.0,1.0,-1.0,35705.0,-23221.0,1.0,-2.0,82195.0,-182872.0,2313.33554,2302.85204,2295.670895,10.48349999999982,17.66464499999984,2299.500708571429,2290.494664777777,861322.2,,,0.8725496736356935,0.938337574987917,1.810887248623611,0.0,12484.0,-1.0,-100677.0,-8.362646908261764e-05,-1.1126576355322473,0.1104,0.2469635627530364,0.5068,0.3373,0.058
20250311,2334.6648,2327.4712,2338.1239,2319.3236,2101116.0,32393.0,724282.0,1.0,-1.0,34259.0,-23338.0,1.0,-2.0,82630.0,-162531.0,2317.14376,2308.56039,2297.815015,8.583369999999832,19.3287449999998,2302.938393809524,2292.244168492064,867331.2,,,0.8932907125210627,0.925334567663579,1.818625280184642,0.0,10921.0,-1.0,-79901.0,0.015417045037018422,-0.4071780348053054,0.1162,0.36437246963562747,0.4795,0.2707,0.337
20250312,2324.5189,2332.2358,2336.3735,2323.4579,2083211.0,-17905.0,662526.0,1.0,-1.0,32667.0,-20217.0,1.0,-2.0,74911.0,-156834.0,2323.75988,2313.46713,2299.14013,10.29275000000007,24.61974999999984,2305.795786587302,2294.360041626984,845992.4,,,0.8546052126682379,0.925334567663579,1.779939780331817,0.0,12450.0,-1.0,-81923.0,-0.008594904692803561,-0.3087834730189251,0.1103,0.24493927125506065,0.4247,0.2533,0.387
20250313,2309.2356,2320.8223,2320.8223,2304.1248,2079064.0,-4147.0,985440.0,1.0,-1.0,33940.0,-25201.0,1.0,-2.0,87964.0,-184540.0,2322.16878,2314.74178,2299.673885,7.427000000000135,22.49489499999981,2307.081551825397,2296.54321765873,846917.5,,,0.875781631572146,0.9164154284320858,1.792197060004232,0.0,8739.0,-1.0,-96576.0,-0.0019946475914161374,-0.2253198517518162,0.1128,0.2955465587044534,0.3699,0.2613,0.409
20250314,2319.0657,2309.5456,2322.0896,2307.8356,2071452.0,-7612.0,640797.0,1.0,-1.0,35677.0,-25575.0,1.0,-2.0,88517.0,-179951.0,2322.7904,2317.04857,2300.660765,5.741830000000391,22.12963500000069,2308.695274047619,2298.759287785714,838068.0,,,0.8457227204201452,0.9097630531276638,1.755485773547809,0.0,10102.0,-1.0,-91434.0,-0.003674717058372581,-1.0899110546272934,0.1113,0.26518218623481776,0.3014,0.2133,0.062
20250317,2302.7599,2321.7852,2323.1522,2302.028,2105088.0,33636.0,751724.0,1.0,-1.0,25239.0,-23992.0,1.0,-2.0,97033.0,-189357.0,2318.04898,2315.69226,2301.474225,2.356720000000223,16.57475499999964,2309.485863492063,2300.840805698413,836471.2,,,0.8677499252964922,0.916385350727809,1.784135276024301,0.0,1247.0,-1.0,-92324.0,0.015978429405326525,0.1398689321975115,0.103,0.09716599190283395,0.3151,0.216,0.645
20250318,2303.5366,2303.1019,2308.7762,2297.6369,2124691.0,19603.0,700156.0,1.0,-1.0,24159.0,-20814.0,1.0,-2.0,111668.0,-189460.0,2311.82334,2314.48355,2302.223915,-2.660210000000006,9.599424999999883,2309.662622222222,2302.65530115873,807537.6,,,0.8588015970987767,0.916385350727809,1.775186947826586,0.0,3345.0,-1.0,-77792.0,0.009226282786532253,0.1307253802450752,0.0984,0.004484304932735553,0.3151,0.2253,0.636
20250319,2298.3506,2304.3638,2305.577,2292.5871,2170725.0,46034.0,763940.0,1.0,-1.0,23452.0,-18911.0,1.0,-2.0,110089.0,-201105.0,2306.58968,2315.17478,2302.69252,-8.585100000000239,3.897159999999985,2309.486120714286,2304.358040134921,772161.6,,,0.8276124282171387,0.9097630531276638,1.737375481344802,0.0,4541.0,-1.0,-91016.0,0.021206739683746215,0.0863897520970375,0.09,0.0,0.4384,0.292,0.602
20250320,2294.7228,2296.3023,2298.1948,2283.3253,2211702.0,40977.0,715264.0,1.0,-1.0,22205.0,-19104.0,1.0,-2.0,112353.0,-212498.0,2303.68712,2312.92795,2304.0118,-9.240830000000187,-0.3246800000001713,2308.570402619048,2305.785291174603,758417.3,,,0.8346438221367944,0.8925293282126082,1.727173150349403,0.0,3101.0,-1.0,-100145.0,0.018527360376759616,0.0352064337583021,0.0952,0.15249266862170116,0.4795,0.336,0.561
20250321,2303.6541,2295.0797,2307.9496,2292.3225,2218950.0,7248.0,589482.0,1.0,-1.0,23911.0,-19566.0,1.0,-2.0,103520.0,-202867.0,2300.6048,2311.6976,2305.40644,-11.0927999999999,-4.801640000000134,2308.272873253968,2306.948959714286,747929.6,,,0.7948141548412202,0.8922017011494237,1.687015855990644,0.0,4345.0,-1.0,-99347.0,0.0032664097884134388,0.1047039853494971,0.0957,0.16715542521994123,0.5068,0.3733,0.618
20250324,2287.5666,2304.1071,2307.6849,2283.4405,2224056.0,5106.0,704460.0,2.0,-1.0,22649.0,-19484.0,1.0,-2.0,105650.0,-207341.0,2297.56614,2307.80756,2305.3298,-10.24142000000029,-7.763660000000073,2307.216744206349,2307.720563277778,723807.1,,,0.8264784833551497,0.8922017011494237,1.718680184504573,1.0,3165.0,-1.0,-101691.0,0.002295805501300327,0.0432926025918161,0.0933,0.09677419354838701,0.4795,0.4013,0.575
20250325,2288.0567,2286.2535,2292.5447,2281.7208,2253182.0,29126.0,567494.0,1.0,-1.0,24198.0,-19640.0,1.0,-2.0,102741.0,-214572.0,2294.47016,2303.14675,2305.85357,-8.676590000000033,-11.38341000000037,2305.528881111111,2307.979612007936,708128.3,,,0.777838768030984,0.8758008062598817,1.653639574290866,0.0,4558.0,-1.0,-111831.0,0.012926607792890232,0.0260527081495292,0.09,0.0,0.5479,0.4427,0.558
20250326,2279.1218,2285.5228,2293.563,2272.9266,2260663.0,7481.0,718723.0,1.0,0.0,23873.0,0.0,1.0,-2.0,103253.0,-227105.0,2290.6244,2298.60704,2306.037085,-7.982640000000174,-15.41268500000069,2303.135114206349,2307.713544769842,713748.0,,,0.7614737568606952,0.8758008062598817,1.637274563120577,1.0,23873.0,-1.0,-123852.0,0.0033092061930504457,0.0253455511424086,0.0852,0.0,0.6027,0.4813,0.558
20250327,2283.7538,2279.6136,2286.6817,2271.8133,2264388.0,3725.0,671755.0,1.0,0.0,22361.0,0.0,1.0,-2.0,95834.0,-214911.0,2288.4306,2296.05886,2305.40032,-7.628259999999955,-16.96972000000005,2300.853402777778,2307.090729865079,682379.5,,,0.771365793780332,0.8674783524411095,1.638844146221441,1.0,22361.0,-1.0,-119077.0,0.001645036098053867,0.0429147684401722,0.0816,0.0,0.6164,0.5013,0.577
20250328,2278.2546,2282.9182,2289.5101,2275.9705,2258422.0,-5966.0,554095.0,1.0,0.0,22627.0,0.0,1.0,-2.0,96874.0,-223176.0,2283.3507,2291.97775,2304.51316,-8.627050000000509,-21.16246000000001,2298.449088333333,2306.066111293651,673709.3,,,0.7028927093695112,0.8284369789913022,1.531329688360813,1.0,22627.0,-1.0,-126302.0,-0.0026416675005822648,0.0611852804662011,0.0778,0.0,0.274,0.252,0.593
20250331,2268.6576,2277.2731,2278.543,2262.9679,2284639.0,26217.0,802822.0,1.0,0.0,23839.0,0.0,1.0,-2.0,99387.0,-231925.0,2279.5689,2288.56752,2302.12989,-8.998620000000301,-22.5609900000004,2295.230511269842,2304.640576071429,678819.1,,,0.6943017561607208,0.8284369789913022,1.522738735152023,1.0,23839.0,-1.0,-132538.0,0.01147533592834579,0.0784246563185511,0.0809,0.07045454545454556,0.274,0.2533,0.603
20250401,2275.0083,2269.3269,2280.176,2265.0826,2289265.0,4626.0,623835.0,1.0,0.0,21012.0,0.0,1.0,-2.0,97777.0,-229747.0,2276.95922,2285.71469,2300.09912,-8.755470000000514,-23.13990000000013,2292.544818253969,2302.928795674603,671187.0,,,0.7021590820520276,0.8069110703614393,1.509070152413467,1.0,21012.0,-1.0,-131970.0,0.0020207359130550635,0.0332826322692465,0.0826,0.10909090909090935,0.2877,0.2547,0.563
20250402,2290.8212,2274.7975,2292.4353,2273.4877,2287771.0,-1494.0,711855.0,1.0,0.0,19712.0,0.0,1.0,-2.0,90077.0,-218943.0,2279.2991,2284.96175,2300.068265,-5.662649999999758,-20.7691649999997,2290.975582857142,2301.077741888889,665978.5,,,0.6980522381238353,0.8069110703614393,1.504963308485275,1.0,19712.0,-1.0,-128866.0,-0.0006530373887945952,0.0856849507909117,0.0736,0.0,0.3151,0.2653,0.61
20250403,2305.9947,2291.3564,2306.1616,2290.3462,2227222.0,-60549.0,855984.0,1.0,0.0,13429.0,0.0,1.0,-2.0,84111.0,-190020.0,2283.74728,2286.08894,2299.508445,-2.341660000000047,-15.76116500000035,2291.089963412699,2299.329697968254,680050.5,1027180.8,0.096255,0.7032070386280385,0.8069110703614393,1.510118108989478,1.0,13429.0,-1.0,-105909.0,-0.027185884478511797,0.1636662491939784,0.0837,0.2095435684647302,0.3562,0.332,0.678
20250407,2304.1326,2311.1483,2323.4222,2298.9817,2134355.0,-92867.0,969790.0,1.0,-1.0,12714.0,-17275.0,1.0,-2.0,76096.0,-199304.0,2288.92288,2286.13679,2298.917195,2.786089999999604,-9.99431500000037,2291.871432857143,2297.689553928572,718081.3,1163748.0,0.113965,0.7135204471188497,0.8164695387783588,1.529989985897208,0.0,-4561.0,-1.0,-123208.0,-0.04351056876667658,0.1726634763119935,0.0991,0.5290456431535268,0.3699,0.364,0.683
20250408,2311.361,2304.5374,2314.6712,2299.4276,2122847.0,-11508.0,724677.0,2.0,0.0,10175.0,0.0,1.0,-2.0,70467.0,-208188.0,2297.46356,2288.51623,2298.161895,8.947329999999965,-0.6983350000000428,2292.797493174603,2296.247628825397,720103.0,,0.127305,0.726144519244176,0.8164695387783588,1.542614058022535,2.0,10175.0,-1.0,-137721.0,-0.0054210218635634124,0.1112725855489967,0.1107,0.7697095435684648,0.3425,0.3973,0.628
20250409,2294.4112,2311.1399,2317.1345,2287.556,2151708.0,28861.0,1110579.0,1.0,0.0,12364.0,0.0,1.0,-2.0,76734.0,-228961.0,2301.34414,2289.15168,2296.149215,12.19246000000021,5.194925000000239,2293.00282079365,2294.995022793651,774411.5,1332694.8,0.134665,0.7779671851228867,0.8164695387783588,1.594436723901246,1.0,12364.0,-1.0,-152227.0,0.013413065341579806,0.0144456197146112,0.1171,0.9024896265560164,0.4247,0.484,0.552
20250410,2301.4961,2300.7693,2304.7078,2286.6409,2157319.0,5611.0,744358.0,1.0,0.0,12233.0,0.0,1.0,-2.0,65093.0,-216147.0,2303.47912,2291.38911,2294.998075,12.09000999999989,8.48104499999954,2293.31892984127,2294.013404357142,776975.0,,,0.7872864632932084,0.8164695387783588,1.603756002071567,1.0,12233.0,-1.0,-151054.0,0.0026009134485905886,0.0049332587468586,0.1118,0.7925311203319501,0.5068,0.544,0.544
20250411,2300.8885,2298.6279,2304.4408,2292.5515,2172212.0,14893.0,602561.0,1.0,0.0,12497.0,0.0,1.0,-2.0,65288.0,-213612.0,2302.45788,2293.10258,2294.58072,9.35530000000017,7.877160000000003,2293.649648174603,2293.293028896825,770055.6,,0.13708,0.7756990548724934,0.8164695387783588,1.592168593650852,1.0,12497.0,-1.0,-148324.0,0.006856144796180115,-0.0476614230645737,0.1192,0.9460580912863069,0.5342,0.5573,0.51
20250414,2297.9743,2302.764,2312.4227,2293.3627,2218599.0,46387.0,785922.0,1.0,0.0,13306.0,0.0,1.0,-2.0,65258.0,-225698.0,2301.22622,2295.07455,2293.52615,6.151670000000195,7.700069999999869,2294.249316031746,2292.873051666666,793238.3,,,0.7592865127109829,0.8280361700394796,1.587322682750463,1.0,13306.0,-1.0,-160440.0,0.020908239839646552,-0.1079876932044943,0.1068,0.6887966804979254,0.5616,0.6013,0.466
20250415,2291.2188,2296.2032,2298.8002,2282.8954,2235639.0,17040.0,944171.0,2.0,0.0,14119.0,-10654.0,1.0,-2.0,64963.0,-241405.0,2297.19778,2297.33067,2292.949095,-0.1328900000003159,4.248685000000023,2294.059251031746,2292.755925642857,807373.2,,,0.7750483669834316,0.8164695387783588,1.591517905761791,2.0,3465.0,-1.0,-176442.0,0.007621981903160573,-0.1440708172772775,0.1009,0.5663900414937759,0.6712,0.7053,0.443
20250416,2294.6594,2292.7677,2303.5169,2289.3312,2245481.0,9842.0,769024.0,1.0,-1.0,14127.0,-13403.0,1.0,-2.0,65562.0,-224214.0,2297.24742,2299.295779999999,2292.505235,-2.048359999999775,4.742185000000063,2294.232831428571,2292.924726960317,821892.1,,,0.7545767035972876,0.8069110703614393,1.561487773958727,0.0,724.0,-1.0,-158652.0,0.004383025285005751,-0.1087588855356559,0.1009,0.5663900414937759,0.7671,0.752,0.466
20250417,2294.5368,2294.3983,2300.2638,2288.293,2239710.0,-5771.0,669512.0,1.0,-1.0,0.0,-23880.0,1.0,-2.0,66215.0,-224186.0,2295.85556,2299.66734,2292.314545,-3.811779999999999,3.541014999999788,2294.418776746032,2293.269046349206,817657.8,,,0.7452991568195851,0.8069110703614393,1.552210227181024,0.0,-23880.0,-1.0,-157971.0,-0.0025766728728272856,-0.0644531147241345,0.098,0.5062240663900416,0.8082,0.6813,0.498
20250418,2281.9947,2294.7525,2295.2732,2280.6563,2271837.0,32127.0,874148.0,1.0,-1.0,2497.0,-28029.0,1.0,-2.0,68744.0,-230840.0,2292.0768,2297.26734,2291.67814,-5.190540000000055,0.3986599999998361,2293.763507936508,2293.536400801587,819474.2,,,0.7485670545384482,0.8069110703614393,1.555478124899887,0.0,-25532.0,-1.0,-162096.0,0.014141419476837468,-0.1169557546850801,0.0955,0.45435684647302904,0.8219,0.7373,0.46
20250421,2295.7365,2282.219,2297.3817,2274.8256,2264245.0,-7592.0,919912.0,1.0,-1.0,8871.0,-27039.0,1.0,-2.0,69028.0,-217364.0,2291.62924,2296.42773,2291.28226,-4.798490000000584,0.3469799999998031,2293.677553412698,2293.717012857143,814486.4,,,0.7696568084424755,0.8164695387783588,1.586126347220834,0.0,-18168.0,-1.0,-148336.0,-0.0033529940443724066,-0.1600713085782342,0.0966,0.4771784232365146,0.8356,0.776,0.436
20250422,2313.7809,2291.5343,2315.4668,2291.189,2264161.0,-84.0,1068717.0,1.0,-1.0,3515.0,-25892.0,1.0,-2.0,60387.0,-189417.0,2296.14166,2296.66972,2292.592975,-0.5280599999996411,3.548685000000205,2295.111261269841,2293.948389666667,848890.4,1282460.4,,0.7972710357153467,0.8164695387783588,1.613740574493705,0.0,-22377.0,-1.0,-129030.0,-3.709983521489859e-05,-0.1065993777921869,0.0947,0.4377593360995852,0.8493,0.8147,0.472
20250423,2313.1824,2313.6578,2317.8298,2308.2594,2242539.0,-21622.0,727516.0,1.0,-1.0,1217.0,-23444.0,1.0,-2.0,56081.0,-181910.0,2299.84626,2298.54684,2293.84926,1.299420000000282,5.997000000000298,2297.124996269842,2294.360607214286,810584.1,,,0.7675968945406225,0.8164695387783588,1.584066433318981,0.0,-22227.0,-1.0,-125829.0,-0.009641749820181499,-0.0802121949635605,0.0918,0.38155136268343826,0.9589,0.9613,0.488
20250424,2327.0655,2311.6188,2328.6497,2307.9418,2242301.0,-238.0,898850.0,1.0,-1.0,9040.0,-22343.0,1.0,-2.0,53756.0,-179519.0,2306.352,2301.10378,2296.246445,5.248219999999947,10.10555500000055,2299.781806904762,2295.006894920635,826033.3,,0.111435,0.7822784685753807,0.8164695387783588,1.598748007353739,0.0,-13303.0,-1.0,-125763.0,-0.00010614096858539509,0.0225531065200476,0.0969,0.4884696016771488,0.9452,0.9613,0.568
20250425,2326.7202,2324.4474,2330.6927,2315.9352,2235908.0,-6393.0,863934.0,1.0,-1.0,7891.0,-22857.0,1.0,-2.0,52887.0,-178021.0,2315.2971,2303.68695,2298.394765,11.61014999999998,16.90233500000022,2302.627550952381,2295.904685198413,852170.6,,0.11339,0.7517010460617947,0.8164695387783588,1.568170584840153,0.0,-14966.0,-1.0,-125134.0,-0.0028592410778976595,0.0672878305641017,0.0986,0.5241090146750522,0.9452,0.9613,0.609
20250428,2352.9151,2326.6106,2360.6125,2321.0574,2305598.0,69690.0,1291007.0,1.0,-1.0,3923.0,-21735.0,1.0,-2.0,45197.0,-148218.0,2326.73282,2309.18103,2302.12779,17.55178999999998,24.60503000000017,2307.139906825397,2297.193744277778,902679.1,1549208.4,0.12374,0.8260326634034016,0.8280361700394796,1.654068833442881,0.0,-17812.0,-1.0,-103021.0,0.03022643149412864,0.2219746077964465,0.1076,0.7127882599580713,0.9452,0.9573,0.725
20250429,2348.4033,2348.3968,2361.5945,2346.2594,2278617.0,-26981.0,1015967.0,2.0,-1.0,1189.0,-21229.0,1.0,-2.0,48781.0,-152347.0,2333.6573,2314.89948,2306.115075,18.75781999999981,27.54222499999969,2311.794623809524,2298.967281555556,909858.7,,0.130985,0.780611722318771,0.8280361700394796,1.608647892358251,1.0,-20040.0,-1.0,-103566.0,-0.011840954403482463,0.1966756891184904,0.1139,0.8448637316561844,0.9315,0.9187,0.711
20250430,2369.9709,2352.2323,2371.1497,2349.1547,2260079.0,-18538.0,849689.0,2.0,-1.0,2117.0,-18339.0,1.0,-2.0,51502.0,-152205.0,2345.015,2322.43063,2310.863205,22.58437000000004,34.15179500000022,2317.368080079365,2301.280806420635,917925.2,,0.14099,0.7934012919904637,0.8280361700394796,1.621437462029943,1.0,-16222.0,-1.0,-100703.0,-0.008202368147308126,0.3332238406355112,0.1226,1.0,0.8356,0.7427,0.767
20250506,2358.3436,2374.6486,2374.6486,2341.6886,2248473.0,-11606.0,808014.0,1.0,0.0,3135.0,0.0,1.0,-2.0,50970.0,-167516.0,2351.27062,2328.81131,2314.239325,22.45931000000019,37.03129500000023,2322.281325714286,2304.067061317461,931775.4,,,0.8568970459842349,0.8280361700394796,1.684933216023714,1.0,3135.0,-1.0,-116546.0,-0.005161725313134737,0.3532709662633537,0.1123,0.7897959183673469,0.8219,0.7813,0.775
20250507,2361.5543,2357.102,2379.1935,2357.102,2213721.0,-34752.0,1070250.0,2.0,-1.0,3301.0,-18839.0,1.0,-2.0,44442.0,-172865.0,2358.23744,2336.76727,2317.017305,21.4701699999996,41.22013500000003,2327.08321936508,2307.399032460317,951385.6,,,0.8645413083859903,0.8280361700394796,1.69257747842547,1.0,-15538.0,-1.0,-128423.0,-0.01569845522538748,0.4568590043209122,0.107,0.6816326530612244,0.7945,0.7533,0.814
20250508,2358.575,2362.0611,2370.9173,2355.0107,2187240.0,-26481.0,795097.0,2.0,-1.0,549.0,-18574.0,1.0,-2.0,50917.0,-166632.0,2359.36942,2343.05112,2319.739425,16.31829999999991,39.62999499999978,2331.346725634921,2311.16594968254,938904.1,,,0.8627604255998225,0.8164695387783588,1.679229964378181,1.0,-18025.0,-1.0,-115715.0,-0.012107039008064958,0.4914027859764753,0.1011,0.5612244897959183,0.7671,0.7253,0.829
20250509,2367.731,2361.0479,2370.159,2356.1842,2206473.0,19233.0,590171.0,1.0,-1.0,0.0,-18505.0,1.0,-2.0,47467.0,-169215.0,2363.23496,2348.44613,2322.557925,14.78882999999996,40.67703500000016,2335.806047619048,2315.23542831746,891049.5,,,0.8601852198806518,0.8164695387783588,1.676654758659011,0.0,-18505.0,-1.0,-121748.0,0.008716626036212543,0.5243933757013166,0.104,0.620408163265306,0.7534,0.5893,0.846
20250512,2356.3938,2371.2317,2380.8453,2348.3488,2168770.0,-37703.0,887818.0,1.0,0.0,3464.0,0.0,1.0,-2.0,51179.0,-186301.0,2360.51954,2352.76727,2325.657055,7.752269999999953,34.86248499999965,2339.575667380953,2319.480495428571,907079.7,,,0.9212673136576582,0.8280361700394796,1.749303483697138,1.0,3464.0,-1.0,-135122.0,-0.01738450826966437,0.465211824601018,0.1029,0.5979591836734695,0.7123,0.6347,0.815
20250513,2337.1541,2353.5927,2353.5927,2333.6638,2127890.0,-40880.0,938892.0,1.0,-1.0,7812.0,-16558.0,1.0,-2.0,58676.0,-209194.0,2356.28164,2353.77613,2327.439955,2.505510000000413,28.84168499999987,2341.226718253968,2323.624986563492,911083.9,,,0.9444619100972393,0.8509171823312629,1.795379092428502,0.0,-8746.0,-1.0,-150518.0,-0.019211519392449798,0.4947747030777025,0.0991,0.520408163265306,0.7123,0.616,0.832
20250514,2348.0389,2336.0935,2350.0101,2334.6552,2110213.0,-17677.0,660417.0,1.0,-1.0,11930.0,-16443.0,1.0,-2.0,54286.0,-204344.0,2353.57856,2355.908,2329.797475,-2.329439999999977,23.78108499999962,2342.875550634921,2327.649786531746,890732.2,,,0.9210294609024927,0.8280361700394796,1.749065630941972,0.0,-4513.0,-1.0,-150058.0,-0.008376879490364243,0.4995908516851114,0.1033,0.6061224489795919,0.6986,0.5547,0.833
20250515,2334.9512,2345.5171,2347.4305,2333.6542,2088154.0,-22059.0,601421.0,1.0,-1.0,10378.0,-17936.0,1.0,-2.0,58192.0,-210851.0,2348.8538,2354.11161,2331.64632,-5.257810000000063,17.20747999999958,2343.828048968254,2331.318600746032,821773.6,,,0.8903301975968827,0.8280361700394796,1.718366367636362,0.0,-7558.0,-1.0,-152659.0,-0.010563876035962864,0.6159054882260482,0.1007,0.5530612244897959,0.726,0.5547,0.883
20250516,2328.6423,2337.0197,2345.0004,2327.1943,2066750.0,-21404.0,710930.0,1.0,-1.0,7114.0,-17638.0,1.0,-2.0,63691.0,-197905.0,2341.03606,2352.13551,2333.517495,-11.09945000000016,7.518564999999853,2343.923940396825,2334.531532404762,791269.9,,,0.9149619737638901,0.8140043844423782,1.728966358206268,0.0,-10524.0,-1.0,-134214.0,-0.010356356598524253,0.6353716243016967,0.1017,0.573469387755102,0.7808,0.616,0.889
20250519,2326.0893,2329.1101,2333.1858,2323.5448,2036907.0,-29843.0,623494.0,2.0,-1.0,7447.0,-17337.0,1.0,-2.0,73956.0,-195511.0,2334.97516,2347.74735,2335.08899,-12.77219000000014,-0.1138300000002346,2343.405373968254,2337.135261793651,768650.4,,,0.8813260629509236,0.8140043844423782,1.695330447393302,1.0,-9890.0,-1.0,-121555.0,-0.014651135275199113,0.5071002781438736,0.0959,0.45510204081632655,0.7808,0.6427,0.838
20250520,2310.5609,2327.5085,2334.1824,2308.6633,2062668.0,25761.0,853231.0,1.0,-1.0,2390.0,-18348.0,1.0,-2.0,77153.0,-198389.0,2329.65652,2342.96908,2335.890195,-13.3125600000003,-6.233675000000403,2341.76764484127,2339.083893706349,773172.1,,,0.9145099964428057,0.8280361700394796,1.742546166482285,0.0,-15958.0,-1.0,-121236.0,0.01248916451896282,0.4615701993018357,0.097,0.47755102040816333,0.7945,0.6813,0.813
20250521,2321.8271,2312.9329,2325.3407,2306.2033,2050577.0,-12091.0,878129.0,1.0,-1.0,2077.0,-18912.0,1.0,-2.0,78238.0,-192778.0,2324.41416,2338.99636,2337.881815,-14.58220000000028,-13.46765499999992,2340.051514603175,2340.380723230159,753960.0,,0.12075,0.8531804832874406,0.8253870884275591,1.678567571715,0.0,-16835.0,-1.0,-114540.0,-0.0058963891626600705,0.5380965983602403,0.105,0.6408163265306122,0.8082,0.7267,0.85
20250522,2325.6125,2321.9602,2327.1085,2319.3551,2067932.0,17355.0,478647.0,1.0,-1.0,2360.0,-21339.0,1.0,-2.0,77204.0,-192340.0,2322.54642,2335.70011,2339.375615,-13.1536900000001,-16.8291949999998,2338.743885714286,2341.120439238096,722315.0,,,0.8306621075576371,0.8253870884275591,1.656049195985196,0.0,-18979.0,-1.0,-115136.0,0.008392442304679264,0.5878951395465349,0.1036,0.6122448979591836,0.7945,0.748,0.87
20250523,2324.4444,2324.8623,2331.1695,2320.0955,2076919.0,8987.0,531843.0,1.0,-1.0,7778.0,-23372.0,1.0,-2.0,77482.0,-190361.0,2321.70684,2331.37145,2339.90879,-9.664609999999811,-18.20194999999967,2337.445321428572,2341.284366619048,716482.2,,,0.7961863543591716,0.8128561034609062,1.609042457820078,0.0,-15594.0,-1.0,-112879.0,0.004327082567976892,0.5706704076578621,0.0968,0.473469387755102,0.8767,0.94,0.861
20250526,2316.4191,2324.7249,2329.6724,2315.9805,2062123.0,-14796.0,571059.0,1.0,-1.0,6974.0,-23761.0,1.0,-2.0,80867.0,-186898.0,2319.7728,2327.37398,2340.070625,-7.601180000000113,-20.29782500000056,2335.531739285715,2340.879973809524,684806.3,,,0.7383151324568198,0.8128561034609062,1.551171235917726,0.0,-16787.0,-1.0,-106031.0,-0.007175129708557637,0.5559042737275842,0.0956,0.4489795918367348,0.8767,0.94,0.856
20250527,2321.543,2316.786,2323.515,2312.6532,2048361.0,-13762.0,576352.0,1.0,-1.0,6900.0,-24542.0,1.0,-2.0,79728.0,-183727.0,2321.96922,2325.81287,2339.7945,-3.843650000000252,-17.82528000000002,2333.584233174603,2340.115725301587,648552.3,,,0.7048544055470515,0.8128561034609062,1.517710509007958,0.0,-17642.0,-1.0,-103999.0,-0.006718542288200176,0.572146857014212,0.0962,0.46122448979591824,0.7808,0.7533,0.863
20250528,2322.8453,2319.6778,2324.6188,2316.1462,2025644.0,-22717.0,494047.0,1.0,-1.0,5544.0,-28634.0,1.0,-2.0,84244.0,-191878.0,2322.17286,2323.29351,2339.600755,-1.120650000000296,-17.42789500000026,2331.729972539682,2339.001167492064,631915.3,,,0.6828517648057274,0.7931111105378128,1.47596287534354,0.0,-23090.0,-1.0,-107634.0,-0.011214705051825494,0.5722316856574825,0.0946,0.42857142857142866,0.7671,0.6867,0.863
20250529,2328.2243,2320.7057,2331.8002,2317.8277,2010115.0,-15529.0,608265.0,1.0,-1.0,7649.0,-23021.0,1.0,-2.0,81252.0,-186566.0,2322.69522,2322.62082,2338.366215,0.07439999999996871,-15.67099499999995,2330.445655634921,2337.66292815873,632599.7,,0.11477,0.683672162561567,0.7931111105378128,1.47678327309938,0.0,-15372.0,-1.0,-105314.0,-0.007725428644629785,0.5968934596475595,0.0998,0.5346938775510204,0.7123,0.6413,0.875
20250530,2332.7039,2329.2448,2340.1531,2327.4753,1962801.0,-47314.0,637434.0,1.0,-1.0,9240.0,-19478.0,1.0,-2.0,81869.0,-177784.0,2324.34712,2323.02698,2337.581245,1.32013999999981,-13.23412499999995,2329.783305555556,2336.248864674603,625250.1,,,0.6233366557029439,0.7727962256029187,1.396132881305863,0.0,-10238.0,-1.0,-95915.0,-0.02410534740913623,0.6296019070057673,0.0984,0.5061224489795919,0.6438,0.556,0.887
20250603,2323.1849,2337.9466,2342.6278,2316.4476,1959770.0,-3031.0,647357.0,1.0,-1.0,9471.0,-23593.0,1.0,-2.0,86183.0,-194958.0,2325.70028,2322.73654,2335.241945,2.963740000000143,-9.541665000000194,2328.868802539683,2334.795207531746,627636.4,,,0.6341988257725233,0.7931111105378128,1.427309936310336,0.0,-14122.0,-1.0,-108775.0,-0.0015466100613847544,0.59689427591731,0.088,0.2938775510204081,0.6027,0.5293,0.875
20250604,2328.334,2324.3781,2332.3797,2317.1355,1934244.0,-25526.0,573775.0,2.0,0.0,8619.0,-976.0,1.0,-2.0,81901.0,-187635.0,2327.05848,2324.51385,2333.741465,2.544630000000325,-6.682984999999917,2327.903780873016,2333.408821134921,599690.8,,,0.6342426668444526,0.7727962256029187,1.407038892447371,2.0,7643.0,-1.0,-105734.0,-0.013196887259311648,0.6737554764577017,0.0794,0.1183673469387755,0.6027,0.492,0.898
20250605,2332.1219,2328.4993,2335.7558,2321.6443,1918361.0,-15883.0,546330.0,1.0,0.0,7241.0,0.0,1.0,-2.0,77243.0,-185929.0,2328.9138,2325.54333,2332.269845,3.370469999999841,-3.356044999999995,2327.517635396825,2332.155433214286,566510.9,,,0.6334582926958987,0.7223603264970674,1.355818619192966,1.0,7241.0,-1.0,-108686.0,-0.008279463562906044,0.6459734045571869,0.0803,0.13673469387755097,0.6027,0.492,0.894
20250606,2336.2802,2331.0983,2338.4454,2327.1382,1894642.0,-23719.0,481697.0,1.0,0.0,17754.0,0.0,1.0,-2.0,77740.0,-174444.0,2330.52498,2326.6101,2331.155105,3.914879999999357,-0.6301250000001346,2327.602392222222,2331.04128386508,566815.9,,,0.6133438701686507,0.7223603264970674,1.335704196665718,1.0,17754.0,-1.0,-96704.0,-0.012518987755998232,0.6012772454806175,0.0781,0.09183673469387763,0.6164,0.5707,0.876
20250609,2354.2231,2336.8563,2356.5051,2334.4828,1886681.0,-7961.0,799979.0,1.0,0.0,6321.0,0.0,1.0,-2.0,70977.0,-168802.0,2334.82882,2329.58797,2330.47971,5.240849999999682,4.349109999999655,2329.232446507936,2330.219996373016,593629.5,959974.7999999999,,0.6508189190305987,0.7223603264970674,1.373179245527666,1.0,6321.0,-1.0,-97825.0,-0.0042195792505463296,0.5880704817382076,0.0868,0.2693877551020409,0.6849,0.6093,0.868
20250610,2373.2935,2353.6738,2377.8764,2353.6738,1901532.0,14851.0,924976.0,1.0,-1.0,0.0,-5273.0,1.0,-2.0,51519.0,-151018.0,2344.85054,2335.27541,2331.324695,9.575130000000172,13.52584500000012,2332.799296428571,2329.946752087301,629021.2,1109971.2,0.130755,0.6455348511199561,0.7223603264970674,1.367895177617024,0.0,-5273.0,-1.0,-99499.0,0.007810018448282753,0.6327585947566325,0.1137,0.8183673469387754,0.9041,0.8613,0.89
20250611,2365.5075,2374.6826,2379.9625,2361.8052,1898015.0,-3517.0,976241.0,1.0,-1.0,0.0,-9749.0,1.0,-2.0,45101.0,-145602.0,2352.28524,2339.67186,2332.742365,12.61338000000023,19.54287500000009,2336.28336079365,2330.216664849207,669010.1,1171489.2,,0.6416735008452384,0.7658278466294857,1.407501347474724,0.0,-9749.0,-1.0,-100501.0,-0.0018529885169506037,0.6313372546296511,0.0845,0.22244897959183688,0.863,0.8613,0.889
20250612,2363.0993,2365.9371,2371.5927,2360.6239,1854873.0,-43142.0,693014.0,1.0,-1.0,0.0,-10381.0,1.0,-2.0,48561.0,-178627.0,2358.48072,2343.69726,2333.495385,14.78346000000056,24.9853350000003,2339.374376349207,2330.981105230158,688906.8,,,0.650764744465234,0.7223603264970674,1.373125070962301,0.0,-10381.0,-1.0,-130066.0,-0.02325873523416428,0.6034561631290846,0.0861,0.2551020408163265,0.8493,0.8613,0.875
20250613,2370.4907,2364.9637,2372.715,2355.0289,1832932.0,-21941.0,749828.0,1.0,-1.0,0.0,-10131.0,1.0,-2.0,50609.0,-185735.0,2365.32282,2347.9239,2335.27236,17.39891999999963,30.05045999999993,2342.599436190476,2332.196483285715,703063.1,,,0.67002864450824,0.7535190287211663,1.423547673229406,0.0,-10131.0,-1.0,-135126.0,-0.011970438619654194,0.5772037532918577,0.0946,0.42857142857142866,0.8356,0.8667,0.862
20250616,2357.427,2370.9851,2372.1722,2356.5037,1795913.0,-37019.0,748613.0,0.0,-1.0,0.0,-9323.0,1.0,-2.0,44419.0,-195424.0,2365.9636,2350.39621,2336.711595,15.56739000000016,29.25200500000028,2345.16921531746,2333.735074261905,714181.0,,,0.6752156995003258,0.7149357667396625,1.390151466239988,-1.0,-9323.0,-1.0,-151005.0,-0.020612913877231246,0.3833401092192528,0.073,0.0,0.8493,0.8667,0.784
20250617,2366.0551,2356.5636,2366.0551,2354.62,1791722.0,-4191.0,677243.0,0.0,-2.0,0.0,-22342.0,1.0,-2.0,35585.0,-186671.0,2364.51592,2354.68323,2338.709885,9.832690000000184,25.80603500000052,2347.68245452381,2335.616439460317,717169.6,,,0.6760458847143054,0.7149357667396625,1.390981651453968,-2.0,-22342.0,-1.0,-151086.0,-0.0023390905508778705,0.410223824047588,0.066,0.0,0.7397,0.6093,0.793
20250618,2364.8513,2363.8884,2381.8927,2361.3438,1801019.0,9297.0,900352.0,1.0,-1.0,2520.0,-17731.0,1.0,-2.0,24653.0,-178738.0,2364.38468,2358.33496,2341.424405,6.049719999999979,22.96027499999991,2350.364875158729,2337.862548888889,749827.3,1080422.4,0.12397,0.7118933830230078,0.7535190287211663,1.465412411744174,0.0,-15211.0,-1.0,-154085.0,0.00516207769046301,0.3051418072832246,0.1078,0.7385159010600708,0.726,0.5893,0.754
20250619,2372.4438,2365.7461,2375.6315,2360.7194,1805979.0,4960.0,620551.0,1.0,-1.0,9370.0,-17234.0,1.0,-2.0,9676.0,-186752.0,2366.25358,2362.36715,2343.95524,3.886429999999564,22.29833999999937,2353.125042857143,2340.423289634921,757249.4,,,0.7137901771888037,0.7535190287211663,1.46730920590997,0.0,-7864.0,-1.0,-177076.0,0.0027464328212011323,0.3643304234168799,0.1021,0.6378091872791518,0.7123,0.4653,0.777
20250620,2376.9979,2372.5553,2380.5171,2372.1997,1819072.0,13093.0,609689.0,1.0,-1.0,11673.0,-17338.0,1.0,-2.0,22344.0,-169608.0,2367.55502,2366.43892,2346.52451,1.116100000000188,21.03051000000005,2356.270737142857,2343.290124126984,770048.6,,,0.6996120234159106,0.7535190287211663,1.453131052137077,0.0,-5665.0,-1.0,-147264.0,0.007197626042289695,0.4330090806395997,0.0938,0.4911660777385158,0.6849,0.4453,0.802
20250623,2377.2181,2378.9353,2386.853,2374.7006,1817975.0,-1097.0,715160.0,1.0,-1.0,14349.0,-15436.0,1.0,-2.0,23052.0,-167670.0,2371.51324,2368.73842,2349.163195,2.774819999999636,22.35004499999968,2359.423942698412,2346.309273746032,761566.7,,,0.6560086786918023,0.7149357667396625,1.370944445431465,0.0,-1087.0,-1.0,-144618.0,-0.0006034186388701715,0.4520005310897782,0.0977,0.5600706713780917,0.6575,0.4107,0.808
20250624,2361.6425,2376.4148,2377.3074,2353.1538,1732188.0,-85787.0,999794.0,1.0,-1.0,15773.0,-21212.0,1.0,-2.0,38385.0,-165160.0,2370.63072,2367.57332,2351.424365,3.057400000000143,19.20635500000026,2360.996771428572,2349.129021246032,769048.5,1199752.8,,0.6822876603874761,0.7535190287211663,1.435806689108643,0.0,-5439.0,-1.0,-126775.0,-0.0495252247446582,0.3786555595115399,0.0975,0.5565371024734983,0.6164,0.3933,0.782
20250625,2350.6187,2362.5748,2366.2262,2349.403,1703855.0,-28333.0,720256.0,1.0,-1.0,17392.0,-24810.0,1.0,-2.0,40136.0,-157542.0,2367.7842,2366.08444,2352.87815,1.699759999999969,14.9060499999996,2361.384909444445,2351.639176111111,743450.0,,,0.6901011599261885,0.7278532431844991,1.417954403110687,0.0,-7418.0,-1.0,-117406.0,-0.01662876242403256,0.4249083017876264,0.0954,0.5194346289752649,0.589,0.3733,0.8
20250626,2352.1387,2351.1354,2360.837,2347.1532,1669872.0,-33983.0,647525.0,1.0,-1.0,19165.0,-22145.0,1.0,-2.0,32801.0,-159123.0,2363.72318,2364.98838,2354.34282,-1.265200000000277,9.38036000000011,2361.373023809524,2353.839040857143,738901.1,,,0.6969493439849193,0.7278532431844991,1.424802587169418,0.0,-2980.0,-1.0,-126322.0,-0.02035066160759627,0.4940347578479526,0.0921,0.46113074204946997,0.5342,0.364,0.827
20250627,2357.6417,2352.6718,2359.0363,2348.395,1631612.0,-38260.0,511477.0,1.0,-1.0,21149.0,-20774.0,1.0,-2.0,30812.0,-146403.0,2359.85194,2363.70348,2355.81369,-3.851540000000568,4.038249999999607,2361.491176825397,2355.728214920635,715066.0,,,0.6625034856388262,0.7278532431844991,1.390356728823325,0.0,375.0,-1.0,-115591.0,-0.023449202383900095,0.5350977108654056,0.0971,0.549469964664311,0.5616,0.3347,0.844
20250630,2351.751,2353.841,2358.6538,2347.6266,1601179.0,-30433.0,663013.0,1.0,-1.0,22303.0,-21349.0,1.0,-2.0,35644.0,-143772.0,2354.75852,2363.13588,2356.766045,-8.377359999999953,-2.007524999999987,2361.253170714286,2357.336610460318,706506.0,,,0.6231154109516601,0.7278532431844991,1.350968654136159,0.0,954.0,-1.0,-108128.0,-0.01900661949725796,0.3995037514515563,0.0946,0.5053003533568905,0.5479,0.336,0.788
20250701,2356.6175,2352.1446,2360.7914,2348.9257,1580676.0,-20503.0,521748.0,1.0,-1.0,23169.0,-19852.0,1.0,-2.0,35533.0,-178933.0,2353.75352,2362.19212,2358.437675,-8.438599999999951,-4.684155000000374,2361.108254365079,2358.679190444444,690956.5,,,0.6042629477481729,0.7278532431844991,1.332116190932672,0.0,3317.0,-1.0,-143400.0,-0.012971032646791626,0.4592164115793685,0.0939,0.4929328621908126,0.4658,0.272,0.81
20250702,2336.8145,2357.1687,2359.7089,2334.0007,1503492.0,-77184.0,882672.0,1.0,-1.0,24060.0,-21380.0,1.0,-2.0,34055.0,-193801.0,2350.99268,2359.38844,2358.8617,-8.395759999999427,-7.869020000000091,2359.706742857142,2359.613377214286,689188.5,1059206.4,,0.649337103493351,0.7278532431844991,1.37719034667785,0.0,2680.0,-1.0,-159746.0,-0.05133648865441253,0.4797928779929125,0.0916,0.45229681978798586,0.4521,0.2733,0.818
20250703,2336.7475,2337.378,2342.7528,2331.9279,1489128.0,-14364.0,492379.0,1.0,-1.0,23233.0,-16205.0,1.0,-2.0,36957.0,-178468.0,2347.91444,2355.81881,2359.09298,-7.904369999999744,-11.17854000000034,2357.629298888888,2360.06380281746,676371.3,,,0.6292211100872999,0.7278532431844991,1.357074353271799,0.0,7028.0,-1.0,-141511.0,-0.009645913581639725,0.3756766339953531,0.0888,0.40282685512367494,0.4658,0.224,0.775
20250704,2329.188,2337.2869,2339.7849,2328.2143,1510406.0,21278.0,556690.0,1.0,-1.0,24517.0,-17405.0,1.0,-2.0,37568.0,-187687.0,2342.2237,2351.03782,2358.73837,-8.814120000000457,-16.51467000000048,2355.003518333333,2359.937080936508,671071.4,,,0.6173383336516619,0.7027749495534876,1.32011328320515,0.0,7112.0,-1.0,-150119.0,0.014087602935899354,0.3523034615738691,0.0859,0.3515901060070672,0.411,0.2227,0.763
20250707,2306.0322,2327.9157,2328.7203,2305.1788,1565325.0,54919.0,838860.0,1.0,-1.0,23501.0,-14764.0,1.0,-2.0,63087.0,-187136.0,2333.079940000001,2343.91923,2356.328825,-10.83928999999944,-23.24888499999906,2350.62062031746,2359.056748698413,683441.4,1006632.0,,0.6566470730169717,0.7278532431844991,1.384500316201471,0.0,8737.0,-1.0,-124049.0,0.035084726813920435,0.3137366537440006,0.0807,0.25971731448763236,0.3973,0.2747,0.753
20250708,2300.3236,2306.3759,2307.734,2292.9181,1579285.0,13960.0,819489.0,1.0,-1.0,26653.0,-16039.0,1.0,-2.0,69383.0,-188942.0,2321.82116,2337.78734,2352.68033,-15.96617999999944,-30.85916999999972,2345.371589603175,2357.494230515873,665410.9,983386.7999999999,,0.6404928334877754,0.7027749495534876,1.343267783041263,0.0,10614.0,-1.0,-119559.0,0.008839443165736394,0.4024411871342084,0.0832,0.3038869257950529,0.4247,0.228,0.789
20250709,2297.0574,2296.5454,2306.9725,2294.396,1607534.0,28249.0,513348.0,1.0,-1.0,26641.0,-15084.0,1.0,-2.0,77901.0,-201868.0,2313.86974,2332.43121,2349.257825,-18.5614700000001,-35.38808499999959,2340.079319603175,2355.363671531746,644720.1,,,0.6348426019742085,0.6823147369869634,1.317157338961172,0.0,11557.0,-1.0,-123967.0,0.017572878707386594,0.1739559806084672,0.0757,0.17137809187279154,0.3151,0.1347,0.69
20250710,2298.1163,2295.1425,2303.3587,2291.3333,1627358.0,19824.0,495333.0,1.0,-1.0,26005.0,-15556.0,1.0,-2.0,75952.0,-201203.0,2306.1435,2327.02897,2346.008675,-20.88546999999971,-39.86517499999991,2334.985616190476,2352.724930769841,629500.9,,,0.64770878526293,0.6823147369869634,1.330023522249893,0.0,10449.0,-1.0,-125251.0,0.012181708019993142,0.2355780003524319,0.073,0.12367491166077725,0.3151,0.136,0.724
20250711,2288.3235,2298.4602,2301.2033,2286.3945,1663464.0,36106.0,636782.0,1.0,-1.0,24380.0,-15991.0,1.0,-2.0,86912.0,-215727.0,2297.9706,2320.097150000001,2341.900315,-22.12655000000041,-43.92971499999976,2329.758091587301,2349.551622246031,642031.4,,,0.6576164480650045,0.6685527519250566,1.326169199990061,0.0,8389.0,-1.0,-128815.0,0.02170530892162379,0.1498534066635595,0.0786,0.2226148409893993,0.3014,0.1387,0.671
20250714,2286.2712,2286.4832,2289.4799,2265.4061,1654897.0,-8567.0,964785.0,1.0,-1.0,24905.0,-16338.0,1.0,-2.0,90383.0,-209316.0,2294.0184,2313.54917,2338.342525,-19.5307700000003,-44.32412500000009,2324.015941349207,2345.827899309524,672208.6,1157742.0,0.10465,0.6588941260868882,0.6685527519250566,1.327446878011945,0.0,8567.0,-1.0,-118933.0,-0.005176757224165613,0.6899560007719343,0.091,0.44169611307420487,0.3288,0.14,0.903
20250715,2280.4063,2287.9131,2292.8049,2276.942,1681575.0,26678.0,567300.0,1.0,-1.0,26595.0,-16281.0,1.0,-2.0,91812.0,-210459.0,2290.03494,2305.92805,2334.060085,-15.89310999999998,-44.02514500000007,2318.637734047619,2341.580847277778,676763.8,,0.10695,0.6573617553610956,0.6828963246919246,1.34025808005302,0.0,10314.0,-1.0,-118647.0,0.01586488857172591,0.1345024296520013,0.093,0.4770318021201413,0.3151,0.1373,0.66
20250716,2278.5624,2281.5167,2288.2244,2274.4549,1705212.0,23637.0,463826.0,1.0,-1.0,28044.0,-15720.0,1.0,-2.0,94337.0,-219413.0,2286.33594,2300.10284,2329.74564,-13.76690000000053,-43.40970000000016,2313.361073650794,2336.946280357143,634879.2,,0.10971,0.6591188379384445,0.6828963246919246,1.342015162630369,0.0,12324.0,-1.0,-125076.0,0.013861619552290273,0.0991000872090141,0.0954,0.5194346289752649,0.3425,0.1387,0.631
20250717,2281.6183,2275.7074,2282.5291,2263.4858,1718167.0,12955.0,721729.0,1.0,-1.0,29492.0,-16144.0,1.0,-2.0,97385.0,-211889.0,2283.03634,2294.58992,2325.204365,-11.55357999999978,-42.16802499999994,2308.265415317461,2332.009892,657814.2,,0.110055,0.6866588387156738,0.7036473311109295,1.390306169826603,0.0,13348.0,-1.0,-114504.0,0.007540012117564824,0.0290207155632536,0.0957,0.5247349823321553,0.4932,0.2933,0.569
20250718,2296.5189,2283.8774,2297.589,2279.6667,1747553.0,29386.0,740252.0,1.0,-1.0,28435.0,-15197.0,1.0,-2.0,98646.0,-207585.0,2284.67542,2291.32301,2321.180415,-6.647590000000037,-36.50499499999978,2304.975432380952,2327.007083404762,676170.4,,,0.7091991876104836,0.7036473311109295,1.412846518721413,0.0,13238.0,-1.0,-108939.0,0.01681551289145451,0.1392978966118672,0.0951,0.5141342756183745,0.4795,0.244,0.666
20250721,2300.7403,2298.9564,2305.0312,2295.5428,1725389.0,-22164.0,706843.0,1.0,-1.0,24848.0,-12651.0,1.0,-2.0,102124.0,-199330.0,2287.56924,2290.79382,2317.356525,-3.22458000000006,-29.78728500000034,2302.956928095238,2322.24071418254,662968.7,,0.1127,0.7030501465940644,0.6828963246919246,1.385946471285989,0.0,12197.0,-1.0,-97206.0,-0.012845798831451921,0.1387723896203321,0.098,0.5653710247349824,0.4521,0.2187,0.665
20250722,2299.1294,2300.8635,2310.8429,2296.4615,1664615.0,-60774.0,658558.0,1.0,-1.0,25752.0,-10884.0,1.0,-2.0,101569.0,-193248.0,2291.31386,2290.6744,2314.23087,0.6394599999998718,-22.91701000000012,2301.281022619048,2317.831657484127,646875.6,,,0.6686741786817954,0.6828963246919246,1.35157050337372,0.0,14868.0,-1.0,-91679.0,-0.03650934300123452,0.1988209278591474,0.0952,0.5159010600706715,0.4384,0.2,0.711
20250723,2297.4724,2296.2696,2300.8321,2281.4914,1616108.0,-48507.0,911249.0,1.0,-1.0,24306.0,-11888.0,1.0,-2.0,102671.0,-179730.0,2295.09586,2290.7159,2311.573555,4.379959999999755,-16.47769500000004,2299.340595476191,2313.757785071429,686665.7,1093498.8,0.12328,0.6959874579275802,0.6828963246919246,1.378883782619505,0.0,12418.0,-1.0,-77059.0,-0.030014701987738444,0.1635334523058924,0.1072,0.7279151943462898,0.4247,0.1907,0.69
20250724,2290.8967,2296.7947,2300.3859,2288.5803,1609313.0,-6795.0,581851.0,1.0,-1.0,23816.0,-11236.0,1.0,-2.0,102196.0,-173533.0,2296.95154,2289.99394,2308.511455,6.957599999999275,-11.55991500000073,2297.497853968254,2310.009008849207,695317.5,,0.12696,0.6975496999765025,0.6828963246919246,1.380446024668427,0.0,12580.0,-1.0,-71337.0,-0.00422229858330853,0.2153217583776268,0.1104,0.7844522968197879,0.3836,0.1773,0.721
20250725,2283.6682,2292.2537,2295.7401,2279.3428,1581934.0,-27379.0,559168.0,2.0,-1.0,24766.0,-11394.0,1.0,-2.0,98036.0,-163194.0,2294.3814,2289.52841,2304.81278,4.852989999999863,-10.43138000000044,2295.355144126985,2306.568714103175,687556.1,,,0.6743074679742713,0.6828963246919246,1.357203792666196,1.0,13372.0,-1.0,-65158.0,-0.017307296006028063,0.1984428014859335,0.1065,0.715547703180212,0.3699,0.1667,0.712
20250728,2283.6385,2282.2899,2296.2874,2269.0537,1576205.0,-5729.0,1039962.0,1.0,-1.0,28165.0,-11495.0,1.0,-2.0,96277.0,-150948.0,2290.96104,2289.26514,2301.407155,1.69589999999971,-10.44611500000019,2293.172481190476,2303.484368087302,695073.8,1247954.4,,0.7133884511112308,0.7036473311109295,1.41703578222216,0.0,16670.0,-1.0,-54671.0,-0.00363467949917682,0.272755196269803,0.1068,0.7208480565371026,0.274,0.1213,0.744
20250729,2266.852,2283.0324,2284.9219,2264.2717,1612094.0,35889.0,818669.0,1.0,-1.0,27246.0,-11899.0,1.0,-2.0,104313.0,-170861.0,2284.50556,2287.90971,2296.91888,-3.404149999999845,-12.41332000000011,2290.372567222223,2300.657851404762,720210.7,,0.12788,0.739266093323854,0.7036473311109295,1.442913424434783,0.0,15347.0,-1.0,-66548.0,0.02226234946597407,0.1961302797305037,0.1112,0.9475890985324947,0.3151,0.124,0.71
20250730,2272.29,2268.4207,2276.9939,2267.5587,1576811.0,-35283.0,550682.0,1.0,-1.0,24884.0,-11362.0,1.0,-2.0,101036.0,-175493.0,2279.46908,2287.28247,2293.692655,-7.813389999999799,-14.22357499999998,2287.828251825396,2298.104569222222,728896.3,,,0.7339778523775401,0.6828963246919246,1.416874177069465,0.0,13522.0,-1.0,-74457.0,-0.02237617571161033,0.2636004516391259,0.1029,0.7735849056603775,0.3425,0.1253,0.742
20250731,2254.6905,2271.6585,2276.7574,2252.7732,1626767.0,49956.0,732873.0,1.0,-1.0,25375.0,-12148.0,1.0,-2.0,107133.0,-191695.0,2272.22784,2284.58969,2289.589805,-12.36184999999932,-17.3619649999996,2284.618560873016,2295.739883777778,730010.7,,,0.7634475015886266,0.6828963246919246,1.446343826280551,0.0,13227.0,-1.0,-84562.0,0.03070876161122029,0.110415882792956,0.0967,0.6436058700209643,0.3288,0.1267,0.637
20250801,2258.9014,2253.7845,2270.714,2249.3964,1618076.0,-8691.0,647945.0,1.0,-1.0,24892.0,-9867.0,1.0,-2.0,103645.0,-180946.0,2267.27448,2280.82794,2286.075475,-13.55346000000009,-18.80099500000006,2281.612733174603,2293.403613857143,720780.0,,,0.755473749130208,0.7036473311109295,1.459121080241137,0.0,15025.0,-1.0,-77301.0,-0.005371193936502364,0.1875706467195768,0.0963,0.6352201257861635,0.3151,0.128,0.708
20250804,2251.5903,2259.5452,2261.8595,2249.3512,1649471.0,31395.0,641840.0,1.0,-1.0,27838.0,-14250.0,1.0,-2.0,103430.0,-176903.0,2260.86484,2275.91294,2283.35338,-15.04809999999998,-22.48853999999983,2278.461104920635,2290.954031539683,714279.7,,,0.7456453034255166,0.7036473311109295,1.449292634536446,0.0,13588.0,-1.0,-73473.0,0.019033374942633123,0.0320754107268046,0.0948,0.6037735849056604,0.3151,0.1227,0.572
20250805,2224.8946,2249.5931,2250.9746,2222.7631,1727305.0,77834.0,921298.0,2.0,-1.0,53760.0,-13607.0,1.0,-2.0,117789.0,-178258.0,2252.47336,2268.48946,2279.58193,-16.01609999999982,-27.10856999999942,2273.557228095238,2288.181652087302,740553.7,1105557.6,0.127995,0.7941590002404525,0.7036473311109295,1.497806331351382,1.0,40153.0,-1.0,-60469.0,0.045060947545453756,-0.0879248859631622,0.1113,0.949685534591195,0.2603,0.124,0.484
20250806,2230.2184,2228.3962,2234.046,2221.0337,1702082.0,-25223.0,693725.0,2.0,-1.0,40125.0,-12512.0,1.0,-2.0,122453.0,-164737.0,2244.05904,2261.76406,2276.23998,-17.70501999999988,-32.18094000000019,2268.630576746032,2285.110650214286,718801.3,,,0.7764836225146936,0.6770333806988844,1.453517003213578,1.0,27613.0,-1.0,-42284.0,-0.014818910017261213,-0.0633820864290329,0.0951,0.6100628930817611,0.4247,0.2347,0.503
20250807,2232.9753,2232.5856,2238.6403,2229.1236,1692772.0,-9310.0,609894.0,1.0,-1.0,33620.0,-10928.0,1.0,-2.0,120467.0,-136896.0,2239.716,2255.97192,2272.98293,-16.25592000000051,-33.26693000000023,2264.465912063492,2281.80745602381,721605.6,,,0.7515617224893647,0.6770333806988844,1.428595103188249,0.0,22692.0,-1.0,-16429.0,-0.005499854676235193,-0.0117841037420772,0.0912,0.5283018867924529,0.3836,0.2187,0.54
20250808,2219.9257,2231.5918,2233.7218,2214.0238,1711319.0,18547.0,612021.0,2.0,-1.0,52623.0,-10670.0,1.0,-2.0,125474.0,-136529.0,2231.92086,2249.59767,2269.56304,-17.67681000000039,-37.64218000000028,2259.643412936508,2278.236282904762,726890.9,,,0.7857200659280189,0.7036473311109295,1.489367397038948,1.0,41953.0,-1.0,-11055.0,0.010837839117078698,-0.1106909613554168,0.0986,0.6834381551362683,0.3699,0.204,0.465
20250811,2223.5677,2221.8561,2228.6287,2215.1536,1706967.0,-4352.0,507948.0,2.0,-1.0,41517.0,-10669.0,1.0,-2.0,127928.0,-141863.0,2226.31634,2243.59059,2266.427865,-17.27425000000039,-40.11152500000026,2255.050454603175,2274.424080246032,673689.5,,,0.7847305727019048,0.6770333806988844,1.461763953400789,1.0,30848.0,-1.0,-13935.0,-0.002549551338719495,-0.1120560928798536,0.093,0.5660377358490566,0.3014,0.184,0.465
20250812,2222.8839,2224.1707,2226.9228,2215.1683,1714804.0,7837.0,547365.0,2.0,-1.0,52351.0,-10775.0,1.0,-2.0,137858.0,-152306.0,2225.9142,2239.19378,2263.551745,-13.2795799999999,-37.63754499999959,2250.776952539683,2270.464518777778,646559.1,,,0.7625175360954165,0.6770333806988844,1.439550916794301,1.0,41576.0,-1.0,-14448.0,0.0045702016090468645,-0.1989432106079672,0.0775,0.24109014675052406,0.3014,0.1747,0.425
20250813,2234.5533,2224.0086,2235.1882,2223.0133,1681820.0,-32984.0,772605.0,2.0,-1.0,40579.0,-7864.0,1.0,-2.0,132078.0,-122779.0,2226.78118,2235.42011,2261.35129,-8.638930000000073,-34.57011000000011,2247.582588492063,2266.439952444444,668751.4,,0.12742,0.7654682962079189,0.6586930412116637,1.424161337419583,1.0,32715.0,-1.0,9299.0,-0.019612086905851995,-0.1291414515922997,0.1108,0.9392033542976939,0.2329,0.1613,0.452
20250814,2223.8231,2235.4504,2239.849,2219.0447,1681302.0,-518.0,780125.0,2.0,-1.0,28904.0,-6097.0,1.0,-2.0,130399.0,-111108.0,2224.95074,2232.33337,2258.46153,-7.382630000000063,-33.51079000000027,2244.230408809524,2262.401137238096,673476.6,,,0.7809618331214303,0.6586930412116637,1.439654874333094,1.0,22807.0,-1.0,19291.0,-0.00030809456004929516,-0.0465078808083991,0.107,0.859538784067086,0.2466,0.136,0.52
20250815,2209.5397,2221.969,2223.4714,2206.4256,1711051.0,29749.0,856953.0,2.0,0.0,40689.0,0.0,1.0,-2.0,134020.0,-113360.0,2222.87354,2227.3972,2254.11257,-4.523660000000746,-31.23903000000018,2239.86606047619,2258.226469968254,694377.4,1028343.6,,0.7514103166525403,0.6770333806988844,1.428443697351425,2.0,40689.0,-1.0,20660.0,0.01738639000240203,-0.0617210628083245,0.1057,0.8322851153039833,0.2055,0.0733,0.505
20250818,2196.9909,2209.9742,2213.7427,2194.8453,1772157.0,61106.0,759664.0,2.0,0.0,38114.0,0.0,1.0,-2.0,137863.0,-130058.0,2217.55818,2221.93726,2248.9251,-4.379079999999703,-31.36691999999994,2234.759971111112,2253.856356587302,706159.8,,,0.7474820363186492,0.7036473311109295,1.451129367429579,2.0,38114.0,-1.0,7805.0,0.034481143600708065,-0.0844011195901704,0.1016,0.7463312368972747,0.2055,0.0867,0.486
20250819,2183.7373,2197.0269,2200.7915,2181.8279,1767006.0,-5151.0,614211.0,3.0,-1.0,36764.0,-6451.0,1.0,-2.0,144248.0,-143426.0,2209.72886,2217.82153,2243.155495,-8.092669999999544,-33.42663499999981,2228.867989920635,2249.387432769842,675451.1,,,0.7779091623695331,0.7166253050858874,1.49453446745542,2.0,30313.0,-1.0,822.0,-0.0029151004580629607,-0.1608523416563356,0.0982,0.6750524109014675,0.1781,0.088,0.431
20250820,2181.7139,2185.3852,2186.7485,2169.3326,1735843.0,-31163.0,714793.0,3.0,-1.0,36400.0,-4755.0,1.0,-2.0,150705.0,-132024.0,2199.16098,2212.97108,2237.36757,-13.8101000000006,-38.20659000000023,2222.761212539682,2244.800496349207,677557.9,,,0.7586116950638415,0.7292525618158437,1.487864256879685,2.0,31645.0,-1.0,18681.0,-0.01795266046526097,-0.3348548694918495,0.0965,0.639412997903564,0.2192,0.0747,0.376
20250821,2176.8694,2183.192,2187.2375,2175.9164,1731717.0,-4126.0,463769.0,2.0,-1.0,36493.0,-6378.0,1.0,-2.0,152737.0,-131593.0,2189.77024,2207.36049,2231.666205,-17.59024999999974,-41.89596499999971,2217.08369015873,2240.06227415873,662945.4,,,0.7283853062511091,0.7292525618158437,1.457637868066953,1.0,30115.0,-1.0,21144.0,-0.002382606395848744,-0.4950912571749575,0.093,0.5660377358490566,0.2055,0.0907,0.305
20250822,2183.4446,2176.6385,2183.9234,2157.8177,1713344.0,-18373.0,957576.0,3.0,0.0,47549.0,0.0,1.0,-2.0,149164.0,-116035.0,2184.55122,2203.71238,2226.655025,-19.16116000000011,-42.10380500000019,2211.778245,2235.275757365079,697500.9,1149091.2,,0.7739296607688714,0.7546910069933784,1.52862066776225,3.0,47549.0,-1.0,33129.0,-0.01072347409510291,-0.4031914167023048,0.0982,0.6750524109014675,0.1781,0.0813,0.34
20250825,2164.8585,2183.5499,2187.3535,2161.6683,1728281.0,14937.0,798188.0,3.0,0.0,50107.0,0.0,1.0,-2.0,145873.0,-121055.0,2178.12474,2197.84146,2220.716025,-19.7167199999999,-42.59128499999952,2206.381203571429,2230.408832261905,726524.9,,0.1219,0.7652608765733817,0.7727161303074014,1.537977006880783,3.0,50107.0,-1.0,24818.0,0.008642691784495693,-0.4619747016131253,0.106,0.8385744234800838,0.3151,0.176,0.316
20250826,2169.0662,2164.8899,2174.3414,2162.4064,1717407.0,-10874.0,516224.0,3.0,0.0,56884.0,0.0,1.0,-2.0,144597.0,-116469.0,2175.19052,2192.45969,2215.826735,-17.26917000000003,-40.63621499999999,2201.140023809524,2225.445139388889,723410.8,,,0.7632840820739097,0.7546910069933784,1.517975089067288,3.0,56884.0,-1.0,28128.0,-0.006331638336166092,-0.3982440795579575,0.1019,0.7526205450733754,0.2877,0.16,0.346
20250827,2174.9026,2169.2741,2178.2351,2162.6988,1711168.0,-6239.0,564984.0,3.0,0.0,56796.0,0.0,1.0,-2.0,139625.0,-91160.0,2173.82826,2186.49462,2210.957365,-12.66636000000017,-37.12910499999998,2196.906784920634,2220.377559031746,702648.7,,,0.7842906658197375,0.7546910069933784,1.538981672813116,3.0,56796.0,-1.0,48465.0,-0.0036460476119235517,-0.2736078445699896,0.1013,0.7400419287211741,0.2329,0.144,0.403
20250828,2191.7267,2176.4392,2193.9058,2176.4392,1673432.0,-37736.0,976314.0,3.0,0.0,67771.0,0.0,1.0,-2.0,133704.0,-79434.0,2176.79972,2183.28498,2207.809175,-6.485259999999926,-31.00945499999989,2194.438889126984,2215.398407063492,722267.6,1171576.8,0.1242,0.782749762573152,0.7727161303074014,1.555465892880553,3.0,67771.0,-1.0,54270.0,-0.02255006477705697,-0.1550898156314559,0.108,0.8805031446540881,0.2329,0.1267,0.439
20250829,2193.5452,2194.5373,2199.0865,2183.9717,1653542.0,-19890.0,709596.0,3.0,0.0,67504.0,0.0,1.0,-2.0,120893.0,-73453.0,2178.81984,2181.68553,2204.541365,-2.865689999999631,-25.72152499999993,2192.946361825396,2210.706437198412,707531.9,,,0.7888547583116843,0.7727161303074014,1.561570888619086,3.0,67504.0,-1.0,47440.0,-0.012028723794134047,-0.21564416385098,0.1066,0.8511530398322852,0.2466,0.1227,0.415
20250901,2196.1808,2195.1717,2198.4698,2186.9326,1655138.0,1596.0,539417.0,3.0,0.0,69167.0,0.0,1.0,-2.0,118611.0,-72733.0,2185.0843,2181.60452,2201.77089,3.479780000000119,-16.68659000000025,2192.011060793651,2206.431546166667,685507.2,,,0.7888330793071014,0.7546910069933784,1.54352408630048,3.0,69167.0,-1.0,45878.0,0.0009642700487814309,-0.0761486223738951,0.1067,0.8532494758909854,0.2329,0.0987,0.495
20250902,2200.7129,2197.526,2215.6726,2196.1165,1599867.0,-55271.0,861963.0,3.0,0.0,65101.0,0.0,1.0,-2.0,110790.0,-67940.0,2191.41364,2183.30208,2200.561805,8.111560000000281,-9.148165000000063,2191.867099206349,2202.731457095238,710282.4,1034355.6,,0.8133663675283077,0.7546910069933784,1.568057374521686,3.0,65101.0,-1.0,42850.0,-0.034547246739885254,0.0380846808829608,0.1027,0.8101545253863135,0.2877,0.256,0.591
20250903,2195.7501,2201.337,2207.0376,2193.2432,1601790.0,1923.0,570982.0,3.0,0.0,59044.0,0.0,1.0,-2.0,119988.0,-73644.0,2195.58314,2184.7057,2198.83839,10.87743999999975,-3.25525000000016,2191.556032619047,2199.610939103174,695901.3,,,0.791218175013382,0.7292525618158437,1.520470736829226,3.0,59044.0,-1.0,46344.0,0.001200531904931358,-0.0148106593896987,0.1031,0.8189845474613686,0.2603,0.2653,0.543
20250904,2211.4968,2194.6107,2212.8871,2194.2793,1574269.0,-27521.0,583365.0,3.0,0.0,53598.0,0.0,1.0,-2.0,113403.0,-68034.0,2199.53716,2188.16844,2197.764465,11.36871999999994,1.772695000000112,2192.250985079365,2197.127668595238,707860.9,,,0.795120122138154,0.7598213232629759,1.55494144540113,3.0,53598.0,-1.0,45369.0,-0.017481764552309674,0.3185921822994296,0.0943,0.6247240618101545,0.3288,0.1973,0.776
20250905,2223.0415,2213.17,2228.2786,2212.0266,1592910.0,18641.0,809369.0,2.0,0.0,40552.0,0.0,1.0,-2.0,116313.0,-44057.0,2205.43642,2192.12813,2197.920255,13.30828999999994,7.516165000000001,2194.332412777778,2195.383085373016,693040.2,,,0.7875411420151024,0.7651062536360121,1.552647395651114,2.0,40552.0,-1.0,72256.0,0.011702481621686096,0.2090833687231463,0.092,0.5739514348785871,0.2877,0.148,0.729
20250908,2226.0939,2225.442,2229.4013,2217.6595,1595165.0,2255.0,649553.0,2.0,-1.0,35670.0,0.0,1.0,-2.0,114153.0,-57922.0,2211.41904,2198.25167,2198.046565,13.16736999999966,13.37247500000012,2196.918803730159,2194.436845388888,678176.7,,,0.7629223000430387,0.7651062536360121,1.528028553679051,1.0,35670.0,-1.0,56231.0,0.0014136468641175052,-0.1676370417259494,0.0932,0.6004415011037529,0.2329,0.096,0.429
20250909,2211.3457,2228.5573,2230.3586,2204.761,1587685.0,-7480.0,880615.0,1.0,-1.0,31013.0,-7032.0,1.0,-2.0,115995.0,-72752.0,2213.5456,2202.47962,2197.469655,11.06598000000031,16.0759450000005,2198.610835555556,2194.183926563492,714615.8,1056738.0,,0.7888203545092484,0.7831994391279123,1.572019793637161,0.0,23981.0,-1.0,43243.0,-0.004711261994665188,0.1853555076053926,0.0931,0.5248041775456921,0.2329,0.1253,0.712
20250910,2194.0922,2212.3983,2212.3983,2190.1914,1569979.0,-17706.0,773348.0,2.0,-1.0,35311.0,-1202.0,1.0,-2.0,116539.0,-83238.0,2213.21402,2204.39858,2195.4466,8.815439999999853,17.76741999999967,2198.835890476191,2194.376837119047,735452.2,,0.110285,0.8237951492708864,0.7831994391279123,1.606994588398799,1.0,34109.0,-1.0,33301.0,-0.011277857856697446,0.2405833392887341,0.0959,0.5979112271540471,0.3014,0.1987,0.744
20250911,2197.2318,2195.0978,2200.3231,2191.6153,1581526.0,11547.0,521151.0,3.0,-1.0,43964.0,-1777.0,1.0,-2.0,118958.0,-89433.0,2210.36102,2204.94909,2194.117035,5.411930000000211,16.24398500000007,2198.911900952381,2194.824138301587,689935.9,,,0.7668473355627502,0.7831994391279123,1.550046774690663,2.0,42187.0,-1.0,29525.0,0.007301176205765824,0.3754656430551384,0.0899,0.44125326370757173,0.4247,0.2547,0.795
20250912,2193.6679,2198.4844,2200.9594,2191.3509,1587747.0,6221.0,423203.0,3.0,-1.0,42780.0,-2258.0,1.0,-2.0,118289.0,-92257.0,2204.4863,2204.96136,2193.323445,-0.4750600000006671,11.16285499999958,2198.963124126984,2195.425814531746,661296.6,,,0.7138966183026485,0.7831994391279123,1.497096057430561,2.0,40522.0,-1.0,26032.0,0.0039181305333910255,0.0106989913517879,0.088,0.39164490861618795,0.4521,0.2747,0.557
20250915,2169.2328,2192.3194,2193.231,2167.4756,1571161.0,-16586.0,843482.0,3.0,-1.0,50417.0,0.0,1.0,-2.0,121363.0,-116100.0,2193.11408,2202.26656,2191.93554,-9.152479999999741,1.178540000000339,2197.355070555556,2195.960215507936,691703.1,1012178.4,,0.7602142406030824,0.7917354759840065,1.551949716587089,2.0,50417.0,-1.0,5263.0,-0.010556524760988848,-0.8043741622785398,0.0925,0.5091383812010445,0.4658,0.38,0.142
20250916,2167.8635,2169.1224,2177.5107,2166.8077,1573978.0,2817.0,615634.0,3.0,-1.0,43192.0,0.0,1.0,-2.0,120967.0,-108638.0,2184.41764,2198.98162,2191.14185,-14.5639799999999,-6.724209999999857,2195.138124523809,2196.287318039683,667070.2,,0.111205,0.7446813191602735,0.7831994391279123,1.527880758288186,2.0,43192.0,-1.0,12329.0,0.0017897327662775464,-0.8225992298033663,0.0967,0.618798955613577,0.5205,0.2773,0.136
20250917,2165.1398,2167.1692,2173.034,2161.4208,1564857.0,-9121.0,597800.0,3.0,-1.0,45250.0,0.0,1.0,-2.0,117993.0,-103139.0,2178.62716,2195.92059,2190.313145,-17.29342999999972,-11.68598500000007,2192.694114285714,2196.40112620635,669752.0,,,0.721289158006552,0.7831994391279123,1.504488597134464,2.0,45250.0,-1.0,14854.0,-0.005828647601665839,-0.8509881935797757,0.0959,0.5979112271540471,0.5479,0.3267,0.127
20250918,2177.4245,2167.8504,2177.7254,2167.0129,1578077.0,13220.0,602829.0,3.0,0.0,43185.0,0.0,1.0,-2.0,113783.0,-80861.0,2174.6657,2192.51336,2190.3409,-17.84765999999991,-15.67520000000013,2191.106551428571,2196.28668284127,671698.4,,0.113965,0.7134369610330707,0.7831994391279123,1.496636400160983,3.0,43185.0,-1.0,32922.0,0.00837728450512871,-0.7119601778239196,0.0991,0.6814621409921671,0.5479,0.3693,0.208
20250919,2169.9569,2177.9405,2179.4699,2168.1578,1593809.0,15732.0,468931.0,3.0,-1.0,38585.0,0.0,1.0,-2.0,116826.0,-72615.0,2169.9235,2187.2049,2189.666515,-17.28139999999985,-19.74301500000001,2189.422452539683,2195.795686817461,637654.6,,0.11638,0.713313165500041,0.7831994391279123,1.496512604627953,2.0,38585.0,-1.0,44211.0,0.009870693414330074,-0.7773757985312473,0.1012,0.7362924281984334,0.5479,0.396,0.159
20250922,2149.5332,2170.3697,2176.0406,2148.7356,1623618.0,29809.0,903155.0,3.0,0.0,41622.0,0.0,1.0,-2.0,120173.0,-113863.0,2165.98358,2179.54883,2188.90025,-13.56525000000011,-22.91667000000052,2186.26440579365,2194.730247023809,663014.8,1083786.0,0.124085,0.7397845402622829,0.7917354759840065,1.531520016246289,3.0,41622.0,-1.0,6310.0,0.018359614145691906,-0.8487847681836684,0.1079,0.9112271540469974,0.589,0.4227,0.13
20250923,2153.9481,2147.7495,2160.5461,2140.0749,1613378.0,-10240.0,865373.0,3.0,0.0,50114.0,0.0,1.0,-2.0,122025.0,-87032.0,2163.2005,2173.80907,2188.144345,-10.60857000000033,-24.94384499999978,2182.623543650794,2193.131517833333,661490.6,1038447.6,0.12742,0.762607242245774,0.8128161601966105,1.575423402442385,3.0,50114.0,-1.0,34993.0,-0.006346931717179731,-0.7195307997291717,0.1108,0.9869451697127937,0.6301,0.5813,0.2
20250924,2156.7286,2157.0728,2157.9098,2148.5646,1621692.0,8314.0,579498.0,3.0,0.0,47888.0,0.0,1.0,-2.0,121225.0,-85696.0,2161.51826,2170.07271,2187.235645,-8.554450000000088,-25.71738499999992,2179.42109968254,2191.190038753969,642105.6,,,0.7336599446425328,0.7917354759840065,1.525395420626539,3.0,47888.0,-1.0,35529.0,0.005126744165969864,-0.6012394463512547,0.1038,0.8041775456919062,0.4932,0.32,0.268
20250925,2155.0287,2158.5222,2166.1649,2151.9849,1636599.0,14907.0,644418.0,3.0,0.0,48442.0,0.0,1.0,-2.0,123352.0,-96823.0,2157.0391,2165.8524,2185.400745,-8.813300000000254,-28.36164499999995,2176.515033095238,2188.950351968254,654432.3,,,0.7267625867773153,0.7917354759840065,1.518498062761322,3.0,48442.0,-1.0,26529.0,0.00910852322407627,-0.5650872664006212,0.1048,0.8302872062663188,0.4932,0.32,0.286
20250926,2164.1391,2152.6426,2171.8015,2149.6678,1638417.0,1818.0,932183.0,3.0,0.0,47687.0,0.0,1.0,-2.0,116025.0,-97079.0,2155.87554,2162.89952,2183.93044,-7.023979999999938,-28.05490000000009,2174.125020396825,2186.466541595238,705330.3,1118619.6,,0.7623979054717185,0.8128161601966105,1.575214065668329,3.0,47687.0,-1.0,18946.0,0.0011096076273622649,-0.4822864270499355,0.108,0.9138381201044388,0.4795,0.32,0.313
20250929,2153.9483,2164.0329,2171.7389,2150.0283,1602165.0,-36252.0,849669.0,3.0,0.0,51128.0,0.0,1.0,-2.0,116533.0,-92684.0,2156.75856,2161.37107,2181.818815,-4.612510000000384,-25.06025499999987,2171.542297063492,2183.885264246032,705949.0,1019602.8,0.12811,0.7510392030141092,0.8128161601966105,1.56385536321072,3.0,51128.0,-1.0,23849.0,-0.022626882998942055,-0.6286920922325896,0.1114,1.0,0.4795,0.3213,0.255
20250930,2145.4381,2151.2403,2154.7764,2137.743,1547650.0,-54515.0,751156.0,3.0,0.0,50532.0,0.0,1.0,-2.0,120746.0,-92798.0,2155.05656,2159.12853,2179.055075,-4.071969999999965,-23.99851499999977,2168.139277222223,2181.185379515873,719501.2,,0.13294,0.7351810149932548,0.8128161601966105,1.547997175189865,3.0,50532.0,-1.0,27948.0,-0.03522437243562821,-0.7958684654800995,0.1156,1.0,0.4658,0.272,0.151
20251009,2141.5094,2130.2464,2146.3341,2129.2739,1579048.0,31398.0,673655.0,3.0,0.0,62424.0,0.0,1.0,-2.0,120435.0,-86840.0,2152.01272,2156.76549,2176.34304,-4.75277000000051,-24.33032000000048,2164.103434920635,2178.326311579365,727086.7,,,0.7641335269395562,0.8128161601966105,1.576949687136167,3.0,62424.0,-1.0,33595.0,0.019884132717941445,-0.8345730137601352,0.0949,0.5140845070422536,0.4247,0.2613,0.137
20251010,2137.0832,2139.9668,2144.7009,2133.865,1610111.0,31063.0,667452.0,3.0,0.0,70438.0,0.0,1.0,-2.0,118555.0,-95301.0,2148.42362,2152.73136,2172.62236,-4.307740000000194,-24.19874000000027,2160.367221031746,2175.252378539682,733549.0,,,0.7696282271131932,0.8128161601966105,1.582444387309804,3.0,70438.0,-1.0,23254.0,0.019292458718684614,-0.9745540242835218,0.0996,0.5800524934383201,0.4247,0.2613,0.089
20251013,2115.8073,2135.5948,2140.0031,2113.5452,1622558.0,12447.0,937395.0,3.0,0.0,69141.0,0.0,1.0,-2.0,121183.0,-112396.0,2138.75726,2147.3164,2167.26065,-8.559139999999843,-28.50339000000031,2155.551022539683,2171.865235539683,780395.4,1124874.0,0.135125,0.7718726651898185,0.8373488367071164,1.609221501896935,3.0,69141.0,-1.0,8787.0,0.007671220381644293,-1.2538935826898945,0.1175,1.0,0.411,0.2507,0.025
20251014,2123.4344,2113.6996,2128.4066,2105.0174,1651799.0,29241.0,1106043.0,3.0,0.0,70774.0,0.0,1.0,-2.0,126943.0,-122853.0,2132.65448,2144.70652,2162.127675,-12.05204000000049,-29.47319500000049,2150.914489603174,2168.330243920635,800684.2,1327251.6,,0.8151457208333636,0.8373488367071164,1.65249455754048,3.0,70774.0,-1.0,4090.0,0.017702517073808616,-1.3248061537011335,0.1063,0.7200000000000003,0.411,0.2507,0.014
20251015,2138.8752,2122.6901,2138.9703,2122.4494,1690377.0,38578.0,843098.0,3.0,0.0,73728.0,0.0,1.0,-2.0,130988.0,-116142.0,2131.3419,2143.19923,2158.50415,-11.85732999999982,-27.16224999999986,2148.076094206349,2164.87549897619,798456.7,,,0.832171348098441,0.8373488367071164,1.669520184805557,3.0,73728.0,-1.0,14846.0,0.022822127844853546,-1.3558374657800765,0.1144,0.9225000000000002,0.4247,0.2507,0.009
20251016,2151.6705,2139.1719,2151.6705,2138.0662,1670233.0,-20144.0,898287.0,3.0,0.0,68865.0,0.0,1.0,-2.0,127427.0,-115032.0,2133.37412,2142.69342,2156.383065,-9.319300000000112,-23.00894500000004,2146.849903015873,2161.618379309524,830335.6,,,0.8362735980426035,0.8373488367071164,1.67362243474972,3.0,68865.0,-1.0,12395.0,-0.012060592743647144,-1.395766460071317,0.0982,0.5175,0.5205,0.2507,0.006
20251017,2138.6427,2150.8446,2156.4701,2138.2079,1678153.0,7920.0,956485.0,3.0,0.0,63866.0,0.0,1.0,-2.0,124804.0,-105993.0,2133.68602,2141.05482,2153.45361,-7.368799999999737,-19.76758999999947,2145.571547619048,2158.524030761905,861542.3,,,0.8602928600025874,0.8415772664777211,1.701870126480308,3.0,63866.0,-1.0,18811.0,0.004719474326834323,-1.3548657565625752,0.1024,0.6225000000000003,0.4795,0.2507,0.011
20251020,2162.376,2140.8279,2163.4731,2132.8353,1702031.0,23878.0,1069191.0,3.0,0.0,52959.0,0.0,1.0,-2.0,116180.0,-107970.0,2142.99976,2140.87851,2151.889015,2.1212500000006,-8.889255000000048,2145.633901349207,2155.674918857143,875243.1,1283029.2,,0.871020094738275,0.8466612493823867,1.717681344120662,3.0,52959.0,-1.0,8210.0,0.014029121678747331,-1.5256999860182654,0.1044,0.6725000000000003,0.5479,0.336,0.001
20251021,2167.7012,2161.4603,2174.2813,2156.0617,1747520.0,45489.0,899642.0,2.0,0.0,46372.0,0.0,1.0,-2.0,113823.0,-110630.0,2151.85312,2142.2538,2151.812435,9.599320000000262,0.04068499999993946,2146.877893492063,2153.2084785,880240.4,,,0.8631292320126065,0.8466612493823867,1.709790481394993,2.0,46372.0,-1.0,3193.0,0.026030603369346275,-1.5334212427980571,0.1018,0.6075000000000002,0.5753,0.3693,0.001
20251022,2159.2865,2165.975,2165.975,2146.7598,1744555.0,-2965.0,772739.0,2.0,0.0,44540.0,0.0,1.0,-2.0,114844.0,-119483.0,2155.93538,2143.63864,2151.383585,12.29673999999977,4.551794999999856,2147.600251666666,2151.154575944444,882398.7,,,0.9016391135372925,0.8564089441438997,1.758048057681192,2.0,44540.0,-1.0,-4639.0,-0.0016995738168186156,-1.4753731711326448,0.1018,0.6075000000000002,0.589,0.4747,0.005
20251023,2165.0607,2157.0667,2168.0012,2148.9943,1789164.0,44609.0,695277.0,3.0,0.0,76321.0,0.0,1.0,-2.0,109882.0,-110124.0,2158.61342,2145.99377,2151.37963,12.61965000000009,7.233789999999772,2148.53678484127,2149.597910936508,884560.9,,,0.9173931527215159,0.8629064935416233,1.780299646263139,3.0,76321.0,-1.0,-242.0,0.024932873677315216,-1.446877305085709,0.1001,0.565,0.6575,0.5187,0.006
20251024,2159.0413,2165.3823,2165.724,2154.8398,1781489.0,-7675.0,510162.0,3.0,0.0,62103.0,0.0,1.0,-2.0,109735.0,-119143.0,2162.69314,2148.18958,2150.46047,14.50356000000056,12.23267000000033,2149.496621111111,2148.510850944444,868831.9,,,0.8801250895429541,0.8629064935416233,1.743031583084577,3.0,62103.0,-1.0,-9408.0,-0.004308193876021688,-1.451396582587002,0.0983,0.52,0.6849,0.5533,0.006
20251027,2140.0605,2160.4048,2160.4048,2138.852,1762405.0,-19084.0,867888.0,3.0,0.0,72350.0,0.0,1.0,-2.0,116692.0,-126331.0,2158.23004,2150.6149,2148.96565,7.615140000000338,9.264389999999821,2149.220173412699,2147.877766031746,861881.2,,,0.8800067043895079,0.8675859091758801,1.747592613565388,3.0,72350.0,-1.0,-9639.0,-0.010828385076075022,-1.415011432024646,0.0998,0.5575000000000001,0.7123,0.6227,0.008
20251028,2152.5784,2140.508,2155.4397,2139.6155,1764464.0,2059.0,710948.0,3.0,0.0,67717.0,0.0,1.0,-2.0,115696.0,-103107.0,2155.20548,2153.5293,2149.11791,1.676179999999931,6.087570000000142,2149.169336031746,2147.703250674603,822371.7,,,0.8757740829188174,0.8629064935416233,1.738680576460441,3.0,67717.0,-1.0,12589.0,0.001166926613407811,-1.4080599182155085,0.0991,0.5399999999999999,0.7397,0.68,0.009
20251029,2144.9754,2151.4223,2152.5874,2144.3167,1774686.0,10222.0,539796.0,3.0,0.0,71734.0,0.0,1.0,-2.0,115199.0,-100028.0,2152.34326,2154.13932,2148.669275,-1.796060000000125,3.673985000000357,2148.999962857143,2147.795637539683,792041.5,,,0.8464299245783118,0.8564089441438997,1.702838868722211,3.0,71734.0,-1.0,15171.0,0.005759892172474455,-1.412843752439818,0.0965,0.47500000000000014,0.7671,0.732,0.009
20251030,2139.9723,2145.031,2149.0042,2137.036,1795110.0,20424.0,627148.0,3.0,0.0,73104.0,0.0,1.0,-2.0,115610.0,-114339.0,2147.32558,2152.9695,2147.83146,-5.643920000000435,-0.5058800000006158,2148.397426349206,2147.950389873016,764927.6,,,0.8501154364520915,0.8564089441438997,1.706524380595991,3.0,73104.0,-1.0,1271.0,0.011377575747447232,-1.3392567742929988,0.0998,0.5575000000000001,0.7808,0.7947,0.023
20251031,2157.9742,2139.1501,2158.4614,2137.2669,1772447.0,-22663.0,856414.0,3.0,0.0,65588.0,0.0,1.0,-2.0,117306.0,-97579.0,2147.11216,2154.90265,2147.978735,-7.790490000000318,-0.8665750000000116,2148.752638888889,2148.268499,754920.5,,,0.831439159714082,0.8564089441438997,1.687848103857982,3.0,65588.0,-1.0,19727.0,-0.0127862779535862,-1.372829928080791,0.0921,0.3650000000000001,0.8493,0.7333,0.015
20251103,2170.8494,2155.8234,2172.8201,2153.1161,1763894.0,-8553.0,865954.0,3.0,0.0,61762.0,0.0,2.0,-1.0,123867.0,-77991.0,2153.26994,2155.74999,2148.31425,-2.480050000000574,4.955689999999777,2150.539196190476,2148.759028484127,734596.8,,,0.8179083023813778,0.8564089441438997,1.674317246525277,3.0,61762.0,1.0,45876.0,-0.0048489308314445196,-1.2348645169895336,0.0845,0.17500000000000018,0.8356,0.7573,0.043
20251104,2162.037,2169.5432,2172.4776,2160.765,1776030.0,12136.0,513978.0,3.0,0.0,63014.0,0.0,2.0,-1.0,133275.0,-95797.0,2155.16166,2155.18357,2148.718685,-0.02191000000038912,6.442974999999478,2152.221811349206,2149.293420269841,696030.4,,,0.8013442534821792,0.8564089441438997,1.657753197626079,3.0,63014.0,1.0,37478.0,0.006833217907355168,-1.238891116710421,0.0832,0.14249999999999993,0.8493,0.7627,0.043
20251105,2161.9104,2162.2597,2169.7392,2159.6339,1787273.0,11243.0,505730.0,3.0,0.0,64018.0,0.0,2.0,-1.0,135786.0,-113609.0,2158.54866,2155.44596,2149.5423,3.102699999999913,9.006359999999859,2153.635796190476,2149.896974722222,669329.5,,,0.7894795607489477,0.8464133866441835,1.635892947393131,3.0,64018.0,1.0,22177.0,0.006290589070612044,-1.3140969490859082,0.0873,0.2450000000000001,0.863,0.7827,0.028
20251106,2179.57,2161.7991,2180.7704,2156.6583,1820999.0,33726.0,763976.0,3.0,0.0,68246.0,0.0,2.0,-1.0,126975.0,-108231.0,2166.4682,2156.89689,2151.44533,9.571310000000267,15.02287000000024,2155.909284603175,2150.634224698412,676199.4,,,0.8077660161342642,0.8564089441438997,1.664174960278164,3.0,68246.0,1.0,18744.0,0.018520603251292286,-1.1176879779360067,0.0837,0.15499999999999994,0.9041,0.8267,0.074
20251107,2174.8993,2178.0407,2183.4108,2171.5914,1835673.0,14674.0,595303.0,2.0,0.0,54050.0,0.0,2.0,-1.0,137882.0,-121182.0,2169.85322,2158.48269,2153.336135,11.37053000000014,16.51708499999995,2158.444846746032,2151.529047261904,684713.5,,,0.7451928875872099,0.8564089441438997,1.60160183173111,2.0,54050.0,1.0,16700.0,0.00799379845974746,-1.1758147798599905,0.0862,0.21750000000000003,0.9178,0.8493,0.056
20251110,2189.0492,2174.3643,2189.9283,2171.8081,1835185.0,-488.0,718796.0,2.0,0.0,53563.0,0.0,2.0,-1.0,140742.0,-112537.0,2173.49318,2163.38156,2156.99823,10.11162000000013,16.49495000000024,2161.389532222222,2152.745983142857,669804.3,,,0.744338600919002,0.8464133866441835,1.590751987563185,2.0,53563.0,1.0,28205.0,-0.0002659132458035566,-0.9832538511675184,0.081,0.08750000000000009,0.9452,0.9467,0.106
20251111,2200.5548,2191.0878,2204.028,2190.582,1841652.0,6467.0,898000.0,2.0,0.0,50649.0,0.0,2.0,-1.0,136605.0,-96474.0,2181.19674,2168.1792,2160.85425,13.01754000000074,20.34249000000045,2165.355826428572,2154.364632182539,688509.5,1077600.0,,0.723645269306093,0.8464133866441835,1.570058655950276,2.0,50649.0,1.0,40131.0,0.003511521177725216,-0.8508396035523249,0.0766,0.0,0.9178,0.8267,0.15
20251112,2199.0256,2201.5544,2204.5815,2195.8291,1867609.0,25957.0,618072.0,2.0,0.0,49402.0,0.0,2.0,-1.0,147177.0,-99911.0,2188.61978,2173.58422,2163.86177,15.03556000000026,24.75801000000001,2169.215951825397,2156.386231079365,696337.1,,,0.6890279903028615,0.8464133866441835,1.535441376947045,2.0,49402.0,1.0,47266.0,0.013898519443845044,-0.9793135456220928,0.0768,0.004889975550122051,0.9178,0.796,0.108
20251113,2206.1959,2199.8485,2209.0785,2196.0575,1882211.0,14602.0,751516.0,2.0,0.0,45861.0,0.0,2.0,-1.0,136709.0,-78020.0,2193.94496,2180.20658,2166.58804,13.73837999999978,27.35692000000017,2173.233086587302,2158.869797103175,708773.9,,,0.6949921520497712,0.8464133866441835,1.541405538693955,2.0,45861.0,1.0,58689.0,0.007757897493957904,-0.8498075558318748,0.0777,0.026894865525672468,0.9041,0.7867,0.152
20251114,2205.8276,2208.7748,2210.3042,2196.1406,1885253.0,3042.0,594671.0,2.0,0.0,46180.0,0.0,2.0,-1.0,132925.0,-75041.0,2200.13062,2184.99192,2169.947285,15.13869999999997,30.18333499999972,2176.974042619048,2161.691937476191,682599.6,,,0.6692205374276412,0.8408667865355431,1.510087323963184,2.0,46180.0,1.0,57884.0,0.001613576533229227,-0.704595724609976,0.0769,0.0073349633251832465,0.8493,0.7627,0.242
20251117,2201.2944,2209.1562,2209.1562,2192.3135,1862050.0,-23203.0,710913.0,2.0,0.0,49379.0,0.0,2.0,-1.0,139485.0,-75937.0,2202.57966,2188.03642,2171.893205,14.54324000000042,30.68645500000048,2180.193043333334,2164.657322190476,667095.5,,0.09476,0.6714914085693608,0.8408667865355431,1.512358195104904,2.0,49379.0,1.0,63548.0,-0.01246099728793534,-0.5682371611763537,0.0824,0.14180929095354525,0.8356,0.8787,0.312
20251118,2191.6309,2201.8778,2205.4009,2188.2135,1881169.0,19119.0,651647.0,2.0,0.0,52828.0,0.0,2.0,-1.0,131756.0,-98469.0,2200.79488,2190.99581,2173.08969,9.799070000000029,27.70519000000058,2182.574012619048,2167.692542317461,680862.4,,0.10235,0.6996616426863328,0.8328607807133891,1.532522423399722,2.0,52828.0,1.0,33287.0,0.010163361186581323,-0.6190985045593957,0.089,0.30317848410757936,0.7808,0.8533,0.29
20251119,2196.8912,2189.549,2200.2807,2188.6396,1903262.0,22093.0,557799.0,2.0,0.0,52747.0,0.0,2.0,-1.0,129949.0,-82007.0,2200.368,2194.49389,2174.969925,5.874110000000201,25.39807500000006,2184.669020952382,2170.795864793651,686069.3,,,0.6972910740617216,0.8100664509193299,1.507357524981052,2.0,52747.0,1.0,47942.0,0.011607965692584626,-0.5556463278473794,0.0856,0.22004889975550113,0.7808,0.8293,0.321
20251120,2190.4204,2194.4147,2200.2329,2188.3829,1911047.0,7785.0,537830.0,2.0,0.0,51686.0,0.0,2.0,-1.0,122233.0,-68337.0,2197.2129,2195.57893,2176.23791,1.633969999999863,20.97499000000016,2186.415032698413,2173.846439603175,663454.7,,,0.6660449242699079,0.8090925364649088,1.475137460734817,2.0,51686.0,1.0,53896.0,0.0040736831694877206,-0.5921870108365604,0.0834,0.16625916870415652,0.7123,0.7853,0.302
20251121,2211.2371,2190.2855,2219.5643,2186.1693,1968956.0,57909.0,1136995.0,2.0,0.0,57481.0,0.0,2.0,-1.0,127596.0,-38152.0,2198.2948,2199.21271,2178.8477,-0.9179100000001199,19.44710000000032,2189.257814206349,2176.927736349206,717623.9,1364394.0,,0.7098067821021152,0.8328607807133891,1.542667562815504,2.0,57481.0,1.0,89444.0,0.02941101781858,-0.4240676478171675,0.0871,0.25672371638141805,0.6712,0.6867,0.361
20251124,2228.9295,2211.0422,2229.4127,2208.1756,2029435.0,60479.0,1144053.0,2.0,0.0,58561.0,0.0,2.0,-1.0,127770.0,-49754.0,2203.82182,2203.20074,2183.29115,0.6210800000003474,20.5306700000001,2193.428672539682,2180.131650380953,760149.6,1372863.6,0.113965,0.73924870565734,0.8328607807133891,1.572109486370729,2.0,58561.0,1.0,78016.0,0.029800905178042163,-0.2430724810462275,0.0991,0.550122249388753,0.5753,0.6493,0.42
20251125,2242.6536,2231.0833,2243.4768,2227.2157,2127665.0,98230.0,1159604.0,2.0,0.0,54129.0,0.0,2.0,-1.0,116242.0,-59214.0,2214.02636,2207.41062,2187.79491,6.615739999999732,26.23144999999977,2198.830451031746,2183.47911284127,786310.0,1391524.8,0.13133,0.7572864581439632,0.8090925364649088,1.566378994608872,2.0,54129.0,1.0,57028.0,0.04616798227164521,0.0376724446339375,0.1142,0.9193154034229829,0.5616,0.6227,0.598
20251126,2244.2313,2242.7653,2253.2527,2236.5792,2179797.0,52132.0,1545874.0,2.0,0.0,54967.0,0.0,2.0,-1.0,135301.0,-59156.0,2223.49438,2211.93119,2192.757705,11.56318999999985,30.7366750000001,2204.369824285714,2186.994500087302,879090.2,1855048.8,0.13547,0.7316143662535054,0.8090925364649088,1.540706902718414,2.0,54967.0,1.0,76145.0,0.023915988507186677,0.0012862055348333,0.1178,1.0,0.5753,0.5933,0.563
20251127,2253.323,2246.5299,2257.8115,2241.4789,2198297.0,18500.0,1053902.0,2.0,0.0,49375.0,0.0,2.0,-1.0,138195.0,-56001.0,2236.0749,2216.6439,2198.42524,19.43100000000004,37.64966000000049,2210.000966904762,2190.671288119048,909328.8,,,0.7443381390317518,0.8090925364649088,1.55343067549666,2.0,49375.0,1.0,82194.0,0.008415605352688923,-0.0162215374657188,0.1122,0.8640776699029125,0.5753,0.596,0.546
20251128,2251.4088,2249.2301,2260.4628,2242.0522,2208226.0,9929.0,924941.0,2.0,0.0,48452.0,0.0,2.0,-1.0,131538.0,-58517.0,2244.10924,2221.20202,2203.09697,22.90722000000005,41.01227000000017,2215.164828809523,2194.490366738095,942355.8,,,0.7437780294662552,0.8050809784737356,1.548859007939991,2.0,48452.0,1.0,73021.0,0.004496369483920577,0.0629922703059121,0.1053,0.6966019417475728,0.5479,0.5267,0.619
20251201,2245.2968,2252.461,2257.4874,2235.1893,2235585.0,27359.0,970633.0,2.0,0.0,51472.0,0.0,2.0,-1.0,135998.0,-52491.0,2247.3827,2225.60226,2206.81934,21.78044,40.5633600000001,2219.55295515873,2198.426357920635,968327.8,,,0.7662655938639732,0.8217484345637309,1.588014028427704,2.0,51472.0,1.0,83507.0,0.012237960086509795,-0.0086974751924375,0.0935,0.4101941747572815,0.5342,0.4493,0.552
20251202,2251.1094,2246.972,2258.1715,2242.2505,2237168.0,1583.0,858062.0,2.0,0.0,54646.0,0.0,2.0,-1.0,132629.0,-35526.0,2249.07386,2231.55011,2211.27296,17.52375000000029,37.80090000000018,2223.800101904762,2202.548966849206,988969.3,,,0.7880181706498991,0.8217484345637309,1.60976660521363,2.0,54646.0,1.0,97103.0,0.0007075910257969004,-0.0075636234902587,0.1028,0.6359223300970874,0.4521,0.3907,0.553
20251203,2264.6314,2253.1697,2274.7339,2248.0583,2239857.0,2689.0,1274831.0,2.0,0.0,55745.0,0.0,2.0,-1.0,124296.0,-31235.0,2253.15388,2238.32413,2216.40901,14.82974999999988,36.74486999999999,2228.676315476191,2206.949696301587,1060672.5,1529797.2,,0.8303356475982243,0.8217484345637309,1.652084082161955,2.0,55745.0,1.0,93061.0,0.0012005230691066438,0.0705209581669222,0.1046,0.6796116504854368,0.4521,0.392,0.623
20251204,2281.1474,2266.1231,2282.3744,2265.4629,2346587.0,106730.0,1232452.0,2.0,-1.0,52693.0,0.0,2.0,-1.0,116040.0,-34941.0,2258.71876,2247.39683,2221.48788,11.32193000000007,37.23088000000052,2234.561509444444,2211.76434397619,1130134.7,,0.138115,0.8397871528660669,0.8217484345637309,1.661535587429798,1.0,52693.0,1.0,81099.0,0.04548307818972831,0.3703401277769229,0.1201,1.0,0.4384,0.392,0.792
20251205,2283.0653,2283.8135,2295.3621,2280.8061,2408437.0,61850.0,1306363.0,2.0,-1.0,50408.0,0.0,2.0,-1.0,114269.0,-49786.0,2265.05006,2254.57965,2226.89618,10.4704099999999,38.15387999999984,2240.724131904762,2216.910975746032,1147071.5,,0.157895,0.8302983738872541,0.8050809784737356,1.63537935236099,1.0,50408.0,1.0,64483.0,0.02568055548058762,0.5304851264972252,0.1373,1.0,0.411,0.3933,0.855
20251208,2252.562,2281.1269,2281.5266,2249.4661,2354472.0,-53965.0,1567519.0,2.0,-1.0,53687.0,0.0,2.0,-1.0,122181.0,-40262.0,2266.5031,2256.9429,2230.07182,9.560199999999895,36.43127999999979,2244.147247460317,2221.982833238095,1189418.1,1881022.8,,0.8809590646558924,0.8217484345637309,1.702707499219623,1.0,53687.0,1.0,81919.0,-0.022920213109351058,0.4179318964873221,0.1094,0.5403624382207577,0.3836,0.3947,0.811
20251209,2241.8877,2251.5829,2251.6323,2235.2898,2253231.0,-101241.0,1319133.0,2.0,0.0,60241.0,0.0,2.0,-1.0,107286.0,-31319.0,2264.65876,2256.86631,2232.138465,7.792449999999917,32.52029499999981,2245.611421269841,2226.660930261905,1205371.0,,,0.8976078633559283,0.8217484345637309,1.719356297919659,2.0,60241.0,1.0,75967.0,-0.04493147839702188,0.1596306845908192,0.114,0.6161449752883031,0.3973,0.2253,0.693
20251210,2247.7498,2238.4529,2248.2306,2229.8018,2209017.0,-44214.0,1225688.0,2.0,-1.0,58967.0,0.0,2.0,-1.0,92365.0,-40485.0,2261.28244,2257.21816,2234.574675,4.064280000000053,26.70776499999965,2246.71784984127,2230.895732817461,1173352.4,,,0.9168597822148193,0.8185932172972019,1.735452999512021,1.0,58967.0,1.0,51880.0,-0.020015237546836442,0.1795565448753545,0.1111,0.5683690280065898,0.411,0.148,0.708
20251211,2248.6503,2246.2633,2253.3998,2238.2628,2216655.0,7638.0,1044614.0,2.0,0.0,60026.0,0.0,2.0,-1.0,103001.0,-27419.0,2254.78302,2256.75089,2236.697395,-1.967870000000403,18.08562499999971,2248.023008650793,2234.697936992064,1172423.6,,,0.8578775226330851,0.8050809784737356,1.662958501106821,2.0,60026.0,1.0,75582.0,0.003445732421148081,0.2229678260881439,0.1127,0.5947281713344315,0.3836,0.16,0.735
20251212,2246.7008,2247.856,2253.258,2239.3718,2192966.0,-23689.0,795927.0,2.0,0.0,63166.0,0.0,2.0,-1.0,106784.0,-25820.0,2247.51012,2256.28009,2238.741055,-8.76996999999983,8.769064999999955,2249.078839444444,2238.089338055556,1159522.2,,0.131905,0.8340984243042996,0.8050809784737356,1.639179402778035,2.0,63166.0,1.0,80964.0,-0.010802265060197012,0.2139750496917627,0.1147,0.6276771004942339,0.3699,0.1613,0.727
20251215,2225.9943,2247.6449,2249.8423,2225.87,2163409.0,-29557.0,915668.0,0.0,0.0,0.0,0.0,0.0,0.0,0.0,0.0,2242.19658,2254.34984,2239.97605,-12.15326000000005,2.220529999999599,2248.678923888889,2241.001934928571,1154025.7,,,0.8589897145606533,0.8185932172972019,1.677582931857855,0.0,0.0,0.0,0.0,-0.013662234001984831,0.0724356633119579,0.0842,0.12520593080724868,0.5068,0.3333,0.619
20251216,2219.7414,2226.4627,2232.1804,2219.3169,2135151.0,-28258.0,824929.0,2.0,0.0,64105.0,0.0,2.0,-1.0,87942.0,-38445.0,2237.76732,2251.21304,2241.381575,-13.44572000000016,-3.614255000000412,2247.057768571428,2243.327701595238,1150712.4,,,0.8475671155709106,0.8050809784737356,1.652648094044646,2.0,64105.0,1.0,49497.0,-0.013234661155112683,0.0361148978814591,0.0923,0.25864909390444796,0.5479,0.4147,0.583
20251217,2222.8486,2220.0254,2229.8645,2217.0248,2106116.0,-29035.0,755890.0,2.0,0.0,62004.0,0.0,2.0,-1.0,93741.0,-21843.0,2232.78708,2247.03476,2242.679445,-14.24767999999995,-9.892365000000154,2245.321706984127,2244.992240746032,1098818.3,,,0.8372929035459801,0.8050809784737356,1.642373882019716,2.0,62004.0,1.0,71898.0,-0.013786040275084564,0.0106426564486609,0.0907,0.23228995057660626,0.5616,0.452,0.558
20251218,2209.5449,2223.3682,2226.4913,2206.8748,2065144.0,-40972.0,781932.0,2.0,0.0,59701.0,0.0,2.0,-1.0,92944.0,-17693.0,2224.966,2239.87451,2243.63567,-14.90851000000021,-18.66967000000022,2242.576084523809,2245.793698253968,1053766.3,,,0.8422432134092623,0.8185932172972019,1.660836430706464,2.0,59701.0,1.0,75251.0,-0.01983977872729456,-0.0075981004220621,0.0935,0.27841845140032945,0.8493,0.7613,0.541
20251219,2211.8884,2211.1869,2214.3449,2205.9619,2019987.0,-45157.0,600504.0,2.0,0.0,62170.0,0.0,2.0,-1.0,77674.0,-9264.0,2218.00352,2232.75682,2243.668235,-14.75329999999985,-25.66471500000034,2239.485034047619,2245.669788468254,983180.4,,,0.7988341213181436,0.8185932172972019,1.617427338615345,2.0,62170.0,1.0,68410.0,-0.022355094364468683,0.0276469406105828,0.0886,0.19769357495881376,0.8493,0.7613,0.574
20251222,2211.4843,2212.1729,2224.5872,2209.7515,1975397.0,-44590.0,699072.0,2.0,0.0,53938.0,0.0,2.0,-1.0,87898.0,-29443.0,2215.10152,2228.64905,2242.795975,-13.54752999999982,-27.69445499999983,2236.616447380953,2244.916708460317,896335.7,,,0.7963833316129987,0.8185932172972019,1.614976548910201,2.0,53938.0,1.0,58455.0,-0.02257267779590634,0.009977602700403,0.093,0.27018121911037885,0.8356,0.7613,0.555
20251223,2207.8848,2212.0632,2221.2786,2204.582,1939847.0,-35550.0,740001.0,2.0,0.0,54830.0,0.0,2.0,-1.0,90981.0,-20421.0,2212.7302,2225.24876,2241.057535,-12.51855999999998,-28.32733499999995,2233.520972301587,2243.707663563492,838422.5,,0.107755,0.7659562168748216,0.8050809784737356,1.571037195348557,2.0,54830.0,1.0,70560.0,-0.01832618758077312,-0.0796812358803453,0.0937,0.2817133443163098,0.8082,0.6347,0.481
20251224,2215.0166,2207.8351,2216.3919,2203.7417,1914174.0,-25673.0,529445.0,2.0,0.0,52113.0,0.0,2.0,-1.0,94741.0,-17132.0,2211.1638,2221.97544,2239.5968,-10.8116399999999,-28.43300000000045,2230.689987380953,2242.10487731746,768798.2,,0.10994,0.7512778228665669,0.7950189332715931,1.54629675613816,2.0,52113.0,1.0,77609.0,-0.013412051360012204,0.0012014613935371,0.0956,0.31301482701812194,0.5479,0.3827,0.548
20251225,2209.3807,2214.931,2216.6895,2206.7094,1909132.0,-5042.0,398299.0,3.0,0.0,65264.0,0.0,2.0,-1.0,85864.0,-27049.0,2211.13096,2218.04848,2237.399685,-6.917519999999968,-26.26872500000036,2227.943607460317,2240.096937198413,704166.7,,0.11431,0.7383739033105132,0.7950189332715931,1.533392836582106,3.0,65264.0,1.0,58815.0,-0.002640990774865227,0.0539171440512758,0.0994,0.37561779242174625,0.5342,0.332,0.602
20251226,2239.9952,2211.4501,2241.4742,2209.6983,1908223.0,-909.0,1041997.0,2.0,0.0,57805.0,0.0,2.0,-1.0,101277.0,-26496.0,2216.75232,2217.37792,2236.829005,-0.6255999999998494,-20.076685,2227.218537777778,2237.910907031746,728773.7,1250396.4,0.117185,0.7338393529156192,0.8050809784737356,1.538920331389355,2.0,57805.0,1.0,74781.0,-0.000476359419208342,0.1869211007837372,0.1019,0.4168039538714992,0.4658,0.2787,0.709
20251229,2265.0613,2236.9933,2265.7049,2235.5844,1914619.0,6396.0,1089908.0,2.0,0.0,60982.0,0.0,2.0,-1.0,107283.0,-32993.0,2227.46772,2221.284619999999,2237.81723,6.183100000000195,-10.34951000000046,2228.930584126984,2235.936073055555,746197.7,1307889.6,0.12144,0.7744982805977579,0.8050809784737356,1.579579259071493,2.0,60982.0,1.0,74290.0,0.0033406124142714554,0.7118535944696988,0.1056,0.4777594728171334,0.5068,0.2933,0.911
20251230,2245.4883,2263.6116,2269.4132,2239.7047,1903589.0,-11030.0,1106247.0,2.0,0.0,54745.0,0.0,2.0,-1.0,103774.0,-60926.0,2234.98842,2223.85931,2237.536175,11.12911000000031,-2.547755000000052,2230.211929920635,2234.251489190477,774329.5,1327496.4,0.12374,0.8107309016985803,0.8050809784737356,1.615811880172316,2.0,54745.0,1.0,42848.0,-0.005794317996164088,0.6100689049524642,0.1076,0.5107084019769357,0.5205,0.2947,0.885
20251231,2241.8677,2245.5633,2250.9067,2240.7258,1855293.0,-48296.0,626900.0,2.0,0.0,55003.0,0.0,2.0,-1.0,98582.0,-82901.0,2240.35864,2225.76122,2236.39799,14.59742000000006,3.960649999999532,2230.77474,2232.796792492064,761430.5,,0.13087,0.7950085537926584,0.8050809784737356,1.600089532266394,2.0,55003.0,1.0,15681.0,-0.026031467805893733,0.5003762023060804,0.1138,0.6128500823723229,0.5068,0.296,0.843
20260105,2240.0102,2234.044,2248.7461,2229.1487,1860988.0,5695.0,564984.0,1.0,0.0,49188.0,0.0,2.0,-1.0,88099.0,-88038.0,2246.48454,2228.80775,2234.34113,17.67678999999998,12.14341000000013,2230.976162222222,2231.636800261905,739735.7,,,0.8135041984432465,0.8185932172972019,1.632097415740448,1.0,49188.0,1.0,61.0,0.0030602024301070183,0.5765777440609221,0.1112,0.5700164744645797,0.5205,0.348,0.87
20260106,2240.3364,2240.2177,2241.8862,2226.1875,1861259.0,271.0,717802.0,2.0,0.0,62658.0,0.0,2.0,-1.0,78134.0,-84290.0,2246.55278,2231.65255,2232.204685,14.90023000000019,14.34809500000028,2231.437451666667,2230.83204202381,751465.5,,0.13363,0.7865955200891154,0.8185932172972019,1.605188737386317,2.0,62658.0,1.0,-6156.0,0.0001456003705019022,0.4975157672637982,0.1162,0.6523887973640856,0.4795,0.5227,0.839
20260107,2262.4105,2237.7161,2263.3502,2237.7161,1904871.0,43612.0,954720.0,2.0,0.0,69098.0,0.0,2.0,-1.0,79766.0,-91490.0,2246.02262,2236.74517,2232.69711,9.277450000000044,13.32551000000012,2233.477520079366,2230.518149293651,777030.3,1145664.0,0.14536,0.8264215457433672,0.8185932172972019,1.645014763040569,2.0,69098.0,1.0,-11724.0,0.02289498868952281,0.4133634666530953,0.1264,0.8204283360790775,0.4384,0.348,0.804
20260108,2271.1839,2259.1145,2272.6534,2253.9755,1948023.0,43152.0,986266.0,2.0,0.0,65184.0,0.0,2.0,-1.0,91120.0,-90693.0,2251.16174,2243.07508,2234.16192,8.086660000000393,16.99982000000045,2236.66199015873,2230.832251079365,801656.8,1183519.2,,0.8438135397764633,0.8185932172972019,1.662406757073665,2.0,65184.0,1.0,427.0,0.022151689174101128,0.295766171445414,0.1196,0.7084019769357495,0.3699,0.404,0.752
20260109,2267.9534,2271.8593,2275.2213,2264.224,1969714.0,21691.0,725386.0,2.0,0.0,70015.0,0.0,2.0,-1.0,80420.0,-95705.0,2256.37888,2248.36876,2235.1721,8.010119999999915,21.20678000000044,2240.048758333333,2231.768128174604,821250.9,,,0.8147293713416822,0.8185932172972019,1.633322588638884,2.0,70015.0,1.0,-15285.0,0.011012258632471517,0.2171762601504508,0.1237,0.7759472817133443,0.1233,0.0667,0.724
20260112,2286.5905,2266.9294,2291.1121,2260.3968,2051467.0,81753.0,876910.0,2.0,0.0,66957.0,0.0,2.0,-1.0,69238.0,-96464.0,2265.69494,2256.08974,2237.06911,9.605199999999968,28.62582999999995,2244.357332936508,2233.409500722222,869112.0,,,0.8839027915337829,0.8208810647190758,1.704783856252859,2.0,66957.0,1.0,-27226.0,0.03985099443471428,0.3648934821657928,0.119,0.6985172981878087,0.0959,0.0547,0.781
20260113,2281.4418,2287.1724,2290.8535,2276.4027,2070380.0,18913.0,703057.0,2.0,0.0,62369.0,0.0,2.0,-1.0,64174.0,-99284.0,2273.91602,2260.2344,2238.80616,13.68161999999984,35.10986000000003,2248.876288333334,2235.575275777778,835218.0,,,0.8807152828237503,0.8185932172972019,1.699308500120952,2.0,62369.0,1.0,-35110.0,0.00913503801234556,0.4007620455087096,0.1145,0.6243822075782537,0.0411,0.0013,0.798
20260114,2275.1591,2279.7792,2286.5666,2270.416,2039200.0,-31180.0,690389.0,2.0,0.0,62008.0,0.0,2.0,-1.0,66461.0,-112465.0,2276.46574,2261.24418,2241.2644,15.2215599999995,35.20133999999962,2252.570231428572,2237.939240507937,795266.1,,,0.8771058135136276,0.7976320112599146,1.674737824773542,2.0,62008.0,1.0,-46004.0,-0.015290309925460965,0.3640553912391949,0.1184,0.6886326194398682,0.0411,0.0013,0.778
20260115,2290.3557,2274.6616,2291.074,2274.6616,2063430.0,24230.0,677768.0,2.0,0.0,65018.0,0.0,2.0,-1.0,69074.0,-104974.0,2280.300099999999,2265.73092,2244.795115,14.56917999999951,35.50498499999958,2256.800892777778,2240.598136793651,752418.2,,0.14559,0.8869150090472624,0.7803777019381488,1.667292710985411,2.0,65018.0,1.0,-35900.0,0.011742583950024959,0.1635385066921141,0.1266,0.8237232289950575,0.0548,0.0013,0.683
20260116,2280.6341,2292.0116,2298.6665,2280.0297,2060841.0,-2589.0,759266.0,2.0,0.0,65708.0,0.0,2.0,-1.0,72577.0,-117522.0,2282.83624,2269.60756,2247.68439,13.22868000000017,35.15185000000019,2260.840630238095,2243.604725817461,765654.8,,,0.9122388518119273,0.7803777019381488,1.692616553750076,2.0,65708.0,1.0,-44945.0,-0.0012562832358245979,0.225910342053708,0.1178,0.6787479406919275,0.0411,0.0027,0.726
20260119,2278.5673,2282.4309,2286.0161,2275.2009,2070220.0,9379.0,550258.0,2.0,0.0,63205.0,0.0,2.0,-1.0,61240.0,-118752.0,2281.2316,2273.46327,2251.13551,7.768329999999878,30.09609,2263.989411507936,2246.906050746032,764182.2,,,0.8440630752167805,0.7733827880840473,1.617445863300828,2.0,63205.0,1.0,-57512.0,0.004530436378742356,0.3498824014927982,0.113,0.5996705107084019,0.0411,0.0013,0.772
20260120,2277.9473,2276.7513,2281.6511,2263.3999,2062265.0,-7955.0,778343.0,2.0,0.0,60715.0,0.0,2.0,-1.0,57395.0,-105173.0,2280.5327,2277.22436,2254.438455,3.308340000000044,26.09424500000023,2266.449123650793,2250.407217944444,770236.3,,,0.8063249332161735,0.7803777019381488,1.586702635154322,2.0,60715.0,1.0,-47778.0,-0.003857409207837014,0.3236372958956132,0.1103,0.5551894563426687,0.0411,0.0013,0.762
20260121,2281.8741,2277.8558,2284.9038,2270.3913,2080009.0,17744.0,569337.0,2.0,0.0,61243.0,0.0,2.0,-1.0,60781.0,-102686.0,2281.8757,2279.17072,2257.957945,2.704980000000432,23.91775499999994,2269.019393174603,2253.961405253968,731698.0,,,0.7575798868163874,0.7733827880840473,1.530962674900435,2.0,61243.0,1.0,-41905.0,0.008530732318946696,0.3407023265808526,0.1068,0.49752883031301487,0.0411,0.0813,0.77
20260122,2291.8683,2281.4841,2294.7396,2276.4522,2128684.0,48675.0,629719.0,2.0,0.0,61171.0,0.0,2.0,-1.0,59476.0,-80296.0,2282.17822,2281.23916,2262.15712,0.9390599999996994,20.02109999999993,2272.008968095238,2257.496103047619,696043.3,,,0.7818607413158226,0.7803777019381488,1.562238443253972,2.0,61171.0,1.0,-20820.0,0.02286624036259022,0.4101390075412578,0.1036,0.444810543657331,0.0411,0.0827,0.8
20260123,2294.6195,2292.1685,2302.5878,2285.8596,2178262.0,49578.0,741084.0,2.0,0.0,61534.0,0.0,2.0,-1.0,63423.0,-58200.0,2284.9753,2283.90577,2266.137265,1.069529999999759,18.83803500000022,2275.241386507937,2261.015365865079,697613.1,,,0.7715217472919135,0.7803777019381488,1.551899449230062,2.0,61534.0,1.0,5223.0,0.022760347469679955,0.390991481004986,0.1008,0.39868204283360786,0.0411,0.084,0.792
20260126,2292.4571,2294.4464,2303.8962,2291.3306,2188216.0,9954.0,978114.0,2.0,0.0,58213.0,0.0,2.0,-1.0,55506.0,-79593.0,2287.75326,2284.49243,2270.291085,3.260829999999714,17.46217500000012,2278.012913333333,2264.380923904762,707733.5,1173736.8,,0.7604510191891216,0.7803777019381488,1.54082872112727,2.0,58213.0,1.0,-24087.0,0.0045489110764202435,0.3468010672008497,0.101,0.4019769357495882,0.0411,0.0853,0.768
20260127,2283.7438,2291.7029,2292.3581,2282.3449,2171338.0,-16878.0,674970.0,2.0,0.0,52382.0,0.0,2.0,-1.0,52642.0,-88111.0,2288.91256,2284.72263,2272.478515,4.189929999999549,16.43404499999997,2279.672729126984,2267.460567984127,704924.8,,,0.7113681657802846,0.7733827880840473,1.484750953864332,2.0,52382.0,1.0,-35469.0,-0.007773087377460349,0.2781725540307198,0.0991,0.37067545304777577,0.0548,0.0867,0.738
20260128,2278.1935,2284.3151,2289.4727,2272.2276,2112242.0,-59096.0,903590.0,2.0,0.0,53264.0,0.0,2.0,-1.0,43516.0,-87620.0,2288.17644,2285.02607,2273.135125,3.150370000000294,15.0413150000004,2280.645239682539,2270.268068809523,726244.9,1084308.0,,0.7067292456835166,0.7672486986477068,1.473977944331224,2.0,53264.0,1.0,-44104.0,-0.027977854810196937,0.1640656718637405,0.093,0.27018121911037885,0.0685,0.088,0.677
20260129,2285.6264,2277.759,2287.78,2272.2133,2070878.0,-41364.0,781128.0,2.0,0.0,49710.0,0.0,2.0,-1.0,48741.0,-80611.0,2286.92806,2284.55314,2275.14203,2.374920000000202,11.78603000000021,2281.602334047619,2272.748212936508,736580.9,,,0.7206273939381971,0.7672486986477068,1.487876092585904,2.0,49710.0,1.0,-31870.0,-0.019974136573955588,0.1546906984291693,0.1008,0.39868204283360786,0.0822,0.0893,0.666
20260130,2277.2708,2285.2779,2290.822,2275.0641,2039486.0,-31392.0,721971.0,2.0,0.0,49827.0,0.0,2.0,-1.0,47432.0,-90131.0,2283.45832,2284.21681,2276.912185,-0.7584900000001653,6.546135000000049,2282.197342301588,2274.883884142857,732851.4,,0.12489,0.6740513788299225,0.7672486986477068,1.441300077477629,2.0,49827.0,1.0,-42699.0,-0.015392113503108136,0.1110562596061207,0.1086,0.5271828665568369,0.0959,0.0907,0.628
20260202,2262.906,2274.1513,2276.5658,2262.5415,1920724.0,-118762.0,830312.0,2.0,0.0,52807.0,0.0,2.0,-1.0,35647.0,-90263.0,2277.5481,2282.65068,2278.056975,-5.102579999999762,-0.5088749999999891,2281.321899603175,2276.617132952381,760856.8,,,0.675314056053505,0.7602291175630902,1.435543173616595,2.0,52807.0,1.0,-54616.0,-0.061831892557181564,0.1026889988518631,0.1062,0.4876441515650741,0.0959,0.1507,0.623
20260203,2271.4459,2265.6376,2274.1163,2263.8482,1878518.0,-42206.0,693241.0,2.0,0.0,40929.0,0.0,2.0,-1.0,37562.0,-85449.0,2275.08852,2282.00054,2279.61245,-6.912019999999757,-4.523929999999837,2280.508389761905,2278.023059563492,752346.6,,,0.6599287434916152,0.7602291175630902,1.420157861054705,2.0,40929.0,1.0,-47887.0,-0.022467711248973926,0.1107441964045162,0.1052,0.471169686985173,0.1096,0.0627,0.627
20260204,2271.0454,2271.0515,2274.8208,2265.6087,1825147.0,-53371.0,694739.0,2.0,0.0,34827.0,0.0,2.0,-1.0,42632.0,-68894.0,2273.6589,2280.91767,2280.044195,-7.258769999999913,-6.385295000000042,2279.748628333333,2279.095983079365,764886.8,,,0.6377763331126775,0.7565211481232103,1.394297481235888,2.0,34827.0,1.0,-26262.0,-0.02924202817636059,0.0488268786875323,0.1047,0.4629324546952224,0.137,0.076,0.582
20260205,2273.0231,2272.0015,2280.0695,2268.2991,1801311.0,-23836.0,674563.0,2.0,0.0,32069.0,0.0,2.0,-1.0,33030.0,-63663.0,2271.13824,2279.03315,2280.136155,-7.894910000000436,-8.99791499999992,2279.172851111111,2279.812371380952,769371.2,,0.126385,0.6164175199965386,0.7565211481232103,1.372938668119749,2.0,32069.0,1.0,-30633.0,-0.013232584489852114,0.0671586041489826,0.1099,0.5471074380165288,0.137,0.0813,0.593
20260206,2279.7818,2271.9126,2281.8972,2271.9126,1788531.0,-12780.0,541641.0,2.0,0.0,30725.0,0.0,2.0,-1.0,56337.0,-48182.0,2271.64044,2277.54938,2280.727575,-5.908939999999802,-9.087134999999762,2278.889007936507,2280.17713352381,749426.9,,,0.6137920843631549,0.7565211481232103,1.370313232486365,2.0,30725.0,1.0,8155.0,-0.007145528928489358,0.1462296015436811,0.1059,0.4801324503311257,0.137,0.0987,0.658
20260209,2274.727,2279.0042,2283.7791,2271.548,1789494.0,963.0,763544.0,2.0,0.0,31588.0,0.0,2.0,-1.0,64526.0,-43540.0,2274.00464,2275.77637,2280.1344,-1.771729999999934,-6.129759999999806,2278.53267515873,2280.229109706349,727969.9,,,0.594993210647791,0.7565211481232103,1.351514358771001,2.0,31588.0,1.0,20986.0,0.0005381409493409869,0.0662051133214884,0.0957,0.3112582781456953,0.1233,0.128,0.591
20260210,2284.2517,2275.6278,2286.4187,2274.3303,1804299.0,14805.0,594205.0,1.0,-1.0,20714.0,0.0,2.0,-1.0,72168.0,-27440.0,2276.5658,2275.82716,2280.274895,0.7386400000000322,-3.709095000000161,2278.689554920635,2280.130792285715,719893.4,,,0.5873548234073653,0.7565211481232103,1.343875971530576,0.0,20714.0,1.0,44728.0,0.00820540276306754,0.0487081803349338,0.0988,0.29872495446265934,0.3151,0.1973,0.578
20260211,2313.4355,2283.3396,2314.0737,2283.2004,1986069.0,181770.0,1109621.0,2.0,0.0,32217.0,0.0,2.0,-1.0,90247.0,-21553.0,2285.04382,2279.35136,2282.188715,5.692459999999755,2.855105000000094,2280.832616349206,2280.149529952381,740496.5,1331545.2,,0.6263599522611358,0.7565211481232103,1.382881100384346,2.0,32217.0,1.0,68694.0,0.09152249997356587,0.109390889989158,0.0961,0.23562152133580708,0.3425,0.2133,0.624
20260212,2317.5857,2312.2585,2325.8401,2310.2854,1987607.0,1538.0,774730.0,1.0,-1.0,18485.0,0.0,2.0,-1.0,95099.0,-23868.0,2293.95634,2282.54729,2283.550215,11.40904999999975,10.40612499999952,2284.229293968254,2280.412225944444,739856.7,,,0.6222387861946267,0.7482599801735674,1.370498766368194,0.0,18485.0,1.0,71231.0,0.0007737948195996492,0.1353864880185891,0.0926,0.1706864564007421,0.3836,0.2293,0.648
20260213,2319.4488,2316.8406,2330.8629,2310.636,1955874.0,-31733.0,884670.0,2.0,-1.0,22933.0,0.0,2.0,-1.0,91230.0,-33423.0,2301.88974,2286.76509,2285.49095,15.12464999999975,16.39878999999928,2287.711325476191,2280.963624261904,756126.6,,,0.6456609963788549,0.7565211481232103,1.402182144502065,1.0,22933.0,1.0,57807.0,-0.016224460266867906,0.1701141585646064,0.0961,0.23562152133580708,0.3836,0.252,0.681
20260224,2332.213,2329.6249,2348.5464,2324.024,2051605.0,95731.0,818147.0,2.0,-1.0,25576.0,0.0,2.0,-1.0,85503.0,-50767.0,2313.38694,2293.69579,2288.173235,19.69115000000011,25.21370500000057,2292.300445396826,2282.06147884127,754910.1,,,0.7039378283691949,0.7623507164462361,1.466288544815431,1.0,25576.0,1.0,34736.0,0.046661516227538925,0.0911778106260026,0.097,0.24105461393596994,0.5616,0.556,0.609
20260225,2342.7277,2328.3308,2348.6986,2328.3308,2119017.0,67412.0,796690.0,2.0,0.0,33943.0,0.0,2.0,-1.0,90391.0,-40030.0,2325.08214,2300.82397,2291.412255,24.25816999999961,33.66988499999979,2297.15735547619,2283.726375412698,765255.0,,0.122245,0.7122492400738655,0.7623507164462361,1.474599956520102,2.0,33943.0,1.0,50361.0,0.03181286417239692,0.0903855443531546,0.1063,0.41619585687382304,0.5753,0.5667,0.608
20260226,2343.9396,2341.7323,2352.1622,2337.1752,2122368.0,3351.0,723099.0,2.0,0.0,45747.0,0.0,2.0,-1.0,86860.0,-41247.0,2331.18296,2308.11339,2294.51553,23.06957000000011,36.66743000000042,2302.196377380953,2285.97115031746,768091.0,,,0.7091555904989085,0.7565211481232103,1.465676738622119,2.0,45747.0,1.0,45613.0,0.0015788967794463542,0.2205888260442544,0.1015,0.3258003766478344,0.5616,0.568,0.714
20260227,2361.5576,2345.6862,2361.5576,2341.5279,2097805.0,-24563.0,678455.0,2.0,0.0,49423.0,0.0,2.0,-1.0,74171.0,-37387.0,2339.97734,2316.96684,2297.999995,23.01050000000032,41.97734500000024,2308.081984444445,2288.862063650794,768480.2,,,0.7205487476826838,0.7623507164462361,1.48289946412892,2.0,49423.0,1.0,36784.0,-0.011708905260498474,0.2449450461237955,0.0966,0.23352165725047092,0.3288,0.2347,0.725
20260302,2384.8614,2358.8594,2400.2805,2358.8594,2147833.0,50028.0,1141934.0,2.0,0.0,54421.0,0.0,2.0,-1.0,53462.0,-67260.0,2353.05986,2327.4748,2302.51209,25.58506000000034,50.54777000000013,2315.870707222222,2292.560233579365,828509.5,1370320.8,0.12466,0.8002923888500586,0.7733827880840473,1.573675176934106,2.0,54421.0,1.0,-13798.0,0.02329231369477981,0.1741520521551676,0.1084,0.45574387947269296,0.3425,0.2213,0.681
20260303,2373.6101,2382.5207,2382.5207,2369.7095,2098008.0,-49825.0,781555.0,2.0,-1.0,56170.0,0.0,2.0,-1.0,59298.0,-91169.0,2361.33928,2337.36311,2306.56974,23.97616999999991,54.76953999999978,2323.000857539683,2297.007051817461,830310.6,,,0.8099128853829342,0.7733827880840473,1.583295673466981,1.0,56170.0,1.0,-31871.0,-0.02374871783139054,0.2257179442428942,0.1044,0.3804143126177026,0.3014,0.2053,0.717
20260304,2380.3791,2374.5458,2385.0059,2370.228,2090379.0,-7629.0,668055.0,2.0,0.0,58562.0,0.0,2.0,-1.0,60909.0,-86609.0,2368.86956,2346.97585,2311.401505,21.89371000000028,57.46805500000028,2329.935639761905,2302.131660301588,837695.6,,,0.8242777434405102,0.7623507164462361,1.586628459886746,2.0,58562.0,1.0,-25700.0,-0.003649577421127939,0.2417020374284068,0.1045,0.38229755178907715,0.274,0.1947,0.724
20260305,2384.5939,2380.7635,2394.467,2379.0259,2119891.0,29512.0,696472.0,2.0,0.0,64174.0,0.0,2.0,-1.0,56932.0,-83270.0,2377.00042,2354.09169,2316.721525,22.90872999999965,60.27889499999992,2336.989811746032,2307.74737984127,796380.7,,,0.8326925026463292,0.7565211481232103,1.58921365076954,2.0,64174.0,1.0,-26338.0,0.013921470490699757,0.2502835584838164,0.108,0.44821092278719393,0.1918,0.12,0.728
20260306,2393.8205,2385.5556,2406.9732,2384.9627,2170625.0,50734.0,962947.0,2.0,0.0,67942.0,0.0,2.0,-1.0,57616.0,-76584.0,2383.453,2361.71517,2322.13123,21.73783000000003,61.32177000000001,2344.415113492063,2313.765961793651,815202.4,,0.143865,0.8675785190689953,0.7623507164462361,1.629929235515232,2.0,67942.0,1.0,-18968.0,0.023372991649870428,0.0958174172229827,0.1251,0.7702448210922784,0.2329,0.1333,0.607
20260309,2395.6056,2394.262,2440.9605,2388.0024,2101336.0,-69289.0,1934610.0,2.0,0.0,75269.0,0.0,2.0,-1.0,58022.0,-91657.0,2385.60184,2369.33085,2328.04797,16.27099000000044,57.55387000000019,2352.158753730159,2320.210704619048,920196.4,2321532.0,0.18308,0.9880785398453625,0.7623507164462361,1.750429256291599,2.0,75269.0,1.0,-33635.0,-0.03297378429722805,-0.0649027254223137,0.1592,1.0,0.1781,0.1227,0.461
20260310,2383.8743,2393.2974,2396.3141,2374.93,2055273.0,-46063.0,1082003.0,2.0,0.0,73712.0,0.0,2.0,-1.0,61839.0,-98066.0,2387.65468,2374.49698,2334.096385,13.1577000000002,53.55829500000027,2357.703251904762,2326.750985269841,946582.0,,,1.013243363149319,0.7623507164462361,1.775594079595555,2.0,73712.0,1.0,-36227.0,-0.02241210778324826,0.0040700010441438,0.1294,0.6026666666666665,0.274,0.2227,0.517
20260311,2396.6844,2383.7486,2398.44,2382.624,2061363.0,6090.0,823844.0,2.0,0.0,74182.0,0.0,2.0,-1.0,72842.0,-78876.0,2390.91574,2379.89265,2340.35831,11.02309000000014,50.55742999999984,2363.379566746032,2333.373206396825,949297.4,,,0.9652204669497138,0.7623507164462361,1.72757118339595,2.0,74182.0,1.0,-6034.0,0.002954355928577354,0.1392019238469986,0.1363,0.6946666666666667,0.2603,0.2053,0.645
20260312,2397.8787,2400.4467,2405.743,2393.4476,2093684.0,32321.0,800369.0,2.0,0.0,73909.0,0.0,2.0,-1.0,79938.0,-87455.0,2393.5727,2385.28656,2346.699975,8.286139999999705,46.87272499999972,2369.066830317461,2340.060251690476,957024.4,,,0.9530657237836667,0.7565211481232103,1.709586871906877,2.0,73909.0,1.0,-7517.0,0.015437382145538678,0.1558875417318312,0.1525,0.9106666666666665,0.2466,0.1893,0.659
20260313,2388.3543,2393.969,2403.3813,2383.9113,2088337.0,-5347.0,979229.0,2.0,0.0,73809.0,0.0,2.0,-1.0,69636.0,-83266.0,2392.47946,2387.96623,2352.466535,4.513230000000021,40.01292499999954,2373.396716428572,2346.591724888889,987101.8,,0.18975,0.9488155420529992,0.7565211481232103,1.705336690176209,2.0,73809.0,1.0,-13630.0,-0.0025604105084572077,0.0640377692630172,0.165,1.0,0.2466,0.1827,0.577
20260316,2382.2609,2385.8463,2388.7361,2377.8157,2044082.0,-44255.0,810966.0,2.0,0.0,72491.0,0.0,2.0,-1.0,64779.0,-85452.0,2389.81052,2387.70618,2357.59049,2.104339999999866,32.22003000000041,2376.451389047619,2352.649793071429,954005.0,,,0.8928204074841702,0.7399015025425224,1.632721910026693,2.0,72491.0,1.0,-20673.0,-0.02165030561396265,0.0804024532207346,0.141,0.7029702970297027,0.2192,0.168,0.592
20260317,2387.9988,2382.4917,2392.6687,2375.1861,2062379.0,18297.0,837785.0,2.0,-1.0,68780.0,-11350.0,2.0,-1.0,70803.0,-83844.0,2390.63542,2389.14505,2363.25408,1.490369999999984,27.38134000000036,2379.188418809524,2358.268549198413,959628.0,,,0.8829587727082169,0.7417519470571281,1.624710719765345,1.0,57430.0,1.0,-13041.0,0.008871793205807468,0.1311210508109878,0.1281,0.5433168316831681,0.2055,0.1733,0.633
20260318,2383.9089,2389.6176,2393.6036,2377.1588,2049880.0,-12499.0,673265.0,3.0,-1.0,69334.0,0.0,2.0,-1.0,63642.0,-70066.0,2388.08032,2389.49803,2368.23694,-1.417709999999715,19.84338000000025,2381.318664285715,2363.406851650794,960149.0,,,0.8862672760941248,0.7417519470571281,1.628019223151253,2.0,69334.0,1.0,-6424.0,-0.006097430093468886,0.1479384910678321,0.1246,0.5,0.2603,0.328,0.652
20260319,2385.1641,2385.9513,2391.3313,2381.2015,2068361.0,18481.0,599024.0,2.0,0.0,73829.0,0.0,2.0,-1.0,69542.0,-72895.0,2385.5374,2389.55505,2371.82337,-4.017649999999776,13.71403000000009,2383.105382222222,2368.018408698413,950404.2,,,0.8560176630087176,0.7302521009305711,1.586269763939289,2.0,73829.0,1.0,-3353.0,0.008935094018887419,0.1314722987509083,0.1211,0.425392670157068,0.1644,0.216,0.634
20260320,2388.0086,2384.7627,2388.0955,2364.2315,2056408.0,-11953.0,1248926.0,3.0,0.0,83914.0,0.0,2.0,-1.0,58214.0,-71495.0,2385.46826,2388.97386,2375.344515,-3.505599999999959,10.12374499999987,2384.307048174604,2372.007602166667,979002.1,1498711.2,,0.8034057134733877,0.7417519470571281,1.545157660530516,3.0,83914.0,1.0,-13281.0,-0.005812562487599737,0.1313396902051875,0.1208,0.42146596858638746,0.1644,0.212,0.634
20260323,2414.6101,2388.3851,2414.6101,2382.2754,2176264.0,119856.0,1551521.0,3.0,-1.0,78714.0,0.0,2.0,-1.0,70397.0,-75314.0,2391.9381,2390.87431,2380.10258,1.063790000000154,11.83552000000054,2387.118598174604,2375.503586611112,940693.2,1861825.2,0.171005,0.8537697933220397,0.7565211481232103,1.61029094144525,2.0,78714.0,1.0,-4917.0,0.05507420055655012,0.2217557164095306,0.1487,0.7866492146596857,0.1644,0.2093,0.714
20260324,2385.8637,2402.8394,2406.1642,2385.6244,2141108.0,-35156.0,1042324.0,2.0,0.0,83617.0,0.0,2.0,-1.0,53198.0,-101726.0,2391.51108,2391.07325,2382.785115,0.437829999999849,8.725964999999633,2388.393633888888,2378.572624809524,936725.3,,,0.8960809829221914,0.7565211481232103,1.652602131045402,2.0,83617.0,1.0,-48528.0,-0.01641953605329577,0.0305154265265367,0.1215,0.43062827225130884,0.1644,0.208,0.543
20260325,2379.7528,2385.1913,2388.0464,2375.0678,2071468.0,-69640.0,874700.0,2.0,0.0,78311.0,0.0,2.0,-1.0,53960.0,-118919.0,2390.67986,2389.38009,2384.63637,1.29977000000008,6.043490000000475,2388.328539126984,2381.06752204762,941810.9,,,0.888851914922466,0.7565211481232103,1.645373063045676,2.0,78311.0,1.0,-64959.0,-0.0336186704308249,-0.0119856153297868,0.1132,0.2845303867403314,0.3151,0.2827,0.499
20260326,2382.4451,2379.8283,2387.2963,2378.2118,2076558.0,5090.0,640586.0,2.0,0.0,77220.0,0.0,2.0,-1.0,51705.0,-116918.0,2390.13606,2387.83673,2386.561645,2.299329999999827,3.57441499999959,2388.105952936508,2382.971434309524,925832.6,,,0.8494117388007769,0.7565211481232103,1.605932886923987,2.0,77220.0,1.0,-65213.0,0.0024511716022379343,-0.0868211631050608,0.1086,0.22099447513812154,0.3151,0.3253,0.448
20260327,2376.477,2382.2496,2384.1208,2370.5055,2054041.0,-22517.0,831168.0,2.0,0.0,75946.0,0.0,2.0,-1.0,48936.0,-123806.0,2387.82974,2386.649,2387.307615,1.180739999999787,0.52212499999996,2387.260786269841,2384.357841293651,911026.5,,,0.7322221677090102,0.7420470457052833,1.474269213414293,2.0,75946.0,1.0,-74870.0,-0.010962293352469595,-0.1128738047677112,0.1069,0.19751381215469602,0.3151,0.3707,0.433
20260330,2355.5909,2376.4699,2380.5005,2354.9464,2032676.0,-21365.0,993299.0,2.0,0.0,79420.0,0.0,2.0,-1.0,48954.0,-117891.0,2376.0259,2383.982,2385.84409,-7.956100000000333,-9.818189999999959,2385.097773492063,2385.222479738096,929259.8,,,0.7453252886410113,0.7733484498700358,1.518673738511047,2.0,79420.0,1.0,-68937.0,-0.01051077495872436,-0.1978474613544257,0.1029,0.14226519337016577,0.2877,0.332,0.399
20260331,2359.7561,2355.8047,2363.0799,2353.3079,2016391.0,-16285.0,619083.0,2.0,0.0,78689.0,0.0,2.0,-2.0,52655.0,-107259.0,2370.80438,2381.15773,2385.15139,-10.35334999999986,-14.34700999999995,2382.427491349207,2385.546386992064,907389.6,,,0.7280370126291393,0.7733484498700358,1.501385462499175,2.0,78689.0,0.0,-54604.0,-0.008076310596506332,-0.1881223391073258,0.0992,0.09116022099447506,0.3014,0.3693,0.4
20260401,2358.5723,2358.2524,2374.2009,2357.4297,2011870.0,-4521.0,787706.0,2.0,0.0,77609.0,0.0,2.0,-2.0,51389.0,-109494.0,2366.56828,2378.62407,2384.06105,-12.05578999999989,-17.49277000000029,2380.07264984127,2385.421785547619,918833.7,,,0.7423248668006388,0.7420470457052833,1.484371912505922,2.0,77609.0,0.0,-58105.0,-0.002247163087078191,-0.2301307192575001,0.0944,0.024861878453038617,0.3014,0.4133,0.388
20260402,2365.4588,2358.6666,2366.9789,2354.8818,2002363.0,-9507.0,557170.0,2.0,0.0,73496.0,0.0,2.0,-1.0,58088.0,-100632.0,2363.17102,2376.65354,2383.104295,-13.48252000000002,-19.93327499999987,2377.987161190476,2384.909963444445,914648.3,,,0.7206982243468378,0.7302521009305711,1.450950325277409,2.0,73496.0,1.0,-42544.0,-0.004747890367530762,-0.2213026156121149,0.1027,0.13950276243093918,0.3151,0.44,0.392
20260403,2352.6813,2368.2103,2368.6573,2349.9472,1962637.0,-39726.0,711196.0,2.0,0.0,68581.0,0.0,2.0,-2.0,57645.0,-93178.0,2358.41188,2373.12081,2381.047335,-14.70892999999978,-22.63545500000009,2375.507906190476,2384.030049246032,860875.3,,,0.7447480208016579,0.7302521009305711,1.475000121732229,2.0,68581.0,0.0,-35533.0,-0.020241134759000263,-0.2476537886586225,0.0927,0.001381215469613299,0.2055,0.264,0.384
20260407,2352.1051,2351.7152,2354.3717,2346.0142,1964144.0,1507.0,519859.0,3.0,0.0,82526.0,0.0,2.0,-2.0,58710.0,-85479.0,2357.71472,2366.87031,2378.87231,-9.155589999999847,-21.1575899999998,2372.735308412698,2382.591720269841,757709.1,,,0.7181003758715873,0.7302521009305711,1.448352476802159,3.0,82526.0,0.0,-26769.0,0.0007672553539862658,-0.2059573197127813,0.0923,0.0,0.1918,0.2653,0.398
20260408,2355.0999,2352.7968,2358.8117,2347.6125,1939665.0,-24479.0,653302.0,3.0,-1.0,71752.0,0.0,2.0,-1.0,55277.0,-79659.0,2356.78348,2363.79393,2377.43359,-7.010450000000219,-20.65011000000004,2370.237446031747,2380.776101484127,718806.9,,,0.702928795408498,0.7215598190346229,1.424488614443121,2.0,71752.0,1.0,-24382.0,-0.012620220501993901,-0.2146862126086376,0.0826,0.0,0.1781,0.132,0.394
20260409,2362.7834,2352.4982,2364.7211,2351.5578,1942421.0,2756.0,571690.0,3.0,-1.0,61735.0,0.0,2.0,-1.0,50936.0,-69622.0,2357.6257,2362.09699,2375.73854,-4.471289999999954,-18.11283999999978,2368.514701269841,2378.794717698413,688505.9,,,0.7125428261612696,0.7215598190346229,1.434102645195892,2.0,61735.0,1.0,-18686.0,0.0014188479222578421,-0.1798639911813568,0.0899,0.08859223300970857,0.1644,0.1373,0.406
20260410,2388.0917,2364.6998,2391.3732,2363.6315,1952802.0,10381.0,1292183.0,2.0,0.0,64008.0,0.0,2.0,-1.0,55707.0,-97823.0,2362.15228,2362.66165,2375.24919,-0.5093700000002173,-13.09691000000021,2369.029930476191,2376.887115452381,753665.6,1550619.6,0.127765,0.7267799735458031,0.7215598190346229,1.448339792580426,2.0,64008.0,1.0,-42116.0,0.005315951130734196,-0.1113555532873472,0.1111,0.34587378640776695,0.2329,0.2293,0.438
20260413,2384.2628,2386.6406,2396.3703,2378.1721,1964603.0,11801.0,962479.0,2.0,0.0,57649.0,0.0,2.0,-2.0,45740.0,-121009.0,2368.46858,2363.44023,2375.044615,5.028350000000046,-6.576035000000047,2370.040372460317,2375.165074071429,766796.7,1154974.8,,0.6848125839869654,0.7215598190346229,1.406372403021588,2.0,57649.0,0.0,-75269.0,0.0060068115542936664,-0.1282959876560855,0.0813,0.0,0.411,0.4853,0.428
20260414,2388.4938,2384.7357,2391.8593,2379.4757,1965187.0,584.0,749330.0,2.0,0.0,55480.0,0.0,2.0,-2.0,43122.0,-88975.0,2375.74632,2366.73052,2375.35626,9.015799999999672,0.3900599999997212,2371.147216428571,2373.77001836508,742399.8,,,0.6346939956493652,0.7215598190346229,1.356253814683988,2.0,55480.0,0.0,-45853.0,0.0002971727372509588,-0.1029261985402301,0.0798,0.0,0.4384,0.4773,0.445
20260415,2382.1752,2390.5169,2391.4914,2379.379,1961887.0,-3300.0,821204.0,2.0,0.0,55863.0,0.0,2.0,-2.0,46948.0,-90157.0,2381.16138,2368.97243,2375.06508,12.18894999999975,6.096300000000156,2372.083067380952,2372.735575968254,762611.9,,,0.6320357668386244,0.7132794962366782,1.345315263075303,2.0,55863.0,0.0,-43209.0,-0.0016820540632564464,-0.1201345328472476,0.0906,0.12676056338028172,0.4521,0.4653,0.429
20260416,2386.1901,2381.5429,2391.147,2381.5429,1950730.0,-11157.0,772721.0,2.0,0.0,53501.0,0.0,2.0,-1.0,48796.0,-81346.0,2385.84272,2371.73421,2375.17914,14.10850999999957,10.66357999999991,2373.084576904762,2372.036768674604,761113.4,,,0.633530985639952,0.7132794962366782,1.34681048187663,2.0,53501.0,1.0,-32550.0,-0.005719397353811138,-0.1545563490493004,0.0896,0.11502347417840378,0.5068,0.6347,0.412
20260417,2394.5622,2385.8867,2404.8689,2379.1781,2024946.0,74216.0,1283544.0,2.0,0.0,55959.0,0.0,2.0,-2.0,34074.0,-69644.0,2387.13682,2374.64455,2375.649045,12.49227000000019,11.48777500000051,2374.748375396825,2371.712890095238,833750.8,1540252.8,0.135585,0.669573257178408,0.7215598190346229,1.391133076213031,2.0,55959.0,0.0,-35570.0,0.03665085389931386,-0.196799044076249,0.1179,0.4471830985915493,0.5479,0.672,0.397
20260420,2406.0675,2390.6325,2407.0066,2383.992,2114541.0,89595.0,1093134.0,2.0,0.0,60317.0,0.0,2.0,-2.0,26394.0,-62889.0,2391.49776,2379.98317,2376.55199,11.51458999999932,14.94576999999981,2376.990781190476,2371.861177595238,871944.6,1311760.8,,0.6609156214084277,0.7302521009305711,1.391167722338999,2.0,60317.0,0.0,-36495.0,0.04237089751392856,-0.1126810229071322,0.1131,0.3908450704225353,0.5342,0.6667,0.435
20260421,2424.4813,2405.9726,2427.3985,2404.8744,2257860.0,143319.0,1347495.0,2.0,0.0,52382.0,0.0,2.0,-2.0,27673.0,-62533.0,2398.69526,2387.22079,2377.04555,11.47446999999966,21.64971000000014,2381.204703968253,2372.708117150793,954708.2,1616994.0,,0.6979244549028203,0.7302521009305711,1.428176555833391,2.0,52382.0,0.0,-34860.0,0.06347559193218358,0.1127414015729996,0.1123,0.3814553990610328,0.3288,0.404,0.624
20260422,2428.1811,2426.9924,2437.1142,2423.8315,2353350.0,95490.0,1193772.0,2.0,0.0,59806.0,0.0,2.0,-2.0,29938.0,-83423.0,2407.89644,2394.52891,2379.16142,13.36752999999999,28.73502000000008,2386.145736031746,2374.298946150794,1008755.2,,0.137195,0.6860148315670914,0.7302521009305711,1.416266932497662,2.0,59806.0,0.0,-53485.0,0.040576199885269934,0.0466918693158243,0.1193,0.46361502347417843,0.2877,0.2853,0.568
20260423,2420.1641,2430.084,2436.057,2413.1396,2322384.0,-30966.0,1008464.0,2.0,0.0,56157.0,0.0,2.0,-2.0,21198.0,-70494.0,2414.69124,2400.26698,2381.181985,14.42426000000023,33.50925499999994,2390.347110396825,2376.482187063492,1052432.6,,,0.717263619715815,0.7302521009305711,1.447515720646386,2.0,56157.0,0.0,-49296.0,-0.013333712254304199,-0.0707321270859787,0.1129,0.3884976525821596,0.2192,0.2573,0.462
20260424,2411.2984,2417.6489,2424.676,2408.3863,2270941.0,-51443.0,841830.0,0.0,0.0,0.0,0.0,0.0,0.0,0.0,0.0,2418.03848,2402.58765,2382.62465,15.45082999999977,35.41383000000042,2393.553005873016,2378.934494603174,1007397.3,,,0.7087794397631018,0.7302521009305711,1.439031540693673,0.0,0.0,0.0,0.0,-0.022652724135061194,-0.0539041975696089,0.1064,0.312206572769953,0.2055,0.2493,0.473
20260427,2422.1509,2409.8398,2424.4885,2409.8398,2272280.0,1339.0,771791.0,2.0,0.0,48744.0,0.0,1.0,-2.0,11683.0,-32665.0,2421.25516,2406.37646,2384.908345,14.8786999999993,36.34681499999988,2397.043134126985,2381.634770769841,988328.5,,,0.726049301349516,0.7182519310497079,1.444301232399224,2.0,48744.0,-1.0,-20982.0,0.0005892759695107998,-0.0872400549501237,0.1036,0.2793427230046948,0.2192,0.2107,0.448
20260428,2425.0697,2422.9475,2431.3214,2418.4886,2268205.0,-4075.0,788428.0,2.0,0.0,50127.0,0.0,1.0,-3.0,6140.0,-43995.0,2421.37284,2410.03405,2388.382285,11.33878999999979,32.99055499999986,2400.835612222222,2384.603610349206,992238.3,,,0.7293968676312417,0.6996082499935206,1.429005117624762,2.0,50127.0,-2.0,-37855.0,-0.0017965748245859611,-0.0964932601844834,0.1018,0.25821596244131456,0.2055,0.068,0.444
20260429,2428.4085,2426.6575,2430.1186,2421.4265,2218547.0,-49658.0,659089.0,2.0,0.0,43987.0,0.0,1.0,-3.0,8085.0,-44568.0,2421.41832,2414.65738,2391.814905,6.760940000000119,29.60341499999959,2404.59552984127,2387.854856595238,976026.8,,,0.7147042983502775,0.6996082499935206,1.414312548343798,2.0,43987.0,-2.0,-36483.0,-0.02238311832023392,-0.1453681767084991,0.1038,0.2816901408450705,0.2192,0.0613,0.408
20260430,2424.6776,2430.3652,2430.3652,2417.4674,2131321.0,-87226.0,743646.0,2.0,0.0,48013.0,0.0,1.0,-3.0,5056.0,-27323.0,2422.32102,2418.50613,2395.12017,3.814890000000105,27.20085000000063,2407.885833015873,2391.334982206349,973119.3,,,0.6674013441283775,0.6996082499935206,1.367009594121898,2.0,48013.0,-2.0,-22267.0,-0.040925792032265436,-0.0536202660970017,0.0996,0.23239436619718304,0.0548,0.0093,0.474
20260506,2389.9152,2423.9586,2434.1701,2376.8061,2057749.0,-73572.0,1370719.0,2.0,0.0,42344.0,0.0,1.0,-2.0,21870.0,-77110.0,2418.04438,2418.04143,2396.34299,0.002950000000055297,21.70139000000017,2408.559373333333,2394.716082,981836.8,1644862.8,,0.7833988139085998,0.6996082499935206,1.48300706390212,2.0,42344.0,-1.0,-55240.0,-0.03575363175975301,-0.2219830477627841,0.0949,0.1772300469483568,0.2192,0.18,0.377
20260507,2378.0044,2387.9084,2389.7424,2373.9666,2014011.0,-43738.0,1211762.0,2.0,0.0,46500.0,0.0,1.0,-2.0,11702.0,-101317.0,2409.21508,2415.23512,2397.609145,-6.020039999999881,11.60593500000004,2407.131545238095,2397.730158404762,993699.6,1454114.4,,0.7942144373820946,0.6996082499935206,1.493822687375615,2.0,46500.0,-1.0,-89615.0,-0.02171686251961881,-0.275062142006315,0.092,0.1431924882629108,0.2055,0.1947,0.365
20260508,2368.2465,2378.3121,2379.4253,2359.5488,2000835.0,-13176.0,1047906.0,2.0,0.0,47311.0,0.0,1.0,-3.0,9879.0,-100643.0,2397.85044,2409.61164,2398.416215,-11.76120000000037,-0.5657750000004853,2404.537198253969,2400.063407833333,963740.7,,,0.817576428096274,0.7194855607261117,1.537061988822386,2.0,47311.0,-2.0,-90764.0,-0.006585250657850347,-0.2238855662543515,0.0904,0.12441314553990607,0.2466,0.2133,0.377
20260511,2358.8285,2365.1573,2375.6747,2355.8296,2047536.0,46701.0,996028.0,2.0,0.0,34134.0,0.0,1.0,-2.0,10190.0,-98484.0,2383.93444,2402.67638,2398.602645,-18.74193999999989,-14.66820499999994,2401.10544095238,2401.559378325397,943966.3,,,0.848647344436261,0.7445667981458073,1.593214142582068,2.0,34134.0,-1.0,-88294.0,0.022808390182150643,-0.2239974241875152,0.0902,0.12206572769953057,0.2877,0.2373,0.377
20260512,2362.9337,2360.2835,2367.4454,2356.7181,2061799.0,14263.0,687201.0,2.0,-1.0,32630.0,0.0,1.0,-2.0,5372.0,-88963.0,2371.58566,2396.95334,2398.61016,-25.36767999999984,-27.02449999999953,2397.574993333333,2402.282166619048,911840.0,,,0.8049749154101579,0.7445667981458073,1.549541713555965,1.0,32630.0,-1.0,-83591.0,0.006917745134225014,-0.2487464445708989,0.0883,0.09976525821596252,0.274,0.1107,0.368
20260513,2380.8233,2364.3871,2382.2768,2361.7302,2064800.0,3001.0,895304.0,2.0,0.0,35751.0,0.0,1.0,-3.0,1980.0,-78758.0,2369.76728,2393.90583,2398.24674,-24.13855000000012,-28.47946000000002,2395.415421428571,2402.468408174603,917187.4,,0.10672,0.7982391149687416,0.776064740422608,1.57430385539135,2.0,35751.0,-2.0,-76778.0,0.0014534095311894615,-0.3840532313959277,0.0928,0.1525821596244131,0.2466,0.136,0.334
20260514,2369.0004,2383.8764,2383.8764,2364.3083,2061316.0,-3484.0,869738.0,2.0,0.0,49662.0,0.0,1.0,-3.0,2419.0,-76066.0,2367.96648,2388.59078,2397.48362,-20.62429999999949,-29.51713999999993,2393.035716349207,2402.067666396825,926982.1,,0.112815,0.7907523655558601,0.803242524628568,1.593994890184428,2.0,49662.0,-2.0,-73647.0,-0.0016901823883383237,-0.2409177946050293,0.0981,0.2147887323943663,0.3151,0.156,0.372
20260515,2352.8412,2367.3787,2371.0977,2352.3111,2027599.0,-33717.0,834121.0,2.0,0.0,44698.0,0.0,1.0,-3.0,4337.0,-77188.0,2364.88542,2381.36793,2395.70099,-16.48250999999982,-30.81557000000021,2389.28989531746,2400.913094706349,931551.4,,,0.8089644342317239,0.8051609295238275,1.614125363755551,2.0,44698.0,-2.0,-72851.0,-0.01662902773181482,-0.0029333467532328,0.096,0.1901408450704226,0.1781,0.0627,0.515
20260518,2352.0968,2350.921,2363.9781,2344.4106,2018256.0,-9343.0,853616.0,1.0,0.0,33608.0,0.0,1.0,-3.0,3988.0,-71119.0,2363.53908,2373.73676,2394.19707,-10.19768000000022,-30.65799000000015,2385.114131190476,2398.96495484127,951004.1,,,0.8005895089168192,0.8195260559817421,1.620115564898561,1.0,33608.0,-2.0,-67131.0,-0.00462924425840924,0.1491762112346733,0.0939,0.16549295774647887,0.1781,0.064,0.661
20260519,2364.8443,2352.4359,2367.133,2350.1718,2044346.0,26090.0,719027.0,1.0,0.0,36304.0,0.0,1.0,-3.0,1333.0,-76664.0,2363.9212,2367.75343,2393.12978,-3.832230000000436,-29.20858000000044,2381.849783888889,2396.361349928572,948542.2,,0.113505,0.8037155548796532,0.8195260559817421,1.623241610861395,1.0,36304.0,-2.0,-75331.0,0.01276202756284895,0.0221736255730807,0.0987,0.22183098591549294,0.1644,0.0653,0.538
20260520,2350.2945,2365.0111,2369.2308,2350.0913,2042274.0,-2072.0,721632.0,1.0,0.0,36666.0,0.0,1.0,-3.0,4590.0,-84446.0,2357.81544,2363.79136,2390.916395,-5.975920000000315,-33.10095500000034,2378.266327380953,2393.332045333334,883633.5,,0.1173,0.8189330034098389,0.8146891267830898,1.633622130192929,1.0,36666.0,-2.0,-79856.0,-0.0010145553437002086,-0.0628812249016474,0.102,0.26056338028169007,0.1918,0.0667,0.463
20260521,2324.4974,2345.9745,2345.9745,2323.9229,2091432.0,49158.0,1034316.0,1.0,0.0,27447.0,0.0,1.0,-3.0,8287.0,-95893.0,2348.91484,2358.44066,2386.83789,-9.52581999999984,-37.92304999999942,2372.493271825397,2389.868217992063,865888.9,,0.12673,0.862186252691097,0.8195260559817421,1.681712308672839,1.0,27447.0,-2.0,-87606.0,0.023504469664803827,-0.1582165068844016,0.1102,0.3568075117370893,0.1507,0.068,0.401
20260522,2330.9528,2327.9702,2341.2985,2327.2449,2081314.0,-10118.0,821698.0,2.0,-1.0,39468.0,0.0,1.0,-3.0,7439.0,-77410.0,2344.53716,2354.71129,2382.161465,-10.17413000000033,-37.62430500000028,2367.13873515873,2386.12837168254,843268.1,,0.12719,0.8892167630786327,0.8146891267830898,1.703905889861723,1.0,39468.0,-2.0,-69971.0,-0.004861352011277491,-0.1065875872091364,0.1106,0.36150234741784043,0.1507,0.0693,0.435
20260525,2324.3086,2332.3752,2341.97,2319.0025,2122644.0,41330.0,864943.0,2.0,-1.0,43353.0,0.0,1.0,-2.0,21233.0,-94646.0,2338.97952,2351.2593,2376.96784,-12.2797800000003,-37.98831999999993,2361.865773174603,2382.204404904762,830159.6,,,0.922427908666667,0.8146891267830898,1.737117035449757,1.0,43353.0,-1.0,-73413.0,0.01947099937624962,-0.0295412688034329,0.1079,0.3298122065727699,0.0959,0.0707,0.486
20260526,2312.7935,2326.511,2327.0626,2308.8398,2175425.0,52781.0,989760.0,1.0,0.0,29830.0,0.0,1.0,-2.0,37942.0,-75733.0,2328.56936,2346.24528,2371.59931,-17.67592000000013,-43.0299500000001,2355.978186904762,2378.044724261905,860415.5,,,0.8057280477164404,0.8048165582596639,1.610544605976104,1.0,29830.0,-1.0,-37791.0,0.024262385510877185,-0.0302839262185726,0.0963,0.1936619718309859,0.1233,0.072,0.485
20260527,2309.3381,2314.2295,2321.1946,2308.2347,2202400.0,26975.0,823766.0,1.0,0.0,32784.0,0.0,1.0,-2.0,49238.0,-88773.0,2320.37808,2339.09676,2366.501295,-18.71867999999995,-46.12321500000007,2350.053238809523,2373.508506,853261.7,,,0.7983169004536143,0.8048165582596639,1.603133458713278,1.0,32784.0,-1.0,-39535.0,0.01224800217944061,-0.0655186882947492,0.0998,0.2347417840375587,0.0548,0.0733,0.456
20260528,2306.4258,2308.0396,2311.3753,2301.2213,2217225.0,14825.0,915986.0,3.0,0.0,55397.0,0.0,1.0,-2.0,39916.0,-70785.0,2316.76376,2332.8393,2360.71504,-16.07554000000027,-43.95128000000022,2344.166062777778,2368.621540642857,857886.5,,,0.7701797637436846,0.7965460218582296,1.566725785601914,3.0,55397.0,-1.0,-30869.0,0.006686285785159377,-0.0483422140918175,0.0959,0.18896713615023475,0.0959,0.0013,0.473
