,收盘价,开盘价,最高价,最低价,持仓量,持仓量变动,成交量,家人多头席位数,家人空头席位数,家人多头持仓量,家人空头持仓量,机构多头席位数,机构空头席位数,机构多头持仓量,机构空头持仓量,ma5,ma10,ma20,diff5_10,diff5_20,DKX,MADKX,成交量MA10,成交量放大信号,IV上涨信号,ATRMA14,ATR60D60pct,推荐止损宽度,家人净多头席位,家人净多头持仓量,机构净多头席位,机构净多头持仓量,持仓量变幅,CB_index,IV,IV_pct,趋势横截面分位数,趋势历史分位数,CB_index历史分位数
20240506,6179.7861,6154.7119,6216.8828,6141.5386,543977.0,9901.0,283339.0,2.0,0.0,16641.0,0.0,2.0,-2.0,6794.0,-4873.0,6165.08124,6191.06503,6321.366595,-25.98378999999932,-156.2853549999991,6246.71383579365,6334.987176746032,443355.0,,,1.151747105556471,1.16307522151012,2.314822327066591,2.0,16641.0,0.0,1921.0,0.018201137180432262,1.9256567970338847,,,0.1781,0.1507,0.982
20240507,6278.7852,6184.7705,6281.373,6184.7705,540402.0,-3575.0,534579.0,2.0,0.0,16266.0,0.0,2.0,-1.0,7531.0,-5536.0,6186.695699999999,6199.27529,6306.8977,-12.57959000000028,-120.2020000000002,6239.511591587303,6316.311640412699,444669.1,641494.7999999999,,1.173101783768367,1.198816977324473,2.371918761092839,2.0,16266.0,1.0,1995.0,-0.006615445538691566,1.60292787561654,,,0.137,0.072,0.957
20240508,6299.7524,6282.3911,6315.2065,6273.8535,524667.0,-15735.0,505626.0,2.0,0.0,14434.0,0.0,2.0,-1.0,9419.0,-5615.0,6210.82304,6205.25048,6294.73266,5.572560000000522,-83.90961999999945,6238.022427698412,6299.56138881746,448444.8,,,1.115474448453009,1.198816977324473,2.314291425777482,2.0,14434.0,1.0,3804.0,-0.02999045108611748,1.6097715279503977,,,0.1507,0.1627,0.959
20240509,6290.1431,6275.8828,6314.3608,6262.9912,524348.0,-319.0,402630.0,2.0,0.0,8752.0,0.0,2.0,-2.0,10362.0,-4590.0,6242.02744,6210.81235,6282.16313,31.21508999999969,-40.13569000000007,6237.145230714284,6284.71769176984,447839.6,,,1.08769574535094,1.198816977324473,2.286512722675413,2.0,8752.0,0.0,5772.0,-0.0006083745909205337,1.5764163203608343,,,0.1781,0.2,0.953
20240510,6330.7461,6289.1104,6331.9932,6263.6685,538203.0,13855.0,465655.0,2.0,0.0,13214.0,0.0,2.0,-1.0,12554.0,-2325.0,6275.84258,6223.50644,6273.020794999999,52.33614000000034,2.821785000001,6239.759456031748,6272.095881992063,445525.8,,,1.077778061110221,1.198816977324473,2.276595038434694,2.0,13214.0,1.0,10229.0,0.025743074639123155,1.476113517160273,,,0.2329,0.2413,0.931
20240513,6306.3203,6321.3071,6329.8164,6268.4683,543036.0,4833.0,436184.0,1.0,-1.0,7771.0,-872.0,2.0,-1.0,10156.0,-3275.0,6301.14942,6233.115330000001,6262.93598,68.0340899999992,38.21343999999954,6242.988233730158,6261.741023523809,451111.7,,,1.045292227898914,1.198816977324473,2.244109205223388,0.0,6899.0,1.0,6881.0,0.008899962433429828,1.5675195065590402,,,0.2877,0.272,0.952
20240514,6169.4854,6278.1738,6287.9346,6165.1543,555891.0,12855.0,644695.0,2.0,-1.0,4641.0,0.0,1.0,-2.0,6342.0,-10819.0,6279.289460000001,6232.99258,6247.88503,46.29688000000078,31.4044300000005,6237.682215238096,6253.0222615,450510.2,773634.0,0.144095,1.131920549351871,1.198816977324473,2.330737526676344,1.0,4641.0,-1.0,-4477.0,0.023125037102597452,1.5474274234653205,,,0.3425,0.4427,0.951
20240515,6164.1709,6177.8462,6200.2671,6161.9072,552131.0,-3760.0,378585.0,2.0,0.0,10564.0,0.0,2.0,-2.0,4664.0,-4921.0,6252.17316,6231.4981,6235.701805000001,20.67506000000049,16.47135499999968,6230.231366746032,6245.69488768254,440337.5,,,1.134470245197163,1.198816977324473,2.333287222521636,2.0,10564.0,0.0,-257.0,-0.006809978066799365,1.488632258511683,,,0.3836,0.4813,0.934
20240516,6157.4136,6147.6982,6168.3462,6128.1885,569611.0,17480.0,412937.0,2.0,0.0,16899.0,0.0,2.0,-2.0,1187.0,-5041.0,6225.627259999999,6233.82735,6226.20154,-8.200090000000273,-0.5742800000007264,6222.039262222222,6239.662403563492,441230.5,,,1.118371306972192,1.198816977324473,2.317188284296665,2.0,16899.0,0.0,-3854.0,0.030687609614280624,1.399654915389663,,,0.4384,0.48,0.908
20240517,6163.8491,6107.5112,6169.4443,6099.2783,574333.0,4722.0,469804.0,2.0,0.0,17595.0,0.0,2.0,-2.0,7075.0,-4357.0,6192.24786,6234.045220000001,6217.68286,-41.79736000000048,-25.43499999999949,6214.338229682541,6234.843184944444,453403.4,,,1.153092757816127,1.198816977324473,2.3519097351406,2.0,17595.0,0.0,2718.0,0.008221711097917061,1.8306272718585808,,,0.6164,0.728,0.976
20240520,6185.748,6144.4331,6187.4248,6138.1274,569962.0,-4371.0,477076.0,2.0,0.0,19074.0,0.0,2.0,-1.0,6637.0,-4272.0,6168.133400000001,6234.64141,6212.85322,-66.50800999999956,-44.71981999999934,6209.974521349206,6231.169253499999,472777.1,,,1.076869741085617,1.162071296852921,2.238941037938538,2.0,19074.0,1.0,2365.0,-0.007668932314785898,1.523144646746633,,,0.6301,0.7187,0.94
20240521,6192.4893,6197.1875,6226.6479,6151.7393,548859.0,-21103.0,516118.0,2.0,0.0,18622.0,0.0,2.0,-1.0,6370.0,-4195.0,6172.734179999999,6226.01182,6212.643555000001,-53.27764000000025,-39.90937500000109,6207.721431428571,6227.990237484127,470931.0,,,1.072342774761823,1.162071296852921,2.234414071614744,2.0,18622.0,1.0,2175.0,-0.0384488548060613,1.4769349240573928,,,0.6438,0.644,0.926
20240522,6173.6567,6188.0757,6206.8018,6168.9741,552766.0,3907.0,350713.0,2.0,0.0,20223.0,0.0,2.0,-1.0,3935.0,-4280.0,6174.63134,6213.402250000001,6209.326365,-38.77091000000109,-34.69502499999999,6205.004215952382,6224.688416309524,455439.7,,,1.020803214724959,1.162071296852921,2.18287451157788,2.0,20223.0,1.0,-345.0,0.0070680902949892,1.3673496896674433,,,0.6438,0.6387,0.901
20240523,6114.6094,6170.4585,6171.8379,6091.5278,594051.0,41285.0,594144.0,2.0,0.0,24562.0,0.0,2.0,-3.0,0.0,-11710.0,6166.0705,6195.84888,6203.330615,-29.77837999999974,-37.26011500000004,6197.602827857143,6220.734176023811,474591.1,712972.7999999999,0.154215,1.073785875574296,1.198816977324473,2.272602852898769,2.0,24562.0,-1.0,-11710.0,0.06949740005487744,1.2768796113982277,,,0.4247,0.4147,0.878
20240524,6132.6201,6127.3271,6149.2041,6108.1533,583560.0,-10491.0,383496.0,2.0,0.0,23324.0,0.0,2.0,-2.0,639.0,-7358.0,6159.824699999999,6176.036279999999,6199.771360000001,-16.21158000000014,-39.94666000000143,6190.693836825395,6215.827614103174,466375.2,,,1.034932356828056,1.162071296852921,2.197003653680977,2.0,23324.0,0.0,-6719.0,-0.017977585852354514,1.3086452045191104,,,0.3699,0.388,0.883
20240527,6178.0347,6118.271,6202.8228,6118.271,549379.0,-34181.0,472382.0,2.0,0.0,21641.0,0.0,2.0,-1.0,5056.0,-3703.0,6158.28204,6163.20772,6198.161525,-4.925680000000284,-39.87948500000039,6187.393764206348,6210.268167150794,469995.0,,,1.016520455612546,1.198816977324473,2.215337432937019,2.0,21641.0,1.0,1353.0,-0.06221752196571038,1.3775184182010642,,,0.3562,0.3533,0.902
20240528,6194.4868,6185.8223,6212.5596,6167.7017,535284.0,-14095.0,426497.0,2.0,0.0,19848.0,0.0,2.0,-1.0,7497.0,-3708.0,6158.68154,6165.70786,6199.35022,-7.026320000000851,-40.66868000000068,6186.888512460318,6205.188796873016,448175.2,,,1.021793939603099,1.198816977324473,2.220610916927572,2.0,19848.0,1.0,3789.0,-0.026331816381584355,1.3635585108091175,,,0.3014,0.2307,0.899
20240529,6190.4932,6201.5117,6204.7695,6158.0142,519412.0,-15872.0,372218.0,2.0,0.0,19729.0,0.0,2.0,-1.0,9817.0,-7007.0,6162.048839999999,6168.34009,6199.919094999999,-6.291250000000218,-37.87025499999982,6186.158782222221,6200.781538420635,447538.5,,,1.017644012038684,1.198816977324473,2.216460989363157,2.0,19729.0,1.0,2810.0,-0.03055763055146974,1.3745017049680504,,,0.3014,0.232,0.9
20240530,6172.688,6157.27,6188.9287,6135.5361,508175.0,-11237.0,498828.0,2.0,0.0,19916.0,0.0,2.0,-1.0,4274.0,-3273.0,6173.66456,6169.86753,6201.84744,3.797030000000632,-28.1828800000003,6183.14252404762,6196.891864603174,456127.6,,,1.004049022322292,1.198816977324473,2.202865999646765,2.0,19916.0,1.0,1001.0,-0.022112461258424754,1.3951360216018915,,,0.3014,0.2333,0.904
20240531,6090.2075,6164.6499,6183.4897,6088.6328,532000.0,23825.0,531269.0,2.0,0.0,22558.0,0.0,1.0,-3.0,0.0,-14950.0,6165.182040000001,6162.50337,6198.274295,2.678670000000238,-33.09225499999957,6175.368321984127,6192.994873833333,462274.1,,0.152835,1.044323706496422,1.198816977324473,2.243140683820894,2.0,22558.0,-2.0,-14950.0,0.04478383458646617,1.2828499071426618,,,0.274,0.2347,0.873
20240603,6143.1187,6105.686,6172.832,6094.3892,512095.0,-19905.0,594312.0,2.0,0.0,20220.0,0.0,3.0,-2.0,7873.0,-3714.0,6158.19884,6158.24044,6196.440925000001,-0.04159999999956199,-38.24208500000077,6169.124889920636,6188.909910690477,473997.7,713174.4,,0.9767715628658028,1.20420113721033,2.180972700076132,2.0,20220.0,1.0,4159.0,-0.03886974096603169,1.374739497532738,,,0.2603,0.248,0.899
20240604,6147.9814,6167.3491,6200.7007,6111.0933,545445.0,33350.0,752452.0,2.0,0.0,20314.0,0.0,2.0,-2.0,2428.0,-7224.0,6148.897760000001,6153.78965,6189.900735000001,-4.891889999998966,-41.00297500000033,6165.367618174602,6184.674529365079,497631.1,902942.4,0.15433,1.036381009020835,1.212482825530371,2.248863834551206,2.0,20314.0,0.0,-4796.0,0.06114273666455829,1.3022230615961503,,,0.2329,0.2907,0.876
20240605,6184.3721,6152.5703,6188.1479,6138.8613,559140.0,13695.0,494745.0,2.0,0.0,18276.0,0.0,3.0,-1.0,18017.0,-4105.0,6147.673540000001,6154.86119,6184.131719999999,-7.187649999998939,-36.45817999999872,6163.940105079364,6180.568118277778,512034.3,,,1.046639599867175,1.212482825530371,2.259122425397546,2.0,18276.0,2.0,13912.0,0.024492971348857175,1.3784856705309183,,,0.2192,0.3053,0.901
20240606,6224.9561,6182.1016,6234.6416,6174.4351,590618.0,31478.0,690686.0,2.0,0.0,17591.0,0.0,2.0,-1.0,23607.0,-3862.0,6158.12716,6165.895860000001,6180.872369999999,-7.768700000000536,-22.74520999999913,6166.380969047618,6177.445932396825,521688.5,828823.2,,1.03436156530503,1.212482825530371,2.246844390835402,2.0,17591.0,1.0,19745.0,0.05329671632087068,1.3717491494483698,,,0.2877,0.44,0.896
20240607,6222.3184,6220.4404,6238.5107,6202.7646,593582.0,2964.0,478715.0,2.0,0.0,15645.0,0.0,2.0,-1.0,25248.0,-3466.0,6184.54934,6174.865690000001,6175.450985,9.683649999999034,9.098354999999174,6170.490323492064,6175.425581063492,531210.4,,,1.018232289771818,1.212482825530371,2.230715115302189,2.0,15645.0,1.0,21782.0,0.004993412873031864,1.404141504254564,,,0.3425,0.4733,0.905
20240611,6122.7026,6186.3223,6186.3223,6113.165,565541.0,-28041.0,458155.0,2.0,0.0,15150.0,0.0,2.0,-2.0,6502.0,-3296.0,6180.46612,6169.33248,6166.2701,11.13364000000001,14.19602000000032,6167.791615714287,6173.465366214285,529787.7,,,1.058740437902405,1.217704082630024,2.27644452053243,2.0,15150.0,0.0,3206.0,-0.04958261204757922,1.2048976748609186,,,0.4795,0.5293,0.852
20240612,6116.3564,6137.9653,6138.292,6100.7319,565504.0,-37.0,359266.0,2.0,0.0,16125.0,0.0,1.0,-3.0,1070.0,-5636.0,6174.141119999999,6161.51944,6163.613649999999,12.62167999999929,10.52746999999999,6163.089281825395,6171.085443150793,523064.6,,,1.059133621252343,1.212482825530371,2.271616446782714,2.0,16125.0,-2.0,-4566.0,-6.542836124943413e-05,1.230000967703656,,,0.5205,0.5573,0.858
20240613,6089.3789,6134.437,6142.666,6086.8193,566969.0,1465.0,382272.0,2.0,0.0,11371.0,0.0,1.0,-2.0,3563.0,-5404.0,6155.14248,6151.40801,6159.87405,3.734470000000329,-4.73156999999992,6157.541070476191,6168.22367197619,524070.0,,,1.028957236465702,1.212482825530371,2.241440061996073,2.0,11371.0,-1.0,-1841.0,0.0025839155227181734,1.1909689414424929,,,0.6164,0.5747,0.844
20240614,6159.1782,6092.8066,6164.2983,6092.8066,564019.0,-2950.0,513687.0,2.0,0.0,15716.0,0.0,2.0,-1.0,11944.0,-2938.0,6141.9869,6150.05703,6159.96228,-8.070130000000063,-17.97537999999986,6155.430934920633,6165.452513063492,525555.9,,,1.06791454217879,1.212355694552543,2.280270236731333,2.0,15716.0,1.0,9006.0,-0.005230320255168709,1.284341551450791,,,0.6438,0.608,0.87
20240617,6108.1582,6145.4248,6162.7656,6106.3198,568308.0,4289.0,452893.0,2.0,0.0,11489.0,0.0,1.0,-2.0,3515.0,-2977.0,6119.15486,6151.852099999999,6157.177735,-32.69723999999951,-38.02287500000057,6151.875583253969,6163.103239190476,517718.3,,,1.036162281661623,1.20420113721033,2.240363418871953,2.0,11489.0,-1.0,538.0,0.007546963970241489,1.2090540262603515,,,0.8767,0.8107,0.856
20240618,5941.9541,6070.8628,6093.2861,5937.7661,666563.0,98255.0,1058113.0,2.0,0.0,15562.0,0.0,1.0,-3.0,527.0,-13281.0,6083.005160000001,6131.73564,6144.988039999999,-48.73047999999926,-61.98287999999866,6135.738026825396,6159.764552880952,564098.4,1269735.6,0.15617,1.185324294540692,1.212355694552543,2.397679989093235,2.0,15562.0,-2.0,-12754.0,0.14740542154304995,1.2363184524455693,,,0.8767,0.804,0.861
20240619,5983.6084,5962.814,5995.3262,5944.5942,672617.0,6054.0,686753.0,2.0,0.0,13146.0,0.0,2.0,-2.0,2962.0,-11108.0,6056.45556,6115.298339999999,6134.543995,-58.84277999999904,-78.08843499999966,6119.422293650792,6155.170020428572,557528.5,824103.6,,1.19590576165332,1.212355694552543,2.408261456205862,2.0,13146.0,0.0,-8146.0,0.009000664568394792,1.4435972055032251,,,0.863,0.7933,0.921
20240620,5985.3691,5986.3818,6019.7563,5974.9673,654724.0,-17893.0,514603.0,2.0,-1.0,13484.0,0.0,2.0,-2.0,6235.0,-3016.0,6035.6536,6095.39804,6125.129615,-59.7444400000004,-89.47601500000019,6105.50136936508,6149.326146857142,559514.3,,,1.186635445947009,1.20420113721033,2.390836583157338,1.0,13484.0,0.0,3219.0,-0.0273290730139723,1.4754840479889697,,,0.6164,0.5733,0.928
20240621,6004.8965,6018.2471,6062.1992,5998.5771,607325.0,-47399.0,536652.0,2.0,-1.0,11243.0,0.0,3.0,-1.0,9709.0,-1516.0,6004.797259999999,6073.39208,6119.64397,-68.59482000000025,-114.8467100000007,6094.538066428571,6142.141856595238,544110.9,,,1.166720189830534,1.20420113721033,2.370921327040864,1.0,11243.0,2.0,8193.0,-0.07804552751821513,1.4814598921585076,,,0.589,0.5507,0.933
20240624,6003.3213,6007.1982,6038.4023,5994.5688,610864.0,3539.0,383432.0,2.0,-1.0,11946.0,0.0,2.0,-1.0,12200.0,-1584.0,5983.82988,6051.49237,6113.17903,-67.6624899999997,-129.34915,6083.525855158729,6133.445409761904,534582.6,,,1.123153567146307,1.20420113721033,2.327354704356637,1.0,11946.0,1.0,10616.0,0.005793433562953456,1.4470024687539491,,,0.5616,0.5173,0.922
20240625,6046.3945,6027.4966,6059.3032,6021.1958,595364.0,-15500.0,378531.0,2.0,-1.0,10188.0,0.0,3.0,-1.0,16427.0,-1170.0,6004.71796,6043.861559999999,6106.597019999999,-39.14359999999942,-101.8790599999993,6076.382064761904,6124.304454666666,526620.2,,,1.085023044062439,1.198816977324473,2.283840021386911,1.0,10188.0,2.0,15257.0,-0.02603449318400172,1.2805282874289576,,,0.5342,0.476,0.871
20240626,6043.917,6039.936,6066.9307,6014.1929,582456.0,-12908.0,411712.0,2.0,-1.0,9921.0,0.0,3.0,-1.0,19847.0,-842.0,6016.779680000001,6036.61762,6099.06853,-19.83793999999943,-82.288849999999,6070.042968730158,6114.999823357142,531864.8,,,1.090872571864862,1.198816977324473,2.289689549189335,1.0,9921.0,2.0,19005.0,-0.02216133064128449,1.155093976348858,,,0.4384,0.3973,0.833
20240627,6006.8472,6042.5605,6043.7441,6004.7168,589845.0,7389.0,357910.0,2.0,-1.0,11457.0,0.0,3.0,-1.0,13469.0,-719.0,6021.0753,6028.36445,6089.88623,-7.289149999999609,-68.81092999999964,6062.119860396827,6105.457702349206,529428.6,,,1.068915665636435,1.198816977324473,2.267732642960908,1.0,11457.0,2.0,12750.0,0.012527019810289143,1.1341141882970571,,,0.4521,0.3987,0.83
20240628,6130.356,6056.854,6144.4629,6047.1519,585018.0,-4827.0,708557.0,1.0,0.0,3968.0,0.0,3.0,-1.0,42134.0,-1864.0,6046.167200000001,6025.48223,6087.76963,20.68497000000116,-41.602429999999,6063.417314365081,6096.256340293651,548915.6,850268.4,,1.190286495225517,1.20420113721033,2.394487632435846,1.0,3968.0,2.0,40270.0,-0.008251028173492098,1.3236486605462403,,,0.4932,0.4653,0.887
20240701,6111.6182,6139.3618,6150.3267,6097.3394,578400.0,-6618.0,409536.0,2.0,0.0,9235.0,0.0,2.0,-1.0,31888.0,-2485.0,6067.826579999999,6025.828230000001,6088.840165,41.99834999999803,-21.0135850000006,6065.87625722222,6087.656407690476,544579.9,,,1.12415493797019,1.20420113721033,2.328356075180519,2.0,9235.0,1.0,29403.0,-0.011441908713692946,1.274514693650579,,,0.5205,0.4813,0.872
20240702,6116.186,6108.0562,6121.2861,6093.6235,563147.0,-15253.0,281597.0,2.0,0.0,11084.0,0.0,3.0,-1.0,26615.0,-2276.0,6081.78488,6043.25142,6087.49353,38.53346000000056,-5.708649999999579,6067.811116825395,6080.863716690475,466928.3,,,1.112476139186142,1.198816977324473,2.311293116510615,2.0,11084.0,2.0,24339.0,-0.027085290341598196,1.325521094441218,,,0.5616,0.4987,0.89
20240703,6142.3408,6111.1914,6156.7485,6089.877,553474.0,-9673.0,448452.0,2.0,0.0,10127.0,0.0,3.0,-1.0,22717.0,-2002.0,6101.46964,6059.124659999999,6087.211499999999,42.34498000000076,14.25814000000082,6071.677897539683,6076.089277079364,443098.2,,,1.124784586052119,1.16323074341358,2.288015329465699,2.0,10127.0,2.0,20715.0,-0.017476882382912295,1.2664765122235564,,,0.5616,0.4787,0.869
20240704,6171.21,6135.52,6184.77,6135.52,566678.0,13204.0,454484.0,1.0,0.0,3757.0,0.0,3.0,-1.0,27835.0,-1271.0,6134.3422,6077.70875,6086.553395,56.63345000000027,47.78880500000014,6078.47745936508,6073.386886079365,437086.3,,,1.094353105938893,1.16323074341358,2.257583849352473,1.0,3757.0,2.0,26564.0,0.023300710456379107,1.3262722022945688,,,0.6301,0.5093,0.892
20240705,6170.5859,6174.1572,6190.1538,6151.2568,573977.0,7299.0,353602.0,1.0,-1.0,3232.0,0.0,3.0,-1.0,26256.0,-1548.0,6142.38818,6094.277690000001,6083.834885,48.11048999999912,58.55329499999971,6086.479747063491,6072.581054142856,418781.3,,,1.07286797844485,1.108557251540913,2.181425229985763,0.0,3232.0,2.0,24708.0,0.012716537422231205,1.3605905706928716,,,0.6575,0.524,0.904
20240708,6132.7485,6169.8911,6190.4126,6118.9507,568126.0,-5851.0,391729.0,1.0,-1.0,2934.0,0.0,2.0,-1.0,21078.0,-1420.0,6146.61424,6107.22041,6079.35639,39.39382999999998,67.25784999999996,6092.584304920635,6073.486899119047,419611.0,,,0.9541403063688183,1.149108598297417,2.103248904666235,0.0,2934.0,1.0,19658.0,-0.010298771751336852,1.4870447350051543,,,0.6575,0.5467,0.946
20240709,6157.9141,6141.0825,6162.144,6104.6001,578168.0,10042.0,434475.0,1.0,-1.0,3021.0,0.0,2.0,-1.0,19192.0,-1317.0,6154.95986,6118.372369999999,6081.116964999999,36.5874900000008,73.84289500000068,6098.409718888888,6075.689664531746,425205.4,,,0.9570839463537947,1.149108598297417,2.106192544651212,0.0,3021.0,1.0,17875.0,0.01736865409361985,1.4152686274419974,,,0.6575,0.548,0.919
20240710,6064.6323,6131.2593,6138.4272,6050.1851,545450.0,-32718.0,511131.0,1.0,0.0,3782.0,0.0,2.0,-2.0,4016.0,0.0,6139.41816,6120.4439,6078.53076,18.97425999999996,60.88740000000053,6098.623526031747,6078.547720261905,435147.3,,0.124545,1.029978695360359,1.149108598297417,2.179087293657776,1.0,3782.0,0.0,4016.0,-0.05998349986249885,1.385996296732709,,,0.6712,0.5733,0.915
20240711,6098.6318,6080.3184,6112.4165,6075.1064,544209.0,-1241.0,370651.0,1.0,0.0,3174.0,0.0,2.0,-1.0,17452.0,-393.0,6124.90252,6129.622359999999,6078.993404999999,-4.719839999999749,45.90911500000038,6099.596164126985,6082.29535063492,436421.4,,,0.9948352385817393,1.108557251540913,2.103392490122652,1.0,3174.0,1.0,17059.0,-0.002280373900468386,1.2973239025175305,,,0.6438,0.6413,0.882
20240712,6066.0156,6086.7056,6097.9429,6046.2236,536167.0,-8042.0,348381.0,1.0,0.0,3797.0,0.0,2.0,-1.0,14891.0,-90.0,6103.98846,6123.188319999999,6074.335274999999,-19.19985999999881,29.65318500000103,6098.938009523808,6085.847420150793,400403.8,,,1.004139066137746,1.083030093162702,2.087169159300448,1.0,3797.0,1.0,14801.0,-0.014999058129276885,1.298494337050533,,,0.6712,0.6707,0.883
20240715,6024.4268,6048.8706,6056.6284,6015.0708,534766.0,-1401.0,325767.0,1.0,0.0,3495.0,0.0,3.0,-1.0,11523.0,-122.0,6082.324119999999,6114.46918,6070.148705,-32.14506000000074,12.1754149999997,6095.213228730157,6088.781117301587,392026.9,,,0.9985015911679415,1.070231493430032,2.068733084597974,1.0,3495.0,2.0,11401.0,-0.0026198374616187266,1.0666861771249423,,,0.6438,0.68,0.812
20240716,6044.2715,6034.4531,6068.7661,6029.8682,540186.0,5420.0,298572.0,1.0,0.0,3876.0,0.0,2.0,-2.0,7661.0,-2387.0,6059.595600000001,6107.27773,6075.264574999999,-47.68212999999923,-15.66897499999868,6091.906251587302,6091.190630777777,393724.4,,,0.9886674882383731,1.01821461341632,2.006882101654693,1.0,3876.0,0.0,5274.0,0.01003358102579482,1.0963420691978552,,,0.6712,0.6893,0.82
20240717,6031.3203,6036.3047,6047.5015,6022.1284,543318.0,3132.0,255967.0,1.0,0.0,4295.0,0.0,2.0,-2.0,6890.0,-4622.0,6052.9332,6096.175679999999,6077.65017,-43.24247999999898,-24.71696999999949,6087.742819206349,6092.797122944445,374475.9,,,0.972205183186723,0.9753260189347644,1.947531202121487,1.0,4295.0,0.0,2268.0,0.005764579859308913,1.0547817396604036,,,0.7534,0.6947,0.811
20240718,6033.0508,6014.9517,6035.4038,6000.8765,551798.0,8480.0,326447.0,1.0,0.0,4326.0,0.0,2.0,-2.0,8147.0,-3340.0,6039.817,6082.359759999999,6080.034255,-42.54275999999936,-40.21725500000048,6082.586105714286,6093.207987579365,361672.2,,,0.8525514017564148,0.9475541954175114,1.800105597173926,1.0,4326.0,0.0,4807.0,0.015367942616682192,1.0591133619895574,,,0.7397,0.6907,0.812
20240719,6016.9341,6017.3315,6035.5396,6002.8984,549897.0,-1901.0,274696.0,1.0,0.0,4379.0,0.0,2.0,-2.0,3953.0,-3046.0,6030.000700000001,6066.99458,6080.636135,-36.99387999999999,-50.63543499999923,6076.781378968256,6092.238150769841,353781.6,,,0.8296373547832785,0.9475541954175114,1.77719155020079,1.0,4379.0,0.0,907.0,-0.0034570110402493558,1.0507833546574548,,,0.7534,0.6987,0.808
20240722,6000.0444,5999.625,6007.625,5972.1172,553011.0,3114.0,320757.0,1.0,0.0,6212.0,0.0,2.0,-2.0,2685.0,-4318.0,6025.12422,6053.72417,6080.47229,-28.59994999999981,-55.34807000000001,6068.599674126984,6089.839687690476,346684.4,,,0.8509138973979656,0.9475541954175114,1.798468092815477,1.0,6212.0,0.0,-1633.0,0.005630991065277182,1.0302052419315166,,,0.7397,0.7027,0.802
20240723,5965.9824,5985.1724,5992.5083,5961.7666,558692.0,5681.0,282454.0,1.0,0.0,7001.0,0.0,2.0,-1.0,4644.0,-3303.0,6009.4664,6034.531000000001,6076.451685,-25.06460000000061,-66.98528499999975,6058.561266746032,6085.85484247619,331482.3,,0.124085,0.8190313917221775,0.9475541954175114,1.766585587139689,1.0,7001.0,1.0,1341.0,0.01016839331868006,1.0124347695020195,,,0.5479,0.4533,0.795
20240724,6028.2241,5971.7603,6041.7808,5963.7969,564579.0,5887.0,446904.0,1.0,0.0,6569.0,0.0,2.0,-1.0,24453.0,-2034.0,6008.847159999999,6030.89018,6075.66704,-22.04302000000098,-66.81988000000092,6052.378069920635,6081.230296865079,325059.6,536284.7999999999,0.124545,0.8542822622851869,0.9475541954175114,1.801836457702698,1.0,6569.0,1.0,22419.0,0.010427238703529533,1.1739203910884215,,,0.5342,0.404,0.844
20240725,5987.5518,6018.4971,6024.2397,5977.6484,563209.0,-1370.0,398475.0,1.0,0.0,6437.0,0.0,2.0,-1.0,15095.0,-3097.0,5999.747359999999,6019.78218,6074.70227,-20.03482000000076,-74.95491000000038,6044.44511579365,6075.715192031746,327842.0,478170.0,0.14168,0.8699255633213536,0.9293117216714577,1.799237284992811,1.0,6437.0,1.0,11998.0,-0.0024324895376316787,1.301338354175631,,,0.4932,0.404,0.888
20240726,6030.6904,6021.7715,6065.749,6021.1938,563632.0,423.0,519374.0,1.0,0.0,6549.0,0.0,2.0,-1.0,21834.0,-2872.0,6002.49862,6016.24966,6069.718989999999,-13.7510400000001,-67.2203699999991,6040.955233015872,6069.916914380952,344941.3,623248.7999999999,,0.8789417163850441,0.9293117216714577,1.808253438056502,1.0,6549.0,1.0,18962.0,0.0007504896812104352,1.2626864746064417,,,0.5342,0.4147,0.872
20240729,5998.8706,6022.9443,6028.9619,5976.1621,556693.0,-6939.0,342168.0,1.0,0.0,6606.0,0.0,2.0,-2.0,14260.0,-8480.0,6002.263860000001,6013.69404,6064.08161,-11.43017999999938,-61.81774999999925,6034.769889603175,6063.872580468254,346581.4,,,0.877024797400861,0.9293117216714577,1.806336519072319,1.0,6606.0,0.0,5780.0,-0.012464679814547694,1.278740941702348,,,0.5479,0.3987,0.878
20240730,6026.3711,6026.3892,6040.2549,6007.7881,572805.0,16112.0,311837.0,1.0,0.0,8518.0,0.0,1.0,-2.0,17835.0,-5307.0,6014.341600000001,6011.904,6059.590865,2.437600000000202,-45.24926499999947,6030.948142857143,6057.776769595238,347907.9,,,0.7987707690880407,0.9248120199196564,1.723582789007697,1.0,8518.0,-1.0,12528.0,0.028128246087237366,1.3251930270578285,,,0.5479,0.396,0.896
20240731,6038.3638,6029.2744,6049.5166,6019.6851,574664.0,1859.0,295820.0,1.0,0.0,5781.0,0.0,2.0,-2.0,20304.0,-2288.0,6016.369540000001,6012.60835,6054.392014999999,3.76119000000017,-38.02247499999885,6028.563544761906,6051.858842150794,351893.2,,0.14214,0.7780436865213564,0.9199119439612438,1.6979556304826,1.0,5781.0,0.0,18016.0,0.003234933804797238,1.3214217009044755,,,0.5342,0.392,0.892
20240801,6011.8862,6035.1807,6041.6353,6006.605,566300.0,-8364.0,332843.0,1.0,0.0,8039.0,0.0,1.0,-2.0,14660.0,-4400.0,6021.23642,6010.491889999999,6046.425825,10.74453000000085,-25.18940500000008,6025.289672222221,6046.129198801587,352532.8,,,0.7579141108240368,0.9199119439612438,1.677826054785281,1.0,8039.0,-1.0,10260.0,-0.01476955677202896,1.2444112128259128,,,0.5068,0.3893,0.863
20240802,6002.2207,5999.4546,6009.3447,5973.79,560169.0,-6131.0,308474.0,1.0,0.0,8264.0,0.0,1.0,-2.0,10554.0,-4924.0,6015.54248,6009.020549999999,6038.007565,6.521930000000793,-22.46508499999982,6020.694206269842,6040.520481531747,355910.6,,,0.7428571980894121,0.9199119439612438,1.662769142050656,1.0,8264.0,-1.0,5630.0,-0.010944911267849524,1.2588241082957832,,,0.4795,0.3813,0.867
20240805,5982.0264,5980.3057,6026.2539,5967.9141,562203.0,2034.0,373052.0,1.0,0.0,8506.0,0.0,1.0,-2.0,10144.0,-3328.0,6012.173639999999,6007.21875,6030.47146,4.954889999999068,-18.29782000000068,6015.545167619049,6035.215030880952,361140.1,,,0.7600435133700423,0.9199119439612438,1.679955457331286,1.0,8506.0,-1.0,6816.0,0.003617910256615493,1.2658292726738885,,,0.4658,0.38,0.869
20240806,5964.0278,5964.5249,5985.1016,5953.7847,565017.0,2814.0,300337.0,1.0,0.0,8716.0,0.0,1.0,-2.0,9462.0,-7277.0,5999.70498,6007.02329,6020.777145,-7.318310000000565,-21.0721650000005,6009.587831349208,6030.31768734127,362928.4,,0.143175,0.7677204554334458,0.9122322686981053,1.679952724131551,1.0,8716.0,-1.0,2185.0,0.004980381121275997,1.2592176393562202,,,0.4658,0.3493,0.866
20240807,5861.1055,5959.4019,5976.0664,5857.3008,605770.0,40753.0,566445.0,1.0,0.0,10725.0,0.0,1.0,-2.0,4701.0,-13727.0,5964.25332,5990.31143,6010.600805,-26.05810999999994,-46.34748500000023,5997.208476269842,6024.800727976191,374882.5,679734.0,0.17434,0.8696796685281992,0.9122322686981053,1.781911937226305,1.0,10725.0,-1.0,-9026.0,0.06727470822259274,1.3080055525838865,,,0.6575,0.524,0.888
20240808,5839.481,5891.9595,5892.4521,5834.7402,628124.0,22354.0,362463.0,1.0,0.0,10698.0,0.0,1.0,-2.0,6259.0,-11175.0,5929.772279999999,5975.50435,5997.643265000001,-45.73207000000093,-67.87098500000138,5982.424693809522,6018.598685777778,371281.3,,,0.9014625391993821,0.9199119439612438,1.821374483160626,1.0,10698.0,-1.0,-4916.0,0.03558851436977412,1.368899527966925,,,0.6164,0.496,0.912
20240809,5861.3994,5869.5698,5893.8433,5849.2603,609945.0,-18179.0,371869.0,1.0,0.0,10890.0,0.0,2.0,-2.0,6990.0,-3729.0,5901.60802,5958.57525,5987.412455,-56.9672300000002,-85.80443500000001,5969.646580238094,6011.4678205,356530.8,,,0.9143757748701431,0.9248120199196564,1.8391877947898,1.0,10890.0,0.0,3261.0,-0.029804326619613245,1.3955521457094178,,,0.5753,0.4693,0.921
20240812,5820.1895,5868.3115,5870.8413,5780.0986,597428.0,-12517.0,508147.0,1.0,0.0,7632.0,0.0,1.0,-2.0,7045.0,-4365.0,5869.240639999999,5940.70714,5977.20059,-71.46650000000136,-107.9599500000013,5954.077706349207,6003.398602174603,373128.7,609776.4,,0.9788412541235207,0.9248120199196564,1.903653274043177,1.0,7632.0,-1.0,2680.0,-0.020951478671906908,1.349383102468393,,,0.5479,0.44,0.906
20240813,5822.5947,5821.0205,5837.8174,5801.3057,583153.0,-14275.0,329902.0,1.0,0.0,7566.0,0.0,2.0,-1.0,10272.0,-2294.0,5840.95402,5920.3295,5966.11675,-79.3754799999997,-125.16273,5939.001979126984,5994.203985801588,374935.2,,,0.9314407238884783,0.9248120199196564,1.856252743808135,1.0,7566.0,1.0,7978.0,-0.02447899607821618,1.30915024350997,,,0.5342,0.4213,0.889
20240814,5782.5693,5839.4014,5840.5239,5777.1636,581412.0,-1741.0,334234.0,1.0,0.0,8237.0,0.0,1.0,-2.0,5774.0,-3365.0,5825.246779999999,5894.750050000001,5953.6792,-69.50327000000107,-128.4324200000001,5922.911016031746,5983.638732928572,378776.6,,,0.9491352959218993,0.9248120199196564,1.873947315841556,1.0,8237.0,-1.0,2409.0,-0.0029944342394033836,1.3177977597035282,,,0.5068,0.4267,0.89
20240815,5742.4517,5783.6846,5787.6943,5735.1162,575548.0,-5864.0,381330.0,1.0,0.0,7146.0,0.0,2.0,-1.0,8338.0,-2001.0,5805.840920000001,5867.8066,5939.149245,-61.96567999999934,-133.3083249999991,5903.635103333333,5971.473276039683,383625.3,,,0.9214829201234463,0.9248120199196564,1.846294940043103,1.0,7146.0,1.0,6337.0,-0.010188550737731693,1.3498992951301192,,,0.4247,0.4133,0.907
20240816,5737.9941,5763.2368,5777.0923,5737.5205,572475.0,-3073.0,319492.0,1.0,0.0,7765.0,0.0,2.0,-2.0,5523.0,-2184.0,5781.159860000001,5841.383940000001,5925.202244999999,-60.22407999999996,-144.0423849999988,5885.045798174603,5957.908435230159,384727.1,,,0.9062663367523092,0.9199119439612438,1.826178280713553,1.0,7765.0,0.0,3339.0,-0.005367919996506398,1.3618329750484903,,,0.3836,0.348,0.91
20240819,5750.3179,5755.6182,5781.1348,5744.7632,557269.0,-15206.0,326345.0,1.0,0.0,8127.0,0.0,2.0,-2.0,6610.0,-1681.0,5767.185539999999,5818.213089999999,5912.715920000001,-51.02754999999979,-145.5303800000011,5868.328933968254,5943.186811865079,380056.4,,,0.9114455533252972,0.9199119439612438,1.831357497286541,1.0,8127.0,0.0,4929.0,-0.027286642537087114,1.3422238274531682,,,0.3288,0.2987,0.902
20240820,5721.4326,5744.9565,5757.29,5703.2144,564856.0,7587.0,300463.0,1.0,0.0,8461.0,0.0,1.0,-2.0,6849.0,-3567.0,5746.95312,5793.95357,5900.48843,-47.00044999999955,-153.5353100000002,5849.874808095238,5927.215509539683,380069.0,,,0.9445748033587359,0.9199119439612438,1.86448674731998,1.0,8461.0,-1.0,3282.0,0.013431741895279506,1.3480900957811228,,,0.2877,0.224,0.904
20240821,5653.3281,5695.606,5702.0986,5637.0273,594430.0,29574.0,470096.0,1.0,0.0,9208.0,0.0,1.0,-2.0,5204.0,-7836.0,5721.104880000001,5773.17583,5881.74363,-52.07094999999936,-160.6387499999992,5827.164406825398,5910.211102595238,370434.1,564115.2,,1.009280607458577,0.9248120199196564,1.934092627378234,1.0,9208.0,-1.0,-2632.0,0.049751863129384455,1.3172830447837212,,,0.3151,0.2253,0.887
20240822,5607.6006,5653.6719,5654.5342,5605.4312,596602.0,2172.0,455141.0,1.0,0.0,10370.0,0.0,2.0,-1.0,4175.0,-4432.0,5694.13466,5749.98779,5862.746069999999,-55.85313000000042,-168.6114099999995,5801.518650000002,5892.120498214286,379701.9,,,1.02775290226684,0.9248120199196564,1.952564922186496,1.0,10370.0,1.0,-257.0,0.0036406180334628445,1.2104031189029207,,,0.3288,0.2267,0.854
20240823,5574.3335,5623.0098,5628.0288,5546.6631,593697.0,-2905.0,429956.0,1.0,0.0,10932.0,0.0,2.0,-2.0,1647.0,-5378.0,5661.40254,5721.281199999999,5839.928225000001,-59.8786599999994,-178.5256850000005,5774.779582380953,5872.633798428572,385510.6,,0.125465,1.06146156148516,0.9265085879928088,1.987970149477969,1.0,10932.0,0.0,-3731.0,-0.004893068349680055,1.0678794706337569,,,0.3014,0.244,0.816
20240826,5604.9888,5597.9258,5627.0542,5592.1074,591489.0,-2208.0,384183.0,1.0,0.0,9825.0,0.0,2.0,-1.0,3689.0,0.0,5632.33672,5699.76113,5820.234135,-67.42440999999963,-187.8974149999995,5751.38043079365,5852.364070873016,373114.2,,,1.092831215487664,0.9265085879928088,2.019339803480473,1.0,9825.0,1.0,3689.0,-0.0037329519230281543,0.9924410845886658,,,0.3151,0.2453,0.79
20240827,5637.209,5635.7842,5657.8623,5622.2427,576201.0,-15288.0,407443.0,1.0,0.0,9375.0,0.0,2.0,-1.0,6709.0,-790.0,5615.492,5681.22256,5800.776029999999,-65.73055999999997,-185.2840299999989,5733.279444682539,5831.791817428571,380868.3,,,1.013678842531277,0.9265085879928088,1.940187430524086,1.0,9375.0,1.0,5919.0,-0.026532407961804994,0.8880653441586595,,,0.3425,0.2467,0.768
20240828,5649.3853,5645.8955,5684.9668,5638.5874,561192.0,-15009.0,385789.0,1.0,0.0,8754.0,0.0,2.0,-1.0,6164.0,-2413.0,5614.70344,5667.90416,5781.327105,-53.20071999999982,-166.6236650000001,5718.522493333333,5811.352965158731,386023.8,,,1.00364062536764,0.9248120199196564,1.928452645287297,1.0,8754.0,1.0,3751.0,-0.026744857375016036,0.8722461363634644,,,0.5479,0.5093,0.765
20240829,5662.0835,5645.77,5676.4434,5635.9824,549076.0,-12116.0,317189.0,1.0,0.0,8437.0,0.0,2.0,-1.0,6310.0,-1920.0,5625.60002,5659.86734,5763.836969999999,-34.26731999999993,-138.2369499999995,5705.919197777777,5791.581374603174,379609.7,,,0.9887209688105766,0.9248120199196564,1.913532988730233,1.0,8437.0,1.0,4390.0,-0.022066162061353985,0.8198949550151293,,,0.5342,0.4787,0.748
20240830,5651.7949,5660.5894,5693.1353,5649.5225,547794.0,-1282.0,306505.0,1.0,0.0,8266.0,0.0,2.0,-1.0,8234.0,-2159.0,5641.092299999999,5651.24742,5746.31568,-10.15512000000035,-105.2233800000004,5695.19040642857,5772.595835428571,378311.0,,,0.9316028260177738,0.9199119439612438,1.851514769979018,1.0,8266.0,1.0,6075.0,-0.0023402958046272867,0.302579308463289,,,0.4521,0.5067,0.62
20240902,5635.6128,5656.2002,5657.0264,5604.4634,537396.0,-10398.0,297059.0,1.0,0.0,7474.0,0.0,3.0,-1.0,10580.0,0.0,5647.2171,5639.77691,5728.995,7.440189999999347,-81.77790000000005,5684.037836507938,5754.16672568254,375382.4,,,0.9540093009236823,0.9248120199196564,1.878821320843339,1.0,7474.0,2.0,10580.0,-0.019348860058504343,0.2372450939973031,,,0.3699,0.448,0.605
20240903,5623.7451,5625.5176,5638.9912,5590.4854,535581.0,-1815.0,329947.0,1.0,0.0,7639.0,0.0,3.0,-1.0,13596.0,0.0,5644.52432,5630.00816,5711.980865,14.51615999999922,-67.456545,5673.177359761904,5736.496980849206,378330.8,,,0.937177857445536,0.9199119439612438,1.85708980140678,1.0,7639.0,2.0,13596.0,-0.0033888431441742705,0.1881151739141418,,,0.2877,0.4213,0.586
20240904,5569.8584,5630.2588,5649.3896,5544.0439,552690.0,17109.0,438747.0,1.0,0.0,7834.0,0.0,2.0,-1.0,8186.0,0.0,5628.618939999999,5621.661190000001,5697.41851,6.957749999998668,-68.79957000000013,5660.519070476191,5719.832447214286,375195.9,,0.12328,1.005950395507778,0.9248120199196564,1.930762415427434,1.0,7834.0,1.0,8186.0,0.030955870379417032,0.1826217058202488,,,0.274,0.388,0.581
20240905,5609.7842,5583.6846,5620.2114,5568.3354,551386.0,-1304.0,345777.0,1.0,0.0,7254.0,0.0,3.0,-1.0,18634.0,0.0,5618.15908,5621.87955,5685.93367,-3.720469999999295,-67.77458999999999,5650.314986507936,5704.712080865079,364259.5,,0.12397,1.023168475407848,0.9251938467292985,1.948362322137146,1.0,7254.0,2.0,18634.0,-0.0023649494183747865,0.2810522350543627,,,0.2329,0.332,0.62
20240906,5619.7944,5611.6475,5640.4956,5600.9229,539586.0,-11800.0,311974.0,1.0,0.0,7376.0,0.0,3.0,0.0,18656.0,0.0,5611.758980000001,5626.425639999999,5673.85342,-14.66665999999896,-62.09443999999985,5643.54535563492,5691.588658190476,352461.3,,0.124545,1.020336075314964,0.9243596275942583,1.944695702909223,1.0,7376.0,3.0,18656.0,-0.021868617792159175,0.2735150618121325,,,0.137,0.1947,0.618
20240909,5591.4878,5644.1479,5664.9111,5572.4556,537871.0,-1715.0,410961.0,1.0,0.0,7378.0,0.0,3.0,0.0,13391.0,0.0,5602.93398,5625.07554,5662.418335,-22.14156000000003,-59.48435500000051,5636.707082222221,5680.121323333333,355139.1,,0.126385,1.070793904600518,0.9251938467292985,1.995987751329817,1.0,7378.0,3.0,13391.0,-0.0031884968700673583,0.3446103247358491,,,0.3562,0.5413,0.63
20240910,5646.8564,5578.71,5655.4253,5578.71,537679.0,-192.0,339198.0,1.0,0.0,7102.0,0.0,3.0,0.0,27029.0,0.0,5607.55624,5626.04028,5653.63142,-18.48404000000028,-46.07517999999982,5632.653705714287,5670.058749436508,348314.6,,,1.061108772115549,0.9251938467292985,1.986302618844847,1.0,7102.0,3.0,27029.0,-0.0003570903829236403,0.3253094669085176,,,0.3014,0.492,0.629
20240911,5643.5674,5637.9985,5647.8999,5598.6714,532862.0,-4817.0,322620.0,1.0,0.0,7064.0,0.0,3.0,0.0,25061.0,0.0,5622.29804,5625.45849,5646.681325,-3.16045000000031,-24.38328499999989,5630.575123015873,5661.264012404761,341997.7,,,1.060783384363987,0.9251938467292985,1.985977231093285,1.0,7064.0,3.0,25061.0,-0.009039863979792142,0.3673644489763353,,,0.3425,0.4733,0.632
20240912,5690.0293,5664.4785,5712.228,5660.6362,529438.0,-3424.0,490738.0,1.0,0.0,6381.0,0.0,3.0,0.0,29119.0,0.0,5638.34706,5628.253070000001,5644.060205,10.09398999999939,-5.713144999999713,5633.620312380953,5654.034123865079,359352.6,588885.6,,1.04311081478305,0.9265085879928088,1.969619402775858,1.0,6381.0,3.0,29119.0,-0.006467235068128846,0.4028340145758388,,,0.3836,0.5507,0.635
20240913,5686.8389,5704.8843,5706.7876,5670.145,529988.0,550.0,317319.0,1.0,0.0,6346.0,0.0,3.0,0.0,27245.0,0.0,5651.75596,5631.75747,5641.502445,19.99849000000086,10.25351500000033,5637.674034761906,5648.282486698413,360434.0,,,1.021655789218123,0.9251938467292985,1.946849635947421,1.0,6346.0,3.0,27245.0,0.001037759345494615,0.3746141707347757,,,0.4384,0.584,0.634
20240918,5739.7568,5741.7422,5781.5679,5722.334,515202.0,-14786.0,293966.0,1.0,0.0,6508.0,0.0,3.0,0.0,22004.0,0.0,5681.40976,5642.17187,5640.974389999999,39.23789000000033,40.43537000000106,5647.352456984127,5644.613948746032,360124.7,,,1.073297787562099,0.9265085879928088,1.999806375554908,1.0,6508.0,3.0,22004.0,-0.02869942275068808,0.2060274118977,,,0.4521,0.5867,0.599
20240919,5805.2642,5774.9097,5817.6343,5752.1724,531635.0,16433.0,539134.0,1.0,0.0,6654.0,0.0,3.0,0.0,23859.0,0.0,5713.09132,5660.32378,5645.16597,52.76753999999983,67.92534999999953,5661.783599444446,5643.474572714286,381043.4,646960.7999999999,0.128915,1.109225953773562,0.9295551309580405,2.038781084731602,1.0,6654.0,3.0,23859.0,0.03091030500249231,0.0204928219262145,,,0.5068,0.6053,0.529
20240920,5833.124,5793.6934,5855.2588,5784.2856,545277.0,13642.0,459871.0,1.0,0.0,6574.0,0.0,3.0,0.0,22402.0,0.0,5751.002640000001,5686.65034,5654.155765,64.35230000000047,96.84687500000109,5678.375193492062,5645.260185015874,383155.8,551845.2,0.13133,1.14528880278249,0.9334044215377457,2.078693224320236,1.0,6574.0,3.0,22402.0,0.02501847684754721,-0.1105736409635602,,,0.4521,0.5453,0.46
20240923,5839.7461,5846.3599,5850.895,5821.7075,547898.0,2621.0,324561.0,1.0,0.0,7328.0,0.0,3.0,-1.0,20830.0,0.0,5780.945999999999,5709.64653,5665.76304,71.29946999999902,115.1829599999992,5695.957382460317,5649.824424611111,381034.2,,,1.124445416902306,0.9334044215377457,2.057849838440052,1.0,7328.0,2.0,20830.0,0.004783737118952798,-0.0831009709071667,,,0.3699,0.436,0.473
20240924,5866.0239,5854.1323,5877.918,5846.2139,549401.0,1503.0,370901.0,1.0,0.0,6722.0,0.0,2.0,-1.0,20345.0,-3276.0,5816.783,5734.26948,5680.34756,82.51352000000043,136.4354400000002,5714.473217539683,5656.917210801587,386926.9,,0.13156,1.103155677838477,0.9295551309580405,2.032710808796518,1.0,6722.0,1.0,17069.0,0.00273570670603075,-0.0790126062918775,,,0.2192,0.1653,0.475
20240925,5917.376,5878.7197,5957.7959,5878.7197,542160.0,-7241.0,461544.0,1.0,0.0,6690.0,0.0,2.0,-1.0,20845.0,-6116.0,5852.30684,5766.8583,5695.966920000001,85.44854000000032,156.3399199999994,5736.487379603173,5666.895240539683,391985.2,,0.137195,1.153152230596151,0.9334044215377457,2.086556652133897,1.0,6690.0,1.0,14729.0,-0.013355835915596873,-0.0239095159322907,,,0.0822,0.0373,0.512
20240926,5921.9893,5904.0864,5952.1802,5894.6108,537734.0,-4426.0,342213.0,1.0,0.0,6780.0,0.0,2.0,-1.0,19122.0,-2769.0,5875.65186,5794.37159,5710.205935,81.2802700000002,165.445925,5757.980759365078,5679.427945904762,392286.7,,0.13915,1.088687799618239,0.9358574109323009,2.024545210550539,1.0,6780.0,1.0,16353.0,-0.008230835320065312,-0.0713573494303813,,,0.0822,0.0387,0.484
20240927,5938.3027,5912.6489,5971.1201,5908.3452,518588.0,-19146.0,382425.0,1.0,0.0,5177.0,0.0,3.0,-1.0,22597.0,-2717.0,5896.6876,5823.84512,5724.651805,72.84248000000025,172.0357950000007,5779.531350714286,5694.323568674603,398267.2,,0.141105,1.09775684211821,0.9358574109323009,2.033614253050511,1.0,5177.0,2.0,19880.0,-0.03691948136092621,-0.023790331101265,,,0.0137,0.0013,0.514
20240930,5912.7642,5903.5918,5956.7876,5888.0166,480963.0,-37625.0,370111.0,1.0,0.0,4899.0,0.0,2.0,-1.0,18294.0,-6357.0,5911.29122,5846.11861,5737.18584,65.17260999999962,174.10538,5797.790922777777,5710.740629714286,386204.5,,,1.12982052389512,0.9390037815463668,2.068824305441487,1.0,4899.0,1.0,11937.0,-0.07822847079712993,0.0168855220659711,,,0.0137,0.0027,0.535
20241008,5927.1372,5908.9409,5938.9722,5882.8623,489741.0,8778.0,286681.0,1.0,0.0,4991.0,0.0,2.0,-1.0,19367.0,-6310.0,5923.51388,5870.14844,5750.952955000001,53.36544000000049,172.5609249999998,5815.338875555556,5728.50711379365,383140.7,,,1.080492221829697,0.9424182400643112,2.022910461894008,1.0,4991.0,1.0,13057.0,0.017923759701556536,0.1182337121942297,,,0.0137,0.004,0.565
20241009,6015.3237,5931.6279,6022.6875,5904.0396,572184.0,82443.0,683419.0,1.0,0.0,4144.0,0.0,2.0,-1.0,21028.0,-231.0,5943.103419999999,5897.70513,5769.9385,45.39828999999918,173.1649199999993,5837.732172142857,5747.545085309523,422086.0,820102.7999999999,,1.126923123785244,0.9424182400643112,2.069341363849555,1.0,4144.0,1.0,20797.0,0.14408476993414707,0.3085508728501622,,,0.0137,0.0053,0.628
20241010,5859.3018,5980.5703,5980.5703,5854.1938,538617.0,-33567.0,600456.0,1.0,0.0,4563.0,0.0,2.0,-1.0,17222.0,-11045.0,5930.56592,5903.10889,5781.716335,27.45702999999958,148.8495849999999,5850.465900476192,5766.413315412698,428218.2,720547.2,,1.260500013482729,0.9457489695696039,2.206248983052332,1.0,4563.0,1.0,6177.0,-0.062320721403149176,0.2178552324841865,,,0.0137,0.0067,0.605
20241011,5916.0684,5879.8311,5925.4453,5850.1133,541458.0,2841.0,418167.0,1.0,0.0,3655.0,0.0,2.0,-1.0,16358.0,-1665.0,5926.11906,5911.40333,5799.026835000001,14.71572999999989,127.0922249999994,5861.758478095238,5784.751643873015,424047.8,,,1.265151051234521,0.9457489695696039,2.210900020804125,1.0,3655.0,1.0,14693.0,0.005246944361335505,0.3464115098865843,,,0.0411,0.008,0.633
20241014,5936.4644,5941.8862,5953.6978,5910.9497,551050.0,9592.0,303615.0,1.0,0.0,3647.0,0.0,2.0,-1.0,15537.0,-2230.0,5930.8591,5921.07516,5815.360845,9.783939999999347,115.4982549999995,5875.110613174602,5802.666966944444,421953.2,,,1.2687267019623,0.9457489695696039,2.214475671531904,1.0,3647.0,1.0,13307.0,0.01740676889574449,0.3286415621361574,,,0.0411,0.0093,0.63
20241015,5910.5303,5929.1079,5942.6494,5898.7046,545904.0,-5146.0,316605.0,1.0,-1.0,3811.0,0.0,2.0,-1.0,13064.0,-2594.0,5927.53772,5925.5258,5829.89764,2.011919999999918,97.64008000000013,5885.223113492064,5819.741956539683,416523.6,,,1.20462110481599,0.9457489695696039,2.150370074385594,0.0,3811.0,1.0,10470.0,-0.009426565843078636,0.3229250838889707,,,0.0685,0.0107,0.627
20241016,5932.8271,5895.3203,5968.9795,5892.3545,546274.0,370.0,359957.0,1.0,-1.0,3771.0,0.0,2.0,-2.0,14662.0,0.0,5911.0384,5927.07091,5846.964604999999,-16.03251,64.07379500000116,5894.502921984127,5835.543510777778,406364.9,,,1.201249593314352,0.9568484039830105,2.158097997297362,0.0,3771.0,0.0,14662.0,0.0006773157792609569,0.3617170296810071,,,0.0685,0.012,0.633
20241017,5878.8418,5910.0703,5931.4507,5872.6528,546963.0,689.0,349828.0,1.0,0.0,4067.0,0.0,2.0,-1.0,11563.0,-908.0,5914.9464,5922.75616,5858.563875000001,-7.809760000000097,56.38252499999908,5899.180826587302,5849.6635175,407126.4,,,1.187539655965951,0.9733782349369388,2.16091789090289,1.0,4067.0,1.0,10655.0,0.0012596830132934039,0.4149461750544784,,,0.0548,0.0133,0.638
20241018,5865.8042,5871.314,5879.4438,5827.0942,532228.0,-14735.0,414146.0,1.0,0.0,3427.0,0.0,2.0,-1.0,11826.0,-2526.0,5904.89356,5915.50631,5869.675715,-10.61275000000023,35.21784499999922,5899.595352777776,5861.669917706349,410298.5,,,1.215139889482638,0.9733782349369388,2.188518124419577,1.0,3427.0,1.0,9300.0,-0.02768550320539318,0.3452292940903474,,,0.0959,0.028,0.63
20241021,5837.1333,5886.147,5886.147,5813.7139,533512.0,1284.0,264981.0,1.0,-1.0,3665.0,0.0,2.0,-1.0,12823.0,-2655.0,5885.02734,5907.943219999999,5877.030915,-22.91587999999956,7.996424999999363,5898.081647301586,5871.69899015873,399785.5,,,1.256957357054703,0.9804729964939356,2.237430353548638,0.0,3665.0,1.0,10168.0,0.002406693757591207,0.4010401005242724,,,0.1096,0.0333,0.636
20241022,5842.5015,5845.6592,5855.6514,5824.897,532059.0,-1453.0,236787.0,1.0,-1.0,3468.0,0.0,2.0,-1.0,14701.0,-4696.0,5871.42158,5899.47965,5884.814045,-28.05807000000004,-13.3924649999999,5894.656176190478,5879.630720222221,394796.1,,,1.184309111331062,0.9804729964939356,2.164782107824997,0.0,3468.0,1.0,10005.0,-0.0027309001445328432,0.4068784685149333,,,0.1507,0.0347,0.637
20241023,5865.6484,5849.5742,5874.7046,5833.5415,531833.0,-226.0,232045.0,1.0,-1.0,3514.0,0.0,2.0,-1.0,15186.0,-626.0,5857.985839999999,5884.51212,5891.108625,-26.52628000000095,-33.12278500000048,5892.361144603175,5885.093617468254,349658.7,,,1.165263483433764,0.9804729964939356,2.1457364799277,0.0,3514.0,1.0,14560.0,-0.00042494542459757106,0.41209026711551,,,0.1096,0.0507,0.637
20241024,5931.4238,5885.5264,5952.0854,5877.8257,545822.0,13989.0,426753.0,1.0,0.0,3696.0,0.0,2.0,-1.0,22887.0,-1131.0,5868.50224,5891.724319999999,5897.416605,-23.22207999999955,-28.91436500000054,5895.229227539683,5889.569950174604,332288.4,512103.6,,1.193996085048166,1.002412803873074,2.196408888921241,1.0,3696.0,1.0,21756.0,0.025629234439066215,0.4382514470211392,,,0.274,0.124,0.64
20241025,5914.1436,5929.0483,5940.7627,5898.209,548825.0,3003.0,272732.0,1.0,0.0,4353.0,0.0,2.0,-1.0,20542.0,-1269.0,5878.170120000001,5891.531840000001,5901.467585,-13.36171999999988,-23.29746499999965,5897.469258333334,5893.141028198413,317744.9,,,1.162248813958134,0.9804729964939356,2.14272181045207,1.0,4353.0,1.0,19273.0,0.005471689518516831,0.43546477340365,,,0.274,0.14,0.638
20241028,5865.9609,5899.6421,5928.8945,5854.3062,538357.0,-10468.0,319875.0,1.0,-1.0,3760.0,0.0,2.0,-1.0,24185.0,-653.0,5883.935640000001,5884.48149,5902.778325,-0.5458499999995183,-18.84268499999962,5895.525637380954,5895.182530619048,319370.9,,,1.185488443674496,1.002412803873074,2.18790124754757,0.0,3760.0,1.0,23532.0,-0.01944434640953865,0.4745516100926864,,,0.411,0.3067,0.647
20241029,5847.3818,5854.8442,5884.9756,5844.2676,533932.0,-4425.0,241377.0,1.0,0.0,3800.0,0.0,2.0,-1.0,18858.0,-951.0,5884.9117,5878.16664,5901.84622,6.745059999999285,-16.9345200000007,5890.841757142855,5895.744394984127,311848.1,,,1.093321874897158,0.9804729964939356,2.073794871391094,1.0,3800.0,1.0,17907.0,-0.008287572200205269,0.5521417984916998,,,0.4384,0.3693,0.66
20241030,5844.8915,5859.1283,5870.6463,5837.7211,525792.0,-8140.0,231490.0,1.0,-1.0,3824.0,0.0,2.0,-1.0,20185.0,-840.0,5880.760319999999,5869.373079999999,5898.221995,11.38724000000002,-17.46167500000047,5886.128740952382,5894.906976880952,299001.4,,,0.9379052732867919,0.9804729964939356,1.918378269780727,0.0,3824.0,1.0,19345.0,-0.01548140709634228,0.4909024972059299,,,0.4795,0.4267,0.648
20241031,5862.7727,5835.2477,5871.4513,5827.0248,524633.0,-1159.0,220239.0,1.0,-1.0,3713.0,0.0,2.0,-1.0,21778.0,-762.0,5867.0301,5867.766170000001,5895.261165,-0.7360700000008364,-28.23106499999994,5881.796984047619,5893.168592626984,286042.5,,,0.9009766919972092,0.9804729964939356,1.881449688491145,0.0,3713.0,1.0,21016.0,-0.002209163358004548,0.4510632610418082,,,0.4658,0.388,0.64
20241101,5917.5535,5891.1332,5926.6128,5879.402,545167.0,20534.0,347726.0,1.0,0.0,4645.0,0.0,2.0,-1.0,31571.0,-933.0,5867.71208,5872.9411,5894.223704999999,-5.229019999999764,-26.51162499999919,5883.180577222221,5891.527115071429,279400.5,417271.2,0.12512,0.9268064425502667,1.002412803873074,1.929219246423341,1.0,4645.0,1.0,30638.0,0.03766552267470335,0.4998213732994362,,,0.5068,0.54,0.649
20241104,5841.1372,5907.1906,5914.1427,5832.2305,524033.0,-21134.0,336938.0,1.0,-1.0,4412.0,0.0,2.0,-1.0,21092.0,-1075.0,5862.74734,5873.341490000001,5890.642355000001,-10.59415000000081,-27.89501500000097,5880.075447380952,5889.726495079365,286596.2,,,0.9778974463912132,1.03699186319363,2.014889309584843,0.0,4412.0,1.0,20017.0,-0.04032952123244147,0.5468599414318089,,,0.5068,0.644,0.657
20241105,5813.4316,5834.1924,5836.9071,5788.7751,517048.0,-6985.0,386775.0,1.0,0.0,3930.0,0.0,1.0,-2.0,6891.0,-343.0,5855.9573,5870.4345,5884.957075,-14.47720000000027,-28.99977500000023,5872.647130714285,5887.525590531746,301595.0,464130.0,,0.9497765150722894,1.03699186319363,1.98676837826592,1.0,3930.0,-1.0,6548.0,-0.013509384041713729,0.5809350429211518,,,0.5205,0.7,0.666
20241106,5810.6405,5810.0516,5829.627,5802.361,512697.0,-4351.0,215496.0,1.0,0.0,3899.0,0.0,2.0,-2.0,7857.0,-99.0,5849.1071,5864.933709999999,5874.722915,-15.82660999999916,-25.61581500000011,5866.296367777778,5884.919112849207,299940.1,,,0.9104633622751992,1.03699186319363,1.947455225468829,1.0,3899.0,0.0,7758.0,-0.008486493972073173,0.5291293668455498,,,0.5068,0.7907,0.654
20241107,5841.2042,5800.376,5845.0111,5793.2721,503987.0,-8710.0,248055.0,1.0,0.0,4566.0,0.0,2.0,-1.0,12830.0,-364.0,5844.7934,5855.91175,5873.818035,-11.11834999999974,-29.02463499999976,5861.034424047622,5881.4996325,282070.3,,,0.9099920730363359,1.03699186319363,1.946983936229966,1.0,4566.0,1.0,12466.0,-0.017282191802566335,0.5490378059493922,,,0.5616,0.8147,0.657
20241108,5815.6746,5850.0408,5853.0575,5809.8524,508149.0,4162.0,236401.0,1.0,0.0,4149.0,0.0,2.0,-1.0,10162.0,-131.0,5824.41762,5846.064850000001,5868.798345,-21.64723000000049,-44.38072499999998,5856.3315965873,5877.385866325397,278437.2,,,0.8745925094991105,1.002412803873074,1.877005313372185,1.0,4149.0,1.0,10031.0,0.008190511050892553,0.6316917319007289,,,0.6301,0.8253,0.687
20241111,5932.8177,5827.4727,5936.361,5825.222,553284.0,45135.0,538126.0,1.0,0.0,3612.0,0.0,2.0,-1.0,22266.0,0.0,5842.753720000001,5852.75053,5868.61601,-9.996809999999641,-25.86228999999912,5859.186300396825,5873.751932626984,300262.3,645751.2,0.12213,0.9831637859580287,1.03699186319363,2.020155649151659,1.0,3612.0,1.0,22266.0,0.08157655019845143,0.4378065555887317,,,0.7397,0.8547,0.629
20241112,5918.5992,5922.1186,5926.3504,5889.4287,559925.0,6641.0,315704.0,0.0,-1.0,0.0,-4620.0,2.0,-1.0,19509.0,0.0,5863.78724,5859.87227,5869.019455,3.914969999999812,-5.232214999999997,5863.516389206349,5871.019395833333,307695.0,,,0.9852394383982293,1.03699186319363,2.02223130159186,-1.0,-4620.0,1.0,19509.0,0.011860517033531276,0.1318047300665681,,,0.726,0.8027,0.56
20241113,5917.8035,5923.4694,5962.1946,5916.2372,578083.0,18158.0,414945.0,1.0,-1.0,5079.0,0.0,2.0,-1.0,18309.0,0.0,5885.21984,5867.16347,5868.268275,18.05636999999933,16.95156499999939,5869.168034841271,5869.323325222222,326040.5,497934.0,,0.9361239810387882,0.9927072757108133,1.928831256749602,0.0,5079.0,1.0,18309.0,0.031410714378385114,0.1522378175764968,,,0.7671,0.8453,0.566
20241114,5857.7161,5917.6418,5927.6381,5846.4791,561437.0,-16646.0,374024.0,0.0,-1.0,12.0,0.0,1.0,-2.0,7300.0,0.0,5888.522220000001,5866.65781,5867.21199,21.86441000000104,21.31023000000096,5869.982549444444,5868.141881761904,341419.0,,,0.9837968798814095,1.03699186319363,2.02078874307504,-1.0,12.0,-1.0,7300.0,-0.029648918756690422,0.7376369243155667,,,0.8219,0.8307,0.713
20241115,5846.5006,5858.8913,5894.3885,5837.7443,549873.0,-11564.0,291487.0,1.0,0.0,3852.0,0.0,1.0,-3.0,2539.0,-323.0,5894.68742,5859.552519999999,5866.24681,35.13490000000093,28.44061000000056,5868.67768936508,5866.691592976191,335795.1,,,0.9621652777939002,0.9927072757108133,1.954872553504714,1.0,3852.0,-2.0,2216.0,-0.021030310635364893,0.2706189801050837,,,0.8082,0.8427,0.599
20241118,5818.0562,5842.6065,5842.6065,5805.0125,532127.0,-17746.0,251022.0,1.0,-1.0,4074.0,0.0,2.0,-3.0,3838.0,-2971.0,5871.735119999999,5857.24442,5865.292955,14.49069999999938,6.442164999999477,5864.504193888888,5865.134467626985,327203.5,,,0.9634601050614356,0.9927072757108133,1.956167380772249,0.0,4074.0,-1.0,867.0,-0.03334918168031316,0.2721687894656081,,,0.8356,0.864,0.599
20241119,5846.5034,5829.5936,5867.4735,5824.3411,530026.0,-2101.0,261937.0,2.0,-1.0,7552.0,0.0,1.0,-3.0,4875.0,-496.0,5857.31596,5860.551600000001,5865.49305,-3.235640000000785,-8.177090000000135,5862.213961666667,5864.091150722223,314719.7,,,0.9835435856117295,0.9927072757108133,1.976250861322543,1.0,7552.0,-2.0,4379.0,-0.003963956485153558,0.281037830424129,,,0.8493,0.8947,0.6
20241120,5910.2239,5844.1201,5913.3567,5837.8231,548639.0,18613.0,328752.0,2.0,0.0,9105.0,0.0,1.0,-2.0,14093.0,0.0,5855.80004,5870.50994,5867.721825000001,-14.70989999999983,-11.92178500000045,5864.038584047621,5863.865372349206,326045.3,,0.12305,1.020869928319318,1.03699186319363,2.057861791512948,2.0,9105.0,-1.0,14093.0,0.03392576903938656,0.4453540240432693,,,0.9178,0.9067,0.629
20241121,5938.7823,5907.4627,5944.3959,5899.0022,592100.0,43461.0,378310.0,1.0,-1.0,3502.0,-46.0,3.0,-1.0,28188.0,0.0,5872.013279999999,5880.267750000001,5868.08975,-8.254470000001675,3.923529999999118,5870.03908531746,5864.765838476191,339070.8,,0.13133,0.9981402668311138,1.03699186319363,2.035132130024744,0.0,3456.0,2.0,28188.0,0.07340145245735517,0.5412446492766688,,,0.9726,0.9693,0.651
20241122,5874.6281,5929.6075,5956.5123,5863.6453,580933.0,-11167.0,462117.0,1.0,-1.0,3765.0,0.0,2.0,-1.0,20810.0,0.0,5877.638779999999,5886.1631,5866.113975,-8.524320000000444,11.52480499999911,5872.823396825398,5866.415018500001,361642.4,554540.4,,1.006917339178502,1.03699186319363,2.043909202372132,0.0,3765.0,1.0,20810.0,-0.01922252652199135,0.4341299186441097,,,0.9726,0.9813,0.623
20241125,5928.3114,5881.9865,5931.4723,5875.2426,580494.0,-439.0,327721.0,1.0,-1.0,3702.0,0.0,2.0,-1.0,19580.0,0.0,5899.68982,5885.712469999999,5869.2315,13.97735000000011,30.45831999999973,5877.06074452381,5868.202462912699,340601.9,,0.137195,1.01095995769099,1.03699186319363,2.04795182088462,0.0,3702.0,1.0,19580.0,-0.0007562524332723508,0.4240023483493113,,,0.9726,0.976,0.621
20241126,5952.4242,5921.0439,5955.4702,5900.3721,590152.0,9658.0,388679.0,1.0,-1.0,3503.0,0.0,2.0,-1.0,17887.0,0.0,5920.873979999999,5889.09497,5874.48362,31.77900999999929,46.39035999999942,5883.649168730159,5870.21574086508,347899.4,,0.139725,1.04299753696531,0.9927072757108133,2.035704812676124,0.0,3503.0,1.0,17887.0,0.01636527538668004,0.3748516202957896,,,0.9726,0.9693,0.614
20241127,5950.2108,5971.417,6017.439,5935.0805,616056.0,25904.0,637955.0,1.0,0.0,4527.0,0.0,2.0,-1.0,20047.0,-730.0,5928.87136,5892.3357,5879.749585,36.53566000000046,49.12177500000053,5892.131856269843,5872.512123007937,370200.4,765546.0,0.14122,1.078730403838882,1.03699186319363,2.115722267032512,1.0,4527.0,1.0,19317.0,0.04204812549508486,0.3071810804310909,,,0.9589,0.9653,0.6
20241128,6003.6146,5967.862,6003.7125,5931.197,635721.0,19665.0,389924.0,1.0,-1.0,3758.0,0.0,2.0,-1.0,23469.0,-1976.0,5941.837820000001,5906.92555,5886.79168,34.91227000000072,55.04614000000038,5902.078487222224,5875.721716785715,371790.4,,,1.111722290670895,1.065801497416619,2.177523788087514,0.0,3758.0,1.0,21493.0,0.03093338115305299,0.3952753690849087,,,0.9452,0.96,0.615
20241129,6104.6106,6007.1334,6109.8314,5990.9015,714474.0,78753.0,911009.0,0.0,-1.0,0.0,-1958.0,2.0,-1.0,35214.0,-2533.0,5987.83432,5932.73655,5896.144535,55.09777000000031,91.68978499999957,5920.182719126983,5880.872219761905,433742.6,1093210.8,0.168935,1.107297952408641,1.112533103799528,2.219831056208169,-1.0,-1958.0,1.0,32681.0,0.11022514465186976,0.6066843701569852,,,0.8767,0.9253,0.674
20241202,6059.55,6081.6701,6090.8789,6027.0035,695051.0,-19423.0,605671.0,1.0,-1.0,4307.0,-6617.0,2.0,-1.0,31318.0,-1934.0,6014.08204,5956.88593,5907.065175,57.19610999999986,107.0168650000005,5936.351690396827,5888.056969412699,469207.5,726805.2,,1.146639927344597,1.180529428431774,2.327169355776371,0.0,-2310.0,1.0,29384.0,-0.027944711970776245,0.5046472053180429,,,0.863,0.8373,0.643
20241203,6048.7147,6066.4764,6078.9729,6037.944,703562.0,8511.0,470159.0,0.0,-2.0,0.0,-6853.0,2.0,-1.0,25446.0,-1902.0,6033.34014,5977.10706,5918.82933,56.23307999999997,114.5108100000007,5950.592804761904,5896.894853722222,490029.7,,,1.138906475421958,1.180529428431774,2.319435903853733,-2.0,-6853.0,1.0,23544.0,0.012097014904159122,0.3918822686023832,,,0.863,0.8387,0.612
20241204,6018.4266,6064.4469,6088.8409,6011.4062,694928.0,-8634.0,607872.0,1.0,-1.0,583.0,0.0,2.0,-2.0,18928.0,-1964.0,6046.9833,5987.92733,5929.218635,59.05596999999943,117.7646649999997,5962.068394285714,5906.697834746033,517941.7,,,1.13223828199738,1.207155232212191,2.339393514209571,0.0,583.0,0.0,16964.0,-0.012424308705362283,0.3300399780667817,,,0.863,0.8333,0.602
20241205,5961.7128,6013.8724,6023.9779,5936.7041,660199.0,-34729.0,537727.0,1.0,-1.0,3077.0,0.0,3.0,-1.0,12021.0,0.0,6038.60294,5990.22038,5935.244065,48.38256000000001,103.3588749999999,5966.919772936507,5916.385903507937,533883.4,,,1.167393653106093,1.211409242152135,2.378802895258228,0.0,3077.0,2.0,12021.0,-0.052603836116080153,0.2955644033851209,,,0.8219,0.8347,0.592
20241206,5983.2811,5948.5324,5989.23,5898.5311,661479.0,1280.0,464222.0,1.0,-1.0,5744.0,0.0,2.0,-2.0,10241.0,-53.0,6014.33704,6001.08568,5943.62439,13.2513600000002,70.7126500000004,5969.478309841269,5926.051394809524,534093.9,,,1.223963900070608,1.211409242152135,2.435373142222743,0.0,5744.0,0.0,10188.0,0.001935057651112129,0.3718523495997368,,,0.8219,0.8307,0.608
20241209,6006.3387,5976.8765,6015.4725,5964.3284,673147.0,11668.0,442036.0,1.0,-1.0,2504.0,0.0,2.0,-2.0,11680.0,-267.0,6003.69478,6008.88841,5947.30044,-5.193630000000667,56.39433999999983,5974.986173015874,5935.84393765873,545525.4,,,1.223689808719808,1.211409242152135,2.435099050871943,0.0,2504.0,0.0,11413.0,0.017333509619741304,0.4238335919039676,,,0.8082,0.8253,0.618
20241210,6005.3667,6017.5931,6038.1491,5999.9681,671969.0,-1178.0,372580.0,1.0,-1.0,6901.0,0.0,2.0,-2.0,12240.0,0.0,5995.02518,6014.18266,5951.638815,-19.15748000000076,43.38636499999939,5981.333223174604,5945.612343103176,543915.5,,,1.177746699153818,1.211409242152135,2.389155941305953,0.0,6901.0,0.0,12240.0,-0.0017530570606679773,0.3905519268549196,,,0.8356,0.8267,0.61
20241211,6070.968,6031.0838,6078.7301,5980.1824,684917.0,12948.0,661425.0,2.0,-1.0,6147.0,0.0,2.0,-1.0,25300.0,-1868.0,6005.533460000001,6026.25838,5959.29704,-20.72491999999966,46.23642000000018,5991.133553968253,5955.512512873016,546262.5,793710.0,,1.239195215265307,1.211409242152135,2.450604457417441,1.0,6147.0,1.0,23432.0,0.018904480396894806,0.4595928516974823,,,0.8493,0.8347,0.632
20241212,6134.5361,6068.806,6147.4002,6055.4983,718016.0,33099.0,647657.0,1.0,0.0,5131.0,0.0,2.0,-1.0,27036.0,-2242.0,6040.09812,6039.350530000001,5973.13804,0.7475899999990361,66.96007999999983,6005.84866063492,5965.889530214286,572035.8,,,1.234225532730766,1.211409242152135,2.445634774882901,1.0,5131.0,1.0,24794.0,0.0460978585435422,0.5262758909733241,,,0.8493,0.8413,0.648
20241213,6088.793,6130.981,6150.7127,6084.7227,700988.0,-17028.0,467627.0,1.0,0.0,4935.0,0.0,2.0,-1.0,24089.0,-4949.0,6061.2005,6037.768770000001,5985.25266,23.43172999999933,75.94783999999981,6018.934418015871,5975.764700103175,527697.6,,,1.24271613399808,1.211409242152135,2.454125376150214,1.0,4935.0,1.0,19140.0,-0.024291428669249687,0.4807533031657135,,,0.8356,0.8493,0.635
20241216,6024.6749,6090.4894,6090.4894,6004.3668,650189.0,-50799.0,457060.0,1.0,0.0,4906.0,0.0,2.0,-2.0,11989.0,-3816.0,6064.86774,6034.28126,5995.583594999999,30.58647999999994,69.28414500000054,6024.619240476192,5984.591455111111,512836.5,,,1.278385497055906,1.226397028547765,2.504782525603671,1.0,4906.0,0.0,8173.0,-0.07812959001151973,0.5125955467835527,,,0.8356,0.8507,0.646
20241217,6012.0784,6000.1502,6039.9214,5995.6897,633517.0,-16672.0,392837.0,1.0,0.0,5382.0,0.0,1.0,-2.0,8039.0,-4282.0,6066.21008,6030.61763,6003.862345,35.5924500000001,62.34773499999937,6026.408566904764,5992.173031325397,505104.3,,,1.232341390574826,1.226397028547765,2.45873841912259,1.0,5382.0,-1.0,3757.0,-0.02631657871848743,0.5444656691041159,,,0.7945,0.852,0.65
20241218,5908.6905,6004.3034,6004.3034,5896.1934,592613.0,-40904.0,536652.0,1.0,0.0,5131.0,0.0,1.0,-2.0,2659.0,-10090.0,6033.75458,6019.644020000001,6003.785675,14.11055999999917,29.96890499999972,6020.530251984127,5998.019217095238,497982.3,,,1.285095719739731,1.226397028547765,2.511492748287496,1.0,5131.0,-1.0,-7431.0,-0.06902312301620113,0.5797358228356037,,,0.9041,0.9573,0.662
20241219,5902.4165,5905.3611,5916.047,5865.0426,565804.0,-26809.0,368337.0,1.0,0.0,4850.0,0.0,1.0,-2.0,2499.0,-14078.0,5987.33066,6013.71439,6001.967385,-26.38373000000047,-14.6367250000003,6010.971498333334,6002.424389634921,481043.3,,0.138,1.207533609635877,1.211409242152135,2.418942851788012,1.0,4850.0,-1.0,-11579.0,-0.04738213232850952,0.5669054191515268,,,0.863,0.9493,0.656
20241220,5888.1141,5897.6331,5900.465,5878.0283,546755.0,-19049.0,270342.0,1.0,0.0,5336.0,0.0,1.0,-3.0,223.0,-11153.0,5947.19488,6004.19769,6002.641685000001,-57.00280999999995,-55.4468050000005,6000.127457857143,6005.489304436508,461655.3,,0.13823,1.146681436421953,1.181001946373932,2.327683382795885,1.0,5336.0,-2.0,-10930.0,-0.03484010205667987,0.5450133681132578,,,0.863,0.9573,0.648
20241223,5948.5637,5888.2213,5950.8893,5880.4447,536677.0,-10078.0,350210.0,1.0,0.0,5435.0,0.0,1.0,-3.0,2442.0,-7445.0,5931.97264,5998.42019,6003.6543,-66.44754999999986,-71.68166000000019,5993.062577857144,6007.296944920635,452472.7,,,1.183087238512679,1.193682838041725,2.376770076554404,1.0,5435.0,-2.0,-5003.0,-0.0187785204135821,0.702739384719826,,,0.8219,0.9533,0.703
20241224,5946.8233,5958.8461,5958.8461,5930.1227,535809.0,-868.0,243703.0,1.0,0.0,4971.0,0.0,1.0,-2.0,3101.0,-5786.0,5918.921619999999,5992.565850000001,6003.374255000001,-73.6442300000017,-84.45263500000146,5987.941989365078,6007.957821539682,439585.0,,,1.126026168997361,1.193682838041725,2.319709007039086,1.0,4971.0,-1.0,-2685.0,-0.0016199802541577316,0.7173723556629733,,,0.8493,0.9627,0.707
20241225,5983.7301,5959.7422,5989.8477,5932.079,540624.0,4815.0,288736.0,1.0,0.0,5001.0,0.0,2.0,-2.0,8280.0,-4744.0,5933.929539999999,5983.84206,6005.05022,-49.91252000000077,-71.1206800000009,5985.058395000002,6007.350305642857,402316.1,,,1.090565538339847,1.17154783231813,2.262113370657977,1.0,5001.0,0.0,3536.0,0.008906374855722276,0.8006537632412994,,,0.863,0.968,0.742
20241226,5977.2412,5983.8847,5994.4505,5970.6722,538140.0,-2484.0,254501.0,1.0,0.0,4498.0,0.0,1.0,-2.0,5894.0,-6145.0,5948.89448,5968.11257,6003.73155,-19.2180900000003,-54.83706999999958,5982.594440000001,6005.024883579365,363000.5,,,1.010880130074381,1.17154783231813,2.182427962392511,1.0,4498.0,-1.0,-251.0,-0.004615899208384435,0.7939467497727747,,,0.8904,0.968,0.737
20241227,5944.3583,5976.7074,5976.7074,5925.6769,529170.0,-8970.0,358411.0,1.0,0.0,4656.0,0.0,2.0,-2.0,4579.0,-6017.0,5960.14332,5953.6691,5995.718935,6.474220000000059,-35.57561499999974,5978.211604920635,6000.952602269842,352078.9,,,1.012128690499793,1.17154783231813,2.183676522817923,1.0,4656.0,0.0,-1438.0,-0.016951074323941266,0.7300702412763359,,,0.7808,0.8453,0.71
20241230,5969.0748,5942.0408,5978.716,5911.2289,531832.0,2662.0,470064.0,1.0,0.0,4709.0,0.0,2.0,-1.0,10493.0,-4265.0,5964.245540000001,5948.10909,5991.195175,16.13645000000088,-26.94963499999903,5974.387494126984,5995.929427634921,353379.3,564076.7999999999,,1.047538473864321,1.15205893106118,2.199597404925502,1.0,4709.0,1.0,6228.0,0.005005340032190617,0.7912679793561288,,,0.7808,0.8267,0.733
20241231,5960.375,5980.4488,5980.4488,5923.3046,524364.0,-7468.0,335230.0,1.0,0.0,4659.0,0.0,2.0,-1.0,13200.0,-4282.0,5966.95588,5942.93875,5986.77819,24.01712999999927,-19.82231000000047,5971.529306666666,5990.441501611112,347618.6,,,0.9994499917366558,1.15205893106118,2.151508922797836,1.0,4659.0,1.0,8918.0,-0.014242015088755139,0.8091637026601515,,,0.7534,0.8107,0.745
20250102,6000.9891,5950.1336,6022.3786,5950.1336,543158.0,18794.0,289710.0,1.0,0.0,4769.0,0.0,2.0,-1.0,15877.0,-4677.0,5970.40768,5952.16861,5985.906314999999,18.23907000000054,-15.49863499999901,5971.813775634919,5985.569853976191,322924.4,,,0.9775219657109443,1.15205893106118,2.129580896772124,1.0,4769.0,1.0,11200.0,0.03460134988345932,0.8440836753711254,,,0.8082,0.8267,0.756
20250103,5991.13,6007.2321,6023.8715,5960.8626,552081.0,8923.0,382330.0,1.0,0.0,5134.0,0.0,2.0,-2.0,8095.0,-4582.0,5973.18544,5961.03996,5987.377175,12.14548000000013,-14.19173499999943,5972.53616547619,5981.726320690476,324323.7,,0.130525,0.9750938984051367,1.102521625006358,2.077615523411495,1.0,5134.0,0.0,3513.0,0.01616248340370344,0.8631484740938185,,,0.8082,0.8853,0.767
20250106,5943.6141,5983.5141,6028.7257,5934.6402,540967.0,-11114.0,434228.0,1.0,0.0,4741.0,0.0,1.0,-2.0,5392.0,-6337.0,5973.0366,5966.589959999999,5985.393825,6.446640000001025,-12.35722499999974,5970.21511952381,5978.735086857143,340712.3,521073.6,0.13087,0.9855923548288162,1.102521625006358,2.088113979835174,1.0,4741.0,-1.0,-945.0,-0.020544691265825827,0.8792394451358997,,,0.8356,0.8947,0.768
20250107,5930.2833,5952.9892,5969.741,5905.038,518601.0,-22366.0,303607.0,1.0,0.0,4580.0,0.0,1.0,-2.0,4318.0,-8284.0,5965.2783,5964.76192,5981.591055,0.5163800000000265,-16.31275499999992,5965.658266428572,5975.994655714286,336052.0,,,1.011136941000971,1.10688147724684,2.118018418247811,1.0,4580.0,-1.0,-3966.0,-0.04312756820754299,0.9078221105329572,,,0.8219,0.904,0.775
20250108,5921.0933,5935.6675,5941.249,5911.2732,511281.0,-7320.0,225972.0,1.0,0.0,4972.0,0.0,2.0,-3.0,3991.0,-5584.0,5957.42196,5962.18892,5977.377385,-4.766959999999926,-19.9554250000001,5960.137677301586,5973.214224507937,334278.9,,,0.9078637753790931,1.10688147724684,2.014745252625933,1.0,4972.0,-1.0,-1593.0,-0.01431698029068164,0.918879196226419,,,0.7808,0.892,0.776
20250109,5872.5167,5916.2015,5925.2715,5855.6423,498229.0,-13052.0,364865.0,1.0,0.0,4873.0,0.0,1.0,-2.0,3233.0,-9683.0,5931.72748,5951.067580000001,5967.45482,-19.34010000000126,-35.72734000000037,5951.266220873015,5969.835007095238,341891.8,,,0.9305543665980947,1.10688147724684,2.037435843844934,1.0,4873.0,-1.0,-6450.0,-0.026196789026732687,1.0306075348699788,,,0.7945,0.8413,0.805
20250110,5888.759,5863.0472,5908.871,5851.588,474807.0,-23422.0,285176.0,1.0,-1.0,5030.0,-6409.0,1.0,-2.0,2270.0,-8449.0,5911.25328,5942.21936,5955.165965,-30.96608000000015,-43.91268500000024,5943.225592539683,5965.898122349206,344959.3,,,0.9700468867062519,1.10688147724684,2.076928363953091,0.0,-1379.0,-1.0,-6179.0,-0.04932951704587338,1.03378790729932,,,0.7808,0.8413,0.806
20250113,5940.8354,5893.053,5941.6009,5861.569,463646.0,-11161.0,326835.0,1.0,-1.0,4469.0,-5473.0,1.0,-2.0,4308.0,-2936.0,5910.69754,5941.86707,5947.768085000001,-31.16953000000012,-37.07054500000049,5939.851968492064,5962.062158706349,341801.7,,,0.9816503123910503,1.15205893106118,2.13370924345223,0.0,-1004.0,-1.0,1372.0,-0.02407224477295178,0.9856177985361004,,,0.7808,0.8267,0.788
20250114,5923.1941,5923.7647,5934.8007,5905.9175,455644.0,-8002.0,219133.0,1.0,-1.0,4727.0,-7530.0,1.0,-2.0,5024.0,-2754.0,5909.279700000001,5937.279,5942.694044999999,-27.99929999999858,-33.41434499999832,5937.195669285714,5958.342976222222,316708.6,,,0.9893700393583487,1.10688147724684,2.096251516605188,0.0,-2803.0,-1.0,2270.0,-0.017561956264100922,0.9871791260543044,,,0.7808,0.8027,0.788
20250115,5790.7218,5889.7146,5889.7146,5789.7124,469002.0,13358.0,502920.0,1.0,-1.0,6543.0,-8474.0,0.0,-3.0,0.0,-15487.0,5883.205400000001,5920.31368,5931.626214999999,-37.10827999999947,-48.42081499999858,5926.055198174604,5953.795565373015,333477.6,603504.0,0.136505,1.082830188615863,1.15205893106118,2.234889119677043,0.0,-1931.0,-3.0,-15487.0,0.028481754875245735,0.9629954646498758,,,0.6027,0.652,0.781
20250116,5766.1995,5768.3679,5792.5793,5729.4185,448622.0,-20380.0,424095.0,1.0,-1.0,7073.0,-9051.0,0.0,-3.0,0.0,-15851.0,5861.94196,5896.83472,5924.501665,-34.89275999999973,-62.55970499999967,5909.856099444445,5947.599797753968,346916.1,508914.0,0.143405,1.133127317654061,1.15205893106118,2.285186248715241,0.0,-1978.0,-3.0,-15851.0,-0.04542799951852562,0.8159649839841082,,,0.5479,0.6253,0.739
20250117,5791.7115,5788.7268,5809.8517,5764.6332,442342.0,-6280.0,338270.0,1.0,-1.0,7240.0,-10415.0,0.0,-3.0,0.0,-11498.0,5842.53246,5876.892870000001,5918.966415000001,-34.36041000000023,-76.43395500000042,5896.870937857144,5940.033274992064,342510.1,,,1.127544913939423,1.109462596267814,2.237007510207237,0.0,-3175.0,-3.0,-11498.0,-0.014197159663789557,0.8473771429831236,,,0.5068,0.6667,0.751
20250120,5751.6146,5773.4929,5779.0314,5731.2807,449871.0,7529.0,296262.0,1.0,-1.0,6859.0,-10476.0,0.0,-3.0,0.0,-7169.0,5804.6883,5857.69292,5912.14144,-53.0046199999997,-107.4531400000005,5881.161440396827,5931.127907079365,328713.5,,0.145935,1.121962072904084,1.109462596267814,2.231424669171898,0.0,-3617.0,-3.0,-7169.0,0.01673590873828275,0.8532400317076515,,,0.4932,0.6427,0.754
20250121,5779.1979,5724.2272,5781.272,5724.2272,437674.0,-12197.0,205075.0,1.0,-1.0,6749.0,-9940.0,1.0,-3.0,0.0,-2737.0,5775.88906,5842.58438,5903.673150000001,-66.69532000000072,-127.784090000001,5866.844795634921,5921.24656,318860.3,,,1.124311440556898,1.092781606462259,2.217093047019157,0.0,-3191.0,-2.0,-2737.0,-0.02786777373113322,0.8607278260212838,,,0.4384,0.5867,0.758
20250122,5738.0677,5750.2763,5760.9916,5708.5269,441006.0,3332.0,287839.0,1.0,-1.0,6755.0,-10412.0,1.0,-3.0,0.0,-9715.0,5765.35824,5824.28182,5893.23537,-58.92358000000058,-127.8771300000008,5851.106092936508,5910.343401563492,325047.0,,,1.125996279344777,1.109462596267814,2.235458875612591,0.0,-3657.0,-2.0,-9715.0,0.007555452760279906,0.8516177862945846,,,0.3699,0.5627,0.751
20250123,5755.1276,5746.9198,5772.8505,5742.0148,437671.0,-3335.0,192873.0,1.0,-1.0,6676.0,-7561.0,1.0,-3.0,1550.0,-6599.0,5763.14386,5812.54291,5881.805245,-49.39904999999999,-118.6613849999994,5837.935585079365,5899.010337984128,307847.8,,,1.094735973930953,1.109462596267814,2.204198570198767,0.0,-885.0,-2.0,-5049.0,-0.007619878858777483,0.9291108836257976,,,0.3425,0.516,0.774
20250124,5801.7017,5778.9798,5813.4165,5768.5377,398585.0,-39086.0,277798.0,1.0,-1.0,5828.0,-4562.0,1.0,-3.0,2497.0,-4622.0,5765.1419,5803.83718,5873.028270000001,-38.69528000000082,-107.8863700000011,5829.687973174601,5887.65657604762,307110.0,,,1.052797695405759,1.109462596267814,2.162260291673573,0.0,1266.0,-2.0,-2125.0,-0.09806189394984759,1.0334145695957564,,,0.3151,0.4347,0.805
20250127,5791.7937,5824.8149,5842.3706,5789.2249,377853.0,-20732.0,188157.0,1.0,-1.0,5619.0,-3992.0,2.0,-3.0,3354.0,-5026.0,5773.17772,5788.93301,5865.40004,-15.75529000000006,-92.22231999999985,5823.041707142858,5875.975549912699,293242.2,,0.14536,1.040407840588003,1.109462596267814,2.149870436855816,0.0,1627.0,-1.0,-1672.0,-0.05486789836259074,1.028368251125886,,,0.2603,0.3933,0.801
20250205,5850.804,5831.7725,5878.0777,5829.437,382854.0,5001.0,160485.0,1.0,-1.0,5336.0,-4101.0,1.0,-3.0,1679.0,-1853.0,5787.498939999999,5781.694,5859.4865,5.804939999999988,-71.98756000000049,5821.37565015873,5864.393548,287377.4,,,1.110444582880925,1.109462596267814,2.219907179148739,0.0,1235.0,-2.0,-174.0,0.013062420661662149,1.1356988418117229,0.119,,0.2466,0.328,0.836
20250206,5838.1173,5856.1992,5866.172,5832.6426,388791.0,5937.0,159180.0,1.0,-1.0,6000.0,-2688.0,2.0,-3.0,2403.0,-6440.0,5807.50886,5786.43355,5853.373615,21.07531000000017,-45.8647549999996,5819.761772301588,5853.764205412699,253003.4,,,1.06656943377809,1.109462596267814,2.176032030045904,0.0,3312.0,-1.0,-4037.0,0.015270415210228632,1.0586605088773842,0.1106,,0.2192,0.2747,0.812
20250207,5811.7677,5864.5356,5870.7779,5798.4241,381833.0,-6958.0,228865.0,1.0,-1.0,5681.0,-2618.0,3.0,-3.0,4738.0,0.0,5818.83688,5790.99037,5843.912545,27.8465099999994,-25.0756650000003,5817.309936587302,5844.509589126985,233480.4,,,1.086109331360831,1.15205893106118,2.238168262422011,0.0,3063.0,0.0,4738.0,-0.018222626121890982,0.9651455926153558,0.112,,0.1781,0.152,0.778
20250210,5841.9514,5823.5626,5851.5161,5801.3252,381240.0,-593.0,198839.0,1.0,-1.0,6389.0,0.0,3.0,-2.0,7234.0,0.0,5826.886820000001,5796.014359999999,5836.453615,30.87246000000141,-9.566794999999729,5816.229334682539,5836.445428809524,219537.3,,,1.050695920271932,1.15205893106118,2.202754851333112,0.0,6389.0,1.0,7234.0,-0.001555450634770748,0.9514847699607994,0.1074,,0.2466,0.2507,0.774
20250211,5869.4493,5851.5407,5879.5965,5833.573,381236.0,-4.0,259557.0,1.0,0.0,5981.0,0.0,3.0,-2.0,8288.0,0.0,5842.41794,5807.79783,5832.745375,34.62011000000075,9.67256499999985,5818.421106904764,5830.171395460317,215866.8,311468.4,,1.065072059095273,1.15205893106118,2.217130990156453,1.0,5981.0,1.0,8288.0,-1.0492188565612901e-05,0.9581005052610886,0.1107,,0.274,0.2787,0.775
20250212,5905.8753,5881.4296,5912.2804,5875.1962,389617.0,8381.0,244353.0,1.0,0.0,5979.0,0.0,2.0,-2.0,7511.0,-2306.0,5853.4322,5820.465569999999,5831.524975,32.96663000000081,21.90722499999993,5824.430909444445,5825.93000684127,219794.6,,,0.9520529317595376,1.109462596267814,2.061515528027352,1.0,5979.0,0.0,5205.0,0.021510868365600063,0.9831707435739032,0.1072,,0.2877,0.304,0.782
20250213,5895.1728,5911.0389,5916.083,5888.5155,402501.0,12884.0,189513.0,1.0,0.0,5765.0,0.0,2.0,-2.0,5704.0,-4389.0,5864.8433,5836.176079999999,5830.228950000001,28.66722000000118,34.61434999999983,5831.064657539682,5823.925863301588,209962.0,,,0.9068304677146203,1.109462596267814,2.016293063982434,1.0,5765.0,0.0,1315.0,0.03200985836060034,1.0133885127707467,0.1024,,0.3014,0.3653,0.791
20250214,5954.9912,5903.8826,5969.0239,5902.3219,428644.0,26143.0,304832.0,1.0,0.0,5452.0,0.0,1.0,-2.0,6791.0,-2430.0,5893.488,5856.16244,5834.352675,37.32556000000022,59.13532500000019,5841.309246984129,5824.263229492064,221157.9,365798.4,,0.940110751510481,1.15205893106118,2.092169682571661,1.0,5452.0,-1.0,4361.0,0.060990005692369426,1.0550412290403846,0.0999,,0.3425,0.404,0.811
20250217,5963.6001,5977.3719,5978.9697,5946.8141,447169.0,18525.0,212545.0,1.0,0.0,5508.0,0.0,1.0,-2.0,3632.0,-3837.0,5917.81774,5872.35228,5838.09473,45.46546000000035,79.72301000000061,5853.702754920637,5826.664707666668,214632.6,,,0.9031071084604423,1.109462596267814,2.012569704728256,1.0,5508.0,-1.0,-205.0,0.041427290353311615,1.0530961471303546,0.1,,0.3699,0.4453,0.807
20250218,5956.4639,5962.4613,5971.023,5943.8752,456999.0,9830.0,178986.0,1.0,0.0,5388.0,0.0,1.0,-3.0,2335.0,-3732.0,5935.22066,5888.8193,5838.876155,46.40135999999984,96.34450500000003,5865.31782563492,5830.892319515873,213715.5,,,0.8646832639544164,1.109462596267814,1.97414586022223,1.0,5388.0,-2.0,-1397.0,0.021509893894735,0.9853477607714852,0.1001,,0.3973,0.468,0.779
20250219,5972.3165,5965.8854,5988.205,5938.3242,483396.0,26397.0,237862.0,1.0,0.0,5961.0,0.0,2.0,-2.0,4566.0,-1967.0,5948.5089,5900.97055,5841.332275,47.53834999999981,107.1766250000001,5878.058864920634,5836.560640992064,221453.2,,,0.8369300089621997,1.109462596267814,1.946392605230014,1.0,5961.0,0.0,2599.0,0.05460740262641809,0.956175716341742,0.0978,,0.274,0.2053,0.769
20250220,5963.3841,5979.0061,5991.3931,5962.0947,488213.0,4817.0,164790.0,1.0,0.0,5904.0,0.0,1.0,-2.0,4741.0,-3068.0,5962.151159999999,5913.49723,5849.96539,48.65392999999949,112.1857699999991,5890.118819603174,5843.596345722222,222014.2,,,0.8281607901944056,1.109462596267814,1.937623386462219,1.0,5904.0,-1.0,1673.0,0.009866595113198543,0.9671481543826436,0.0978,,0.2603,0.2053,0.773
20250221,5980.0811,5974.5922,6018.6061,5970.1119,500935.0,12722.0,252080.0,1.0,0.0,5969.0,0.0,2.0,-3.0,7111.0,-2714.0,5967.16914,5930.32857,5860.659470000001,36.8405700000003,106.5096699999995,5902.556153174605,5852.120967380953,224335.7,,,0.8226590939978428,1.092781606462259,1.915440700460102,1.0,5969.0,-1.0,4397.0,0.025396508529050676,0.9794970061879096,0.0961,,0.274,0.2067,0.777
20250224,5952.784,5969.0476,5992.4508,5947.1187,500804.0,-131.0,195701.0,1.0,0.0,5863.0,0.0,1.0,-3.0,4107.0,-2441.0,5965.00592,5941.41183,5868.713095,23.5940899999996,96.29282499999954,5912.457396984128,5861.743773611111,224021.9,,,0.8116170939401424,1.092781606462259,1.904398700402401,1.0,5863.0,-2.0,1666.0,-0.0002615793803563869,0.9824824024690242,0.0979,,0.3151,0.0773,0.777
20250225,5946.5478,5963.4501,5967.4229,5918.4219,495899.0,-4905.0,226406.0,1.0,0.0,5591.0,0.0,2.0,-1.0,9999.0,-2562.0,5963.0227,5949.12168,5878.459755,13.90101999999933,84.56294499999967,5919.845397142856,5871.886202634921,220706.8,,0.113045,0.7656799503430758,1.086701008207795,1.852380958550871,1.0,5591.0,1.0,7437.0,-0.009891127023849615,0.9621975665925196,0.0983,,0.274,0.2093,0.767
20250226,5977.3701,5948.2516,5993.6818,5946.1205,496321.0,422.0,275351.0,1.0,0.0,5703.0,0.0,1.0,-2.0,6890.0,-2646.0,5964.03342,5956.27116,5888.368365,7.762259999999515,75.66505499999948,5928.713231190476,5882.314434809524,223806.6,330421.2,,0.7813027904471812,1.086701008207795,1.868003798654976,1.0,5703.0,-1.0,4244.0,0.0008502561850092984,0.9002514953570606,0.098,,0.4384,0.4653,0.748
20250227,5972.7258,5955.8201,5973.6212,5936.7126,494998.0,-1323.0,212626.0,1.0,0.0,5900.0,0.0,2.0,-2.0,9312.0,-2968.0,5965.90176,5964.02646,5900.10127,1.875299999999697,65.80048999999963,5935.709646349205,5892.778933690477,226117.9,,,0.7416722495071302,1.086701008207795,1.828373257714925,1.0,5900.0,0.0,6344.0,-0.0026727380716689763,0.9174684183515186,0.0981,,0.4384,0.4467,0.752
20250228,5901.6068,5937.8154,5946.2844,5890.333,474707.0,-20291.0,330899.0,1.0,0.0,5763.0,0.0,1.0,-2.0,3666.0,-2444.0,5950.2069,5958.68802,5907.42523,-8.481119999999464,42.7816700000003,5936.855978650793,5902.333606857143,228724.6,397078.8,0.11408,0.7798389943202745,1.086701008207795,1.866540002528069,1.0,5763.0,-1.0,1222.0,-0.042744261196906726,1.0413709822910755,0.0992,,0.4932,0.5347,0.804
20250303,5902.1142,5889.478,5916.7777,5874.7053,467163.0,-7544.0,263833.0,1.0,0.0,5564.0,0.0,2.0,-2.0,7225.0,-2185.0,5940.07294,5952.53943,5912.445855,-12.46648999999979,27.62708500000008,5936.040201984128,5910.567351563492,233853.4,,,0.774786640515227,1.06453963666965,1.839326277184877,1.0,5564.0,0.0,5040.0,-0.01614853916084964,0.917055993560744,0.0971,,0.4795,0.5333,0.75
20250304,5890.5963,5886.7812,5910.9772,5879.5992,461135.0,-6028.0,191272.0,1.0,0.0,5536.0,0.0,2.0,-2.0,6038.0,-2054.0,5928.882640000001,5945.952670000001,5917.385985,-17.07002999999986,11.49665500000083,5933.834202619048,5917.418989261905,235082.0,,,0.7611680489549728,1.051086483511083,1.812254532466056,1.0,5536.0,0.0,3984.0,-0.013072093855378577,0.9902216866975796,0.0964,,0.4932,0.5267,0.78
20250305,5870.7644,5892.444,5896.3054,5854.0138,439949.0,-21186.0,284775.0,1.0,0.0,5380.0,0.0,2.0,-2.0,5286.0,-2527.0,5907.561500000001,5935.79746,5918.384005,-28.23595999999907,-10.82250499999918,5930.102202857144,5922.623323055556,239773.3,,,0.7790874370773468,1.023081919850123,1.80216935692747,1.0,5380.0,0.0,2759.0,-0.04815558166969353,0.980111682993969,0.0914,,0.4521,0.5133,0.774
20250306,5880.749,5885.8129,5892.6747,5867.8973,443484.0,3535.0,228580.0,1.0,0.0,5445.0,0.0,2.0,-2.0,7961.0,-2862.0,5889.166139999999,5927.53395,5920.51559,-38.36781000000065,-31.34945000000062,5926.611396031746,5926.272580698414,246152.3,,,0.7207515243382905,1.023081919850123,1.743833444188414,1.0,5445.0,0.0,5099.0,0.00797097527757484,0.9415128068994052,0.0918,,0.4795,0.5093,0.757
20250307,5885.4235,5879.5605,5902.405,5862.0805,453127.0,9643.0,244382.0,1.0,0.0,5029.0,0.0,1.0,-2.0,6478.0,-3963.0,5885.92948,5918.06819,5924.19838,-32.13871000000017,-38.26890000000003,5922.964154206347,5928.313380801587,245382.5,,,0.7312657341308056,0.9941172453204795,1.725382979451285,1.0,5029.0,-1.0,2515.0,0.021281009518302817,0.9344284660458424,0.0893,,0.3973,0.456,0.754
20250310,5894.2901,5888.3464,5923.9082,5874.7191,452890.0,-237.0,233801.0,1.0,0.0,5174.0,0.0,1.0,-2.0,4009.0,-7284.0,5884.36466,5912.218800000001,5926.815315,-27.85414000000037,-42.45065499999964,5920.154399682538,5929.083081071428,249192.5,,,0.7583723149148849,0.9784794799803862,1.736851794895271,1.0,5174.0,-1.0,-3275.0,-0.0005233058800150147,1.0932677744131614,0.0892,,0.4247,0.4773,0.823
20250311,5923.5611,5922.9189,5947.294,5909.8716,466785.0,13895.0,284371.0,1.0,0.0,5246.0,0.0,1.0,-2.0,5434.0,-5368.0,5890.957619999999,5909.92013,5929.520904999999,-18.9625100000012,-38.56328500000018,5920.000040952381,5929.098545452382,254989.0,,,0.7625835077089049,0.9683584019729697,1.730941909681875,1.0,5246.0,-1.0,66.0,0.029767451824715876,0.8707320157405758,0.0911,,0.2055,0.2107,0.732
20250312,5913.9496,5920.7669,5927.0708,5896.8425,463174.0,-3611.0,194891.0,2.0,0.0,9801.0,0.0,1.0,-2.0,4458.0,-6591.0,5899.59466,5903.57808,5929.92462,-3.983420000000478,-30.32996000000003,5918.717935079366,5928.09901584127,246943.0,,0.105685,0.7641601018980675,0.9683584019729697,1.732518503871037,2.0,9801.0,-1.0,-2133.0,-0.007796206177376105,0.8644870568978927,0.0919,,0.4658,0.4427,0.731
20250313,5956.4075,5925.1371,5962.6172,5924.1148,478537.0,15363.0,254083.0,2.0,0.0,12058.0,0.0,1.0,-2.0,4950.0,-3303.0,5914.726360000001,5901.94625,5932.986354999999,12.7801100000006,-18.25999499999853,5920.108831031747,5926.538934309524,251088.7,,0.110515,0.756469042226899,0.9683584019729697,1.724827444199869,2.0,12058.0,-1.0,1647.0,0.03210410062335828,1.1496014401470047,0.0961,,0.4658,0.552,0.837
20250314,5992.9246,5963.6492,6007.083,5963.6492,504448.0,25911.0,330089.0,2.0,0.0,12123.0,0.0,1.0,-3.0,3400.0,-4330.0,5936.22658,5911.07803,5934.883025,25.1485500000008,1.343555000000379,5925.206910238095,5925.374027468255,251007.7,396106.8,0.11385,0.762547691004971,0.961412816862137,1.723960507867108,2.0,12123.0,-2.0,-930.0,0.05136505645775184,1.0795671968853802,0.099,,0.4795,0.5587,0.82
20250317,5974.5492,5991.273,5998.6433,5963.2914,497365.0,-7083.0,239653.0,2.0,0.0,10827.0,0.0,1.0,-2.0,3925.0,-4729.0,5952.2784,5918.32153,5935.43048,33.95686999999998,16.84792000000016,5929.603969920634,5924.730404261904,248589.7,,,0.7458330538140484,0.9375533671185895,1.683386420932638,2.0,10827.0,-1.0,-804.0,-0.014241050335266856,0.9408181713714328,0.097,,0.4932,0.568,0.753
20250318,6063.2529,6020.7767,6069.4923,6010.1914,563637.0,66272.0,445003.0,1.0,-1.0,6877.0,-2280.0,1.0,-2.0,8338.0,-4419.0,5980.21676,5935.58719,5940.76993,44.62957000000006,39.44682999999986,5940.249918650792,5925.371975865079,273962.8,534003.6,0.127995,0.8021322787811052,0.9375533671185895,1.739685645899695,0.0,4597.0,-1.0,3919.0,0.11757922208797507,1.127040725572219,0.1113,,0.4932,0.5827,0.832
20250319,6070.1025,6050.4365,6090.594,6044.9416,562996.0,-641.0,345083.0,0.0,-2.0,906.0,-1723.0,2.0,-1.0,7460.0,-4808.0,6011.447340000001,5955.521,5945.65923,55.92634000000089,65.78811000000042,5952.274351984128,5927.589190777778,279993.6,414099.6,,0.8072018111072141,0.9199349993804963,1.727136810487711,-2.0,-817.0,1.0,2652.0,-0.001138551606050487,1.0484200959178265,0.0995,,0.4932,0.5867,0.801
20250320,6063.7054,6069.1607,6072.9399,6037.0131,558661.0,-4335.0,275954.0,0.0,-2.0,1086.0,-1906.0,1.0,-2.0,6562.0,-5342.0,6032.906919999999,5973.81664,5950.675294999999,59.09027999999944,82.23162500000035,5963.326669841269,5931.26071815873,284731.0,,,0.7498373878925508,0.9199349993804963,1.669772387273047,-2.0,-820.0,-1.0,1220.0,-0.007759625246795463,1.0052105319560367,0.1008,,0.5205,0.5893,0.78
20250321,6038.6063,6074.4384,6121.3913,6034.5279,550176.0,-8485.0,515718.0,0.0,-2.0,108.0,-2687.0,1.0,-2.0,6266.0,-6127.0,6042.04326,5989.13492,5953.601554999999,52.90833999999995,88.4417050000011,5973.788880714286,5936.343190809524,311864.6,618861.6,,0.8023045631213098,0.9199349993804963,1.722239562501806,-2.0,-2579.0,-1.0,139.0,-0.015422337579247368,0.937125805687547,0.1046,,0.4795,0.556,0.748
20250324,6035.7829,6047.1101,6075.4219,6014.2049,551311.0,1135.0,300533.0,1.0,-2.0,2353.0,-9.0,2.0,-2.0,8487.0,-3678.0,6054.29,6003.2842,5957.7515,51.00579999999991,96.53849999999966,5982.060229444445,5942.533773785714,318537.8,,,0.8366185471413549,0.9375533671185895,1.774171914259944,-1.0,2344.0,0.0,4809.0,0.0020587291020857557,0.9041244136432338,0.1023,,0.1781,0.2027,0.735
20250325,6013.3291,6021.9118,6026.8225,5992.3628,541123.0,-10188.0,253033.0,1.0,-2.0,399.0,-899.0,2.0,-2.0,6816.0,-3133.0,6044.30524,6012.261,5961.090565,32.04423999999926,83.21467499999926,5987.245988015874,5949.258368492063,315404.0,,,0.8365418235663669,0.9375533671185895,1.774095190684956,-1.0,-500.0,0.0,3683.0,-0.018827512413998295,0.931266802923755,0.1023,,0.137,0.1333,0.744
20250326,6058.7473,6022.8061,6064.1566,6022.8061,554500.0,13377.0,316065.0,2.0,-1.0,3599.0,0.0,2.0,-2.0,6435.0,-3026.0,6042.0342,6026.740769999999,5965.159425,15.29343000000063,76.87477500000023,5995.671981031746,5956.953773087302,327521.4,,0.125465,0.8658214057611882,0.9199349993804963,1.785756405141684,1.0,3599.0,0.0,3409.0,0.02412443642921551,0.9309036806176588,0.1091,,0.137,0.1347,0.743
20250327,6028.6363,6038.2029,6056.3817,6016.5821,556473.0,1973.0,298004.0,1.0,-1.0,1224.0,0.0,1.0,-2.0,7472.0,-2886.0,6035.02038,6033.96365,5967.95495,1.056730000000243,67.06542999999965,6002.397686666667,5965.182658650794,331913.5,,,0.8665363270152564,0.9199349993804963,1.786471326395753,0.0,1224.0,-1.0,4586.0,0.003545544887173322,0.8710016495143479,0.103,,0.1233,0.136,0.722
20250328,6035.7041,6026.0753,6039.5745,5999.3171,567081.0,10608.0,283742.0,1.0,0.0,6032.0,0.0,2.0,-2.0,6947.0,-2770.0,6034.43994,6038.241599999999,5974.659815000001,-3.801659999999174,59.78012499999932,6008.01621293651,5973.463588920635,327278.8,,,0.8544688527065892,0.9039201249092669,1.758388977615856,1.0,6032.0,0.0,4177.0,0.018706322377226532,0.9034832423061324,0.0958,,0.1096,0.132,0.732
20250331,6029.4709,6027.8819,6074.4929,6018.8849,572226.0,5145.0,334272.0,1.0,0.0,6102.0,0.0,1.0,-3.0,3897.0,-4432.0,6033.17754,6043.73377,5981.02765,-10.55623000000014,52.14988999999969,6013.808051904764,5981.883997119048,336740.7,,,0.8564850263616092,0.9194700739261495,1.775955100287759,1.0,6102.0,-2.0,-535.0,0.008991202776525358,0.9963782998819272,0.101,,0.1096,0.1333,0.777
20250401,6081.2131,6034.7682,6101.2172,6030.4896,589329.0,17103.0,449891.0,1.0,-1.0,7216.0,-5802.0,2.0,-2.0,8680.0,-3534.0,6046.75434,6045.52979,5990.55849,1.224550000000818,56.19585000000006,6022.2159184127,5990.08059709524,337229.5,539869.2,,0.9039557258322971,0.9227349044005949,1.826690630232892,0.0,1414.0,0.0,5146.0,0.029021140992552548,1.0824758078906058,0.1077,,0.1233,0.1347,0.82
20250402,6111.4391,6105.2978,6142.4877,6087.0487,607015.0,17686.0,373865.0,1.0,-2.0,1609.0,-7541.0,2.0,-1.0,13826.0,-5575.0,6057.2927,6049.66345,6002.592225,7.629249999999956,54.70047499999964,6033.747735396824,5998.227935436508,340107.7,,0.125925,0.9172014928858907,0.9227349044005949,1.839936397286486,-1.0,-5932.0,1.0,8251.0,0.029136018055566995,1.0629934905219598,0.1095,,0.1233,0.1253,0.808
20250403,6129.7519,6098.8116,6140.2021,6088.8563,605437.0,-1578.0,362284.0,1.0,-2.0,1963.0,-9253.0,2.0,-1.0,17079.0,-3426.0,6077.51582,6056.268099999999,6015.04237,21.2477200000003,62.4734499999995,6045.037445555556,6006.399013007937,348740.7,,0.142715,0.9165114746755832,0.9194700739261495,1.835981548601733,-1.0,-7290.0,1.0,13653.0,-0.0026063818365907603,1.1392983964200871,0.1241,,0.137,0.1227,0.835
20250407,6023.4014,6009.6387,6056.4649,5992.242,552608.0,-52829.0,397246.0,1.0,-1.0,2817.0,-7550.0,1.0,-2.0,7158.0,-7562.0,6075.05528,6054.74761,6021.941264999999,20.30767000000014,53.11401500000102,6045.787675079365,6013.598892444445,336893.5,,,1.036476670754052,0.9194700739261495,1.955946744680202,0.0,-4733.0,-1.0,-404.0,-0.09559941224158898,1.0799383430752365,0.106,,0.1096,0.128,0.817
20250408,5980.273,6026.5381,6047.6446,5976.2889,529844.0,-22764.0,441939.0,1.0,-1.0,6734.0,-6481.0,1.0,-3.0,1391.0,-12443.0,6065.2157,6049.196620000001,6026.24041,16.01907999999912,38.9752899999994,6043.659356428572,6019.758805142858,351034.1,530326.7999999999,,1.009643980225952,0.9194700739261495,1.929114054152102,0.0,253.0,-2.0,-11052.0,-0.04296358928288326,1.0661618292457338,0.1174,,0.1507,0.1987,0.807
20250409,5940.5383,5988.484,6004.8039,5916.2448,490037.0,-39807.0,445877.0,1.0,-1.0,3830.0,-5416.0,1.0,-3.0,0.0,-13598.0,6037.080739999999,6041.91754,6027.089269999999,-4.836800000000949,9.991469999999936,6037.19155547619,6024.75336188889,370318.5,535052.4,,1.061925550436358,0.9194700739261495,1.981395624362507,0.0,-1586.0,-2.0,-13598.0,-0.0812326416168575,1.1048746447660869,0.1139,,0.1507,0.2453,0.825
20250410,6003.7774,5924.2481,6007.6669,5916.4969,477114.0,-12923.0,416481.0,1.0,-1.0,3910.0,-5256.0,2.0,-2.0,3166.0,-12446.0,6015.5484,6036.420550000001,6031.580660000001,-20.87215000000106,-16.03226000000086,6032.221838809524,6028.408347666666,380360.1,,,1.128046893476865,0.9194700739261495,2.047516967403014,0.0,-1346.0,0.0,-9280.0,-0.027085769857937515,1.2043624893233236,0.1158,,0.1507,0.296,0.85
20250411,5986.1516,5989.9097,5995.7236,5956.8934,471227.0,-5887.0,285778.0,1.0,-1.0,6723.0,-1764.0,1.0,-3.0,0.0,-9364.0,5986.82834,6032.172079999999,6033.067865,-45.34373999999934,-46.23952499999996,6027.786116825396,6030.94719068254,379137.5,,,1.081411186419514,0.9194700739261495,2.000881260345663,0.0,4959.0,-2.0,-9364.0,-0.0124929174262086,1.307259133338476,0.1117,,0.411,0.644,0.883
20250414,5955.1155,5991.9423,5994.7471,5952.9675,459814.0,-11413.0,241407.0,1.0,0.0,5762.0,0.0,1.0,-3.0,0.0,-12821.0,5973.17116,6024.11322,6031.17741,-50.94206000000031,-58.00625000000036,6021.895166746033,6032.335086063492,374904.0,,,1.059408824496668,0.9039201249092669,1.963328949405934,1.0,5762.0,-2.0,-12821.0,-0.02482090584453714,1.2411390815146863,0.1088,,0.4247,0.6507,0.856
20250415,5935.1349,5964.4182,5977.308,5922.786,457721.0,-2093.0,271092.0,1.0,0.0,6060.0,0.0,0.0,-3.0,0.0,-18805.0,5964.14354,6014.679620000001,6029.206695,-50.53608000000077,-65.06315499999982,6013.375958412698,6032.291876714286,368586.0,,,1.073561122913837,0.9039201249092669,1.977481247823103,1.0,6060.0,-3.0,-18805.0,-0.0045726545209854915,1.351533302896304,0.1083,,0.4658,0.6947,0.906
20250416,5933.3239,5944.7245,5947.7546,5915.7739,448094.0,-9627.0,288104.0,1.0,0.0,5778.0,0.0,1.0,-3.0,0.0,-14144.0,5962.70066,5999.8907,6022.710245,-37.1900399999995,-60.00958499999979,6004.642513095239,6030.534536182539,352407.3,,,1.052770478058007,0.8734068422597419,1.926177320317749,1.0,5778.0,-2.0,-14144.0,-0.02148433141260539,1.3578489347066676,0.1067,,0.5205,0.696,0.908
20250417,5977.2498,5936.4748,5989.5041,5928.8553,442817.0,-5277.0,287983.0,0.0,-1.0,0.0,-367.0,1.0,-2.0,2077.0,-13135.0,5957.39514,5986.47177,6018.06761,-29.07663000000048,-60.67247000000043,5999.14238468254,6027.074001111111,343819.1,,,1.075385797083748,0.9039201249092669,1.979305921993015,-1.0,-367.0,-1.0,-11058.0,-0.011916886659726253,1.3166016951427904,0.1083,,0.3288,0.2907,0.884
20250418,5990.3077,5977.6112,6001.5856,5977.6112,450330.0,7513.0,231481.0,0.0,-1.0,0.0,-403.0,1.0,-2.0,1618.0,-16034.0,5958.226360000001,5972.52735,6014.397725000001,-14.30098999999973,-56.17136500000015,5996.260144761905,6022.196271031747,330738.8,,,1.057029544716303,0.8734068422597419,1.930436386976045,-1.0,-403.0,-1.0,-14416.0,0.016683321120067506,1.2744756113672282,0.1072,,0.3014,0.2387,0.864
20250421,6039.4685,5995.6906,6056.9457,5988.9791,464985.0,14655.0,335987.0,1.0,-1.0,3200.0,-323.0,1.0,-2.0,2813.0,-13202.0,5975.096960000001,5974.13406,6014.440835,0.9629000000004453,-39.34387499999957,5997.479752936508,6017.36547881746,324612.9,,0.125695,1.071601239657247,0.8734068422597419,1.945008081916989,0.0,2877.0,-1.0,-10389.0,0.03151714571437789,1.110598532734785,0.1093,,0.3425,0.3107,0.818
20250422,6009.6205,6050.0278,6050.4257,5999.7812,462515.0,-2470.0,297409.0,1.0,-2.0,1927.0,-89.0,1.0,-2.0,1423.0,-18041.0,5989.994079999999,5977.06881,6013.132715,12.92526999999973,-23.13863500000025,5998.342642380951,6012.833807412698,310159.9,,,1.047397848780464,0.8734068422597419,1.920804691040206,-1.0,1838.0,-1.0,-16618.0,-0.00534036733943764,1.084299821179809,0.1079,,0.3562,0.312,0.81
20250423,6016.1736,6019.7991,6039.2326,6003.028,466691.0,4176.0,261467.0,0.0,-2.0,0.0,-1324.0,1.0,-3.0,1127.0,-20640.0,6006.56402,5984.63234,6013.27494,21.93167999999969,-6.710920000000442,5998.662545793652,6008.980906444444,291718.9,,0.12719,1.018713257990726,0.8510117442253665,1.869725002216093,-2.0,-1324.0,-2.0,-19513.0,0.008948104848818597,1.074858217460432,0.1106,,0.4247,0.4227,0.803
20250424,5973.1705,6010.1991,6010.1991,5950.3048,441383.0,-25308.0,327268.0,1.0,-1.0,1378.0,0.0,0.0,-3.0,0.0,-15561.0,6005.74816,5981.57165,6008.996099999999,24.17651000000023,-3.247939999999289,5995.986395873017,6005.357362150795,282797.6,,,1.037955619791067,0.8510117442253665,1.888967364016433,0.0,1378.0,-3.0,-15561.0,-0.05733795819050575,1.1402128217842744,0.109,,0.4658,0.4907,0.828
20250425,5996.6354,5975.5631,6031.5271,5965.8994,439455.0,-1928.0,320198.0,1.0,0.0,6020.0,0.0,1.0,-2.0,3289.0,-13575.0,6007.0137,5982.62003,6007.396054999999,24.39367000000038,-0.3823549999988245,5994.494073015871,6002.028157769842,286239.6,,,0.952444517658913,0.8510117442253665,1.80345626188428,1.0,6020.0,-1.0,-10286.0,-0.004387252392167571,1.2327755670867715,0.1095,,0.5068,0.5373,0.85
20250428,5997.9823,5993.5157,6015.5069,5979.6046,440099.0,644.0,247654.0,0.0,-1.0,1333.0,0.0,1.0,-2.0,6996.0,-17888.0,5998.71646,5986.90671,6005.509964999999,11.80974999999944,-6.793504999999641,5993.501031825396,5999.188744277778,286864.3,,,0.9099130626298529,0.8510117442253665,1.760924806855219,-1.0,1333.0,-1.0,-10892.0,0.0014633071195344683,1.3084814894840753,0.1094,,0.5342,0.5813,0.881
20250429,5955.8112,5958.0837,5965.2385,5920.8912,414361.0,-25738.0,304363.0,1.0,0.0,5539.0,0.0,1.0,-2.0,6134.0,-18517.0,5987.954599999999,5988.97434,6001.82698,-1.019740000000638,-13.8723800000007,5988.278390634921,5996.6789875,290191.4,,,0.8960572899083551,0.8510117442253665,1.747069034133722,1.0,5539.0,-1.0,-12383.0,-0.06211491911642263,1.385957149699479,0.11,,0.5616,0.5813,0.92
20250430,5890.3954,5923.4892,5931.6129,5884.0728,386701.0,-27660.0,306108.0,1.0,-1.0,5232.0,-3007.0,1.0,-2.0,4134.0,-18952.0,5962.79896,5984.681490000001,5992.286095,-21.88253000000077,-29.48713500000031,5978.751432619048,5994.089879452381,291991.8,,0.12972,0.8740439097859534,0.8510117442253665,1.72505565401132,0.0,2225.0,-1.0,-14818.0,-0.07152813155383617,1.1251688260633808,0.1128,0.6762177650429798,0.589,0.616,0.819
20250506,5893.0874,5880.7026,5911.7129,5878.123,383427.0,-3274.0,128962.0,1.0,-1.0,5312.0,-3020.0,1.0,-2.0,4092.0,-18465.0,5946.78234,5976.265249999999,5981.36851,-29.48290999999972,-34.58617000000049,5969.270667857142,5991.102707769841,276089.7,,,0.8591083439915208,0.8438697828766957,1.702978126868216,0.0,2292.0,-1.0,-14373.0,-0.008538783132121629,1.2033540121089388,0.0864,0.0,0.7671,0.8453,0.84
20250507,5875.9238,5910.8715,5922.2466,5871.7392,392695.0,9268.0,209418.0,1.0,-1.0,6297.0,-4267.0,1.0,-2.0,910.0,-19310.0,5922.640020000001,5964.82686,5968.677105,-42.18683999999939,-46.03708499999902,5960.902123650793,5987.56690565873,273883.4,,,0.8703777014684626,0.8510117442253665,1.721389445693829,0.0,2030.0,-1.0,-18400.0,0.023601013509211982,1.1113526961692068,0.0874,0.026525198938992068,0.7397,0.8467,0.812
20250508,5822.9522,5859.8175,5859.8175,5819.4515,405773.0,13078.0,251740.0,1.0,-1.0,6080.0,-4261.0,0.0,-3.0,0.0,-22867.0,5887.634,5943.17523,5958.654645,-55.54122999999981,-71.0206449999996,5947.615260555554,5982.580456420636,265458.7,,,0.8738881241739904,0.8510117442253665,1.724899868399357,0.0,1819.0,-3.0,-22867.0,0.03222984279387737,1.178567337275401,0.0839,0.0,0.5616,0.6547,0.832
20250509,5848.231,5842.8706,5864.0217,5838.078,394951.0,-10822.0,172412.0,1.0,-1.0,6093.0,-4259.0,0.0,-3.0,0.0,-18276.0,5866.11796,5927.03628,5952.052545,-60.91831999999977,-85.93458499999997,5936.970628571429,5976.443255039682,252959.0,,,0.8856935867908549,0.8438697828766957,1.729563369667551,0.0,1834.0,-3.0,-18276.0,-0.027400867449379796,1.246563462326589,0.0831,0.0,0.5342,0.5693,0.851
20250512,5890.8453,5872.7744,5898.0913,5853.0053,382664.0,-12287.0,223990.0,2.0,0.0,5630.0,0.0,1.0,-2.0,2161.0,-13801.0,5866.20794,5914.503449999999,5949.567895,-48.29550999999901,-83.3599549999999,5929.917168015872,5969.568717261905,249211.3,,0.11109,0.8736465338771229,0.8459145466810234,1.719561080558146,2.0,5630.0,-1.0,-11640.0,-0.032109108774277174,1.1543054493685423,0.0966,0.32926829268292707,0.411,0.5853,0.824
20250513,5860.7318,5888.6481,5898.82,5848.3813,383816.0,1152.0,185615.0,1.0,0.0,4609.0,0.0,1.0,-2.0,1312.0,-16429.0,5859.73682,5903.25958,5942.415615,-43.52275999999983,-82.67879499999981,5922.342752936508,5962.204352968253,235046.0,,,0.9064316524915486,0.8516679942762158,1.758099646767764,1.0,4609.0,-1.0,-15117.0,0.0030014381891322927,1.279508615056976,0.0945,0.278048780487805,0.3973,0.5387,0.865
20250514,5908.9593,5885.8713,5927.7186,5885.8713,373039.0,-10777.0,251194.0,1.0,0.0,4529.0,0.0,1.0,-2.0,4163.0,-16572.0,5866.343919999999,5894.49197,5938.556,-28.14805000000069,-72.21208000000024,5918.623450317461,5954.617290698412,228145.6,,,0.9066766192447692,0.8599876368159001,1.766664256060669,1.0,4529.0,-1.0,-12409.0,-0.028889740750967056,1.1778931788545353,0.0929,0.23902439024390246,0.3699,0.4907,0.828
20250515,5890.1758,5896.901,5898.14,5870.4885,376132.0,3093.0,179431.0,1.0,0.0,5025.0,0.0,1.0,-2.0,3119.0,-19352.0,5879.78864,5883.71132,5935.309015000001,-3.922680000000582,-55.52037500000097,5913.769934444445,5946.644180960318,221323.3,,,0.8932854348968573,0.8516679942762158,1.744953429173073,1.0,5025.0,-1.0,-16233.0,0.008223176969787202,1.169334618029143,0.0945,0.278048780487805,0.2192,0.4227,0.825
20250516,5858.1265,5873.9877,5878.5789,5853.1564,376638.0,506.0,167749.0,1.0,0.0,5287.0,0.0,1.0,-3.0,544.0,-17876.0,5881.76774,5873.94285,5931.458595,7.824889999999868,-49.69085499999983,5906.723843809523,5938.488726277777,207661.9,,,0.8959790353868741,0.8516679942762158,1.74764702966309,1.0,5287.0,-2.0,-17332.0,0.0013434650778731832,1.0444250620756503,0.0933,0.24878048780487802,0.3014,0.424,0.771
20250519,5857.2661,5855.3807,5875.0513,5842.9585,375313.0,-1325.0,176319.0,1.0,0.0,5556.0,0.0,1.0,-3.0,238.0,-18679.0,5875.0519,5870.629919999999,5927.655704999999,4.421980000000985,-52.60380499999883,5899.380041746032,5930.551587190476,194683.0,,,0.8563198449913314,0.8516679942762158,1.707987839267547,1.0,5556.0,-2.0,-18441.0,-0.0035303866372867446,1.1905352069634578,0.0912,0.1975609756097563,0.589,0.7173,0.832
20250520,5842.7755,5859.5382,5871.5949,5838.0623,366954.0,-8359.0,148882.0,1.0,0.0,5545.0,0.0,1.0,-3.0,993.0,-20644.0,5871.46064,5865.59873,5920.93199,5.861910000000535,-49.4713499999998,5891.867160634921,5922.811236468255,196675.0,,,0.8189653747372658,0.8516679942762158,1.670633369013482,1.0,5545.0,-2.0,-19651.0,-0.022779421943894877,0.8947414513696708,0.0898,0.16341463414634172,0.589,0.6867,0.695
20250521,5856.2056,5842.7608,5861.1502,5830.4424,362265.0,-4689.0,163643.0,1.0,-1.0,5342.0,-2550.0,1.0,-2.0,1422.0,-20489.0,5860.9099,5863.62691,5914.226885,-2.7170100000003,-53.31698500000039,5884.885766825398,5915.209600785714,192097.5,,,0.8140616361307418,0.8516679942762158,1.665729630406958,0.0,2792.0,-1.0,-19067.0,-0.01294356341352325,0.8722054500268788,0.091,0.19268292682926835,0.6164,0.6533,0.688
20250522,5847.4864,5857.6846,5874.7034,5846.5021,358275.0,-3990.0,165812.0,1.0,-1.0,5322.0,-2712.0,1.0,-3.0,1316.0,-20974.0,5852.372020000001,5866.08033,5904.62778,-13.70830999999907,-52.2557599999991,5879.131912460317,5908.36126597619,183504.7,,,0.7556173686671404,0.8459145466810234,1.601531915348164,0.0,2610.0,-2.0,-19658.0,-0.011136696671551182,0.8392510587526106,0.0887,0.13658536585365869,0.5479,0.62,0.666
20250523,5824.5563,5833.773,5840.3791,5818.2697,362976.0,4701.0,189812.0,1.0,-1.0,5572.0,-3088.0,0.0,-3.0,0.0,-25031.0,5845.65798,5863.71286,5895.374570000001,-18.05487999999968,-49.71659000000091,5871.519229603176,5901.816126079366,185244.7,,,0.7044166145623482,0.8459145466810234,1.550331161243371,0.0,2484.0,-3.0,-25031.0,0.012951269505421846,0.8932378127131473,0.0862,0.0756097560975611,0.4658,0.5627,0.694
20250526,5826.5101,5812.4519,5830.4457,5803.2742,373087.0,10111.0,152786.0,2.0,-1.0,5747.0,0.0,0.0,-3.0,0.0,-24999.0,5839.506780000001,5857.279339999999,5885.891395000001,-17.77255999999852,-46.38461499999994,5864.358525158729,5895.260261793652,178124.3,,,0.6971621768828801,0.8459145466810234,1.543076723563904,1.0,5747.0,-3.0,-24999.0,0.027100917480373212,0.920982594352966,0.0862,0.0756097560975611,0.4521,0.524,0.706
20250527,5832.2298,5821.5934,5836.7889,5798.8701,375374.0,2287.0,190141.0,1.0,0.0,5334.0,0.0,0.0,-3.0,0.0,-20595.0,5837.39764,5854.42914,5878.844360000001,-17.03150000000005,-41.44672000000082,5858.193673730157,5888.845353873015,178576.9,,,0.6821756893813005,0.8459145466810234,1.528090236062324,1.0,5334.0,-3.0,-20595.0,0.006092590323250944,0.8851472564686085,0.0858,0.06585365853658555,0.3014,0.4787,0.689
20250528,5787.1284,5830.2981,5834.3209,5784.0892,382880.0,7506.0,228485.0,1.0,-1.0,5781.0,-3920.0,0.0,-3.0,0.0,-25356.0,5823.5822,5842.24605,5868.36901,-18.66384999999991,-44.78681000000051,5850.763231031747,5882.059331944444,176306.0,274182.0,,0.6748570895029903,0.8516679942762158,1.526525083779206,0.0,1861.0,-3.0,-25356.0,0.01960405348934392,0.8626719647900707,0.0823,0.0,0.2603,0.3653,0.68
20250529,5775.412,5782.404,5789.8472,5762.2082,385494.0,2614.0,178479.0,1.0,-1.0,5693.0,-3729.0,0.0,-3.0,0.0,-25992.0,5809.16732,5830.76967,5857.240495,-21.60235000000011,-48.07317500000045,5842.064887380951,5874.888827238095,176210.8,,,0.659050435073875,0.8459145466810234,1.504964981754898,0.0,1964.0,-3.0,-25992.0,0.006780909689904383,0.9044558895997814,0.0808,0.0,0.2466,0.3667,0.7
20250530,5754.3579,5772.2204,5772.2204,5752.7172,394094.0,8600.0,181826.0,1.0,-1.0,6247.0,-2982.0,0.0,-3.0,0.0,-23225.0,5795.127640000001,5820.392809999999,5847.16783,-25.26516999999876,-52.04018999999971,5832.614446984125,5867.477887555555,177618.5,,,0.6269097576223799,0.8459145466810234,1.472824304303403,0.0,3265.0,-3.0,-23225.0,0.02182220485467934,0.9411819765807208,0.0818,0.023094688221709025,0.2466,0.3253,0.718
20250603,5723.8947,5744.0415,5748.5119,5717.5485,415242.0,21148.0,137190.0,1.0,-1.0,5474.0,-2011.0,0.0,-3.0,0.0,-22467.0,5774.60456,5807.05567,5838.842795,-32.45110999999997,-64.2382349999998,5821.030210555555,5859.642904436508,173705.6,,,0.6112556034813662,0.8459145466810234,1.45717015016239,0.0,3463.0,-3.0,-22467.0,0.05092933759109146,0.9401928853295628,0.0789,0.0,0.2329,0.336,0.715
20250604,5736.3462,5725.3387,5742.3902,5703.8356,435954.0,20712.0,190038.0,1.0,-1.0,5336.0,-2015.0,0.0,-3.0,0.0,-16618.0,5755.427839999999,5796.41274,5831.005735,-40.98490000000038,-75.57789500000035,5810.400144126983,5851.496202785713,177821.2,,,0.577627963493599,0.8459145466810234,1.423542510174622,0.0,3321.0,-3.0,-16618.0,0.04750959963665891,0.980838148419414,0.0803,0.030973451327433593,0.2466,0.3267,0.736
20250605,5714.2707,5740.123,5740.123,5707.1645,452048.0,16094.0,170949.0,2.0,0.0,7420.0,0.0,1.0,-2.0,78.0,-13256.0,5740.8563,5782.21925,5822.92308,-41.36294999999973,-82.06678000000011,5800.018085317458,5843.00943463492,178551.8,,,0.5720932355213219,0.8459145466810234,1.418007782202345,2.0,7420.0,-1.0,-13178.0,0.03560241390294836,0.9997233086199566,0.0796,0.01548672566371695,0.2466,0.328,0.747
20250606,5713.7631,5698.7927,5721.1565,5673.4184,475594.0,23546.0,253537.0,2.0,0.0,7856.0,0.0,0.0,-2.0,0.0,-13005.0,5728.52652,5768.84692,5817.463625,-40.32039999999961,-88.93710499999997,5788.348068333332,5833.931050222222,187324.3,304244.4,,0.5863296144176279,0.8459145466810234,1.432244161098651,2.0,7856.0,-2.0,-13005.0,0.04950861449051081,1.011051106540509,0.0789,0.0,0.2603,0.348,0.749
20250609,5711.2549,5696.3857,5722.818,5694.431,479730.0,4136.0,181325.0,1.0,0.0,5244.0,0.0,1.0,-2.0,464.0,-12603.0,5719.90592,5757.51678,5810.614820000001,-37.61085999999978,-90.70890000000054,5777.717351825397,5824.550862444444,186475.6,,0.093265,0.5828091361372968,0.8459145466810234,1.42872368281832,1.0,5244.0,-1.0,-12139.0,0.0086215162695683,1.0044829712750756,0.0811,0.048672566371681575,0.2329,0.3533,0.746
20250610,5694.7793,5716.5357,5716.5357,5691.9393,482963.0,3233.0,172426.0,1.0,0.0,5576.0,0.0,0.0,-2.0,130.0,-14835.0,5714.08284,5744.3437,5800.81152,-30.26086000000032,-86.72868000000017,5767.476617063492,5814.862671634919,188439.6,,0.0943,0.572816753776163,0.8438697828766957,1.416686536652859,1.0,5576.0,-2.0,-14705.0,0.006694094578673729,1.0090521811100706,0.082,0.0685840707964603,0.2466,0.3547,0.748
20250611,5645.9987,5702.4923,5710.1532,5643.7431,508621.0,25658.0,255752.0,1.0,0.0,6864.0,0.0,0.0,-3.0,0.0,-28113.0,5696.01334,5725.72059,5790.074865,-29.70724999999948,-94.06152499999916,5754.232722142859,5804.46657647619,195000.7,306902.4,0.09521999999999999,0.618613157220075,0.8459145466810234,1.464527703901098,1.0,6864.0,-3.0,-28113.0,0.05044620650739942,1.0115307298717202,0.0828,0.08628318584070797,0.2192,0.356,0.75
20250612,5623.5462,5654.4905,5654.4905,5621.5589,517925.0,9304.0,187524.0,2.0,0.0,14819.0,0.0,0.0,-3.0,0.0,-26875.0,5677.86844,5709.36237,5775.80421,-31.49392999999964,-97.93577000000005,5739.357691507935,5793.326022523809,190904.6,,,0.6262230570084412,0.8459145466810234,1.472137603689465,2.0,14819.0,-3.0,-26875.0,0.017963990925327026,0.9403601109370692,0.0824,0.07743362831858414,0.5205,0.6947,0.709
20250613,5637.6152,5615.7136,5651.356,5587.9688,518669.0,744.0,296200.0,2.0,0.0,14348.0,0.0,0.0,-3.0,0.0,-26924.0,5662.63886,5695.58269,5763.17618,-32.94383000000016,-100.5373200000004,5725.05914206349,5781.625447992063,202676.7,355440.0,0.09613999999999999,0.6703019337669498,0.8516679942762158,1.521969928043166,2.0,14348.0,-3.0,-26924.0,0.0014344408476311481,0.846658300744234,0.0836,0.10398230088495565,0.4658,0.6627,0.658
20250616,5640.1067,5628.0159,5646.1903,5588.0115,519940.0,1271.0,226999.0,2.0,0.0,14462.0,0.0,0.0,-3.0,0.0,-25779.0,5648.40922,5684.15757,5752.275189999999,-35.74835000000076,-103.8659699999998,5712.089589444445,5769.572962238094,207194.0,,,0.7106275767009825,0.8599876368159001,1.570615213516882,2.0,14462.0,-3.0,-25779.0,0.002444512828403277,0.8012406745456068,0.0828,0.08628318584070797,0.4521,0.6333,0.636
20250617,5663.4707,5625.9672,5681.7648,5611.6091,515296.0,-4644.0,257081.0,2.0,0.0,10615.0,0.0,0.0,-3.0,0.0,-32344.0,5642.1475,5678.11517,5742.58542,-35.96767,-100.4379200000003,5702.35469285714,5757.705410468253,219183.1,,,0.7525159932616894,0.8599876368159001,1.612503630077589,2.0,10615.0,-3.0,-32344.0,-0.009012295845494627,0.8172483815255286,0.0826,0.0818584070796462,0.4521,0.572,0.644
20250618,5649.4006,5634.6054,5663.2064,5623.0206,521511.0,6215.0,241436.0,2.0,0.0,15364.0,0.0,0.0,-3.0,0.0,-34203.0,5642.82788,5669.42061,5732.916675,-26.5927300000003,-90.08879500000057,5692.901690873015,5745.955565142856,224322.9,,0.103845,0.741541202245287,0.8599876368159001,1.601528839061187,2.0,15364.0,-3.0,-34203.0,0.011917294170209257,0.832626225440861,0.0903,0.2522123893805311,0.4384,0.54,0.65
20250619,5629.6765,5635.8885,5650.0986,5616.2506,537902.0,16391.0,260179.0,2.0,0.0,16878.0,0.0,0.0,-3.0,0.0,-35302.0,5644.05394,5660.96119,5721.59022,-16.9072500000002,-77.53628000000026,5683.22117468254,5734.275874079364,233245.9,,0.10442,0.750706185848806,0.8599876368159001,1.610693822664706,2.0,16878.0,-3.0,-35302.0,0.03047209342965819,0.781037645075752,0.0908,0.263274336283186,0.4384,0.256,0.615
20250620,5687.669,5631.9813,5698.4143,5622.13,521415.0,-16487.0,352079.0,2.0,0.0,13805.0,0.0,0.0,-3.0,0.0,-28357.0,5654.0647,5658.35178,5713.59935,-4.28708000000006,-59.53465000000051,5678.289531111111,5723.270020357142,243100.1,422494.8,,0.8187682440911371,0.8599876368159001,1.678755880907037,2.0,13805.0,-3.0,-28357.0,-0.03161972708878724,0.7998256885086674,0.0908,0.263274336283186,0.4384,0.2027,0.631
20250623,5685.7923,5688.5663,5707.6202,5674.0226,508311.0,-13104.0,248859.0,2.0,0.0,14481.0,0.0,0.0,-3.0,0.0,-36727.0,5663.20182,5655.80552,5706.66115,7.396300000000338,-43.45932999999968,5675.785170873016,5713.076802261904,249853.5,,,0.8151176146857638,0.8516679942762158,1.666785608961979,2.0,14481.0,-3.0,-36727.0,-0.025779493262982702,0.7866310607672489,0.0896,0.23672566371681417,0.3151,0.1093,0.619
20250624,5671.3095,5688.912,5699.4212,5655.4046,505980.0,-2331.0,216419.0,2.0,0.0,15828.0,0.0,0.0,-3.0,0.0,-37928.0,5664.76958,5653.45854,5698.90112,11.3110400000005,-34.1315399999994,5672.873153809524,5703.616455936508,254252.8,,,0.8226673529527242,0.8516679942762158,1.67433534722894,2.0,15828.0,-3.0,-37928.0,-0.004606901458555674,0.8049216130453097,0.0859,0.15486725663716827,0.3288,0.1253,0.635
20250625,5710.5334,5656.3996,5711.0212,5649.3312,503781.0,-2199.0,275858.0,2.0,0.0,16092.0,0.0,0.0,-3.0,0.0,-38629.0,5676.99614,5659.91201,5692.8163,17.08413000000019,-15.82016000000021,5672.280557539682,5695.42123947619,256263.4,,,0.8589078568937126,0.8599876368159001,1.718895493709613,2.0,16092.0,-3.0,-38629.0,-0.004364991931017644,0.8334125559497776,0.0882,0.20575221238938057,0.6027,0.6693,0.65
20250626,5739.9022,5713.1908,5746.5601,5713.1908,489167.0,-14614.0,269008.0,2.0,0.0,13855.0,0.0,0.0,-3.0,434.0,-36567.0,5699.04128,5671.54761,5690.45499,27.49367000000075,8.58629000000019,5676.072860555555,5689.092756380952,264411.8,,,0.8438735299741954,0.8599876368159001,1.703861166790095,2.0,13855.0,-3.0,-36133.0,-0.029875277768124178,0.8575371680478681,0.0848,0.13053097345132747,0.5479,0.6573,0.667
20250627,5739.1321,5720.7967,5751.9898,5715.8397,479238.0,-9929.0,261491.0,2.0,0.0,13263.0,0.0,1.0,-2.0,3247.0,-35954.0,5709.3339,5681.6993,5688.640995,27.63459999999941,20.69290499999988,5680.365516904761,5684.623393865078,260940.9,,,0.8533521913724456,0.8599876368159001,1.713339828188346,2.0,13263.0,-1.0,-32707.0,-0.020718306978995824,0.9070384810746712,0.0843,0.1194690265486726,0.5068,0.5213,0.691
20250630,5755.6743,5751.3295,5764.9008,5736.9131,479326.0,88.0,236361.0,2.0,0.0,13133.0,0.0,1.0,-2.0,4303.0,-37645.0,5723.3103,5693.25606,5688.706815,30.05424000000039,34.60348500000055,5686.772828174602,5682.091717738095,261877.1,,,0.8569652480146194,0.8516679942762158,1.708633242290835,2.0,13133.0,-1.0,-33342.0,0.0001835911258725794,0.8556449681054807,0.0807,0.03982300884955743,0.4384,0.5227,0.664
20250701,5725.2626,5726.3862,5744.957,5715.3382,478042.0,-1284.0,234407.0,2.0,0.0,12359.0,0.0,1.0,-2.0,5255.0,-38894.0,5734.10092,5699.43525,5688.77521,34.66566999999941,45.32571000000007,5690.506233571427,5680.906871809523,259609.7,,,0.8233383379530893,0.8441955163762656,1.667533854329355,2.0,12359.0,-1.0,-33639.0,-0.002685956464076378,0.8622673519234857,0.0807,0.03982300884955743,0.4384,0.4987,0.668
20250702,5712.1582,5694.4993,5716.3617,5659.5199,474576.0,-3466.0,353579.0,2.0,0.0,12499.0,0.0,1.0,-2.0,6532.0,-34916.0,5734.42588,5705.71101,5687.56581,28.71486999999979,46.86006999999972,5691.964641507937,5680.813166873016,270824.0,424294.8,,0.8636176204719277,0.8441955163762656,1.707813136848193,2.0,12499.0,-1.0,-28384.0,-0.007303361316206467,0.9505671064690222,0.0844,0.12168141592920363,0.4384,0.5,0.715
20250703,5709.6971,5704.2091,5721.4778,5697.4689,476427.0,1851.0,189133.0,2.0,0.0,12420.0,0.0,1.0,-2.0,7498.0,-33737.0,5728.38486,5713.71307,5687.33713,14.67179000000033,41.04773000000023,5694.278261507937,5681.918875555555,263719.4,,,0.8134408520709367,0.8441955163762656,1.657636368447202,2.0,12420.0,-1.0,-26239.0,0.003885170235943807,0.8228218793420043,0.0825,0.09350649350649365,0.4795,0.5013,0.641
20250704,5716.8378,5735.5362,5751.1785,5715.0954,476537.0,110.0,263289.0,2.0,0.0,12316.0,0.0,1.0,-2.0,7806.0,-36564.0,5723.925999999999,5716.62995,5687.490865,7.296049999999923,36.43513499999972,5698.12046095238,5683.901968539682,254840.4,,0.097175,0.791733686248656,0.8383854023389391,1.630119088587595,2.0,12316.0,-1.0,-28758.0,0.0002308320235364725,0.7856711772873102,0.0845,0.14545454545454564,0.2603,0.1093,0.61
20250707,5706.4572,5715.4562,5733.052,5690.5688,470189.0,-6348.0,186470.0,2.0,0.0,12610.0,0.0,1.0,-2.0,5953.0,-36023.0,5714.08258,5718.696440000001,5687.25098,-4.613860000000386,26.83160000000044,5700.505467460317,5686.373998198413,248601.5,,,0.7566472470567528,0.8041218821914935,1.560769129248246,2.0,12610.0,-1.0,-30070.0,-0.013500953871740938,0.7346589929440585,0.0822,0.08943089430894301,0.1644,0.0493,0.587
20250708,5698.9834,5715.8803,5715.8803,5680.1578,470738.0,549.0,176329.0,2.0,0.0,12504.0,0.0,1.0,-2.0,5978.0,-36790.0,5708.82674,5721.46383,5687.461185,-12.63708999999926,21.36555500000031,5702.194815714287,5689.306164388889,244592.5,,,0.7502599328787398,0.7789596560998071,1.529219588978547,2.0,12504.0,-1.0,-30812.0,0.0011662538397155106,0.766704616133067,0.082,0.08401084010840122,0.0822,0.0147,0.598
20250709,5725.2672,5705.4114,5730.2287,5700.2353,463904.0,-6834.0,183877.0,2.0,0.0,12334.0,0.0,1.0,-2.0,8514.0,-33000.0,5711.44854,5722.93721,5691.42461,-11.48866999999973,20.02393000000029,5705.358749047619,5692.613983539683,235394.4,,,0.7461092894364797,0.7571366066562812,1.503245896092761,2.0,12334.0,-1.0,-24486.0,-0.014731496171621715,0.7780135920897608,0.0786,0.0,0.0685,0.0147,0.602
20250710,5751.1985,5737.3056,5758.653,5730.7493,478284.0,14380.0,209745.0,2.0,0.0,11246.0,0.0,1.0,-2.0,12978.0,-32972.0,5719.74882,5724.06684,5697.807225,-4.318019999999706,21.94159500000023,5710.837826587302,5696.090480142857,229468.1,,,0.6919263142310159,0.7331506314055317,1.425076945636548,2.0,11246.0,-1.0,-19994.0,0.030065818634953292,0.8097676150962355,0.0749,0.0,0.0685,0.016,0.63
20250711,5753.8809,5748.3829,5762.9351,5737.8952,491508.0,13224.0,227703.0,2.0,0.0,11033.0,0.0,1.0,-2.0,12685.0,-36169.0,5727.157440000001,5725.54172,5703.62051,1.615720000000692,23.53693000000112,5716.35173626984,5699.689102079365,226089.3,,,0.6806566680148378,0.7331506314055317,1.41380729942037,2.0,11033.0,-1.0,-23484.0,0.026904953734222026,0.7852152365287274,0.0775,0.0686015831134566,0.0548,0.0173,0.607
20250714,5761.4634,5747.4407,5777.7851,5747.0793,510179.0,18671.0,225484.0,1.0,0.0,5999.0,0.0,1.0,-2.0,10242.0,-39596.0,5738.15868,5726.12063,5709.688345,12.03805000000011,28.47033499999998,5721.952314841269,5703.207050746032,225001.6,,,0.6632959210587532,0.7198443345143526,1.383140255573106,1.0,5999.0,-1.0,-29354.0,0.036596959106509674,0.8149913868666928,0.0747,0.0,0.0822,0.0187,0.634
20250715,5748.5347,5755.0531,5758.4832,5727.2049,493783.0,-16396.0,184757.0,2.0,0.0,11097.0,0.0,1.0,-2.0,9823.0,-40476.0,5748.06894,5728.44784,5713.941545,19.6211000000003,34.12739500000043,5726.044431904761,5706.760870579365,220036.6,,,0.6287968856602353,0.7198443345143526,1.348641220174588,2.0,11097.0,-1.0,-30653.0,-0.033204869345441215,0.7860114966038948,0.075,0.007874015748031359,0.0548,0.02,0.608
20250716,5751.7072,5759.526,5770.1113,5733.3481,492043.0,-1740.0,186053.0,2.0,0.0,10636.0,0.0,1.0,-2.0,9468.0,-41546.0,5753.35694,5732.40274,5719.056875,20.95419999999922,34.30006499999945,5730.079212063492,5710.57232763492,203284.0,,,0.6296220805699013,0.7091198030282755,1.338741883598177,2.0,10636.0,-1.0,-32078.0,-0.003536276301054989,0.8242037280499835,0.0754,0.01837270341207329,0.0548,0.0213,0.641
20250717,5772.3463,5747.0409,5776.0568,5731.1317,503586.0,11543.0,216143.0,2.0,0.0,10278.0,0.0,1.0,-2.0,9968.0,-35347.0,5757.586499999999,5738.66766,5726.190365,18.91883999999936,31.39613499999905,5734.173573809524,5714.561858865079,205985.0,,,0.640290822300219,0.7198443345143526,1.360135156814572,2.0,10278.0,-1.0,-25379.0,0.022921606240046386,0.8464157436664199,0.0764,0.044619422572178304,0.0548,0.0227,0.652
20250718,5771.6384,5782.8557,5787.4079,5756.6254,512523.0,8937.0,202467.0,2.0,0.0,10843.0,0.0,1.0,-2.0,9340.0,-35606.0,5761.138,5744.147719999999,5730.388835,16.99028000000089,30.74916500000018,5739.097269920634,5718.659539761905,199902.8,,0.08946999999999998,0.6436437502847921,0.7091198030282755,1.352763553313068,2.0,10843.0,-1.0,-26266.0,0.017437266230003336,0.8181860120841332,0.0778,0.08136482939632525,0.0137,0.024,0.635
20250721,5785.8045,5784.4593,5798.1879,5771.0318,521210.0,8687.0,240192.0,2.0,0.0,11481.0,0.0,1.0,-2.0,10543.0,-34290.0,5766.00622,5752.08245,5735.389445,13.92377000000033,30.61677500000042,5744.679105317461,5723.07690354762,205275.0,,0.099245,0.6267589004594492,0.7031644083807809,1.32992330884023,2.0,11481.0,-1.0,-23747.0,0.01666698643540991,0.8058814431029319,0.0863,0.30446194225721784,0.0411,0.0253,0.623
20250722,5768.5155,5773.3041,5773.3041,5757.852,521198.0,-12.0,211493.0,2.0,0.0,11458.0,0.0,1.0,-2.0,10450.0,-32852.0,5770.00238,5759.03566,5740.249745,10.96672000000035,29.75263499999983,5747.921415952382,5727.649563571429,208791.4,,0.10373,0.5793300042837212,0.7031644083807809,1.282494412664502,2.0,11458.0,-1.0,-22402.0,-2.3023879600458943e-05,0.7795458935013185,0.0902,0.40682414698162733,0.0137,0.0267,0.594
20250723,5775.5776,5756.8631,5785.4189,5751.8443,520734.0,-464.0,238971.0,2.0,0.0,11145.0,0.0,1.0,-2.0,10756.0,-35677.0,5774.77646,5764.0667,5743.501955000001,10.70975999999973,31.27450499999941,5750.903173412698,5732.204006007936,214300.8,,0.108905,0.5907404135844838,0.6841684924429655,1.274908906027449,2.0,11145.0,-1.0,-24921.0,-0.0008910499410447561,0.8059358127803966,0.0947,0.5249343832021,0.0411,0.028,0.623
20250724,5800.8386,5776.2978,5820.2561,5762.954,537529.0,16795.0,331857.0,2.0,0.0,10980.0,0.0,1.0,-2.0,11486.0,-37754.0,5780.474920000001,5769.030710000001,5746.548775,11.44420999999966,33.92614500000036,5756.055817539681,5736.725805103174,226512.0,398228.4,0.11845,0.6097599647175621,0.6841684924429655,1.293928457160528,2.0,10980.0,-1.0,-26268.0,0.031244825860558222,0.8927414901780805,0.103,0.742782152230971,0.0548,0.0293,0.68
20250725,5817.6101,5807.3304,5821.736,5802.8606,551270.0,13741.0,268734.0,2.0,0.0,11112.0,0.0,1.0,-2.0,13658.0,-38282.0,5789.669260000001,5775.40363,5750.472674999999,14.26563000000078,39.19658500000151,5762.600211746032,5741.350652650794,230615.1,,0.119255,0.5821662153429499,0.6841684924429655,1.266334707785915,2.0,11112.0,-1.0,-24624.0,0.024926079779418433,0.8395441704181651,0.1037,0.7611548556430446,0.0548,0.0307,0.644
20250728,5791.7835,5813.2341,5829.4392,5783.0957,539913.0,-11357.0,296486.0,2.0,0.0,11228.0,0.0,1.0,-2.0,13668.0,-37631.0,5790.865059999999,5778.43564,5752.278135,12.42941999999948,38.58692499999961,5767.732796190475,5745.928700785714,237715.3,355783.2,,0.5946460712450932,0.6841684924429655,1.278814563688059,2.0,11228.0,-1.0,-23963.0,-0.021034870432828992,0.7313838453461825,0.0964,0.5695538057742782,0.0411,0.032,0.572
20250729,5810.5494,5788.2163,5811.9209,5788.2163,551145.0,11232.0,252980.0,2.0,0.0,11372.0,0.0,1.0,-2.0,14938.0,-26084.0,5799.271839999999,5784.637110000001,5756.542475,14.63472999999885,42.72936499999923,5772.724719126983,5750.596729507936,244537.6,,,0.5846934579898182,0.6607253066542677,1.245418764644086,2.0,11372.0,-1.0,-11146.0,0.020379391993032688,0.7076578616750813,0.0949,0.696551724137931,0.0822,0.0333,0.56
20250730,5739.6556,5803.8738,5817.1526,5737.6059,537770.0,-13375.0,350229.0,2.0,0.0,10321.0,0.0,1.0,-2.0,11901.0,-33254.0,5792.08744,5783.43195,5757.917345,8.6554900000001,34.1700950000004,5773.347986190479,5754.923606920635,260955.2,420274.8,,0.6418714969509237,0.6841684924429655,1.326039989393889,2.0,10321.0,-1.0,-21353.0,-0.024871227476430443,0.658204195467271,0.0835,0.3034482758620691,0.1233,0.04,0.544
20250731,5724.3608,5737.2399,5757.6285,5716.0292,523580.0,-14190.0,235921.0,2.0,0.0,9732.0,0.0,1.0,-2.0,7081.0,-33922.0,5776.79188,5778.633400000001,5758.65053,-1.841520000000855,18.14134999999987,5770.719820634919,5758.578231603175,262933.0,,,0.6625950817042383,0.6841684924429655,1.346763574147204,2.0,9732.0,-1.0,-26841.0,-0.027101875549104242,0.6414464415729494,0.0771,0.08275862068965516,0.137,0.056,0.541
20250801,5673.5243,5715.8947,5726.2496,5671.9703,506366.0,-17214.0,289640.0,1.0,0.0,5277.0,0.0,1.0,-2.0,6427.0,-31873.0,5747.97472,5768.82199,5756.484855000001,-20.84727000000021,-8.510135000000446,5764.227411587302,5761.091245769841,271650.3,,,0.6925163601972608,0.6841684924429655,1.376684852640226,1.0,5277.0,-1.0,-25446.0,-0.03399517345161405,0.5705809725351474,0.0803,0.19310344827586187,0.1507,0.0587,0.509
20250804,5670.1608,5671.3267,5679.1897,5661.7621,496607.0,-9759.0,245415.0,1.0,0.0,5033.0,0.0,1.0,-2.0,6211.0,-36762.0,5723.650180000001,5757.257619999999,5754.670035,-33.60743999999886,-31.01985499999955,5755.942032539682,5762.217538492064,272172.6,,,0.6723212883362829,0.6607253066542677,1.333046594990551,1.0,5033.0,-1.0,-30551.0,-0.019651354088846915,0.5189819394530502,0.0766,0.06551724137931031,0.1507,0.0613,0.494
20250805,5659.1225,5678.884,5679.9814,5652.8639,503462.0,6855.0,246655.0,1.0,0.0,5230.0,0.0,1.0,-2.0,6518.0,-35444.0,5693.3648,5746.31832,5752.67699,-52.95352000000003,-59.31218999999965,5747.223567936509,5762.147753690476,275688.8,,,0.6611208579726355,0.6513497420150309,1.312470599987666,1.0,5230.0,-1.0,-28926.0,0.013615724722024701,0.4388199099311161,0.0753,0.020689655172413907,0.137,0.068,0.468
20250806,5646.2456,5644.2403,5658.0868,5637.2428,504545.0,1083.0,214816.0,2.0,0.0,12489.0,0.0,1.0,-2.0,5706.0,-38473.0,5674.6828,5733.38512,5748.72591,-58.70231999999942,-74.04310999999961,5736.98965904762,5760.756402253968,273273.3,,0.09452999999999999,0.6335064922768233,0.6459136921802071,1.279420184457031,2.0,12489.0,-1.0,-32767.0,0.002146488420259838,0.4221204995775855,0.0822,0.2586206896551722,0.1507,0.072,0.459
20250807,5610.979,5641.66,5655.6136,5608.7395,512672.0,8127.0,250163.0,2.0,0.0,13312.0,0.0,1.0,-2.0,3339.0,-41016.0,5652.00644,5714.39916,5741.714935,-62.39271999999983,-89.70849499999986,5725.049504285714,5757.655770928572,265103.9,,0.102925,0.6548200341577498,0.6459136921802071,1.300733726337957,2.0,13312.0,-1.0,-37677.0,0.015852240808938267,0.4443832564235612,0.0895,0.5103448275862067,0.137,0.0747,0.468
20250808,5600.5732,5625.8082,5627.3827,5586.8271,504589.0,-8083.0,315803.0,2.0,0.0,13486.0,0.0,1.0,-2.0,3543.0,-43804.0,5637.416220000001,5692.695470000001,5734.04955,-55.27924999999959,-96.63332999999875,5712.03295468254,5752.599045222222,269810.8,,,0.6730651627957236,0.6459136921802071,1.318978854975931,2.0,13486.0,-1.0,-40261.0,-0.01601897782155378,0.5433976891128834,0.0857,0.3793103448275861,0.0959,0.0347,0.498
20250811,5598.3025,5610.3508,5613.5554,5585.867,503677.0,-912.0,176444.0,2.0,0.0,11452.0,0.0,1.0,-2.0,4060.0,-43023.0,5623.04456,5673.34737,5725.891505000001,-50.30281000000014,-102.8469450000002,5699.222323015873,5745.747997904762,257806.6,,,0.674168206225222,0.6459136921802071,1.320081898405429,2.0,11452.0,-1.0,-38963.0,-0.0018106842281859208,0.5220092867573536,0.0828,0.2793103448275861,0.0822,0.036,0.493
20250812,5627.1515,5606.319,5630.9919,5596.0779,481027.0,-22650.0,236419.0,2.0,0.0,9217.0,0.0,1.0,-2.0,3204.0,-39973.0,5616.65036,5655.00758,5719.822345,-38.35721999999987,-103.1719849999999,5688.742616349207,5737.349787626985,256150.5,,,0.6771016604367095,0.6459136921802071,1.323015352616917,2.0,9217.0,-1.0,-36769.0,-0.04708675396599359,0.5086353693207731,0.0852,0.36206896551724127,0.0959,0.0373,0.487
20250813,5666.3508,5636.7331,5677.134,5636.3208,465850.0,-15177.0,320889.0,1.0,0.0,8833.0,0.0,1.0,-2.0,7065.0,-34782.0,5620.6714,5647.6771,5715.554525,-27.00569999999971,-94.88312499999938,5682.659857380952,5728.280974746032,253216.5,385066.8,0.10327,0.6690538540069261,0.6589400437684253,1.327993897775351,1.0,8833.0,-1.0,-27717.0,-0.03257915638080927,0.4295886435292791,0.0898,0.520689655172414,0.0959,0.0387,0.457
20250814,5666.0695,5670.1724,5678.0072,5655.8963,463663.0,-2187.0,236704.0,1.0,0.0,8480.0,0.0,1.0,-2.0,8696.0,-35000.0,5631.6895,5641.84797,5710.240685,-10.1584699999994,-78.55118499999935,5677.873744206348,5718.996367103175,253294.8,,,0.6718561349613015,0.6589400437684253,1.330796178729727,1.0,8480.0,-1.0,-26304.0,-0.004716787839443734,0.3939335100186484,0.0845,0.33793103448275874,0.0548,0.0347,0.447
20250815,5669.9259,5650.5089,5671.7637,5643.9536,446594.0,-17069.0,234919.0,1.0,0.0,8110.0,0.0,1.0,-2.0,8552.0,-35816.0,5645.56004,5641.48813,5705.155059999999,4.071910000000571,-59.59501999999884,5673.136834285714,5709.887309373016,247822.7,,,0.6495350298842268,0.6589400437684253,1.308475073652652,1.0,8110.0,-1.0,-27264.0,-0.03822039704966927,0.4348632803186512,0.0855,0.37241379310344846,0.0411,0.0413,0.459
20250818,5675.8379,5661.4664,5677.6186,5642.7544,447557.0,963.0,227480.0,2.0,0.0,14504.0,0.0,1.0,-2.0,9301.0,-35391.0,5661.06712,5642.05584,5699.65673,19.01127999999972,-38.58960999999999,5669.591917063491,5701.252297825396,246029.2,,,0.6647248098907197,0.6589400437684253,1.323664853659145,2.0,14504.0,-1.0,-26090.0,0.0021516812383674034,0.4037861122793041,0.0831,0.2896551724137928,0.0411,0.0427,0.449
20250819,5664.1148,5678.3485,5689.0118,5662.0402,454211.0,6654.0,215862.0,2.0,0.0,14155.0,0.0,1.0,-2.0,10060.0,-36450.0,5668.45978,5642.55507,5694.436695,25.9047099999998,-25.97691500000019,5666.57657373016,5693.187598404762,242949.9,,,0.5989368468833807,0.6589400437684253,1.257876890651806,2.0,14155.0,-1.0,-26390.0,0.014649579160346182,0.369743103009464,0.0827,0.275862068965517,0.0411,0.044,0.438
20250820,5677.3589,5669.6917,5679.2673,5647.2323,455875.0,1664.0,190539.0,2.0,0.0,14156.0,0.0,1.0,-2.0,10991.0,-33224.0,5670.6614,5645.6664,5689.52576,24.99499999999989,-18.86435999999958,5664.117063571429,5685.900338857143,240522.2,,,0.5872021851791014,0.6546941691908297,1.241896354369931,2.0,14156.0,-1.0,-22233.0,0.0036501233890869206,0.3654082128236776,0.0821,0.25517241379310357,0.0548,0.0453,0.436
20250821,5687.3716,5687.2096,5703.8124,5684.2697,469537.0,13662.0,191292.0,2.0,0.0,14506.0,0.0,1.0,-2.0,11305.0,-33891.0,5674.92182,5653.30566,5683.85241,21.61616000000049,-8.930589999999029,5663.97827111111,5679.793215539683,234635.1,,,0.5519301107882106,0.6407353801996428,1.192665490987853,2.0,14506.0,-1.0,-22586.0,0.02909674849905332,0.329874379412673,0.0817,0.24137931034482735,0.1233,0.088,0.43
20250822,5668.3746,5678.521,5685.3986,5662.6349,469705.0,168.0,169662.0,2.0,0.0,14748.0,0.0,1.0,-2.0,10511.0,-32376.0,5674.61156,5660.0858,5676.390635000001,14.52576000000045,-1.779075000000375,5662.806140238097,5674.870534095238,220021.0,,,0.5611808237542486,0.6407353801996428,1.201916203953891,2.0,14748.0,-1.0,-21865.0,0.0003576713043293131,0.3680932499636996,0.0826,0.27241379310344843,0.2466,0.1293,0.437
20250825,5684.7661,5670.8263,5690.9424,5670.8263,472902.0,3197.0,167765.0,2.0,0.0,15064.0,0.0,1.0,-2.0,9993.0,-30050.0,5676.397200000001,5668.73216,5671.039765,7.665040000001682,5.357435000001715,5662.942332857143,5671.242535079366,219153.1,,,0.5552503157561861,0.6407353801996428,1.195985695955829,2.0,15064.0,-1.0,-20057.0,0.006760385872760107,0.2912431637816694,0.0821,0.25517241379310357,0.4795,0.5333,0.419
20250826,5629.5942,5682.2153,5683.9715,5619.51,469011.0,-3891.0,257223.0,2.0,0.0,14304.0,0.0,1.0,-2.0,5396.0,-32856.0,5669.49308,5668.97643,5661.992005,0.5166500000004817,7.501075000000128,5660.562456428573,5668.424519087302,221233.5,,0.099935,0.6101860305293261,0.6523464402619958,1.262532470791322,2.0,14304.0,-1.0,-27460.0,-0.008296180686593704,0.3002753061150027,0.0869,0.4206896551724139,0.5205,0.636,0.42
20250827,5615.9253,5630.8351,5633.9986,5608.6956,464583.0,-4428.0,192708.0,2.0,0.0,13426.0,0.0,1.0,-2.0,4111.0,-29319.0,5657.20636,5663.93388,5655.805490000001,-6.727519999999458,1.400869999999486,5656.255572063493,5665.784090555555,208415.4,,,0.5828881498499217,0.6336008450107689,1.216488994860691,2.0,13426.0,-1.0,-25208.0,-0.009531127914710611,0.1742915344653625,0.085,0.3551724137931036,0.5068,0.636,0.385
20250828,5597.3518,5618.5627,5623.305,5582.4164,460289.0,-4294.0,191043.0,2.0,0.0,13673.0,0.0,1.0,-2.0,3742.0,-28150.0,5639.2024,5657.062110000001,5649.45504,-17.85971000000063,-10.2526399999997,5651.045066111113,5663.101222746032,203849.3,,,0.5833327142980155,0.6653134896205078,1.248646203918523,2.0,13673.0,-1.0,-24408.0,-0.009328921612291409,0.200021611892871,0.0843,0.33103448275862063,0.5068,0.636,0.397
20250829,5599.345,5605.3619,5610.5058,5579.2389,457602.0,-2687.0,196180.0,2.0,0.0,14047.0,0.0,1.0,-2.0,5310.0,-29197.0,5625.39648,5650.00402,5645.746075,-24.60753999999997,-20.34959499999968,5645.922372222221,5660.379776539683,199975.4,,,0.5878473605998398,0.6336008450107689,1.221448205610609,2.0,14047.0,-1.0,-23887.0,-0.005871914895476856,0.1037141332822717,0.0856,0.37586206896551705,0.4658,0.636,0.37
20250901,5604.7057,5595.0647,5607.3137,5584.7648,460823.0,3221.0,173204.0,2.0,0.0,14900.0,0.0,1.0,-2.0,5410.0,-28438.0,5609.3844,5642.8908,5642.47332,-33.50640000000021,-33.08892000000014,5641.405252380951,5657.561110071429,194547.8,,,0.5723833198515456,0.6336008450107689,1.205984164862314,2.0,14900.0,-1.0,-23028.0,0.006989668484428946,0.1996701169655807,0.0833,0.29655172413793096,0.4932,0.636,0.395
20250902,5595.0745,5607.5115,5618.8467,5563.5188,460268.0,-555.0,270043.0,2.0,0.0,11783.0,0.0,1.0,-2.0,5039.0,-24648.0,5602.48046,5635.98677,5639.270920000001,-33.50630999999976,-36.79046000000108,5636.930746111112,5654.596527309524,199965.9,324051.6,,0.579662771064862,0.6653134896205078,1.24497626068537,2.0,11783.0,-1.0,-19609.0,-0.001205819218368429,0.18937339947302,0.0848,0.3482758620689655,0.4795,0.7453,0.394
20250903,5562.2078,5577.8243,5581.8761,5554.9634,463553.0,3285.0,234983.0,2.0,0.0,14213.0,0.0,1.0,-2.0,2814.0,-29151.0,5591.73696,5624.47166,5635.06903,-32.73469999999998,-43.33206999999948,5629.987327777777,5651.183553730159,204410.3,,0.100165,0.6032302195341195,0.6653134896205078,1.268543709154627,2.0,14213.0,-1.0,-26337.0,0.0070865683104197365,0.208309285097505,0.0871,0.4275862068965516,0.4521,0.7307,0.401
20250904,5534.8502,5567.0127,5567.0127,5532.9582,470821.0,7268.0,227265.0,2.0,0.0,10119.0,0.0,1.0,-2.0,2290.0,-33843.0,5579.23664,5609.219520000001,5631.26259,-29.98288000000048,-52.02595000000019,5621.306805396825,5646.916407158731,208007.6,,,0.6121889721966448,0.6653134896205078,1.277502461817153,2.0,10119.0,-1.0,-31553.0,0.015436864540876468,0.1875546308999277,0.0867,0.4137931034482758,0.3151,0.2013,0.388
20250905,5521.5626,5529.0063,5538.6525,5510.2628,479767.0,8946.0,235833.0,2.0,0.0,11134.0,0.0,1.0,-2.0,2171.0,-41940.0,5563.68016,5594.53832,5627.31206,-30.85815999999977,-63.63190000000031,5610.936527777779,5641.729445912699,214624.7,,,0.6051571047245761,0.6336008450107689,1.238757949735345,2.0,11134.0,-1.0,-39769.0,0.018646551346799593,0.1192225055721288,0.0841,0.3241379310344825,0.3014,0.1893,0.368
20250908,5525.9151,5516.0695,5536.4015,5501.2659,489043.0,9276.0,247224.0,2.0,0.0,16349.0,0.0,1.0,-2.0,1854.0,-38150.0,5547.922039999999,5578.65322,5623.69269,-30.73118000000068,-75.77065000000039,5600.716663095238,5635.506878936508,222570.6,,,0.6166218441703355,0.6322660136408755,1.248887857811211,2.0,16349.0,-1.0,-36296.0,0.01896765724077433,0.1301086606547022,0.0847,0.3448275862068964,0.3014,0.1907,0.37
20250909,5517.4717,5532.1178,5537.0339,5508.7033,498285.0,9242.0,182261.0,2.0,0.0,16822.0,0.0,1.0,-2.0,1214.0,-34876.0,5532.40148,5567.44097,5618.208700000001,-35.0394899999992,-85.8072200000006,5590.871355238093,5628.53776881746,215074.4,,,0.6131519132413749,0.6285473001048436,1.241699213346219,2.0,16822.0,-1.0,-33662.0,0.018547618330874902,0.1341530436864844,0.0822,0.2586206896551722,0.274,0.208,0.372
20250910,5533.9118,5520.3554,5546.5522,5516.8766,500226.0,1941.0,232177.0,2.0,0.0,16933.0,0.0,1.0,-2.0,2384.0,-31644.0,5526.74228,5559.23962,5611.58675,-32.49733999999989,-84.84447,5582.60950015873,5621.173161626984,219021.3,,,0.618476104896314,0.6271548128997598,1.245630917796074,2.0,16933.0,-1.0,-29260.0,0.003880246128749805,0.0831010733204247,0.0851,0.3586206896551722,0.2603,0.208,0.361
20250911,5554.6959,5543.1646,5556.4882,5527.2923,501137.0,911.0,183660.0,2.0,0.0,17706.0,0.0,1.0,-2.0,4193.0,-26344.0,5530.71142,5554.974029999999,5606.01807,-24.26260999999977,-75.30665000000045,5576.547610476192,5613.723416063492,218283.0,,,0.6250878479490727,0.6271548128997598,1.252242660848832,2.0,17706.0,-1.0,-22151.0,0.001817866172324135,0.0282020935361256,0.0837,0.31034482758620674,0.3014,0.1987,0.352
20250912,5538.0211,5544.6069,5553.5217,5533.5802,492887.0,-8250.0,163819.0,2.0,0.0,18249.0,0.0,1.0,-2.0,3933.0,-28830.0,5534.003119999999,5548.841640000001,5599.42283,-14.83852000000115,-65.41971000000103,5570.221501190477,5606.153328960318,215046.9,,,0.6244015775840079,0.6230025377313504,1.247404115315358,2.0,18249.0,-1.0,-24897.0,-0.016738116444540027,0.0939902819498338,0.0847,0.3448275862068964,0.3014,0.1907,0.361
20250915,5547.055,5532.9874,5562.2113,5530.0695,486611.0,-6276.0,174559.0,2.0,0.0,17872.0,0.0,1.0,-2.0,3214.0,-28455.0,5538.2311,5543.076569999999,5592.983685,-4.845469999999295,-54.75258500000018,5564.86685293651,5598.499489015873,215182.4,,0.09889999999999999,0.5825265329073209,0.6230025377313504,1.205529070638671,2.0,17872.0,-1.0,-25241.0,-0.01289736565757864,0.0612224407591136,0.086,0.3896551724137928,0.274,0.1907,0.357
20250916,5544.8526,5552.4035,5569.7317,5537.0718,492121.0,5510.0,215775.0,2.0,0.0,14526.0,0.0,1.0,-2.0,1549.0,-27597.0,5543.70728,5538.05438,5587.020575,5.652900000000045,-43.31329500000083,5560.523683412698,5590.858782746031,209755.6,,0.10212,0.5925178095790475,0.6173468689829207,1.209864678561968,2.0,14526.0,-1.0,-26048.0,0.011196433397477449,0.0612601911332651,0.0888,0.4862068965517242,0.3014,0.1027,0.357
20250917,5527.9702,5545.348,5549.334,5520.8166,499342.0,7221.0,191664.0,2.0,0.0,14195.0,0.0,1.0,-2.0,124.0,-27204.0,5542.518959999999,5534.63062,5579.55114,7.888339999999516,-37.03218000000106,5555.174469444444,5583.377496912699,205423.7,,,0.5771266565514187,0.614663507627954,1.191790164179373,2.0,14195.0,-1.0,-27080.0,0.014461030716422813,0.0614086513410001,0.0878,0.45172413793103455,0.3151,0.1053,0.357
20250918,5474.165,5525.2949,5535.1637,5461.8207,554215.0,54873.0,383508.0,2.0,0.0,15535.0,0.0,0.0,-3.0,0.0,-31193.0,5526.412780000001,5528.5621,5568.890809999999,-2.149319999999534,-42.4780299999984,5546.693226031746,5575.91613897619,221048.0,460209.6,0.103385,0.6322918931139011,0.614663507627954,1.246955400741855,2.0,15535.0,-3.0,-31193.0,0.09901031188257264,0.0690591120457513,0.0899,0.5241379310344825,0.3151,0.1053,0.357
20250919,5462.6893,5468.913,5475.2659,5449.0045,576128.0,21913.0,274262.0,2.0,0.0,14396.0,0.0,0.0,-3.0,0.0,-29163.0,5511.34642,5522.67477,5558.606545000001,-11.32834999999977,-47.2601250000007,5536.264651111111,5568.448951309524,224890.9,329114.4,,0.6382454466027413,0.6032736987943651,1.241519145397106,2.0,14396.0,-3.0,-29163.0,0.03803495056654077,0.0871023548460464,0.0889,0.4896551724137933,0.3014,0.1027,0.36
20250922,5454.3698,5473.5969,5479.2869,5445.7736,583993.0,7865.0,224244.0,2.0,0.0,9937.0,0.0,0.0,-3.0,0.0,-26349.0,5492.809380000001,5515.52024,5547.086730000001,-22.71085999999923,-54.2773500000003,5526.859337380953,5561.063218738096,222592.9,,,0.6111864174608371,0.6143259805343348,1.225512397995172,2.0,9937.0,-3.0,-26349.0,0.01346762718046278,0.1525592117933991,0.0872,0.4310344827586206,0.3014,0.0987,0.376
20250923,5446.0037,5453.8557,5459.58,5427.3479,607133.0,23140.0,276823.0,2.0,0.0,8225.0,0.0,1.0,-3.0,0.0,-23504.0,5473.039600000001,5508.37344,5537.907205,-35.33383999999933,-64.86760499999946,5516.929274365081,5553.669010650794,232049.1,,,0.6018984567356036,0.6032736987943651,1.205172155529969,2.0,8225.0,-2.0,-23504.0,0.03811355996132643,0.2689707529511325,0.0859,0.38620689655172424,0.2877,0.1947,0.412
20250924,5496.8236,5445.9806,5507.3759,5445.9806,563988.0,-43145.0,346638.0,2.0,0.0,10385.0,0.0,1.0,-3.0,0.0,-21898.0,5466.81028,5504.66462,5531.95212,-37.85434000000078,-65.14184000000023,5511.306338253969,5546.538694460318,243495.2,415965.6,,0.6376357050183843,0.6032736987943651,1.240909403812749,2.0,10385.0,-2.0,-21898.0,-0.0764998546068356,0.2314048222194502,0.0877,0.44827586206896547,0.274,0.192,0.406
20250925,5483.5094,5493.0772,5516.647,5480.5259,552214.0,-11774.0,262546.0,2.0,0.0,11292.0,0.0,1.0,-3.0,0.0,-21643.0,5468.679160000001,5497.54597,5526.26,-28.86680999999953,-57.58083999999963,5507.125740238096,5539.596507436509,251383.8,,,0.6479771705392401,0.6143259805343348,1.262303151073575,2.0,11292.0,-2.0,-21643.0,-0.02132144422271076,0.1633541744954321,0.0872,0.4310344827586206,0.2603,0.192,0.375
20250926,5475.3231,5485.2771,5505.7076,5474.2949,546848.0,-5366.0,197608.0,2.0,0.0,15711.0,0.0,2.0,-2.0,0.0,-23486.0,5471.205919999999,5491.27617,5520.058905,-20.07025000000067,-48.85298500000044,5502.735161587302,5532.847873476191,254762.7,,,0.6435712353727281,0.6032736987943651,1.246844934167093,2.0,15711.0,0.0,-23486.0,-0.00981259874773246,0.2002261563999345,0.085,0.3551724137931036,0.2603,0.192,0.394
20250929,5474.9313,5482.4968,5501.0516,5469.2275,527571.0,-19277.0,182246.0,2.0,0.0,15579.0,0.0,1.0,-2.0,454.0,-20705.0,5475.318219999999,5484.0638,5513.570185,-8.7455800000007,-38.25196500000038,5498.736571666667,5526.234845349207,255531.4,,,0.6484628940795274,0.5934899445653622,1.241952838644889,2.0,15579.0,-1.0,-20251.0,-0.036539157762651854,0.2769415766226757,0.0859,0.38620689655172424,0.4521,0.4987,0.415
20250930,5488.8086,5473.3379,5498.7286,5461.7462,486457.0,-41114.0,201763.0,2.0,0.0,15308.0,0.0,2.0,-2.0,1066.0,-18837.0,5483.879199999999,5478.4594,5508.25689,5.419799999999668,-24.37769000000026,5495.762140079366,5519.758691015873,254130.2,,0.112125,0.6583360325292434,0.5934899445653622,1.251825977094606,2.0,15308.0,0.0,-17771.0,-0.08451723379455944,0.258193619981601,0.0975,0.7862068965517243,0.3973,0.372,0.41
20251009,5522.9388,5494.0482,5536.5417,5476.6856,480370.0,-6087.0,239280.0,2.0,0.0,15626.0,0.0,1.0,-2.0,4209.0,-21225.0,5489.102239999999,5477.95626,5506.29344,11.14597999999933,-17.19120000000112,5495.962483253968,5513.837492396826,258891.8,,,0.698458578595033,0.6032736987943651,1.301732277389398,2.0,15626.0,-1.0,-17016.0,-0.012671482398984116,0.238580822395031,0.0867,0.4137931034482758,0.4247,0.4693,0.405
20251010,5492.0872,5516.7958,5532.2578,5486.8266,507847.0,27477.0,219085.0,2.0,0.0,10732.0,0.0,2.0,-2.0,3790.0,-21487.0,5490.8178,5479.74848,5504.155290000001,11.06931999999961,-13.3374900000008,5495.440148174603,5508.712184611112,242449.5,,,0.7304989477150164,0.6143259805343348,1.344824928249351,2.0,10732.0,0.0,-17697.0,0.05410487804397781,0.1671381507293136,0.0807,0.20689655172413765,0.4795,0.5267,0.371
20251013,5465.135,5489.2935,5497.8504,5448.4896,519918.0,12071.0,274624.0,2.0,0.0,11423.0,0.0,1.0,-2.0,1854.0,-16591.0,5488.78018,5479.99305,5501.333909999999,8.787129999999706,-12.55372999999963,5492.156191666666,5504.301338666666,242485.7,,,0.7536958176049862,0.6147678137969449,1.368463631401931,2.0,11423.0,-1.0,-14737.0,0.023217122700118095,0.2002760788727415,0.0819,0.24827586206896546,0.4521,0.5187,0.391
20251014,5392.7076,5427.5871,5427.5871,5379.1,561025.0,41107.0,409109.0,2.0,0.0,11021.0,0.0,1.0,-2.0,0.0,-23718.0,5472.335440000001,5473.82683,5494.673535,-1.491389999999228,-22.33809499999916,5482.560031507937,5499.871408079366,260972.2,490930.8,,0.8248197612530953,0.6173468689829207,1.442166630236016,2.0,11021.0,-1.0,-23718.0,0.07327124459694309,0.1658420046678279,0.0845,0.33101045296167275,0.4658,0.5187,0.369
20251015,5397.1031,5387.7504,5410.6961,5382.4438,575738.0,14713.0,221305.0,2.0,0.0,11154.0,0.0,0.0,-3.0,0.0,-24690.0,5453.99434,5468.93677,5488.655105,-14.94243000000006,-34.66076499999963,5472.859578253969,5495.464438468254,255420.4,,,0.8258838588997484,0.6173468689829207,1.443230727882669,2.0,11154.0,-3.0,-24690.0,0.025555026765646874,0.0701477818879094,0.0847,0.3309859154929575,0.4795,0.5187,0.345
20251016,5401.3463,5389.7268,5405.1159,5383.0132,583429.0,7691.0,191195.0,2.0,0.0,4885.0,0.0,1.0,-3.0,0.0,-25468.0,5429.675840000001,5459.38904,5482.026830000001,-29.71319999999923,-52.35098999999991,5463.919579285714,5490.725762571428,239876.1,,,0.759649194989149,0.6147678137969449,1.374417008786094,2.0,4885.0,-2.0,-25468.0,0.01318240951341123,0.0256693422950693,0.0835,0.2887323943661972,0.5205,0.4533,0.333
20251017,5404.8479,5413.1105,5419.5585,5396.5402,588855.0,5426.0,211751.0,2.0,0.0,10887.0,0.0,1.0,-3.0,0.0,-22869.0,5412.22798,5451.52289,5474.53443,-39.29491000000053,-62.30645000000004,5456.758806031746,5485.689069150794,234796.6,,,0.7559792245177487,0.6143259805343348,1.370305205052083,2.0,10887.0,-2.0,-22869.0,0.009214492532117414,-0.0227334077565372,0.0806,0.18661971830985916,0.5205,0.496,0.315
20251020,5420.2103,5410.2115,5442.0994,5406.2101,571941.0,-16914.0,237699.0,2.0,0.0,9739.0,0.0,1.0,-3.0,0.0,-20139.0,5403.243039999999,5446.01161,5468.64389,-42.76857000000018,-65.4008500000009,5451.295305952383,5480.545083587302,238805.7,,,0.7612127836854053,0.6147678137969449,1.37598059748235,2.0,9739.0,-2.0,-20139.0,-0.029572980429799577,-0.0415169356102432,0.0772,0.0669014084507042,0.5342,0.5213,0.302
20251021,5429.2034,5431.4522,5435.8662,5415.2142,567948.0,-3993.0,169329.0,2.0,0.0,4900.0,0.0,0.0,-3.0,0.0,-20129.0,5410.5422,5441.43882,5462.75131,-30.89662000000044,-52.20910999999978,5447.264892777779,5475.397915698413,237514.0,,,0.7462121711648051,0.6147678137969449,1.36097998496175,2.0,4900.0,-3.0,-20129.0,-0.0070305732214921085,-0.0490284351665526,0.0764,0.03873239436619683,0.3562,0.2307,0.297
20251022,5417.0115,5416.075,5424.0315,5384.994,569040.0,1092.0,283981.0,1.0,0.0,4253.0,0.0,1.0,-2.0,0.0,-19518.0,5414.52388,5434.25911,5456.359255,-19.73523000000023,-41.83537500000057,5442.396774920634,5470.06137918254,245735.8,,,0.7244586842064544,0.6173468689829207,1.341805553189375,1.0,4253.0,-1.0,-19518.0,0.0019190215099114298,-0.0229404561099444,0.0775,0.07746478873239415,0.3562,0.2493,0.314
20251023,5446.4788,5412.5863,5453.5481,5393.0909,571545.0,2505.0,325499.0,1.0,-1.0,13524.0,-3669.0,1.0,-2.0,3269.0,-16021.0,5423.550379999999,5426.61311,5452.284685000001,-3.062730000001466,-28.73430500000177,5440.153066507936,5464.480437507937,254357.7,390598.8,,0.7567359688013569,0.6266068691430191,1.383342837944376,0.0,9855.0,-1.0,-12752.0,0.004382856992887699,-0.0792867273466086,0.0771,0.06338028169014072,0.411,0.2667,0.276
20251024,5435.5477,5441.9147,5453.0423,5425.159,561431.0,-10114.0,194884.0,1.0,-1.0,14415.0,-4188.0,1.0,-2.0,2892.0,-23443.0,5429.69034,5420.95916,5450.35382,8.731179999999767,-20.66348000000016,5438.63261547619,5458.799684238095,251937.6,,,0.7524985690891174,0.6173468689829207,1.369845438072038,0.0,10227.0,-1.0,-20551.0,-0.018014680343621924,-0.0605170650242603,0.0748,0.0,0.3973,0.284,0.292
20251027,5434.2323,5415.1673,5439.6045,5404.8,560031.0,-1400.0,225118.0,1.0,-1.0,13626.0,-4378.0,1.0,-2.0,2989.0,-24124.0,5432.49474,5417.86889,5448.930969999999,14.62585000000036,-16.43622999999934,5436.298895079364,5453.213954579365,246987.0,,,0.7568147351503943,0.6266068691430191,1.383421604293413,0.0,9248.0,-1.0,-21135.0,-0.0024998616148034663,-0.1168257735390468,0.0748,0.0,0.411,0.2667,0.261
20251028,5466.9352,5412.4643,5476.1473,5412.4643,561790.0,1759.0,388660.0,2.0,0.0,13912.0,0.0,1.0,-2.0,5896.0,-26598.0,5440.0411,5425.29165,5449.55924,14.74945000000025,-9.518139999999221,5436.51974984127,5448.609926412699,244942.1,466392.0,,0.7921065105704913,0.6266068691430191,1.41871337971351,2.0,13912.0,-1.0,-20702.0,0.00313106320867228,-0.0803485765854418,0.0755,0.030837004405286007,0.4521,0.416,0.273
20251029,5477.8715,5464.3636,5482.9983,5458.0731,554317.0,-7473.0,241743.0,1.0,0.0,14097.0,0.0,1.0,-2.0,6523.0,-34636.0,5452.213099999999,5433.368489999999,5451.15263,18.8446100000001,1.060469999999441,5438.681693809523,5445.192137968254,246985.9,,,0.7466627766227536,0.6266068691430191,1.373269645765773,1.0,14097.0,-1.0,-28113.0,-0.013481455557018818,-0.0427653748407429,0.0737,0.0,0.6164,0.7773,0.3
20251030,5455.0003,5475.258,5483.0224,5448.8005,544814.0,-9503.0,222192.0,1.0,0.0,13853.0,0.0,1.0,-2.0,7733.0,-33521.0,5453.9174,5438.73389,5449.061465000001,15.18350999999984,4.85593499999959,5440.013811825396,5442.801561222223,250085.6,,,0.7322863116995129,0.6232132840395126,1.355499595739025,1.0,13853.0,-1.0,-25788.0,-0.017442650152162023,0.1279361348993779,0.0734,0.0,0.6438,0.8227,0.357
20251031,5464.368,5445.8551,5475.5888,5435.1346,538436.0,-6378.0,220549.0,1.0,0.0,13610.0,0.0,1.0,-2.0,7009.0,-36847.0,5459.68146,5444.685899999999,5448.104395,14.9955600000003,11.57706499999949,5441.036562460317,5441.229336865079,250965.4,,,0.7205810932115627,0.6232132840395126,1.343794377251075,1.0,13610.0,-1.0,-29838.0,-0.011845418954156112,-0.0732664516310648,0.0704,0.0,0.6712,0.7813,0.278
20251103,5480.7758,5460.7452,5485.341,5442.0675,546576.0,8140.0,234729.0,1.0,0.0,12672.0,0.0,1.0,-2.0,6705.0,-33567.0,5468.990159999999,5450.74245,5448.37703,18.24770999999964,20.61312999999973,5443.38527952381,5440.438334222223,250668.4,,,0.6635791603555071,0.6232132840395126,1.28679244439502,1.0,12672.0,-1.0,-26862.0,0.014892713913527122,-0.2433966255505947,0.0697,0.0,0.6986,0.7813,0.22
20251104,5467.0519,5475.8285,5485.8646,5459.9194,549975.0,3399.0,216525.0,1.0,0.0,12989.0,0.0,1.0,-2.0,6968.0,-35191.0,5469.0135,5454.5273,5447.98306,14.48620000000028,21.03043999999954,5445.659403174603,5440.277785261904,255388.0,,,0.6599423708236962,0.6232132840395126,1.283155654863209,1.0,12989.0,-1.0,-28223.0,0.006180280921860085,-0.07937424231951,0.0707,0.03597122302158276,0.6712,0.7747,0.271
20251105,5427.0613,5459.4055,5462.5935,5420.804,556338.0,6363.0,262552.0,1.0,0.0,12843.0,0.0,1.0,-2.0,4860.0,-29071.0,5458.851460000001,5455.53228,5444.895695,3.319180000000415,13.95576500000061,5444.729033730159,5440.511011142857,253245.1,,0.08625,0.6913952981599721,0.6307427715004268,1.322138069660399,1.0,12843.0,-1.0,-24211.0,0.011437291718343885,0.0249650709981239,0.075,0.19064748201438841,0.6712,0.788,0.331
20251106,5430.1309,5430.3662,5436.5901,5411.0406,570453.0,14115.0,226160.0,2.0,0.0,18158.0,0.0,1.0,-2.0,5983.0,-27172.0,5453.87758,5453.89749,5440.2553,-0.01990999999998166,13.6222800000005,5443.447310158731,5440.840435507936,243311.2,,0.086595,0.6944855754892123,0.6307427715004268,1.325228346989639,2.0,18158.0,-1.0,-21189.0,0.02474349332898591,0.0356539882723367,0.0753,0.20143884892086356,0.6849,0.7907,0.333
20251107,5438.8023,5435.514,5442.0595,5421.2645,569936.0,-517.0,186276.0,2.0,0.0,18520.0,0.0,1.0,-2.0,8075.0,-29333.0,5448.764440000001,5454.22295,5437.591055,-5.458509999999478,11.17338500000096,5443.214918333334,5441.298665793651,242450.4,,,0.6727397824418077,0.6232132840395126,1.29595306648132,2.0,18520.0,-1.0,-21258.0,-0.0009071193958619915,0.0056554979336679,0.0736,0.14028776978417265,0.6986,0.7907,0.321
20251110,5453.5874,5437.7514,5455.2459,5433.1699,574575.0,4639.0,197463.0,2.0,0.0,19056.0,0.0,1.0,-2.0,9976.0,-29867.0,5443.326760000001,5456.158460000001,5437.013675,-12.83169999999973,6.313085000000683,5444.530916904762,5442.121867976191,239684.9,,,0.6743912163859455,0.6173468689829207,1.291738085368866,2.0,19056.0,-1.0,-19891.0,0.008073793673584824,0.0235933303786965,0.0697,0.0,0.6575,0.704,0.329
20251111,5459.7543,5454.7009,5468.6496,5453.3997,579438.0,4863.0,171680.0,2.0,0.0,19222.0,0.0,1.0,-2.0,11627.0,-33803.0,5441.86724,5455.440369999999,5440.36601,-13.57312999999976,1.50122999999985,5446.568979603174,5443.12679095238,217986.9,,,0.6360775222561154,0.6173468689829207,1.253424391239036,2.0,19222.0,-1.0,-22176.0,0.008392614913070941,0.2419290832570219,0.0691,0.0,0.6301,0.6533,0.405
20251112,5457.9341,5461.1687,5464.4526,5447.3087,576477.0,-2961.0,136393.0,2.0,0.0,19411.0,0.0,1.0,-2.0,12186.0,-30227.0,5448.0418,5453.44663,5443.407560000001,-5.404830000000402,4.634239999999409,5448.447771984127,5444.103398769841,207451.9,,,0.5792514545006884,0.6147678137969449,1.194019268297633,2.0,19411.0,-1.0,-18041.0,-0.005136371442399263,0.1647760049456326,0.0708,0.0598591549295777,0.5616,0.5573,0.367
20251113,5487.169,5454.3741,5490.0173,5438.4681,587415.0,10938.0,277030.0,2.0,0.0,19358.0,0.0,1.0,-2.0,13009.0,-24236.0,5459.44942,5456.6635,5447.698695,2.78592000000026,11.75072499999987,5451.577263571428,5445.259743944444,212935.7,332436.0,,0.6098361097841796,0.6147678137969449,1.224603923581125,2.0,19358.0,-1.0,-11227.0,0.018620566379816655,-0.3123415350959295,0.0686,0.0,0.6301,0.624,0.202
20251114,5448.7463,5484.5013,5484.5013,5447.2736,581486.0,-5929.0,227630.0,2.0,0.0,19109.0,0.0,1.0,-2.0,13914.0,-28479.0,5461.43822,5455.10133,5449.893615,6.336889999999585,11.54460500000005,5453.071137936508,5446.463201492063,213643.8,,0.08176499999999999,0.6163824371548409,0.6201041372211924,1.236486574376033,2.0,19109.0,-1.0,-14565.0,-0.010196290194432883,-0.1536159909674944,0.0711,0.08650519031141873,0.6438,0.6533,0.23
20251117,5438.4408,5459.4602,5463.35,5433.1208,575463.0,-6023.0,247644.0,2.0,0.0,18364.0,0.0,1.0,-2.0,11058.0,-30004.0,5458.4089,5450.86783,5450.80514,7.541070000000218,7.603759999999966,5452.893546269842,5447.414028166667,214935.3,,,0.5728170413721771,0.6201041372211924,1.19292117859337,2.0,18364.0,-1.0,-18946.0,-0.010466354917692362,0.2389693645464764,0.0708,0.07612456747404868,0.6986,0.8707,0.404
20251118,5390.0787,5438.6354,5447.8671,5388.2212,594919.0,19456.0,369373.0,2.0,0.0,18219.0,0.0,1.0,-2.0,8701.0,-24124.0,5444.47378,5443.17051,5448.848905000001,1.303270000000339,-4.37512500000048,5449.098984047619,5447.757986253969,230220.1,443247.6,,0.618982309300915,0.6307427715004268,1.249725080801342,2.0,18219.0,-1.0,-15423.0,0.03270361175218811,0.162905272496131,0.0679,0.0,0.6986,0.9093,0.364
20251119,5366.5587,5389.0889,5400.226,5359.3203,631898.0,36979.0,370946.0,2.0,0.0,19838.0,0.0,1.0,-2.0,7526.0,-22931.0,5426.1987,5437.12025,5446.326265,-10.92155000000002,-20.12756499999978,5441.995437539682,5447.484626634921,241059.5,445135.2,0.09165499999999999,0.6284708203340529,0.6376869501753795,1.266157770509432,2.0,19838.0,-1.0,-15405.0,0.05852052071695115,0.122653725953993,0.0797,0.39864864864864835,0.726,0.9293,0.35
20251120,5351.1203,5376.7547,5382.2026,5349.4851,659425.0,27527.0,280412.0,2.0,0.0,19212.0,0.0,1.0,-2.0,6664.0,-21105.0,5398.988960000001,5429.21919,5441.55834,-30.23022999999921,-42.569379999999,5433.946357301588,5446.534531349206,246484.7,,0.100625,0.6192392452413096,0.6376869501753795,1.256926195416689,2.0,19212.0,-1.0,-14441.0,0.041743943587216135,0.119197300271344,0.0875,0.6621621621621618,0.726,0.9333,0.348
20251121,5336.448,5357.9554,5369.6346,5328.0048,685944.0,26519.0,285346.0,2.0,0.0,19161.0,0.0,1.0,-2.0,5354.0,-22174.0,5376.5293,5418.98376,5436.603355,-42.45445999999993,-60.07405500000004,5424.704996825397,5444.683539198412,256391.7,,0.103155,0.6182518362304729,0.6477695165639582,1.266021352794431,2.0,19161.0,-1.0,-16820.0,0.038660590368893084,0.1344307758163849,0.0897,0.7364864864864864,0.726,0.9253,0.357
20251124,5353.0979,5337.7966,5366.0139,5319.4289,693855.0,7911.0,278968.0,2.0,0.0,19950.0,0.0,1.0,-2.0,6740.0,-21429.0,5359.46072,5408.93481,5432.546635000001,-49.47408999999971,-73.08591500000057,5415.953331031745,5441.825780611111,264542.2,,,0.6463961187216128,0.6647446990174497,1.311140817739063,2.0,19950.0,-1.0,-14689.0,0.011401517608145794,0.1452652279790323,0.0821,0.4797297297297298,0.7123,0.932,0.359
20251125,5365.293,5360.979,5382.3095,5353.8345,682933.0,-10922.0,207464.0,2.0,0.0,19596.0,0.0,1.0,-2.0,8873.0,-21600.0,5354.50358,5399.48868,5427.464525,-44.98510000000078,-72.96094500000072,5409.49980936508,5438.118863587302,268120.6,,,0.6244409125183705,0.6647446990174497,1.28918561153582,2.0,19596.0,-1.0,-12727.0,-0.015992784065201125,0.1895506295369648,0.0761,0.277027027027027,0.7671,0.9373,0.384
20251126,5352.943,5367.5351,5379.6889,5351.3063,684400.0,1467.0,250160.0,2.0,0.0,19154.0,0.0,1.0,-2.0,9760.0,-27673.0,5351.78044,5388.98957,5421.2181,-37.20913000000019,-69.4376600000005,5403.044475317461,5433.578533920635,279497.3,,,0.6288201647964126,0.6477695165639582,1.276589681360371,2.0,19154.0,-1.0,-17913.0,0.0021434833430742256,0.2196488811938175,0.0762,0.28040540540540543,0.589,0.828,0.397
20251127,5372.6769,5357.7753,5384.2051,5350.901,681261.0,-3139.0,273813.0,2.0,0.0,18706.0,0.0,1.0,-2.0,11244.0,-24613.0,5356.09176,5377.540360000001,5417.10193,-21.44860000000062,-61.01016999999956,5397.782825476188,5428.199090111111,279175.6,,,0.6459089552290999,0.6477695165639582,1.293678471793058,2.0,18706.0,-1.0,-13369.0,-0.004607632023556317,,0.069,0.03716216216216229,0.6438,0.8547,
20251128,5370.4663,5378.0163,5387.206,5363.107,675579.0,-5682.0,232177.0,2.0,0.0,19918.0,0.0,1.0,-2.0,10158.0,-29390.0,5362.89542,5369.71236,5412.406845,-6.816939999999704,-49.51142499999969,5393.37741547619,5422.229717865079,279630.3,,,0.6492972569967588,0.6376869501753795,1.286984207172138,2.0,19918.0,-1.0,-19232.0,-0.008410563383408898,,0.0718,0.13175675675675677,0.6438,0.8547,
20251201,5374.7565,5374.9651,5377.1049,5356.1522,668302.0,-7277.0,211051.0,2.0,0.0,18522.0,0.0,1.0,-2.0,10478.0,-29604.0,5367.22714,5363.34393,5407.105880000001,3.883209999999963,-39.87874000000102,5389.414016349207,5415.881764873016,275971.0,,,0.657585374563962,0.6376869501753795,1.295272324739341,2.0,18522.0,-1.0,-19126.0,-0.010888789798623975,0.2335344370486597,0.0716,0.12499999999999982,0.6712,0.8093,0.3998
20251202,5353.4386,5360.3109,5370.2909,5334.5064,664367.0,-3935.0,284996.0,2.0,0.0,15639.0,0.0,1.0,-2.0,9374.0,-27090.0,5364.85626,5359.67992,5401.425215,5.176339999999982,-36.56895499999973,5384.307119047618,5409.402578373016,267533.3,,0.08854999999999999,0.6891577704261075,0.6477695165639582,1.336927286990066,2.0,15639.0,-1.0,-17716.0,-0.005922931151005393,0.2046279676941723,0.077,0.3074324324324323,0.6438,0.8093,0.3878
20251203,5334.5296,5348.1291,5351.6524,5330.8488,673238.0,8871.0,241459.0,2.0,0.0,20635.0,0.0,1.0,-2.0,8757.0,-29172.0,5361.173580000001,5356.477010000001,5396.79863,4.696570000000065,-35.62504999999965,5378.040693015872,5403.007103920634,254584.6,,,0.6520510090744361,0.6376869501753795,1.289737959249816,2.0,20635.0,-1.0,-20415.0,0.013176618075628529,0.1937661290499687,0.0768,0.3006756756756754,0.6986,0.8093,0.3798
20251204,5297.3322,5338.3222,5338.8192,5282.9766,706061.0,32823.0,432368.0,2.0,0.0,17562.0,0.0,2.0,-2.0,7419.0,-16070.0,5346.10464,5351.098199999999,5390.158695,-4.993559999999889,-44.05405500000052,5369.384115555556,5396.550879746031,269780.2,518841.6,0.103385,0.6746131371135136,0.6376869501753795,1.312300087288893,2.0,17562.0,0.0,-8651.0,0.04648748479239046,0.1877208977350989,0.0899,0.743243243243243,0.6986,0.8093,0.3727
20251205,5268.0663,5288.4984,5306.7948,5266.5498,724942.0,18881.0,322452.0,2.0,0.0,20459.0,0.0,1.0,-2.0,8193.0,-14750.0,5325.62464,5344.26003,5381.621895,-18.63539000000037,-55.99725500000022,5358.40408126984,5389.920788190476,273490.8,,0.10879,0.6895225308447547,0.6477695165639582,1.337292047408713,2.0,20459.0,-1.0,-6557.0,0.0260448422080663,0.2075434633422441,0.0946,0.9020270270270271,0.6986,0.8093,0.3898
20251208,5286.9232,5268.1857,5302.0475,5268.1857,717136.0,-7806.0,362056.0,2.0,0.0,19195.0,0.0,2.0,-1.0,13709.0,-12617.0,5308.05798,5337.64256,5373.288685,-29.58457999999973,-65.23070499999903,5348.725289047619,5383.197983992062,281799.6,434467.2,,0.6561550508957843,0.6491332640099213,1.305288314905706,2.0,19195.0,1.0,1092.0,-0.010884964637112068,0.2775771353748993,0.083,0.5101351351351352,0.6849,0.8093,0.4138
20251209,5287.5748,5284.554,5300.3483,5273.5429,706956.0,-10180.0,316048.0,2.0,0.0,15724.0,0.0,2.0,-1.0,9587.0,-12531.0,5294.88522,5329.87074,5364.679709999999,-34.98552000000018,-69.79448999999931,5340.239454444444,5376.2719485,292658.0,,,0.637974067338921,0.6491332640099213,1.287107331348842,2.0,15724.0,1.0,-2944.0,-0.01439976462467254,0.3150829780552429,0.0929,0.8445945945945944,0.8493,0.88,0.4228
20251210,5265.8519,5287.5478,5289.0367,5255.4241,714543.0,7587.0,306792.0,2.0,0.0,14786.0,0.0,2.0,-1.0,9315.0,-12667.0,5281.14968,5321.16163,5355.0756,-40.01194999999916,-73.92591999999968,5330.973824603174,5369.06488342857,298321.2,,0.114655,0.6399026412946869,0.6491332640099213,1.289035905304608,2.0,14786.0,1.0,-3352.0,0.010617975405259026,0.3348273804043864,0.0997,1.0,0.7671,0.776,0.4289
20251211,5279.8539,5271.6403,5291.5775,5258.5573,703192.0,-11351.0,463832.0,2.0,0.0,11727.0,0.0,2.0,-1.0,7433.0,-5152.0,5277.65402,5311.87933,5344.709845,-34.22530999999981,-67.05582500000037,5323.326463492062,5361.619247230158,317323.1,556598.4,,0.6288415593533174,0.6491332640099213,1.277974823363239,2.0,11727.0,1.0,2281.0,-0.016142106281072596,0.4045555547107275,0.0814,0.42452830188679247,0.7808,0.796,0.4479
20251212,5242.2413,5276.6104,5282.2677,5236.3951,688807.0,-14385.0,406209.0,1.0,-1.0,1267.0,0.0,2.0,-1.0,6328.0,-3309.0,5272.489019999999,5299.05683,5334.384595,-26.56781000000046,-61.89557500000137,5314.271293174603,5353.708635,334726.3,487450.8,,0.6288210258032538,0.6647446990174497,1.293565724820704,0.0,1267.0,1.0,3019.0,-0.02088393410636071,0.3351443176532591,0.0815,0.42767295597484284,0.7671,0.7813,0.4279
20251215,5227.0068,5253.7478,5267.3526,5225.6581,684092.0,-4715.0,309610.0,1.0,0.0,1888.0,0.0,2.0,-2.0,4082.0,-4263.0,5260.505740000001,5284.281860000001,5323.812895,-23.77612000000045,-63.30715499999951,5304.804833650793,5345.247716730159,344582.2,,,0.6467887486523288,0.6791751186078998,1.325963867260229,1.0,1888.0,0.0,-181.0,-0.006892347812867275,0.2648944751142713,0.0808,0.4056603773584905,0.7397,0.84,0.4038
20251216,5153.8678,5235.4688,5236.1744,5153.2821,711327.0,27235.0,484077.0,1.0,0.0,3132.0,0.0,1.0,-2.0,840.0,-7129.0,5233.76434,5264.324780000001,5312.00235,-30.56044000000111,-78.23801000000003,5290.777892777778,5335.894794103175,364490.3,580892.4,,0.7220739238534309,0.7052398766596459,1.427313800513077,1.0,3132.0,-1.0,-6289.0,0.03828759487549327,0.238092012581367,0.0866,0.5880503144654087,0.7397,0.8467,0.3948
20251217,5156.6658,5162.0717,5178.7684,5143.2904,706488.0,-4839.0,380984.0,1.0,0.0,2918.0,0.0,1.0,-2.0,2292.0,-4320.0,5211.927119999999,5246.538399999999,5301.507705,-34.61128000000008,-89.58058500000061,5275.663586587301,5325.657083460317,378442.8,,,0.7271263349800715,0.7056792686043706,1.432805603584442,1.0,2918.0,-1.0,-2028.0,-0.006849373237762,0.2497166785467815,0.085,0.537735849056604,0.6849,0.82,0.3998
20251218,5119.5143,5154.5294,5182.0856,5116.5901,734993.0,28505.0,412386.0,1.0,0.0,3836.0,0.0,1.0,-2.0,328.0,-4210.0,5179.8592,5228.75661,5289.927405,-48.89741000000049,-110.0682050000005,5259.412044206349,5314.659876325397,376444.6,,0.100625,0.7858128700229731,0.7354473326333025,1.521260202656276,1.0,3836.0,-1.0,-3882.0,0.038782682284048964,0.2853930641858604,0.0875,0.6163522012578615,0.6027,0.7107,0.4118
20251219,5101.7513,5106.8884,5119.4838,5087.5627,733791.0,-1202.0,412271.0,1.0,0.0,10114.0,0.0,2.0,-1.0,2571.0,-4029.0,5151.7612,5212.125109999999,5278.19257,-60.36390999999912,-126.4313700000002,5241.076419285715,5302.927110126983,385426.5,,0.104535,0.8037267077934938,0.7056792686043706,1.509405976397864,1.0,10114.0,1.0,-1458.0,-0.001638068605365833,0.329189485844351,0.0909,0.7232704402515722,0.4932,0.468,0.4238
20251222,5137.7313,5113.5953,5158.5055,5109.0187,714244.0,-19547.0,421051.0,1.0,-1.0,11818.0,-3371.0,2.0,-1.0,10396.0,-3783.0,5133.9061,5197.20592,5267.424239999999,-63.29982000000018,-133.5181399999992,5226.685100873015,5290.723091309524,391326.0,,,0.828655724718589,0.7354473326333025,1.564103057351891,0.0,8447.0,1.0,6613.0,-0.027367398256058155,0.3638598814728469,0.0902,0.7012578616352203,0.4932,0.4693,0.4319
20251223,5165.9426,5144.3338,5166.0216,5144.3338,705995.0,-8249.0,314541.0,1.0,-1.0,6583.0,-3188.0,2.0,-1.0,10153.0,-3017.0,5136.32106,5185.0427,5257.45672,-48.72163999999975,-121.1356599999999,5216.017018888889,5278.300847753968,391175.3,,,0.8383796243895233,0.7354473326333025,1.573826957022826,0.0,3395.0,1.0,7136.0,-0.01168421872676152,0.393006779818166,0.0878,0.6257861635220127,0.4521,0.308,0.4419
20251224,5273.1565,5169.8756,5273.2445,5168.4904,660514.0,-45481.0,644384.0,2.0,0.0,15242.0,0.0,2.0,-1.0,14392.0,-4532.0,5159.6192,5185.773160000001,5253.467395000001,-26.15396000000055,-93.84819500000049,5213.742935238096,5266.577758817461,424934.5,773260.7999999999,0.10764,0.9091822989180707,0.7449383228046771,1.654120621722748,2.0,15242.0,1.0,9860.0,-0.06885698107837229,0.4831014821849689,0.0936,0.808176100628931,0.4384,0.3373,0.477
20251225,5276.0824,5282.0286,5286.4665,5267.5646,644042.0,-16472.0,437436.0,2.0,0.0,17111.0,0.0,2.0,-1.0,16889.0,-4073.0,5190.93282,5185.39601,5248.63767,5.536809999999605,-57.70485000000008,5215.837700396825,5255.828882507936,422294.9,,,0.879834952106931,0.7354473326333025,1.615282284740233,2.0,17111.0,1.0,12816.0,-0.025575971753394964,0.342992339133194,0.0898,0.688679245283019,0.5616,0.6027,0.4248
20251226,5286.4278,5268.1376,5299.0818,5254.7622,628605.0,-15437.0,369133.0,2.0,0.0,16962.0,0.0,2.0,-1.0,15770.0,-5693.0,5227.868120000001,5189.81466,5244.435745000001,38.053460000001,-16.56762499999968,5218.644436269841,5246.26619681746,418587.3,,,0.8940082270908428,0.7449383228046771,1.63894654989552,2.0,16962.0,1.0,10077.0,-0.024557552039834236,0.0264057031029414,0.0891,0.6666666666666666,0.7534,0.8453,0.3006
20251229,5255.3462,5279.2095,5281.138,5228.5247,607271.0,-21334.0,378248.0,2.0,0.0,11929.0,0.0,2.0,-1.0,25385.0,-5522.0,5251.391100000001,5192.6486,5238.46523,58.7425000000012,12.92587000000094,5219.939392619048,5237.779652714285,425451.1,,,0.9370370271508718,0.7560063860460404,1.693043413196912,2.0,11929.0,1.0,19863.0,-0.03513093824668064,0.0379020857716658,0.0907,0.7169811320754719,0.7808,0.8547,0.3036
20251230,5260.6698,5262.9478,5272.3591,5242.9547,599918.0,-7353.0,308170.0,2.0,0.0,13559.0,0.0,2.0,-1.0,28461.0,-5274.0,5270.33654,5203.3288,5233.82679,67.00774000000001,36.50975000000017,5221.765373492063,5230.878400785715,407860.4,,,0.9313339078386332,0.7560063860460404,1.687340293884674,2.0,13559.0,1.0,23187.0,-0.012256675078927453,-0.0115150945607133,0.0899,0.691823899371069,0.7671,0.8547,0.2806
20251231,5252.9868,5254.1706,5256.8002,5231.4918,584053.0,-15865.0,313909.0,2.0,0.0,14480.0,0.0,2.0,-1.0,26789.0,-5564.0,5266.3026,5212.9609,5229.74965,53.34169999999995,36.55295000000024,5223.19052531746,5225.63109465873,401152.9,,0.105455,0.926407275544548,0.7560063860460404,1.682413661590588,2.0,14480.0,1.0,21225.0,-0.027163630697898993,0.007435980748688,0.0917,0.748427672955975,0.7945,0.8547,0.2896
20260105,5258.3817,5228.377,5261.4143,5210.2283,604413.0,20360.0,183247.0,2.0,0.0,15461.0,0.0,2.0,-1.0,27902.0,-5088.0,5262.76246,5226.84764,5227.802125,35.91481999999996,34.96033499999976,5224.552739603175,5222.145164198412,378239.0,,0.105685,0.9334882992713647,0.7560063860460404,1.689494685317405,2.0,15461.0,1.0,22814.0,0.033685575922423903,0.0376241740944953,0.0919,0.7547169811320754,0.8356,0.9,0.3026
20260106,5261.5099,5255.0276,5267.6813,5233.9571,620615.0,16202.0,252967.0,2.0,0.0,14950.0,0.0,2.0,-1.0,24677.0,-4795.0,5257.77888,5242.8235,5227.474305,14.95537999999942,30.30457500000011,5227.085098650793,5220.746032134921,362308.6,,,0.9221226488953592,0.7449383228046771,1.667060971700036,2.0,14950.0,1.0,19882.0,0.026106362237458006,0.0526057951092862,0.0907,0.7169811320754719,0.8767,0.968,0.3066
20260107,5283.0496,5266.0704,5289.1968,5259.8915,635709.0,15094.0,305247.0,2.0,0.0,23218.0,0.0,2.0,-1.0,23787.0,-4166.0,5263.31956,5257.35533,5227.280624999999,5.964229999999588,36.03893500000049,5231.853542619047,5221.262876309524,350728.2,,0.112815,0.8471755942764531,0.7354473326333025,1.582622926909756,2.0,23218.0,1.0,19621.0,0.02374356820494912,0.0637707398330657,0.0981,0.9496855345911953,0.6027,0.7707,0.3116
20260108,5280.7858,5299.6491,5308.1701,5258.2693,626517.0,-9192.0,281295.0,2.0,0.0,19848.0,0.0,2.0,-1.0,24833.0,-4573.0,5267.34276,5268.83965,5226.941175,-1.496890000000349,40.40158499999961,5237.431565873016,5223.404331007937,347403.6,,0.11661,0.8654390506123103,0.7354473326333025,1.600886383245613,2.0,19848.0,1.0,20260.0,-0.014671589118890629,0.0564099411328934,0.1014,1.0,0.5068,0.7733,0.3056
20260109,5290.3438,5286.7347,5301.5293,5268.3292,630397.0,3880.0,216351.0,2.0,0.0,26583.0,0.0,2.0,-1.0,26949.0,-5618.0,5274.81416,5270.558379999999,5228.16577,4.255780000000414,46.64839000000029,5243.136044285714,5226.343641912697,304600.3,,,0.8194157362190085,0.7354473326333025,1.554863068852311,2.0,26583.0,1.0,21331.0,0.006154851625245678,0.0412425073931431,0.0968,0.8626865671641789,0.5068,0.7453,0.3016
20260112,5287.7125,5291.9179,5301.7399,5274.9001,630512.0,115.0,258038.0,2.0,0.0,20830.0,0.0,2.0,-1.0,27396.0,-5386.0,5280.68032,5271.72139,5228.5587,8.958930000000692,52.1216200000008,5249.061035158731,5229.665975388888,286660.5,,,0.8103963208208,0.7354473326333025,1.545843653454102,2.0,20830.0,1.0,22010.0,0.00018239145329509984,0.0599515629932082,0.0986,0.9164179104477609,0.4521,0.6693,0.3066
20260113,5256.7361,5286.2208,5286.943,5242.1848,631069.0,557.0,290948.0,2.0,0.0,19339.0,0.0,2.0,-1.0,28741.0,-4791.0,5279.725560000001,5268.75222,5229.28344,10.97334000000046,50.44212000000061,5252.43891309524,5233.045423071429,278842.0,,,0.7938526185506752,0.7449383228046771,1.538790941355352,2.0,19339.0,1.0,23950.0,0.0008826293162871255,0.0373676873881187,0.0981,0.9014925373134329,0.411,0.6107,0.2966
20260114,5300.9053,5262.4852,5312.8603,5259.9577,635948.0,4879.0,303519.0,2.0,0.0,22933.0,0.0,2.0,-1.0,31545.0,-4847.0,5283.2967,5273.308129999999,5232.978365,9.988570000000436,50.31833499999993,5258.41824952381,5236.893308761905,271369.1,,0.11684,0.8301043265628052,0.7560063860460404,1.586110712608846,2.0,22933.0,1.0,26698.0,0.007672010919131753,0.0148369321043429,0.1016,1.0,0.411,0.5267,0.2866
20260115,5283.1884,5299.9777,5299.9777,5264.5872,631205.0,-4743.0,211027.0,2.0,0.0,23891.0,0.0,2.0,-1.0,31547.0,-4530.0,5283.77722,5275.55999,5239.444395,8.2172300000002,44.3328249999995,5263.410008492065,5241.057772261905,261654.8,,0.117645,0.7338519850104949,0.7560063860460404,1.489858371056535,2.0,23891.0,1.0,27017.0,-0.007514199032010203,-0.0341008661514883,0.1023,1.0,0.3973,0.4453,0.2565
20260116,5261.2537,5273.819,5280.9067,5250.0014,633641.0,2436.0,241536.0,2.0,0.0,23723.0,0.0,2.0,-1.0,30255.0,-3995.0,5277.9592,5276.38668,5244.67379,1.572520000000623,33.28541000000041,5266.08340031746,5245.347059761905,254417.5,,,0.7533508440030222,0.7449383228046771,1.498289166807699,2.0,23723.0,1.0,26260.0,0.0038444481970074536,0.067078894203813,0.1011,0.9651162790697673,0.3288,0.196,0.3116
20260119,5246.4384,5277.9301,5279.1147,5231.6635,629763.0,-3878.0,275906.0,2.0,0.0,24076.0,0.0,2.0,-1.0,28188.0,-4594.0,5269.70438,5275.192349999999,5251.019995000001,-5.487969999999223,18.68438499999957,5267.325479365079,5249.624333738096,263683.4,,,0.7580037210433063,0.7449383228046771,1.502942043847983,2.0,24076.0,1.0,23594.0,-0.006157872088388807,-0.3722184943707718,0.0989,0.9011627906976745,0.3425,0.28,0.1583
20260120,5185.8191,5239.6582,5249.5267,5180.1398,647124.0,17361.0,304812.0,2.0,0.0,22572.0,0.0,2.0,-1.0,26449.0,-6611.0,5255.520979999999,5267.62327,5255.223385,-12.10229000000072,0.2975949999990917,5262.885837301587,5253.204407603175,268867.9,,,0.7742984622004236,0.7560063860460404,1.530304848246464,2.0,22572.0,1.0,19838.0,0.026827934059005694,-0.4147963796391075,0.0925,0.7151162790697674,0.274,0.1467,0.1533
20260121,5146.8426,5185.0685,5205.1559,5141.1562,675957.0,28833.0,289058.0,2.0,0.0,18270.0,0.0,2.0,-1.0,30773.0,-14140.0,5224.70844,5254.00257,5255.67895,-29.29412999999931,-30.97050999999919,5254.223607619048,5255.441414103176,267249.0,,,0.8225030991072022,0.7629170280134514,1.585420127120654,2.0,18270.0,1.0,16633.0,0.04265508013083672,-0.4759556538746279,0.0993,0.9127906976744186,0.3014,0.4613,0.1453
20260122,5162.1102,5151.2564,5163.7849,5128.2631,692985.0,17028.0,274559.0,2.0,0.0,23099.0,0.0,2.0,-1.0,28400.0,-13535.0,5200.4928,5242.13501,5255.48733,-41.64220999999998,-54.99452999999994,5244.481740317461,5256.14643154762,266575.4,,0.116725,0.8321504093762813,0.7560063860460404,1.588156795422322,2.0,23099.0,1.0,14865.0,0.024571960432043984,-0.4361061544970507,0.1015,0.9767441860465118,0.2877,0.4627,0.1493
20260123,5183.4213,5168.7356,5200.8498,5155.6301,676510.0,-16475.0,263435.0,2.0,0.0,23046.0,0.0,2.0,-1.0,33477.0,-13995.0,5184.92632,5231.44276,5251.00057,-46.51643999999942,-66.07424999999967,5237.521988492064,5255.585025968255,271283.8,,,0.82487476150232,0.7629170280134514,1.587791789515771,2.0,23046.0,1.0,19482.0,-0.024352929003266768,-0.4419981884880833,0.0982,0.8808139534883719,0.274,0.5653,0.1483
20260126,5176.0171,5175.1482,5198.8889,5164.1006,674399.0,-2111.0,255263.0,2.0,0.0,23860.0,0.0,2.0,-1.0,33308.0,-8531.0,5170.84206,5220.27322,5245.997305,-49.43116000000009,-75.15524499999992,5230.673923412699,5253.746314793652,271006.3,,,0.8272870835458735,0.7629170280134514,1.590204111559325,2.0,23860.0,1.0,24777.0,-0.0031301944397900947,-0.4807487787743993,0.1001,0.9360465116279068,0.2466,0.5653,0.1393
20260127,5171.5594,5179.8411,5188.7237,5157.7828,669135.0,-5264.0,248799.0,2.0,0.0,23840.0,0.0,2.0,-1.0,33052.0,-8361.0,5167.99012,5211.75555,5240.253885,-43.76542999999947,-72.2637649999997,5223.843237222222,5250.886747206349,266791.4,,,0.8307799615572089,0.7629170280134514,1.59369698957066,2.0,23840.0,1.0,24691.0,-0.007866872903076359,-0.4849869204026637,0.0957,0.8081395348837207,0.274,0.4667,0.1363
20260128,5190.2497,5172.8093,5197.6212,5163.4812,657817.0,-11318.0,232649.0,2.0,0.0,19612.0,0.0,2.0,-1.0,35256.0,-8911.0,5176.67154,5200.689990000001,5236.99906,-24.01845000000048,-60.32751999999982,5218.312481587302,5246.876170412698,259704.4,,,0.810260257970382,0.7560063860460404,1.566266644016423,2.0,19612.0,1.0,26345.0,-0.017205392989235607,-0.4297288132199926,0.0932,0.7354651162790699,0.0959,0.0813,0.1503
20260129,5260.218,5188.3156,5269.467,5181.6048,633603.0,-24214.0,441131.0,2.0,0.0,23456.0,0.0,2.0,-1.0,36365.0,-10635.0,5196.293100000001,5198.39295,5236.97647,-2.099849999999606,-40.68336999999883,5218.300602619047,5242.365229825396,282714.8,529357.2,,0.8853585223745617,0.7629170280134514,1.648275550388013,2.0,23456.0,1.0,25730.0,-0.03821635945536874,-0.3561203247574064,0.0937,0.7500000000000001,0.137,0.1493,0.1593
20260130,5252.0439,5250.8955,5283.3057,5238.1967,607854.0,-25749.0,406448.0,2.0,0.0,25369.0,0.0,2.0,-1.0,31052.0,-10039.0,5210.017620000001,5197.471970000001,5236.929325,12.54565000000002,-26.91170499999953,5220.045228174603,5237.761412611111,299206.0,487737.6,0.12397,0.910790662501227,0.7629170280134514,1.673707690514678,2.0,25369.0,1.0,21013.0,-0.04236050104136849,-0.386751399791781,0.1078,1.0,0.137,0.1907,0.1543
20260202,5211.5424,5234.3023,5247.058,5197.4366,613589.0,5735.0,409821.0,2.0,0.0,22946.0,0.0,2.0,-1.0,31853.0,-11810.0,5217.12268,5193.98237,5234.58736,23.14031000000068,-17.46468000000004,5218.306586904763,5232.859523365079,312597.5,491785.2,,0.9237867063576051,0.770406797581665,1.69419350393927,2.0,22946.0,1.0,20043.0,0.00934664734863239,-0.3748475625527979,0.1005,0.8170426065162907,0.1918,0.2973,0.1563
20260203,5170.4063,5218.213,5224.6259,5160.7919,653296.0,39707.0,373088.0,2.0,0.0,15519.0,0.0,2.0,-1.0,25827.0,-11137.0,5216.89206,5192.44109,5230.03218,24.45096999999987,-13.14012000000002,5213.572279841271,5227.928167619048,319425.1,,,0.9360160569844783,0.7871316991183912,1.72314775610287,2.0,15519.0,1.0,14690.0,0.060779493522078815,-0.3777304341041972,0.1045,0.9172932330827065,0.1918,0.1493,0.1553
20260204,5212.3024,5197.5041,5232.4509,5187.933,662290.0,8994.0,285447.0,2.0,0.0,14189.0,0.0,2.0,-1.0,25576.0,-6627.0,5221.3026,5198.98707,5226.49482,22.31552999999985,-5.192219999999907,5211.505679285715,5223.656374785714,319064.0,,,0.9722510192179857,0.8139509953461032,1.786202014564089,2.0,14189.0,1.0,18949.0,0.013580153709100243,-0.3596065794331965,0.1001,0.8070175438596489,0.2877,0.1813,0.1573
20260205,5225.9661,5207.9742,5239.6811,5201.201,658702.0,-3588.0,324891.0,2.0,0.0,11901.0,0.0,2.0,-1.0,26715.0,-7125.0,5214.452219999999,5205.37266,5223.753835,9.07955999999922,-9.30161500000122,5210.863433174603,5220.294544071429,324097.2,,,0.9799935687560121,0.8139509953461032,1.793944564102115,2.0,11901.0,1.0,19590.0,-0.005447076219595508,-0.3588017838928496,0.0965,0.7167919799498746,0.3699,0.3,0.1573
20260206,5231.703,5216.7429,5252.6833,5212.3709,662152.0,3450.0,348197.0,2.0,0.0,8628.0,0.0,2.0,-1.0,25904.0,-7310.0,5210.38404,5210.20083,5220.821795,0.1832100000001446,-10.43775499999992,5211.312353333334,5217.673580555556,332573.4,,,0.9703832710603261,0.8139509953461032,1.784334266406429,2.0,8628.0,1.0,18594.0,0.005210284043542872,-0.4004238503458756,0.1007,0.8220551378446114,0.3699,0.3653,0.1483
20260209,5265.4149,5225.1813,5275.4014,5221.8532,671936.0,9784.0,343443.0,2.0,0.0,9499.0,0.0,2.0,-1.0,25095.0,-7517.0,5221.158539999999,5219.14061,5219.706915,2.017929999999069,1.451624999999694,5214.397233730157,5216.045911587302,341391.4,,,0.9475845741887567,0.8139509953461032,1.76153556953486,2.0,9499.0,1.0,17578.0,0.014560910562910753,-0.4169218121660267,0.1009,0.8270676691729323,0.3562,0.4267,0.1453
20260210,5282.2459,5266.829,5298.1813,5260.3073,676793.0,4857.0,353829.0,2.0,0.0,18232.0,0.0,2.0,-1.0,26175.0,-6996.0,5243.52646,5230.20926,5220.982405000001,13.31720000000041,22.54405499999939,5219.729494126985,5215.634537277778,351894.4,,0.118335,0.9100358578917263,0.8139509953461032,1.723986853237829,2.0,18232.0,1.0,19179.0,0.007176492664669995,-0.4157564461383302,0.1029,0.8771929824561403,0.4384,0.4773,0.1453
20260211,5269.6287,5289.3871,5293.3903,5261.8874,664354.0,-12439.0,225768.0,2.0,0.0,15683.0,0.0,2.0,-1.0,25443.0,-6343.0,5254.99172,5238.14716,5219.418575000001,16.84456000000046,35.57314499999939,5225.076348015873,5216.310923920636,351206.3,,,0.9031997826193001,0.8139509953461032,1.717150777965403,2.0,15683.0,1.0,19100.0,-0.01872345165378699,-0.4475049858904394,0.0972,0.7343358395989972,0.4521,0.5253,0.1383
20260212,5256.9738,5263.5,5272.4299,5247.8174,649279.0,-15075.0,213307.0,2.0,0.0,14815.0,0.0,2.0,-1.0,27359.0,-4699.0,5261.19326,5237.82274,5218.107845,23.3705200000004,43.08541499999956,5228.861423333333,5217.367005992064,328423.9,,0.121325,0.8741308979180051,0.7871316991183912,1.661262597036396,2.0,14815.0,1.0,22660.0,-0.023218061880947945,-0.4407896446597482,0.1055,0.9407216494845358,0.4932,0.5747,0.1393
20260213,5215.5223,5257.0175,5261.8177,5211.4614,620691.0,-28588.0,273029.0,2.0,0.0,14153.0,0.0,2.0,-1.0,25502.0,-5460.0,5257.95712,5234.17058,5215.821275,23.78654000000006,42.13584499999979,5229.818301746031,5218.344313349206,315082.0,,0.1242,0.8949224178688184,0.8139509953461032,1.708873413214921,2.0,14153.0,1.0,20042.0,-0.046058344651364366,-0.4892938320522224,0.108,1.0,0.4932,0.628,0.1283
20260224,5233.7801,5240.7981,5274.7849,5231.9245,634676.0,13985.0,252773.0,2.0,0.0,14919.0,0.0,2.0,-1.0,25494.0,-6306.0,5251.63016,5236.39435,5215.18836,15.23580999999922,36.4417999999996,5232.328547142856,5219.746509373015,299377.2,,,0.9328121991870721,0.8465733177824094,1.779385516969481,2.0,14919.0,1.0,19188.0,0.022034865033497407,-0.5180576321145557,0.1004,0.8051282051282052,0.3151,0.28,0.1242
20260225,5254.9741,5233.7318,5269.3676,5233.7318,658560.0,23884.0,257868.0,2.0,0.0,14735.0,0.0,2.0,-1.0,25313.0,-6361.0,5246.1758,5244.85113,5218.64611,1.324669999999969,27.5296900000003,5235.51351079365,5221.940632468254,287855.2,,,0.9340284656111164,0.8465733177824094,1.780601783393526,2.0,14735.0,1.0,18952.0,0.03626700680272109,-0.5725182261773315,0.0993,0.7769230769230769,0.2877,0.2853,0.1012
20260226,5290.9984,5247.5057,5332.528,5239.0696,685223.0,26663.0,466037.0,1.0,0.0,10374.0,0.0,2.0,-1.0,31681.0,-7569.0,5250.449739999999,5252.720729999999,5225.8539,-2.270989999999983,24.59583999999904,5241.369661904761,5224.927030730158,305914.2,559244.4,,0.9412636419837344,0.8465733177824094,1.787836959766144,1.0,10374.0,1.0,24112.0,0.03891142007784327,-0.6493731600703609,0.1001,0.7974358974358973,0.2877,0.2853,0.0691
20260227,5328.6609,5294.6207,5339.7327,5289.233,705436.0,20213.0,513335.0,2.0,0.0,17197.0,0.0,2.0,-1.0,30629.0,-9901.0,5264.78716,5262.99021,5234.181435,1.796949999999924,30.60572499999944,5250.125578333334,5228.853245246031,324758.6,616002.0,,0.9476210612499293,0.8617640203002491,1.809385081550178,2.0,17197.0,1.0,20728.0,0.02865320170787995,-0.6790620463422885,0.1048,0.9179487179487181,0.274,0.2613,0.0641
20260302,5349.1823,5332.3735,5351.5622,5290.491,711607.0,6171.0,480814.0,2.0,0.0,16476.0,0.0,2.0,-1.0,33333.0,-11769.0,5291.519160000001,5274.738139999999,5242.469485,16.78102000000126,49.04967500000112,5260.160390396826,5233.73804895238,338020.3,576976.7999999999,,0.9546325470935113,0.8686062190106864,1.823238766104198,2.0,16476.0,1.0,21564.0,0.008671921439783476,-0.6540000323762575,0.1031,0.8743589743589743,0.2603,0.2613,0.0701
20260303,5326.0811,5348.4085,5348.4085,5311.915,700781.0,-10826.0,419273.0,2.0,0.0,16806.0,0.0,2.0,-1.0,33091.0,-14307.0,5309.97936,5280.804760000001,5249.972685,29.17459999999937,60.00667500000054,5268.777962619048,5239.176121841269,345603.3,503127.6,,0.9165914351100065,0.8686062190106864,1.785197654120693,2.0,16806.0,1.0,18784.0,-0.015448478197896347,-0.5928458145518821,0.103,0.8626373626373626,0.2877,0.2613,0.0962
20260304,5314.1719,5337.5403,5362.5185,5300.5194,697875.0,-2906.0,440417.0,2.0,0.0,14783.0,0.0,2.0,-1.0,23317.0,-14345.0,5321.818920000001,5283.99736,5257.10331,37.82156000000032,64.7156100000002,5275.885149682538,5244.791687396825,354262.1,528500.4,0.128225,0.9152653831262271,0.8734573936057048,1.788722776731932,2.0,14783.0,1.0,8972.0,-0.004164069496686369,-0.639093972757077,0.1115,1.0,0.3014,0.2613,0.0731
20260305,5337.1621,5306.28,5354.5296,5294.257,697822.0,-53.0,412251.0,2.0,0.0,15373.0,0.0,2.0,-1.0,31507.0,-13498.0,5331.051659999999,5290.7507,5264.44893,40.30095999999958,66.6027299999987,5282.51945142857,5250.535997738094,372910.4,,,0.9433558980167802,0.8868125891018127,1.830168487118593,2.0,15373.0,1.0,18009.0,-7.595060058295669e-05,-0.5532925575616094,0.1067,0.861671469740634,0.3014,0.2333,0.1132
20260306,5377.3419,5334.0644,5395.5089,5334.0644,717888.0,20066.0,530979.0,2.0,0.0,21898.0,0.0,2.0,-1.0,27306.0,-16151.0,5340.787859999999,5302.78751,5270.305125000001,38.00034999999934,70.48273499999868,5292.47038484127,5256.896893888888,404677.6,637174.7999999999,0.140875,0.9700193753113073,0.9206476847138857,1.890667060025193,2.0,21898.0,1.0,11155.0,0.02795143532138718,-0.5869799454347798,0.1225,1.0,0.4521,0.6547,0.0992
20260309,5442.9452,5398.3054,5544.6299,5378.9223,714212.0,-3676.0,1129576.0,2.0,0.0,22692.0,0.0,2.0,-1.0,36066.0,-14860.0,5359.54044,5325.5298,5279.85019,34.01063999999951,79.69024999999965,5309.121060555554,5264.827169769841,490332.3,1355491.2,0.193085,1.120824735180866,0.9460500204431151,2.066874755623981,2.0,22692.0,1.0,21206.0,-0.0051469311632960524,-0.5770369974561197,0.1679,1.0,0.4384,0.5307,0.1052
20260310,5420.4404,5457.4266,5463.3408,5375.6059,693095.0,-21117.0,624081.0,2.0,0.0,22743.0,0.0,2.0,-1.0,31074.0,-12254.0,5378.4123,5344.19583,5290.29509,34.2164700000003,88.11721000000034,5323.135020079365,5273.907817063492,527463.1,,,1.185744607619963,0.9460500204431151,2.131794628063078,2.0,22743.0,1.0,18820.0,-0.030467684805113297,-0.5923598831827886,0.1249,0.5063145809414467,0.411,0.4853,0.0992
20260311,5434.8028,5427.2584,5440.0577,5408.7854,705155.0,12060.0,409015.0,2.0,0.0,23194.0,0.0,2.0,-1.0,32023.0,-12148.0,5402.53848,5362.1787,5303.514915000001,40.35977999999977,99.02356499999951,5336.268065952382,5283.983272579365,542577.8,,,1.182809432192433,0.9460500204431151,2.128859452635548,2.0,23194.0,1.0,19875.0,0.017102622827605277,-0.6391701884607385,0.1288,0.5510907003444317,0.3836,0.436,0.0731
20260312,5430.2719,5436.4351,5466.1527,5422.984,710809.0,5654.0,483778.0,2.0,0.0,24750.0,0.0,2.0,-1.0,30363.0,-12399.0,5421.160440000001,5376.10605,5314.41339,45.05439000000024,106.7470500000009,5349.129998968255,5294.759306285714,544351.9,,,1.204889719621007,0.9460500204431151,2.150939740064122,2.0,24750.0,1.0,17964.0,0.007954316841795756,-0.6355199511159577,0.1409,0.6900114810562572,0.3562,0.404,0.0752
20260313,5463.0874,5448.4102,5499.9056,5430.6503,725590.0,14781.0,570937.0,2.0,0.0,24747.0,0.0,2.0,-1.0,35889.0,-14453.0,5438.30954,5389.5487,5326.269455,48.76083999999992,112.0400850000005,5363.284825238095,5306.07523097619,550112.1,,,1.226614607862961,0.9548230968003925,2.181437704663354,2.0,24747.0,1.0,21436.0,0.020371008420733472,-0.7615324051737868,0.1524,0.8220436280137774,0.3288,0.3613,0.0421
20260316,5486.8715,5462.3793,5503.0081,5450.052,734982.0,9392.0,452547.0,2.0,0.0,25046.0,0.0,2.0,-1.0,37953.0,-14131.0,5447.094800000001,5403.31762,5339.027880000001,43.77718000000095,108.0669200000002,5377.917117698414,5317.85090370635,547285.4,,,1.214109515849518,0.9652885000994272,2.179398015948945,2.0,25046.0,1.0,23822.0,0.012778544236457492,-0.5591958960992394,0.1388,0.6659012629161885,0.3014,0.3,0.1132
20260317,5421.6655,5467.2769,5472.9112,5419.435,735165.0,183.0,425494.0,2.0,0.0,23871.0,0.0,2.0,-1.0,27801.0,-17410.0,5447.33982,5412.876060000001,5346.84041,34.46375999999964,100.4994100000004,5387.432099841269,5329.716317428572,547907.5,,,1.253589003654507,0.9686719135503612,2.222260917204868,2.0,23871.0,1.0,10391.0,0.00024892371100365224,-0.6095668800038919,0.1361,0.6349024110218141,0.2329,0.196,0.0902
20260318,5358.8533,5433.6566,5439.873,5350.9753,715770.0,-19395.0,588429.0,2.0,0.0,24070.0,0.0,2.0,-1.0,26054.0,-12918.0,5432.14992,5417.3442,5350.670779999999,14.80572000000029,81.47914000000037,5391.07918063492,5341.23572052381,562708.7,,,1.246420886943856,0.9908422873494631,2.237263174293319,2.0,24070.0,1.0,13136.0,-0.027096693071796806,-0.6170154378103155,0.1088,0.32146957520091846,0.2329,0.4373,0.0872
20260319,5431.5175,5386.5728,5449.9384,5378.4765,701470.0,-14300.0,532210.0,2.0,0.0,22620.0,0.0,2.0,-1.0,33247.0,-13131.0,5432.39904,5426.77974,5358.76522,5.619300000000294,73.63382000000001,5397.463560793651,5352.730131460317,574704.6,,,1.298413331566219,1.029313636029976,2.327726967596195,2.0,22620.0,1.0,20116.0,-0.020385761329778894,-0.5291565702210392,0.1193,0.413751507840772,0.2329,0.448,0.1212
20260320,5456.972,5450.6288,5466.6607,5422.6608,697134.0,-4336.0,528117.0,2.0,0.0,21540.0,0.0,2.0,-1.0,41635.0,-14464.0,5431.17596,5434.742749999999,5368.76513,-3.566789999999855,62.41082999999981,5406.363082142857,5364.119401190475,574418.4,,,1.274013961908855,0.9908422873494631,2.264856249258318,2.0,21540.0,1.0,27171.0,-0.006219751152576119,-0.5663736568265962,0.1319,0.565741857659831,0.2466,0.436,0.1102
20260323,5472.4801,5462.9257,5522.1278,5461.2536,695015.0,-2119.0,635993.0,2.0,0.0,21139.0,0.0,2.0,-1.0,42499.0,-14906.0,5428.29768,5437.69624,5381.61302,-9.398560000000543,46.68465999999989,5416.510787539684,5374.858373888889,525060.1,763191.6,0.19067,1.308323576009829,1.029313636029976,2.337637212039805,2.0,21139.0,1.0,27593.0,-0.0030488550606821434,-0.6225125075761259,0.1658,0.9738805970149255,0.2603,0.428,0.0832
20260324,5449.9737,5441.5902,5484.4243,5426.1063,690809.0,-4206.0,462689.0,2.0,0.0,20457.0,0.0,2.0,-1.0,36963.0,-15696.0,5433.95932,5440.64957,5392.4227,-6.690249999999651,41.53661999999986,5423.125059761906,5384.857377857143,508920.9,,,1.301140748979646,1.029313636029976,2.330454385009623,2.0,20457.0,1.0,21267.0,-0.00608851361230094,-0.6211834625817659,0.1212,0.41697877652933835,0.2466,0.416,0.0842
20260325,5451.7336,5454.9325,5473.2678,5426.8699,702864.0,12055.0,442319.0,2.0,0.0,19864.0,0.0,2.0,-1.0,36585.0,-15925.0,5452.535379999999,5442.34265,5402.260675,10.19272999999976,50.2747049999989,5428.751133571428,5394.105684619048,512251.3,,,1.280949359873485,1.029313636029976,2.310262995903461,2.0,19864.0,1.0,20660.0,0.017151255434906327,-0.6610401552119592,0.127,0.4893882646691636,0.3014,0.3987,0.0691
20260326,5481.4425,5430.804,5483.2792,5429.5763,715210.0,12346.0,439663.0,1.0,0.0,15372.0,0.0,2.0,-1.0,44069.0,-14595.0,5462.52038,5447.45971,5411.78288,15.06066999999985,50.73750000000018,5434.73920436508,5402.66660515873,507839.8,,,1.269040289189238,0.9946250959419888,2.263665385131227,1.0,15372.0,1.0,29474.0,0.017262062890619538,-0.6288838972790177,0.1369,0.612983770287141,0.2877,0.3987,0.0802
20260327,5483.7671,5485.7639,5490.5948,5448.0393,726050.0,10840.0,452231.0,1.0,0.0,14908.0,0.0,2.0,-1.0,43271.0,-11906.0,5467.8794,5449.52768,5419.53819,18.35171999999966,48.34120999999959,5441.354695158731,5410.473592150795,495969.2,,,1.104764090879621,0.9946250959419888,2.09938918682161,1.0,14908.0,1.0,31365.0,0.014930101232697472,-0.6505318702560454,0.1368,0.6053299492385787,0.4658,0.712,0.0731
20260330,5463.7078,5488.6995,5551.7904,5460.2449,750418.0,24368.0,769765.0,2.0,0.0,22361.0,0.0,2.0,-1.0,43901.0,-9779.0,5466.12494,5447.211310000001,5425.264464999999,18.9136299999991,40.86047500000041,5447.493506984128,5417.431231079365,527691.0,923718.0,0.17112,1.109132582094593,0.9946250959419888,2.103757678036582,2.0,22361.0,1.0,34122.0,0.03247256862175481,-0.6710000321240565,0.1488,0.7576142131979694,0.411,0.6053,0.0671
20260331,5426.9081,5459.6116,5468.5157,5409.6378,749095.0,-1323.0,571723.0,2.0,0.0,17931.0,0.0,2.0,-1.0,28843.0,-8546.0,5461.51182,5447.73557,5430.305815,13.77624999999989,31.206005,5448.492810634921,5423.537302158731,542313.9,,,1.145437556204667,1.029313636029976,2.174751192234643,2.0,17931.0,1.0,20297.0,-0.0017661311315654222,-0.7267020159176163,0.1079,0.23857868020304568,0.4247,0.6493,0.0591
20260401,5380.6587,5439.0561,5453.6711,5371.9599,738855.0,-10240.0,545550.0,1.0,0.0,15854.0,0.0,2.0,-1.0,30817.0,-10216.0,5447.29684,5449.91611,5433.630155,-2.619270000000142,13.66668500000014,5445.568097142857,5428.986193809524,538026.0,,,1.196744093715947,1.052195263434824,2.248939357150771,1.0,15854.0,1.0,20601.0,-0.013859282267833336,-0.6966548970088865,0.1002,0.1320512820512821,0.411,0.652,0.0641
20260402,5395.5222,5385.9409,5410.8122,5366.8352,736385.0,-2470.0,441741.0,1.0,0.0,14711.0,0.0,2.0,-1.0,27312.0,-10211.0,5430.11278,5446.316580000001,5436.54816,-16.20380000000023,-6.435379999999896,5441.268743650794,5433.366712095239,528979.1,,,1.164118777354296,1.029313636029976,2.193432413384272,1.0,14711.0,1.0,17101.0,-0.003354223673757613,-0.7678689777812329,0.1107,0.26666666666666683,0.411,0.652,0.0391
20260403,5341.7351,5404.6253,5411.0346,5336.0064,739072.0,2687.0,536746.0,1.0,0.0,9541.0,0.0,2.0,-1.0,27817.0,-10053.0,5401.70638,5434.79289,5434.767819999999,-33.08651000000009,-33.06143999999949,5433.89833,5436.120236880953,529842.0,,,1.195377153395755,1.052195263434824,2.247572416830579,1.0,9541.0,1.0,17764.0,0.0036356403706269483,-0.7346202532654086,0.1278,0.4805699481865285,0.4658,0.728,0.0571
20260407,5331.5331,5349.1845,5359.2824,5322.2914,742480.0,3408.0,324899.0,1.0,0.0,9244.0,0.0,2.0,-1.0,29526.0,-10693.0,5375.27144,5420.69819,5429.197214999999,-45.42675000000054,-53.9257749999997,5424.752090634922,5436.944367190476,498732.6,,,1.156697693671417,1.052195263434824,2.208892957106241,1.0,9244.0,1.0,18833.0,0.004590022626872105,-0.6248455229028578,0.1134,0.29404145077720206,0.4384,0.728,0.0832
20260408,5294.9428,5328.6469,5328.6469,5278.5685,756147.0,13667.0,409337.0,1.0,0.0,12712.0,0.0,2.0,-1.0,31228.0,-8853.0,5348.87838,5405.1951,5422.922335,-56.3167199999998,-74.0439550000001,5412.326609206349,5435.864522134921,493397.4,,,1.110306306887106,1.052195263434824,2.16250157032193,1.0,12712.0,1.0,22375.0,0.01807452783651856,-0.6135646386317352,0.1043,0.17616580310880833,0.3562,0.4347,0.0892
20260409,5321.1044,5290.4673,5339.4138,5265.4387,768666.0,12519.0,488937.0,2.0,0.0,21803.0,0.0,2.0,-1.0,30324.0,-9610.0,5336.96752,5392.132180000001,5417.237415,-55.16466000000037,-80.26989499999945,5401.169859285714,5433.106394706349,498059.2,,,1.089337915970466,1.063283876181981,2.152621792152448,2.0,21803.0,1.0,20714.0,0.01628665766405695,-0.6115986277278419,0.1009,0.11140583554376665,0.5068,0.7773,0.0892
20260410,5328.9507,5303.9198,5332.967,5300.7768,796887.0,28221.0,444260.0,2.0,0.0,19528.0,0.0,2.0,-1.0,30990.0,-10327.0,5323.65322,5376.883,5412.171355,-53.22977999999966,-88.51813500000026,5391.550117222222,5428.787485992064,498518.9,,,1.075565764139756,1.063283876181981,2.138849640321737,2.0,19528.0,1.0,20663.0,0.035414054941290296,-0.5998084700892771,0.1049,0.16445623342175059,0.3699,0.4747,0.0952
20260413,5323.7627,5332.3606,5337.2376,5310.3412,797293.0,406.0,404795.0,2.0,0.0,14972.0,0.0,2.0,-2.0,15694.0,-8653.0,5320.05874,5360.88256,5405.205120000001,-40.82381999999961,-85.14638000000014,5383.030443571428,5422.955060833333,493775.3,,,1.026994070313384,1.063283876181981,2.090277946495365,2.0,14972.0,0.0,7041.0,0.0005092230836091625,,0.1083,0.20954907161803707,0.3288,0.3853,
20260414,5294.1542,5323.6888,5323.6888,5289.3357,818125.0,20832.0,390628.0,2.0,0.0,14908.0,0.0,2.0,-1.0,15619.0,-7453.0,5312.58296,5343.9272,5395.569254999999,-31.34424000000035,-82.9862949999997,5373.313320317461,5415.537042166667,455861.6,,,0.9973993202303189,1.063283876181981,2.0606831964123,2.0,14908.0,1.0,8166.0,0.025463101604278074,-0.5473749653361235,0.1049,0.16445623342175059,0.3425,0.296,0.1163
20260415,5314.6182,5303.2074,5332.9759,5294.9454,801028.0,-17097.0,474402.0,2.0,0.0,20541.0,0.0,2.0,-1.0,19917.0,-7273.0,5316.51804,5332.69821,5390.216890000001,-16.18016999999963,-73.69885000000068,5365.092932460317,5407.197054349206,446129.5,,,0.9891412993733426,1.063283876181981,2.052425175555324,2.0,20541.0,1.0,12644.0,-0.02134382318720444,-0.46397371901215,0.1004,0.10477453580901863,0.3151,0.2573,0.1344
20260416,5377.3005,5303.6603,5381.8461,5291.0752,791619.0,-9409.0,622971.0,2.0,0.0,21272.0,0.0,2.0,-1.0,23316.0,-7150.0,5327.75726,5332.36239,5391.13925,-4.605129999999917,-63.38198999999986,5360.694355396826,5398.709680174603,453871.6,747565.2,,1.039885557049644,1.076006253272824,2.115891810322468,2.0,21272.0,1.0,16166.0,-0.011885768279942751,-0.410164800340237,0.1028,0.13660477453580908,0.2877,0.496,0.1454
20260417,5355.9537,5370.5068,5382.718,5343.3064,762546.0,-29073.0,454971.0,2.0,0.0,16327.0,0.0,2.0,-1.0,10406.0,-5539.0,5333.157859999999,5328.40554,5387.36106,4.7523199999996,-54.20320000000083,5357.763988809523,5390.359204690476,455194.6,,0.13225,1.037464254475815,1.076006253272824,2.113470507748638,2.0,16327.0,1.0,4867.0,-0.038126224516291475,-0.4339675701148231,0.115,0.2984084880636606,0.3014,0.4787,0.1384
20260420,5326.6912,5332.0647,5333.4749,5296.0687,771019.0,8473.0,541309.0,2.0,0.0,19516.0,0.0,2.0,-1.0,7746.0,-3709.0,5333.74356,5326.90115,5380.84702,6.8424100000002,-47.10346000000027,5351.605237777777,5382.129895468254,455650.9,,,0.9970452577624552,1.100652744558654,2.097698002321109,2.0,19516.0,1.0,4037.0,0.010989353050962427,-0.4930225627359113,0.108,0.20557029177718833,0.2466,0.2947,0.1244
20260421,5379.1358,5318.9993,5382.3789,5316.3564,792212.0,21193.0,549787.0,2.0,0.0,27851.0,0.0,2.0,-1.0,12693.0,-5359.0,5350.73988,5331.661419999999,5376.179805000001,19.07846000000063,-25.43992500000058,5349.656429603175,5374.620329365079,478139.7,,,1.007238266616078,1.126266542881809,2.133504809497887,2.0,27851.0,1.0,7334.0,0.0267516775812535,-0.5214633279079282,0.1075,0.19893899204244034,0.2329,0.2653,0.1204
20260422,5405.4075,5387.4934,5427.946,5386.1514,804647.0,12435.0,692044.0,2.0,0.0,27622.0,0.0,2.0,-1.0,14627.0,-7146.0,5368.89774,5342.70789,5373.951495,26.18985000000066,-5.05375499999991,5352.054851746031,5368.593153619047,506410.4,830452.7999999999,0.138805,0.9629142668448174,1.126266542881809,2.089180809726626,2.0,27622.0,1.0,7481.0,0.015453981683893683,-0.6375642440591966,0.1207,0.37400530503978785,0.2055,0.2733,0.0692
20260423,5406.332,5419.6385,5444.5193,5399.5207,799007.0,-5640.0,635624.0,2.0,0.0,30826.0,0.0,2.0,-1.0,11366.0,-8081.0,5374.70404,5351.23065,5371.681415,23.47339000000011,3.022624999999607,5355.788115396826,5364.054979230159,521079.1,762748.7999999999,0.14375,0.964140859090116,1.100652744558654,2.06479360364877,2.0,30826.0,1.0,3285.0,-0.007058761687945162,-0.6449899928906394,0.125,0.42570281124497994,0.1918,0.2747,0.0652
20260424,5409.6616,5411.0061,5442.9354,5401.9551,794587.0,-4420.0,467712.0,2.0,0.0,29458.0,0.0,2.0,-2.0,8272.0,-7720.0,5385.44562,5359.301740000001,5368.09237,26.14387999999963,17.35325000000012,5359.784256111108,5360.878393119046,523424.3,,0.145705,0.9177898286882152,1.076006253272824,1.993796081961039,2.0,29458.0,0.0,552.0,-0.00556263820072566,-0.6916334062872445,0.1267,0.44846050870147264,0.1781,0.3,0.0532
20260427,5436.5374,5409.9397,5449.7454,5379.4088,831826.0,37239.0,558637.0,2.0,0.0,31339.0,0.0,2.0,-1.0,7298.0,-7696.0,5407.41486,5370.57921,5365.730885,36.83564999999999,41.68397499999992,5365.098769285714,5359.085225690475,538808.5,,0.14835,0.9609803247282331,1.100652744558654,2.061633069286887,2.0,31339.0,1.0,-398.0,0.044767775953144046,-0.7510651047151938,0.129,0.4792503346720215,0.1918,0.1493,0.0391
20260428,5423.5903,5435.4161,5437.4048,5398.0712,828722.0,-3104.0,497228.0,2.0,0.0,30313.0,0.0,2.0,-1.0,8997.0,-8785.0,5416.30576,5383.52282,5363.72501,32.78294000000005,52.58075000000008,5370.734001111113,5358.827293769841,549468.5,,,0.9411845275802253,1.100652744558654,2.041837272138879,2.0,30313.0,1.0,212.0,-0.0037455262440239307,-0.771977125800587,0.1288,0.47657295850066933,0.1507,0.064,0.0281
20260429,5418.5099,5433.8692,5434.3327,5397.0496,824684.0,-4038.0,415418.0,2.0,0.0,29136.0,0.0,2.0,-1.0,9649.0,-7944.0,5418.92624,5393.911990000001,5363.3051,25.01424999999927,55.6211400000002,5376.037081269841,5359.921708650793,543570.1,,,0.8911732741535618,1.100652744558654,1.991826018712215,2.0,29136.0,1.0,1705.0,-0.004896420932138856,-0.810280969872007,0.1255,0.4323962516733601,0.1507,0.068,0.0201
20260430,5419.6997,5428.853,5443.969,5409.6015,815765.0,-8919.0,456555.0,2.0,0.0,30016.0,0.0,1.0,-2.0,4604.0,-10374.0,5421.59978,5398.15191,5365.25715,23.44787000000088,56.3426300000001,5381.672511349208,5362.019524246031,526928.5,,0.15617,0.8929909717775341,1.100652744558654,1.993643716336188,2.0,30016.0,-1.0,-5770.0,-0.010933295740807708,-0.9522354504034958,0.1358,0.5702811244979921,0.1781,0.072,0.005
20260506,5442.3121,5455.7692,5486.8873,5430.5692,865933.0,50168.0,568387.0,2.0,0.0,34135.0,0.0,1.0,-2.0,7270.0,-12212.0,5428.12988,5406.78775,5367.596645,21.34212999999909,60.53323499999988,5389.934942619049,5365.236619626985,538270.1,,,0.9450167169752438,1.126266542881809,2.071283259857053,2.0,34135.0,-1.0,-4942.0,0.0579351982197237,,0.1317,0.5121293800539085,0.0959,0.092,
20260507,5463.1277,5406.4663,5465.1253,5392.4132,875991.0,10058.0,640492.0,2.0,0.0,32798.0,0.0,2.0,-1.0,10532.0,-8066.0,5433.44794,5420.431399999999,5373.666275,13.01654000000053,59.78166499999952,5397.067188650793,5369.782814714285,548188.4,,,0.9935597402944221,1.126266542881809,2.119826283176231,2.0,32798.0,1.0,2466.0,0.011481853124061777,-0.9801930251759512,0.1261,0.4145658263305321,0.0685,0.0867,0.001
20260508,5457.0978,5445.2974,5496.9661,5442.5143,900267.0,24276.0,776338.0,2.0,0.0,36232.0,0.0,2.0,-1.0,2308.0,-9331.0,5440.14944,5428.2276,5379.94451,11.92183999999997,60.20492999999988,5405.510602857143,5375.368232039683,570843.5,931605.6,,1.012331828621791,1.126266542881809,2.1385983715036,2.0,36232.0,1.0,-7023.0,0.02696533361769342,-0.988780745117093,0.1255,0.4061624649859944,0.0411,0.088,0.001
20260511,5492.928,5462.5472,5498.798,5458.8084,927841.0,27574.0,557753.0,2.0,0.0,36706.0,0.0,2.0,-2.0,0.0,-12537.0,5455.03306,5436.97965,5389.84377,18.05340999999953,65.18928999999935,5415.407074444446,5381.703454309524,557414.4,,,0.9460828418195261,1.126266542881809,2.072349384701335,2.0,36706.0,0.0,-12537.0,0.029718453916134337,-1.036516035296198,0.1209,0.34173669467787104,0.0685,0.0893,0.001
20260512,5518.3747,5497.8414,5527.8688,5481.912,943799.0,15958.0,646859.0,2.0,0.0,36683.0,0.0,2.0,-1.0,3780.0,-8463.0,5474.76806,5448.18392,5399.707285,26.58413999999993,75.06077499999992,5427.218304682539,5388.846473238095,558537.9,,,0.9526731075477339,1.100652744558654,2.053325852106387,2.0,36683.0,1.0,-4683.0,0.016908261186968837,-0.95242325290097,0.1204,0.3347338935574229,0.137,0.0467,0.008
20260513,5494.9538,5520.0739,5530.5483,5466.3197,920853.0,-22946.0,664841.0,2.0,0.0,35180.0,0.0,2.0,-1.0,2380.0,-8275.0,5485.2964,5456.71314,5408.00744,28.58326000000034,77.28895999999986,5437.159803174603,5396.584027944446,578250.8,,,0.9562712319500002,1.100652744558654,2.056923976508654,2.0,35180.0,1.0,-5895.0,-0.024918200842045365,,0.1242,0.3879551820728292,0.1096,0.048,
20260514,5513.6194,5504.9007,5552.6364,5488.7239,939194.0,18341.0,763645.0,2.0,0.0,33731.0,0.0,2.0,-1.0,7046.0,-8328.0,5495.39474,5464.42134,5417.500275,30.97339999999986,77.8944649999994,5447.695446825397,5404.843695698413,598751.6,916374.0,,0.9518204689060679,1.126266542881809,2.078087011787876,2.0,33731.0,1.0,-1282.0,0.019528446731985085,-0.9499529534646564,0.125,0.3932107496463933,0.0959,0.0493,0.0101
20260515,5453.9776,5488.185,5506.3078,5446.1176,903763.0,-35431.0,713010.0,2.0,0.0,30080.0,0.0,1.0,-2.0,1775.0,-12470.0,5494.7707,5467.460069999999,5425.491445000001,27.31063000000086,69.27925499999947,5452.537412619047,5413.024036849207,620329.8,,,0.9756962088714763,1.130504201242177,2.106200410113653,2.0,30080.0,-1.0,-10695.0,-0.039203862074459785,-0.9458598847248518,0.1217,0.3465346534653467,0.0959,0.0493,0.0111
20260518,5446.3146,5448.6312,5469.0681,5441.7063,888561.0,-15202.0,485927.0,2.0,0.0,23631.0,0.0,1.0,-2.0,6009.0,-10497.0,5485.44802,5470.24054,5432.076265,15.20748000000003,53.37175500000012,5454.953127063493,5420.915641428573,627380.7,,,0.9520979074723719,1.130504201242177,2.082602108714549,2.0,23631.0,-1.0,-4488.0,-0.017108560920409518,-0.9422617416438585,0.1116,0.20367751060820383,0.1233,0.0507,0.0121
20260519,5448.1001,5438.0452,5457.6311,5421.9586,889478.0,917.0,475841.0,3.0,0.0,36279.0,0.0,1.0,-2.0,1544.0,-11571.0,5471.393099999999,5473.08058,5435.616244999999,-1.687480000000505,35.77685500000007,5456.419343809523,5428.390324674603,629309.3,,,0.9446743358817018,1.130504201242177,2.075178537123878,3.0,36279.0,-1.0,-10027.0,0.0010309417433595884,-0.9603108193790822,0.1106,0.18953323903818967,0.1507,0.052,0.005
20260520,5413.1959,5457.1184,5459.1234,5401.6497,895815.0,6337.0,589026.0,3.0,0.0,37398.0,0.0,1.0,-2.0,243.0,-15845.0,5455.041520000001,5470.16896,5438.478355,-15.1274399999993,16.56316500000048,5455.868462857144,5434.983676698413,631373.2,,,0.9281279499068842,1.130504201242177,2.058632151149061,3.0,37398.0,-1.0,-15602.0,0.0070740052354559815,-0.9202515781048216,0.11,0.15597667638483967,0.2055,0.084,0.0141
20260521,5385.2392,5411.5499,5424.9512,5380.795,874056.0,-21759.0,549077.0,3.0,0.0,35132.0,0.0,1.0,-2.0,5277.0,-15985.0,5429.36548,5462.38011,5441.405755,-33.01462999999967,-12.04027499999938,5451.510290634921,5440.427986896825,622231.7,,,0.9349090421710513,1.130504201242177,2.065413243413228,3.0,35132.0,-1.0,-10708.0,-0.02489428594964167,-0.902884357750924,0.1071,0.11370262390670557,0.2329,0.088,0.0171
20260522,5390.9792,5392.3405,5409.3501,5380.071,879829.0,5773.0,437959.0,3.0,0.0,34983.0,0.0,1.0,-2.0,7044.0,-18487.0,5416.765799999999,5455.768249999999,5441.997925,-39.00244999999995,-25.23212500000045,5446.82619579365,5444.559546190476,588393.8,,,0.9247615164510583,1.130504201242177,2.055265717693235,3.0,34983.0,-1.0,-11443.0,0.006561502291922635,-0.9233573027049056,0.1034,0.0597667638483966,0.2466,0.0893,0.0141
20260525,5369.9234,5380.5439,5401.4546,5362.9636,900247.0,20418.0,473933.0,3.0,0.0,35402.0,0.0,1.0,-2.0,4903.0,-19439.0,5401.48756,5443.46779,5440.22372,-41.98023000000012,-38.73616000000038,5440.592994682541,5447.078138214287,580011.8,,,0.9307699100081015,1.126266542881809,2.05703645288991,3.0,35402.0,-1.0,-14536.0,0.02268044214532234,-0.9194361084408744,0.104,0.06851311953352764,0.3014,0.0987,0.0161
20260526,5414.0525,5375.3627,5418.786,5363.1769,913737.0,13490.0,475322.0,2.0,-1.0,31184.0,-5667.0,1.0,-2.0,4022.0,-16757.0,5394.678040000001,5433.03557,5440.609745,-38.35752999999931,-45.93170499999906,5436.679588174604,5448.024266563492,562858.1,,,0.9159322642959269,1.126266542881809,2.042198807177735,1.0,25517.0,-1.0,-12735.0,0.014763547935565705,-0.9236871717097755,0.1043,0.061946902654867395,0.3151,0.136,0.0141
20260527,5407.5889,5412.6225,5432.388,5399.8641,892560.0,-21177.0,433311.0,2.0,-1.0,30454.0,-4880.0,1.0,-2.0,2544.0,-14409.0,5393.556640000001,5424.29908,5440.50611,-30.74243999999908,-46.94946999999956,5433.815454126984,5447.68983165873,539705.1,,0.12466,0.8638637624414837,1.100652744558654,1.964516507000137,1.0,25574.0,-1.0,-11865.0,-0.02372613605808013,-0.9285038258804325,0.1084,0.12112259970457902,0.3151,0.1587,0.0141
20260528,5404.8635,5395.4669,5412.0442,5377.036,903122.0,10562.0,442987.0,2.0,-1.0,31216.0,-5793.0,1.0,-2.0,315.0,-19003.0,5397.4815,5413.423489999999,5438.922415,-15.94198999999935,-41.44091500000013,5429.98278968254,5445.918565944445,507639.3,,,0.8389243775399735,1.100652744558654,1.939577122098627,1.0,25423.0,-1.0,-18688.0,0.011694986945285354,-0.9249567361087652,0.1082,0.11816838995568696,0.274,0.08,0.0151
20260529,5439.7298,5395.4867,5446.8421,5390.0084,885301.0,-17821.0,655763.0,2.0,-1.0,26574.0,-6099.0,1.0,-2.0,3731.0,-15992.0,5407.23162,5411.99871,5439.72939,-4.767089999999371,-32.49776999999904,5428.642442222221,5443.529068904762,501914.6,786915.6,0.129605,0.8593969213452003,1.076006253272824,1.935403174618024,1.0,20475.0,-1.0,-12261.0,-0.02012987673119086,-0.967288168041838,0.1127,0.1846381093057607,0.0685,0.0347,0.005
20260601,5478.152,5447.7399,5484.0735,5439.4334,911898.0,26597.0,579428.0,2.0,-1.0,27024.0,-6288.0,1.0,-2.0,14589.0,-16016.0,5428.87734,5415.18245,5442.711495,13.69488999999976,-13.83415500000046,5431.284791984126,5441.162235396825,511264.7,,,0.8581202732424891,1.076006253272824,1.934126526515313,1.0,20736.0,-1.0,-1427.0,0.029166639251319775,-1.025804934494502,0.1126,0.18316100443131475,0.2603,0.0773,0.002
20260602,5467.8584,5482.2335,5484.5647,5450.8877,933913.0,22015.0,510423.0,3.0,0.0,34562.0,0.0,1.0,-2.0,10828.0,-18836.0,5439.63852,5417.15828,5445.11943,22.48023999999987,-5.480910000000222,5433.871562063492,5438.907457222223,514722.9,,0.13202,0.8182443617077731,1.065064025458351,1.883308387166124,3.0,34562.0,-1.0,-8008.0,0.02357285957043108,-1.017429623629352,0.1148,0.21565731166912855,0.274,0.0827,0.003
20260603,5473.0626,5468.4654,5489.1093,5462.0533,969705.0,35792.0,519342.0,3.0,0.0,34629.0,0.0,1.0,-2.0,7742.0,-18457.0,5452.73326,5423.14495,5446.656955,29.58831000000009,6.076304999999593,5436.787432936508,5436.999354230159,507754.5,,0.13248,0.7701812135876779,1.051566710060542,1.821747923648219,3.0,34629.0,-1.0,-10715.0,0.03691019433745314,-1.0026393274382304,0.1152,0.22156573116691286,0.2603,0.0893,0.004
20260604,5408.6746,5474.1937,5480.9632,5403.2726,1001469.0,31764.0,691041.0,3.0,0.0,34096.0,0.0,1.0,-2.0,3790.0,-26680.0,5453.49548,5425.488490000001,5443.9343,28.00698999999895,9.561179999999695,5435.274117539683,5435.375736920634,521950.9,829249.2,,0.7840561701440737,1.051566710060542,1.835622880204615,3.0,34096.0,-1.0,-22890.0,0.03171740712892761,-0.9521031540321976,0.1135,0.1964549483013295,0.5479,0.3467,0.0151
20260605,5374.0411,5409.576,5424.3899,5351.3302,1027064.0,25595.0,733335.0,3.0,0.0,30979.0,0.0,1.0,-2.0,889.0,-25987.0,5440.35774,5423.794680000001,5439.781465,16.5630599999995,0.5762750000003507,5429.504874285713,5433.643604769841,551488.5,880002.0,,0.8450305142922819,1.051566710060542,1.896597224352824,3.0,30979.0,-1.0,-25098.0,0.024920550228612823,-0.976120200455142,0.1115,0.17225609756097565,0.5205,0.3467,0.007
20260608,5364.211,5374.5642,5374.5643,5344.947,1050059.0,22995.0,488071.0,3.0,0.0,28919.0,0.0,1.0,-3.0,0.0,-29570.0,5417.56954,5423.22344,5433.345615,-5.653899999999339,-15.77607499999976,5422.190928333333,5431.80339813492,552902.3,,,0.8379765485825053,1.03419075738479,1.872167305967295,3.0,28919.0,-2.0,-29570.0,0.021898769497713938,-0.9919340147147074,0.1039,0.05640243902439038,0.5205,0.3467,0.005
20260609,5345.1513,5363.5629,5382.127,5341.9688,1072146.0,22087.0,489963.0,2.0,0.0,19232.0,0.0,1.0,-3.0,0.0,-27575.0,5393.028120000001,5416.33332,5424.684445,-23.30519999999888,-31.65632499999901,5414.627780079365,5429.598217325396,554366.4,,,0.8158628109341596,1.03419075738479,1.850053568318949,2.0,19232.0,-2.0,-27575.0,0.020600739078446405,-0.9568818275098984,0.1048,0.0701219512195123,0.5068,0.3467,0.0131
20260610,5349.5238,5343.0731,5357.3257,5336.2436,1089547.0,17401.0,373933.0,2.0,0.0,19488.0,0.0,1.0,-3.0,1311.0,-28427.0,5368.32036,5410.52681,5417.412945,-42.20645000000059,-49.09258500000033,5406.914351746031,5426.908107087302,548428.6,,,0.7857619126501363,1.03419075738479,1.819952670034926,2.0,19488.0,-2.0,-27116.0,0.015970857613301675,-1.009549271382643,0.1004,0.0030487804878049653,0.4932,0.292,0.004
20260611,5324.4952,5348.3672,5356.349,5309.9074,1100003.0,10456.0,507381.0,2.0,0.0,16043.0,0.0,1.0,-3.0,0.0,-25999.0,5351.484480000001,5402.48998,5407.956735,-51.0054999999993,-56.47225499999877,5398.796676031748,5423.789495722222,554868.0,,,0.8091480477450144,1.011022020499758,1.820170068244772,2.0,16043.0,-2.0,-25999.0,0.009505428621558305,-1.0338089519762148,0.1036,0.051829268292682924,0.4384,0.208,0.002
20260612,5347.659,5325.3405,5362.0465,5305.7116,1107537.0,7534.0,607033.0,3.0,0.0,29018.0,0.0,0.0,-3.0,0.0,-26259.0,5346.20806,5393.2829,5402.640805,-47.07484000000022,-56.43274500000007,5391.875876428571,5420.112839142857,549995.0,,0.12121,0.8329896815904647,1.03419075738479,1.867180438975254,3.0,29018.0,-3.0,-26259.0,0.006802481542377365,-1.1136562938849632,0.1054,0.07926829268292676,0.4521,0.208,0.001
20260615,5354.2182,5343.0149,5364.2004,5335.6601,1114638.0,7101.0,446389.0,3.0,0.0,32269.0,0.0,0.0,-3.0,0.0,-30821.0,5344.2095,5380.88952,5398.035985,-36.68001999999979,-53.8264850000005,5386.755202380954,5415.65988018254,536691.1,,,0.7978153931234074,1.011022020499758,1.808837413623165,3.0,32269.0,-3.0,-30821.0,0.006370678193278894,-1.0932090438422817,0.1032,0.045731707317073204,0.1507,0.0813,0.002
20260616,5347.7129,5356.705,5366.4576,5337.4226,1112645.0,-1993.0,446900.0,3.0,0.0,33390.0,0.0,0.0,-3.0,0.0,-31507.0,5344.721820000001,5368.87497,5393.016625,-24.15314999999919,-48.29480499999954,5382.184146428573,5410.491138619048,530338.8,,0.122475,0.7938259577088566,0.9988042701743953,1.792630227883252,3.0,33390.0,-3.0,-31507.0,-0.0017912272108354416,-1.0640698072592771,0.1065,0.09603658536585365,0.1781,0.1333,0.003
20260617,5368.5151,5343.7534,5384.8365,5339.0916,1111155.0,-1490.0,521303.0,3.0,0.0,33702.0,0.0,0.0,-3.0,0.0,-24600.0,5348.52008,5358.42022,5390.782585,-9.900139999999737,-42.26250499999969,5379.168834126984,5404.729278738096,530534.9,,0.12489,0.8084399607359259,0.9869596576749924,1.795399618410918,3.0,33702.0,-3.0,-24600.0,-0.0013409470325922127,-1.0086405303550317,0.1086,0.12804878048780494,0.1781,0.1333,0.009
20260618,5345.9685,5371.9994,5383.4797,5337.0757,1105640.0,-5515.0,535469.0,3.0,0.0,24224.0,0.0,0.0,-3.0,0.0,-25822.0,5352.81474,5352.14961,5388.81905,0.665129999999408,-36.00431000000026,5375.584285238095,5398.760295507936,514977.7,,0.125235,0.7956041368999196,0.9869596576749924,1.782563794574912,3.0,24224.0,-3.0,-25822.0,-0.004988061213414855,-0.9119564371056738,0.1089,0.13262195121951217,0.1644,0.1333,0.0312
20260622,5372.2019,5350.7096,5373.5526,5332.8126,1090803.0,-14837.0,384277.0,3.0,0.0,30599.0,0.0,0.0,-3.0,0.0,-23599.0,5357.72332,5351.96569,5387.880185,5.757630000000063,-30.15686499999993,5373.074943333333,5393.117302412699,480071.9,,,0.7915411081898749,0.9336818239942405,1.725222932184115,3.0,30599.0,-3.0,-23599.0,-0.013601906118703377,-0.9337074486065288,0.1033,0.0637860082304528,0.1507,0.1333,0.0241
20260623,5297.137,5366.4376,5366.4376,5286.6672,1136482.0,45679.0,742086.0,2.0,0.0,17468.0,0.0,0.0,-3.0,0.0,-42768.0,5346.30708,5345.25829,5384.240865000001,1.048790000000736,-37.93378500000017,5366.279971746033,5387.526206753968,505473.4,890503.2,,0.8624178991431997,0.9336818239942405,1.79609972313744,2.0,17468.0,-3.0,-42768.0,0.04019333346238656,-1.0477290202549203,0.106,0.11934156378600824,0.1507,0.1307,0.004
20260624,5275.7631,5304.6877,5316.9306,5271.8011,1152450.0,15968.0,586197.0,2.0,0.0,9946.0,0.0,1.0,-3.0,0.0,-35350.0,5331.91712,5338.31947,5377.326395,-6.402350000000297,-45.40927499999998,5356.993091587302,5381.762737904763,515096.8,,,0.8888285491346215,0.9336818239942405,1.822510373128862,2.0,9946.0,-2.0,-35350.0,0.013855698728795175,-1.1015200684625204,0.1085,0.1707818930041153,0.1644,0.084,0.002
20260625,5243.8036,5277.3219,5277.7882,5232.7786,1159160.0,6710.0,607667.0,2.0,0.0,9670.0,0.0,1.0,-3.0,0.0,-33474.0,5306.97482,5327.747450000001,5369.13713,-20.77263000000039,-62.16230999999971,5345.095623888889,5375.580865119048,538470.2,,,0.847046442798074,0.88453058503806,1.731577027836134,2.0,9670.0,-2.0,-33474.0,0.005788674557438145,-1.0631519008128387,0.1019,0.03497942386831291,0.1781,0.132,0.005
20260626,5251.9415,5251.768,5279.504,5243.4069,1163834.0,4674.0,502394.0,2.0,0.0,16800.0,0.0,1.0,-3.0,0.0,-33435.0,5288.16942,5320.49208,5361.49103,-32.32265999999981,-73.32160999999996,5333.844874603175,5369.08568497619,537971.5,,,0.7988775494595981,0.88453058503806,1.683408134497658,2.0,16800.0,-2.0,-33435.0,0.00401603665127501,,0.1023,0.04320987654320998,0.3425,0.2667,
20260629,5304.653,5284.5707,5318.4376,5283.0126,1149745.0,-14089.0,555587.0,2.0,0.0,16048.0,0.0,1.0,-3.0,1299.0,-26223.0,5274.65964,5316.19148,5354.73719,-41.53183999999965,-80.07754999999997,5327.655450476192,5362.663642380953,532826.9,,,0.848998608041756,0.88453058503806,1.733529193079816,2.0,16048.0,-2.0,-24924.0,-0.012254021543907562,-1.0211325900542343,0.1083,0.22752808988764028,0.274,0.2813,0.0101
20260630,5294.9834,5323.4534,5337.4718,5294.5776,1139194.0,-10551.0,499627.0,2.0,0.0,17403.0,0.0,1.0,-3.0,0.0,-25738.0,5274.22892,5310.268,5345.57876,-36.03908000000047,-71.34984000000077,5322.975084920636,5356.285630634921,538150.7,,,0.8532440232121438,0.8697013128948103,1.722945336106954,2.0,17403.0,-2.0,-25738.0,-0.009261811421057344,-1.0036965899817405,0.1053,0.14325842696629232,0.2877,0.244,0.0141
20260701,5313.0282,5305.5707,5330.2024,5276.9701,1150600.0,11406.0,502679.0,2.0,0.0,17250.0,0.0,0.0,-3.0,0.0,-22702.0,5281.68194,5306.799529999999,5337.83725,-25.11758999999893,-56.1553100000001,5319.050379285715,5349.972253920636,543728.6,,,0.8968505375170857,0.8697013128948103,1.766551850411896,2.0,17250.0,-3.0,-22702.0,0.009913088823222666,-1.0165432140732222,0.1026,0.06214689265536705,0.2603,0.212,0.0121
20260702,5307.1427,5332.2402,5337.7548,5303.023,1185138.0,34538.0,481178.0,2.0,0.0,18834.0,0.0,1.0,-3.0,0.0,-26265.0,5294.34976,5300.66229,5329.541255,-6.312530000000152,-35.19149500000003,5316.788937857144,5343.734264293651,539716.1,,,0.8813258936178789,0.8697013128948103,1.751027206512689,2.0,18834.0,-2.0,-26265.0,0.02914259773967251,-1.0818305622208015,0.1064,0.16949152542372856,0.2055,0.192,0.004
20260703,5353.3651,5324.7873,5360.126,5290.3485,1189926.0,4788.0,694571.0,2.0,0.0,18664.0,0.0,1.0,-2.0,3940.0,-13589.0,5314.63448,5301.401949999999,5326.77578,13.23253000000022,-12.14130000000023,5317.315864603173,5337.907422230159,555626.3,833485.2,,0.8993189509030179,0.8697013128948103,1.769020263797828,2.0,18664.0,-1.0,-9649.0,0.004023779629993798,-1.0959014380091916,0.108,0.21468926553672305,0.274,0.2813,0.003
20260706,5377.609,5355.9494,5378.525,5336.3172,1217205.0,27279.0,643047.0,2.0,0.0,20812.0,0.0,1.0,-3.0,0.0,-13960.0,5329.22568,5301.94266,5326.954175,27.28302000000076,2.271505000000616,5320.807340396826,5332.680661936508,581503.3,,0.124775,0.9173934314321671,0.8697013128948103,1.787094744326978,2.0,20812.0,-2.0,-13960.0,0.022411179710895044,-1.1091502806870803,0.1085,0.2288135593220338,0.2603,0.2827,0.002
20260707,5366.7549,5377.9959,5385.8842,5359.2935,1227389.0,10184.0,581024.0,2.0,0.0,13987.0,0.0,1.0,-3.0,0.0,-15182.0,5343.57998,5308.90445,5327.08137,34.67553000000044,16.49861000000055,5324.774532698412,5328.530118031746,565397.1,,0.12834,0.9138767277483778,0.8622107028043859,1.776087430552764,2.0,13987.0,-2.0,-15182.0,0.008297287982864438,-1.0674805947972692,0.1116,0.3163841807909605,0.2192,0.2,0.007
20260708,5317.8162,5364.8668,5364.8668,5310.0385,1259655.0,32266.0,742338.0,2.0,0.0,14810.0,0.0,1.0,-3.0,0.0,-20346.0,5344.53758,5313.10976,5325.714615,31.42781999999988,18.82296500000029,5325.083261587302,5325.339135031746,581011.2,890805.6,0.13271,0.9292415387183556,0.8622107028043859,1.791452241522741,2.0,14810.0,-2.0,-20346.0,0.025614950125232704,-1.010149379740745,0.1154,0.423728813559322,0.274,0.3627,0.0171
20260709,5295.2968,5316.2087,5324.4042,5282.0165,1263084.0,3429.0,636953.0,2.0,0.0,17671.0,0.0,1.0,-3.0,0.0,-22901.0,5342.1684,5318.25908,5323.003265,23.90932000000066,19.16513500000019,5322.630702222222,5323.09264286508,583939.8,,,0.9244743393384266,0.8622107028043859,1.786685042142813,2.0,17671.0,-2.0,-22901.0,0.002714783814853169,-0.9635712609381364,0.1129,0.35310734463276827,0.3014,0.608,0.0272
20260710,5326.6433,5293.9257,5328.95,5283.6054,1252270.0,-10814.0,634141.0,2.0,0.0,24853.0,0.0,1.0,-2.0,5011.0,-17848.0,5336.82404,5325.72926,5323.11067,11.09478000000036,13.7133700000004,5321.471985079364,5321.855353912699,597114.5,,,0.9312361478202585,0.8622107028043859,1.793446850624644,2.0,24853.0,-1.0,-12837.0,-0.008635517899494518,-0.975482451502653,0.107,0.18644067796610153,0.3151,0.628,0.0262
20260713,5300.2064,5314.2524,5321.1831,5290.8948,1246289.0,-5981.0,555547.0,2.0,0.0,13141.0,0.0,2.0,-3.0,0.0,-23285.0,5321.34352,5325.2846,5320.73804,-3.941079999999602,0.6054800000001705,5319.548229206349,5321.044631785714,597110.5,,,0.864216843730426,0.8622107028043859,1.726427546534812,2.0,13141.0,-1.0,-23285.0,-0.004799047411956617,-0.9066496902616044,0.1083,0.22316384180790932,0.3288,0.6773,0.0453
20260714,5281.1876,5303.2766,5310.792,5272.2223,1266714.0,20425.0,518842.0,2.0,0.0,13587.0,0.0,1.0,-3.0,0.0,-23257.0,5304.23006,5323.90502,5317.08651,-19.67496000000028,-12.85645000000022,5316.322853174603,5320.379408611111,599032.0,,,0.855329065494155,0.8622107028043859,1.717539768298541,2.0,13587.0,-2.0,-23257.0,0.016124397456726617,-0.9008778076291588,0.1035,0.08757062146892632,0.3288,0.6987,0.0473
20260715,5279.3728,5281.6183,5296.6333,5274.052,1268083.0,1369.0,431598.0,2.0,0.0,14727.0,0.0,1.0,-3.0,0.0,-26144.0,5296.54138,5320.53948,5313.669505,-23.9981000000007,-17.12812500000018,5312.656582539683,5319.740028936508,591923.9,,,0.8247622597514335,0.8565825920677448,1.681344851819178,2.0,14727.0,-2.0,-26144.0,0.001079582330178703,-0.8929237101126195,0.1052,0.13559322033898302,0.3836,0.736,0.0483
20260716,5210.6121,5270.6192,5280.8977,5205.545,1366656.0,98573.0,924172.0,3.0,0.0,46728.0,0.0,1.0,-3.0,298.0,-34986.0,5279.60444,5310.88642,5305.774355,-31.28197999999975,-26.16991499999949,5304.677934365078,5318.528928587301,636223.3,1109006.4,,0.8780343934978063,0.8622107028043859,1.740245096302192,3.0,46728.0,-2.0,-34688.0,0.07212714830945022,-0.9683246700942664,0.1077,0.20621468926553674,0.4247,0.756,0.0272
20260717,5172.302,5200.7292,5211.2626,5171.307,1348586.0,-18070.0,755236.0,3.0,0.0,38481.0,0.0,2.0,-3.0,253.0,-16355.0,5248.73618,5292.780110000001,5297.09103,-44.04393000000073,-48.35484999999971,5292.581988174601,5316.055540944444,642289.8,,,0.8438299848036288,0.8565825920677448,1.700412576871374,3.0,38481.0,-1.0,-16102.0,-0.013399219627076063,-0.9213344841302727,0.1066,0.17514124293785302,0.2466,0.5107,0.0433
20260720,5205.9499,5186.2192,5221.4872,5180.9752,1311466.0,-37120.0,595748.0,2.0,0.0,29661.0,0.0,1.0,-3.0,0.0,-20938.0,5229.88488,5275.6142,5288.77843,-45.72932000000037,-58.89355000000069,5283.302486031746,5312.305055507936,637559.9,,,0.8533328173246998,0.8565825920677448,1.709915409392444,2.0,29661.0,-2.0,-20938.0,-0.028304203082657117,-0.8930453922395057,0.105,0.12994350282485856,0.2329,0.496,0.0503
20260721,5215.2469,5209.8053,5226.3921,5195.6007,1297040.0,-14426.0,535308.0,2.0,0.0,20458.0,0.0,1.0,-3.0,0.0,-21779.0,5216.696739999999,5260.4634,5284.683924999999,-43.76666000000023,-67.98718499999995,5275.617324761904,5307.389334714286,632988.3,,,0.824138594402206,0.8534222921420022,1.677560886544208,2.0,20458.0,-2.0,-21779.0,-0.011122247579103189,-0.8425582694590882,0.1044,0.11299435028248597,0.4658,0.7453,0.0523
20260722,5213.7606,5212.4906,5226.2276,5200.4245,1282903.0,-14137.0,478976.0,2.0,0.0,24643.0,0.0,1.0,-3.0,0.0,-22656.0,5203.5743,5250.057839999999,5281.583799999999,-46.48353999999927,-78.0094999999992,5268.54706468254,5301.735715023809,606652.1,,,0.8131002692354407,0.8534222921420022,1.666522561377443,2.0,24643.0,-2.0,-22656.0,-0.011019539279275205,-0.8168407350624997,0.1065,0.1723163841807908,0.4384,0.5587,0.0533
20260723,5235.6733,5202.2968,5239.7215,5201.6418,1271384.0,-11519.0,476279.0,2.0,0.0,24548.0,0.0,2.0,-3.0,51.0,-13632.0,5208.586539999999,5244.09549,5281.177285,-35.50895000000037,-72.59074500000042,5262.763801904764,5295.749024992063,590584.7,,,0.7714451189733821,0.8534222921420022,1.624867411115384,2.0,24548.0,-1.0,-13581.0,-0.009060205256633716,-0.8099979117883498,0.1021,0.048022598870056304,0.4384,0.5093,0.0553
20260724,5207.3609,5231.3463,5234.4353,5200.8033,1251658.0,-19726.0,466749.0,2.0,0.0,19389.0,0.0,1.0,-3.0,493.0,-17012.0,5215.59832,5232.16725,5278.948255,-16.56893000000036,-63.34993500000019,5256.093802619048,5289.211206746031,573845.5,,,0.7632628862471881,0.8516058290293045,1.614868715276493,2.0,19389.0,-2.0,-16519.0,-0.01575989607384765,-0.8487662177003715,0.1042,0.10734463276836152,0.411,0.4627,0.0523
20260727,5219.6114,5200.1979,5225.7953,5187.0565,1227744.0,-23914.0,473959.0,2.0,0.0,21963.0,0.0,1.0,-2.0,329.0,-19536.0,5218.33062,5224.10775,5274.696175,-5.777130000000398,-56.36555500000031,5249.736055555556,5282.229989380952,565686.7,,,0.7813235882852966,0.8516058290293045,1.632929417314601,2.0,21963.0,-1.0,-19207.0,-0.019478001928740846,-0.8467181658821445,0.1006,0.005649717514124063,0.4247,0.4147,0.0533
20260728,5193.0497,5208.3657,5213.6474,5188.5505,1235862.0,8118.0,548503.0,2.0,0.0,20418.0,0.0,1.0,-3.0,0.0,-24418.0,5213.89118,5215.29396,5269.59949,-1.402780000000348,-55.70830999999998,5242.334472698413,5274.831151333334,568652.8,,,0.7476786542389495,0.8516058290293045,1.599284483268254,2.0,20418.0,-2.0,-24418.0,0.006568694562985188,-0.8319556422919008,0.0988,0.0,0.411,0.3387,0.0553
