,收盘价,开盘价,最高价,最低价,持仓量,持仓量变动,成交量,家人多头席位数,家人空头席位数,家人多头持仓量,家人空头持仓量,机构多头席位数,机构空头席位数,机构多头持仓量,机构空头持仓量,ma5,ma10,ma20,diff5_10,diff5_20,DKX,MADKX,成交量MA10,成交量放大信号,IV上涨信号,ATRMA14,ATR60D60pct,推荐止损宽度,家人净多头席位,家人净多头持仓量,机构净多头席位,机构净多头持仓量,持仓量变幅,CB_index,IV,IV_pct,趋势横截面分位数,趋势历史分位数,CB_index历史分位数
20240506,8516.0215,8492.0557,8544.5176,8427.043,436699.0,11556.0,435710.0,2.0,0.0,7097.0,0.0,1.0,-2.0,14030.0,-35406.0,8388.938080000002,8278.65454,8241.28965,110.2835400000022,147.6484300000011,8264.924850317462,8189.031228753968,822028.2,,,2.186547025172943,1.632231088045349,3.818778113218293,2.0,7097.0,-1.0,-21376.0,0.02646216272535545,-0.739325958259032,,,0.9863,0.9853,0.001
20240507,8669.4326,8530.2148,8713.3574,8530.2148,476695.0,39996.0,805860.0,2.0,0.0,7364.0,0.0,1.0,-2.0,13329.0,-32760.0,8471.645500000002,8344.340670000001,8264.090625,127.3048300000009,207.5548750000016,8302.18945063492,8201.528431952382,848879.7,,0.233795,2.177747761768043,1.632231088045349,3.809978849813392,2.0,7364.0,-1.0,-19431.0,0.08390270508396354,-0.6272688360761064,,,0.9315,0.9133,0.002
20240508,8698.8135,8661.1309,8743.7256,8649.5176,489743.0,13048.0,765825.0,1.0,-1.0,7556.0,-6359.0,1.0,-2.0,14617.0,-30308.0,8544.01192,8414.19839,8283.320165000001,129.8135300000013,260.6917549999998,8344.05434706349,8220.402405261904,866187.5,,,2.082343145788677,1.622589549392582,3.704932695181259,0.0,1197.0,-1.0,-15691.0,0.026642545171651252,-0.5649391001045903,,,0.9041,0.9067,0.003
20240509,8629.9707,8671.5322,8687.5635,8588.9736,486105.0,-3638.0,672940.0,2.0,-1.0,6925.0,-1487.0,1.0,-2.0,12232.0,-30634.0,8583.4754,8472.017479999999,8302.75288,111.4579200000007,280.7225199999993,8378.178847142857,8244.206141571429,879727.9,,,2.053762043801273,1.622589549392582,3.676351593193855,1.0,5438.0,-1.0,-18402.0,-0.007483979798603183,-0.4977088918249296,,,0.8493,0.8813,0.008
20240510,8558.2295,8615.1797,8690.332,8489.8516,486515.0,410.0,832993.0,2.0,0.0,7486.0,0.0,1.0,-2.0,12508.0,-30551.0,8614.493559999999,8490.392479999999,8316.273045,124.1010800000004,298.2205149999991,8404.816371984129,8269.666465253968,812359.3,,,2.064076912400728,1.632231088045349,3.696308000446078,2.0,7486.0,-1.0,-18043.0,0.0008427283845307956,-0.6845856979297492,,,0.8356,0.8613,0.002
20240513,8781.8516,8550.8496,8784.9795,8520.4424,523016.0,36501.0,782275.0,2.0,0.0,8144.0,-758.0,1.0,-2.0,14179.0,-34132.0,8667.65958,8528.29883,8340.0062,139.3607499999998,327.6533799999997,8441.940429920636,8296.850813634921,809835.6,,0.23437,2.194908078645716,1.644862826937786,3.839770905583503,2.0,7386.0,-1.0,-19953.0,0.06978945194793276,-0.8442391886677005,,,0.7945,0.8267,0.001
20240514,8868.5615,8800.0918,8968.7119,8798.6514,538678.0,15662.0,1084609.0,2.0,-1.0,7339.0,-1406.0,1.0,-2.0,7156.0,-26459.0,8707.48536,8589.56543,8370.652194999999,117.91993,336.8331650000018,8492.54990373016,8327.785870738096,799834.2,1301530.8,,2.199396171798677,1.66682201043434,3.866218182233016,1.0,5933.0,-1.0,-19303.0,0.029074883325474588,-0.4781734657577775,,,0.8082,0.892,0.013
20240515,8788.4277,8759.458,8834.8389,8662.334,520040.0,-18638.0,1126007.0,2.0,-1.0,9919.0,0.0,1.0,-2.0,6703.0,-33117.0,8725.4082,8634.710060000001,8401.568329999998,90.6981399999986,323.8398700000016,8530.806514603177,8361.321131198414,839055.1,1351208.4,,2.262343405695361,1.679677342440818,3.942020748136179,1.0,9919.0,-1.0,-26414.0,-0.03583955080378432,-0.7293482149307637,,,0.7671,0.8307,0.003
20240516,8726.6201,8807.9648,8826.6836,8680.4688,523222.0,3182.0,855135.0,2.0,0.0,10964.0,0.0,1.0,-2.0,7631.0,-36156.0,8744.73808,8664.10674,8429.481904999999,80.63133999999991,315.2561750000004,8565.290988968254,8396.288750587302,839046.7,,,2.02688436008214,1.676032745947667,3.702917106029807,2.0,10964.0,-1.0,-28525.0,0.006081548558737973,-0.8391536975405605,,,0.7123,0.7773,0.002
20240517,8860.2422,8740.8525,8873.3018,8706.5635,506212.0,-17010.0,764496.0,2.0,-1.0,9106.0,0.0,1.0,-2.0,3120.0,-23787.0,8805.14062,8709.81709,8468.65283,95.32352999999966,336.4877899999992,8603.03727650794,8432.778898087301,812585.0,,,2.057023401687166,1.676032745947667,3.733056147634833,1.0,9106.0,-1.0,-20667.0,-0.03360252226339953,-0.9657457187517984,,,0.6986,0.768,0.001
20240520,8821.96,8880.5752,8920.9053,8793.2451,498490.0,-7722.0,700894.0,2.0,0.0,9875.0,0.0,1.0,-2.0,3130.0,-30761.0,8813.1623,8740.41094,8509.532739999999,72.7513600000002,303.6295600000012,8639.53138904762,8470.239551960318,839103.4,,,1.930189893050572,1.676032745947667,3.606222638998239,2.0,9875.0,-1.0,-27631.0,-0.01549078216212963,-0.3863059200145469,,,0.7123,0.7667,0.023
20240521,8870.0479,8826.3838,9043.1729,8802.6064,493370.0,-5120.0,1016610.0,2.0,0.0,7253.0,0.0,1.0,-2.0,7693.0,-25789.0,8813.45958,8760.472469999999,8552.40657,52.98711000000185,261.0530100000014,8676.06919936508,8507.627526833334,860178.4,,0.227815,2.02241921180209,1.679677342440818,3.702096554242908,2.0,7253.0,-1.0,-18096.0,-0.010377607069744816,-0.3554612647859734,,,0.7123,0.6733,0.026
20240522,8955.6182,8860.0537,8956.4971,8843.7998,496143.0,2773.0,637485.0,2.0,0.0,7514.0,-465.0,1.0,-2.0,7673.0,-21339.0,8846.89768,8786.15294,8600.175664999999,60.74474000000009,246.7220150000012,8711.962671031748,8544.41835923016,847344.4,,0.235405,1.989769608774413,1.679677342440818,3.669446951215231,2.0,7049.0,-1.0,-13666.0,0.005589114428703015,-0.2891901583974186,,,0.7397,0.672,0.028
20240523,8907.29,8953.1631,9054.4443,8801.1768,498622.0,2479.0,1068170.0,2.0,-1.0,7954.0,-782.0,1.0,-2.0,7812.0,-24230.0,8883.03166,8813.88487,8642.951175,69.14679000000069,240.0804850000004,8742.815078174603,8580.881982333334,886867.4,1281804.0,,1.995883397537314,1.732690646011486,3.7285740435488,1.0,7172.0,-1.0,-16418.0,0.0049717020107416035,-0.404937575905426,,,0.7534,0.6733,0.022
20240524,8868.2051,8952.2686,8995.4287,8857.3027,494355.0,-4267.0,723338.0,2.0,0.0,9499.0,0.0,1.0,-2.0,8352.0,-30285.0,8884.624240000001,8844.882430000001,8667.637455,39.74180999999953,216.986785000001,8769.21318746032,8617.321663880954,875901.9,,,1.98752434596896,1.732690646011486,3.720214991980446,2.0,9499.0,-1.0,-21933.0,-0.008631449059886115,-0.3909588652567205,,,0.7671,0.6747,0.024
20240527,8790.7891,8884.3096,8922.5508,8765.3125,490607.0,-3748.0,832787.0,2.0,0.0,8225.0,0.0,1.0,-2.0,2479.0,-27385.0,8878.390060000002,8845.77618,8687.037504999998,32.61388000000079,191.3525550000031,8785.390933809524,8651.666714269842,880953.1,,,1.952999246902947,1.725840091698889,3.678839338601836,2.0,8225.0,-1.0,-24906.0,-0.007639515946572307,-0.4526441538418472,,,0.8082,0.676,0.019
20240528,8927.79,8781.8008,8981.7832,8781.8008,477315.0,-13292.0,796902.0,1.0,-1.0,6351.0,-7262.0,2.0,-2.0,3121.0,-13477.0,8889.93848,8851.69903,8720.63223,38.23945000000094,169.3062500000015,8804.41252722222,8682.852976619048,852182.4,,,2.035121572701703,1.725840091698889,3.760961664400592,0.0,-911.0,0.0,-10356.0,-0.027847438274514733,-0.4238532664443019,,,0.7808,0.68,0.023
20240529,9062.8701,8947.252,9074.7383,8869.0889,500867.0,23552.0,994603.0,1.0,-1.0,6059.0,-9205.0,2.0,-1.0,6635.0,-1419.0,8911.388860000001,8879.143269999999,8756.926665,32.24559000000227,154.4621950000001,8832.498300793652,8713.022155238095,839042.0,,,2.105402308645737,1.813629748313182,3.919032056958919,0.0,-3146.0,1.0,5216.0,0.047022463049072906,-0.4042999983937734,,,0.7945,0.6813,0.025
20240530,8832.1211,9039.1709,9086.9375,8821.6279,473253.0,-27614.0,911722.0,2.0,0.0,11163.0,0.0,1.0,-2.0,7691.0,-28561.0,8896.35508,8889.693369999999,8776.900055000002,6.661710000000312,119.4550249999975,8847.879876349209,8741.281043976192,844700.7,,,2.153009547020301,1.863388945753943,4.016398492774243,2.0,11163.0,-1.0,-20870.0,-0.0583493395710117,-0.4867103544745695,,,0.7671,0.6827,0.014
20240531,8928.0068,8812.5049,8945.3711,8807.6172,453545.0,-19708.0,718928.0,2.0,0.0,6758.0,-2054.0,1.0,-2.0,3343.0,-23752.0,8908.31542,8896.46983,8803.14346,11.84559000000081,105.1719600000015,8858.935022539685,8766.870818579366,840143.9,,,2.048403273443578,1.863388945753943,3.911792219197522,2.0,4704.0,-1.0,-20409.0,-0.04345324058252213,-0.461668081727764,,,0.7534,0.684,0.019
20240603,8683.3926,8951.5742,8967.9785,8647.2002,447256.0,-6289.0,941256.0,2.0,-1.0,7520.0,0.0,1.0,-2.0,2677.0,-23817.0,8886.83612,8882.613089999999,8811.512015,4.223030000001017,75.32410499999969,8856.038671904762,8788.52154686508,864180.1,,,2.159439599666644,1.882316809466128,4.041756409132772,1.0,7520.0,-1.0,-21140.0,-0.014061298227413383,-0.5254755944123074,,,0.9315,0.896,0.011
20240604,8606.8984,8694.0498,8701.2646,8558.5947,447773.0,517.0,677270.0,2.0,0.0,12771.0,0.0,1.0,-2.0,2920.0,-30067.0,8822.657799999999,8856.29814,8808.385305,-33.64034000000174,14.27249499999925,8839.122489603174,8804.82687588889,830246.1,,,2.111283355521147,1.882316809466128,3.993600164987275,2.0,12771.0,-1.0,-27147.0,0.0011546028903037923,-0.5523872003897238,,,0.9452,0.9693,0.01
20240605,8585.1514,8581.4736,8630.5918,8554.8418,444152.0,-3621.0,541263.0,2.0,0.0,12222.0,0.0,1.0,-2.0,3743.0,-40153.0,8727.11406,8819.25146,8802.7022,-92.13739999999962,-75.58813999999984,8818.430522619046,8815.47366104762,820623.9,,,2.05673381145209,1.863388945753943,3.920122757206033,2.0,12222.0,-1.0,-36410.0,-0.00815261442028855,-0.4953194396694978,,,0.9452,0.9747,0.016
20240606,8640.1855,8594.3506,8642.5078,8545.4033,443738.0,-414.0,598058.0,2.0,-1.0,7812.0,-60.0,1.0,-2.0,3568.0,-33193.0,8688.72694,8792.541009999999,8803.212940000001,-103.8140699999985,-114.4860000000008,8800.60452595238,8821.252605825397,773612.7,,,2.004006529746275,1.863388945753943,3.867395475500218,1.0,7752.0,-1.0,-29625.0,-0.0009329829764410531,-0.4669326208730443,,,0.9315,0.9747,0.022
20240607,8638.1465,8655.2988,8749.3447,8630.999,445600.0,1862.0,589672.0,2.0,0.0,8232.0,0.0,1.0,-2.0,2669.0,-32208.0,8630.754879999999,8769.53515,8807.20879,-138.7802700000011,-176.453910000002,8785.894115555555,8822.92069863492,760246.1,,,1.999439599721947,1.863388945753943,3.86282854547589,2.0,8232.0,-1.0,-29539.0,0.004178635547576302,-0.522603608406694,,,0.9452,0.9667,0.013
20240611,8580.0605,8614.416,8663.7373,8517.0596,438053.0,-7547.0,453537.0,2.0,0.0,10047.0,0.0,1.0,-2.0,2887.0,-25548.0,8610.088459999999,8748.46229,8797.119235,-138.3738300000005,-187.0307750000011,8764.903056825397,8820.871910936508,722321.1,,,1.927824962307102,1.863388945753943,3.791213908061045,2.0,10047.0,-1.0,-22661.0,-0.01722850887906258,-0.4802313054553191,,,0.9452,0.9547,0.021
20240612,8648.6631,8584.333,8663.7617,8524.4238,453140.0,15087.0,591583.0,2.0,0.0,12095.0,0.0,1.0,-2.0,2665.0,-24191.0,8618.4414,8720.5496,8786.124315000001,-102.1082000000006,-167.6829150000012,8748.745948571428,8815.30525307143,701789.2,,0.21712,1.954359820569281,1.863388945753943,3.817748766323224,2.0,12095.0,-1.0,-21526.0,0.03329434611819747,-0.4509274659944415,,,0.9589,0.944,0.028
20240613,8519.9551,8669.5254,8686.3779,8503.9229,462360.0,9220.0,717628.0,2.0,0.0,12196.0,0.0,1.0,-2.0,3464.0,-32884.0,8605.40214,8666.258100000001,8772.700685,-60.85596000000078,-167.2985449999996,8727.455092539683,8804.800932246031,674091.7,,,1.902653969402192,1.882316809466128,3.78497077886832,2.0,12196.0,-1.0,-29420.0,0.019941171381607406,-0.4717967108219122,,,0.8082,0.788,0.024
20240614,8494.1396,8517.7939,8548.5215,8447.6992,456387.0,-5973.0,596795.0,2.0,0.0,11643.0,0.0,1.0,-2.0,3359.0,-32791.0,8576.19296,8632.45995,8761.07666,-56.26699000000008,-184.8837000000003,8700.313400158731,8790.044284626983,642599.0,,,1.877898367472464,1.863388945753943,3.741287313226406,2.0,11643.0,-1.0,-29432.0,-0.013087576990580363,-0.4986140259170943,,,0.7945,0.7427,0.016
20240617,8313.041,8507.668,8507.668,8290.4658,470567.0,14180.0,610421.0,2.0,0.0,15471.0,0.0,1.0,-2.0,4070.0,-38007.0,8511.171859999999,8570.96337,8733.7166,-59.79151000000093,-222.5447400000012,8663.05193095238,8770.455975468252,631748.3,,,1.93465391204055,1.896125121150889,3.83077903319144,2.0,15471.0,-1.0,-33937.0,0.030133859790423042,-0.5191355139796192,,,0.7397,0.692,0.014
20240618,8348.2949,8300.4072,8380.9258,8300.4072,455299.0,-15268.0,460027.0,2.0,0.0,11763.0,0.0,1.0,-2.0,4228.0,-32213.0,8464.81874,8537.4536,8710.033345,-72.63486000000012,-245.2146049999992,8624.18782357143,8747.270890634922,583625.4,,,1.84510084653835,1.863388945753943,3.708489792292293,2.0,11763.0,-1.0,-27985.0,-0.03353400732266049,-0.5265116173990295,,,0.726,0.6453,0.012
20240619,8414.8447,8350.2705,8432.5879,8331.3633,453244.0,-2055.0,486122.0,2.0,0.0,13514.0,0.0,1.0,-2.0,3492.0,-28343.0,8418.055059999999,8518.248230000001,8687.273185,-100.1931700000023,-269.2181250000012,8593.034780873018,8722.662119761906,564510.6,,,1.768193380332405,1.863388945753943,3.631582326086348,2.0,13514.0,-1.0,-24851.0,-0.004533981696393113,-0.5029606123319602,,,0.6027,0.52,0.016
20240620,8441.9727,8429.8643,8463.3467,8390.3271,442307.0,-10937.0,461036.0,2.0,0.0,9104.0,0.0,1.0,-2.0,3240.0,-20079.0,8402.45858,8503.93036,8661.59091,-101.4717799999999,-259.1323300000004,8568.391425158734,8697.658210015874,556487.9,,,1.61349781678246,1.813629748313182,3.427127565095642,2.0,9104.0,-1.0,-16839.0,-0.024727169138177782,-0.4894025214396169,,,0.5479,0.4613,0.022
20240621,8325.5176,8446.2695,8462.6758,8309.2051,453201.0,10894.0,500988.0,2.0,0.0,13533.0,0.0,1.0,-2.0,3572.0,-22014.0,8368.734180000001,8472.46357,8632.50229,-103.7293899999986,-263.7681099999991,8539.387535714284,8671.536510992064,546780.9,,,1.634831172915993,1.846453485112721,3.481284658028714,2.0,13533.0,-1.0,-18442.0,0.02403789929854524,-0.5506886029849888,,,0.5479,0.4213,0.011
20240624,8403.1543,8316.0352,8444.333,8288.2813,440291.0,-12910.0,580399.0,2.0,0.0,8102.0,0.0,2.0,-2.0,3790.0,-14079.0,8386.756839999998,8448.96435,8609.249749999999,-62.207510000002,-222.4929100000008,8514.211966349205,8644.36829607143,545853.6,,,1.500210171861826,1.853465068310773,3.353675240172599,2.0,8102.0,0.0,-10289.0,-0.02932151690586453,-0.5125243784235357,,,0.4932,0.3573,0.017
20240625,8300.5,8393.457,8426.25,8250.2246,450713.0,10422.0,671226.0,2.0,0.0,12161.0,0.0,1.0,-2.0,4537.0,-20754.0,8377.19786,8421.0083,8584.735295,-43.81043999999929,-207.5374350000002,8486.040016825398,8616.48199207143,567622.5,,,1.53219581018977,1.866984862268832,3.399180672458602,2.0,12161.0,-1.0,-16217.0,0.02312336231703989,-0.5382073127715653,,,0.4658,0.3107,0.012
20240626,8353.9209,8301.9824,8362.6416,8200.7637,455034.0,4321.0,598386.0,2.0,0.0,11078.0,0.0,2.0,-2.0,3363.0,-11900.0,8365.0131,8391.534080000001,8556.04184,-26.52098000000115,-191.0287399999997,8459.907792857142,8587.5981765,568302.8,,0.20723,1.607916963247675,1.866984862268832,3.474901825516507,2.0,11078.0,0.0,-8537.0,0.00949599370596483,-0.481830243666854,,,0.411,0.252,0.029
20240627,8338.1514,8353.751,8413.5127,8314.3564,451383.0,-3651.0,551474.0,2.0,0.0,13930.0,0.0,2.0,-2.0,3562.0,-12853.0,8344.24884,8373.35371,8519.805905,-29.10486999999921,-175.5570649999991,8440.548050714287,8558.907472317462,551687.4,,0.2093,1.61376545320671,1.866984862268832,3.480750315475542,2.0,13930.0,0.0,-9291.0,-0.008088474754255255,-0.4576496716076539,,,0.3151,0.1373,0.036
20240628,8409.2168,8360.3965,8434.7998,8352.876,435892.0,-15491.0,517161.0,2.0,0.0,10634.0,0.0,2.0,-1.0,5320.0,-10666.0,8360.988679999999,8364.86143,8498.66069,-3.87275000000227,-137.672010000002,8427.25898690476,8531.602030992064,543724.0,,0.214015,1.598494698417977,1.866984862268832,3.46547956068681,2.0,10634.0,1.0,-5346.0,-0.035538619658080445,-0.4225860216712422,,,0.3151,0.116,0.044
20240701,8499.1709,8414.9932,8545.0283,8393.3115,431693.0,-4199.0,604427.0,2.0,0.0,9986.0,0.0,2.0,-2.0,6619.0,-13693.0,8380.192,8383.47442,8477.218895000002,-3.282420000001366,-97.0268950000027,8424.882492698413,8507.785087166669,543124.6,,,1.603869528043855,1.866984862268832,3.470854390312687,2.0,9986.0,0.0,-7074.0,-0.009726819753852855,-0.6271866713315822,,,0.411,0.1813,0.008
20240702,8772.8311,8494.7607,8780.5762,8491.7432,482050.0,50357.0,790859.0,2.0,0.0,7219.0,0.0,2.0,-1.0,19342.0,-10062.0,8474.65822,8425.928039999999,8481.69082,48.73018000000047,-7.032600000000457,8443.668671904763,8489.733172,576207.8,949030.7999999999,0.225285,1.728941787121523,1.904221438701696,3.633163225823219,2.0,7219.0,1.0,9280.0,0.10446426719219998,-0.9350337886456308,,,0.3973,0.1707,0.002
20240703,8780.9355,8807.2627,8856.9717,8690.1045,460467.0,-21583.0,836007.0,2.0,-1.0,12225.0,-2097.0,2.0,-1.0,16039.0,-11056.0,8560.06114,8462.537119999999,8490.392675000001,97.52402000000075,69.66846499999883,8472.028637063493,8477.632557619047,611196.3,1003208.4,,1.711936091775342,1.915300095639797,3.627236187415139,1.0,10128.0,1.0,4983.0,-0.04687197996816276,-0.5481421859274254,,,0.3562,0.1547,0.014
20240704,8821.6895,8812.459,8883.8906,8790.7637,459054.0,-1413.0,751685.0,2.0,-1.0,11619.0,-1489.0,2.0,-1.0,17036.0,-9052.0,8656.768759999999,8500.5088,8502.21958,156.2599599999994,154.5491799999982,8503.829531349205,8471.176368238095,640261.2,,,1.70900447691351,1.915300095639797,3.624304572553307,1.0,10130.0,1.0,7984.0,-0.003078069246755284,-0.4737661821431564,,,0.3425,0.156,0.036
20240705,8767.9453,8822.0811,8898.96,8747.4639,461634.0,2580.0,739666.0,1.0,0.0,4731.0,0.0,2.0,-1.0,19361.0,-7665.0,8728.51446,8544.75157,8508.607569999998,183.76289,219.906890000002,8531.931421111112,8470.430756777778,664129.0,,,1.647244870153701,1.889256449725655,3.536501319879356,1.0,4731.0,1.0,11696.0,0.005588843109476338,-0.2729235121273374,,,0.3562,0.1573,0.06
20240708,8768.5576,8781.835,8844.0898,8704.7207,452646.0,-8988.0,703070.0,1.0,-1.0,3950.0,-1545.0,2.0,-1.0,13364.0,-13501.0,8782.391800000001,8581.2919,8515.128125,201.0999000000011,267.263675000002,8557.603774126985,8474.769937555557,676396.1,,,1.690736022985995,1.889256449725655,3.57999247271165,0.0,2405.0,1.0,-137.0,-0.019856576662557496,-0.5192141919128793,,,0.3014,0.0853,0.02
20240709,8616.3164,8732.7012,8740.5264,8601.4395,441765.0,-10881.0,715894.0,2.0,-1.0,7671.0,-1835.0,2.0,-1.0,11427.0,-17346.0,8751.08886,8612.873539999999,8516.94092,138.2153200000012,234.1479400000007,8570.418961507938,8483.20783202381,680862.9,,,1.742982852491157,1.915300095639797,3.658282948130954,1.0,5836.0,1.0,-5919.0,-0.02463074258938576,-0.5164487748227242,,,0.3151,0.1053,0.022
20240710,8357.7881,8589.5625,8619.0234,8277.2363,455017.0,13252.0,1015246.0,2.0,-1.0,10360.0,-1999.0,1.0,-2.0,3627.0,-24847.0,8666.45938,8613.26026,8502.39717,53.19912000000113,164.0622100000001,8562.125349523809,8493.429587690476,722548.9,1218295.2,,1.969091082241237,1.938470103875911,3.907561186117149,1.0,8361.0,-1.0,-21220.0,0.02912418656885347,-0.5642067765724743,,,0.3973,0.2053,0.011
20240711,8334.0947,8379.9385,8391.4668,8312.0635,451058.0,-3959.0,607798.0,2.0,-1.0,8638.0,-1923.0,1.0,-2.0,3756.0,-28586.0,8568.940419999999,8612.854589999999,8493.10415,-43.91417000000001,75.83626999999979,8546.953294206349,8504.07011203968,728181.3,,,1.906981278635265,1.915300095639797,3.822281374275062,1.0,6715.0,-1.0,-24830.0,-0.008777141742303651,-0.7712628005138411,,,0.411,0.2693,0.005
20240712,8419.6279,8361.373,8489.8545,8306.9463,439237.0,-11821.0,699717.0,2.0,-1.0,11698.0,0.0,1.0,-2.0,4143.0,-25252.0,8499.27694,8613.8957,8489.378565,-114.6187599999994,9.89837499999885,8538.260476428572,8515.170260992065,746436.9,,,1.929184880668901,1.915300095639797,3.844484976308698,1.0,11698.0,-1.0,-21109.0,-0.026912577947668343,-0.7415337792008645,,,0.4247,0.328,0.006
20240715,8417.3398,8420.3652,8448.0947,8262.1885,446075.0,6838.0,762249.0,2.0,0.0,8571.0,0.0,1.0,-1.0,4169.0,-12750.0,8429.033379999999,8605.71259,8494.593505,-176.6792100000002,-65.56012500000179,8528.797914761906,8525.561803198414,762219.1,,,1.935558688218527,1.938470103875911,3.874028792094439,2.0,8571.0,0.0,-8581.0,0.015329260774533431,-0.6702624902807847,,,0.411,0.3747,0.01
20240716,8387.8271,8394.2607,8440.9424,8339.7266,452318.0,6243.0,684997.0,2.0,0.0,9055.0,0.0,1.0,-2.0,4364.0,-15981.0,8383.33552,8567.21219,8496.570114999999,-183.8766699999996,-113.2345949999981,8518.509876031745,8533.045923611111,751632.9,,,1.884328334812359,1.915300095639797,3.799628430452156,2.0,9055.0,-1.0,-11617.0,0.013802236479644852,-0.6166764368806082,,,0.4521,0.432,0.013
20240717,8396.6348,8359.3271,8489.3311,8353.8252,456913.0,4595.0,666983.0,2.0,0.0,7141.0,0.0,1.0,-2.0,8813.0,-15679.0,8391.10486,8528.78212,8495.65962,-137.6772600000004,-104.5547600000009,8509.33263984127,8536.776323888891,734730.5,,,1.913762646239537,1.915300095639797,3.829062741879334,2.0,7141.0,-1.0,-6866.0,0.010056619093788095,-0.6582854031018072,,,0.5479,0.4747,0.011
20240718,8649.1523,8414.2109,8660.1758,8387.5752,477574.0,20661.0,1077925.0,2.0,-1.0,2919.0,0.0,3.0,-1.0,8456.0,0.0,8454.116380000001,8511.5284,8506.0186,-57.41201999999794,-51.90221999999812,8516.735571031746,8538.066927857142,767354.5,1293510.0,0.225515,2.056574989875606,1.915300095639797,3.971875085515403,1.0,2919.0,2.0,8456.0,0.04326240540732954,-0.6297173131734273,,,0.6027,0.5987,0.012
20240719,8681.6035,8630.1016,8704.6836,8569.833,481563.0,3989.0,1036839.0,2.0,0.0,6295.0,0.0,2.0,-2.0,8117.0,-8802.0,8506.511499999999,8502.894219999998,8523.822895000001,3.617280000000392,-17.31139500000245,8531.167565555555,8537.990542301588,797071.8,1244206.8,,2.039417911460286,1.915300095639797,3.954718007100083,2.0,6295.0,0.0,-685.0,0.00828344370310842,-0.5625530017377129,,,0.6986,0.6613,0.018
20240722,8750.0332,8719.5742,8795.5928,8682.1494,502524.0,20961.0,1033393.0,2.0,0.0,2724.0,0.0,1.0,-2.0,14292.0,-13180.0,8573.05018,8501.04178,8541.166840000002,72.00840000000062,31.8833399999985,8552.768824126983,8537.507047301586,830104.1,1240071.6,0.231495,1.894283150835085,1.889256449725655,3.78353960056074,2.0,2724.0,-1.0,1112.0,0.04171144064761086,-0.6122402304499021,,,0.7534,0.6947,0.016
20240723,8774.6963,8749.3701,8842.9434,8714.3857,499638.0,-2886.0,811352.0,1.0,-2.0,594.0,-4289.0,2.0,-1.0,18246.0,-8054.0,8650.42402,8516.87977,8564.876655,133.5442500000008,85.54736500000035,8575.072978571427,8537.972449007935,839649.9,,,1.86249501964556,1.889256449725655,3.751751469371214,-1.0,-3695.0,1.0,10192.0,-0.005776181955735953,-0.6197741757219254,,,0.7671,0.66,0.015
20240724,8707.1123,8798.5918,8839.1396,8686.7783,500655.0,1017.0,971840.0,1.0,-1.0,0.0,-4614.0,2.0,-1.0,26420.0,-2176.0,8712.51952,8551.81219,8582.536225,160.7073299999993,129.983295,8592.354123492063,8540.995326404762,835309.3,,,1.905434901575684,1.866984862268832,3.772419763844517,0.0,-4614.0,1.0,24244.0,0.0020313389459807652,-0.5773421492008104,,,0.8082,0.6813,0.018
20240725,8686.5303,8720.8301,8742.0156,8595.6816,494175.0,-6480.0,986901.0,0.0,-1.0,0.0,-2753.0,2.0,-1.0,23921.0,-899.0,8719.99512,8587.05575,8599.955170000001,132.9393700000001,120.0399499999985,8602.515598888887,8546.551556873015,873219.6,,,1.902424588092675,1.866984862268832,3.769409450361508,-1.0,-2753.0,1.0,23022.0,-0.013112763697070876,-0.551432622300392,,,0.8356,0.7027,0.024
20240726,8848.4863,8687.8887,8868.0801,8659.9229,519404.0,25229.0,1026933.0,0.0,-2.0,0.0,-3440.0,3.0,0.0,20671.0,0.0,8753.37168,8629.94159,8621.918645,123.4300899999998,131.4530350000005,8621.215053650792,8554.847014595238,905941.2,,,1.958468128773066,1.889256449725655,3.847724578498721,-2.0,-3440.0,3.0,20671.0,0.04857297979992453,-0.4586130239163469,,,0.8767,0.8053,0.054
20240729,8727.3613,8814.5889,8836.0234,8525.1553,473494.0,-45910.0,1314141.0,1.0,0.0,0.0,-459.0,2.0,-1.0,17774.0,-1504.0,8748.837300000001,8660.943739999999,8633.328164999999,87.89356000000225,115.5091350000021,8631.168683015874,8565.084091420635,961130.4,1576969.2,,2.086685472067562,1.889256449725655,3.975941921793217,1.0,-459.0,1.0,16270.0,-0.09696004595623176,-0.4691096163113891,,,0.7123,0.5533,0.052
20240730,8525.4883,8658.3086,8678.1797,8502.7363,460551.0,-12943.0,1225576.0,1.0,0.0,1217.0,-514.0,1.0,-2.0,8723.0,-11782.0,8698.9957,8674.70986,8620.961025,24.28583999999864,78.03467499999897,8626.068752539684,8575.839979071428,1015188.3,1470691.2,0.254955,1.986389985853083,1.915300095639797,3.90169008149288,1.0,703.0,-1.0,-3059.0,-0.02810329366345964,-0.4779434417626936,,,0.7945,0.62,0.049
20240731,8483.0752,8484.7529,8521.582,8419.9678,452396.0,-8155.0,910707.0,2.0,0.0,4797.0,0.0,1.0,-2.0,11338.0,-7451.0,8654.188279999998,8683.353899999998,8606.068009999999,-29.16561999999976,48.12026999999944,8612.714885396825,8586.178203626983,1039560.7,,,2.005615316726755,1.889256449725655,3.89487176645241,2.0,4797.0,-1.0,3887.0,-0.01802624249551278,-0.4849288447230168,,,0.7671,0.6493,0.045
20240801,8360.0313,8514.7178,8536.9697,8348.5615,490259.0,37863.0,894879.0,2.0,0.0,9372.0,0.0,1.0,-2.0,12679.0,-18224.0,8588.88848,8654.4418,8582.985100000002,-65.5533200000009,5.903379999997924,8594.596137936505,8593.96426031746,1021256.1,,0.25783,2.011176393059363,1.915300095639797,3.92647648869916,2.0,9372.0,-1.0,-5545.0,0.07723060667932664,-0.5183057835353007,,,0.7671,0.6693,0.034
20240802,8414.9688,8358.0625,8430.666,8321.3623,485470.0,-4789.0,946091.0,2.0,0.0,10704.0,0.0,1.0,-2.0,10490.0,-20926.0,8502.18498,8627.778330000001,8565.336275,-125.593350000001,-63.15129499999966,8576.06963595238,8598.454467357142,1012181.3,,,1.947588963248787,1.915300095639797,3.862889058888584,2.0,10704.0,-1.0,-10436.0,-0.009864667229694936,-0.5100664586049722,,,0.9041,0.8493,0.037
20240805,8371.418,8382.8096,8425.3057,8286.4648,480917.0,-4553.0,828307.0,2.0,0.0,11583.0,0.0,1.0,-2.0,10847.0,-18270.0,8430.99632,8589.91681,8545.479295000001,-158.9204900000004,-114.4829750000008,8557.634070000002,8598.940991944444,991672.7,,,1.979110608131449,1.889256449725655,3.868367057857104,2.0,11583.0,-1.0,-7423.0,-0.009467330121413882,-0.4249133701504712,,,0.8904,0.836,0.067
20240806,8119.8252,8299.6777,8364.6025,8101.6831,508879.0,27962.0,1043400.0,2.0,0.0,15698.0,0.0,1.0,-2.0,9793.0,-22388.0,8349.8637,8524.4297,8520.654735,-174.5660000000007,-170.7910350000002,8523.987891825398,8593.83248326984,1014877.5,,0.272665,2.095436687565089,1.889256449725655,3.984693137290744,2.0,15698.0,-1.0,-12595.0,0.0549482293433213,-0.5798262116574157,,,0.8493,0.7613,0.018
20240807,8110.5889,8072.6577,8164.8921,8067.0723,496712.0,-12167.0,700023.0,1.0,0.0,8486.0,0.0,1.0,-2.0,11522.0,-13521.0,8275.366440000002,8464.77736,8508.294774999998,-189.4109199999984,-232.9283349999969,8483.575405238098,8582.954611444444,987695.8,,,1.958690386017803,1.866984862268832,3.825675248286636,1.0,8486.0,-1.0,-1999.0,-0.024495079643737216,-0.5802501425025129,,,0.863,0.7627,0.018
20240808,8156.3857,8154.7607,8219.4336,8139.5762,485206.0,-11506.0,754646.0,2.0,0.0,8420.0,0.0,1.0,-2.0,11024.0,-11003.0,8234.63732,8411.7629,8499.409325,-177.1255799999999,-264.7720050000007,8450.258023174603,8567.728853873017,964470.3,,,1.945485549413337,1.848850762789313,3.794336312202651,2.0,8420.0,-1.0,21.0,-0.02371363915532784,-0.5924404677137239,,,0.7671,0.552,0.018
20240809,8280.1514,8172.7583,8304.1963,8156.4951,475355.0,-9851.0,683275.0,1.0,0.0,6500.0,0.0,1.0,-1.0,8075.0,-1848.0,8207.67384,8354.92941,8492.4355,-147.2555700000012,-284.7616600000001,8426.53808857143,8548.26115736508,930104.5,,,1.981720843924088,1.848850762789313,3.830571606713401,1.0,6500.0,0.0,6227.0,-0.020723459309358268,-0.4880109903896107,,,0.726,0.52,0.048
20240812,8279.7529,8302.8301,8308.9238,8216.4912,465435.0,-9920.0,623189.0,1.0,0.0,6422.0,0.0,2.0,0.0,9429.0,0.0,8189.34082,8310.16857,8485.556155,-120.8277499999995,-296.2153349999999,8406.35730031746,8525.780019095238,861009.3,,,1.959431997153508,1.810553544632209,3.769985541785717,1.0,6422.0,2.0,9429.0,-0.021313394996078937,-0.5502218482118874,,,0.6986,0.4893,0.029
20240813,8069.5342,8264.2832,8275.8643,8057.4893,466963.0,1528.0,810142.0,1.0,0.0,7836.0,0.0,2.0,-1.0,8099.0,-14276.0,8179.282620000001,8264.57316,8469.64151,-85.29053999999905,-290.3588899999986,8372.98744484127,8500.471888325399,819465.9,,,2.029595230539722,1.848850762789313,3.878445993329035,1.0,7836.0,1.0,-6177.0,0.003272207862293158,-0.5593199227475165,,,0.6027,0.4133,0.025
20240814,7971.2881,8072.7485,8072.7485,7921.7271,472543.0,5580.0,849814.0,1.0,0.0,12944.0,-1806.0,2.0,-1.0,6060.0,-13442.0,8151.42246,8213.394450000002,8448.374175,-61.97199000000182,-296.9517150000011,8327.049598095238,8471.90535959524,813376.6,,,2.046048445185599,1.848850762789313,3.894899207974913,1.0,11138.0,1.0,-7382.0,0.01180844917817003,-0.5360494172720032,,,0.6164,0.48,0.034
20240815,8030.2417,8009.0283,8041.6025,7957.9561,458204.0,-14339.0,673740.0,1.0,0.0,12020.0,0.0,1.0,-2.0,5541.0,-15330.0,8126.19366,8180.415490000001,8417.428645,-54.22183000000132,-291.2349850000001,8286.044963015873,8441.050242103176,791262.7,,,1.953063962121657,1.848850762789313,3.801914724910971,1.0,12020.0,-1.0,-9789.0,-0.03129392148475352,-0.5047460643355319,,,0.6301,0.496,0.044
20240816,8016.5635,8010.3286,8098.8486,8000.9854,441487.0,-16717.0,571852.0,1.0,0.0,11809.0,0.0,1.0,-2.0,6943.0,-13302.0,8073.47608,8140.57496,8384.176645,-67.09887999999955,-310.7005649999992,8248.283129761903,8408.271591484128,753838.8,,,1.769378984369185,1.810553544632209,3.579932529001394,1.0,11809.0,-1.0,-6359.0,-0.03786521460428054,-0.4831012278164878,,,0.6301,0.52,0.056
20240819,8051.0947,7985.46,8081.1499,7905.9937,440470.0,-1017.0,712024.0,1.0,0.0,13527.0,0.0,2.0,-1.0,6851.0,-7491.0,8027.744439999999,8108.542629999999,8349.22972,-80.79818999999952,-321.4852799999999,8213.206106190477,8373.828795103176,742210.5,,,1.733572849054239,1.848850762789313,3.582423611843552,1.0,13527.0,1.0,-640.0,-0.0023088973142325244,-0.4706797866068516,,,0.6575,0.5333,0.065
20240820,8054.9912,8034.8218,8089.0142,8010.5361,432220.0,-8250.0,535126.0,1.0,0.0,14157.0,0.0,1.0,-2.0,2809.0,-8375.0,8024.83584,8102.059230000001,8313.244465,-77.22339000000102,-288.408625,8184.354786349204,8339.865484555556,691383.1,,,1.716404421998012,1.848850762789313,3.565255184787326,1.0,14157.0,-1.0,-5566.0,-0.01908750173522743,-0.438552959126986,,,0.6712,0.556,0.075
20240821,8144.8086,8042.9526,8168.4751,8035.46,427770.0,-4450.0,617131.0,1.0,0.0,13515.0,0.0,3.0,0.0,2209.0,-1596.0,8059.53994,8105.4812,8285.12928,-45.94126000000051,-225.5893399999995,8164.825110714286,8307.990455103176,683093.9,,,1.671082885161869,1.808422632348256,3.479505517510125,1.0,13515.0,3.0,613.0,-0.010402786544170933,-0.451348329949258,,,0.7123,0.556,0.073
20240822,8114.5029,8170.1455,8189.373,8074.0171,414919.0,-12851.0,601225.0,1.0,0.0,12344.0,0.0,2.0,-1.0,2416.0,-5320.0,8076.392180000001,8101.29292,8256.52791,-24.90073999999913,-180.13573,8148.918769523811,8277.856529738096,667751.8,,,1.680815787152079,1.78509440197509,3.46591018912717,1.0,12344.0,1.0,-2904.0,-0.03097231025814677,-0.4797794423408037,,,0.6849,0.556,0.06
20240823,8073.563,8144.3613,8188.5664,8035.9922,423796.0,8877.0,643546.0,1.0,0.0,13673.0,0.0,3.0,0.0,10046.0,-919.0,8087.792080000001,8080.634080000001,8217.781745,7.158000000000357,-129.9896649999991,8134.290252301589,8248.631746111112,663778.9,,,1.697330416746875,1.78509440197509,3.482424818721965,1.0,13673.0,3.0,9127.0,0.02094639873901594,-0.4940881916190634,,,0.6986,0.568,0.051
20240826,8286.6387,8112.0669,8287.4697,8090.1318,423002.0,-794.0,724369.0,1.0,0.0,12349.0,0.0,3.0,0.0,10820.0,0.0,8134.900879999999,8081.322660000001,8195.745615,53.57821999999851,-60.84473500000058,8134.632516904761,8221.459267769842,673896.9,,,1.645711689347207,1.808422632348256,3.454134321695463,1.0,12349.0,3.0,10820.0,-0.0018770596829329413,-0.4151066488020308,,,0.7808,0.6493,0.084
20240827,8360.9063,8280.9492,8401.9482,8260.5586,417082.0,-5920.0,629341.0,1.0,0.0,11630.0,0.0,2.0,-1.0,12030.0,-377.0,8196.083900000001,8110.459870000001,8187.516515,85.62403000000086,8.567385000001195,8147.355266666668,8198.89604995238,655816.8,,,1.680350508207656,1.78509440197509,3.465444910182746,1.0,11630.0,1.0,11653.0,-0.014193851568756263,-0.4641536557871105,,,0.7945,0.688,0.07
20240828,8382.5107,8362.249,8403.5,8332.0176,411747.0,-5335.0,522812.0,1.0,0.0,11164.0,0.0,3.0,0.0,13865.0,0.0,8243.62432,8151.58213,8182.488289999999,92.04219000000103,61.13603000000148,8164.862949444445,8182.677385087302,623116.6,,,1.644280373468955,1.78509440197509,3.429374775444045,1.0,11164.0,3.0,13865.0,-0.012956985721814609,-0.4295674536173657,,,0.7945,0.7147,0.082
20240829,8358.7627,8350.1455,8374.5938,8292.1748,399900.0,-11847.0,521954.0,1.0,0.0,7397.0,0.0,3.0,0.0,13508.0,0.0,8292.47628,8184.434229999999,8182.424859999999,108.0420500000018,110.0514200000016,8180.357485952381,8172.108637380952,607938.0,,,1.59281821816489,1.78509440197509,3.37791262013998,1.0,7397.0,3.0,13508.0,-0.029624906226556637,-0.3751860383929236,,,0.9041,0.8733,0.094
20240830,8522.0527,8375.1963,8566.4688,8351.3916,412391.0,12491.0,646727.0,1.0,0.0,4486.0,0.0,3.0,0.0,20339.0,0.0,8382.17422,8234.98315,8187.779055000001,147.1910700000008,194.3951649999999,8208.54888738095,8168.135213142858,615425.5,,,1.696617451109255,1.808422632348256,3.505040083457511,1.0,4486.0,3.0,20339.0,0.030289215817028016,-0.5127059751874972,,,0.9178,0.952,0.042
20240902,8330.5215,8523.9131,8537.9131,8320.4766,386021.0,-26370.0,595188.0,1.0,0.0,5932.0,0.0,3.0,-1.0,11467.0,0.0,8390.95078,8262.92583,8185.73423,128.0249499999991,205.2165499999992,8229.363500793654,8169.750952603174,603741.9,,0.20355,1.688548417590901,1.848850762789313,3.537399180380215,1.0,5932.0,2.0,11467.0,-0.06831234570139967,-0.3975672455808495,,,0.9178,0.944,0.091
20240903,8831.3145,8348.1289,8904.6572,8298.293,390500.0,4479.0,1702987.0,1.0,-1.0,1348.0,-3148.0,3.0,0.0,20169.0,0.0,8485.03242,8340.55816,8221.308695,144.474259999999,263.7237249999998,8275.357872619046,8178.851261230159,720528.0,2043584.4,0.27922,2.070018358766349,1.870156622732642,3.940174981498991,0.0,-1800.0,3.0,20169.0,0.011469910371318823,-0.3058498831200354,,,0.9041,0.944,0.098
20240904,8737.3428,8810.1826,8877.1318,8700.4678,382102.0,-8398.0,1143335.0,0.0,-2.0,0.0,-8137.0,3.0,0.0,30880.0,0.0,8555.99884,8399.81158,8252.64639,156.1872600000006,303.3524500000003,8327.649809920635,8195.133731150794,773148.4,1372002.0,,2.13743339389084,1.891706878779574,4.029140272670414,-2.0,-8137.0,3.0,30880.0,-0.02197842460913578,-0.2312606132359617,,,0.7397,0.8387,0.107
20240905,8745.2754,8750.751,8836.1895,8729.7998,376666.0,-5436.0,799354.0,0.0,-2.0,52.0,-5242.0,2.0,-1.0,20415.0,0.0,8633.30138,8462.88883,8282.090875,170.4125500000009,351.2105050000009,8376.594800873014,8217.901334285714,792961.3,,,2.131408115430716,1.870156622732642,4.001564738163358,-2.0,-5190.0,1.0,20415.0,-0.01443188395023708,-0.214988076271175,,,0.6575,0.8213,0.109
20240906,8755.2383,8767.8984,8841.6465,8707.7451,362386.0,-14280.0,721978.0,0.0,-2.0,0.0,-8439.0,2.0,-1.0,19618.0,-3034.0,8679.9385,8531.056359999999,8305.84522,148.8821400000015,374.093280000001,8423.540540238095,8246.826363079364,800804.5,,,2.083605460655029,1.870156622732642,3.953762083387671,-2.0,-8439.0,1.0,16584.0,-0.03940549579729901,-0.2983676075288946,,,0.6712,0.7813,0.1
20240909,8777.7422,8760.8545,8799.1006,8575.9043,369478.0,7092.0,985528.0,0.0,-2.0,0.0,-9853.0,1.0,-2.0,12627.0,-5222.0,8769.38264,8580.166710000001,8330.744685000001,189.2159299999985,438.6379549999983,8466.811683492064,8280.044279738095,826920.4,,,2.193095097870764,1.870156622732642,4.063251720603406,-2.0,-9853.0,-1.0,7405.0,0.01919464758388862,-0.2443807828957763,,,0.6027,0.696,0.106
20240910,8722.291,8790.5742,8821.9873,8699.873,366426.0,-3052.0,636334.0,0.0,-2.0,0.0,-8922.0,2.0,-1.0,17305.0,-2546.0,8747.577940000001,8616.30518,8363.382525,131.2727600000017,384.1954150000001,8507.155739523809,8316.02432702381,827619.7,,,2.173291902044206,1.870156622732642,4.043448524776848,-2.0,-8922.0,1.0,14759.0,-0.008329103284155601,-0.2290179388112554,,,0.5616,0.6653,0.11
20240911,8840.2969,8736.5879,8862.5381,8694.3223,394234.0,27808.0,777096.0,0.0,-2.0,0.0,-12056.0,2.0,-1.0,28071.0,-1975.0,8768.16876,8662.0838,8406.832965,106.0849600000001,361.3357950000009,8549.182573888887,8354.456289468253,853048.1,,,2.204268261256599,1.891706878779574,4.095975140036173,-2.0,-12056.0,1.0,26096.0,0.0705367877960805,-0.210560587845061,,,0.6027,0.6467,0.114
20240912,8866.1865,8891.8682,8900.0576,8770.5,392630.0,-1604.0,674124.0,0.0,-2.0,0.0,-11162.0,2.0,-1.0,26193.0,-1651.0,8792.35098,8712.82618,8448.630205,79.52479999999923,343.7207749999998,8593.670307063492,8395.787571579365,868265.1,,,2.170672900188633,1.891706878779574,4.062379778968207,-2.0,-11162.0,1.0,24542.0,-0.004085271120393245,-0.0069162398456024,,,0.5616,0.5893,0.172
20240913,8930.1084,8881.4717,9147.8496,8849.3018,380580.0,-12050.0,856612.0,0.0,-1.0,56.0,-9576.0,2.0,-1.0,13304.0,-3183.0,8827.325,8753.63175,8494.30745,73.69325000000026,333.0175500000005,8642.23296936508,8439.155979777777,889253.6,,,2.229003336671057,1.896874289201063,4.125877625872119,-1.0,-9520.0,1.0,10121.0,-0.0316621998003048,0.4276518016207745,,,0.5479,0.6067,0.265
20240918,9108.082,8979.5459,9130.5,8946.0049,400719.0,20139.0,381130.0,0.0,-1.0,0.0,-11398.0,3.0,0.0,15670.0,0.0,8893.39296,8831.3878,8547.156814999998,62.0051599999988,346.2361450000008,8697.474953015875,8485.967125,867847.8,,,2.26374061727225,1.901332966706181,4.165073583978431,-1.0,-11398.0,3.0,15670.0,0.05025716274995695,0.464103414232791,,,0.4932,0.5587,0.275
20240919,9134.3379,9115.0967,9265.5977,9059.3662,399886.0,-833.0,661169.0,0.0,-1.0,0.0,-11339.0,2.0,-1.0,12068.0,-1515.0,8975.802339999998,8861.69014,8601.12415,114.1121999999978,374.6781899999987,8755.097932301587,8533.941130968253,763666.0,,,2.359721468020875,1.901332966706181,4.261054434727057,-1.0,-11339.0,1.0,10553.0,-0.002083093681699284,0.369347986094464,,,0.4932,0.508,0.256
20240920,9151.7383,9112.5479,9189.6348,9070.0752,398413.0,-1473.0,409695.0,0.0,-1.0,0.0,-11680.0,2.0,-1.0,12744.0,-1595.0,9038.09062,8903.12969,8651.470635000001,134.9609300000011,386.6199849999994,8807.672489523808,8581.943398928572,690302.0,,,2.368236226419807,1.896874289201063,4.26511051562087,-1.0,-11680.0,1.0,11149.0,-0.0036971685160875774,0.3312768099242434,,,0.3973,0.3587,0.249
20240923,9085.793,9140.4033,9207.9502,9019.624,386507.0,-11906.0,581008.0,0.0,-1.0,0.0,-11395.0,1.0,-1.0,10233.0,-4258.0,9082.01192,8937.18145,8700.03514,144.8304700000008,381.9767800000009,8852.158510158732,8629.499769857142,668467.4,,,2.33590038659178,1.901332966706181,4.237233353297961,-1.0,-11395.0,0.0,5975.0,-0.030804099278926383,0.2343452974210108,,,0.3973,0.2987,0.23
20240924,9228.3994,9087.6641,9240.3623,9065.958,406546.0,20039.0,500874.0,0.0,-1.0,0.0,-12541.0,2.0,0.0,16067.0,0.0,9141.67012,8984.49756,8757.77696,157.1725600000009,383.8931600000014,8898.229953492064,8676.968711182539,646357.0,,0.20033,2.284660607047689,1.901332966706181,4.185993573753871,-1.0,-12541.0,2.0,16067.0,0.049290855155382174,0.3618462258606416,,,0.3425,0.2467,0.257
20240925,9199.3779,9277.4072,9345.751,9193.4736,399885.0,-6661.0,523500.0,0.0,-1.0,0.0,-11798.0,2.0,-1.0,17960.0,-1233.0,9159.9293,9026.661129999999,8803.41392,133.2681700000012,356.5153799999989,8945.295746428572,8724.81711747619,600154.2,,0.2116,1.915497419785301,1.901332966706181,3.816830386491482,-1.0,-11798.0,1.0,16727.0,-0.01665728897057904,0.3784554377514219,,,0.3014,0.184,0.262
20240926,9394.377,9199.7285,9468.54,9176.7764,401063.0,1178.0,564739.0,0.0,-1.0,0.0,-12727.0,3.0,0.0,29165.0,0.0,9211.93712,9093.86973,8855.087455,118.0673900000002,356.8496649999997,8997.581466666665,8773.859690190477,592994.7,,0.221375,1.996897087937267,1.901332966706181,3.898230054643449,-1.0,-12727.0,3.0,29165.0,0.00293719440586641,0.5170617148536384,,,0.2329,0.1413,0.3
20240927,9446.5654,9440.3438,9580.0068,9358.0752,385344.0,-15719.0,440328.0,0.0,-1.0,0.0,-12591.0,3.0,0.0,23568.0,0.0,9270.90254,9154.496579999999,8908.29019,116.4059600000001,362.6123499999994,9055.986770000001,8824.540109801588,559317.9,,0.223675,2.077075098124471,1.917519410475487,3.994594508599958,-1.0,-12591.0,3.0,23568.0,-0.040792123401428335,0.5856913114800656,,,0.2192,0.028,0.319
20240930,9455.0723,9376.1846,9596.0791,9338.9961,362801.0,-22543.0,385672.0,0.0,-1.0,0.0,-12124.0,3.0,0.0,18342.0,0.0,9344.7584,9213.38516,8963.10567,131.3732400000008,381.6527299999998,9107.570598174603,8875.930138912698,530472.7,,0.23644,2.162394093030433,1.972509117419845,4.134903210450277,-1.0,-12124.0,3.0,18342.0,-0.062135991907409295,0.589353406364963,,,0.137,0.0053,0.32
20241008,9494.0479,9740.8262,9837.5947,9436.8359,372448.0,9647.0,361125.0,1.0,-1.0,2690.0,-13182.0,3.0,0.0,17873.0,0.0,9397.8881,9269.77911,9011.70543,128.1089900000006,386.1826700000001,9168.681942777775,8928.575036253967,480924.0,,,2.288957701875781,2.042267047860616,4.331224749736397,0.0,-10492.0,3.0,17873.0,0.025901602371337745,0.4537403978947222,,,0.1918,0.0293,0.276
20241009,9476.7969,9498.4512,9586.9277,9376.375,386366.0,13918.0,412224.0,1.0,-1.0,2651.0,-13126.0,2.0,0.0,18357.0,0.0,9453.3719,9306.6506,9069.019199999999,146.7212999999992,384.3527000000013,9212.212996428572,8980.048840595238,484033.4,,,2.344207625990553,2.112613777282625,4.456821403273178,0.0,-10475.0,2.0,18357.0,0.036022838448517724,0.4878100360034466,,,0.1918,0.0293,0.294
20241010,9586.4883,9448.3594,9675.791,9358.2705,407202.0,20836.0,546236.0,1.0,-1.0,2619.0,-14104.0,3.0,0.0,25337.0,0.0,9491.79416,9351.86564,9106.777890000001,139.9285199999995,385.0162699999983,9258.719777698414,9030.411025134921,472540.1,,,2.445948208618794,2.173664477123891,4.619612685742685,0.0,-11485.0,3.0,25337.0,0.05116870742285156,0.571428701505124,,,0.137,0.0293,0.316
20241011,9583.7705,9585.9609,9690.791,9532.4111,408133.0,931.0,437637.0,1.0,-1.0,2753.0,-12977.0,3.0,0.0,22683.0,0.0,9519.23518,9395.06886,9149.099275,124.1663200000003,370.1359049999992,9305.750825317462,9080.218858714285,475334.3,,,2.454599577555642,2.112613777282625,4.567213354838266,0.0,-10224.0,3.0,22683.0,0.0022811191449846006,0.5773575804871345,,,0.0959,0.0067,0.318
20241014,9466.9336,9604.6924,9732.1016,9450.1846,410525.0,2392.0,616321.0,1.0,-1.0,2905.0,-12329.0,3.0,0.0,17541.0,0.0,9521.60744,9433.18292,9185.182185000001,88.42452000000048,336.4252549999983,9342.389586825395,9129.241966380952,478865.6,739585.2,0.224825,2.431812861404951,2.173664477123891,4.605477338528842,0.0,-9424.0,3.0,17541.0,0.005826685341940198,0.5309287148852956,,,0.1096,0.0067,0.306
20241015,9431.3809,9446.6924,9483.8975,9319.3613,405929.0,-4596.0,478347.0,1.0,-2.0,2803.0,-5168.0,3.0,0.0,21115.0,0.0,9509.074040000001,9453.48107,9218.989315,55.59297000000151,290.0847250000006,9365.308599841268,9175.949831015872,476612.9,,,2.398475157668966,2.113875837430347,4.512350995099313,-1.0,-2365.0,3.0,21115.0,-0.011322177030958615,0.541907117635061,,,0.1233,0.0067,0.309
20241016,9591.1904,9440.8057,9619.4375,9417.4951,417253.0,11324.0,383095.0,0.0,-2.0,0.0,-6461.0,3.0,0.0,26508.0,0.0,9531.952739999999,9492.66232,9259.661725,39.29041999999936,272.2910149999989,9396.096442460317,9221.029900619047,462572.4,,0.227355,2.38688888979438,2.085852335589688,4.472741225384068,-2.0,-6461.0,3.0,26508.0,0.02713940942305987,0.6433701647004058,,,0.1096,0.0067,0.339
20241017,9461.123,9606.9717,9678.7139,9452.8408,408810.0,-8443.0,471780.0,1.0,-1.0,2637.0,-4307.0,3.0,0.0,26213.0,0.0,9506.879680000002,9499.33692,9296.603325,7.54276000000209,210.2763550000018,9420.875415952383,9263.35929554762,453276.5,,,2.461891045643959,2.133522314584486,4.595413360228445,0.0,-1670.0,3.0,26213.0,-0.020652625914238887,0.5997501436948632,,,0.0548,0.0013,0.327
20241018,9559.9775,9454.5449,9712.6719,9440.9131,413981.0,5171.0,566973.0,1.0,-2.0,2712.0,-7814.0,2.0,0.0,23730.0,0.0,9502.12108,9510.67813,9332.587355,-8.557049999999435,169.5337250000011,9444.855934920637,9302.246212039683,465941.0,680367.6,,2.516099485810444,2.185395128355442,4.701494614165886,-1.0,-5102.0,2.0,23730.0,0.012490911418639986,0.605204228668622,,,0.0411,0.0027,0.329
20241021,9270.833,9522.3652,9524.5752,9189.2021,414389.0,408.0,721431.0,2.0,0.0,5474.0,0.0,2.0,0.0,11081.0,0.0,9462.90096,9492.2542,9352.81968,-29.35323999999855,110.0812800000003,9445.493721111114,9336.038524333333,499516.9,865717.2,0.228275,2.663589649434087,2.185395128355442,4.848984777789529,2.0,5474.0,2.0,11081.0,0.0009845821196991233,0.3902325179720478,,,0.0822,0.0093,0.264
20241022,9381.6914,9277.623,9386.041,9235.126,426730.0,12341.0,412503.0,1.0,-1.0,2555.0,-4289.0,3.0,0.0,22096.0,0.0,9452.96306,9481.01855,9375.39883,-28.05549000000065,77.56422999999995,9443.73049857143,9363.543379912699,504654.7,,,2.658900002465377,2.185395128355442,4.84429513082082,0.0,-1734.0,3.0,22096.0,0.02891992594849202,0.4697693258659137,,,0.1233,0.0133,0.285
20241023,9613.0713,9418.1504,9618.1338,9417.9482,443072.0,16342.0,482132.0,1.0,-1.0,2574.0,-3476.0,3.0,0.0,37958.0,0.0,9457.33924,9494.64599,9400.648295,-37.30675000000156,56.69094499999846,9460.275754285713,9388.349655698414,511645.5,,0.23943,2.612870376236332,2.208799175333063,4.821669551569395,0.0,-902.0,3.0,37958.0,0.036883395926621404,0.5786109709639576,,,0.2329,0.0453,0.324
20241024,9675.8486,9579.3887,9678.3281,9533.7656,448996.0,5924.0,373864.0,1.0,-2.0,2622.0,-7744.0,3.0,0.0,43512.0,0.0,9500.28436,9503.58202,9427.723829999999,-3.297660000000178,72.56053000000065,9483.033943730157,9410.781072301588,494408.3,,,2.550216423179413,2.208799175333063,4.759015598512476,-1.0,-5122.0,3.0,43512.0,0.013193881459968464,0.6069355909947434,,,0.2055,0.072,0.334
20241025,9733.7002,9714.9336,9816.8203,9680.7236,453034.0,4038.0,431609.0,1.0,-1.0,2585.0,-3726.0,3.0,0.0,42884.0,0.0,9535.028900000001,9518.57499,9456.821925,16.453910000002,78.20697500000097,9512.63592674603,9431.469582444446,493805.5,,,2.457799245971103,2.208799175333063,4.666598421304165,0.0,-1141.0,3.0,42884.0,0.008913238299995144,0.5646579226667948,,,0.2603,0.0787,0.318
20241028,9655.7578,9738.6016,9777.9736,9544.499,440933.0,-12101.0,405522.0,1.0,-1.0,2614.0,-2860.0,3.0,0.0,46219.0,0.0,9612.01386,9537.457409999999,9485.320165000001,74.55645000000004,126.6936949999981,9532.608407777778,9450.491464539682,472725.6,,,2.329504581364007,2.234533706138891,4.564038287502898,0.0,-246.0,3.0,46219.0,-0.02744407880562353,0.567771584040872,,,0.3151,0.0867,0.321
20241029,9536.4619,9617.6865,9651.6807,9516.0439,432787.0,-8146.0,379002.0,1.0,-1.0,2678.0,-2499.0,3.0,0.0,36478.0,0.0,9642.96796,9547.965509999998,9500.72329,95.00245000000177,142.24467,9540.438173333336,9468.00442188889,462791.1,,,2.275420225641866,2.208799175333063,4.484219400974929,0.0,179.0,3.0,36478.0,-0.01882219197896425,0.5978342390831415,,,0.2877,0.0933,0.332
20241030,9512.5985,9588.3145,9615.2604,9423.2755,422291.0,-10496.0,407599.0,2.0,0.0,4451.0,0.0,3.0,0.0,34705.0,0.0,9622.8734,9540.10632,9516.384320000001,82.76707999999962,106.4890799999994,9542.462619126984,9482.641039555554,465241.5,,,2.182627635062127,2.185395128355442,4.368022763417569,2.0,4451.0,3.0,34705.0,-0.024854898636248464,0.4333529872361645,,,0.4521,0.2333,0.273
20241031,9461.0663,9549.6754,9565.2672,9450.4316,421615.0,-676.0,345057.0,2.0,0.0,4754.0,0.0,3.0,0.0,32983.0,0.0,9579.91694,9540.100649999998,9519.718785000001,39.81629000000066,60.19815499999822,9539.82829936508,9494.536327896825,452569.2,,,2.15198224822057,2.133522314584486,4.285504562805055,2.0,4754.0,3.0,32983.0,-0.0016033585142843588,0.478360788482394,,,0.4521,0.204,0.295
20241101,9772.3992,9505.6038,9777.4048,9470.5825,446531.0,24916.0,500034.0,1.0,-2.0,3815.0,-7438.0,3.0,0.0,42002.0,0.0,9587.65674,9561.34282,9536.010475,26.31392000000051,51.64626500000122,9554.917822380952,9505.542516642858,445875.3,,0.22908,2.17281760564908,2.185395128355442,4.358212734004521,-1.0,-3623.0,3.0,42002.0,0.05579903746884315,0.3393570416188559,,,0.4795,0.3467,0.254
20241104,9703.6534,9795.0202,9833.1489,9677.4682,418925.0,-27606.0,418734.0,2.0,-1.0,2786.0,-2725.0,3.0,0.0,28292.0,0.0,9597.23586,9604.62486,9548.43953,-7.388999999999214,48.79633000000103,9573.157622222221,9518.308906753968,415605.6,,0.231035,2.16178829629027,2.133522314584486,4.295310610874756,1.0,61.0,3.0,28292.0,-0.06589723697559229,0.3975413359184196,,,0.6438,0.6827,0.267
20241105,9499.1518,9712.2792,9712.2792,9484.0617,405360.0,-13565.0,442362.0,2.0,0.0,4924.0,0.0,3.0,0.0,23112.0,0.0,9589.77384,9616.370899999998,9548.694725,-26.59705999999824,41.07911500000046,9575.792809365079,9531.515137833334,418591.5,,0.234945,2.182907052065836,2.185395128355442,4.368302180421278,2.0,4924.0,3.0,23112.0,-0.033464081310440104,0.7522814946763057,,,0.6712,0.788,0.379
20241106,9478.7607,9507.7349,9578.2765,9433.783,396204.0,-9156.0,406329.0,2.0,0.0,5130.0,0.0,3.0,0.0,14109.0,0.0,9583.00628,9602.93984,9548.792915000002,-19.93355999999949,34.21336499999779,9569.467812539684,9542.43434365873,411011.2,,,2.121822571138628,2.185395128355442,4.307217699494069,2.0,5130.0,3.0,14109.0,-0.023109307326528758,0.6438933566334168,,,0.7123,0.8547,0.355
20241107,9505.5771,9470.1744,9666.4546,9445.6755,400846.0,4642.0,517421.0,2.0,0.0,7251.0,0.0,2.0,-1.0,15518.0,-1940.0,9591.90844,9585.912690000001,9544.747355,5.995749999998225,47.16108499999973,9566.143929761905,9550.745342261904,425366.9,620905.2,,2.084584000639901,2.185395128355442,4.269979128995343,2.0,7251.0,1.0,13578.0,0.011580507227214442,0.5083202545458315,,,0.7534,0.8533,0.307
20241108,9838.882,9480.2523,9870.0728,9480.2523,416719.0,15873.0,646370.0,2.0,-2.0,554.0,-259.0,3.0,0.0,26286.0,0.0,9605.205,9596.43087,9557.502929999999,8.774129999999786,47.70207000000119,9583.26983531746,9557.808733119047,446843.0,775644.0,0.246215,2.089945104608582,2.208799175333063,4.298744279941645,0.0,295.0,3.0,26286.0,0.03809041584377002,0.3495987978543345,,,0.7945,0.86,0.256
20241111,9878.2279,9864.0081,10060.8492,9861.3026,420586.0,3867.0,637222.0,2.0,0.0,4073.0,0.0,3.0,0.0,31042.0,0.0,9640.1199,9618.67788,9578.067645,21.44202000000041,62.05225500000051,9616.479361269843,9566.195828468253,470013.0,764666.4,0.260015,2.134934382202813,2.231876285056994,4.366810667259807,2.0,4073.0,3.0,31042.0,0.009194314599154513,0.3397530083633687,,,0.7808,0.8613,0.255
20241112,9560.7104,9872.7642,9922.8297,9549.6657,400597.0,-19989.0,651676.0,2.0,0.0,7010.0,0.0,3.0,0.0,18720.0,0.0,9652.43162,9621.10273,9584.53412,31.32888999999886,67.89749999999913,9624.51110015873,9574.603121150794,497280.4,782011.2,,2.237179476994424,2.251325085459186,4.488504562453611,2.0,7010.0,3.0,18720.0,-0.04989802719441234,0.9069415002935236,,,0.6986,0.7573,0.429
20241113,9337.8679,9542.9326,9548.1276,9327.4799,386645.0,-13952.0,567735.0,2.0,0.0,2261.0,-595.0,2.0,-1.0,12630.0,-2152.0,9624.25306,9603.629669999998,9571.867995,20.62339000000065,52.38506499999858,9607.78037388889,9581.134896626985,513294.0,,,2.308738775875067,2.283707276102473,4.592446051977539,2.0,1666.0,1.0,10478.0,-0.03608478061270674,1.3559412406964964,,,0.7123,0.8093,0.5
20241114,9304.6993,9394.0749,9405.9338,9254.9861,377839.0,-8806.0,420223.0,2.0,0.0,3702.0,0.0,2.0,-1.0,11055.0,-2959.0,9584.077500000001,9587.992970000001,9564.04681,-3.915469999999914,20.03069000000141,9583.451181666667,9585.497184857144,520810.6,,,2.323569906743124,2.251325085459186,4.57489499220231,2.0,3702.0,1.0,8096.0,-0.023306223020916315,1.2011172555182297,,,0.7534,0.7373,0.488
20241115,9286.3565,9343.1835,9347.8879,9214.7934,376480.0,-1359.0,386752.0,2.0,-1.0,2317.0,-3204.0,2.0,-1.0,11012.0,-3688.0,9473.5724,9539.3887,9550.36576,-65.81630000000041,-76.79336000000148,9558.146436825396,9585.820046301587,509482.4,,,2.25489900170713,2.251325085459186,4.506224087166316,1.0,-887.0,1.0,7324.0,-0.003609753506162346,0.3559473399281538,,,0.7808,0.7707,0.259
20241118,9318.1152,9373.018,9461.8383,9275.7586,392213.0,15733.0,612920.0,2.0,-1.0,517.0,-74.0,2.0,-1.0,17119.0,-5157.0,9361.54986,9500.834879999999,9552.72987,-139.2850199999993,-191.18001,9536.71742261905,9582.17602634127,528901.0,,0.251965,2.293330022790337,2.251325085459186,4.544655108249524,1.0,443.0,1.0,11962.0,0.040113407765678344,0.457358980813376,,,0.7808,0.796,0.286
20241119,9405.2664,9309.1777,9538.1281,9248.2581,385066.0,-7147.0,559329.0,2.0,-1.0,0.0,-4135.0,2.0,-1.0,20381.0,-2451.0,9330.461060000001,9491.44634,9553.90862,-160.985279999999,-223.4475599999987,9519.170961746031,9576.513841579366,540597.7,,0.28221,2.368580136672831,2.283707276102473,4.652287412775304,1.0,-4135.0,1.0,17930.0,-0.01856045457142412,0.4574290886473107,,,0.8082,0.8253,0.287
20241120,9377.6729,9382.7126,9437.1632,9307.0479,376990.0,-8076.0,382640.0,1.0,-1.0,0.0,-2946.0,2.0,-1.0,21552.0,-3220.0,9338.42206,9481.33756,9542.1387,-142.9154999999992,-203.7166399999987,9502.166125238095,9569.783672849208,538228.8,,,2.381527749656676,2.283707276102473,4.665235025759149,0.0,-2946.0,1.0,18332.0,-0.021422318894400383,0.5693663799097365,,,0.863,0.8413,0.332
20241121,9207.2044,9353.2154,9380.3243,9195.6433,383112.0,6122.0,490416.0,0.0,-1.0,0.0,-1534.0,2.0,-1.0,20520.0,-1709.0,9318.923079999999,9451.50029,9518.70649,-132.5772100000013,-199.7834100000018,9474.095901190476,9560.578869992063,535528.3,,,2.292458180964506,2.283707276102473,4.576165457066979,-1.0,-1534.0,1.0,18811.0,0.015979661300089792,0.4939474538200908,,,0.8767,0.8573,0.307
20241122,8987.1649,9269.3358,9269.3358,8935.7137,379142.0,-3970.0,682187.0,1.0,0.0,4463.0,-604.0,2.0,-1.0,23193.0,-4409.0,9259.084760000002,9366.32858,9481.379725,-107.2438199999979,-222.2949649999991,9430.961118730162,9545.347998333335,539110.0,818624.4,,2.439721605690169,2.333310760696609,4.773032366386778,1.0,3859.0,1.0,18784.0,-0.010471010861365926,0.2645896026776236,,,0.7397,0.7093,0.24
20241125,9025.1234,8966.1071,9110.4162,8861.128,369177.0,-9965.0,511058.0,1.0,0.0,2650.0,-671.0,2.0,-1.0,23795.0,-3612.0,9200.4864,9281.01813,9449.848005,-80.53173000000061,-249.3616050000001,9383.69067595238,9522.069129801588,526493.6,,,2.464537413645757,2.364554442405302,4.829091856051059,1.0,1979.0,1.0,20183.0,-0.02699247244546654,0.4344707932951125,,,0.7534,0.6867,0.28
20241126,8779.3771,9020.5297,9020.5297,8745.6027,366531.0,-2646.0,659176.0,2.0,0.0,4320.0,0.0,1.0,-1.0,22398.0,-3377.0,9075.30854,9202.8848,9411.993765,-127.5762599999998,-336.6852249999993,9324.990902936508,9492.117110079365,527243.6,791011.2,,2.580936126947641,2.393430490510273,4.974366617457914,2.0,4320.0,0.0,19021.0,-0.007219034679194938,0.1751426788773851,,,0.7397,0.6787,0.215
20241127,8879.3996,8796.3548,8902.5394,8763.8652,358227.0,-8304.0,429755.0,2.0,0.0,5763.0,0.0,2.0,-1.0,21311.0,-1633.0,8975.65388,9157.037970000001,9380.33382,-181.3840900000014,-404.67994,9269.610670555556,9458.300139746032,513445.6,,,2.530282735423184,2.364554442405302,4.894837177828486,2.0,5763.0,1.0,19678.0,-0.023180832265574623,0.1891189090882161,,,0.7397,0.664,0.219
20241128,8827.7998,8841.3165,8887.4381,8744.8601,360820.0,2593.0,460296.0,2.0,0.0,8136.0,0.0,2.0,-1.0,25153.0,-2399.0,8899.77296,9109.348020000001,9348.670495,-209.575060000001,-448.8975350000001,9214.119799603175,9421.367001539682,517452.9,,,2.358686616831577,2.364554442405302,4.723241059236878,2.0,8136.0,1.0,22754.0,0.0071864087356576685,0.2131824046167827,,,0.7534,0.6493,0.227
20241129,8835.1951,8867.2859,8949.5849,8803.994,366605.0,5785.0,499113.0,2.0,0.0,9217.0,0.0,2.0,-1.0,21266.0,-2246.0,8869.379,9064.231880000001,9301.81029,-194.8528800000004,-432.4312899999986,9166.16462246032,9382.168820103176,528689.0,,,2.318279502317647,2.364554442405302,4.682833944722949,2.0,9217.0,1.0,19020.0,0.01577992662402313,-0.0473995760919266,,,0.7397,0.7187,0.154
20241202,8903.6989,8839.1303,8927.6517,8729.6089,359703.0,-6902.0,627508.0,2.0,0.0,11020.0,0.0,3.0,0.0,22211.0,0.0,8845.0941,9022.790250000002,9261.812565,-177.6961500000016,-416.7184649999999,9123.880090238097,9340.88508686508,530147.8,,,2.192851057078424,2.364554442405302,4.557405499483727,2.0,11020.0,3.0,22211.0,-0.019188052365423695,0.3266386717395165,,,0.726,0.5933,0.254
20241203,8858.3557,8887.2871,8959.8867,8791.8947,349819.0,-9884.0,570275.0,2.0,0.0,11083.0,0.0,3.0,0.0,21878.0,0.0,8860.88982,8968.099180000001,9229.77276,-107.2093600000007,-368.8829399999995,9084.313983492066,9297.399389039683,531242.4,,,2.149760126957389,2.333310760696609,4.483070887653998,2.0,11083.0,3.0,21878.0,-0.028254611670606798,0.2011206216551346,,,0.726,0.5933,0.224
20241204,8594.0886,8881.9907,8963.215,8593.1887,378767.0,28948.0,796854.0,2.0,0.0,14719.0,0.0,1.0,-2.0,24144.0,-12797.0,8803.82762,8889.74075,9185.539155,-85.91313000000082,-381.7115350000004,9032.279620079365,9250.410738523811,572663.8,956224.7999999999,,2.335336689738363,2.333310760696609,4.668647450434973,2.0,14719.0,-1.0,11347.0,0.07642693265252781,0.0924613185579658,,,0.6849,0.5827,0.192
20241205,8667.1629,8587.6164,8744.9074,8559.6828,369670.0,-9097.0,724121.0,2.0,0.0,11279.0,0.0,2.0,-1.0,28147.0,-7641.0,8771.70024,8835.7366,9143.618445,-64.03636000000006,-371.9182049999999,8978.407041031747,9200.841852507938,596034.3,868945.2,,2.388326801691653,2.283707276102473,4.672034077794126,2.0,11279.0,1.0,20506.0,-0.024608434549733545,0.1079808913543199,,,0.6986,0.5827,0.198
20241206,8789.487,8683.7962,8830.6901,8616.481,367443.0,-2227.0,845388.0,2.0,0.0,11115.0,0.0,2.0,-1.0,30321.0,-5264.0,8762.55862,8815.96881,9091.148695,-53.41019000000051,-328.5900750000001,8939.296205000002,9151.675361134923,612354.4,1014465.6,,2.420894923075934,2.333310760696609,4.754205683772543,2.0,11115.0,1.0,25057.0,-0.006060803988645858,0.0517607036853631,,,0.6986,0.572,0.181
20241209,8830.311,8785.3607,8902.3683,8732.0887,355202.0,-12241.0,665177.0,2.0,0.0,11448.0,0.0,2.0,-1.0,29637.0,-5409.0,8747.88104,8796.487570000001,9038.752849999999,-48.60653000000093,-290.8718099999987,8913.174852063492,9104.623778746032,627766.3,,,2.336060624594147,2.333310760696609,4.669371385290756,2.0,11448.0,1.0,24228.0,-0.034462080731527414,-0.0230875852929585,,,0.726,0.564,0.167
20241210,8819.2507,8876.1961,8916.6383,8797.7597,351510.0,-3692.0,601917.0,3.0,0.0,13414.0,0.0,2.0,-1.0,27254.0,-5854.0,8740.06004,8800.47493,9001.679865,-60.41489000000001,-261.6198249999998,8892.606454761904,9061.385333928572,622040.4,,,2.33751895391253,2.333310760696609,4.670829714609139,3.0,13414.0,1.0,21400.0,-0.010503257375323604,0.0086009854524283,,,0.726,0.564,0.176
20241211,9045.3989,8796.394,9102.8703,8796.3787,366481.0,14971.0,857211.0,2.0,-1.0,5744.0,-731.0,2.0,-1.0,32548.0,-665.0,8830.3221,8817.07486,8987.056415,13.24723999999878,-156.7343149999997,8887.367362619048,9023.161003134921,664786.0,1028653.2,0.243915,2.438932871054141,2.333310760696609,4.772243631750751,1.0,5013.0,1.0,31883.0,0.04085068530155724,0.059564294877605,,,0.7534,0.6547,0.185
20241212,8910.9683,9011.6121,9104.2764,8907.9357,352043.0,-14438.0,705850.0,2.0,0.0,11097.0,0.0,2.0,-1.0,28812.0,-3645.0,8879.08318,8825.39171,8967.369865,53.69146999999975,-88.28668500000094,8883.692869920636,8990.118310166668,689341.4,,,2.329513939238875,2.333310760696609,4.662824699935484,2.0,11097.0,1.0,25167.0,-0.04101203546157714,0.0243579153214072,,,0.7671,0.7213,0.18
20241213,8864.964,8937.1523,8946.2183,8840.266,345583.0,-6460.0,593738.0,2.0,0.0,11736.0,0.0,2.0,-1.0,28721.0,-5928.0,8894.17858,8828.3686,8946.30024,65.80998,-52.1216600000007,8874.623981746032,8960.96424609524,698803.9,,,2.216569925954467,2.333310760696609,4.549880686651076,2.0,11736.0,1.0,22793.0,-0.018693049137255016,0.0334182154714184,,,0.7945,0.7653,0.182
20241216,9039.9068,8882.914,9058.3141,8854.6784,347895.0,2312.0,695446.0,3.0,0.0,8348.0,0.0,2.0,-1.0,31930.0,-556.0,8936.097740000001,8841.989389999999,8932.38982,94.10835000000225,3.70792000000074,8877.417141111113,8936.31795118254,705597.7,,,2.150643980698322,2.333310760696609,4.483954741394932,3.0,8348.0,1.0,31374.0,0.006645683323991434,0.0706537719897723,,,0.8082,0.8173,0.19
20241217,9007.2284,9014.7093,9072.5272,8970.0622,347012.0,-883.0,599519.0,2.0,0.0,5554.0,0.0,3.0,0.0,31375.0,0.0,8973.693280000001,8856.876659999998,8912.48792,116.8166200000032,61.20536000000175,8884.702898333333,8916.356842666668,708522.1,,,2.119224395739844,2.283707276102473,4.402931671842317,2.0,5554.0,3.0,31375.0,-0.002544580590872938,-0.0318558653792831,,,0.8082,0.8293,0.163
20241218,8730.2993,8993.9709,9009.6124,8720.1306,349160.0,2148.0,749647.0,3.0,0.0,14970.0,0.0,1.0,-2.0,27454.0,-7305.0,8910.67336,8870.49773,8880.11924,40.17563000000155,30.55412000000069,8875.563924920636,8900.685273150793,703801.4,,,2.239462074851239,2.333310760696609,4.572772835547848,3.0,14970.0,-1.0,20149.0,0.006151907434986826,0.0358476221056406,,,0.8082,0.868,0.184
20241219,8661.5313,8719.3717,8793.1895,8618.7223,346966.0,-2194.0,691876.0,3.0,-1.0,13147.0,-3931.0,1.0,-2.0,28993.0,-5525.0,8860.785960000001,8869.93457,8852.835585,-9.14860999999837,7.950375000000349,8856.201687301587,8888.464737777778,700576.9,,,2.265945046612718,2.333310760696609,4.599255807309327,2.0,9216.0,-1.0,23468.0,-0.006323386153110103,0.0224745779892421,,,0.8904,0.9507,0.18
20241220,8995.6786,8692.4108,9009.0249,8692.4108,359856.0,12890.0,808690.0,1.0,-1.0,3403.0,-1391.0,3.0,0.0,38238.0,0.0,8886.928880000001,8890.55373,8853.261269999999,-3.624849999998332,33.66761000000224,8858.773726746032,8880.412489952381,696907.1,,,2.384966998023978,2.364554442405302,4.749521440429279,0.0,2012.0,3.0,38238.0,0.03581988350895914,0.0440839988232215,,,0.9178,0.9667,0.187
20241223,8912.7495,8991.7194,8996.8009,8819.8796,336852.0,-23004.0,809272.0,1.0,-1.0,3204.0,-467.0,3.0,0.0,35268.0,0.0,8861.49742,8898.79758,8847.642575,-37.30016000000069,13.85484499999984,8865.732866984124,8875.668291444445,711316.6,,,2.391128365486542,2.364554442405302,4.755682807891844,0.0,2737.0,3.0,35268.0,-0.06829111894838089,0.0804879082741134,,,0.863,0.9627,0.198
20241224,8945.9905,8926.3689,8962.5899,8868.2604,332941.0,-3911.0,540306.0,1.0,-1.0,4471.0,-1289.0,3.0,0.0,39050.0,0.0,8849.24984,8911.47156,8855.973245000001,-62.22171999999955,-6.723405000000639,8872.777290238097,8873.685374992065,705155.5,,,2.162413902832311,2.364554442405302,4.526968345237613,0.0,3182.0,3.0,39050.0,-0.011746826014218736,0.086943111104394,,,0.8767,0.9773,0.202
20241225,8950.5011,8966.1179,9022.3396,8889.5713,335640.0,2699.0,623842.0,1.0,-1.0,4815.0,-1640.0,3.0,0.0,41236.0,0.0,8893.2902,8901.981779999998,8859.528320000001,-8.691579999998794,33.7618799999982,8882.36213611111,8873.18485234127,681818.6,,,2.115360699923461,2.364554442405302,4.479915142328762,0.0,3175.0,3.0,41236.0,0.008041353831486115,-0.0260126461340492,,,0.9178,0.9787,0.168
20241226,8944.0598,8941.1479,8962.6086,8849.9856,336981.0,1341.0,630725.0,1.0,-1.0,4690.0,-968.0,3.0,0.0,34175.0,0.0,8949.795900000001,8905.29093,8865.34132,44.50497000000178,84.45458000000144,8888.824541587304,8873.698019507936,674306.1,,,2.031246429505071,2.333310760696609,4.36455719020168,0.0,3722.0,3.0,34175.0,0.003979452847489918,0.075454780565198,,,0.9178,0.9787,0.199
20241227,8982.0144,8944.2015,9039.4155,8924.0904,335917.0,-1064.0,599552.0,1.0,-1.0,4765.0,-4374.0,3.0,0.0,35699.0,0.0,8947.06306,8916.99597,8872.682285,30.06709000000046,74.38077499999963,8899.357941666665,8876.171415499999,674887.5,,,1.984747176195254,2.280629113974958,4.265376290170212,0.0,391.0,3.0,35699.0,-0.003167449102010318,-0.039541679011814,,,0.9452,0.952,0.159
20241230,8940.4117,8982.7738,9034.2341,8929.1219,325145.0,-10772.0,631149.0,1.0,-1.0,4150.0,-4207.0,3.0,0.0,32205.0,0.0,8952.5955,8907.046460000001,8874.517925,45.54903999999806,78.07757499999934,8907.931799285714,8879.22288131746,668457.8,,,1.971803192250742,2.249272977374177,4.221076169624919,0.0,-57.0,3.0,32205.0,-0.0331298343815836,-0.0354083727646006,,,0.9452,0.948,0.162
20241231,9046.6147,8924.4967,9086.6726,8899.0157,332954.0,7809.0,685631.0,1.0,-1.0,4266.0,-1497.0,3.0,0.0,38842.0,0.0,8972.72034,8910.98509,8883.930875000002,61.73524999999972,88.78946499999802,8921.282752619047,8882.88086674603,677069.0,,,1.876665197632973,2.233379190586042,4.110044388219015,0.0,2769.0,3.0,38842.0,0.0234536902995609,-0.0466852425655445,,,0.8356,0.8613,0.156
20250102,8922.2031,9002.5277,9166.2087,8912.604,320928.0,-12026.0,624470.0,1.0,-1.0,4441.0,0.0,3.0,0.0,33675.0,0.0,8967.06074,8930.17547,8900.336599999999,36.88527000000067,66.72414000000208,8929.43996357143,8888.268470611112,664551.3,,,1.922328126995542,2.249272977374177,4.171601104369719,0.0,4441.0,3.0,33675.0,-0.037472579519393756,0.3069745593970033,,,0.863,0.8387,0.274
20250103,8805.0098,8931.2224,8979.496,8787.9344,305900.0,-15028.0,730097.0,2.0,0.0,8109.0,0.0,2.0,-1.0,23205.0,-2756.0,8939.25074,8944.52332,8907.228944999999,-5.272580000000744,32.02179500000057,8924.439375396827,8895.092239420635,668373.4,,0.2254,1.991801941252791,2.233379190586042,4.225181131838833,2.0,8109.0,1.0,20449.0,-0.04912716574043805,-0.0358484022105455,0.196,,0.8767,0.9027,0.163
20250106,8713.1116,8796.6914,8878.6897,8706.3766,318018.0,12118.0,661344.0,3.0,0.0,11518.0,0.0,2.0,-1.0,25736.0,-4612.0,8885.47018,8916.26662,8903.410175,-30.79644000000008,-17.93999500000064,8909.958888492063,8900.210755595237,653638.8,,,1.971880614936196,2.233379190586042,4.205259805522239,3.0,11518.0,1.0,21124.0,0.03810476136570886,-0.0819854041505448,0.1937,,0.8767,0.9093,0.14
20250107,8637.8675,8779.5263,8779.5263,8591.7119,330984.0,12966.0,677968.0,2.0,0.0,11811.0,0.0,1.0,-2.0,24274.0,-8901.0,8824.96134,8888.778419999999,8893.788,-63.8170799999989,-68.82666000000063,8888.274546111114,8902.464923507938,640508.4,,0.226665,2.046471335446096,2.211726155455987,4.258197490902083,2.0,11811.0,-1.0,15373.0,0.03917409905010514,-0.3207250769007613,0.1971,,0.863,0.9093,0.098
20250108,8578.7233,8638.5287,8681.3228,8546.406,348257.0,17273.0,623796.0,2.0,0.0,8637.0,0.0,1.0,-2.0,26581.0,-17404.0,8731.38306,8852.0517,8881.76163,-120.6686399999999,-150.3785700000008,8859.199701190473,8901.107164603174,648857.4,,0.22816,1.924359633626423,2.211726155455987,4.13608578908241,2.0,8637.0,-1.0,9177.0,0.04959842874658657,-0.2055465667541062,0.1984,,0.8356,0.9013,0.117
20250109,8623.5544,8588.9502,8642.4827,8554.1142,352489.0,4232.0,616410.0,3.0,0.0,15478.0,0.0,1.0,-2.0,26744.0,-15233.0,8671.65332,8819.357030000001,8860.669405,-147.7037100000016,-189.0160850000011,8833.320156984128,8896.202966690476,648114.2,,,1.855513724400998,2.211726155455987,4.067239879856985,3.0,15478.0,-1.0,11511.0,0.012006048415695242,-0.3044725639348378,0.1874,,0.8356,0.856,0.1
20250110,8732.7527,8634.0393,8742.3565,8610.1213,352433.0,-56.0,634982.0,3.0,0.0,15214.0,0.0,1.0,-2.0,26800.0,-6158.0,8657.2019,8798.22632,8851.758625,-141.0244199999997,-194.5567250000004,8817.163956587301,8889.036908190476,648539.9,,,1.685490032853052,2.186702633433988,3.872192666287039,3.0,15214.0,-1.0,20642.0,-0.00015889544963156117,-0.3694311233709046,0.1865,,0.8219,0.8573,0.097
20250113,8952.7523,8756.3799,8953.5874,8729.566,333052.0,-19381.0,601974.0,2.0,-1.0,9260.0,-3845.0,2.0,-1.0,31849.0,-2927.0,8705.13004,8795.30011,8856.14804,-90.17007000000012,-151.018,8818.812411111114,8880.98235513492,648782.1,,,1.722998127508474,2.186702633433988,3.909700760942462,1.0,5415.0,1.0,28922.0,-0.05819211414433782,-0.3624994915167041,0.1885,,0.8493,0.8587,0.098
20250114,8902.9368,8939.6483,8974.3236,8875.0407,319418.0,-13634.0,469389.0,2.0,0.0,8745.0,0.0,2.0,0.0,32215.0,-95.0,8758.1439,8791.552619999999,8849.29954,-33.40871999999945,-91.15564000000086,8824.818353333334,8872.671010539681,632606.1,,,1.727600971415488,2.1748277837733,3.902428755188788,2.0,8745.0,2.0,32120.0,-0.042683881309130985,-0.3133720773609402,0.18,,0.8356,0.86,0.101
20250115,8876.6009,8911.0022,8947.2344,8838.015,319261.0,-157.0,474071.0,2.0,0.0,5458.0,0.0,2.0,-1.0,31115.0,-1228.0,8817.71942,8774.55124,8842.768165,43.16817999999876,-25.04874500000005,8829.138912777778,8863.456626555557,611450.1,,,1.709589933699157,2.1748277837733,3.884417717472457,2.0,5458.0,1.0,29887.0,-0.0004917606597736648,-0.2889870657765309,0.1817,,0.8356,0.8507,0.107
20250116,8506.8419,8877.2037,8924.1319,8497.1393,359462.0,40201.0,785353.0,3.0,0.0,17011.0,0.0,1.0,-2.0,26985.0,-18434.0,8794.376919999999,8733.01512,8831.595295,61.36179999999877,-37.21837500000038,8808.791606190476,8851.39179081746,627538.4,942423.6,0.217925,1.970781777003267,2.1748277837733,4.145609560776567,3.0,17011.0,-1.0,8551.0,0.11183657799711791,-0.2957869860573228,0.1895,,0.8356,0.8627,0.106
20250117,8503.1281,8481.6382,8512.2829,8367.2046,365929.0,6467.0,635152.0,3.0,0.0,13400.0,0.0,1.0,-2.0,27577.0,-19702.0,8748.452,8702.826949999999,8823.675135,45.62505000000056,-75.22313500000018,8772.910726269842,8836.238925904761,618043.9,,,2.002711223709318,2.1748277837733,4.177539007482618,3.0,13400.0,-1.0,7875.0,0.017672827242443206,-0.3309734694495807,0.187,,0.8493,0.9013,0.1
20250120,8486.6322,8498.7762,8549.8435,8424.9647,359217.0,-6712.0,522422.0,3.0,0.0,16899.0,0.0,1.0,-2.0,27887.0,-15144.0,8655.22798,8680.17901,8798.222815000001,-24.95103000000017,-142.9948350000013,8741.528072936508,8819.395844349207,604151.7,,0.225055,2.026306605836977,2.1748277837733,4.201134389610277,3.0,16899.0,-1.0,12743.0,-0.01868508450323899,-0.3216948728823784,0.1957,,0.863,0.9053,0.101
20250121,8540.1462,8485.6435,8572.1235,8431.0982,345429.0,-13788.0,592940.0,3.0,0.0,16505.0,0.0,2.0,-1.0,29754.0,-10804.0,8582.66986,8670.406879999999,8779.59265,-87.73701999999867,-196.9227900000005,8714.099262698412,8801.978316007935,595648.9,,,1.996442654314723,2.15197650945839,4.148419163773113,3.0,16505.0,1.0,18950.0,-0.039915583231286314,-0.2538708966134789,0.1956,,0.8767,0.9067,0.115
20250122,8504.3759,8520.257,8543.9037,8467.0502,335360.0,-10069.0,464807.0,3.0,0.0,15853.0,0.0,2.0,-1.0,27829.0,-5994.0,8508.224859999998,8662.97214,8757.511919999999,-154.7472800000014,-249.2870600000006,8687.41253,8784.799598888889,579750.0,,,1.857679167712937,2.15197650945839,4.009655677171327,3.0,15853.0,1.0,21835.0,-0.030024451335877864,-0.2832820077206773,0.1931,,0.863,0.908,0.111
20250123,8436.2126,8494.7318,8567.0882,8427.0801,335717.0,357.0,523623.0,3.0,0.0,17498.0,0.0,1.0,-2.0,27646.0,-5557.0,8494.099,8644.23796,8731.797494999999,-150.1389600000002,-237.6984949999987,8659.121503015875,8767.379733492064,570471.3,,,1.820733677301441,2.15197650945839,3.972710186759832,3.0,17498.0,-1.0,22089.0,0.0010633956576521296,-0.2691865704983076,0.1932,,0.863,0.904,0.114
20250124,8483.0472,8446.4096,8529.1336,8407.1978,312830.0,-22887.0,405706.0,3.0,0.0,14520.0,0.0,1.0,-2.0,27745.0,-5783.0,8490.08282,8619.26741,8708.746865,-129.1845900000008,-218.6640449999995,8633.155473253968,8748.978885158731,547543.7,,,1.782487313520115,2.15197650945839,3.934463822978505,3.0,14520.0,-1.0,21962.0,-0.07316114183422306,-0.335544523889137,0.1893,,0.8767,0.9253,0.1
20250127,8606.3237,8502.6244,8620.9341,8403.9736,292858.0,-19972.0,451601.0,2.0,0.0,6587.0,0.0,2.0,-1.0,31382.0,-1201.0,8514.021120000001,8584.624549999999,8689.962329999998,-70.60342999999739,-175.9412099999972,8618.151431904762,8728.912787238096,532506.4,,,1.807093768449284,2.15197650945839,3.959070277907674,2.0,6587.0,1.0,30181.0,-0.06819687357012613,-0.222285788640967,0.1899,,0.7671,0.8133,0.124
20250205,8693.1703,8654.6948,8725.5059,8615.797,289114.0,-3744.0,264872.0,0.0,-2.0,1965.0,0.0,3.0,0.0,38707.0,0.0,8544.625940000002,8563.6479,8677.60026,-19.02195999999822,-132.9743199999975,8616.134764126984,8708.044428317462,512054.7,,,1.792362292048184,2.15197650945839,3.944338801506575,-2.0,1965.0,3.0,38707.0,-0.012949909032423197,-0.2524957459786305,0.1806,,0.7808,0.8573,0.119
20250206,8774.6938,8656.7873,8804.8176,8623.1951,305634.0,16520.0,447683.0,0.0,0.0,1845.0,0.0,2.0,-1.0,35613.0,0.0,8598.689520000002,8553.45719,8664.004214999999,45.23233000000255,-65.3146949999973,8621.430085079366,8687.27354554762,509415.9,,,1.867193137324257,2.099433529870251,3.966626667194508,0.0,1845.0,1.0,35613.0,0.05405157803123998,-0.2273317311037214,0.1773,,0.8219,0.8707,0.125
20250207,8801.7705,8780.4166,8830.5859,8724.1328,307074.0,1440.0,413952.0,2.0,0.0,8071.0,0.0,2.0,-1.0,31618.0,-1526.0,8671.8011,8582.95005,8657.982585,88.85105000000112,13.81851500000084,8633.328501428572,8669.727235071428,472275.8,,,1.844833261699586,2.099433529870251,3.944266791569837,2.0,8071.0,1.0,30092.0,0.004689423396314895,-0.2399807551011768,0.1833,,0.8356,0.8027,0.121
20250210,8760.7599,8788.0826,8878.049,8735.9812,319421.0,12347.0,512640.0,3.0,0.0,8598.0,0.0,2.0,-1.0,31550.0,-1720.0,8727.34364,8608.71323,8655.77009,118.6304099999998,71.57354999999916,8644.681323333334,8656.904294777778,460024.6,,,1.779964102245068,2.071639721314789,3.851603823559858,3.0,8598.0,1.0,29830.0,0.03865431515147721,-0.2727131759533207,0.1846,,0.8356,0.824,0.115
20250211,8725.2932,8769.0675,8840.7194,8691.9692,325953.0,6532.0,548014.0,2.0,0.0,10833.0,0.0,2.0,-1.0,32342.0,-1590.0,8751.13754,8632.57933,8656.37917,118.5582099999992,94.75836999999956,8653.097611349207,8648.061248619048,462583.8,,0.215165,1.823567855283346,2.036503695077899,3.860071550361245,2.0,10833.0,1.0,30752.0,0.0200396989750056,-0.3794236466017572,0.1871,,0.8356,0.8413,0.096
20250212,8865.756,8739.0081,8882.5572,8679.7289,345716.0,19763.0,612007.0,2.0,0.0,13175.0,0.0,3.0,0.0,45538.0,0.0,8785.65468,8665.140309999999,8667.773595,120.5143700000008,117.8810849999991,8668.34172880952,8643.48549523016,464490.5,734408.4,,1.901294345369108,2.036503695077899,3.937798040447007,2.0,13175.0,3.0,45538.0,0.05716541901445117,-0.3802401802880455,0.1852,,0.863,0.8627,0.096
20250213,8698.4249,8843.8596,8886.0601,8695.7713,333917.0,-11799.0,595793.0,2.0,0.0,13009.0,0.0,3.0,0.0,34543.0,0.0,8770.400899999999,8684.54521,8673.758675000001,85.8556899999985,96.64222499999778,8676.516749603172,8642.395917190475,477589.1,714951.6,,1.702463368663341,2.036503695077899,3.73896706374124,2.0,13009.0,3.0,34543.0,-0.03533512819053837,-0.4426928481015346,0.1783,,0.863,0.8813,0.08
20250214,8825.2477,8675.4105,8853.0356,8615.2846,333277.0,-640.0,577336.0,2.0,0.0,11839.0,0.0,3.0,0.0,35468.0,-402.0,8775.09634,8723.44872,8683.84334,51.64761999999973,91.25300000000061,8685.55888484127,8645.039655373015,482960.4,,,1.774400165714957,2.036503695077899,3.810903860792856,2.0,11839.0,3.0,35066.0,-0.0019203245348463891,-0.3661152951333437,0.1816,,0.6712,0.704,0.101
20250217,8720.3936,8844.4269,8844.4269,8647.4113,339150.0,5873.0,527389.0,3.0,0.0,16058.0,0.0,2.0,-1.0,28452.0,-6443.0,8767.02308,8747.183359999999,8683.225385,19.83972000000176,83.79769500000111,8691.81253626984,8650.905361674604,495128.7,,,1.830387807438585,2.071639721314789,3.902027528753375,3.0,16058.0,1.0,22009.0,0.017316821465428275,-0.4285313623721016,0.1769,,0.6849,0.7053,0.085
20250218,8649.4834,8710.4873,8761.7895,8622.4794,367571.0,28421.0,543443.0,3.0,0.0,16924.0,0.0,1.0,-2.0,28425.0,-8867.0,8751.86112,8751.49933,8668.06194,0.3617899999990186,83.79917999999998,8691.796323888888,8658.269850873014,504312.9,,,1.827330095295682,2.071639721314789,3.898969816610472,3.0,16924.0,-1.0,19558.0,0.07732111619251791,-0.4691891231470169,0.1773,,0.7671,0.7573,0.069
20250219,8752.9376,8662.0325,8777.336,8649.2799,343384.0,-24187.0,531066.0,3.0,0.0,14989.0,0.0,2.0,-1.0,31742.0,-1037.0,8729.297439999998,8757.47606,8660.56198,-28.17862000000241,68.73545999999806,8697.175745714285,8666.373949031744,530932.3,,,1.865641295592666,2.071639721314789,3.937281016907456,3.0,14989.0,1.0,30705.0,-0.07043717820282833,-0.3879875522767478,0.1748,,0.8904,0.9027,0.096
20250220,8839.9985,8770.5664,8841.4286,8715.1629,367067.0,23683.0,584798.0,3.0,0.0,11038.0,0.0,3.0,0.0,44345.0,0.0,8757.61216,8764.006529999999,8658.73186,-6.394369999998162,98.88030000000072,8712.164444761906,8675.447385,544643.8,,,1.84823043917935,2.036503695077899,3.884734134257249,3.0,11038.0,3.0,44345.0,0.06451955637526664,-0.4393453932405168,0.1767,,0.8904,0.8987,0.082
20250221,8881.09,8838.4224,9021.9348,8830.737,381112.0,14045.0,767315.0,3.0,0.0,16789.0,0.0,3.0,0.0,37740.0,0.0,8768.78062,8771.93848,8677.444265,-3.157860000001165,91.33635499999946,8733.763674603177,8685.49090231746,579980.1,920778.0,,1.898726037335102,2.071639721314789,3.970365758649891,3.0,16789.0,3.0,37740.0,0.03685268372551901,-0.4061918742478363,0.173,,0.8904,0.9,0.092
20250224,8875.3175,8879.0537,8977.9909,8823.7389,385524.0,4412.0,691461.0,2.0,0.0,12538.0,-196.0,3.0,0.0,22279.0,0.0,8799.7654,8783.394239999998,8696.053735,16.37116000000242,103.7116650000007,8753.362248809524,8696.358994865079,597862.2,,0.20424,1.843530235989905,2.071639721314789,3.915169957304694,2.0,12342.0,3.0,22279.0,0.011444164306242932,-0.4188812756979407,0.1776,,0.9041,0.8933,0.091
20250225,8797.4259,8852.2282,8917.0538,8754.5019,383957.0,-1567.0,714505.0,2.0,0.0,12413.0,0.0,1.0,-2.0,15743.0,-2867.0,8829.353899999998,8790.607509999998,8711.593420000001,38.74639000000025,117.7604799999972,8765.539311746033,8707.603164904762,614511.3,,,1.877236173130958,2.036503695077899,3.913739868208857,2.0,12413.0,-1.0,12876.0,-0.004081186174493498,-0.4498285498732136,0.1733,,0.9178,0.9027,0.08
20250226,8781.8565,8774.8693,8794.8121,8714.4149,400442.0,16485.0,642824.0,2.0,0.0,11361.0,0.0,1.0,-2.0,14732.0,-12220.0,8835.13768,8782.217560000001,8723.678935,52.92011999999886,111.4587449999999,8771.877599444446,8717.956751968253,617593.0,,,1.796939076654683,1.996732341553634,3.793671418208317,2.0,11361.0,-1.0,2512.0,0.04116701045344894,-0.453945871787491,0.177,,0.9178,0.904,0.077
20250227,8901.6544,8787.5346,8903.7836,8776.0934,408621.0,8179.0,809321.0,2.0,-1.0,9406.0,-843.0,3.0,0.0,21232.0,0.0,8847.468859999999,8802.54051,8743.54286,44.92834999999832,103.9259999999995,8785.576891507935,8728.86276615873,638945.8,971185.2,,1.812736067279137,1.980592400563132,3.793328467842269,1.0,8563.0,3.0,21232.0,0.020016102941356417,-0.3826743562896474,0.1707,,0.9178,0.9053,0.104
20250228,8884.1008,8914.073,8927.7757,8799.5864,395948.0,-12673.0,710181.0,3.0,-1.0,9796.0,0.0,1.0,-2.0,14987.0,-8052.0,8848.07102,8808.42582,8765.93727,39.64519999999902,82.13374999999905,8799.146212857144,8740.221498960318,652230.3,,,1.799656133516692,1.980592400563132,3.780248534079824,2.0,9796.0,-1.0,6935.0,-0.03200672815622253,-0.3992731007597078,0.17,,0.7808,0.824,0.099
20250303,8912.2773,8885.5306,8939.2484,8808.5879,407066.0,11118.0,730185.0,2.0,-2.0,5688.0,-1711.0,2.0,-1.0,17612.0,-1578.0,8855.46298,8827.614189999998,8787.398775,27.84879000000183,68.06420500000058,8811.790054761905,8752.219250809525,672509.9,,,1.782267793618515,1.980592400563132,3.762860194181647,0.0,3977.0,1.0,16034.0,0.027312524258965378,-0.2766209159826166,0.1692,,0.7397,0.7747,0.127
20250304,8799.215,8926.1397,8974.803,8774.2055,409976.0,2910.0,842470.0,3.0,0.0,13795.0,0.0,1.0,-2.0,16897.0,-12730.0,8855.820799999998,8842.58735,8797.04334,13.2334499999979,58.77745999999752,8817.909660873012,8764.830584507938,702412.6,,,1.781420513310854,1.996732341553634,3.778152854864488,3.0,13795.0,-1.0,4167.0,0.0070979764669151365,-0.3588085576122281,0.1688,,0.7397,0.7347,0.113
20250305,8698.4078,8759.3397,8833.1447,8678.9246,416618.0,6642.0,781340.0,3.0,0.0,14440.0,0.0,1.0,-2.0,20742.0,-19578.0,8839.13106,8837.13437,8797.305215,1.996689999999944,41.82584499999939,8811.934434761906,8776.306453412699,727440.0,,,1.752172565605776,1.980592400563132,3.732764966168908,3.0,14440.0,-1.0,1164.0,0.015942662102933623,-0.3420167952841171,0.1643,,0.7671,0.7187,0.115
20250306,8797.8087,8699.1272,8799.449,8660.5581,412745.0,-3873.0,690272.0,2.0,0.0,9970.0,0.0,1.0,-2.0,20378.0,-10526.0,8818.36192,8832.91539,8798.46096,-14.55347000000074,19.90095999999903,8808.366836428571,8785.926692579365,737987.4,,,1.672378785229378,1.980592400563132,3.65297118579251,2.0,9970.0,-1.0,9852.0,-0.009383517668293984,-0.3521433322807742,0.1652,,0.7945,0.7027,0.115
20250307,8849.966,8800.3788,8859.8805,8759.7066,409937.0,-2808.0,617138.0,1.0,-1.0,6167.0,-5025.0,2.0,0.0,21815.0,-1557.0,8811.53496,8829.80299,8800.870735,-18.26802999999927,10.66422500000044,8811.61527246032,8793.711852365079,722969.7,,,1.592158880494408,1.948063982679821,3.540222863174229,0.0,1142.0,2.0,20258.0,-0.006849833023123066,-0.3477417031889451,0.1643,,0.7534,0.684,0.116
20250310,9235.7506,8870.5533,9341.6819,8816.7505,430694.0,20757.0,1228084.0,0.0,-1.0,0.0,-1216.0,3.0,0.0,34412.0,0.0,8876.22962,8865.846300000001,8824.620270000001,10.383319999999,51.60934999999881,8842.531278095239,8802.628755293652,776632.0,1473700.8,0.246905,1.895597030904991,1.948063982679821,3.843661013584813,-1.0,-1216.0,3.0,34412.0,0.048194309649078,-0.1252287438344425,0.2147,,0.7671,0.6787,0.161
20250311,9036.3051,9200.9287,9212.235,9012.8145,411827.0,-18867.0,962049.0,1.0,0.0,3767.0,0.0,2.0,-1.0,22030.0,-3879.0,8923.64764,8889.73422,8840.170865,33.91341999999895,83.47677499999918,8868.005132301587,8812.875337349207,801386.4,1154458.8,,1.967612195884795,1.948063982679821,3.915676178564616,1.0,3767.0,1.0,18151.0,-0.04581292630157809,-0.581725989080517,0.1804,,0.726,0.588,0.019
20250312,9133.9668,9026.2224,9151.6433,8994.7062,413039.0,1212.0,851833.0,1.0,-1.0,0.0,-1223.0,1.0,-2.0,21579.0,-9541.0,9010.759439999998,8924.94525,8853.581405,85.81418999999732,157.1780349999972,8893.606386904763,8825.04821609524,822287.3,,,1.987588288858433,1.899684655733808,3.88727294459224,0.0,-1223.0,-1.0,12038.0,0.0029343476039792853,-0.335447749982968,0.1876,,0.7397,0.624,0.12
20250313,9154.8972,9130.9929,9199.8059,9084.4859,398256.0,-14783.0,858632.0,0.0,-1.0,0.0,-4633.0,2.0,-1.0,25745.0,-5922.0,9082.17714,8950.26953,8876.40502,131.9076100000002,205.7721199999996,8921.715214761904,8838.662048420636,827218.4,,,1.922458828694167,1.899684655733808,3.822143484427974,-1.0,-4633.0,1.0,19823.0,-0.03711934032381182,-0.1468480143651779,0.188,,0.863,0.8987,0.161
20250314,9201.2261,9163.2122,9208.7106,9112.0959,397412.0,-844.0,747178.0,0.0,-2.0,0.0,-7740.0,3.0,0.0,32220.0,0.0,9152.42916,8981.982059999998,8895.203940000001,170.4471000000012,257.2252199999984,8951.801855317459,8853.927612666666,830918.1,,,1.871412113002657,1.802870045310263,3.67428215831292,-2.0,-7740.0,3.0,32220.0,-0.0021237406016929535,-0.0426271343141259,0.1903,,0.8356,0.9027,0.203
20250317,9173.347,9204.195,9272.1452,9163.2141,386646.0,-10766.0,585613.0,1.0,-1.0,0.0,-6900.0,3.0,0.0,28117.0,-950.0,9139.94844,9008.08903,8917.85161,131.8594100000009,222.0968300000004,8981.159462857144,8870.86455347619,816460.9,,,1.823104167369564,1.751980837517561,3.575085004887125,0.0,-6900.0,3.0,27167.0,-0.027844591693693972,0.2779546306233162,0.175,,0.8493,0.9053,0.312
20250318,9214.9551,9174.6434,9247.2856,9139.7203,386967.0,321.0,583727.0,0.0,-2.0,0.0,-7376.0,3.0,0.0,34183.0,0.0,9175.67844,9049.66304,8946.125195,126.0154000000002,229.5532449999992,9008.283364603174,8889.901923849207,790586.6,,,1.836325810874973,1.751980837517561,3.588306648392535,-2.0,-7376.0,3.0,34183.0,0.0008295280992952887,0.2903179615214007,0.1766,,0.7397,0.7613,0.316
20250319,9178.5835,9236.9582,9262.4878,9169.8309,383566.0,-3401.0,603856.0,0.0,-2.0,0.0,-6703.0,2.0,-1.0,32717.0,-1712.0,9184.60178,9097.68061,8967.40749,86.92117000000144,217.1942900000013,9033.319968492064,8912.040477222221,772838.2,,,1.804553921952837,1.726097559989036,3.530651481941873,-2.0,-6703.0,1.0,31005.0,-0.00886679215571766,0.1107017633835779,0.1721,,0.7397,0.7453,0.262
20250320,9187.618,9199.942,9228.8579,9117.3129,378462.0,-5104.0,664183.0,0.0,-2.0,0.0,-7154.0,2.0,-1.0,29071.0,-2412.0,9191.14594,9136.66154,8984.788465000001,54.48440000000119,206.3574749999989,9054.728906190476,8936.676684198412,770229.3,,,1.787076892803191,1.726097559989036,3.513174452792227,-2.0,-7154.0,1.0,26659.0,-0.013486162415249086,0.2007169096875591,0.1768,,0.7397,0.7147,0.29
20250321,9207.1399,9171.5915,9226.7598,9117.8339,406122.0,27660.0,644248.0,0.0,-2.0,0.0,-10306.0,2.0,-1.0,28306.0,-5344.0,9192.328700000002,9172.37893,9001.09096,19.94977000000108,191.2377400000023,9075.196023412698,8963.03475929365,772940.3,,0.205275,1.765791959817305,1.710973481136187,3.476765440953492,-2.0,-10306.0,1.0,22962.0,0.06810761298329074,0.1258619142661269,0.1785,,0.7123,0.684,0.267
20250324,9143.7793,9190.2995,9201.185,9058.5609,394383.0,-11739.0,733674.0,0.0,-2.0,0.0,-7028.0,2.0,-1.0,24060.0,-12020.0,9186.41516,9163.1818,9014.514050000002,23.23336000000018,171.9011099999989,9090.044517222223,8987.786083206349,723499.3,,,1.720118604379395,1.705359892361955,3.425478496741351,-2.0,-7028.0,1.0,12040.0,-0.029765481777865678,0.1178464775611082,0.1737,,0.6438,0.6267,0.266
20250325,9152.33,9121.0465,9199.8841,9108.3532,412328.0,17945.0,679367.0,0.0,-2.0,0.0,-9249.0,2.0,-1.0,25114.0,-8098.0,9173.89014,9174.78429,9032.259255,-0.8941500000000815,141.6308849999987,9103.350025238093,9011.320572499999,695231.1,,0.2139,1.66489930070653,1.677691515250638,3.342590815957168,-2.0,-9249.0,1.0,17016.0,0.043521177315147166,0.1375280718747489,0.186,,0.6301,0.5787,0.272
20250326,9181.1457,9147.4275,9193.8327,9116.5035,426105.0,13777.0,709999.0,0.0,-2.0,0.0,-11018.0,3.0,0.0,32016.0,0.0,9174.40258,9179.50218,9052.223715,-5.099599999999555,122.1788649999999,9116.340851984125,9033.594019007936,681047.7,,0.214015,1.611839293703719,1.654636501856888,3.266475795560607,-2.0,-11018.0,3.0,32016.0,0.03233240633177269,0.2104278372676493,0.1861,,0.6301,0.5467,0.299
20250327,9210.632,9193.532,9219.9273,9140.6477,436925.0,10820.0,688470.0,0.0,-2.0,0.0,-11567.0,3.0,0.0,36997.0,0.0,9179.005379999999,9185.075659999999,9067.672595,-6.070279999999912,111.3327849999987,9131.375297857143,9054.560027317459,664031.5,,,1.591040829672587,1.654636501856888,3.245677331529476,-2.0,-11567.0,3.0,36997.0,0.02476397551067117,0.2184626603578315,0.1828,,0.5753,0.5093,0.302
20250328,9305.9457,9270.1001,9368.2258,9255.4445,459496.0,22571.0,789153.0,0.0,-2.0,0.0,-9249.0,3.0,0.0,42131.0,0.0,9198.76654,9195.547620000001,9088.76484,3.218919999999343,110.0017000000007,9154.44309047619,9074.824150833334,668229.0,,,1.304265404714519,1.673154815282359,2.977420219996878,-2.0,-9249.0,3.0,42131.0,0.04912121106603757,0.3532547641241898,0.1797,,0.5479,0.46,0.341
20250331,9398.6002,9304.3422,9433.9692,9273.154,480890.0,21394.0,691485.0,0.0,-2.0,0.0,-13745.0,3.0,0.0,51607.0,0.0,9249.730720000001,9218.07294,9113.080985,31.65778000000137,136.6497350000009,9182.053950952382,9094.913599642856,678816.2,,,1.252383979681376,1.698011012847631,2.950394992529007,-2.0,-13745.0,3.0,51607.0,0.044488344527854606,0.518568528365615,0.1808,,0.5068,0.4293,0.4
20250401,9343.5503,9397.5509,9400.4984,9314.6815,463075.0,-17815.0,613573.0,0.0,-2.0,0.0,-11438.0,3.0,0.0,36999.0,0.0,9287.97478,9230.93246,9140.297750000002,57.04232000000047,147.6770299999989,9206.426823412698,9114.727945523808,681800.8,,,1.195241130149259,1.698011012847631,2.893252142996889,-2.0,-11438.0,3.0,36999.0,-0.03847108999622091,0.4910620153790244,0.1807,,0.3836,0.3667,0.391
20250402,9490.3042,9351.5124,9499.3519,9330.5946,473242.0,10167.0,716801.0,0.0,-2.0,0.0,-11053.0,3.0,0.0,43375.0,0.0,9349.80648,9262.10453,9179.89257,87.70194999999876,169.9139099999993,9235.409508174604,9134.936899492062,693095.3,,,1.233442459169897,1.705359892361955,2.938802351531852,-2.0,-11053.0,3.0,43375.0,0.021483722915548495,0.5543480946671383,0.1786,,0.3699,0.324,0.411
20250403,9552.5252,9483.8969,9585.2854,9482.2783,462621.0,-10621.0,839998.0,0.0,-2.0,0.0,-15850.0,3.0,0.0,45609.0,0.0,9418.18512,9298.595250000002,9217.628395,119.589869999998,200.5567250000004,9270.35113595238,9156.499122468254,710676.8,,0.208955,1.235029726398502,1.698011012847631,2.933040739246133,-2.0,-15850.0,3.0,45609.0,-0.02295831793195726,0.6129545069742669,0.1817,,0.274,0.276,0.437
20250407,9294.4441,9304.1215,9389.1445,9254.1167,412586.0,-50035.0,640888.0,0.0,-2.0,0.0,-5214.0,2.0,-1.0,32040.0,-3266.0,9415.884800000002,9307.32567,9239.852299999999,108.5591300000015,176.032500000003,9278.831974523808,9176.862717579364,710340.8,,0.2438,1.379785283516844,1.698011012847631,3.077796296364474,-2.0,-5214.0,1.0,28774.0,-0.12127168638780764,0.4873548791533825,0.212,0.9464285714285713,0.2466,0.22,0.389
20250408,9381.8175,9329.5265,9391.078,9272.257,417280.0,4694.0,631419.0,0.0,-2.0,0.0,-8667.0,3.0,0.0,40189.0,0.0,9412.52826,9331.129490000001,9247.155644999999,81.39876999999797,165.3726150000002,9292.557191349208,9197.113984992062,700115.3,,0.24403,1.386670976247748,1.673154815282359,3.059825791530106,-2.0,-8667.0,3.0,40189.0,0.011249041411042944,0.5802499923168841,0.2122,0.9503968253968254,0.3973,0.464,0.43
20250409,9231.8075,9353.2682,9387.4922,9136.1758,395735.0,-21545.0,806593.0,0.0,-2.0,0.0,-7270.0,3.0,0.0,30611.0,-699.0,9390.1797,9339.07724,9256.930765000001,51.10246000000006,133.2489349999996,9294.433342380953,9216.22231670635,712837.9,,0.24978,1.508072781087546,1.673154815282359,3.181227596369904,-2.0,-7270.0,3.0,29912.0,-0.05444299847119916,0.5669987886087293,0.2172,1.0,0.4521,0.5347,0.418
20250410,9297.3137,9150.9241,9517.0068,9150.0784,397225.0,1490.0,653224.0,0.0,-1.0,0.0,-3542.0,3.0,0.0,31138.0,0.0,9351.5816,9350.69404,9265.09811,0.8875599999992119,86.48348999999871,9297.65026039683,9234.353257547618,707160.4,,,1.702962178620498,1.673154815282359,3.376116993902857,-1.0,-3542.0,3.0,31138.0,0.0037510227201208385,0.5328946676040219,0.2065,0.7977315689981094,0.4658,0.5533,0.408
20250411,9338.982,9275.099,9344.3071,9233.9175,392477.0,-4748.0,512390.0,1.0,0.0,2.0,0.0,3.0,0.0,33362.0,0.0,9308.87296,9363.529040000001,9274.30235,-54.65608000000066,34.57061000000067,9302.799412063492,9251.495668968255,689552.4,,,1.702362499335439,1.673154815282359,3.375517314617797,1.0,2.0,3.0,33362.0,-0.012097524186130653,0.5701052152491937,0.1621,0.0,0.4658,0.5533,0.424
20250414,9403.6816,9352.7178,9433.0322,9343.9211,393210.0,733.0,536621.0,0.0,0.0,0.0,0.0,3.0,0.0,37031.0,0.0,9330.72046,9373.30263,9284.425125,-42.58216999999968,46.2953350000007,9314.660208015874,9267.517380722222,664299.2,,,1.657216313914212,1.673154815282359,3.33037112919657,0.0,0.0,3.0,37031.0,0.0018641438417130796,0.6183719303590994,0.1602,0.0,0.4795,0.5613,0.448
20250415,9277.2984,9372.8322,9396.5204,9212.2785,375849.0,-17361.0,661371.0,1.0,0.0,2507.0,0.0,3.0,0.0,28126.0,0.0,9309.816640000001,9361.17245,9289.622695000002,-51.35580999999911,20.19394499999908,9317.07048468254,9281.019034095238,661287.8,,,1.73204047716171,1.698011012847631,3.43005149000934,1.0,2507.0,3.0,28126.0,-0.04619142261919015,0.5452314442357639,0.1626,0.042105263157894486,0.5342,0.648,0.411
20250416,9318.3335,9252.8744,9383.3531,9242.1033,367000.0,-8849.0,563894.0,0.0,0.0,0.0,-440.0,3.0,0.0,29469.0,0.0,9327.12184,9358.65077,9294.791614999998,-31.5289300000004,32.33022500000152,9319.294726825396,9292.30582443651,656319.9,,,1.779076543359265,1.673154815282359,3.452231358641624,0.0,-440.0,3.0,29469.0,-0.024111716621253405,0.4773744830390575,0.1623,0.03684210526315774,0.6301,0.6653,0.385
20250417,9380.6599,9342.2488,9399.5083,9332.1814,382568.0,15568.0,504613.0,0.0,0.0,0.0,0.0,3.0,0.0,31457.0,0.0,9343.79108,9347.68634,9304.895435,-3.895259999999325,38.89564500000051,9327.130943730159,9301.477967992065,635101.1,,,1.778214257200156,1.673154815282359,3.451369072482515,0.0,0.0,3.0,31457.0,0.040693419209134066,0.4895688247654376,0.162,0.031578947368420984,0.6438,0.5453,0.393
20250418,9214.1603,9369.9987,9398.1409,9199.8581,370948.0,-11620.0,623383.0,2.0,0.0,5842.0,0.0,2.0,-1.0,32166.0,-5562.0,9318.82674,9313.849849999999,9306.22255,4.976890000001731,12.60419000000002,9324.380688492065,9306.880923246032,613439.6,,0.191245,1.810539353955933,1.698011012847631,3.508550366803564,2.0,5842.0,1.0,26604.0,-0.031325145303384844,0.4494888574371713,0.1663,0.10701754385964904,0.7123,0.632,0.366
20250421,9272.1909,9198.2569,9330.0899,9184.0081,372782.0,1834.0,528455.0,1.0,0.0,2001.0,0.0,3.0,0.0,36188.0,0.0,9292.528600000001,9311.62453,9309.4751,-19.09592999999768,-16.9464999999982,9320.262994047618,9311.024025198412,602196.3,,,1.801024836572579,1.673154815282359,3.474179651854938,1.0,2001.0,3.0,36188.0,0.004919765439318422,0.4271468702102154,0.1634,0.05614035087719265,0.863,0.892,0.359
20250422,9375.7396,9251.468,9382.456,9244.1119,401194.0,28412.0,513124.0,0.0,-1.0,0.0,-5067.0,3.0,0.0,55396.0,0.0,9312.216840000001,9311.01674,9321.073115,1.200100000001839,-8.856274999998277,9322.962162698414,9314.064522333334,590366.8,,,1.840731140305844,1.654636501856888,3.495367642162732,-1.0,-5067.0,3.0,55396.0,0.07081860645971774,0.3725954060019846,0.1647,0.07894736842105271,0.863,0.9027,0.347
20250423,9385.5752,9375.8434,9389.0929,9295.6569,399992.0,-1202.0,465890.0,0.0,-1.0,0.0,-419.0,3.0,0.0,49239.0,0.0,9325.66518,9326.39351,9332.735375,-0.7283299999999144,-7.07019500000024,9328.255368015873,9317.446724896825,556296.5,,,1.7845874915041,1.654636501856888,3.439223993360988,-1.0,-419.0,3.0,49239.0,-0.003005060101202024,0.3636395954799626,0.1646,0.07719298245614013,0.8767,0.9053,0.345
20250424,9380.6727,9363.9559,9401.0791,9307.4846,407203.0,7211.0,476282.0,0.0,0.0,0.0,-338.0,3.0,0.0,52356.0,0.0,9325.667739999999,9334.72941,9342.711725000001,-9.061670000000959,-17.04398500000207,9332.479918015872,9320.92969065873,538602.3,,,1.77972681615692,1.63879474641293,3.41852156256985,0.0,-338.0,3.0,52356.0,0.017708612166413312,0.3507062057605237,0.1635,0.05789473684210522,0.8767,0.9053,0.34
20250425,9494.9472,9381.2967,9560.5114,9328.5778,429642.0,22439.0,658885.0,0.0,0.0,0.0,-277.0,3.0,0.0,54814.0,0.0,9381.82512,9350.32593,9356.927485,31.49918999999863,24.89763499999935,9344.029493412696,9325.05269879365,553251.8,,,1.726157711804792,1.673154815282359,3.39931252708715,0.0,-277.0,3.0,54814.0,0.05222720311328967,0.4361611910853459,0.1629,0.047368421052631234,0.8767,0.9053,0.367
20250428,9320.4008,9472.1804,9492.4008,9268.8949,392122.0,-37520.0,632028.0,1.0,0.0,6610.0,0.0,3.0,0.0,39526.0,0.0,9391.4671,9341.99785,9357.65024,49.4692500000001,33.816859999999,9345.968389285716,9328.183516920635,562792.5,,,1.809017906180475,1.698011012847631,3.507028919028105,1.0,6610.0,3.0,39526.0,-0.09568450635261475,0.4891899287551264,0.1629,0.047368421052631234,0.863,0.9067,0.399
20250429,9291.7449,9335.4805,9351.3143,9284.4875,368618.0,-23504.0,362115.0,3.0,0.0,9871.0,0.0,2.0,0.0,35743.0,0.0,9374.66816,9343.442500000001,9352.307475,31.22565999999824,22.36068499999965,9342.259107222222,9330.702379174603,532866.9,,,1.667089443831611,1.698011012847631,3.365100456679242,3.0,9871.0,2.0,35743.0,-0.06376248582543446,0.4755544740338454,0.1615,0.022807017543859574,0.8493,0.8547,0.39
20250430,9288.3747,9280.3989,9294.1701,9224.8194,335486.0,-33132.0,331044.0,3.0,0.0,5393.0,0.0,2.0,0.0,32134.0,-37.0,9355.22806,9340.446619999999,9349.548695,14.78144000000066,5.679364999999962,9335.127795079365,9332.285686,509581.9,,,1.439597936839361,1.652341078144259,3.091939014983621,3.0,5393.0,2.0,32097.0,-0.09875821941899215,0.5212031029501949,0.1613,0.019298245614034912,0.8493,0.8427,0.413
20250506,9206.3775,9244.3598,9292.388,9184.1877,339853.0,4367.0,331348.0,2.0,0.0,5759.0,0.0,2.0,-1.0,27924.0,-3663.0,9320.369020000002,9323.01838,9335.35236,-2.649359999997614,-14.98333999999886,9323.643449920633,9331.936936619048,492255.4,,,1.43938330701282,1.652341078144259,3.091724385157079,2.0,5759.0,1.0,24261.0,0.012849673241077761,0.5234537412149088,0.1562,0.0,0.8356,0.896,0.414
20250507,9324.6357,9181.8604,9349.4342,9172.2916,366910.0,27057.0,477419.0,0.0,-1.0,586.0,-5035.0,3.0,0.0,40856.0,0.0,9286.30672,9334.065920000001,9323.957885,-47.75920000000042,-37.65116499999931,9320.13011293651,9331.511879063492,477659.0,,,1.503912117539753,1.652341078144259,3.156253195684013,-1.0,-4449.0,3.0,40856.0,0.07374287972527323,0.4457644997325308,0.1586,0.03934426229508173,0.8356,0.916,0.368
20250508,9359.5045,9312.5741,9369.9975,9252.4365,377220.0,10310.0,487199.0,0.0,-2.0,0.0,-5609.0,3.0,0.0,42875.0,0.0,9294.12746,9342.79728,9327.210905000002,-48.66982000000098,-33.08344500000203,9320.292333730158,9331.514813031745,473533.4,,,1.446430683797947,1.652341078144259,3.098771761942205,-2.0,-5609.0,3.0,42875.0,0.027331530671756536,0.607991486756593,0.1574,0.019672131147541093,0.8493,0.9347,0.456
20250509,9344.6963,9376.7516,9424.5829,9334.4302,372460.0,-4760.0,399617.0,0.0,0.0,17.0,0.0,3.0,0.0,42706.0,0.0,9304.71774,9339.69295,9325.354845,-34.97521000000052,-20.63710499999979,9324.822259206348,9331.700822682538,462182.7,,,1.40702579582708,1.652341078144259,3.059366873971339,0.0,17.0,3.0,42706.0,-0.012779895827739892,0.7573874281576736,0.1574,0.019672131147541093,0.9589,0.964,0.498
20250512,9361.6775,9364.9817,9424.6486,9202.3386,358342.0,-14118.0,722273.0,1.0,-2.0,3948.0,-5014.0,3.0,0.0,28624.0,0.0,9319.3783,9337.303179999999,9331.848345,-17.92487999999867,-12.47004500000003,9326.601641111114,9331.535449992063,487821.0,866727.6,,1.515279916074682,1.652341078144259,3.167620994218941,-1.0,-1066.0,3.0,28624.0,-0.039398116882754464,0.6339758243619406,0.156,0.0,0.9726,0.996,0.469
20250513,9354.4038,9392.5245,9415.0448,9321.2645,371582.0,13240.0,477978.0,1.0,-2.0,4509.0,-9903.0,3.0,0.0,41414.0,0.0,9348.983559999999,9334.67629,9334.702849999998,14.30726999999933,14.28071000000091,9330.346937936507,9331.322151984126,487990.6,,,1.433736008139308,1.616338115138482,3.05007412327779,-1.0,-5394.0,3.0,41414.0,0.03563143532248602,0.6841472318172657,0.1538,0.0,0.9726,0.9987,0.479
20250514,9420.7933,9376.1984,9443.2514,9355.2504,384856.0,13274.0,407528.0,1.0,-2.0,4608.0,-10774.0,3.0,0.0,45180.0,0.0,9368.215079999998,9327.260900000001,9338.793415,40.954179999997,29.42166499999803,9337.37096777778,9330.656299420636,462854.9,,,1.388388079760758,1.591466308439388,2.979854388200147,-1.0,-6166.0,3.0,45180.0,0.03449082254141809,0.4864096172610447,0.154,0.0031545741324922032,0.9726,0.9987,0.398
20250515,9276.4744,9408.2014,9444.9721,9246.9496,356547.0,-28309.0,490700.0,2.0,-1.0,4897.0,-1582.0,2.0,-1.0,25787.0,-2729.0,9351.609059999999,9322.86826,9332.433055,28.74079999999958,19.17600499999935,9336.926963095239,9329.752156801587,448722.1,,,1.435063759152536,1.591466308439388,3.026530067591924,1.0,3315.0,1.0,23058.0,-0.07939766706773581,0.3372948434675464,0.1546,0.012618296529968376,0.9726,0.9987,0.335
20250516,9253.2243,9249.9427,9291.0355,9195.9047,358548.0,2001.0,384299.0,3.0,0.0,6694.0,0.0,2.0,-1.0,23199.0,-5219.0,9333.31466,9319.0162,9331.22935,14.29845999999998,2.085310000000391,9328.710521190476,9328.397298198413,450940.5,,,1.437814124012786,1.576769374231472,3.014583498244258,3.0,6694.0,1.0,17980.0,0.005580842732353827,0.3349262853832524,0.1526,0.0,0.9726,0.9987,0.335
20250519,9335.5845,9233.9922,9359.2322,9233.9922,361731.0,3183.0,431070.0,2.0,-1.0,4594.0,-4839.0,3.0,0.0,28340.0,0.0,9328.09606,9323.73718,9332.091900000001,4.358879999999772,-3.995840000001408,9326.247626269842,9327.509281317462,460943.1,,,1.462535154847137,1.539689339780639,3.002224494627776,1.0,-245.0,3.0,28340.0,0.008799356427842788,0.3136926462293291,0.1498,0.0,0.9863,0.9987,0.329
20250520,9373.4832,9345.6087,9397.1098,9325.6845,382337.0,20606.0,339099.0,1.0,-1.0,5241.0,-4769.0,3.0,0.0,40149.0,0.0,9331.91194,9340.44775,9331.733065,-8.535809999999401,0.1788749999996071,9330.489350079364,9328.193871333333,461718.2,,,1.340912157761232,1.539689339780639,2.880601497541871,0.0,472.0,3.0,40149.0,0.05389486238580101,0.8286922249835595,0.15,0.002967359050445188,0.9863,0.9973,0.529
20250521,9418.8285,9368.9521,9426.6163,9356.5818,409429.0,27092.0,336578.0,1.0,-1.0,5064.0,-5610.0,3.0,0.0,47424.0,0.0,9331.51898,9349.86703,9341.966475,-18.34804999999869,-10.44749499999853,9337.041242539683,9329.88498429365,447634.1,,,1.22044828348723,1.539689339780639,2.760137623267869,0.0,-546.0,3.0,47424.0,0.06617020289232077,0.8643544184392539,0.1495,0.0,0.9863,0.9973,0.539
20250522,9383.1827,9415.3414,9426.4373,9279.4013,395604.0,-13825.0,428866.0,1.0,-2.0,5057.0,-7935.0,3.0,0.0,44118.0,0.0,9352.86064,9352.234849999999,9347.516065,0.6257900000018708,5.344575000000987,9340.743691666667,9331.930120087301,441800.8,,,1.280962819076035,1.53630261240143,2.817265431477465,-1.0,-2878.0,3.0,44118.0,-0.034946562724340505,0.8514211231269556,0.1482,0.0,0.9863,0.992,0.537
20250523,9370.3808,9385.7534,9422.3312,9359.3872,393291.0,-2313.0,300834.0,2.0,-1.0,5110.0,-3161.0,3.0,0.0,40032.0,0.0,9376.29194,9354.803300000001,9347.248125,21.48863999999776,29.04381499999909,9344.635079365078,9333.911402103175,431922.5,,,1.275260890257605,1.491663130533861,2.766924020791466,1.0,1949.0,3.0,40032.0,-0.005881141444884322,0.8196439992016576,0.1478,0.0,0.9863,0.9987,0.527
20250526,9359.7037,9347.2782,9426.6194,9329.7663,389017.0,-4274.0,389913.0,1.0,-1.0,5068.0,-4673.0,3.0,0.0,35898.0,0.0,9381.115779999998,9354.60592,9345.95455,26.5098599999983,35.16122999999789,9346.749037460319,9335.926141738095,398686.5,,,1.265101384217379,1.469865456400605,2.734966840617985,0.0,395.0,3.0,35898.0,-0.01098666639247128,0.8801074034965048,0.1481,0.00432276657060551,0.9863,1.0,0.547
20250527,9425.8696,9372.0239,9426.7228,9341.592,414430.0,25413.0,432490.0,1.0,-2.0,5072.0,-12534.0,3.0,0.0,48637.0,0.0,9391.593060000001,9361.752499999999,9348.214394999999,29.84056000000237,43.378665000002,9352.021469920635,9338.093594936508,394137.7,,,1.193906273787149,1.469865456400605,2.663771730187754,-1.0,-7462.0,3.0,48637.0,0.061320367733996094,0.8305910337630911,0.145,0.0,0.9863,1.0,0.532
20250528,9385.2325,9441.4731,9453.8828,9368.3467,390558.0,-23872.0,386241.0,2.0,-1.0,5222.0,-5695.0,3.0,0.0,39045.0,0.0,9384.87386,9358.196419999998,9342.728659999999,26.6774400000013,42.14520000000084,9358.460848333334,9340.202582992064,392009.0,,,1.169237270176456,1.469865456400605,2.639102726577061,1.0,-473.0,3.0,39045.0,-0.06112280378330491,0.8233969696355722,0.1438,0.0,0.9178,0.9573,0.528
20250529,9408.7675,9395.6166,9417.1652,9291.646,388014.0,-2544.0,554086.0,1.0,-1.0,4559.0,-4624.0,3.0,0.0,41988.0,0.0,9389.99082,9371.425729999999,9347.146995,18.56509000000187,42.84382500000174,9362.71673873016,9342.781560555555,398347.6,664903.2,,1.195637016672973,1.469865456400605,2.665502473073579,0.0,-65.0,3.0,41988.0,-0.006556464457468029,0.8801113710530741,0.1455,0.023160762942779013,0.9041,0.9573,0.55
20250530,9326.7436,9386.923,9408.9637,9300.2392,351543.0,-36471.0,452962.0,1.0,-1.0,4628.0,-3541.0,3.0,0.0,25568.0,0.0,9381.26338,9378.77766,9348.896929999999,2.485720000000583,32.36645000000135,9362.863666190475,9346.196875055557,405213.9,,,1.109310439230927,1.395141738875515,2.504452178106442,0.0,1087.0,3.0,25568.0,-0.10374548774972052,0.8811955534840469,0.1471,0.044959128065395065,0.9452,0.94,0.551
20250603,9253.4956,9299.1212,9411.8127,9219.0497,352368.0,825.0,589556.0,2.0,-1.0,3688.0,-317.0,3.0,0.0,31418.0,0.0,9360.02176,9370.568770000002,9347.152975,-10.54701000000205,12.86878499999875,9356.947920079367,9349.266904436507,421062.5,707467.2,0.1725,1.185729049063377,1.395141738875515,2.580870787938892,1.0,3371.0,3.0,31418.0,0.0023413022748944284,0.8195879068382905,0.15,0.08446866485013602,0.9589,0.952,0.527
20250604,9082.9469,9267.3595,9267.3595,9072.4202,365557.0,13189.0,664226.0,2.0,-1.0,8326.0,-4118.0,1.0,-2.0,18108.0,-11877.0,9291.43722,9341.51514,9340.981445000001,-50.07791999999972,-49.54422500000146,9337.127350396824,9349.930704468254,453575.2,797071.2,0.17848,1.26999567096028,1.395141738875515,2.665137409835795,1.0,4208.0,-1.0,6231.0,0.036079188744846905,0.663938936045918,0.1552,0.15531335149863754,0.9589,0.9573,0.481
20250605,9131.4129,9101.3008,9140.4902,9058.4152,364024.0,-1533.0,438532.0,2.0,-1.0,7344.0,-4004.0,2.0,-1.0,17748.0,-5560.0,9240.6733,9312.77358,9331.320305,-72.10027999999875,-90.6470049999989,9315.65333222222,9347.791913436507,463770.6,,,1.182564650212172,1.337053230457014,2.519617880669187,1.0,3340.0,1.0,12188.0,-0.004211260795991473,0.6991598471917082,0.1527,0.1212534059945503,0.9589,0.9627,0.492
20250606,9119.657,9167.2132,9222.9831,9065.8501,351832.0,-12192.0,579932.0,2.0,-1.0,4885.0,-778.0,2.0,-1.0,16873.0,-8834.0,9182.8512,9286.42101,9319.32793,-103.5698100000009,-136.4767300000003,9297.014867777776,9343.419031047619,478877.2,695918.4,,1.231332879346485,1.395141738875515,2.626474618222,1.0,4107.0,1.0,8039.0,-0.03465290252165806,0.7036670233679344,0.1508,0.09536784741144386,0.9589,0.9813,0.495
20250609,9162.0374,9109.6877,9178.2665,9075.3561,356217.0,4385.0,354517.0,2.0,-2.0,8419.0,-4656.0,2.0,-1.0,23078.0,-6081.0,9149.909959999999,9265.58667,9310.194985,-115.6767100000015,-160.285025000001,9279.928858968255,9336.948409007937,484245.5,,,1.215824133302167,1.337053230457014,2.552877363759182,0.0,3763.0,1.0,16997.0,0.012309912216429873,0.647048581571197,0.1458,0.027247956403269782,0.9726,0.9933,0.479
20250610,9167.2134,9174.8392,9200.2088,9157.8912,353484.0,-2733.0,298651.0,2.0,-2.0,8853.0,-5293.0,2.0,-1.0,27545.0,-2452.0,9132.65352,9246.33764,9300.471780000002,-113.6841199999999,-167.8182600000018,9266.467047698412,9328.920210031745,475119.3,,,1.195362019074508,1.293528334449128,2.488890353523637,0.0,3560.0,1.0,25093.0,-0.007731608785687612,0.658353082388739,0.1455,0.023160762942779013,0.9726,0.9973,0.481
20250611,9128.5971,9159.2776,9199.0002,9093.0261,353156.0,-328.0,388411.0,2.0,-2.0,10183.0,-4266.0,2.0,-1.0,21307.0,-5447.0,9141.78356,9216.61039,9289.181444999998,-74.82682999999997,-147.3978849999985,9250.759714920638,9318.794034531746,470711.4,,,1.225745460568735,1.262393411015544,2.488138871584279,0.0,5917.0,1.0,15860.0,-0.0009287680231965477,0.6908084155853769,0.142,0.0,0.9315,0.9507,0.489
20250612,9156.6544,9147.2876,9190.0225,9120.0792,348079.0,-5077.0,308310.0,2.0,-1.0,9788.0,-4670.0,2.0,-1.0,23874.0,-4777.0,9146.83186,9193.75258,9275.9745,-46.92072000000007,-129.14264,9238.260839126982,9306.774033611111,462918.3,,,1.168349122384384,1.26023724946477,2.428586371849153,1.0,5118.0,1.0,19097.0,-0.01458576932248139,0.7355267720191643,0.1418,0.0,0.9315,0.9507,0.504
20250613,9287.5447,9182.5061,9388.7076,9182.5061,342716.0,-5363.0,595887.0,2.0,-2.0,9695.0,-5654.0,3.0,0.0,27412.0,0.0,9180.4094,9181.6303,9276.528015,-1.220900000000256,-96.11861499999941,9237.24025190476,9294.22638492857,467098.4,715064.4,,1.299788407553756,1.293528334449128,2.593316742002885,0.0,4041.0,3.0,27412.0,-0.01564852530958578,0.7830340403767917,0.1424,0.007957559681697472,0.9863,0.9987,0.519
20250616,9486.2921,9300.6474,9529.2385,9273.5141,391483.0,48767.0,696518.0,2.0,-2.0,5290.0,-6104.0,2.0,-1.0,24692.0,-2685.0,9245.26034,9197.58515,9288.181405000001,47.67518999999993,-42.92106500000045,9250.93060031746,9283.033078341268,491454.0,835821.6,0.177905,1.421177325696766,1.337053230457014,2.75823055615378,0.0,-814.0,1.0,22007.0,0.12456990469573391,0.8530307833562271,0.1547,0.1710875331564986,0.9726,0.9987,0.55
20250617,9565.8174,9507.048,9589.3794,9489.4359,438145.0,46662.0,551137.0,2.0,-2.0,9799.0,-12783.0,2.0,-1.0,33371.0,-4368.0,9324.98114,9228.81733,9299.693049999998,96.16381000000001,25.28809000000183,9275.81777420635,9274.920063753967,487612.1,,,1.433492069261011,1.337053230457014,2.770545299718025,0.0,-2984.0,1.0,29003.0,0.10649899006036814,0.9633648561197284,0.1514,0.12732095490716178,0.9863,0.9987,0.579
20250618,9685.6145,9586.6475,9694.83,9579.2174,464646.0,26501.0,486804.0,2.0,-2.0,10153.0,-13402.0,2.0,-1.0,29571.0,-4424.0,9436.38462,9289.08409,9315.299615,147.3005300000004,121.0850050000008,9309.742789523807,9272.181607666667,469869.9,,0.18101,1.463631885816366,1.337053230457014,2.80068511627338,0.0,-3249.0,1.0,25147.0,0.05703481790438312,0.8886058574304625,0.1574,0.20689655172413798,1.0,1.0,0.562
20250619,9675.3229,9688.5349,9709.0832,9650.6833,468333.0,3687.0,351485.0,2.0,-2.0,5681.0,-13005.0,2.0,-1.0,29548.0,-4636.0,9540.11832,9343.47509,9328.124335,196.6432299999997,211.9939849999992,9344.960296507934,9275.112304095237,461165.2,,0.18446,1.409096798386151,1.337053230457014,2.746150028843165,0.0,-7324.0,1.0,24912.0,0.007872603468045173,0.9068336034753148,0.1604,0.2466843501326257,1.0,0.9987,0.57
20250620,9710.272,9679.7246,9732.2022,9658.3781,484029.0,15696.0,344570.0,1.0,-2.0,4690.0,-13062.0,2.0,-1.0,36386.0,-4124.0,9624.663779999999,9402.53659,9344.4788,222.1271899999992,280.1849799999982,9380.469785396826,9283.457795857143,437629.0,,,1.378238672503091,1.337053230457014,2.715291902960105,-1.0,-8372.0,1.0,32262.0,0.03242780907755527,0.8115209994207274,0.1603,0.24535809018567625,1.0,0.9987,0.532
20250623,9707.1382,9716.564,9773.7671,9666.9843,482846.0,-1183.0,439790.0,2.0,-1.0,9912.0,-8730.0,2.0,-1.0,33907.0,-4022.0,9668.833,9457.04667,9361.31667,211.7863300000008,307.5163300000004,9415.877137936506,9297.052623753967,446156.3,,,1.307867934716803,1.332827866042524,2.640695800759326,1.0,1182.0,1.0,29885.0,-0.0024500565397663023,0.6587549922422491,0.1566,0.19628647214854086,1.0,0.9987,0.483
20250624,9556.7194,9704.4122,9704.4122,9516.0169,461849.0,-20997.0,474190.0,3.0,-1.0,9983.0,-7212.0,2.0,-1.0,27139.0,-3271.0,9667.0134,9495.99727,9371.167454999999,171.01613,295.8459450000009,9438.499202539684,9314.255839238096,463710.2,,,1.300254816065352,1.337053230457014,2.637308046522366,2.0,2771.0,1.0,23868.0,-0.04546291103802325,0.7574645572234496,0.1487,0.09151193633952241,0.9726,0.9787,0.513
20250625,9463.7445,9549.8232,9558.0606,9429.6402,431600.0,-30249.0,443400.0,2.0,-2.0,9289.0,-9013.0,3.0,0.0,20927.0,-145.0,9622.6394,9529.51201,9373.0612,93.12738999999965,249.5781999999999,9449.873383888887,9334.16720613492,469209.1,,,1.332122114047548,1.347709098167181,2.679831212214729,0.0,276.0,3.0,20782.0,-0.07008572752548656,0.7132389836149425,0.1432,0.018567639257294228,0.9589,0.96,0.502
20250626,9469.1053,9438.6108,9478.8132,9413.7002,410903.0,-20697.0,334680.0,2.0,-2.0,9480.0,-8554.0,3.0,0.0,20228.0,0.0,9581.39588,9560.757099999999,9377.25484,20.63878000000113,204.1410400000004,9457.707283095238,9356.111850531746,471846.1,,,1.259006426425471,1.347709098167181,2.606715524592652,0.0,926.0,3.0,20228.0,-0.05036955193804864,0.7899198021983402,0.1399,0.0,0.9589,0.9413,0.524
20250627,9453.7668,9480.3685,9480.3685,9426.4893,406375.0,-4528.0,243804.0,2.0,-2.0,9393.0,-8396.0,3.0,0.0,17073.0,0.0,9530.09484,9577.37931,9379.504805,-47.28447000000051,150.5900349999993,9465.508065952381,9378.938631936508,436637.8,,,1.219233896455074,1.337053230457014,2.556287126912088,0.0,997.0,3.0,17073.0,-0.011142417717625346,0.7214466493339889,0.1379,0.0,0.9178,0.8507,0.504
20250630,9406.4664,9452.502,9477.6211,9348.1542,388390.0,-17985.0,410817.0,3.0,-1.0,5195.0,-4251.0,3.0,0.0,18433.0,0.0,9469.96048,9569.39674,9383.490945000001,-99.4362600000004,86.46953499999836,9468.968379365077,9400.74240984127,408067.7,,,1.282684222235946,1.337053230457014,2.619737452692961,2.0,944.0,3.0,18433.0,-0.046306547542418704,0.9781052087688992,0.1365,0.0,0.8904,0.8293,0.589
20250701,9469.1165,9428.7362,9496.5749,9410.4685,402826.0,14436.0,342401.0,2.0,-1.0,5374.0,-5058.0,3.0,0.0,14051.0,0.0,9452.4399,9559.72665,9394.27199,-107.2867500000011,58.16791000000012,9476.242044920635,9420.784836912697,387194.1,,,1.267481844057848,1.337053230457014,2.604535074514862,1.0,316.0,3.0,14051.0,0.03583681291674321,0.631010103926229,0.1364,0.0,0.8493,0.7253,0.471
20250702,9604.1175,9484.8174,9618.2144,9448.8433,437528.0,34702.0,417567.0,1.0,-2.0,5360.0,-10551.0,3.0,0.0,27156.0,0.0,9480.514500000001,9551.576949999999,9420.33052,-71.06244999999763,60.18398000000161,9491.648846666665,9438.975442626983,380270.4,,,1.337689690059634,1.337053230457014,2.674742920516649,-1.0,-5191.0,3.0,27156.0,0.07931378106086925,0.6794236877972359,0.1359,0.0,0.8356,0.7,0.487
20250703,9605.6366,9616.9097,9668.2527,9591.2386,436195.0,-1333.0,337486.0,1.0,-2.0,5656.0,-10665.0,3.0,0.0,22846.0,0.0,9507.820759999999,9544.608320000001,9444.041705,-36.78756000000249,63.77905499999906,9510.59871531746,9455.539284507937,378870.5,,,1.218688332115492,1.337053230457014,2.555741562572506,-1.0,-5009.0,3.0,22846.0,-0.0030559726727724984,0.7069256911321394,0.1295,0.0,0.7534,0.6173,0.502
20250704,9596.9002,9623.8763,9628.3348,9572.2347,429961.0,-6234.0,250745.0,1.0,-2.0,5317.0,-10276.0,3.0,0.0,21813.0,-439.0,9536.44744,9533.271139999999,9467.903865,3.176300000000992,68.54357499999969,9526.22010857143,9470.114316825397,369488.0,,,1.068675149504769,1.332827866042524,2.401503015547292,-1.0,-4959.0,3.0,21374.0,-0.014498989443228572,1.1488200608882035,0.1219,0.0,0.7671,0.7373,0.628
20250707,9534.69,9581.4839,9599.9021,9505.6953,417222.0,-12739.0,313807.0,1.0,-2.0,5246.0,-8749.0,3.0,0.0,14720.0,0.0,9562.09216,9516.02632,9486.536495,46.0658399999993,75.55566499999986,9534.28836674603,9481.95543970635,356889.7,,,1.062293233819324,1.332827866042524,2.395121099861847,-1.0,-3503.0,3.0,14720.0,-0.030532905743225428,0.4749114290230994,0.1223,0.004197271773347444,0.6849,0.6667,0.393
20250708,9583.985,9529.5631,9602.4568,9460.6373,403090.0,-14132.0,394963.0,1.0,-2.0,4446.0,-8769.0,3.0,0.0,14147.0,0.0,9585.065859999999,9518.75288,9507.375075,66.31297999999879,77.69078499999887,9541.690658333333,9492.274585285713,348967.0,,,1.072668918601795,1.332827866042524,2.405496784644319,-1.0,-4323.0,3.0,14147.0,-0.03505916792775807,0.4259505821497799,0.1237,0.02127659574468097,0.6301,0.4653,0.365
20250709,9497.1085,9573.1234,9576.3478,9492.9792,389405.0,-13685.0,330543.0,1.0,-1.0,5410.0,-4500.0,3.0,0.0,10483.0,0.0,9563.66406,9522.08928,9525.800645,41.57477999999901,37.8634149999998,9543.380932936509,9501.625340190474,337681.3,,,1.098494048728202,1.2864369371937,2.384930985921902,0.0,910.0,3.0,10483.0,-0.03514335974114354,0.6131757027952681,0.1192,0.0,0.6575,0.5133,0.466
20250710,9456.7707,9499.0915,9499.0915,9397.2617,380199.0,-9206.0,386299.0,2.0,0.0,5032.0,0.0,3.0,0.0,12409.0,0.0,9533.89088,9520.85582,9540.80646,13.03506000000016,-6.915579999998954,9537.160044603175,9509.570616341269,342843.2,,,1.121574394586716,1.2864369371937,2.408011331780416,2.0,5032.0,3.0,12409.0,-0.024213635490887668,0.7132969500306202,0.1211,0.0403397027600849,0.6986,0.5227,0.509
20250711,9426.4483,9448.2108,9498.3314,9406.0274,365094.0,-15105.0,360252.0,2.0,0.0,4751.0,0.0,3.0,0.0,10471.0,0.0,9499.800500000001,9518.123969999999,9547.75164,-18.32346999999754,-47.95113999999921,9527.626912460315,9515.782500992062,354488.0,,0.147545,1.113063078104519,1.2864369371937,2.399500015298218,2.0,4751.0,3.0,10471.0,-0.0413729067034791,0.764513172902211,0.1283,0.19320594479830142,0.6438,0.468,0.525
20250714,9407.7434,9404.0741,9443.9962,9363.0725,354508.0,-10586.0,392437.0,2.0,0.0,7719.0,0.0,2.0,0.0,8887.0,0.0,9474.41118,9518.251670000001,9543.824205,-43.84049000000232,-69.41302500000165,9514.534584761903,9520.339121531744,352650.0,,0.14766,1.031439529578599,1.207589338484367,2.239028868062967,2.0,7719.0,2.0,8887.0,-0.029861103275525516,0.7361864447202737,0.1284,0.19532908704883195,0.6438,0.468,0.515
20250715,9386.1288,9416.1292,9483.855,9361.5217,339555.0,-14953.0,390557.0,2.0,0.0,3873.0,0.0,2.0,-1.0,3345.0,0.0,9434.83994,9509.9529,9534.839775,-75.11296000000038,-99.99983500000053,9501.204338333333,9522.835350873016,357465.6,,,1.027461635535419,1.207589338484367,2.235050974019787,2.0,3873.0,1.0,3345.0,-0.04403704848993536,0.4286269312365635,0.1284,0.19532908704883195,0.6164,0.46,0.368
20250716,9450.5055,9394.6011,9479.5335,9378.1671,334596.0,-4959.0,290788.0,1.0,-1.0,3273.0,0.0,2.0,0.0,9396.0,0.0,9425.51934,9494.591699999999,9523.084325,-69.0723599999983,-97.56498499999907,9491.7888665873,9522.84935286508,344787.7,,,1.054888392536664,1.207589338484367,2.262477731021031,0.0,3273.0,2.0,9396.0,-0.014820858587669907,0.516117756706778,0.1236,0.09341825902335459,0.6575,0.46,0.419
20250717,9420.8763,9434.0983,9450.3973,9348.6289,336551.0,1955.0,419421.0,1.0,-1.0,3094.0,0.0,2.0,-1.0,2891.0,-335.0,9418.34046,9476.11567,9510.361995,-57.77520999999979,-92.02153499999986,9481.345469365078,9519.924028269841,352981.2,,,1.091279535968661,1.169547250314165,2.260826786282826,0.0,3094.0,1.0,2556.0,0.005808926433140891,0.4314580184776727,0.1244,0.11428571428571417,0.6712,0.572,0.369
20250718,9564.4217,9424.1157,9579.6982,9414.442,350856.0,14305.0,410690.0,1.0,-1.0,3013.0,-187.0,2.0,-1.0,11632.0,-3064.0,9445.935140000001,9472.867820000001,9503.06948,-26.93267999999989,-57.1343399999987,9481.944317777776,9515.496449190474,368975.7,,0.157665,1.116891886827033,1.169547250314165,2.286439137141198,0.0,2826.0,1.0,8568.0,0.04077171261144173,0.5120236446952715,0.1371,0.3934065934065933,0.6849,0.552,0.42
20250721,9542.7885,9576.5974,9635.9546,9536.8841,345451.0,-5405.0,301608.0,1.0,-1.0,3309.0,-2775.0,2.0,-1.0,12210.0,-652.0,9472.94416,9473.677670000001,9494.851995,-0.7335100000018429,-21.9078350000018,9488.19976126984,9510.887588642856,367755.8,,,1.123007966125399,1.162832786007763,2.285840752133162,0.0,534.0,1.0,11558.0,-0.015646213211135587,0.4512944701832689,0.1369,0.3898678414096915,0.7123,0.552,0.38
20250722,9456.7541,9547.1856,9547.1856,9420.0918,332037.0,-13414.0,369553.0,2.0,0.0,6443.0,0.0,2.0,-1.0,4398.0,-239.0,9487.06922,9460.954580000001,9489.853729999999,26.11463999999796,-2.7845099999995,9486.725501825398,9505.391072992063,365214.8,,0.16721,1.09244890062975,1.169547250314165,2.261996150943915,2.0,6443.0,1.0,4159.0,-0.04039911214714023,0.4147989803265075,0.1454,0.5914221218961625,0.7534,0.6147,0.364
20250723,9438.9196,9451.2762,9476.4702,9395.2936,331944.0,-93.0,354657.0,2.0,0.0,6654.0,0.0,2.0,-1.0,3840.0,-672.0,9484.75204,9455.13569,9488.612485000001,29.61635000000024,-3.860445000002073,9481.563391666667,9499.20931886508,367626.2,,0.183885,1.096955993067297,1.169547250314165,2.266503243381462,2.0,6654.0,1.0,3168.0,-0.0002801677391367219,0.3727125153265462,0.1599,0.9313501144164759,0.7671,0.6213,0.353
20250724,9474.1262,9442.211,9506.4827,9397.8716,324647.0,-7297.0,346171.0,1.0,-1.0,3231.0,0.0,3.0,0.0,5970.0,0.0,9495.40202,9456.871239999999,9488.86353,38.53078000000096,6.538489999999001,9478.899203174604,9493.383234722221,363613.4,,0.187565,1.137560081170093,1.162832786007763,2.300392867177855,0.0,3231.0,3.0,5970.0,-0.022476720869128622,0.3841771508035441,0.1631,1.0,0.7397,0.6413,0.357
20250725,9437.3791,9481.2169,9487.0652,9341.379,329367.0,4720.0,398850.0,1.0,0.0,3361.0,0.0,2.0,-2.0,2024.0,-1324.0,9469.9935,9457.964320000001,9488.044145,12.02917999999954,-18.05064499999935,9474.24130595238,9488.044674071429,367473.2,,,1.177234745831565,1.162832786007763,2.340067531839328,1.0,3361.0,0.0,700.0,0.014330518843721442,0.3491431668988141,0.1629,0.9954441913439634,0.726,0.58,0.342
20250728,9387.9905,9439.7301,9448.0548,9318.9131,323581.0,-5786.0,339356.0,2.0,-1.0,3466.0,0.0,2.0,-1.0,3637.0,-3701.0,9439.0339,9455.98903,9487.12035,-16.95513000000028,-48.08644999999888,9465.096829920636,9483.100898587301,362165.1,,,1.169398973710823,1.169547250314165,2.338946224024988,1.0,3466.0,1.0,-64.0,-0.017881148769550746,0.305683813681811,0.1501,0.7038724373576313,0.6575,0.58,0.327
20250729,9472.9664,9400.4887,9499.4877,9392.996,326100.0,2519.0,357200.0,1.0,0.0,2905.0,0.0,3.0,-1.0,8888.0,0.0,9442.27636,9464.67279,9487.312845,-22.39643000000069,-45.03648500000054,9461.56481888889,9479.136946642857,358829.4,,,1.185098125693379,1.175966932918055,2.361065058611433,1.0,2905.0,2.0,8888.0,0.007724624348359399,0.3670000976527408,0.1472,0.6378132118451025,0.6438,0.4973,0.353
20250730,9597.5358,9485.3778,9599.87,9485.3778,352415.0,26315.0,380258.0,0.0,-1.0,0.0,-2981.0,3.0,0.0,18830.0,0.0,9473.9996,9479.375820000001,9486.98376,-5.376220000001922,-12.98415999999997,9468.926575079364,9476.850717492063,367776.4,,,1.202767448840863,1.208626474745739,2.411393923586602,-1.0,-2981.0,3.0,18830.0,0.07467048791907269,0.4548596617617131,0.1455,0.5990888382687926,0.726,0.6333,0.389
20250731,9487.7126,9583.3367,9587.2666,9458.8083,333713.0,-18702.0,351308.0,2.0,0.0,5193.0,0.0,2.0,-1.0,14735.0,0.0,9476.716879999998,9486.05945,9481.08756,-9.342570000002524,-4.370680000001812,9472.084009761904,9475.924571531747,360965.1,,,1.237241201289119,1.208626474745739,2.445867676034858,2.0,5193.0,1.0,14735.0,-0.05604216797068139,0.436517164051682,0.1338,0.33257403189066065,0.863,0.8733,0.38
20250801,9502.6008,9474.6132,9532.3798,9432.5617,345142.0,11429.0,301662.0,2.0,-2.0,3114.0,0.0,2.0,-1.0,13514.0,0.0,9489.76122,9479.87736,9476.372589999999,9.883859999999913,13.38863000000129,9473.285490873017,9475.05868884127,350062.3,,,1.250603206146861,1.170238674488412,2.420841880635273,0.0,3114.0,1.0,13514.0,0.033113906739834616,0.3611121401296382,0.1354,0.369020501138952,0.863,0.8733,0.35
20250804,9515.6604,9495.2746,9519.2905,9420.7847,353804.0,8662.0,316883.0,2.0,-2.0,7331.0,0.0,3.0,-1.0,16633.0,0.0,9515.295199999999,9477.16455,9475.42111,38.13064999999915,39.87408999999934,9475.077432777778,9473.746455992065,351589.8,,,1.231433804402796,1.170238674488412,2.401672478891209,0.0,7331.0,2.0,16633.0,0.024482481826095803,0.4348885950549642,0.1292,0.22779043280182257,0.8356,0.8707,0.38
20250805,9589.6085,9497.9131,9591.1529,9487.8462,384510.0,30706.0,304370.0,2.0,-1.0,7226.0,-1483.0,3.0,-1.0,25008.0,0.0,9538.62362,9490.44999,9475.702285000001,48.17363000000114,62.92133499999909,9483.3921584127,9473.413121650794,345071.5,,,1.231604878045126,1.162832786007763,2.394437664052889,1.0,5743.0,2.0,25008.0,0.07985748094978024,0.4485399966949454,0.1331,0.316628701594533,0.8356,0.8707,0.385
20250806,9544.8328,9592.1398,9613.2271,9508.242,393334.0,8824.0,305143.0,2.0,-1.0,5851.0,0.0,3.0,-1.0,23899.0,0.0,9528.083020000002,9501.04131,9478.0885,27.04171000000133,49.99452000000201,9491.658592063493,9474.422641690477,340120.1,,0.15985,1.232794116816756,1.162832786007763,2.395626902824518,1.0,5851.0,2.0,23899.0,0.022433860281592742,0.3638135785826685,0.139,0.4510250569476085,0.8493,0.8707,0.353
20250807,9496.169,9559.1823,9655.7752,9458.3919,389327.0,-4007.0,543992.0,0.0,-2.0,0.0,-1397.0,3.0,0.0,19561.0,0.0,9529.7743,9503.24559,9480.058415000001,26.52870999999868,49.7158849999978,9496.487955079365,9476.181516880952,359902.2,652790.4,0.17135,1.257592720964625,1.170238674488412,2.427831395453037,-2.0,-1397.0,3.0,19561.0,-0.01029211947797096,0.2960304451730541,0.149,0.6788154897494304,0.8493,0.8733,0.325
20250808,9569.8553,9511.1957,9584.1282,9497.4705,395071.0,5744.0,322018.0,0.0,-1.0,0.0,-3447.0,3.0,0.0,25211.0,0.0,9543.225199999999,9516.49321,9487.228765,26.7319899999984,55.99643499999911,9503.469583492064,9479.104344634921,352219.0,,0.18699,1.248980621771895,1.162832786007763,2.411813407779658,-1.0,-3447.0,3.0,25211.0,0.014539158784117285,0.3863051149214402,0.1626,0.9886104783599089,0.6712,0.6253,0.364
20250811,9594.2649,9551.3461,9610.5375,9513.1175,405351.0,10280.0,360863.0,0.0,-1.0,0.0,-3486.0,3.0,0.0,27588.0,0.0,9558.9461,9537.12065,9496.55484,21.82544999999845,62.39125999999851,9512.19050095238,9483.813711738096,354369.7,,,1.225397590885949,1.162832786007763,2.388230376893711,-1.0,-3486.0,3.0,27588.0,0.025360736744204405,0.290798328407097,0.1503,0.7084282460136673,0.6027,0.4867,0.324
20250812,9809.6725,9600.7319,9850.9613,9597.2704,453368.0,48017.0,585866.0,1.0,-1.0,0.0,-2267.0,3.0,0.0,37135.0,0.0,9602.958900000001,9570.79126,9517.732025000001,32.16764000000148,85.22687500000029,9536.280416349206,9491.285271484126,377236.3,703039.2,0.20286,1.353488782682079,1.162832786007763,2.516321568689842,0.0,-2267.0,3.0,37135.0,0.10591175380706182,0.3150105870274214,0.1764,1.0,0.5753,0.4867,0.333
20250813,10069.8341,10284.6574,10284.6574,10014.5859,458129.0,4761.0,974493.0,2.0,-1.0,5751.0,-1237.0,3.0,0.0,29058.0,0.0,9707.95916,9618.021089999998,9548.698455000002,89.93807000000197,159.2607049999988,9595.878860714287,9503.980500047619,436659.8,1169391.6,,1.620733285340829,1.170238674488412,2.790971959829241,1.0,4514.0,3.0,29058.0,0.01039226942629696,0.4855462724893495,0.1521,0.5751748251748254,0.8082,0.7947,0.421
20250814,9847.3405,10058.4868,10069.486,9822.8786,460637.0,2508.0,660234.0,2.0,-2.0,2881.0,-217.0,3.0,0.0,22911.0,0.0,9778.193459999999,9653.98388,9570.021665,124.2095799999988,208.1717949999984,9630.702694047619,9519.842368476191,467552.4,792280.7999999999,,1.691093685757389,1.227538990820724,2.918632676578113,0.0,2664.0,3.0,22911.0,0.00544463427818434,0.410173531224531,0.1407,0.3758741258741257,0.8082,0.7053,0.373
20250815,9769.1064,9829.7056,9876.1554,9728.0642,442091.0,-18546.0,506417.0,3.0,-1.0,4439.0,-212.0,2.0,-1.0,17583.0,-2282.0,9818.043679999999,9680.63444,9580.2559,137.409239999999,237.7877799999987,9652.069090793653,9537.720728468254,488027.9,,,1.70036538175787,1.227538990820724,2.927904372578594,2.0,4227.0,1.0,15301.0,-0.04195063912180976,0.4479358179607818,0.1356,0.28671328671328666,0.726,0.5107,0.391
20250818,9832.5043,9796.9753,9936.9239,9784.2478,429224.0,-12867.0,469439.0,2.0,-1.0,3322.0,0.0,3.0,-1.0,13551.0,-1395.0,9865.691560000001,9712.31883,9594.741689999999,153.372730000001,270.9498700000022,9676.823151428573,9557.895300333334,503283.5,,,1.737493288298358,1.310905586184009,3.048398874482367,1.0,3322.0,2.0,12156.0,-0.029977354481576055,0.3695490008423019,0.1365,0.3024475524475526,0.6986,0.632,0.36
20250819,9858.8405,9838.9809,9947.6286,9838.9809,424913.0,-4311.0,387071.0,2.0,-1.0,3670.0,0.0,2.0,-1.0,12939.0,-1451.0,9875.525160000001,9739.24203,9614.846010000001,136.2831300000016,260.6791499999999,9702.437271587305,9579.799811650795,511553.6,,,1.725448346081083,1.310905586184009,3.036353932265092,1.0,3670.0,1.0,11488.0,-0.010145606277049656,0.3409010675258723,0.1368,0.30769230769230776,0.6712,0.5827,0.345
20250820,9841.7692,9852.2622,9861.1895,9765.9486,410416.0,-14497.0,317478.0,2.0,-1.0,3412.0,-250.0,3.0,0.0,13270.0,0.0,9829.91218,9768.93567,9634.98849,60.9765099999986,194.9236899999996,9722.97886126984,9602.931838571429,512787.1,,,1.688938546361491,1.310905586184009,2.9998441325455,1.0,3162.0,3.0,13270.0,-0.03532269697087833,0.4851399427937452,0.1331,0.24300699300699294,0.6849,0.3907,0.425
20250821,9806.9456,9842.554,9865.2302,9762.8587,397450.0,-12966.0,313140.0,1.0,-1.0,3324.0,-1063.0,2.0,-1.0,12160.0,-681.0,9821.8332,9800.01333,9651.62946,21.81986999999936,170.203739999999,9740.362426428572,9627.319285706351,489701.9,,,1.687038535369612,1.310905586184009,2.997944121553621,0.0,2261.0,1.0,11479.0,-0.032622971442948796,0.521191081133203,0.1297,0.18356643356643373,0.6712,0.4813,0.447
20250822,9905.3617,9815.3155,9914.2358,9792.8607,403474.0,6024.0,359297.0,1.0,-1.0,2912.0,-1053.0,2.0,-1.0,14408.0,-1029.0,9849.08426,9833.56397,9675.02859,15.52029000000039,174.0556699999997,9761.43290031746,9653.115617388888,493429.8,,,1.698973026147976,1.256545037459449,2.955518063607425,0.0,1859.0,1.0,13379.0,0.014930330083227172,0.6257552201079877,0.1352,0.27972027972027946,0.5616,0.3227,0.498
20250825,9904.5248,9915.4771,9955.8959,9853.4438,405607.0,2133.0,358399.0,0.0,-1.0,0.0,-1340.0,3.0,-1.0,16897.0,-541.0,9863.48836,9864.589960000001,9700.855305000001,-1.101600000001781,162.6330549999984,9783.04692095238,9680.20125938889,493183.4,,,1.694438940162064,1.256545037459449,2.950983977621513,-1.0,-1340.0,2.0,16356.0,0.005258784981521522,0.6276809008623763,0.134,0.25874125874125886,0.5753,0.3227,0.499
20250826,9834.4455,9914.945,9945.978,9826.817,397977.0,-7630.0,380754.0,0.0,-1.0,0.0,-1094.0,2.0,-1.0,17937.0,-994.0,9858.609359999999,9867.06726,9718.92926,-8.457900000001246,139.6800999999978,9798.524557460318,9706.4256735,472672.2,,,1.701197396313923,1.217140834753587,2.91833823106751,-1.0,-1094.0,1.0,16943.0,-0.019171962198820534,0.562971046641392,0.125,0.10139860139860139,0.5342,0.3227,0.464
20250827,9869.4937,9822.8395,9902.4118,9799.2332,387282.0,-10695.0,318823.0,0.0,-1.0,0.0,-1482.0,3.0,-1.0,14186.0,-1281.0,9864.15426,9847.033220000001,9732.527155,17.12103999999817,131.6271049999996,9812.090115714283,9728.046799,407105.2,,,1.628073408896618,1.190870336611655,2.818943745508274,-1.0,-1482.0,2.0,12905.0,-0.02761553596604025,0.6105946620079362,0.1233,0.07167832167832179,0.5342,0.3227,0.487
20250828,9829.3523,9869.0741,9876.9964,9781.4506,370443.0,-16839.0,367205.0,0.0,-1.0,0.0,-1593.0,3.0,-1.0,10838.0,-591.0,9868.6356,9845.2344,9749.60914,23.40120000000024,119.0264599999991,9821.556451031745,9747.132174698414,377802.3,,,1.63051350036541,1.190870336611655,2.821383836977065,-1.0,-1593.0,2.0,10247.0,-0.04545638600270487,0.7276059121674945,0.1207,0.026223776223776248,0.5342,0.3227,0.54
20250829,9811.8596,9841.183,9846.3352,9759.5069,357027.0,-13416.0,303298.0,0.0,-1.0,0.0,-1547.0,3.0,-1.0,8865.0,0.0,9849.93518,9849.509719999998,9765.072080000002,0.4254600000022037,84.86309999999867,9827.342480396825,9764.659513658731,357490.4,,,1.620266740964817,1.171437569596175,2.791704310560992,-1.0,-1547.0,2.0,8865.0,-0.03757698997554807,0.7174243000264097,0.1225,0.05769230769230765,0.5205,0.3227,0.538
20250901,9820.8569,9804.2973,9868.0869,9734.3421,368892.0,11865.0,345354.0,1.0,-1.0,0.0,-1543.0,3.0,-2.0,5878.0,-356.0,9833.2016,9848.34498,9780.331905,-15.14337999999952,52.86969500000123,9831.263707063494,9780.103569222223,345081.9,,,1.531041507022662,1.190870336611655,2.721911843634317,0.0,-1543.0,1.0,5522.0,0.032163885364822224,0.6566380529468886,0.1228,0.06293706293706304,0.5068,0.3227,0.511
20250902,9789.6091,9824.0329,9872.2661,9708.8948,363255.0,-5637.0,368082.0,1.0,-1.0,0.0,-1538.0,2.0,-2.0,5825.0,-5716.0,9824.23432,9841.42184,9790.331934999998,-17.18752000000131,33.90238500000123,9832.722224126986,9793.13206447619,343183.0,,0.144095,1.307893995079003,1.217140834753587,2.52503482983259,0.0,-1538.0,0.0,109.0,-0.015518024528223975,0.7795678849836787,0.1253,0.10664335664335654,0.6575,0.6787,0.56
20250903,9750.1977,9794.1958,9834.9929,9735.3578,360089.0,-3166.0,286714.0,1.0,-1.0,0.0,-1363.0,1.0,-1.0,3570.0,-6515.0,9800.37512,9832.26469,9800.600180000001,-31.88956999999937,-0.2250600000006671,9830.388415793652,9803.873019928571,340106.6,,0.144785,1.201772275932286,1.217140834753587,2.418913110685873,0.0,-1363.0,0.0,-2945.0,-0.008792270799718959,0.7460202573689757,0.1259,0.11713286713286733,0.726,0.7413,0.549
20250904,9758.8912,9739.4901,9775.2139,9679.8796,355418.0,-4671.0,340629.0,0.0,-1.0,0.0,-1409.0,1.0,-1.0,4246.0,-2734.0,9786.282900000002,9827.45925,9813.736289999999,-41.17634999999791,-27.45338999999694,9824.356150634922,9812.272392349205,342855.5,,,1.163524795918152,1.217140834753587,2.380665630671739,-1.0,-1409.0,0.0,1512.0,-0.013142271916447675,0.7262993303439822,0.1253,0.10664335664335654,0.6575,0.424,0.54
20250905,9841.8688,9750.2134,9859.5274,9732.6858,369198.0,13780.0,310503.0,0.0,-1.0,0.0,-1403.0,2.0,-1.0,9102.0,-3459.0,9792.28474,9821.10996,9827.336964999999,-28.82522000000063,-35.05222499999945,9823.83018579365,9818.512120896825,337976.1,,0.147315,1.133671824544032,1.217140834753587,2.35081265929762,-1.0,-1403.0,1.0,5643.0,0.037324145851277635,0.8344633026073977,0.1281,0.15559440559440543,0.7123,0.548,0.585
20250908,9859.2628,9846.2196,9865.8587,9748.0997,379905.0,10707.0,399078.0,0.0,-1.0,0.0,-1303.0,2.0,-1.0,15956.0,-3939.0,9799.96592,9816.58376,9840.58686,-16.61783999999898,-40.62093999999888,9824.084520238097,9822.615880825397,342044.0,,,1.135582758768292,1.201307682817134,2.336890441585426,-1.0,-1303.0,1.0,12017.0,0.028183361629881155,0.9503261254040092,0.1278,0.15034965034965028,0.863,0.812,0.617
20250909,9870.1158,9874.453,9889.204,9835.8409,401751.0,21846.0,335143.0,0.0,-1.0,0.0,-1434.0,2.0,-1.0,22078.0,-4122.0,9816.06726,9820.15079,9843.609025,-4.083529999999882,-27.54176499999994,9825.471331349205,9825.310558214285,337482.9,,0.14996,1.104926133151154,1.201307682817134,2.306233815968288,-1.0,-1434.0,1.0,17956.0,0.05437696483642854,1.0111266702815185,0.1304,0.19580419580419559,0.8767,0.908,0.625
20250910,9796.48,9858.872,9893.887,9794.0554,386537.0,-15214.0,345038.0,1.0,-1.0,677.0,-1651.0,3.0,-1.0,16052.0,-1179.0,9825.32372,9812.84942,9829.94132,12.47429999999986,-4.617599999999584,9825.832353888887,9826.684782031745,340104.4,,,1.103164855912897,1.183962299983079,2.287127155895976,0.0,-974.0,2.0,14873.0,-0.03935975081298815,1.0229395720478456,0.1247,0.09615384615384624,0.8767,0.9187,0.625
20250911,9915.02,9805.4072,9916.4592,9797.8053,426506.0,39969.0,366552.0,1.0,-1.0,4790.0,-1963.0,2.0,-1.0,30984.0,-2323.0,9856.54948,9821.41619,9833.325294999999,35.13328999999976,23.22418500000094,9829.575789920636,9827.486715920635,340039.1,,0.150305,1.102073373617527,1.200669875398281,2.302743249015808,0.0,2827.0,1.0,28661.0,0.09371263241314308,1.0864005294599002,0.1307,0.20104895104895124,0.8767,0.9213,0.639
20250912,9877.5469,9918.0483,9986.5634,9869.4187,430072.0,3566.0,357805.0,1.0,-1.0,4069.0,-1161.0,2.0,-1.0,26067.0,-2168.0,9863.685099999999,9827.98492,9838.74732,35.700179999998,24.93777999999838,9835.374612301586,9828.289929111112,345489.8,,0.15065,1.112965229181549,1.200669875398281,2.31363510457983,0.0,2908.0,1.0,23899.0,0.008291634889041834,1.1898946827031682,0.131,0.20629370629370639,0.8767,0.9173,0.666
20250915,9911.9197,9898.6104,9928.8935,9837.6161,413878.0,-16194.0,272232.0,0.0,-1.0,0.0,-1121.0,2.0,-1.0,21122.0,-1554.0,9874.21648,9837.091199999999,9842.71809,37.1252800000002,31.49838999999884,9841.43751468254,9829.307309873016,338177.6,,,1.092089888333853,1.200669875398281,2.292759763732135,-1.0,-1121.0,1.0,19568.0,-0.039127472346923486,1.2887447627513144,0.1294,0.17832167832167808,0.9178,0.9173,0.674
20250916,10054.5639,9930.0052,10063.8109,9915.4358,466832.0,52954.0,430905.0,1.0,-1.0,2834.0,-1194.0,2.0,-1.0,35803.0,-1542.0,9911.106099999999,9863.58668,9852.50426,47.51941999999872,58.60183999999936,9858.097213333333,9831.84480879365,344459.9,517086.0,0.16077,1.125951878668852,1.200669875398281,2.326621754067133,0.0,1640.0,1.0,34261.0,0.11343266956849574,1.425471295268709,0.1398,0.36013986013986027,0.9041,0.8973,0.685
20250917,9996.7484,10067.4226,10113.2618,9981.4036,474260.0,7428.0,413782.0,0.0,-1.0,0.0,-4978.0,2.0,-1.0,32100.0,-1897.0,9951.15978,9888.241750000001,9860.25322,62.91802999999891,90.90655999999944,9874.954474285714,9836.301414642858,357166.7,,,1.150889487035298,1.200669875398281,2.351559362433579,-1.0,-4978.0,1.0,30203.0,0.015662294943701766,1.4374951715913746,0.1387,0.3409090909090907,0.8767,0.872,0.687
20250918,9978.6377,9988.455,10003.0611,9925.4131,465718.0,-8542.0,335934.0,0.0,-1.0,0.0,-1120.0,2.0,-1.0,26161.0,-1769.0,9963.883319999999,9910.216400000001,9868.837825,53.66691999999784,95.04549499999848,9885.848629603175,9842.450662539683,356697.2,,,1.142859105335584,1.200669875398281,2.343528980733865,-1.0,-1120.0,1.0,24392.0,-0.018341571508938885,1.4839301713694737,0.1375,0.3199300699300701,0.8493,0.872,0.688
20250919,10062.9363,9981.3507,10107.4121,9966.0034,491827.0,26109.0,375748.0,0.0,-1.0,0.0,-1073.0,2.0,-1.0,34616.0,-1513.0,10000.9612,9932.32315,9876.716554999999,68.63804999999957,124.2446450000007,9902.663945476192,9850.334038507935,363221.7,,,1.146395967385509,1.210713026631721,2.35710899401723,-1.0,-1073.0,1.0,33103.0,0.053085739497831554,1.4996199187045998,0.1388,0.34265734265734277,0.8767,0.8587,0.692
20250922,10134.9205,10073.5661,10151.9927,10034.8781,498414.0,6587.0,340215.0,0.0,-1.0,0.0,-1336.0,2.0,-1.0,32071.0,-607.0,10045.56136,9959.88892,9888.23634,85.67244000000028,157.3250200000002,9925.6121768254,9860.486804166667,357335.4,,0.16721,1.110220145731549,1.200669875398281,2.31089002112983,-1.0,-1336.0,1.0,31464.0,0.013215920901098284,1.5265664755013266,0.1454,0.4580419580419581,0.726,0.588,0.697
20250923,9988.261,10110.6593,10111.904,9937.8701,452144.0,-46270.0,518087.0,0.0,-1.0,0.0,-1685.0,3.0,-1.0,25013.0,-369.0,10032.30078,9971.703440000001,9895.927115,60.59733999999844,136.3736649999992,9938.510519444446,9871.790722976191,375629.8,621704.4,,1.17837850612037,1.210713026631721,2.38909153275209,-1.0,-1685.0,2.0,24644.0,-0.10233465444637106,1.6241954720757887,0.1429,0.4143356643356643,0.6986,0.6987,0.716
20250924,9907.4393,10001.8888,10032.4483,9830.8545,423306.0,-28838.0,409979.0,0.0,-1.0,0.0,-1511.0,3.0,0.0,20574.0,0.0,10014.43896,9982.79937,9897.824395,31.63958999999886,116.6145649999999,9942.329657777776,9883.44045336508,382123.9,,,1.2534591481778,1.210713026631721,2.464172174809521,-1.0,-1511.0,3.0,20574.0,-0.06812565850708471,1.5462020525929607,0.1383,0.333916083916084,0.6575,0.5947,0.704
20250925,10125.7037,9933.858,10137.9476,9918.8389,458386.0,35080.0,491162.0,0.0,-1.0,0.0,-1341.0,2.0,0.0,32166.0,-205.0,10043.85216,10003.86774,9912.641964999999,39.98442000000068,131.2101950000015,9958.138230952381,9896.296697468255,394584.9,589394.4,0.169625,1.325232351614314,1.217140834753587,2.542373186367901,-1.0,-1341.0,2.0,31961.0,0.07652938789579089,1.5191333619863967,0.1475,0.4947552447552446,0.6438,0.5533,0.693
20250926,10130.6565,10126.4412,10165.6644,10086.2002,454524.0,-3862.0,380809.0,0.0,-1.0,0.0,-5521.0,2.0,0.0,30520.0,0.0,10057.3962,10029.1787,9928.58181,28.21749999999884,128.8143899999995,9979.15550468254,9910.67478670635,396885.3,,0.172615,1.295256600320623,1.217140834753587,2.51239743507421,-1.0,-5521.0,2.0,30520.0,-0.008496801049009513,1.5717923940550098,0.1501,0.5402097902097904,0.589,0.4227,0.707
20250929,10057.6929,10142.9058,10144.3827,10041.7172,422406.0,-32118.0,286948.0,0.0,-1.0,0.0,-7894.0,2.0,0.0,24999.0,0.0,10041.95068,10043.75602,9940.423610000002,-1.805339999998978,101.5270699999983,9994.577656825397,9925.988800920635,398356.9,,,1.328751875927284,1.217140834753587,2.545892710680871,-1.0,-7894.0,2.0,24999.0,-0.07603585176346928,1.615504830674192,0.1432,0.4195804195804195,0.6164,0.38,0.712
20250930,9982.1761,10028.8125,10035.013,9948.128,385201.0,-37205.0,238509.0,1.0,-1.0,2815.0,-4006.0,2.0,0.0,18870.0,0.0,10040.7337,10036.51724,9950.05196,4.216459999999643,90.68173999999999,10000.06075912698,9940.1851555,379117.3,,,1.33393717468388,1.210713026631721,2.544650201315601,0.0,-1191.0,2.0,18870.0,-0.09658593825041992,1.641619916096625,0.1424,0.40559440559440557,0.5479,0.2173,0.721
20251009,10186.2204,10087.6797,10204.1081,10071.5925,419783.0,34582.0,256977.0,1.0,-1.0,3779.0,-4111.0,2.0,0.0,25697.0,-207.0,10096.48992,10055.46444,9971.853095,41.02548000000024,124.6368249999996,10019.83602698413,9954.673310769842,363436.8,,,1.403978743515069,1.217140834753587,2.621119578268655,0.0,-332.0,2.0,25490.0,0.08238065857836073,1.6305702268773548,0.1406,0.35727109515260325,0.4658,0.18,0.717
20251010,10010.4968,10189.1979,10198.9679,9988.2561,419106.0,-677.0,337649.0,1.0,-1.0,2828.0,-4013.0,2.0,0.0,14575.0,0.0,10073.44854,10058.65035,9984.433375,14.79818999999952,89.01516499999889,10029.20244960318,9969.008692769841,363608.3,,,1.469232833900053,1.250726841733869,2.719959675633921,0.0,-1185.0,2.0,14575.0,-0.0016153431351495803,1.4972290259506715,0.1322,0.20646319569120306,0.411,0.164,0.683
20251013,9964.9067,10010.03,10010.03,9867.4776,423886.0,4780.0,332676.0,1.0,-1.0,3712.0,-3075.0,2.0,0.0,8712.0,-705.0,10040.29858,10048.84739,9990.58527,-8.54881000000023,49.71330999999918,10027.70994642857,9981.51329286508,359301.1,,,1.505484651015634,1.2946140796943,2.800098730709934,0.0,637.0,2.0,8007.0,0.011276616826222144,1.4053015303005414,0.14,0.346499102333932,0.4658,0.212,0.669
20251014,9880.8051,9952.7118,9964.5094,9859.5739,429892.0,6006.0,278781.0,0.0,-1.0,0.0,-6332.0,1.0,-1.0,5566.0,-3917.0,10004.92102,10023.43585,9991.662385,-18.51483000000007,13.25863500000014,10019.54763484127,9990.906838666666,353157.7,,,1.474188277102782,1.2946140796943,2.768802356797082,-1.0,-6332.0,0.0,1649.0,0.013970950843467661,1.5192126467079603,0.1368,0.28904847396768407,0.5205,0.212,0.689
20251015,9865.5629,9871.7924,9908.1957,9829.4708,430790.0,898.0,249206.0,0.0,-1.0,0.0,-2293.0,2.0,-2.0,3459.0,-6427.0,9981.59838,10011.16604,9991.43474,-29.56766000000061,-9.83636000000115,10008.05589095238,9997.861375817458,326269.6,,,1.437689355734389,1.250726841733869,2.688416197468258,-1.0,-2293.0,0.0,-2968.0,0.002084542352422294,1.396634977070769,0.1394,0.33572710951526025,0.5068,0.212,0.667
20251016,9861.4852,9867.789,9897.8686,9842.5557,425102.0,-5688.0,188261.0,0.0,-1.0,0.0,-1969.0,2.0,-2.0,4507.0,-8085.0,9916.65134,10006.57063,9994.685000000001,-89.919289999998,-78.03366000000096,9995.521754761905,10003.18058551587,304097.8,,,1.422955537593101,1.250726841733869,2.67368237932697,-1.0,-1969.0,0.0,-3578.0,-0.013380318135412206,1.4168432954291674,0.1374,0.2998204667863553,0.4932,0.1573,0.67
20251017,9792.8987,9864.135,9871.4635,9778.5682,419806.0,-5296.0,269800.0,0.0,-1.0,0.0,-2042.0,1.0,-2.0,236.0,-12449.0,9873.131720000001,9973.29013,9988.578935000001,-100.1584099999982,-115.4472150000001,9978.651165873012,10005.23187900794,281961.6,,,1.391022495743915,1.250726841733869,2.641749337477783,-1.0,-2042.0,-1.0,-12213.0,-0.0126153509001777,1.30846005317835,0.1345,0.24775583482944358,0.5068,0.1733,0.657
20251020,9856.4951,9799.4727,9888.1244,9797.7711,418502.0,-1304.0,185855.0,0.0,-1.0,0.0,-5564.0,2.0,-2.0,1245.0,-11161.0,9851.449400000001,9945.87399,9987.526345,-94.42458999999872,-136.0769449999989,9964.616193174605,10003.77794785714,262466.2,,,1.378118092932301,1.217140834753587,2.595258927685888,-1.0,-5564.0,0.0,-9916.0,-0.0031158751929500936,1.2717877152629218,0.1304,0.17414721723518828,0.5068,0.1987,0.654
20251021,9799.0297,9846.9085,9850.774,9782.7618,411762.0,-6740.0,239209.0,0.0,-1.0,0.0,-5479.0,1.0,-1.0,171.0,-10362.0,9835.09432,9920.00767,9981.881845,-84.91335000000072,-146.7875249999997,9947.390607539684,9999.059242928572,257692.3,,,1.291539473858927,1.217140834753587,2.508680308612514,-1.0,-5479.0,0.0,-10191.0,-0.016368678994176246,1.2270548763775997,0.1287,0.1436265709156195,0.5479,0.2373,0.65
20251022,9762.7073,9784.3413,9799.6285,9737.8105,407597.0,-4165.0,234419.0,0.0,-1.0,0.0,-5203.0,0.0,-2.0,0.0,-9846.0,9814.5232,9898.06079,9967.289014999998,-83.53758999999991,-152.7658149999988,9927.340619603174,9991.78722897619,257283.3,,,1.192523347444685,1.210713026631721,2.403236374076406,-1.0,-5203.0,-2.0,-9846.0,-0.010218426534052017,1.186479363166692,0.1256,0.08797127468581666,0.3973,0.108,0.644
20251023,9675.9014,9762.0968,9762.0968,9644.8496,409625.0,2028.0,273882.0,0.0,-1.0,0.0,-5056.0,1.0,-2.0,0.0,-11179.0,9777.40644,9847.02889,9951.246665,-69.62244999999893,-173.8402249999999,9901.724084841271,9979.976034761905,258973.8,,,1.11524257665698,1.214223425959858,2.329466002616837,-1.0,-5056.0,-1.0,-11179.0,0.004950869697894416,1.2203101672506913,0.1226,0.03411131059245959,0.4247,0.1147,0.649
20251024,9671.3772,9696.3278,9696.3278,9591.5723,400934.0,-8691.0,261485.0,0.0,-1.0,0.0,-5009.0,0.0,-2.0,0.0,-10347.0,9753.102139999999,9813.11693,9935.88364,-60.01479000000108,-182.781500000001,9873.662092619048,9964.421999063492,251357.4,,,1.137222681913057,1.214223425959858,2.351446107872914,-1.0,-5009.0,-2.0,-10347.0,-0.021676884474751454,1.1210120197813078,0.1293,0.15439856373429078,0.4247,0.12,0.624
20251027,9654.871,9675.1414,9694.2406,9629.359,393689.0,-7245.0,202191.0,0.0,-1.0,0.0,-4641.0,1.0,-2.0,0.0,-9516.0,9712.77732,9782.11336,9915.480375000001,-69.33604000000014,-202.7030550000018,9847.039549603174,9946.354959380953,238308.9,,,1.113156481090061,1.210713026631721,2.323869507721782,-1.0,-4641.0,-1.0,-9516.0,-0.018402850981358382,1.156360633017277,0.1293,0.15439856373429078,0.4384,0.1133,0.633
20251028,9640.1315,9650.5547,9650.5547,9599.9574,391069.0,-2620.0,188725.0,0.0,-1.0,0.0,-4514.0,1.0,-2.0,240.0,-11409.0,9680.99768,9758.046,9890.740925,-77.04831999999988,-209.7432449999997,9820.762135873016,9926.476409484127,229303.3,,0.150995,1.076212184442662,1.200669875398281,2.276882059840943,-1.0,-4514.0,-1.0,-11169.0,-0.0066995849837241,1.1266124856057542,0.1313,0.19030520646319565,0.4247,0.12,0.624
20251029,9435.1192,9623.9798,9629.3767,9364.6197,385507.0,-5562.0,443090.0,0.0,-1.0,0.0,-1772.0,0.0,-2.0,0.0,-11321.0,9615.48006,9715.00163,9863.083835000001,-99.52157000000079,-247.6037750000014,9781.72067984127,9903.842888373016,248691.7,531708.0,0.15502,1.121264012597343,1.210713026631721,2.331977039229064,-1.0,-1772.0,-2.0,-11321.0,-0.014427753581647025,1.0519289675853531,0.1348,0.2531418312387792,0.411,0.12,0.606
20251030,9442.5483,9420.6638,9459.5784,9384.3742,375603.0,-9904.0,215859.0,0.0,-1.0,0.0,-1800.0,1.0,-1.0,474.0,-9745.0,9568.80944,9673.10794,9839.839285,-104.298499999999,-271.0298449999991,9738.921092619048,9878.182822158731,251451.5,,,1.026520241238723,1.200669875398281,2.227190116637005,-1.0,-1800.0,0.0,-9271.0,-0.026368266494144085,0.9815350319526666,0.1339,0.2369838420107718,0.3836,0.2547,0.597
20251031,9342.175,9445.9639,9452.9884,9301.1754,369278.0,-6325.0,281742.0,0.0,-1.0,0.0,-1914.0,1.0,-2.0,451.0,-9598.0,9502.969000000001,9628.03557,9800.662849999999,-125.066569999999,-297.6938499999978,9694.041152698412,9849.72182084127,252645.7,,0.16951,1.037712858411248,1.200669875398281,2.23838273380953,-1.0,-1914.0,-1.0,-9147.0,-0.017128017374444186,0.8478867518482884,0.1474,0.4793536804308797,0.3836,0.1987,0.569
20251103,9361.0056,9324.589,9435.4728,9234.1054,358110.0,-11168.0,432728.0,0.0,-1.0,0.0,-1823.0,1.0,-2.0,1686.0,-8554.0,9444.19592,9578.48662,9762.180305,-134.2906999999996,-317.9843849999997,9650.30781047619,9818.290982571429,277333.0,519273.6,,1.112755507580057,1.210713026631721,2.323468534211778,-1.0,-1823.0,-1.0,-6868.0,-0.031185948451593087,1.0844457475445146,0.1318,0.19928186714542187,0.411,0.1987,0.616
20251104,9344.8633,9347.5054,9427.7658,9332.8856,357782.0,-328.0,205558.0,0.0,-1.0,0.0,-1771.0,1.0,-2.0,1505.0,-12114.0,9385.14228,9533.06998,9726.538825,-147.9277000000002,-341.3965449999996,9611.026092380951,9784.654531055556,273967.9,,,1.129057731494134,1.210713026631721,2.339770758125855,-1.0,-1771.0,-1.0,-10609.0,-0.0009167593674360365,1.113521967113875,0.1349,0.25493716337522426,0.4658,0.196,0.625
20251105,9311.0078,9330.6234,9361.3424,9300.742,358698.0,916.0,183850.0,0.0,-1.0,0.0,-1816.0,1.0,-2.0,315.0,-12494.0,9360.320000000002,9487.90003,9692.98041,-127.5800299999992,-332.6604099999986,9570.344734365079,9748.954942531747,268911.0,,,1.137636071712364,1.210713026631721,2.348349098344085,-1.0,-1816.0,-1.0,-12179.0,0.002553680254698939,1.062406108788085,0.1357,0.2692998204667861,0.4795,0.1973,0.612
20251106,9462.7734,9313.0269,9470.4466,9269.5351,352842.0,-5856.0,256020.0,0.0,-1.0,0.0,-1835.0,1.0,-1.0,2232.0,-11971.0,9364.365020000001,9466.587230000001,9656.80806,-102.2222099999999,-292.4430399999983,9543.416990476191,9713.124233095237,267124.8,,,1.221197539750704,1.214223425959858,2.435420965710562,-1.0,-1835.0,0.0,-9739.0,-0.01659666366248916,1.1586338360400574,0.1262,0.09874326750448842,0.4658,0.2067,0.639
20251107,9427.4898,9475.6817,9493.5554,9392.11,350002.0,-2840.0,201354.0,1.0,-1.0,3435.0,-1848.0,1.0,-1.0,1589.0,-13791.0,9381.427979999999,9442.198489999999,9627.65771,-60.77051000000029,-246.2297300000009,9522.175201507936,9677.975543984126,261111.7,,,1.229791716743322,1.210713026631721,2.440504743375043,0.0,1587.0,0.0,-12202.0,-0.00811423934720373,1.1382035398860937,0.1264,0.10233393177737901,0.4795,0.208,0.631
20251110,9475.4551,9428.6045,9510.1024,9387.7501,348980.0,-1022.0,202317.0,1.0,-1.0,3894.0,-1745.0,1.0,-1.0,2381.0,-13834.0,9404.317879999999,9424.2569,9603.18513,-19.93902000000162,-198.8672500000011,9505.354110238097,9643.807000047618,261124.3,,,1.269337097967248,1.214223425959858,2.483560523927106,0.0,2149.0,0.0,-11453.0,-0.0029285345865092557,1.1225002508294897,0.1189,0.0,0.5753,0.28,0.628
20251111,9667.4148,9484.9434,9679.6537,9471.9915,356284.0,7304.0,318718.0,1.0,-1.0,4589.0,-4210.0,1.0,-1.0,4603.0,-12293.0,9468.82818,9426.98523,9592.515615,41.8429500000002,-123.6874349999998,9505.090377857143,9612.239824246031,274123.6,,,1.379976946483952,1.220971367053375,2.600948313537327,0.0,379.0,0.0,-7690.0,0.020500499601441548,1.0957122315289998,0.1234,0.07826086956521723,0.6575,0.3293,0.619
20251112,9724.1524,9658.0071,9739.1555,9645.3709,362950.0,6666.0,249767.0,1.0,-1.0,4579.0,-4824.0,1.0,-1.0,4226.0,-9313.0,9551.4571,9455.88855,9585.44509,95.56854999999996,-33.98798999999963,9515.345638968254,9585.602320158729,254791.3,,0.146165,1.36137068809497,1.214223425959858,2.575594114054828,0.0,-245.0,0.0,-5087.0,0.018366166138586583,1.1019076488169903,0.1271,0.2469879518072284,0.6712,0.3307,0.622
20251113,9854.6618,9715.5167,9862.7997,9689.8202,382741.0,19791.0,337991.0,1.0,-1.0,4475.0,-5565.0,1.0,-1.0,5998.0,-7634.0,9629.83478,9497.0999,9585.10392,132.73488,44.73085999999967,9536.568911507937,9565.36710204762,267004.5,405589.2,0.156515,1.410737524440608,1.214223425959858,2.624960950400467,0.0,-1090.0,0.0,-1636.0,0.05170859667503612,1.1848862029386344,0.1361,0.551282051282051,0.6712,0.3427,0.65
20251114,9804.153,9858.2284,9893.003,9793.0684,399623.0,16882.0,338903.0,1.0,-1.0,4377.0,-3931.0,1.0,-1.0,7016.0,-5917.0,9705.167420000002,9543.2977,9585.666635,161.8697200000024,119.500785000002,9559.462944920637,9551.909281269842,272720.6,406683.6,0.156745,1.435455277751334,1.210713026631721,2.646168304383055,0.0,446.0,0.0,1099.0,0.04224481573883385,1.3249556099355293,0.1363,0.5576923076923076,0.6712,0.3427,0.664
20251117,9763.8231,9808.9647,9814.2672,9719.6726,395426.0,-4197.0,318880.0,1.0,-1.0,4260.0,-3430.0,1.0,-1.0,6632.0,-5678.0,9762.841020000002,9583.579450000001,9581.033035,179.2615700000006,181.8079850000013,9577.82484468254,9544.660984690476,261335.8,382656.0,,1.463866622588807,1.200669875398281,2.664536497987089,0.0,830.0,0.0,954.0,-0.010613869598862999,1.3455358704905551,0.1359,0.5448717948717944,0.6438,0.6333,0.666
20251118,9762.3621,9764.1328,9831.6431,9757.7498,403165.0,7739.0,278724.0,1.0,-1.0,4421.0,-1075.0,1.0,-1.0,6649.0,-8788.0,9781.83048,9625.329329999999,9579.199655,156.5011500000019,202.6308250000002,9596.42185873016,9543.200561325397,268652.4,,,1.309535156281966,1.189341597459617,2.498876753741583,0.0,3346.0,0.0,-2139.0,0.019195614698696562,1.1228506102074698,0.1341,0.48717948717948684,0.589,0.652,0.631
20251119,9711.8903,9788.6129,9868.1004,9683.1194,397211.0,-5954.0,403685.0,1.0,-1.0,3809.0,-1126.0,1.0,-1.0,6751.0,-6137.0,9779.37806,9665.41758,9576.658805000001,113.9604799999997,202.7192549999982,9612.629956825396,9547.42908357143,290635.9,484422.0,,1.388818129911839,1.200669875398281,2.589488005310121,0.0,2683.0,0.0,614.0,-0.014989514389077845,0.911961996271511,0.1345,0.5,0.5753,0.6307,0.591
20251120,9669.2722,9691.7438,9712.1407,9618.6281,386680.0,-10531.0,324197.0,1.0,-1.0,4587.0,-3284.0,1.0,-1.0,7194.0,-6894.0,9742.30014,9686.06746,9576.327345,56.23267999999916,165.9727949999997,9621.592515317461,9555.246636055557,297453.6,,0.158815,1.342039037069559,1.200669875398281,2.54270891246784,0.0,1303.0,0.0,300.0,-0.027234405710147926,0.9913125540983728,0.1381,0.6153846153846151,0.3699,0.2467,0.602
20251121,9708.7265,9675.9032,9792.3114,9660.9759,398033.0,11353.0,411065.0,1.0,-1.0,4105.0,-3676.0,1.0,-1.0,9000.0,-10847.0,9723.214839999999,9714.191130000001,9578.194809999999,9.023709999997664,145.0200299999997,9634.300009285713,9566.459116833334,318424.7,493278.0,0.168475,1.286578695444372,1.210713026631721,2.497291722076093,0.0,429.0,0.0,-1847.0,0.02852276067562237,1.062181936398462,0.1465,0.884615384615384,0.3425,0.1667,0.614
20251124,9670.9113,9686.2075,9802.6652,9639.6638,397303.0,-730.0,406214.0,1.0,-1.0,4870.0,-1126.0,1.0,-1.0,9552.0,-8021.0,9704.632479999998,9733.73675,9578.996825,-29.10427000000163,125.6356549999982,9645.206921587302,9580.444397968255,338814.4,,,1.333926593867827,1.210713026631721,2.544639620499548,0.0,3744.0,0.0,1531.0,-0.0018373885925855077,0.906920001497787,0.143,0.7724358974358967,0.274,0.124,0.59
20251125,9712.8182,9664.2726,9781.4597,9637.6172,378532.0,-18771.0,452257.0,1.0,-1.0,5398.0,-1830.0,1.0,-1.0,10316.0,-2115.0,9694.723699999999,9738.27709,9582.63116,-43.55339000000095,112.0925399999978,9657.766298333334,9595.711990015874,352168.3,542708.4,,1.391439959666776,1.214223425959858,2.605663385626634,0.0,3568.0,0.0,8201.0,-0.04958893831961367,0.9231706651050028,0.1437,0.7948717948717944,0.2329,0.0987,0.593
20251126,9727.382,9693.4499,9753.5022,9586.3193,369026.0,-9506.0,430047.0,1.0,-1.0,4425.0,-1971.0,2.0,0.0,22147.0,0.0,9697.82204,9738.600050000001,9597.2443,-40.77801000000181,100.5777399999988,9668.856336507935,9611.063059769842,370196.3,,0.16997,1.363867488808412,1.246350728543275,2.610218217351687,0.0,2454.0,2.0,22147.0,-0.025759702568382715,0.8607277695129641,0.1478,0.9262820512820505,0.2466,0.0933,0.575
20251127,9691.8126,9717.1461,9717.1461,9619.5974,356656.0,-12370.0,320826.0,1.0,-1.0,4363.0,-987.0,2.0,0.0,19252.0,0.0,9702.330119999999,9722.315129999999,9609.707515,-19.98501000000033,92.62260499999866,9678.031856825395,9625.209354301587,368479.8,,,1.365878736427527,1.246350728543275,2.612229464970802,0.0,3376.0,2.0,19252.0,-0.03468328024763358,,0.1474,0.9134615384615382,0.0822,0.0653,
20251128,9664.7818,9683.3008,9749.6575,9640.9298,356551.0,-105.0,328240.0,1.0,-1.0,3888.0,-733.0,2.0,0.0,17400.0,0.0,9693.54118,9708.37801,9625.837855000002,-14.83683000000019,67.70332499999859,9684.818789761906,9637.744938785714,367413.5,,0.1725,1.35397094422635,1.246350728543275,2.600321672769625,0.0,3155.0,2.0,17400.0,-0.0002944880255559513,,0.15,0.9967948717948713,0.0548,0.0427,
20251201,9661.4809,9687.0426,9703.9436,9618.4661,355910.0,-641.0,333909.0,1.0,-1.0,3101.0,-734.0,2.0,0.0,16134.0,0.0,9691.6551,9698.14379,9640.86162,-6.488690000000133,50.79348000000027,9688.96505420635,9648.858959738096,368916.4,,0.172615,1.264272901188029,1.246350728543275,2.510623629731304,0.0,2367.0,2.0,16134.0,-0.0018010171110674046,0.7631801984024644,0.1501,1.0,0.0685,0.044,0.5421
20251202,9641.6288,9660.2448,9660.2448,9582.3481,359427.0,3517.0,269187.0,1.0,-1.0,3412.0,-312.0,2.0,0.0,16775.0,0.0,9677.41722,9686.070459999999,9655.699895000002,-8.653239999999641,21.7173249999978,9689.347414365078,9658.151515301588,367962.7,,,1.254270030073409,1.213266714831579,2.467536744904988,0.0,3100.0,2.0,16775.0,0.009785018932912663,0.8101621290223968,0.1427,0.7628205128205123,0.1233,0.0653,0.5581
20251203,9623.2616,9636.7952,9660.5081,9608.472,351091.0,-8336.0,219360.0,1.0,-1.0,3526.0,-177.0,2.0,0.0,18190.0,0.0,9656.59314,9677.207590000002,9671.312585,-20.61445000000094,-14.71944499999881,9686.758783492063,9665.564397968254,349530.2,,,1.167356492384318,1.200669875398281,2.3680263677826,0.0,3349.0,2.0,18190.0,-0.02374313212244119,0.5884807484644037,0.1322,0.42628205128205143,0.1507,0.084,0.4719
20251204,9545.4916,9612.4882,9673.5771,9522.2442,340199.0,-10892.0,365913.0,1.0,-1.0,6348.0,-992.0,2.0,0.0,15085.0,0.0,9627.32894,9664.829529999999,9675.448495,-37.50058999999965,-48.11955500000113,9678.281563809524,9671.23330281746,353701.8,,,1.207500745653209,1.213266714831579,2.420767460484789,0.0,5356.0,2.0,15085.0,-0.03201655501632868,0.5799057103146232,0.1325,0.43589743589743585,0.1644,0.0933,0.4699
20251205,9525.8421,9551.6635,9605.1858,9509.9598,334361.0,-5838.0,282503.0,2.0,-1.0,4881.0,0.0,2.0,0.0,12516.0,0.0,9599.541000000001,9646.541089999999,9680.366109999999,-47.00008999999773,-80.82510999999795,9665.65191436508,9674.368493325397,340845.6,,,1.210090963587591,1.213266714831579,2.423357678419171,1.0,4881.0,2.0,12516.0,-0.017460170294980575,0.5881683640343406,0.132,0.4198717948717948,0.1918,0.1013,0.4729
20251208,9397.9535,9536.3859,9536.3859,9394.7565,336739.0,2378.0,262856.0,1.0,-1.0,6607.0,-969.0,2.0,0.0,7299.0,0.0,9546.835519999999,9619.24531,9676.491030000001,-72.40979000000152,-129.6555100000023,9642.601679444442,9674.107969111112,326509.8,,,1.263550790395395,1.213266714831579,2.476817505226975,0.0,5638.0,2.0,7299.0,0.00706184908786924,0.5777038352625847,0.1222,0.10576923076923067,0.2055,0.1093,0.4669
20251209,9282.4441,9407.8334,9409.0167,9260.2556,335225.0,-1514.0,274026.0,1.0,-1.0,5206.0,-520.0,2.0,0.0,4577.0,0.0,9474.99858,9576.207900000001,9657.242495,-101.2093200000018,-182.2439150000009,9608.78896468254,9669.210235746032,308686.7,,,1.240659950635117,1.247334426661992,2.487994377297109,0.0,4686.0,2.0,4577.0,-0.00451636960250578,0.6238928653963848,0.1301,0.35897435897435853,0.1781,0.0507,0.494
20251210,9283.6515,9290.0302,9306.0938,9218.7601,326984.0,-8241.0,347389.0,2.0,-1.0,7517.0,0.0,1.0,-1.0,1904.0,-5676.0,9407.07656,9531.83485,9635.21745,-124.7582899999998,-228.1408900000006,9571.953694682541,9659.519971563492,300420.9,,0.163875,1.239620232975195,1.247334426661992,2.486954659637187,1.0,7517.0,0.0,-3772.0,-0.025203068040026422,0.8447582618178832,0.1425,0.7564102564102557,0.1781,0.012,0.5772
20251211,9428.0943,9296.8425,9483.7206,9296.4512,323531.0,-3453.0,435965.0,2.0,0.0,7399.0,0.0,2.0,-1.0,910.0,-67.0,9383.5971,9505.46302,9613.889075,-121.8659199999984,-230.2919749999983,9548.603974047619,9646.577183285715,311934.8,523158.0,,1.293567411308964,1.302357433391652,2.595924844700615,2.0,7399.0,1.0,843.0,-0.010672856696885306,0.8241892972010257,0.1384,0.6249999999999996,0.1781,0.0147,0.5701
20251212,9449.8166,9446.7578,9533.6835,9440.7545,314717.0,-8814.0,371954.0,2.0,-1.0,6671.0,0.0,2.0,0.0,1692.0,0.0,9368.392,9483.966499999999,9596.172255000001,-115.5744999999988,-227.7802550000015,9533.676729682538,9631.462977277777,316306.2,,,1.252746073198126,1.302357433391652,2.555103506589778,1.0,6671.0,2.0,1692.0,-0.028006113428890082,0.819821979009074,0.1357,0.5384615384615378,0.1781,0.012,0.5691
20251215,9281.786,9420.0372,9437.3256,9258.6384,305412.0,-9305.0,316258.0,2.0,0.0,7885.0,0.0,1.0,-1.0,76.0,-4589.0,9345.158500000001,9445.997010000001,9572.0704,-100.8385099999996,-226.9118999999992,9507.023088650796,9613.268780722223,314541.1,,,1.292335630462458,1.332509427109458,2.624845057571916,2.0,7885.0,0.0,-4513.0,-0.030467041242649272,0.6823928290828682,0.14,0.6762820512820514,0.1781,0.0133,0.514
20251216,9144.0517,9267.4379,9283.1605,9127.5548,304367.0,-1045.0,312213.0,2.0,0.0,8665.0,0.0,0.0,-2.0,0.0,-6968.0,9317.480019999999,9396.2393,9541.154879999998,-78.75928000000022,-223.6748599999992,9469.378944761906,9591.271933761906,318843.7,,0.168475,1.28929042549426,1.373751508439466,2.663041933933726,2.0,8665.0,-2.0,-6968.0,-0.003433355127198415,0.69599557402546,0.1465,0.884615384615384,0.1918,0.0107,0.523
20251217,9023.1145,9111.0139,9132.1758,9022.7747,310251.0,5884.0,386390.0,2.0,0.0,6029.0,0.0,1.0,-1.0,3532.0,-6083.0,9265.37262,9336.22459,9506.716089999998,-70.85196999999971,-241.343469999998,9422.32132079365,9564.828187492065,335546.7,,0.176755,1.306049266680884,1.347545059200685,2.653594325881569,2.0,6029.0,0.0,-2551.0,0.01896528939471589,0.5569541300913712,0.1537,1.0,0.1918,0.0067,0.4549
20251218,9020.5476,9027.8547,9102.9364,9010.7158,304974.0,-5277.0,313082.0,3.0,0.0,8124.0,0.0,1.0,-1.0,750.0,-5485.0,9183.86328,9283.73019,9474.27986,-99.86691000000064,-290.416580000001,9375.697625793651,9534.569793690476,330263.6,,,1.299885885802239,1.347545059200685,2.647430945002924,3.0,8124.0,0.0,-4735.0,-0.01730311436384741,0.4833304117741482,0.1496,0.8821839080459772,0.1644,0.004,0.4208
20251219,8821.4687,9003.7764,9015.8494,8783.3551,319818.0,14844.0,476749.0,3.0,0.0,11803.0,0.0,1.0,-2.0,0.0,-6650.0,9058.1937,9213.292850000002,9429.91697,-155.0991500000018,-371.7232700000004,9318.05907452381,9499.810509706349,349688.2,572098.7999999999,0.18101,1.424539259251693,1.373751508439466,2.798290767691159,3.0,11803.0,-1.0,-6650.0,0.04641389790443315,0.4914101989086072,0.1574,1.0,0.137,0.004,0.4319
20251222,8941.7306,8825.969,8966.1007,8786.436,306705.0,-13113.0,375582.0,3.0,0.0,7535.0,0.0,0.0,-2.0,0.0,-11073.0,8990.18262,9167.67056,9393.457935,-177.4879400000009,-403.2753150000008,9266.119268730157,9462.16226863492,360960.8,,,1.50969211394344,1.385745816482433,2.895437930425873,3.0,7535.0,-2.0,-11073.0,-0.04275443830390766,0.42847999212007,0.1506,0.8233766233766234,0.0274,0.004,0.3788
20251223,8932.8075,8945.4008,8989.3736,8876.6098,311494.0,4789.0,310207.0,2.0,0.0,3432.0,0.0,0.0,-2.0,0.0,-10089.0,8947.93378,9132.7069,9354.457400000001,-184.7731199999998,-406.5236200000018,9221.434471349208,9423.426819301587,364578.9,,,1.564814590239108,1.385745816482433,2.950560406721541,2.0,3432.0,-2.0,-10089.0,0.015374292923780234,0.6281762352820957,0.1491,0.7844155844155845,0.0548,0.0053,0.501
20251224,9080.763,8945.2389,9095.9519,8888.4697,299083.0,-12411.0,389584.0,2.0,0.0,6000.0,0.0,0.0,-2.0,0.0,-7959.0,8959.46348,9112.41805,9322.12645,-152.9545699999999,-362.6629699999994,9189.327163095237,9385.164166142857,368798.4,,,1.614126022572692,1.385745816482433,2.999871839055125,2.0,6000.0,-2.0,-7959.0,-0.04149684201375538,0.855023639029878,0.1482,0.7610389610389607,0.0137,0.0067,0.5922
20251225,9093.6008,9093.7173,9133.88,9071.5968,296157.0,-2926.0,249480.0,2.0,-1.0,6162.0,-941.0,1.0,-2.0,4502.0,-6346.0,8974.074120000001,9078.968700000001,9292.21586,-104.8945800000001,-318.1417399999991,9166.82279809524,9346.986048547618,350149.9,,,1.593868954456748,1.347545059200685,2.941414013657433,1.0,5221.0,-1.0,-1844.0,-0.00987989478553605,0.9697867080312312,0.1471,0.7324675324675324,0.0137,0.008,0.6202
20251226,9170.6509,9100.9583,9206.428,9082.5573,287819.0,-8338.0,259205.0,2.0,-1.0,5956.0,-1552.0,2.0,-2.0,4757.0,-5908.0,9043.91056,9051.05213,9267.509315,-7.141569999999774,-223.5987549999991,9152.27523277778,9308.845898857144,338875.0,,,1.582821440414867,1.34673402233163,2.929555462746496,1.0,4404.0,0.0,-1151.0,-0.0289695954749339,1.059694221237537,0.1499,0.805194805194805,0.0137,0.0093,0.6363
20251229,9170.5356,9179.9319,9204.5887,9147.6589,283697.0,-4122.0,230997.0,2.0,-1.0,5245.0,-1856.0,1.0,-2.0,4299.0,-4959.0,9089.67156,9039.92709,9242.96205,49.74447000000146,-153.2904899999994,9142.555226984126,9272.399112690477,330348.9,,0.184575,1.512375458658959,1.34673402233163,2.859109480990589,1.0,3389.0,-1.0,-660.0,-0.014529586142962386,1.4860305936433018,0.1605,1.0,0.0137,0.0107,0.7084
20251230,9217.4728,9169.7464,9260.9747,9159.7687,289191.0,5494.0,263724.0,2.0,0.0,6336.0,0.0,2.0,-2.0,4387.0,-4554.0,9146.60462,9047.269199999999,9221.75425,99.33542000000125,-75.14962999999989,9138.173877857142,9239.278606,325500.0,,,1.524015452970757,1.34673402233163,2.870749475302387,2.0,6336.0,0.0,-167.0,0.018997824966890394,1.6388507699093482,0.1549,0.8653846153846155,0.0137,0.012,0.7465
20251231,9176.9026,9207.3479,9227.2988,9166.4746,285462.0,-3729.0,203654.0,2.0,0.0,5065.0,0.0,2.0,-2.0,4584.0,-4146.0,9165.83254,9062.64801,9199.4363,103.1845299999986,-33.60375999999997,9134.39241174603,9210.485715095238,307226.4,,,1.417827305256098,1.34673402233163,2.764561327587727,2.0,5065.0,0.0,438.0,-0.013063034659604431,1.4185702333888226,0.1512,0.7764423076923076,0.0137,0.0133,0.7014
20260105,9134.4474,9178.7827,9302.5398,9046.5928,293419.0,7957.0,315462.0,1.0,-1.0,4416.0,-1056.0,2.0,-1.0,9061.0,-1951.0,9174.00186,9074.03799,9178.884090000001,99.96386999999959,-4.882230000001073,9129.200914126986,9185.836043928572,307464.4,,,1.539538913658766,1.34673402233163,2.886272935990395,0.0,3360.0,1.0,7110.0,0.027118216611739528,1.659982730734775,0.1493,0.7307692307692304,0.0274,0.0147,0.7555
20260106,9236.6103,9172.9577,9261.4962,9170.339,311526.0,18107.0,256936.0,2.0,-1.0,6332.0,-589.0,3.0,0.0,8762.0,0.0,9187.193739999999,9115.55215,9164.4225,71.64158999999927,22.77123999999822,9132.496462063493,9167.279782682539,285483.1,,,1.489655651618552,1.34673402233163,2.836389673950181,1.0,5743.0,3.0,8762.0,0.05812355951028165,1.382746970162135,0.1558,0.8870192307692305,0.1096,0.0613,0.6974
20260107,9187.8343,9182.027,9227.8076,9102.5367,317745.0,6219.0,341021.0,2.0,-1.0,5541.0,-723.0,2.0,-1.0,6157.0,-2361.0,9190.653479999999,9140.162520000002,9153.91654,50.49095999999736,36.73693999999887,9133.352506904763,9154.0031065,282027.0,409225.2,0.195385,1.472216319881918,1.34673402233163,2.818950342213547,1.0,4818.0,1.0,3796.0,0.019572298541283104,1.3269275114626906,0.1699,1.0,0.1233,0.02,0.6934
20260108,9050.7133,9208.83,9239.8414,8991.1072,343863.0,26118.0,354722.0,2.0,0.0,7645.0,0.0,2.0,-1.0,5038.0,-7105.0,9157.30158,9151.9531,9142.33,5.348479999998744,14.97157999999945,9127.28319063492,9144.587978428572,286478.5,425666.4,0.20286,1.572070764132454,1.351540678098769,2.923611442231223,2.0,7645.0,1.0,-2067.0,0.0759546679927762,1.4385200857692548,0.1764,1.0,0.2603,0.1067,0.7084
20260109,9132.826,9060.2204,9144.6955,9020.8251,342567.0,-1296.0,229317.0,1.0,-1.0,5464.0,-880.0,2.0,-1.0,8389.0,-5319.0,9148.48626,9157.1594,9134.788725,-8.673140000000785,13.69753499999933,9122.406590952378,9137.895921214285,270451.8,,,1.595537656998151,1.354182578288805,2.949720235286956,0.0,4584.0,1.0,3070.0,-0.0037832015342984,1.3886643623093795,0.1708,0.902608695652174,0.2877,0.1253,0.6994
20260112,9089.3407,9117.2077,9127.338,9000.8564,359505.0,16938.0,290298.0,2.0,-1.0,5689.0,-771.0,2.0,-2.0,9372.0,-8127.0,9139.46492,9156.73339,9117.851045,-17.26846999999907,21.61387500000092,9117.582286349209,9132.971870039682,274533.6,,0.207345,1.509735957907011,1.363989002562457,2.873724960469468,1.0,4918.0,0.0,1245.0,0.04711478282638628,1.5936978094963374,0.1803,1.0,0.3014,0.1333,0.7385
20260113,9132.8174,9078.7939,9195.9605,9070.823,357618.0,-1887.0,273341.0,2.0,0.0,8433.0,0.0,2.0,-2.0,7645.0,-7149.0,9118.70634,9152.95004,9102.001085,-34.24369999999908,16.70525500000076,9118.62504968254,9129.606851730157,275947.2,,,1.464815131022859,1.372314253718165,2.837129384741024,2.0,8433.0,0.0,496.0,-0.005276580037917555,0.9454866787355524,0.1733,0.8859934853420198,0.6027,0.5573,0.6162
20260114,9076.8964,9118.6698,9132.2512,9041.0637,354370.0,-3248.0,254313.0,2.0,0.0,6220.0,0.0,2.0,-2.0,7081.0,-5131.0,9096.51876,9143.58612,9091.756604999999,-47.0673599999991,4.762155000002167,9116.828631825398,9127.034192214287,278278.8,,,1.44674519671086,1.372314253718165,2.819059450429025,2.0,6220.0,0.0,1950.0,-0.009165561418855998,1.3699347324059774,0.1764,0.9364820846905539,0.6164,0.612,0.6994
20260115,8960.9427,9097.644,9118.9506,8944.4043,370644.0,16274.0,300738.0,2.0,0.0,7679.0,0.0,1.0,-2.0,5954.0,-5589.0,9078.56464,9117.93311,9082.601155,-39.36846999999943,-4.036514999999781,9108.479779285715,9124.064782357143,281980.2,,0.21183,1.42233620260216,1.406061403354806,2.828397605956966,2.0,7679.0,-1.0,365.0,0.043907361241514765,1.2967513141138272,0.1842,1.0,0.6164,0.5973,0.6924
20260116,9201.8899,8996.011,9298.9884,8973.1468,380864.0,10220.0,514806.0,2.0,0.0,6754.0,0.0,3.0,-2.0,14192.0,-2376.0,9092.37742,9120.431840000001,9091.539925000001,-28.05442000000039,0.8374949999997625,9113.701932777776,9121.995734460317,313095.4,617767.2,,1.636673017897139,1.454850210511225,3.091523228408364,2.0,6754.0,1.0,11816.0,0.026833725424298436,1.2464235681378362,0.1762,0.8774885145482387,0.6575,0.6787,0.6884
20260119,9008.0381,9003.1962,9119.267,8988.9821,368684.0,-12180.0,430710.0,2.0,0.0,7435.0,0.0,3.0,0.0,8648.0,0.0,9076.116899999999,9107.79091,9090.91445,-31.67401000000064,-14.79755000000114,9107.926318571424,9119.868274904762,324620.2,516852.0,,1.708437379129272,1.467932972573774,3.176370351703046,2.0,7435.0,3.0,8648.0,-0.03303642143407362,0.7980543536213401,0.1654,0.7120980091883612,0.6712,0.5587,0.5681
20260120,9061.3293,8989.1778,9108.5163,8988.6049,367438.0,-1246.0,236135.0,2.0,0.0,6955.0,0.0,3.0,0.0,12208.0,0.0,9061.81928,9090.262809999998,9102.90748,-28.44352999999865,-41.08820000000014,9102.85424277778,9116.90405297619,322540.1,,,1.759231070707289,1.467932972573774,3.227164043281064,2.0,6955.0,3.0,12208.0,-0.003391048285697179,0.8679539349311453,0.1583,0.6033690658499233,0.6849,0.552,0.5982
20260121,9047.5489,9077.1471,9104.5657,9020.6608,369690.0,2252.0,246401.0,2.0,0.0,8147.0,0.0,3.0,0.0,9467.0,0.0,9055.949779999999,9076.234269999999,9108.198395,-20.28449000000001,-52.24861500000043,9098.967915079365,9113.465593793651,313078.1,,,1.74800600792777,1.467932972573774,3.215938980501544,2.0,8147.0,3.0,9467.0,0.006091590251291623,0.7743315156707907,0.1571,0.5849923430321591,0.6575,0.6467,0.5601
20260122,9093.732,9059.3666,9132.4395,9036.7258,377859.0,8169.0,244736.0,2.0,0.0,8910.0,0.0,3.0,0.0,10378.0,0.0,9082.50764,9080.53614,9116.24462,1.971499999999651,-33.73697999999968,9096.7217415873,9110.40944888889,302079.5,,,1.776529601369033,1.467932972573774,3.244462573942807,2.0,8910.0,3.0,10378.0,0.021619175406699324,0.8098953474804198,0.1553,0.5574272588055128,0.6575,0.604,0.5721
20260123,9079.0679,9054.9814,9094.8524,9028.5225,378806.0,947.0,192544.0,2.0,0.0,8948.0,0.0,3.0,-1.0,8401.0,0.0,9057.94324,9075.16033,9116.159864999998,-17.2170900000001,-58.21662499999729,9092.671480952382,9107.43593788889,298402.2,,,1.628418830176608,1.454850210511225,3.083269040687833,2.0,8948.0,2.0,8401.0,0.0024999604018943735,0.761859520998966,0.1595,0.6217457886676876,0.6849,0.7813,0.5541
20260126,9420.3742,9092.0818,9426.5052,9086.9005,410701.0,31895.0,430977.0,2.0,0.0,5788.0,0.0,3.0,-1.0,11696.0,-326.0,9140.410460000001,9108.26368,9132.498535,32.14678000000094,7.911925000000338,9111.406492460317,9106.8183585,312470.1,517172.4,0.193085,1.798867585187665,1.467932972573774,3.26680055776144,2.0,5788.0,2.0,11370.0,0.07765990343339801,0.9225961352616422,0.1679,0.7503828483920366,0.726,0.8187,0.6182
20260127,9391.2959,9417.0909,9417.0909,9300.5021,402833.0,-7868.0,339219.0,2.0,-1.0,7177.0,0.0,3.0,-1.0,10168.0,-197.0,9206.403779999999,9134.11153,9143.530784999999,72.2922499999986,62.87299499999972,9136.210138095237,9108.57686734127,319057.9,,,1.784885627913593,1.454850210511225,3.239735838424818,1.0,7177.0,2.0,9971.0,-0.01953166696869422,0.924929315080079,0.1675,0.7442572741194488,0.7808,0.7467,0.6202
20260128,9385.97,9382.1419,9433.8725,9349.4126,395261.0,-7572.0,246505.0,2.0,-1.0,6854.0,0.0,3.0,-2.0,8188.0,-9.0,9274.088,9165.018890000001,9154.302505,109.0691099999985,119.7854950000001,9159.943459126984,9112.888350071427,318277.1,,,1.651956600882338,1.406061403354806,3.058018004237144,1.0,6854.0,1.0,8179.0,-0.019156962108581418,0.9161193862188884,0.1678,0.7488514548238897,0.7671,0.772,0.6182
20260129,9490.6554,9383.5063,9511.3314,9343.6244,384250.0,-11011.0,305111.0,2.0,-1.0,6299.0,0.0,3.0,-1.0,9442.0,-208.0,9353.47268,9217.99016,9167.961635,135.4825200000014,185.5110450000011,9189.097183492064,9120.950090492062,318714.4,,0.200215,1.681484351963688,1.454850210511225,3.136334562474913,1.0,6299.0,2.0,9234.0,-0.028655823031880287,1.046631592067412,0.1741,0.8453292496171516,0.7808,0.8053,0.6423
20260130,9397.5215,9501.802,9529.0216,9359.8071,366350.0,-17900.0,313968.0,2.0,0.0,9916.0,0.0,3.0,0.0,10849.0,0.0,9417.1634,9237.553319999999,9178.99258,179.6100800000004,238.1708199999994,9214.891470873017,9131.069044301588,298630.6,,,1.706387937455494,1.467932972573774,3.174320910029269,2.0,9916.0,3.0,10849.0,-0.048860379418588784,1.0119167946570502,0.1646,0.6998468606431852,0.8219,0.82,0.6373
20260202,9143.6693,9383.751,9430.9139,9131.1576,365382.0,-968.0,369117.0,2.0,0.0,6740.0,0.0,3.0,-1.0,9927.0,0.0,9361.82242,9251.116440000002,9179.453675,110.7059799999988,182.3687449999998,9219.850764206347,9142.26148886508,292471.3,442940.4,,1.841860966359446,1.467932972573774,3.309793938933221,2.0,6740.0,2.0,9927.0,-0.0026492821211772885,1.038283968601066,0.1662,0.7243491577335373,0.863,0.84,0.6433
20260203,9216.0751,9171.3765,9239.697,9149.2791,382895.0,17513.0,216320.0,2.0,0.0,5581.0,0.0,3.0,0.0,11931.0,-15.0,9326.778260000001,9266.59102,9178.426915,60.18724000000111,148.3513450000009,9222.74293920635,9154.250358507936,290489.8,,,1.843188000439745,1.467932972573774,3.311120973013519,2.0,5581.0,3.0,11916.0,0.04573838780866817,0.948705742025954,0.1574,0.5895865237366005,0.9726,0.952,0.6253
20260204,9247.8401,9255.5393,9317.1741,9244.3741,393870.0,10975.0,190888.0,2.0,0.0,5535.0,0.0,3.0,0.0,12061.0,0.0,9299.15228,9286.620139999999,9181.427205,12.53214000000116,117.7250750000003,9231.007919047619,9167.454358904763,284938.5,,,1.782240248132322,1.467932972573774,3.250173220706097,2.0,5535.0,3.0,12061.0,0.02786452382765887,0.8884655125675951,0.1642,0.6774193548387099,0.863,0.8093,0.6092
20260205,9143.2265,9075.4631,9225.8858,9075.4631,394871.0,1001.0,331063.0,2.0,0.0,5420.0,0.0,3.0,0.0,8841.0,0.0,9229.6665,9291.569590000001,9186.052865,-61.90309000000161,43.6136349999997,9226.31375452381,9180.413560198413,293571.2,,,1.6547502473163,1.467932972573774,3.122683219890075,2.0,5420.0,3.0,8841.0,0.00253500510293235,0.7000369719835616,0.1646,0.6838709677419353,0.8493,0.8173,0.5311
20260206,9143.4649,9150.2894,9196.1331,9120.7574,404084.0,9213.0,187642.0,2.0,-1.0,4491.0,-28.0,3.0,0.0,11352.0,0.0,9178.85518,9298.00929,9186.58481,-119.1541099999995,-7.729629999999815,9223.418352301587,9193.488247333333,293081.0,,,1.546618450709603,1.467932972573774,3.014551423283377,1.0,4463.0,3.0,11352.0,0.02279971491076113,0.7564662474904227,0.1593,0.5983870967741934,0.7808,0.8173,0.5521
20260209,9140.9058,9137.5348,9184.0131,9127.567,397237.0,-6847.0,162772.0,2.0,0.0,5070.0,0.0,3.0,-1.0,10834.0,0.0,9178.30248,9270.06245,9189.163065,-91.75996999999916,-10.86058500000036,9219.512873015874,9204.298885388887,266260.5,,,1.496598835109552,1.454850210511225,2.951449045620777,2.0,5070.0,2.0,10834.0,-0.01723656154889902,0.7491276186728753,0.1539,0.5112903225806452,0.7671,0.8253,0.5501
20260210,9102.1924,9160.2227,9188.2142,9088.4336,392171.0,-5066.0,219705.0,2.0,0.0,7078.0,0.0,3.0,-1.0,12799.0,0.0,9155.52594,9241.1521,9187.631815,-85.6261599999998,-32.10587500000111,9213.914743888889,9212.069345968253,254309.1,,,1.508235908174309,1.454850210511225,2.963086118685534,2.0,7078.0,2.0,12799.0,-0.01291783431207305,0.7225758508149297,0.1573,0.5661290322580644,0.7397,0.8253,0.5401
20260211,9135.1573,9096.0987,9153.4083,9077.4724,381497.0,-10674.0,181410.0,2.0,0.0,6936.0,0.0,3.0,-1.0,13640.0,0.0,9132.989380000003,9216.07083,9190.54486,-83.08144999999786,-57.55547999999726,9207.988189365078,9216.873818992064,247799.6,,,1.492473393877529,1.454850210511225,2.947323604388754,2.0,6936.0,2.0,13640.0,-0.0279792501644836,0.7232308105611924,0.1549,0.5274193548387098,0.7671,0.8253,0.5421
20260212,9051.2856,9135.9826,9176.3049,9047.3802,368707.0,-12790.0,159954.0,2.0,0.0,6853.0,0.0,3.0,-1.0,7716.0,-293.0,9114.601200000001,9172.133850000002,9195.062005,-57.53265000000101,-80.4608049999988,9197.176999603174,9217.681800603174,233283.9,,0.19343,1.541163310917018,1.454850210511225,2.996013521428243,2.0,6853.0,2.0,7423.0,-0.03468879082848983,0.6300367444571439,0.1682,0.7419354838709675,0.7671,0.8,0.503
20260213,9039.3563,9055.0102,9105.8858,9004.0466,350142.0,-18565.0,156416.0,2.0,0.0,6710.0,0.0,3.0,-1.0,8333.0,-89.0,9093.779480000001,9136.31733,9186.935325,-42.5378499999988,-93.15584499999932,9184.617495158729,9214.654403031745,217528.7,,0.196075,1.355370423135148,1.435394423441654,2.790764846576801,2.0,6710.0,2.0,8244.0,-0.05302134562548909,0.7268024276436638,0.1705,0.7790322580645163,0.7808,0.82,0.5451
20260224,9201.8518,9185.0423,9245.3758,9172.4096,367226.0,17084.0,169900.0,2.0,0.0,6990.0,0.0,3.0,-1.0,11332.0,-415.0,9105.96868,9142.135579999998,9196.62601,-36.16689999999835,-90.65733,9185.277838015874,9211.197110412697,197607.0,,,1.42422764095379,1.454850210511225,2.879077851465015,2.0,6990.0,2.0,10917.0,0.04652176044179878,0.6235784729294158,0.1566,0.5548387096774191,0.8219,0.8707,0.498
20260225,9247.0059,9202.6754,9270.8787,9142.1775,377697.0,10471.0,216465.0,2.0,0.0,7785.0,0.0,3.0,-1.0,17171.0,0.0,9134.93138,9145.22866,9205.909839999998,-10.29728000000068,-70.97845999999845,9188.182211031748,9207.741037595239,197621.5,,,1.460140920254096,1.454850210511225,2.914991130765321,2.0,7785.0,2.0,17171.0,0.027723280830930612,0.6105551479746182,0.1602,0.6129032258064517,0.8493,0.9013,0.487
20260226,9187.8995,9239.3475,9256.6907,9170.0729,370184.0,-7513.0,173937.0,2.0,0.0,8511.0,0.0,3.0,-1.0,11722.0,0.0,9145.479819999999,9139.2346,9212.92737,6.245219999998881,-67.44755000000077,9188.090374126987,9203.449283103175,195926.4,,,1.400429036551283,1.435394423441654,2.835823459992937,2.0,8511.0,2.0,11722.0,-0.020295312601300974,0.6841159581318765,0.1608,0.6225806451612903,0.8767,0.928,0.523
20260227,9189.4796,9181.3007,9247.196,9175.0181,377396.0,7212.0,178145.0,2.0,0.0,8260.0,0.0,3.0,-1.0,11462.0,0.0,9173.11862,9143.859910000001,9217.714750000001,29.25870999999825,-44.59613000000172,9186.654839126983,9199.483391563492,180634.6,,,1.32700400030938,1.404840893502981,2.731844893812362,2.0,8260.0,2.0,11462.0,0.019109900475892696,0.770494171008274,0.1675,0.7306451612903226,0.9041,0.9,0.5691
20260302,9358.8331,9215.1253,9388.4646,9202.4885,396149.0,18753.0,307216.0,2.0,0.0,8568.0,0.0,3.0,-1.0,12957.0,0.0,9237.01398,9165.396729999999,9231.703010000001,71.61725000000115,5.310969999998633,9194.541655555557,9196.595721888889,192592.0,368659.2,0.194005,1.246300853150526,1.404840893502981,2.651141746653507,2.0,8568.0,2.0,12957.0,0.047338248992172136,0.7642439763425284,0.1687,0.7499999999999998,0.9315,0.9213,0.5661
20260303,9456.6647,9371.5642,9486.4788,9335.121,406790.0,10641.0,289105.0,2.0,0.0,8196.0,0.0,2.0,0.0,13585.0,0.0,9287.97656,9196.97262,9233.517534999999,91.00393999999869,54.45902500000011,9214.094263174602,9196.053860904762,205225.3,346926.0,0.194235,1.286979902668473,1.435394423441654,2.722374326110126,2.0,8196.0,2.0,13585.0,0.02615846013913813,0.4835453805123439,0.1689,0.7532258064516127,0.9452,0.936,0.4228
20260304,9469.3401,9488.3642,9557.5703,9413.0217,419844.0,13054.0,254366.0,2.0,-1.0,5126.0,-446.0,2.0,0.0,12099.0,0.0,9332.4434,9233.687390000001,9237.419745,98.75600999999915,95.02365500000087,9237.454749761906,9198.407861492064,208691.4,305239.2,,1.318484512482158,1.454850210511225,2.773334722993383,1.0,4680.0,2.0,12099.0,0.031092501024189936,0.6995585786633123,0.1676,0.732258064516129,0.9589,0.9453,0.5361
20260305,9474.423,9461.6392,9546.8753,9388.7969,424971.0,5127.0,209155.0,2.0,-1.0,4707.0,-544.0,2.0,0.0,12824.0,0.0,9389.7481,9267.613959999999,9241.842395,122.1341400000019,147.905705000001,9259.001070555554,9203.50914961111,211465.9,,0.200445,1.304037388854583,1.478360372943414,2.782397761797997,1.0,4163.0,2.0,12824.0,0.012064352626414507,0.7361817003078821,0.1743,0.8403225806451614,0.9726,0.952,0.5531
20260306,9643.936,9496.9802,9679.2382,9455.7474,442157.0,17186.0,293426.0,2.0,-1.0,3743.0,-1300.0,3.0,-1.0,23377.0,0.0,9480.63938,9326.878999999999,9249.506425,153.7603800000015,231.1329550000009,9292.653165079362,9213.05676615873,224813.1,352111.2,0.222755,1.413205154187216,1.514810602796159,2.928015756983375,1.0,2443.0,2.0,23377.0,0.0388685466926906,0.7701696316028609,0.1937,1.0,0.9863,0.988,0.5731
20260309,9926.6602,9731.8062,10147.9465,9709.3253,419135.0,-23022.0,474018.0,2.0,-1.0,4325.0,-60.0,2.0,0.0,26080.0,0.0,9594.2048,9415.60939,9275.96336,178.5954099999999,318.2414399999998,9354.73157531746,9230.068174174605,256573.3,568821.6,0.312455,1.747698112962595,1.550048898043702,3.297747011006298,1.0,4265.0,2.0,26080.0,-0.05492741002302361,0.524162665821301,0.2717,1.0,0.9726,0.964,0.4489
20260310,9692.2164,9867.626,9941.0289,9655.8776,401477.0,-17658.0,348222.0,2.0,-1.0,4467.0,0.0,3.0,0.0,27254.0,0.0,9641.315139999999,9464.64585,9303.390715,176.669289999998,337.9244249999992,9399.777727301589,9251.518163103176,274405.5,417866.4,,1.881255275665252,1.556110863436425,3.437366139101677,1.0,4467.0,3.0,27254.0,-0.0439825942706556,0.6773657527979448,0.2061,0.5612040133779265,0.9726,0.9667,0.522
20260311,9751.1044,9702.0133,9775.0256,9622.2859,398167.0,-3310.0,274158.0,2.0,-1.0,4443.0,0.0,3.0,0.0,26277.0,0.0,9697.668000000001,9515.0557,9330.142179999999,182.6123000000007,367.5258200000026,9439.730708333334,9276.673012833333,280174.8,,,1.930777816979085,1.580046577086869,3.510824394065954,1.0,4443.0,3.0,26277.0,-0.008313094756722681,0.4576497201717983,0.2166,0.6314381270903009,0.9452,0.9013,0.4028
20260312,9748.8898,9819.5019,9861.817,9721.52,390631.0,-7536.0,326371.0,2.0,-1.0,5265.0,-277.0,2.0,0.0,20861.0,0.0,9752.56136,9571.15473,9355.194664999999,181.4066299999995,397.3666950000006,9483.191446904762,9306.18312011111,295418.2,,,1.929193917746147,1.580046577086869,3.509240494833016,1.0,4988.0,2.0,20861.0,-0.01929186367697392,0.5707697930639329,0.2338,0.7323446327683617,0.9589,0.9013,0.4719
20260313,9799.5725,9776.7494,9931.099,9747.1261,390513.0,-118.0,302191.0,1.0,-1.0,5213.0,-3417.0,2.0,0.0,22811.0,0.0,9783.68866,9632.16402,9388.011965000002,151.5246399999996,395.6766949999983,9525.89300126984,9340.106936325397,307822.8,,,1.979865138968757,1.580046577086869,3.559911716055626,0.0,1796.0,2.0,22811.0,-0.0003021666372182232,0.7362797691228596,0.2291,0.6867647058823529,0.9452,0.908,0.5591
20260316,9925.5676,9777.9905,9971.2161,9766.3065,393598.0,3085.0,292566.0,1.0,-1.0,4925.0,-4937.0,3.0,0.0,29756.0,0.0,9783.470140000001,9688.83747,9427.1171,94.63267000000087,356.3530400000018,9573.10670031746,9377.963440801588,306357.8,,,1.968332821688814,1.627714714956517,3.59604753664533,0.0,-12.0,3.0,29756.0,0.007837946331028104,0.5280447163545057,0.22,0.6198529411764706,0.9863,0.9693,0.4529
20260317,9802.7966,9893.8515,9895.4529,9748.7774,387841.0,-5757.0,262077.0,1.0,-1.0,3854.0,-5270.0,2.0,0.0,23666.0,0.0,9805.586180000002,9723.450659999999,9460.21164,82.13552000000345,345.3745400000025,9611.333327619046,9417.687347246032,303655.0,,,1.995967956930441,1.627714714956517,3.623682671886957,0.0,-1416.0,2.0,23666.0,-0.014843711727228426,0.5572828338173652,0.2055,0.513235294117647,1.0,0.9987,0.4629
20260318,9744.6461,9843.0926,9843.0926,9687.2635,383621.0,-4220.0,249122.0,1.0,-1.0,3567.0,-6144.0,2.0,0.0,21709.0,0.0,9804.29452,9750.981259999999,9492.334325,53.31326000000081,311.9601949999997,9640.7691915873,9458.01879142857,303130.6,,,2.039009176827669,1.627714714956517,3.666723891784185,0.0,-2577.0,2.0,21709.0,-0.011000440538969451,0.6022314906459022,0.1788,0.2946089597570234,1.0,0.9987,0.49
20260319,9815.9313,9795.6995,9883.5231,9786.1122,390560.0,6939.0,244200.0,1.0,-1.0,3605.0,-6581.0,3.0,0.0,26701.0,0.0,9817.70282,9785.132090000001,9526.373024999999,32.57072999999946,291.3297950000015,9672.249669285715,9499.343651301588,306635.1,,,2.078774283379706,1.599691590682262,3.678465874061968,0.0,-2976.0,3.0,26701.0,0.017766796394920115,0.5014823451002608,0.2045,0.463258785942492,0.9863,0.9987,0.4379
20260320,9842.8785,9820.3027,9873.1403,9751.4666,393321.0,2761.0,249042.0,1.0,-1.0,3463.0,-7166.0,2.0,0.0,24012.0,0.0,9826.364019999999,9805.02634,9565.95267,21.33767999999873,260.4113499999985,9701.21531079365,9540.199865873015,302196.7,,,2.014573724479845,1.579480274289622,3.594053998769466,0.0,-3703.0,2.0,24012.0,0.007019711635025844,0.5652009430293875,0.2077,0.4863563402889245,0.9452,0.9827,0.4699
20260323,9919.6308,9846.6557,9949.2826,9803.1246,398650.0,5329.0,285036.0,1.0,-1.0,3832.0,-7864.0,2.0,0.0,26015.0,0.0,9825.176660000001,9804.3234,9609.966395,20.85326000000168,215.2102650000015,9731.816438492062,9577.908352190476,283298.5,,0.28152,2.003936019865399,1.579480274289622,3.583416294155021,0.0,-4032.0,2.0,26015.0,0.013367615702997618,0.5281198460595976,0.2448,0.7841091492776885,0.9315,0.968,0.4549
20260324,9787.765,9804.6265,9862.691,9680.6863,383864.0,-14786.0,279139.0,1.0,-1.0,3950.0,-8806.0,2.0,0.0,23456.0,0.0,9822.17034,9813.87826,9639.262055000001,8.292080000001079,182.9082849999995,9749.659483809524,9612.896527841269,276390.2,,,2.068238641968327,1.599691590682262,3.66793023265059,0.0,-4856.0,2.0,23456.0,-0.03851885042619261,0.2988776452107337,0.2267,0.6388443017656502,0.9452,0.9507,0.3246
20260325,9688.6916,9777.0492,9827.3864,9655.4941,376139.0,-7725.0,255599.0,1.0,-1.0,4307.0,-9697.0,2.0,0.0,22196.0,0.0,9810.97944,9807.63698,9661.34634,3.342459999999846,149.6330999999991,9758.208480555555,9644.744305063492,274534.3,,,2.075082536044414,1.599691590682262,3.674774126726676,0.0,-5390.0,2.0,22196.0,-0.020537620400968792,0.3839162289062533,0.2024,0.44382022471910104,0.9041,0.916,0.3637
20260326,9814.4504,9695.4896,9814.4504,9653.2791,385919.0,9780.0,217272.0,1.0,-1.0,4526.0,-9552.0,3.0,0.0,29785.0,0.0,9810.683260000002,9814.19304,9692.673885,-3.5097799999985,118.0093750000015,9768.581025873014,9673.283262960316,263624.4,,,2.027102476216641,1.599691590682262,3.626794066898904,0.0,-5026.0,3.0,29785.0,0.025342105467727683,0.4303560356623149,0.2201,0.5858747993579453,0.9178,0.8973,0.3828
20260327,9851.1495,9843.9745,9861.6216,9775.6839,390414.0,4495.0,202314.0,1.0,-1.0,4392.0,-9595.0,3.0,0.0,32355.0,0.0,9812.33746,9819.35074,9725.75738,-7.013279999999213,86.58008000000154,9782.514687777779,9698.94543161111,253636.7,,,1.723467794092691,1.599691590682262,3.323159384774954,0.0,-5203.0,3.0,32355.0,0.01151341908845482,0.4328937979055843,0.2359,0.7126805778491172,0.863,0.8773,0.3858
20260330,9863.6008,9864.498,9889.7556,9743.9095,379897.0,-10517.0,295777.0,1.0,-1.0,3736.0,-10706.0,2.0,0.0,26980.0,0.0,9801.13146,9813.15406,9750.995765,-12.02260000000024,50.13569500000085,9794.877309126985,9721.122492492063,253957.8,,,1.619898779305702,1.579480274289622,3.199379053595324,0.0,-6970.0,2.0,26980.0,-0.027683819561618018,0.4096136105516809,0.2238,0.615569823434992,0.8082,0.7573,0.3727
20260331,9855.3781,9837.4797,9933.1255,9803.2573,385123.0,5226.0,290757.0,1.0,-1.0,3816.0,-9812.0,3.0,0.0,29551.0,0.0,9814.654079999998,9818.41221,9770.931435,-3.758130000001984,43.72264499999801,9805.780372142857,9740.567196944445,256825.8,,,1.602031429601238,1.579480274289622,3.18151170389086,0.0,-5996.0,3.0,29551.0,0.013569690722184861,0.3544432535241494,0.2139,0.5277777777777779,0.7671,0.732,0.3497
20260401,9695.1215,9896.1598,9970.227,9660.9567,382389.0,-2734.0,400584.0,1.0,-1.0,3491.0,-10300.0,3.0,0.0,23856.0,0.0,9815.940059999999,9813.45975,9782.220505000001,2.480309999999008,33.71955499999785,9806.247592142856,9757.115037,271972.0,480700.8,,1.725631000376481,1.599691590682262,3.325322591058743,0.0,-6809.0,3.0,23856.0,-0.007149787258524696,0.3564100523407259,0.2002,0.41584967320261434,0.7534,0.7347,0.3517
20260402,9798.6393,9710.8241,9852.2098,9695.7886,385075.0,2686.0,240076.0,1.0,-1.0,3274.0,-10344.0,3.0,0.0,22102.0,0.0,9812.777839999999,9811.730549999998,9798.43132,1.04729000000043,14.34651999999915,9805.091885555556,9770.399258626983,271559.6,,,1.706076942989301,1.601590399410214,3.307667342399514,0.0,-7070.0,3.0,22102.0,0.006975264558852171,0.3192620521264586,0.2186,0.5661764705882353,0.7397,0.7347,0.3327
20260403,9733.3651,9872.0546,9872.2944,9723.5087,382241.0,-2834.0,203833.0,1.0,-1.0,3518.0,-10423.0,3.0,0.0,20424.0,0.0,9789.22096,9800.77921,9802.902775,-11.55825000000004,-13.68181499999992,9802.473948888888,9780.525122436507,267038.7,,,1.667564283722022,1.601590399410214,3.269154683132236,0.0,-6905.0,3.0,20424.0,-0.0074141706410353675,0.2323632240838364,0.2205,0.5816993464052288,0.7945,0.8507,0.3046
20260407,9739.7784,9752.4945,9808.7762,9716.9014,378251.0,-3990.0,194823.0,1.0,-1.0,3658.0,-8910.0,3.0,0.0,18367.0,0.0,9764.456479999999,9782.79397,9793.558685,-18.33749000000171,-29.10220500000105,9799.206932777777,9787.26417186508,258017.4,,,1.606416705606227,1.601590399410214,3.20800710501644,0.0,-5252.0,3.0,18367.0,-0.01054855109437913,0.2860096154888961,0.1941,0.36601307189542487,0.7808,0.8467,0.3206
20260408,9449.0782,9743.5483,9743.5483,9314.1986,360150.0,-18101.0,320192.0,1.0,-1.0,3550.0,-4422.0,3.0,0.0,15541.0,0.0,9683.1965,9748.925290000001,9781.401775,-65.72879000000103,-98.20527500000026,9772.622064603174,9789.560429944444,262122.7,384230.4,,1.809747033217536,1.601590399410214,3.411337432627749,0.0,-872.0,3.0,15541.0,-0.050259614049701515,0.2478186818790053,0.1618,0.06706281833616291,0.7671,0.7853,0.3106
20260409,9458.5691,9424.5058,9518.2201,9398.8203,348546.0,-11604.0,206988.0,1.0,-1.0,2573.0,-3951.0,3.0,0.0,14743.0,0.0,9635.886020000002,9725.91304,9766.775010000001,-90.02701999999772,-130.8889899999995,9740.418978253969,9787.781479714286,257261.6,,,1.800215875977756,1.601590399410214,3.40180627538797,0.0,-1378.0,3.0,14743.0,-0.03329259265634952,0.2049794201270537,0.166,0.10271646859083193,0.7671,0.8213,0.2956
20260410,9477.2383,9483.3876,9559.2522,9465.8565,345363.0,-3183.0,211460.0,1.0,-1.0,2674.0,-3615.0,3.0,0.0,14885.0,0.0,9571.60582,9692.19183,9753.192435,-120.5860099999991,-181.5866150000002,9713.511637222222,9782.274540849206,256680.4,,,1.78963185547051,1.601590399410214,3.391222254880724,0.0,-941.0,3.0,14885.0,-0.009216389711694651,0.1830774991045024,0.2013,0.40237691001697795,0.7808,0.8147,0.2856
20260413,9441.1384,9453.3533,9520.6106,9416.0453,343994.0,-1369.0,254914.0,1.0,-1.0,3278.0,-3808.0,3.0,0.0,17459.0,0.0,9513.16048,9651.19072,9735.27073,-138.03024,-222.1102499999997,9684.10154563492,9772.433226634921,261940.4,,,1.765283545489211,1.599691590682262,3.364975136171473,0.0,-530.0,3.0,17459.0,-0.003979720576521684,,0.1638,0.08404074702886243,0.7534,0.7853,
20260414,9439.2875,9441.7734,9459.2098,9387.2029,340888.0,-3106.0,212216.0,1.0,-1.0,2740.0,-777.0,3.0,0.0,17196.0,0.0,9453.062300000001,9608.759390000001,9710.956725,-155.6970899999997,-257.8944249999986,9655.494120714286,9758.49490779365,253584.3,,,1.646451716456716,1.599691590682262,3.246143307138978,0.0,1963.0,3.0,17196.0,-0.009111497031283002,0.2453264387279601,0.1505,0.0,0.7534,0.7707,0.3109
20260415,9435.4544,9430.0507,9445.6113,9337.5748,337333.0,-3555.0,262546.0,2.0,-1.0,3217.0,-777.0,3.0,0.0,21032.0,0.0,9450.33754,9566.76702,9692.589615,-116.4294799999989,-242.2520750000003,9627.018654047619,9740.618735984126,250763.2,,,1.602256693999969,1.599691590682262,3.20194828468223,1.0,2440.0,3.0,21032.0,-0.010538547962992058,0.2685079454090895,0.153,0.020627062706270644,0.5342,0.4373,0.321
20260416,9423.0494,9438.51,9453.3035,9376.7335,329236.0,-8097.0,182182.0,2.0,0.0,4894.0,0.0,3.0,0.0,21465.0,0.0,9443.2336,9539.55981,9676.50978,-96.32621000000108,-233.2761800000007,9600.250019920635,9720.018978761906,228923.0,,,1.544088301003426,1.599691590682262,3.143779891685688,2.0,4894.0,3.0,21465.0,-0.02459330085409858,0.241125259775191,0.1478,0.0,0.6986,0.7787,0.3099
20260417,9473.0775,9438.1457,9508.5095,9421.8773,332407.0,3171.0,210195.0,2.0,0.0,7034.0,0.0,3.0,-1.0,22402.0,0.0,9442.40144,9507.00363,9659.367090000002,-64.60218999999961,-216.9656500000019,9579.799829761907,9697.48977318254,225934.9,,,1.548952860491956,1.599691590682262,3.148644451174218,2.0,7034.0,2.0,22402.0,0.009539510299121258,0.2295416576405336,0.1505,0.02179176755447948,0.7534,0.796,0.3069
20260420,9526.2768,9375.4415,9539.4442,9363.6665,334909.0,2502.0,252071.0,2.0,-1.0,4452.0,0.0,3.0,0.0,22693.0,0.0,9459.429119999999,9486.2948,9643.537005,-26.86568000000079,-184.1078850000013,9561.689636904763,9673.411341984127,230758.7,,,1.575199805962807,1.599691590682262,3.174891396645069,1.0,4452.0,3.0,22693.0,0.0074706860669614735,0.3209458706344545,0.1511,0.026634382566586158,0.726,0.7613,0.343
20260421,9594.5269,9511.399,9641.2198,9483.9843,339083.0,4174.0,248776.0,2.0,-1.0,4424.0,-1126.0,3.0,0.0,23467.0,0.0,9490.477,9471.76965,9627.28181,18.70735000000059,-136.8048099999996,9555.267735317462,9649.017422238096,236154.0,,0.183885,1.598744946845071,1.599691590682262,3.198436537527333,1.0,3298.0,3.0,23467.0,0.012309670493654945,0.2515062198035591,0.1599,0.0976594027441485,0.7808,0.7333,0.318
20260422,9678.3173,9610.953,9696.8396,9602.697,338357.0,-726.0,217557.0,2.0,-1.0,5577.0,0.0,3.0,0.0,24626.0,0.0,9539.04958,9494.69356,9621.809425,44.35602000000108,-82.75984499999868,9557.69543420635,9627.524759198412,225890.5,,0.184115,1.444116121534095,1.579480274289622,3.023596395823717,1.0,5577.0,3.0,24626.0,-0.002145662717189241,0.332144036076512,0.1601,0.09927360774818406,0.8082,0.7587,0.349
20260423,9663.2191,9687.6345,9732.9554,9629.179,339678.0,1321.0,205882.0,2.0,0.0,6929.0,0.0,3.0,0.0,23825.0,0.0,9587.08352,9515.15856,9620.535800000001,71.92496000000028,-33.45228000000134,9561.901746904763,9609.673036063494,225779.9,,0.186875,1.405656328902121,1.579480274289622,2.985136603191743,2.0,6929.0,3.0,23825.0,0.0038889772078262354,0.2227262544946635,0.1625,0.11864406779661031,0.8219,0.7587,0.3049
20260424,9711.7681,9655.8,9789.814,9655.8,348286.0,8608.0,323666.0,2.0,0.0,5991.0,0.0,3.0,0.0,26905.0,0.0,9634.82164,9538.61154,9615.401685,96.21010000000024,19.41995499999939,9569.878446904759,9595.309717031745,237000.5,388399.2,0.196995,1.394819660531473,1.579480274289622,2.974299934821095,2.0,5991.0,3.0,26905.0,0.024715320167907985,0.3288939853802853,0.1713,0.18966908797417287,0.8356,0.844,0.348
20260427,9727.4253,9721.5957,9769.5673,9697.404,348164.0,-122.0,194609.0,2.0,0.0,6559.0,0.0,3.0,0.0,26779.0,0.0,9675.051340000002,9567.24023,9609.215475,107.8111100000024,65.83586500000092,9580.691541825398,9584.968716650794,230970.0,,,1.3801833857273,1.579480274289622,2.959663660016921,2.0,6559.0,3.0,26779.0,-0.0003504095770958514,0.2397537684308791,0.1681,0.16384180790960462,0.8356,0.688,0.3119
20260428,9789.8746,9713.2961,9810.5064,9682.1975,359122.0,10958.0,232042.0,2.0,0.0,6631.0,0.0,3.0,0.0,31862.0,0.0,9714.120879999999,9602.29894,9605.529165000002,111.821939999998,108.5917149999968,9594.987801904761,9578.91808476984,232952.6,,,1.151741820449173,1.579480274289622,2.731222094738795,2.0,6631.0,3.0,31862.0,0.030513307455405127,0.2763075068127762,0.1609,0.10573042776432606,0.8219,0.6453,0.328
20260429,9907.9679,9809.3351,9912.5657,9755.486,376768.0,17646.0,265618.0,2.0,0.0,6262.0,0.0,3.0,0.0,30994.0,0.0,9760.051000000001,9649.550290000001,9608.158655000001,110.5007100000003,151.8923450000002,9620.079133492063,9578.224132714287,233259.8,,,1.175946392449937,1.573985221345692,2.74993161379563,2.0,6262.0,3.0,30994.0,0.046835187701715644,0.3593541944489449,0.1624,0.11783696529459242,0.8493,0.6453,0.3711
20260430,9915.1205,9926.0185,9954.143,9889.8875,378367.0,1599.0,249877.0,2.0,0.0,6776.0,0.0,3.0,0.0,29392.0,0.0,9810.43128,9698.7574,9619.158605,111.6738800000003,191.2726750000002,9649.197024603176,9583.11883318254,240029.3,,,1.145086198804103,1.573985221345692,2.719071420149795,2.0,6776.0,3.0,29392.0,0.004226055654959339,0.6230203904595134,0.1697,0.17675544794188863,0.8493,0.656,0.5346
20260506,9939.3778,10006.673,10032.7704,9888.9514,389288.0,10921.0,163042.0,2.0,0.0,6663.0,0.0,3.0,0.0,28111.0,0.0,9855.95322,9745.387429999999,9626.19553,110.5657900000006,229.7576899999985,9681.741735158728,9593.313023722221,235314.0,,,1.169895585477359,1.573985221345692,2.743880806823051,2.0,6663.0,3.0,28111.0,0.028053780234684862,,0.1609,0.10573042776432606,0.5479,0.3813,
20260507,9885.2762,9877.8816,9930.3472,9820.8946,398986.0,9698.0,189218.0,2.0,0.0,6171.0,0.0,3.0,0.0,24117.0,0.0,9887.5234,9781.28737,9633.791085,106.23603,253.7323149999993,9706.216228809524,9607.765682912697,229028.7,,,1.200306490865408,1.543722569347784,2.744029060213192,2.0,6171.0,3.0,24117.0,0.0243066172747916,0.5640319049198675,0.1546,0.05488297013720742,0.4795,0.3373,0.496
20260508,9756.2134,9843.9652,9847.052,9741.9948,391421.0,-7565.0,241685.0,1.0,-1.0,6272.0,-1991.0,3.0,0.0,20737.0,0.0,9880.79116,9797.456020000001,9634.612835,83.33513999999923,246.1783250000008,9721.731895873016,9624.412098968252,228319.6,,,1.223392353604523,1.527340532101199,2.750732885705723,0.0,4281.0,3.0,20737.0,-0.01932701617951004,0.6513023293044042,0.151,0.025827280064568265,0.4932,0.3093,0.5532
20260511,9762.5616,9734.1503,9815.2878,9717.5264,387564.0,-3857.0,218411.0,1.0,-1.0,5910.0,-1688.0,3.0,0.0,18228.0,0.0,9851.7099,9805.88045,9650.287005,45.82944999999927,201.4228949999997,9733.088486825396,9641.951404230158,228405.0,,,1.235889755758636,1.497773928915369,2.733663684674005,0.0,4222.0,3.0,18228.0,-0.009951904717672436,0.6063931824759685,0.1493,0.012106537530266354,0.4247,0.2773,0.5221
20260512,9700.4556,9745.2952,9810.4759,9663.2753,382140.0,-5424.0,252304.0,2.0,0.0,6180.0,0.0,3.0,0.0,13407.0,0.0,9808.77692,9809.6041,9662.38133,-0.8271800000002258,146.3955900000001,9739.820177539685,9659.74324729365,233047.2,,,1.27818540754508,1.521072708015594,2.799258115560674,2.0,6180.0,3.0,13407.0,-0.014193750981315749,0.7507494490725137,0.1494,0.012913640032284245,0.4384,0.168,0.6024
20260513,9675.5985,9706.618,9737.8925,9661.4068,382906.0,766.0,192612.0,2.0,0.0,6126.0,0.0,3.0,0.0,13580.0,0.0,9756.021060000001,9805.987140000001,9672.299340000001,-49.96608000000015,83.72171999999955,9743.17632126984,9677.07303473016,219941.8,,,1.204158409719103,1.521072708015594,2.725231117734697,2.0,6126.0,3.0,13580.0,0.002000490982120938,,0.1496,0.014527845036319804,0.3973,0.1173,
20260514,9689.3407,9689.5762,9775.3025,9684.6614,379455.0,-3451.0,265348.0,2.0,0.0,6473.0,0.0,3.0,0.0,15407.0,0.0,9716.83396,9802.17868,9684.709455,-85.34472000000096,32.12450499999977,9746.481140317459,9693.651994579364,227015.7,,,1.161269426530416,1.49416190594224,2.655431332472655,2.0,6473.0,3.0,15407.0,-0.009094622550763595,0.7493140231999436,0.1503,0.020177562550443923,0.3836,0.1133,0.603
20260515,9542.8318,9667.8917,9684.6911,9540.1446,361415.0,-18040.0,271590.0,2.0,0.0,8457.0,0.0,3.0,-1.0,11528.0,0.0,9674.157640000001,9777.474400000001,9689.88667,-103.3167599999997,-15.7290299999986,9737.617354603175,9707.914949849206,230970.5,,,1.196725491756145,1.521072708015594,2.717798199771739,2.0,8457.0,2.0,11528.0,-0.049914917753828704,0.7427885455160198,0.1499,0.01694915254237303,0.3425,0.108,0.6
20260518,9585.9332,9532.5621,9609.5064,9502.8854,348091.0,-13324.0,225070.0,2.0,0.0,9366.0,0.0,2.0,-1.0,10283.0,0.0,9638.83196,9745.27093,9697.410609999999,-106.4389700000011,-58.57864999999947,9726.080412698413,9718.51507776984,226915.7,,,1.199485215819847,1.521072708015594,2.720557923835441,2.0,9366.0,1.0,10283.0,-0.038277347015579256,0.7006355225826809,0.1456,0.0,0.4521,0.1213,0.5789
20260519,9800.6768,9587.8849,9809.334,9546.2205,364308.0,16217.0,314429.0,2.0,0.0,6610.0,0.0,2.0,-1.0,14303.0,-176.0,9658.876199999999,9733.82656,9716.29198,-74.95036000000073,-57.41578000000118,9728.705170555555,9726.465892365079,233370.9,377314.8,,1.293159721409869,1.527340532101199,2.820500253511069,2.0,6610.0,1.0,14127.0,0.044514531660023934,0.5282418406399351,0.1475,0.015067406819984022,0.4795,0.1747,0.4824
20260520,9873.6445,9790.0841,9897.5433,9754.7299,379267.0,14959.0,359968.0,2.0,-1.0,4776.0,-711.0,3.0,0.0,12053.0,0.0,9698.4854,9727.253229999998,9736.320329999999,-28.76782999999887,-37.83492999999908,9741.616493650796,9732.453368214285,253063.5,431961.6,0.176985,1.343413195535424,1.527340532101199,2.870753727636623,1.0,4065.0,3.0,12053.0,0.03944187076650486,0.170109426351221,0.1539,0.06582077716098336,0.5205,0.184,0.2824
20260521,9737.3986,9850.5977,9851.0633,9726.5752,366544.0,-12723.0,288683.0,1.0,-1.0,4985.0,-916.0,3.0,0.0,12578.0,0.0,9708.096979999998,9712.46547,9746.87642,-4.368490000000747,-38.77944000000207,9745.475167857143,9736.379262119048,263010.0,,,1.357645138472169,1.527340532101199,2.884985670573368,0.0,4069.0,3.0,12578.0,-0.034710703217076255,0.2093314059599189,0.1535,0.06264869151467083,0.589,0.232,0.3005
20260522,9637.1237,9734.7233,9755.1623,9631.1856,353101.0,-13443.0,253114.0,1.0,-1.0,4308.0,-364.0,3.0,-1.0,11268.0,0.0,9726.95536,9700.5565,9749.00626,26.39885999999933,-22.05090000000018,9738.689305317463,9738.075003063492,264152.9,,,1.336087950102728,1.527340532101199,2.863428482203927,0.0,3944.0,2.0,11268.0,-0.038071260064400834,0.2074733593915006,0.149,0.026962727993655723,0.6164,0.3027,0.2995
20260525,9639.5503,9634.8932,9702.6146,9611.8297,346004.0,-7097.0,234014.0,2.0,-1.0,4178.0,-183.0,3.0,-1.0,9625.0,0.0,9737.678779999998,9688.255369999999,9747.067910000002,49.42340999999942,-9.389130000003206,9729.119627698412,9737.678117150794,265713.2,,,1.358265261389083,1.521072708015594,2.879337969404677,1.0,3995.0,2.0,9625.0,-0.020511323568513658,0.169826967450949,0.1452,0.0,0.6712,0.3293,0.2824
20260526,9640.8348,9663.4424,9691.1175,9619.8191,340749.0,-5255.0,202620.0,1.0,-1.0,3759.0,-68.0,3.0,-1.0,9940.0,0.0,9705.71038,9682.293290000001,9745.948695,23.41708999999901,-40.23831499999869,9719.645801428573,9735.660679539684,260744.8,,,1.307896039183619,1.521072708015594,2.828968747199212,0.0,3691.0,2.0,9940.0,-0.015421908795036816,0.1925530023996515,0.1452,0.0,0.6438,0.472,0.2945
20260527,9685.3988,9655.7911,9741.6625,9639.6397,327095.0,-13654.0,234926.0,1.0,-1.0,3456.0,-220.0,3.0,-1.0,9807.0,0.0,9668.06124,9683.27332,9744.630229999999,-15.21207999999933,-76.56898999999794,9713.534787619048,9732.696526174605,264976.2,,,1.297694565608508,1.521072708015594,2.818767273624101,0.0,3236.0,2.0,9807.0,-0.04174322444549749,0.2681829566083099,0.1435,0.0,0.6712,0.5453,0.3317
20260528,9894.4431,9664.71,9907.5344,9663.4153,358046.0,30951.0,436969.0,1.0,-1.0,3738.0,-1145.0,3.0,0.0,20612.0,0.0,9699.470140000001,9703.78356,9752.98112,-4.313419999998587,-53.51097999999911,9720.537734761905,9730.10218561905,282138.3,524362.7999999999,0.17618,1.370592900970983,1.527340532101199,2.897933433072183,0.0,2593.0,3.0,20612.0,0.08644419990727449,0.4671319854761732,0.1532,0.07566302652106095,0.7397,0.6053,0.4412
20260529,9909.3395,9893.806,9929.1826,9840.014,370304.0,12258.0,381428.0,1.0,-1.0,4587.0,-2434.0,3.0,0.0,24643.0,0.0,9753.9133,9740.43433,9758.954365,13.47897000000012,-5.041064999999435,9734.320258412698,9729.772476000002,293122.1,457713.6,0.176755,1.362796174914421,1.521072708015594,2.883868882930015,0.0,2153.0,3.0,24643.0,0.03310253197372969,0.4276703176414908,0.1537,0.0795631825273012,0.7534,0.516,0.409
20260601,9933.699,9932.82,9978.0219,9894.5968,413658.0,43354.0,304867.0,1.0,-1.0,5271.0,-1867.0,3.0,0.0,28605.0,0.0,9812.74304,9775.21091,9760.24092,37.5321299999996,52.50211999999919,9751.457803650792,9732.310215095238,301101.8,,,1.313654017433212,1.513197356431016,2.826851373864228,0.0,3404.0,3.0,28605.0,0.10480638595167989,0.3838810422000764,0.1514,0.06162246489859608,0.7808,0.5573,0.391
20260602,9989.5958,9917.8426,10008.4571,9898.9886,483136.0,69478.0,407014.0,1.0,-1.0,5666.0,-1309.0,3.0,0.0,30473.0,0.0,9882.49524,9794.10281,9763.964685,88.39242999999988,118.5305549999994,9771.069166666666,9736.54661470635,310360.3,488416.8,0.18538,1.334786121913385,1.49131968686794,2.826105808781326,0.0,4357.0,3.0,30473.0,0.14380629884752946,0.3663716289362381,0.1612,0.138065522620905,0.8219,0.624,0.3839
20260603,10348.002,9981.6235,10354.7261,9942.174,636802.0,153666.0,836094.0,1.0,-1.0,5626.0,-4045.0,3.0,0.0,49696.0,0.0,10015.01588,9841.53856,9784.395895,173.47732,230.6199850000012,9815.20442206349,9743.90540754762,357972.9,1003312.8,0.21045,1.556371726363761,1.49131968686794,3.047691413231702,0.0,1581.0,3.0,49696.0,0.24130891548707448,0.6147165313010371,0.183,0.30811232449297976,0.8219,0.6347,0.5437
20260604,10312.2664,10358.1202,10411.6638,10230.359,655283.0,18481.0,800472.0,1.0,-1.0,6267.0,-4495.0,3.0,0.0,55005.0,0.0,10098.58054,9899.02534,9805.745405,199.5552000000007,292.8351350000012,9867.388312619047,9756.096722023809,409151.8,960566.3999999999,0.233565,1.570962452423323,1.49131968686794,3.062282139291263,0.0,1772.0,3.0,55005.0,0.028203081721943038,0.5400009724395012,0.2031,0.4648985959438378,0.8493,0.6467,0.4965
20260605,9988.9107,10287.3073,10351.0581,9971.1139,597931.0,-57352.0,936447.0,0.0,-1.0,0.0,-4688.0,3.0,0.0,45728.0,0.0,10114.49478,9934.20404,9817.38027,180.2907399999986,297.1145099999994,9895.425674047621,9771.770358896825,477485.1,1123736.4,,1.763888870021237,1.49131968686794,3.255208556889177,-1.0,-4688.0,3.0,45728.0,-0.09591742190988592,0.401580973808181,0.1857,0.4165844027640673,0.9041,0.8773,0.4
20260608,10010.2573,9998.5562,10143.4796,9922.2534,564501.0,-33430.0,750190.0,0.0,-1.0,0.0,-1705.0,3.0,0.0,40840.0,0.0,10129.80644,9971.27474,9829.765055,158.5316999999995,300.0413850000004,9914.753483809523,9790.333744507936,529102.7,900228.0,,1.731000042932757,1.49131968686794,3.222319729800697,-1.0,-1705.0,3.0,40840.0,-0.05922044425076306,0.3968160599415177,0.1777,0.33761105626850946,0.7945,0.648,0.399
20260609,9908.7468,9985.2096,10034.7002,9868.8904,536334.0,-28167.0,465513.0,1.0,-1.0,3284.0,-1833.0,3.0,0.0,35126.0,0.0,10113.63664,9998.06594,9840.179615,115.5707000000002,273.4570250000015,9925.133205714288,9810.882484936508,555392.0,,,1.747149419091206,1.49131968686794,3.238469105959146,0.0,1451.0,3.0,35126.0,-0.05251764758527336,0.3321198813640114,0.1695,0.2566633761105629,0.7945,0.6027,0.3598
20260610,9881.4759,9932.2492,9942.8715,9855.9011,517994.0,-18340.0,295379.0,1.0,-1.0,0.0,-1799.0,3.0,0.0,31173.0,0.0,10020.33142,10017.67365,9850.473485,2.6577699999998,169.857935,9930.50303595238,9832.57930976984,561437.3,,,1.702030305177875,1.49131968686794,3.193349992045816,0.0,-1799.0,3.0,31173.0,-0.03540581551137658,0.3282512554195357,0.1629,0.19151036525172754,0.7808,0.5,0.3568
20260611,9956.4819,9879.7842,9993.3248,9879.7842,514073.0,-3921.0,340804.0,0.0,-1.0,0.0,-1969.0,3.0,0.0,25322.0,0.0,9949.17452,10023.87753,9863.830545,-74.70300999999927,85.34397499999977,9939.641747063491,9854.489710999998,551820.8,,,1.690619962124631,1.47550481836595,3.166124780490581,-1.0,-1969.0,3.0,25322.0,-0.0076273214115505,0.297610461430888,0.1627,0.18953603158933882,0.726,0.348,0.3447
20260612,9873.5374,9922.0179,9958.8024,9820.1107,497834.0,-16239.0,312818.0,1.0,-1.0,0.0,-2339.0,3.0,0.0,22029.0,0.0,9926.099859999998,10020.29732,9880.365825,-94.19746000000305,45.73403499999768,9941.812402936508,9875.23892545238,544959.8,,,1.722163796479917,1.47053885659233,3.192702653072247,0.0,-2339.0,3.0,22029.0,-0.03261930683721883,0.2431032511512857,0.1618,0.18065153010858845,0.7534,0.412,0.3196
20260615,9829.5203,9859.5785,9897.871,9782.8801,486453.0,-11381.0,308289.0,1.0,-1.0,0.0,-1797.0,3.0,0.0,20757.0,0.0,9889.95246,10009.87945,9892.545180000001,-119.9269899999999,-2.592720000000554,9937.525368412698,9893.845681928571,545302.0,,,1.751150709559036,1.455623845411543,3.206774554970579,0.0,-1797.0,3.0,20757.0,-0.023395888194748516,0.2785655885569574,0.1526,0.08983218163869719,0.726,0.5,0.3377
20260616,9867.5178,9805.4132,9878.9812,9749.6189,477533.0,-8920.0,365691.0,0.0,-1.0,0.0,-1506.0,3.0,0.0,24154.0,0.0,9881.70666,9997.67165,9895.88723,-115.9649900000004,-14.18057000000044,9933.090292539684,9910.047794515873,541169.7,,,1.76843751413683,1.44663083325965,3.21506834739648,-1.0,-1506.0,3.0,24154.0,-0.018679337344225427,0.3284142688238302,0.1556,0.11944718657453109,0.6849,0.584,0.3608
20260617,9789.463,9840.4457,9893.0514,9757.06,470198.0,-7335.0,328165.0,1.0,-1.0,0.0,-328.0,3.0,0.0,19396.0,0.0,9863.30408,9941.817749999998,9891.678155,-78.51366999999846,-28.37407499999972,9926.014165555558,9921.128768865081,490376.8,,,1.692311371201638,1.44663083325965,3.138942204461288,0.0,-328.0,3.0,19396.0,-0.015599811143390657,0.3309639386067453,0.1577,0.1401776900296152,0.6301,0.5613,0.3628
20260618,9684.945,9815.1506,9834.1447,9663.1162,450444.0,-19754.0,367440.0,0.0,-1.0,0.0,-2644.0,3.0,0.0,16527.0,0.0,9808.9967,9879.08561,9889.055475,-70.0889100000004,-80.05877499999951,9910.537089206347,9925.44364652381,447073.6,,,1.753769818217999,1.455623845411543,3.209393663629542,-1.0,-2644.0,3.0,16527.0,-0.04385450799655451,0.4473415308506019,0.1564,0.1273445212240871,0.589,0.4973,0.4342
20260622,9666.9447,9728.9499,9761.4214,9652.5383,448959.0,-1485.0,187627.0,0.0,-1.0,0.0,-2570.0,3.0,0.0,18234.0,0.0,9767.67816,9846.889009999999,9890.546525,-79.21084999999948,-122.8683650000003,9891.230221428574,9925.024101261904,372191.6,,0.181585,1.775433797986616,1.44663083325965,3.222064631246266,-1.0,-2570.0,3.0,18234.0,-0.0033076517009348293,0.4283954751935384,0.1579,0.1558441558441561,0.6301,0.5427,0.4211
20260623,9656.4718,9645.9801,9733.7447,9641.2913,442960.0,-5999.0,271647.0,1.0,-1.0,0.0,-1339.0,3.0,0.0,17597.0,0.0,9733.06846,9811.51046,9891.3926,-78.4419999999991,-158.3241399999988,9869.60005325397,9920.50875820635,324337.3,,0.184115,1.767434705476705,1.421372651688904,3.188807357165609,0.0,-1339.0,3.0,17597.0,-0.013542983565107459,0.4347169501836983,0.1601,0.17965367965367968,0.6712,0.5747,0.4302
20260624,9746.0328,9665.9535,9773.1234,9648.3363,451315.0,8355.0,238221.0,0.0,-1.0,0.0,-3553.0,3.0,0.0,24744.0,0.0,9708.77146,9795.23906,9896.6525,-86.46759999999995,-187.8810400000002,9853.211945793651,9913.316632214286,301608.1,,0.18538,1.566869872794826,1.395368971353896,2.962238844148722,-1.0,-3553.0,3.0,24744.0,0.018512568826651008,0.4416430111213514,0.1612,0.19155844155844176,0.3836,0.176,0.4342
20260625,9544.8845,9719.5684,9731.583,9452.5325,420942.0,-30373.0,514242.0,0.0,-1.0,0.0,-7378.0,3.0,0.0,21497.0,0.0,9659.85576,9761.57992,9889.626785,-101.7241599999998,-229.771025,9823.622335238097,9902.628562142858,323494.4,617090.4,0.189635,1.657273572895809,1.395368971353896,3.052642544249704,-1.0,-7378.0,3.0,21497.0,-0.07215483368255009,0.4987932056210716,0.1649,0.23160173160173161,0.3973,0.2853,0.4864
20260626,9652.4608,9551.8724,9660.5254,9514.4432,417595.0,-3347.0,314314.0,0.0,-1.0,0.0,-8620.0,3.0,0.0,26995.0,0.0,9653.35892,9731.17781,9877.52767,-77.81888999999865,-224.1687499999989,9797.56894095238,9888.421281531748,320845.4,,,1.490724945746202,1.421372651688904,2.912097597435106,-1.0,-8620.0,3.0,26995.0,-0.008014942707647361,,0.1631,0.24408468244084688,0.589,0.4027,
20260629,9735.6496,9633.4991,9765.8016,9623.0253,429232.0,11637.0,263652.0,0.0,-1.0,0.0,-8727.0,3.0,0.0,28142.0,0.0,9667.0999,9717.38903,9868.843175,-50.28913000000102,-201.7432750000007,9781.070025952384,9872.347043833335,315928.8,,,1.436368627048195,1.421372651688904,2.8577412787371,-1.0,-8727.0,3.0,28142.0,0.027111212584336675,0.5112004125791838,0.152,0.11038961038961047,0.5479,0.452,0.495
20260630,9661.7129,9730.7361,9769.7991,9644.8026,421114.0,-8118.0,291639.0,0.0,-1.0,0.0,-8652.0,3.0,0.0,19666.0,0.0,9668.148120000002,9700.60829,9855.243870000002,-32.46016999999847,-187.0957500000004,9763.743521587303,9854.968859150795,314263.8,,,1.409077690075619,1.421372651688904,2.830450341764523,-1.0,-8652.0,3.0,19666.0,-0.01927744031307437,0.3794575363191012,0.1537,0.13246753246753262,0.4932,0.416,0.3984
20260701,9577.4404,9634.1753,9650.0369,9510.7079,442668.0,21554.0,344689.0,1.0,-2.0,0.0,-10811.0,3.0,0.0,24206.0,0.0,9634.429639999998,9671.60055,9834.6361,-37.17091000000073,-200.2064600000012,9736.926911428573,9835.352521039684,312163.6,,,1.459222405664225,1.421372651688904,2.88059505735313,-1.0,-10811.0,3.0,24206.0,0.04869111840024578,0.6430125158519521,0.1544,0.1415584415584418,0.4932,0.376,0.5775
20260702,9557.2016,9555.5586,9629.4008,9555.5586,445177.0,2509.0,244885.0,0.0,-1.0,0.0,-10385.0,3.0,0.0,22305.0,0.0,9636.893059999999,9648.37441,9795.09608,-11.48135000000184,-158.2030200000008,9711.871745396827,9813.93827902381,303835.6,,,1.434287872958568,1.395368971353896,2.829656844312464,-1.0,-10385.0,3.0,22305.0,0.005635960528059625,0.6566572298427558,0.1482,0.061038961038961156,0.4795,0.3347,0.5845
20260703,9623.0385,9584.0806,9633.4494,9536.2395,475516.0,30339.0,342664.0,0.0,-1.0,0.0,-10124.0,3.0,0.0,26781.0,0.0,9631.0086,9642.18376,9760.634685,-11.17516000000069,-129.6260850000017,9694.107653095238,9792.295335412698,301358.0,,,1.406344804082653,1.383612496953766,2.789957301036419,-1.0,-10124.0,3.0,26781.0,0.06380226953456876,0.584222226425136,0.1485,0.08389261744966449,0.4521,0.3133,0.5392
