,收盘价,开盘价,最高价,最低价,持仓量,持仓量变动,成交量,家人多头席位数,家人空头席位数,家人多头持仓量,家人空头持仓量,机构多头席位数,机构空头席位数,机构多头持仓量,机构空头持仓量,ma5,ma10,ma20,diff5_10,diff5_20,DKX,MADKX,成交量MA10,成交量放大信号,IV上涨信号,ATRMA14,ATR60D60pct,推荐止损宽度,家人净多头席位,家人净多头持仓量,机构净多头席位,机构净多头持仓量,持仓量变幅,CB_index,IV,IV_pct,趋势横截面分位数,趋势历史分位数,CB_index历史分位数
20240506,15519.0664,15559.5039,15629.1191,15469.8486,674561.0,19172.0,242619.0,1.0,0.0,9468.0,0.0,1.0,-3.0,0.0,-23640.0,15637.06072,15722.55917,16002.429295,-85.49844999999914,-365.3685749999986,15862.35080634921,16038.05164811112,379466.6,,,0.9846853401852939,1.032256684924036,2.01694202510933,1.0,9468.0,-2.0,-23640.0,0.02842144743025464,-0.1648145597416737,,,0.6164,0.7173,0.492
20240507,15536.7656,15444.3975,15571.7617,15428.3594,696839.0,22278.0,337240.0,2.0,0.0,18834.0,0.0,1.0,-3.0,251.0,-21441.0,15614.23806,15686.94901,15964.280465,-72.7109500000006,-350.0424050000001,15814.96033142857,16000.44036246032,353481.0,,,1.001106082308645,1.02630479368871,2.027410875997354,2.0,18834.0,-2.0,-21190.0,0.03197008204190638,-0.1129405863043859,,,0.6301,0.7373,0.515
20240508,15581.4629,15554.3213,15649.8223,15552.042,701974.0,5135.0,371362.0,2.0,0.0,22883.0,0.0,1.0,-3.0,594.0,-24978.0,15593.52498,15667.23173,15926.71362,-73.70675000000483,-333.1886400000021,15778.63230071429,15962.33506780159,338110.1,,,0.991197325075941,1.02630479368871,2.017502118764651,2.0,22883.0,-2.0,-24384.0,0.007315085743916441,-0.1386878532117848,,,0.6301,0.7373,0.5
20240509,15267.8389,15610.9482,15642.2627,15252.5732,768093.0,66119.0,681627.0,2.0,0.0,24293.0,0.0,1.0,-3.0,0.0,-35325.0,15503.82558,15611.69296,15876.6457,-107.8673799999997,-372.8201200000021,15725.63684071428,15921.91300126191,359235.9,817952.4,0.14973,1.10564935219101,1.02630479368871,2.13195414587972,2.0,24293.0,-2.0,-35325.0,0.08608202392158242,-0.2399224519273051,,,0.7808,0.9307,0.473
20240510,15162.3779,15285.6279,15294.3213,15022.707,774579.0,6486.0,659727.0,2.0,0.0,26225.0,0.0,1.0,-3.0,0.0,-37992.0,15413.50234,15548.71171,15817.258395,-135.2093699999987,-403.7560549999998,15658.16476888889,15877.71900973016,394548.4,791672.4,0.153065,1.106002125837262,1.032256684924036,2.138258810761299,2.0,26225.0,-2.0,-37992.0,0.008373581003357953,-0.2149675893461853,,,0.7808,0.9133,0.478
20240513,15102.1172,15174.2344,15206.5586,15010.9238,782947.0,8368.0,413964.0,2.0,0.0,26710.0,0.0,1.0,-3.0,0.0,-38078.0,15330.1125,15483.58661,15753.6812,-153.4741100000028,-423.5687000000016,15590.18779714286,15830.21052653175,400785.0,,0.155135,1.096721236247805,1.032256684924036,2.128977921171841,2.0,26710.0,-2.0,-38078.0,0.01068782433549142,-0.24366632600282,,,0.7671,0.8893,0.471
20240514,15126.7119,15101.9141,15241.8457,15082.373,786336.0,3389.0,398347.0,2.0,0.0,27647.0,0.0,1.0,-3.0,0.0,-44181.0,15248.10176,15431.16991,15694.56323,-183.0681499999992,-446.4614699999984,15529.53784039682,15780.56142386508,400332.7,,,1.107588368543394,1.04638789487279,2.153976263416184,2.0,27647.0,-2.0,-44181.0,0.004309862450657225,-0.1824553927410676,,,0.7534,0.9267,0.484
20240515,14888.6436,15069.3955,15100.2686,14812.0303,819450.0,33114.0,595904.0,2.0,0.0,28197.0,0.0,0.0,-3.0,0.0,-44464.0,15109.5379,15351.53144,15625.873435,-241.9935399999995,-516.3355349999965,15455.60610015873,15727.51346352381,427302.9,715084.7999999999,0.16583,1.158366218611602,1.056852665425426,2.215218884037028,2.0,28197.0,-3.0,-44464.0,0.040410031118433096,-0.2253538407785691,,,0.7123,0.904,0.475
20240516,15168.3867,14922.4805,15209.4775,14869.8896,765933.0,-53517.0,547176.0,2.0,0.0,27391.0,0.0,1.0,-3.0,0.0,-39240.0,15089.64746,15296.73652,15568.7331,-207.0890599999984,-479.0856399999993,15402.18340444445,15672.77230557143,451908.0,656611.2,,1.27282000023761,1.061448530982119,2.334268531219729,2.0,27391.0,-2.0,-39240.0,-0.06987164673672501,-0.1879379969473648,,,0.6438,0.7973,0.482
20240517,15209.5859,15128.2207,15259.4199,15128.2207,754785.0,-11148.0,339337.0,2.0,0.0,27227.0,0.0,1.0,-3.0,216.0,-35072.0,15099.08906,15256.2957,15515.73891,-157.2066399999967,-416.649849999998,15365.40252436508,15618.26627146032,458730.3,,,1.296169653178025,1.056852665425426,2.353022318603451,2.0,27227.0,-2.0,-34856.0,-0.014769768874580178,-0.2410204202202451,,,0.6027,0.7413,0.468
20240520,15297.792,15227.9678,15337.2568,15203.4219,730535.0,-24250.0,408576.0,2.0,0.0,26464.0,0.0,1.0,-3.0,739.0,-37212.0,15138.22402,15234.16826,15478.363715,-95.94424000000072,-340.1396950000035,15340.99256515873,15566.13044734127,475326.0,,,1.274459936197848,1.04638789487279,2.320847831070638,2.0,26464.0,-2.0,-36473.0,-0.033194850349401464,-0.0613176002738766,,,0.5753,0.6787,0.545
20240521,15319.5117,15303.3711,15337.6514,15242.7559,727586.0,-2949.0,343821.0,2.0,0.0,27275.0,0.0,1.0,-3.0,1391.0,-30552.0,15176.78398,15212.44287,15449.69594,-35.65889000000061,-272.9119600000013,15323.4352286508,15516.97793706349,475984.1,,,1.263606794962781,1.032256684924036,2.295863479886817,2.0,27275.0,-2.0,-29161.0,-0.004053129114633872,-0.0740642358548345,,,0.589,0.5907,0.536
20240522,15355.7354,15286.6631,15405.4365,15285.6094,716140.0,-11446.0,363701.0,2.0,0.0,28058.0,0.0,1.0,-3.0,578.0,-28902.0,15270.20234,15189.87012,15428.550925,80.33222000000205,-158.3485849999997,15311.69698563492,15470.28440555556,475218.0,,,1.258083877325342,1.032256684924036,2.290340562249378,2.0,28058.0,-2.0,-28324.0,-0.015982908369871814,-0.0868691981061682,,,0.5616,0.56,0.525
20240523,15507.374,15372.4531,15547.5195,15352.1191,695651.0,-20489.0,549177.0,2.0,0.0,23350.0,0.0,1.0,-3.0,0.0,-24451.0,15337.9998,15213.82363,15412.758295,124.1761700000006,-74.75849500000186,15314.69227801587,15429.18994928571,461973.0,,,1.29019058086677,1.04638789487279,2.33657847573956,2.0,23350.0,-2.0,-24451.0,-0.029452987201915904,-0.1451906479035954,,,0.6027,0.572,0.493
20240524,15517.6113,15544.1133,15566.3809,15460.9473,677387.0,-18264.0,353819.0,2.0,0.0,22497.0,0.0,1.0,-3.0,0.0,-24958.0,15399.60488,15249.34697,15399.02934,150.2579100000003,0.575539999999819,15324.86164904762,15395.85963730159,431382.2,,,1.265046848417517,1.04638789487279,2.311434743290306,2.0,22497.0,-2.0,-24958.0,-0.026962430634186955,-0.19780136898947,,,0.5479,0.5587,0.474
20240527,15446.876,15542.2295,15542.2295,15353.8867,673903.0,-3484.0,353816.0,2.0,0.0,22763.0,0.0,1.0,-3.0,0.0,-15798.0,15429.42168,15283.82285,15383.70473,145.598829999999,45.71694999999818,15330.70552706349,15369.91141029365,425367.4,,,1.286583286535225,1.056852665425426,2.343435951960651,2.0,22763.0,-2.0,-15798.0,-0.00516988349955409,-0.2246732147899604,,,0.5068,0.5253,0.469
20240528,15472.7178,15456.2305,15536.6025,15443.0527,668439.0,-5464.0,260546.0,2.0,0.0,22599.0,0.0,1.0,-3.0,0.0,-16950.0,15460.0629,15318.42344,15374.796675,141.6394600000003,85.2662249999994,15338.88322952381,15350.84594920635,411587.3,,,1.278115494751883,1.056852665425426,2.334968160177309,2.0,22599.0,-2.0,-16950.0,-0.008174268706643388,-0.2631637588444439,,,0.8356,0.776,0.452
20240529,15552.2861,15523.8701,15610.8457,15507.873,668469.0,30.0,305819.0,2.0,0.0,22125.0,0.0,1.0,-3.0,135.0,-18725.0,15499.37304,15384.78769,15368.159565,114.5853499999994,131.2134750000005,15355.13013015873,15340.79835220635,382578.8,,,1.158935617060618,1.056852665425426,2.215788282486043,2.0,22125.0,-2.0,-18590.0,4.487867051426468e-05,-0.2553081764361574,,,0.8356,0.776,0.456
20240530,15458.8428,15504.0801,15514.3848,15415.3115,663896.0,-4573.0,321306.0,2.0,0.0,21222.0,0.0,1.0,-3.0,0.0,-15665.0,15489.6668,15413.8333,15355.28491,75.83349999999882,134.3818900000024,15364.80450904762,15337.06046266667,359991.8,,0.15249,1.094541979489812,1.037471764904436,2.132013744394248,2.0,21222.0,-2.0,-15665.0,-0.006888127056044923,-0.3218526466349252,,,0.7945,0.776,0.432
20240531,15119.7598,15466.04,15486.7607,15119.7598,702356.0,38460.0,571678.0,2.0,0.0,25802.0,0.0,0.0,-3.0,0.0,-23054.0,15410.0965,15404.85069,15330.573195,5.245809999998528,79.52330500000062,15353.64556373016,15335.88476660317,383225.9,686013.6,0.160885,1.174364554379048,1.056852665425426,2.231217219804474,2.0,25802.0,-3.0,-23054.0,0.0547585554903781,-0.4217325780330221,,,0.8082,0.808,0.373
20240603,15007.1914,15116.3916,15178.5215,14960.6572,709335.0,6979.0,466261.0,2.0,0.0,26577.0,0.0,0.0,-3.0,0.0,-30109.0,15322.15958,15375.79063,15304.979445,-53.63104999999814,17.18013500000234,15325.3851581746,15334.32402590476,388994.4,,0.16905,1.202264218735845,1.056852665425426,2.25911688416127,2.0,26577.0,-3.0,-30109.0,0.009838792672009699,-0.3915924211828925,,,0.8219,0.8387,0.393
20240604,14939.0957,14997.7881,15015.8184,14871.2598,720091.0,10756.0,395376.0,2.0,0.0,28069.0,0.0,0.0,-3.0,0.0,-35624.0,15215.43516,15337.74903,15275.09595,-122.3138700000018,-59.66078999999991,15290.27317015873,15331.00782005555,394149.9,,0.176525,1.122622774417282,1.056852665425426,2.179475439842708,2.0,28069.0,-3.0,-35624.0,0.014937001017926901,-0.3514663883557567,,,0.8082,0.928,0.414
20240605,15142.5654,14919.0039,15188.3955,14906.9492,717111.0,-2980.0,541213.0,2.0,0.0,28365.0,0.0,0.0,-3.0,0.0,-38013.0,15133.49102,15316.43203,15253.151075,-182.9410100000023,-119.6600550000003,15271.34700492064,15326.97282198413,411901.1,649455.6,,1.095633015302881,1.061448530982119,2.157081546285,2.0,28365.0,-3.0,-38013.0,-0.004155563085770544,-0.2674358449075701,,,0.8219,0.936,0.449
20240606,15136.1865,15116.7178,15164.1045,15054.8232,715019.0,-2092.0,365069.0,2.0,0.0,29545.0,0.0,0.0,-3.0,0.0,-36765.0,15068.95976,15279.31328,15246.568455,-210.3535199999969,-177.6086949999954,15258.36761626985,15321.34035580953,393490.3,,,1.08577939018463,1.061448530982119,2.14722792116675,2.0,29545.0,-3.0,-36765.0,-0.0029257963774389213,-0.2341029145635777,,,0.8082,0.9293,0.465
20240607,15128.6143,15122.873,15211.4434,15084.3438,722890.0,7871.0,330659.0,2.0,0.0,30016.0,0.0,1.0,-3.0,0.0,-36325.0,15070.73066,15240.41358,15244.880275,-169.6829199999975,-174.1496149999984,15246.90809349206,15313.54500025397,391174.3,,,1.083491532425448,1.056852665425426,2.140344197850874,2.0,30016.0,-2.0,-36325.0,0.010888240257853891,-0.2473197333154038,,,0.8082,0.8893,0.457
20240611,14984.4746,14966.2021,15045.2656,14882.0811,742382.0,19492.0,397747.0,2.0,0.0,30366.0,0.0,1.0,-3.0,0.0,-32622.0,15066.1873,15194.17344,15238.998145,-127.9861399999991,-172.810845,15220.73630452381,15302.548078,395567.4,,,1.156124869401345,1.056852665425426,2.21297753482677,2.0,30366.0,-2.0,-32622.0,0.026256024526456728,-0.2638924272270986,,,0.7945,0.872,0.448
20240612,14989.3926,14971.333,15084.3906,14971.333,748868.0,6486.0,335119.0,2.0,0.0,29502.0,0.0,1.0,-3.0,0.0,-33975.0,15076.24668,15145.84092,15232.13218,-69.59423999999854,-155.8854999999967,15198.9955447619,15288.55930952381,403024.7,,,1.154937388475175,1.037471764904436,2.192409153379611,2.0,29502.0,-2.0,-33975.0,0.008661072445344174,-0.3242388074392483,,,0.4932,0.5467,0.425
20240613,14756.3428,14981.6719,15006.6563,14715.3574,776002.0,27134.0,636543.0,2.0,0.0,30820.0,0.0,1.0,-3.0,0.0,-42896.0,14999.00216,15066.24659,15225.51714,-67.24443000000247,-226.5149800000036,15159.06094126984,15268.95239063492,436097.1,763851.6,,1.204112783592153,1.056852665425426,2.260965449017579,2.0,30820.0,-2.0,-42896.0,0.03496640472576101,-0.3633944707342352,,,0.4795,0.4973,0.402
20240614,14792.8662,14738.4004,14835.7471,14738.1133,778799.0,2797.0,368061.0,2.0,0.0,29340.0,0.0,1.0,-3.0,0.0,-39481.0,14930.3381,14999.64893,15206.741115,-69.31083000000035,-276.4030150000017,15116.96571571429,15244.16851130159,440772.6,,,1.204550173575634,1.037471764904436,2.24202193848007,2.0,29340.0,-2.0,-39481.0,0.003591427313080782,-0.363291787805433,,,0.3425,0.44,0.402
20240617,14442.5488,14809.1445,14828.6836,14428.1563,788768.0,9969.0,671798.0,2.0,0.0,29678.0,0.0,0.0,-3.0,0.0,-42555.0,14793.125,14931.92783,15168.38926,-138.8028300000005,-375.2642599999999,15055.64034166666,15214.36798909524,450784.6,806157.6,,1.310883881861263,1.056852665425426,2.367736547286689,2.0,29678.0,-3.0,-42555.0,0.01263869731023571,-0.476088857272745,,,0.274,0.324,0.329
20240618,14497.5088,14397.6211,14574.5332,14346.5635,764296.0,-24472.0,558591.0,1.0,0.0,16723.0,0.0,0.0,-3.0,0.0,-39270.0,14695.73184,14880.95957,15128.3751,-185.2277300000023,-432.6432600000026,14988.21985722223,15180.651459,460017.6,670309.2,0.18285,1.380998379216161,1.056852665425426,2.437851044641587,1.0,16723.0,-3.0,-39270.0,-0.032019008342317634,-0.4807782946283372,,,0.274,0.32,0.327
20240619,14565.3643,14492.1875,14608.3652,14487.166,761140.0,-3156.0,342822.0,2.0,0.0,27563.0,0.0,0.0,-3.0,0.0,-44713.0,14610.92618,14843.58643,15090.66773,-232.6602500000008,-479.7415500000006,14931.86501015873,15144.810643,454762.2,,,1.379419457875808,1.056852665425426,2.436272123301234,2.0,27563.0,-3.0,-44713.0,-0.00414641196100586,-0.464640471950676,,,0.2466,0.3173,0.337
20240620,14587.0752,14558.6465,14668.2061,14514.6611,750021.0,-11119.0,323989.0,2.0,0.0,27139.0,0.0,0.0,-3.0,0.0,-48403.0,14577.07266,14788.03741,15052.23472,-210.964750000001,-475.1620599999987,14882.18688515873,15105.89463102381,433039.8,,,1.393161526784198,1.056852665425426,2.450014192209623,2.0,27139.0,-3.0,-48403.0,-0.014824918235622736,-0.5385179585709571,,,0.274,0.3093,0.269
20240621,14572.3154,14611.2383,14623.7012,14454.2295,751805.0,1784.0,428123.0,2.0,0.0,25910.0,0.0,0.0,-3.0,0.0,-40829.0,14532.9625,14731.6503,15005.48179,-198.6877999999997,-472.5192900000002,14835.3465597619,15063.59252537301,439345.2,,,1.301660609228778,1.056852665425426,2.358513274654204,2.0,25910.0,-3.0,-40829.0,0.002372955753154076,-0.5683173098842804,,,0.6027,0.5547,0.246
20240624,14567.4121,14597.6475,14616.9922,14479.877,740693.0,-11112.0,368975.0,2.0,0.0,25954.0,0.0,0.0,-3.0,0.0,-40219.0,14557.93516,14675.53008,14957.97183,-117.5949200000032,-400.0366700000013,14792.83717174603,15018.18543319841,443176.8,,,1.265434618147748,1.053264203759527,2.318698821907275,2.0,25954.0,-3.0,-40219.0,-0.015002166889656039,-0.4998099452061829,,,0.5753,0.508,0.308
20240625,14602.9297,14618.4922,14647.6426,14518.46,730633.0,-10060.0,368938.0,3.0,0.0,31288.0,0.0,0.0,-3.0,0.0,-42637.0,14579.01934,14637.37559,14915.774515,-58.35625000000073,-336.7551750000021,14757.12493444444,14971.82429619048,440295.9,,,1.260055561264462,1.053264203759527,2.31331976502399,3.0,31288.0,-3.0,-42637.0,-0.013768882599061363,-0.5127974431902326,,,0.5616,0.46,0.297
20240626,14740.3955,14623.4775,14781.1191,14623.2881,720659.0,-9974.0,483751.0,2.0,0.0,19189.0,0.0,0.0,-3.0,0.0,-40646.0,14614.02558,14612.47588,14879.1584,1.549699999999575,-265.1328199999989,14735.97568150793,14925.52230986508,455159.1,,,1.212474777531654,1.053264203759527,2.265738981291181,2.0,19189.0,-3.0,-40646.0,-0.01384011023244003,-0.5366373482673227,,,0.5068,0.4107,0.269
20240627,14682.0303,14717.0635,14760.3193,14632.2441,719945.0,-714.0,331485.0,2.0,0.0,22483.0,0.0,0.0,-3.0,0.0,-41321.0,14633.0166,14605.04463,14835.64561,27.97197000000051,-202.6290099999987,14718.03499428572,14881.41971516667,424653.3,,,1.224276300262898,1.053264203759527,2.277540504022425,2.0,22483.0,-3.0,-41321.0,-0.0009917424247685588,-0.5598114753008233,,,0.4795,0.3733,0.251
20240628,14715.0967,14685.6709,14768.6982,14610.9775,704726.0,-15219.0,306435.0,2.0,0.0,18103.0,0.0,1.0,-3.0,0.0,-36054.0,14661.57286,14597.26768,14798.458305,64.30517999999938,-136.8854450000017,14705.01246547619,14840.22439014286,418490.7,,,1.241640989047593,1.056852665425426,2.298493654473019,2.0,18103.0,-2.0,-36054.0,-0.021595627236684897,-0.5785919231379708,,,0.4521,0.3427,0.233
20240701,14831.7959,14713.8896,14868.2793,14531.3496,700456.0,-4270.0,580255.0,3.0,0.0,26791.0,0.0,1.0,-3.0,0.0,-32901.0,14714.44962,14636.19239,14784.06011,78.25722999999743,-69.61049000000094,14701.07879857143,14804.76823583333,409336.4,696306.0,,1.286586367232547,1.056852665425426,2.343439032657972,3.0,26791.0,-2.0,-32901.0,-0.006096028872620122,-0.4732682292851746,,,0.4932,0.3987,0.329
20240702,14846.4619,14798.3906,14877.2764,14766.2422,695871.0,-4585.0,345398.0,3.0,0.0,27014.0,0.0,1.0,-3.0,0.0,-35348.0,14763.15606,14671.0877,14776.023635,92.0683599999993,-12.86757500000022,14705.01399904762,14776.44765001587,388017.1,,,1.286496468124304,1.053264203759527,2.339760671883831,3.0,27014.0,-2.0,-35348.0,-0.0065888648901879805,-0.4920625258295236,,,0.4658,0.3227,0.312
20240703,14823.0215,14802.1514,14828.0273,14731.0303,693777.0,-2094.0,349635.0,3.0,0.0,27596.0,0.0,1.0,-3.0,0.0,-36341.0,14779.68126,14696.85342,14770.219925,82.82784000000174,9.461334999999963,14706.99701174603,14753.9608501746,388698.4,,,1.200401152212897,1.053264203759527,2.253665355972424,3.0,27596.0,-2.0,-36341.0,-0.00301826091092671,-0.459704203549455,,,0.4795,0.3067,0.338
20240704,14653.8398,14818.4492,14855.3779,14627.2656,701497.0,7720.0,418540.0,3.0,0.0,28903.0,0.0,1.0,-3.0,0.0,-37346.0,14774.04316,14703.52988,14745.783645,70.51328000000285,28.25951500000156,14702.05245746032,14735.94740740476,398153.5,,0.15042,1.264823125806325,1.057537986089927,2.322361111896252,3.0,28903.0,-2.0,-37346.0,0.01100503637221542,-0.5339806250453721,,,0.5479,0.4013,0.268
20240705,14768.8564,14655.1543,14808.3271,14646.4023,690440.0,-11057.0,356441.0,3.0,0.0,26946.0,0.0,1.0,-3.0,0.0,-37515.0,14784.7951,14723.18398,14727.41714,61.61111999999775,57.37795999999798,14701.12407746032,14722.5251591746,390985.3,,,1.146680090524451,1.061279052494259,2.20795914301871,3.0,26946.0,-2.0,-37515.0,-0.016014425583685765,-0.4888700877631527,,,0.6438,0.48,0.315
20240708,14596.3838,14708.8369,14708.8369,14536.9141,698918.0,8478.0,480477.0,3.0,0.0,27119.0,0.0,1.0,-3.0,0.0,-34855.0,14737.71268,14726.08115,14700.805615,11.63153000000239,36.90706500000124,14691.98097253968,14712.43953925397,402135.5,,0.156745,1.148061155435897,1.081654956644849,2.229716112080746,3.0,27119.0,-2.0,-34855.0,0.012130178361410065,-0.5371626117174512,,,0.6849,0.536,0.262
20240709,14612.0195,14601.1309,14666.1953,14536.0586,702889.0,3971.0,331567.0,2.0,0.0,16377.0,0.0,1.0,-3.0,0.0,-33388.0,14690.8242,14726.99013,14682.18286,-36.16593000000103,8.641340000001946,14681.92613976191,14704.91965978571,398398.4,,,1.152147675251427,1.081654956644849,2.233802631896276,2.0,16377.0,-2.0,-33388.0,0.005649540681387815,-0.5151071443878642,,,0.726,0.556,0.288
20240710,14414.1445,14583.9277,14583.9277,14387.6709,704366.0,1477.0,455473.0,2.0,0.0,21429.0,0.0,1.0,-3.0,0.0,-34883.0,14609.0488,14694.36503,14653.420455,-85.31623000000036,-44.37165500000265,14662.07323857143,14697.52941549206,395570.6,,0.16077,1.187584167185899,1.123024294435274,2.310608461621174,2.0,21429.0,-2.0,-34883.0,0.002096921202897357,-0.6204774858256853,,,0.726,0.5813,0.2
20240711,14661.0547,14436.2891,14718.7588,14436.2891,708865.0,4499.0,473885.0,2.0,0.0,14319.0,0.0,1.0,-3.0,0.0,-25113.0,14610.49178,14692.26747,14648.65605,-81.7756900000004,-38.16426999999931,14655.56688706349,14691.28260476984,409810.6,,,1.252829262455865,1.170753700595453,2.423582963051318,2.0,14319.0,-2.0,-25113.0,0.006346765604170046,-0.4653352067994711,,,0.7534,0.6787,0.335
20240712,14477.2666,14641.79,14678.3857,14473.6543,708497.0,-368.0,376393.0,1.0,0.0,14292.0,0.0,2.0,-3.0,356.0,-19884.0,14552.17382,14668.48446,14632.87607,-116.3106399999961,-80.70224999999664,14646.02627103175,14685.3839853254,416806.4,,,1.286294259354333,1.19299763171473,2.479291891069062,1.0,14292.0,-1.0,-19528.0,-0.000519409397640357,-0.3691883883015583,,,0.7808,0.7453,0.4
20240715,14663.4063,14558.9131,14704.7617,14469.335,694180.0,-14317.0,396486.0,1.0,0.0,14151.0,0.0,2.0,-2.0,1432.0,-21971.0,14565.57832,14651.6455,14643.918945,-86.06717999999819,-78.34062500000073,14644.17374357143,14679.6934798254,398429.5,,,1.337619560965674,1.213028041554431,2.550647602520105,1.0,14151.0,0.0,-20539.0,-0.020624333746290587,-0.1157947852124128,,,0.8219,0.8013,0.51
20240716,14712.3252,14715.3857,14789.3027,14672.2285,695992.0,1812.0,408568.0,1.0,0.0,14040.0,0.0,2.0,-3.0,0.0,-16897.0,14585.63946,14638.23183,14654.659765,-52.59236999999848,-69.02030499999819,14651.16531619047,14674.30861153968,404746.5,,,1.312350356943127,1.19299763171473,2.505347988657856,1.0,14040.0,-1.0,-16897.0,0.0026034782008988607,-0.1289427843919475,,,0.8219,0.8347,0.505
20240717,14694.7676,14682.9785,14725.9629,14502.0146,686196.0,-9796.0,519425.0,1.0,0.0,13298.0,0.0,2.0,-3.0,0.0,-20691.0,14641.76408,14625.40644,14661.12993,16.35763999999836,-19.36585000000014,14652.94519944445,14668.90343030952,421725.5,623310.0,,1.358929291514771,1.19299763171473,2.551926923229501,1.0,13298.0,-1.0,-20691.0,-0.014275804580615451,-0.1020062225376741,,,0.8493,0.872,0.518
20240718,14718.3379,14708.1074,14759.5283,14639.8115,688198.0,2002.0,293521.0,2.0,0.0,23512.0,0.0,2.0,-3.0,241.0,-17007.0,14653.22072,14631.85625,14667.693065,21.36447000000044,-14.47234499999831,14658.4508818254,14664.54327274603,409223.6,,,1.340412104632285,1.19299763171473,2.533409736347015,2.0,23512.0,-1.0,-16766.0,0.002909046524401408,-0.0882254482241912,,,0.8904,0.8947,0.523
20240719,14715.5527,14700.208,14771.8164,14611.3945,684490.0,-3708.0,391421.0,1.0,0.0,13498.0,0.0,2.0,-3.0,0.0,-22325.0,14700.87794,14626.52588,14674.85493,74.3520600000029,26.02301000000261,14662.51988698412,14660.68285369841,412721.6,,,1.255219348314582,1.170753700595453,2.425973048910035,1.0,13498.0,-1.0,-22325.0,-0.005417171909012549,-0.0340019836808814,,,0.9041,0.92,0.572
20240722,14617.0518,14646.4727,14684.6719,14574.3994,683642.0,-848.0,376047.0,2.0,0.0,23139.0,0.0,2.0,-3.0,0.0,-27569.0,14691.60704,14628.59268,14677.336915,63.0143599999974,14.27012500000092,14658.32679293651,14657.3174357381,402278.6,,0.166865,1.271306228413642,1.170753700595453,2.442059929009096,2.0,23139.0,-1.0,-27569.0,-0.0012404153050865805,-0.0957008750556743,,,0.9315,0.9373,0.518
20240723,14535.4502,14595.7354,14640.7705,14509.1807,684356.0,714.0,379502.0,2.0,0.0,22847.0,0.0,2.0,-3.0,0.0,-31435.0,14656.23204,14620.93575,14673.96294,35.29628999999841,-17.73090000000229,14647.22397373016,14653.84721913492,407072.1,,,1.280979176882035,1.170753700595453,2.451732877477489,2.0,22847.0,-1.0,-31435.0,0.001043316636370544,-0.1099705751444196,,,0.9315,0.9093,0.509
20240724,14250.8721,14504.6689,14525.6406,14209.4707,725395.0,41039.0,757987.0,1.0,0.0,11142.0,0.0,1.0,-3.0,0.0,-42992.0,14567.45294,14604.60851,14649.48677,-37.15557000000081,-82.03383000000031,14615.68990833334,14649.20888611111,437323.5,909584.4,0.199755,1.331375575643992,1.181322529541799,2.512698105185791,1.0,11142.0,-2.0,-42992.0,0.05657469378752266,-0.1332277450584117,,,0.9589,0.9787,0.494
20240725,14074.9492,14085.2246,14184.1084,14016.4404,712448.0,-12947.0,646423.0,1.0,0.0,11150.0,0.0,1.0,-2.0,0.0,-43118.0,14438.7752,14545.99796,14619.132715,-107.2227600000024,-180.3575150000033,14561.71445539682,14639.82364294445,454577.3,775707.6,,1.37149728653956,1.213028041554431,2.58452532809399,1.0,11150.0,-1.0,-43118.0,-0.018172554347826088,-0.1984700797875954,,,0.9589,0.9787,0.465
20240726,14168.4668,14118.7549,14223.3154,14080.1035,702245.0,-10203.0,465170.0,1.0,0.0,9409.0,0.0,1.0,-3.0,0.0,-51501.0,14329.35802,14515.11798,14591.80122,-185.7599600000012,-262.4431999999997,14517.09541714286,14626.93055755555,463455.0,,,1.333277295021376,1.213028041554431,2.546305336575807,1.0,9409.0,-2.0,-51501.0,-0.014529117330846072,-0.1691490762947764,,,0.9589,0.9853,0.476
20240729,14153.6729,14155.292,14175.2705,14070.6533,700430.0,-1815.0,383503.0,1.0,0.0,12103.0,0.0,1.0,-2.0,0.0,-48222.0,14236.68224,14464.14464,14557.89507,-227.4624000000022,-321.2128300000022,14474.33788674603,14609.94697187302,462156.7,,,1.323709748238638,1.213028041554431,2.536737789793069,1.0,12103.0,-1.0,-48222.0,-0.0025912653655611553,-0.1552656729593632,,,0.9589,0.984,0.482
20240730,14124.3369,14187.5713,14194.9834,14057.8867,700303.0,-127.0,316612.0,1.0,0.0,12644.0,0.0,1.0,-2.0,619.0,-46714.0,14154.45958,14405.34581,14521.78882,-250.8862299999982,-367.3292400000009,14434.17444603174,14588.24788485714,452961.1,,,1.282530544240399,1.213028041554431,2.49555858579483,1.0,12644.0,-1.0,-46095.0,-0.0001813500727542221,-0.0989775369290002,,,0.9589,0.9813,0.517
20240731,14152.3428,14147.1484,14175.5176,14041.3271,697689.0,-2614.0,376551.0,1.0,0.0,12990.0,0.0,1.0,-2.0,0.0,-42973.0,14134.75372,14351.10333,14488.254885,-216.3496100000029,-353.5011649999997,14397.35422809524,14562.68878772222,438673.7,,,1.201415831438254,1.213028041554431,2.414443872992685,1.0,12990.0,-1.0,-42973.0,-0.003746655028243243,-0.098807792394042,,,0.9452,0.9133,0.517
20240801,14184.9092,14160.1553,14230.2324,14110.3955,692371.0,-5318.0,422853.0,1.0,0.0,7737.0,0.0,1.0,-2.0,68.0,-43851.0,14156.74572,14297.76046,14464.808355,-141.0147399999987,-308.0626350000002,14366.53472111111,14533.49717165079,451606.9,,,1.161081040743298,1.213028041554431,2.374109082297729,1.0,7737.0,-1.0,-43783.0,-0.007680853184203267,0.0209604973940593,,,0.9452,0.888,0.604
20240802,14146.4746,14217.6221,14221.6074,14045.6016,691467.0,-904.0,348239.0,1.0,0.0,13949.0,0.0,1.0,-3.0,0.0,-38836.0,14152.34728,14240.85265,14433.689265,-88.50536999999895,-281.3419850000009,14337.40572198412,14500.98575515079,447288.7,,,1.134537421300821,1.213028041554431,2.347565462855252,1.0,13949.0,-2.0,-38836.0,-0.0013073653551073298,-0.02135611107707,,,0.9178,0.8507,0.578
20240805,13954.1094,14151.3262,14173.0947,13952.0645,701036.0,9569.0,467933.0,1.0,0.0,14303.0,0.0,0.0,-3.0,0.0,-37563.0,14112.43458,14174.55841,14401.575545,-62.12383000000045,-289.1409649999987,14297.47386571428,14464.90046242857,456477.3,,,1.18627834224748,1.213028041554431,2.399306383801911,1.0,14303.0,-3.0,-37563.0,0.013649798298518192,-0.0788428004062236,,,0.863,0.8133,0.528
20240806,13679.5557,13841.8379,13890.4834,13659.6924,700977.0,-59.0,684725.0,1.0,0.0,15158.0,0.0,1.0,-3.0,0.0,-30983.0,14023.47834,14088.96896,14354.952355,-65.49061999999685,-331.4740149999998,14234.32603706349,14423.61066876191,486999.6,821670.0,0.196765,1.227642669232251,1.213028041554431,2.440670710786682,1.0,15158.0,-2.0,-30983.0,-8.416823947148053e-05,-0.1824350155709773,,,0.8356,0.7093,0.465
20240807,13573.5254,13652.9795,13714.2393,13535.959,677941.0,-23036.0,473591.0,1.0,0.0,10170.0,0.0,1.0,-3.0,0.0,-32885.0,13907.71486,14021.23429,14312.9214,-113.5194300000003,-405.2065399999956,14160.63456888889,14378.10513481746,458560.0,,0.224135,1.26425701998115,1.229243163392759,2.493500183373909,1.0,10170.0,-2.0,-32885.0,-0.03397935808573312,-0.2283375697184751,,,0.8219,0.6853,0.45
20240808,13368.6377,13593.9912,13616.1846,13363.8945,659054.0,-18887.0,579058.0,1.0,0.0,13710.0,0.0,0.0,-3.0,0.0,-31622.0,13744.46056,13950.60314,14248.30055,-206.1425799999997,-503.8399899999986,14078.24645880953,14329.75833515873,451823.5,694869.6,0.245065,1.319538906507887,1.229243163392759,2.548782069900646,1.0,13710.0,-3.0,-31622.0,-0.0286577427646293,-0.3513422814243019,,,0.8219,0.6613,0.391
20240809,13655.1533,13331.6602,13667.25,13331.6602,624888.0,-34166.0,686854.0,1.0,0.0,3943.0,0.0,1.0,-2.0,0.0,-34325.0,13646.1963,13899.27179,14207.194885,-253.0754900000029,-560.9985850000012,14009.54372404762,14279.0031658492,473991.9,824224.7999999999,,1.425204925067151,1.229243163392759,2.65444808845991,1.0,3943.0,-1.0,-34325.0,-0.05467539783129137,-0.1536674936568839,,,0.8219,0.628,0.477
20240812,13641.7344,13680.3135,13726.4512,13578.8242,626601.0,1713.0,476207.0,1.0,0.0,7485.0,0.0,1.0,-2.0,736.0,-22889.0,13583.7213,13848.07794,14156.11129,-264.35664,-572.3899900000015,13955.90308515873,14227.15968569048,483262.3,,,1.439951333791318,1.229243163392759,2.669194497184077,1.0,7485.0,-1.0,-22153.0,0.002733797105334974,-0.1244727280658183,,,0.8219,0.5947,0.497
20240813,13562.5029,13638.2432,13678.126,13519.5186,652313.0,25712.0,417173.0,1.0,0.0,3623.0,0.0,1.0,-2.0,3861.0,-18170.0,13560.31074,13791.89454,14098.620175,-231.5837999999985,-538.3094349999992,13901.52188039682,14173.89442912698,493318.4,,,1.358970250721266,1.229243163392759,2.588213414114025,1.0,3623.0,-1.0,-14309.0,0.039416660406890555,-0.073778974082334,,,0.8082,0.5947,0.533
20240814,13372.0068,13524.9707,13557.1777,13253.6436,635635.0,-16678.0,569364.0,1.0,0.0,5873.0,0.0,2.0,-2.0,3473.0,-11679.0,13520.00702,13713.86094,14032.482135,-193.8539199999996,-512.4751150000029,13834.33407301588,14117.59241361905,512599.7,,,1.402317774540424,1.250519646673301,2.652837421213725,1.0,5873.0,0.0,-8206.0,-0.026238328600533326,-0.2093729595224158,,,0.8219,0.6653,0.451
20240815,13364.748,13390.666,13467.9287,13279.6709,630191.0,-5444.0,450733.0,1.0,0.0,6250.0,0.0,1.0,-2.0,5870.0,-15155.0,13519.22908,13631.84482,13964.80264,-112.6157399999993,-445.5735600000007,13770.35484674603,14057.97442618254,515387.7,,,1.428835842113853,1.281405524454708,2.710241366568561,1.0,6250.0,-1.0,-9285.0,-0.008638650821734997,-0.2320694787936584,,,0.8219,0.6787,0.444
20240816,13343.4932,13386.2646,13450.623,13326.7139,621878.0,-8313.0,304752.0,1.0,0.0,5955.0,0.0,1.0,-2.0,6469.0,-19454.0,13456.89706,13551.54668,13896.199665,-94.64962000000014,-439.3026050000026,13712.25084984126,13995.45893896826,511039.0,,,1.444902608059143,1.271876887002015,2.716779495061158,1.0,5955.0,-1.0,-12985.0,-0.013367573704167055,-0.2625872034774043,,,0.8219,0.6933,0.426
20240819,13363.7207,13267.0889,13454.9404,13176.6494,621898.0,20.0,488865.0,2.0,0.0,12452.0,0.0,1.0,-2.0,5763.0,-15776.0,13401.29432,13492.50781,13833.53311,-91.21348999999827,-432.2387899999994,13656.87818690476,13931.3993710873,513132.2,,,1.524429231086839,1.35151069616568,2.875939927252519,2.0,12452.0,-1.0,-10013.0,3.2159614599178647e-05,-0.2476341471650591,,,0.8219,0.7107,0.433
20240820,13456.6045,13411.6621,13584.9736,13411.6621,614565.0,-7333.0,455654.0,2.0,0.0,10060.0,0.0,1.0,-2.0,5783.0,-18653.0,13380.11464,13470.21269,13779.590825,-90.09805000000051,-399.4761850000014,13620.99438309523,13870.06620569047,490225.1,,,1.575653799556619,1.410831932022807,2.986485731579426,2.0,10060.0,-1.0,-12870.0,-0.01193201695508205,-0.2313614714921222,,,0.8219,0.7307,0.444
20240821,13546.1484,13492.6504,13553.3984,13431.8594,609645.0,-4920.0,328520.0,2.0,0.0,16303.0,0.0,1.0,-2.0,5949.0,-17512.0,13414.94296,13467.47499,13744.35464,-52.53202999999849,-329.4116799999993,13595.03591595238,13813.50634039682,475718.0,,,1.581845904466445,1.410831932022807,2.992677836489251,2.0,16303.0,-1.0,-11563.0,-0.008070270403267476,-0.2592321928613039,,,0.8493,0.7307,0.426
20240822,13553.8896,13556.1807,13650.4414,13535.8438,603540.0,-6105.0,392082.0,2.0,0.0,14044.0,0.0,2.0,-1.0,5738.0,-13538.0,13452.77128,13486.00018,13718.30166,-33.22889999999825,-265.5303800000002,13575.91142150794,13763.27283666667,457020.4,,,1.554377806986142,1.410831932022807,2.965209739008949,2.0,14044.0,1.0,-7800.0,-0.010115319614275774,-0.2517940963064473,,,0.8493,0.7307,0.43
20240823,13553.0771,13523.5869,13630.0068,13499.5557,603480.0,-60.0,292666.0,2.0,0.0,15290.0,0.0,1.0,-2.0,4598.0,-17036.0,13494.68806,13475.79256,13687.532175,18.89549999999872,-192.8441149999999,13559.68567936507,13718.28703219841,417601.6,,,1.509758750623932,1.410831932022807,2.920590682646738,2.0,15290.0,-1.0,-12438.0,-9.942334460131238e-05,-0.281859922445385,,,0.8356,0.7387,0.413
20240826,13774.9863,13561.5654,13786.5342,13529.6084,601271.0,-2209.0,397486.0,2.0,0.0,14905.0,0.0,2.0,-1.0,3264.0,-14235.0,13576.94118,13489.11775,13668.597845,87.82343000000037,-91.65666500000043,13560.06475253969,13678.70319893651,409729.5,,,1.489174007410638,1.410831932022807,2.900005939433445,2.0,14905.0,1.0,-10971.0,-0.003673884155397483,-0.3286794299987099,,,0.8493,0.7773,0.393
20240827,13766.8877,13758.5869,13801.6338,13700.9268,606493.0,5222.0,287015.0,2.0,0.0,15976.0,0.0,1.0,-2.0,3260.0,-19520.0,13638.99782,13509.55623,13650.725385,129.4415900000022,-11.72756500000105,13568.22370436508,13645.37338133333,396713.7,,,1.446679144062251,1.35151069616568,2.798189840227931,2.0,15976.0,-1.0,-16260.0,0.008610157083428828,-0.3804270641098683,,,0.8356,0.8053,0.36
20240828,13784.1768,13740.8516,13826.2969,13716.2842,611401.0,4908.0,325802.0,2.0,0.0,15388.0,0.0,1.0,-2.0,3751.0,-19886.0,13686.6035,13550.77323,13632.317085,135.8302700000004,54.28641500000231,13579.21132555555,13619.8611065873,372357.5,,,1.368525039671877,1.35151069616568,2.720035735837557,2.0,15388.0,-1.0,-16135.0,0.008027464789884217,-0.3949846356793535,,,0.863,0.8387,0.349
20240829,13777.4248,13774.4316,13789.4287,13656.9199,607165.0,-4236.0,367228.0,2.0,0.0,9360.0,0.0,1.0,-2.0,2699.0,-18587.0,13731.31054,13592.04091,13611.942865,139.2696300000007,119.3676750000013,13591.08748126984,13601.93437003968,364007.0,,,1.260680941398213,1.271876887002015,2.532557828400229,2.0,9360.0,-1.0,-15888.0,-0.006976686732601517,-0.4095876807296407,,,0.9863,0.9453,0.338
20240830,13733.3438,13791.2314,13846.7939,13715.2402,600160.0,-7005.0,358264.0,2.0,0.0,16302.0,0.0,1.0,-2.0,3518.0,-19240.0,13767.36388,13631.02597,13591.286325,136.337910000002,176.0775550000017,13605.18248015873,13591.22753307143,369358.2,,0.167325,1.251611223475917,1.271876887002015,2.523488110477932,2.0,16302.0,-1.0,-15722.0,-0.011671887496667555,-0.4554339279414375,,,0.9726,0.9853,0.306
20240902,13540.2793,13734.6992,13753.6699,13526.6074,596524.0,-3636.0,442132.0,2.0,0.0,14313.0,0.0,1.0,-2.0,2996.0,-14142.0,13720.42248,13648.68183,13570.59482,71.74065000000155,149.8276600000008,13606.80907753968,13586.22062213492,364684.9,530558.4,0.17434,1.287799802567026,1.35151069616568,2.639310498732706,2.0,14313.0,-1.0,-11146.0,-0.006095312175201669,-0.3937607390329428,,,0.9589,0.9827,0.35
20240903,13746.7822,13594.8232,13767.7949,13564.7451,614315.0,17791.0,422104.0,2.0,-1.0,8384.0,-28.0,2.0,-2.0,684.0,-4950.0,13716.40138,13677.6996,13573.956145,38.70178000000305,142.445235000001,13617.4174286508,13585.86292669048,361329.9,,0.17549,1.242519961150646,1.35151069616568,2.594030657316326,1.0,8356.0,0.0,-4266.0,0.028960712338132716,-0.4479130587495253,,,0.9589,0.9827,0.312
20240904,13548.0283,13770.541,13912.4365,13493.5859,612331.0,-1984.0,713315.0,2.0,0.0,14658.0,0.0,2.0,-2.0,14.0,-9030.0,13669.17168,13677.88759,13572.68129,-8.715910000002623,96.49039000000084,13623.54942325397,13588.71427742063,399809.4,855978.0,0.183195,1.36237764018921,1.410831932022807,2.773209572212017,2.0,14658.0,0.0,-9016.0,-0.0032400776704102846,-0.4306576748386883,,,0.8219,0.9227,0.325
20240905,13657.4824,13560.7637,13779.6338,13555.4453,604841.0,-7490.0,503801.0,2.0,0.0,8027.0,0.0,2.0,-3.0,0.0,-5912.0,13645.1832,13688.24687,13587.123525,-43.06366999999955,58.05967500000042,13628.9348134127,13594.01661661111,410981.3,604561.2,0.187565,1.416579498891598,1.410831932022807,2.827411430914404,2.0,8027.0,-1.0,-5912.0,-0.012383419774783785,-0.4053620043778834,,,0.7808,0.9093,0.338
20240906,13445.9375,13648.8184,13705.2637,13399.707,613541.0,8700.0,518287.0,2.0,0.0,14361.0,0.0,2.0,-2.0,991.0,-14816.0,13587.70194,13677.53291,13576.662735,-89.83097000000089,11.03920499999913,13622.28768611111,13600.27681728571,433543.4,,0.1932,1.430253190909025,1.458094815057598,2.888348005966624,2.0,14361.0,0.0,-13825.0,0.014179981451932307,-0.3666916482559597,,,0.8082,0.9147,0.369
20240909,13311.7314,13463.5527,13482.542,13216.7852,621889.0,8348.0,495705.0,2.0,0.0,14647.0,0.0,1.0,-3.0,0.0,-21397.0,13541.99236,13631.20742,13560.162585,-89.21506000000045,-18.17022500000166,13600.82686912699,13604.35302894445,443365.3,,0.19596,1.454671723600949,1.458094815057598,2.912766538658548,2.0,14647.0,-2.0,-21397.0,0.013423617397960086,-0.4388239972997207,,,0.7808,0.908,0.314
20240910,13326.4082,13313.6377,13410.5098,13293.6367,619379.0,-2510.0,333116.0,2.0,0.0,14228.0,0.0,1.0,-3.0,0.0,-16235.0,13457.91756,13587.15947,13548.35785,-129.2419100000043,-90.44029000000228,13578.94814984127,13605.42547349207,447975.4,,0.197915,1.453900466994207,1.410831932022807,2.864732399017014,2.0,14228.0,-2.0,-16235.0,-0.004052446079056604,-0.3692182334113006,,,0.7808,0.908,0.367
20240911,13454.2725,13350.0547,13462.5049,13224.6016,615375.0,-4004.0,439113.0,2.0,-1.0,8378.0,0.0,0.0,-3.0,0.0,-14429.0,13439.1664,13554.16904,13552.471135,-115.0026400000006,-113.3047350000015,13563.45777650794,13603.8501185873,459306.5,,0.202285,1.519415380014675,1.458094815057598,2.977510195072273,1.0,8378.0,-3.0,-14429.0,-0.0065066016656510255,-0.3664718171840497,,,0.8219,0.9227,0.369
20240912,13525.3496,13486.5039,13590.3438,13424.918,611840.0,-3535.0,440754.0,1.0,0.0,7131.0,0.0,1.0,-3.0,0.0,-8750.0,13412.73984,13528.96152,13560.501215,-116.2216800000006,-147.761375,13559.30070214286,13600.6714406746,466659.1,,0.20401,1.538006388622586,1.458094815057598,2.996101203680184,1.0,7131.0,-2.0,-8750.0,-0.005777654288702929,-0.3637903970531481,,,0.863,0.9187,0.369
20240913,13532.168,13514.6953,13567.6826,13450.21,603169.0,-8671.0,302429.0,1.0,0.0,7152.0,0.0,2.0,-3.0,0.0,-6947.0,13429.98594,13508.84394,13569.934955,-78.858000000002,-139.9490150000001,13555.56182555555,13595.70937521429,461075.6,,0.21068,1.466631976559487,1.458094815057598,2.924726791617085,1.0,7152.0,-1.0,-6947.0,-0.014375738806205227,-0.4392175463833395,,,0.8767,0.9387,0.31
20240918,13722.3516,13650.2617,13770.2988,13636.8965,592787.0,-10382.0,349452.0,1.0,0.0,7722.0,0.0,1.0,-2.0,310.0,-5204.0,13512.10998,13527.05117,13587.8665,-14.94119000000137,-75.75652000000082,13567.54919071429,13591.78338653175,451807.6,,,1.539263651593841,1.536979193561766,3.076242845155607,1.0,7722.0,-1.0,-4894.0,-0.017513879352954773,-0.5462396442924934,,,0.8493,0.948,0.205
20240919,13788.0146,13693.5381,13802.9795,13597.2471,595374.0,2587.0,455163.0,1.0,0.0,8146.0,0.0,2.0,-2.0,0.0,-10034.0,13604.43126,13531.17441,13604.437005,73.25684999999976,-0.005744999998569256,13582.61100206349,13588.30274387302,455113.5,,,1.589582330462135,1.536979193561766,3.1265615240239,1.0,8146.0,0.0,-10034.0,0.004345167911262501,-0.5585315162931414,,,0.863,0.9573,0.197
20240920,14075.8682,13793.29,14077.2002,13747.2939,613343.0,17969.0,532537.0,1.0,0.0,9067.0,0.0,1.0,-2.0,425.0,-18395.0,13728.7504,13583.9584,13630.922995,144.7920000000013,97.827405,13618.04768579365,13587.75257012699,437035.7,639044.4,,1.690761628936785,1.556537549873638,3.247299178810423,1.0,9067.0,-1.0,-17970.0,0.029296820865323318,-0.5189435396444617,,,0.8356,0.9507,0.236
20240923,14041.8545,14068.6084,14151.8359,13932.0146,615901.0,2558.0,607019.0,1.0,0.0,9189.0,0.0,1.0,-2.0,0.0,-20140.0,13832.05138,13622.39561,13655.32124,209.6557699999994,176.7301400000015,13658.44684031746,13590.70377281746,447357.5,728422.7999999999,,1.73430867763966,1.560192321727909,3.294500999367569,1.0,9189.0,-1.0,-20140.0,0.004153264891597838,-0.5635391112171454,,,0.8356,0.956,0.189
20240924,14195.6309,14003.6689,14196.5234,13972.2539,629896.0,13995.0,492076.0,1.0,0.0,9437.0,0.0,2.0,-2.0,87.0,-26347.0,13964.74396,13697.36495,13687.44893,267.3790099999987,277.2950299999993,13703.12446055555,13598.7874502619,444736.4,,,1.726910088215107,1.571222705484842,3.29813279369995,1.0,9437.0,0.0,-26260.0,0.022217953439932943,-0.6506896337591794,,,0.8356,0.94,0.134
20240925,14171.1836,14209.8428,14371.0283,14156.9795,622397.0,-7499.0,588703.0,1.0,0.0,9338.0,0.0,2.0,-3.0,0.0,-19054.0,14054.51036,13783.31017,13707.258795,271.2001899999996,347.2515649999987,13754.07785420635,13614.11254876984,454036.2,706443.6,,1.716067422001679,1.560192321727909,3.276259743729588,1.0,9338.0,-1.0,-19054.0,-0.012048579925674449,-0.7033302631237272,,,0.7945,0.9147,0.115
20240926,14305.8398,14164.2129,14325.3232,14102.7178,614633.0,-7764.0,476132.0,1.0,0.0,8979.0,0.0,1.0,-2.0,2746.0,-23409.0,14158.0754,13881.25333,13734.2064,276.8220700000002,423.8690000000024,13806.51740039683,13636.86947382539,468337.8,,,1.607396786530418,1.560192321727909,3.167589108258327,1.0,8979.0,-1.0,-20663.0,-0.012631928321453616,-0.675252747673422,,,0.7808,0.868,0.122
20240927,14557.3564,14308.2539,14590.5352,14277.8623,593167.0,-21466.0,565724.0,1.0,0.0,789.0,0.0,1.0,-2.0,1396.0,-21978.0,14254.37304,13991.56172,13772.86538,262.8113199999989,481.5076600000011,13877.76889349206,13668.30058552381,480998.9,,0.21045,1.641825056647016,1.571222705484842,3.213047762131858,1.0,789.0,-1.0,-20582.0,-0.03618879674695322,-0.6564275349192757,,,0.5753,0.3733,0.13
20240930,14570.9521,14454.4619,14660.2207,14367.3975,571020.0,-22147.0,539550.0,1.0,0.0,7461.0,0.0,1.0,-3.0,0.0,-23268.0,14360.19256,14096.12197,13812.541745,264.070590000003,547.6508150000009,13950.98177285715,13707.46869259524,490878.5,,0.22195,1.625788241483723,1.581500968693045,3.207289210176769,1.0,7461.0,-2.0,-23268.0,-0.03878498126160205,-0.5161543862571962,,,0.5342,0.3387,0.239
20241008,14307.4316,14709.8721,14755.5654,14175.6182,575413.0,4393.0,518743.0,1.0,0.0,7144.0,0.0,1.0,-2.0,0.0,-28216.0,14382.5527,14173.64833,13841.246135,208.9043700000002,541.3065650000008,14011.27979174603,13753.04048921429,512509.9,,,1.778160941666593,1.586003349718269,3.364164291384862,1.0,7144.0,-1.0,-28216.0,0.007634516425593443,-0.6441310927821189,,,0.4658,0.2573,0.135
20241009,14231.8193,14268.9971,14400.7676,14164.0518,600647.0,25234.0,482825.0,1.0,0.0,9340.0,0.0,1.0,-3.0,0.0,-25143.0,14394.67984,14224.5951,13875.823135,170.0847400000002,518.8567049999983,14050.10266912698,13801.29583705556,525847.2,,,1.830961727757776,1.592603142346763,3.423564870104539,1.0,9340.0,-2.0,-25143.0,0.04201136441204235,-0.6984827296722033,,,0.3014,0.1333,0.111
20241010,14121.1865,14234.8467,14277.3135,14063.4844,598119.0,-2528.0,478049.0,1.0,0.0,1976.0,0.0,1.0,-2.0,0.0,-29525.0,14357.74918,14257.91229,13894.54335,99.8368900000005,463.2058299999971,14078.3171884127,13850.86645569048,528135.8,,,1.812556609311178,1.592603142346763,3.405159751657941,1.0,1976.0,-1.0,-29525.0,-0.004226583673148655,-0.6972053547951799,,,0.3014,0.1147,0.112
20241011,14167.4561,14128.3281,14215.7959,14050.5947,595390.0,-2729.0,350724.0,1.0,0.0,7820.0,0.0,1.0,-3.0,0.0,-30708.0,14279.76912,14267.07108,13925.51474,12.69804000000113,354.2543799999985,14102.65274230158,13899.32696134127,509954.5,,,1.806558734295392,1.592603142346763,3.399161876642155,1.0,7820.0,-2.0,-30708.0,-0.004583550277969062,-0.7173316250148853,,,0.3151,0.112,0.102
20241014,14148.3516,14210.0215,14283.5859,14084.9131,599758.0,4368.0,433612.0,1.0,0.0,8494.0,0.0,1.0,-3.0,0.0,-26289.0,14195.24902,14277.72079,13950.0582,-82.47177000000192,245.1908199999962,14127.52191571428,13946.23446888095,492613.8,,,1.841874566324582,1.581500968693045,3.423375535017627,1.0,8494.0,-2.0,-26289.0,0.007282937451438747,-0.7531146390521615,,,0.3288,0.1133,0.086
20241015,14073.4326,14066.3311,14163.1074,14032.3535,598712.0,-1046.0,331598.0,2.0,0.0,12153.0,0.0,0.0,-3.0,0.0,-27988.0,14148.44922,14265.50096,13981.432955,-117.0517400000008,167.0162649999966,14140.80975079365,13990.00299790476,476566.0,,,1.784596720498294,1.581500968693045,3.366097689191339,2.0,12153.0,-3.0,-27988.0,-0.0017470837397613544,-0.7348377110145824,,,0.3288,0.1147,0.095
20241016,14112.1318,14074.5859,14201.6504,14071.9229,608832.0,10120.0,379945.0,2.0,0.0,12783.0,0.0,1.0,-3.0,0.0,-26976.0,14124.51172,14259.59578,14021.452975,-135.0840599999992,103.0587450000021,14153.7400513492,14029.96921761905,455690.2,,,1.743513295966037,1.571222705484842,3.314736001450879,2.0,12783.0,-2.0,-26976.0,0.016621990959739305,-0.7612883069473675,,,0.3288,0.132,0.075
20241017,13953.0234,14136.9512,14187.9414,13935.3799,600902.0,-7930.0,483343.0,3.0,0.0,20833.0,0.0,0.0,-3.0,0.0,-29360.0,14090.8791,14224.31414,14052.783735,-133.4350399999985,38.09536500000104,14154.36694595238,14064.7541721746,456411.3,,,1.705714807441972,1.581500968693045,3.287215776135017,3.0,20833.0,-3.0,-29360.0,-0.013196827436087749,-0.7568163551603821,,,0.4932,0.248,0.081
20241018,14083.1406,13943.6865,14151.4629,13943.6865,601085.0,183.0,400374.0,3.0,0.0,11910.0,0.0,0.0,-3.0,0.0,-17020.0,14074.016,14176.89256,14084.22714,-102.8765600000024,-10.21113999999943,14154.58521785715,14092.43580461111,439876.3,,,1.699308178663869,1.581500968693045,3.280809147356915,3.0,11910.0,-3.0,-17020.0,0.00030444945390418994,-0.7570246268040065,,,0.4932,0.2787,0.079
20241021,14032.1807,14109.9092,14109.9092,13973.1855,601806.0,721.0,320858.0,1.0,0.0,9785.0,0.0,1.0,-2.0,1252.0,-18235.0,14050.78182,14123.01542,14109.568695,-72.23359999999957,-58.78687499999978,14152.45341936508,14112.5829692619,418007.1,,,1.656675810042946,1.581500968693045,3.238176778735991,1.0,9785.0,-1.0,-16983.0,0.0011980605045479773,-0.760721532295897,,,0.5479,0.3427,0.074
20241022,14135.9873,14077.4063,14203.7285,14077.4063,613769.0,11963.0,397323.0,1.0,0.0,11119.0,0.0,1.0,-2.0,0.0,-17434.0,14063.29276,14105.87099,14139.75966,-42.57822999999917,-76.46689999999944,14154.01742055556,14126.85673214286,405865.1,,,1.63559037226313,1.581500968693045,3.217091340956176,1.0,11119.0,-1.0,-17434.0,0.019491046305694815,-0.7705473861101861,,,0.5753,0.376,0.064
20241023,14139.4541,14116.2285,14157.3809,14039.1357,619721.0,5952.0,321587.0,2.0,0.0,13840.0,0.0,1.0,-3.0,0.0,-17834.0,14068.75722,14096.63447,14160.614785,-27.87724999999955,-91.85756500000207,14153.64566190476,14137.21103142063,389741.3,,,1.584421458290212,1.581500968693045,3.165922426983258,2.0,13840.0,-2.0,-17834.0,0.009604321944875194,-0.7916914946932249,,,0.5753,0.4293,0.047
20241024,14208.6875,14110.3174,14256.4639,14088.166,640632.0,20911.0,454612.0,2.0,0.0,15177.0,0.0,1.0,-3.0,0.0,-18414.0,14119.89004,14105.38457,14181.64843,14.50547000000188,-61.75838999999905,14155.23822523809,14144.90313510317,387397.6,,,1.514395762736046,1.581500968693045,3.095896731429091,2.0,15177.0,-2.0,-18414.0,0.03264120431074314,-0.7810832814804158,,,0.6575,0.54,0.057
20241025,14123.6543,14214.8262,14247.4922,14063.7422,636208.0,-4424.0,398202.0,3.0,0.0,22878.0,0.0,0.0,-3.0,0.0,-22982.0,14127.99278,14101.00439,14184.037735,26.98839000000225,-56.04495499999939,14153.50245738095,14149.98810661111,392145.4,,,1.462687105430772,1.571222705484842,3.033909810915614,3.0,22878.0,-3.0,-22982.0,-0.006953700676508311,-0.8066773037690507,,,0.6986,0.6227,0.039
20241028,14148.1533,14125.6621,14193.8467,14074.832,632507.0,-3701.0,399022.0,3.0,0.0,13302.0,0.0,0.0,-3.0,0.0,-24442.0,14151.1873,14100.98456,14189.352675,50.20274000000063,-38.16537500000049,14149.21135611111,14152.15705065079,388686.4,,,1.230693040450719,1.55981619742904,2.790509237879759,3.0,13302.0,-3.0,-24442.0,-0.005851318641532821,-0.7836281030669681,,,0.6986,0.6667,0.053
20241029,14015.4355,14102.4424,14130.0625,14003.4189,625621.0,-6886.0,448448.0,2.0,0.0,9343.0,0.0,0.0,-3.0,0.0,-30314.0,14127.07694,14095.18485,14180.342905,31.89208999999755,-53.26596500000232,14135.67085047619,14151.64316061905,400371.4,,,1.185459904401295,1.55981619742904,2.745276101830335,2.0,9343.0,-3.0,-30314.0,-0.011006663778869316,-0.7916315407317348,,,0.6986,0.7147,0.045
20241030,14068.0053,14079.0942,14093.3551,14014.9982,629197.0,3576.0,268287.0,1.0,0.0,9172.0,0.0,0.0,-3.0,0.0,-25017.0,14112.78718,14090.7722,14175.18399,22.0149799999981,-62.39681000000019,14124.43685849206,14148.71284133333,389205.6,,,1.117154156476118,1.55981619742904,2.676970353905158,1.0,9172.0,-3.0,-25017.0,0.005683434599974253,-0.9087693271138308,,,0.6849,0.7533,0.023
20241031,14030.0296,14053.0275,14059.1253,13975.2241,643772.0,14575.0,332045.0,2.0,0.0,14427.0,0.0,0.0,-3.0,0.0,-29450.0,14077.0556,14098.47282,14161.39348,-21.41721999999936,-84.33788000000095,14109.44549984127,14144.22069672222,374075.8,,,1.08122160974727,1.55981619742904,2.64103780717631,2.0,14427.0,-3.0,-29450.0,0.022640002982422348,-1.1929260029883615,,,0.7397,0.672,0.019
20241101,14098.596,14022.9399,14168.0048,13940.5189,650640.0,6868.0,512825.0,3.0,0.0,17970.0,0.0,0.0,-3.0,0.0,-20785.0,14072.04394,14100.01836,14138.45546,-27.97441999999864,-66.41151999999784,14101.12186539682,14138.87436147619,385320.9,615390.0,,1.096103864970138,1.571222705484842,2.66732657045498,3.0,17970.0,-3.0,-20785.0,0.010555760481986967,-1.134743299763303,,,0.7671,0.716,0.019
20241104,14090.1355,14152.9015,14154.8467,14039.9,652049.0,1409.0,361370.0,2.0,0.0,17606.0,0.0,1.0,-2.0,0.0,-20912.0,14060.44038,14105.81384,14114.41463,-45.37345999999889,-53.9742499999993,14097.73680333333,14133.40269987302,389372.1,,0.148005,1.087996790632504,1.571222705484842,2.659219496117347,2.0,17606.0,-1.0,-20912.0,0.00216088054732083,-1.0591717041142588,,,0.8767,0.9093,0.02
20241105,14035.0085,14090.8825,14109.7738,14007.7112,656733.0,4684.0,289681.0,2.0,0.0,19196.0,0.0,2.0,-3.0,0.0,-23264.0,14064.35498,14095.71596,14100.793475,-31.36097999999765,-36.43849500000215,14091.10438904762,14127.11139672222,378607.9,,0.15249,1.074390786359827,1.571222705484842,2.645613491844669,2.0,19196.0,-1.0,-23264.0,0.0071322744555245435,-1.184116476791225,,,0.6849,0.7493,0.017
20241106,13898.324,14018.1564,14037.7103,13881.1856,692891.0,36158.0,503787.0,3.0,0.0,13563.0,0.0,0.0,-3.0,0.0,-30908.0,14030.41872,14071.60295,14084.11871,-41.18423000000257,-53.6999900000028,14074.77045690476,14119.22387622222,396827.9,604544.4,0.15272,1.025965709973136,1.55981619742904,2.585781907402176,3.0,13563.0,-3.0,-30908.0,0.05218425408902699,-1.039805834703116,,,0.6712,0.804,0.02
20241107,14202.9085,13896.3802,14210.4405,13880.3328,723450.0,30559.0,709136.0,2.0,0.0,17052.0,0.0,1.0,-2.0,11995.0,-13440.0,14064.9945,14071.02505,14088.20481,-6.030549999999494,-23.21030999999857,14075.1590618254,14111.21595988095,422280.3,850963.2,,1.087368455299649,1.55981619742904,2.647184652728689,2.0,17052.0,-1.0,-1445.0,0.04224065242933168,-1.235360597788464,,,0.726,0.8213,0.014
20241108,14187.356,14207.4361,14257.6384,14149.1521,724717.0,1267.0,463560.0,2.0,0.0,9898.0,0.0,2.0,-2.0,18159.0,-10425.0,14082.7465,14077.39522,14089.199805,5.351279999998951,-6.45330500000091,14085.33416269841,14104.3991304127,428816.1,,,1.072207616227091,1.55981619742904,2.63202381365613,2.0,9898.0,0.0,7734.0,0.001748268634515266,-1.1447290827582504,,,0.7671,0.8227,0.016
20241111,14194.1718,14154.2774,14234.9213,14119.1418,728656.0,3939.0,410294.0,2.0,0.0,17246.0,0.0,1.0,-2.0,15911.0,-14840.0,14103.55376,14081.99707,14091.490815,21.55668999999943,12.06294499999967,14094.59545214286,14098.93754001587,429943.3,,,1.043645935960495,1.5309641589415,2.574610094901995,2.0,17246.0,-1.0,1071.0,0.005405843086449573,-1.0131300368545464,,,0.7397,0.824,0.02
20241112,14064.6611,14175.5029,14175.8079,14029.8959,699769.0,-28887.0,442878.0,2.0,0.0,9403.0,-341.0,1.0,-2.0,12547.0,-17012.0,14109.48428,14086.91963,14091.05224,22.56464999999844,18.43203999999969,14094.4975965873,14094.82021462698,429386.3,,,1.067364044037715,1.511967928111572,2.579331972149287,2.0,9062.0,-1.0,-4465.0,-0.04128076550976108,-1.0893479428903885,,,0.7397,0.7267,0.016
20241113,14064.0342,14076.6085,14129.7134,14054.0153,698847.0,-922.0,257401.0,1.0,0.0,9571.0,0.0,2.0,-2.0,12400.0,-13422.0,14142.62632,14086.52252,14088.64736,56.10380000000077,53.97896000000037,14093.57714007936,14091.73424278571,428297.7,,,1.021194485155119,1.511967928111572,2.533162413266691,1.0,9571.0,0.0,-1022.0,-0.0013193159590010402,-1.074706053209767,,,0.6849,0.736,0.016
20241114,14048.4892,14073.2528,14083.1037,13991.7683,702142.0,3295.0,272174.0,1.0,0.0,9288.0,0.0,2.0,-2.0,13246.0,-14704.0,14111.74246,14088.36848,14093.42065,23.3739800000003,18.32180999999946,14089.12760674603,14089.70245347619,422310.6,,,0.9747074452953607,1.511967928111572,2.486675373406933,1.0,9288.0,0.0,-1458.0,0.00469278294134235,-1.466318028957701,,,0.7123,0.6667,0.005
20241115,13979.6577,14070.21,14117.0275,13947.8037,712096.0,9954.0,368276.0,1.0,0.0,9054.0,0.0,1.0,-2.0,16409.0,-17531.0,14070.2028,14076.47465,14088.246505,-6.271850000000995,-18.04370500000005,14081.77009079365,14087.76727601587,407855.7,,,1.001031071104312,1.499446684908366,2.500477756012678,1.0,9054.0,-1.0,-1122.0,0.013978452343504246,-0.4620338407010023,,,0.8493,0.876,0.291
20241118,13970.6781,13968.781,13986.5542,13858.4108,718846.0,6750.0,379137.0,1.0,0.0,5976.0,0.0,1.0,-2.0,12863.0,-14616.0,14025.50406,14064.52891,14085.171375,-39.02484999999797,-59.66731499999878,14068.54453357143,14084.84804903968,409632.4,,,0.9928338456813646,1.499446684908366,2.49228053058973,1.0,5976.0,-1.0,-1753.0,0.009390050163734653,-0.4761961338494794,,,0.863,0.876,0.277
20241119,13916.1551,13973.6717,13973.6717,13894.3337,729846.0,11000.0,274320.0,1.0,0.0,6378.0,0.0,1.0,-2.0,12725.0,-17934.0,13995.80286,14052.64357,14074.179765,-56.8407100000004,-78.37690499999917,14054.39757079365,14081.17736721428,408096.3,,,0.9940985664781243,1.499446684908366,2.49354525138649,1.0,6378.0,-1.0,-5209.0,0.015071672654231167,-0.5134502932266726,,,0.8767,0.876,0.241
20241120,13950.0228,13891.72,13979.5635,13874.5115,735797.0,5951.0,245923.0,1.0,0.0,6380.0,0.0,1.0,-2.0,12807.0,-13771.0,13973.00058,14057.81345,14064.7082,-84.81286999999975,-91.7076199999974,14040.56261595238,14077.75658311905,382309.9,,,1.000741237177759,1.482057505677057,2.482798742854816,1.0,6380.0,-1.0,-964.0,0.008087828572282844,-0.5051473411362417,,,0.9041,0.876,0.251
20241121,13993.613,13966.1271,14023.6446,13935.1725,740539.0,4742.0,277032.0,1.0,0.0,6577.0,0.0,1.0,-2.0,14600.0,-12307.0,13962.02534,14036.8839,14053.954475,-74.8585600000024,-91.92913500000213,14033.27752357143,14073.56842929365,339099.5,,,0.9305649658600189,1.432669213914983,2.363234179775002,1.0,6577.0,-1.0,2293.0,0.0064034439779674,-0.482591778348289,,,0.7534,0.668,0.271
20241122,13886.6065,13992.759,14003.6507,13870.9051,733813.0,-6726.0,304165.0,1.0,0.0,5834.0,0.0,1.0,-2.0,12291.0,-15389.0,13943.4151,14006.80895,14042.102085,-63.39384999999857,-98.68698499999846,14020.39131722222,14067.07414474603,323160.0,,,0.9405923096444337,1.432669213914983,2.373261523559417,1.0,5834.0,-1.0,-3098.0,-0.009165822900384703,-0.5287129915165447,,,0.726,0.684,0.216
20241125,13969.6083,13885.9084,13992.9962,13885.9084,729013.0,-4800.0,271528.0,1.0,0.0,5597.0,0.0,1.0,-2.0,14629.0,-13379.0,13943.20114,13984.3526,14033.174835,-41.15146000000277,-89.97369499999877,14011.4131047619,14058.75591000793,309283.4,,,0.9434652561856174,1.432669213914983,2.376134470100601,1.0,5597.0,-1.0,1250.0,-0.006584244725402702,-0.4974201302009545,,,0.7123,0.6307,0.257
20241126,13932.0114,13978.9338,14006.3625,13911.9625,733064.0,4051.0,241752.0,1.0,0.0,5666.0,0.0,1.0,-2.0,16156.0,-16746.0,13946.3724,13971.08763,14029.00363,-24.71523000000161,-82.63123000000269,14002.74768095238,14049.58091844444,289170.8,,,0.9116652270156641,1.432669213914983,2.344334440930647,1.0,5666.0,-1.0,-590.0,0.005526120502439078,-0.4847511040233541,,,0.6712,0.544,0.269
20241127,13967.0094,13926.7378,13982.9225,13926.7378,728051.0,-5013.0,214662.0,1.0,0.0,5748.0,0.0,1.0,-2.0,20671.0,-14357.0,13949.76972,13961.38515,14023.953835,-11.61542999999801,-74.1841149999982,13996.03514412699,14039.82671884921,284896.9,,,0.7730935649243352,1.342289998244141,2.115383563168476,1.0,5748.0,-1.0,6314.0,-0.006885506647199166,-0.4905952559463104,,,0.6712,0.5093,0.262
20241128,13978.4988,13963.1171,14015.3001,13952.4767,727197.0,-854.0,243851.0,1.0,0.0,5644.0,0.0,1.0,-2.0,24577.0,-11859.0,13946.74688,13954.38611,14021.377295,-7.63923000000068,-74.63041499999781,13991.26411738095,14030.0403699127,282064.6,,,0.7506102484104449,1.342289998244141,2.092900246654585,1.0,5644.0,-1.0,12718.0,-0.0011743722815138126,-0.4480140144095885,,,0.6164,0.4853,0.303
20241129,14071.4685,13978.5709,14103.2666,13937.9253,751328.0,24131.0,426643.0,0.0,0.0,0.0,0.0,1.0,-2.0,25097.0,-21277.0,13983.71928,13963.56719,14020.02092,20.15208999999959,-36.30163999999968,13992.99261587302,14021.16262242064,287901.3,511971.6,,0.7763940858451865,1.342289998244141,2.118684084089327,0.0,0.0,-1.0,3820.0,0.03211779675454662,-0.4379341287742792,,,0.6849,0.552,0.313
20241202,14010.135,14044.2371,14099.0344,13999.7008,741068.0,-10260.0,346150.0,0.0,0.0,0.0,0.0,1.0,-2.0,28070.0,-25783.0,13991.82462,13967.51288,14016.020895,24.31173999999919,-24.19627500000024,13994.25583285714,14013.73375234921,284602.6,415380.0,,0.7434321844567046,1.342289998244141,2.085722182700845,0.0,0.0,-1.0,2287.0,-0.013844883330544566,-0.5314053670699411,,,0.6712,0.4933,0.206
20241203,13948.5734,14011.3215,14011.3215,13848.3035,738180.0,-2888.0,513839.0,1.0,0.0,5918.0,0.0,1.0,-2.0,19781.0,-19327.0,13995.13702,13970.75471,14011.69914,24.38231000000087,-16.5621200000005,13988.5283415873,14007.14682942857,308554.5,616606.7999999999,0.115115,0.7885079096350621,1.342289998244141,2.130797907879203,1.0,5918.0,-1.0,454.0,-0.003912324907204205,-0.4843694124894593,,,0.6575,0.5213,0.267
20241204,13897.6724,13955.5133,13968.5565,13889.6184,744265.0,6085.0,259772.0,1.0,0.0,5840.0,0.0,1.0,-2.0,19191.0,-18633.0,13981.26962,13965.51967,14011.66656,15.74995000000126,-30.3969399999969,13978.33701690476,14000.92426952381,309939.4,,0.116725,0.7827740376696485,1.254251357999675,2.037025395669324,1.0,5840.0,-1.0,558.0,0.00817585134327155,-0.4789617232325819,,,0.589,0.4893,0.274
20241205,13923.4682,13904.5275,13962.6466,13867.4891,756289.0,12024.0,328716.0,1.0,-1.0,0.0,0.0,1.0,-2.0,19299.0,-15059.0,13970.2635,13958.50519,13997.694545,11.75830999999744,-27.431045000003,13969.82920761905,13994.57943792857,315107.8,,0.12052,0.7450971618293816,1.217364097403902,1.962461259233283,0.0,0.0,-1.0,4240.0,0.015898684233143678,-0.463902747446078,,,0.6164,0.5107,0.287
20241206,13885.8883,13937.4425,13948.1268,13873.2015,755419.0,-870.0,271381.0,0.0,0.0,0.0,0.0,2.0,-2.0,17948.0,-16868.0,13933.14746,13958.43337,13982.62116,-25.28590999999687,-49.47369999999682,13961.0044018254,13988.64074638889,311829.4,,0.13018,0.7181754719803032,1.211721675619678,1.929897147599981,0.0,0.0,0.0,1080.0,-0.0011516787372305966,-0.4652237154655405,,,0.6438,0.5253,0.285
20241209,13749.8599,13880.2114,13898.6462,13692.1938,794104.0,38685.0,623275.0,0.0,0.0,0.0,0.0,1.0,-2.0,17600.0,-17000.0,13881.09244,13936.45853,13960.405565,-55.36609000000135,-79.31312500000058,13942.34478634921,13981.73391454762,347004.1,747930.0,0.144325,0.7839193616115181,1.211721675619678,1.995641037231196,0.0,0.0,-1.0,600.0,0.04871528162558053,-0.434084679721654,,,0.6712,0.5467,0.318
20241210,13771.2358,13843.3924,13883.1675,13759.3806,792191.0,-1913.0,454880.0,0.0,0.0,0.0,0.0,2.0,-2.0,21793.0,-10091.0,13845.62492,13920.38097,13945.7343,-74.7560500000036,-100.1093800000017,13926.16724857143,13974.07587130952,368316.9,545856.0,0.14789,0.799129273764722,1.194883218994986,1.994012492759708,0.0,0.0,0.0,11702.0,-0.002414821678105406,-0.4478657249392037,,,0.726,0.564,0.302
20241211,13758.7981,13731.2584,13803.1076,13726.8556,793690.0,1499.0,254549.0,0.0,0.0,0.0,0.0,1.0,-2.0,12072.0,-9967.0,13817.85006,13899.55984,13930.472495,-81.70978000000105,-112.6224349999993,13907.58011952381,13965.2303688492,372305.6,,,0.7938180639575594,1.17879531793801,1.972613381895569,0.0,0.0,-1.0,2105.0,0.0018886467008529778,-0.4194633391413496,,,0.726,0.5933,0.324
20241212,13755.6486,13772.2912,13772.2912,13704.4572,789015.0,-4675.0,324249.0,0.0,0.0,0.0,0.0,2.0,-1.0,13199.0,-8935.0,13784.28614,13877.27482,13915.830465,-92.98868000000039,-131.5443250000008,13890.18890111112,13955.12284722222,380345.4,,,0.7609991999167648,1.17879531793801,1.939794517854775,0.0,0.0,1.0,4264.0,-0.005925109155085771,-0.4842959308990299,,,0.5342,0.4373,0.262
20241213,13648.2652,13760.5358,13760.5358,13638.419,803423.0,14408.0,360576.0,0.0,0.0,0.0,0.0,2.0,-1.0,12620.0,-8529.0,13736.76152,13834.95449,13899.26084,-98.19297000000006,-162.499319999999,13867.72748285714,13942.59633392064,373738.7,,,0.7699927924828952,1.171228791269619,1.941221583752514,0.0,0.0,1.0,4091.0,0.017933268029419122,-0.3647618812043426,,,0.5753,0.4493,0.37
20241216,13566.3166,13641.5017,13642.5457,13527.6858,828306.0,24883.0,315590.0,0.0,0.0,0.0,0.0,2.0,-1.0,15361.0,-8211.0,13700.05286,13790.57265,13879.042765,-90.51978999999665,-178.9899049999985,13837.13623293651,13926.88437392857,370682.7,,,0.7849439600477113,1.168285741235978,1.953229701283689,0.0,0.0,1.0,7150.0,0.030040830321161505,-0.3674041511349943,0.117,,0.5616,0.4507,0.368
20241217,13531.1972,13565.6245,13596.909,13510.2985,842765.0,14459.0,232491.0,0.0,0.0,0.0,0.0,2.0,-1.0,15882.0,-8678.0,13652.04514,13748.83503,13859.79487,-96.78988999999638,-207.7497299999995,13804.48240087302,13908.47977985714,342547.9,,,0.8024360539784212,1.168285741235978,1.970721795214399,0.0,0.0,1.0,7204.0,0.017156621359453703,-0.441165637425391,0.1199,,0.6849,0.6187,0.307
20241218,13387.5297,13532.3176,13532.3176,13337.3523,863468.0,20703.0,395035.0,0.0,0.0,0.0,0.0,2.0,-1.0,15544.0,-5194.0,13577.79146,13697.82076,13831.670215,-120.0292999999965,-253.8787549999979,13762.40312349207,13886.88639051587,356074.2,,0.14237,0.8733949711456666,1.168285741235978,2.041680712381644,0.0,0.0,1.0,10350.0,0.02397656890585407,-0.4385436434222833,0.1238,,0.6575,0.6307,0.31
20241219,13348.6583,13371.8383,13393.6353,13313.2727,870237.0,6769.0,232054.0,0.0,0.0,0.0,0.0,2.0,-1.0,15381.0,-8895.0,13496.3934,13640.33977,13799.42248,-143.9463699999997,-303.0290799999984,13716.53570825396,13861.55704057937,346408.0,,0.14812,0.8324623126475666,1.166838555897768,1.999300868545335,0.0,0.0,1.0,6486.0,0.007778340842781908,-0.4471571318536587,0.1288,,0.6164,0.5707,0.3
20241220,13392.4027,13322.5713,13428.1261,13318.0595,868047.0,-2190.0,268065.0,0.0,0.0,0.0,0.0,2.0,-1.0,17861.0,-14174.0,13445.2209,13590.99121,13774.71229,-145.7703100000017,-329.491390000001,13674.63036984127,13832.91963738095,346076.4,,,0.8407494976559302,1.142152118971173,1.982901616627103,0.0,0.0,1.0,3687.0,-0.0025229048657503567,-0.5198346548439298,0.1269,,0.6027,0.568,0.212
20241223,13454.4333,13389.3173,13468.8217,13343.8406,855684.0,-12363.0,279460.0,0.0,0.0,0.0,0.0,2.0,-1.0,21818.0,-13939.0,13422.84424,13561.44855,13748.95354,-138.6043100000006,-326.1092999999983,13640.91507928571,13802.77666667461,311694.9,,,0.8230166375058094,1.070092255558186,1.893108893063996,0.0,0.0,1.0,7879.0,-0.014448090650286788,-0.4732687177623073,0.1223,,0.5753,0.5413,0.271
20241224,13450.2223,13454.6988,13488.9806,13433.4355,849178.0,-6506.0,175653.0,0.0,0.0,0.0,0.0,2.0,-1.0,22986.0,-10419.0,13406.64926,13529.3472,13724.864085,-122.69794,-318.2148249999991,13612.12604087301,13771.37254590476,283772.2,,,0.8126766912922462,0.9976863370729459,1.810363028365192,0.0,0.0,1.0,12567.0,-0.00766152679414681,-0.4954505458048236,0.1224,,0.5479,0.5293,0.245
20241225,13464.49,13431.6526,13500.3591,13414.5021,838965.0,-10213.0,185894.0,0.0,0.0,0.0,0.0,2.0,-1.0,23798.0,-11211.0,13422.04132,13499.91639,13699.738115,-77.87507000000187,-277.6967949999998,13585.83636650794,13739.19817060317,276906.7,,,0.8097473968730282,0.9705521476308949,1.780299544503923,0.0,0.0,1.0,12587.0,-0.012173332618166431,-0.4509764091465558,0.1211,,0.5205,0.5133,0.295
20241226,13447.8393,13463.1712,13481.7563,13422.0177,831784.0,-7181.0,173261.0,0.0,0.0,0.0,0.0,2.0,-1.0,24926.0,-11503.0,13441.87752,13469.13546,13673.20514,-27.25793999999951,-231.32762,13561.33482325397,13706.31276281746,261807.9,,,0.80361246829436,0.960761163485433,1.764373631779793,0.0,0.0,1.0,13423.0,-0.008633250940147923,-0.4586933690842185,0.1185,,0.4247,0.44,0.287
20241227,13504.4939,13455.5107,13542.8753,13444.0417,815471.0,-16313.0,286614.0,0.0,0.0,0.0,0.0,2.0,-1.0,30049.0,-11714.0,13464.29576,13454.75833,13644.85641,9.537429999998494,-180.5606499999994,13543.76362619048,13673.91637715079,254411.7,,,0.7478566341117423,0.9398200923939402,1.687676726505682,0.0,0.0,1.0,18335.0,-0.020004390100935535,-0.4567165345125383,0.1153,,0.4795,0.3693,0.29
20241230,13434.7919,13476.656,13507.9469,13369.1572,819378.0,3907.0,287957.0,0.0,0.0,0.0,0.0,2.0,-1.0,31618.0,-4522.0,13460.36748,13441.60586,13616.089255,18.76162000000113,-155.7217749999982,13524.04174460318,13642.60692831746,251648.4,,,0.7520852493767992,0.9398200923939402,1.691905341770739,0.0,0.0,1.0,27096.0,0.004768251039202908,-0.495846860748781,0.1207,,0.4795,0.3507,0.245
20241231,13502.0646,13471.4278,13562.5159,13453.9945,791150.0,-28228.0,263099.0,0.0,0.0,0.0,0.0,2.0,-1.0,32735.0,-3769.0,13470.73594,13438.6926,13593.763815,32.04333999999835,-123.0278749999998,13511.93295555556,13613.35198378571,254709.2,,,0.7803574290882063,0.9358335427543181,1.716190971842524,0.0,0.0,1.0,28966.0,-0.03567970675598812,-0.4345943065150553,0.1176,,0.4795,0.3227,0.323
20250102,13533.8033,13502.7741,13555.1538,13459.7627,791382.0,232.0,168564.0,0.0,0.0,0.0,0.0,2.0,-1.0,35850.0,-5343.0,13484.5986,13453.31996,13575.57036,31.27864000000227,-90.97175999999672,13503.99903182539,13587.51157461905,232062.1,,,0.7958812687688896,0.9289860804629075,1.724867349231797,0.0,0.0,1.0,30507.0,0.0002931580450401955,-0.4704284225373126,0.116,,0.4795,0.276,0.278
20250103,13409.5287,13554.9105,13601.0725,13406.3527,790650.0,-732.0,338397.0,0.0,0.0,0.0,0.0,2.0,-1.0,27730.0,-7943.0,13476.93648,13459.407,13549.873385,17.52947999999924,-72.9369050000023,13492.98522642857,13565.15652643651,242696.4,406076.4,0.139265,0.8354205884633845,0.9289860804629075,1.764406668926292,0.0,0.0,1.0,19787.0,-0.0009258205274141529,-0.4745276349460375,0.1211,,0.3288,0.2413,0.271
20250106,13351.5737,13394.5978,13448.4143,13338.3165,792585.0,1935.0,306989.0,0.0,0.0,0.0,0.0,2.0,-1.0,18572.0,-7755.0,13446.35244,13455.3241,13523.157655,-8.971660000002885,-76.80521500000032,13475.73085119048,13545.26657457143,246588.8,368386.8,0.14352,0.8308047583840792,0.9231258784494017,1.753930636833481,0.0,0.0,1.0,10817.0,0.0024413785272242093,-0.4765604111583039,0.1248,,0.2603,0.1707,0.269
20250107,13430.8045,13417.2988,13504.6298,13377.108,773988.0,-18597.0,352264.0,0.0,0.0,0.0,0.0,2.0,-1.0,14890.0,-4919.0,13445.55496,13452.96122,13507.204885,-7.406260000001566,-61.64992499999971,13465.54504746032,13527.72957138889,253869.2,422716.8,,0.8665703872582288,0.9231258784494017,1.789696265707631,0.0,0.0,1.0,9971.0,-0.024027504302392286,-0.4444582177502246,0.1241,,0.2192,0.3173,0.311
20250108,13449.4113,13433.6403,13477.1315,13396.7622,766749.0,-7239.0,215928.0,0.0,0.0,0.0,0.0,2.0,-2.0,15199.0,-5557.0,13435.0243,13452.88012,13491.11366,-17.8558200000025,-56.08935999999994,13458.95559865079,13512.41252716667,257896.7,,,0.805386626052512,0.918043540170774,1.723430166223286,0.0,0.0,0.0,9642.0,-0.009441160014554958,-0.4586581845259306,0.1248,,0.4384,0.5467,0.292
20250109,13477.0887,13426.4865,13481.0723,13367.1901,770975.0,4226.0,262532.0,0.0,0.0,0.0,0.0,2.0,-2.0,15765.0,-6321.0,13423.68138,13454.13999,13477.02819,-30.45860999999968,-53.34681000000091,13454.40374642857,13499.26926515873,265560.5,,,0.8226382086990622,0.903737798742821,1.726376007441883,0.0,0.0,0.0,9444.0,0.005481370991277279,-0.4502101551856803,0.1248,,0.411,0.4547,0.304
20250110,13550.2178,13443.5953,13592.1948,13443.5953,769407.0,-1568.0,334968.0,0.0,0.0,0.0,0.0,1.0,-2.0,21637.0,-5443.0,13451.8192,13464.37784,13466.75665,-12.55863999999929,-14.93744999999763,13458.53645539683,13488.98942837302,281731.2,,,0.8423954526135582,0.903737798742821,1.746133251356379,0.0,0.0,-1.0,16194.0,-0.0020379331095246077,-0.3966349813263476,0.1246,,0.4384,0.4987,0.354
20250113,13523.378,13529.742,13561.1782,13404.3093,763700.0,-5707.0,359516.0,0.0,0.0,0.0,0.0,1.0,-2.0,18746.0,-5679.0,13486.18006,13466.26625,13460.51229,19.91380999999819,25.66777000000002,13462.57731984127,13480.87079773809,289021.4,431419.2,,0.8590013304428394,0.903737798742821,1.76273912918566,0.0,0.0,-1.0,13067.0,-0.007472829645148619,-0.3535304114642537,0.1228,,0.4795,0.5,0.389
20250114,13623.4803,13522.0429,13626.5362,13480.2293,776985.0,13285.0,327857.0,0.0,0.0,0.0,0.0,1.0,-2.0,21262.0,-7383.0,13524.71522,13485.13509,13463.370475,39.5801300000021,61.34474500000215,13473.90817706349,13475.85744098413,293011.4,,,0.9063103438448331,0.903737798742821,1.810048142587654,0.0,0.0,-1.0,13879.0,0.01709814217777692,-0.2209335989695895,0.1199,,0.4795,0.5013,0.449
20250115,13594.9659,13590.8994,13604.3032,13515.8742,776140.0,-845.0,251247.0,0.0,-1.0,0.0,-8050.0,1.0,-2.0,20571.0,-10407.0,13553.82614,13494.42522,13466.55891,59.40092000000004,87.26722999999765,13485.83654944445,13473.24780037302,291826.2,,,0.9172017321578028,0.8911856626530882,1.808387394810891,-1.0,-8050.0,-1.0,10164.0,-0.0010887211070167754,-0.5499477047069496,0.1161,,0.4384,0.5027,0.177
20250116,13612.3586,13603.0257,13657.0002,13578.7071,742491.0,-33649.0,287805.0,1.0,0.0,575.0,0.0,1.0,-2.0,23527.0,-18793.0,13580.88012,13502.28075,13477.800355,78.59936999999809,103.0797649999986,13499.86615666666,13472.83451285714,303750.3,,,0.9262206263418674,0.8911856626530882,1.817406288994956,1.0,575.0,-1.0,4734.0,-0.04531906784055295,-0.5766388794324949,0.1147,,0.4384,0.504,0.152
20250117,13671.7196,13586.4969,13686.9303,13553.1308,742753.0,262.0,305901.0,0.0,-1.0,0.0,-8664.0,1.0,-2.0,27155.0,-24280.0,13605.18048,13528.49984,13493.95342,76.68063999999868,111.2270599999993,13515.40990690476,13475.07698090476,300500.7,,,0.9438861501212087,0.8911856626530882,1.835071812774297,-1.0,-8664.0,-1.0,2875.0,0.00035274175937357374,-0.502383367086884,0.114,,0.3836,0.5253,0.236
20250120,13692.765,13672.302,13707.2966,13627.4168,746823.0,4070.0,241417.0,0.0,-1.0,0.0,-7661.0,1.0,-2.0,25354.0,-27467.0,13639.05788,13562.61897,13508.971535,76.43891000000258,130.0863450000015,13533.74564515873,13480.87846030159,293943.5,,,0.9115010540421754,0.8625293960253572,1.774030450067533,-1.0,-7661.0,-1.0,-2113.0,0.005449751815356517,-0.5299083130183628,0.1137,,0.3973,0.54,0.197
20250121,13683.0666,13679.7571,13693.5508,13639.4566,736974.0,-9849.0,162837.0,0.0,-1.0,0.0,-8352.0,1.0,-2.0,26526.0,-27909.0,13650.97514,13587.84518,13520.4032,63.12996000000021,130.5719399999998,13550.53266555556,13489.37722211111,275000.8,,,0.8717974766819715,0.8625293960253572,1.734326872707329,-1.0,-8352.0,-1.0,-1383.0,-0.013364107824699378,-0.5163074463297767,0.1122,,0.2055,0.248,0.218
20250122,13623.9047,13659.4307,13692.4545,13579.0405,729654.0,-7320.0,215430.0,0.0,-1.0,0.0,-8086.0,1.0,-2.0,24597.0,-28139.0,13656.7629,13605.29452,13529.08732,51.46838000000025,127.675580000001,13562.01041079365,13499.6827033254,274951.0,,,0.8808844137139036,0.8374803265330605,1.718364740246964,-1.0,-8086.0,-1.0,-3542.0,-0.01003215222557541,-0.5548720749330238,0.1141,,0.1918,0.196,0.173
20250123,13468.7727,13626.6442,13628.132,13464.5918,724442.0,-5212.0,339192.0,0.0,-1.0,0.0,-8638.0,1.0,-2.0,16686.0,-29577.0,13628.04572,13604.46292,13529.301455,23.58280000000013,98.74426500000118,13561.80362460317,13510.42269114286,282617.0,407030.4,0.141795,0.8641777548508157,0.8625293960253572,1.726707150876173,-1.0,-8638.0,-1.0,-12891.0,-0.007194502803537067,-0.5684025909762014,0.1233,,0.274,0.2507,0.158
20250124,13603.9602,13469.7554,13623.4904,13430.3143,692884.0,-31558.0,336024.0,0.0,-1.0,0.0,-8789.0,1.0,-2.0,17896.0,-24001.0,13614.49384,13609.83716,13537.1075,4.656680000000051,77.38634000000093,13564.36882253968,13521.00592785714,282722.6,,,0.9067539246475962,0.8911856626530882,1.797939587300684,-1.0,-8789.0,-1.0,-6105.0,-0.0455458633768423,-0.4752155149561689,0.1197,,0.3014,0.3387,0.272
20250127,13703.5723,13608.5702,13713.2954,13588.6526,694234.0,1350.0,225316.0,0.0,-1.0,0.0,-8676.0,1.0,-2.0,24798.0,-23408.0,13616.6553,13627.85659,13547.06142,-11.20129000000088,69.59388000000035,13577.9729865873,13532.54549453174,269302.6,,,0.8905216091290173,0.8911856626530882,1.781707271782106,-1.0,-8676.0,-1.0,1390.0,0.001944589288337938,-0.4579439324474372,0.1137,,0.3288,0.372,0.293
20250205,13658.925,13616.1005,13673.7522,13609.4628,704590.0,10356.0,148619.0,1.0,-1.0,5921.0,-8384.0,1.0,-2.0,27654.0,-24932.0,13611.82698,13631.40106,13558.268075,-19.5740799999985,53.55890500000169,13587.49365269841,13543.90404209524,251378.8,,,0.8967552953945714,0.8911856626530882,1.78794095804766,0.0,-2463.0,-1.0,2722.0,0.01469790942250103,-0.5028844007542053,0.1079,,0.3562,0.4253,0.234
20250206,13551.5306,13622.1968,13674.3987,13473.2018,733662.0,29072.0,354428.0,0.0,-2.0,0.0,-9174.0,1.0,-2.0,16625.0,-26321.0,13597.35216,13627.05753,13560.741375,-29.70536999999968,36.61078499999894,13589.54829880953,13554.27521703175,261696.9,425313.6,,0.9422244118180458,0.9006710871032911,1.842895498921337,-2.0,-9174.0,-1.0,-9696.0,0.03962587676614027,-0.5433675409372463,0.1114,,0.3973,0.48,0.179
20250207,13652.3142,13523.5896,13662.1173,13523.5896,739878.0,6216.0,285071.0,0.0,-1.0,0.0,-8557.0,1.0,-2.0,15668.0,-22241.0,13634.06046,13631.05309,13566.66692,3.007369999997536,67.39353999999912,13595.29251825397,13563.81785319048,261423.5,,,0.9364374064565048,0.9006710871032911,1.837108493559796,-1.0,-8557.0,-1.0,-6573.0,0.008401385093218071,-0.5254727042005594,0.1079,,0.6712,0.68,0.201
20250210,13653.1629,13622.4757,13672.2547,13617.0893,757507.0,17629.0,196249.0,0.0,-1.0,0.0,-8524.0,1.0,-2.0,21652.0,-19542.0,13643.901,13629.19742,13578.84863,14.70358000000124,65.05237000000307,13603.67784373016,13572.64464687301,250458.3,,,0.8824951517758284,0.8911856626530882,1.773680814428916,-1.0,-8524.0,-1.0,2110.0,0.02327239220231628,-0.5183669184201956,0.105,,0.6712,0.6813,0.212
20250211,13751.3723,13678.306,13816.7617,13654.906,834539.0,77032.0,527968.0,0.0,-1.0,0.0,-8476.0,2.0,-1.0,26389.0,-23207.0,13653.461,13635.05815,13598.83856,18.40284999999858,54.62243999999919,13618.76022595238,13581.14610495238,279113.4,633561.6,,0.8909610311573384,0.9006710871032911,1.79163211826063,-1.0,-8476.0,1.0,3182.0,0.0923048533381903,-0.5513464105631124,0.1079,,0.6164,0.676,0.169
20250212,13787.0846,13773.0923,13801.8869,13755.5573,852242.0,17703.0,263966.0,0.0,-1.0,0.0,-8445.0,2.0,-2.0,23746.0,-24030.0,13679.09292,13645.45995,13616.652565,33.63297000000057,62.44035500000064,13637.64205912699,13589.85704430952,289226.3,,,0.8601924605417702,0.9006710871032911,1.760863547645061,-1.0,-8445.0,0.0,-284.0,0.020772268909535086,-0.535715633859612,0.1028,,0.6301,0.6773,0.186
20250213,13702.3033,13800.8879,13806.7919,13667.7294,830762.0,-21480.0,297225.0,0.0,-1.0,0.0,-8497.0,2.0,-2.0,26019.0,-24489.0,13709.24746,13653.29981,13629.297165,55.94765000000189,79.95029500000237,13649.72486365079,13598.62848959524,297405.8,,,0.8915702350741264,0.9006710871032911,1.792241322177417,-1.0,-8497.0,0.0,1530.0,-0.025855780596608896,-0.5177188366202022,0.0975,,0.589,0.6787,0.215
20250214,13759.1475,13663.8551,13786.9306,13663.8551,837281.0,6519.0,231183.0,1.0,0.0,0.0,-928.0,1.0,-2.0,25440.0,-24063.0,13730.61412,13682.33729,13643.400105,48.27682999999888,87.21401499999956,13660.2845613492,13608.47658326984,286604.9,,,0.8855566598929464,0.9006710871032911,1.786227746996238,1.0,-928.0,-1.0,1377.0,0.007785916556090488,-0.5078392435193518,0.0975,,0.6027,0.68,0.23
20250217,13839.2964,13741.6506,13864.7102,13717.4112,859247.0,21966.0,318344.0,1.0,0.0,494.0,0.0,1.0,-2.0,24926.0,-22231.0,13767.84082,13705.87091,13657.854035,61.9699099999998,109.986785000001,13677.3267713492,13619.77237815079,284836.9,,,0.9200960087564618,0.9126310009453296,1.832727009701791,1.0,494.0,-1.0,2695.0,0.02556424404158525,-0.5192096501492388,0.099,,0.6164,0.6813,0.209
20250218,13902.7901,13829.0579,13929.1908,13828.4825,876242.0,16995.0,337690.0,1.0,0.0,551.0,0.0,2.0,-1.0,28850.0,-18078.0,13798.12438,13725.79269,13676.82464,72.33169000000089,121.2997399999986,13699.42447611111,13631.91752710317,296074.3,,,0.9433626613446233,0.9006710871032911,1.844033748447914,1.0,551.0,1.0,10772.0,0.019395326861757368,-0.4671800347848355,0.0977,,0.411,0.4307,0.283
20250219,13903.4488,13918.102,13938.4434,13868.5212,878116.0,1874.0,234129.0,1.0,0.0,1024.0,0.0,2.0,-1.0,30395.0,-17840.0,13821.39722,13750.24507,13690.823065,71.15214999999989,130.5741550000002,13722.72235047619,13645.44039688095,304625.3,,,0.9193293842699538,0.8945965898697805,1.813925974139734,1.0,1024.0,1.0,12555.0,0.002134114399464308,-0.4385593179930735,0.0953,,0.411,0.396,0.321
20250220,13907.3776,13877.9276,13908.446,13833.7424,868693.0,-9423.0,248747.0,1.0,0.0,1230.0,0.0,2.0,-1.0,24709.0,-13676.0,13862.41208,13785.82977,13706.44365,76.58230999999796,155.9684299999972,13742.51251261905,13660.7368182619,294057.2,,,0.8710548148029585,0.8945965898697805,1.765651404672739,1.0,1230.0,1.0,11033.0,-0.010847330414772538,-0.4311701666146966,0.0928,,0.3836,0.3307,0.331
20250221,13887.6656,13872.3154,13946.9179,13872.3154,866218.0,-2475.0,243612.0,1.0,0.0,1638.0,0.0,2.0,-2.0,25611.0,-14528.0,13888.1157,13809.36491,13720.209,78.75079000000005,167.9067000000014,13761.18894071429,13677.32646050794,289911.3,,,0.8082266018498606,0.8945965898697805,1.702823191719641,1.0,1638.0,0.0,11083.0,-0.0028572484062903336,-0.4461846111296434,0.0899,,0.3836,0.332,0.313
20250224,13882.9712,13868.0176,13912.3599,13834.2589,869780.0,3562.0,248857.0,1.0,0.0,1618.0,0.0,2.0,-2.0,24307.0,-15030.0,13896.85066,13832.34574,13730.77158,64.5049199999994,166.0790799999995,13777.01595722222,13694.66027185714,295172.1,,,0.7833397000564346,0.8945965898697805,1.677936289926215,1.0,1618.0,0.0,9277.0,0.004095288463749454,-0.4894073365138062,0.0918,,0.411,0.2187,0.252
20250225,13847.731,13874.3692,13884.1796,13799.7121,858837.0,-10943.0,235298.0,1.0,0.0,1614.0,0.0,2.0,-1.0,23994.0,-13777.0,13885.83884,13841.98161,13738.51988,43.85723000000144,147.3189599999987,13789.41509285714,13711.72575854762,265905.1,,,0.7775783695468085,0.8910885321429738,1.668666901689782,1.0,1614.0,1.0,10217.0,-0.012741649463169379,-0.5407877519006599,0.0873,,0.3699,0.3347,0.18
20250226,13822.8219,13818.3926,13865.1078,13785.8126,848368.0,-10469.0,263787.0,1.0,0.0,9028.0,0.0,2.0,-1.0,21268.0,-13519.0,13869.71346,13845.55534,13745.507645,24.15811999999823,124.2058149999993,13798.38517388889,13727.80007002381,265887.2,,,0.7134234128341499,0.8910885321429738,1.604511944977124,1.0,9028.0,1.0,7749.0,-0.012340163702544179,-0.5706417906240921,0.0867,,0.3562,0.336,0.15
20250227,13764.9636,13814.9724,13831.0133,13727.6057,832176.0,-16192.0,281597.0,1.0,0.0,505.0,0.0,2.0,-1.0,19220.0,-15435.0,13841.23066,13851.82137,13752.56059,-10.59070999999858,88.67007000000194,13802.52978380952,13743.08056203968,264324.4,,,0.6948497246528521,0.8910885321429738,1.585938256795826,1.0,505.0,1.0,3785.0,-0.01945742246832401,-0.6004111181614598,0.0856,,0.3425,0.3373,0.131
20250228,13598.5462,13787.484,13797.9097,13577.475,804517.0,-27659.0,556404.0,0.0,0.0,0.0,0.0,1.0,-2.0,23009.0,-15820.0,13783.40678,13835.76124,13759.049265,-52.35445999999865,24.35751499999969,13793.68258587302,13756.42036449206,296846.5,667684.7999999999,,0.7805194228905492,0.8945965898697805,1.67511601276033,0.0,0.0,-1.0,7189.0,-0.03437963399157507,-0.6590301275384578,0.0884,,0.4247,0.4387,0.103
20250303,13623.5638,13588.8621,13667.6906,13580.6036,813896.0,9379.0,274862.0,0.0,0.0,0.0,0.0,2.0,-1.0,28738.0,-16021.0,13731.5253,13814.18798,13760.029445,-82.66267999999945,-28.50414499999897,13780.52162230159,13766.7398495873,292498.3,,,0.7414393925949415,0.8945965898697805,1.636035982464722,0.0,0.0,1.0,12717.0,0.011523585322940523,-0.6439906171353603,0.0839,,0.4521,0.4627,0.113
20250304,13631.207,13596.1677,13673.2436,13527.36,825528.0,11632.0,550732.0,0.0,0.0,0.0,0.0,1.0,-1.0,22653.0,-10507.0,13688.2205,13787.02967,13756.41118,-98.80916999999863,-68.1906799999997,13767.82531253968,13773.57993323016,313802.5,660878.4,,0.7914330846094856,0.8945965898697805,1.686029674479266,0.0,0.0,0.0,12146.0,0.014090376098690778,-0.5919139075682206,0.088,,0.5205,0.5067,0.139
20250305,13547.3582,13628.5208,13643.4889,13533.1291,830078.0,4550.0,312028.0,0.0,0.0,0.0,0.0,1.0,-2.0,21151.0,-12175.0,13633.12776,13751.42061,13750.83284,-118.292849999998,-117.7050799999997,13751.11541753968,13776.41923993651,321592.4,,0.109825,0.777190615470105,0.8945965898697805,1.671787205339886,0.0,0.0,-1.0,8976.0,0.005481412590142131,-0.625659209743334,0.0955,,0.5205,0.5307,0.122
20250306,13573.712,13551.2364,13574.4507,13480.9522,826135.0,-3943.0,304297.0,0.0,0.0,0.0,0.0,1.0,-2.0,20040.0,-13303.0,13594.87744,13718.05405,13751.94191,-123.1766100000004,-157.0644699999993,13732.05632166667,13775.37362084127,327147.4,,0.111435,0.7625923128921628,0.8910885321429738,1.653680845035137,0.0,0.0,-1.0,6737.0,-0.004772827685547761,-0.6967505603935763,0.0969,,0.5616,0.5453,0.092
20250307,13612.8647,13562.9202,13657.4394,13560.0519,831969.0,5834.0,267691.0,0.0,0.0,0.0,0.0,1.0,-1.0,22468.0,-11534.0,13597.74114,13690.57396,13749.969435,-92.83282000000145,-152.2282950000026,13718.27623523809,13771.08235029365,329555.3,,,0.737562187322541,0.8910885321429738,1.628650719465515,0.0,0.0,0.0,10934.0,0.00701228050564384,-0.6722911606614844,0.0879,,0.6027,0.5653,0.099
20250310,13682.0808,13611.883,13731.4986,13597.0968,820062.0,-11907.0,300964.0,0.0,0.0,0.0,0.0,1.0,-1.0,25511.0,-14197.0,13609.44454,13670.48492,13751.41533,-61.04037999999855,-141.9707899999994,13710.08110428571,13764.388865,334766.0,,,0.7559313410599264,0.8945965898697805,1.650527930929707,0.0,0.0,0.0,11314.0,-0.01451963388134068,-0.6190000176015212,0.086,,0.6164,0.592,0.127
20250311,13668.1627,13678.8908,13703.9247,13612.7546,821009.0,947.0,229440.0,0.0,0.0,0.0,0.0,2.0,-1.0,26182.0,-10430.0,13616.83568,13652.52809,13747.25485,-35.69240999999784,-130.419170000001,13702.46068047619,13755.6934237619,334180.2,,,0.7679211240955489,0.8945965898697805,1.662517713965329,0.0,0.0,1.0,15752.0,0.0011534587318774824,-0.6704265169149034,0.0834,,0.411,0.3613,0.101
20250312,13641.5011,13679.7242,13695.2892,13632.1696,817199.0,-3810.0,195257.0,0.0,0.0,0.0,0.0,1.0,-1.0,25213.0,-12618.0,13635.66426,13634.39601,13739.975675,1.268249999999171,-104.3114150000001,13694.35508428572,13745.29041480159,327327.2,,,0.7629456198907415,0.8910885321429738,1.654034152033715,0.0,0.0,0.0,12595.0,-0.004662267085495699,-0.6504492548709184,0.0844,,0.3836,0.3613,0.113
20250313,13691.3831,13661.212,13760.251,13646.8009,804967.0,-12232.0,288559.0,0.0,0.0,0.0,0.0,1.0,-1.0,28319.0,-10910.0,13659.19848,13627.03796,13739.429665,32.16052000000309,-80.23118499999873,13689.47031007936,13733.98446742857,328023.4,,,0.7867700358808882,0.8759257033353458,1.662695739216234,0.0,0.0,0.0,17409.0,-0.015195653983330993,-0.6255027451136342,0.0787,,0.3836,0.3853,0.126
20250314,13711.9136,13685.5353,13741.6442,13681.5335,800662.0,-4305.0,187431.0,0.0,0.0,0.0,0.0,2.0,-1.0,22148.0,-10586.0,13679.00826,13638.3747,13737.06797,40.6335599999984,-58.05971000000136,13686.29993238095,13723.24620207936,291126.1,,,0.7780746746262658,0.8759257033353458,1.654000377961612,0.0,0.0,1.0,11562.0,-0.005376800697422883,-0.639889899634617,0.0802,,0.411,0.3893,0.119
20250317,13695.6583,13720.784,13744.484,13659.2912,777217.0,-23445.0,257776.0,0.0,0.0,0.0,0.0,2.0,-1.0,21059.0,-10664.0,13681.72376,13645.58415,13729.886065,36.13961000000018,-48.16230499999983,13683.07017912698,13713.50105776191,289417.5,,,0.77907252149401,0.8759257033353458,1.654998224829356,0.0,0.0,1.0,10395.0,-0.03016532062474187,-0.6011602498955992,0.0806,,0.4247,0.3947,0.14
20250318,13616.8641,13680.8488,13694.7635,13582.3938,788919.0,11702.0,300751.0,0.0,0.0,0.0,0.0,2.0,-1.0,17103.0,-10294.0,13671.46404,13644.14986,13715.589765,27.31418000000122,-44.12572499999987,13674.19630230159,13704.13815673809,264419.4,,,0.7976917519645079,0.853936811138802,1.65162856310331,0.0,0.0,1.0,6809.0,0.014832954967493494,-0.5472287538739073,0.0837,0.09980039920159664,0.4521,0.4013,0.183
20250319,13682.9937,13616.4517,13690.2618,13601.1025,783437.0,-5482.0,229682.0,0.0,-1.0,0.0,-6630.0,2.0,-1.0,18666.0,-10551.0,13679.76256,13657.71341,13704.56701,22.04914999999892,-24.80444999999963,13668.7913334127,13695.9057483254,256184.8,,,0.79057342082518,0.8374803265330605,1.628053747358241,-1.0,-6630.0,1.0,8115.0,-0.006997371837173889,-0.5156927582371728,0.0806,0.03792415169660677,0.4521,0.412,0.224
20250320,13727.2243,13647.8555,13731.0495,13624.5427,791985.0,8548.0,280102.0,0.0,-1.0,0.0,-7046.0,2.0,-1.0,20490.0,-10318.0,13686.9308,13673.06464,13695.559345,13.8661600000014,-8.628544999995938,13667.91505444445,13689.49162160317,253765.3,,,0.730426224138741,0.8374803265330605,1.567906550671802,-1.0,-7046.0,1.0,10172.0,0.010793133708340437,-0.4854470212549274,0.0803,0.03193612774451079,0.6301,0.7067,0.26
20250321,13689.0145,13688.7229,13736.1236,13660.3981,790427.0,-1558.0,239746.0,1.0,0.0,674.0,0.0,2.0,-1.0,18079.0,-10534.0,13682.35098,13680.67962,13685.62679,1.671360000000277,-3.275810000001002,13667.60165746031,13684.4241638254,250970.8,,,0.7242330719458243,0.8320627642669615,1.556295836212786,1.0,674.0,1.0,7545.0,-0.00197108651399813,-0.5083927486718748,0.0834,0.09381237524950094,0.6575,0.7187,0.233
20250324,13643.9125,13697.8743,13697.8743,13598.7125,801588.0,11161.0,282674.0,0.0,-1.0,0.0,-6771.0,2.0,-1.0,13172.0,-9702.0,13672.00182,13676.86279,13673.673855,-4.860969999999725,-1.672035000001415,13664.62816190477,13679.8788695873,249141.8,,,0.6997468911776136,0.8320627642669615,1.531809655444575,-1.0,-6771.0,1.0,3470.0,0.013923611630912639,-0.5028950066305391,0.0817,0.062240663900414696,0.6575,0.7307,0.238
20250325,13624.8142,13642.7531,13672.7512,13608.8179,807210.0,5622.0,220889.0,0.0,-1.0,0.0,-7037.0,2.0,-1.0,11669.0,-8917.0,13673.59184,13672.52794,13662.528015,1.063899999999194,11.06382499999927,13660.63812182539,13675.69661372222,248286.7,,,0.675189754112686,0.8320627642669615,1.507252518379647,-1.0,-7037.0,1.0,2752.0,0.006964730367562344,-0.5180171024483909,0.0818,0.06724511930585667,0.6849,0.7307,0.216
20250326,13674.2264,13620.9963,13693.7751,13569.9495,815292.0,8082.0,358570.0,0.0,-1.0,0.0,-7244.0,2.0,-1.0,13144.0,-7019.0,13671.83838,13675.80047,13655.09824,-3.962089999997261,16.74013999999988,13659.488905,13672.20999579365,264618.0,430284.0,,0.6906830819106605,0.8320627642669615,1.522745846177622,-1.0,-7244.0,1.0,6125.0,0.009913012761072107,-0.4301891684346694,0.0798,0.023861171366594148,0.6712,0.7413,0.334
20250327,13617.774,13686.5858,13690.3713,13575.5511,828576.0,13284.0,304823.0,0.0,-1.0,0.0,-2152.0,2.0,-1.0,4721.0,-5146.0,13649.94832,13668.43956,13647.73876,-18.49123999999938,2.209559999997509,13657.81114666667,13669.04407945238,266244.4,,,0.6997749027146459,0.836743644778341,1.536518547492987,-1.0,-2152.0,1.0,-425.0,0.016032325338894683,-0.5044391223489757,0.0825,0.08242950108459868,0.6849,0.7613,0.237
20250328,13625.2916,13594.7108,13707.6794,13594.7108,815129.0,-13447.0,337568.0,0.0,0.0,0.0,0.0,1.0,-1.0,6160.0,-5746.0,13637.20374,13659.77736,13649.07603,-22.57361999999739,-11.87228999999934,13655.58225365079,13665.97231157937,281258.1,405081.6,0.097635,0.6887792816221288,0.836743644778341,1.52552292640047,0.0,0.0,0.0,414.0,-0.016496775357029377,-0.4463788616105795,0.0849,0.13449023861171364,0.6712,0.756,0.314
20250331,13584.449,13636.425,13636.425,13548.3388,817722.0,2593.0,274812.0,0.0,0.0,0.0,0.0,1.0,-1.0,2991.0,-5936.0,13625.31104,13648.65643,13647.12029,-23.34538999999859,-21.80925000000025,13650.53021984127,13662.71831565079,282961.7,,0.100855,0.6874681189144343,0.836743644778341,1.524211763692775,0.0,0.0,0.0,-2945.0,0.0031710043266538015,-0.4329272719823153,0.0877,0.19522776572668105,0.6712,0.7307,0.33
20250401,13635.5944,13594.2575,13665.8161,13568.1794,805360.0,-12362.0,279437.0,0.0,0.0,0.0,0.0,1.0,-1.0,6608.0,-5061.0,13627.46708,13650.52946,13647.33966,-23.06237999999757,-19.87257999999929,13648.49584285714,13660.14826970635,280830.3,,0.103155,0.7055402376311967,0.836743644778341,1.542283882409538,0.0,0.0,0.0,1547.0,-0.015349657296116023,-0.4241277457068664,0.0897,0.23861171366594358,0.7123,0.7813,0.336
20250402,13709.4051,13653.7335,13735.4422,13644.5671,804785.0,-575.0,345930.0,0.0,0.0,0.0,0.0,2.0,-1.0,15288.0,-4933.0,13634.50282,13653.1706,13655.442005,-18.66778000000158,-20.93918500000109,13652.92521968254,13658.56165833334,292455.1,,0.10511,0.6955897364474438,0.8320627642669615,1.527652500714405,0.0,0.0,1.0,10355.0,-0.0007144765372118019,-0.421995188647403,0.0914,0.2754880694143165,0.8767,0.9547,0.336
20250403,13565.6357,13704.2883,13717.2516,13520.4582,812310.0,7525.0,565764.0,0.0,-1.0,0.0,-8378.0,0.0,-2.0,0.0,-15576.0,13624.07516,13637.01174,13655.03819,-12.93657999999959,-30.96303000000262,13648.25719150794,13656.59587203968,321021.3,678916.7999999999,,0.7676490460649747,0.8320627642669615,1.599711810331936,-1.0,-8378.0,-2.0,-15576.0,0.00926370474326304,-0.455714175772194,0.0906,0.2581344902386116,0.8767,0.956,0.296
20250407,13155.0031,13269.1162,13287.9821,13134.4505,813720.0,1410.0,618471.0,0.0,0.0,0.0,-2531.0,0.0,-2.0,595.0,-8988.0,13530.01746,13583.6106,13632.14511,-53.59314000000086,-102.1276500000022,13604.20512492063,13650.25621878571,358893.8,742165.2,0.184575,0.9514006530827672,0.836743644778341,1.788144297861108,0.0,-2531.0,-2.0,-8393.0,0.0017327827754018582,-0.4024196926692827,0.1605,1.0,0.8767,0.9493,0.349
20250408,12911.5063,13259.7004,13312.2934,12756.27,826392.0,12672.0,834017.0,0.0,0.0,0.0,-3162.0,1.0,-2.0,3311.0,-15121.0,13395.42892,13510.36998,13593.616385,-114.9410599999992,-198.1874650000009,13545.08782198413,13638.30218479365,414028.1,1000820.4,0.243685,1.188154484408897,0.836743644778341,2.024898129187238,0.0,-3162.0,-1.0,-11810.0,0.015334127145470914,-0.5326360687465062,0.2119,1.0,0.8904,0.9427,0.195
20250409,12677.9545,12899.1302,12917.9412,12403.4993,811381.0,-15011.0,1049580.0,0.0,-1.0,0.0,-3440.0,1.0,-2.0,10713.0,-10185.0,13203.90094,13415.68401,13544.105975,-211.7830699999995,-340.2050349999972,13460.16440761905,13618.25481337302,496897.2,1259496.0,0.3392499999999999,1.419683735538271,0.8439009169667308,2.263584652505001,-1.0,-3440.0,-1.0,528.0,-0.018500556458679707,-0.5974327451132191,0.295,1.0,0.8904,0.956,0.144
20250410,12916.0646,12595.0988,13091.0633,12551.9603,789896.0,-21485.0,791703.0,0.0,0.0,0.0,-3638.0,1.0,-2.0,19079.0,-10767.0,13045.23284,13339.86783,13507.83415,-294.6349899999987,-462.60131,13391.13183126983,13591.419106,540210.5,950043.6,,1.655875075627764,0.8439009169667308,2.499775992594495,0.0,-3638.0,-1.0,8312.0,-0.027199783262606723,-0.5406253708503652,0.2458,0.7725381414701802,0.8904,0.956,0.188
20250411,12909.8549,12920.6831,12947.0586,12799.9192,784595.0,-5301.0,433933.0,0.0,-1.0,0.0,-6091.0,1.0,-2.0,17622.0,-15771.0,12914.07668,13269.07592,13468.75774,-354.9992399999992,-554.6810600000008,13332.85428920635,13558.92342025397,553121.5,,,1.700903187971117,0.853936811138802,2.554839999109919,-1.0,-6091.0,-1.0,1851.0,-0.00675635200326283,-0.5258187899434816,0.1368,0.26860841423948223,0.8767,0.956,0.207
20250414,12928.1813,12902.4889,12979.4518,12851.668,812983.0,28388.0,361746.0,0.0,-1.0,0.0,-5915.0,1.0,-2.0,15969.0,-17314.0,12868.71232,13199.36489,13429.571125,-330.6525700000002,-560.858804999998,13280.28309761905,13521.39350465079,555539.3,,,1.72277346950306,0.8781996548131409,2.600973124316201,-1.0,-5915.0,-1.0,-1345.0,0.034918319325250344,-0.5411927707749603,0.129,0.2325473878871937,0.863,0.952,0.187
20250415,12828.9166,12892.7402,12922.7658,12803.8941,799452.0,-13531.0,425043.0,0.0,-1.0,0.0,-6986.0,1.0,-2.0,19065.0,-18267.0,12852.19438,13123.81165,13386.23404,-271.6172699999988,-534.0396600000004,13225.10976547619,13478.85145921428,570562.4,,,1.762649354891424,0.8781996548131409,2.640849009704564,-1.0,-6986.0,-1.0,798.0,-0.01692534386054447,-0.5457143358684385,0.1252,0.21497919556171985,0.6849,0.8587,0.182
20250416,12778.2147,12793.9675,12869.324,12726.0182,783006.0,-16446.0,358581.0,0.0,-1.0,0.0,-6886.0,1.0,-2.0,16897.0,-20893.0,12872.24642,13038.07368,13344.30157,-165.82726,-472.055150000002,13167.19064904762,13430.72093983333,578476.8,,,1.781732351296924,0.8781996548131409,2.659932006110064,-1.0,-6886.0,-1.0,-3996.0,-0.021003670469958085,-0.5632125516757751,0.1267,0.22191400832177532,0.7534,0.8293,0.168
20250417,12837.9529,12774.8525,12883.089,12768.3587,779384.0,-3622.0,285226.0,0.0,-1.0,0.0,-7210.0,1.0,-2.0,20571.0,-19441.0,12856.62408,12950.92846,13302.04953,-94.30437999999958,-445.4254499999988,13117.11260896825,13377.13967876191,572406.4,,,1.789232146459742,0.8778721281921347,2.667104274651876,-1.0,-7210.0,-1.0,1130.0,-0.004647259887295608,-0.5461355768441907,0.1167,0.17568192325473875,0.726,0.6787,0.183
20250418,12835.9399,12846.3448,12865.3656,12785.9244,774533.0,-4851.0,248649.0,0.0,-1.0,0.0,-7608.0,1.0,-2.0,17225.0,-15717.0,12841.84108,12877.95888,13257.48531,-36.11779999999999,-415.6442299999999,13072.32332365079,13319.54629197619,540694.9,,,1.778644723049103,0.8778721281921347,2.656516851241237,-1.0,-7608.0,-1.0,1508.0,-0.006263128878950284,-0.6082564414054482,0.1187,0.18492834026814609,0.6712,0.62,0.134
20250421,12861.7905,12847.3491,12905.72,12823.3568,763548.0,-10985.0,257397.0,0.0,-1.0,0.0,-7655.0,1.0,-2.0,17514.0,-14496.0,12828.56292,12848.63762,13216.12411,-20.07469999999921,-387.5611899999985,13034.07262968254,13262.53304245238,504587.5,,,1.782550748022558,0.8778721281921347,2.660422876214692,-1.0,-7655.0,-1.0,3018.0,-0.014386783804030657,-0.6315371118954249,0.1192,0.1872399445214979,0.6438,0.58,0.122
20250422,12754.9459,12846.0611,12862.2426,12718.876,792926.0,29378.0,283165.0,0.0,-1.0,0.0,-7924.0,1.0,-2.0,16018.0,-15784.0,12813.76878,12832.98158,13171.67578,-19.21279999999933,-357.9069999999992,12992.09414047619,13207.23367430159,449502.3,,,1.81636339983264,0.8778721281921347,2.694235528024775,-1.0,-7924.0,-1.0,234.0,0.037050115647614026,-0.6995587121979787,0.1229,0.2043458159963014,0.6438,0.588,0.089
20250423,12960.4845,12751.0939,12988.531,12747.3719,789166.0,-3760.0,396539.0,0.0,-1.0,0.0,-8407.0,1.0,-2.0,18317.0,-14868.0,12850.22274,12861.23458,13138.459295,-11.01183999999921,-288.2365549999977,12964.89773523809,13157.70700706349,384198.2,,0.141795,1.901988165366683,0.8940081694281569,2.79599633479484,-1.0,-8407.0,-1.0,3449.0,-0.004764523560315574,-0.7585389804506513,0.1233,0.2061950993989829,0.6575,0.592,0.06
20250424,12962.7089,12982.1967,13023.1892,12926.9749,781103.0,-8063.0,256144.0,0.0,-1.0,0.0,-8357.0,1.0,-2.0,17300.0,-15910.0,12875.17394,12865.89901,13102.88342,9.274929999999586,-227.7094800000032,12948.74683222222,13113.46850715873,330642.3,,0.14467,1.852569497709385,0.8940081694281569,2.746577667137542,-1.0,-8357.0,-1.0,1390.0,-0.01032258229708502,-0.7516625888214739,0.1258,0.21775312066574198,0.6438,0.592,0.07
20250425,12967.5195,12950.7834,13054.7693,12928.9102,773192.0,-7911.0,254032.0,1.0,0.0,1325.0,0.0,1.0,-2.0,16372.0,-16164.0,12901.48986,12871.66547,13070.370695,29.82438999999795,-168.8808350000018,12935.88058785714,13073.77113702381,312652.2,,,1.684996397226068,0.8989157056209782,2.583912102847047,1.0,1325.0,-1.0,208.0,-0.010231611294477956,-0.7825995301832777,0.1198,0.1900138696255201,0.6438,0.592,0.042
20250428,12929.1577,12944.3248,13007.9784,12900.9031,761617.0,-11575.0,275934.0,0.0,-1.0,0.0,-5928.0,1.0,-2.0,14483.0,-16670.0,12914.9633,12871.76311,13035.564,43.20018999999957,-120.6007000000009,12923.23360531746,13038.06618779365,304071.0,,0.14812,1.435622926513183,0.8940081694281569,2.329631095941339,-1.0,-5928.0,-1.0,-2187.0,-0.015197927567268062,-0.73231022434941,0.1288,0.23162274618585296,0.6986,0.584,0.079
20250429,12820.3012,12896.5725,12914.3745,12783.6515,758554.0,-3063.0,256332.0,0.0,-1.0,0.0,-6305.0,1.0,-2.0,18487.0,-14131.0,12928.03436,12870.90157,12997.35661,57.13278999999966,-69.32224999999926,12904.16140404762,13005.97135165079,287199.9,,0.15755,1.229857172208016,0.8940081694281569,2.123865341636173,-1.0,-6305.0,-1.0,4356.0,-0.004037945881242469,-0.7236544219791191,0.137,0.26953305594082294,0.6849,0.5347,0.083
20250430,12743.0701,12797.9516,12817.1775,12713.3915,759185.0,631.0,243255.0,0.0,-1.0,0.0,-6030.0,1.0,-2.0,20168.0,-11690.0,12884.55148,12867.38711,12952.730395,17.16437000000042,-68.1789149999986,12880.848035,12977.33709024603,275667.3,,0.17641,0.991089678179085,0.8778721281921347,1.86896180637122,-1.0,-6030.0,-1.0,8478.0,0.0008311544616924728,-0.8234691251814271,0.1534,0.34535367545076284,0.6986,0.536,0.025
20250506,12738.2785,12863.3776,12887.4068,12668.7086,768117.0,8932.0,229145.0,0.0,-1.0,0.0,-6109.0,2.0,-1.0,19072.0,-11442.0,12839.6654,12857.41967,12904.174065,-17.75426999999763,-64.50866499999938,12863.82486722222,12952.00831607143,270059.2,,,1.031801158682861,0.8940081694281569,1.925809328111018,-1.0,-6109.0,1.0,7630.0,0.011628436813662503,-0.7530752575568171,0.1343,0.2570503929727231,0.8082,0.864,0.07
20250507,12872.4938,12685.631,12976.6482,12679.7732,756876.0,-11241.0,363687.0,1.0,0.0,1099.0,0.0,1.0,-2.0,16822.0,-7610.0,12820.66026,12861.07506,12869.51697,-40.41479999999865,-48.85671000000002,12857.15174309524,12930.49115801587,281563.0,436424.4,,1.126116635059247,0.8940081694281569,2.020124804487404,1.0,1099.0,-1.0,9212.0,-0.014851838346043474,-0.7199893505470285,0.1302,0.2380952380952381,0.8082,0.876,0.086
20250508,12873.885,12851.247,12905.9038,12762.2191,760025.0,3149.0,249147.0,1.0,0.0,811.0,0.0,1.0,-1.0,13561.0,-5784.0,12809.60572,12862.28451,12855.461065,-52.67879000000175,-45.85534499999994,12854.4161804762,12912.52551309524,280738.0,,,1.136615382030887,0.8940081694281569,2.030623551459044,1.0,811.0,0.0,7777.0,0.004143284760369724,-0.7048836665797192,0.1317,0.2450300508552936,0.7945,0.876,0.092
20250509,12924.5598,12898.8592,12932.7532,12856.8818,759038.0,-987.0,211042.0,1.0,0.0,36.0,0.0,1.0,-1.0,14900.0,-4569.0,12830.45744,12879.2459,12856.11374,-48.78845999999794,-25.65629999999692,12860.04700833333,12899.32079988095,273525.7,,,1.098245437574632,0.8940081694281569,1.992253607002789,1.0,36.0,0.0,10331.0,-0.0013003301547485106,-0.6706112017901837,0.1264,0.22052704576976426,0.7945,0.7827,0.106
20250512,13215.7124,12921.664,13227.2254,12893.8761,777828.0,18790.0,493067.0,0.0,0.0,0.0,0.0,2.0,0.0,17419.0,-598.0,12924.9859,12904.76869,12883.001635,20.21720999999889,41.98426499999914,12883.05909611111,12891.13693596825,283178.5,591680.4,,1.217091312599437,0.8940081694281569,2.111099482027594,0.0,0.0,2.0,16821.0,0.02415701157582396,-0.5952195876002,0.1208,0.19463707813222375,0.8219,0.876,0.148
20250513,13302.1828,13451.6022,13451.6022,13224.2837,758705.0,-19123.0,394390.0,0.0,0.0,0.0,0.0,3.0,0.0,14768.0,0.0,13037.76676,12938.71608,12902.307545,99.05067999999847,135.4592150000008,12927.74452563492,12889.03670530952,297003.1,473268.0,,1.300425432254201,0.8989157056209782,2.19934113787518,0.0,0.0,3.0,14768.0,-0.02520478974041294,-0.4864176025252694,0.1112,0.15025427646786865,0.8219,0.8827,0.263
20250514,13419.6737,13305.3569,13437.9871,13268.0071,764311.0,5606.0,303714.0,0.0,0.0,0.0,0.0,3.0,0.0,14632.0,0.0,13147.20274,12983.9315,12927.798485,163.2712400000019,219.4042550000013,12973.73789444445,12892.82243596825,301971.3,,,1.344705651879153,0.8989157056209782,2.243621357500132,0.0,0.0,3.0,14632.0,0.007334710608639677,-0.481106280252074,0.1076,0.13361072584373554,0.8082,0.8827,0.271
20250515,13388.3738,13367.2327,13451.5923,13363.0365,764943.0,632.0,280139.0,0.0,0.0,0.0,0.0,3.0,0.0,16388.0,-21.0,13250.1005,13029.85311,12950.80811,220.2473900000005,299.2923899999987,13018.85984634921,12902.38506007143,302391.8,,,1.309932372418795,0.8984244156894691,2.208356788108264,0.0,0.0,3.0,16367.0,0.0008262053512483936,-0.4682662307616106,0.1096,0.14285714285714285,0.7808,0.8747,0.286
20250516,13362.2192,13414.6156,13425.6056,13339.1071,769165.0,4222.0,245076.0,0.0,0.0,0.0,0.0,3.0,0.0,18028.0,-897.0,13337.63238,13084.04491,12977.47324,253.5874699999986,360.1591399999979,13060.0044120635,12917.96936087302,301266.2,,,1.222312969956778,0.8778721281921347,2.100185098148913,0.0,0.0,3.0,17131.0,0.005489069315426469,-0.4469307733709833,0.1083,0.13684697179842806,0.6164,0.592,0.314
20250519,13363.0381,13353.892,13392.0655,13306.093,771798.0,2633.0,202963.0,0.0,0.0,0.0,0.0,3.0,0.0,14324.0,0.0,13367.09752,13146.04171,13006.71441,221.0558099999998,360.3831099999989,13096.20861857143,12939.50541923016,297237.0,,,1.214038840714607,0.8778721281921347,2.091910968906741,0.0,0.0,3.0,14324.0,0.0034115144118020517,-0.4546451669517118,0.1075,0.13314840499306516,0.6164,0.592,0.303
20250520,13391.4788,13401.4437,13430.5517,13376.0736,749719.0,-22079.0,143371.0,0.0,0.0,0.0,0.0,3.0,0.0,19101.0,0.0,13384.95672,13211.36174,13034.390705,173.5949799999999,350.5660149999985,13134.12624706349,12966.53555721429,288659.6,,,1.179408646420206,0.8778721281921347,2.05728077461234,0.0,0.0,3.0,19101.0,-0.029449700487782757,-0.3992749731384811,0.1019,0.10725843735552473,0.6438,0.5947,0.358
20250521,13433.4796,13398.3473,13550.3704,13364.9352,754145.0,4426.0,315010.0,0.0,0.0,0.0,0.0,3.0,0.0,18245.0,0.0,13387.7179,13267.46032,13064.26769,120.2575799999977,323.4502099999991,13172.79579833333,12998.0999627381,283791.9,,,1.218795308100517,0.8984244156894691,2.117219723789987,0.0,0.0,3.0,18245.0,0.005868897890989134,-0.3614730487515416,0.1032,0.11326860841423946,0.6986,0.5947,0.385
20250522,13422.6488,13415.0716,13476.5082,13394.2801,761798.0,7653.0,165525.0,0.0,0.0,0.0,0.0,3.0,0.0,17706.0,0.0,13394.5729,13322.3367,13092.310605,72.23619999999937,302.2622949999986,13208.2136234127,13033.47970703175,275429.7,,,1.180509016269627,0.8984244156894691,2.078933431959096,0.0,0.0,3.0,17706.0,0.010045970191573094,-0.4224140267429855,0.0994,0.09570041608876559,0.6712,0.592,0.337
20250523,13401.0083,13406.5746,13462.2563,13375.4218,760814.0,-984.0,173996.0,0.0,0.0,0.0,0.0,3.0,0.0,15687.0,0.0,13402.33072,13369.98155,13124.613725,32.34917000000132,277.7169950000025,13237.84183047619,13071.25918924603,271725.1,,,1.165468032379528,0.8984244156894691,2.063892448068998,0.0,0.0,3.0,15687.0,-0.0012933515944764423,-0.4311700084688688,0.0971,0.08506703652334721,0.6438,0.5933,0.332
20250526,13377.3125,13382.2413,13425.7613,13321.5368,760098.0,-716.0,257724.0,0.0,0.0,0.0,0.0,3.0,0.0,19514.0,0.0,13405.1856,13386.14156,13145.455125,19.04404000000068,259.7304750000021,13262.62823944444,13109.21610357937,248190.8,,,1.099829967220773,0.8984244156894691,1.998254382910242,0.0,0.0,3.0,19514.0,-0.0009419837968261987,-0.4164317105214145,0.0988,0.09292649098474338,0.7534,0.8787,0.34
20250527,13323.2833,13365.8206,13373.398,13256.9583,750638.0,-9460.0,276963.0,0.0,-1.0,0.0,-5334.0,3.0,0.0,19152.0,-135.0,13391.5465,13388.25161,13163.483845,3.294890000002852,228.0626550000015,13280.59645714286,13144.50129673016,236448.1,,,1.002364965656735,0.9042184656960855,1.906583431352821,-1.0,-5334.0,3.0,19017.0,-0.012602612710787357,-0.4106849194318137,0.0985,0.09153952843273232,0.7534,0.8507,0.345
20250528,13322.4127,13330.315,13367.4909,13272.8157,745557.0,-5081.0,177566.0,0.0,-1.0,0.0,-13179.0,3.0,0.0,23054.0,-307.0,13369.33312,13378.52551,13181.228505,-9.192390000001978,188.1046149999984,13296.23808063492,13176.75131534921,223833.3,,,0.9736984055171101,0.9042184656960855,1.877916871213196,-1.0,-13179.0,3.0,22747.0,-0.006815038957450604,-0.4484945658356128,0.0955,0.07766990291262134,0.7123,0.7907,0.303
20250529,13319.0209,13320.8389,13351.4734,13236.8432,728691.0,-16866.0,264202.0,0.0,-1.0,0.0,-9867.0,2.0,0.0,19288.0,-1549.0,13348.60754,13371.59022,13200.721665,-22.98268000000098,147.8858749999999,13309.21485579365,13205.78681629365,222239.6,,,0.9923669224885847,0.8975433428115618,1.889910265300146,-1.0,-9867.0,2.0,17739.0,-0.023145613161134143,-0.4787696337248839,0.098,0.08922792417938048,0.6712,0.7587,0.264
20250530,13273.1884,13281.2002,13309.3402,13237.7856,725116.0,-3575.0,203391.0,0.0,-1.0,0.0,-9585.0,3.0,0.0,19078.0,0.0,13323.04356,13362.68714,13223.366025,-39.64357999999993,99.67753500000072,13316.58185301587,13231.44456038889,218071.1,,,0.8573133201575415,0.8975433428115618,1.754856662969103,-1.0,-9585.0,3.0,19078.0,-0.004930245643455668,-0.4653325872882963,0.0978,0.08830328247803973,0.6301,0.6307,0.28
20250603,13258.8417,13304.1338,13326.6298,13213.545,723071.0,-2045.0,181079.0,0.0,-1.0,0.0,-9259.0,3.0,0.0,30055.0,0.0,13299.3494,13352.2675,13249.154605,-52.91809999999714,50.19479500000125,13321.07543611111,13253.93124214286,215882.7,,,0.7918604909523477,0.8778721281921347,1.669732619144482,-1.0,-9259.0,3.0,30055.0,-0.002828214656651975,-0.4431510575816618,0.0968,0.08368007397133607,0.5753,0.6,0.313
20250604,13263.4267,13265.914,13285.7424,13198.6143,722584.0,-487.0,236696.0,0.0,-1.0,0.0,-9771.0,3.0,0.0,31072.0,0.0,13287.37808,13339.46229,13275.412015,-52.08420999999908,11.96606500000053,13322.12219404762,13272.73083684127,225215.2,,,0.7481928834517866,0.8778721281921347,1.626065011643921,-1.0,-9771.0,3.0,31072.0,-0.0006739700851388904,-0.3977647459920063,0.0961,0.08044382801664354,0.6301,0.6173,0.357
20250605,13243.1642,13246.5641,13304.6254,13218.7911,737736.0,15152.0,181479.0,0.0,-1.0,0.0,-9387.0,3.0,0.0,24104.0,0.0,13271.52838,13320.43075,13293.945535,-48.90236999999979,-22.417155000001,13320.52176753969,13287.50343376191,211862.1,,,0.7473173747472613,0.8778721281921347,1.625189502939396,-1.0,-9387.0,3.0,24104.0,0.02053851242178774,-0.413731540046282,0.0948,0.07443365695792875,0.6164,0.5947,0.341
20250606,13345.2334,13265.5805,13384.4602,13264.7489,750212.0,12476.0,314318.0,0.0,-1.0,0.0,-10722.0,3.0,0.0,21213.0,0.0,13276.77088,13312.68921,13317.512955,-35.91833000000042,-40.74207499999829,13323.83961150794,13299.06603257143,226741.4,377181.6,,0.7767300137910053,0.8975433428115618,1.674273356602567,-1.0,-10722.0,3.0,21213.0,0.016629965929630557,-0.2895105809387652,0.095,0.07535829865926952,0.6027,0.676,0.414
20250609,13482.1007,13338.2319,13532.6291,13331.1698,775318.0,25106.0,358682.0,0.0,-1.0,0.0,-9724.0,3.0,0.0,18205.0,0.0,13318.55334,13320.79845,13345.39,-2.245109999996203,-26.83665999999721,13335.39592714286,13308.8214422381,245210.0,430418.4,0.115,0.8380401334499312,0.8975433428115618,1.735583476261493,-1.0,-9724.0,3.0,18205.0,0.032381551827766156,-0.2942069736611729,0.1,0.09847434119278779,0.6164,0.648,0.413
20250610,13502.4315,13479.3087,13527.72,13474.6554,783917.0,8599.0,224983.0,0.0,-1.0,0.0,-10413.0,3.0,0.0,12500.0,0.0,13367.2713,13333.31035,13359.725955,33.96094999999877,7.545345000000452,13350.45774309524,13317.60439260318,241935.9,,,0.8298147339444765,0.8975433428115618,1.727358076756038,-1.0,-10413.0,3.0,12500.0,0.01096927353278472,-0.271910949059897,0.0948,0.07443365695792875,0.6164,0.6493,0.42
20250611,13522.5896,13499.1014,13581.0596,13474.0557,803411.0,19494.0,300112.0,0.0,-1.0,0.0,-9521.0,3.0,0.0,16026.0,0.0,13419.10388,13353.24098,13370.746295,65.8629000000019,48.35758499999974,13366.77770579365,13326.22251746826,244250.8,360134.4,,0.787490260297477,0.8975433428115618,1.685033603109039,-1.0,-9521.0,3.0,16026.0,0.024264044181620616,-0.2939226595097368,0.0965,0.082293111419325,0.6301,0.6213,0.412
20250612,13505.4278,13509.3247,13527.9811,13452.5994,800985.0,-2426.0,234648.0,0.0,-1.0,0.0,-9784.0,3.0,0.0,15716.0,0.0,13471.5566,13371.54249,13375.034,100.0141100000019,96.52260000000024,13379.64373190476,13334.56308259524,249959.0,,,0.7834834745047788,0.8975433428115618,1.681026817316341,-1.0,-9784.0,3.0,15716.0,-0.0030287708259205855,-0.2869781372946969,0.0973,0.0813197026022305,0.6027,0.5867,0.413
20250613,13482.2057,13486.8386,13506.3742,13381.4036,794414.0,-6571.0,252281.0,1.0,-1.0,0.0,-10107.0,3.0,-1.0,16152.0,-638.0,13498.95106,13387.86097,13379.725595,111.0900900000015,119.2254650000013,13388.98830111111,13342.54042712699,248766.9,,,0.8035132810312078,0.9042184656960855,1.707731746727293,0.0,-10107.0,2.0,15514.0,-0.008271505789172899,-0.3471219488989411,0.0983,0.08596654275092938,0.6027,0.5907,0.39
20250616,13521.1714,13460.039,13544.3159,13443.0342,797109.0,2695.0,210391.0,1.0,-1.0,7605.0,-9466.0,3.0,-1.0,18202.0,-887.0,13506.7652,13412.65927,13387.673205,94.10593000000154,119.0919950000007,13400.87680825397,13350.96992265079,249466.9,,,0.8013257132629287,0.9042184656960855,1.705544178959014,0.0,-1861.0,2.0,17315.0,0.003380967973012474,-0.3306496544287765,0.0962,0.0762081784386617,0.6164,0.592,0.395
20250617,13512.854,13491.788,13531.3748,13449.1165,793849.0,-3260.0,198985.0,1.0,-1.0,7586.0,-9212.0,3.0,0.0,20115.0,-692.0,13508.8497,13438.0605,13395.164,70.78919999999562,113.6856999999982,13411.84774142857,13360.04715318254,251257.5,,,0.7802038154344798,0.9042184656960855,1.684422281130565,0.0,-1626.0,3.0,19423.0,-0.0041065744241033245,-0.3455585897672433,0.094,0.06598513011152418,0.3014,0.312,0.389
20250618,13527.7321,13523.3602,13554.5179,13502.4654,797361.0,3512.0,169608.0,1.0,-1.0,243.0,-9268.0,3.0,-1.0,21180.0,-418.0,13509.8782,13464.49104,13401.976665,45.38716000000204,107.9015350000009,13424.85058690476,13370.31999246826,244548.7,,,0.7566499413831471,0.9042184656960855,1.660868407079233,0.0,-9025.0,2.0,20762.0,0.004404529441495132,-0.3457441014113298,0.0917,0.05529739776951676,0.2192,0.224,0.388
20250619,13511.9551,13488.0665,13521.2687,13441.017,789834.0,-7527.0,213348.0,0.0,-1.0,0.0,-8875.0,3.0,-1.0,20465.0,0.0,13511.18366,13491.37013,13405.90044,19.81352999999945,105.2832199999975,13434.6428268254,13381.73209839683,247735.6,,,0.7410210115823632,0.9042184656960855,1.645239477278449,-1.0,-8875.0,2.0,20465.0,-0.009529850576197024,-0.3163619616246496,0.093,0.061338289962825296,0.1781,0.084,0.402
20250620,13484.8888,13499.733,13531.67,13461.5652,787752.0,-2082.0,197645.0,0.0,-1.0,0.0,-8952.0,3.0,-1.0,19900.0,0.0,13511.72028,13505.33567,13409.01244,6.384609999999157,102.7078399999991,13443.33235865079,13393.68137311111,236068.3,,,0.7342719825897963,0.9042184656960855,1.638490448285882,-1.0,-8952.0,2.0,19900.0,-0.0026429637754013953,-0.3547931466938699,0.0904,0.04925650557620817,0.1781,0.0853,0.378
20250623,13460.8261,13489.6356,13532.5975,13423.5072,776466.0,-11286.0,242160.0,0.0,-1.0,0.0,-8937.0,3.0,0.0,23642.0,0.0,13499.65122,13503.20821,13412.00333,-3.556990000000951,87.64788999999837,13449.84004952381,13405.12578534921,224416.1,,,0.7313640190231562,0.9042184656960855,1.635582484719242,-1.0,-8937.0,3.0,23642.0,-0.01453508588914389,-0.3705875399975111,0.091,0.05204460966542752,0.2055,0.0867,0.363
20250624,13588.3066,13453.3037,13617.3268,13440.8303,811996.0,35530.0,322455.0,0.0,-1.0,0.0,-8992.0,3.0,-1.0,32409.0,0.0,13514.74174,13511.79572,13422.553035,2.946020000001226,92.18870500000048,13463.18319785714,13416.3983308254,234163.3,386946.0,0.110055,0.7774671174236437,0.9140960174306498,1.691563134854293,-1.0,-8992.0,2.0,32409.0,0.04375637318410436,-0.26337319285641,0.0957,0.07388475836431226,0.1781,0.088,0.423
20250625,13623.6608,13583.7303,13644.5501,13536.573,834971.0,22975.0,303179.0,1.0,-1.0,7880.0,-9759.0,3.0,0.0,27389.0,0.0,13533.92748,13521.90284,13437.57191,12.02463999999782,96.35556999999972,13481.12735246032,13427.83329549207,234470.0,363814.8,0.110975,0.7876138480852607,0.912774408113789,1.70038825619905,0.0,-1879.0,3.0,27389.0,0.02751592570280884,-0.277475287955684,0.0965,0.06588235294117648,0.2055,0.088,0.416
20250626,13691.175,13617.0986,13704.9352,13615.2242,863792.0,28821.0,251810.0,2.0,0.0,8203.0,0.0,3.0,0.0,26850.0,0.0,13569.77146,13540.47756,13456.010025,29.29390000000058,113.7614349999985,13503.94443753969,13440.26336605555,236186.2,,,0.7589418752915658,0.912774408113789,1.671716283405355,2.0,8203.0,3.0,26850.0,0.03336567136532869,-0.2469955162923795,0.0962,0.05378391242265584,0.2055,0.088,0.435
20250627,13746.1864,13694.074,13761.4931,13672.8243,875506.0,11714.0,250977.0,1.0,-1.0,8095.0,-129.0,3.0,0.0,28267.0,0.0,13622.03098,13566.87563,13477.3683,55.15534999999909,144.6626800000013,13530.85171293651,13454.4497072381,236055.8,,,0.698422103523062,0.912774408113789,1.611196511636851,0.0,7966.0,3.0,28267.0,0.01337969128709569,-0.3263189603388554,0.095,0.035214664737096,0.2055,0.084,0.393
20250630,13731.2657,13748.4163,13904.7514,13717.5309,863411.0,-12095.0,456550.0,1.0,-1.0,8794.0,-8589.0,3.0,0.0,23192.0,0.0,13676.1189,13587.88506,13500.272165,88.23384000000078,175.8467350000028,13558.64169833333,13470.22619624603,260671.7,547860.0,0.115805,0.7682222721748266,0.943680003948736,1.711902276123562,0.0,205.0,3.0,23192.0,-0.014008392295210509,-0.3706141228104213,0.1007,0.05358012664393569,0.1644,0.0853,0.358
20250701,13728.5858,13743.15,13764.8137,13670.7134,854674.0,-8737.0,255938.0,1.0,-1.0,9265.0,-8448.0,2.0,-1.0,30222.0,0.0,13704.17474,13609.45824,13523.75937,94.71649999999681,180.4153699999988,13581.13538722222,13487.1549608254,266367.0,,,0.7606026660911072,0.943680003948736,1.704282670039843,0.0,817.0,1.0,30222.0,-0.01022261119444373,-0.3185114405516334,0.0952,0.023460410557184813,0.1507,0.084,0.398
20250702,13790.7361,13715.0433,13829.1697,13704.0223,852917.0,-1757.0,259795.0,1.0,-1.0,8874.0,-7948.0,3.0,0.0,35496.0,0.0,13737.5898,13635.75864,13550.12484,101.8311599999979,187.4649599999993,13605.44189396825,13505.21409153175,275385.7,,0.11592,0.7856001713969248,0.943680003948736,1.729280175345661,0.0,926.0,3.0,35496.0,-0.0020599894245278264,-0.3021322602651861,0.1008,0.05083088954056699,0.1781,0.0853,0.404
20250703,13765.032,13785.759,13806.6412,13730.9131,842267.0,-10650.0,190963.0,1.0,-1.0,8667.0,-7626.0,2.0,0.0,34189.0,0.0,13752.3612,13661.06633,13576.21823,91.2948699999979,176.1429700000008,13626.9123152381,13524.44104037302,273147.2,,,0.7586108684429453,0.9152566138192169,1.673867482262162,0.0,1041.0,2.0,34189.0,-0.012644446475998704,-0.3255904567492239,0.0939,0.017106549364613897,0.1781,0.0867,0.391
20250704,13761.0824,13767.7063,13801.1728,13740.5505,836385.0,-5882.0,170707.0,1.0,-1.0,8747.0,-7697.0,3.0,0.0,32997.0,0.0,13755.3404,13688.68569,13597.01068,66.65470999999525,158.3297199999961,13645.69359492063,13544.677164,270453.4,,,0.7363615299170208,0.9049921966217969,1.641353726538818,0.0,1050.0,3.0,32997.0,-0.007032646448704843,-0.2960136528348621,0.0921,0.008308895405669633,0.1781,0.0907,0.405
20250707,13741.3733,13753.3642,13843.4541,13712.8643,834746.0,-1639.0,262172.0,1.0,-1.0,9620.0,-7810.0,3.0,0.0,33211.0,0.0,13757.36192,13716.74041,13609.97431,40.62151000000085,147.3876099999998,13661.92277214286,13565.88543626191,272454.6,,,0.7607654467172578,0.9049921966217969,1.665757643339055,0.0,1810.0,3.0,33211.0,-0.001963471523074085,-0.2816930216423907,0.096,0.027370478983382247,0.1644,0.096,0.413
20250708,13760.6076,13722.6928,13795.8349,13722.6928,838509.0,3763.0,221657.0,1.0,-1.0,9546.0,-8326.0,2.0,0.0,34604.0,0.0,13763.76628,13733.97051,13622.883115,29.79577000000063,140.8831649999993,13676.36606666667,13587.20372314286,262374.8,,,0.7708591817817275,0.8975433428115618,1.668402524593289,0.0,1220.0,2.0,34604.0,0.004487727621289694,-0.251767821774391,0.0953,0.03153153153153154,0.2877,0.1347,0.431
20250709,13798.884,13758.6651,13819.7412,13665.7977,848421.0,9912.0,305494.0,1.0,-1.0,9748.0,-8094.0,2.0,0.0,37138.0,0.0,13765.39586,13751.49283,13636.697835,13.90302999999949,128.6980249999997,13691.49456301587,13608.24044419841,262606.3,,,0.8047798249167287,0.8975433428115618,1.702323167728291,0.0,1654.0,2.0,37138.0,0.011682879136655033,-0.2371642530278245,0.0954,0.07936507936507942,0.2603,0.1267,0.441
20250710,13831.3532,13799.9018,13880.0442,13786.5625,857875.0,9454.0,287272.0,1.0,-1.0,10009.0,-7829.0,2.0,-1.0,39992.0,-3903.0,13778.6601,13765.51065,13652.994105,13.14944999999898,125.6659949999994,13710.34982595238,13628.88098303968,266152.5,,,0.8155020015589611,0.8738624671569991,1.68936446871596,0.0,2180.0,1.0,36089.0,0.011020253533440187,-0.2148511197804697,0.0954,0.07936507936507942,0.2192,0.116,0.451
20250711,13848.7578,13826.8938,13908.0053,13826.8938,864217.0,6342.0,266476.0,1.0,-1.0,9116.0,-7737.0,2.0,-1.0,40480.0,-3611.0,13796.19518,13775.76779,13671.32171,20.42739000000074,124.8734699999986,13729.64302650794,13648.76011439683,267702.4,,,0.7993163172056164,0.8560007696736913,1.655317086879308,0.0,1379.0,1.0,36869.0,0.007338434675550238,-0.2075447060951273,0.0954,0.07936507936507942,0.2192,0.1067,0.452
20250714,13835.7965,13844.2814,13903.0124,13832.3514,869858.0,5641.0,201823.0,1.0,-1.0,9470.0,-8263.0,2.0,-1.0,36308.0,-14758.0,13815.07982,13786.22087,13687.052965,28.858949999998,128.0268549999982,13747.23534761905,13667.6194793254,242229.7,,0.11523,0.7433541003579163,0.8445384871923435,1.58789258755026,0.0,1207.0,1.0,21550.0,0.006484966511775485,-0.3202247380961451,0.1002,0.15555555555555556,0.2466,0.1027,0.389
20250715,13833.8462,13853.5376,13865.4647,13747.8875,845677.0,-24181.0,297494.0,2.0,-1.0,9130.0,-1728.0,2.0,-1.0,33267.0,-14594.0,13829.72754,13796.74691,13703.102575,32.98063000000002,126.6249650000009,13761.02548642857,13685.60848924603,246385.3,356992.8,,0.747521622439925,0.8433477282125225,1.590869350652448,1.0,7402.0,1.0,18673.0,-0.028593659281262233,0.0714852818261604,0.0983,0.12539682539682542,0.2329,0.1013,0.621
20250716,13942.7909,13833.3444,13953.9342,13832.1593,883426.0,37749.0,386633.0,1.0,-1.0,9413.0,-1700.0,2.0,-1.0,40037.0,-19569.0,13858.50892,13811.95239,13723.855515,46.55652999999802,134.6534049999991,13781.25438571429,13703.18973842063,259069.1,463959.6,0.13409,0.7631510732269496,0.8433477282125225,1.606498801439472,0.0,7713.0,1.0,20468.0,0.0427302343376808,0.1997384224146953,0.1166,0.4158730158730158,0.2329,0.1,0.66
20250717,14145.845,13929.0875,14207.6031,13928.4975,919012.0,35586.0,673091.0,2.0,0.0,9820.0,-1570.0,2.0,-1.0,38579.0,-18085.0,13921.40728,13850.03369,13755.55001,71.37358999999924,165.8572699999986,13816.04298261904,13722.10280515873,307281.9,807709.2,0.15065,0.8599838122392789,0.8511149109484883,1.711098723187767,2.0,8250.0,1.0,20494.0,0.038722018863736274,0.3995618354668178,0.131,0.6444444444444445,0.0959,0.0413,0.721
20250718,14156.8792,14146.0251,14245.4416,14126.2315,913174.0,-5838.0,489882.0,2.0,0.0,9327.0,-2906.0,2.0,-1.0,47255.0,-18994.0,13983.03156,13889.61337,13789.14953,93.4181899999985,193.8820300000007,13855.92310404762,13743.12575607143,339199.4,587858.4,,0.8230290700441403,0.8511149109484883,1.674143980992629,2.0,6421.0,1.0,28261.0,-0.0063930860931213545,0.4403602819488294,0.125,0.5492063492063491,0.0959,0.04,0.728
20250721,14106.6134,14178.8291,14178.8291,14069.6393,893647.0,-19527.0,372439.0,2.0,0.0,9192.0,-1568.0,2.0,-1.0,38918.0,-18403.0,14037.19494,13926.13738,13821.438895,111.0575600000011,215.7560450000019,13888.25316650793,13765.75879550794,350226.1,,,0.829193256830831,0.8452085555291847,1.674401812360016,2.0,7624.0,1.0,20515.0,-0.02185090981114467,0.3160457274143272,0.123,0.5174603174603174,0.1096,0.0413,0.7
20250722,14145.2632,14078.8412,14161.7219,14042.6427,900012.0,6365.0,344933.0,2.0,0.0,9173.0,-254.0,2.0,-1.0,40698.0,-17509.0,14099.47834,13964.60294,13849.286725,134.8754000000008,250.1916150000034,13917.54713349206,13789.87690219048,362553.7,,0.15893,0.8245660806096875,0.8419244846571068,1.666490565266794,2.0,8919.0,1.0,23189.0,0.007072127927183193,0.2939062280598148,0.1382,0.7587301587301585,0.137,0.0453,0.687
20250723,14128.3058,14161.6777,14216.6093,14114.3497,890058.0,-9954.0,320190.0,1.0,0.0,9162.0,-941.0,2.0,-1.0,39568.0,-17460.0,14136.58132,13997.54512,13874.518975,139.0362000000005,262.0623449999985,13946.54297380952,13815.38174326984,364023.3,,,0.8366335444122552,0.8419244846571068,1.678558029069362,1.0,8221.0,1.0,22108.0,-0.0111835408478998,0.1963581268279189,0.1365,0.7317460317460318,0.1233,0.0467,0.654
20250724,14113.7914,14129.6418,14159.2447,14057.2303,883753.0,-6305.0,301951.0,1.0,-1.0,9004.0,-2092.0,2.0,-1.0,40339.0,-17876.0,14130.1706,14025.78894,13895.649795,104.3816599999991,234.5208050000019,13969.97634690476,13841.34439536508,365491.2,,,0.8563076306204518,0.8401104373112521,1.696418067931704,0.0,6912.0,1.0,22463.0,-0.007134346361483356,0.2040599362100002,0.1364,0.73015873015873,0.137,0.048,0.658
20250725,14136.4533,14141.6685,14275.9485,14113.502,888281.0,4528.0,435407.0,2.0,0.0,10524.0,0.0,2.0,-1.0,39238.0,-14548.0,14126.08542,14054.55849,13915.16314,71.52693,210.9222799999989,13995.41201595238,13867.92129430952,382384.3,,0.17296,0.8708509166455722,0.8419244846571068,1.712775401302679,2.0,10524.0,1.0,24690.0,0.00509748604326784,0.146729481246221,0.1504,0.9523809523809523,0.137,0.0493,0.632
20250728,14063.1237,14138.3382,14313.5535,14028.2231,866448.0,-21833.0,666683.0,2.0,0.0,10790.0,0.0,2.0,-1.0,34559.0,-15939.0,14117.38748,14077.29121,13931.75604,40.09627,185.631440000001,14014.69339571429,13894.66709911905,428870.3,800019.6,,0.9777183193041402,0.8419244846571068,1.819642803961247,2.0,10790.0,1.0,18620.0,-0.02519828079700109,0.0490325421561478,0.1451,0.8682539682539683,0.137,0.0507,0.605
20250729,13965.6847,14072.9429,14144.0965,13908.1648,828083.0,-38365.0,495445.0,2.0,0.0,9988.0,0.0,2.0,-1.0,39132.0,-11825.0,14081.47178,14090.47506,13943.610985,-9.003280000002633,137.8607950000005,14021.35317325397,13920.69986780159,448665.4,,,1.018663804497455,0.8452085555291847,1.86387236002664,2.0,9988.0,1.0,27307.0,-0.046329896882317353,-0.0722122550807734,0.1286,0.6366666666666665,0.137,0.052,0.526
20250730,13824.8806,13943.1319,13953.6794,13815.3876,804901.0,-23182.0,458915.0,2.0,0.0,7015.0,0.0,2.0,-1.0,37759.0,-11688.0,14020.78674,14078.68403,13945.31821,-57.89728999999897,75.46852999999828,14014.00337769841,13943.974767,455893.6,,,1.047648214450857,0.8452085555291847,1.892856769980042,2.0,7015.0,1.0,26071.0,-0.02880105752135977,-0.1816876999141443,0.116,0.4266666666666668,0.274,0.116,0.452
20250731,13744.2231,13809.9957,13844.2403,13724.5371,784691.0,-20210.0,356676.0,1.0,0.0,2364.0,0.0,2.0,-1.0,29502.0,-11249.0,13946.87308,14038.52184,13944.277765,-91.64875999999822,2.595314999998664,13996.88476603175,13962.05894534127,424252.1,,,1.067881796764335,0.8452085555291847,1.91309035229352,1.0,2364.0,1.0,18253.0,-0.025755361027461766,-0.1979122434325526,0.1059,0.2583333333333333,0.2603,0.12,0.443
20250801,13685.2721,13780.5883,13787.4046,13640.9971,769457.0,-15234.0,320619.0,1.0,0.0,3330.0,0.0,2.0,-1.0,26206.0,-12479.0,13856.63684,13991.36113,13940.48725,-134.7242899999983,-83.8504099999991,13974.27701825397,13973.8943367619,407325.8,,,1.107349498917698,0.8452085555291847,1.952558054446882,1.0,3330.0,1.0,13727.0,-0.019798377297236883,-0.2282182224288348,0.1006,0.16999999999999998,0.2466,0.128,0.431
20250804,13737.8843,13686.6994,13782.243,13613.7716,755850.0,-13607.0,328316.0,1.0,0.0,3092.0,0.0,2.0,-1.0,22408.0,-14706.0,13791.58896,13954.48822,13940.3128,-162.8992600000001,-148.7238400000006,13952.36595746032,13980.30561585715,402913.5,,,1.133872023908327,0.8511149109484883,1.984986934856815,1.0,3092.0,1.0,7702.0,-0.01800224912350334,-0.1466891983568883,0.1022,0.1966666666666667,0.4521,0.2973,0.467
20250805,13740.0784,13748.2137,13790.5597,13718.3527,753664.0,-2186.0,225468.0,1.0,0.0,2881.0,0.0,2.0,-2.0,21197.0,-15893.0,13746.4677,13913.96974,13939.28634,-167.5020400000012,-192.8186400000013,13933.45241,13981.89614350794,390967.0,,,1.109717309075896,0.8452085555291847,1.954925864605081,1.0,2881.0,0.0,5304.0,-0.002900496773097826,-0.1833790515304782,0.0983,0.1316666666666667,0.4247,0.2987,0.448
20250806,13777.8649,13752.8331,13812.8788,13727.9881,751019.0,-2645.0,249265.0,1.0,0.0,3105.0,0.0,2.0,-2.0,17134.0,-16055.0,13737.06456,13878.92565,13938.235385,-141.8610900000022,-201.1708249999992,13916.89681690476,13978.93152781746,383874.5,,,1.012376938876011,0.8419244846571068,1.854301423533118,1.0,3105.0,0.0,1079.0,-0.003521881603528007,-0.1970506209242155,0.0986,0.13666666666666663,0.3973,0.3,0.442
20250807,13762.1673,13771.6641,13785.3222,13737.4298,748215.0,-2804.0,196806.0,1.0,0.0,3084.0,0.0,1.0,-2.0,17847.0,-17092.0,13740.6534,13843.76324,13934.77609,-103.109840000001,-194.1226900000001,13899.91276396825,13971.92516952381,373360.0,,,0.9778408628328431,0.8229891531901568,1.800830016023,1.0,3084.0,-1.0,755.0,-0.0037475859211590253,-0.1829402284522788,0.0998,0.15666666666666673,0.3973,0.3253,0.448
20250808,13727.9611,13777.2118,13789.0095,13712.7471,742531.0,-5684.0,180449.0,1.0,0.0,3149.0,0.0,1.0,-2.0,19689.0,-19277.0,13749.1912,13802.91402,13928.736255,-53.72281999999905,-179.5450550000005,13881.35302849206,13960.51927077778,347864.2,,,0.9628193571210534,0.8229891531901568,1.78580851031121,1.0,3149.0,-1.0,412.0,-0.0076548992567313685,-0.2125566205825683,0.1,0.16000000000000017,0.2329,0.1293,0.433
20250811,13799.8062,13725.488,13861.0671,13703.6647,749103.0,6572.0,300603.0,1.0,0.0,3456.0,0.0,1.0,-2.0,16155.0,-15458.0,13761.57558,13776.58227,13926.93674,-15.00668999999834,-165.3611600000004,13866.8488434127,13945.73481554762,311256.2,,,0.9842651445038012,0.8419244846571068,1.826189629160908,1.0,3456.0,-1.0,697.0,0.008773159365267527,-0.3060137049651906,0.0961,0.09500000000000015,0.1781,0.1213,0.376
20250812,13893.0918,13803.6621,13900.3224,13792.9022,748315.0,-788.0,313263.0,1.0,0.0,866.0,0.0,2.0,-1.0,13718.0,-15331.0,13792.17826,13769.32298,13929.89902,22.85527999999977,-137.7207600000002,13859.83061634921,13929.58255985714,293038.0,,0.11891,0.9881191639055558,0.8419244846571068,1.830043648562663,1.0,866.0,1.0,-1613.0,-0.0010530324796375857,-0.2765204358092118,0.1034,0.2166666666666668,0.1644,0.1173,0.392
20250813,14046.9093,13903.6444,14136.1608,13896.3735,775487.0,27172.0,569550.0,1.0,0.0,935.0,0.0,2.0,-1.0,8497.0,-14794.0,13845.98714,13791.52585,13935.10494,54.4612900000011,-89.11779999999999,13866.96287698413,13914.87850978571,304101.5,683460.0,0.125005,1.061204015726414,0.8452085555291847,1.906412571255599,1.0,935.0,1.0,-6297.0,0.0350386273399812,-0.361049368443525,0.1087,0.3050000000000001,0.1644,0.1187,0.339
20250814,14086.695,14029.2744,14095.0594,13962.2812,780463.0,4976.0,355288.0,0.0,-1.0,0.0,-4.0,2.0,-1.0,6351.0,-14210.0,13910.89268,13825.77304,13932.14744,85.1196400000008,-21.25475999999981,13878.78688531746,13903.06872171429,303962.7,,0.128915,1.046172076213876,0.8452085555291847,1.891380631743061,-1.0,-4.0,1.0,-7859.0,0.0063757026277991395,-0.3173336710599719,0.1121,0.3616666666666668,0.1781,0.1147,0.37
20250815,14054.1179,14079.6002,14094.0884,14015.8529,768486.0,-11977.0,261447.0,0.0,0.0,0.0,-166.0,2.0,-1.0,7347.0,-15251.0,13976.12404,13862.65762,13927.009375,113.4664199999988,49.11466500000097,13890.94219373016,13894.73523926191,298045.5,,,0.9393862751501633,0.8452085555291847,1.784594830679348,0.0,-166.0,1.0,-7904.0,-0.01558518958055189,-0.3180846411096053,0.1096,0.32000000000000006,0.137,0.0547,0.369
20250818,14060.8794,14041.4366,14089.4344,13987.8455,764030.0,-4456.0,241025.0,0.0,-1.0,0.0,-556.0,2.0,-1.0,5010.0,-14733.0,14028.33868,13894.95713,13924.722675,133.3815500000001,103.6160049999999,13902.05445769841,13889.70408928571,289316.4,,,0.8696555497206678,0.8452085555291847,1.714864105249853,-1.0,-556.0,1.0,-9723.0,-0.005832231718649791,-0.3395966505899836,0.1076,0.28666666666666674,0.1233,0.0587,0.351
20250819,14030.1646,14055.1637,14092.1193,14009.8691,759460.0,-4570.0,209339.0,1.0,0.0,8405.0,-925.0,2.0,-1.0,4061.0,-14329.0,14055.75324,13923.96575,13918.967745,131.7874900000006,136.7854949999983,13912.68891357142,13887.62773964286,287703.5,,,0.8336868650689215,0.8452085555291847,1.678895420598106,1.0,7480.0,1.0,-10268.0,-0.006017433439549153,-0.389414778133782,0.1071,0.2783333333333334,0.0822,0.0627,0.314
20250820,13997.6622,14034.6296,14034.6296,13889.9244,738107.0,-21353.0,378425.0,2.0,0.0,5370.0,0.0,2.0,-1.0,12241.0,-14545.0,14045.90382,13945.94548,13912.435565,99.95834000000104,133.4682550000034,13919.4322252381,13887.88128047619,300619.5,454110.0,,0.845461065801642,0.8452085555291847,1.690669621330827,2.0,5370.0,1.0,-2304.0,-0.028929409963596064,-0.3754412857498527,0.109,0.31000000000000005,0.0822,0.0627,0.317
20250821,13973.2343,13983.9158,14027.6564,13931.7447,733905.0,-4202.0,198090.0,0.0,-1.0,0.0,-2187.0,2.0,-1.0,10837.0,-12265.0,14023.21168,13967.05218,13905.40771,56.15949999999975,117.803969999999,13924.86657111111,13890.37666119048,300747.9,,,0.818273839157563,0.8452085555291847,1.663482394686748,-1.0,-2187.0,1.0,-1428.0,-0.00572553668390323,-0.3763795048377433,0.1062,0.2633333333333334,0.0822,0.1,0.316
20250822,13972.6119,13960.7635,14004.5837,13921.0736,727579.0,-6326.0,214219.0,0.0,-1.0,0.0,-2055.0,2.0,-1.0,9791.0,-10969.0,14006.91048,13991.51726,13897.21564,15.39322000000175,109.6948400000001,13930.78999404762,13895.32035774603,304124.9,,,0.773701415352444,0.8419244846571068,1.615625900009551,-1.0,-2055.0,1.0,-1178.0,-0.00869458849142155,-0.3551759461356229,0.1033,0.2150000000000001,0.0685,0.036,0.339
20250825,14064.2634,13994.4744,14118.6137,13990.311,731041.0,3462.0,330783.0,1.0,-1.0,0.0,-1976.0,2.0,-1.0,11373.0,-11062.0,14007.58728,14017.96298,13897.272625,-10.37570000000233,110.3146549999965,13945.30637896825,13903.16611130159,307142.9,,0.12788,0.8102123063394424,0.8452085555291847,1.655420861868627,0.0,-1976.0,1.0,311.0,0.00473571249765745,-0.4121555621318473,0.1112,0.34666666666666657,0.0548,0.0373,0.287
20250826,14052.0689,14080.3054,14099.4145,14040.2899,720011.0,-11030.0,210006.0,1.0,0.0,4805.0,0.0,2.0,-1.0,7399.0,-10828.0,14011.96814,14033.86069,13901.591835,-21.89255000000048,110.3763050000016,13961.24006230158,13913.30705589682,296817.2,,,0.7958979135635131,0.8419244846571068,1.63782239822062,1.0,4805.0,1.0,-3429.0,-0.015319210400952207,-0.3914736061766803,0.1073,0.28166666666666684,0.0411,0.0387,0.307
20250827,14032.8199,14037.7982,14101.986,13990.2085,708977.0,-11034.0,262362.0,1.0,-1.0,0.0,-2511.0,2.0,-1.0,6858.0,-11744.0,14018.99968,14032.45175,13911.9888,-13.45206999999937,107.0108800000016,13974.19164285714,13924.02993248412,266098.4,,,0.8274267254979744,0.8419244846571068,1.669351210155081,0.0,-2511.0,1.0,-4886.0,-0.01556326933031678,-0.4060056530703843,0.1088,0.3066666666666666,0.0411,0.04,0.289
20250828,14030.1139,14038.4099,14081.1586,13958.6915,700389.0,-8588.0,288889.0,1.0,0.0,3363.0,0.0,1.0,-2.0,6467.0,-13813.0,14030.3756,14026.79364,13926.28334,3.581959999999526,104.0922599999994,13985.39134357143,13934.69037830952,259458.5,,,0.8497142555629257,0.8452085555291847,1.69492281109211,1.0,3363.0,-1.0,-7346.0,-0.012261757394819165,-0.4956591169995691,0.1092,0.31333333333333346,0.0685,0.04,0.18
20250829,14196.2117,14054.2625,14294.171,14047.9997,754835.0,54446.0,683466.0,1.0,0.0,0.0,-127.0,2.0,-2.0,11187.0,-12693.0,14075.09556,14041.00302,13951.83032,34.09254000000146,123.2652400000024,14008.1963920635,13946.41579814285,301660.4,820159.2,0.142485,0.9022797511091368,0.8452085555291847,1.747488306638322,1.0,-127.0,0.0,-1506.0,0.07212967072274074,-0.6125176700898862,0.1239,0.5583333333333332,0.0959,0.04,0.066
20250901,13981.1335,14178.4693,14178.4693,13834.463,715596.0,-39239.0,685282.0,1.0,0.0,5637.0,0.0,1.0,-2.0,5264.0,-12590.0,14058.46958,14033.02843,13963.99278,25.44114999999874,94.47679999999855,14015.52777142857,13957.76312951587,346086.1,822338.4,,1.031252970388314,0.8452085555291847,1.876461525917498,1.0,5637.0,-1.0,-7326.0,-0.05483401248749294,-0.5851254237417605,0.1217,0.5216666666666667,0.0959,0.04,0.083
20250902,13992.0634,13981.312,14114.3482,13973.1933,710187.0,-5409.0,338147.0,0.0,-1.0,0.0,-2588.0,2.0,-2.0,5367.0,-12243.0,14046.46848,14029.21831,13976.59203,17.25016999999934,69.87644999999975,14020.11858857143,13968.50609701587,358966.9,,,0.9796824347799912,0.8583283472487723,1.838010782028763,-1.0,-2588.0,0.0,-6876.0,-0.007616303874894922,-0.6372298363179805,0.1179,0.4583333333333334,0.0959,0.1373,0.054
20250903,13945.1596,13963.0157,14009.8565,13936.8573,715200.0,5013.0,261897.0,0.0,-1.0,0.0,-2826.0,2.0,-1.0,5341.0,-11563.0,14028.93642,14023.96805,13984.956765,4.968370000002324,43.979655000001,14018.83707134921,13978.44658162698,347314.1,,,0.9499484202015839,0.8583283472487723,1.808276767450356,-1.0,-2826.0,1.0,-6222.0,0.007009228187919463,-0.5786383223754683,0.1134,0.38333333333333336,0.1644,0.2053,0.087
20250904,13968.6125,13956.8845,14053.0902,13897.018,710792.0,-4408.0,276748.0,1.0,0.0,0.0,-3134.0,2.0,-1.0,8747.0,-9855.0,14016.63614,14023.50587,13995.279025,-6.869730000000345,21.35711499999888,14017.64277944444,13987.72420246032,355179.9,,,0.9900147266234945,0.871715754254522,1.861730480878017,1.0,-3134.0,1.0,-1108.0,-0.006201532937905885,-0.5651232031575801,0.1093,0.31499999999999995,0.1781,0.1093,0.1
20250905,13958.8214,13968.4865,13987.5789,13917.7743,702349.0,-8443.0,226057.0,0.0,-1.0,0.0,-2484.0,2.0,-1.0,9445.0,-9925.0,13969.15808,14022.12682,14006.82204,-52.96874000000025,-37.66395999999986,14014.14770912698,13996.05997396825,356363.7,,,0.9743293523818969,0.8583283472487723,1.832657699630669,-1.0,-2484.0,1.0,-480.0,-0.01202108923056771,-0.5645723651224308,0.1091,0.31166666666666676,0.1918,0.12,0.102
20250908,13833.8439,13964.1402,13981.9351,13824.5175,697503.0,-4846.0,312186.0,1.0,0.0,3558.0,0.0,1.0,-2.0,6267.0,-13250.0,13939.70016,13999.08487,14008.523925,-59.38471000000209,-68.82376499999918,14002.10825452381,14001.74016152381,354504.0,,,1.0136562670348,0.871715754254522,1.885372021289322,1.0,3558.0,-1.0,-6983.0,-0.0069476403685718915,-0.6585119762804912,0.1127,0.3716666666666666,0.2055,0.1227,0.046
20250909,13781.0175,13849.5261,13887.9184,13773.1318,703763.0,6260.0,293576.0,1.0,0.0,3929.0,0.0,1.0,-2.0,5282.0,-15531.0,13897.49098,13971.97973,14002.92021,-74.48875000000226,-105.4292300000016,13982.84111428571,14003.90026672222,362861.0,,0.13294,0.9994963489381664,0.871715754254522,1.871212103192688,1.0,3929.0,-1.0,-10249.0,0.008895039949528463,-0.6768881030596233,0.1156,0.41999999999999993,0.1918,0.1373,0.04
20250910,13806.1365,13786.1178,13828.7595,13742.2796,704133.0,370.0,269067.0,1.0,0.0,3822.0,0.0,1.0,-2.0,5349.0,-14007.0,13869.68636,13949.31139,13990.88157,-79.62502999999742,-121.1952099999999,13963.4203686508,14002.82313930159,363531.5,,0.139265,0.9955285200750449,0.871715754254522,1.867244274329567,1.0,3822.0,-1.0,-8658.0,0.0005254689099928564,-0.6982217664228978,0.1211,0.5116666666666666,0.2055,0.1507,0.038
20250911,13793.0014,13816.6614,13845.1187,13743.2337,703780.0,-353.0,208712.0,1.0,0.0,3260.0,0.0,1.0,-2.0,8885.0,-13358.0,13834.56414,13925.60014,13976.19689,-91.03600000000188,-141.6327499999989,13944.87582880952,13998.7715878254,355513.8,,,1.005845477710416,0.871715754254522,1.877561231964938,1.0,3260.0,-1.0,-4473.0,-0.0005015771974196481,-0.6615939650502797,0.1155,0.41833333333333345,0.2466,0.164,0.047
20250912,13818.7267,13762.9315,13836.4038,13762.9315,708415.0,4635.0,207173.0,1.0,0.0,3069.0,0.0,1.0,-2.0,10224.0,-18772.0,13806.5452,13887.85164,13964.42733,-81.3064400000003,-157.8821300000018,13927.95223936507,13990.74717255556,307884.5,,,0.9699523085770885,0.871715754254522,1.84166806283161,1.0,3069.0,-1.0,-8548.0,0.0065427750682862445,-0.6761640510898226,0.1146,0.39730639730639716,0.1233,0.092,0.042
20250915,13856.0416,13837.7304,13903.0494,13797.1557,693565.0,-14850.0,279205.0,1.0,0.0,2904.0,0.0,1.0,-2.0,8490.0,-17658.0,13810.98474,13875.34245,13954.18544,-64.35771000000022,-143.2006999999976,13916.76924428571,13980.87131984127,267276.8,,,0.9949123305922563,0.871715754254522,1.866628084846778,1.0,2904.0,-1.0,-9168.0,-0.021411115036081695,-0.240213303552042,0.1137,0.37049742710120054,0.137,0.092,0.419
20250916,13866.9742,13848.3023,13920.9386,13820.8292,687313.0,-6252.0,255737.0,1.0,0.0,2815.0,0.0,1.0,-2.0,10591.0,-18316.0,13828.17608,13862.83353,13946.02592,-34.65745000000061,-117.8498400000044,13908.07239285714,13969.66670026984,259035.8,,,0.9897703140479756,0.8583283472487723,1.848098661296748,1.0,2815.0,-1.0,-7725.0,-0.009096292373343732,-0.383858723911569,0.1127,0.3533447684391079,0.1507,0.0173,0.318
20250917,13861.3265,13894.8961,13938.9171,13847.82,687133.0,-180.0,269937.0,1.0,0.0,3136.0,0.0,1.0,-2.0,5752.0,-17067.0,13839.21408,13854.45022,13939.209135,-15.23613999999907,-99.99505500000123,13901.04297079365,13957.88729021428,259839.8,,0.133745,0.974513181482862,0.8583283472487723,1.832841528731634,1.0,3136.0,-1.0,-11315.0,-0.0002619580197720092,-0.3698094146558164,0.1163,0.4150943396226415,0.137,0.0173,0.33
20250918,13736.7272,13876.4693,13897.2569,13733.1207,698882.0,11749.0,319226.0,1.0,0.0,3558.0,0.0,1.0,-2.0,2200.0,-21200.0,13827.95924,13831.26169,13927.38378,-3.302449999999226,-99.42453999999998,13885.9903834127,13944.72205061111,264087.6,383071.2,0.136965,0.9253662368391308,0.871715754254522,1.797081991093653,1.0,3558.0,-1.0,-19000.0,0.016811135499268832,-0.416603593014499,0.1191,0.46312178387650077,0.1507,0.0173,0.287
20250919,13696.9855,13750.5235,13762.8296,13687.8714,710996.0,12114.0,326317.0,1.0,0.0,5062.0,0.0,1.0,-2.0,5504.0,-22543.0,13803.611,13805.0781,13913.60246,-1.467100000003484,-109.9914600000011,13864.6907581746,13929.77635551587,274113.6,,,0.7788275736864395,0.871715754254522,1.650543327940961,1.0,5062.0,-1.0,-17039.0,0.017038070537668284,-0.4536544476820147,0.1186,0.4545454545454544,0.137,0.0147,0.246
20250922,13595.2839,13717.2328,13734.7801,13539.3759,737548.0,26552.0,429911.0,1.0,0.0,5934.0,0.0,1.0,-2.0,7505.0,-22955.0,13751.45946,13781.2221,13890.153485,-29.76263999999719,-138.6940249999971,13837.18150373016,13913.28368043651,285886.1,515893.2,,0.8084575476779997,0.871715754254522,1.680173301932522,1.0,5934.0,-1.0,-15450.0,0.036000368789556744,-0.4340997794747457,0.1191,0.46312178387650077,0.137,0.012,0.273
20250923,13541.9697,13588.174,13588.174,13505.9968,753685.0,16137.0,325107.0,1.0,0.0,5998.0,0.0,1.0,-2.0,13083.0,-24865.0,13686.45856,13757.31732,13864.648525,-70.85875999999917,-178.1899650000032,13804.08106079365,13895.4076750873,289039.2,,,0.8185797400274049,0.871715754254522,1.690295494281927,1.0,5998.0,-1.0,-11782.0,0.02141080159483073,-0.2800814708816466,0.1126,0.3516295025728988,0.1233,0.092,0.395
20250924,13571.4961,13565.2888,13611.7549,13539.3746,743924.0,-9761.0,246879.0,1.0,0.0,5199.0,0.0,1.0,-2.0,10179.0,-22329.0,13628.49248,13733.85328,13841.582335,-105.3607999999986,-213.089855000002,13775.11181777778,13876.57682,286820.4,,,0.7768394570036409,0.8583283472487723,1.635167804252413,1.0,5199.0,-1.0,-12150.0,-0.013120963969437738,-0.0753322800065202,0.1091,0.2915951972555746,0.1096,0.092,0.519
20250925,13531.9695,13576.5622,13589.1338,13457.7969,737250.0,-6674.0,322342.0,1.0,0.0,5420.0,0.0,1.0,-2.0,7503.0,-20529.0,13587.54094,13707.75009,13816.675115,-120.209149999997,-229.1341749999992,13744.37990642857,13856.5272277619,298183.4,,,0.8105633885943357,0.871715754254522,1.682279142848858,1.0,5420.0,-1.0,-13026.0,-0.009052560189894879,-0.2509858132707365,0.1085,0.281303602058319,0.137,0.092,0.411
20250926,13405.0469,13523.9453,13529.7135,13390.0523,741549.0,4299.0,253456.0,1.0,0.0,5702.0,0.0,1.0,-2.0,8511.0,-19599.0,13529.15322,13666.38211,13777.116875,-137.2288900000021,-247.9636549999996,13709.10931126984,13834.64293495238,302811.7,,0.13984,0.8042960274521991,0.8730883363396046,1.677384363791804,1.0,5702.0,-1.0,-11088.0,0.0057973242496449995,-0.2680818463980497,0.1216,0.47731397459165154,0.0959,0.092,0.398
20250929,13349.1179,13393.8908,13421.8815,13318.0371,732424.0,-9125.0,321480.0,1.0,-1.0,0.0,-9422.0,1.0,-2.0,11517.0,-17426.0,13479.92002,13615.68974,13745.516095,-135.7697199999984,-265.5960749999995,13667.76347952381,13809.74235847619,307039.2,,0.14076,0.8003946445325385,0.871715754254522,1.67211039878706,0.0,-9422.0,-1.0,-5909.0,-0.012458630520026652,-0.2992616956039123,0.1224,0.49183303085299446,0.1781,0.1587,0.38
20250930,13219.2347,13329.0507,13332.9805,13159.1082,745181.0,12757.0,412826.0,0.0,-2.0,0.0,-13707.0,1.0,-2.0,12508.0,-21417.0,13415.37302,13550.91579,13706.87466,-135.54277,-291.5016400000022,13619.17783174603,13780.85290236508,322748.1,495391.2,0.150995,0.8571045155606855,0.8730883363396046,1.73019285190029,-2.0,-13707.0,-1.0,-8909.0,0.01711933073978,-0.3392401862907483,0.1313,0.6527272727272727,0.1918,0.1307,0.354
20251009,13302.2743,13189.2713,13350.275,13189.2713,782551.0,37370.0,333259.0,1.0,-1.0,0.0,-5595.0,2.0,-2.0,15634.0,-13101.0,13361.52866,13495.01057,13674.730395,-133.4819100000022,-313.2017350000006,13576.24663309524,13748.37326859524,329080.3,,,0.8903714911354191,0.8730883363396046,1.763459827475024,0.0,-5595.0,0.0,2533.0,0.04775407609216524,-0.3670859369278692,0.095,0.0,0.1233,0.1213,0.331
20251010,13332.8021,13298.7127,13422.5845,13288.5897,809105.0,26554.0,451451.0,0.0,-1.0,0.0,-13161.0,1.0,-2.0,9329.0,-14165.0,13321.69518,13454.61806,13642.939875,-132.9228799999983,-321.2446949999994,13542.8870434127,13714.06293459524,342302.8,541741.2,,0.9245264252131286,0.9010653397036195,1.825591764916748,-1.0,-13161.0,-1.0,-4836.0,0.03281897899530963,-0.3739960425716815,0.0959,0.016245487364620902,0.0822,0.112,0.322
20251013,13317.4573,13274.0704,13374.3042,13229.3808,836990.0,27885.0,387264.0,0.0,-1.0,0.0,-11315.0,1.0,-2.0,15340.0,-16491.0,13304.17726,13416.66524,13610.87167,-112.4879799999981,-306.6944099999982,13509.94548857143,13678.58840763492,348397.5,,,0.9477712170092307,0.9537742827428243,1.901545499752055,-1.0,-11315.0,-1.0,-1151.0,0.033315810224733865,-0.2544004792410778,0.0951,0.0018050541516246002,0.0822,0.0973,0.41
20251014,13278.6929,13326.6826,13329.9377,13242.2391,850743.0,13753.0,257911.0,0.0,-1.0,0.0,-10409.0,1.0,-2.0,12054.0,-14911.0,13290.09226,13385.00614,13583.11412,-94.91388000000188,-293.0218600000026,13478.22699388889,13642.69295665079,331197.5,,,0.944149713756676,0.9537742827428243,1.8979239964995,-1.0,-10409.0,-1.0,-2857.0,0.016165869128514723,-0.3225706791573663,0.099,0.072202166064982,0.0685,0.0867,0.367
20251015,13285.2282,13265.8238,13314.7662,13226.158,872239.0,21496.0,247183.0,0.0,-1.0,0.0,-10142.0,2.0,-2.0,6964.0,-11177.0,13303.29096,13359.33199,13558.324655,-56.0410299999985,-255.0336949999964,13447.94209190476,13607.07905976191,323405.1,,,0.9457176682872563,0.9537742827428243,1.899491951030081,-1.0,-10142.0,0.0,-4213.0,0.024644621485624928,-0.3226125927019896,0.0938,0.0,0.0959,0.084,0.367
20251016,13337.4165,13276.2762,13352.033,13250.2053,877562.0,5323.0,225712.0,1.0,0.0,0.0,-2071.0,1.0,-2.0,7214.0,-10181.0,13310.3194,13335.92403,13534.888655,-25.604629999998,-224.5692549999967,13424.01571650793,13571.96944963492,321288.4,,,0.9145445764990385,0.9537742827428243,1.868318859241863,1.0,-2071.0,-1.0,-2967.0,0.006065668294661802,-0.209522809413714,0.0903,0.0,0.0274,0.008,0.438
20251017,13352.2665,13331.7544,13392.5114,13310.5588,882804.0,5242.0,245550.0,0.0,-1.0,0.0,-9020.0,2.0,-1.0,4238.0,-7991.0,13314.21228,13317.95373,13512.85191,-3.741449999997712,-198.6396299999997,13405.61516738095,13538.09297573016,313609.2,,,0.9199586171732712,0.9007639732685783,1.82072259044185,-1.0,-9020.0,1.0,-3753.0,0.005937897879937109,-0.261298441541992,0.0859,0.0,0.0411,0.0093,0.409
20251020,13486.452,13375.4288,13512.3791,13370.225,904981.0,22177.0,400688.0,1.0,0.0,0.0,-763.0,2.0,-1.0,5209.0,-11107.0,13348.01122,13326.09424,13496.238175,21.91697999999997,-148.2269550000001,13399.10389023809,13507.09243362699,328332.4,480825.6,,0.901651996725029,0.9537742827428243,1.855426279467853,1.0,-763.0,1.0,-5898.0,0.024505486855525144,-0.2295150482192766,0.0786,0.0,0.0548,0.008,0.431
20251021,13567.8649,13474.1514,13581.4255,13447.8674,908779.0,3798.0,332862.0,1.0,0.0,0.0,-805.0,3.0,-1.0,3696.0,-8393.0,13405.84562,13347.96894,13481.82934,57.87667999999758,-75.983720000002,13402.39414126984,13480.55549980159,329470.6,,,0.9251590669976044,0.9760888277631506,1.901247894760755,1.0,-805.0,2.0,-4697.0,0.004179233895149426,-0.0471563829112941,0.081,0.03342618384401113,0.274,0.1467,0.552
20251022,13553.6528,13556.9225,13591.2731,13528.6697,916634.0,7855.0,268057.0,1.0,0.0,0.0,-697.0,2.0,-1.0,3473.0,-8086.0,13459.53054,13381.41075,13466.16327,78.11979000000247,-6.632729999997537,13409.11482619048,13459.54919924603,314993.7,,,0.9200278220935544,0.9760888277631506,1.896116649856705,1.0,-697.0,1.0,-4613.0,0.008569396291213286,-0.1261635465355884,0.0789,0.004178272980501319,0.3014,0.1667,0.49
20251023,13588.2007,13537.6329,13620.4665,13525.3396,926109.0,9475.0,285984.0,0.0,-1.0,0.0,-8101.0,2.0,-1.0,3482.0,-9178.0,13509.68738,13410.00339,13452.50698,99.68398999999772,57.18039999999928,13419.54218476191,13443.8787544127,310266.2,,,0.9004269127037957,0.9760888277631506,1.876515740466946,-1.0,-8101.0,1.0,-5696.0,0.01023097713120162,-0.0821243126969484,0.0767,0.0,0.2603,0.1693,0.518
20251024,13545.5921,13583.1636,13604.0574,13485.0093,914852.0,-11257.0,310939.0,0.0,-1.0,0.0,-11834.0,2.0,-1.0,2755.0,-7792.0,13548.3525,13431.28239,13442.950225,117.0701100000006,105.4022750000004,13428.6123534127,13432.4512854127,296215.0,,,0.8875562380651637,0.9760888277631506,1.863645065828314,-1.0,-11834.0,1.0,-5037.0,-0.012304722512493824,-0.0894722015274994,0.0785,0.02442333785617362,0.2329,0.1707,0.509
20251027,13571.7623,13552.2982,13635.8777,13536.1929,911206.0,-3646.0,260198.0,0.0,-1.0,0.0,-11541.0,2.0,-2.0,2311.0,-9739.0,13565.41456,13456.71289,13436.689065,108.7016700000004,128.7254950000006,13441.04350111111,13425.56108666666,283508.4,,,0.8842880318760654,0.9537742827428243,1.83806231461889,-1.0,-11541.0,0.0,-7428.0,-0.004001290597296331,-0.1402647991970285,0.075,0.0,0.2877,0.168,0.478
20251028,13571.9447,13575.6448,13596.7494,13554.779,908903.0,-2303.0,177346.0,0.0,-1.0,0.0,-11683.0,2.0,-2.0,4092.0,-8596.0,13566.23052,13486.03807,13435.522105,80.19245000000046,130.708415000001,13454.09648246032,13423.14803552381,275451.9,,,0.803923854820501,0.9043533174306799,1.708277172251181,-1.0,-11683.0,0.0,-4504.0,-0.0025338237413673405,-0.0819031286981946,0.0742,0.0,0.2466,0.1707,0.521
20251029,13626.445,13567.1233,13627.6128,13529.9527,910968.0,2065.0,255130.0,0.0,-1.0,0.0,-9474.0,2.0,-2.0,5610.0,-9132.0,13580.78896,13520.15975,13439.74587,60.62920999999915,141.043090000001,13469.53746206349,13425.30757253968,276246.6,,,0.7689216451925808,0.8752803214909781,1.644201966683559,-1.0,-9474.0,0.0,-3522.0,0.0022668194711559573,-0.0817842362539853,0.0756,0.024518388791593668,0.2603,0.172,0.522
20251030,13609.9225,13644.1375,13679.4343,13584.24,917833.0,6865.0,302494.0,1.0,-1.0,9555.0,-9810.0,2.0,-2.0,7223.0,-11247.0,13585.13332,13547.41035,13441.66719,37.7229699999989,143.4661299999971,13487.59839190476,13431.66584007936,283924.8,,,0.7472296053299701,0.871715754254522,1.618945359584492,0.0,-255.0,0.0,-4024.0,0.00747957417090037,-0.0676410695326519,0.0755,0.022767075306479784,0.0548,0.12,0.536
20251031,13608.4768,13611.2875,13685.1322,13600.2244,918452.0,619.0,241222.0,1.0,-1.0,10859.0,-10405.0,2.0,-2.0,10300.0,-13585.0,13597.71026,13573.03138,13445.492555,24.6788800000013,152.2177050000009,13505.18163746032,13441.6224870873,283492.0,,0.08717,0.7143219460157052,0.8489145851453137,1.563236531161019,0.0,454.0,0.0,-3285.0,0.0006739600980780705,0.0764306389772385,0.0758,0.02802101576182144,0.0548,0.124,0.624
20251103,13613.5886,13614.1131,13647.4535,13559.0691,923003.0,4551.0,253636.0,1.0,-1.0,11575.0,-10478.0,2.0,-2.0,10371.0,-11260.0,13606.07552,13585.74504,13455.91964,20.33048000000235,150.1558800000039,13521.06009063492,13453.81810712698,268786.8,,,0.713420591602525,0.8110991134660535,1.524519705068578,0.0,1097.0,0.0,-889.0,0.00493064486247607,0.0613441147703709,0.0754,0.0210157618213659,0.0822,0.1253,0.615
20251104,13564.8606,13601.1365,13623.5848,13527.8709,919628.0,-3375.0,248393.0,1.0,-1.0,10130.0,-12365.0,2.0,-2.0,10564.0,-9820.0,13604.6587,13585.44461,13466.706775,19.21408999999949,137.9519249999976,13532.98647404762,13466.87734040476,260339.9,,,0.716116154243164,0.7853646026446242,1.501480756887788,0.0,-2235.0,0.0,744.0,-0.003669962202107809,0.1393209071111421,0.0723,0.0,0.0548,0.1267,0.637
20251105,13636.4664,13560.482,13660.4275,13492.2455,943394.0,23766.0,381948.0,1.0,-1.0,10226.0,-10476.0,2.0,-1.0,16380.0,-8204.0,13606.66298,13593.72597,13487.56836,12.93700999999965,119.0946199999998,13545.83178253968,13480.54903603968,271729.0,458337.6,,0.7499305839977646,0.8110991134660535,1.561029697463818,0.0,-250.0,1.0,8176.0,0.02519201945316591,0.1039601053618777,0.0751,0.04745762711864402,0.0548,0.128,0.629
20251106,13627.517,13626.0772,13651.4916,13583.753,944677.0,1283.0,260921.0,1.0,-1.0,10291.0,-11066.0,2.0,-1.0,15051.0,-7304.0,13610.18188,13597.6576,13503.830495,12.52427999999964,106.3513850000018,13559.41194992063,13494.53601255555,269222.7,,,0.7413708991900014,0.8110991134660535,1.552470012656055,0.0,-775.0,1.0,7747.0,0.0013581361671767176,0.1038554201196016,0.0723,0.0,0.1096,0.132,0.629
20251107,13603.0639,13607.57,13647.4186,13564.3401,946303.0,1626.0,225161.0,1.0,-1.0,10305.0,-10924.0,2.0,-1.0,14647.0,-8204.0,13609.0993,13603.40478,13517.343585,5.694519999997283,91.75571499999933,13570.09639825397,13508.68441703968,260644.9,,,0.7004339664116688,0.8110991134660535,1.511533079877722,0.0,-619.0,1.0,6443.0,0.001718265714047192,0.1401922574158612,0.0706,0.0,0.1507,0.1333,0.642
20251110,13600.1232,13595.6154,13615.2584,13531.3468,938306.0,-7997.0,315201.0,1.0,-1.0,8441.0,-10326.0,2.0,-1.0,17380.0,-12020.0,13606.40622,13606.24087,13531.47688,0.1653499999993073,74.9293400000006,13577.6279684127,13522.34286376984,266145.2,,,0.6742296660378425,0.8110991134660535,1.485328779503896,0.0,-1885.0,1.0,5360.0,-0.00852280599292768,0.132541250732976,0.0751,0.07413509060955525,0.0822,0.0213,0.637
20251111,13576.2319,13603.3485,13637.3358,13563.6237,947068.0,8762.0,199378.0,0.0,-1.0,0.0,-10205.0,2.0,-1.0,15143.0,-11732.0,13608.68048,13606.66959,13546.35383,2.010890000001382,62.32664999999906,13583.69612595238,13535.30282811905,268348.4,,,0.6799857990101055,0.7853646026446242,1.46535040165473,-1.0,-10205.0,1.0,3411.0,0.009251711598322401,0.0687123279909633,0.074,0.05601317957166392,0.2329,0.0613,0.62
20251112,13533.8676,13571.7428,13588.7968,13466.508,941724.0,-5344.0,381124.0,0.0,-1.0,0.0,-13991.0,3.0,-2.0,10857.0,-6409.0,13588.16072,13597.41185,13558.7858,-9.251129999998739,29.37491999999838,13583.28548603175,13546.67763051587,280947.8,457348.8,,0.6944539146458993,0.8110991134660535,1.505553028111953,-1.0,-13991.0,1.0,4448.0,-0.0056746987440056745,0.0182845825302472,0.0739,0.05436573311367376,0.3151,0.152,0.603
20251113,13509.755,13496.7336,13547.1129,13477.9302,942942.0,1218.0,203297.0,0.0,-1.0,0.0,-13715.0,3.0,-1.0,17142.0,-5933.0,13564.60832,13587.3951,13567.402725,-22.78678000000036,-2.794405000002371,13579.07319246032,13555.82511057143,271028.1,,0.08946999999999998,0.6683748197485591,0.7853646026446242,1.453739422393183,-1.0,-13715.0,2.0,11209.0,0.0012917019286446038,0.1045827338146306,0.0778,0.11861614497528826,0.3288,0.156,0.633
20251114,13476.2856,13503.0419,13536.4134,13468.052,941914.0,-1028.0,210142.0,0.0,-1.0,0.0,-11356.0,2.0,-1.0,20209.0,-14529.0,13539.25266,13574.17598,13573.60368,-34.92331999999806,-34.35101999999824,13571.76073563492,13562.48302038889,267920.1,,0.09337999999999999,0.6522381496003524,0.7697100755570351,1.421948225157387,-1.0,-11356.0,1.0,5680.0,-0.0010913947557844984,0.1334427104485719,0.0812,0.17462932454695218,0.3151,0.1573,0.64
20251117,13449.1863,13457.3936,13475.6227,13396.2139,943367.0,1453.0,313377.0,0.0,-1.0,0.0,-10771.0,2.0,-1.0,19007.0,-12912.0,13509.06528,13557.73575,13571.740395,-48.67046999999911,-62.67511500000182,13560.10286563492,13566.38729788889,273894.2,,,0.6727090182902734,0.7697100755570351,1.442419093847308,-1.0,-10771.0,1.0,6095.0,0.0015402277162546495,-0.3340586913944388,0.0798,0.1515650741350906,0.3288,0.3853,0.361
20251118,13399.5517,13440.286,13462.2006,13382.5257,941760.0,-1607.0,234402.0,0.0,-1.0,0.0,-10849.0,2.0,-1.0,16808.0,-12092.0,13473.72924,13541.20486,13563.324735,-67.47562000000107,-89.59549499999775,13545.58858015873,13567.6475085,272495.1,,,0.664037734403969,0.7697100755570351,1.433747809961004,-1.0,-10849.0,1.0,4716.0,-0.001706379544682297,-0.4670773405481747,0.0789,0.1367380560131796,0.3151,0.388,0.227
20251119,13487.7142,13415.7209,13500.598,13395.1063,932869.0,-8891.0,300328.0,0.0,-1.0,0.0,-3728.0,2.0,-1.0,20725.0,-5826.0,13464.49856,13526.32964,13560.027805,-61.83107999999811,-95.5292449999979,13535.9973752381,13566.66406776984,264333.1,,,0.6698941860595122,0.7795999592845027,1.449494145344015,-1.0,-3728.0,1.0,14899.0,-0.00953081300804293,-0.4055135782125079,0.0734,0.046128500823723405,0.3014,0.3933,0.297
20251120,13469.5954,13474.3699,13525.6118,13460.5993,931101.0,-1768.0,267767.0,1.0,-1.0,0.0,-3681.0,2.0,-1.0,21356.0,-6292.0,13456.46664,13510.53748,13554.09754,-54.07084000000032,-97.63090000000011,13528.53944690476,13563.57681746825,265017.7,,,0.6598888254932143,0.7697100755570351,1.429598901050249,0.0,-3681.0,1.0,15064.0,-0.0018988273023012542,-0.3913554454990611,0.0751,0.07413509060955525,0.2329,0.2667,0.313
20251121,13454.3325,13472.6093,13499.7165,13436.9046,945741.0,14640.0,295418.0,0.0,-1.0,0.0,-4103.0,2.0,-1.0,23752.0,-6349.0,13452.07602,13495.66434,13549.53456,-43.58831999999711,-97.45853999999781,13519.58703634921,13558.52588127778,272043.4,,,0.6469410593141812,0.7697100755570351,1.416651134871216,-1.0,-4103.0,1.0,17403.0,0.015479925264950975,-0.3697701828043664,0.0784,0.12850082372322902,0.1096,0.1373,0.332
20251124,13562.8008,13472.567,13580.3373,13456.7797,960358.0,14617.0,428347.0,1.0,-1.0,0.0,-4753.0,2.0,-1.0,27952.0,-8708.0,13474.79892,13491.9321,13549.086485,-17.1331799999989,-74.2875649999969,13518.13536373016,13552.57662080952,283358.0,514016.4,,0.66294231972717,0.7795999592845027,1.442542279011673,0.0,-4753.0,1.0,19244.0,0.015220365738609977,-0.2502699289654224,0.0732,0.04283360790774308,0.2055,0.2107,0.423
20251125,13618.8655,13573.1738,13625.0858,13557.9507,961256.0,898.0,384390.0,2.0,0.0,14772.0,0.0,2.0,-1.0,24309.0,-14435.0,13518.66168,13496.19546,13551.432525,22.46622000000207,-32.7708449999991,13523.23211563492,13546.53021977778,301859.2,461268.0,,0.6096441164872106,0.7697100755570351,1.379354192044246,2.0,14772.0,1.0,9874.0,0.00093419442895545,-0.2200812876973132,0.0704,0.0,0.2055,0.2373,0.443
20251126,13607.1517,13620.8244,13641.0527,13584.6027,954257.0,-6999.0,284007.0,3.0,-1.0,15306.0,-9256.0,2.0,-1.0,22103.0,-14866.0,13542.54918,13503.52387,13550.46786,39.02531000000272,-7.918679999997039,13529.21608055555,13541.12327923016,292147.5,,,0.6037478761393891,0.7697100755570351,1.373457951696424,2.0,6050.0,1.0,7237.0,-0.007334502130977295,-0.2712411983181972,0.069,0.0,0.2055,0.2547,0.407
20251127,13623.6342,13614.5128,13637.3537,13597.552,952390.0,-1867.0,224045.0,3.0,-1.0,9398.0,-8441.0,2.0,-1.0,21072.0,-14809.0,13573.35694,13514.91179,13551.153445,58.44514999999956,22.20349500000157,13536.07735674603,13536.82369565873,294222.3,,,0.5808291455979275,0.7637811978599524,1.34461034345788,2.0,957.0,1.0,6263.0,-0.00196033137685192,,0.0703,0.02086677367576237,0.1918,0.2667,
20251128,13706.8017,13617.9778,13724.3465,13617.9778,991084.0,38694.0,435931.0,3.0,-1.0,11687.0,-8608.0,2.0,-1.0,20441.0,-14080.0,13623.85078,13537.9634,13556.06969,85.88738000000012,67.78108999999858,13548.59029015873,13534.50665111111,316801.2,523117.2,0.090735,0.5923543552368052,0.7637811978599524,1.356135553096758,2.0,3079.0,1.0,6361.0,0.03904209935787481,,0.0789,0.15890850722311387,0.2192,0.2853,
20251201,13748.9676,13709.7489,13776.4009,13691.4459,1016214.0,25130.0,362854.0,2.0,-1.0,10126.0,-9120.0,3.0,-1.0,17501.0,-4994.0,13661.08414,13567.94153,13562.83864,93.14261000000079,98.24550000000272,13566.36162007937,13535.13252655556,321748.9,,0.09315,0.5977431097114794,0.7485926072966386,1.346335717008118,1.0,1006.0,2.0,12507.0,0.0247290432920625,-0.2898556899237939,0.081,0.19261637239165325,0.2877,0.2853,0.3968
20251202,13781.4567,13754.3536,13805.4858,13736.9948,1046475.0,30261.0,335571.0,2.0,-1.0,10638.0,-10124.0,3.0,-1.0,23361.0,-3386.0,13693.60238,13606.13203,13573.668445,87.4703499999996,119.9339350000027,13586.53601095238,13539.22726963492,331865.8,,,0.5686336403196112,0.7361695963261591,1.30480323664577,1.0,514.0,2.0,19975.0,0.028917078764423423,-0.2964675939828762,0.0719,0.04654895666131621,0.3014,0.34,0.3928
20251203,13767.6803,13766.1041,13782.5709,13658.2685,1040199.0,-6276.0,435586.0,2.0,-1.0,10062.0,-9406.0,2.0,-1.0,28009.0,-5056.0,13725.7081,13634.12864,13580.22914,91.57945999999902,145.4789600000004,13604.03202166667,13546.03073427778,345391.6,522703.2,,0.5968492146168318,0.7361695963261591,1.333018810942991,1.0,656.0,1.0,22953.0,-0.006033460905076817,-0.2823281023318981,0.0681,0.0,0.1233,0.184,0.4028
20251204,13775.8932,13765.8992,13806.8713,13727.5725,1040391.0,192.0,328498.0,2.0,-2.0,9976.0,-9773.0,3.0,-1.0,28760.0,-5479.0,13756.1599,13664.75842,13587.64795,91.40148000000045,168.5119500000001,13622.84227301588,13555.46101688889,351464.7,,,0.6016531106129325,0.7361695963261591,1.337822706939092,0.0,203.0,2.0,23281.0,0.00018454600241639923,-0.2533953877777714,0.0722,0.06487341772151908,0.0959,0.1853,0.4238
20251205,13736.8678,13774.8657,13778.4231,13700.6731,1038862.0,-1529.0,280440.0,2.0,-1.0,6927.0,-10842.0,2.0,-1.0,29721.0,-5406.0,13762.17312,13693.01195,13594.338145,69.16117000000122,167.8349750000034,13638.14507277777,13567.31682053175,349966.9,,,0.5995284819085926,0.7269566734590449,1.326485155367638,1.0,-3915.0,1.0,24315.0,-0.001471802799601872,-0.2830603895265624,0.0782,0.15981012658227864,0.0959,0.1867,0.4018
20251208,13738.5323,13718.0645,13766.1991,13694.4333,1044101.0,5239.0,305567.0,1.0,-1.0,0.0,-8728.0,3.0,-1.0,29901.0,-5963.0,13760.08606,13710.5851,13601.2586,49.50096000000121,158.8274600000004,13651.63168492064,13580.6664526508,337688.9,,,0.5943257553258358,0.7269566734590449,1.321282428784881,0.0,-8728.0,2.0,23938.0,0.0050177138035496565,-0.2902454391863917,0.0727,0.07278481012658237,0.0959,0.188,0.3978
20251209,13733.1101,13733.4796,13782.8919,13720.9463,1048904.0,4803.0,301941.0,1.0,-1.0,371.0,-7745.0,2.0,-1.0,33681.0,-4615.0,13750.41674,13722.00956,13609.10251,28.40718000000015,141.31423,13665.40916444445,13594.88415753175,329444.0,,,0.5708032732779424,0.718787931253168,1.28959120453111,0.0,-7374.0,1.0,29066.0,0.004579065386346129,-0.3048582599560965,0.068,0.0,0.1507,0.0827,0.3878
20251210,13770.6419,13754.8417,13793.7682,13724.1241,1075092.0,26188.0,345445.0,1.0,-1.0,436.0,-8236.0,3.0,-1.0,35192.0,-4279.0,13751.00906,13738.35858,13620.941225,12.65048000000024,130.0678350000017,13680.48432349206,13610.01098182539,335587.8,,0.09694499999999999,0.5723235291567197,0.7100392243128996,1.282362753469619,0.0,-7800.0,2.0,30913.0,0.024358845568565296,-0.3110933576236099,0.0843,0.25750394944707733,0.1507,0.008,0.3848
20251211,13855.8608,13779.2626,13918.5516,13763.4504,1138013.0,62921.0,719724.0,1.0,-1.0,9251.0,-8271.0,2.0,-1.0,49714.0,-12220.0,13767.00258,13761.58124,13638.246515,5.421340000000782,128.7560649999996,13701.58452238095,13626.56169838889,385155.7,863668.7999999999,0.104075,0.6191870777339731,0.718787931253168,1.337975008987141,0.0,980.0,1.0,37494.0,0.05529022954922307,-0.4233096418220783,0.0905,0.35545023696682454,0.1507,0.0093,0.2836
20251212,13847.3763,13860.8305,13882.6328,13834.6711,1132017.0,-5996.0,501152.0,1.0,-1.0,4158.0,-7373.0,2.0,-1.0,40873.0,-15633.0,13789.10428,13775.6387,13656.80105,13.46558000000005,132.3032299999995,13722.73103015873,13643.97577238889,391677.8,601382.4,0.10787,0.5776895081068497,0.7100392243128996,1.287728732419749,0.0,-3215.0,1.0,25240.0,-0.005296740243300233,-0.3881457401197657,0.0938,0.40758293838862547,0.1644,0.0107,0.3206
20251215,13998.573,13827.6453,14053.8422,13811.9959,1145549.0,13532.0,655552.0,1.0,0.0,6203.0,0.0,2.0,-1.0,35059.0,-17772.0,13841.11242,13800.59924,13684.270385,40.51317999999992,156.8420349999997,13751.00732531746,13662.4403429127,420947.6,786662.4,,0.6672195245811365,0.718787931253168,1.386007455834305,1.0,6203.0,1.0,17287.0,0.011812676716578688,-0.3414791195762647,0.0924,0.3854660347551342,0.1507,0.012,0.3617
20251216,13947.7414,13997.0423,14069.9456,13884.1965,1121656.0,-23893.0,641718.0,1.0,0.0,5217.0,0.0,2.0,-1.0,29923.0,-16000.0,13884.03868,13817.22771,13711.67987,66.81097000000045,172.3588100000034,13778.23135214286,13681.60987703175,451562.3,770061.6,0.110285,0.7330251270800844,0.718787931253168,1.451813058333252,1.0,5217.0,1.0,13923.0,-0.02130153986605519,-0.38532000111373,0.0959,0.4407582938388625,0.1507,0.0133,0.3216
20251217,13932.024,13947.0344,13992.0847,13896.0976,1110980.0,-10676.0,382795.0,1.0,0.0,5420.0,0.0,2.0,-1.0,30032.0,-14299.0,13916.3151,13833.66208,13733.89536,82.65301999999792,182.4197399999975,13800.77838206349,13701.28451307143,446283.2,,,0.7609160960227044,0.7100392243128996,1.470955320335604,1.0,5420.0,1.0,15733.0,-0.00960953392500315,-0.3574882330429457,0.0926,0.38862559241706157,0.1507,0.0147,0.3517
20251218,13968.4205,13934.0634,13991.749,13932.0124,1113433.0,2453.0,256451.0,1.0,0.0,14788.0,0.0,2.0,-1.0,32062.0,-14593.0,13938.82704,13852.91481,13758.836615,85.91223000000173,179.9904249999981,13823.14689515873,13721.31497528571,439078.5,,,0.7358014217061335,0.7100392243128996,1.445840646019033,1.0,14788.0,1.0,17469.0,0.0022030961898919827,-0.3564610666335396,0.0936,0.40442338072669826,0.137,0.016,0.3527
20251219,14028.1051,13961.4546,14047.0172,13933.7246,1116469.0,3036.0,404521.0,1.0,0.0,15660.0,0.0,2.0,-1.0,34258.0,-15518.0,13974.9728,13882.03854,13787.525245,92.93426,187.4475549999988,13846.83275142857,13742.18374315079,451486.6,,0.113045,0.7493579477824536,0.7100392243128996,1.459397172095353,1.0,15660.0,1.0,18740.0,0.0027192873245920845,-0.3055237207666114,0.0983,0.47867298578199047,0.1644,0.0947,0.3948
20251222,14090.753,14052.4365,14151.9812,14026.8052,1116045.0,-424.0,452617.0,1.0,0.0,17063.0,0.0,2.0,-1.0,38619.0,-8801.0,13993.4088,13917.26061,13813.922855,76.14818999999989,179.4859449999985,13875.93071571429,13764.61364623016,466191.6,,,0.7773546630250727,0.7238178270594545,1.501172490084527,1.0,17063.0,1.0,29818.0,-0.0003799129963397533,-0.290054548156878,0.0948,0.4233807266982621,0.1781,0.0667,0.4078
20251223,14158.5893,14101.1451,14189.3998,14097.4877,1123148.0,7103.0,308191.0,1.0,0.0,18047.0,0.0,2.0,-1.0,40340.0,-12075.0,14035.57838,13959.80853,13840.909045,75.76985000000059,194.6693349999987,13908.40124404762,13788.91285419047,466816.6,,,0.7626080383254953,0.7100392243128996,1.472647262638395,1.0,18047.0,1.0,28265.0,0.006324188797914433,-0.2815013597075324,0.098,0.47393364928909953,0.1918,0.0453,0.4178
20251224,14191.5393,14175.3927,14209.7509,14099.7464,1122897.0,-251.0,361368.0,2.0,0.0,29703.0,0.0,2.0,-1.0,42365.0,-12574.0,14087.48144,14001.89827,13870.128425,85.58316999999988,217.353014999997,13941.11487071428,13814.9759089127,468408.9,,,0.7767291731038636,0.7238178270594545,1.500547000163318,2.0,29703.0,1.0,29791.0,-0.00022352896124933988,-0.2950817847309074,0.095,0.42654028436018954,0.1507,0.044,0.4038
20251225,14269.1559,14194.2762,14276.0596,14151.7205,1132768.0,9871.0,452687.0,2.0,0.0,30415.0,0.0,2.0,-1.0,46443.0,-10372.0,14147.62852,14043.22778,13902.40451,104.4007399999973,245.2240099999999,13976.76342373016,13842.49379904762,441705.2,,0.115115,0.7984417344601357,0.7460904885601122,1.544532223020248,2.0,30415.0,1.0,36071.0,0.008714052656854713,-0.3071384127856146,0.1001,0.5071090047393364,0.1507,0.032,0.3938
20251226,14547.8673,14270.3381,14710.2167,14262.7689,1196195.0,63427.0,970609.0,1.0,0.0,22701.0,0.0,2.0,-1.0,35688.0,-15078.0,14251.58096,14113.27688,13944.45779,138.3040800000017,307.1231700000008,14032.85913849206,13873.50660988095,488650.9,1164730.8,0.150765,0.9864932710095802,0.7460904885601122,1.732583759569692,1.0,22701.0,1.0,20610.0,0.05302396348421453,-0.3151968598359924,0.1311,0.9968404423380726,0.0959,0.0213,0.3898
20251229,14449.5786,14552.1535,14567.5232,14411.9984,1151134.0,-45061.0,662800.0,1.0,0.0,11511.0,0.0,2.0,-1.0,48139.0,-16901.0,14323.34608,14158.37744,13979.48834,164.9686399999991,343.8577399999976,14085.12467730159,13906.91834507936,489375.7,795360.0,,1.03039509945675,0.7460904885601122,1.776485588016862,1.0,11511.0,1.0,31238.0,-0.03914487800725198,-0.3036903669047248,0.1267,0.9273301737756715,0.0959,0.0173,0.3988
20251230,14575.9862,14482.9556,14643.4124,14444.8442,1139377.0,-11757.0,536852.0,2.0,0.0,18507.0,0.0,2.0,-1.0,47669.0,-19288.0,14406.82546,14221.20192,14019.214815,185.6235400000005,387.6106450000025,14140.6760302381,13943.16281288889,478889.1,,0.164335,1.091359879718169,0.7460904885601122,1.837450368278281,2.0,18507.0,1.0,28381.0,-0.010318797026796223,-0.2804316307558503,0.1429,1.0,0.0411,0.0013,0.4228
20251231,14599.9384,14603.3527,14651.7113,14479.1992,1106312.0,-33065.0,450500.0,2.0,0.0,18663.0,0.0,2.0,-1.0,47371.0,-18796.0,14488.50528,14287.99336,14060.82772,200.511919999999,427.6775600000001,14195.78532103175,13982.66350678571,485659.6,,,1.09603765987153,0.7460904885601122,1.842128148431642,2.0,18663.0,1.0,28575.0,-0.029887590480804693,-0.2801029478844997,0.139,0.9479305740987986,0.0274,0.0027,0.4238
20260105,14671.7809,14611.7887,14888.6808,14539.2057,1160469.0,54157.0,635678.0,2.0,0.0,21393.0,0.0,2.0,-1.0,39885.0,-17385.0,14569.03028,14358.3294,14105.622105,210.7008800000021,463.4081750000023,14255.59734960317,14025.90855223016,523582.3,762813.6,,1.242694400348324,0.7460904885601122,1.988784888908436,2.0,21393.0,1.0,22500.0,0.04666820052926877,-0.2114964255525825,0.1365,0.9145527369826436,0.0274,0.004,0.4719
20260106,14881.708,14667.6883,14908.9136,14662.7714,1206229.0,45760.0,503333.0,2.0,0.0,33544.0,0.0,2.0,-1.0,46413.0,-18789.0,14635.79842,14443.68969,14162.864115,192.1087300000017,472.9343050000007,14323.97121261904,14073.62239834921,533463.5,,0.170085,1.239360236850387,0.7460904885601122,1.985450725410499,2.0,33544.0,1.0,27624.0,0.03793641174271221,-0.1754562230242247,0.1479,1.0,0.0411,0.0387,0.493
20260107,15070.5759,14933.3369,15128.013,14875.8089,1246116.0,39887.0,795718.0,1.0,0.0,22477.0,0.0,2.0,-1.0,40323.0,-21982.0,14759.99788,14541.67198,14229.466295,218.3259000000016,530.5315850000006,14407.30413277778,14126.75974005555,567773.6,954861.6,0.20309,1.265442481255032,0.7460904885601122,2.011532969815145,1.0,22477.0,1.0,18341.0,0.03200905854671636,-0.1343255896813407,0.1766,1.0,0.0137,0.0053,0.516
20260108,14771.6318,15089.7792,15126.0875,14720.1413,1199638.0,-46478.0,844921.0,1.0,0.0,20521.0,0.0,2.0,-1.0,53552.0,-23475.0,14799.127,14602.97623,14281.39238,196.1507699999984,517.7346199999974,14470.23444484127,14182.94306013492,621446.6,1013905.2,,1.413425876944816,0.7681409375028178,2.181566814447633,1.0,20521.0,1.0,30077.0,-0.0387433542451973,-0.243256908857902,0.1474,0.7311233885819521,0.0685,0.0413,0.4539
20260109,14699.2317,14827.926,14885.9025,14673.6541,1200971.0,1333.0,646687.0,1.0,0.0,19763.0,0.0,2.0,-1.0,52914.0,-30098.0,14818.98566,14653.74547,14327.82187,165.2401900000004,491.1637899999969,14515.45103650794,14240.37667671429,649978.5,,,1.483464208934211,0.7754962912688647,2.258960500203075,1.0,19763.0,1.0,22816.0,0.0011099352107586278,-0.2849983834995608,0.1437,0.6970534069981583,0.0411,0.0427,0.4158
20260112,14653.4398,14697.7378,14703.5165,14460.4306,1176483.0,-24488.0,794339.0,2.0,0.0,15597.0,0.0,2.0,-1.0,50287.0,-21213.0,14815.31744,14692.17386,14367.70082,123.1435800000036,447.6166200000007,14545.97315253968,14297.29764959524,684143.7,,,1.542647842180267,0.7784698686557997,2.321117710836066,2.0,15597.0,1.0,29074.0,-0.020814580406176716,-0.2383759094414303,0.1428,0.6887661141804788,0.0411,0.044,0.4599
20260113,14781.2739,14663.6423,14907.7575,14646.9474,1201709.0,25226.0,710353.0,1.0,0.0,20933.0,0.0,2.0,-1.0,46343.0,-26801.0,14795.23062,14715.51452,14414.3957,79.71609999999782,380.8349199999993,14583.7808565873,14352.38982140476,658118.1,,,1.603816787553051,0.7923237002224917,2.396140487775543,1.0,20933.0,1.0,19542.0,0.0209917708862961,-0.3100770929467373,0.1561,0.811233885819521,0.0548,0.0413,0.3928
20260114,14824.3895,14788.2143,14851.1764,14721.7118,1212950.0,11241.0,455088.0,1.0,0.0,21804.0,0.0,2.0,-1.0,48528.0,-27227.0,14745.99334,14752.99561,14455.686525,-7.002270000000863,290.3068149999999,14622.33569722222,14406.11092339683,637346.9,,,1.613641545622389,0.7923237002224917,2.405965245844881,1.0,21804.0,1.0,21301.0,0.00926748835483738,-0.2490011294398005,0.1552,0.8029465930018416,0.1233,0.1413,0.4509
20260115,14689.3387,14846.6707,14853.6747,14640.0304,1212655.0,-295.0,436910.0,1.0,0.0,23289.0,0.0,2.0,-1.0,44145.0,-27001.0,14729.53472,14764.33086,14492.76639,-34.79613999999856,236.768329999999,14649.89207960317,14457.03252833333,627352.7,,,1.660168876037601,0.7923237002224917,2.452492576260092,1.0,23289.0,1.0,17144.0,-0.0002432678709113474,-0.2920010607307623,0.1506,0.7605893186003684,0.0959,0.1187,0.4118
20260116,14613.0072,14677.4343,14750.2399,14579.6134,1206108.0,-6547.0,403222.0,1.0,0.0,22812.0,0.0,2.0,-1.0,42155.0,-26587.0,14712.28982,14765.63774,14526.81555,-53.34792000000016,185.4742700000006,14664.41760412699,14503.89575664286,622624.9,,,1.679883658838221,0.8331204264989743,2.513004085337195,1.0,22812.0,1.0,15568.0,-0.005428203776112918,-0.2256522570436907,0.1397,0.6602209944751379,0.0822,0.112,0.4709
20260119,14564.5082,14637.7584,14660.7641,14521.8576,1142384.0,-63724.0,343581.0,1.0,0.0,22391.0,0.0,2.0,-1.0,41314.0,-25703.0,14694.5035,14754.91047,14556.619935,-60.40696999999818,137.8835650000019,14670.45120738095,14545.38114242064,593415.2,,,1.529858754558829,0.8721588776667153,2.402017632225545,1.0,22391.0,1.0,15611.0,-0.055781593579742016,-0.8218804379913155,0.1311,0.5810313075506445,0.0959,0.064,0.014
20260120,14546.7047,14562.978,14657.9946,14414.6852,1148501.0,6117.0,509888.0,1.0,0.0,19735.0,0.0,2.0,-2.0,44965.0,-24936.0,14647.58966,14721.41014,14582.549915,-73.82048000000032,65.03974500000186,14669.66307142857,14579.95032830159,594070.7,,,1.571762821262795,0.8721588776667153,2.443921698929511,1.0,19735.0,0.0,20029.0,0.005326072854964863,-0.8632440147695362,0.1268,0.5414364640883977,0.1644,0.1573,0.013
20260121,14557.4977,14570.2606,14720.7325,14488.3252,1157307.0,8806.0,524481.0,1.0,0.0,20765.0,0.0,2.0,-2.0,43685.0,-29403.0,14594.2113,14670.10232,14605.88715,-75.89102000000094,-11.67584999999963,14669.35249595238,14606.15516461905,566947.0,,,1.588336666591782,0.8793352367791708,2.467671903370953,1.0,20765.0,0.0,14282.0,0.007609044099793745,-0.8559398500639329,0.131,0.580110497237569,0.1781,0.292,0.014
20260122,14750.7211,14555.2165,14750.9551,14514.1826,1166338.0,9031.0,395541.0,1.0,0.0,20713.0,0.0,2.0,-2.0,46376.0,-32548.0,14606.48778,14668.01125,14635.49374,-61.52347000000009,-29.00595999999859,14676.59251738095,14626.79097187301,522009.0,,,1.61835739700124,0.8941559984880674,2.512513395489307,1.0,20713.0,0.0,13828.0,0.007743038467408247,-0.7785573836639468,0.1296,0.5672191528545119,0.2055,0.3213,0.023
20260123,14721.1809,14755.071,14809.4434,14692.8093,1162273.0,-4065.0,423536.0,1.0,0.0,21243.0,0.0,2.0,-2.0,39920.0,-30273.0,14628.12252,14670.20617,14661.97582,-42.08365000000049,-33.85329999999885,14686.5463015873,14643.90049838095,499693.9,,0.16353,1.505008588490986,0.8941559984880674,2.399164586979054,1.0,21243.0,0.0,9647.0,-0.0034974571378669213,-0.8264309767161582,0.1422,0.6832412523020257,0.1918,0.3147,0.015
20260126,14681.0085,14667.3391,14746.3962,14571.0225,1145746.0,-16527.0,644305.0,1.0,0.0,20276.0,0.0,2.0,-2.0,38875.0,-31730.0,14651.42258,14672.96304,14682.56845,-21.54046000000017,-31.14586999999847,14686.86826253968,14657.99000938095,484690.5,773166.0,,1.472109175293626,0.9031443758792701,2.375253551172896,1.0,20276.0,0.0,7145.0,-0.014424663057955254,-0.6340882773403315,0.1341,0.6086556169429097,0.4932,0.7387,0.0651
20260127,14596.6293,14652.5704,14662.5145,14574.5951,1117427.0,-28319.0,344386.0,1.0,0.0,17742.0,0.0,1.0,-2.0,39297.0,-34215.0,14661.4075,14654.49858,14685.00655,6.908919999998034,-23.5990499999989,14681.62572706349,14667.77449642857,448093.8,,,1.404543680904881,0.9031443758792701,2.307688056784151,1.0,17742.0,-1.0,5082.0,-0.025343042543271282,-0.6310836100528561,0.1308,0.578268876611418,0.4521,0.612,0.0671
20260128,14967.1681,14595.2934,15000.1639,14568.9305,1131155.0,13728.0,764453.0,1.0,0.0,16744.0,0.0,1.0,-2.0,43850.0,-39968.0,14743.34158,14668.77644,14710.886025,74.56514000000061,32.45555499999864,14696.25989857143,14675.16691656349,479030.3,917343.6,0.16491,1.415504650906841,0.9137645087069876,2.329269159613829,1.0,16744.0,-1.0,3882.0,0.012136267797074671,-0.3994824117202115,0.1434,0.6942909760589318,0.589,0.656,0.3136
20260129,14930.8792,14971.2594,15032.5913,14854.8814,1086686.0,-44469.0,467007.0,1.0,0.0,16039.0,0.0,1.0,-2.0,39247.0,-40176.0,14779.3732,14692.93049,14728.630675,86.44271000000299,50.7425250000033,14718.93629047619,14682.07133765079,482040.0,,0.172845,1.397135749107587,0.9389213691215416,2.336057118229129,1.0,16039.0,-1.0,-929.0,-0.040921664583881634,-0.50544210828433,0.1503,0.7578268876611416,0.589,0.656,0.1864
20260130,14698.2573,14932.9374,14978.2734,14632.42,1010744.0,-75942.0,698150.0,1.0,0.0,12405.0,0.0,1.0,-2.0,35654.0,-38615.0,14774.78848,14701.4555,14733.54662,73.33297999999922,41.24186000000009,14723.29409261905,14687.9589865,511532.8,837780.0,0.17549,1.446737568623023,0.9389213691215416,2.385658937744564,1.0,12405.0,-1.0,-2961.0,-0.07513475222212548,-0.6203595025593935,0.1526,0.7790055248618785,0.6027,0.6867,0.0762
20260202,14597.1683,14687.2779,14806.1879,14526.7224,994666.0,-16078.0,599446.0,1.0,0.0,8720.0,0.0,1.0,-2.0,46031.0,-35153.0,14758.02044,14704.72151,14729.81599,53.29892999999902,28.20444999999927,14713.63520880952,14692.27738664286,537119.3,,,1.457099717253787,1.002770746450729,2.459870463704517,1.0,8720.0,-1.0,10878.0,-0.01616421994920908,-0.6854992334559976,0.1475,0.7320441988950275,0.5753,0.6867,0.0461
20260203,14676.6165,14629.4438,14789.2347,14598.6455,1011773.0,17107.0,447599.0,1.0,0.0,8761.0,0.0,1.0,-2.0,44255.0,-33197.0,14774.01788,14717.71269,14719.561415,56.30518999999913,54.4564649999993,14707.80693047619,14696.09177254762,530890.4,,,1.488596766716266,1.093552779734145,2.582149546450411,1.0,8761.0,-1.0,11058.0,0.01690794278953876,-0.6675146274637852,0.1513,0.7670349907918967,0.5616,0.5853,0.0531
20260204,14706.0622,14684.8065,14721.251,14631.2252,1022636.0,10863.0,318989.0,1.0,0.0,0.0,-994.0,1.0,-2.0,45075.0,-33246.0,14721.7967,14732.56914,14701.33573,-10.77244000000064,20.46097000000009,14706.42351079365,14699.79887403175,510341.2,,,1.428352125746255,1.093552779734145,2.5219049054804,1.0,-994.0,-1.0,11829.0,0.010622548003395148,-0.6194705827923159,0.15,0.7550644567219151,0.5616,0.5853,0.0802
20260205,14634.2834,14707.158,14774.0539,14577.4477,1039992.0,17356.0,468799.0,1.0,-1.0,0.0,-2178.0,1.0,-2.0,49511.0,-38414.0,14662.47754,14720.92537,14694.46831,-58.44782999999916,-31.99076999999852,14701.72231134921,14702.31185342857,517667.0,,,1.440838613657742,1.138688108415191,2.579526722072933,0.0,-2178.0,-1.0,11097.0,0.016688589912230094,-0.636115316506837,0.1451,0.7099447513812155,0.6027,0.6613,0.0671
20260206,14605.0329,14599.4297,14674.9382,14560.5119,1036886.0,-3106.0,356519.0,1.0,-1.0,0.0,-1810.0,1.0,-2.0,49693.0,-37372.0,14643.83266,14709.31057,14689.75837,-65.47791000000143,-45.92570999999953,14693.12307436508,14702.96953070635,510965.3,,,1.42865200803336,1.138688108415191,2.567340116448551,0.0,-1810.0,-1.0,12321.0,-0.0029955077028718685,-0.6100185988672673,0.1444,0.7034990791896869,0.6164,0.7027,0.0852
20260209,14605.5685,14642.4435,14691.9932,14598.136,1046048.0,9162.0,334611.0,1.0,-1.0,0.0,-903.0,1.0,-2.0,49328.0,-40890.0,14645.5127,14701.76657,14687.364805,-56.25387000000046,-41.85210499999812,14685.73051,14702.85575545238,479995.9,,,1.355597730116114,1.138688108415191,2.494285838531305,0.0,-903.0,-1.0,8438.0,0.008758680290005812,-0.6236597719730557,0.1434,0.6942909760589318,0.6301,0.7667,0.0782
20260210,14676.8969,14623.6774,14828.1766,14578.3371,1047758.0,1710.0,483272.0,1.0,-1.0,0.0,-2080.0,1.0,-2.0,47539.0,-39533.0,14645.56878,14709.79333,14682.145955,-64.22454999999536,-36.57717499999853,14684.82699214285,14703.17588196032,493884.5,,0.179745,1.363279936225751,1.17321852889977,2.536498465125521,0.0,-2080.0,-1.0,8006.0,0.0016320562572655136,-0.6074252744047789,0.1563,0.8130755064456721,0.6301,0.808,0.0902
20260211,14760.4167,14687.4943,14780.8015,14679.3641,1046033.0,-1725.0,269092.0,1.0,0.0,2026.0,0.0,1.0,-2.0,49891.0,-35493.0,14656.43968,14689.11819,14678.947315,-32.67850999999973,-22.50763500000176,14690.34551380953,14702.58444348413,444348.4,,,1.298671995191004,1.17321852889977,2.471890524090774,1.0,2026.0,-1.0,14398.0,-0.0016490875526871524,-0.5841536329740451,0.144,0.6998158379373848,0.6849,0.8613,0.1052
20260212,14801.687,14779.2837,14856.9682,14730.444,1034726.0,-11307.0,317911.0,1.0,0.0,2052.0,0.0,1.0,-2.0,47452.0,-34818.0,14689.9204,14676.19897,14684.56473,13.72142999999778,5.35566999999719,14701.18190960318,14700.80900539683,429438.8,,,1.302966784783763,1.17321852889977,2.476185313683533,1.0,2052.0,-1.0,12634.0,-0.010927530573311195,-0.4959567593415352,0.1526,0.7790055248618785,0.726,0.876,0.2064
20260213,14754.1959,14807.5802,14852.6544,14671.7606,1007658.0,-27068.0,308077.0,1.0,0.0,9842.0,0.0,1.0,-2.0,47635.0,-33867.0,14719.753,14681.79283,14691.624165,37.96017000000029,28.12883499999953,14708.62725238096,14699.34232137302,390431.5,,0.179975,1.305183411828855,1.185043727327001,2.490227139155857,1.0,9842.0,-1.0,13768.0,-0.02686228859394755,-0.424007785872286,0.1565,0.8149171270718232,0.7397,0.8987,0.3016
20260224,15275.7516,14888.1252,15288.2006,14846.2927,1099390.0,91732.0,617575.0,1.0,-1.0,0.0,-3940.0,2.0,-2.0,51908.0,-34072.0,14853.78962,14749.65116,14727.186335,104.1384600000019,126.6032850000011,14751.38445293651,14703.11724578571,392244.4,741090.0,0.203205,1.507770638978397,1.191955017897343,2.699725656875741,0.0,-3940.0,0.0,17836.0,0.08343899798979434,-0.223057547907496,0.1767,1.0,0.7397,0.908,0.494
20260225,15366.8947,15228.606,15489.7089,15228.606,1169264.0,69874.0,840678.0,1.0,0.0,3035.0,0.0,2.0,-2.0,39149.0,-34253.0,14991.78918,14818.67898,14768.195835,173.110200000001,223.5933450000011,14810.25178428571,14713.36173116667,431552.3,1008813.6,0.214705,1.422707281955352,1.207156949676079,2.629864231631432,1.0,3035.0,0.0,4896.0,0.05975895948220419,-0.0999495546003934,0.1867,1.0,0.7808,0.936,0.5691
20260226,15358.8007,15365.7122,15649.4546,15222.1349,1197865.0,28601.0,1028019.0,1.0,0.0,227.0,0.0,1.0,-2.0,40837.0,-47085.0,15111.46598,14883.95283,14808.260985,227.5131499999989,303.2049949999982,14869.53153515873,14729.67253360318,502455.3,1233622.8,0.21827,1.540057179700113,1.259092262301689,2.799149442001801,1.0,227.0,-1.0,-6248.0,0.0238766472014793,-0.1574832033187952,0.1898,1.0,0.8082,0.952,0.5311
20260227,15402.5826,15309.9212,15434.1022,15265.3588,1204969.0,7104.0,541187.0,1.0,0.0,632.0,0.0,1.0,-2.0,39726.0,-50346.0,15231.6451,14960.78275,14840.85406,270.8623500000012,390.7910399999982,14923.98879031746,14751.8991815,509694.1,,,1.449789556512474,1.259092262301689,2.708881818814163,1.0,632.0,-1.0,-10620.0,0.0058955873553593495,-0.0945810055432379,0.1788,0.9096880131362889,0.8082,0.9227,0.5741
20260302,15243.7981,15362.0397,15440.7152,15134.9101,1179777.0,-25192.0,633200.0,1.0,0.0,554.0,0.0,1.0,-2.0,41176.0,-47899.0,15329.56554,15024.65927,14866.98492,304.9062699999995,462.5806200000006,14966.82941714286,14779.26981577778,537362.2,,,1.457911806429092,1.317893662919439,2.775805469348531,1.0,554.0,-1.0,-6723.0,-0.021353187932973774,-0.2371640856229295,0.1688,0.8275862068965518,0.6849,0.7893,0.485
20260303,15272.9691,15242.556,15278.4404,15129.3277,1164646.0,-15131.0,547035.0,1.0,0.0,1537.0,0.0,1.0,-2.0,43700.0,-47958.0,15329.00904,15091.39933,14896.58295,237.6097099999988,432.426089999999,15003.29619428571,14811.02638420635,558604.6,,,1.43325469918748,1.317893662919439,2.751148362106919,1.0,1537.0,-1.0,-4258.0,-0.012991930595219492,-0.3193633478952056,0.1687,0.8267651888341543,0.6712,0.7893,0.4058
20260304,15227.4799,15258.8596,15331.3228,15155.4275,1159387.0,-5259.0,514562.0,1.0,0.0,1355.0,0.0,1.0,-2.0,39921.0,-50111.0,15301.12608,15146.45763,14928.12548,154.6684499999974,373.0005999999994,15035.03697460317,14846.04738245238,561733.6,,,1.470588675098599,1.317893662919439,2.788482338018038,1.0,1355.0,-1.0,-10190.0,-0.004536017740409372,-0.204322176640347,0.1808,0.9261083743842364,0.6712,0.7893,0.506
20260305,15274.2408,15259.0369,15473.7079,15237.2302,1169545.0,10158.0,731088.0,1.0,0.0,1038.0,0.0,1.0,-2.0,34784.0,-55860.0,15284.2141,15197.84004,14943.479115,86.3740600000001,340.7349850000028,15071.60304103174,14884.1731351746,607933.2,877305.6,0.237015,1.489679669912699,1.336435478918059,2.826115148830757,1.0,1038.0,-1.0,-21076.0,0.00868542894886473,-0.2999446071774109,0.2061,1.0,0.6986,0.7667,0.4248
20260306,15317.2284,15271.2126,15344.2329,15212.9506,1167635.0,-1910.0,391657.0,1.0,0.0,756.0,0.0,1.0,-2.0,35369.0,-54545.0,15267.14326,15249.39418,14962.796575,17.74908000000141,304.3466850000004,15106.437735,14924.69871771428,615307.8,,,1.492635386975276,1.336435478918059,2.829070865893334,1.0,756.0,-1.0,-19176.0,-0.0016357851554638222,-0.2350388365859703,0.1965,0.9304851556842868,0.6849,0.8547,0.488
20260309,15306.986,15347.6784,15721.2647,15278.8114,1161183.0,-6452.0,1224720.0,1.0,0.0,0.0,-1339.0,1.0,-2.0,34791.0,-58174.0,15279.78084,15304.67319,14993.23301,-24.89235000000008,286.5478300000013,15145.92259595238,14968.42825207143,706972.1,1469664.0,,1.652098982693298,1.35099660818596,3.003095590879258,1.0,-1339.0,-1.0,-23383.0,-0.0055564023930767155,-0.2608799259468544,0.2042,0.9862418537291816,0.6575,0.788,0.4639
20260310,15341.2598,15330.3081,15413.8366,15226.1719,1132998.0,-28185.0,603392.0,1.0,0.0,998.0,0.0,1.0,-2.0,34247.0,-54800.0,15293.43898,15311.22401,15030.437585,-17.7850299999991,263.001395000003,15177.47208198413,15011.03701497619,705553.8,,,1.617708170798903,1.35099660818596,2.968704778984863,1.0,998.0,-1.0,-20553.0,-0.02487647815794909,-0.3436000045615114,0.203,0.9775524981897177,0.6712,0.788,0.3848
20260311,15518.7471,15347.8753,15658.7197,15347.875,1151431.0,18433.0,944733.0,1.0,0.0,3133.0,0.0,2.0,-2.0,34230.0,-50578.0,15351.69242,15326.40925,15072.544115,25.28317000000061,279.1483050000006,15221.19559793651,15052.13139634127,715959.3,1133679.6,0.277035,1.712004645542119,1.394954960361649,3.106959605903768,1.0,3133.0,0.0,-16348.0,0.0160087751675958,-0.2250931540752136,0.2409,1.0,0.6712,0.788,0.499
20260312,15555.5456,15600.4433,15666.0129,15453.3221,1158004.0,6573.0,722952.0,1.0,0.0,5156.0,0.0,2.0,-2.0,39207.0,-49742.0,15407.95338,15346.08374,15115.018285,61.86964000000262,292.9350949999989,15268.74896222222,15092.05313904762,685452.6,,,1.746203931070751,1.397956178940515,3.144160110011266,1.0,5156.0,0.0,-10535.0,0.0056761461963861955,-0.3773884454626719,0.2376,0.9809138230190861,0.6986,0.788,0.3447
20260313,15446.2106,15600.3022,15755.0724,15396.5011,1163879.0,5875.0,1012064.0,2.0,0.0,19704.0,0.0,1.0,-2.0,37172.0,-53198.0,15433.74982,15350.44654,15155.614645,83.30328000000009,278.1351750000013,15307.30726198413,15130.38498621429,732540.3,1214476.8,,1.823256963388068,1.448132246298916,3.271389209686985,2.0,19704.0,-1.0,-16026.0,0.005047775584919051,-0.2649494219297895,0.2091,0.7969348659003831,0.6849,0.8013,0.4599
20260316,15500.8193,15479.8184,15530.8763,15366.0976,1149608.0,-14271.0,630024.0,2.0,0.0,19567.0,0.0,1.0,-2.0,41470.0,-54404.0,15472.51648,15376.14866,15200.403965,96.36782000000312,272.1125150000007,15338.02227087302,15167.5042715873,732222.7,,,1.649723109429081,1.448132246298916,3.097855355727997,2.0,19567.0,-1.0,-12934.0,-0.012413796702876111,-0.4185602986064486,0.1884,0.6509308510638299,0.6712,0.8013,0.3076
20260317,15436.6062,15485.3262,15619.771,15426.1978,1153430.0,3822.0,607756.0,2.0,0.0,17879.0,0.0,1.0,-2.0,36679.0,-54854.0,15491.58576,15392.51237,15241.95585,99.07338999999774,249.629909999996,15364.13928246032,15203.58858040476,738294.8,,,1.617809214540288,1.448132246298916,3.065941460839205,2.0,17879.0,-1.0,-18175.0,0.00331359510330059,-0.4006301103569967,0.1975,0.7077441077441078,0.6986,0.86,0.3257
20260318,15241.4091,15467.0691,15476.9137,15210.3696,1110568.0,-42862.0,760243.0,2.0,0.0,3792.0,0.0,1.0,-2.0,35583.0,-54945.0,15436.11816,15393.90529,15270.18146,42.2128700000012,165.9367000000002,15371.06055269841,15237.19093821429,762862.9,,,1.543942707841858,1.511241790700179,3.055184498542037,2.0,3792.0,-1.0,-19362.0,-0.038594665072287336,-0.4517599303516051,0.131,0.25993265993265996,0.7397,0.9187,0.2675
20260319,15186.8464,15259.5823,15296.3293,15171.7405,1083563.0,-27005.0,522585.0,1.0,0.0,2813.0,0.0,1.0,-2.0,42124.0,-56598.0,15362.37832,15385.16585,15291.502945,-22.78752999999961,70.87537499999962,15365.6454261111,15266.59517672222,742012.6,,,1.524943439048172,1.448132246298916,2.973075685347088,1.0,2813.0,-1.0,-14474.0,-0.024922408757035816,-0.4797549844625305,0.133,0.27242076871207016,0.7671,0.9547,0.2295
20260320,15253.1858,15171.2226,15310.3075,15069.2108,1066242.0,-17321.0,582990.0,1.0,0.0,2359.0,0.0,1.0,-2.0,44612.0,-51385.0,15323.77336,15378.76159,15314.077885,-54.98822999999902,9.69547500000408,15358.70466325397,15291.82186954762,761145.9,,,1.494763013822078,1.50490315436393,2.999666168186009,1.0,2359.0,-1.0,-6773.0,-0.01624490500280424,-0.536147291160878,0.1381,0.3068105192178018,0.7808,0.96,0.1523
20260323,15325.7023,15241.1331,15453.1229,15227.3471,1058085.0,-8157.0,579009.0,1.0,0.0,1544.0,0.0,1.0,-2.0,44398.0,-51165.0,15288.74996,15380.63322,15342.653205,-91.8832599999987,-53.9032449999977,15356.74581095238,15312.90419104762,696574.8,,,1.530064769386071,1.516163129005061,3.046227898391133,1.0,1544.0,-1.0,-6767.0,-0.007709210507662428,-0.5215225469015816,0.1546,0.4141208418194161,0.7945,0.9693,0.1723
20260324,15270.4947,15299.6083,15403.5106,15260.0262,1068985.0,10900.0,400144.0,1.0,0.0,1763.0,0.0,1.0,-2.0,43508.0,-52273.0,15255.52766,15373.55671,15342.39036,-118.0290499999974,-86.86269999999968,15352.96495865079,15330.45347871429,676250.0,,,1.514682045392231,1.516163129005061,3.030845174397293,1.0,1763.0,-1.0,-8765.0,0.010196588352502608,-0.5946571650392329,0.1503,0.37987679671457897,0.8219,0.9693,0.1012
20260325,15390.5711,15266.6769,15488.1756,15219.3527,1056284.0,-12701.0,563528.0,1.0,0.0,472.0,0.0,1.0,-2.0,43351.0,-49854.0,15285.36006,15360.73911,15343.57418,-75.37904999999773,-58.21412000000055,15354.24371293651,15343.75829021428,638129.5,,0.183195,1.524367623365309,1.586970401799959,3.111338025165268,1.0,472.0,-1.0,-6503.0,-0.012024228332531781,-0.5448081516701683,0.1593,0.4414784394250513,0.8356,0.9667,0.1423
20260326,15469.3589,15376.7532,15499.7211,15330.0968,1071556.0,15272.0,396897.0,1.0,0.0,3089.0,0.0,1.0,-2.0,38849.0,-47622.0,15341.86256,15352.12044,15349.10209,-10.25788000000284,-7.239530000000741,15362.43303246032,15353.12669723809,605524.0,,,1.541103520737931,1.586970401799959,3.12807392253789,1.0,3089.0,-1.0,-8773.0,0.014252171608390042,-0.4782763681487427,0.159,0.43865661411925977,0.8904,0.976,0.2365
20260327,15452.8705,15440.9889,15488.1301,15361.2426,1087851.0,16295.0,467129.0,1.0,0.0,4731.0,0.0,1.0,-2.0,39360.0,-47491.0,15381.7995,15352.78643,15351.616485,29.01307000000088,30.1830149999987,15370.99884904761,15359.49585594444,551030.5,,,1.39355043983887,1.586970401799959,2.980520841638829,1.0,4731.0,-1.0,-8131.0,0.014979073420900473,-0.5745216815158336,0.1546,0.40849897189856055,0.8904,0.9867,0.1132
20260330,15443.1741,15449.7625,15535.5058,15407.0415,1087786.0,-65.0,402747.0,1.0,0.0,3696.0,0.0,1.0,-2.0,38327.0,-44958.0,15405.29386,15347.02191,15361.585285,58.27194999999847,43.70857500000056,15379.74371103174,15363.66799996032,528302.8,,,1.365419114266796,1.586970401799959,2.952389516066755,1.0,3696.0,-1.0,-6631.0,-5.9754400222102506e-05,-0.5688953723577511,0.1548,0.3884943181818181,0.9726,0.992,0.1212
20260331,15358.0906,15464.3051,15484.7392,15309.4468,1077501.0,-10285.0,397917.0,2.0,0.0,7593.0,0.0,1.0,-2.0,40177.0,-41981.0,15422.81304,15339.17035,15365.84136,83.64268999999877,56.97168000000238,15381.62781103175,15365.41685281746,507318.9,,,1.300415032148859,1.586970401799959,2.887385433948818,2.0,7593.0,-1.0,-1804.0,-0.009545234760803007,-0.5978840791410657,0.1341,0.06479859894921182,0.9726,0.992,0.0982
20260401,15307.9419,15385.7423,15587.895,15266.9381,1083966.0,6465.0,891332.0,1.0,0.0,2658.0,0.0,1.0,-2.0,39380.0,-43354.0,15406.2872,15345.82363,15369.86446,60.46356999999807,36.42273999999998,15379.95798166666,15366.30659571428,520427.8,1069598.4,,1.352248896202564,1.586970401799959,2.939219298002524,1.0,2658.0,-1.0,-3974.0,0.005964209209513951,-0.5808658681498633,0.1385,0.10332749562171634,0.9726,0.992,0.1092
20260402,15283.6724,15309.7071,15467.1049,15275.2919,1096627.0,12661.0,547621.0,1.0,-1.0,0.0,-1256.0,1.0,-2.0,40660.0,-46304.0,15369.1499,15355.50623,15370.33604,13.64367000000129,-1.186139999999796,15374.17794753968,15367.15984785714,522931.4,,0.179055,1.275680959363221,1.586970401799959,2.86265136116318,0.0,-1256.0,-1.0,-5644.0,0.011545402402092963,-0.6137052271948827,0.1557,0.25328659070990367,0.9726,0.992,0.0842
20260403,15283.4953,15303.5249,15353.8,15224.7387,1091908.0,-4719.0,434716.0,1.0,-1.0,0.0,-965.0,1.0,-2.0,39316.0,-44807.0,15335.27486,15358.53718,15368.649385,-23.26231999999982,-33.37452500000109,15364.90555873016,15367.77993740476,508104.0,,,1.260336518543747,1.586970401799959,2.847306920343706,0.0,-965.0,-1.0,-5491.0,-0.0043217926785040495,-0.4853003062075016,0.1376,0.09465381244522351,0.9726,1.0,0.2305
20260407,15282.4901,15328.4897,15384.6226,15272.0447,1099672.0,7764.0,336769.0,1.0,-1.0,0.0,-3627.0,1.0,-2.0,38211.0,-43660.0,15303.13806,15354.21596,15367.42459,-51.07789999999659,-64.2865299999994,15358.26299753968,15367.93165606349,483880.0,,,1.223490480205858,1.586970401799959,2.810460882005818,0.0,-3627.0,-1.0,-5449.0,0.007060287067416466,-0.6010484499814226,0.1462,0.17002629272567923,0.9726,1.0,0.0962
20260408,15251.1466,15319.3184,15319.3184,15165.9822,1076064.0,-23608.0,493916.0,1.0,0.0,591.0,0.0,1.0,-2.0,40984.0,-41627.0,15281.74926,15352.28115,15362.91893,-70.5318900000002,-81.16967000000295,15346.0571313492,15367.24087333333,493257.2,,,1.170671900752958,1.516163129005061,2.68683502975802,1.0,591.0,-1.0,-643.0,-0.02193921551134505,-0.5711185772173755,0.1047,0.0,0.9589,0.9973,0.1212
20260409,15288.1471,15286.251,15322.6553,15233.3869,1078391.0,2327.0,393868.0,1.0,0.0,922.0,0.0,1.0,-2.0,41175.0,-37852.0,15277.7903,15342.03875,15351.38893,-64.24845000000278,-73.5986299999986,15337.85261,15365.60176303968,476291.2,,,1.153665359818535,1.461924063391498,2.615589423210032,1.0,922.0,-1.0,3323.0,0.002157844418211947,-0.570292215472064,0.1247,0.1468428781204112,0.9863,1.0,0.1232
20260410,15655.2697,15298.0563,15754.2268,15296.6084,1196795.0,118404.0,1408167.0,1.0,-1.0,0.0,-3237.0,2.0,-2.0,42090.0,-27787.0,15352.10976,15360.62983,15356.375135,-8.520069999998668,-4.265374999997221,15356.38935746032,15364.99739553968,577418.2,1689800.4,0.182505,1.25612133139094,1.461924063391498,2.718045394782437,0.0,-3237.0,0.0,14303.0,0.09893423685760719,-0.6079096014043616,0.1587,0.3964757709251102,0.9863,1.0,0.0892
20260413,15407.6137,15654.5331,15734.6514,15295.627,1147977.0,-48818.0,1072810.0,1.0,0.0,4055.0,0.0,2.0,-1.0,35621.0,-22044.0,15376.93344,15356.10415,15354.44529,20.82929000000331,22.48815000000286,15367.84236904762,15364.68174753968,637986.3,1287372.0,,1.354761944798153,1.461924063391498,2.816686008189651,1.0,4055.0,1.0,13577.0,-0.042525242230462806,,0.1495,0.328928046989721,0.9726,0.9933,
20260414,15489.3195,15448.1933,15567.9596,15402.0565,1142584.0,-5393.0,502522.0,1.0,0.0,2913.0,0.0,2.0,-2.0,38300.0,-21873.0,15418.29932,15360.71869,15353.8703,57.58063000000038,64.42901999999958,15379.02926198413,15364.61030263492,647963.8,,,1.36379512612235,1.461924063391498,2.825719189513848,1.0,2913.0,0.0,16427.0,-0.004720003080736296,-0.6404789054018813,0.1465,0.30690161527165927,0.9726,0.992,0.0652
20260415,15537.6568,15489.9209,15584.9334,15433.5627,1102595.0,-39989.0,514100.0,2.0,0.0,11910.0,0.0,2.0,-1.0,42433.0,-23294.0,15475.60136,15378.67531,15358.92283,96.92605000000003,116.678530000001,15394.81535357143,15365.92905688889,659582.1,,,1.308364746750662,1.402146290495067,2.710511037245728,2.0,11910.0,1.0,19139.0,-0.03626807667366531,-0.6249242738421996,0.1462,0.30469897209985314,0.9452,0.9907,0.0782
20260416,15864.4577,15552.4345,15916.8155,15552.4345,1198526.0,95931.0,948869.0,2.0,0.0,8162.0,0.0,2.0,-1.0,49665.0,-16299.0,15590.86348,15434.32689,15390.07526,156.5365899999997,200.7882199999985,15433.05905420635,15371.23916414286,665335.8,1138642.8,0.182735,1.403019682523287,1.402146290495067,2.805165973018353,2.0,8162.0,1.0,33366.0,0.08004081680330673,-0.6119177348122918,0.1589,0.3979441997063144,0.9452,0.9933,0.0893
20260417,15907.4965,15851.1896,15944.3101,15792.6518,1194605.0,-3921.0,597097.0,3.0,0.0,33109.0,0.0,2.0,-1.0,48714.0,-18070.0,15641.30884,15496.7093,15426.107765,144.5995399999993,215.2010750000027,15479.98119944444,15381.81948933333,670283.4,,,1.411520472927406,1.402146290495067,2.813666763422472,3.0,33109.0,1.0,30644.0,-0.0032822564780827135,-0.6110105649926139,0.1587,0.3964757709251102,0.9863,0.9973,0.0903
20260420,15977.3163,15928.0475,16038.1355,15733.2396,1213212.0,18607.0,800576.0,3.0,0.0,35683.0,0.0,2.0,-1.0,52918.0,-21219.0,15755.24936,15566.0914,15462.31429,189.1579600000005,292.9350700000014,15528.83854388889,15398.21278784921,706869.4,,0.185495,1.489388917682305,1.409652940255821,2.899041857938125,3.0,35683.0,1.0,31699.0,0.015336973257765337,-0.558447833173721,0.1613,0.4155653450807636,0.9863,0.996,0.1434
20260421,15960.3189,15956.4368,16012.5298,15890.1528,1195516.0,-17696.0,490591.0,3.0,0.0,15460.0,0.0,2.0,-1.0,58225.0,-17662.0,15849.44924,15633.87428,15494.04512,215.5749600000017,355.4041200000011,15577.0068534127,15420.08717343651,722251.6,,,1.460935601710177,1.409652940255821,2.870588541965997,3.0,15460.0,1.0,40563.0,-0.014801976719675855,-0.5032360764763556,0.1526,0.35168869309838485,0.9178,0.968,0.2177
20260422,16205.9579,15969.6335,16381.1182,15963.935,1240320.0,44804.0,947771.0,2.0,0.0,14706.0,0.0,2.0,-1.0,59139.0,-22454.0,15983.10946,15729.35541,15540.81828,253.7540500000014,442.2911800000038,15640.09616079365,15449.49107638095,767637.1,1137325.2,0.19182,1.500644944544207,1.516163129005061,3.016808073549268,2.0,14706.0,1.0,36685.0,0.03612293601651187,-0.5073194827642186,0.1668,0.4559471365638767,0.9315,0.9627,0.2126
20260423,16266.4179,16198.0123,16403.8099,16105.9167,1243699.0,3379.0,827515.0,2.0,0.0,20019.0,0.0,2.0,-1.0,61984.0,-19612.0,16063.5015,15827.18249,15584.61062,236.3190100000011,478.8908800000045,15708.52566095239,15486.55838147619,811001.8,,0.19389,1.542277675431435,1.516163129005061,3.058440804436496,2.0,20019.0,1.0,42372.0,0.0027168953259590948,-0.5302759824688357,0.1686,0.4691629955947137,0.9315,0.944,0.1765
20260424,16183.0054,16214.7812,16265.254,16131.8472,1212818.0,-30881.0,607733.0,2.0,0.0,20199.0,0.0,2.0,-1.0,67135.0,-21689.0,16118.60328,15879.95606,15620.292945,238.6472199999989,498.3103350000001,15767.62888325397,15527.68233405556,730958.4,,,1.538480838670201,1.409652940255821,2.948133778926022,2.0,20199.0,1.0,45446.0,-0.025462188061193023,-0.5582135189012696,0.1572,0.38546255506607935,0.9041,0.9693,0.1444
20260427,16412.2879,16175.7157,16461.484,16120.3911,1255936.0,43118.0,808589.0,2.0,0.0,16924.0,0.0,2.0,-1.0,66141.0,-21096.0,16205.5976,15980.42348,15668.263815,225.1741199999979,537.3337849999971,15835.97966865079,15574.49606401587,704536.3,,,1.633840894198603,1.409652940255821,3.043493834454424,2.0,16924.0,1.0,45045.0,0.034331367203424376,-0.471042451263705,0.165,0.44273127753303976,0.863,0.86,0.2648
20260428,16415.361,16418.952,16471.024,16268.0094,1242025.0,-13911.0,649103.0,2.0,0.0,19455.0,0.0,2.0,-1.0,64468.0,-20784.0,16296.60602,16073.02763,15716.87316,223.5783900000006,579.7328600000019,15906.9870084127,15627.29183865873,719194.4,,,1.647614944056974,1.409652940255821,3.057267884312795,2.0,19455.0,1.0,43684.0,-0.011200257643767236,-0.519989865480745,0.1578,0.3898678414096916,0.7945,0.7213,0.1926
20260429,16386.63,16468.0678,16468.0678,16305.3299,1202907.0,-39118.0,505360.0,2.0,0.0,18238.0,0.0,2.0,-1.0,65156.0,-20994.0,16332.74044,16157.92495,15768.30013,174.815489999999,564.44031,15972.89980063492,15685.10028336508,718320.4,,,1.672370589474321,1.409652940255821,3.082023529730141,2.0,18238.0,1.0,44162.0,-0.03251955471204341,-0.5081696146720263,0.1522,0.34875183553597655,0.7808,0.676,0.2146
20260430,16562.1218,16352.2907,16588.4044,16330.9674,1197005.0,-5902.0,572971.0,2.0,0.0,16751.0,0.0,2.0,-1.0,71795.0,-24441.0,16391.88122,16227.69136,15831.009125,164.1898600000022,560.8720950000024,16043.08122857143,15746.10250080159,680730.6,,,1.57271227051851,1.505659261787782,3.078371532306292,2.0,16751.0,1.0,47354.0,-0.00493063938747123,-0.4840782820820874,0.1535,0.35829662261380324,0.7397,0.6587,0.2497
20260506,16722.1112,16864.5625,16954.7694,16690.7849,1198002.0,997.0,682426.0,2.0,0.0,18367.0,0.0,2.0,-1.0,66400.0,-25254.0,16499.70238,16309.15283,15902.931065,190.5495499999979,596.7713149999981,16135.00170142857,15811.604551,689263.5,,,1.543029713834023,1.505659261787782,3.048688975621805,2.0,18367.0,1.0,41146.0,0.0008322189779315895,,0.158,0.3913362701908958,0.7123,0.7027,
20260507,16631.0605,16638.4887,16910.5249,16612.8961,1221269.0,23267.0,939731.0,2.0,0.0,21260.0,0.0,2.0,-1.0,58599.0,-20880.0,16543.4569,16374.52725,15970.309325,168.9296499999982,573.1475749999972,16209.95355976191,15879.7160525873,703179.0,1127677.2,0.1863,1.593290556664025,1.564875964637791,3.158166521301816,2.0,21260.0,1.0,37719.0,0.019051494797624437,-0.5311952416941497,0.162,0.420704845814978,0.7123,0.684,0.1767
20260508,16307.9402,16512.3994,16617.7977,16293.4963,1201917.0,-19352.0,1107325.0,2.0,0.0,19744.0,0.0,2.0,-1.0,49953.0,-21717.0,16521.97274,16409.28938,16021.58183,112.6833600000027,500.3909100000001,16251.70796571428,15947.18616381746,764852.4,1328790.0,,1.669637681982915,1.564875964637791,3.234513646620707,2.0,19744.0,1.0,28236.0,-0.016100945406379973,-0.5415671522206911,0.1534,0.35756240822320123,0.7534,0.684,0.1616
20260511,16334.9849,16332.7079,16500.6982,16322.9442,1188081.0,-13836.0,822740.0,2.0,0.0,14046.0,0.0,1.0,-2.0,39333.0,-17826.0,16511.64372,16422.19208,16075.773745,89.45163999999932,435.8699750000014,16284.7028818254,16011.64683592064,752349.3,,,1.584539229434896,1.505659261787782,3.090198491222678,2.0,14046.0,-1.0,21507.0,-0.011645670623467592,-0.5409630732665962,0.1476,0.314977973568282,0.7534,0.684,0.1647
20260512,16380.4548,16339.978,16572.5525,16268.2193,1162791.0,-25290.0,810365.0,1.0,0.0,6530.0,0.0,1.0,-2.0,36909.0,-18491.0,16475.31032,16433.59577,16130.38913,41.71454999999696,344.9211899999973,16314.18739444445,16072.21300926984,750634.3,,,1.64800731633615,1.564875964637791,3.212883280973942,1.0,6530.0,-1.0,18418.0,-0.02174939434515747,-0.5882521650038048,0.1535,0.35829662261380324,0.6575,0.4707,0.1135
20260513,16501.8171,16392.3368,16561.107,16389.9686,1165284.0,2493.0,696546.0,1.0,0.0,7736.0,0.0,2.0,-2.0,36774.0,-18319.0,16431.2515,16465.47694,16172.7165,-34.22544000000198,258.534999999998,16349.5400934127,16130.40413028571,759515.6,,,1.590046292464194,1.564875964637791,3.154922257101986,1.0,7736.0,0.0,18455.0,0.0021393926287497297,,0.1501,0.3333333333333334,0.6575,0.472,
20260514,16441.6808,16527.7438,16594.6275,16394.9193,1165272.0,-12.0,693026.0,1.0,0.0,14249.0,0.0,2.0,-1.0,29255.0,-15189.0,16393.37556,16468.41623,16224.419855,-75.0406699999985,168.9557050000003,16378.49171738095,16184.65533515873,747959.3,,,1.620373503582003,1.564875964637791,3.185249468219795,1.0,14249.0,1.0,14066.0,-1.029802483883591e-05,-0.5562409088062807,0.1454,0.29882525697503676,0.6849,0.488,0.1467
20260515,16089.9106,16326.6275,16377.6664,16085.1574,1071577.0,-93695.0,980941.0,1.0,0.0,7419.0,0.0,1.0,-2.0,29861.0,-26973.0,16349.76964,16435.87119,16254.44941,-86.10154999999577,95.32023000000117,16374.53158,16231.40979231746,781143.1,1177129.2,,1.593201997823995,1.593198014862583,3.186400012686578,1.0,7419.0,-1.0,2888.0,-0.08743655378941503,-0.6189846986928765,0.1431,0.28193832599118945,0.7534,0.6013,0.0864
20260518,16092.0918,16076.179,16145.1679,15960.4217,1040109.0,-31468.0,588896.0,1.0,0.0,7121.0,0.0,1.0,-2.0,29894.0,-24964.0,16301.19102,16406.41737,16282.17116,-105.2263500000008,19.0198599999967,16356.9225984127,16269.81207209524,789496.7,,,1.54510257666017,1.593198014862583,3.138300591522754,1.0,7121.0,-1.0,4930.0,-0.03025452140112238,-0.6138318963402303,0.1354,0.22540381791483108,0.7808,0.656,0.0874
20260519,16116.1288,16129.5302,16248.8472,16070.9764,1030543.0,-9566.0,593261.0,1.0,0.0,6853.0,0.0,2.0,-2.0,27912.0,-22644.0,16248.32582,16361.81807,16294.754715,-113.4922500000011,-46.42889500000092,16343.68965246031,16299.87291448413,791525.7,,,1.564428844874186,1.564875964637791,3.129304809511977,1.0,6853.0,0.0,5268.0,-0.009282485058847618,-1.582292113980634,0.1325,0.20411160058737157,0.7671,0.7067,0.001
20260520,16132.5456,16145.4573,16207.1589,15949.4789,986960.0,-43583.0,604605.0,1.0,0.0,5499.0,0.0,2.0,-2.0,31267.0,-24221.0,16174.47152,16302.86151,16306.00717,-128.3899899999979,-131.5356499999998,16326.83283150793,16319.05602749206,783743.6,,,1.529932375296767,1.587286287905556,3.117218663202322,1.0,5499.0,0.0,7046.0,-0.04415883115830429,-0.4525237613598777,0.1236,0.13876651982378857,0.7808,0.7547,0.3055
20260521,16001.4026,16159.4423,16184.9829,15972.3237,986423.0,-537.0,561875.0,1.0,0.0,5524.0,0.0,1.0,-2.0,29242.0,-28390.0,16086.41588,16239.89572,16307.211485,-153.4798400000036,-220.7956050000048,16302.73202492064,16328.33387400794,745958.0,,,1.536918742613305,1.587286287905556,3.124205030518861,1.0,5524.0,-1.0,852.0,-0.0005443911993130736,-0.5244622879297336,0.1284,0.17400881057268713,0.8493,0.7947,0.198
20260522,15910.1307,16002.0383,16011.7965,15871.9892,977249.0,-9174.0,583273.0,1.0,0.0,5700.0,0.0,1.0,-2.0,32075.0,-32665.0,16050.4599,16200.11477,16304.702075,-149.6548700000021,-254.2421750000012,16265.86915261905,16329.74999269841,693552.8,,,1.530080212542969,1.587286287905556,3.117366500448524,1.0,5700.0,-1.0,-590.0,-0.009387576758840378,-0.4653434009858959,0.1269,0.1629955947136565,0.9452,0.9387,0.2854
20260525,15951.5741,15903.9943,16030.935,15876.072,967457.0,-9792.0,456357.0,1.0,0.0,5207.0,0.0,1.0,-2.0,30270.0,-32183.0,16022.35636,16161.77369,16291.982885,-139.4173299999984,-269.6265250000015,16231.24107539683,16324.40381205555,656914.5,,,1.489119551699724,1.564875964637791,3.053995516337515,1.0,5207.0,-1.0,-1913.0,-0.010121380071672436,-0.495350044572967,0.1249,0.14831130690161526,0.9452,0.9387,0.2442
20260526,16131.8969,15952.2076,16173.8064,15914.0764,959959.0,-7498.0,622162.0,1.0,0.0,4067.0,0.0,1.0,-2.0,26583.0,-32824.0,16025.50998,16136.9179,16285.256835,-111.4079200000015,-259.7468550000031,16210.08161793651,16313.99323440476,638094.2,,,1.434443036634978,1.564875964637791,2.999319001272769,1.0,4067.0,-1.0,-6241.0,-0.007810750250791961,-0.483706248091981,0.1275,0.16740088105726875,0.8219,0.912,0.2613
20260527,16074.9225,16105.4842,16196.6786,16050.9413,935939.0,-24020.0,509126.0,1.0,0.0,4683.0,0.0,2.0,-2.0,21422.0,-31875.0,16013.98536,16094.22844,16279.85269,-80.24308000000019,-265.8673299999991,16190.36092666666,16298.07531773016,619352.2,,,1.370895715714881,1.505659261787782,2.876554977502662,1.0,4683.0,0.0,-10453.0,-0.025664065713684334,-0.4793422237391621,0.1273,0.1659324522760646,0.8219,0.9053,0.2683
20260528,16189.1276,16050.9395,16231.3458,15993.7582,920437.0,-15502.0,582024.0,1.0,0.0,4551.0,0.0,1.0,-2.0,28275.0,-31989.0,16051.53036,16068.97312,16268.694675,-17.44276000000173,-217.1643150000018,16176.59080119048,16277.88522611111,608252.0,,,1.327446022072649,1.505659261787782,2.83310528386043,1.0,4551.0,-1.0,-3714.0,-0.016842000049976262,-0.4941437006754053,0.1239,0.1409691629955947,0.7671,0.7853,0.2452
20260529,16150.3226,16139.8599,16216.0921,16088.404,889206.0,-31231.0,519830.0,2.0,0.0,5804.0,0.0,1.0,-2.0,26747.0,-31422.0,16099.56874,16075.01432,16255.442755,24.55442000000039,-155.8740150000012,16164.54874158731,16256.88694226984,562140.9,,0.147775,1.299758765990907,1.469818654588733,2.76957742057964,2.0,5804.0,-1.0,-4675.0,-0.03512234510338437,-0.4648293598888757,0.1285,0.1747430249632893,0.7123,0.5307,0.2935
20260601,16397.3919,16136.9729,16447.4061,16107.933,926496.0,37290.0,735887.0,2.0,-1.0,6307.0,-6499.0,1.0,-2.0,19335.0,-25800.0,16188.7323,16105.54433,16255.98085,83.18796999999904,-67.24855000000207,16168.63391253968,16238.05807368254,576840.0,883064.4,,1.315197625694224,1.505659261787782,2.820856887482006,1.0,-192.0,-1.0,-6465.0,0.04024841985286499,-0.495023355341075,0.1226,0.13142437591776798,0.7671,0.6733,0.2452
20260602,16426.8595,16351.8693,16440.4791,16276.0864,966504.0,40008.0,608901.0,3.0,0.0,16423.0,-6501.0,1.0,-2.0,15343.0,-24475.0,16247.72482,16136.6174,16249.217735,111.1074200000003,-1.492914999998902,16180.02465095238,16221.69157353175,578404.0,,,1.308442537209073,1.505659261787782,2.814101798996855,3.0,9922.0,-1.0,-9132.0,0.0413945519108043,-0.48227504769505,0.1259,0.15565345080763593,0.6986,0.5293,0.2653
20260603,16429.3325,16410.5728,16509.6549,16391.5233,990360.0,23856.0,508622.0,1.0,0.0,6133.0,0.0,1.0,-2.0,13518.0,-25945.0,16318.60682,16166.29609,16234.5788,152.3107299999992,84.02801999999792,16198.6576515873,16208.87405553968,568805.7,,,1.272433107479696,1.469818654588733,2.742251762068429,1.0,6133.0,-1.0,-12427.0,0.024088210347752333,-0.4887294828728228,0.1259,0.15565345080763593,0.7123,0.516,0.2533
20260604,16239.2704,16390.8862,16487.959,16152.515,988140.0,-2220.0,629185.0,1.0,0.0,6843.0,0.0,1.0,-2.0,16490.0,-32735.0,16328.63538,16190.08287,16214.989295,138.5525099999995,113.6460850000003,16204.44271269841,16199.04512431746,575536.7,,,1.26227592966717,1.505659261787782,2.767935191454952,1.0,6843.0,-1.0,-16245.0,-0.0022466452122168923,-0.5141377755402349,0.123,0.1343612334801762,0.726,0.4987,0.2181
20260605,16000.1975,16234.2182,16276.2115,15980.6244,989872.0,1732.0,674825.0,1.0,0.0,8519.0,0.0,2.0,-2.0,18906.0,-33153.0,16298.61036,16199.08955,16199.60216,99.52080999999998,99.00820000000203,16190.02764492063,16191.46097354762,584691.9,,,1.311800719971016,1.505659261787782,2.817459981758798,1.0,8519.0,0.0,-14247.0,0.0017497211760712497,-0.5656352728308374,0.1217,0.12481644640234951,0.7397,0.6173,0.1397
20260608,15915.2627,16054.4826,16057.7004,15839.605,994302.0,4430.0,610377.0,1.0,0.0,8451.0,0.0,2.0,-1.0,25643.0,-29453.0,16202.18452,16195.45841,16178.61605,6.726109999997789,23.56846999999834,16165.41321793651,16184.87818780159,600093.9,,,1.330769305043582,1.505659261787782,2.836428566831364,1.0,8451.0,1.0,-3810.0,0.0044553867939519385,-0.5883258537086719,0.1171,0.09104258443465489,0.7534,0.6173,0.1166
20260609,15858.2798,15895.2289,15932.4635,15773.7823,997754.0,3452.0,462940.0,1.0,0.0,11810.0,0.0,2.0,-2.0,23335.0,-32709.0,16088.46858,16168.0967,16152.5073,-79.62811999999758,-64.03872000000047,16134.46511380952,16177.31653738889,584171.7,,,1.288518925275584,1.469818654588733,2.758337579864317,1.0,11810.0,0.0,-9374.0,0.0034597706448683744,-0.5392173553522008,0.1183,0.10233258088788562,0.7123,0.496,0.1749
20260610,15769.4431,15834.9849,15914.8044,15689.2596,993409.0,-4345.0,500127.0,2.0,-1.0,6686.0,-8062.0,2.0,-2.0,24926.0,-29190.0,15956.4907,16137.54876,16115.8886,-181.0580599999994,-159.3978999999999,16099.91883714285,16168.27232843651,583271.8,,,1.295560337433631,1.469818654588733,2.765378992022365,1.0,-1376.0,0.0,-4264.0,-0.004373827899686836,-0.5366285768490653,0.1199,0.1455938697318008,0.6849,0.4627,0.1799
20260611,15808.1194,15751.9708,15823.8935,15740.5324,1005742.0,12333.0,324108.0,1.0,-1.0,16700.0,-8491.0,2.0,-2.0,25569.0,-29852.0,15870.2605,16099.44794,16084.21053,-229.1874399999997,-213.9500300000018,16069.50935293651,16157.56418361111,557480.2,,,1.271097706439327,1.445188929782063,2.71628663622139,0.0,8209.0,0.0,-4283.0,0.012262588218449662,-0.5099085457620982,0.1168,0.13038793103448273,0.6438,0.3787,0.2281
20260612,15862.0016,15812.0352,15918.5648,15812.0352,1003170.0,-2572.0,320488.0,2.0,-1.0,11437.0,-8040.0,2.0,-2.0,21570.0,-32308.0,15842.62132,16070.61584,16072.81508,-227.994520000002,-230.1937600000001,16046.16387674603,16145.72569712699,537546.0,,,1.251884130634098,1.445188929782063,2.697073060416161,1.0,3397.0,0.0,-10738.0,-0.0025638725240986074,-0.5207930697314745,0.1161,0.12284482758620682,0.6164,0.38,0.205
20260615,15852.9362,15846.4918,15944.358,15814.7682,1004583.0,1413.0,329165.0,1.0,-1.0,10555.0,-8466.0,2.0,-2.0,21924.0,-34316.0,15830.15602,16016.17027,16060.8573,-186.0142499999984,-230.7012799999975,16025.11002801587,16131.3733086746,496873.8,,,1.195589520969256,1.445188929782063,2.640778450751319,0.0,2089.0,0.0,-12392.0,0.0014065537640991336,-0.5786498622293511,0.1139,0.14397496087636932,0.4932,0.3507,0.1236
