,收盘价,开盘价,最高价,最低价,持仓量,持仓量变动,成交量,家人多头席位数,家人空头席位数,家人多头持仓量,家人空头持仓量,机构多头席位数,机构空头席位数,机构多头持仓量,机构空头持仓量,ma5,ma10,ma20,diff5_10,diff5_20,DKX,MADKX,成交量MA10,成交量放大信号,ATRMA14,ATR60D60pct,推荐止损宽度,家人净多头席位,家人净多头持仓量,机构净多头席位,机构净多头持仓量,持仓量变幅,CB_index,IV,IV_pct,趋势横截面分位数,趋势历史分位数,CB_index历史分位数
20240506,103.235,103.17,103.265,103.05,120320.0,-5141.0,71735.0,2.0,0.0,4671.0,0.0,3.0,0.0,12867.0,0.0,103.194,103.353,103.31525,-0.1589999999999918,-0.1212499999999892,103.3273214285714,103.3396912698413,65903.1,,0.1862441906670598,0.1816347587466319,0.3678789494136917,2.0,4671.0,3.0,12867.0,-0.04272772606382979,0.0605443012282947,,,0.8082,0.892,0.097
20240507,103.395,103.31,103.43,103.31,116953.0,-3367.0,67884.0,2.0,0.0,4335.0,0.0,3.0,-1.0,12854.0,-979.0,103.183,103.3395,103.3325,-0.1565000000000083,-0.1495000000000175,103.3325357142857,103.3473015873016,66191.1,,0.188664902108487,0.1845963462401743,0.3732612483486613,2.0,4335.0,2.0,11875.0,-0.028789342727420418,0.0701440159336688,,,0.8082,0.912,0.105
20240508,103.365,103.365,103.405,103.305,112415.0,-4538.0,52866.0,2.0,0.0,2685.0,0.0,2.0,-1.0,13663.0,-4210.0,103.214,103.3265,103.34475,-0.1125000000000256,-0.1307500000000203,103.3354325396825,103.3520146825397,66473.4,,0.1841709714759597,0.1816347587466319,0.3658057302225917,2.0,2685.0,1.0,9453.0,-0.04036827825468132,0.0411035490287647,,,0.8219,0.9253,0.066
20240509,103.25,103.3,103.375,103.24,108431.0,-3984.0,46323.0,2.0,-1.0,1696.0,-124.0,2.0,-1.0,13915.0,-2098.0,103.283,103.302,103.34725,-0.01900000000000546,-0.06425000000001546,103.3290277777777,103.3529698412698,66339.8,,0.185914071760068,0.1765253493009277,0.3624394210609957,1.0,1572.0,1.0,11817.0,-0.03674226005478138,0.0556950023457161,,,0.8356,0.9467,0.093
20240510,103.295,103.295,103.36,103.215,104469.0,-3962.0,55016.0,2.0,-1.0,2507.0,0.0,2.0,-1.0,12897.0,-2272.0,103.308,103.2705,103.34725,0.03749999999999432,-0.03924999999999557,103.3240198412698,103.3498984126984,66594.7,,0.1893788856365798,0.1765253493009277,0.3659042349375075,1.0,2507.0,1.0,10625.0,-0.037925126113966826,0.0798873417894746,,,0.863,0.9507,0.121
20240513,103.41,103.345,103.445,103.3,97815.0,-6654.0,55616.0,2.0,0.0,3626.0,0.0,2.0,-1.0,9052.0,-3839.0,103.343,103.2685,103.353,0.07450000000001467,-0.009999999999990905,103.3272817460317,103.345196031746,65572.8,,0.1855928776573134,0.1765253493009277,0.3621182269582411,2.0,3626.0,1.0,5213.0,-0.0680263763226499,0.0532004970779891,,,0.9041,0.9613,0.088
20240514,103.43,103.445,103.495,103.37,91419.0,-6396.0,46096.0,2.0,0.0,3264.0,0.0,2.0,-1.0,9268.0,-4357.0,103.35,103.2665,103.3585,0.0835000000000008,-0.008500000000012164,103.3345873015873,103.339498015873,63680.8,,0.1876749732139764,0.1765253493009277,0.3642003225149041,2.0,3264.0,1.0,4911.0,-0.06996357431168576,0.0483493533749685,,,0.9315,0.9733,0.083
20240515,103.39,103.42,103.46,103.345,85276.0,-6143.0,41063.0,2.0,0.0,3853.0,0.0,2.0,-1.0,10518.0,-4029.0,103.355,103.2845,103.3575,0.07049999999998136,-0.002500000000011937,103.3388333333333,103.3341297619048,59354.4,,0.1880342471198604,0.1685404863244448,0.3565747334443052,2.0,3853.0,1.0,6489.0,-0.07203668089497631,0.0386940752413087,,,0.9589,0.976,0.065
20240516,103.325,103.37,103.405,103.27,78653.0,-6623.0,47597.0,2.0,0.0,3869.0,0.0,2.0,-1.0,11629.0,-4160.0,103.37,103.3265,103.35625,0.04349999999999454,0.01375000000000171,103.3366111111111,103.3323829365079,54135.0,,0.1877255818455872,0.1685404863244448,0.356266068170032,2.0,3869.0,1.0,7469.0,-0.08420530685415686,0.031458834039249,,,0.9589,0.9653,0.055
20240517,103.325,103.2,103.34,103.195,72448.0,-6205.0,48810.0,2.0,0.0,5012.0,0.0,2.0,-1.0,11318.0,-3464.0,103.376,103.342,103.354,0.03399999999999181,0.02200000000000557,103.3295357142857,103.3315186507936,53300.6,,0.1832445346453185,0.1619520201222481,0.3451965547675666,2.0,5012.0,1.0,7854.0,-0.08564763692579505,0.0411405480710551,,,1.0,1.0,0.071
20240520,103.415,103.375,103.45,103.31,62650.0,-9798.0,44752.0,2.0,0.0,3750.0,0.0,2.0,-1.0,13001.0,-6351.0,103.377,103.36,103.3565,0.0169999999999817,0.0204999999999842,103.3332380952381,103.3321103174603,50602.3,,0.183248969656737,0.1619520201222481,0.3452009897789852,2.0,3750.0,1.0,6650.0,-0.1563926576217079,0.043521596087295,,,1.0,1.0,0.075
20240521,103.34,103.385,103.385,103.25,52489.0,-10161.0,36879.0,2.0,0.0,3549.0,0.0,2.0,-1.0,13310.0,-5415.0,103.359,103.3545,103.347,0.004500000000007276,0.01200000000000045,103.3322380952381,103.3320805555556,47501.8,,0.1721694036300784,0.1619520201222481,0.3341214237523266,2.0,3549.0,1.0,7895.0,-0.19358341747794777,0.0435521337988701,,,0.9863,0.9707,0.076
20240522,103.375,103.32,103.4,103.305,86154.0,33665.0,50474.0,2.0,0.0,3563.0,0.0,2.0,-1.0,14629.0,-8204.0,103.356,103.3555,103.341,0.0005000000000165983,0.01500000000001478,103.3333531746031,103.3318726190476,47262.6,,0.1475752046007534,0.1619520201222481,0.3095272247230015,2.0,3563.0,1.0,6425.0,0.39075376651113125,0.031437883324816,,,0.9863,0.9707,0.055
20240523,103.43,103.4,103.47,103.4,90553.0,4399.0,44495.0,2.0,0.0,3587.0,0.0,2.0,-1.0,14226.0,-9007.0,103.377,103.3735,103.33775,0.003500000000002501,0.03924999999999557,103.3412777777778,103.3330976190476,47079.8,,0.1351089856114122,0.1598406357862852,0.2949496213976974,2.0,3587.0,1.0,5219.0,0.04857928505957837,0.0362553538292136,,,0.9863,0.9707,0.063
20240524,103.38,103.405,103.47,103.355,93980.0,3427.0,57666.0,2.0,0.0,3085.0,0.0,2.0,-1.0,14497.0,-10456.0,103.388,103.382,103.32625,0.006000000000014438,0.06175000000000352,103.3478888888889,103.3354845238095,47344.8,69199.2,0.1281851947827592,0.1596578487515591,0.2878430435343182,2.0,3085.0,1.0,4041.0,0.03646520536284316,0.0217601551459712,,,0.9863,0.9707,0.048
20240527,103.4,103.385,103.405,103.3,96170.0,2190.0,51573.0,2.0,0.0,3207.0,0.0,2.0,-1.0,14126.0,-7725.0,103.385,103.381,103.32475,0.003999999999990678,0.06024999999999636,103.3525277777778,103.3380091269841,46940.5,,0.1219655455971475,0.1596578487515591,0.2816233943487065,2.0,3207.0,1.0,6401.0,0.022772174274721845,0.0217600378298817,,,0.9863,0.9707,0.048
20240528,103.47,103.385,103.485,103.38,100610.0,4440.0,52841.0,2.0,0.0,3499.0,0.0,2.0,-1.0,14738.0,-6808.0,103.411,103.385,103.32575,0.02600000000002467,0.08525000000001626,103.3647738095238,103.3410277777778,47615.0,,0.1223021831285182,0.1571460626396057,0.2794482457681239,2.0,3499.0,1.0,7930.0,0.04413080210714641,0.0169126478413419,,,0.9863,0.9707,0.042
20240529,103.495,103.55,103.57,103.475,103773.0,3163.0,38852.0,2.0,0.0,3664.0,0.0,2.0,-1.0,14529.0,-6821.0,103.435,103.3955,103.34,0.03950000000001808,0.09500000000001307,103.3841706349207,103.3455615079365,47393.9,,0.1198634868875563,0.1571460626396057,0.277009549527162,2.0,3664.0,1.0,7708.0,0.03047998997812533,0.0120760105956595,,,0.9726,0.9707,0.04
20240530,103.48,103.495,103.55,103.465,104889.0,1116.0,40274.0,2.0,0.0,3878.0,0.0,2.0,-1.0,14411.0,-6248.0,103.445,103.411,103.36875,0.03399999999999181,0.0762500000000017,103.3964523809524,103.3515456349206,46661.6,,0.1157035640151552,0.1571460626396057,0.272849626654761,2.0,3878.0,1.0,8163.0,0.010639819237479621,0.0386490944947252,,,0.9726,0.9707,0.072
20240531,103.445,103.47,103.57,103.425,103070.0,-1819.0,62105.0,2.0,0.0,4546.0,0.0,2.0,-1.0,13795.0,-10085.0,103.458,103.423,103.3825,0.03499999999999659,0.07549999999999102,103.4072301587301,103.3593150793651,47991.1,74526.0,0.1153553913103545,0.1554077221901379,0.2707631135004924,2.0,4546.0,1.0,3710.0,-0.017648200252255747,0.0289951964636602,,,0.9315,0.9373,0.058
20240603,103.56,103.48,103.59,103.465,110258.0,7188.0,51971.0,2.0,0.0,1893.0,0.0,2.0,-1.0,15707.0,-12436.0,103.49,103.4375,103.39875,0.05250000000000909,0.09125000000001648,103.4217698412698,103.3681682539682,48713.0,,0.1167264112499404,0.1550246120459291,0.2717510232958695,2.0,1893.0,1.0,3271.0,0.06519254838651163,0.0362066975196485,,,0.9589,0.9373,0.068
20240604,103.55,103.575,103.585,103.52,109086.0,-1172.0,39096.0,2.0,0.0,1762.0,-16.0,2.0,-1.0,15921.0,-12619.0,103.506,103.4585,103.4065,0.04749999999999943,0.09949999999999193,103.4379166666667,103.3787361111111,48934.7,,0.1132604506937213,0.1550246120459291,0.2682850627396504,2.0,1746.0,1.0,3302.0,-0.010743816805089563,0.0555146318529467,,,0.9178,0.9547,0.109
20240605,103.645,103.56,103.65,103.56,113199.0,4113.0,41329.0,1.0,-1.0,1845.0,-1345.0,2.0,-1.0,15803.0,-12662.0,103.536,103.4855,103.4205,0.05050000000001376,0.1155000000000257,103.4586150793651,103.3912623015873,48020.2,,0.1108188164136144,0.1489975797432964,0.2598163961569107,0.0,500.0,1.0,3141.0,0.03633424323536427,0.0723362282072627,,,0.9041,0.9507,0.128
20240606,103.655,103.675,103.685,103.61,114111.0,912.0,33356.0,1.0,-1.0,2415.0,-1780.0,1.0,-1.0,14280.0,-12372.0,103.571,103.508,103.44075,0.06300000000000239,0.1302499999999895,103.4809246031746,103.405226984127,46906.3,,0.1059614535012157,0.1451042112062217,0.2510656647074374,0.0,635.0,0.0,1908.0,0.007992218103425612,0.0385866440771946,,,0.8767,0.9467,0.074
20240607,103.685,103.65,103.685,103.605,115544.0,1433.0,34945.0,1.0,-1.0,2413.0,-2392.0,1.0,-1.0,14806.0,-11872.0,103.619,103.5385,103.46025,0.08050000000000068,0.1587499999999977,103.5024801587302,103.4206861111111,44634.2,,0.1018006639473817,0.1426477020757227,0.2444483660231044,0.0,21.0,0.0,2934.0,0.012402201758637403,0.0337559718844116,,,0.8767,0.932,0.064
20240611,103.705,103.7,103.72,103.64,117859.0,2315.0,32500.0,1.0,-1.0,2868.0,-1579.0,1.0,-1.0,14820.0,-12835.0,103.648,103.569,103.475,0.07899999999999352,0.1730000000000018,103.5257182539683,103.4380051587301,42726.9,,0.09591002397750602,0.1406422824901187,0.2365523064676248,0.0,1289.0,0.0,1985.0,0.01964211473031334,0.0289271636229711,,,0.863,0.916,0.058
20240612,103.645,103.72,103.72,103.61,118520.0,661.0,51696.0,2.0,-1.0,3054.0,-614.0,1.0,-1.0,14114.0,-13367.0,103.667,103.5865,103.48575,0.08050000000000068,0.1812499999999915,103.544626984127,103.4559904761905,42612.4,62035.2,0.0969269667378385,0.1403502007825969,0.2372771675204354,1.0,2440.0,0.0,747.0,0.005577117786027675,0.0482321726246387,,,0.8219,0.8853,0.1
20240613,103.615,103.67,103.705,103.61,113415.0,-5105.0,49849.0,2.0,-1.0,2075.0,-289.0,2.0,-1.0,13701.0,-11375.0,103.661,103.5985,103.497,0.0625,0.1639999999999873,103.5597261904762,103.473546031746,43712.1,,0.09691459789064179,0.1402362224090012,0.237150820299643,1.0,1786.0,1.0,2326.0,-0.04501168275801261,0.0410143171885516,,,0.8356,0.8467,0.08
20240614,103.63,103.645,103.67,103.59,110478.0,-2937.0,45802.0,1.0,-1.0,2076.0,-1890.0,2.0,-1.0,13340.0,-9052.0,103.656,103.6135,103.51225,0.04249999999998977,0.1437499999999972,103.5729444444444,103.4911952380952,44264.9,,0.09448406184912926,0.1400777121557522,0.2345617740048815,0.0,186.0,1.0,4288.0,-0.026584478357682073,0.0313611092934345,,,0.8493,0.84,0.06
20240617,103.58,103.605,103.665,103.55,111818.0,1340.0,54486.0,1.0,-1.0,1674.0,-1574.0,1.0,-1.0,12043.0,-9274.0,103.635,103.627,103.525,0.007999999999995566,0.1099999999999852,103.5802976190476,103.508501984127,43503.0,65383.2,0.0951619131682028,0.1400777121557522,0.235239625323955,0.0,100.0,0.0,2769.0,0.011983759323185891,0.0482830563079507,,,0.863,0.832,0.103
20240618,103.665,103.6,103.695,103.6,117927.0,6109.0,49107.0,1.0,-1.0,1700.0,-2927.0,1.0,-1.0,11963.0,-8792.0,103.627,103.6375,103.5375,-0.0105000000000075,0.08950000000000102,103.593,103.525625,43216.6,,0.09583860503118205,0.1375437455135373,0.2333823505447193,0.0,-1227.0,0.0,3171.0,0.05180323420421108,0.0699605582518177,,,0.8493,0.8267,0.131
20240619,103.79,103.7,103.79,103.64,121401.0,3474.0,48398.0,1.0,-1.0,2135.0,-2571.0,1.0,-1.0,11724.0,-5960.0,103.656,103.6615,103.56,-0.005500000000012051,0.09600000000000364,103.6130277777778,103.5431361111111,44146.8,,0.09926584634474284,0.1400777121557522,0.239343558500495,0.0,-436.0,0.0,5764.0,0.028615909259396544,0.089161751257913,,,0.8356,0.8227,0.161
20240620,103.77,103.79,103.805,103.74,121472.0,71.0,31925.0,1.0,-1.0,1988.0,-2812.0,1.0,-1.0,11984.0,-5358.0,103.687,103.674,103.57975,0.01299999999997681,0.1072499999999934,103.6335238095238,103.560626984127,43206.4,,0.09786758928694707,0.1400777121557522,0.2379453014426993,0.0,-824.0,0.0,6626.0,0.0005844968387776607,0.0602472421344994,,,0.8356,0.8173,0.122
20240621,103.74,103.72,103.755,103.655,118854.0,-2618.0,50602.0,1.0,-1.0,2051.0,-1642.0,2.0,-1.0,11640.0,-4193.0,103.709,103.6825,103.59525,0.02649999999998442,0.113749999999996,103.6480714285714,103.5773416666667,44931.0,,0.09578049040989425,0.1372323077300349,0.2330127981399292,0.0,409.0,1.0,7447.0,-0.022027024753058375,0.0650869705318923,,,0.8493,0.8133,0.126
20240624,103.82,103.735,103.835,103.675,121345.0,2491.0,32529.0,2.0,-1.0,1765.0,-1810.0,2.0,-1.0,11937.0,-2320.0,103.757,103.696,103.61725,0.06099999999999284,0.1397499999999781,103.6662698412698,103.5937206349206,44689.4,,0.09679675093610488,0.1372323077300349,0.2340290586661398,1.0,-45.0,1.0,9617.0,0.0205282459104207,0.072265480242994,,,0.8219,0.7987,0.138
20240625,103.9,103.865,103.905,103.84,123772.0,2427.0,30417.0,1.0,-1.0,3414.0,-1959.0,3.0,-1.0,12113.0,-1216.0,103.804,103.7155,103.64225,0.08850000000001046,0.1617500000000121,103.6919484126984,103.6103436507937,44481.1,,0.0981509734165855,0.1353493985143928,0.2335003719309783,0.0,1455.0,2.0,10897.0,0.01960863523252432,0.0722104040758471,,,0.8219,0.7907,0.138
20240626,103.895,103.91,103.925,103.86,124191.0,419.0,24953.0,1.0,-1.0,1714.0,-2641.0,3.0,-1.0,12357.0,-758.0,103.825,103.7405,103.6635,0.08450000000000557,0.1615000000000038,103.7166587301588,103.6275468253968,41806.8,,0.09572376462972565,0.1353493985143928,0.2310731631441185,0.0,-927.0,2.0,11599.0,0.0033738354631172953,0.0433204921231399,,,0.8219,0.7707,0.089
20240627,103.98,103.9,104.035,103.89,125395.0,1204.0,34380.0,1.0,-1.0,1720.0,-4621.0,2.0,0.0,11686.0,-226.0,103.867,103.777,103.68775,0.09000000000000341,0.1792499999999961,103.7457976190476,103.646153968254,40259.9,,0.1005218876082681,0.1353493985143928,0.235871286122661,0.0,-2901.0,2.0,11460.0,0.009601658758323696,0.0408808794163605,,,0.7671,0.7707,0.081
20240628,104.005,104.0,104.04,103.96,125196.0,-199.0,29882.0,1.0,-1.0,1826.0,-3791.0,3.0,0.0,12690.0,-310.0,103.92,103.8145,103.714,0.1054999999999922,0.2059999999999746,103.7763531746032,103.6664948412698,38667.9,,0.1004997453088662,0.1353493985143928,0.235849143823259,0.0,-1965.0,3.0,12380.0,-0.0015895076520016614,0.0384652394436981,,,0.7945,0.7653,0.077
20240701,103.765,104.04,104.09,103.735,122638.0,-2558.0,57735.0,1.0,-1.0,2015.0,-3375.0,3.0,0.0,12534.0,0.0,103.909,103.833,103.73,0.07600000000002183,0.1790000000000305,103.7904404761905,103.6875091269841,38992.8,69282.0,0.1194245594713675,0.1353493985143928,0.2547739579857604,0.0,-1360.0,3.0,12534.0,-0.02085813532510315,0.0337347091056146,,,0.8219,0.7547,0.066
20240702,103.955,103.805,103.97,103.78,121685.0,-953.0,52521.0,1.0,-1.0,2104.0,-4138.0,3.0,0.0,12015.0,0.0,103.92,103.862,103.74975,0.05799999999999272,0.17025000000001,103.8074682539683,103.708955952381,39334.2,63025.2,0.1259367838635772,0.1353493985143928,0.26128618237797,0.0,-2034.0,3.0,12015.0,-0.007831696593663968,0.0432962941580893,,,0.9178,0.86,0.092
20240703,104.045,103.93,104.05,103.92,121059.0,-626.0,41754.0,1.0,-1.0,3848.0,-4565.0,3.0,0.0,10225.0,0.0,103.95,103.8875,103.7745,0.0625,0.1755000000000138,103.8320634920635,103.7308595238095,38669.8,,0.1283074425196433,0.1353493985143928,0.2636568410340361,0.0,-717.0,3.0,10225.0,-0.005171032306561263,0.057682146950497,,,0.9041,0.796,0.123
20240704,103.99,104.01,104.045,103.96,120329.0,-730.0,39040.0,1.0,-1.0,3687.0,-3755.0,3.0,-1.0,8991.0,-170.0,103.952,103.9095,103.79175,0.04249999999998977,0.1602499999999907,103.8540396825397,103.7529111111111,39381.3,,0.1286195749363803,0.1353493985143928,0.2639689734507731,0.0,-68.0,2.0,8821.0,-0.006066700462897556,0.0529026559298609,,,0.863,0.7787,0.115
20240705,103.915,103.97,103.975,103.875,115558.0,-4771.0,49983.0,2.0,0.0,4574.0,0.0,3.0,-1.0,7931.0,0.0,103.934,103.927,103.80475,0.007000000000005002,0.1292500000000132,103.8675595238095,103.7748599206349,39319.4,59979.6,0.1285899459165829,0.135205686603419,0.2637956325200018,2.0,4574.0,2.0,7931.0,-0.04128662662905208,0.0625705840801818,,,0.863,0.76,0.133
20240708,103.715,103.78,103.79,103.61,116840.0,1282.0,75280.0,1.0,-1.0,3441.0,-1828.0,3.0,0.0,7596.0,0.0,103.924,103.9165,103.80625,0.00750000000000739,0.1177500000000009,103.859873015873,103.7942202380952,43594.5,90336.0,0.1416503642683539,0.1353493985143928,0.2769997627827467,0.0,1613.0,3.0,7596.0,0.010972269770626498,0.0554522522171861,,,0.863,0.768,0.122
20240709,103.83,103.8,103.865,103.775,115375.0,-1465.0,44621.0,2.0,0.0,3437.0,-29.0,3.0,-1.0,7792.0,-886.0,103.899,103.9095,103.8125,-0.0105000000000075,0.08650000000000091,103.8619166666667,103.8112170634921,45014.9,,0.1416464682928518,0.1353493985143928,0.2769958668072446,2.0,3408.0,2.0,6906.0,-0.012697724810400867,0.0481615572324462,,,0.8904,0.7813,0.107
20240710,103.865,103.81,103.89,103.8,116126.0,751.0,25935.0,2.0,0.0,3411.0,0.0,3.0,-1.0,7814.0,-500.0,103.863,103.9065,103.8235,-0.04349999999999454,0.03950000000001808,103.8656587301587,103.8261170634921,45113.1,,0.1433561144648731,0.135205686603419,0.2785618010682921,2.0,3411.0,2.0,7314.0,0.006467113307958597,0.0577798189125403,,,0.863,0.7813,0.127
20240711,103.895,103.85,103.92,103.845,119073.0,2947.0,29601.0,2.0,-1.0,3570.0,-769.0,3.0,-1.0,8450.0,-338.0,103.844,103.898,103.8375,-0.05399999999998784,0.006500000000002615,103.8717063492063,103.8387079365079,44635.2,,0.1405908942474617,0.1324992001809761,0.2730900944284378,1.0,2801.0,2.0,8112.0,0.024749523401610775,0.0673955363449149,,,0.863,0.8253,0.139
20240712,103.965,103.945,104.0,103.925,119933.0,860.0,27317.0,2.0,0.0,3791.0,0.0,3.0,-1.0,8160.0,-1164.0,103.854,103.894,103.85425,-0.04000000000000625,-0.0002500000000082991,103.8842222222222,103.8494948412698,44378.7,,0.1367960844698652,0.1306936609548543,0.2674897454247195,2.0,3791.0,2.0,6996.0,0.007170670290912426,0.0769744425776386,,,0.863,0.8307,0.161
20240715,104.015,103.965,104.05,103.95,121487.0,1554.0,35235.0,2.0,0.0,6600.0,0.0,3.0,-1.0,8493.0,-1513.0,103.914,103.919,103.876,-0.004999999999995453,0.03800000000001091,103.8984563492064,103.8602964285714,42128.7,,0.1378163159396089,0.1306936609548543,0.2685099768944632,2.0,6600.0,2.0,6980.0,0.012791492093804275,0.084153019119818,,,0.863,0.8427,0.171
20240716,104.05,104.025,104.065,103.94,122274.0,787.0,30468.0,2.0,0.0,4965.0,0.0,3.0,0.0,10626.0,0.0,103.958,103.9285,103.89525,0.02949999999998454,0.0627500000000083,103.9136706349206,103.8709166666667,39923.4,,0.1419253740575545,0.1306936609548543,0.2726190350124088,2.0,4965.0,3.0,10626.0,0.006436364231152984,0.0817207377906213,,,0.863,0.8507,0.167
20240717,104.08,104.095,104.12,104.025,123397.0,1123.0,31338.0,2.0,0.0,6474.0,0.0,3.0,0.0,10070.0,0.0,104.001,103.932,103.90975,0.06900000000001683,0.09125000000000227,103.9324206349206,103.8809523809524,38881.8,,0.1384794067720908,0.1272298413286126,0.2657092481007034,2.0,6474.0,3.0,10070.0,0.009100707472628995,0.0816971741842561,,,0.8219,0.8507,0.167
20240718,104.025,104.06,104.09,103.995,123244.0,-153.0,29448.0,2.0,0.0,6578.0,0.0,3.0,0.0,11833.0,0.0,104.027,103.9355,103.9225,0.09149999999999636,0.1045000000000158,103.9454523809524,103.8900936507936,37922.6,,0.1395083533203676,0.1272298413286126,0.2667381946489802,2.0,6578.0,3.0,11833.0,-0.001241439745545422,0.0817388825068883,,,0.6849,0.6707,0.169
20240719,104.12,104.035,104.14,104.035,125920.0,2676.0,33642.0,2.0,-1.0,2991.0,0.0,3.0,0.0,12851.0,0.0,104.058,103.956,103.9415,0.1020000000000039,0.116500000000002,103.9619246031746,103.8995301587302,36288.5,,0.1229847505779934,0.1272298413286126,0.2502145919066061,1.0,2991.0,3.0,12851.0,0.02125158831003812,0.0864704710658626,,,0.6438,0.6147,0.179
20240722,104.31,104.21,104.365,104.17,126696.0,776.0,56219.0,2.0,0.0,4994.0,0.0,3.0,-1.0,11517.0,-168.0,104.117,104.0155,103.966,0.1015000000000015,0.1509999999999962,103.9944920634921,103.9129920634921,34382.4,67462.8,0.1257023533129085,0.1272298413286126,0.2529321946415211,2.0,4994.0,2.0,11349.0,0.006124897392182863,0.0911088458911196,,,0.6164,0.5933,0.185
20240723,104.415,104.36,104.42,104.32,125817.0,-879.0,39923.0,2.0,0.0,6707.0,0.0,3.0,-1.0,11291.0,-352.0,104.19,104.074,103.99175,0.1160000000000139,0.1982500000000158,104.0359603174603,103.9303964285714,33912.6,,0.1242969667419765,0.1224911853382353,0.2467881520802118,2.0,6707.0,2.0,10939.0,-0.006986337299411049,0.0910171922289218,,,0.6301,0.4987,0.185
20240724,104.4,104.41,104.42,104.36,126215.0,398.0,30908.0,2.0,0.0,6622.0,0.0,3.0,-1.0,11500.0,-117.0,104.254,104.1275,104.017,0.1264999999999787,0.2369999999999806,104.0750595238096,103.9513365079365,34409.9,,0.1225456542633518,0.1204226041490941,0.2429682584124459,2.0,6622.0,2.0,11383.0,0.003153349443410054,0.0934309926871491,,,0.6164,0.464,0.188
20240725,104.35,104.465,104.485,104.33,126888.0,673.0,52539.0,2.0,0.0,8332.0,0.0,3.0,-1.0,11801.0,-568.0,104.319,104.173,104.0355,0.1460000000000008,0.2835000000000036,104.1111746031746,103.9752833333334,36703.7,63046.8,0.1252543693185125,0.1204226041490941,0.2456769734676065,2.0,8332.0,2.0,11233.0,0.0053038900447638865,0.0910739084530028,,,0.6164,0.4307,0.186
20240726,104.425,104.4,104.44,104.365,131965.0,5077.0,40105.0,2.0,0.0,5082.0,0.0,3.0,0.0,12475.0,0.0,104.38,104.219,104.0565,0.1609999999999872,0.3234999999999957,104.1484047619048,104.0017015873016,37982.5,,0.1104445564896457,0.1147978713524178,0.2252424278420635,2.0,5082.0,3.0,12475.0,0.038472322206645704,0.1053924739248413,,,0.5479,0.3627,0.204
20240729,104.43,104.425,104.45,104.385,130486.0,-1479.0,36377.0,2.0,0.0,6043.0,0.0,3.0,0.0,12369.0,0.0,104.404,104.2605,104.08975,0.1434999999999889,0.314249999999987,104.1830277777778,104.0301587301587,38096.7,,0.1045705920066919,0.1112336295612727,0.2158042215679646,2.0,6043.0,3.0,12369.0,-0.01133454930030808,0.0934062024375973,,,0.5342,0.3027,0.189
20240730,104.46,104.475,104.485,104.385,130835.0,349.0,38505.0,2.0,0.0,6056.0,0.0,3.0,0.0,13172.0,0.0,104.413,104.3015,104.115,0.1115000000000066,0.2980000000000018,104.2183412698413,104.0606257936508,38900.4,,0.1052133740935188,0.1111069070164628,0.2163202811099815,2.0,6056.0,3.0,13172.0,0.002667481942905186,0.1077533861712389,,,0.4384,0.2453,0.207
20240731,104.545,104.57,104.62,104.52,129430.0,-1405.0,49560.0,2.0,0.0,7490.0,0.0,3.0,0.0,13602.0,0.0,104.442,104.348,104.14,0.0940000000000083,0.3019999999999925,104.2616825396825,104.093551984127,40722.6,59472.0,0.1109900725546208,0.1111069070164628,0.2220969795710836,2.0,7490.0,3.0,13602.0,-0.010855288572973808,0.1028794250381825,,,0.2466,0.176,0.203
20240801,104.655,104.54,104.72,104.53,130351.0,921.0,50679.0,2.0,0.0,8357.0,0.0,3.0,0.0,10268.0,0.0,104.503,104.411,104.17325,0.09199999999998454,0.32974999999999,104.3086706349206,104.1298738095238,42845.7,,0.116758429890157,0.1112336295612727,0.2279920594514296,2.0,8357.0,3.0,10268.0,0.007065538430852084,0.1171195967625725,,,0.137,0.092,0.219
20240802,104.665,104.7,104.755,104.595,126980.0,-3371.0,46214.0,2.0,0.0,7633.0,0.0,3.0,-1.0,10729.0,-269.0,104.551,104.4655,104.21075,0.08550000000001035,0.3402499999999975,104.357626984127,104.1694440476191,44102.9,,0.1208134544434016,0.1112336295612727,0.2320470840046742,2.0,7633.0,2.0,10460.0,-0.026547487793353284,0.0931943343138292,,,0.137,0.088,0.189
20240805,104.755,104.7,104.765,104.625,122717.0,-4263.0,54903.0,2.0,0.0,5873.0,0.0,3.0,-1.0,10457.0,-1340.0,104.616,104.51,104.26275,0.106000000000023,0.3532500000000027,104.4058333333334,104.2105781746032,43971.3,65883.59999999999,0.1217814297003005,0.1112336295612727,0.2330150592615731,2.0,5873.0,2.0,9117.0,-0.0347384632935942,0.1098384738215485,,,0.137,0.0813,0.212
20240806,104.635,104.61,104.655,104.405,118938.0,-3779.0,52156.0,2.0,-1.0,3702.0,-894.0,2.0,-1.0,10756.0,-2380.0,104.651,104.532,104.303,0.1189999999999998,0.347999999999999,104.4386865079365,104.2508507936508,45194.6,,0.1391747994446674,0.1112336295612727,0.2504084290059401,1.0,2808.0,1.0,8376.0,-0.03177285644621568,0.1171419961562611,,,0.1507,0.0773,0.222
20240807,104.74,104.69,104.76,104.655,118244.0,-694.0,49025.0,1.0,-1.0,3941.0,-2767.0,3.0,-1.0,10779.0,-1374.0,104.69,104.566,104.34675,0.1240000000000236,0.3432500000000118,104.479376984127,104.2912825396825,47006.3,,0.1411574914297226,0.1112336295612727,0.2523911209909953,0.0,1174.0,2.0,9405.0,-0.005869219579851832,0.1050761463847298,,,0.1507,0.0787,0.205
20240808,104.59,104.69,104.69,104.495,113897.0,-4347.0,67027.0,2.0,-1.0,2547.0,0.0,2.0,-1.0,8850.0,-3178.0,104.677,104.59,104.3815,0.08699999999998909,0.2954999999999899,104.5049484126984,104.3306599206349,48455.1,80432.4,0.1499957290509937,0.1144813052268468,0.2644770342778405,1.0,2547.0,1.0,5672.0,-0.038166062319464074,0.0932598203497231,,,0.1507,0.08,0.19
20240809,104.45,104.44,104.475,104.375,107858.0,-6039.0,62171.0,2.0,0.0,2719.0,0.0,2.0,-1.0,8911.0,-1732.0,104.634,104.5925,104.40575,0.04150000000001342,0.2282500000000027,104.5115,104.3669694444445,50661.7,74605.2,0.1479315210298488,0.1144813052268468,0.2624128262566956,2.0,2719.0,1.0,7179.0,-0.05599028352092566,0.069428864816048,,,0.1644,0.0813,0.145
20240812,104.105,104.25,104.265,104.09,98911.0,-8947.0,68027.0,2.0,0.0,3828.0,0.0,3.0,-1.0,8446.0,0.0,104.504,104.56,104.41025,-0.05599999999999739,0.09375,104.4883531746032,104.397501984127,53826.7,81632.4,0.1650486432181405,0.1144813052268468,0.2795299484449872,2.0,3828.0,2.0,8446.0,-0.09045505555499388,0.1009077489286054,,,0.2329,0.1653,0.203
20240813,104.35,104.15,104.385,104.14,88193.0,-10718.0,67501.0,2.0,0.0,3669.0,0.0,3.0,-1.0,8530.0,-773.0,104.447,104.549,104.42525,-0.1020000000000039,0.02174999999999727,104.4770992063492,104.4233777777778,56726.3,,0.1800902843512814,0.1144813052268468,0.2945715895781281,2.0,3669.0,2.0,7757.0,-0.12152891952876078,0.1030717786274003,,,0.2877,0.176,0.208
20240814,104.425,104.53,104.56,104.37,77776.0,-10417.0,64298.0,2.0,0.0,5184.0,0.0,2.0,-1.0,8380.0,-1889.0,104.384,104.537,104.4425,-0.15300000000002,-0.05850000000000932,104.4811984126984,104.4453293650794,58200.1,,0.1838398611291456,0.1144813052268468,0.2983211663559924,2.0,5184.0,1.0,6491.0,-0.1339359185352808,0.0766389190433337,,,0.3151,0.212,0.162
20240815,104.25,104.48,104.48,104.23,68948.0,-8828.0,58910.0,2.0,0.0,4878.0,0.0,2.0,-1.0,8358.0,-1755.0,104.316,104.4965,104.45375,-0.1805000000000092,-0.1377499999999827,104.4699603174603,104.4614583333334,59023.2,,0.1947978715769396,0.1196597015084238,0.3144575730853635,2.0,4878.0,1.0,6603.0,-0.12803852178453326,0.0671683787435933,,,0.3151,0.2293,0.139
20240816,104.385,104.295,104.405,104.295,56679.0,-12269.0,54116.0,2.0,0.0,4240.0,0.0,2.0,-1.0,8094.0,-671.0,104.303,104.4685,104.467,-0.1654999999999944,-0.1640000000000157,104.4605753968254,104.4717531746032,59813.4,,0.2009555642135049,0.1220591051597648,0.3230146693732697,2.0,4240.0,1.0,7423.0,-0.2164646518110764,0.0503037622411363,,,0.3151,0.2613,0.111
20240819,104.395,104.4,104.415,104.315,46295.0,-10384.0,37842.0,2.0,0.0,5515.0,0.0,3.0,-1.0,8026.0,-161.0,104.361,104.4325,104.47125,-0.07150000000001455,-0.1102500000000219,104.4535,104.4765198412698,58107.3,,0.2009644928551662,0.1220591051597648,0.323023598014931,2.0,5515.0,2.0,7865.0,-0.22430068041905174,0.0263422577709625,,,0.3425,0.284,0.056
20240820,104.4,104.41,104.43,104.325,94679.0,48384.0,61935.0,2.0,0.0,5604.0,0.0,3.0,0.0,7395.0,0.0,104.371,104.409,104.4705,-0.03799999999998249,-0.09949999999997772,104.4468611111111,104.4773373015873,59085.2,,0.197224500957069,0.1220591051597648,0.3192836061168338,2.0,5604.0,3.0,7395.0,0.5110320134348694,0.0215517241379318,,,0.3973,0.3227,0.05
20240821,104.165,104.385,104.425,104.13,103569.0,8890.0,59129.0,2.0,0.0,7595.0,0.0,3.0,-1.0,4434.0,-894.0,104.319,104.3515,104.45875,-0.03249999999998465,-0.1397500000000065,104.4250317460317,104.4719027777778,60095.6,,0.2044710081993564,0.1284256309398087,0.3328966391391651,2.0,7595.0,2.0,3540.0,0.08583649547644566,0.0647549995384902,,,0.2329,0.16,0.14
20240822,104.43,104.35,104.47,104.345,108208.0,4639.0,64198.0,2.0,0.0,9016.0,0.0,2.0,-1.0,5361.0,-2531.0,104.355,104.3355,104.46275,0.01950000000002206,-0.1077499999999816,104.4199007936508,104.463398015873,59812.7,,0.2144212848178106,0.1359670609250642,0.3503883457428749,2.0,9016.0,1.0,2830.0,0.04287113706934792,0.0406897848311994,,,0.2466,0.16,0.085
20240823,104.53,104.415,104.55,104.38,109875.0,1667.0,56553.0,2.0,0.0,8586.0,0.0,2.0,-1.0,5052.0,-4171.0,104.384,104.3435,104.468,0.04050000000002285,-0.08399999999998897,104.4225198412698,104.4545,59250.9,,0.2165064815131516,0.1396761165185317,0.3561825980316833,2.0,8586.0,1.0,881.0,0.015171786120591581,0.0406467496678497,,,0.2877,0.2307,0.085
20240826,104.565,104.52,104.6,104.48,112610.0,2735.0,51835.0,2.0,0.0,8804.0,0.0,2.0,-1.0,5855.0,-6622.0,104.418,104.3895,104.47475,0.02850000000000819,-0.05674999999999386,104.4303452380952,104.4486992063492,57631.7,,0.2007826075059176,0.1359670609250642,0.3367496684309819,2.0,8804.0,1.0,-767.0,0.02428736346683243,0.0501709954754936,,,0.3425,0.256,0.115
20240827,104.425,104.55,104.56,104.375,111949.0,-661.0,53795.0,2.0,0.0,7660.0,0.0,2.0,-1.0,5840.0,-6816.0,104.423,104.397,104.473,0.02599999999999625,-0.04999999999999716,104.4288174603174,104.443871031746,56261.1,,0.2052734755878519,0.1359670609250642,0.3412405365129162,2.0,7660.0,1.0,-976.0,-0.005904474358859838,0.050249543810777,,,0.4658,0.3147,0.116
20240828,104.56,104.445,104.585,104.395,111810.0,-139.0,50534.0,2.0,0.0,6286.0,0.0,2.0,-1.0,6111.0,-4970.0,104.502,104.4105,104.47375,0.09149999999999636,0.02824999999999989,104.433257936508,104.439076984127,54884.7,,0.201514265088766,0.1414567033566453,0.3429709684454113,2.0,6286.0,1.0,1141.0,-0.0012431803953134783,0.040639204109067,,,0.4932,0.4133,0.085
20240829,104.485,104.56,104.585,104.435,111079.0,-731.0,50849.0,2.0,0.0,6369.0,0.0,2.0,-1.0,6406.0,-5460.0,104.513,104.434,104.46525,0.07899999999999352,0.04774999999999352,104.4367063492063,104.4357515873016,54078.6,,0.1970618623714476,0.1439235328733603,0.340985395244808,2.0,6369.0,1.0,946.0,-0.006580901880643506,0.0454472238635616,,,0.5753,0.452,0.104
20240830,104.475,104.49,104.535,104.36,112601.0,1522.0,38469.0,2.0,0.0,6676.0,0.0,2.0,-1.0,6352.0,-6163.0,104.502,104.443,104.45575,0.05899999999998329,0.04624999999998636,104.4370436507937,104.4333984126984,52513.9,,0.1843567011437636,0.144489187725117,0.3288458888688806,2.0,6676.0,1.0,189.0,0.01351675384765677,0.0430586556302687,,,0.5753,0.552,0.097
20240902,104.7,104.535,104.73,104.535,113011.0,410.0,63683.0,2.0,0.0,6588.0,0.0,2.0,-1.0,8535.0,-7904.0,104.529,104.4735,104.453,0.05549999999998079,0.0759999999999934,104.4565436507936,104.4337027777778,55098.0,,0.1826028081165924,0.1461090632365844,0.3287118713531768,2.0,6588.0,1.0,631.0,0.0036279654192954668,0.0381970984138821,,,0.6027,0.584,0.08
20240903,104.805,104.7,104.84,104.665,115192.0,2181.0,49964.0,2.0,0.0,8250.0,0.0,2.0,-1.0,7927.0,-7668.0,104.605,104.514,104.4615,0.09100000000000819,0.1434999999999889,104.485753968254,104.4375920634921,53900.9,,0.1801623170173045,0.1485086893711711,0.3286710063884757,2.0,8250.0,1.0,259.0,0.01893360650045142,0.0619870799648967,,,0.6301,0.6133,0.147
20240904,104.78,104.88,104.9,104.74,117762.0,2570.0,54014.0,2.0,0.0,9532.0,0.0,2.0,-1.0,8224.0,-8923.0,104.649,104.5755,104.4635,0.07349999999999568,0.1855000000000047,104.5202936507937,104.4471182539683,53389.4,,0.1739457316656416,0.1502035021149616,0.3241492337806032,2.0,9532.0,1.0,-699.0,0.02182367826633379,0.0619978819976452,,,0.6301,0.6933,0.148
20240905,104.805,104.84,104.94,104.77,120641.0,2879.0,48654.0,2.0,0.0,7174.0,0.0,2.0,-1.0,8983.0,-9656.0,104.713,104.613,104.47425,0.1000000000000227,0.238749999999996,104.5551984126984,104.460648015873,51835.0,,0.1749207390401226,0.1527680087717898,0.3276887478119125,2.0,7174.0,1.0,-673.0,0.023864192107160915,0.0667538666679931,,,0.7671,0.8947,0.153
20240906,104.895,104.79,104.925,104.79,120795.0,154.0,36131.0,2.0,0.0,6275.0,0.0,2.0,-1.0,9326.0,-9209.0,104.797,104.6495,104.4965,0.147500000000008,0.3004999999999995,104.5929365079365,104.4776896825397,49792.8,,0.1772516768896589,0.1527680087717898,0.3300196856614488,2.0,6275.0,1.0,117.0,0.001274887205596258,0.0643172588622539,,,0.589,0.692,0.15
20240909,104.935,104.895,104.95,104.88,119384.0,-1411.0,35583.0,2.0,0.0,7459.0,0.0,2.0,-1.0,8983.0,-9133.0,104.844,104.6865,104.538,0.1575000000000131,0.3059999999999974,104.6314761904762,104.4978027777778,48167.6,,0.1747971226754876,0.1527680087717898,0.3275651314472775,2.0,7459.0,1.0,-150.0,-0.011819004221671245,0.0452569260073111,,,0.4932,0.6427,0.106
20240910,105.085,104.93,105.1,104.93,122393.0,3009.0,50565.0,2.0,0.0,7120.0,0.0,2.0,-1.0,9723.0,-9327.0,104.9,104.7525,104.57475,0.1475000000000222,0.3252500000000111,104.6790714285714,104.5228281746032,47844.6,,0.1661577304286988,0.1529388632197621,0.3190965936484609,2.0,7120.0,1.0,396.0,0.024584739323327314,0.0214111253204698,,,0.4384,0.5973,0.05
20240911,105.16,105.135,105.2,105.075,123206.0,813.0,47056.0,2.0,0.0,7643.0,0.0,2.0,-1.0,9496.0,-9915.0,104.976,104.8125,104.6115,0.1634999999999991,0.3644999999999925,104.7354126984127,104.5530436507937,47496.8,,0.1537984115454511,0.1529388632197621,0.3067372747652132,2.0,7643.0,1.0,-419.0,0.006598704608541792,0.0783921532106481,,,0.4795,0.576,0.185
20240912,105.11,105.16,105.245,105.055,128004.0,4798.0,63992.0,2.0,0.0,7766.0,0.0,2.0,-1.0,9719.0,-10708.0,105.037,104.875,104.6545,0.1619999999999919,0.382499999999979,104.7846388888889,104.5878369047619,48811.1,76790.4,0.1551011225230676,0.1534716412782121,0.3085727638012796,2.0,7766.0,1.0,-989.0,0.03748320364988594,0.087908023508299,,,0.411,0.5213,0.205
20240913,105.205,105.195,105.245,105.095,127199.0,-805.0,42569.0,2.0,0.0,9185.0,0.0,2.0,-1.0,9962.0,-11120.0,105.099,104.948,104.6955,0.1509999999999962,0.4035000000000082,104.8365634920635,104.6277888888889,49221.1,,0.1570778745080664,0.1534716412782121,0.3105495157862784,2.0,9185.0,1.0,-1158.0,-0.0063286661058656124,0.0498912828093826,,,0.3836,0.5187,0.121
20240918,105.22,105.25,105.285,105.15,126974.0,-225.0,44106.0,2.0,0.0,7609.0,0.0,2.0,-1.0,9515.0,-9345.0,105.156,105.0,104.73675,0.1559999999999917,0.419249999999991,104.8876706349206,104.6709015873016,47263.4,,0.1532467886284062,0.1529388632197621,0.3061856518481683,2.0,7609.0,1.0,170.0,-0.0017720163183013846,0.0213853485414601,,,0.3836,0.4213,0.05
20240919,105.135,105.255,105.275,105.065,122805.0,-4169.0,63822.0,2.0,0.0,6781.0,0.0,2.0,-1.0,10258.0,-4193.0,105.166,105.033,104.7735,0.1329999999999956,0.3924999999999699,104.929996031746,104.7153257936508,48649.2,76586.4,0.1545484563877189,0.1565360070661778,0.3110844634538967,2.0,6781.0,1.0,6065.0,-0.033948129147836,0.0142643158482226,,,0.3151,0.2947,0.041
20240920,105.255,105.13,105.26,105.115,126629.0,3824.0,40553.0,2.0,0.0,3456.0,0.0,2.0,-1.0,10451.0,-5264.0,105.185,105.0805,104.828,0.1044999999999874,0.3569999999999851,104.9706031746032,104.7603567460317,47303.1,,0.1541272417348001,0.1565360070661778,0.3106632488009778,2.0,3456.0,1.0,5187.0,0.030198453750720607,0.0356327282664732,,,0.3151,0.3027,0.077
20240923,105.17,105.255,105.32,105.145,127460.0,831.0,49951.0,2.0,0.0,3016.0,0.0,2.0,-1.0,7243.0,-5313.0,105.197,105.117,104.865,0.0800000000000125,0.3319999999999936,105.0079206349206,104.805628968254,47432.8,,0.1540543849387193,0.1619466819449111,0.3160010668836304,2.0,3016.0,1.0,1930.0,0.006519692452534129,0.0166388217141068,,,0.3562,0.3053,0.044
20240924,105.09,105.24,105.375,104.96,130966.0,3506.0,90049.0,2.0,-1.0,2045.0,-975.0,2.0,-1.0,8133.0,-4547.0,105.174,105.1365,104.893,0.03750000000000853,0.2810000000000059,105.035003968254,104.8498357142857,52824.6,108058.8,0.1648930744908721,0.1623766957785567,0.3272697702694288,1.0,1070.0,1.0,3586.0,0.026770306797184003,0.0166503549917493,,,0.3699,0.3067,0.045
20240925,105.375,105.135,105.385,105.095,141266.0,10300.0,74019.0,1.0,-1.0,2009.0,-5466.0,2.0,-1.0,9237.0,-3987.0,105.205,105.1805,104.9335,0.02449999999998909,0.271499999999989,105.0738055555556,104.8940686507937,56668.2,88822.8,0.1729856853495749,0.1623766957785567,0.3353623811281315,0.0,-3457.0,1.0,5250.0,0.07291209491314259,0.0142354384441856,,,0.3562,0.304,0.041
20240926,105.17,105.38,105.415,105.165,140971.0,-295.0,78262.0,1.0,-1.0,2337.0,-6436.0,2.0,-1.0,10467.0,-3439.0,105.212,105.189,104.97075,0.02299999999999613,0.2412499999999937,105.1033849206349,104.9365,59437.9,93914.4,0.1790555921745574,0.1623766957785567,0.3414322879531141,0.0,-4099.0,1.0,7028.0,-0.002092628980428599,-0.0095084149472264,,,0.3288,0.2773,0.029
20240927,104.695,105.09,105.135,104.225,130173.0,-10798.0,119910.0,1.0,-1.0,2106.0,-4310.0,3.0,0.0,10206.0,0.0,105.1,105.1425,104.9775,-0.04250000000000398,0.1225000000000023,105.0836666666667,104.9713253968254,66723.3,143892.0,0.2317363234794435,0.1641385468385765,0.39587487031802,0.0,-2204.0,3.0,10206.0,-0.08295114962396195,0.0191039075796438,,,0.5068,0.2533,0.052
20240930,104.505,104.315,104.625,104.27,125862.0,-4311.0,77641.0,1.0,-1.0,2024.0,-4092.0,3.0,0.0,9882.0,0.0,104.967,105.082,104.9785,-0.1149999999999807,-0.01149999999999807,105.033876984127,104.9962492063492,68088.2,,0.2515107639809407,0.1666290634961544,0.4181398274770951,0.0,-2068.0,3.0,9882.0,-0.03425179959002717,0.043060140663121,,,0.5068,0.2893,0.108
20241008,104.34,104.24,104.715,104.085,125730.0,-132.0,67618.0,1.0,-1.0,2025.0,-2527.0,3.0,0.0,6882.0,0.0,104.817,104.9955,104.97175,-0.1784999999999854,-0.1547499999999928,104.9726111111111,105.0098539682539,70593.1,,0.2896944267824551,0.1671877348672633,0.4568821616497184,0.0,-502.0,3.0,6882.0,-0.0010498687664041995,0.0359431826323294,,,0.5342,0.3213,0.083
20241009,104.48,104.3,104.525,104.22,122485.0,-3245.0,71074.0,1.0,-1.0,3335.0,-1734.0,2.0,0.0,4609.0,0.0,104.638,104.9215,104.96075,-0.2835000000000036,-0.3227499999999992,104.9200238095238,105.0130892857143,73289.9,,0.298997897830482,0.1671877348672633,0.4661856326977454,0.0,1601.0,2.0,4609.0,-0.026493039964077234,0.0550482028266601,,,0.5616,0.388,0.145
20241010,104.69,104.745,104.745,104.535,122670.0,185.0,60470.0,1.0,-1.0,3527.0,-2419.0,2.0,0.0,3048.0,0.0,104.542,104.877,104.955,-0.3349999999999937,-0.4129999999999967,104.8942023809524,105.0095099206349,72954.7,,0.3086209712543581,0.1728077166347362,0.4814286878890943,0.0,1108.0,2.0,3048.0,0.001508111192630635,0.0382143189026788,,,0.5616,0.3467,0.091
20241011,104.76,104.88,104.88,104.67,123417.0,747.0,53485.0,1.0,-1.0,3619.0,-1747.0,3.0,0.0,5231.0,0.0,104.555,104.8275,104.954,-0.2724999999999937,-0.3990000000000009,104.8782857142857,105.0002781746032,74247.9,,0.3100558849355748,0.1810773656129252,0.4911332505485,0.0,1872.0,3.0,5231.0,0.006052650769342959,0.0310273934503675,,,0.6027,0.3667,0.07
20241014,104.755,104.81,104.88,104.7,123478.0,61.0,66565.0,2.0,0.0,3986.0,0.0,3.0,-1.0,3288.0,-738.0,104.605,104.786,104.9515,-0.1809999999999974,-0.3464999999999918,104.8614126984127,104.9856273809524,75909.3,,0.3121935940734299,0.1810773656129252,0.4932709596863551,2.0,3986.0,2.0,2550.0,0.0004940151282009751,0.0405776943018314,,,0.6301,0.4093,0.098
20241015,104.855,104.77,104.865,104.71,120032.0,-3446.0,62018.0,2.0,-1.0,3878.0,0.0,2.0,-1.0,3664.0,-4215.0,104.708,104.7625,104.9495,-0.05450000000000443,-0.2414999999999878,104.8488373015873,104.9670107142857,73106.2,,0.3136333452520837,0.1810773656129252,0.4947107108650088,1.0,3878.0,1.0,-551.0,-0.028709010930418555,0.0524661300757601,,,0.4521,0.172,0.142
20241016,104.77,104.87,104.92,104.755,118722.0,-1310.0,41202.0,2.0,-1.0,3362.0,0.0,2.0,-1.0,3234.0,-3866.0,104.766,104.702,104.94125,0.06400000000000716,-0.1752499999999912,104.8354285714286,104.943173015873,69824.5,,0.3106457480363258,0.1810773656129252,0.491723113649251,1.0,3362.0,1.0,-632.0,-0.011034180691026095,0.0190894339982781,,,0.4247,0.1973,0.052
20241017,105.005,104.78,105.015,104.745,119346.0,624.0,48663.0,2.0,-1.0,2971.0,-695.0,2.0,-1.0,3533.0,-3059.0,104.829,104.6855,104.93725,0.1434999999999889,-0.1082499999999982,104.8339484126984,104.9162293650794,66864.6,,0.3192156221468199,0.1816148786607719,0.5008305008075917,1.0,2276.0,1.0,474.0,0.00522849529938163,0.0476276696928314,,,0.5205,0.264,0.13
20241018,104.86,105.01,105.07,104.8,117418.0,-1928.0,55427.0,2.0,-1.0,2905.0,-527.0,2.0,-1.0,2901.0,-2794.0,104.849,104.702,104.92225,0.1470000000000056,-0.07324999999998738,104.8320912698413,104.8910718253968,60416.3,,0.3257573176133857,0.1818078159278968,0.5075651335412825,1.0,2378.0,1.0,107.0,-0.016419969680968847,0.0309978001894265,,,0.589,0.3973,0.071
20241021,104.86,104.865,104.915,104.77,119731.0,2313.0,41843.0,2.0,0.0,2887.0,0.0,2.0,-1.0,3371.0,-3339.0,104.87,104.7375,104.90975,0.1325000000000074,-0.03974999999999795,104.8251507936508,104.8701992063492,56836.5,,0.3074049839140642,0.1818078159278968,0.489212799841961,2.0,2887.0,1.0,32.0,0.019318305200825184,0.0309984821163878,,,0.8082,0.7573,0.072
20241022,104.69,104.88,104.88,104.665,119468.0,-263.0,42898.0,2.0,-1.0,2381.0,0.0,2.0,-1.0,3202.0,-1826.0,104.837,104.7725,104.884,0.06449999999999534,-0.04700000000002547,104.8099444444444,104.8539325396825,54364.5,,0.3020931715350497,0.1890665351668498,0.4911597067018996,1.0,2381.0,1.0,1376.0,-0.002201426323366927,0.0549388952471565,,,0.7945,0.7587,0.153
20241023,104.58,104.67,104.715,104.52,118273.0,-1195.0,49355.0,2.0,-1.0,3612.0,0.0,3.0,-1.0,3447.0,0.0,104.799,104.7825,104.852,0.01650000000000773,-0.05299999999999727,104.7836507936508,104.8402952380953,52192.6,,0.2984626614683009,0.1837533107222846,0.4822159721905855,1.0,3612.0,2.0,3447.0,-0.010103743035181318,0.0334726902179,,,0.7945,0.7747,0.08
20241024,104.57,104.7,104.705,104.525,120095.0,1822.0,47203.0,2.0,0.0,4126.0,0.0,3.0,-1.0,4299.0,0.0,104.712,104.7705,104.82375,-0.0584999999999809,-0.1117499999999723,104.7592976190476,104.8268047619048,50865.9,,0.2462953360805611,0.1837533107222846,0.4300486468028457,2.0,4126.0,2.0,4299.0,0.015171322702860236,0.0310844623136209,,,0.8082,0.776,0.074
20241025,104.59,104.585,104.62,104.54,120341.0,246.0,39888.0,2.0,-1.0,2915.0,0.0,3.0,0.0,5817.0,0.0,104.658,104.7535,104.7905,-0.09550000000000125,-0.1325000000000074,104.7363611111111,104.8126123015873,49506.2,,0.222744498756656,0.1837533107222846,0.4064978094789406,1.0,2915.0,3.0,5817.0,0.0020441910903183456,0.0310785171054113,,,0.7534,0.76,0.074
20241028,104.67,104.585,104.69,104.55,119623.0,-718.0,43832.0,2.0,-1.0,2960.0,0.0,3.0,-1.0,5104.0,0.0,104.62,104.745,104.7655,-0.125,-0.1454999999999984,104.7215119047619,104.7986222222222,47232.9,,0.1892731569739479,0.1837533107222846,0.3730264676962325,1.0,2960.0,2.0,5104.0,-0.006002190214256456,0.0382226483143525,,,0.726,0.7613,0.099
20241029,104.695,104.7,104.705,104.6,117717.0,-1906.0,52031.0,2.0,0.0,4348.0,0.0,3.0,-1.0,3249.0,0.0,104.621,104.729,104.74575,-0.1079999999999899,-0.1247499999999917,104.7121150793651,104.78495,46234.2,,0.1756060967708929,0.1837533107222846,0.3593594074931775,2.0,4348.0,2.0,3249.0,-0.01619137422802144,0.0262699686544955,,,0.5068,0.3987,0.066
20241030,104.71,104.66,104.74,104.63,117698.0,-19.0,41462.0,2.0,-1.0,3244.0,0.0,3.0,-1.0,2684.0,0.0,104.647,104.723,104.7125,-0.0759999999999934,-0.06550000000000011,104.7079563492063,104.7722027777778,46260.2,,0.1650333817522172,0.1837533107222846,0.3487866924745018,1.0,3244.0,2.0,2684.0,-0.00016143010076636815,0.0310428949333167,,,0.4384,0.2653,0.075
20241031,104.7,104.705,104.735,104.625,118392.0,694.0,48069.0,2.0,-1.0,3036.0,-247.0,3.0,-1.0,3069.0,0.0,104.673,104.6925,104.689,-0.01949999999999363,-0.01599999999999113,104.7079087301587,104.7595988095238,46200.8,,0.1582202944807028,0.1837533107222846,0.3419736052029875,1.0,2789.0,2.0,3069.0,0.005861882559632408,0.0286572871093943,,,0.5068,0.352,0.07
20241101,104.91,104.78,104.92,104.74,122728.0,4336.0,53039.0,1.0,-1.0,3424.0,-1775.0,3.0,-1.0,4937.0,0.0,104.737,104.6975,104.69975,0.03950000000000387,0.03725000000000023,104.7234285714286,104.7487325396825,45962.0,,0.1609312189516968,0.1917733506637347,0.3527045696154314,0.0,1649.0,2.0,4937.0,0.035330161006453295,0.0357465143227243,,,0.6438,0.6867,0.093
20241104,104.85,104.895,104.92,104.83,120203.0,-2525.0,43994.0,1.0,-1.0,3464.0,-1642.0,2.0,-1.0,6157.0,-1344.0,104.773,104.6965,104.717,0.07649999999998158,0.05599999999998317,104.7388253968254,104.7401,46177.1,,0.1564993249048731,0.1917733506637347,0.3482726755686077,0.0,1822.0,1.0,4813.0,-0.021006131294560037,0.0262290817702951,,,0.589,0.688,0.066
20241105,104.925,104.895,104.94,104.81,117847.0,-2356.0,43866.0,1.0,-1.0,3122.0,-1220.0,2.0,-1.0,7371.0,-1829.0,104.819,104.72,104.74625,0.09899999999998954,0.0727499999999992,104.755876984127,104.7346932539682,46273.9,,0.1540963374846153,0.1917733506637347,0.34586968814835,0.0,1902.0,1.0,5542.0,-0.019992023555966635,0.0262062452652984,,,0.5616,0.7267,0.066
20241106,104.895,104.925,105.01,104.865,117145.0,-702.0,44145.0,2.0,-1.0,3832.0,-783.0,2.0,-1.0,5883.0,-2277.0,104.856,104.7515,104.767,0.1045000000000016,0.08900000000001285,104.7712182539683,104.73345,45752.9,,0.1455842291707157,0.1917733506637347,0.3373575798344504,1.0,3049.0,1.0,3606.0,-0.005992573306585855,0.0214500214500222,,,0.4932,0.7773,0.059
20241107,105.025,104.955,105.085,104.95,117642.0,497.0,45626.0,2.0,-1.0,3726.0,-651.0,2.0,-1.0,6603.0,-2296.0,104.921,104.797,104.78375,0.1240000000000094,0.1372499999999945,104.7951150793651,104.7370317460317,45595.2,,0.1401133179242779,0.1837533107222846,0.3238666286465626,1.0,3075.0,1.0,4307.0,0.004224681661311436,0.03333083985512,,,0.4932,0.7747,0.088
20241108,105.055,104.945,105.145,104.945,115174.0,-2468.0,54406.0,2.0,-1.0,3964.0,-947.0,2.0,-1.0,6839.0,-3272.0,104.95,104.8435,104.7985,0.1065000000000111,0.1514999999999844,104.8193333333334,104.745328968254,47047.0,,0.1438441847068407,0.1880266635188522,0.331870848225693,1.0,3017.0,1.0,3567.0,-0.0214284473926407,0.0357019326991277,,,0.5479,0.776,0.097
20241111,105.09,105.045,105.135,105.005,111939.0,-3235.0,44224.0,2.0,-1.0,3994.0,-482.0,2.0,-1.0,6573.0,-3508.0,104.998,104.8855,104.81525,0.1124999999999972,0.1827500000000128,104.8456388888889,104.7577416666666,47086.2,,0.1380118792447186,0.1837533107222846,0.3217651899670032,1.0,3512.0,1.0,3065.0,-0.02889966856948874,0.0118950193864594,,,0.2603,0.46,0.041
20241112,105.245,105.145,105.285,105.115,112077.0,138.0,46086.0,1.0,-1.0,4402.0,-1381.0,2.0,-1.0,7220.0,-3444.0,105.062,104.9405,104.83475,0.1214999999999833,0.227249999999998,104.8841031746032,104.7749404761905,46491.7,,0.1379493572581802,0.1832820446899328,0.3212314019481131,0.0,3021.0,1.0,3776.0,0.0012312963409084826,0.0190040680630133,,,0.2877,0.2293,0.053
20241113,105.175,105.175,105.27,105.16,108991.0,-3086.0,40591.0,1.0,-1.0,4233.0,-1801.0,2.0,-1.0,7188.0,-2958.0,105.118,104.987,104.855,0.1310000000000002,0.2630000000000194,104.9174603174603,104.7958908730158,46404.6,,0.1331258703401698,0.1818078159278968,0.3149336862680666,0.0,2432.0,1.0,4230.0,-0.02831426448055344,0.0118849536486767,,,0.2603,0.2027,0.041
20241114,105.235,105.17,105.245,105.125,105369.0,-3622.0,38774.0,1.0,-1.0,4212.0,-2025.0,2.0,-1.0,6427.0,-2165.0,105.16,105.0405,104.8665,0.1195000000000164,0.2935000000000088,104.9520674603175,104.8203067460317,45475.1,,0.135790032535157,0.1812311237878816,0.3170211563230386,0.0,2187.0,1.0,4262.0,-0.034374436504095135,0.0237573707290928,,,0.2466,0.1253,0.069
20241115,105.19,105.23,105.335,105.175,101466.0,-3903.0,47460.0,1.0,-1.0,3470.0,-2508.0,2.0,-1.0,5868.0,-2250.0,105.187,105.0685,104.883,0.1184999999999832,0.3039999999999878,104.9859206349206,104.846555952381,44917.2,,0.1371028100972998,0.1808215290309984,0.3179243391282982,0.0,962.0,1.0,3618.0,-0.038466087162202116,0.0047505927940091,,,0.2055,0.0547,0.034
20241118,105.165,105.215,105.27,105.105,100494.0,-972.0,46695.0,1.0,-1.0,4125.0,-3078.0,2.0,-1.0,6663.0,-2030.0,105.202,105.1,104.89825,0.1020000000000039,0.3037499999999937,105.0147896825397,104.8741523809524,45187.3,,0.1411401402558889,0.1755853035268301,0.3167254437827191,0.0,1047.0,1.0,4633.0,-0.00967221923696937,0.0071284862162823,,,0.2055,0.056,0.036
20241119,105.325,105.175,105.33,105.14,98263.0,-2231.0,42686.0,1.0,-1.0,3439.0,-1186.0,2.0,-1.0,7683.0,-3524.0,105.218,105.14,104.93,0.07799999999998875,0.2880000000000109,105.0505277777778,104.9036174603174,45069.3,,0.1465203955710727,0.1805416151803963,0.3270620107514689,0.0,2253.0,1.0,4159.0,-0.022704374993639517,0.0308613798605084,,,0.1781,0.0573,0.082
20241120,105.23,105.245,105.3,105.18,90537.0,-7726.0,45736.0,1.0,-1.0,3618.0,-1208.0,2.0,-1.0,7335.0,-2998.0,105.229,105.1735,104.9625,0.05549999999998079,0.2664999999999935,105.0796904761905,104.9344646825397,45228.4,,0.1488464400893077,0.1805416151803963,0.3293880552697039,0.0,2410.0,1.0,4337.0,-0.08533527728994776,-0.0190114022112197,,,0.1781,0.0587,0.026
20241121,105.41,105.285,105.42,105.21,82362.0,-8175.0,53271.0,1.0,-1.0,3579.0,-2106.0,2.0,-1.0,8313.0,-3074.0,105.264,105.212,105.0045,0.0519999999999925,0.2595000000000027,105.1182142857143,104.9667746031746,45992.9,,0.1481164412646974,0.1808215290309984,0.3289379702956958,0.0,1473.0,1.0,5239.0,-0.09925693887958038,-0.0118600319068274,,,0.1507,0.06,0.03
20241122,105.28,105.36,105.395,105.23,66544.0,-15818.0,63554.0,2.0,-1.0,3407.0,-892.0,2.0,-1.0,6983.0,-2144.0,105.282,105.2345,105.039,0.04750000000001364,0.242999999999995,105.1476349206349,104.9996047619048,46907.7,76264.8,0.1541862937214931,0.1805416151803963,0.3347279089018894,1.0,2515.0,1.0,4839.0,-0.23770738158211108,-0.0498670212765976,,,0.1507,0.0613,0.016
20241125,105.385,105.215,105.425,105.215,48163.0,-18381.0,48292.0,2.0,-1.0,3709.0,-874.0,2.0,-1.0,8211.0,-2489.0,105.326,105.264,105.07475,0.0619999999999834,0.2512499999999989,105.1769761904762,105.0327384920635,47314.5,,0.1595703144893237,0.1805416151803963,0.3401119296697199,1.0,2835.0,1.0,5722.0,-0.38164150904221084,-0.0711559325111233,,,0.1644,0.0613,0.013
20241126,105.45,105.53,105.59,105.425,109310.0,61147.0,67501.0,1.0,-1.0,3982.0,-1979.0,2.0,-1.0,7339.0,-3581.0,105.351,105.2845,105.1125,0.06649999999999068,0.2385000000000019,105.2171468253968,105.0660428571428,49456.0,81001.2,0.1635828027639373,0.1808215290309984,0.3444043317949356,0.0,2003.0,1.0,3758.0,0.559390723630043,-0.1354398514174542,,,0.137,0.0613,0.001
20241127,105.47,105.4,105.56,105.4,112510.0,3200.0,53763.0,2.0,-1.0,4066.0,-1349.0,2.0,-1.0,7133.0,-5485.0,105.399,105.314,105.1505,0.08499999999999375,0.248500000000007,105.2514246031746,105.0994392857143,50773.2,,0.1614977217285672,0.1808215290309984,0.3423192507595655,1.0,2717.0,1.0,1648.0,0.02844191627410897,-0.1402035261192798,,,0.1233,0.0613,0.001
20241128,105.55,105.49,105.575,105.43,114675.0,2165.0,37747.0,2.0,-1.0,4022.0,-1425.0,2.0,-1.0,6456.0,-4549.0,105.427,105.3455,105.193,0.08150000000000546,0.2339999999999804,105.2871507936508,105.1329476190476,50670.5,,0.157712657712656,0.1805416151803963,0.3382542728930522,1.0,2597.0,1.0,1907.0,0.018879441901024634,-0.1401492690139094,,,0.137,0.0413,0.002
20241129,105.515,105.6,105.64,105.47,113662.0,-1013.0,49582.0,1.0,-1.0,4190.0,-1455.0,2.0,-1.0,7086.0,-5026.0,105.474,105.378,105.22325,0.09600000000000364,0.2507499999999965,105.3222420634921,105.1665797619048,50882.7,,0.1603797575654805,0.1754377068605547,0.3358174644260352,0.0,2735.0,1.0,2060.0,-0.008912389364959266,-0.0901970092570604,,,0.137,0.0413,0.015
20241202,105.825,105.59,105.86,105.59,122514.0,8852.0,56799.0,1.0,0.0,4110.0,-1146.0,2.0,-1.0,7138.0,-6985.0,105.562,105.444,105.272,0.1180000000000092,0.2900000000000063,105.3731547619048,105.2024162698413,51893.1,,0.1704847800814105,0.1805416151803963,0.3510263952618068,1.0,2964.0,1.0,153.0,0.07225296700785216,-0.1112690624568388,,,0.1507,0.04,0.007
20241203,105.675,105.8,105.8,105.615,116244.0,-6270.0,60086.0,1.0,0.0,2986.0,-450.0,2.0,-1.0,4972.0,-6954.0,105.607,105.479,105.3095,0.1280000000000001,0.2974999999999994,105.4157658730159,105.2389400793651,53633.1,,0.1772034383565808,0.1808215290309984,0.3580249673875792,1.0,2536.0,1.0,-1982.0,-0.05393826778156292,-0.0758115362933702,,,0.1507,0.0413,0.018
20241204,105.82,105.76,105.83,105.71,119557.0,3313.0,41150.0,2.0,0.0,4245.0,-275.0,2.0,-1.0,4608.0,-7606.0,105.677,105.538,105.35575,0.13900000000001,0.3212500000000063,105.4622698412698,105.277198015873,53174.5,,0.1795040269865662,0.1805416151803963,0.3600456421669624,2.0,3970.0,1.0,-2998.0,0.02771063174887292,-0.1017849055440208,,,0.2466,0.184,0.014
20241205,105.805,105.77,105.85,105.74,122094.0,2537.0,38132.0,2.0,0.0,4278.0,-310.0,2.0,-1.0,4754.0,-7357.0,105.728,105.5775,105.39475,0.1504999999999797,0.3332499999999925,105.5055873015873,105.3159353174603,51660.6,,0.1760438213696873,0.1805416151803963,0.3565854365500836,2.0,3968.0,1.0,-2603.0,0.020779071862663194,-0.1042120469858259,,,0.2192,0.1693,0.013
20241206,105.8,105.755,105.865,105.75,124419.0,2325.0,39675.0,2.0,0.0,4249.0,-902.0,2.0,-1.0,4684.0,-6224.0,105.785,105.6295,105.432,0.1554999999999893,0.3530000000000086,105.5446388888889,105.3556357142857,49272.7,,0.1725841601580995,0.1805416151803963,0.3531257753384958,2.0,3347.0,1.0,-1540.0,0.018686856509054082,-0.1303653499852202,,,0.1918,0.132,0.004
20241209,105.74,105.8,105.82,105.705,121747.0,-2672.0,46218.0,1.0,0.0,4197.0,-757.0,2.0,-1.0,4605.0,-4148.0,105.768,105.665,105.4645,0.1029999999999802,0.3034999999999854,105.5761349206349,105.3955515873016,49065.3,,0.1674611202641474,0.1805416151803963,0.3480027354445436,1.0,3440.0,1.0,457.0,-0.021947152701914625,-0.0947884815674318,,,0.1781,0.116,0.018
20241210,106.16,105.95,106.22,105.93,126894.0,5147.0,74263.0,2.0,0.0,6234.0,0.0,2.0,-1.0,3921.0,-3792.0,105.865,105.736,105.51025,0.1290000000000191,0.3547500000000099,105.6379126984127,105.4376281746032,49741.5,89115.59999999999,0.1900080127934213,0.1808215290309984,0.3708295418244196,2.0,6234.0,1.0,129.0,0.04056141346320551,-0.0684292369933748,,,0.1644,0.112,0.025
20241211,106.09,106.115,106.14,106.01,122664.0,-4230.0,59276.0,2.0,0.0,6359.0,0.0,2.0,-1.0,2856.0,-1831.0,105.919,105.798,105.556,0.1210000000000093,0.3630000000000138,105.6937857142857,105.4818642857143,50292.8,,0.185865440180051,0.1808215290309984,0.3666869692110494,2.0,6359.0,1.0,1025.0,-0.03448444531402856,-0.0684253901975611,,,0.1644,0.1093,0.026
20241212,106.245,106.14,106.28,106.1,127237.0,4573.0,58625.0,2.0,0.0,7241.0,0.0,3.0,0.0,4603.0,-7.0,106.007,105.8675,105.6065,0.1394999999999982,0.4004999999999797,105.7570476190476,105.528853968254,52380.6,,0.1864197280703516,0.1808215290309984,0.36724125710135,2.0,7241.0,3.0,4596.0,0.035940803382663845,-0.1865847897968872,,,0.1644,0.0787,0.001
20241213,106.38,106.48,106.52,106.36,126497.0,-740.0,78396.0,2.0,0.0,9144.0,0.0,2.0,-1.0,5350.0,-4283.0,106.123,105.954,105.666,0.1690000000000111,0.4569999999999936,105.835492063492,105.580178968254,55262.0,94075.2,0.1906818987192234,0.182658368839985,0.3733402675592083,2.0,9144.0,1.0,1067.0,-0.005849941105322656,-0.2480042091154961,,,0.0959,0.0347,0.001
20241216,106.485,106.425,106.605,106.425,126148.0,-349.0,58977.0,2.0,0.0,10852.0,0.0,2.0,-1.0,3939.0,-4334.0,106.272,106.02,105.732,0.2519999999999953,0.5400000000000063,105.9139047619048,105.634253968254,55479.8,,0.1918977984027618,0.1857532271706417,0.3776510255734035,2.0,10852.0,1.0,-395.0,-0.0027665916225386054,-0.016433578319781,,,0.0959,0.036,0.044
20241217,106.425,106.46,106.46,106.345,124009.0,-2139.0,62496.0,2.0,0.0,10079.0,0.0,2.0,-1.0,3585.0,-2433.0,106.325,106.095,105.787,0.230000000000004,0.5379999999999967,105.9814246031746,105.6908198412698,55720.8,,0.1904261163520415,0.1857532271706417,0.3761793435226832,2.0,10079.0,1.0,1152.0,-0.01724874807473651,-0.056362842311092,,,0.1781,0.1173,0.03
20241218,106.395,106.435,106.575,106.21,122080.0,-1929.0,89208.0,2.0,0.0,7994.0,0.0,2.0,-1.0,4557.0,-2980.0,106.386,106.1525,105.84525,0.2335000000000065,0.5407499999999885,106.0399801587302,105.7485908730159,60526.6,107049.6,0.2051389150879842,0.1880266635188522,0.3931655786068364,2.0,7994.0,1.0,1577.0,-0.01580111402359109,-0.0516825720981494,,,0.1781,0.1147,0.032
20241219,106.445,106.49,106.49,106.31,125487.0,3407.0,71461.0,2.0,0.0,6402.0,0.0,2.0,-1.0,5362.0,-5106.0,106.426,106.2165,105.897,0.2095000000000056,0.5289999999999964,106.0980555555555,105.8078376984127,63859.5,,0.2056837385291756,0.1857532271706417,0.3914369656998173,2.0,6402.0,1.0,256.0,0.02715022273223521,-0.0516566441182667,,,0.1644,0.048,0.033
20241220,106.705,106.52,106.705,106.52,129061.0,3574.0,61804.0,2.0,0.0,6536.0,0.0,2.0,-1.0,5514.0,-4969.0,106.491,106.307,105.96825,0.1839999999999975,0.522750000000002,106.1693571428571,105.8703095238095,66072.4,,0.1998425482952824,0.1880266635188522,0.3878692118141346,2.0,6536.0,1.0,545.0,0.02769233153315099,-0.0445086665040181,,,0.1644,0.0427,0.035
20241223,106.59,106.8,106.8,106.565,123623.0,-5438.0,76629.0,2.0,0.0,6860.0,0.0,2.0,-1.0,3455.0,-4351.0,106.512,106.392,106.0285,0.1199999999999761,0.4834999999999781,106.2353174603174,105.9362277777778,69113.5,,0.2014007269254945,0.1919878541798398,0.3933885811053344,2.0,6860.0,1.0,-896.0,-0.04398857817720003,-0.0375200434397795,,,0.1781,0.04,0.038
20241224,106.52,106.61,106.68,106.425,121820.0,-1803.0,75059.0,2.0,0.0,8476.0,0.0,2.0,-1.0,1362.0,-2172.0,106.531,106.428,106.082,0.1029999999999944,0.4489999999999981,106.285869047619,106.0010234126984,69193.1,,0.2080273695460029,0.1919878541798398,0.4000152237258427,2.0,8476.0,1.0,-810.0,-0.014800525365293055,-0.0117342245333911,,,0.1918,0.04,0.053
20241225,106.41,106.525,106.58,106.38,121281.0,-539.0,60377.0,2.0,0.0,8120.0,0.0,3.0,-1.0,1873.0,-851.0,106.534,106.46,106.129,0.07400000000002649,0.4050000000000296,106.3212698412698,106.0637718253968,69303.2,,0.2139896129374695,0.1889219438629089,0.4029115568003785,2.0,8120.0,2.0,1022.0,-0.004444224569388445,-0.0211437464447213,,,0.1644,0.0387,0.045
20241226,106.345,106.44,106.49,106.28,119121.0,-2160.0,65756.0,2.0,0.0,7887.0,0.0,3.0,0.0,2494.0,0.0,106.514,106.47,106.16875,0.04399999999998272,0.3452499999999787,106.3450992063492,106.122576984127,70016.3,,0.220291684996323,0.1889219438629089,0.4092136288592319,2.0,7887.0,3.0,2494.0,-0.018132822927947212,-0.0305569319526146,,,0.0685,0.0133,0.041
20241227,106.565,106.405,106.575,106.385,121251.0,2130.0,61730.0,2.0,0.0,8045.0,0.0,3.0,0.0,4437.0,0.0,106.486,106.4885,106.22125,-0.002500000000011937,0.2647500000000065,106.3766944444444,106.1766972222222,68349.7,,0.2278890559553224,0.1889219438629089,0.4168109998182313,2.0,8045.0,3.0,4437.0,0.017566865427913997,-0.0211162945182979,,,0.0548,0.0107,0.047
20241230,106.35,106.525,106.55,106.315,118206.0,-3045.0,65889.0,2.0,0.0,9452.0,0.0,3.0,-1.0,7485.0,0.0,106.438,106.475,106.2475,-0.03699999999997772,0.1905000000000285,106.3959722222222,106.224903968254,69040.9,,0.2124232356790501,0.1889219438629089,0.401345179541959,2.0,9452.0,2.0,7485.0,-0.025760113699812192,-0.0540521804781797,,,0.0137,0.012,0.032
20241231,106.54,106.44,106.545,106.43,121874.0,3668.0,67521.0,2.0,0.0,8384.0,0.0,3.0,-1.0,7243.0,-6.0,106.442,106.4865,106.29075,-0.04449999999999932,0.1512500000000045,106.4197301587301,106.2687345238095,69543.4,,0.2153784219001626,0.1870569797818739,0.4024354016820365,2.0,8384.0,2.0,7237.0,0.030096657203341155,-1.7616640481294982e-06,,,0.0685,0.0133,0.062
20250102,106.605,106.6,106.66,106.51,123936.0,2062.0,57808.0,2.0,0.0,9300.0,0.0,3.0,-1.0,7689.0,0.0,106.481,106.5075,106.33,-0.02650000000001285,0.1509999999999962,106.4494444444445,106.3096809523809,66403.4,,0.2126432155410674,0.1857532271706417,0.398396442711709,2.0,9300.0,2.0,7689.0,0.01663761941647302,-0.018760846114156,,,0.0685,0.0133,0.052
20250103,106.97,106.685,106.99,106.64,124110.0,174.0,110775.0,2.0,0.0,9968.0,0.0,2.0,-1.0,12537.0,-295.0,106.606,106.56,106.38825,0.04600000000000648,0.2177499999999952,106.5009761904762,106.349973015873,70334.8,132930.0,0.2199349582592963,0.1857532271706417,0.405688185429938,2.0,9968.0,1.0,12242.0,0.0014019821126420111,-0.0257061763140545,,,0.0685,0.0147,0.043
20250106,106.85,106.91,106.925,106.735,117780.0,-6330.0,74661.0,2.0,0.0,12169.0,0.0,2.0,-1.0,10658.0,-239.0,106.663,106.5745,106.44075,0.08850000000002467,0.2222500000000025,106.5458809523809,106.3876253968254,71620.5,,0.2205515128560085,0.1857532271706417,0.4063047400266502,2.0,12169.0,1.0,10419.0,-0.05374426897605705,0.0070095545593671,,,0.0685,0.0133,0.068
20250107,106.735,106.85,106.85,106.64,120219.0,2439.0,64425.0,2.0,0.0,9516.0,0.0,3.0,-1.0,13029.0,-156.0,106.74,106.589,106.4905,0.1510000000000247,0.2495000000000118,106.5746507936508,106.4215587301587,70400.1,,0.2251972989728724,0.1870569797818739,0.4122542787547463,2.0,9516.0,2.0,12873.0,0.020287974446634893,0.0117105891769983,,,0.0685,0.048,0.076
20250108,106.705,106.74,106.755,106.64,121006.0,787.0,65797.0,2.0,0.0,9531.0,0.0,2.0,-1.0,13060.0,-590.0,106.773,106.6075,106.51775,0.1654999999999944,0.2552499999999895,106.5974206349206,106.4527138888889,69473.9,,0.2083982483825673,0.1870569797818739,0.3954552281644412,2.0,9531.0,1.0,12470.0,0.006503809728443217,0.0398340478877017,,,0.0822,0.044,0.154
20250109,106.46,106.71,106.71,106.445,122612.0,1606.0,73333.0,2.0,0.0,8221.0,0.0,2.0,-1.0,12811.0,-890.0,106.744,106.6125,106.53625,0.1314999999999884,0.2077499999999901,106.5990674603175,106.4804936507936,70769.5,,0.2140918685295,0.1889219438629089,0.403013812392409,2.0,8221.0,1.0,11921.0,0.013098228558379279,-1.7649754460139118e-06,,,0.0822,0.1387,0.064
20250110,106.47,106.195,106.47,106.0,120067.0,-2545.0,84156.0,2.0,0.0,9292.0,0.0,1.0,-2.0,15613.0,-1356.0,106.644,106.625,106.5475,0.01900000000000546,0.09650000000002024,106.5801825396825,106.504001984127,72609.5,,0.2281995690680669,0.1889219438629089,0.4171215129309759,2.0,9292.0,-1.0,14257.0,-0.021196498621602937,0.0258299751960538,,,0.0685,0.0427,0.107
20250113,106.315,106.35,106.41,106.16,121677.0,1610.0,73676.0,2.0,0.0,10149.0,0.0,3.0,-1.0,17512.0,-903.0,106.537,106.6,106.54425,-0.06300000000000239,-0.007249999999999091,106.5583928571429,106.5221718253968,73804.1,,0.2332689832689825,0.1889219438629089,0.4221909271318914,2.0,10149.0,2.0,16609.0,0.013231752919615047,-0.0094145287743629,,,0.0685,0.0493,0.061
20250114,106.52,106.315,106.535,106.255,121190.0,-487.0,77004.0,2.0,0.0,10080.0,0.0,3.0,0.0,19515.0,0.0,106.494,106.617,106.546,-0.1230000000000047,-0.05200000000000671,106.5497619047619,106.5375507936508,74915.6,,0.2349447661947649,0.1919878541798398,0.4269326203746047,2.0,10080.0,3.0,19515.0,-0.004018483373215612,-0.0117348854675205,,,0.0685,0.0547,0.059
20250115,106.525,106.61,106.625,106.47,118870.0,-2320.0,53534.0,2.0,0.0,10566.0,0.0,3.0,0.0,19056.0,0.0,106.458,106.6155,106.551,-0.1574999999999989,-0.09300000000000352,106.5502817460317,106.5506059523809,73516.9,,0.2319104798737214,0.1889219438629089,0.4208324237366303,2.0,10566.0,3.0,19056.0,-0.019517119542357197,-0.0351970580942775,,,0.0685,0.0587,0.041
20250116,106.59,106.48,106.625,106.41,120774.0,1904.0,69503.0,2.0,0.0,8151.0,0.0,3.0,-1.0,19534.0,0.0,106.484,106.614,106.56075,-0.1300000000000097,-0.0767500000000183,106.5501984126984,106.5606813492063,74686.4,,0.2322074788902285,0.1919878541798398,0.4241953330700683,2.0,8151.0,2.0,19534.0,0.015764982529352344,-0.0117278388523759,,,0.1644,0.212,0.062
20250117,106.435,106.63,106.63,106.42,119526.0,-1248.0,56901.0,2.0,0.0,9377.0,0.0,3.0,0.0,20178.0,0.0,106.477,106.5605,106.56025,-0.0835000000000008,-0.0832499999999925,106.544130952381,106.5649968253968,69299.0,,0.2308872908107515,0.1953425418278082,0.4262298326385597,2.0,9377.0,3.0,20178.0,-0.010441242909492495,-0.0305310977162059,,,0.2466,0.348,0.044
20250120,106.52,106.4,106.56,106.38,122516.0,2990.0,59601.0,2.0,0.0,9504.0,0.0,2.0,-1.0,19361.0,-2158.0,106.518,106.5275,106.551,-0.009499999999988518,-0.03300000000000125,106.5381547619047,106.5642242063492,67793.0,,0.2261700530745715,0.1953425418278082,0.4215125949023797,2.0,9504.0,1.0,17203.0,0.024404975676646314,-0.0164275179103437,,,0.2877,0.4307,0.057
20250121,106.605,106.5,106.605,106.43,126274.0,3758.0,70968.0,2.0,0.0,9810.0,0.0,2.0,-2.0,19378.0,-2092.0,106.535,106.5145,106.55175,0.02050000000001262,-0.01674999999998761,106.539746031746,106.5607337301587,68447.3,,0.2248199932319449,0.1953425418278082,0.4201625350597531,2.0,9810.0,0.0,17286.0,0.029760679158021445,-0.0140714042658693,,,0.3836,0.568,0.058
20250122,106.505,106.605,106.635,106.49,122619.0,-3655.0,52600.0,2.0,0.0,10557.0,0.0,2.0,-2.0,19171.0,-2099.0,106.531,106.4945,106.551,0.03650000000000375,-0.02000000000001023,106.5394722222222,106.5549388888889,67127.6,,0.2244999849216424,0.1953425418278082,0.4198425267494507,2.0,10557.0,0.0,17072.0,-0.0298077785661276,-0.032857901119792,,,0.4795,0.6573,0.043
20250123,106.45,106.505,106.555,106.37,122262.0,-357.0,52887.0,2.0,0.0,9627.0,0.0,2.0,-2.0,20828.0,-3670.0,106.503,106.4935,106.553,0.009500000000002728,-0.04999999999999716,106.5318492063492,106.548217063492,65083.0,,0.2111705889648288,0.1953425418278082,0.406513130792637,2.0,9627.0,0.0,17158.0,-0.0029199587770525593,-0.0540075937808412,,,0.589,0.692,0.033
20250124,106.385,106.36,106.395,106.22,122863.0,601.0,48139.0,2.0,0.0,9011.0,0.0,2.0,-2.0,20887.0,-4504.0,106.493,106.485,106.555,0.008000000000023988,-0.0619999999999834,106.5129087301587,106.5414896825397,61481.3,,0.2109011413473539,0.1969707820511445,0.4078719233984983,2.0,9011.0,0.0,16383.0,0.004891627259630646,-0.0775306570339226,,,0.6301,0.732,0.024
20250127,106.59,106.5,106.675,106.465,124194.0,1331.0,51072.0,2.0,0.0,8181.0,0.0,2.0,-1.0,16676.0,-2521.0,106.507,106.5125,106.55625,-0.005500000000012051,-0.04925000000001489,106.5165357142857,106.537303968254,59220.9,,0.2162869070972291,0.1969707820511445,0.4132576891483735,2.0,8181.0,1.0,14155.0,0.010717103885856,-0.084431843714365,,,0.6438,0.7893,0.023
20250205,106.635,106.53,106.645,106.525,122122.0,-2072.0,35870.0,2.0,0.0,7153.0,0.0,3.0,-1.0,16819.0,-598.0,106.513,106.524,106.5705,-0.01100000000000989,-0.05750000000000455,106.520876984127,106.5344154761905,55107.5,,0.2166324056592703,0.1969707820511445,0.4136031877104148,2.0,7153.0,2.0,16221.0,-0.01696663991745959,-0.0750222722370687,,,0.6438,0.824,0.027
20250206,106.695,106.64,106.71,106.565,122754.0,632.0,53370.0,2.0,0.0,7955.0,0.0,3.0,-1.0,15847.0,0.0,106.551,106.541,106.57825,0.01000000000001933,-0.02724999999999511,106.5315634920635,106.5325436507937,55091.1,,0.2085512727662884,0.1969707820511445,0.4055220548174329,2.0,7955.0,2.0,15847.0,0.005148508398911645,-0.0866957214489911,,,0.6849,0.8387,0.023
20250207,106.525,106.685,106.72,106.505,119171.0,-3583.0,47153.0,2.0,0.0,8119.0,0.0,2.0,-2.0,15486.0,-1089.0,106.566,106.5345,106.57425,0.03149999999999409,-0.008250000000003865,106.5324087301587,106.5307646825397,52856.1,,0.1914443487036437,0.1973703099346099,0.3888146586382536,2.0,8119.0,0.0,14397.0,-0.030066039556603537,-0.1149604180321221,,,0.7397,0.792,0.009
20250210,106.315,106.47,106.485,106.28,108543.0,-10628.0,60582.0,2.0,0.0,8756.0,0.0,2.0,-1.0,17347.0,-2333.0,106.552,106.5225,106.5415,0.02949999999999875,0.01049999999999329,106.5148690476191,106.5278384920635,53224.2,,0.1870857207997081,0.1979712974707267,0.3850570182704348,2.0,8756.0,1.0,15014.0,-0.0979151119832693,-0.1034484534655333,,,0.7671,0.8187,0.018
20250211,106.35,106.345,106.4,106.255,99821.0,-8722.0,53774.0,2.0,0.0,9776.0,0.0,2.0,-1.0,15954.0,-2443.0,106.504,106.5055,106.5165,-0.001500000000021373,-0.01250000000000284,106.4966706349207,106.5236900793651,52641.5,,0.1780534831083924,0.1979712974707267,0.376024780579119,2.0,9776.0,1.0,13511.0,-0.0873764037627353,-0.112803321054307,,,0.7671,0.844,0.01
20250212,106.235,106.305,106.42,106.21,90407.0,-9414.0,53908.0,2.0,0.0,9535.0,0.0,2.0,-1.0,15411.0,-2865.0,106.424,106.4685,106.4915,-0.04449999999998511,-0.06749999999999545,106.4738055555555,106.517096031746,50935.5,,0.1817773261293183,0.1980939788168057,0.379871304946124,2.0,9535.0,1.0,12546.0,-0.10412910504717555,-0.1105600640102747,,,0.7671,0.8653,0.013
20250213,106.21,106.295,106.305,106.175,80053.0,-10354.0,52305.0,2.0,0.0,9017.0,0.0,2.0,-1.0,16731.0,-3724.0,106.327,106.439,106.46675,-0.1119999999999948,-0.1397500000000065,106.4503015873015,106.508178968254,50906.0,,0.1761207148152764,0.1980939788168057,0.3742146936320822,2.0,9017.0,1.0,13007.0,-0.12933931270533272,-0.1317559433288443,,,0.7945,0.876,0.006
20250214,106.025,106.205,106.205,105.955,72143.0,-7910.0,58785.0,2.0,0.0,10773.0,0.0,2.0,-1.0,14502.0,-4934.0,106.227,106.3965,106.445,-0.1695000000000135,-0.2180000000000035,106.4133055555556,106.4963246031746,51495.8,,0.1791892191175454,0.1989223330118861,0.3781115521294315,2.0,10773.0,1.0,9568.0,-0.10964334724089655,-0.1531531923506617,,,0.8356,0.888,0.003
20250217,105.955,106.005,106.08,105.92,62538.0,-9605.0,56294.0,2.0,0.0,7783.0,0.0,2.0,-1.0,15774.0,-5093.0,106.155,106.3535,106.41925,-0.1985000000000099,-0.2642499999999899,106.3685952380952,106.4818932539683,52311.3,,0.1779144399387719,0.1989223330118861,0.376836772950658,2.0,7783.0,1.0,10681.0,-0.15358661933544404,-0.1249952987414459,,,0.863,0.908,0.009
20250218,105.91,105.965,105.99,105.705,52547.0,-9991.0,42793.0,2.0,0.0,8272.0,0.0,2.0,-1.0,16219.0,-5167.0,106.067,106.2855,106.399,-0.2184999999999917,-0.3319999999999936,106.3179761904762,106.4620373015873,51483.4,,0.185386069848905,0.1992409894076231,0.3846270592565281,2.0,8272.0,1.0,11052.0,-0.19013454621576875,-0.1179770186385894,,,0.6027,0.7733,0.01
20250219,106.225,106.16,106.225,106.065,96210.0,43663.0,75151.0,2.0,0.0,9031.0,0.0,2.0,-1.0,14814.0,-5581.0,106.065,106.2445,106.38425,-0.1795000000000044,-0.3192500000000109,106.2978095238095,106.4397305555556,55411.5,90181.2,0.1968417976426016,0.2002445983390958,0.3970863959816974,2.0,9031.0,1.0,9233.0,0.45383016318470015,-0.1580324813401787,,,0.6027,0.7733,0.003
20250220,105.95,106.18,106.2,105.93,103727.0,7517.0,73208.0,2.0,0.0,8115.0,0.0,2.0,-1.0,13051.0,-5945.0,106.013,106.17,106.3555,-0.1570000000000107,-0.3425000000000153,106.2638849206349,106.4129626984127,57395.3,87849.59999999999,0.2043003887755748,0.2017567088325521,0.4060570976081269,2.0,8115.0,1.0,7106.0,0.07246907748223702,-0.1442261508193814,,,0.6301,0.7627,0.005
20250221,105.81,105.99,106.05,105.76,108832.0,5105.0,72192.0,2.0,0.0,8303.0,0.0,2.0,-1.0,14409.0,-4873.0,105.97,106.0985,106.3165,-0.1284999999999883,-0.3464999999999918,106.2174325396825,106.3814650793651,59899.2,86630.4,0.2084131690230787,0.205617280054952,0.4140304490780308,2.0,8303.0,1.0,9536.0,0.04690715965892384,-0.1490397623915736,,,0.6712,0.7627,0.005
20250224,105.71,105.845,105.955,105.56,120335.0,11503.0,91613.0,2.0,0.0,9819.0,0.0,2.0,-1.0,15386.0,-4349.0,105.921,106.038,106.28025,-0.116999999999976,-0.3592499999999887,106.1620396825397,106.3461821428571,63002.3,109935.6,0.2155998789142635,0.2131107049552886,0.4287105838695521,2.0,9819.0,1.0,11037.0,0.0955914738023019,-0.1516724940911229,,,0.726,0.6573,0.005
20250225,105.82,105.795,105.91,105.465,125547.0,5212.0,89567.0,2.0,0.0,9367.0,0.0,2.0,-1.0,14583.0,-3456.0,105.903,105.985,106.24525,-0.08199999999999363,-0.3422499999999928,106.1121825396825,106.3077333333333,66581.6,107480.4,0.2375928412536548,0.2159767851005904,0.4535696263542451,2.0,9367.0,1.0,11127.0,0.04151433327757732,-0.1539656581354851,,,0.726,0.7627,0.004
20250226,105.825,105.83,105.995,105.745,129661.0,4114.0,75543.0,2.0,0.0,9202.0,0.0,2.0,-1.0,11401.0,-4134.0,105.823,105.944,106.20625,-0.1209999999999951,-0.3832499999999897,106.0731666666667,106.2676694444444,68745.1,,0.2448033996356565,0.2176913304066054,0.4624947300422619,2.0,9202.0,1.0,7267.0,0.0317288930364566,-0.1515439693471348,,,0.6712,0.7627,0.007
20250227,105.745,105.8,105.88,105.67,132868.0,3207.0,44975.0,2.0,0.0,7922.0,0.0,2.0,-1.0,10769.0,-4439.0,105.782,105.8975,106.16825,-0.1154999999999973,-0.3862500000000182,106.0301111111111,106.2256503968254,68012.1,,0.2445951545902008,0.2176913304066054,0.4622864849968062,2.0,7922.0,1.0,6330.0,0.024136737212872926,-0.1445538931102784,,,0.7123,0.7627,0.009
20250228,105.835,105.745,105.845,105.605,133697.0,829.0,50475.0,2.0,0.0,7344.0,0.0,2.0,-1.0,10121.0,-4601.0,105.787,105.8785,106.1375,-0.09150000000001057,-0.3505000000000109,105.9924404761905,106.1835638888889,67181.1,,0.244337273061224,0.2201490779616702,0.4644863510228942,2.0,7344.0,1.0,5520.0,0.0062005878965122625,-0.1397707741531962,,,0.6986,0.812,0.013
20250303,106.015,105.825,106.075,105.76,138312.0,4615.0,67381.0,2.0,0.0,7462.0,0.0,2.0,-1.0,7771.0,-209.0,105.848,105.8845,106.119,-0.03650000000000375,-0.2710000000000008,105.9722817460317,106.1439325396825,68289.8,,0.2558536207163873,0.2229898110599706,0.4788434317763579,2.0,7462.0,1.0,7562.0,0.033366591474347854,-0.1443335474175731,,,0.6849,0.796,0.01
20250304,105.935,106.095,106.115,105.86,136253.0,-2059.0,53640.0,2.0,0.0,6649.0,0.0,3.0,-1.0,7172.0,0.0,105.871,105.887,106.08625,-0.01599999999997692,-0.2152499999999833,105.9591388888889,106.1080488095238,69374.5,,0.2589398302055973,0.2282397517540224,0.4871795819596196,2.0,6649.0,2.0,7172.0,-0.015111593873162426,-0.1491336948356184,,,0.6986,0.7933,0.008
20250305,106.01,106.0,106.03,105.925,138529.0,2276.0,45598.0,2.0,0.0,5282.0,0.0,3.0,-1.0,7798.0,0.0,105.908,105.8655,106.055,0.04249999999998977,-0.1470000000000056,105.9495277777778,106.0732206349206,66419.2,,0.2572887231330511,0.2229898110599706,0.4802785341930216,2.0,5282.0,2.0,7798.0,0.01642977282735023,-0.1514151822193195,,,0.726,0.784,0.008
20250306,105.83,105.965,105.965,105.77,141389.0,2860.0,52510.0,2.0,0.0,7206.0,0.0,3.0,0.0,8446.0,0.0,105.925,105.8535,106.01175,0.07149999999998613,-0.08675000000000921,105.9310515873016,106.0399373015873,64349.4,,0.2563108105829355,0.2267723679084653,0.4830831784914008,2.0,7206.0,3.0,8446.0,0.02022788194272539,-0.1515623425650828,,,0.726,0.776,0.007
20250307,105.475,105.695,105.7,105.405,137071.0,-4318.0,79707.0,2.0,0.0,4014.0,0.0,3.0,0.0,11946.0,0.0,105.853,105.82,105.95925,0.03299999999998704,-0.1062500000000028,105.8851071428572,106.0067047619048,65100.9,95648.4,0.2742739163144033,0.2282461800281226,0.5025200963425259,2.0,4014.0,3.0,11946.0,-0.03150192236140394,-0.0901988342781398,,,0.726,0.7693,0.042
20250310,105.52,105.43,105.6,105.385,137281.0,210.0,52760.0,2.0,0.0,5296.0,0.0,3.0,0.0,14619.0,0.0,105.754,105.801,105.9195,-0.04700000000001125,-0.1655000000000086,105.8386031746032,105.9743611111111,61215.6,,0.2696218208077821,0.2282461800281226,0.4978680008359048,2.0,5296.0,3.0,14619.0,0.0015297091367341437,-0.1377934049225468,,,0.726,0.7667,0.018
20250311,105.24,105.48,105.485,105.2,134185.0,-3096.0,53248.0,1.0,-1.0,1012.0,0.0,3.0,0.0,18947.0,0.0,105.615,105.743,105.864,-0.1280000000000285,-0.2490000000000094,105.7800833333333,105.9411511904762,57583.7,,0.2701388513696001,0.2322975025140762,0.5024363538836762,0.0,1012.0,3.0,18947.0,-0.023072623616648656,-0.0880576044673675,,,0.7123,0.684,0.045
20250312,105.55,105.175,105.6,105.115,138086.0,3901.0,83130.0,1.0,-1.0,2406.0,-3642.0,3.0,0.0,15427.0,0.0,105.523,105.7155,105.82975,-0.1924999999999955,-0.3067499999999939,105.7364920634921,105.9074837301587,58342.4,99756.0,0.2830469087764778,0.2355393531314339,0.5185862619079117,0.0,-1236.0,3.0,15427.0,0.02825051055139551,-0.1210883707678405,,,0.6986,0.684,0.023
20250313,105.495,105.5,105.68,105.475,138200.0,114.0,62987.0,1.0,-1.0,1837.0,-2194.0,3.0,0.0,12215.0,0.0,105.456,105.6905,105.794,-0.2345000000000113,-0.3380000000000223,105.7071904761905,105.8751916666667,60143.6,,0.2773639278245665,0.2322975025140762,0.5096614303386426,0.0,-357.0,3.0,12215.0,0.000824891461649783,-0.0949537009960331,,,0.6712,0.7667,0.042
20250314,105.495,105.46,105.63,105.335,142980.0,4780.0,65020.0,1.0,-1.0,1708.0,-3027.0,3.0,0.0,14500.0,0.0,105.46,105.6565,105.7675,-0.1965000000000146,-0.3075000000000045,105.6767301587302,105.8436206349206,61598.1,,0.2706465106535375,0.2355393531314339,0.5061858637849714,0.0,-1319.0,3.0,14500.0,0.03343124912575186,-0.0949537009960331,,,0.6712,0.772,0.043
20250317,105.28,105.375,105.5,105.24,143987.0,1007.0,65695.0,1.0,-1.0,1601.0,-2001.0,3.0,0.0,16779.0,0.0,105.412,105.583,105.73375,-0.1710000000000065,-0.3217500000000229,105.6341547619048,105.809807936508,61429.5,,0.2582389724522557,0.2375001097806472,0.4957390822329029,0.0,-400.0,3.0,16779.0,0.0069936869300700755,-0.0142471565094777,,,0.6438,0.7773,0.09
20250318,105.38,105.375,105.505,105.275,144610.0,623.0,68209.0,1.0,-1.0,1711.0,-4317.0,3.0,0.0,18387.0,0.0,105.44,105.5275,105.70725,-0.08749999999999147,-0.26724999999999,105.5983968253968,105.7737337301587,62886.4,,0.2569642380165054,0.2355393531314339,0.4925035911479393,0.0,-2606.0,3.0,18387.0,0.004308139132840052,0.0023721415266803,,,0.6575,0.7947,0.104
20250319,105.29,105.48,105.485,105.25,143319.0,-1291.0,59841.0,1.0,-1.0,2164.0,-5475.0,3.0,0.0,15654.0,0.0,105.388,105.4555,105.6605,-0.06749999999999545,-0.2724999999999937,105.5656626984127,105.7353472222222,64310.7,,0.2587343998376561,0.2355393531314339,0.49427375296909,0.0,-3311.0,3.0,15654.0,-0.00900787753193924,-0.0071231835881852,,,0.7945,0.9427,0.101
20250320,105.515,105.44,105.54,105.41,142704.0,-615.0,57046.0,1.0,-1.0,2083.0,-5294.0,3.0,0.0,16365.0,0.0,105.392,105.424,105.63875,-0.03199999999999648,-0.2467499999999916,105.54825,105.6970670634921,64764.3,,0.2594669932274712,0.2365166993531406,0.4959836925806119,0.0,-3211.0,3.0,16365.0,-0.004309619912546249,0.0023670863077632,,,0.7945,0.9333,0.105
20250321,105.39,105.505,105.525,105.37,145006.0,2302.0,58073.0,1.0,-2.0,517.0,-5242.0,3.0,0.0,15471.0,0.0,105.371,105.4155,105.61775,-0.04449999999998511,-0.2467499999999916,105.5274801587302,105.6613043650794,62600.9,,0.2487469583492676,0.2355393531314339,0.4842863114807016,-1.0,-4725.0,3.0,15471.0,0.015875205163924253,-0.011861382901563,,,0.7945,0.9213,0.094
20250324,105.51,105.385,105.51,105.265,147785.0,2779.0,65439.0,1.0,-1.0,1745.0,-6118.0,3.0,0.0,14969.0,0.0,105.417,105.4145,105.60775,0.002499999999997726,-0.19074999999998,105.5101785714286,105.6284619047619,63868.8,,0.2481414778805405,0.2355393531314339,0.4836808310119744,0.0,-4373.0,3.0,14969.0,0.01880434414859424,0.0094777746185244,,,0.7397,0.9107,0.115
20250325,105.52,105.6,105.655,105.51,147252.0,-533.0,60189.0,1.0,-1.0,1406.0,-5359.0,3.0,0.0,14675.0,0.0,105.445,105.4425,105.59275,0.002500000000011937,-0.1477499999999878,105.5048650793651,105.6009400793651,64562.9,,0.2509329558615364,0.2333524359284415,0.4842853917899779,0.0,-3953.0,3.0,14675.0,-0.0036196452340205906,0.0071065347826961,,,0.7397,0.8827,0.111
20250326,105.725,105.52,105.75,105.48,153356.0,6104.0,50567.0,1.0,-1.0,1661.0,-6290.0,3.0,0.0,15257.0,0.0,105.532,105.46,105.58775,0.07200000000000273,-0.0557500000000033,105.5110238095238,105.5783932539683,61306.6,,0.2529827924288031,0.2355393531314339,0.488522145560237,0.0,-4629.0,3.0,15257.0,0.03980281175826182,0.0118235733718647,,,0.7671,0.8973,0.12
20250327,105.64,105.7,105.745,105.62,155661.0,2305.0,42270.0,1.0,-1.0,2007.0,-6425.0,3.0,0.0,15972.0,0.0,105.557,105.4745,105.5825,0.08249999999999602,-0.02550000000002228,105.517873015873,105.5594615079365,59234.9,,0.2326368900477456,0.2333524359284415,0.4659893259761871,0.0,-4418.0,3.0,15972.0,0.01480781955660056,-1.0079385960582148e-06,,,0.8082,0.8973,0.106
20250328,105.65,105.62,105.77,105.605,155050.0,-611.0,49090.0,1.0,-1.0,2268.0,-5785.0,3.0,0.0,15520.0,0.0,105.609,105.49,105.57325,0.1189999999999998,0.03575000000000728,105.5243134920635,105.5442198412698,57641.9,,0.2292304358425651,0.2333524359284415,0.4625828717710067,0.0,-3517.0,3.0,15520.0,-0.003940664301838117,-0.0047329435827572,,,0.7534,0.876,0.104
20250331,105.635,105.61,105.735,105.58,155201.0,151.0,53386.0,1.0,-1.0,1869.0,-5750.0,3.0,-1.0,14926.0,0.0,105.634,105.5255,105.55425,0.1085000000000065,0.07975000000001842,105.5308968253969,105.5338940476191,56411.0,,0.2179984090178223,0.2333524359284415,0.4513508449462639,0.0,-3881.0,2.0,14926.0,0.0009729318754389469,-1.1201438114090597e-07,,,0.7671,0.876,0.108
20250401,105.57,105.64,105.69,105.555,155058.0,-143.0,39077.0,1.0,-1.0,1857.0,-2752.0,3.0,-1.0,13703.0,0.0,105.644,105.5445,105.536,0.09950000000000614,0.1080000000000183,105.534623015873,105.5275166666667,53497.8,,0.1943002988974975,0.2333524359284415,0.427652734825939,0.0,-895.0,2.0,13703.0,-0.0009222355505681745,-0.0094737334986744,,,0.7534,0.876,0.1
20250402,105.745,105.57,105.75,105.57,158987.0,3929.0,44032.0,1.0,-1.0,1870.0,-4101.0,3.0,0.0,14141.0,0.0,105.648,105.59,105.52275,0.05799999999999272,0.1252499999999941,105.5492420634921,105.5258746031746,51916.9,,0.1925751940135841,0.2311505447393684,0.4237257387529526,0.0,-2231.0,3.0,14141.0,0.024712712360130073,0.0070920868000959,,,0.7671,0.8987,0.115
20250403,106.135,105.885,106.17,105.865,164270.0,5283.0,62597.0,1.0,-1.0,1694.0,-5288.0,3.0,-1.0,13372.0,0.0,105.747,105.652,105.538,0.09499999999999886,0.208999999999989,105.6004682539683,105.5310964285714,52472.0,,0.2012875638115394,0.2338189164693723,0.4351064802809117,0.0,-3594.0,2.0,13372.0,0.032160467522980456,0.0,,,0.7534,0.8907,0.11
20250407,106.48,106.48,106.535,106.265,170757.0,6487.0,72274.0,2.0,-1.0,3925.0,-1821.0,2.0,-1.0,11282.0,-207.0,105.913,105.761,105.58825,0.1520000000000152,0.324750000000023,105.6865198412698,105.5470003968254,53892.1,86728.8,0.2105889391793432,0.2365166993531406,0.4471056385324838,1.0,2104.0,1.0,11075.0,0.0379896578178347,0.0187775790732402,,,0.4384,0.6093,0.139
20250408,106.265,106.35,106.45,106.25,171638.0,881.0,54711.0,1.0,-2.0,1930.0,-2601.0,3.0,0.0,10258.0,0.0,106.039,105.8365,105.6255,0.2025000000000148,0.4135000000000275,105.7563492063492,105.5716174603175,52819.3,,0.2104630186410089,0.2338189164693723,0.4442819351103813,-1.0,-671.0,3.0,10258.0,0.0051328959787459655,-0.0164768922659788,,,0.3562,0.5387,0.088
20250409,106.435,106.36,106.595,106.31,176560.0,4922.0,71227.0,1.0,-1.0,1969.0,-2622.0,2.0,-1.0,9996.0,-693.0,106.212,105.928,105.68525,0.2840000000000202,0.5267500000000211,105.8317698412698,105.6043079365079,53923.1,85472.4,0.2167139814274079,0.2365166993531406,0.4532306807805485,0.0,-653.0,1.0,9303.0,0.027877208880833712,-0.0305366121250956,,,0.3288,0.5307,0.076
20250410,106.5,106.365,106.6,106.3,180190.0,3630.0,69578.0,1.0,-1.0,2627.0,-2022.0,2.0,-1.0,10072.0,-4812.0,106.363,106.0055,105.73275,0.3575000000000017,0.6302500000000038,105.9064087301587,105.6438464285714,55824.2,83493.59999999999,0.2199433274861676,0.2383636080175922,0.4583069355037598,0.0,605.0,1.0,5260.0,0.02014540207558688,-0.0727580657197751,,,0.2603,0.4387,0.055
20250411,106.395,106.595,106.66,106.345,177278.0,-2912.0,62648.0,1.0,-1.0,2588.0,-4042.0,2.0,-1.0,9681.0,-6044.0,106.415,106.081,105.77775,0.3340000000000174,0.6372499999999945,105.9770396825397,105.6897630952381,57862.0,,0.2305817469601285,0.2405910463685479,0.4711727933286765,0.0,-1454.0,1.0,3637.0,-0.01642617809316441,-0.0775531436024465,,,0.2329,0.3107,0.052
20250414,106.365,106.315,106.395,106.28,176982.0,-296.0,52996.0,1.0,-1.0,2369.0,-5215.0,2.0,-1.0,12937.0,-7289.0,106.392,106.1525,105.82125,0.2395000000000067,0.5707500000000039,106.031996031746,105.7405313492064,58252.6,,0.2216891500343628,0.2383636080175922,0.4600527580519549,0.0,-2846.0,1.0,5648.0,-0.0016724864675503723,-0.1034330219255454,,,0.2329,0.2907,0.039
20250415,106.295,106.34,106.375,106.235,176317.0,-665.0,48560.0,1.0,-1.0,2145.0,-5076.0,2.0,-1.0,12660.0,-4026.0,106.398,106.2185,105.872,0.1795000000000044,0.5259999999999962,106.0772738095238,105.795169047619,57770.0,,0.2212367030680155,0.2365166993531406,0.4577534024211561,0.0,-2931.0,1.0,8634.0,-0.003771615896368473,-0.112922607623379,,,0.1918,0.2733,0.028
20250416,106.39,106.3,106.445,106.24,174610.0,-1707.0,59084.0,1.0,-1.0,1871.0,-5226.0,2.0,-1.0,13508.0,-3899.0,106.389,106.3005,105.9225,0.08849999999999625,0.4664999999999964,106.1244285714286,105.8541496031746,59770.7,,0.2167620329855248,0.2338189164693723,0.4505809494548971,0.0,-3355.0,1.0,9609.0,-0.009776072389897486,-0.1292476382131132,,,0.1644,0.1533,0.022
20250417,106.255,106.425,106.435,106.235,171023.0,-3587.0,47316.0,1.0,-1.0,1364.0,-4722.0,2.0,-1.0,12974.0,-3298.0,106.34,106.3515,105.97075,-0.01149999999999807,0.3692499999999939,106.1609722222222,105.9153226190476,60099.1,,0.2217190459688499,0.2311505447393684,0.4528695907082183,0.0,-3358.0,1.0,9676.0,-0.02097378715143577,-0.1294056750270602,,,0.1781,0.132,0.022
20250418,106.23,106.255,106.3,106.17,168364.0,-2659.0,48652.0,1.0,-1.0,1476.0,-5338.0,2.0,-1.0,12918.0,-2034.0,106.307,106.361,106.0065,-0.05400000000000205,0.3004999999999853,106.1876746031746,105.9740432539682,58704.6,,0.2192783321394083,0.2311505447393684,0.4504288768787768,0.0,-3862.0,1.0,10884.0,-0.01579316243377444,-0.1223759766544247,,,0.2055,0.1253,0.025
20250421,106.08,106.23,106.245,106.06,165079.0,-3285.0,46472.0,1.0,-1.0,1494.0,-5549.0,2.0,-1.0,13196.0,-1841.0,106.25,106.321,106.041,-0.07099999999999795,0.208999999999989,106.1993134920635,106.0253226190476,56124.4,,0.2212300119692819,0.2311505447393684,0.4523805567086503,0.0,-4055.0,1.0,11355.0,-0.019899563239418702,-0.1107707799216228,,,0.0685,0.0307,0.035
20250422,106.165,106.13,106.185,106.115,166353.0,1274.0,33835.0,1.0,-2.0,1222.0,-7399.0,2.0,-1.0,12549.0,-1522.0,106.224,106.311,106.07375,-0.08699999999998909,0.150250000000014,106.2099722222222,106.0706849206349,54036.8,,0.2191250457910845,0.2311505447393684,0.450275590530453,-1.0,-6177.0,1.0,11027.0,0.00765841313351728,-0.1177468943769937,,,0.0548,0.032,0.028
20250423,106.02,106.11,106.11,105.965,162758.0,-3595.0,49323.0,0.0,-2.0,0.0,-8121.0,2.0,-1.0,12393.0,-1775.0,106.15,106.2695,106.09875,-0.1194999999999879,0.05125000000001023,106.2069126984127,106.1081992063492,51846.4,,0.2204286261517051,0.2311505447393684,0.4515791708910735,-2.0,-8121.0,1.0,10618.0,-0.02208800796274223,-0.139124693454066,,,0.1644,0.1267,0.018
20250424,105.915,106.06,106.09,105.905,160999.0,-1759.0,39780.0,0.0,-2.0,0.0,-7138.0,2.0,-1.0,11603.0,-2133.0,106.082,106.211,106.10825,-0.1289999999999907,-0.02624999999997613,106.194873015873,106.1370456349206,48866.6,,0.20432991215158,0.2311505447393684,0.4354804568909484,-2.0,-7138.0,1.0,9470.0,-0.010925533698967075,-0.1510378656486578,,,0.1918,0.1387,0.01
20250425,105.935,105.92,106.08,105.9,161177.0,178.0,53243.0,1.0,-1.0,2159.0,-6900.0,2.0,-1.0,10587.0,-2089.0,106.023,106.165,106.123,-0.1420000000000101,-0.1000000000000085,106.1794880952381,106.1572904761905,47926.1,,0.1896123369048134,0.2311505447393684,0.4207628816441819,0.0,-4741.0,1.0,8498.0,0.001104375934531602,-0.1486438611633257,,,0.274,0.1507,0.013
20250428,105.915,105.88,106.01,105.88,158011.0,-3166.0,45830.0,1.0,-1.0,1774.0,-4336.0,3.0,-1.0,8283.0,0.0,105.99,106.12,106.13625,-0.1299999999999955,-0.1462499999999807,106.1597023809524,106.1700611111111,47209.5,,0.1829315452671506,0.2311505447393684,0.4140820900065191,0.0,-2562.0,2.0,8283.0,-0.020036579731790825,-0.165184173299961,,,0.2466,0.1813,0.003
20250429,106.07,105.935,106.09,105.935,157294.0,-717.0,50163.0,1.0,-1.0,1406.0,-4927.0,2.0,-1.0,8030.0,-393.0,105.971,106.0975,106.158,-0.126499999999993,-0.1869999999999834,106.1491031746031,106.177244047619,47369.8,,0.1725494944602529,0.2311505447393684,0.4037000391996214,0.0,-3521.0,1.0,7637.0,-0.0045583429755744025,-0.1319822147563534,,,0.2329,0.1973,0.024
20250430,106.1,106.06,106.13,106.005,157536.0,242.0,52615.0,1.0,-1.0,2273.0,-3494.0,3.0,-1.0,8542.0,0.0,105.987,106.0685,106.1845,-0.08149999999999125,-0.1974999999999909,106.1411031746032,106.1789115079365,46722.9,,0.1608203858343483,0.2282461800281226,0.389066565862471,0.0,-1221.0,2.0,8542.0,0.0015361568149502335,-0.1437070787078263,,,0.2466,0.2133,0.018
20250506,106.06,106.045,106.135,106.01,155595.0,-1941.0,46541.0,1.0,-1.0,2265.0,-4213.0,3.0,-1.0,10728.0,0.0,106.016,106.049,106.20025,-0.03300000000000125,-0.1842500000000058,106.1280992063492,106.1756242063492,46645.4,,0.1480688789503264,0.2282461800281226,0.3763150589784491,0.0,-1948.0,2.0,10728.0,-0.012474693916899643,-0.1602650272820393,,,0.2877,0.2613,0.004
20250507,105.995,106.09,106.18,105.955,151057.0,-4538.0,62281.0,1.0,-1.0,1634.0,-4371.0,3.0,-1.0,10592.0,0.0,106.028,106.0255,106.19325,0.002499999999997726,-0.1652500000000146,106.1119444444445,106.1680511904762,48008.3,74737.2,0.155511049026374,0.2282461800281226,0.3837572290544967,0.0,-2737.0,2.0,10592.0,-0.030041639910762162,-0.1721473247728498,,,0.1507,0.0587,0.003
20250508,106.18,106.075,106.21,106.065,149241.0,-1816.0,53906.0,1.0,-1.0,1539.0,-6865.0,3.0,-1.0,11829.0,0.0,106.081,106.0355,106.17825,0.04549999999998988,-0.09725000000001671,106.1094246031746,106.1590623015873,48751.7,,0.1605725404124395,0.2282461800281226,0.3888187204405621,0.0,-5326.0,2.0,11829.0,-0.012168237950697195,-0.1530568143573816,,,0.1918,0.1773,0.009
20250509,106.095,106.195,106.265,106.08,143413.0,-5828.0,58428.0,1.0,-1.0,883.0,-4596.0,3.0,-1.0,9704.0,-194.0,106.086,106.0285,106.16975,0.05750000000003297,-0.08374999999998067,106.1034603174603,106.1484111111111,51211.0,,0.1592576505961225,0.2267723679084653,0.3860300185045878,0.0,-3713.0,2.0,9510.0,-0.04063787801663726,-0.1696291584153835,,,0.2603,0.2493,0.004
20250512,105.89,106.085,106.185,105.765,129518.0,-13895.0,77590.0,1.0,-1.0,649.0,-2514.0,3.0,-1.0,8011.0,-54.0,106.044,106.0155,106.1425,0.02850000000000819,-0.09849999999998715,106.0822182539683,106.1359416666667,54037.7,93108.0,0.1741151113056955,0.2289494689710328,0.4030645802767283,0.0,-1865.0,2.0,7957.0,-0.10728238545993607,-0.1817179695150751,,,0.2192,0.288,0.003
20250513,105.955,105.93,106.0,105.9,114782.0,-14736.0,63363.0,1.0,-2.0,620.0,-2005.0,3.0,0.0,8179.0,0.0,106.023,106.0195,106.11525,0.003500000000002501,-0.09224999999999284,106.0628095238095,106.1227353174603,56396.0,,0.1728000000000008,0.2289494689710328,0.4017494689710336,-1.0,-1385.0,3.0,8179.0,-0.12838249899810075,-0.1556989548844893,,,0.2192,0.32,0.009
20250514,105.81,105.915,105.945,105.805,104037.0,-10745.0,55124.0,1.0,-2.0,177.0,-2562.0,3.0,0.0,9713.0,0.0,105.986,106.007,106.086,-0.02099999999997237,-0.09999999999999432,106.036746031746,106.1084611111111,56584.1,,0.1704731134252631,0.2289494689710328,0.3994225823962959,-1.0,-2385.0,3.0,9713.0,-0.10328056364562607,-0.139370744153805,,,0.2329,0.368,0.028
20250515,105.79,105.825,105.855,105.735,91935.0,-12102.0,52751.0,1.0,-2.0,80.0,-5018.0,3.0,0.0,11012.0,0.0,105.908,105.9945,106.05725,-0.08650000000000091,-0.1492500000000092,106.0077619047619,106.0932670634921,57276.2,,0.1715271646458589,0.2267723679084653,0.3982995325543242,-1.0,-4938.0,3.0,11012.0,-0.13163648229727526,-0.1181140237624323,,,0.3014,0.4187,0.04
20250516,105.72,105.72,105.74,105.635,79352.0,-12583.0,58571.0,1.0,-2.0,159.0,-3018.0,3.0,0.0,11054.0,0.0,105.833,105.9595,106.0285,-0.1265000000000072,-0.1955000000000098,105.9728888888889,106.0756456349206,58117.0,,0.168528343096742,0.2267723679084653,0.3953007110052073,-1.0,-2859.0,3.0,11054.0,-0.15857193265450145,-0.1276234513317001,,,0.3836,0.4693,0.037
20250519,105.735,105.715,105.79,105.66,66890.0,-12462.0,42586.0,1.0,-2.0,330.0,-3098.0,3.0,0.0,10855.0,0.0,105.802,105.923,105.99575,-0.1210000000000093,-0.1937500000000085,105.943623015873,106.0558976190476,57114.1,,0.1648407213888426,0.2246230844148373,0.3894638058036799,-1.0,-2768.0,3.0,10855.0,-0.18630587531768575,-0.1465396983023607,,,0.4247,0.512,0.021
20250520,105.955,106.045,106.115,105.91,109912.0,43022.0,57849.0,1.0,-2.0,130.0,-1733.0,3.0,0.0,10043.0,0.0,105.802,105.9125,105.98075,-0.1105000000000018,-0.1787499999999937,105.9418333333334,106.037271031746,58244.9,,0.1783222204993029,0.2246230844148373,0.4029453049141402,-1.0,-1603.0,3.0,10043.0,0.39142222869204457,-0.1536460139455123,,,0.1918,0.2387,0.011
20250521,106.01,105.97,106.015,105.935,113439.0,3527.0,42215.0,0.0,-2.0,196.0,-2709.0,3.0,0.0,10364.0,0.0,105.842,105.914,105.96975,-0.0719999999999743,-0.1277499999999918,105.9418452380952,106.0202611111111,56238.3,,0.1749400855487354,0.2202318746544585,0.3951719602031939,-2.0,-2513.0,3.0,10364.0,0.03109159989069015,-0.1607245857606484,,,0.2329,0.3053,0.007
20250522,105.98,106.05,106.09,105.945,116615.0,3176.0,47004.0,0.0,-2.0,0.0,-3296.0,3.0,0.0,11060.0,0.0,105.88,105.894,105.96475,-0.01400000000001,-0.08475000000001387,105.9434285714285,106.0036615079365,55548.1,,0.1729281488597874,0.2171671127634297,0.3900952616232172,-2.0,-3296.0,3.0,11060.0,0.027234918320970716,-0.1536324895715957,,,0.3288,0.3333,0.013
20250523,106.05,105.98,106.07,105.925,118936.0,2321.0,51313.0,0.0,-2.0,0.0,-3983.0,3.0,0.0,11933.0,0.0,105.946,105.8895,105.959,0.05649999999999977,-0.01300000000001944,105.9484801587301,105.9881634920635,54836.6,,0.1742823914106092,0.2139405111235922,0.3882229025342014,-2.0,-3983.0,3.0,11933.0,0.019514696979888342,-0.158319281787696,,,0.3151,0.384,0.009
20250526,106.06,106.06,106.09,106.03,125742.0,6806.0,48389.0,0.0,-2.0,0.0,-3344.0,3.0,-1.0,9685.0,0.0,106.011,105.9065,105.961,0.1044999999999874,0.04999999999998295,105.9570515873016,105.9756468253968,51916.5,,0.1699000488799751,0.2071613713880148,0.3770614202679898,-2.0,-3344.0,2.0,9685.0,0.05412670388573428,-0.1795585646996005,,,0.3562,0.4427,0.004
20250527,106.03,106.08,106.085,106.01,128934.0,3192.0,43924.0,1.0,-1.0,4253.0,-4221.0,3.0,-1.0,10874.0,0.0,106.026,105.914,105.96675,0.112000000000009,0.05924999999999159,105.9639325396825,105.9657591269841,49972.6,,0.1597831802920587,0.2029929435917078,0.3627761238837665,0.0,32.0,2.0,10874.0,0.02475685234305924,-0.1748803285947009,,,0.411,0.4907,0.005
20250528,106.02,106.03,106.05,105.96,133349.0,4415.0,44738.0,1.0,-1.0,4396.0,-4239.0,3.0,-1.0,11711.0,0.0,106.028,105.935,105.971,0.0929999999999751,0.05699999999998795,105.9681785714286,105.9589023809524,48934.0,,0.1513721259523973,0.2029929435917078,0.3543650695441051,0.0,157.0,2.0,11711.0,0.03310860973835574,-0.1890586494390351,,,0.411,0.5133,0.002
20250529,105.87,105.89,105.94,105.85,138906.0,5557.0,57177.0,1.0,-1.0,4495.0,-4112.0,2.0,-1.0,12020.0,-338.0,106.006,105.943,105.96875,0.06299999999998818,0.03725000000000023,105.958507936508,105.953976984127,49376.6,,0.1503835454775355,0.19758774104706,0.3479712865245955,0.0,383.0,1.0,11682.0,0.04000547132593264,-0.1798680055346277,,,0.4795,0.576,0.005
20250530,106.02,105.97,106.065,105.915,137933.0,-973.0,55053.0,1.0,-1.0,4616.0,-5341.0,3.0,0.0,13149.0,0.0,106.0,105.973,105.96625,0.02700000000000102,0.03374999999998352,105.961376984127,105.9528257936508,49024.8,,0.1351984652782692,0.1933411718965171,0.3285396371747862,0.0,-725.0,3.0,13149.0,-0.007054149478369933,-0.1819845124837434,,,0.726,0.8133,0.004
20250603,105.96,106.005,106.04,105.94,138590.0,657.0,47214.0,1.0,-1.0,4506.0,-4731.0,3.0,0.0,18374.0,0.0,105.98,105.9955,105.95925,-0.01550000000000296,0.0207499999999925,105.9621666666666,105.9546801587302,49487.6,,0.1345237051671941,0.1902611043404026,0.3247848095075966,0.0,-225.0,3.0,18374.0,0.004740601775019843,-0.1725602836218317,,,0.726,0.8227,0.009
20250604,106.035,105.99,106.06,105.935,139957.0,1367.0,46001.0,1.0,-1.0,3176.0,-4084.0,3.0,0.0,19094.0,0.0,105.981,106.0035,105.958,-0.02250000000000796,0.02299999999999613,105.9666984126984,105.9571666666667,48302.8,,0.1328177935391231,0.1902611043404026,0.3230788978795257,0.0,-908.0,3.0,19094.0,0.009767285666311796,-0.165402030040259,,,0.7397,0.812,0.012
20250605,106.03,106.005,106.16,105.985,144273.0,4316.0,73198.0,1.0,-1.0,1795.0,-3605.0,3.0,0.0,13214.0,0.0,105.983,106.0055,105.95975,-0.02250000000002217,0.02324999999997601,105.9731388888889,105.960296031746,51401.1,87837.59999999999,0.1365038170511809,0.1883933226982406,0.3248971397494214,0.0,-1810.0,3.0,13214.0,0.02991550740609816,-0.1724707022344559,,,0.7534,0.812,0.01
20250606,106.14,106.14,106.195,106.11,145436.0,1163.0,49178.0,1.0,-1.0,1539.0,-3723.0,3.0,0.0,13009.0,0.0,106.037,106.0215,105.95775,0.01550000000000296,0.07924999999998761,105.9907341269842,105.9650265873016,51618.5,,0.1371390832909334,0.185647111063741,0.3227861943546745,0.0,-2184.0,3.0,13009.0,0.007996644572182953,-0.179383135739568,,,0.7808,0.8547,0.008
20250609,106.125,106.18,106.195,106.1,147186.0,1750.0,50459.0,1.0,-1.0,1433.0,-3144.0,3.0,0.0,11631.0,0.0,106.058,106.029,105.95925,0.02899999999999636,0.09874999999999545,106.0083571428572,105.9710142857143,51533.1,,0.1347450119080895,0.1783720440206268,0.3131170559287162,0.0,-1711.0,3.0,11631.0,0.011889717772070714,-0.1722795647383668,,,0.7671,0.856,0.012
20250610,106.135,106.12,106.18,106.095,147190.0,4.0,47953.0,1.0,-1.0,2280.0,-2983.0,3.0,0.0,12146.0,0.0,106.093,106.0365,105.9715,0.05649999999999977,0.1215000000000117,106.0234484126984,105.977653968254,51489.5,,0.1148561939823437,0.1745053555068405,0.2893615494891842,0.0,-703.0,3.0,12146.0,2.7175759222773286e-05,-0.1439101145658107,,,0.7534,0.856,0.039
20250611,106.185,106.165,106.195,106.115,150845.0,3655.0,38116.0,1.0,-1.0,2480.0,-3987.0,3.0,0.0,11721.0,0.0,106.123,106.052,105.983,0.07100000000001216,0.1400000000000148,106.0426706349206,105.9855277777778,50908.7,,0.1148426554585622,0.1743818877429731,0.2892245432015353,0.0,-1507.0,3.0,11721.0,0.02423017004209619,-0.1864098455378132,,,0.4521,0.5627,0.004
20250612,106.125,106.17,106.195,106.105,150785.0,-60.0,45977.0,1.0,-1.0,2427.0,-2672.0,3.0,0.0,12726.0,0.0,106.142,106.0625,105.99875,0.07950000000001012,0.143250000000009,106.0571984126984,105.9944297619048,51032.6,,0.1111272002343758,0.1718812985624894,0.2830084987968652,0.0,-245.0,3.0,12726.0,-0.0003979175647445038,-0.1510327045351729,,,0.4247,0.564,0.033
20250613,106.175,106.155,106.2,106.11,150832.0,47.0,58651.0,1.0,-1.0,1260.0,-3019.0,3.0,0.0,13300.0,0.0,106.149,106.093,106.018,0.05599999999999739,0.1310000000000002,106.0730436507936,106.0058833333333,51180.0,,0.1074139173417907,0.1700376342274109,0.2774515515692016,0.0,-1759.0,3.0,13300.0,0.00031160496446377425,-0.1580947101914714,,,0.4384,0.572,0.021
20250616,106.145,106.175,106.225,106.13,151398.0,566.0,46176.0,1.0,-1.0,1389.0,-1610.0,3.0,0.0,9763.0,0.0,106.153,106.1055,106.03925,0.04749999999998522,0.113749999999996,106.0860555555556,106.0183511904762,50292.3,,0.1097646793423534,0.166994782510047,0.2767594618524005,0.0,-221.0,3.0,9763.0,0.003738490600932641,-0.0282632248339546,,,0.4658,0.5733,0.121
20250617,106.3,106.17,106.32,106.16,156777.0,5379.0,72957.0,1.0,-1.0,1584.0,-2768.0,3.0,0.0,13644.0,0.0,106.186,106.1395,106.0675,0.04650000000000887,0.1185000000000116,106.1055634920635,106.0326908730159,52866.6,87548.4,0.1164775309456555,0.165010283417066,0.2814878143627215,0.0,-1184.0,3.0,13644.0,0.0343098796379571,-0.0164637256631343,,,0.5068,0.5747,0.134
20250618,106.28,106.29,106.3,106.24,155973.0,-804.0,39784.0,1.0,-1.0,1393.0,-2336.0,3.0,0.0,14152.0,0.0,106.205,106.164,106.08375,0.04099999999998261,0.1212499999999892,106.1268333333333,106.0487043650794,52244.9,,0.1144376567206872,0.1647712008993839,0.2792088576200711,0.0,-943.0,3.0,14152.0,-0.005154738320093863,-0.0235239867173307,,,0.5205,0.584,0.127
20250619,106.25,106.3,106.315,106.23,158688.0,2715.0,44503.0,1.0,-1.0,1672.0,-3203.0,2.0,-1.0,15679.0,-3768.0,106.23,106.186,106.09575,0.04399999999998272,0.1342499999999944,106.1442579365079,106.0658162698413,49375.4,,0.1086879713036823,0.1621959375975487,0.270883908901231,0.0,-1531.0,1.0,11911.0,0.017109044162129463,-0.0329428361986662,,,0.5342,0.4613,0.117
20250620,106.275,106.26,106.315,106.24,163278.0,4590.0,44226.0,1.0,-1.0,2125.0,-3751.0,2.0,-1.0,15867.0,-6138.0,106.25,106.1995,106.1105,0.05050000000001376,0.1394999999999982,106.161119047619,106.0828547619048,48880.2,,0.1005948215535333,0.1621959375975487,0.262790759151082,0.0,-1626.0,1.0,9729.0,0.028111564325873663,-0.0423357886739097,,,0.5342,0.4627,0.112
20250623,106.275,106.275,106.295,106.22,160188.0,-3090.0,47714.0,1.0,-1.0,2159.0,-2718.0,2.0,-1.0,17672.0,-5346.0,106.276,106.2145,106.12175,0.06149999999999523,0.1542500000000047,106.1762142857143,106.0996404761905,48605.7,,0.09889167325383774,0.1579353474921723,0.25682702074601,0.0,-559.0,1.0,12326.0,-0.01928983444452768,-0.0423367844272836,,,0.5205,0.464,0.112
20250624,106.185,106.275,106.275,106.18,158881.0,-1307.0,44144.0,1.0,-1.0,1968.0,-2122.0,2.0,-1.0,17923.0,-5068.0,106.253,106.2195,106.128,0.03350000000000364,0.125,106.185257936508,106.1158214285714,48224.8,,0.09686370133691977,0.1579353474921723,0.254799048829092,0.0,-154.0,1.0,12855.0,-0.008226282563679735,-0.0494331492808101,,,0.5479,0.5373,0.11
20250625,106.19,106.195,106.27,106.15,161136.0,2255.0,65780.0,1.0,-1.0,2246.0,-2282.0,2.0,-1.0,18027.0,-5997.0,106.235,106.22,106.136,0.01500000000001478,0.09900000000001796,106.1917738095238,106.1307317460317,50991.2,78936.0,0.09315402025174971,0.1557434568154157,0.2488974770671654,0.0,-36.0,1.0,12030.0,0.01399438983219144,-0.0588417023861194,,,0.5068,0.5173,0.103
20250626,106.17,106.205,106.235,106.15,160108.0,-1028.0,38895.0,1.0,-1.0,1799.0,-1325.0,2.0,-1.0,17862.0,-6504.0,106.219,106.2245,106.1435,-0.00549999999999784,0.07550000000001944,106.1966666666666,106.1446785714286,50283.0,,0.08777151158684693,0.1557434568154157,0.2435149684022626,0.0,474.0,1.0,11358.0,-0.006420666050415969,-0.0541444617832708,,,0.4795,0.5107,0.106
20250627,106.265,106.185,106.285,106.175,166238.0,6130.0,62234.0,1.0,-1.0,1516.0,-2768.0,2.0,-1.0,18135.0,-6692.0,106.217,106.2335,106.16325,-0.01649999999999352,0.05375000000002217,106.2044365079365,106.1578178571429,50641.3,74680.8,0.0891082783271837,0.1502210259668663,0.23932930429405,0.0,-1252.0,1.0,11443.0,0.03687484209386542,-0.0517450092336721,,,0.6438,0.676,0.109
20250630,106.16,106.235,106.24,106.125,157357.0,-8881.0,68517.0,2.0,0.0,1618.0,0.0,2.0,-1.0,18076.0,-2984.0,106.194,106.235,106.17025,-0.04099999999998261,0.02374999999999261,106.2066865079365,106.169880952381,52875.4,82220.4,0.09280555219303332,0.1501502416763906,0.2429557938694239,2.0,1618.0,1.0,15092.0,-0.05643854420203741,-0.0588607656993276,,,0.6849,0.7227,0.103
20250701,106.205,106.17,106.21,106.14,156677.0,-680.0,58698.0,1.0,-1.0,1521.0,-1806.0,2.0,-1.0,17372.0,-2446.0,106.198,106.2255,106.1825,-0.02750000000000341,0.01550000000000296,106.2079801587301,106.1801226190476,51449.5,,0.09213180901142985,0.1501502416763906,0.2422820506878204,0.0,-285.0,1.0,14926.0,-0.004340139267410022,-0.0564825568444857,,,0.7534,0.7227,0.105
20250702,106.25,106.205,106.26,106.205,157823.0,1146.0,45931.0,1.0,-1.0,1473.0,-2513.0,2.0,-1.0,16405.0,-1972.0,106.21,106.2225,106.19325,-0.01250000000000284,0.01675000000001603,106.2131428571429,106.1887535714286,52064.2,,0.08977053038581016,0.1437036016735241,0.2334741320593343,0.0,-1040.0,1.0,14433.0,0.0072612990502018086,-0.0658634355994504,,,0.7397,0.724,0.103
20250703,106.255,106.275,106.285,106.19,156476.0,-1347.0,51486.0,1.0,-1.0,1357.0,-2450.0,3.0,0.0,17552.0,0.0,106.227,106.223,106.2045,0.004000000000004889,0.02249999999999375,106.2183214285714,106.1961599206349,52762.5,,0.09010190256218714,0.1387963759257661,0.2288982784879532,0.0,-1093.0,3.0,17552.0,-0.00860834888417393,-0.0682150505307357,,,0.726,0.7253,0.102
20250704,106.255,106.23,106.285,106.23,157905.0,1429.0,42974.0,1.0,-1.0,1366.0,-3433.0,3.0,0.0,16593.0,0.0,106.225,106.221,106.21025,0.003999999999990678,0.01474999999999227,106.2232936507937,106.2023773809524,52637.3,,0.08740582862406207,0.1367640821451476,0.2241699107692097,0.0,-2067.0,3.0,16593.0,0.00904974509990184,-0.0588068229379581,,,0.7397,0.844,0.107
20250707,106.225,106.27,106.295,106.205,157986.0,81.0,59821.0,1.0,-1.0,746.0,-3226.0,3.0,0.0,15638.0,0.0,106.238,106.216,106.21525,0.02200000000000557,0.02274999999998784,106.2262420634921,106.2073801587302,53848.0,,0.08169495172265236,0.133817031180994,0.2155119829036463,0.0,-2480.0,3.0,15638.0,0.0005127036572860886,-0.0517662619211058,,,0.7397,0.8587,0.114
20250708,106.135,106.21,106.215,106.11,158005.0,19.0,62702.0,1.0,-1.0,1071.0,-718.0,3.0,0.0,17348.0,0.0,106.224,106.211,106.21525,0.01299999999999102,0.008749999999992042,106.2204523809524,106.2108996031746,55703.8,,0.08540140340731207,0.1317759191523588,0.2171773225596709,0.0,353.0,3.0,17348.0,0.00012024935919749375,-0.068290604827562,,,0.7397,0.752,0.102
20250709,106.16,106.145,106.165,106.1,157480.0,-525.0,46228.0,1.0,-1.0,1847.0,-1149.0,3.0,0.0,18420.0,0.0,106.206,106.208,106.214,-0.00200000000000955,-0.007999999999995566,106.2143095238095,106.2131531746032,53748.6,,0.08406158688101155,0.126452898294661,0.2105144851756726,0.0,698.0,3.0,18420.0,-0.003333756667513335,-0.0635653176115986,,,0.8904,0.9333,0.106
20250710,105.99,106.14,106.155,105.98,158575.0,1095.0,65698.0,1.0,-1.0,1967.0,-420.0,3.0,0.0,18189.0,0.0,106.153,106.19,106.20725,-0.03700000000002035,-0.05425000000001035,106.1974484126984,106.2132313492064,56428.9,,0.09114022815324847,0.126452898294661,0.2175931264479095,0.0,1547.0,3.0,18189.0,0.006905249881759419,-0.0683840045464484,,,0.8904,0.9333,0.102
20250711,105.995,106.0,106.025,105.925,162724.0,4149.0,73843.0,2.0,0.0,7576.0,0.0,3.0,0.0,17527.0,0.0,106.101,106.163,106.19825,-0.06200000000001182,-0.0972500000000025,106.1765396825397,106.2104416666667,57589.8,88611.59999999999,0.09283926697343864,0.126452898294661,0.2192921652680996,2.0,7576.0,3.0,17527.0,0.025497160836754258,-0.0801613384574368,,,0.863,0.9373,0.093
20250714,105.92,105.97,105.97,105.855,163218.0,494.0,63084.0,2.0,0.0,9701.0,0.0,3.0,-1.0,16929.0,0.0,106.04,106.139,106.187,-0.09899999999997533,-0.1469999999999771,106.1498174603174,106.2047547619048,57046.5,,0.09588372836307857,0.1265198941674671,0.2224036225305457,2.0,9701.0,2.0,16929.0,0.003026626965163156,-0.0660667948955269,,,0.863,0.9373,0.107
20250715,106.025,105.975,106.04,105.95,159386.0,-3832.0,48707.0,2.0,0.0,8782.0,0.0,3.0,0.0,16285.0,0.0,106.018,106.121,106.17325,-0.1030000000000086,-0.1552500000000094,106.1327658730159,106.1972333333333,56047.4,,0.0958943748696171,0.1228235124343002,0.2187178873039173,2.0,8782.0,3.0,16285.0,-0.024042262181120048,-0.0447920864794957,,,0.863,0.9307,0.125
20250716,106.0,106.025,106.065,105.995,155563.0,-3823.0,50768.0,2.0,0.0,7251.0,0.0,3.0,0.0,15338.0,0.0,105.986,106.096,106.15925,-0.1099999999999852,-0.1732499999999817,106.1174126984127,106.1876603174603,56531.1,,0.09489581650783371,0.1225215591787039,0.2174173756865376,2.0,7251.0,3.0,15338.0,-0.02457525247006036,-0.061302968211956,,,0.863,0.9307,0.11
20250717,106.045,106.02,106.06,106.0,156867.0,1304.0,48461.0,2.0,0.0,6625.0,0.0,3.0,0.0,16903.0,0.0,105.997,106.075,106.149,-0.07800000000000296,-0.152000000000001,106.105130952381,106.1763412698413,56228.6,,0.09120771125859937,0.1198273354720867,0.211035046730686,2.0,6625.0,3.0,16903.0,0.008312774515991253,-0.0589201370206853,,,0.7534,0.8133,0.111
20250718,105.99,106.005,106.05,105.965,157810.0,943.0,44183.0,2.0,0.0,7336.0,0.0,3.0,0.0,18059.0,0.0,105.996,106.0485,106.13475,-0.05250000000000909,-0.1387499999999733,106.0905238095238,106.1630642857143,56349.5,,0.0875155676730955,0.1178689313222525,0.205384498995348,2.0,7336.0,3.0,18059.0,0.00597554020657753,-0.0613078573637199,,,0.7123,0.7333,0.11
20250721,105.955,105.98,105.98,105.875,161702.0,3892.0,72060.0,2.0,0.0,8472.0,0.0,3.0,0.0,20025.0,0.0,106.003,106.0215,106.11875,-0.01849999999998886,-0.1157500000000056,106.0728095238095,106.147721031746,57573.4,86472.0,0.0905601939132776,0.1178689313222525,0.2084291252355301,2.0,8472.0,3.0,20025.0,0.02406896637023661,-0.0660439736137001,,,0.6164,0.6533,0.108
20250722,105.885,105.95,105.985,105.87,158525.0,-3177.0,58900.0,2.0,0.0,8964.0,0.0,3.0,0.0,20890.0,0.0,105.975,105.9965,106.10375,-0.02150000000000318,-0.1287499999999966,106.0523809523809,106.1309138888889,57193.2,,0.09462330831371749,0.1178311566923778,0.2124544650060953,2.0,8964.0,3.0,20890.0,-0.020041002996372813,-0.0660886262174443,,,0.8493,0.8907,0.107
20250723,105.79,105.785,105.84,105.67,157856.0,-669.0,87176.0,2.0,0.0,10312.0,0.0,3.0,0.0,18945.0,0.0,105.933,105.9595,106.08375,-0.02649999999998442,-0.1507499999999879,106.0209523809524,106.1115781746032,61288.0,104611.2,0.1027371881673701,0.1178311566923778,0.2205683448597479,2.0,10312.0,3.0,18945.0,-0.004238039732414352,-0.0661479554569641,,,0.8082,0.8707,0.107
20250724,105.585,105.72,105.75,105.575,159796.0,1940.0,88969.0,2.0,0.0,9879.0,0.0,2.0,-1.0,19369.0,-5208.0,105.841,105.919,106.0545,-0.07800000000000296,-0.2134999999999962,105.9774682539683,106.0895801587302,63615.1,106762.8,0.113567432769428,0.1178311566923778,0.2313985894618058,2.0,9879.0,1.0,14161.0,0.012140479110866355,-0.0591778804100906,,,0.7534,0.852,0.115
20250725,105.57,105.58,105.685,105.545,158563.0,-1233.0,76382.0,2.0,0.0,11201.0,0.0,2.0,-1.0,17528.0,-5772.0,105.757,105.8765,106.01975,-0.1195000000000164,-0.2627500000000111,105.9330515873016,106.0652313492064,63869.0,,0.1169890326996146,0.1178311566923778,0.2348201893919924,2.0,11201.0,1.0,11756.0,-0.007776088999325189,-0.0520846813908285,,,0.7534,0.8213,0.126
20250728,105.72,105.67,105.75,105.61,148362.0,-10201.0,71923.0,2.0,0.0,10657.0,0.0,2.0,-1.0,16526.0,-2919.0,105.71,105.8565,105.99775,-0.1465000000000174,-0.2877500000000026,105.901496031746,106.0403992063492,64752.9,,0.1214058800914599,0.1178311566923778,0.2392370367838377,2.0,10657.0,1.0,13607.0,-0.06875749855084186,-0.0567377057503434,,,0.7123,0.776,0.12
20250729,105.545,105.67,105.68,105.53,148330.0,-32.0,59938.0,2.0,0.0,11176.0,0.0,2.0,-1.0,17232.0,-4040.0,105.642,105.8085,105.96475,-0.1664999999999992,-0.3227499999999992,105.8616666666667,106.0132892857143,65876.0,,0.1298907231033422,0.1178689313222525,0.2477596544255947,2.0,11176.0,1.0,13192.0,-0.00021573518506033844,-0.056831753772761,,,0.6849,0.7587,0.12
20250730,105.63,105.6,105.665,105.52,141731.0,-6599.0,72345.0,2.0,0.0,12477.0,0.0,2.0,-1.0,14528.0,-3968.0,105.61,105.7715,105.93375,-0.1615000000000038,-0.323750000000004,105.8275833333333,105.9843063492063,68033.7,,0.1275600595280288,0.1199109149412642,0.247470974469293,2.0,12477.0,1.0,10560.0,-0.04656003273807424,-0.0473239511190694,,,0.6849,0.712,0.135
20250731,105.725,105.68,105.745,105.66,138245.0,-3486.0,54371.0,2.0,0.0,11499.0,0.0,2.0,-1.0,14785.0,-3329.0,105.638,105.7395,105.90725,-0.1015000000000015,-0.2692500000000138,105.8056865079365,105.9543619047619,68624.7,,0.1285958748063478,0.1152136044127695,0.2438094792191173,2.0,11499.0,1.0,11456.0,-0.025216101848168106,-0.0520110270806182,,,0.6027,0.6253,0.129
20250801,105.72,105.715,105.785,105.67,135441.0,-2804.0,52177.0,2.0,0.0,12105.0,0.0,1.0,-1.0,12433.0,-3422.0,105.668,105.7125,105.8805,-0.04449999999999932,-0.2124999999999773,105.7874523809524,105.9240547619048,69424.1,,0.126925400945865,0.1132814207358613,0.2402068216817262,2.0,12105.0,0.0,9011.0,-0.020702741415081105,-0.0520111352385162,,,0.5753,0.5773,0.129
20250804,105.715,105.81,105.845,105.695,128789.0,-6652.0,62616.0,2.0,0.0,10126.0,0.0,1.0,-1.0,10350.0,-3574.0,105.667,105.6885,105.855,-0.02150000000000318,-0.1879999999999882,105.7746626984127,105.8942400793651,68479.7,,0.1289778002869932,0.1132814207358613,0.2422592210228545,2.0,10126.0,0.0,6776.0,-0.05165037386733339,0.0118249155955022,,,0.5616,0.536,0.207
20250805,105.755,105.7,105.78,105.69,124770.0,-4019.0,52618.0,2.0,0.0,9070.0,0.0,1.0,-1.0,9536.0,-2137.0,105.709,105.6755,105.836,0.03350000000000364,-0.1269999999999953,105.7625515873016,105.8652571428571,67851.5,,0.1303499186157258,0.1130753360611675,0.2434252546768933,2.0,9070.0,0.0,7399.0,-0.03221126873447143,-0.0070916397587905,,,0.5479,0.4973,0.184
20250806,105.775,105.755,105.835,105.715,121825.0,-2945.0,47098.0,2.0,0.0,9563.0,0.0,2.0,-2.0,12086.0,-1139.0,105.738,105.674,105.81675,0.06399999999997874,-0.07875000000001364,105.7563571428572,105.8387976190476,63843.7,,0.1344267610581216,0.1132814207358613,0.2477081817939829,2.0,9563.0,0.0,10947.0,-0.02417402011081469,-0.0189067192603346,,,0.5342,0.4453,0.165
20250807,105.83,105.8,105.875,105.795,116886.0,-4939.0,50196.0,2.0,0.0,10093.0,0.0,2.0,-2.0,11333.0,-629.0,105.759,105.6985,105.80875,0.06050000000001887,-0.04974999999997465,105.7564563492063,105.8166964285714,59966.4,,0.1354546682880698,0.1130753360611675,0.2485300043492373,2.0,10093.0,0.0,10704.0,-0.04225484660267269,-0.0283437794400748,,,0.5342,0.5413,0.153
20250808,105.84,105.895,105.9,105.8,111905.0,-4981.0,48873.0,2.0,0.0,10560.0,0.0,2.0,-2.0,11587.0,-474.0,105.783,105.7255,105.801,0.05749999999997613,-0.01800000000001489,105.7603571428571,105.799426984127,57215.5,,0.1344517375691277,0.110468738759754,0.2449204763288817,2.0,10560.0,0.0,11113.0,-0.044510969125597606,-0.0354259317610831,,,0.4521,0.4573,0.146
20250811,105.735,105.8,105.82,105.7,108276.0,-3629.0,56309.0,2.0,0.0,9959.0,0.0,2.0,-2.0,13916.0,-73.0,105.787,105.727,105.79175,0.06000000000000227,-0.004750000000001364,105.7548015873016,105.7847575396825,55654.1,,0.1361546284127363,0.110468738759754,0.2466233671724903,2.0,9959.0,0.0,13843.0,-0.03351619934242122,-0.0307331970375848,,,0.411,0.4587,0.151
20250812,105.715,105.72,105.735,105.645,104785.0,-3491.0,48505.0,2.0,0.0,9829.0,0.0,3.0,-2.0,14052.0,0.0,105.779,105.744,105.77625,0.03499999999999659,0.002749999999991815,105.7466547619048,105.7732563492063,54510.8,,0.1277147838309049,0.1087748172694078,0.2364896011003126,2.0,9829.0,1.0,14052.0,-0.03331583719043756,-0.021282074220646,,,0.4521,0.5133,0.163
20250813,105.745,105.68,105.77,105.64,100973.0,-3812.0,47424.0,2.0,0.0,8724.0,0.0,2.0,-2.0,14135.0,-430.0,105.773,105.7555,105.7635,0.01749999999998408,0.009500000000002728,105.7407857142857,105.7645765873016,52018.7,,0.1219578113809287,0.1087748172694078,0.2307326286503364,2.0,8724.0,0.0,13705.0,-0.03775266655442544,-0.0236390973785078,,,0.4384,0.552,0.162
20250814,105.665,105.74,105.74,105.635,94193.0,-6780.0,69601.0,1.0,-1.0,7144.0,-248.0,2.0,-1.0,13141.0,0.0,105.74,105.7495,105.7445,-0.009500000000002728,-0.004499999999978854,105.73325,105.7573329365079,53541.7,83521.2,0.119923114082353,0.1087748172694078,0.2286979313517608,0.0,6896.0,1.0,13141.0,-0.071979871115688,-0.014195807504844,,,0.4932,0.556,0.177
20250815,105.66,105.7,105.76,105.65,85777.0,-8416.0,61238.0,1.0,0.0,6982.0,0.0,2.0,-1.0,12432.0,-2228.0,105.704,105.7435,105.728,-0.03950000000000387,-0.02400000000000091,105.7268373015873,105.7512714285714,54447.8,,0.1151984216802763,0.1086741413477753,0.2238725630280515,1.0,6982.0,1.0,10204.0,-0.09811487927999347,-0.0070982396365704,,,0.5616,0.52,0.191
20250818,105.455,105.53,105.555,105.445,86134.0,357.0,70226.0,1.0,0.0,5398.0,0.0,2.0,-1.0,16010.0,-3542.0,105.648,105.7175,105.703,-0.069500000000005,-0.05500000000000682,105.702873015873,105.7440924603175,55208.8,84271.2,0.1168946562925487,0.1086741413477753,0.2255687976403239,1.0,5398.0,1.0,12468.0,0.0041447047623470405,0.0474220249158606,,,0.5753,0.6453,0.326
20250819,105.54,105.5,105.565,105.44,73083.0,-13051.0,76923.0,2.0,0.0,6016.0,0.0,2.0,-1.0,12397.0,-1196.0,105.613,105.696,105.68575,-0.0829999999999842,-0.0727499999999992,105.6852658730159,105.7363638888889,57639.3,92307.59999999999,0.1155502998564073,0.1087748172694078,0.2243251171258151,2.0,6016.0,1.0,11201.0,-0.17857778142659717,0.0497558510475136,,,0.6164,0.6787,0.332
20250820,105.425,105.595,105.62,105.4,62682.0,-10401.0,55311.0,2.0,0.0,6132.0,0.0,2.0,-1.0,12129.0,-3269.0,105.549,105.661,105.6675,-0.1119999999999806,-0.1184999999999832,105.6653968253968,105.7272678571428,58460.6,,0.1226703614213539,0.110468738759754,0.233139100181108,2.0,6132.0,1.0,8860.0,-0.16593280367569638,0.0403204453905625,,,0.4384,0.3227,0.296
20250821,105.45,105.34,105.465,105.305,104119.0,41437.0,80003.0,1.0,-1.0,6611.0,-221.0,1.0,-2.0,12930.0,-3684.0,105.506,105.623,105.66075,-0.1170000000000044,-0.154750000000007,105.6395912698413,105.7155813492064,61441.3,96003.59999999999,0.1257347200205501,0.1130753360611675,0.2388100560817176,0.0,6390.0,-1.0,9246.0,0.3979773144190782,0.0568877682871219,,,0.4247,0.3827,0.353
20250822,105.37,105.43,105.47,105.345,107647.0,3528.0,60045.0,2.0,0.0,7917.0,0.0,1.0,-2.0,13431.0,-3531.0,105.448,105.576,105.65075,-0.1279999999999859,-0.2027499999999804,105.6128928571428,105.7008349206349,62558.5,,0.1240736733921129,0.1130753360611675,0.2371490094532804,2.0,7917.0,-1.0,9900.0,0.03277378840097727,0.0877362972671802,,,0.4384,0.3627,0.406
20250825,105.53,105.3,105.55,105.3,106631.0,-1016.0,75781.0,2.0,0.0,6210.0,0.0,1.0,-2.0,8850.0,-1225.0,105.463,105.5555,105.64125,-0.09250000000000114,-0.1782500000000056,105.5950515873016,105.6848599206349,64505.7,,0.1349126111169338,0.1130753360611675,0.2479879471781012,2.0,6210.0,-1.0,7625.0,-0.009528185987189467,0.0994788158039511,,,0.3973,0.364,0.425
20250826,105.56,105.555,105.575,105.465,107858.0,1227.0,70567.0,2.0,0.0,5586.0,0.0,2.0,-1.0,7733.0,-1476.0,105.467,105.54,105.642,-0.07299999999999329,-0.1749999999999972,105.585123015873,105.6687067460318,66711.9,,0.1342558774991207,0.1130753360611675,0.2473312135602881,2.0,5586.0,1.0,6257.0,0.011376068534554692,0.0828751020965846,,,0.3836,0.3653,0.4
20250827,105.59,105.52,105.59,105.49,109817.0,1959.0,62229.0,2.0,0.0,5923.0,0.0,2.0,-1.0,5538.0,-94.0,105.5,105.5245,105.64,-0.02449999999998909,-0.1400000000000148,105.5772182539682,105.65235,68192.4,,0.1342776740536308,0.110468738759754,0.2447464128133849,2.0,5923.0,1.0,5444.0,0.017838768132438513,0.0923163295929385,,,0.3836,0.3667,0.415
20250828,105.46,105.57,105.57,105.445,111749.0,1932.0,59475.0,2.0,0.0,6292.0,0.0,2.0,-2.0,4456.0,-2199.0,105.502,105.504,105.62675,-0.001999999999995339,-0.1247499999999917,105.563873015873,105.6354123015873,67179.8,,0.1373570606942293,0.110468738759754,0.2478257994539834,2.0,6292.0,0.0,2257.0,0.017288745313157165,0.113672303082957,,,0.6027,0.6773,0.442
20250829,105.515,105.46,105.54,105.445,113301.0,1552.0,56279.0,2.0,0.0,8282.0,0.0,2.0,-1.0,4438.0,-2865.0,105.531,105.4895,105.6165,0.0414999999999992,-0.08550000000001035,105.5514682539683,105.6178753968254,66683.9,,0.1343321964160053,0.1087748172694078,0.2431070136854131,2.0,8282.0,1.0,1573.0,0.013698025613189646,0.1159963336432885,,,0.5616,0.6427,0.444
20250901,105.595,105.48,105.61,105.455,113156.0,-145.0,60563.0,2.0,0.0,7239.0,0.0,2.0,-2.0,3769.0,0.0,105.544,105.5035,105.6105,0.04050000000000864,-0.06649999999999068,105.5457777777778,105.6021658730159,65717.6,,0.1387422507377045,0.110468738759754,0.2492109894974585,2.0,7239.0,0.0,3769.0,-0.0012814168051185973,0.0946520646641608,,,0.5342,0.5893,0.422
20250902,105.57,105.585,105.62,105.535,114612.0,1456.0,52692.0,2.0,0.0,7465.0,0.0,2.0,-1.0,4936.0,0.0,105.546,105.5065,105.60125,0.03950000000000387,-0.05525000000000091,105.5425357142857,105.5878928571429,63294.5,,0.1357127627531103,0.110468738759754,0.2461815015128643,2.0,7465.0,1.0,4936.0,0.01270373084842774,0.1088567365391963,,,0.5205,0.712,0.438
20250903,105.725,105.585,105.725,105.585,115907.0,1295.0,62433.0,2.0,0.0,7285.0,0.0,3.0,0.0,4644.0,0.0,105.573,105.5365,105.59875,0.03650000000000375,-0.02574999999998795,105.5500119047619,105.5763543650794,64006.7,,0.1387530500289378,0.1130753360611675,0.2518283860901053,2.0,7285.0,3.0,4644.0,0.011172750567265135,0.0732844939171201,,,0.5479,0.7573,0.387
20250904,105.755,105.78,105.795,105.725,118593.0,2686.0,62934.0,2.0,0.0,7894.0,0.0,3.0,0.0,6872.0,0.0,105.632,105.567,105.595,0.06500000000001194,0.03699999999999193,105.5660357142857,105.5689988095238,62299.8,,0.1360369262422708,0.1130753360611675,0.2491122623034382,2.0,7894.0,3.0,6872.0,0.022648891587193173,0.0779944108356332,,,0.589,0.5627,0.393
20250905,105.59,105.68,105.72,105.565,115186.0,-3407.0,75029.0,2.0,0.0,9339.0,0.0,3.0,-1.0,4612.0,0.0,105.647,105.589,105.5825,0.05799999999999272,0.06449999999999534,105.5696507936508,105.5646746031746,63798.2,,0.1343326509550505,0.1132878550882916,0.2476205060433421,2.0,9339.0,2.0,4612.0,-0.02957824735644957,0.0851905406142693,,,0.589,0.548,0.405
20250908,105.585,105.51,105.615,105.51,119506.0,4320.0,68859.0,2.0,0.0,10599.0,0.0,3.0,0.0,6692.0,0.0,105.645,105.5945,105.575,0.05050000000001376,0.07000000000000739,105.5680476190476,105.5619742063492,63106.0,,0.1329751238394305,0.1132878550882916,0.2462629789277221,2.0,10599.0,3.0,6692.0,0.036148812611919066,0.0781037205865269,,,0.5616,0.4627,0.395
20250909,105.57,105.58,105.61,105.525,120858.0,1352.0,53634.0,2.0,0.0,11233.0,0.0,3.0,-1.0,7340.0,0.0,105.645,105.5955,105.56775,0.04950000000002319,0.07725000000000648,105.5678611111111,105.560248015873,61412.7,,0.1238272778636768,0.1130753360611675,0.2369026139248442,2.0,11233.0,2.0,7340.0,0.01118668189114498,0.0852151837699714,,,0.4932,0.4413,0.407
20250910,105.425,105.535,105.57,105.425,121420.0,562.0,64907.0,2.0,0.0,12596.0,0.0,3.0,-1.0,10936.0,0.0,105.585,105.579,105.55175,0.006000000000000227,0.03324999999999534,105.5590039682539,105.5584265873016,61680.5,,0.1228143777404879,0.1132878550882916,0.2361022328287795,2.0,12596.0,2.0,10936.0,0.004628562016142316,0.1042451235677163,,,0.5342,0.56,0.437
20250911,105.59,105.45,105.64,105.425,124086.0,2666.0,82561.0,3.0,0.0,13523.0,0.0,2.0,-1.0,11341.0,-475.0,105.552,105.592,105.548,-0.03999999999999204,0.003999999999990678,105.5585833333333,105.5578976190476,63989.1,99073.2,0.1288851602776633,0.1154444171083128,0.244329577385976,3.0,13523.0,1.0,10866.0,0.021485099044211274,0.1348109077351491,,,0.5342,0.62,0.461
20250912,105.6,105.57,105.63,105.53,118734.0,-5352.0,71456.0,3.0,-1.0,8750.0,0.0,2.0,-1.0,16236.0,-573.0,105.554,105.6005,105.545,-0.04649999999998045,0.009000000000000341,105.5637936507937,105.5591301587302,65506.8,,0.1187310994296864,0.1154444171083128,0.2341755165379992,2.0,8750.0,1.0,15663.0,-0.04507554702107231,0.1206240258103011,,,0.5479,0.6067,0.456
20250915,105.655,105.58,105.68,105.57,117782.0,-952.0,54025.0,2.0,0.0,8095.0,0.0,2.0,-1.0,14739.0,-703.0,105.568,105.6065,105.555,-0.03849999999997067,0.01300000000001944,105.5715912698413,105.5617115079365,64853.0,,0.1187234690253539,0.1154444171083128,0.2341678861336667,2.0,8095.0,1.0,14036.0,-0.00808272910971116,0.1041662516460845,,,0.5342,0.6067,0.437
20250916,105.795,105.6,105.835,105.55,126384.0,8602.0,89826.0,2.0,0.0,8369.0,0.0,2.0,-1.0,17697.0,-949.0,105.613,105.629,105.56775,-0.01599999999997692,0.04525000000001,105.5893015873016,105.5663880952381,68566.4,107791.2,0.1312202809737374,0.1185149404224524,0.2497352213961898,2.0,8369.0,1.0,16748.0,0.06806241296366629,0.113491197053531,,,0.5068,0.304,0.451
20250917,105.89,105.76,105.89,105.72,129236.0,2852.0,70704.0,2.0,0.0,6610.0,0.0,2.0,-1.0,17767.0,-1009.0,105.706,105.6455,105.591,0.06049999999999045,0.1149999999999807,105.6164444444445,105.5730313492063,69393.5,,0.1328726180977251,0.1203526564657145,0.2532252745634396,2.0,6610.0,1.0,16758.0,0.022068154384227306,0.1086613088197473,,,0.5068,0.3627,0.445
20250918,105.82,105.84,105.875,105.795,132495.0,3259.0,64176.0,2.0,0.0,5987.0,0.0,2.0,-1.0,17212.0,-2093.0,105.752,105.652,105.6095,0.09999999999999432,0.1424999999999983,105.6403571428571,105.5804634920635,69517.7,,0.1328452201072905,0.1203526564657145,0.253197876573005,2.0,5987.0,1.0,15119.0,0.02459715460960791,0.1040031901236304,,,0.5068,0.4133,0.437
20250919,105.675,105.82,105.82,105.58,130361.0,-2134.0,92239.0,2.0,0.0,5619.0,0.0,2.0,-1.0,17200.0,-1945.0,105.767,105.6605,105.62475,0.1065000000000111,0.1422500000000184,105.6506388888889,105.5885623015873,71238.7,110686.8,0.1385842101883053,0.1265129180145456,0.2650971282028509,2.0,5619.0,1.0,15255.0,-0.016369926588473548,0.0994088777822538,,,0.5205,0.456,0.433
20250922,105.77,105.675,105.78,105.66,133337.0,2976.0,50317.0,2.0,0.0,5385.0,0.0,2.0,-1.0,17776.0,-1986.0,105.79,105.679,105.63675,0.1110000000000042,0.1532499999999999,105.6625476190476,105.5980123015873,69384.5,,0.1409312275887237,0.1203526564657145,0.2612838840544382,2.0,5385.0,1.0,15790.0,0.022319386216879036,0.1064181272926228,,,0.3836,0.1853,0.445
20250923,105.625,105.73,105.73,105.55,126182.0,-7155.0,81508.0,2.0,0.0,5060.0,0.0,2.0,-1.0,18651.0,-2198.0,105.756,105.6845,105.64,0.07150000000000034,0.1160000000000139,105.6650158730158,105.6077277777778,72171.9,,0.1453345906465356,0.1266324434643597,0.2719670341108953,2.0,5060.0,1.0,16453.0,-0.0567038087841372,0.0781307372347564,,,0.4795,0.4947,0.396
20250924,105.565,105.625,105.675,105.52,128267.0,2085.0,60601.0,2.0,0.0,4196.0,0.0,2.0,-1.0,19535.0,-2241.0,105.691,105.6985,105.63875,-0.007499999999993179,0.0522500000000008,105.6611746031746,105.6179448412698,71741.3,,0.1510997833222337,0.1322677311188253,0.283367514441059,2.0,4196.0,1.0,17294.0,0.016255155262070525,0.0805460624744522,,,0.5479,0.512,0.4
20250925,105.525,105.51,105.56,105.355,133244.0,4977.0,80972.0,2.0,0.0,3569.0,-67.0,2.0,-1.0,22120.0,-2142.0,105.632,105.692,105.642,-0.06000000000001648,-0.01000000000001933,105.6483055555556,105.6269170634921,71582.4,,0.152458606305227,0.1324892654892127,0.2849478717944396,2.0,3502.0,1.0,19978.0,0.03735252619254901,0.0781987342778633,,,0.5342,0.5493,0.397
20250926,105.54,105.535,105.615,105.505,132425.0,-819.0,60231.0,2.0,0.0,3516.0,-142.0,2.0,-1.0,20398.0,-2236.0,105.605,105.686,105.64325,-0.08100000000001728,-0.03825000000001921,105.6398650793651,105.6345242063492,70459.9,,0.1528013008393924,0.1324892654892127,0.2852905663286051,2.0,3374.0,1.0,18162.0,-0.006184632811025109,0.0568476743663593,,,0.5342,0.5813,0.353
20250929,105.485,105.575,105.645,105.465,130261.0,-2164.0,68631.0,2.0,0.0,4312.0,0.0,2.0,-1.0,15739.0,-2250.0,105.548,105.669,105.63775,-0.1210000000000093,-0.08975000000000932,105.6294801587302,105.6403130952381,71920.5,,0.1592335154432838,0.1344767024855335,0.2937102179288173,2.0,4312.0,1.0,13489.0,-0.016612800454472176,0.033149143258408,,,0.589,0.6333,0.27
20250930,105.63,105.495,105.71,105.47,131782.0,1521.0,62260.0,2.0,0.0,3907.0,0.0,2.0,-1.0,15035.0,-1923.0,105.549,105.6525,105.64075,-0.1034999999999968,-0.09174999999999045,105.6254206349207,105.643925,69163.9,,0.1656339894467479,0.1373601203863045,0.3029941098330524,2.0,3907.0,1.0,13112.0,0.011541788711660166,0.0260071309749324,,,0.6164,0.58,0.248
20251009,105.73,105.6,105.775,105.6,130612.0,-1170.0,51620.0,2.0,0.0,4564.0,0.0,2.0,-1.0,12083.0,-1933.0,105.582,105.6365,105.641,-0.05450000000000443,-0.05900000000001171,105.6312896825397,105.6454095238095,67255.5,,0.162914341532003,0.1375111467806135,0.3004254883126165,2.0,4564.0,1.0,10150.0,-0.00895782929592993,0.0425451207409971,,,0.6164,0.6693,0.311
20251010,105.65,105.75,105.765,105.63,127064.0,-3548.0,50839.0,2.0,0.0,4886.0,0.0,2.0,-1.0,11804.0,-1878.0,105.607,105.6195,105.63575,-0.01249999999998863,-0.02875000000000227,105.6369246031746,105.6450662698413,65921.8,,0.1652747312173216,0.1373601203863045,0.3026348516036261,2.0,4886.0,1.0,9926.0,-0.027922936472958508,0.0331148023906541,,,0.6438,0.6867,0.271
20251013,105.685,105.755,105.795,105.645,127796.0,732.0,60280.0,2.0,0.0,6692.0,0.0,2.0,-1.0,8421.0,-1468.0,105.636,105.6205,105.6405,0.01550000000000296,-0.004500000000007276,105.6439563492064,105.644398015873,62725.9,,0.167975205913268,0.1375111467806135,0.3054863526938815,2.0,6692.0,1.0,6953.0,0.005727878806848415,0.0567750610886588,,,0.6301,0.712,0.357
20251014,105.775,105.63,105.805,105.585,136437.0,8641.0,73462.0,2.0,0.0,6399.0,0.0,2.0,-1.0,9506.0,-1078.0,105.694,105.621,105.65,0.07299999999999329,0.04399999999999693,105.6521706349206,105.6433603174603,65040.4,,0.1635836997630751,0.1392794939696689,0.302863193732744,2.0,6399.0,1.0,8428.0,0.06333326003943211,0.0425332921211674,,,0.6438,0.728,0.312
20251015,105.73,105.74,105.755,105.655,137487.0,1050.0,47109.0,2.0,0.0,7233.0,0.0,2.0,-1.0,7754.0,-1072.0,105.714,105.6315,105.658,0.08249999999998181,0.05599999999999739,105.6603690476191,105.6428956349206,61600.5,,0.1602211999012996,0.1392794939696689,0.2995006938709684,2.0,7233.0,1.0,6682.0,0.0076370856881014205,0.0401924745902761,,,0.8356,0.9293,0.299
20251016,105.705,105.71,105.745,105.69,138574.0,1087.0,42876.0,2.0,0.0,7113.0,0.0,2.0,-1.0,5581.0,-761.0,105.709,105.6455,105.672,0.06350000000001899,0.03700000000002035,105.6651785714286,105.643296031746,59828.0,,0.1575292916590624,0.1392794939696689,0.2968087856287313,2.0,7113.0,1.0,4820.0,0.007844184334723685,0.0378294035501881,,,0.8493,0.9293,0.29
20251017,105.78,105.74,105.79,105.71,141514.0,2940.0,47873.0,2.0,0.0,6810.0,0.0,2.0,-2.0,5271.0,-713.0,105.735,105.671,105.6815,0.06399999999997874,0.05349999999998545,105.6749722222222,105.6459626984127,56518.1,,0.1470394369910688,0.1392794939696689,0.2863189309607377,2.0,6810.0,0.0,4558.0,0.020775329649363315,0.0401777273586727,,,0.863,0.9293,0.3
20251020,105.655,105.73,105.74,105.63,134150.0,-7364.0,54788.0,2.0,0.0,6601.0,0.0,2.0,-1.0,4190.0,-1118.0,105.729,105.6825,105.68425,0.04649999999999466,0.04475000000000762,105.6753611111111,105.6495123015873,55973.8,,0.1490791573140088,0.1419070441709185,0.2909862014849273,2.0,6601.0,1.0,3072.0,-0.05489377562430116,0.0212856415435489,,,0.9041,0.9333,0.236
20251021,105.715,105.635,105.72,105.635,135910.0,1760.0,45116.0,2.0,0.0,6933.0,0.0,2.0,-1.0,3985.0,-1815.0,105.717,105.7055,105.68725,0.01150000000001228,0.02975000000002126,105.6762063492063,105.6541849206349,53622.3,,0.1399433466065453,0.1419070441709185,0.2818503907774638,2.0,6933.0,1.0,2170.0,0.01294974615554411,0.0472969777231275,,,0.9178,0.948,0.336
20251022,105.735,105.72,105.75,105.68,135179.0,-731.0,40005.0,2.0,0.0,6214.0,0.0,2.0,-1.0,3982.0,-1773.0,105.718,105.716,105.68425,0.001999999999995339,0.03375000000001194,105.6804444444444,105.6596873015873,51396.8,,0.1341814592994192,0.1419070441709185,0.2760885034703376,2.0,6214.0,1.0,2209.0,-0.005407644678537347,0.0401825150125479,,,0.9315,0.968,0.302
20251023,105.645,105.74,105.77,105.635,130366.0,-4813.0,59535.0,2.0,0.0,5526.0,0.0,2.0,-2.0,3211.0,-719.0,105.706,105.7075,105.672,-0.001500000000021373,0.03399999999999181,105.6809920634921,105.6646575396825,52188.3,,0.129101158530817,0.1392794939696689,0.2683806525004858,2.0,5526.0,0.0,2492.0,-0.03691913535737846,0.0473259622238211,,,0.9315,0.9787,0.338
20251024,105.615,105.61,105.665,105.6,129424.0,-942.0,46576.0,2.0,0.0,5745.0,0.0,2.0,-2.0,2474.0,-1428.0,105.673,105.704,105.66175,-0.0309999999999917,0.01124999999998977,105.6765198412699,105.6686170634921,51762.0,,0.126053118040468,0.1375111467806135,0.2635642648210814,2.0,5745.0,0.0,1046.0,-0.007278402769192731,0.040228156457225,,,0.9178,0.9773,0.304
20251027,105.745,105.595,105.75,105.565,134170.0,4746.0,58124.0,2.0,0.0,5700.0,0.0,2.0,-1.0,2816.0,-666.0,105.691,105.71,105.66525,-0.01899999999999125,0.02575000000001637,105.6785476190476,105.6720761904762,51546.4,,0.1263688551454794,0.1392794939696689,0.2656483491151483,2.0,5700.0,1.0,2150.0,0.03537303421033018,0.0567374734314273,,,0.9315,0.9787,0.366
20251028,105.895,105.825,105.935,105.825,138248.0,4078.0,67869.0,2.0,-1.0,4467.0,0.0,2.0,-2.0,421.0,-490.0,105.727,105.722,105.6715,0.004999999999995453,0.05550000000000921,105.6998015873016,105.6768392857143,50987.1,81442.8,0.1229679877842824,0.1392794939696689,0.2622474817539513,1.0,4467.0,0.0,-69.0,0.029497714252647415,0.0424788542862177,,,0.9315,0.976,0.318
20251029,106.07,105.85,106.125,105.85,149109.0,10861.0,99318.0,2.0,-1.0,4501.0,0.0,2.0,-1.0,5662.0,-109.0,105.794,105.756,105.69375,0.03799999999998249,0.1002499999999884,105.7318214285715,105.6839845238095,56208.0,119181.6,0.1296946771142964,0.1392794939696689,0.2689741710839653,1.0,4501.0,1.0,5553.0,0.07283933230053183,0.0612802866031844,,,0.9452,0.9787,0.379
20251030,106.065,106.07,106.11,106.03,149269.0,160.0,54366.0,2.0,-1.0,4761.0,0.0,3.0,0.0,7157.0,0.0,105.878,105.792,105.71875,0.08600000000001273,0.1592500000000001,105.7682579365079,105.6942924603175,57357.0,,0.1259441591285905,0.1392794939696689,0.2652236530982593,1.0,4761.0,3.0,7157.0,0.0010718903456176433,0.0518573302691209,,,0.9315,0.984,0.356
20251031,106.065,106.135,106.135,106.04,149424.0,155.0,51145.0,2.0,-1.0,4584.0,0.0,2.0,-1.0,5298.0,-22.0,105.968,105.8205,105.74575,0.1474999999999937,0.2222499999999883,105.803246031746,105.7071198412698,57684.2,,0.1221986301601093,0.1392794939696689,0.2614781241297782,1.0,4584.0,1.0,5276.0,0.0010373166291894208,0.0235677838540635,,,0.9452,0.9707,0.246
20251103,106.05,106.04,106.08,106.01,151286.0,1862.0,52682.0,1.0,-1.0,4489.0,-1016.0,3.0,0.0,5444.0,0.0,106.029,105.86,105.77125,0.1690000000000111,0.2577499999999873,105.8328333333333,105.722867063492,57473.6,,0.1120508683942308,0.1392794939696689,0.2513303623638997,0.0,3473.0,3.0,5444.0,0.012307814338405405,0.0164967572616619,,,0.9315,0.9733,0.224
20251104,106.03,106.025,106.045,105.97,149798.0,-1488.0,50509.0,1.0,-1.0,5559.0,-2948.0,2.0,-1.0,4926.0,0.0,106.056,105.8915,105.7985,0.1645000000000039,0.2575000000000074,105.8568849206349,105.7409349206349,58012.9,,0.1093287082340717,0.1375111467806135,0.2468398550146852,0.0,2611.0,1.0,4926.0,-0.009933376947622799,0.0188615849561824,,,0.9589,0.9733,0.231
20251105,106.01,106.07,106.08,105.98,146110.0,-3688.0,40527.0,1.0,-1.0,5903.0,-3407.0,2.0,-1.0,4901.0,-784.0,106.044,105.919,105.8175,0.125,0.2265000000000157,105.8793452380953,105.760825,58065.1,,0.1123424927888259,0.1375111467806135,0.2498536395694394,0.0,2496.0,1.0,4117.0,-0.025241256587502568,0.0023560429918336,,,0.8904,0.9413,0.2
20251106,105.965,105.985,106.035,105.935,145275.0,-835.0,41155.0,1.0,-1.0,6045.0,-3129.0,2.0,-1.0,4807.0,-1008.0,106.024,105.951,105.82925,0.0730000000000075,0.1947499999999991,105.895496031746,105.7822753968254,56227.1,,0.1133404395989893,0.1375111467806135,0.2508515863796028,0.0,2916.0,1.0,3799.0,-0.005747719841679573,0.0117956797232044,,,0.9178,0.9453,0.216
20251107,105.91,106.01,106.01,105.905,142419.0,-2856.0,44485.0,1.0,-1.0,6069.0,-2680.0,2.0,-1.0,4164.0,-1720.0,105.993,105.9805,105.84225,0.01250000000000284,0.1507500000000164,105.9065039682539,105.8052738095238,56018.0,,0.1102855620347839,0.1375111467806135,0.2477967088153974,0.0,3389.0,1.0,2444.0,-0.0200535040970657,0.0141611848651832,,,0.9041,0.9453,0.222
20251110,105.94,105.89,105.955,105.865,138398.0,-4021.0,49109.0,1.0,-1.0,5999.0,-2273.0,2.0,-1.0,3529.0,-481.0,105.971,106.0,105.855,-0.02899999999999636,0.1160000000000139,105.9145158730158,105.8288706349206,55116.5,,0.1106060401688756,0.1375111467806135,0.2481171869494891,0.0,3726.0,1.0,3048.0,-0.029053888061966213,0.0094379683812933,,,0.9041,0.9253,0.212
20251111,105.935,105.95,105.985,105.925,131787.0,-6611.0,48332.0,1.0,-1.0,5716.0,-283.0,2.0,-1.0,2334.0,-318.0,105.952,106.004,105.863,-0.0519999999999925,0.08900000000001285,105.9236865079365,105.8512591269841,53162.8,,0.1099167869232737,0.1375111467806135,0.2474279337038872,0.0,5433.0,1.0,2016.0,-0.05016428024008438,0.0047128550876637,,,0.9589,0.968,0.203
20251112,105.97,105.955,105.985,105.915,131209.0,-578.0,40159.0,1.0,-1.0,5785.0,-1006.0,3.0,-1.0,3287.0,0.0,105.944,105.994,105.875,-0.04999999999999716,0.06900000000000261,105.933376984127,105.8714146825397,47246.9,,0.1055104785726083,0.1375111467806135,0.2430216253532217,0.0,4779.0,2.0,3287.0,-0.00440518561988888,0.0070743569757701,,,0.9589,0.964,0.207
20251113,105.885,105.945,105.96,105.87,121756.0,-9453.0,58282.0,2.0,-1.0,5788.0,-212.0,2.0,-1.0,2077.0,-1320.0,105.928,105.976,105.884,-0.04800000000000182,0.04400000000001114,105.9362420634921,105.8882130952381,47638.5,69938.4,0.1078505057177606,0.1375111467806135,0.2453616524983741,1.0,5576.0,1.0,757.0,-0.07763888432602911,-0.0023632823328442,,,0.9589,0.956,0.195
20251114,105.875,105.94,105.94,105.83,114663.0,-7093.0,52534.0,2.0,0.0,6783.0,0.0,2.0,-2.0,2498.0,-2149.0,105.921,105.957,105.88875,-0.03600000000001558,0.03225000000000477,105.9376507936508,105.9016535714286,47777.4,,0.1027860062749999,0.1375111467806135,0.2402971530556134,2.0,6783.0,0.0,349.0,-0.061859536206099616,0.0023612750885456,,,0.9589,0.9653,0.202
20251117,105.905,105.875,105.915,105.845,109191.0,-5472.0,48783.0,2.0,0.0,6877.0,0.0,1.0,-2.0,1965.0,-2506.0,105.914,105.9425,105.90125,-0.02849999999997976,0.01275000000001114,105.9375714285714,105.9121273809524,47387.5,,0.09469728882673004,0.1375111467806135,0.2322084356073435,2.0,6877.0,-1.0,-541.0,-0.050114020386295574,0.0094424248146905,,,0.9726,0.9853,0.217
20251118,105.92,105.915,105.93,105.83,100839.0,-8352.0,51916.0,2.0,0.0,6909.0,0.0,2.0,-2.0,1986.0,-2448.0,105.911,105.9315,105.9115,-0.0204999999999842,-0.0004999999999881766,105.9381666666667,105.9202555555556,47528.2,,0.08291063514264942,0.1316690281010363,0.2145796632436857,2.0,6909.0,0.0,-462.0,-0.08282509743254098,0.0212444532161439,,,0.9726,0.9973,0.247
20251119,105.88,105.895,105.905,105.845,88573.0,-12266.0,54572.0,2.0,0.0,7723.0,0.0,1.0,-2.0,2007.0,-3412.0,105.893,105.9185,105.91875,-0.02549999999999386,-0.02575000000000216,105.9358611111111,105.9259071428571,48932.7,,0.08258389849933219,0.1316690281010363,0.2142529266003685,2.0,7723.0,-1.0,-1405.0,-0.13848463978864892,0.016529483281903,,,0.9726,0.9973,0.234
20251120,105.935,105.905,105.975,105.875,74976.0,-13597.0,71725.0,2.0,0.0,7720.0,0.0,1.0,-2.0,2009.0,-2872.0,105.903,105.9155,105.93325,-0.01250000000000284,-0.03025000000000944,105.9368571428572,105.9300432539682,51989.7,86070.0,0.08292824347192843,0.1277828260568785,0.2107110695288069,2.0,7720.0,-1.0,-863.0,-0.18135136577037986,0.0047189843904507,,,0.9589,0.9973,0.206
20251121,105.855,105.935,105.955,105.835,55662.0,-19314.0,64448.0,2.0,0.0,9687.0,0.0,1.0,-2.0,1180.0,-3954.0,105.899,105.91,105.94525,-0.01099999999999568,-0.04624999999998636,105.9317023809524,105.9325630952381,53986.0,,0.08631065768046858,0.1222899173808079,0.2086005750612765,2.0,9687.0,-1.0,-2774.0,-0.3469871725773418,-0.018895999816919,,,0.9726,0.9787,0.171
20251124,105.89,105.85,105.915,105.8,42749.0,-12913.0,46495.0,2.0,0.0,8873.0,0.0,2.0,-1.0,2480.0,-2222.0,105.896,105.905,105.9525,-0.009000000000000341,-0.05650000000001398,105.924496031746,105.9335611111111,53724.6,,0.08867908623451146,0.1192101482363058,0.2078892344708173,2.0,8873.0,1.0,258.0,-0.30206554539287467,-0.042503947110905,,,0.9726,0.9787,0.141
20251125,105.98,105.995,106.02,105.93,129492.0,86743.0,82221.0,2.0,0.0,8326.0,0.0,2.0,-1.0,7569.0,-2893.0,105.908,105.9095,105.95675,-0.001500000000021373,-0.04875000000002672,105.9275833333333,105.9339507936508,57113.5,98665.2,0.09070401828916799,0.1171638469178971,0.2078678652070651,2.0,8326.0,1.0,4676.0,0.6698714978531493,-0.0779975009440833,,,0.9589,0.9787,0.094
20251126,105.735,105.97,105.975,105.73,132203.0,2711.0,77238.0,2.0,0.0,10096.0,0.0,2.0,-1.0,9134.0,-4514.0,105.879,105.886,105.94,-0.007000000000005002,-0.06099999999999284,105.9142579365079,105.9320388888889,60821.4,92685.59999999999,0.1008353483540918,0.1247109550266512,0.2255463033807431,2.0,10096.0,1.0,4620.0,0.0205063425187023,-0.0473242880185321,,,0.9726,0.9787,0.138
20251127,105.77,105.775,105.81,105.73,133066.0,863.0,58494.0,2.0,0.0,11522.0,0.0,2.0,-1.0,9835.0,-4878.0,105.846,105.8745,105.92525,-0.02849999999997976,-0.07925000000000182,105.8977023809524,105.9281849206349,60842.6,,0.09915850182971135,0.1247109550266512,0.2238694568563626,2.0,11522.0,1.0,4957.0,0.006485503434385944,-0.0543994736125244,,,0.9863,0.9973,0.126
20251128,105.745,105.79,105.815,105.72,131798.0,-1268.0,55733.0,2.0,0.0,11079.0,0.0,2.0,-1.0,11789.0,-6057.0,105.824,105.8615,105.90925,-0.03750000000000853,-0.08525000000000205,105.8815714285714,105.922576984127,61162.5,,0.09950886472191545,0.1171638469178971,0.2166727116398126,2.0,11079.0,1.0,5732.0,-0.009620783319928982,-0.0283756150681528,,,0.9726,0.996,0.159
20251201,105.84,105.745,105.855,105.675,129701.0,-2097.0,55894.0,2.0,0.0,7993.0,0.0,2.0,-1.0,13142.0,-5350.0,105.814,105.855,105.89875,-0.04099999999998261,-0.08474999999998545,105.8703968253968,105.9158595238095,61873.6,,0.1076113980373579,0.1247109550266512,0.2323223530640091,2.0,7993.0,1.0,7792.0,-0.016167955528484747,-0.0212656476159049,,,1.0,0.9973,0.17
20251202,105.77,105.805,105.84,105.755,129371.0,-330.0,55541.0,2.0,0.0,6164.0,0.0,2.0,-1.0,14868.0,-6217.0,105.772,105.84,105.88575,-0.06799999999998363,-0.1137499999999818,105.8589682539683,105.9079396825397,62236.1,,0.108638076633706,0.1171638469178971,0.2258019235516031,2.0,6164.0,1.0,8651.0,-0.0025508035031034776,-0.0283662240923421,,,1.0,0.9973,0.16
20251203,105.85,105.815,105.865,105.79,133321.0,3950.0,65002.0,2.0,0.0,8731.0,0.0,2.0,-1.0,15554.0,-6370.0,105.795,105.837,105.87775,-0.04199999999998738,-0.08274999999999011,105.854,105.8997535714286,63279.1,,0.1083032490974751,0.1171638469178971,0.2254670960153723,2.0,8731.0,1.0,9184.0,0.029627740566002356,-0.0472689238655533,,,1.0,0.9973,0.141
20251204,105.595,105.75,105.78,105.58,131715.0,-1606.0,99144.0,2.0,0.0,9612.0,0.0,2.0,-1.0,15649.0,-8368.0,105.76,105.803,105.85925,-0.04300000000000637,-0.09925000000001205,105.8317182539682,105.8892396825397,66021.0,118972.8,0.1191223416820229,0.1171638469178971,0.2362861885999201,2.0,9612.0,1.0,7281.0,-0.012192992445811032,0.0023657430082779,,,1.0,0.9973,0.212
20251205,105.755,105.64,105.785,105.64,130652.0,-1063.0,79563.0,2.0,0.0,9275.0,0.0,2.0,-1.0,16493.0,-8166.0,105.762,105.793,105.8515,-0.03100000000002012,-0.08950000000000102,105.8179285714286,105.8778623015873,67532.5,,0.1272341919110116,0.1247109550266512,0.2519451469376628,2.0,9275.0,1.0,8327.0,-0.008136117319290941,-0.0212810681346053,,,0.9726,0.96,0.172
20251208,105.745,105.725,105.77,105.645,130770.0,118.0,72291.0,2.0,0.0,9110.0,0.0,2.0,-1.0,17478.0,-7634.0,105.743,105.7785,105.84175,-0.0355000000000274,-0.09875000000002387,105.8057539682539,105.8659880952381,70112.1,,0.128936878309915,0.1199912007428365,0.2489280790527515,2.0,9110.0,1.0,9844.0,0.0009023476332492162,-0.0094577181247533,,,0.9726,0.9587,0.198
20251209,105.785,105.79,105.805,105.73,130042.0,-728.0,57038.0,2.0,0.0,7638.0,0.0,2.0,-1.0,17739.0,-7312.0,105.746,105.759,105.83425,-0.01299999999997681,-0.08824999999998795,105.7995714285714,105.8531869047619,67593.8,,0.1289451476793256,0.1199912007428365,0.2489363484221621,2.0,7638.0,1.0,10427.0,-0.005598191353562695,-0.002363284019478,,,0.9589,0.9493,0.206
20251210,105.825,105.775,105.83,105.745,129569.0,-473.0,53764.0,2.0,0.0,7179.0,0.0,2.0,-1.0,18767.0,-5194.0,105.741,105.768,105.827,-0.02699999999998681,-0.08599999999998431,105.7967896825397,105.8414400793651,65246.4,,0.1279419906288406,0.1199912007428365,0.2479331913716771,2.0,7179.0,1.0,13573.0,-0.0036505645640546734,-0.0165438814163577,,,0.9726,0.924,0.182
20251211,105.885,105.83,105.93,105.83,130354.0,785.0,68556.0,2.0,0.0,7509.0,0.0,2.0,-1.0,14129.0,-4228.0,105.799,105.7795,105.827,0.01949999999999363,-0.02799999999999159,105.8008849206349,105.8317583333333,66252.6,,0.1269266863358028,0.1153815449409598,0.2423082312767625,2.0,7509.0,1.0,9901.0,0.006022062997683232,-0.0165328294756782,,,0.9726,0.9573,0.183
20251212,105.82,105.925,105.965,105.785,126377.0,-3977.0,74759.0,2.0,0.0,6763.0,0.0,2.0,-1.0,15084.0,-4190.0,105.812,105.787,105.82425,0.02499999999999147,-0.01224999999999454,105.8034841269841,105.8239496031746,68155.2,,0.1313213152386745,0.1153815449409598,0.2467028601796342,2.0,6763.0,1.0,10894.0,-0.03146933381865371,0.018896001418435,,,0.9726,0.9587,0.258
20251215,105.785,105.785,105.895,105.73,129353.0,2976.0,78602.0,2.0,0.0,7565.0,0.0,2.0,-1.0,14295.0,-3001.0,105.82,105.7815,105.81825,0.03849999999999909,0.001750000000015461,105.8004007936508,105.81695,70426.0,,0.1337020268011793,0.1199912007428365,0.2536932275440158,2.0,7565.0,1.0,11294.0,0.023006810820004175,0.0567188164673584,,,0.9863,0.9867,0.399
20251216,105.795,105.825,105.825,105.745,132812.0,3459.0,67776.0,2.0,0.0,8006.0,0.0,2.0,-1.0,15443.0,-4118.0,105.822,105.784,105.812,0.03800000000001091,0.009999999999990905,105.7982619047619,105.8108793650794,71649.5,,0.1222176081136288,0.1199912007428365,0.2422088088564653,2.0,8006.0,1.0,11325.0,0.026044333343372587,0.0638026371756723,,,0.9863,0.992,0.416
20251217,105.84,105.805,105.855,105.755,133958.0,1146.0,56518.0,2.0,0.0,7594.0,0.0,2.0,-1.0,13413.0,-3743.0,105.825,105.783,105.81,0.0420000000000158,0.01500000000001478,105.7985793650793,105.8053373015873,70801.1,,0.1235622385696498,0.1153815449409598,0.2389437835106095,2.0,7594.0,1.0,9670.0,0.008554920198868303,0.0732237339380201,,,1.0,1.0,0.439
20251218,105.85,105.83,105.895,105.79,135221.0,1263.0,59632.0,2.0,0.0,7407.0,0.0,2.0,-1.0,14045.0,-3456.0,105.818,105.8085,105.80575,0.009499999999974307,0.01224999999999454,105.8020079365079,105.8023662698413,66849.9,,0.1242286347002986,0.1134708891583503,0.2376995238586489,2.0,7407.0,1.0,10589.0,0.009340265195494782,0.0684898038905662,,,1.0,0.9907,0.426
20251219,105.97,105.86,105.975,105.86,143362.0,8141.0,55498.0,2.0,0.0,6443.0,0.0,2.0,-1.0,14243.0,-2584.0,105.848,105.83,105.8115,0.01800000000000068,0.03650000000000375,105.8137976190476,105.8019531746032,64443.4,,0.1205047020462169,0.1152811504813115,0.2357858525275283,2.0,6443.0,1.0,11659.0,0.05678631715517362,0.0707779757864297,,,1.0,0.9907,0.433
20251222,105.86,105.96,105.99,105.83,141789.0,-1573.0,64185.0,2.0,0.0,5381.0,0.0,2.0,-1.0,14371.0,-2662.0,105.863,105.8415,105.81,0.02150000000001739,0.05300000000002569,105.8210595238095,105.8034837301587,63632.8,,0.1255602959442665,0.1152811504813115,0.2408414464255779,2.0,5381.0,1.0,11709.0,-0.011093949460113267,0.0684866805214415,,,0.9863,0.9907,0.426
20251223,106.025,105.84,106.06,105.84,152762.0,10973.0,78932.0,1.0,-1.0,4463.0,-575.0,2.0,-1.0,16230.0,-1600.0,105.909,105.8655,105.81225,0.04349999999999454,0.09675000000000011,105.8373174603175,105.8072583333333,65822.2,,0.1339826598764109,0.1180583070764266,0.2520409669528376,0.0,3888.0,1.0,14630.0,0.07183069087862165,0.0542324923367173,,,0.9863,0.9613,0.394
20251224,106.025,106.015,106.05,105.965,154522.0,1760.0,54708.0,2.0,-1.0,4616.0,-656.0,2.0,-1.0,16763.0,-2497.0,105.946,105.8855,105.82675,0.06049999999999045,0.1192500000000081,105.8563253968254,105.8132119047619,65916.6,,0.121460358375534,0.1152811504813115,0.2367415088568455,1.0,3960.0,1.0,14266.0,0.011389963888637217,0.0754605748366886,,,0.9863,0.964,0.445
20251225,105.99,106.01,106.045,105.985,156449.0,1927.0,49022.0,1.0,-1.0,4557.0,-1497.0,2.0,-1.0,16619.0,-2509.0,105.974,105.896,105.83775,0.07800000000000296,0.136250000000004,105.8732976190476,105.8204531746032,63963.2,,0.1126703548778834,0.1134162281622975,0.2260865830401809,0.0,3060.0,1.0,14110.0,0.012317112924978746,0.066049753026404,,,0.9726,0.96,0.422
20251226,106.05,106.015,106.11,105.98,161245.0,4796.0,57873.0,1.0,-1.0,4635.0,-2557.0,2.0,-1.0,14926.0,-3472.0,105.99,105.919,105.853,0.07099999999996953,0.1369999999999862,105.8929722222222,105.829401984127,62274.6,,0.1129844418737193,0.1134162281622975,0.2264006700360169,0.0,2078.0,1.0,11454.0,0.02974355793978108,0.0778090575588325,,,0.8904,0.904,0.452
20251229,105.84,106.01,106.035,105.76,150788.0,-10457.0,89420.0,1.0,-1.0,6448.0,-3454.0,2.0,-1.0,19968.0,-4617.0,105.986,105.9245,105.853,0.06150000000000944,0.133000000000024,105.8970317460317,105.8390650793651,63356.4,107304.0,0.1274821929635207,0.1152811504813115,0.2427633434448322,0.0,2994.0,1.0,15351.0,-0.06934901981590047,0.0779440520546142,,,0.8904,0.9067,0.453
20251230,105.815,105.88,105.88,105.78,147315.0,-3473.0,67932.0,1.0,-1.0,6458.0,-3150.0,2.0,-1.0,22506.0,-5696.0,105.944,105.9265,105.85525,0.01750000000001251,0.08875000000000455,105.8947063492064,105.8487095238095,63372.0,,0.1284948231088309,0.1134162281622975,0.2419110512711284,0.0,3308.0,1.0,16810.0,-0.023575331772053083,0.075599963966451,,,0.8904,0.9,0.447
20251231,105.76,105.825,105.845,105.68,147910.0,595.0,66075.0,1.0,-1.0,6537.0,-3252.0,2.0,-1.0,28059.0,-7748.0,105.891,105.9185,105.85075,-0.0274999999999892,0.04025000000001455,105.8879801587301,105.8576496031746,64327.7,,0.1325530802570087,0.1134162281622975,0.2459693084193062,0.0,3285.0,1.0,20311.0,0.0040227165168007575,0.0685601553461694,,,0.9041,0.9,0.431
20260105,105.705,105.795,105.795,105.675,147807.0,-103.0,69395.0,1.0,-1.0,6106.0,-3445.0,2.0,-1.0,29298.0,-7653.0,105.834,105.904,105.85625,-0.07000000000000739,-0.02225000000001387,105.8752182539682,105.8649706349206,65304.0,,0.1285156276352422,0.1134162281622975,0.2419318557975397,0.0,2661.0,1.0,21645.0,-0.0006968546821192501,0.0591174193315612,,,0.9041,0.904,0.41
20260106,105.57,105.625,105.64,105.545,150917.0,3110.0,69068.0,1.0,-1.0,6171.0,-4006.0,2.0,-1.0,31339.0,-10760.0,105.738,105.864,105.847,-0.1260000000000048,-0.1090000000000231,105.8499682539683,105.8685876984127,66661.0,,0.1281969104544556,0.1134162281622975,0.2416131386167531,0.0,2165.0,1.0,20579.0,0.020607353710980207,0.0520981339395658,,,0.8356,0.9293,0.388
20260107,105.5,105.515,105.585,105.46,149597.0,-1320.0,69708.0,1.0,-1.0,4647.0,-4166.0,2.0,-1.0,31052.0,-11712.0,105.67,105.828,105.83475,-0.1580000000000013,-0.1647500000000122,105.8175436507937,105.8682361111111,67213.3,,0.1312592792549578,0.1134162281622975,0.2446755074172553,0.0,481.0,1.0,19340.0,-0.008823706357747816,0.0497673012288868,,,0.863,0.9307,0.379
20260108,105.6,105.535,105.615,105.5,145240.0,-4357.0,69446.0,1.0,-1.0,6068.0,-2137.0,2.0,-1.0,26639.0,-12542.0,105.627,105.7855,105.8255,-0.1585000000000036,-0.1984999999999957,105.7926865079365,105.863773015873,66264.7,,0.1322929884716077,0.1106859565615045,0.2429789450331122,0.0,3931.0,1.0,14097.0,-0.029998622968879098,0.0568181818181772,,,0.9178,0.944,0.405
20260109,105.57,105.555,105.6,105.525,143187.0,-2053.0,53965.0,1.0,-1.0,4698.0,-2564.0,2.0,-1.0,26828.0,-14019.0,105.589,105.74,105.81275,-0.1509999999999962,-0.2237499999999955,105.7675079365079,105.8548912698413,66190.4,,0.1302927198098908,0.1087225665856825,0.2390152863955732,0.0,2134.0,1.0,12809.0,-0.014337893803208391,0.0663067159230777,,,0.6986,0.8467,0.427
20260112,105.625,105.555,105.645,105.55,138859.0,-4328.0,64931.0,1.0,-1.0,4156.0,-1122.0,2.0,-1.0,23427.0,-12861.0,105.573,105.7035,105.79975,-0.1304999999999978,-0.2267499999999814,105.7478373015873,105.8423452380952,67781.3,,0.1282973256760053,0.1087225665856825,0.2370198922616878,0.0,3034.0,1.0,10566.0,-0.031168307419756732,0.0520733588873361,,,0.6849,0.8067,0.389
20260113,105.625,105.61,105.64,105.58,138720.0,-139.0,44516.0,1.0,-1.0,3569.0,0.0,2.0,-1.0,22746.0,-13181.0,105.584,105.661,105.79,-0.0770000000000266,-0.2060000000000173,105.7305079365079,105.8260988095238,66445.6,,0.1215641250759745,0.1087225665856825,0.230286691661657,0.0,3569.0,1.0,9565.0,-0.0010020184544405999,0.0615483230044727,,,0.6575,0.7947,0.419
20260114,105.655,105.625,105.7,105.575,137594.0,-1126.0,60586.0,2.0,0.0,4383.0,0.0,2.0,-1.0,22645.0,-13336.0,105.615,105.6425,105.7835,-0.02750000000001762,-0.168500000000023,105.7163412698413,105.8080297619048,63562.2,,0.1151770213398334,0.1087225665856825,0.2238995879255159,2.0,4383.0,1.0,9309.0,-0.008183496373388374,0.0567935318866317,,,0.6575,0.7827,0.406
20260115,105.76,105.66,105.82,105.645,138095.0,501.0,72208.0,2.0,-1.0,4379.0,0.0,1.0,-2.0,22300.0,-13275.0,105.647,105.637,105.78175,0.01000000000001933,-0.134750000000011,105.7116547619047,105.7897246031746,63989.8,,0.1212784573650454,0.1106859565615045,0.2319644139265499,1.0,4379.0,-1.0,9025.0,0.0036279372895470507,0.0661875945537067,,,0.6712,0.7747,0.43
20260116,105.805,105.68,105.845,105.68,140698.0,2603.0,63287.0,2.0,0.0,4859.0,0.0,1.0,-2.0,22305.0,-14382.0,105.694,105.6415,105.78,0.05250000000000909,-0.08599999999999852,105.7108095238095,105.7720075396825,63711.0,,0.1283887882801274,0.1134269652742971,0.2418157535544244,2.0,4859.0,-1.0,7923.0,0.018500618345676557,0.05195976100589,,,0.9315,0.9347,0.389
20260119,105.785,105.84,105.865,105.765,141773.0,1075.0,43774.0,2.0,-1.0,6285.0,0.0,2.0,-2.0,25147.0,-14184.0,105.726,105.6495,105.77675,0.07649999999998158,-0.05074999999999363,105.7131230158731,105.755798015873,61148.9,,0.1263842283296633,0.1106859565615045,0.2370701848911678,1.0,6285.0,0.0,10963.0,0.007582543925853301,0.056698715766914,,,0.9452,0.8893,0.404
20260120,105.875,105.815,105.895,105.785,147271.0,5498.0,49231.0,2.0,-1.0,5845.0,-273.0,2.0,-2.0,25823.0,-15907.0,105.776,105.68,105.772,0.09600000000000364,0.003999999999990678,105.7212579365079,105.742926984127,59165.2,,0.1142161997769713,0.1106859565615045,0.2249021563384757,1.0,5572.0,0.0,9916.0,0.03733253661617019,0.0708347959352554,,,0.9315,0.8827,0.449
20260121,105.88,105.81,105.9,105.81,147077.0,-194.0,54402.0,1.0,-1.0,5695.0,-230.0,2.0,-1.0,26911.0,-14543.0,105.821,105.718,105.773,0.1029999999999944,0.04800000000000182,105.7292341269841,105.734096031746,57634.6,,0.1135353767448437,0.1087225665856825,0.2222579433305262,0.0,5465.0,1.0,12368.0,-0.001319036967030875,0.0873670667691353,,,0.8904,0.8987,0.49
20260122,105.835,105.89,105.895,105.82,146827.0,-250.0,48791.0,2.0,0.0,5752.0,0.0,2.0,-1.0,27833.0,-14016.0,105.836,105.7415,105.7635,0.09449999999998226,0.0724999999999909,105.7372619047619,105.7285535714286,55569.1,,0.1074476783867964,0.1057789693543809,0.2132266477411773,2.0,5752.0,1.0,13817.0,-0.0017026841112329476,0.0850295503486147,,,0.8767,0.8987,0.484
20260123,105.88,105.865,105.93,105.85,147205.0,378.0,63159.0,2.0,0.0,6382.0,0.0,2.0,-1.0,27102.0,-13405.0,105.851,105.7725,105.75625,0.07850000000000534,0.09475000000000477,105.7488015873016,105.726682936508,56488.5,,0.1057457439871878,0.1038961038961033,0.2096418478832911,2.0,6382.0,1.0,13697.0,0.0025678475595258313,0.0708197460520591,,,0.863,0.9427,0.449
20260126,105.85,105.87,105.91,105.81,146300.0,-905.0,47329.0,2.0,0.0,6666.0,0.0,2.0,-1.0,25923.0,-12672.0,105.864,105.795,105.74925,0.06900000000000261,0.1147500000000008,105.7581150793651,105.7277107142857,54728.3,,0.1016723582920382,0.1038961038961033,0.2055684621881416,2.0,6666.0,1.0,13251.0,-0.00618591934381408,0.0802591572569296,,,0.863,0.9427,0.475
20260127,105.84,105.84,105.885,105.78,143904.0,-2396.0,52579.0,2.0,0.0,4860.0,0.0,2.0,-1.0,24417.0,-12996.0,105.857,105.8165,105.73875,0.04050000000000864,0.1182499999999891,105.767496031746,105.7314095238095,55534.6,,0.1002981929440042,0.1038961038961033,0.2041942968401076,2.0,4860.0,1.0,11421.0,-0.01664998888147654,0.0755500957886391,,,0.6438,0.692,0.46
20260128,105.87,105.84,105.88,105.8,140838.0,-3066.0,39214.0,2.0,0.0,6941.0,0.0,2.0,-1.0,23192.0,-13046.0,105.855,105.838,105.74025,0.0169999999999817,0.1147500000000008,105.778119047619,105.7375873015873,53397.4,,0.09791640640035577,0.1038961038961033,0.2018125102964591,2.0,6941.0,1.0,10146.0,-0.021769692838580497,0.0778836202466581,,,0.6301,0.6707,0.468
20260129,105.875,105.915,105.945,105.85,139222.0,-1616.0,61278.0,2.0,0.0,3941.0,0.0,2.0,-1.0,24023.0,-12444.0,105.863,105.8495,105.74325,0.0134999999999792,0.1197499999999962,105.7926309523809,105.7456849206349,52304.4,,0.09924653649842008,0.1038961038961033,0.2031426403945234,2.0,3941.0,1.0,11579.0,-0.011607360905603999,0.0755303700085273,,,0.6027,0.624,0.46
20260130,105.89,105.88,105.93,105.855,138897.0,-325.0,52879.0,2.0,0.0,4224.0,0.0,2.0,-1.0,23514.0,-12041.0,105.865,105.858,105.74975,0.007000000000019213,0.1152500000000174,105.8067698412698,105.755280952381,51263.6,,0.09787873162664346,0.1038961038961033,0.2017748355227468,2.0,4224.0,1.0,11473.0,-0.002339863351980244,0.0778849606372029,,,0.5479,0.6,0.47
20260202,105.86,105.895,105.915,105.83,130539.0,-8358.0,57350.0,2.0,0.0,5452.0,0.0,2.0,-1.0,22894.0,-11984.0,105.867,105.8655,105.7575,0.001500000000007162,0.109499999999997,105.8190912698413,105.7658777777778,52621.2,,0.09955050416424877,0.1038961038961033,0.2034466080603521,2.0,5452.0,1.0,10910.0,-0.0640268425528003,0.0826235554618248,,,0.4795,0.56,0.486
20260203,105.905,105.81,105.915,105.81,134147.0,3608.0,60771.0,2.0,0.0,4706.0,0.0,2.0,-1.0,20662.0,-10588.0,105.88,105.8685,105.77425,0.01149999999999807,0.1057499999999862,105.8304206349207,105.776794047619,53775.2,,0.09818410024900381,0.1038961038961033,0.2020802041451072,2.0,4706.0,1.0,10074.0,0.026895867965739076,0.0755187852754117,,,0.4384,0.42,0.46
20260204,105.85,105.875,105.905,105.815,122856.0,-11291.0,71875.0,2.0,0.0,4087.0,0.0,2.0,-1.0,20766.0,-11216.0,105.876,105.8655,105.79175,0.0105000000000075,0.08424999999999727,105.8383531746032,105.7877059523809,55522.5,86250.0,0.09244264507422528,0.1038961038961033,0.1963387489703286,2.0,4087.0,1.0,9550.0,-0.0919043432962167,0.0684550116409934,,,0.4384,0.3707,0.438
20260205,105.91,105.87,105.93,105.815,120984.0,-1872.0,63288.0,2.0,0.0,5117.0,0.0,2.0,-1.0,19943.0,-10946.0,105.883,105.873,105.80725,0.009999999999990905,0.07574999999999932,105.8488373015873,105.7988634920635,56972.2,,0.08906251581365934,0.1057707659161755,0.1948332817298348,2.0,5117.0,1.0,8997.0,-0.015473120412616545,0.0778702577963267,,,0.3836,0.2613,0.471
20260206,105.945,105.94,105.96,105.87,114531.0,-6453.0,61755.0,2.0,0.0,4861.0,0.0,2.0,-1.0,19159.0,-10810.0,105.894,105.8795,105.826,0.01449999999999818,0.06800000000001205,105.8613531746032,105.8101186507937,56831.8,,0.08837825894830079,0.1057707659161755,0.1941490248644763,2.0,4861.0,1.0,8349.0,-0.056342824213531706,0.058932108469108,,,0.274,0.184,0.416
20260209,106.025,105.94,106.035,105.92,106087.0,-8444.0,69532.0,2.0,0.0,4416.0,0.0,1.0,-1.0,17104.0,-11376.0,105.927,105.897,105.846,0.02999999999998693,0.08099999999998886,105.8782619047619,105.8221333333333,59052.1,,0.08870660375131297,0.1085120943825662,0.1972186981338792,2.0,4416.0,0.0,5728.0,-0.07959504934629125,0.068325421003883,,,0.2466,0.1933,0.438
20260210,106.015,106.035,106.04,105.985,92077.0,-14010.0,56131.0,2.0,0.0,4067.0,0.0,1.0,-1.0,16876.0,-11215.0,105.949,105.9145,105.8655,0.0344999999999942,0.0835000000000008,105.8952658730159,105.8349103174603,59407.3,,0.08633772891302348,0.1085120943825662,0.1948498232955897,2.0,4067.0,0.0,5661.0,-0.15215526135734223,0.0612557254661499,,,0.274,0.1933,0.421
20260211,106.05,106.05,106.09,106.015,87486.0,-4591.0,72124.0,2.0,0.0,3470.0,0.0,2.0,-1.0,19781.0,-12471.0,105.989,105.9325,105.88525,0.05649999999998556,0.1037499999999909,105.9133015873016,105.8484285714286,62698.3,,0.08632520999619156,0.1085120943825662,0.1948373043787578,2.0,3470.0,1.0,7310.0,-0.052476967743410374,0.0683033314336995,,,0.3151,0.1933,0.439
20260212,106.065,106.085,106.095,106.025,74846.0,-12640.0,63267.0,2.0,0.0,3275.0,-926.0,2.0,-1.0,20693.0,-12465.0,106.02,105.9515,105.9005,0.06850000000000023,0.1195000000000022,105.9314682539683,105.8623123015873,62897.2,,0.08462861188846621,0.1085120943825662,0.1931407062710324,2.0,2349.0,1.0,8228.0,-0.16888010047297117,0.0706296385334511,,,0.4932,0.4467,0.451
20260213,105.975,106.045,106.245,105.935,52705.0,-22141.0,79887.0,2.0,0.0,3684.0,0.0,2.0,-1.0,17323.0,-12143.0,106.026,105.96,105.909,0.0660000000000025,0.1170000000000044,105.9438333333333,105.8760186507937,65598.0,95864.4,0.09878124841966977,0.1085909623844891,0.2073722108041589,2.0,3684.0,1.0,5180.0,-0.42009297030642256,0.0305475570057981,,,0.4521,0.4093,0.289
20260224,106.175,106.125,106.24,106.08,154965.0,102260.0,90761.0,2.0,0.0,3467.0,0.0,2.0,-1.0,16473.0,-11462.0,106.056,105.9915,105.9285,0.06449999999999534,0.1275000000000119,105.9679206349206,105.8909015873016,68939.1,108913.2,0.1095448999265216,0.1087225665856825,0.2182674665122041,2.0,3467.0,1.0,5011.0,0.6598909431161876,-0.0096335284658024,,,0.3973,0.364,0.198
20260225,106.065,106.16,106.185,106.06,160813.0,5848.0,78619.0,2.0,0.0,5638.0,0.0,2.0,-1.0,18246.0,-8601.0,106.066,106.0075,105.938,0.05850000000000932,0.1280000000000001,105.9847063492064,105.9063301587302,70723.9,,0.1125636540723451,0.1087225665856825,0.2212862206580276,2.0,5638.0,1.0,9645.0,0.03636521922978864,-0.007207474295642,,,0.3425,0.3293,0.204
20260226,105.98,106.065,106.08,105.945,156813.0,-4000.0,65961.0,2.0,0.0,5966.0,0.0,2.0,-1.0,16794.0,-8752.0,106.052,106.0205,105.943,0.03149999999999409,0.1089999999999804,105.9911388888889,105.9216087301587,70132.5,,0.1152516327314652,0.1107503031593058,0.226001935890771,2.0,5966.0,1.0,8042.0,-0.025508089252804296,0.0329848867804046,,,0.3425,0.284,0.305
20260227,106.005,105.97,106.01,105.95,151524.0,-5289.0,62384.0,2.0,0.0,8041.0,0.0,2.0,-1.0,15714.0,-9436.0,106.04,106.03,105.9515,0.009999999999990905,0.08850000000001046,105.9952817460317,105.9362531746032,70042.1,,0.1142317995720534,0.1087102614283744,0.2229420610004278,2.0,8041.0,1.0,6278.0,-0.03490536152688683,0.0211665045244699,,,0.2877,0.2373,0.267
20260302,106.08,106.025,106.085,106.0,153907.0,2383.0,46442.0,2.0,0.0,6304.0,0.0,2.0,-1.0,19937.0,-9469.0,106.061,106.0435,105.9615,0.01750000000001251,0.09950000000000614,106.005623015873,105.9506801587302,68510.8,,0.1142148654521937,0.1085120943825662,0.2227269598347599,2.0,6304.0,1.0,10468.0,0.015483376324663595,0.0376713695776806,,,0.2603,0.2093,0.326
20260303,106.065,106.08,106.08,106.03,155337.0,1430.0,39092.0,2.0,0.0,4780.0,0.0,2.0,-1.0,21993.0,-9962.0,106.039,106.0475,105.97225,-0.008499999999997954,0.06674999999999898,106.0153968253968,105.9643936507937,65466.8,,0.1104968653252078,0.1085120943825662,0.2190089597077741,2.0,4780.0,1.0,12031.0,0.009205791279604988,0.03060143986569,,,0.2055,0.1093,0.293
20260304,106.145,106.08,106.17,106.055,161209.0,5872.0,60049.0,2.0,0.0,4789.0,0.0,2.0,-1.0,22043.0,-11437.0,106.055,106.0605,105.9875,-0.005500000000012051,0.06749999999999545,106.0296666666667,105.9778337301587,65858.6,,0.1121589760862238,0.1085120943825662,0.22067107046879,2.0,4789.0,1.0,10606.0,0.03642476536669789,0.030574073394979,,,0.1233,0.028,0.293
20260305,106.115,106.14,106.17,106.095,165944.0,4735.0,53320.0,2.0,0.0,4483.0,0.0,2.0,-1.0,21066.0,-11190.0,106.082,106.067,105.99975,0.01499999999998636,0.08225000000000193,106.0428293650793,105.9907865079365,63978.2,,0.1094493518914522,0.1083914109874588,0.217840762878911,2.0,4483.0,1.0,9876.0,0.028533722219543943,0.0541705015071615,,,0.1233,0.024,0.405
20260306,106.11,106.15,106.155,106.095,169205.0,3261.0,51537.0,2.0,0.0,4038.0,0.0,2.0,-1.0,16886.0,-9575.0,106.103,106.0715,106.0115,0.0315000000000083,0.09149999999999636,106.054630952381,106.0031027777778,62805.2,,0.1074168108992706,0.1083914109874588,0.2158082218867294,2.0,4038.0,1.0,7311.0,0.0192724801276558,0.0683248786603181,,,0.1096,0.02,0.449
20260309,105.98,106.05,106.075,105.965,169566.0,361.0,80258.0,2.0,0.0,4173.0,0.0,2.0,-1.0,18211.0,-8006.0,106.083,106.072,106.016,0.01099999999999568,0.06699999999999307,106.0541428571428,106.0141337301587,62842.3,96309.59999999999,0.1094405064569899,0.1085120943825662,0.2179526008395561,2.0,4173.0,1.0,10205.0,0.002128964532984207,0.068408132033118,,,0.1096,0.02,0.452
20260310,105.975,106.01,106.03,105.925,164243.0,-5323.0,69477.0,2.0,0.0,5099.0,0.0,2.0,-1.0,17593.0,-4053.0,106.065,106.052,106.02175,0.01300000000001944,0.04325000000001467,106.0506746031746,106.0224091269841,60713.9,,0.1128109456924738,0.1083914109874588,0.2212023566799326,2.0,5099.0,1.0,13540.0,-0.03240929598217276,0.0495288503869284,,,0.2329,0.1387,0.385
20260311,105.945,105.96,105.98,105.915,163997.0,-246.0,54976.0,2.0,0.0,4952.0,0.0,2.0,-1.0,19725.0,-1513.0,106.025,106.04,106.02375,-0.01500000000000057,0.001250000000013074,106.0437222222222,106.0283107142857,58349.6,,0.1121453781286198,0.1056746070830555,0.2178199852116753,2.0,4952.0,1.0,18212.0,-0.0015000274395263328,0.0896663844940143,,,0.2192,0.14,0.522
20260312,105.97,105.945,105.985,105.915,165092.0,1095.0,57220.0,2.0,-1.0,2655.0,0.0,3.0,0.0,22482.0,0.0,105.996,106.039,106.02975,-0.04299999999997794,-0.03374999999998352,106.0371031746032,106.0329071428572,57475.5,,0.112152554417564,0.1010822510822531,0.2132348054998171,1.0,2655.0,3.0,22482.0,0.006632665422915708,0.0920031657232968,,,0.2329,0.1413,0.527
20260313,105.965,105.96,105.985,105.935,168659.0,3567.0,52863.0,2.0,0.0,2759.0,-192.0,3.0,0.0,21993.0,0.0,105.967,106.035,106.0325,-0.06799999999998363,-0.0654999999999859,106.030511904762,106.0364301587302,56523.4,,0.09463988010036456,0.1010822510822531,0.1957221311826177,2.0,2567.0,3.0,21993.0,0.021149182670358535,0.1014431384873447,,,0.2329,0.148,0.543
20260316,105.885,105.955,105.955,105.83,171673.0,3014.0,73191.0,1.0,-1.0,2853.0,-419.0,3.0,0.0,24777.0,0.0,105.948,106.0155,106.0295,-0.06749999999999545,-0.08150000000000546,106.0175119047619,106.037619047619,59198.3,87829.2,0.08589994509140708,0.1056746070830555,0.1915745521744626,0.0,2434.0,3.0,24777.0,0.017556633832926553,0.0873736669636618,,,0.2466,0.1493,0.518
20260317,105.905,105.895,105.925,105.875,173197.0,1524.0,52422.0,1.0,-1.0,3047.0,-1051.0,2.0,-1.0,22701.0,-1063.0,105.934,105.9995,106.0235,-0.0654999999999859,-0.08949999999998681,106.0051825396825,106.0365976190476,60531.3,,0.08085572306914773,0.1056746070830555,0.1865303301522033,0.0,1996.0,1.0,21638.0,0.00879922862405238,0.0920826187747022,,,0.2466,0.1707,0.529
20260318,105.995,105.925,106.0,105.9,172424.0,-773.0,52638.0,1.0,0.0,3145.0,-864.0,2.0,-1.0,20637.0,-1037.0,105.944,105.9845,106.0225,-0.04049999999999443,-0.07849999999999113,105.9994126984127,106.0335722222222,59790.2,,0.07849663778349601,0.1010822510822531,0.1795788888657491,1.0,2281.0,1.0,19600.0,-0.004483134598431773,0.1014446212128959,,,0.1233,0.148,0.546
20260319,106.055,105.96,106.075,105.945,173405.0,981.0,68977.0,1.0,-1.0,3226.0,-1581.0,3.0,0.0,18757.0,-880.0,105.961,105.9785,106.02275,-0.01750000000002672,-0.06175000000001774,105.9993293650794,106.0292222222222,61355.9,,0.08321037063987664,0.1010822510822531,0.1842926217221298,0.0,1645.0,3.0,17877.0,0.005657276318445258,0.0966524194450531,,,0.137,0.148,0.54
20260320,105.985,106.03,106.06,105.93,173840.0,435.0,75412.0,1.0,-1.0,3179.0,-2997.0,3.0,0.0,19869.0,-902.0,105.965,105.966,106.01875,-0.001000000000004775,-0.05374999999999375,105.9968650793651,106.0234456349206,63743.4,,0.08624784801511945,0.1056746070830555,0.191922455098175,0.0,182.0,3.0,18967.0,0.0025023009664058905,0.1014506289343256,,,0.1781,0.2147,0.548
20260323,105.92,105.965,105.975,105.865,174533.0,693.0,108186.0,1.0,-1.0,2621.0,-3935.0,3.0,0.0,24875.0,0.0,105.972,105.96,106.016,0.01200000000001467,-0.04399999999998272,105.9871071428572,106.0167420634921,66536.2,129823.2,0.09097341554634551,0.1083914109874588,0.1993648265338043,0.0,-1314.0,3.0,24875.0,0.003970595818555803,0.0920461390916929,,,0.1918,0.248,0.529
20260324,105.915,105.95,105.95,105.875,173725.0,-808.0,66738.0,1.0,-1.0,2407.0,-3934.0,3.0,0.0,25997.0,0.0,105.974,105.954,106.003,0.02000000000001023,-0.02899999999999636,105.9788928571428,106.0095638888889,66262.3,,0.0882915914053866,0.1083914109874588,0.1966830023928454,0.0,-1527.0,3.0,25997.0,-0.004651028925025184,0.1085963901335098,,,0.2192,0.2747,0.561
20260325,105.905,105.91,105.935,105.875,172216.0,-1509.0,55274.0,1.0,-1.0,2594.0,-1501.0,3.0,0.0,26375.0,-986.0,105.956,105.95,105.995,0.005999999999986017,-0.03900000000001569,105.9696944444444,106.0021611111111,66292.1,,0.08729297409522023,0.1056746070830555,0.1929675811782758,0.0,1093.0,3.0,25389.0,-0.008762252055558136,0.0991585241682098,,,0.2877,0.2893,0.544
20260326,105.97,105.94,105.985,105.895,169664.0,-2552.0,54741.0,1.0,-1.0,2482.0,-2398.0,3.0,0.0,25537.0,-976.0,105.939,105.95,105.9945,-0.01100000000000989,-0.05550000000002342,105.9655595238095,105.9950067460317,66044.2,,0.08932363469667061,0.1010822510822531,0.1904058857789237,0.0,84.0,3.0,24561.0,-0.01504149377593361,0.1085551794045976,,,0.5753,0.608,0.562
20260327,106.0,105.97,106.005,105.955,174125.0,4461.0,69236.0,1.0,-1.0,2251.0,-2806.0,3.0,0.0,24568.0,-898.0,105.942,105.9535,105.99425,-0.01149999999999807,-0.0522500000000008,105.9648333333333,105.9884388888889,67681.5,,0.08291818065377304,0.09916981601510563,0.1820879966688787,0.0,-555.0,3.0,23670.0,0.025619526202440776,0.106154367443019,,,0.5205,0.6453,0.559
20260330,106.09,106.025,106.095,106.015,176111.0,1986.0,73645.0,1.0,-1.0,2421.0,-3590.0,2.0,-1.0,16458.0,-1003.0,105.976,105.974,105.99475,0.001999999999995339,-0.01874999999999716,105.9723412698413,105.9839218253968,67726.9,,0.08223767361754757,0.09916981601510563,0.1814074896326532,0.0,-1169.0,1.0,15455.0,0.011276978723645883,0.1107823931950634,,,0.4795,0.5733,0.571
20260331,106.105,106.08,106.13,106.065,178428.0,2317.0,60022.0,1.0,-1.0,2500.0,-4128.0,2.0,-1.0,14670.0,-2104.0,106.014,105.994,105.99675,0.02000000000001023,0.01725000000001842,105.9821944444444,105.981623015873,68486.9,,0.08222880502000107,0.09916981601510563,0.1813986210351067,0.0,-1628.0,1.0,12566.0,0.012985630058062636,0.113131115121119,,,0.4795,0.5733,0.573
20260401,105.975,106.075,106.115,105.965,177085.0,-1343.0,85227.0,1.0,-1.0,2911.0,-4006.0,1.0,-1.0,14181.0,-1704.0,106.028,105.992,105.98825,0.03599999999998715,0.03974999999999795,105.9843174603175,105.9801134920635,71745.8,,0.08762056252401121,0.09916981601510563,0.1867903785391168,0.0,-1095.0,0.0,12477.0,-0.007583928621848265,0.0943779325657697,,,0.5068,0.584,0.537
20260402,105.975,105.99,106.005,105.93,173580.0,-3505.0,82012.0,1.0,-1.0,3521.0,-3025.0,1.0,-1.0,15409.0,-3043.0,106.029,105.984,105.98125,0.04499999999998749,0.04774999999999352,105.9830634920635,105.9784869047619,73049.3,,0.08930497142240838,0.0991061672365739,0.1884111386589823,0.0,496.0,0.0,12366.0,-0.020192418481391864,0.101460204008662,,,0.5479,0.6053,0.552
20260403,106.0,106.025,106.045,105.955,170583.0,-2997.0,75297.0,2.0,0.0,3558.0,0.0,2.0,-1.0,16146.0,-423.0,106.029,105.9855,105.97575,0.04349999999999454,0.05324999999997715,105.9858174603174,105.9773821428571,73037.8,,0.08626528597279186,0.0991061672365739,0.1853714532093658,2.0,3558.0,1.0,15723.0,-0.017569159881113593,0.1108802653636263,,,0.5479,0.712,0.574
20260407,105.995,106.035,106.035,105.92,170340.0,-243.0,55586.0,2.0,0.0,4705.0,0.0,2.0,-1.0,14689.0,-503.0,106.01,105.993,105.9765,0.0169999999999817,0.03349999999997522,105.9873531746032,105.9774067460317,67777.8,,0.09064044720446561,0.0991061672365739,0.1897466144410395,2.0,4705.0,1.0,14186.0,-0.0014265586474110602,0.11325201165551,,,0.5342,0.688,0.577
20260408,105.97,105.99,105.99,105.94,173563.0,3223.0,56827.0,2.0,0.0,5509.0,0.0,2.0,-1.0,11989.0,-995.0,105.983,105.9985,105.97625,-0.01550000000000296,0.006749999999982492,105.987123015873,105.9782297619048,66786.7,,0.08760934319949303,0.09635080514393599,0.183960148343429,2.0,5509.0,1.0,10994.0,0.018569626014761212,0.1156482635700996,,,0.5616,0.6707,0.581
20260409,105.985,105.985,106.01,105.905,174285.0,722.0,77744.0,2.0,0.0,7434.0,0.0,1.0,-2.0,11525.0,-2382.0,105.985,106.0065,105.97825,-0.02150000000001739,0.006749999999982492,105.9870793650794,105.9799682539683,69033.7,,0.08592860175631264,0.09634706574791989,0.1822756675042325,2.0,7434.0,-1.0,9143.0,0.004142639928852167,0.108532678594363,,,0.6027,0.7707,0.565
20260410,105.925,105.985,105.995,105.91,178180.0,3895.0,79027.0,2.0,0.0,9521.0,0.0,3.0,-1.0,9762.0,-1859.0,105.975,106.002,105.976,-0.02700000000000102,-0.001000000000004775,105.9841349206349,105.9818257936508,71462.3,,0.0828991797699045,0.09449653108530642,0.1773957108552109,2.0,9521.0,2.0,7903.0,0.021859916937927937,0.0944259481512368,,,0.6164,0.8133,0.538
20260413,106.01,105.97,106.02,105.925,174126.0,-4054.0,72736.0,2.0,0.0,9614.0,0.0,3.0,-1.0,11836.0,-1903.0,105.977,106.003,105.97825,-0.02599999999999625,-0.001249999999998863,105.9859880952381,105.9839412698413,71812.3,,0.08120931110242471,0.09439576821599345,0.1756050793184182,2.0,9614.0,2.0,9933.0,-0.02328199120177343,0.1132325286390428,,,0.6849,0.8453,0.579
20260414,106.07,106.08,106.08,105.95,178823.0,4697.0,93971.0,2.0,0.0,11025.0,0.0,2.0,-1.0,11489.0,-4078.0,105.992,106.001,105.9875,-0.009000000000000341,0.004500000000007276,105.9930277777778,105.9860099206349,73844.9,112765.2,0.08490709075287595,0.09449653108530642,0.1794036218381824,2.0,11025.0,1.0,7411.0,0.026266196182817645,0.1084528044559558,,,0.7123,0.8467,0.566
20260415,106.135,106.04,106.165,106.035,185483.0,6660.0,96466.0,2.0,0.0,11104.0,0.0,2.0,-1.0,1213.0,-4288.0,106.025,106.004,105.999,0.02100000000001501,0.02600000000001046,106.0045,105.9882404761905,77489.3,115759.2,0.08961026273324767,0.09634706574791989,0.1859573284811676,2.0,11104.0,1.0,-3075.0,0.03590625555980872,0.1036736012514402,,,0.7671,0.852,0.556
20260416,106.165,106.17,106.21,106.13,191032.0,5549.0,79610.0,2.0,0.0,12099.0,0.0,1.0,-3.0,0.0,-9766.0,106.061,106.023,106.0075,0.0379999999999967,0.05349999999998545,106.0210634920635,105.9919150793651,76927.6,,0.08892481810832613,0.09634706574791989,0.185271883856246,2.0,12099.0,-2.0,-9766.0,0.029047489425855354,0.1036259691918542,,,0.7534,0.8933,0.556
20260417,106.22,106.18,106.23,106.165,197952.0,6920.0,62086.0,2.0,0.0,13120.0,0.0,1.0,-2.0,177.0,-14256.0,106.12,106.0475,106.01575,0.07250000000001933,0.1042500000000075,106.0406785714286,105.9976765873016,74935.0,,0.08992200024248588,0.09449653108530642,0.1844185313277923,2.0,13120.0,-1.0,-14079.0,0.03495796960879405,0.0988754114947978,,,0.8219,0.9093,0.546
20260420,106.2,106.205,106.25,106.17,198781.0,829.0,56564.0,2.0,0.0,15042.0,0.0,1.0,-2.0,1346.0,-15157.0,106.158,106.0675,106.0265,0.09050000000002001,0.1315000000000026,106.0590595238095,106.0050007936508,73061.7,,0.08890505344406008,0.09439576821599345,0.1833008216600535,2.0,15042.0,-1.0,-13811.0,0.00417041870198862,0.0988905959990597,,,0.8904,0.92,0.547
20260421,106.215,106.225,106.235,106.19,202884.0,4103.0,52549.0,2.0,0.0,15087.0,0.0,1.0,-2.0,1323.0,-17325.0,106.187,106.0895,106.04125,0.09749999999998238,0.1457499999999925,106.0770793650794,106.0139734126984,72758.0,,0.08755152070256707,0.09157470115233708,0.1791262218549041,2.0,15087.0,-1.0,-16002.0,0.020223378876599436,0.0870915067379732,,,0.9315,0.936,0.517
20260422,106.27,106.225,106.28,106.225,208261.0,5377.0,53058.0,2.0,0.0,14531.0,0.0,1.0,-2.0,1435.0,-19056.0,106.214,106.1195,106.059,0.09449999999999648,0.1549999999999869,106.0979365079365,106.0250547619048,72381.1,,0.08181074447777498,0.08972591100214837,0.1715366554799234,2.0,14531.0,-1.0,-17621.0,0.025818564205492146,0.0941255421183421,,,0.7945,0.8427,0.538
20260423,106.24,106.26,106.285,106.225,207339.0,-922.0,72314.0,2.0,0.0,12887.0,0.0,2.0,-1.0,2386.0,-14042.0,106.229,106.145,106.07575,0.08399999999998897,0.1532499999999999,106.1160634920635,106.0379531746032,71838.1,,0.08078632018311681,0.08965819884197082,0.1704445190250876,2.0,12887.0,1.0,-11656.0,-0.004446823800635674,0.0847177379792079,,,0.8082,0.8427,0.51
20260424,106.26,106.275,106.325,106.24,211209.0,3870.0,73216.0,2.0,0.0,12431.0,0.0,2.0,-1.0,3304.0,-11917.0,106.237,106.1785,106.09025,0.0584999999999809,0.1467499999999973,106.135,106.0530396825397,71257.0,,0.0804356313019144,0.08965819884197082,0.1700938301438852,2.0,12431.0,1.0,-8613.0,0.018323082823175147,0.0799995671527868,,,0.8219,0.8947,0.499
20260427,106.1,106.235,106.255,106.09,207501.0,-3708.0,94604.0,2.0,0.0,10047.0,0.0,2.0,-1.0,6166.0,-11833.0,106.217,106.1875,106.09525,0.02950000000001296,0.1217500000000058,106.1403968253968,106.0684805555556,73443.8,113524.8,0.08413174357990857,0.08972591100214837,0.1738576545820569,2.0,10047.0,1.0,-5667.0,-0.01786979339858603,0.0754102392000286,,,0.8493,0.8093,0.477
20260428,106.185,106.18,106.23,106.15,207740.0,239.0,85891.0,2.0,0.0,11027.0,0.0,2.0,-1.0,5879.0,-7312.0,106.211,106.199,106.1,0.01199999999998624,0.11099999999999,106.1492182539683,106.0840996031746,72635.8,,0.0891667451782683,0.09157470115233708,0.1807414463306054,2.0,11027.0,1.0,-1433.0,0.0011504765572350052,0.0847687265865985,,,0.863,0.7947,0.513
20260429,106.245,106.2,106.255,106.175,204078.0,-3662.0,69795.0,2.0,0.0,14724.0,0.0,2.0,-1.0,2796.0,-6813.0,106.206,106.21,106.107,-0.004000000000004889,0.09899999999998954,106.1617658730159,106.0998261904762,69968.7,,0.08746904941328625,0.08965989375041586,0.1771289431637021,2.0,14724.0,1.0,-4017.0,-0.017944119405325414,0.0964915459144581,,,0.8767,0.7947,0.549
20260430,106.22,106.225,106.27,106.18,205791.0,1713.0,69386.0,2.0,0.0,14634.0,0.0,2.0,-1.0,3212.0,-6420.0,106.202,106.2155,106.11925,-0.01349999999999341,0.08275000000000432,106.1724484126984,106.1149646825397,68946.3,,0.08778804400838237,0.08957364175694968,0.1773616857653321,2.0,14634.0,1.0,-3208.0,0.008323979182763095,0.1035723052765173,,,0.8767,0.8213,0.565
20260506,106.17,106.17,106.18,106.08,201640.0,-4151.0,81397.0,2.0,0.0,15259.0,0.0,2.0,-1.0,4416.0,-8026.0,106.184,106.2105,106.129,-0.02649999999999864,0.05500000000000682,106.1757658730159,106.1284734126984,70877.4,,0.09080544429086052,0.08965989375041586,0.1804653380412764,2.0,15259.0,1.0,-3610.0,-0.02058619321563182,0.1106948982758156,,,0.863,0.808,0.588
20260507,106.175,106.175,106.21,106.13,201306.0,-334.0,50774.0,2.0,0.0,15599.0,0.0,2.0,-1.0,4355.0,-8931.0,106.199,106.208,106.13775,-0.009000000000000341,0.06124999999998693,106.1803055555555,106.140598015873,70298.4,,0.08743610438525767,0.08957364175694968,0.1770097461422074,2.0,15599.0,1.0,-4576.0,-0.0016591656483164934,0.115395560567247,,,0.863,0.792,0.598
20260508,106.205,106.19,106.24,106.185,202004.0,698.0,67113.0,2.0,0.0,15401.0,0.0,2.0,-1.0,4221.0,-9280.0,106.203,106.207,106.14825,-0.003999999999990678,0.05475000000001273,106.1869523809524,106.1515853174603,71754.8,,0.08306038860155893,0.08957364175694968,0.1726340303585086,2.0,15401.0,1.0,-5059.0,0.0034553771212451237,0.1224261089288413,,,0.8767,0.792,0.604
20260511,106.235,106.21,106.26,106.14,200493.0,-1511.0,83493.0,2.0,0.0,13964.0,0.0,2.0,-1.0,5147.0,-7881.0,106.201,106.2035,106.1615,-0.002500000000011937,0.03949999999998965,106.1937420634921,106.1611658730159,74798.3,,0.08574656677471894,0.09150614153793703,0.177252708312656,2.0,13964.0,1.0,-2734.0,-0.00753642271800013,0.1341801014510158,,,0.8904,0.792,0.606
20260512,106.265,106.225,106.285,106.205,193468.0,-7025.0,85079.0,2.0,0.0,12993.0,0.0,2.0,-1.0,4212.0,-6863.0,106.21,106.206,106.1755,0.004000000000004889,0.03450000000000841,106.202753968254,106.1698349206349,76074.8,,0.08675272447267501,0.08957364175694968,0.1763263662296247,2.0,12993.0,1.0,-2651.0,-0.036310914466475074,0.1529702006613477,,,0.8904,0.772,0.616
20260513,106.34,106.265,106.355,106.265,197743.0,4275.0,75620.0,2.0,0.0,11434.0,0.0,2.0,-2.0,3717.0,-8641.0,106.244,106.214,106.19625,0.02999999999998693,0.04774999999999352,106.2161785714286,106.1779527777778,76315.2,,0.08741699588131537,0.08957364175694968,0.1769906376382651,2.0,11434.0,0.0,-4924.0,0.021618970077322587,0.1811096183164583,,,0.9863,0.8987,0.628
20260514,106.33,106.325,106.36,106.3,193320.0,-4423.0,72726.0,2.0,0.0,10683.0,0.0,2.0,-1.0,5421.0,-8431.0,106.275,106.237,106.21225,0.0379999999999967,0.0627500000000083,106.2292341269841,106.1868365079365,74127.4,,0.08841881606196794,0.08678848739006068,0.1752073034520286,2.0,10683.0,1.0,-3010.0,-0.0228791640802814,0.1787741535733788,,,0.9863,0.8947,0.627
20260515,106.375,106.325,106.425,106.325,195876.0,2556.0,89060.0,2.0,0.0,9391.0,0.0,1.0,-2.0,3869.0,-10441.0,106.309,106.256,106.2275,0.05299999999999727,0.08149999999999125,106.2443650793651,106.1963511904762,74444.3,,0.09076576046579701,0.08957364175694968,0.1803394022227467,2.0,9391.0,-1.0,-6572.0,0.013049071861790112,0.1904899184617807,,,0.9726,0.884,0.638
20260518,106.465,106.35,106.475,106.33,186230.0,-9646.0,103337.0,2.0,0.0,8818.0,0.0,2.0,-2.0,3839.0,-11068.0,106.355,106.278,106.244,0.07699999999999818,0.11099999999999,106.2634920634921,106.2065238095238,77798.5,124004.4,0.09646604865653396,0.08957364175694968,0.1860396904134836,2.0,8818.0,0.0,-7229.0,-0.05179616603125168,0.204445813649515,,,0.9589,0.8653,0.657
20260519,106.525,106.455,106.555,106.455,172861.0,-13369.0,86258.0,2.0,0.0,7834.0,0.0,1.0,-2.0,3915.0,-12991.0,106.407,106.3085,106.262,0.09849999999998715,0.1450000000000102,106.2890158730158,106.2181805555555,79485.7,,0.09745704328773035,0.09131838332681139,0.1887754266145417,2.0,7834.0,-1.0,-9076.0,-0.07733959655445705,0.1855284198184316,,,0.9178,0.8493,0.634
20260520,106.565,106.525,106.595,106.5,166624.0,-6237.0,76061.0,2.0,0.0,5858.0,0.0,2.0,-1.0,4502.0,-13403.0,106.452,106.348,106.27925,0.1039999999999992,0.1727499999999935,106.317376984127,106.2323416666667,78952.1,,0.09238728750923873,0.09131838332681139,0.1837056708360501,2.0,5858.0,1.0,-8901.0,-0.03743158248511619,0.1925165600308399,,,0.9041,0.828,0.648
20260521,106.495,106.565,106.605,106.465,154990.0,-11634.0,93308.0,2.0,0.0,6428.0,0.0,2.0,-1.0,4131.0,-13577.0,106.485,106.38,106.294,0.1049999999999898,0.1909999999999741,106.3407380952381,106.2483849206349,83205.5,,0.09303981566696387,0.0939276265949966,0.1869674422619605,2.0,6428.0,1.0,-9446.0,-0.07506290728434092,0.2020171181789884,,,0.9041,0.8253,0.656
20260522,106.455,106.495,106.495,106.425,124416.0,-30574.0,109050.0,2.0,0.0,6875.0,0.0,1.0,-2.0,2531.0,-16486.0,106.501,106.405,106.306,0.09600000000000364,0.1950000000000074,106.357123015873,106.265401984127,87399.2,130860.0,0.0923550194113459,0.09131838332681139,0.1836734027381573,2.0,6875.0,-1.0,-13955.0,-0.2457400977366255,0.1762398129484753,,,0.8082,0.7587,0.627
20260525,106.465,106.46,106.47,106.375,84256.0,-40160.0,104586.0,2.0,0.0,6569.0,0.0,1.0,-2.0,3689.0,-14266.0,106.501,106.428,106.31575,0.0730000000000075,0.1852499999999964,106.3714325396825,106.283171031746,89508.5,,0.09267560516162891,0.08957364175694968,0.1822492469185786,2.0,6569.0,-1.0,-10577.0,-0.47664261298898597,0.1550650766872799,,,0.9178,0.896,0.618
20260526,106.465,106.44,106.49,106.435,51496.0,-32760.0,87116.0,2.0,0.0,6829.0,0.0,1.0,-2.0,3490.0,-17828.0,106.489,106.448,106.327,0.04099999999999682,0.1620000000000061,106.3853968253968,106.3014353174603,89712.2,,0.08695009937154224,0.08935736619269283,0.1763074655642351,2.0,6829.0,-1.0,-14338.0,-0.6361659157992854,0.140955037481116,,,0.9452,0.9507,0.609
20260527,106.3,106.265,106.305,106.24,207847.0,156351.0,103500.0,2.0,0.0,7231.0,0.0,1.0,-2.0,3816.0,-20785.0,106.436,106.444,106.329,-0.008000000000009777,0.1069999999999993,106.3825198412698,106.3180694444444,92500.2,,0.09667771075237495,0.08935736619269283,0.1860350769450678,2.0,7231.0,-1.0,-16969.0,0.7522408309958768,0.1478896617728781,,,0.9315,0.9613,0.612
20260528,106.365,106.315,106.37,106.285,212986.0,5139.0,87915.0,2.0,0.0,7363.0,0.0,1.0,-2.0,4175.0,-26236.0,106.41,106.4475,106.34225,-0.03750000000002274,0.06774999999998954,106.3837420634921,106.3335202380952,94019.1,,0.09800992854002277,0.08935736619269283,0.1873672947327156,2.0,7363.0,-1.0,-22061.0,0.02412834646408684,0.1875805786544686,,,0.9452,0.964,0.643
20260529,106.425,106.33,106.44,106.3,215931.0,2945.0,94814.0,2.0,0.0,7796.0,0.0,1.0,-2.0,4334.0,-22812.0,106.404,106.4525,106.35425,-0.04850000000001842,0.04974999999998886,106.3892301587302,106.3480067460318,94594.5,,0.09933985978313156,0.08957364175694968,0.1889135015400812,2.0,7796.0,-1.0,-18478.0,0.013638616039382951,0.1804954420252899,,,0.9589,0.92,0.633
20260601,106.415,106.455,106.475,106.39,215427.0,-504.0,81315.0,2.0,0.0,9047.0,0.0,1.0,-2.0,4296.0,-22404.0,106.394,106.4475,106.36275,-0.05349999999998545,0.03125,106.3974682539683,106.3614043650794,92392.3,,0.09966543287348623,0.08957364175694968,0.1892390746304359,2.0,9047.0,-1.0,-18108.0,-0.002339539612026348,0.1851573169308467,,,0.9589,0.92,0.639
20260602,106.46,106.415,106.465,106.39,220682.0,5255.0,62714.0,2.0,0.0,8826.0,0.0,1.0,-2.0,4400.0,-22727.0,106.393,106.441,106.37475,-0.04800000000001603,0.01824999999999477,106.4061706349207,106.3731198412698,90037.9,,0.09865076622117322,0.08935736619269283,0.188008132413866,2.0,8826.0,-1.0,-18327.0,0.023812544747645933,0.1687326249132706,,,0.9589,0.92,0.625
20260603,106.405,106.435,106.46,106.37,223911.0,3229.0,71744.0,2.0,0.0,8854.0,0.0,1.0,-2.0,4451.0,-22844.0,106.414,106.425,106.3865,-0.01099999999998147,0.02750000000001762,106.4104484126984,106.382426984127,89606.2,,0.1006589807942665,0.08935736619269283,0.1900163469869593,2.0,8854.0,-1.0,-18393.0,0.014420908307318533,0.175790362554582,,,0.9589,0.892,0.631
20260604,106.47,106.4,106.475,106.355,228114.0,4203.0,71521.0,2.0,0.0,9200.0,0.0,1.0,-2.0,4221.0,-23646.0,106.435,106.4225,106.40125,0.01250000000000284,0.03374999999998352,106.4163650793651,106.3899896825397,87427.5,,0.1019945983123918,0.08957364175694968,0.1915682400693414,2.0,9200.0,-1.0,-19425.0,0.018424998027302138,0.1711008087331884,,,0.9589,0.8787,0.626
20260605,106.425,106.47,106.47,106.36,229883.0,1769.0,106748.0,2.0,0.0,8385.0,0.0,1.0,-2.0,4811.0,-21963.0,106.435,106.4195,106.41225,0.01549999999998875,0.02274999999998784,106.4201349206349,106.3962908730159,87197.3,128097.6,0.09964871312242696,0.08957364175694968,0.1892223548793766,2.0,8385.0,-1.0,-17152.0,0.007695218872208906,0.1852064456654648,,,0.8904,0.8787,0.643
20260608,106.36,106.375,106.405,106.29,226287.0,-3596.0,107563.0,2.0,0.0,7431.0,0.0,1.0,-2.0,4586.0,-21963.0,106.424,106.409,106.4185,0.01500000000001478,0.005500000000012051,106.4159206349206,106.4007396825397,87495.0,129075.6,0.1020086304670238,0.08957364175694968,0.1915822722239735,2.0,7431.0,-1.0,-17377.0,-0.01589132384980136,0.2157522423925032,,,0.9041,0.8853,0.678
20260609,106.295,106.325,106.33,106.26,228880.0,2593.0,80843.0,2.0,0.0,7437.0,0.0,1.0,-2.0,4791.0,-23567.0,106.391,106.392,106.42,-0.001000000000004775,-0.02899999999999636,106.4054166666666,106.4027416666667,86867.7,,0.1023627332527841,0.09131838332681139,0.1936811165795955,2.0,7437.0,-1.0,-18776.0,0.01132908074099965,0.2135319294595401,,,0.9041,0.8853,0.677
20260610,106.165,106.3,106.355,106.155,217257.0,-11623.0,93714.0,2.0,0.0,7352.0,0.0,1.0,-2.0,4205.0,-23810.0,106.343,106.3785,106.41125,-0.03549999999999898,-0.06824999999999193,106.3872420634921,106.4032138888889,85889.1,,0.1064136907759122,0.0939276265949966,0.2003413173709088,2.0,7352.0,-1.0,-19605.0,-0.05349885159051262,0.2488504110055681,,,0.9178,0.872,0.722
20260611,106.095,106.135,106.195,106.075,207297.0,-9960.0,91066.0,2.0,0.0,8599.0,0.0,1.0,-2.0,3925.0,-24444.0,106.268,106.3515,106.3995,-0.083500000000015,-0.1314999999999884,106.3594007936508,106.4007797619048,86204.2,,0.1097971271430561,0.09403535125428336,0.2038324783973395,2.0,8599.0,-1.0,-20519.0,-0.048047005021780345,0.2840817062138136,,,0.8767,0.736,0.75
20260612,106.115,106.125,106.14,106.045,201357.0,-5940.0,84541.0,2.0,0.0,8467.0,0.0,1.0,-2.0,3595.0,-23111.0,106.206,106.3205,106.3865,-0.1145000000000209,-0.1805000000000092,106.3320476190476,106.3950615079365,85176.9,,0.109822939896287,0.0939276265949966,0.2037505664912836,2.0,8467.0,-1.0,-19516.0,-0.02949984356143566,0.2255801847385513,,,0.863,0.736,0.689
20260615,106.115,106.12,106.165,106.065,199664.0,-1693.0,75733.0,2.0,0.0,9172.0,0.0,1.0,-2.0,3315.0,-25984.0,106.157,106.2905,106.369,-0.133499999999998,-0.2120000000000033,106.3065436507936,106.3859690476191,84618.7,,0.1128721252880576,0.09403535125428336,0.206907476542341,2.0,9172.0,-1.0,-22669.0,-0.00847924513182146,0.0636297864262979,,,0.8904,0.844,0.437
20260616,106.25,106.1,106.27,106.1,199513.0,-151.0,86247.0,2.0,0.0,11940.0,0.0,1.0,-2.0,3252.0,-31609.0,106.148,106.2695,106.35525,-0.1214999999999975,-0.2072500000000019,106.291126984127,106.3744646825397,86972.0,,0.1091805745921666,0.09403535125428336,0.20321592584645,2.0,11940.0,-1.0,-28357.0,-0.0007568429124919178,0.0776769803626076,,,0.9178,0.8813,0.489
20260617,106.265,106.25,106.29,106.21,202253.0,2740.0,69607.0,2.0,0.0,12434.0,0.0,1.0,-2.0,3449.0,-36057.0,106.168,106.2555,106.34025,-0.08750000000000568,-0.1722500000000053,106.2825158730159,106.3616714285714,86758.3,,0.1088519479123255,0.0939276265949966,0.2027795745073221,2.0,12434.0,-1.0,-32608.0,0.013547388666669963,0.068246713202189,,,0.6849,0.6853,0.449
20260618,106.32,106.28,106.325,106.265,203869.0,1616.0,59950.0,2.0,0.0,13381.0,0.0,1.0,-2.0,3605.0,-39010.0,106.213,106.2405,106.3315,-0.02750000000000341,-0.1185000000000116,106.2795753968254,106.3479924603175,85601.2,,0.1034838440888199,0.09131838332681139,0.1948022274156313,2.0,13381.0,-1.0,-35405.0,0.007926658785788913,0.0870393555955982,,,0.6027,0.604,0.524
20260622,106.32,106.32,106.355,106.24,204137.0,268.0,64924.0,2.0,0.0,12671.0,0.0,1.0,-2.0,2130.0,-39539.0,106.254,106.23,106.32475,0.02400000000000091,-0.07075000000000387,106.2780515873016,106.3337841269841,81418.8,,0.1055064983938815,0.09131838332681139,0.1968248817206929,2.0,12671.0,-1.0,-37409.0,0.0013128438254701499,0.0635070615418743,,,0.5753,0.5547,0.437
20260623,106.255,106.31,106.32,106.235,204268.0,131.0,59728.0,2.0,0.0,12306.0,0.0,1.0,-3.0,1976.0,-41086.0,106.282,106.2195,106.31425,0.0625,-0.03224999999999056,106.2734523809524,106.3195373015873,76635.3,,0.1061931438211374,0.09131838332681139,0.1975115271479488,2.0,12306.0,-2.0,-39110.0,0.0006413143517339966,0.0659005262728286,,,0.5068,0.4653,0.443
20260624,106.305,106.275,106.335,106.255,207458.0,3190.0,64270.0,2.0,0.0,11484.0,0.0,1.0,-2.0,3247.0,-41740.0,106.293,106.2205,106.30625,0.07250000000001933,-0.01324999999999932,106.2730753968254,106.3063031746032,74978.0,,0.1055281279511743,0.09131838332681139,0.1968465112779857,2.0,11484.0,-1.0,-38493.0,0.015376606349236955,0.0705738576561666,,,0.3562,0.1947,0.467
20260625,106.335,106.35,106.41,106.32,207335.0,-123.0,81851.0,2.0,0.0,10887.0,0.0,1.0,-2.0,3528.0,-41328.0,106.307,106.2375,106.308,0.06949999999999079,-0.001000000000004775,106.2763214285714,106.2952111111111,73791.7,,0.1045293825035958,0.0939276265949966,0.1984570090985924,2.0,10887.0,-1.0,-37800.0,-0.0005932428195914824,0.0658503785207131,,,0.3562,0.3307,0.443
20260626,106.415,106.365,106.43,106.335,210366.0,3031.0,68843.0,2.0,0.0,10640.0,0.0,1.0,-2.0,3934.0,-40408.0,106.326,106.2695,106.3105,0.05649999999999977,0.01549999999998875,106.2850476190476,106.2877757936508,71569.4,,0.1035217563743189,0.0939276265949966,0.1974493829693155,2.0,10640.0,-1.0,-36474.0,0.014408221860947111,0.063449687499421,,,0.3288,0.188,0.437
20260629,106.515,106.435,106.54,106.435,213997.0,3631.0,76371.0,2.0,0.0,9743.0,0.0,1.0,-2.0,4436.0,-41932.0,106.365,106.3095,106.315,0.05550000000000921,0.04999999999999716,106.3027222222222,106.2848432539683,70752.4,,0.1028388219913774,0.09403535125428336,0.1968741732456607,2.0,9743.0,-1.0,-37496.0,0.016967527582162367,0.0680886840175404,,,0.3425,0.2507,0.453
20260630,106.445,106.53,106.535,106.435,214132.0,135.0,76116.0,2.0,0.0,9401.0,0.0,1.0,-2.0,4460.0,-42121.0,106.403,106.3425,106.3165,0.06049999999999045,0.08650000000000091,106.3180674603175,106.2859956349206,70790.7,,0.10282845458242,0.09403535125428336,0.1968638058367034,2.0,9401.0,-1.0,-37661.0,0.0006304522444099901,0.0681328152366354,,,0.3836,0.2867,0.454
20260701,106.29,106.43,106.43,106.275,207151.0,-6981.0,101037.0,2.0,0.0,10066.0,0.0,1.0,-2.0,4316.0,-43623.0,106.4,106.3465,106.308,0.05350000000001387,0.09200000000001296,106.320119047619,106.2888948412698,72269.7,121244.4,0.1008037418348969,0.09403535125428336,0.1948390930891803,2.0,10066.0,-1.0,-39307.0,-0.03370005454957978,0.0682326463488255,,,0.4247,0.3987,0.455
20260702,106.335,106.305,106.36,106.285,205190.0,-1961.0,51216.0,2.0,0.0,10269.0,0.0,1.0,-2.0,3763.0,-45146.0,106.4,106.3535,106.3045,0.04649999999999466,0.09550000000000125,106.3214246031746,106.2927857142857,70430.6,,0.09776386163893976,0.09403535125428336,0.1917992128932231,2.0,10269.0,-1.0,-41383.0,-0.009556995954968566,0.0540889876599659,,,0.5068,0.5187,0.406
20260703,106.34,106.325,106.37,106.31,205127.0,-63.0,61665.0,2.0,0.0,9313.0,0.0,1.0,-2.0,3704.0,-44546.0,106.385,106.3555,106.298,0.02950000000001296,0.08699999999998909,106.3246984126984,106.297298015873,70602.1,,0.09539773128071562,0.09403535125428336,0.189433082534999,2.0,9313.0,-1.0,-40842.0,-0.0003071268043699757,0.0587887899634138,,,0.5205,0.5467,0.427
20260706,106.42,106.375,106.44,106.345,209382.0,4255.0,50250.0,2.0,-1.0,8728.0,0.0,1.0,-2.0,3846.0,-43410.0,106.366,106.3655,106.29775,0.0005000000000165983,0.06825000000002035,106.3348373015873,106.3029765873016,69134.7,,0.09537818794876457,0.09398319983940001,0.1893613877881646,1.0,8728.0,-1.0,-39564.0,0.020321708647352686,0.0587465707678908,,,0.5753,0.5747,0.427
20260707,106.43,106.4,106.44,106.38,216189.0,6807.0,64947.0,2.0,0.0,8621.0,0.0,1.0,-2.0,4081.0,-43101.0,106.363,106.383,106.30125,-0.02000000000001023,0.0617499999999751,106.3461825396826,106.3102496031746,69656.6,,0.08797909992679619,0.09398319983940001,0.1819622997661962,2.0,8621.0,-1.0,-39020.0,0.031486338342838906,0.0681424208966937,,,0.6301,0.664,0.458
20260708,106.49,106.45,106.495,106.4,224094.0,7905.0,66021.0,2.0,0.0,9200.0,0.0,1.0,-2.0,4628.0,-42623.0,106.403,106.4015,106.311,0.001500000000007162,0.09199999999999875,106.3622579365079,106.3191678571429,69831.7,,0.08897304955966659,0.09395405771049115,0.1829271072701577,2.0,9200.0,-1.0,-37995.0,0.035275375512061904,0.0798505942611927,,,0.6849,0.6853,0.514
20260709,106.44,106.49,106.49,106.435,224898.0,804.0,51616.0,2.0,0.0,9057.0,0.0,1.0,-2.0,4785.0,-43096.0,106.424,106.412,106.32475,0.01200000000000045,0.09925000000001205,106.3762380952381,106.3291595238095,66808.2,,0.0886301604407322,0.09395405771049115,0.1825842181512233,2.0,9057.0,-1.0,-38311.0,0.003574953979137209,0.0634354420028565,,,0.7534,0.8027,0.44
20260710,106.44,106.445,106.475,106.43,229069.0,4171.0,57750.0,2.0,-1.0,9199.0,-1360.0,1.0,-2.0,4900.0,-42936.0,106.444,106.4145,106.342,0.02949999999999875,0.1020000000000181,106.387496031746,106.3394043650794,65698.9,,0.08392331423238415,0.09395405771049115,0.1778773719428753,1.0,7839.0,-1.0,-38036.0,0.018208487398993316,0.0751869906658502,,,0.7808,0.8053,0.492
20260713,106.42,106.44,106.485,106.41,230531.0,1462.0,67710.0,1.0,-1.0,9217.0,-1553.0,1.0,-2.0,4888.0,-41567.0,106.444,106.405,106.35725,0.03900000000000148,0.08675000000000921,106.3963928571429,106.3487714285714,64832.8,,0.08324270619352361,0.09390289835586083,0.1771456045493844,0.0,7664.0,-1.0,-36679.0,0.00634188026772972,0.0634433938584581,,,0.4384,0.5987,0.441
20260714,106.455,106.4,106.485,106.395,235852.0,5321.0,69509.0,1.0,-1.0,9622.0,-1583.0,1.0,-2.0,2897.0,-41159.0,106.449,106.406,106.37425,0.04300000000000637,0.07474999999999454,106.4042182539682,106.3573865079365,64172.1,,0.08390556931606702,0.09126517978534722,0.1751707491014142,0.0,8039.0,-1.0,-38262.0,0.022560758441734646,0.0822274757157366,,,0.4384,0.5987,0.527
20260715,106.45,106.455,106.485,106.445,237554.0,1702.0,55370.0,2.0,-1.0,9527.0,-1861.0,1.0,-2.0,3405.0,-41004.0,106.441,106.422,106.38425,0.01899999999999125,0.05674999999999386,106.4124682539682,106.3666214285714,59605.4,,0.07953634005309054,0.09126517978534722,0.1708015198384378,1.0,7666.0,-1.0,-37599.0,0.007164686765956372,0.0728304083859881,,,0.4658,0.5987,0.489
20260716,106.405,106.45,106.455,106.385,229729.0,-7825.0,62104.0,2.0,0.0,9658.0,0.0,1.0,-2.0,3188.0,-41062.0,106.434,106.429,106.39125,0.005000000000009663,0.04275000000002649,106.4157380952381,106.3760527777778,60694.2,,0.07785888077858667,0.09126517978534722,0.1691240605639339,2.0,9658.0,-1.0,-37874.0,-0.034061872902419806,0.0728614401366301,,,0.4658,0.5987,0.49
20260717,106.43,106.405,106.47,106.38,230771.0,1042.0,56545.0,2.0,-1.0,8949.0,-1023.0,1.0,-2.0,2629.0,-39520.0,106.432,106.438,106.39675,-0.006000000000028649,0.03524999999999068,106.4190396825397,106.3854869047619,60182.2,,0.07551399861725286,0.09126517978534722,0.1667791784026001,1.0,7926.0,-1.0,-36891.0,0.004515298716043177,0.0634407423974671,,,0.4658,0.6053,0.441
20260720,106.385,106.4,106.435,106.365,227645.0,-3126.0,50039.0,1.0,-1.0,9018.0,-743.0,1.0,-2.0,3000.0,-40287.0,106.425,106.4345,106.4,-0.009500000000002728,0.02499999999999147,106.4187976190476,106.3938829365079,60161.1,,0.07350325226718832,0.09126517978534722,0.1647684320525356,0.0,8275.0,-1.0,-37287.0,-0.01373190713611105,0.0634689088440617,,,0.589,0.6253,0.444
20260721,106.445,106.39,106.45,106.39,232344.0,4699.0,59242.0,2.0,-1.0,9438.0,-882.0,1.0,-2.0,2628.0,-39885.0,106.423,106.436,106.4095,-0.01299999999999102,0.01349999999999341,106.4209642857143,106.4013611111111,59590.6,,0.0664480815633418,0.09126517978534722,0.157713261348689,1.0,8556.0,-1.0,-37257.0,0.020224322556209758,0.0775346266577725,,,0.6164,0.688,0.509
20260722,106.545,106.44,106.55,106.425,243142.0,10798.0,85544.0,1.0,-1.0,9312.0,-2860.0,1.0,-2.0,3260.0,-41129.0,106.442,106.4415,106.4215,0.0005000000000165983,0.02050000000001262,106.4302777777778,106.4081630952381,61542.9,102652.8,0.06979420775185421,0.09390289835586083,0.163697106107715,0.0,6452.0,-1.0,-37869.0,0.04441026231584835,0.0774598471420952,,,0.6849,0.648,0.509
20260723,106.435,106.565,106.595,106.43,228519.0,-14623.0,100308.0,1.0,-1.0,8838.0,-1906.0,1.0,-2.0,4899.0,-39666.0,106.448,106.441,106.4265,0.007000000000005002,0.02150000000001739,106.436257936508,106.4141650793651,66412.1,120369.6,0.0768358397251345,0.09395405771049115,0.1707898974356256,0.0,6932.0,-1.0,-34767.0,-0.06399030277569917,0.0704893964052225,,,0.7397,0.68,0.48
20260724,106.46,106.43,106.47,106.375,223347.0,-5172.0,70201.0,2.0,-1.0,9582.0,-800.0,1.0,-2.0,4561.0,-40856.0,106.454,106.443,106.42875,0.01099999999998147,0.02524999999999977,106.4375436507937,106.4191698412698,67657.2,,0.07649825865805857,0.09390289835586083,0.1704011570139194,1.0,8782.0,-1.0,-36295.0,-0.02315679189780924,0.0704710737150971,,,0.7671,0.7093,0.48
20260727,106.415,106.44,106.47,106.395,217278.0,-6069.0,66720.0,2.0,-1.0,9288.0,0.0,1.0,-2.0,4309.0,-40250.0,106.46,106.4425,106.42375,0.01750000000001251,0.03625000000000966,106.4377261904762,106.4233031746032,67558.2,,0.07750559483027528,0.09126517978534722,0.1687707746156225,1.0,9288.0,-1.0,-35941.0,-0.027931958136580785,0.0657990926108219,,,0.8082,0.76,0.451
20260728,106.37,106.41,106.435,106.36,210807.0,-6471.0,48656.0,2.0,0.0,9665.0,0.0,1.0,-2.0,4230.0,-40206.0,106.445,106.434,106.42,0.01100000000000989,0.02500000000000568,106.434507936508,106.4263321428571,65472.9,,0.07616964019072549,0.09126517978534722,0.1674348199760727,2.0,9665.0,-1.0,-35976.0,-0.0306963241258592,0.0705307182321475,,,0.8767,0.9067,0.483
20260729,106.395,106.385,106.435,106.365,208019.0,-2788.0,52611.0,2.0,0.0,9326.0,0.0,1.0,-2.0,2688.0,-40532.0,106.415,106.4285,106.42525,-0.01350000000000762,-0.0102499999999992,106.4313928571429,106.4282246031746,65197.0,,0.07717861816717597,0.09126517978534722,0.1684437979525232,2.0,9326.0,-1.0,-37844.0,-0.013402621875886337,0.0634607349620614,,,0.863,0.8427,0.444
20260730,106.505,106.4,106.505,106.395,214257.0,6238.0,75642.0,1.0,-1.0,8853.0,-1387.0,1.0,-2.0,2630.0,-40895.0,106.429,106.4385,106.43375,-0.009500000000002728,-0.004749999999987153,106.4355753968254,106.4302083333333,66550.8,,0.08153733101136608,0.09126517978534722,0.1728025107967133,0.0,7466.0,-1.0,-38265.0,0.029114568018781182,0.0774889491227209,,,0.863,0.8573,0.515
20260731,106.545,106.49,106.55,106.485,221689.0,7432.0,67406.0,1.0,-1.0,9009.0,-4544.0,1.0,-2.0,3823.0,-42431.0,106.446,106.45,106.444,-0.004000000000004889,0.001999999999995339,106.4443888888889,106.4327432539683,67636.9,,0.08085945887910756,0.09126517978534722,0.1721246386644548,0.0,4465.0,-1.0,-38608.0,0.033524441898335054,0.058677626181167,,,0.863,0.8573,0.427
20260803,106.47,106.545,106.58,106.45,214437.0,-7252.0,70647.0,1.0,-1.0,8364.0,-3628.0,1.0,-2.0,5516.0,-44387.0,106.457,106.4585,106.4465,-0.001500000000007162,0.0105000000000075,106.4500238095238,106.4358658730159,69697.7,,0.08354274939523804,0.09390289835586083,0.1774456477510989,0.0,4736.0,-1.0,-38871.0,-0.03381879060050271,0.0446234350720199,,,0.863,0.8573,0.368
20260804,106.535,106.465,106.54,106.445,218301.0,3864.0,62658.0,1.0,-1.0,9146.0,-3581.0,1.0,-2.0,5725.0,-47178.0,106.49,106.4675,106.45175,0.02250000000000796,0.03824999999999079,106.4559087301588,106.4393603174603,70039.3,,0.0872284176765041,0.09126517978534722,0.1784935974618513,0.0,5565.0,-1.0,-41453.0,0.01770033119408523,0.0422484536651931,,,0.9041,0.86,0.356
20260805,106.52,106.53,106.56,106.48,215162.0,-3139.0,57124.0,1.0,-1.0,8950.0,-1984.0,1.0,-2.0,5710.0,-48093.0,106.515,106.465,106.45325,0.05000000000001137,0.06175000000001774,106.4630277777778,106.4426353174603,67197.3,,0.08789262339352859,0.09126517978534722,0.1791578031788758,0.0,6966.0,-1.0,-42383.0,-0.014589007352599437,0.0422544042761977,,,0.8767,0.86,0.357
20260806,106.5,106.545,106.545,106.47,211560.0,-3602.0,49105.0,1.0,-1.0,8505.0,-1678.0,1.0,-2.0,5734.0,-48462.0,106.514,106.4715,106.45625,0.04250000000001819,0.05775000000001285,106.4684682539683,106.4458563492064,62077.0,,0.08688213884369708,0.09126517978534722,0.1781473186290443,0.0,6827.0,-1.0,-42728.0,-0.017025902817167708,0.0422623410322304,,,0.863,0.836,0.358
20260807,106.535,106.495,106.56,106.48,213362.0,1802.0,56261.0,1.0,-1.0,8456.0,-3793.0,1.0,-2.0,5667.0,-48326.0,106.512,106.479,106.461,0.03299999999998704,0.05100000000000193,106.4749404761905,106.449596031746,60683.0,,0.08754423331712191,0.09126517978534722,0.1788094131024691,0.0,4663.0,-1.0,-42659.0,0.008445740103673568,0.0422484544929257,,,0.863,0.8173,0.357
20260810,106.565,106.535,106.57,106.495,212638.0,-724.0,63362.0,1.0,-1.0,7722.0,-4434.0,1.0,-2.0,6059.0,-46271.0,106.531,106.494,106.46825,0.03699999999999193,0.0627500000000083,106.4833928571428,106.4541626984127,60347.2,,0.08820796957328121,0.08937408318163176,0.177582052754913,0.0,3288.0,-1.0,-40212.0,-0.0034048476753919805,0.0657091969923702,,,0.7534,0.6133,0.458
20260811,106.5,106.555,106.555,106.495,207487.0,-5151.0,66795.0,1.0,-1.0,7423.0,-4732.0,1.0,-2.0,6153.0,-46550.0,106.524,106.507,106.4705,0.01700000000001012,0.05350000000001387,106.4883412698413,106.459546031746,62161.1,,0.08452121415394874,0.08925048766032917,0.1737717018142779,0.0,2691.0,-1.0,-40397.0,-0.024825651727578113,0.0563537959716924,,,0.7534,0.592,0.419
20260812,106.505,106.49,106.55,106.475,199376.0,-8111.0,67163.0,1.0,-1.0,7734.0,-4452.0,1.0,-2.0,5488.0,-46673.0,106.521,106.518,106.47325,0.003000000000014325,0.04774999999999352,106.4920198412699,106.4656087301587,63616.3,,0.07848029943252718,0.08923287907563082,0.167713178508158,0.0,3282.0,-1.0,-41185.0,-0.04068192761415617,0.0493053667143156,,,0.7671,0.56,0.39
20260813,106.56,106.515,106.575,106.515,194101.0,-5275.0,77611.0,1.0,-1.0,7761.0,-5848.0,1.0,-2.0,5720.0,-45672.0,106.533,106.5235,106.481,0.009500000000002728,0.0519999999999925,106.4990436507936,106.4719555555556,63813.2,93133.2,0.07679821854962106,0.08923287907563082,0.1660310976252519,0.0,1913.0,-1.0,-39952.0,-0.027176573021262126,0.0492799120413207,,,0.7534,0.5227,0.39
20260814,106.615,106.55,106.63,106.55,193581.0,-520.0,71903.0,1.0,-1.0,7486.0,-6473.0,1.0,-2.0,4692.0,-45003.0,106.549,106.5305,106.49025,0.01850000000000307,0.05875000000001762,106.5104484126984,106.4785615079365,64262.9,,0.07712323622511977,0.08921863378746656,0.1663418700125863,0.0,1013.0,-1.0,-40311.0,-0.002686214039600994,0.0586393100485296,,,0.7397,0.504,0.435
20260817,106.62,106.6,106.63,106.59,182902.0,-10679.0,61765.0,1.0,-1.0,8403.0,-6492.0,1.0,-2.0,6124.0,-44897.0,106.56,106.5455,106.502,0.01449999999999818,0.05799999999999272,106.5222023809524,106.4857793650794,63374.7,,0.07476347251185117,0.08921863378746656,0.1639821062993177,0.0,1911.0,-1.0,-38773.0,-0.0583864583219429,0.0492523938451767,,,0.726,0.4867,0.39
20260818,106.65,106.635,106.71,106.62,175756.0,-7146.0,77326.0,1.0,-1.0,8002.0,-7023.0,1.0,-2.0,5061.0,-44500.0,106.59,106.557,106.51225,0.03300000000001546,0.07775000000000887,106.5367341269842,106.4938619047619,64841.5,,0.07609151093605811,0.08918764523003192,0.16527915616609,0.0,979.0,-1.0,-39439.0,-0.04065864038781038,0.046893320280172,,,0.6301,0.4213,0.382
20260819,106.63,106.635,106.685,106.625,158368.0,-17388.0,86313.0,1.0,-1.0,7631.0,-7839.0,1.0,-2.0,5156.0,-45094.0,106.615,106.568,106.5165,0.04699999999999704,0.09850000000001558,106.5496507936508,106.5025242063492,67760.4,103575.6,0.07273336685101255,0.08918764523003192,0.1619210120810445,0.0,-208.0,-1.0,-39938.0,-0.1097949080622348,0.0422108061740374,,,0.6301,0.416,0.356
20260820,106.595,106.62,106.625,106.565,131857.0,-26511.0,133658.0,1.0,-1.0,8348.0,-9613.0,1.0,-2.0,5537.0,-44494.0,106.622,106.5775,106.5245,0.04449999999998511,0.0975000000000108,106.5576944444445,106.5114468253968,76215.7,160389.6,0.07273092907896365,0.08641852381218348,0.1591494528911471,0.0,-1265.0,-1.0,-38957.0,-0.2010587227071752,0.0375312642796208,,,0.6575,0.4173,0.328
20260821,106.555,106.58,106.61,106.545,94484.0,-37373.0,115624.0,1.0,-1.0,8079.0,-7689.0,1.0,-2.0,6022.0,-46201.0,106.61,106.5795,106.52925,0.03050000000000352,0.08074999999998056,106.5619126984127,106.5201440476191,82152.0,138748.8,0.06836988105651454,0.08641852381218348,0.154788404868698,0.0,390.0,-1.0,-40179.0,-0.3955484526480674,0.0211134338279584,,,0.6301,0.4173,0.267
20260824,106.61,106.545,106.62,106.54,60757.0,-33727.0,105453.0,1.0,-1.0,7605.0,-6977.0,1.0,-2.0,4096.0,-44438.0,106.608,106.584,106.539,0.02400000000000091,0.06900000000000261,106.5678928571429,106.5285940476191,86361.1,126543.6,0.06736105525617087,0.08457057056200333,0.1519316258181742,0.0,628.0,-1.0,-40342.0,-0.5551129910956762,0.011721020353915,,,0.6575,0.4227,0.24
20260825,106.56,106.595,106.625,106.555,40830.0,-19927.0,55777.0,1.0,-1.0,7562.0,-4915.0,1.0,-2.0,6120.0,-45494.0,106.59,106.59,106.5485,0.0,0.04149999999998499,106.5714880952381,106.5369087301588,85259.3,,0.0666890080428929,0.08457057056200333,0.1512595786048962,0.0,2647.0,-1.0,-39374.0,-0.48804800391868725,0.0117249776046185,,,0.8493,0.6027,0.241
20260826,106.505,106.58,106.585,106.495,209722.0,168892.0,90829.0,1.0,-1.0,6812.0,-1337.0,1.0,-2.0,3592.0,-46063.0,106.565,106.59,106.554,-0.02499999999999147,0.01100000000000989,106.5696547619048,106.5446722222222,87625.9,,0.06769414311613889,0.08457057056200333,0.1522647136781422,0.0,5475.0,-1.0,-42471.0,0.80531370099465,-0.0023562373731938,,,0.8493,0.5333,0.212
20260827,106.395,106.525,106.54,106.39,204463.0,-5259.0,93797.0,2.0,0.0,7191.0,0.0,1.0,-2.0,5319.0,-47124.0,106.525,106.5735,106.5485,-0.04850000000000421,-0.02349999999998431,106.5590793650793,106.5506757936508,89244.5,,0.07239260925083407,0.08640660294992179,0.1587992122007559,2.0,7191.0,-1.0,-41805.0,-0.025721035101705442,0.0164476996183422,,,0.8493,0.5333,0.254
20260828,106.41,106.38,106.435,106.35,201998.0,-2465.0,70147.0,2.0,0.0,7483.0,0.0,1.0,-2.0,4986.0,-47707.0,106.496,106.553,106.54175,-0.05699999999998795,-0.04574999999999818,106.5450873015873,106.5541396825397,89068.9,,0.07307050297980003,0.08455070805724059,0.1576212110370406,2.0,7483.0,-1.0,-42721.0,-0.012203091119714057,0.0164457123722979,,,0.8767,0.5333,0.254
20260831,106.425,106.41,106.435,106.365,199919.0,-2079.0,62602.0,2.0,0.0,7892.0,0.0,1.0,-2.0,2890.0,-46128.0,106.459,106.5335,106.5395,-0.07450000000001467,-0.08050000000001489,106.5325238095238,106.5551718253968,89152.6,,0.0730741769937008,0.08451895080315908,0.1575931277968599,2.0,7892.0,-1.0,-43238.0,-0.010399211680730696,0.0258380278086893,,,0.8767,0.5333,0.288
20260901,106.475,106.43,106.485,106.41,199135.0,-784.0,53733.0,2.0,0.0,7823.0,0.0,1.0,-2.0,4836.0,-45839.0,106.442,106.516,106.5365,-0.07399999999998386,-0.09449999999999648,106.524753968254,106.5539738095238,86793.3,,0.07307564670271212,0.08443414138159731,0.1575097880843094,2.0,7823.0,-1.0,-41003.0,-0.003937027644562734,0.037560450172108,,,0.8767,0.5333,0.336
20260902,106.45,106.46,106.47,106.425,200788.0,1653.0,49496.0,2.0,0.0,8216.0,0.0,1.0,-2.0,5331.0,-45805.0,106.431,106.498,106.533,-0.06700000000000728,-0.1019999999999897,106.5166309523809,106.5506718253968,83111.6,,0.07174009969862312,0.08175301554435896,0.1534931152429821,2.0,8216.0,-1.0,-40474.0,0.008232563699025839,0.0539973387624337,,,0.8767,0.5347,0.425
20260903,106.5,106.47,106.515,106.425,203259.0,2471.0,56661.0,2.0,0.0,8692.0,0.0,1.0,-2.0,3561.0,-45222.0,106.452,106.4885,106.533,-0.03650000000000375,-0.08099999999998886,106.5118650793651,106.5460888888889,75411.9,,0.0724161514838595,0.08175301554435896,0.1541691670282185,2.0,8692.0,-1.0,-41661.0,0.0121569032613562,0.030511033535893,,,0.8493,0.5027,0.299
20260904,106.43,106.485,106.51,106.425,204268.0,1009.0,65003.0,2.0,0.0,10095.0,0.0,1.0,-2.0,5525.0,-44363.0,106.456,106.476,106.52775,-0.02000000000001023,-0.07175000000000864,106.5041031746032,106.540307936508,70349.8,,0.07544310248861649,0.07992632052062255,0.1553694230092391,2.0,10095.0,-1.0,-38838.0,0.004939589167172538,0.0258368140408321,,,0.7123,0.3773,0.288
