,收盘价,开盘价,最高价,最低价,持仓量,持仓量变动,成交量,家人多头席位数,家人空头席位数,家人多头持仓量,家人空头持仓量,机构多头席位数,机构空头席位数,机构多头持仓量,机构空头持仓量,ma5,ma10,ma20,diff5_10,diff5_20,DKX,MADKX,成交量MA10,成交量放大信号,IV上涨信号,ATRMA14,ATR60D60pct,推荐止损宽度,家人净多头席位,家人净多头持仓量,机构净多头席位,机构净多头持仓量,持仓量变幅,CB_index,IV,IV_pct,趋势横截面分位数,趋势历史分位数,CB_index历史分位数
20240506,112894.5156,112719.9844,113203.5625,111415.1719,281666.0,4905.0,127555.0,4.0,-1.0,12029.0,-1719.0,1.0,-2.0,10616.0,-28912.0,112218.10782,110691.01173,111421.997665,1527.096090000006,796.1101550000021,111292.0555827777,110955.5529799048,182243.0,,,3.169786247337343,3.815194453113962,6.984980700451305,3.0,10310.0,-1.0,-18296.0,0.01741424240057373,-0.3106088336252017,,,0.6849,0.6612,0.3016
20240507,114308.0547,113244.1172,115497.8281,113003.9141,287478.0,5812.0,164516.0,5.0,-1.0,14542.0,-1272.0,1.0,-2.0,11005.0,-29451.0,113084.84844,111247.98282,111584.48751,1836.865619999997,1500.360930000024,111534.0430088095,110971.2201623968,184166.7,,,3.171462441794401,3.815194453113962,6.986656894908363,4.0,13270.0,-1.0,-18446.0,0.020217199229158406,-0.3625701006786531,,,0.6986,0.6967,0.2632
20240508,112537.7656,114366.6953,114660.1406,111923.0391,289713.0,2235.0,128730.0,3.0,-1.0,12535.0,-1700.0,1.0,-2.0,10105.0,-30811.0,113525.52812,111703.47969,111618.371495,1822.04843000001,1907.156625000003,111666.2079869048,111029.6827892778,178665.7,,,3.207233037076377,3.815194453113962,7.022427490190339,2.0,10835.0,-1.0,-20706.0,0.00771453127750567,-0.3613770203572707,,,0.7123,0.6992,0.2723
20240509,112271.5625,112942.0313,113874.1563,110831.2734,293436.0,3723.0,149845.0,3.0,-1.0,12413.0,-1836.0,1.0,-2.0,9347.0,-31729.0,112781.82344,112034.71563,111557.09845,747.1078100000013,1224.724989999988,111734.4107833334,111115.5793665476,178283.2,,,3.048319426705179,3.815194453113962,6.86351387981914,2.0,10577.0,-1.0,-22382.0,0.01268760479286795,-0.3270473915080159,,,0.6575,0.7016,0.2917
20240510,109126.2969,112387.5156,112985.8828,107879.8438,298243.0,4807.0,227145.0,4.0,-1.0,15473.0,-1552.0,1.0,-2.0,9375.0,-33480.0,112227.63906,111999.22657,111307.92423,228.4124899999879,919.7148300000263,111577.4545092063,111198.5562540159,185327.1,272574.0,,3.262075371443151,3.944259329688538,7.20633470113169,3.0,13921.0,-1.0,-24105.0,0.0161177295024527,-0.4947728190459,,,0.6575,0.704,0.1969
20240513,107895.6875,108654.1094,109276.3438,106870.3906,302623.0,4380.0,147177.0,5.0,-1.0,15895.0,-1737.0,1.0,-2.0,9477.0,-34395.0,111227.87344,111722.99063,110905.066025,-495.1171899999899,322.8074150000029,111267.0813753175,111253.8105409445,180507.7,,,3.197363468527831,3.944259329688538,7.141622798216369,4.0,14158.0,-1.0,-24918.0,0.014473453769211197,-0.4729596874167144,,,0.726,0.7222,0.2113
20240514,106047.1484,107774.8594,109637.6563,105139.2578,302378.0,-245.0,246187.0,3.0,-1.0,13230.0,-2150.0,1.0,-2.0,8434.0,-37979.0,109575.69218,111330.27031,110576.755865,-1754.578130000024,-1001.063685000016,110848.1554873016,111269.2411673889,187872.6,295424.4,,3.21882497830379,4.015333458234137,7.234158436537927,2.0,11080.0,-1.0,-29545.0,-0.0008102441315175046,-0.7484894966779603,,,0.7671,0.8268,0.0308
20240515,103977.3125,105987.7188,106735.3281,102760.6172,303976.0,1598.0,211536.0,3.0,-1.0,13021.0,-3023.0,1.0,-2.0,9314.0,-39144.0,107863.60156,110694.56484,110159.49063,-2830.963279999996,-2295.889070000005,110248.2960005556,111229.5442958254,198361.8,,,3.318123943831099,3.944259329688538,7.262383273519638,2.0,9998.0,-1.0,-29830.0,0.005256993973208411,-0.614026124019928,,,0.7945,0.8828,0.1276
20240516,105101.4297,104640.2891,105796.8828,104199.125,298301.0,-5675.0,114509.0,3.0,-1.0,12976.0,-3443.0,1.0,-2.0,10035.0,-39748.0,106429.575,109605.69922,109814.89571,-3176.124219999998,-3385.32071,109744.1861607143,111107.1639540555,178118.9,,,3.242453092759478,3.944259329688538,7.186712422448016,2.0,9533.0,-1.0,-29713.0,-0.01902440823195363,-0.6406072541028356,,,0.8082,0.7597,0.0914
20240517,107480.7344,105646.9922,108253.0313,105621.5625,285986.0,-12315.0,164003.0,3.0,-1.0,11516.0,-4267.0,1.0,-2.0,8659.0,-35553.0,106100.4625,109164.05078,109767.580085,-3063.588280000011,-3667.117585,109440.0977322222,110935.1988627143,168120.3,,,3.263158379388424,3.944259329688538,7.207417709076962,2.0,7249.0,-1.0,-26894.0,-0.04306154846740749,-0.599407872317597,,,0.8082,0.7846,0.1717
20240520,107052.0625,108269.6797,109409.5313,106618.5469,285093.0,-893.0,144655.0,3.0,-1.0,12050.0,-3423.0,1.0,-2.0,8144.0,-35980.0,105931.7375,108579.80547,109635.4086,-2648.067969999989,-3703.671099999992,109216.6946883334,110727.6627732698,169830.3,,,3.193566293571563,3.944259329688538,7.137825623260101,2.0,8627.0,-1.0,-27836.0,-0.0031323112107277274,-0.6816931747373663,,,0.8493,0.8244,0.0452
20240521,107807.9844,107357.9375,110264.5078,106947.6875,282785.0,-2308.0,216645.0,3.0,-1.0,11572.0,-3488.0,1.0,-2.0,6533.0,-33184.0,106283.9047,107929.79844,109588.89063,-1645.89374,-3304.985929999995,109046.101341746,110478.8686065635,175043.2,259974.0,,3.298115954840044,3.944259329688538,7.242375284528583,2.0,8084.0,-1.0,-26651.0,-0.008161677599589794,-0.693739911453761,,,0.6301,0.5379,0.035
20240522,107635.2969,108119.7891,109003.9375,107030.9219,286518.0,3733.0,107426.0,3.0,-1.0,12080.0,-3085.0,1.0,-2.0,6237.0,-34943.0,107015.50158,107439.55157,109571.51563,-424.0499900000141,-2556.014050000013,108857.8748178571,110198.0352896587,172912.8,,0.398705,2.970615203517022,3.859454062662297,6.830069266179319,2.0,8995.0,-1.0,-28706.0,0.013028849845384933,-0.6668869828115112,,,0.6301,0.5338,0.0647
20240523,107428.9219,106777.2813,107705.1875,105125.3359,282825.0,-3693.0,147474.0,2.0,-1.0,8634.0,-3163.0,1.0,-2.0,5224.0,-34148.0,107481.00002,106955.28751,109495.00157,525.7125099999976,-2014.001550000001,108597.4840011905,109884.3426114445,172675.7,,,2.746424840256728,3.859454062662297,6.605878902919025,1.0,5471.0,-1.0,-28924.0,-0.01305754441792628,-0.7200320409716947,,,0.6575,0.5373,0.0347
20240524,108651.1484,107531.8828,109009.5781,107072.6328,284945.0,2120.0,149784.0,3.0,-1.0,10957.0,-5101.0,1.0,-2.0,4585.0,-32718.0,107715.08282,106907.77266,109453.499615,807.3101599999645,-1738.416795000026,108464.881560873,109573.0853166111,164939.6,,,2.76389612812912,3.763498522742951,6.527394650872071,2.0,5856.0,-1.0,-28133.0,0.007440032286932566,-0.6312864718307173,,,0.6849,0.5407,0.1182
20240527,107436.1875,108772.9219,109543.9141,106820.7188,291216.0,6271.0,123486.0,3.0,-1.0,11636.0,-5103.0,1.0,-2.0,3740.0,-34977.0,107791.90782,106861.82266,109292.406645,930.0851599999733,-1500.498825000017,108312.9226829365,109277.669447373,162570.5,,,2.784407509903289,3.647894509292779,6.432302019196069,2.0,6533.0,-1.0,-31237.0,0.021533844294269546,-0.6918875355277913,,,0.6986,0.5441,0.0441
20240528,106423.6328,108379.4531,108905.6172,106150.5938,292720.0,1504.0,138938.0,2.0,-1.0,9221.0,-4470.0,1.0,-2.0,3167.0,-33654.0,107515.0375,106899.4711,109114.870705,615.5664000000106,-1599.833204999974,108092.9872471429,109002.1526233572,151845.6,,,2.796915642867562,3.46718768115663,6.264103324024192,1.0,4751.0,-1.0,-30487.0,0.005138015851325499,-0.7035908076223203,,,0.726,0.5547,0.039
20240529,106527.7969,106412.9922,107192.3359,105250.8125,290462.0,-2258.0,115465.0,2.0,-1.0,9346.0,-4921.0,1.0,-2.0,4157.0,-33483.0,107293.5375,107154.51954,108924.54219,139.0179599999974,-1631.004689999987,107801.3689869841,108757.459922,142238.5,,,2.734142623460852,3.278698727114607,6.012841350575458,1.0,4425.0,-1.0,-29326.0,-0.007773822393290689,-0.7040641298050088,,,0.8904,0.7391,0.0388
20240530,107337.3828,107290.6484,109021.0938,106379.2578,290321.0,-141.0,163722.0,2.0,-1.0,9201.0,-5930.0,1.0,-2.0,3940.0,-31900.0,107275.22968,107378.11485,108491.907035,-102.8851699999941,-1216.677354999993,107669.6047369841,108550.001779627,147159.8,,,2.572779239083463,3.182044846324669,5.754824085408131,1.0,3271.0,-1.0,-27960.0,-0.00048566931086624804,-0.6770749325731675,,,0.8767,0.7194,0.0773
20240531,106421.9844,107475.5938,108498.1484,105813.7344,290748.0,427.0,127926.0,3.0,-1.0,11759.0,-5141.0,1.0,-2.0,3782.0,-32417.0,106829.39688,107272.23985,108218.145315,-442.842970000027,-1388.748435000016,107488.5216407143,108354.8441704762,143552.1,,0.39284,2.59393685205228,3.152531546886782,5.746468398939061,2.0,6618.0,-1.0,-28635.0,0.0014686257515098987,-0.7414908208331786,,,0.8356,0.6929,0.0337
20240603,104269.5625,105666.1094,105956.3984,102639.0859,294706.0,3958.0,178597.0,2.0,-1.0,9351.0,-4235.0,1.0,-2.0,3006.0,-31631.0,106196.07188,106993.98985,107786.89766,-797.9179700000241,-1590.825779999999,107107.2162819048,108143.8963298333,146946.3,214316.4,0.40457,2.549118138252997,3.152531546886782,5.701649685139779,1.0,5116.0,-1.0,-28625.0,0.013430333959946522,-0.757902866714147,,,0.7808,0.6879,0.0287
20240604,103436.5469,104093.2734,104755.9531,103043.2578,298695.0,3989.0,102601.0,2.0,-1.0,9923.0,-3748.0,1.0,-2.0,3733.0,-31249.0,105598.6547,106556.8461,107243.32227,-958.1913999999961,-1644.667570000005,106709.2629332539,107910.2124889841,135541.9,,,2.398534429230121,3.140774093848186,5.539308523078306,1.0,6175.0,-1.0,-27516.0,0.013354759872110347,-0.8355495400591224,,,0.726,0.7465,0.0095
20240605,101608.8828,103345.4141,103854.1484,101057.5547,302933.0,4238.0,158386.0,3.0,-1.0,12019.0,-2424.0,1.0,-2.0,3087.0,-28205.0,104614.87188,105954.20469,106696.87813,-1339.332809999978,-2082.006249999977,106202.8494834127,107644.7099555397,140637.9,,,2.469751645185938,3.100974330720143,5.570725975906081,2.0,9595.0,-1.0,-25118.0,0.013989892154370768,-0.8578129264062064,,,0.726,0.7413,0.0095
20240606,102809.5703,101879.9375,102942.0469,101174.7578,296589.0,-6344.0,123616.0,3.0,-1.0,11304.0,-2816.0,1.0,-2.0,3369.0,-28265.0,103709.30938,105492.26953,106223.77852,-1782.960149999999,-2514.469140000001,105779.0137930159,107362.8629347222,138252.1,,,2.384291905487489,2.999800291721123,5.384092197208612,2.0,8488.0,-1.0,-24896.0,-0.021389869482684794,-0.7833903142909495,,,0.7123,0.7222,0.0236
20240607,101827.6797,103441.6328,103870.6719,101606.9844,296229.0,-360.0,115901.0,2.0,-1.0,9540.0,-4413.0,1.0,-2.0,4320.0,-26963.0,102790.44844,104809.92266,105858.84766,-2019.474220000018,-3068.399220000007,105393.3998614286,107055.7147647778,134863.8,,,2.357073318144908,2.999800291721123,5.356873609866031,1.0,5127.0,-1.0,-22643.0,-0.0012152760195659439,-0.6557436182811185,,,0.6986,0.5931,0.1127
20240611,99049.9766,101469.8828,101962.4609,98723.5313,301070.0,4841.0,144329.0,2.0,-1.0,9732.0,-4393.0,1.0,-2.0,4551.0,-25085.0,101746.53126,103971.30157,105416.562115,-2224.770309999993,-3670.030855000005,104802.7348081746,106704.6959773016,136948.1,,,2.365812529602009,2.999800291721123,5.365612821323133,1.0,5339.0,-1.0,-20534.0,0.016079317102335004,-0.4573314969848184,,,0.7123,0.5753,0.285
20240612,100865.5469,99350.4609,100887.5547,97317.0781,299277.0,-1793.0,216374.0,3.0,-1.0,11642.0,-3898.0,1.0,-2.0,4828.0,-24411.0,101232.33126,103415.49298,105157.48204,-2183.161720000018,-3925.150780000011,104272.3341692063,106322.6306695079,144691.7,259648.8,,2.485860805795114,2.999800291721123,5.485661097516237,2.0,7744.0,-1.0,-19583.0,-0.005991105230271621,-1.0001275716650115,,,0.863,0.8707,0.0047
20240613,100030.1641,100550.0938,101453.6797,98506.1719,293681.0,-5596.0,186720.0,2.0,-1.0,8715.0,-4156.0,1.0,-2.0,4698.0,-22788.0,100916.58752,102765.7297,104960.12462,-1849.142179999995,-4043.537100000016,103764.3383074603,105918.9276015556,151817.2,224064.0,,2.523725878299079,2.998611332411603,5.522337210710683,1.0,4559.0,-1.0,-18090.0,-0.019054688590681726,-0.7880558492104346,,,0.8767,0.7703,0.0278
20240614,99251.9531,99809.8281,100492.4063,98847.2109,293689.0,8.0,119723.0,2.0,-1.0,8407.0,-3606.0,1.0,-2.0,4606.0,-23899.0,100205.06408,101957.18673,104667.65079,-1752.122650000005,-4462.586710000003,103223.9748938095,105474.3646172381,147417.3,,,2.519957475485926,2.939446844381705,5.45940431986763,1.0,4801.0,-1.0,-19293.0,2.7239699137523026e-05,-0.7602837254766229,,,0.863,0.7315,0.0507
20240617,98102.375,98850.9219,99204.7656,97956.2266,295014.0,1325.0,131025.0,3.0,-1.0,10068.0,-3485.0,1.0,-2.0,4065.0,-23187.0,99460.00314,101125.22579,104198.73282,-1665.222650000011,-4738.729680000004,102619.5965890476,104987.4721120714,147727.2,,,2.437044309519765,2.933214921191509,5.370259230711274,2.0,6583.0,-1.0,-19122.0,0.004491312276705513,-0.6946586929442458,,,0.8493,0.6933,0.0826
20240618,95730.8984,98704.2109,99118.2891,95696.0859,307187.0,12173.0,204462.0,3.0,-1.0,12419.0,-1600.0,1.0,-2.0,4986.0,-25881.0,98796.1875,100271.35938,103632.674615,-1475.171880000009,-4836.487114999996,101897.6838070635,104466.5188645873,150313.7,245354.4,,2.502047165808912,2.933214921191509,5.435262087000421,2.0,10819.0,-1.0,-20895.0,0.03962732797937413,-0.9561034667757836,,,0.8219,0.6159,0.0091
20240619,96592.625,96291.3438,97139.375,95464.5234,302128.0,-5059.0,141536.0,3.0,-1.0,10261.0,-2238.0,1.0,-2.0,4788.0,-24433.0,97941.60312000001,99586.96719,103071.906645,-1645.364069999981,-5130.303524999996,101196.8051981746,103915.2730910794,154207.2,,,2.500770889476037,2.926865707869564,5.427636597345601,2.0,8023.0,-1.0,-19645.0,-0.016744558597680453,-0.7970246543066152,,,0.7671,0.5526,0.0318
20240620,97044.1172,96803.0,97435.2891,96139.3672,296646.0,-5482.0,111314.0,3.0,-1.0,10235.0,-2550.0,1.0,-2.0,6052.0,-21004.0,97344.39374,99130.49062999999,102542.34766,-1786.096889999986,-5197.95392,100596.5754126191,103354.645684,149500.0,,,2.423409787185658,2.886048598216109,5.309458385401768,2.0,7685.0,-1.0,-14952.0,-0.018479939051933954,-0.7803595380152861,,,0.7534,0.5033,0.0498
20240621,95120.7344,97312.7891,98071.2266,94864.0234,297993.0,1347.0,180653.0,4.0,0.0,10112.0,-159.0,1.0,-2.0,4917.0,-23899.0,96518.15,98361.60704,101926.938285,-1843.457040000008,-5408.788285000017,99941.17408738092,102770.8617134365,155203.7,,,2.480488070915138,2.926865707869564,5.407353778784702,4.0,9953.0,-1.0,-18982.0,0.004520240408331739,-0.9196260047758412,,,0.6712,0.4416,0.0135
20240624,92006.7891,94885.4844,95150.6406,91393.5703,301896.0,3903.0,217524.0,4.0,0.0,13329.0,0.0,1.0,-2.0,5342.0,-24289.0,95299.03282000001,97379.51797999999,101094.72032,-2080.485159999982,-5795.687499999985,99068.08550936509,102138.3302782302,165366.0,261028.8,0.32936,2.500607542248851,2.926865707869564,5.427473250118414,4.0,13329.0,-1.0,-18947.0,0.012928293187057795,-0.9259396109832242,,,0.6301,0.4065,0.0135
20240625,93893.7031,92280.8125,94371.9375,90051.3984,304777.0,2881.0,287986.0,4.0,0.0,8306.0,0.0,1.0,-2.0,4218.0,-15061.0,94931.59375999999,96863.89063000001,100417.5961,-1932.29687000002,-5486.002340000006,98277.25496420635,101485.7822938333,179731.7,345583.2,0.332925,2.707784216493345,2.926865707869564,5.634649924362908,4.0,8306.0,-1.0,-10843.0,0.009452813040354094,-0.9183802223978388,,,0.6438,0.3718,0.0223
20240626,96371.6563,93587.5547,97631.1563,93315.7734,306583.0,1806.0,360723.0,3.0,-1.0,10932.0,-1743.0,1.0,-2.0,8827.0,-23740.0,94887.40002,96414.50157,99914.997275,-1527.101549999992,-5027.597255000001,97796.94355777779,100838.2432326905,194166.6,432867.6,0.333385,2.829111364506026,2.926865707869564,5.75597707237559,2.0,9189.0,-1.0,-14913.0,0.005890737581666303,-0.895265152231031,,,0.5479,0.3503,0.0267
20240627,94079.0391,95859.3359,96184.2031,93876.1641,306775.0,192.0,234833.0,4.0,-1.0,11242.0,-744.0,1.0,-2.0,8504.0,-25438.0,94294.3844,95819.38907,99292.559385,-1525.004670000009,-4998.174985000005,97276.27209301585,100189.436611246,198977.9,,0.33672,2.900818940157158,2.889636740352984,5.790455680510142,3.0,10498.0,-1.0,-16934.0,0.0006258658626028848,-1.027218569291518,,,0.5479,0.3544,0.0044
20240628,94010.3203,94075.3672,95005.7813,92692.7969,306774.0,-1.0,276964.0,3.0,-1.0,7246.0,-1026.0,1.0,-2.0,7453.0,-23290.0,94072.30158,95295.22579,98626.20626,-1222.924209999997,-4553.904680000007,96758.5279400794,99542.89191587301,214702.0,332356.8,0.346955,2.921235636736523,2.889636740352984,5.810872377089507,2.0,6220.0,-1.0,-15837.0,-3.259728660186326e-06,-1.2210691548598396,,,0.7123,0.4717,0.0044
20240701,95363.75,93184.3828,95486.4063,91201.7188,310062.0,3288.0,236800.0,3.0,-1.0,10514.0,-1528.0,1.0,-2.0,7414.0,-23928.0,94743.69376000001,95021.36329,98073.29454,-277.6695299999847,-3329.600779999993,96339.58963507938,98914.89122047619,225279.5,,,3.006773073824414,2.933214921191509,5.939987995015922,2.0,8986.0,-1.0,-16514.0,0.010604330746753874,-1.1166364577918113,,,0.6849,0.425,0.0088
20240702,93889.1797,94790.1719,95946.3906,93743.9219,314614.0,4552.0,170226.0,3.0,-1.0,11237.0,-2221.0,1.0,-2.0,7648.0,-26319.0,94742.78907999999,94837.19142,97554.27540000001,-94.4023400000151,-2811.486320000025,95967.73590269842,98321.89643003969,221855.9,,,2.920432758462878,2.889636740352984,5.810069498815862,2.0,9016.0,-1.0,-18671.0,0.014468523333354523,-1.06787887837426,,,0.6849,0.3851,0.0131
20240703,94445.1875,93862.9063,95265.0078,93154.8906,317538.0,2924.0,161258.0,3.0,-1.0,12142.0,-1580.0,1.0,-2.0,7739.0,-28229.0,94357.49532,94622.44767,97104.70743000001,-264.9523499999923,-2747.212110000008,95646.43322373017,97766.85923259523,223828.1,,,2.869958625767142,2.889636740352984,5.759595366120125,2.0,10562.0,-1.0,-20490.0,0.009208346717558213,-1.022833977713563,,,0.6575,0.3519,0.0217
20240704,93924.5938,94812.6563,95905.0,93652.6406,321627.0,4089.0,168945.0,4.0,-1.0,13276.0,-1279.0,1.0,-2.0,7851.0,-27406.0,94326.60626,94310.49533,96720.49298000001,16.11092999999528,-2393.88672000001,95366.7081080159,97243.87250213492,229591.2,,,2.927081074747549,2.889636740352984,5.816717815100533,3.0,11997.0,-1.0,-19555.0,0.012713484875336958,-1.072097367133665,,,0.6027,0.3497,0.013
20240705,93846.2266,93618.3438,95034.8516,92570.9531,315723.0,-5904.0,166561.0,3.0,-1.0,12611.0,-4099.0,2.0,-2.0,7821.0,-25864.0,94293.78752,94183.04454999999,96272.325795,110.7429700000066,-1978.538274999999,95079.95088642855,96757.7501820397,228182.0,,,3.024550317764262,2.795879047849579,5.82042936561384,2.0,8512.0,0.0,-18043.0,-0.018699936336598853,-1.073235854244347,,,0.589,0.3293,0.0129
20240708,93630.8984,94053.3359,95056.5156,93289.625,318058.0,2335.0,151966.0,3.0,-1.0,12753.0,-3922.0,2.0,-2.0,8402.0,-26307.0,93947.2172,94345.45548,95862.48673,-398.238280000005,-1915.269530000005,94853.47785444447,96336.28941654763,221626.2,,,2.904343821776997,2.795879047849579,5.700222869626576,2.0,8831.0,0.0,-17905.0,0.007341428292952858,-1.006268538828256,,,0.5479,0.3212,0.0343
20240709,94121.5938,93511.2656,94680.8359,92974.9688,313602.0,-4456.0,151049.0,3.0,-1.0,12588.0,-3703.0,2.0,-2.0,8169.0,-25257.0,93993.70002,94368.24455,95616.06758999999,-374.5445299999992,-1622.367569999988,94646.75712801586,95973.23963292858,207932.5,,,2.912120096708074,2.727097803268536,5.63921789997661,2.0,8885.0,0.0,-17088.0,-0.014209093054253481,-1.206639297195002,,,0.411,0.2651,0.0085
20240710,91864.8672,93956.3359,94339.4844,91741.0469,315132.0,1530.0,177429.0,3.0,-1.0,13098.0,-1820.0,2.0,-2.0,6900.0,-26367.0,93477.63596000001,93917.56564,95166.03360499999,-439.9296799999865,-1688.397644999975,94355.99352412696,95629.1446295635,189603.1,,,3.022508696824668,2.727097803268536,5.749606500093204,2.0,11278.0,0.0,-19467.0,0.004855108335554624,-1.143360866740546,,,0.274,0.2156,0.0128
20240711,92572.5938,92397.7969,92925.5391,90581.0234,303605.0,-11527.0,180824.0,3.0,-1.0,12646.0,-2333.0,1.0,-2.0,8248.0,-27483.0,93207.23595999999,93766.92111,94793.15509,-559.6851500000048,-1585.919130000009,94071.64286920636,95308.68170718255,184202.2,,,2.962717408231662,2.727097803268536,5.689815211500198,2.0,10313.0,-1.0,-19235.0,-0.03796709540356714,-1.139554541640102,,,0.2466,0.2262,0.0169
20240712,91414.9453,92513.8203,92826.8203,91176.3516,304447.0,842.0,106884.0,3.0,-1.0,12506.0,-1732.0,1.0,-2.0,8600.0,-30232.0,92720.9797,93507.38360999999,94401.30470000001,-786.4039099999936,-1680.325000000012,93778.18057849207,95010.64697102382,167194.2,,,2.803662929560996,2.727097803268536,5.530760732829532,2.0,10774.0,-1.0,-21632.0,0.002765670215177026,-1.020775688124495,,,0.1233,0.0059,0.0464
20240715,88203.3203,91041.125,91487.1797,88203.2969,316153.0,11706.0,198670.0,4.0,0.0,14135.0,0.0,1.0,-2.0,8098.0,-34241.0,91635.46407999999,92791.34064,93906.35196500001,-1155.876560000004,-2270.887885000018,93276.67743428571,94704.35575094444,163381.2,238404.0,0.307395,2.73659161776486,2.727097803268536,5.463689421033395,4.0,14135.0,-1.0,-26143.0,0.037026376469620724,-0.9792910440755496,,,0.1096,0.0059,0.0588
20240716,89028.2891,88274.0938,89495.2656,87351.0234,310558.0,-5595.0,165092.0,4.0,-1.0,13328.0,0.0,1.0,-2.0,9358.0,-33813.0,90616.80314,92305.25158000001,93571.2215,-1688.448440000007,-2954.418359999996,92760.61884722226,94383.64404539682,162867.8,,,2.585085112100634,2.727097803268536,5.312182915369171,3.0,13328.0,-1.0,-24455.0,-0.018015958371705124,-1.041063301382518,,,0.1096,0.0058,0.0377
20240717,87167.1563,89133.0234,89652.8438,87137.3047,315568.0,5010.0,141231.0,3.0,-1.0,14214.0,0.0,1.0,-2.0,8637.0,-35032.0,89677.26096000001,91577.44846000001,93099.94806499999,-1900.1875,-3422.687104999975,92209.31294626984,94039.9320176508,160865.1,,0.307625,2.600448666565352,2.727097803268536,5.327546469833888,2.0,14214.0,-1.0,-26395.0,0.015876134462302894,-1.0644634535344608,,,0.1096,0.0058,0.0375
20240718,88241.4219,87006.7578,88944.9609,86894.1328,313613.0,-1955.0,137208.0,3.0,-1.0,13148.0,0.0,1.0,-2.0,8473.0,-34884.0,88811.02658,91009.13127,92659.8133,-2198.104689999993,-3848.786719999989,91711.7925336508,93674.44046021429,157691.4,,0.31119,2.591740284392152,2.675936376837464,5.267676661229617,2.0,13148.0,-1.0,-26411.0,-0.0062337977060899896,-0.8732061394289038,,,0.1096,0.0058,0.0913
20240719,90006.3047,87742.7188,90751.8984,87616.2813,313214.0,-399.0,263865.0,3.0,-1.0,12094.0,-867.0,1.0,-2.0,9851.0,-30127.0,88529.29845999999,90625.13908000001,92404.091815,-2095.840620000017,-3874.793355000016,91395.74637222219,93306.02000879365,167421.8,316638.0,0.3172849999999999,2.512961936079229,2.727097803268536,5.240059739347766,2.0,11227.0,-1.0,-20276.0,-0.0012738894174589897,-0.7843400231449655,,,0.1096,0.0057,0.1198
20240722,89258.625,89508.1328,89668.875,88605.3984,311378.0,-1836.0,121580.0,3.0,-1.0,11940.0,-852.0,1.0,-2.0,8998.0,-31775.0,88740.3594,90187.91174,92266.68361,-1447.552339999995,-3526.324209999992,91077.07641142857,92928.37986449206,164383.2,,,2.459335547459899,2.675936376837464,5.135271924297363,2.0,11088.0,-1.0,-22777.0,-0.0058963703280257435,-0.8977099660219401,,,0.0274,0.0057,0.0864
20240723,88237.8438,89188.0625,90602.8906,87868.2344,305438.0,-5940.0,165127.0,3.0,-1.0,11512.0,-46.0,1.0,-2.0,8530.0,-34384.0,88582.27034,89599.53674,91983.890645,-1017.266399999993,-3401.620305000004,90728.99923611114,92536.60407530158,165791.0,,,2.520459180355886,2.727097803268536,5.247556983624422,2.0,11466.0,-1.0,-25854.0,-0.01944748197670231,-0.8632402888924208,,,0.0274,0.0114,0.1025
20240724,87317.0469,88493.3906,88742.2266,86890.2734,304177.0,-1261.0,153733.0,4.0,0.0,13271.0,0.0,1.0,-2.0,7890.0,-34773.0,88612.24846,89144.75471,91531.160175,-532.5062499999913,-2918.911714999995,90329.48127968256,92133.95285085715,163421.4,,0.31924,2.501970476173997,2.675644414268545,5.177614890442542,4.0,13271.0,-1.0,-26883.0,-0.004145612587407989,-0.8407286273387052,,,0.0274,0.0169,0.1102
20240725,87445.6875,86796.2031,87667.5078,85448.8828,303123.0,-1054.0,166688.0,3.0,0.0,12996.0,0.0,1.0,-2.0,8696.0,-33136.0,88453.10157999999,88632.06408,91199.49259499999,-178.9625000000087,-2746.391015000001,89889.58822222221,91715.74738615874,162007.8,,0.3317749999999999,2.495205821048494,2.675644414268545,5.170850235317038,3.0,12996.0,-1.0,-24440.0,-0.003477136343992373,-0.8704100529926454,,,0.0274,0.0225,0.0976
20240726,86353.6406,88043.2656,88524.7734,86301.9375,307284.0,4161.0,137722.0,4.0,0.0,15626.0,0.0,1.0,-2.0,7751.0,-35478.0,87722.56876000001,88125.93361000001,90816.65861,-403.3648499999981,-3094.089849999989,89476.80783087302,91285.61011139683,165091.6,,,2.546157777154018,2.636297572938794,5.182455350092812,4.0,15626.0,-1.0,-27727.0,0.01354121919787558,-0.9948967032997966,,,0.0137,0.0279,0.0648
20240729,83888.7188,86544.4063,86893.6953,83757.8984,319327.0,12043.0,195932.0,4.0,0.0,17284.0,0.0,1.0,-2.0,8929.0,-37312.0,86648.58752,87694.47346000001,90242.90705,-1045.885940000007,-3594.319529999993,88896.55483769841,90847.5978517381,164817.8,,0.342355,2.68237649708941,2.636297572938794,5.318674070028203,4.0,17284.0,-1.0,-28383.0,0.037713691607662365,-1.0790322117577726,,,0.0137,0.0333,0.0242
20240730,81584.1797,84139.5234,84441.1406,81181.9375,326462.0,7135.0,216880.0,4.0,0.0,19431.0,0.0,1.0,-2.0,9080.0,-35774.0,85317.8547,86950.06252,89627.65705,-1632.207820000011,-4309.802349999998,88132.88963928574,90384.82493094445,169996.6,260256.0,0.36593,2.758472807984265,2.675644414268545,5.43411722225281,4.0,19431.0,-1.0,-26694.0,0.021855529893218813,-0.9839457418627092,,,0.0137,0.0387,0.0723
20240731,83137.1172,82325.4375,84419.0156,82277.6172,317487.0,-8975.0,222958.0,4.0,0.0,17841.0,0.0,1.0,-2.0,8857.0,-33903.0,84481.86876000001,86547.05861,89062.253535,-2065.189849999981,-4580.384774999984,87486.8666786508,89912.58030418254,178169.3,267549.6,,2.819932310746813,2.727097803268536,5.547030114015349,4.0,17841.0,-1.0,-25046.0,-0.028268874001140205,-0.9303607623834876,,,0.0137,0.044,0.084
20240801,81263.5469,83494.0234,84174.8906,80862.2031,330187.0,12700.0,199562.0,4.0,0.0,21111.0,0.0,1.0,-2.0,8247.0,-37622.0,83245.44064,85849.27111,88429.20119,-2603.830470000001,-5183.760550000006,86801.09291785714,89421.51034260317,184404.7,,0.3778899999999999,2.980813198844697,2.782804633100521,5.763617831945218,4.0,21111.0,-1.0,-29375.0,0.038463052754954014,-0.9713480406178928,,,0.0137,0.0492,0.0797
20240802,81524.875,80945.8047,82445.5234,80162.125,321314.0,-8873.0,204347.0,4.0,0.0,19214.0,0.0,1.0,-2.0,9133.0,-34942.0,82279.68751999999,85001.12814,87813.13361,-2721.440620000008,-5533.446090000012,86101.13754753968,88892.04946013492,178452.9,,,2.914275820137043,2.811933878395247,5.726209698532291,4.0,19214.0,-1.0,-25809.0,-0.0276147320066975,-0.8925717590441359,,,0.0137,0.0543,0.1111
20240805,82018.1875,80941.5391,82744.2656,80613.4609,309292.0,-12022.0,189745.0,4.0,0.0,17818.0,0.0,1.0,-2.0,8711.0,-32959.0,81905.58125999999,84277.08439,87232.498065,-2371.503130000012,-5326.916805000015,85499.0790081746,88334.24971980954,185269.4,,,2.930214447732467,2.77173171892019,5.701946166652657,4.0,17818.0,-1.0,-24248.0,-0.03886941789635684,-0.8112014818930744,,,0.0137,0.0595,0.1462
20240806,81865.7422,82399.8125,82760.7578,81433.3438,300146.0,-9146.0,134209.0,4.0,0.0,17465.0,0.0,1.0,-2.0,8280.0,-31220.0,81961.89376,83639.87422999999,86619.70548500001,-1677.98046999998,-4657.811725000007,84990.30221095236,87760.38001729365,182177.6,,,2.843582025944168,2.77173171892019,5.615313744864358,4.0,17465.0,-1.0,-22940.0,-0.030471837039307538,-0.8917052286090509,,,0.0137,0.0645,0.1142
20240807,80880.1797,82374.0391,82381.1641,80709.0703,303666.0,3520.0,106085.0,4.0,0.0,17991.0,0.0,1.0,-2.0,6199.0,-33090.0,81510.50626000001,82996.18750999999,86070.47111000001,-1485.68124999998,-4559.964850000004,84462.14686706352,87173.64657603174,177412.8,,,2.829283076141175,2.692454026794214,5.521737102935389,4.0,17991.0,-1.0,-26891.0,0.01159168296747084,-0.8371229976344107,,,0.0137,0.0695,0.1412
20240808,79152.2422,81169.4297,81169.4297,79128.7969,311853.0,8187.0,158736.0,4.0,0.0,19868.0,0.0,1.0,-2.0,6603.0,-37993.0,81088.24532,82166.84298,85399.45353,-1078.597659999999,-4311.208209999997,83847.21382619046,86569.40913642857,176617.6,,,2.762167171849848,2.636297572938794,5.398464744788642,4.0,19868.0,-1.0,-31390.0,0.026252753701263096,-0.7101300314350827,,,0.0274,0.0745,0.207
20240809,78217.3125,79732.4844,80392.4922,78180.6406,313737.0,1884.0,172012.0,4.0,0.0,21208.0,0.0,1.0,-2.0,5966.0,-35317.0,80426.73282,81353.21017,84739.57188999999,-926.477350000001,-4312.839069999987,83206.14599333334,85942.3429526746,180046.6,,,2.858128813976359,2.692454026794214,5.550582840770574,4.0,21208.0,-1.0,-29351.0,0.006005029690473231,-0.7398896526677148,,,0.0274,0.0794,0.2023
20240812,76648.0156,78491.4688,78649.3438,76564.8438,322871.0,9134.0,132336.0,4.0,0.0,22402.0,0.0,1.0,-2.0,6591.0,-37083.0,79352.69844,80629.13985,84161.806655,-1276.441410000014,-4809.108215,82459.36652341268,85298.62412124603,173687.0,,,2.8304292610933,2.679358996935157,5.509788258028458,4.0,22402.0,-1.0,-30492.0,0.028289936228400817,-0.8550904997175365,,,0.0274,0.0842,0.1357
20240813,77621.2109,76885.8594,78322.5313,76099.8594,318642.0,-4229.0,239136.0,4.0,0.0,17552.0,0.0,1.0,-2.0,5431.0,-25477.0,78503.79218,80232.84297,83591.45274499999,-1729.050789999994,-5087.660564999984,81788.82808634921,84664.21796595238,175912.6,286963.2,0.362595,2.886942234845665,2.732669677268454,5.619611912114118,4.0,17552.0,-1.0,-20046.0,-0.013271947828597612,-0.884828206758005,,,0.0411,0.089,0.1158
20240814,74098.2266,77346.4219,77691.7734,73444.0703,328393.0,9751.0,252459.0,4.0,0.0,20683.0,0.0,1.0,-2.0,4135.0,-30235.0,77147.40156,79328.95391,82938.00626000001,-2181.552349999998,-5790.604700000011,80954.45174190475,84010.97647227778,178862.7,302950.8,0.417105,3.100937780867196,2.732669677268454,5.833607458135649,4.0,20683.0,-1.0,-26100.0,0.029693081155810264,-0.9819086058039566,,,0.0411,0.0938,0.0731
20240815,73145.3516,74403.4688,74403.4688,72450.6719,327419.0,-974.0,245395.0,4.0,0.0,19946.0,0.0,1.0,-2.0,3890.0,-32261.0,75946.02343999999,78517.13438,82183.202745,-2571.110940000013,-6237.179305000012,80018.08646103174,83332.67582659524,183446.0,294474.0,,3.113452238626358,2.732669677268454,5.846121915894813,4.0,19946.0,-1.0,-28371.0,-0.0029747815490243387,-1.168245649323199,,,0.0411,0.0984,0.0115
20240816,73681.4766,73756.0234,74917.9063,73180.8047,324890.0,-2529.0,209702.0,4.0,0.0,18591.0,0.0,1.0,-2.0,5327.0,-28704.0,75038.85626,77732.79454,81366.96134000001,-2693.938280000002,-6328.105080000008,79199.60363785716,82642.52243562698,183981.5,,,3.018827967287902,2.732669677268454,5.751497644556355,4.0,18591.0,-1.0,-23377.0,-0.007784173104743144,-1.226524378469303,,,0.0411,0.1031,0.0038
20240819,74082.4766,74008.7813,74461.2734,72564.6797,329769.0,4879.0,205287.0,4.0,0.0,16267.0,0.0,1.0,-2.0,4811.0,-25552.0,74525.74846,76939.22345,80608.15391999998,-2413.474990000002,-6082.40545999998,78456.02038015872,81938.2165728254,185535.7,,,2.915291226574932,2.732669677268454,5.647960903843385,4.0,16267.0,-1.0,-20741.0,0.014795205128438392,-1.200198235547397,,,0.0411,0.1077,0.0152
20240820,75715.0547,74065.4922,75730.2109,73843.2109,331875.0,2106.0,187805.0,4.0,0.0,14260.0,0.0,2.0,-2.0,3128.0,-19636.0,74144.51722,76324.1547,79982.01446499999,-2179.637480000005,-5837.497244999991,77905.14386007936,81229.7007377381,190895.3,,,2.84817939654449,2.732669677268454,5.580849073812944,4.0,14260.0,0.0,-16508.0,0.006345762711864406,-1.1062073719849277,,,0.0411,0.1122,0.0341
20240821,78563.2969,76112.3906,79416.25,75010.9922,331728.0,-147.0,365995.0,3.0,-1.0,13239.0,0.0,2.0,-1.0,3501.0,-17630.0,75037.53128,76092.46642,79544.326965,-1054.935140000001,-4506.795685000005,77659.7586979365,80549.46192082539,216886.3,439194.0,,2.955745951256264,2.77173171892019,5.727477670176453,2.0,13239.0,1.0,-14129.0,-0.00044313413398929246,-1.0090682026410185,,,0.0548,0.1168,0.0717
20240822,76217.9688,78144.6484,78672.0938,75782.0469,329435.0,-2293.0,313111.0,4.0,0.0,14927.0,0.0,1.0,-2.0,1195.0,-25904.0,75652.05472,75799.03908,78982.94103,-146.9843600000022,-3330.886310000002,77382.04864936508,79902.94540314286,232323.8,375733.2,,3.026316466738012,2.811648052778974,5.837964519516985,4.0,14927.0,-1.0,-24709.0,-0.006960401900223109,-1.0567832579594758,,,0.0274,0.1212,0.0564
20240823,74208.6016,76071.5469,76330.5234,73985.0859,327981.0,-1454.0,213821.0,3.0,-1.0,14794.0,0.0,0.0,-2.0,1526.0,-26470.0,75757.47972,75398.16798999999,78375.68908,359.3117300000158,-2618.209359999993,76971.37103880952,79279.46790769047,236504.7,,,3.068302946391797,2.828114511241333,5.896417457633129,2.0,14794.0,-2.0,-24944.0,-0.004433183629539516,-1.170456374937544,,,0.0685,0.1256,0.0187
20240826,75183.4531,74853.9297,75798.3828,74199.5625,331899.0,3918.0,211963.0,4.0,0.0,14585.0,0.0,1.0,-3.0,139.0,-25275.0,75977.67502,75251.71174,77940.425795,725.9632799999963,-1962.750775000008,76631.51223238096,78696.6824785873,244467.4,,0.404685,3.112937810294548,2.828114511241333,5.941052321535881,4.0,14585.0,-2.0,-25136.0,0.011804796037348712,-1.0708900209946106,,,0.0411,0.13,0.0522
20240827,76938.4219,75373.0,77605.2422,75205.6641,334823.0,2924.0,258575.0,3.0,-1.0,14301.0,-304.0,1.0,-2.0,186.0,-22740.0,76222.34846,75183.43284,77708.137905,1038.91562,-1485.789445000002,76458.99874746033,78163.69954469842,246411.3,,,3.194970892379207,2.828114511241333,6.02308540362054,2.0,13997.0,-1.0,-22554.0,0.00873297234658312,-1.0092471029177048,,,0.0411,0.1343,0.0818
20240828,76611.8594,76737.1172,77413.2891,75238.5313,341022.0,6199.0,232853.0,4.0,-1.0,14757.0,0.0,0.0,-3.0,0.0,-25862.0,75832.06096,75434.79612,77381.875015,397.2648400000035,-1549.814054999995,76340.7059665873,77702.32496716667,244450.7,,0.406065,3.215263365745011,2.832593913653613,6.047857279398624,3.0,14757.0,-3.0,-25862.0,0.01817771287482919,-1.064439443113613,,,0.0274,0.1386,0.063
20240829,77665.3594,76721.9922,78790.3203,75611.9375,353310.0,12288.0,313388.0,4.0,0.0,15050.0,0.0,1.0,-2.0,427.0,-24493.0,76121.53907999999,75886.79689999999,77201.96564,234.7421800000011,-1080.426560000007,76321.76018912697,77332.69233997619,251250.0,376065.6,,3.308086431782503,2.848596032901836,6.15668246468434,4.0,15050.0,-1.0,-24066.0,0.034779655260253034,-0.989304437804284,,,0.0822,0.1478,0.1033
20240830,79696.1641,77600.3438,80097.4609,77368.3516,353352.0,42.0,340807.0,4.0,0.0,14469.0,0.0,1.0,-3.0,0.0,-24823.0,77219.05158,76488.26565,77110.530095,730.7859299999982,108.5214850000048,76480.89885000001,77060.82186119047,264360.5,408968.4,,3.359220447577935,2.872442933253111,6.231663380831046,4.0,14469.0,-2.0,-24823.0,0.00011886164504516743,-0.8736730119684941,,,0.0822,0.1569,0.1581
20240902,76094.5938,79074.4922,79097.6016,75421.3984,353212.0,-140.0,365293.0,4.0,0.0,16547.0,0.0,0.0,-3.0,0.0,-34416.0,77401.27972,76689.47737,76814.35040999998,711.8023500000127,586.9293100000214,76461.65163515873,76861.38498669048,280361.1,438351.6,,3.557296694675009,2.910175295420177,6.467471990095185,4.0,16547.0,-3.0,-34416.0,-0.0003963625244895417,-1.088069081996887,,,0.137,0.2049,0.0403
20240903,75794.5,76234.0234,76431.4844,74552.9297,358015.0,4803.0,248298.0,4.0,0.0,18010.0,0.0,0.0,-3.0,0.0,-36282.0,77172.49534,76697.42189999999,76510.78829999999,475.0734400000074,661.7070400000084,76353.91635349207,76706.26223603175,286410.4,,,3.328875001876475,2.872442933253111,6.201317935129586,4.0,18010.0,-3.0,-36282.0,0.013415639009538707,-1.048682136956846,,,0.1781,0.2816,0.073
20240904,74482.6797,75117.3203,75724.25,74160.4766,360539.0,2524.0,238662.0,4.0,0.0,18955.0,0.0,0.0,-3.0,0.0,-34845.0,76746.6594,76289.36018,76190.91329999999,457.2992200000008,555.7461000000185,76177.70697190476,76558.05706342858,273677.1,,0.409515,3.294761072712998,2.848596032901836,6.143357105614834,4.0,18955.0,-3.0,-34845.0,0.007000629612885153,-0.997352042137925,,,0.1781,0.3768,0.1055
20240905,71662.8906,74434.8672,74532.1953,71265.5781,374473.0,13934.0,306224.0,4.0,0.0,21345.0,0.0,0.0,-3.0,0.0,-36381.0,75546.16563999999,75833.85235999999,75816.44571999999,-287.6867199999979,-270.2800799999968,75816.3956470635,76401.49176319843,272988.4,,0.44528,3.441580590609866,2.848596032901836,6.290176623511702,4.0,21345.0,-3.0,-36381.0,0.037209625260032096,-1.0536410375076195,,,0.1781,0.3846,0.0725
20240906,71981.3672,72590.7109,73359.6797,70627.9063,371396.0,-3077.0,306164.0,4.0,0.0,20793.0,0.0,0.0,-3.0,0.0,-30726.0,74003.20626,75611.12892,75504.64845499999,-1607.922659999997,-1501.442194999981,75452.13147880952,76249.56780719841,282222.7,,,3.527127084311287,2.872442933253111,6.399570017564397,4.0,20793.0,-3.0,-30726.0,-0.00828495729625521,-0.8866012095759286,,,0.2192,0.3971,0.1661
20240909,73968.7422,71178.5625,73968.7422,71085.2969,374473.0,3077.0,289253.0,4.0,0.0,18427.0,0.0,1.0,-3.0,41.0,-28827.0,73578.03594,75489.65783,75370.68478499999,-1911.621889999995,-1792.648844999989,75198.65516436507,76106.28210039683,289951.7,,,3.627029835061066,2.971202692380673,6.598232527441739,4.0,18427.0,-2.0,-28786.0,0.00821688078980327,-0.7145819528358923,,,0.2055,0.4286,0.2662
20240910,72982.4141,73942.125,74492.5781,72541.3047,384953.0,10480.0,258309.0,3.0,0.0,16032.0,0.0,0.0,-3.0,239.0,-29640.0,73015.61876,75094.05705,75138.744945,-2078.438290000006,-2123.126185000001,75012.59667619046,75961.64189326983,289925.1,,,3.413305336580112,2.872442933253111,6.285748269833222,3.0,16032.0,-3.0,-29401.0,0.027224102682665157,-0.6527509585742863,,,0.2329,0.4502,0.319
20240911,79220.0859,73991.6406,79997.75,73991.6406,414889.0,29936.0,755012.0,3.0,0.0,11081.0,0.0,1.0,-2.0,2255.0,-20883.0,73963.1,75354.87969999999,75394.83790999999,-1391.779699999985,-1431.737909999982,75240.33234309524,75851.60453092064,342141.0,906014.4,0.47081,3.794076878447405,2.971202692380673,6.765279570828078,3.0,11081.0,-1.0,-18628.0,0.07215423884460663,-0.6550179078090892,,,0.4521,0.5236,0.3179
20240912,77792.4922,80023.5859,80489.3359,76066.8594,413174.0,-1715.0,520819.0,3.0,0.0,12781.0,0.0,2.0,-3.0,0.0,-26291.0,75189.02032,75367.59298,75627.19493999999,-178.5726600000053,-438.1746199999907,75517.65365269841,75771.19387727778,362884.1,624982.7999999999,0.50715,3.977183110759598,3.118591647753987,7.095774758513585,3.0,12781.0,-1.0,-26291.0,-0.004150793612376384,-0.5995030317202185,,,0.5342,0.5587,0.4093
20240913,78384.7188,78492.2891,79059.7109,77133.1406,406456.0,-6718.0,327914.0,3.0,0.0,12629.0,0.0,2.0,-3.0,0.0,-22724.0,76469.69064,75236.44845,75862.35705,1233.242190000004,607.3335899999947,75781.07692373014,75701.21168465079,361594.8,,0.509795,3.996033319615568,2.971202692380673,6.967236011996241,3.0,12629.0,-1.0,-22724.0,-0.016528234298423445,-1.1343804849627614,,,0.6301,0.6449,0.0319
20240918,76383.3438,78348.0547,78420.1797,75618.7891,402572.0,-3884.0,292634.0,3.0,0.0,13198.0,0.0,1.0,-3.0,0.0,-27580.0,76952.61095999999,75265.32345,75977.40041,1687.287509999995,975.2105499999889,75884.24115619047,75643.47063675396,354328.9,,,4.033840281741806,2.971202692380673,7.005042974122479,3.0,13198.0,-2.0,-27580.0,-0.009647963594090002,-0.7450502518873571,,,0.6301,0.693,0.2544
20240919,76792.6563,76535.7813,77685.7969,74784.9297,403000.0,428.0,325362.0,3.0,0.0,14194.0,0.0,0.0,-3.0,0.0,-27230.0,77714.6594,75365.13908000001,76031.28049,2349.520319999996,1683.378909999999,75938.09501539682,75601.88850294445,362035.3,,,4.101467996840832,2.971202692380673,7.072670689221504,3.0,14194.0,-3.0,-27230.0,0.0010620347394540942,-0.8165029547631951,,,0.6849,0.7824,0.2113
20240920,76473.0703,77129.9609,77414.9141,75487.4063,400723.0,-2277.0,260126.0,3.0,0.0,13044.0,0.0,1.0,-2.0,0.0,-26481.0,77165.25628,75564.17814,75926.76916,1601.078139999998,1238.487120000005,76008.69944142856,75584.98774989681,364181.7,,,3.98825685987716,2.872442933253111,6.860699793130271,3.0,13044.0,-1.0,-26481.0,-0.0056822293704129785,-0.7963814773626829,,,0.7123,0.8018,0.2211
20240923,75997.3594,75972.1875,77721.5313,74591.1953,399861.0,-862.0,351083.0,3.0,0.0,12398.0,0.0,1.0,-3.0,0.0,-26160.0,76806.22972,75997.62502,75915.73869,808.6046999999962,890.4910300000047,76023.85042809523,75605.73322799998,368667.6,,,4.040122537703769,2.971202692380673,7.011325230084442,3.0,12398.0,-2.0,-26160.0,-0.00215574912282018,-0.6619058012726885,,,0.7397,0.8486,0.3217
20240924,77782.2188,76094.5078,78380.4609,75700.0469,418907.0,19046.0,318261.0,3.0,0.0,12547.0,0.0,0.0,-3.0,0.0,-27826.0,76685.72972000002,76577.71018000001,76094.41955,108.0195400000084,591.3101700000116,76141.36441706348,75674.65652182538,369877.3,,,3.883235106390036,3.118591647753987,7.001826754144023,3.0,12547.0,-3.0,-27826.0,0.04546593874057965,-0.5872338447145892,,,0.4795,0.5525,0.4286
20240925,77060.1875,78999.0859,81438.6484,76859.1563,429465.0,10558.0,505973.0,3.0,-1.0,15377.0,-1649.0,1.0,-2.0,0.0,-40762.0,76821.09846000001,76886.85471000001,76188.25627,-65.75625000000582,632.8421900000103,76331.12305238096,75787.90331062698,391549.3,607167.6,,4.133176406169854,3.118591647753987,7.251768053923842,2.0,13728.0,-1.0,-40762.0,0.024584075535841104,-0.6996201198209758,,,0.4932,0.5409,0.2847
20240926,78452.2344,77890.1797,78638.1406,76648.7734,425361.0,-4104.0,302119.0,4.0,0.0,14807.0,-1587.0,0.0,-3.0,0.0,-39235.0,77153.01408,77433.83674,76263.946895,-280.8226600000053,889.0671849999926,76519.7951126984,75938.62315427777,395930.3,,0.5138199999999999,4.151137626391469,3.118591647753987,7.269729274145456,4.0,13220.0,-3.0,-39235.0,-0.009648275229746027,-0.6954272440717724,,,0.5205,0.4977,0.2872
20240927,78446.7734,79096.5859,80326.25,77632.1094,428706.0,3345.0,443515.0,4.0,0.0,14687.0,0.0,1.0,-3.0,0.0,-45937.0,77547.7547,77356.50549000001,76355.692595,191.2492099999945,1192.062105000005,76751.84231952381,76089.77415192062,364780.6,532218.0,0.559935,4.071444537447286,3.152858983455557,7.224303520902843,4.0,14687.0,-2.0,-45937.0,0.00780254999930022,-0.8066705529169523,,,0.4795,0.3694,0.2138
20240930,81189.7344,80543.5859,82278.5547,79162.2656,439908.0,11202.0,535016.0,3.0,0.0,11431.0,-437.0,0.0,-3.0,0.0,-52170.0,78586.2297,77696.22971000001,76531.911345,889.9999899999821,2054.318354999996,77181.92769214285,76256.20155586507,366200.3,642019.2,,4.138525384380105,3.260293093298503,7.398818477678608,3.0,10994.0,-3.0,-52170.0,0.0254644152868327,-0.8840990993427569,,,0.4384,0.3722,0.1684
20241008,78463.1641,83318.3281,86228.125,78342.6641,444168.0,4260.0,624421.0,4.0,0.0,17357.0,-821.0,0.0,-3.0,0.0,-60416.0,78722.41876,77704.07424000002,76470.26134499999,1018.344519999984,2252.157415000009,77580.67729031746,76436.16159252381,395851.0,749305.2,0.6170899999999999,4.582225592322712,3.415656025517272,7.997881617839984,4.0,16536.0,-3.0,-60416.0,0.009590965580591127,-0.7976039367499419,,,0.411,0.3571,0.2192
20241009,78339.6953,78282.5313,79503.6953,77796.0156,443950.0,-218.0,290908.0,4.0,-1.0,17965.0,-2425.0,0.0,-3.0,0.0,-60842.0,78978.32032000001,77899.70939,76582.51642,1078.61093000001,2395.803900000014,77749.2813938889,76622.66561629364,395678.4,,,4.537388189184991,3.415656025517272,7.953044214702263,3.0,15540.0,-3.0,-60842.0,-0.0004910462889965087,-0.834959520883659,,,0.4384,0.36,0.2048
20241010,75839.0234,78789.2031,79880.9219,75753.1172,452963.0,9013.0,359364.0,4.0,0.0,17771.0,0.0,0.0,-3.0,0.0,-58973.0,78455.67812000001,77804.3461,76584.74259000001,651.3320200000162,1870.935530000002,77776.56342269843,76806.51245702381,399078.6,,,4.28595103293769,3.428377331715309,7.714328364652999,4.0,17771.0,-3.0,-58973.0,0.019897872453158424,-0.9813946514128046,,,0.5205,0.4248,0.1224
20241011,76330.5859,76870.7969,76922.2656,74966.2031,443793.0,-9170.0,315191.0,4.0,0.0,16087.0,-1992.0,0.0,-3.0,0.0,-52632.0,78032.44062000001,77790.09766,76677.1379,242.342960000009,1355.302720000007,77738.0329513492,76979.44580801588,404585.1,,,4.06459727509352,3.428377331715309,7.492974606808829,4.0,14095.0,-3.0,-52632.0,-0.02066278647928201,-1.2912218732530951,,,0.5616,0.4317,0.0034
20241014,75588.9766,76845.875,77429.6328,75373.8281,469460.0,25667.0,294717.0,3.0,-1.0,14113.0,-6070.0,0.0,-3.0,0.0,-53492.0,76912.28906000001,77749.25938,76873.4422,-836.9703199999931,38.84686000000511,77656.96051880952,77142.75681708731,398948.5,,,4.087020071797181,3.428377331715309,7.515397403512491,2.0,8043.0,-3.0,-53492.0,0.05467345460742129,-1.1516416198812307,,,0.589,0.4518,0.027
20241015,76099.7734,75512.2891,76405.7109,75161.0625,454502.0,-14958.0,220746.0,2.0,-1.0,14080.0,-7847.0,0.0,-3.0,0.0,-52492.0,76439.61092,77581.01483999999,77079.36251,-1141.403919999982,-639.7515899999999,77544.34991388887,77283.05536676984,389197.0,,,3.94432765460815,3.428377331715309,7.372704986323459,1.0,6233.0,-3.0,-52492.0,-0.03291074626734316,-1.2269416194403038,,,0.6575,0.4672,0.0067
20241016,73733.8281,76149.9297,76241.375,73691.3438,462475.0,7973.0,269492.0,2.0,-1.0,14009.0,-5885.0,0.0,-3.0,0.0,-52997.0,75518.43748,77248.3789,77067.616805,-1729.941420000003,-1549.179325000005,77294.76023690477,77379.41908522221,365548.9,,,3.923010140914267,3.428377331715309,7.351387472629577,1.0,8124.0,-3.0,-52997.0,0.017239850802746093,-1.0769384639229107,,,0.7397,0.5478,0.057
20241017,71236.2109,74076.3281,74413.7344,71050.0469,463539.0,1064.0,322160.0,3.0,-1.0,14559.0,-2080.0,0.0,-3.0,0.0,-52824.0,74597.87498,76526.77655,76980.306645,-1928.901570000002,-2382.431665000011,76793.09219222219,77406.7487931746,367553.0,,,4.07578174821624,3.439032857661704,7.514814605877945,2.0,12479.0,-3.0,-52824.0,0.0022953839914225125,-1.2466315687278362,,,0.7534,0.5758,0.0067
20241018,73419.9766,71621.2422,74632.7344,70987.3516,459026.0,-4513.0,469711.0,2.0,-1.0,13219.0,-4775.0,0.0,-3.0,0.0,-49542.0,74015.75312,76024.09687,76690.30118,-2008.34375,-2674.548060000001,76400.2023323016,77371.58479445238,370172.6,563653.2,,4.133627409459701,3.451000998663446,7.584628408123148,1.0,8444.0,-3.0,-49542.0,-0.009831687093977248,-1.2064383881673353,,,0.7671,0.6121,0.0233
20241021,71914.5625,74038.4063,74038.4063,71645.4219,468682.0,9656.0,328899.0,2.0,-1.0,13867.0,-4603.0,0.0,-3.0,0.0,-48402.0,73280.8703,75096.57968,76396.404695,-1815.70938,-3115.53439500001,75983.87213166666,77251.77923840476,349560.9,,0.429295,4.129417491917557,3.451000998663446,7.580418490581003,1.0,9264.0,-3.0,-48402.0,0.02060245539619614,-1.095432166628768,,,0.5342,0.4249,0.0565
20241022,73260.8203,71583.4688,73716.6641,70925.3125,473226.0,4544.0,348978.0,2.0,-1.0,13608.0,-4177.0,0.0,-3.0,0.0,-48694.0,72713.07968,74576.3453,76140.20976999999,-1863.265620000006,-3427.130089999991,75606.49540198412,77054.36104957142,322016.6,,0.4416,3.975861511390652,3.451000998663446,7.426862510054098,1.0,9431.0,-3.0,-48694.0,0.009602177395155802,-1.2598404698886596,,,0.4795,0.4274,0.0066
20241023,74781.2109,73157.5547,74806.2656,73157.5547,469913.0,-3313.0,382262.0,2.0,-1.0,13322.0,-6741.0,0.0,-3.0,0.0,-49320.0,72922.55624,74220.49686,76060.103125,-1297.940619999994,-3137.546884999989,75394.70555595239,76818.90346577778,331152.0,,0.4531,3.957469924810987,3.451000998663446,7.408470923474432,1.0,6581.0,-3.0,-49320.0,-0.007050241214863177,-1.135629175294553,,,0.4932,0.4383,0.0495
20241024,73994.1953,74916.8984,75052.9766,73003.1875,463666.0,-6247.0,316297.0,2.0,-1.0,13476.0,-8402.0,0.0,-3.0,0.0,-48237.0,73474.15312,74036.01405,75920.18007500001,-561.8609299999953,-2446.026955000008,75190.70533825396,76560.31765733333,326845.3,,0.45816,3.913062248750688,3.451000998663446,7.364063247414134,1.0,5074.0,-3.0,-48237.0,-0.0134730603494757,-1.290874200625572,,,0.4932,0.4407,0.0066
20241025,74508.75,74160.0781,75283.4766,74099.1953,458439.0,-5227.0,311958.0,2.0,-1.0,12721.0,-9867.0,0.0,-3.0,0.0,-48296.0,73691.9078,73853.83046,75821.96406,-161.9226599999965,-2130.056259999998,75036.03604849205,76290.11796704763,326522.0,,,3.695301345498823,3.451000998663446,7.146302344162269,1.0,2854.0,-3.0,-48296.0,-0.011401735018181263,-1.2297895950290798,,,0.5068,0.4262,0.0164
20241028,76475.4609,74829.0859,77104.3047,74829.0859,438193.0,-20246.0,393129.0,2.0,-1.0,12151.0,-10628.0,0.0,-3.0,0.0,-52653.0,74604.08748000002,73942.47889,75845.86913500002,661.608590000018,-1241.781654999999,75025.11198198413,76026.93311336507,336363.2,,,3.19636882778719,3.451000998663446,6.647369826450635,1.0,1523.0,-3.0,-52653.0,-0.04620338526630959,-1.1427169621050426,,,0.6164,0.5042,0.0523
20241029,74988.2578,76355.5547,76657.9063,74714.6953,434051.0,-4142.0,295144.0,2.0,-1.0,11040.0,-8373.0,0.0,-3.0,0.0,-51837.0,74949.57498,73831.32733000001,75706.17108500001,1118.24764999999,-756.5961050000042,74968.85269428571,75769.38339140476,343803.0,,,3.22924782706276,3.451000998663446,6.680248825726206,1.0,2667.0,-3.0,-51837.0,-0.009542657429656884,-1.1938803534733438,,,0.6164,0.5774,0.0391
20241030,74008.6761,74895.6319,74915.6007,73118.5865,419332.0,-14719.0,294037.0,2.0,-1.0,10870.0,-5695.0,0.0,-3.0,0.0,-47951.0,74795.06802,73858.81213,75553.59551500001,936.2558900000004,-758.5274950000021,74800.44867246033,75519.95223496032,346257.5,,,3.017872292835747,3.439032857661704,6.456905150497452,1.0,5175.0,-3.0,-47951.0,-0.03510106550418284,-1.2509082589090668,,,0.6164,0.6208,0.013
20241031,75334.0065,74178.5518,75871.9907,73854.5583,402669.0,-16663.0,363803.0,2.0,-1.0,10221.0,-6418.0,0.0,-3.0,0.0,-48700.0,75063.03026,74268.59169,75397.68412,794.4385699999984,-334.6538600000058,74722.39584238097,75312.88259997619,350421.8,,,3.026670662911584,3.428377331715309,6.455047994626893,1.0,3803.0,-3.0,-48700.0,-0.04138138272377561,-0.9672492340450988,,,0.6301,0.5643,0.1715
20241101,76944.9375,74994.375,78287.9688,74781.2813,396330.0,-6339.0,483463.0,2.0,-1.0,10100.0,-6943.0,1.0,-2.0,5273.0,-35411.0,75550.26776,74621.08778,75322.592325,929.1799800000008,227.6754349999974,74797.48687904762,75152.6110546508,351797.0,580155.6,,3.162141156418059,3.439032857661704,6.601174014079763,1.0,3157.0,-1.0,-30138.0,-0.015994247218227235,-0.8075927235942412,,,0.6575,0.6612,0.2581
20241104,77686.9181,76703.782,77944.3656,76565.3695,398203.0,1873.0,294041.0,2.0,-1.0,10549.0,-6685.0,1.0,-2.0,4824.0,-34626.0,75792.55919999999,75198.32334,75147.45151,594.2358599999861,645.1076899999898,74988.24753714286,75053.0485951984,348311.2,,0.4257299999999999,3.170215696223746,3.428377331715309,6.598593027939055,1.0,3864.0,-1.0,-29802.0,0.004703631062548499,-0.7590022075746592,,,0.6575,0.6708,0.299
20241105,77787.2273,77624.2123,78680.7753,77230.3063,397721.0,-482.0,361016.0,2.0,-1.0,10253.0,-6517.0,1.0,-2.0,4651.0,-38150.0,76352.3531,75650.96404,75113.65467,701.3890599999868,1238.698429999989,75233.53388071428,75015.75244307143,349515.0,,,3.052848274859597,3.428377331715309,6.481225606574906,1.0,3736.0,-1.0,-33499.0,-0.0012119048277561405,-0.7187052638638874,,,0.6301,0.7172,0.3205
20241106,76404.685,77756.5905,77905.0249,75357.2502,385293.0,-12428.0,378536.0,2.0,-1.0,9400.0,-7223.0,1.0,-2.0,2439.0,-36146.0,76831.55488,75813.31145000001,75016.90415500001,1018.243429999988,1814.650724999985,75374.59957547621,75013.74184502382,349142.4,,,2.960248226902491,3.428377331715309,6.3886255586178,1.0,2177.0,-1.0,-33707.0,-0.03225597142953544,-0.8342708793218792,,,0.6986,0.8245,0.246
20241107,77362.1427,76308.2786,77610.8807,75985.9046,392728.0,7435.0,232128.0,2.0,-1.0,9814.0,-8016.0,1.0,-2.0,2366.0,-34688.0,77237.18212,76150.10619,75093.06012000001,1087.075929999992,2144.121999999988,75551.44651992062,75049.81596319049,340725.5,,,2.757765792459417,3.428377331715309,6.186143124174727,1.0,1798.0,-1.0,-32322.0,0.018931677904300177,-0.7277547204532614,,,0.8767,0.9756,0.3185
20241108,76957.937,77720.9108,79382.3027,76921.445,391023.0,-1705.0,368838.0,2.0,-1.0,10171.0,-7301.0,1.0,-2.0,1855.0,-37043.0,77239.78202,76395.02489,75124.427675,844.7571299999981,2115.354345,75775.6788338095,75123.78024172221,346413.5,,,2.751050895961909,3.428377331715309,6.179428227677218,1.0,2870.0,-1.0,-35188.0,-0.00436035731913468,-0.8166053362660257,,,0.8767,0.9757,0.2508
20241111,81445.9594,77111.193,81507.1654,76369.9697,451388.0,60365.0,477806.0,2.0,-1.0,8126.0,-8818.0,1.0,-2.0,7003.0,-42622.0,77991.59028,76892.07474,75417.276815,1099.515540000008,2574.313464999999,76225.28015301589,75243.7970588254,354881.2,573367.2,,2.949488785147411,3.439032857661704,6.388521642809115,1.0,-692.0,-1.0,-35619.0,0.1337319556567742,-0.6980280421056028,,,0.863,0.9758,0.3449
20241112,81589.3664,81295.7829,82934.188,80690.4756,466845.0,15457.0,587360.0,1.0,-1.0,7811.0,-9747.0,1.0,-2.0,11557.0,-46536.0,78752.0181,77552.1856,75691.756465,1199.832500000004,3060.261635000003,76827.01646341271,75429.61343573811,384102.8,704832.0,0.41101,2.986141497819052,3.439032857661704,6.425174355480756,0.0,-1936.0,-1.0,-34979.0,0.033109490301920334,-0.7652475693739333,,,0.6849,0.6827,0.2965
20241113,86233.3472,82323.2904,86691.8674,82203.3831,518502.0,51657.0,817469.0,1.0,-1.0,7638.0,-10502.0,1.0,-2.0,13117.0,-38518.0,80717.75054,78774.65271000001,76316.73242,1943.097829999984,4401.018119999993,77721.74908087302,75721.74347657937,436446.0,980962.7999999999,0.467705,3.233191708598286,3.451000998663446,6.684192707261731,0.0,-2864.0,-1.0,-25401.0,0.09962738812965041,-0.2645384463415757,,,0.6575,0.692,0.5943
20241114,81236.3926,86226.1377,87131.8841,80770.7746,489080.0,-29422.0,1041289.0,2.0,-1.0,12216.0,-10974.0,1.0,-2.0,10016.0,-43355.0,81492.60052,79364.89132000001,76816.74150500001,2127.709199999998,4675.859014999995,78355.78672761905,76085.08256510316,504194.6,1249546.8,,3.676728375007581,3.542073150673119,7.2188015256807,1.0,1242.0,-1.0,-33339.0,-0.060157847386930564,-0.1698447413905565,,,0.6438,0.5857,0.6332
20241115,78878.0913,81187.951,81541.9732,78456.3742,473738.0,-15342.0,647952.0,2.0,-1.0,12645.0,-8733.0,1.0,-2.0,14214.0,-37741.0,81876.63138,79558.20670000001,77089.64724,2318.424679999996,4786.98414,78640.33111119048,76469.36698831746,520643.5,777542.4,,3.713351723382312,3.542073150673119,7.25542487405543,1.0,3912.0,-1.0,-23527.0,-0.032384989171229665,-0.5088144520263764,,,0.6438,0.5556,0.4969
20241118,81322.5658,79001.5651,81518.9314,78870.8642,477119.0,3381.0,483419.0,2.0,-1.0,12303.0,-8913.0,1.0,-2.0,18351.0,-37847.0,81851.95266,79921.77147,77560.047405,1930.181189999988,4291.905254999991,78973.75266103173,76867.91750070636,539581.3,,,3.755922822253167,3.542073150673119,7.297995972926286,1.0,3390.0,-1.0,-19496.0,0.007086282457835467,-0.3470247367597074,,,0.6164,0.4822,0.5607
20241119,82950.5717,81379.8813,83625.5577,80768.5263,495165.0,18046.0,657479.0,2.0,-1.0,6811.0,-7528.0,1.0,-2.0,19612.0,-35063.0,82124.19372000001,80438.10591,78044.534975,1686.087810000012,4079.658745000008,79442.96906253968,77288.86101888889,569227.6,,,3.814504730136876,3.542073150673119,7.356577880809994,1.0,-717.0,-1.0,-15451.0,0.03644441751739319,-0.2740100633983029,,,0.5616,0.4724,0.5932
20241120,83076.3818,82818.9322,83784.8853,81710.5395,499992.0,4827.0,617655.0,1.0,-1.0,6900.0,-8634.0,1.0,-1.0,18846.0,-26619.0,81492.80064,81105.27559,78459.29352,387.5250499999966,3033.507119999995,79926.9634352381,77744.09740486507,593139.5,,,3.793214894429416,3.542073150673119,7.335288045102534,0.0,-1734.0,0.0,-7773.0,0.009654154466471464,-0.3011851507055975,,,0.5342,0.4314,0.5882
20241121,82426.9885,83100.589,84472.0197,82061.2333,496144.0,-3848.0,493483.0,1.0,-1.0,6103.0,-7262.0,1.0,-1.0,17507.0,-36818.0,81730.91982,81611.76017000001,78880.93318,119.1596499999869,2849.986639999988,80349.65497912696,78223.9182507857,619275.0,,0.448155,3.677354305258187,3.542073150673119,7.219427455931307,0.0,-1159.0,0.0,-19311.0,-0.007755812828533651,-0.3961725637665006,0.3897,,0.5068,0.3984,0.5278
20241122,80024.4228,82059.1867,82059.1867,79546.7432,487018.0,-9126.0,465039.0,2.0,-1.0,10769.0,-6491.0,1.0,-2.0,13348.0,-39811.0,81960.18612,81918.40875,79156.71682,41.77736999999615,2803.469299999997,80518.48032793649,78698.19840019841,628895.1,,,3.802857168663233,3.514739808998197,7.31759697766143,1.0,4278.0,-1.0,-26463.0,-0.0187385271180942,-0.396678136023803,0.3205,,0.4795,0.3852,0.5262
20241125,80959.5014,80958.9202,81663.5805,80260.4116,482934.0,-4084.0,360712.0,2.0,-1.0,11483.0,-6117.0,1.0,-1.0,12873.0,-37199.0,81887.57324,81869.76295,79380.91884500001,17.81028999999398,2506.65439499999,80705.88785238097,79146.25917013493,617185.7,,,3.808874814020614,3.451000998663446,7.259875812684061,1.0,5366.0,0.0,-24326.0,-0.008456642108445461,-0.4145842319238514,0.3352,,0.4658,0.3527,0.5215
20241126,79408.7604,80974.4139,81208.9289,78823.7237,482288.0,-646.0,394049.0,2.0,-1.0,11804.0,-5948.0,1.0,-1.0,13932.0,-35005.0,81179.21098,81651.70235,79601.943975,-472.4913700000034,1577.267005000002,80759.55841714288,79539.51336550793,597854.6,,,3.784446054292407,3.451000998663446,7.235447052955854,1.0,5856.0,0.0,-21073.0,-0.0013394486282055536,-0.4282075223945949,0.3174,,0.5616,0.4247,0.5199
20241127,79393.7573,79651.9972,79977.6091,79133.2116,472131.0,-10157.0,255163.0,2.0,-1.0,11441.0,-5240.0,2.0,-1.0,13904.0,-31494.0,80442.68608,80967.74336,79871.198035,-525.0572799999936,571.4880450000055,80742.3916136508,79841.57761878571,541624.0,,,3.70895869570791,3.451000998663446,7.159959694371357,1.0,6201.0,1.0,-17590.0,-0.02151309700062059,-0.5243473936052113,0.2904,,0.5479,0.4038,0.4817
20241128,79262.5828,79189.6959,79826.8173,77819.6585,468891.0,-3240.0,369673.0,2.0,-1.0,10778.0,-4930.0,2.0,-1.0,14561.0,-30423.0,79809.80493999999,80770.36237999999,80067.62685,-960.5574400000041,-257.8219100000133,80669.87296444444,80072.98624246825,474462.4,,,3.661588010013304,3.451000998663446,7.11258900867675,1.0,5848.0,1.0,-15862.0,-0.0069099214956141195,-0.4859914180884817,0.2652,,0.5342,0.3985,0.4954
20241129,79689.1144,79175.8098,80629.058,78822.9193,478102.0,9211.0,353805.0,2.0,-1.0,10820.0,-5627.0,2.0,-1.0,13518.0,-31951.0,79742.74326,80851.46469000001,80204.835695,-1108.721430000005,-462.0924349999987,80632.56299150793,80272.2094305,445047.7,,,3.374138208226923,3.451000998663446,6.82513920689037,1.0,5193.0,1.0,-18433.0,0.019265763372669432,-0.5578790133755063,0.2442,,0.4658,0.355,0.4727
20241202,79446.7482,79510.5524,80407.3718,79073.2584,476654.0,-1448.0,246458.0,2.0,-1.0,10874.0,-3474.0,2.0,-1.0,16627.0,-36357.0,79440.19262000002,80663.88292999999,80292.8272,-1223.690309999976,-852.6345799999835,80573.87753539681,80432.2219179365,421351.6,,,3.300321996446439,3.444974504053903,6.745296500500341,1.0,7400.0,1.0,-19730.0,-0.003037842963659174,-0.554990158861424,0.2553,,0.4795,0.3384,0.4743
20241203,79021.454,79735.3855,80369.4397,78663.9638,469689.0,-6965.0,266109.0,2.0,-1.0,10424.0,-3064.0,2.0,-1.0,15797.0,-35430.0,79362.73134,80270.97116,80354.538535,-908.2398200000025,-991.8071950000012,80486.23251611111,80536.54826329366,382214.6,,,3.020043682420814,3.444974504053903,6.465018186474717,1.0,7360.0,1.0,-19633.0,-0.014828961291407719,-0.5756835260969078,0.243,,0.4384,0.3598,0.4669
20241204,77488.7855,79246.9394,79975.0202,77450.2929,457340.0,-12349.0,325860.0,2.0,0.0,9810.0,-957.0,2.0,-1.0,13741.0,-34907.0,78981.73698,79712.21153,80408.74356,-730.474549999999,-1427.006580000001,80271.17765444444,80570.96968521428,353035.1,,,2.688606130722339,3.438315989748972,6.126922120471312,2.0,8853.0,1.0,-21166.0,-0.027001792976778766,-0.5940042099448181,0.2368,,0.4658,0.3849,0.4595
20241205,77818.3746,77792.8074,78115.9073,77172.1593,448095.0,-9245.0,210028.0,2.0,-1.0,8980.0,-967.0,2.0,-1.0,15317.0,-34140.0,78692.89534,79251.35014,80431.555155,-558.4547999999922,-1738.659814999992,80013.51668809523,80537.35585611111,324689.6,,,2.500298351582262,3.438315989748972,5.938614341331235,1.0,8013.0,1.0,-18823.0,-0.020631785670449345,-0.5538514368117828,0.233,,0.274,0.1767,0.479
20241206,78076.7588,77847.7837,78707.6559,77264.2586,442513.0,-5582.0,228095.0,2.0,-1.0,8830.0,-4424.0,2.0,-1.0,18863.0,-32996.0,78370.42422,79056.58374,80487.496245,-686.1595200000011,-2117.072025000001,79768.04832253967,80462.31265557143,300995.2,,0.3323499999999999,2.399898828589812,3.438315989748972,5.838214818338784,1.0,4406.0,1.0,-14133.0,-0.012614318675383549,-0.589228106522858,0.289,,0.2466,0.1648,0.4597
20241209,78262.4891,77868.109,78548.522,76749.7438,431792.0,-10721.0,243646.0,1.0,-1.0,5285.0,-3188.0,2.0,-1.0,15647.0,-31828.0,78133.57239999999,78786.88251,80328.32273,-653.3101100000058,-2194.75033000001,79530.92281539683,80344.816151873,289288.6,,,2.31502973297801,3.410124348902926,5.725154081880936,0.0,2097.0,1.0,-16181.0,-0.02482908437395783,-0.5824142969429219,0.271,,0.2466,0.1642,0.4643
20241210,78330.2781,79484.765,80238.2989,77984.6607,431889.0,97.0,328380.0,1.0,-1.0,5696.0,-5607.0,2.0,-1.0,17487.0,-34217.0,77995.33722,78679.03427999999,80165.368315,-683.6970599999913,-2170.031094999998,79367.0779474603,80205.56810490476,282721.7,,,2.341089889940314,3.358335754790076,5.69942564473039,0.0,89.0,1.0,-16730.0,0.00022459474540912133,-0.4442871236429884,0.274,,0.4247,0.3829,0.5223
20241211,78471.5978,78464.374,78818.1495,78113.4368,429829.0,-2060.0,177745.0,2.0,-1.0,8590.0,-6551.0,2.0,-1.0,17110.0,-32741.0,78191.89968,78586.81833000001,79777.280845,-394.9186500000069,-1585.381164999999,79220.22690912698,80053.35163445238,274979.9,,,2.195160554373812,3.330354466690345,5.525515021064157,1.0,2039.0,1.0,-15631.0,-0.0047926035702570095,-0.6763821716316689,0.2711,,0.4247,0.3519,0.355
20241212,78871.3677,78605.0545,79360.3377,77944.1279,422291.0,-7538.0,190109.0,1.0,-1.0,5306.0,-6964.0,2.0,-1.0,14533.0,-30612.0,78402.4983,78547.69682,79659.0296,-145.1985199999908,-1256.531299999988,79112.25790833333,79897.59012884126,257023.5,,,2.064900523222895,3.330354466690345,5.395254989913241,0.0,-1658.0,1.0,-16079.0,-0.017850250182930728,-0.732073274061787,0.2666,,0.411,0.3321,0.3009
20241213,77612.4957,78696.2458,78696.2458,77557.7659,411237.0,-11054.0,197179.0,1.0,-1.0,5310.0,-4032.0,2.0,-1.0,10979.0,-33799.0,78309.64568,78340.03494999999,79595.74982,-30.38926999998512,-1286.104139999996,78922.62549301586,79726.59637899205,241360.9,,,2.041611915966554,3.285925671883917,5.327537587850471,0.0,1278.0,1.0,-22820.0,-0.026879877053864316,-0.4430943539279948,0.2598,,0.3288,0.3309,0.5265
20241216,77619.0785,77469.6973,78060.9167,76604.0527,402940.0,-8297.0,219614.0,2.0,-1.0,9267.0,-3639.0,2.0,-1.0,11079.0,-31827.0,78180.96356,78157.26798,79410.575455,23.69557999999961,-1229.611894999995,78712.31349904761,79540.43997535713,238676.5,,,1.960492093488352,3.257024495277432,5.217516588765784,1.0,5628.0,1.0,-20748.0,-0.020591155010671564,-0.7351147396732349,0.2509,,0.3288,0.3114,0.2991
20241217,76787.3256,77646.1953,77646.1953,76411.521,391924.0,-11016.0,186858.0,2.0,0.0,9387.0,-820.0,2.0,-1.0,8218.0,-29308.0,77872.37306,77933.85514,79102.41315000001,-61.48208000000159,-1230.04009000001,78481.30612150794,79339.94733589681,230751.4,,,2.000735748513643,3.257024495277432,5.257760243791076,2.0,8567.0,1.0,-21090.0,-0.028107490227697207,-0.8552786989388285,0.2448,,0.3014,0.2993,0.2105
20241218,76105.8902,77003.6007,77311.3233,76105.8902,389786.0,-2138.0,218103.0,2.0,-1.0,9231.0,-40.0,2.0,-1.0,9770.0,-28813.0,77399.23154,77795.56561,78753.88857,-396.3340700000117,-1354.657030000002,78219.5125825397,79134.78082870635,219975.7,,,1.933200321001462,3.221100099353122,5.154300420354584,1.0,9191.0,1.0,-19043.0,-0.005485061033490172,-0.9222850602347966,0.2374,,0.2055,0.2909,0.1662
20241219,75676.6347,75920.2892,76068.9686,75373.6654,373837.0,-15949.0,187038.0,3.0,0.0,9336.0,0.0,2.0,-1.0,9358.0,-24604.0,76760.28494,77581.39162,78416.37088,-821.1066799999971,-1656.085940000004,77926.68180412699,78926.09734030951,217676.7,,,1.84175810059607,3.081289577138898,4.923047677734967,3.0,9336.0,1.0,-15246.0,-0.042662978784871484,-0.9089179448347796,0.2373,,0.2055,0.1522,0.1744
20241220,76867.0488,75665.2544,76989.8912,75635.0972,367766.0,-6071.0,206713.0,2.0,-1.0,6710.0,-980.0,2.0,-1.0,7649.0,-23334.0,76611.19556,77460.42061999999,78258.50218,-849.225059999997,-1647.306620000003,77716.98280079364,78720.99078813492,215538.5,,,1.848031497259878,3.081289577138898,4.929321074398776,1.0,5730.0,1.0,-15685.0,-0.016507779403207475,-0.8931379864319768,0.2426,,0.2055,0.1552,0.1826
20241223,76369.5223,76845.9402,77192.361,76296.8884,367281.0,-485.0,157470.0,2.0,-1.0,4760.0,-279.0,1.0,-2.0,7037.0,-24026.0,76361.28432,77271.12394,78029.003225,-909.8396199999988,-1667.718904999987,77554.62101658729,78523.36060825396,206920.9,,,1.777852182462511,2.956334370752317,4.734186553214828,1.0,4481.0,-1.0,-16989.0,-0.0013205148101862062,-0.8907610583050494,0.2395,,0.1918,0.1511,0.1908
20241224,77288.8335,76307.1551,77487.3955,76268.7833,370004.0,2723.0,162575.0,1.0,-1.0,4779.0,-3347.0,2.0,-2.0,5813.0,-21969.0,76461.58589999999,77166.97948000001,77923.00688,-705.3935800000181,-1461.42098000001,77442.45709492062,78330.898523,190340.4,,,1.657707276003719,2.896159772881767,4.553867048885485,0.0,1432.0,0.0,-16156.0,0.007359379898595691,-0.8455210650294214,0.2375,,0.2055,0.1577,0.2248
20241225,76729.9599,77182.8394,77197.4764,76419.4492,366959.0,-3045.0,155796.0,2.0,-1.0,8983.0,-1643.0,2.0,-2.0,6059.0,-24030.0,76586.39984,76992.81568999999,77789.81701,-406.4158499999903,-1203.417170000001,77332.49114309525,78142.12494639683,188145.5,,,1.652507149721066,2.812960402732156,4.465467552453221,1.0,7340.0,0.0,-17971.0,-0.008297929741469756,-0.8567472943234187,0.2285,,0.2192,0.1643,0.2184
20241226,76727.3472,76804.5097,77075.3129,76543.772,361340.0,-5619.0,136157.0,2.0,-1.0,8130.0,-2548.0,2.0,-1.0,5797.0,-21651.0,76796.54234000001,76778.41364,77663.05523,18.12870000001567,-866.5128899999836,77224.78867015876,77953.37802257936,182750.3,,,1.570271692811973,2.812960402732156,4.383232095544129,1.0,5582.0,1.0,-15854.0,-0.015550451098688215,-0.89076872104406,0.2263,,0.3699,0.3701,0.1891
20241227,75834.3507,76812.2899,77216.5339,75792.9095,365291.0,3951.0,170213.0,2.0,-1.0,7905.0,-1212.0,1.0,-2.0,4936.0,-21744.0,76590.00271999999,76600.59914,77470.317045,-10.59642000001622,-880.3143250000139,77083.13981714287,77769.42945499207,180053.7,,,1.539045155958595,2.758084575601424,4.297129731560018,1.0,6693.0,-1.0,-16808.0,0.010816034339745572,-0.9740976558695306,0.2212,,0.3425,0.3191,0.1486
20241230,77437.2437,75896.6864,77899.7733,75304.4779,374830.0,9539.0,357200.0,2.0,-1.0,4642.0,-4978.0,2.0,-1.0,9321.0,-22622.0,76803.547,76582.41566,77369.84182,221.1313400000072,-566.2948199999955,77020.71927420635,77600.27003250793,193812.3,428640.0,,1.572001557324215,2.758084575601424,4.330086132925639,1.0,-336.0,1.0,-13301.0,0.025448870154470025,-0.9382235323686507,0.225,,0.4247,0.4064,0.1595
20241231,76294.5556,77148.9981,77300.4127,75960.6208,376499.0,1669.0,225644.0,1.0,-1.0,4393.0,-3009.0,2.0,-1.0,6237.0,-23692.0,76604.69142,76533.13866,77233.4969,71.55276000000595,-628.8054799999954,76940.52178301587,77446.19159865873,197690.9,,0.26312,1.646905582365575,2.731831337282502,4.378736919648077,0.0,1384.0,1.0,-17455.0,0.0044329467010536545,-1.0388684000666142,0.2288,,0.4932,0.4894,0.108
20250102,76971.232,76290.379,77578.9668,76290.379,363731.0,-12768.0,214331.0,1.0,-1.0,5072.0,-4538.0,2.0,-1.0,7743.0,-23188.0,76652.94584,76619.67284,77207.619225,33.27300000000105,-554.6733850000019,76894.32881880952,77313.67322228572,197313.7,,,1.637939127032199,2.731831337282502,4.369770464314701,0.0,534.0,1.0,-15445.0,-0.03510286447951921,-1.0114700831121892,0.2285,,0.5205,0.4912,0.119
20250103,75771.4024,76746.3903,76925.3738,75418.0835,353761.0,-9970.0,241316.0,2.0,-1.0,6955.0,-2171.0,2.0,-1.0,5298.0,-18183.0,76461.75688,76629.14961000001,77105.270615,-167.3927300000068,-643.5137350000005,76780.40030777776,77199.0450726508,202741.5,,0.2645,1.663086689748854,2.694676189862608,4.357762879611462,1.0,4784.0,1.0,-12885.0,-0.028182869225267908,-1.0018543270814464,0.23,,0.4932,0.5245,0.1299
20250106,77074.7986,76029.8247,78605.8776,76010.7185,344074.0,-9687.0,364604.0,2.0,-1.0,7398.0,-4945.0,2.0,-1.0,5613.0,-17438.0,76709.84646,76649.92459000001,77055.172605,59.92186999999103,-345.3261449999991,76765.83201603175,77103.9299941746,218530.6,437524.8,0.279105,1.79244729138368,2.731831337282502,4.524278628666182,1.0,2453.0,1.0,-11825.0,-0.028153827374343892,-0.8918173767771915,0.2427,,0.5616,0.5436,0.1972
20250107,78243.2187,77307.0657,78981.2057,76560.7299,369576.0,25502.0,315177.0,2.0,-1.0,8200.0,-5738.0,2.0,-1.0,4871.0,-19573.0,76871.04146000001,76837.29423,77054.209085,33.74723000000813,-183.1676249999873,76841.64865714284,77032.63275823016,234301.3,378212.4,0.286005,1.900488467597386,2.758084575601424,4.65857304319881,1.0,2462.0,1.0,-14702.0,0.06900339848907938,-0.7573769917526085,0.2487,,0.4658,0.5868,0.3146
20250108,76677.9962,78352.7589,78412.7702,76583.7836,359146.0,-10430.0,240479.0,2.0,-1.0,7921.0,-4289.0,1.0,-2.0,4563.0,-23347.0,76947.72958000001,76776.2105,76971.59499,171.5190800000128,-23.86540999998397,76860.2759601587,76974.41464475395,242091.7,,,1.957536991488926,2.758084575601424,4.71562156709035,1.0,3632.0,-1.0,-18784.0,-0.02904111419868243,-0.8530022065748744,0.2468,,0.4521,0.5779,0.2409
20250109,77707.2695,76919.8899,77996.2987,76720.7522,358761.0,-385.0,193554.0,2.0,-1.0,7531.0,-7439.0,1.0,-2.0,4723.0,-22069.0,77094.93708,76873.94146,76933.37857500001,220.9956200000015,161.5585049999936,76900.00724801586,76931.16625524603,245867.5,,,2.008311147947653,2.706792573364392,4.715103721312045,1.0,92.0,-1.0,-17346.0,-0.0010731378271328267,-0.7767235305679955,0.2447,,0.4795,0.5483,0.2989
20250110,77415.5129,77562.8624,77882.7209,76829.0974,356643.0,-2118.0,167400.0,2.0,-1.0,7658.0,-6310.0,1.0,-2.0,5047.0,-22933.0,77423.75918,76942.75803,76860.585835,481.0011499999964,563.1733449999883,76948.7471304762,76903.56210127778,248991.8,,,1.979312278869731,2.626005697781741,4.605317976651472,1.0,1348.0,-1.0,-17886.0,-0.005938711821064762,-0.8200836143381391,0.2463,,0.5068,0.5498,0.2618
20250113,78228.5947,77951.3795,78756.5776,77550.7169,358825.0,2182.0,234038.0,2.0,-1.0,4852.0,-7899.0,1.0,-2.0,5349.0,-22339.0,77654.5184,77182.18243,76891.390785,472.3359700000001,763.1276150000049,77067.39049984128,76901.98716954762,255374.3,,0.288995,2.017219769033666,2.555915742595636,4.573135511629302,1.0,-3047.0,-1.0,-16990.0,0.006080958684595555,-0.8346170359885582,0.2513,,0.5068,0.5308,0.2556
20250114,78645.612,78340.3792,79427.9139,78102.7433,379157.0,20332.0,238176.0,1.0,-1.0,5016.0,-8274.0,1.0,-2.0,4928.0,-23493.0,77734.99706,77303.01926,76942.71746,431.9777999999933,792.2795999999944,77232.20988515872,76923.13623064285,243471.9,,0.29187,2.024553737907714,2.528688159228527,4.553241897136241,0.0,-3258.0,-1.0,-18565.0,0.05362422426593733,-0.773210902672224,0.2538,,0.5205,0.5563,0.3075
20250115,79780.4414,78555.2515,80805.9749,78176.8673,409729.0,30572.0,379981.0,1.0,-1.0,5858.0,-9476.0,1.0,-2.0,4448.0,-26902.0,78355.4861,77651.60784,77092.37325,703.8782599999977,1263.11284999999,77472.3357452381,76976.31762686509,258905.6,455977.2,0.30429,2.181364750760709,2.528688159228527,4.710052909989235,0.0,-3618.0,-1.0,-22454.0,0.07461517246765545,-0.9656861180938564,0.2646,,0.5616,0.5714,0.1602
20250116,79463.0267,80029.0097,80448.6805,78914.6743,401301.0,-8428.0,205757.0,1.0,-1.0,5703.0,-8207.0,1.0,-2.0,4936.0,-24470.0,78706.63754,77900.78731,77260.230075,805.8502299999964,1446.407464999997,77715.51229468251,77058.43597445237,258048.2,,0.30498,2.268214207037533,2.528688159228527,4.79690236626606,0.0,-2504.0,-1.0,-19534.0,-0.02100169199678047,-0.6447795574260033,0.2652,,0.589,0.6068,0.4298
20250117,80345.2587,80009.59,80786.7806,79761.8768,412759.0,11458.0,280464.0,1.0,-1.0,5527.0,-9691.0,1.0,-2.0,5136.0,-22517.0,79292.58670000001,78358.17293999999,77493.66127499999,934.4137600000249,1798.925425000023,77996.26514960319,77180.02245863492,261963.0,,0.311305,2.249665845680866,2.508663052078745,4.758328897759611,0.0,-4164.0,-1.0,-17381.0,0.027759540070598096,-0.5828879106311757,0.2707,,0.6164,0.7027,0.4973
20250120,80396.4096,80462.9549,81296.0287,79156.9982,416963.0,4204.0,284369.0,1.0,-1.0,5565.0,-8242.0,1.0,-2.0,4876.0,-28327.0,79726.14968,78690.33404,77670.129315,1035.815640000001,2056.020365000004,78273.69495674603,77330.80875270635,253939.5,,0.3172849999999999,2.201831544486968,2.528688159228527,4.730519703715495,0.0,-2677.0,-1.0,-23451.0,0.010082429376227628,-0.5692380575662398,0.2759,,0.3562,0.5118,0.5068
20250121,78285.4076,80487.7366,80739.0816,77346.3334,405999.0,-10964.0,366011.0,2.0,-1.0,8529.0,-5533.0,1.0,-2.0,3876.0,-35234.0,79654.1088,78694.55292999999,77765.92358,959.555870000011,1888.185219999999,78390.32281896826,77485.6761688889,259022.9,439213.2,,2.372815975912743,2.528688159228527,4.90150413514127,1.0,2996.0,-1.0,-31358.0,-0.02700499262313454,-0.611593936671175,0.2676,,0.3973,0.5134,0.459
20250122,78928.6738,78296.5036,79121.8156,78296.5036,397147.0,-8852.0,154161.0,2.0,-1.0,4873.0,-3172.0,1.0,-2.0,3487.0,-28834.0,79483.75528000001,78919.62069000001,77847.915595,564.1345900000015,1635.839685000014,78485.36636079363,77648.18520895237,250391.1,,,2.327360841267818,2.508663052078745,4.836023893346563,1.0,1701.0,-1.0,-25347.0,-0.02228897612219153,-0.5855838544182088,0.2636,,0.3562,0.5151,0.4959
20250123,79353.5865,78911.9955,79549.6638,78868.0606,393822.0,-3325.0,149700.0,1.0,-1.0,4345.0,-2679.0,1.0,-2.0,3004.0,-25952.0,79461.86724,79084.25239000001,77979.09692499999,377.6148499999981,1482.770315000016,78614.72676404762,77819.65716055555,246005.7,,,2.240593380611608,2.429934920383221,4.670528300994829,0.0,1666.0,-1.0,-22948.0,-0.008442900599763345,-0.5236075720677681,0.2567,,0.3836,0.5167,0.5299
20250124,79375.8299,79278.9017,79683.1907,78705.4707,383780.0,-10042.0,122136.0,1.0,-1.0,4146.0,-2782.0,1.0,-2.0,2836.0,-26641.0,79267.98148,79280.28409,78111.52106,-12.30260999999882,1156.460420000003,78741.82022825396,77998.96447033333,241479.3,,,2.067558296419116,2.33314763162267,4.400705928041786,0.0,1364.0,-1.0,-23805.0,-0.026166032622856845,-0.5475112228307658,0.2508,,0.4384,0.5183,0.5203
20250127,79438.4792,79300.4676,79847.8431,78499.7303,378934.0,-4846.0,155418.0,1.0,-1.0,3971.0,-2997.0,1.0,-2.0,2963.0,-29087.0,79076.39540000001,79401.27254,78291.72748500001,-324.8771399999969,784.6679149999982,78851.38474246032,78177.36389459523,233617.3,,,1.968189286041399,2.27924514670628,4.24743443274768,0.0,974.0,-1.0,-26124.0,-0.012788506705653227,-0.5461460036644491,0.2476,,0.6986,0.7185,0.5216
20250205,78035.8888,78786.827,79131.2952,77793.0964,383719.0,4785.0,179637.0,2.0,-1.0,6962.0,-1718.0,1.0,-2.0,4414.0,-31078.0,79026.49164,79340.30022,78321.65974,-313.8085800000117,704.8318999999901,78859.39768722223,78340.08267480158,227763.4,,,1.949161811975492,2.27924514670628,4.228406958681772,1.0,5244.0,-1.0,-26664.0,0.01247006272819433,-0.6346054240185393,0.2457,,0.6712,0.7525,0.4313
20250206,77447.596,78086.987,78223.5665,77168.4624,392359.0,8640.0,181324.0,2.0,-1.0,8859.0,-4207.0,1.0,-2.0,4020.0,-34987.0,78730.27608000001,79107.01568,78379.31176,-376.7395999999862,350.9643200000137,78789.27302515872,78471.77640279364,207897.7,,,1.925803968709393,2.27924514670628,4.205049115415673,1.0,4652.0,-1.0,-30967.0,0.022020649456237783,-0.6850985313819378,0.2409,,0.6575,0.7368,0.3737
20250207,77720.8383,77425.594,78512.2326,77425.594,381758.0,-10601.0,176844.0,2.0,-1.0,8620.0,-4493.0,1.0,-2.0,3975.0,-36355.0,78403.72644000001,78932.79684,78416.792075,-529.0703999999823,-13.06563499999174,78733.35654373016,78573.56082769841,205006.4,,,1.928258646738679,2.201538915424762,4.129797562163441,1.0,4127.0,-1.0,-32380.0,-0.027768900717208285,-0.6960722203963644,0.2431,,0.6438,0.6656,0.3592
20250210,78526.2425,77655.194,79290.0338,77265.6023,380520.0,-1238.0,229986.0,2.0,-1.0,5575.0,-6747.0,1.0,-2.0,3941.0,-36188.0,78233.80896000001,78750.89521999999,78554.53408,-517.0862599999818,-320.7251199999882,78711.75332507936,78645.10964524603,199958.6,,,1.989541169189876,2.27924514670628,4.268786315896156,1.0,-1172.0,-1.0,-32247.0,-0.0032534426574161676,-0.6158322649678913,0.2475,,0.6301,0.6667,0.4545
20250211,77259.5832,78301.6389,78356.5237,77074.9476,385366.0,4846.0,191593.0,2.0,-1.0,9140.0,-3559.0,1.0,-2.0,4366.0,-40265.0,77798.02976,78437.21257999999,78563.77330999999,-639.1828199999873,-765.7435499999847,78619.4799397619,78679.68814354761,190681.0,,,2.003458758982026,2.201538915424762,4.204997674406789,1.0,5581.0,-1.0,-35899.0,0.012575058515800564,-0.7784066200014853,0.2412,,0.6027,0.6612,0.2933
20250212,77486.5272,77256.617,78010.6114,77256.617,385602.0,236.0,139024.0,2.0,-1.0,9148.0,-3370.0,1.0,-2.0,4443.0,-38167.0,77688.15744000001,78357.32454,78525.938735,-669.1670999999915,-837.7812949999934,78523.98002801587,78693.05386445238,167982.3,,,1.837483220610654,2.128394645428245,3.965877866038899,1.0,5778.0,-1.0,-33724.0,0.0006120300205911795,-0.7099308345467255,0.2438,,0.5616,0.6623,0.3484
20250213,77295.3898,77380.2184,77881.767,77104.8551,388081.0,2479.0,151970.0,2.0,-1.0,9219.0,-2429.0,1.0,-2.0,4495.0,-38136.0,77657.7162,78193.99613999999,78556.808415,-536.2799399999931,-899.0922150000115,78406.66494753966,78685.18372312697,167763.2,,,1.772271189284393,2.073267139568554,3.845538328852947,1.0,6790.0,-1.0,-33641.0,0.006387841713456727,-0.7659959522919816,0.2349,,0.5753,0.6311,0.305
20250214,76792.8935,77248.4232,77455.4719,76672.0387,393486.0,5405.0,174464.0,3.0,-1.0,9261.0,-1278.0,1.0,-2.0,3882.0,-39283.0,77472.12723999999,77937.92684,78511.089615,-465.799600000013,-1038.962375000017,78254.70396341271,78649.1814430635,170239.6,,,1.728729797182418,2.034711031369817,3.763440828552235,2.0,7983.0,-1.0,-35401.0,0.013736193917953879,-0.6878464219208008,0.2225,,0.4247,0.4645,0.3783
20250217,77164.4866,76728.28,77471.4807,76440.458,385111.0,-8375.0,135248.0,3.0,-1.0,12781.0,-2093.0,1.0,-2.0,4078.0,-38457.0,77199.77605999999,77716.79251,78498.5383,-517.0164500000101,-1298.762240000011,78106.16494158731,78585.61591439683,171550.8,,,1.632478256668304,1.971119722784782,3.603597979453086,2.0,10688.0,-1.0,-34379.0,-0.02174697684563671,-0.8082665252057663,0.2217,,0.4384,0.4662,0.2639
20250218,77082.4434,77288.9134,77531.1677,76847.1433,383245.0,-1866.0,104685.0,3.0,-1.0,12823.0,-1713.0,1.0,-2.0,4007.0,-39051.0,77164.3481,77481.18893,78441.230735,-316.840830000001,-1276.882635000002,77976.85263079366,78498.16270323016,166477.5,,,1.386204345190317,1.932448686928617,3.318653032118934,2.0,11110.0,-1.0,-35044.0,-0.004868948061944709,-0.6055224411147662,0.2207,,0.411,0.4712,0.4816
20250219,77325.0262,77237.6097,77791.6181,77184.0504,380243.0,-3002.0,124292.0,3.0,-1.0,12467.0,-2080.0,1.0,-2.0,4058.0,-40614.0,77132.0479,77410.10267000001,78375.201445,-278.0547700000025,-1243.153544999994,77869.55459928572,78399.17839443652,160943.0,,,1.376573692714216,1.899265662426585,3.275839355140801,2.0,10387.0,-1.0,-36556.0,-0.007894951386350308,-0.7139472221087765,0.2084,,0.4384,0.4728,0.3465
20250220,77228.1049,77391.4734,77648.3099,77120.4571,375818.0,-4425.0,123788.0,3.0,-1.0,12913.0,-1629.0,1.0,-2.0,3805.0,-41775.0,77118.59092000002,77388.15356,78247.58462,-269.5626399999892,-1128.993699999977,77767.9082595238,78297.04191787302,155189.4,,,1.365133337611337,1.877755376601916,3.242888714213254,2.0,11284.0,-1.0,-37970.0,-0.011774316291396367,-0.7290622558245827,0.2079,,0.4384,0.4586,0.3351
20250221,76721.6732,77121.2905,77295.3915,76708.149,388682.0,12864.0,153242.0,4.0,0.0,14043.0,-850.0,1.0,-2.0,3472.0,-42065.0,77104.34686,77288.23705,78110.51694500001,-183.890189999991,-1006.170085000005,77630.43707992062,78186.74997149206,152829.2,,,1.332499850067043,1.877077048095341,3.209576898162385,4.0,13193.0,-1.0,-38593.0,0.0330964644619509,-0.7807172549934513,0.2028,0.0,0.4384,0.4603,0.2872
20250224,76862.5493,76808.913,76953.1808,76323.415,388719.0,37.0,127468.0,3.0,0.0,13906.0,-2124.0,1.0,-2.0,3816.0,-39342.0,77043.95939999999,77121.86773000001,77936.381475,-77.90833000002021,-892.4220750000095,77501.19578920634,78065.69421790476,142577.4,,,1.269336895530695,1.859990293235578,3.129327188766273,3.0,11782.0,-1.0,-35526.0,9.518443914498648e-05,-0.7617087741008158,0.2008,0.0,0.4795,0.3354,0.3099
20250225,76788.7606,76849.565,77391.1054,76617.5846,375632.0,-13087.0,146855.0,3.0,-1.0,14539.0,-2689.0,1.0,-2.0,4085.0,-40071.0,76985.22283999999,77074.78547,77755.999025,-89.5626300000149,-770.7761850000097,77401.98156222222,77943.94438015079,138103.6,,,1.190199420435691,1.816832627824616,3.007032048260307,2.0,11850.0,-1.0,-35986.0,-0.034839949738041484,-0.7802237565764669,0.1871,0.0,0.4521,0.4637,0.2909
20250226,76189.7492,76736.6078,76883.3847,75969.2363,389482.0,13850.0,180640.0,3.0,0.0,14484.0,-1553.0,1.0,-2.0,4643.0,-38882.0,76758.16744,76945.10767000001,77651.216105,-186.9402300000074,-893.0486649999948,77257.23172928572,77817.26955027778,142265.2,216768.0,,1.178538956456248,1.775747302341849,2.954286258798097,3.0,12931.0,-1.0,-34239.0,0.035560051555655975,-0.8312103939661789,0.1887,0.01227935533384511,0.4658,0.4654,0.2487
20250227,76345.3638,76218.2548,76638.8783,75837.5331,384946.0,-4536.0,139951.0,3.0,-1.0,14316.0,-2320.0,1.0,-2.0,4529.0,-39754.0,76581.61922,76850.10507,77522.05060500001,-268.4858500000119,-940.431385000018,77120.93083492063,77688.69613901587,141063.3,,,1.153602372354548,1.733580170646041,2.887182543000589,2.0,11996.0,-1.0,-35225.0,-0.011783470928389956,-0.7902270267829333,0.1858,0.0,0.4932,0.4671,0.2765
20250228,75455.3339,76145.5389,76252.1268,75373.5482,400492.0,15546.0,171538.0,4.0,0.0,20011.0,-1006.0,1.0,-2.0,4221.0,-43947.0,76328.35136,76716.34911,77327.137975,-387.997749999995,-998.7866150000045,76944.31444357145,77557.65718703174,140770.7,205845.6,,1.059067816115468,1.733580170646041,2.792647986761509,4.0,19005.0,-1.0,-39726.0,0.03881725477662475,-0.8925234962193249,0.1893,0.033914728682170575,0.4658,0.5,0.183
20250303,75689.6792,75464.8869,76039.4931,75464.8869,391707.0,-8785.0,117398.0,4.0,0.0,19624.0,-1460.0,1.0,-2.0,3643.0,-44333.0,76093.77734,76568.86837,77142.83044,-475.091029999996,-1049.053100000005,76781.21085190475,77425.16177806348,138985.7,,,0.9799085455835521,1.703947436458557,2.683855982042108,4.0,18164.0,-1.0,-40690.0,-0.022427477681021785,-0.8249390086897395,0.1817,0.0,0.4521,0.4984,0.2519
20250304,75521.1981,75637.0379,75789.2711,75422.0218,387902.0,-3805.0,106412.0,4.0,0.0,16176.0,-1070.0,1.0,-2.0,3341.0,-44202.0,75840.26483999999,76412.74384,76946.96638499999,-572.4790000000066,-1106.701545000004,76630.2549047619,77290.50200546031,139158.4,,,0.9456428607489573,1.696720027083771,2.642362887832728,4.0,15106.0,-1.0,-40861.0,-0.00980917860696774,-0.8254312802159179,0.1727,0.0,0.4384,0.4969,0.2513
20250305,75599.1575,75617.1954,75817.1154,75303.4686,379344.0,-8558.0,124958.0,3.0,0.0,15848.0,-1251.0,1.0,-2.0,3300.0,-39679.0,75722.1465,76240.15697,76825.12982,-518.0104699999938,-1102.983319999999,76492.43987634922,77152.79053316666,139225.0,,,0.9225542771069837,1.696720027083771,2.619274304190754,3.0,14597.0,-1.0,-36379.0,-0.022559998312876965,-0.796957427582781,0.1683,0.0,0.4795,0.4923,0.2788
20250306,77011.6434,75586.8937,77098.5233,75326.6823,371208.0,-8136.0,179389.0,3.0,-1.0,14678.0,-3773.0,1.0,-2.0,3087.0,-37886.0,75855.40241999998,76218.51082,76803.33219,-363.1084000000119,-947.929770000017,76453.01015341269,77021.30072255555,144785.1,215266.8,,1.014655432353241,1.696720027083771,2.711375459437011,2.0,10905.0,-1.0,-34799.0,-0.02191763108553695,-0.7167134319137686,0.1763,0.06628003314001664,0.4932,0.4846,0.3597
20250307,76395.9041,76932.9454,77208.7818,76286.7952,373960.0,2752.0,193742.0,3.0,-1.0,14555.0,-2769.0,1.0,-2.0,3017.0,-43490.0,76043.51646,76185.93390999999,76737.08548,-142.4174499999936,-693.5690199999954,76429.69201825396,76901.2262163889,148835.1,232490.4,,1.00519588583151,1.694107287469452,2.699303173300961,2.0,11786.0,-1.0,-40473.0,0.0073590758369879135,-0.7640584763582646,0.1749,0.05468102734051364,0.4658,0.48,0.3206
20250310,76016.2827,76372.4671,76739.7922,75908.7834,372409.0,-1551.0,126479.0,3.0,-1.0,14607.0,-1853.0,1.0,-2.0,3283.0,-43853.0,76108.83716,76101.30725,76611.58749,7.529909999997471,-502.7503300000099,76379.45613166667,76789.05225063491,148736.2,,,1.019946046299386,1.694107287469452,2.714053333768838,2.0,12754.0,-1.0,-40570.0,-0.004164775824429592,-0.7553653802416461,0.1717,0.028169014084506935,0.6575,0.6534,0.335
20250311,76214.1779,75945.5417,76261.0927,75673.519,372361.0,-48.0,99280.0,3.0,-1.0,14534.0,-2576.0,1.0,-2.0,2807.0,-44725.0,76247.43312,76043.84898,76559.317225,203.5841400000063,-311.8841050000046,76321.66866404763,76681.02096081745,143978.7,,,1.009621433899636,1.687999239230171,2.697620673129807,2.0,11958.0,-1.0,-41918.0,-0.0001289071626727826,-0.7838871269168444,0.1712,0.026951672862453407,0.6027,0.5688,0.2886
20250312,75871.6561,76307.3046,76346.944,75833.1838,372868.0,507.0,89475.0,3.0,-1.0,14268.0,-2504.0,1.0,-2.0,2784.0,-45489.0,76301.93284,76012.03967,76478.57367,289.8931699999957,-176.6408300000039,76267.48015992063,76582.04580388094,134862.2,,,1.009584159270976,1.678465620254974,2.68804977952595,2.0,11764.0,-1.0,-42705.0,0.0013597305212568523,-0.749755919236725,0.1624,0.0,0.6027,0.5427,0.3384
20250313,75598.4554,75935.0791,76104.322,75568.3218,374924.0,2056.0,81039.0,4.0,0.0,14702.0,-1207.0,1.0,-2.0,1698.0,-44299.0,76019.29523999999,75937.34883,76393.72695,81.94640999998956,-374.4317100000044,76194.60974190476,76489.41369457936,128971.0,,,1.005839417131405,1.658195556851471,2.664034973982876,4.0,13495.0,-1.0,-42601.0,0.005483778045683925,-0.7656891575043956,0.1579,0.0,0.5479,0.5745,0.3174
20250314,75811.3871,75750.3804,76278.7265,75669.6362,373880.0,-1044.0,113520.0,3.0,0.0,15007.0,-1935.0,1.0,-2.0,1128.0,-38952.0,75902.39184,75972.95414999999,76344.65163000001,-70.56230999999389,-442.259790000011,76137.45423539681,76408.7276737619,123169.2,,,1.011577115746184,1.658195556851471,2.669772672597655,3.0,13072.0,-1.0,-37824.0,-0.0027923397881673266,-0.7543715401847092,0.1701,0.10338983050847451,0.5616,0.5576,0.3392
20250317,76483.9269,76001.8239,76736.5954,75951.2244,377358.0,3478.0,158446.0,3.0,-1.0,14554.0,-4549.0,1.0,-2.0,359.0,-37152.0,75995.92068000001,76052.37892,76310.623645,-56.45823999999266,-314.7029649999895,76135.27313984129,76344.13390255555,127274.0,190135.2,0.204815,1.026120487155098,1.623781250688569,2.649901737843667,2.0,10005.0,-1.0,-36793.0,0.009216711981725577,-0.4813692095193707,0.1781,0.17118644067796612,0.5616,0.5801,0.5815
20250318,75682.0191,76446.2589,76728.6523,75517.2937,382184.0,4826.0,159240.0,3.0,0.0,14747.0,-1218.0,1.0,-2.0,1.0,-40500.0,75889.48892,76068.46102,76240.60243,-178.972099999999,-351.1135099999956,76098.04275531745,76290.91268761111,132556.8,191088.0,,1.05455154921806,1.603519491729574,2.658071040947634,3.0,13529.0,-1.0,-40499.0,0.012627425533251,-0.5621095889658306,0.1655,0.06440677966101693,0.5753,0.6265,0.54
20250319,75477.4319,75823.8104,75823.8104,75458.1529,379904.0,-2280.0,83269.0,4.0,0.0,14497.0,-923.0,1.0,-2.0,0.0,-41007.0,75810.64408000001,76056.28846,76148.22271500001,-245.6443799999834,-337.578634999998,76033.25916952382,76244.99461692857,128387.9,,,1.014419485605898,1.590569496895042,2.60498898250094,4.0,13574.0,-1.0,-41007.0,-0.006001516172506738,-0.5522398638555601,0.1547,0.0,0.5616,0.6126,0.5511
20250320,73579.1336,75521.0817,75521.0817,73463.6383,395206.0,15302.0,292666.0,4.0,0.0,17584.0,0.0,0.0,-3.0,0.0,-32121.0,75406.77972,75713.03748,75965.77415,-306.2577599999931,-558.9944299999916,75845.73451095239,76184.26705268254,139715.6,351199.2,0.21643,1.118539208859045,1.590569496895042,2.709108705754087,4.0,17584.0,-3.0,-32121.0,0.038719047787736015,-0.5900488598424245,0.1882,0.2764026402640265,0.5479,0.5928,0.5174
20250321,73551.8038,73762.6961,73955.3422,72749.5318,391937.0,-3269.0,186859.0,4.0,0.0,17057.0,0.0,0.0,-3.0,0.0,-28814.0,74954.86306,75428.62745,75807.28068,-473.7643899999966,-852.4176199999929,75604.2797088889,76101.72582174603,139027.3,224230.8,,1.179509697188625,1.616114975597495,2.795624672786119,4.0,17057.0,-3.0,-28814.0,-0.008340626172063367,-0.5588193071315751,0.186,0.25825082508250824,0.5479,0.606,0.5409
20250324,74019.3896,73624.4416,74130.1865,73527.0725,382039.0,-9898.0,113759.0,4.0,0.0,17869.0,0.0,0.0,-3.0,0.0,-27176.0,74461.9556,75228.93814,75665.122695,-766.9825399999972,-1203.167094999997,75414.6301161111,76005.24322019049,137755.3,,,1.20349302362096,1.616114975597495,2.819607999218454,4.0,17869.0,-3.0,-27176.0,-0.025908349671106876,-0.5246407798440074,0.1661,0.09405940594059403,0.5616,0.5923,0.5644
20250325,74053.1945,73993.0469,74746.6297,73864.724,374287.0,-7752.0,125262.0,4.0,0.0,17107.0,0.0,0.0,-3.0,0.0,-28463.0,74136.19068,75012.8398,75528.34439000001,-876.6491200000019,-1392.153710000013,75265.14012317461,75899.59036610318,140353.5,,,1.240136021031896,1.586255228309098,2.826391249340994,4.0,17107.0,-3.0,-28463.0,-0.02071137923572018,-0.503807199803356,0.1637,0.07425742574257434,0.5342,0.5579,0.5753
20250326,74674.5635,74014.7028,74932.4612,73990.6635,366463.0,-7824.0,146732.0,4.0,0.0,13795.0,0.0,0.0,-3.0,0.0,-33610.0,73975.617,74893.13054000001,75452.585105,-917.5135400000145,-1476.968105000007,75158.630645,75788.70541461112,146079.2,,,1.164092919667951,1.586255228309098,2.750348147977049,4.0,13795.0,-3.0,-33610.0,-0.021350040795387257,-0.4475210559127674,0.1527,0.0,0.5753,0.5592,0.5985
20250327,74615.1351,74603.6124,75188.7337,74249.8312,367970.0,1507.0,137766.0,4.0,0.0,14462.0,0.0,0.0,-3.0,0.0,-38293.0,74182.8173,74794.79851000001,75366.07367,-611.9812100000127,-1183.256370000003,75080.31355984126,75677.27579640476,151751.9,,,1.167672604686001,1.479114066658433,2.646786671344435,4.0,14462.0,-3.0,-38293.0,0.004095442563252439,-0.452259214420089,0.1601,0.060064935064934995,0.2055,0.2684,0.5971
20250328,74341.6885,74617.8261,74941.7626,74218.7228,367153.0,-817.0,125747.0,4.0,0.0,15215.0,0.0,0.0,-3.0,0.0,-40346.0,74340.79423999999,74647.82865000001,75310.3914,-307.034410000022,-969.5971600000048,74987.31283095237,75562.26165596032,152974.6,,,1.159251898515887,1.479114066658433,2.63836596517432,4.0,15215.0,-3.0,-40346.0,-0.0022252303535583258,-0.4823035458813723,0.1554,0.021915584415584485,0.137,0.1412,0.5833
20250331,74456.7671,74334.7836,74836.0634,73909.7233,362587.0,-4566.0,116711.0,4.0,0.0,13964.0,0.0,0.0,-3.0,0.0,-33558.0,74428.26973999999,74445.11267,75248.74579500001,-16.84293000001344,-820.476055000021,74897.72942730159,75438.50728470636,148801.1,,,1.193513828201119,1.479114066658433,2.672627894859553,4.0,13964.0,-3.0,-33558.0,-0.012592839787416538,-0.4799144412956328,0.1518,0.0,0.1233,0.1437,0.5868
20250401,74657.8163,74483.1105,75020.6134,74382.83,355825.0,-6762.0,104298.0,4.0,0.0,12287.0,0.0,0.0,-3.0,0.0,-34119.0,74549.1941,74342.69239000001,75205.576705,206.5017099999823,-656.3826050000062,74835.52132714284,75312.25514188889,143306.9,,,1.206743072426065,1.376659627537063,2.583402699963129,4.0,12287.0,-3.0,-34119.0,-0.019003723740602826,-0.41702562469115,0.1599,0.06526994359387588,0.137,0.1462,0.6171
20250402,73723.2976,74631.4952,74790.8812,73690.4186,366192.0,10367.0,154177.0,4.0,0.0,14039.0,0.0,0.0,-3.0,0.0,-33280.0,74358.94092000001,74167.27896,75111.78371,191.6619600000122,-752.8427899999951,74717.2551934127,75180.65474427778,150397.7,,0.189865,1.262917147472174,1.376659627537063,2.639576775009237,4.0,14039.0,-3.0,-33280.0,0.028310285314807532,-0.510110650955603,0.1651,0.10717163577759878,0.1507,0.1399,0.5645
20250403,73563.5944,73466.9028,73965.6514,73231.4785,362218.0,-3974.0,116774.0,4.0,0.0,13071.0,0.0,0.0,-3.0,0.0,-33157.0,74148.63278000001,74165.72504,74939.38126,-17.09225999999035,-790.7484799999802,74568.05743214287,75052.88703639683,132808.5,,0.192625,1.270807756001964,1.361537071065638,2.632344827067602,4.0,13071.0,-3.0,-33157.0,-0.010971293530415385,-0.4763437887069898,0.1675,0.12651087832393249,0.1507,0.1395,0.5874
20250407,71405.4871,70485.938,72327.0334,70485.938,343692.0,-18526.0,227727.0,3.0,0.0,10499.0,-1.0,0.0,-3.0,0.0,-27820.0,73561.3925,73951.09336999999,74689.86041,-389.700869999986,-1128.467909999992,74211.7773584127,74913.6368013492,136895.3,273272.4,0.24794,1.484431043971593,1.361537071065638,2.84596811503723,3.0,10498.0,-3.0,-27820.0,-0.0539029130733331,-0.5615508494410477,0.2156,0.5141015310233685,0.1507,0.142,0.5278
20250408,70666.7832,71662.7638,71884.9813,70313.5673,347545.0,3853.0,184304.0,4.0,0.0,7376.0,-118.0,1.0,-2.0,39.0,-24627.0,72803.39572,73615.83273,74422.38543499999,-812.4370099999942,-1618.989714999989,73850.66553920634,74757.24034365872,143949.8,221164.8,,1.526502013404063,1.361537071065638,2.888039084469701,4.0,7258.0,-1.0,-24588.0,0.011086334143779943,-0.5202087226115768,0.1878,0.2900886381950041,0.2055,0.3873,0.5604
20250409,70337.8711,70454.1281,70560.1498,68855.9097,334956.0,-12589.0,206921.0,3.0,0.0,6041.0,-102.0,1.0,-2.0,1075.0,-19815.0,71939.40668,73244.30039,74128.570095,-1304.893710000004,-2189.163415000003,73436.79437849206,74574.40576919049,152115.7,248305.2,,1.674770066808812,1.361537071065638,3.03630713787445,3.0,5939.0,-1.0,-18740.0,-0.03758404088895258,-0.448862094362946,0.1916,0.3207091055600323,0.2055,0.366,0.6024
20250410,71003.7567,71354.8647,71756.1909,70688.4654,329983.0,-4973.0,141869.0,3.0,0.0,6181.0,-161.0,2.0,-2.0,0.0,-20852.0,71395.49850000002,72877.21971,73885.175125,-1481.721209999989,-2489.676624999978,73146.40308500001,74373.18301319049,151629.4,,,1.616628545662362,1.361537071065638,2.978165616728,3.0,6020.0,0.0,-20852.0,-0.015070473327413837,-0.4811375972450258,0.177,0.20306204673650285,0.2192,0.3276,0.5841
20250411,70714.6143,70749.0585,70897.0784,70390.6646,326331.0,-3652.0,105657.0,3.0,0.0,6538.0,0.0,1.0,-2.0,0.0,-23511.0,70825.70248,72487.16763000001,73640.98307,-1661.465150000004,-2815.280589999995,72834.56776253971,74148.60843346032,148418.5,,,1.563132818991001,1.34608092492344,2.909213743914441,3.0,6538.0,-1.0,-23511.0,-0.011191091253972194,-0.4859164627857205,0.1757,0.19258662369057217,0.2055,0.3066,0.5755
20250414,71108.6319,71032.8316,71549.4017,71008.2335,321690.0,-4641.0,134149.0,3.0,0.0,6548.0,0.0,0.0,-3.0,0.0,-26301.0,70766.33144000001,72163.86197,73405.84531,-1397.530529999989,-2639.513869999995,72590.2619868254,73908.90334904761,149258.7,,,1.590324627098235,1.307215468149195,2.897540095247431,3.0,6548.0,-3.0,-26301.0,-0.0144269327613541,-0.4302796013134206,0.1675,0.12651087832393249,0.1781,0.2886,0.6196
20250415,71091.956,71106.3938,71119.607,70745.7805,323050.0,1360.0,78441.0,3.0,0.0,7320.0,0.0,1.0,-2.0,0.0,-24496.0,70851.36600000001,71827.38086,73136.246765,-976.0148599999957,-2284.880764999994,72363.8392784127,73655.51433415872,145431.7,,,1.54496815846403,1.271895662471154,2.816863820935184,3.0,7320.0,-1.0,-24496.0,0.004209874632409844,-0.4518873206518303,0.1642,0.0999194198227238,0.1644,0.2707,0.6014
20250416,70680.2454,71198.9955,71684.1949,70467.8318,324281.0,1231.0,126600.0,3.0,0.0,8775.0,0.0,1.0,-3.0,0.0,-27377.0,70919.84086,71429.62376999999,72886.15808,-509.7829099999944,-1966.317219999997,72144.68744738094,73386.43094618255,147661.9,,,1.578184978909966,1.271895662471154,2.850080641381121,3.0,8775.0,-2.0,-27377.0,0.0037960904277463065,-0.4979170745972327,0.166,0.11442385173247396,0.2329,0.2386,0.5667
20250417,70760.1652,70901.5262,70951.7933,70503.4064,321270.0,-3011.0,94761.0,3.0,0.0,8480.0,0.0,1.0,-2.0,0.0,-24083.0,70871.12256,71133.31053,72650.29474499999,-262.187969999999,-1779.172184999989,71942.64149674602,73108.96957651587,141720.3,,,1.535579957195003,1.259477415242994,2.795057372437997,3.0,8480.0,-1.0,-24083.0,-0.0093721791639431,-0.5019714107416912,0.1681,0.1313456889605158,0.1644,0.1161,0.5629
20250418,70549.7036,70732.8038,70906.5992,70141.4544,322559.0,1289.0,148232.0,3.0,0.0,10322.0,0.0,1.0,-2.0,0.0,-25767.0,70838.14042,70831.92145,72498.823245,6.218970000001718,-1660.682825000011,71736.21972222222,72825.78580552382,144866.1,,0.2024,1.545566211197023,1.249809763746992,2.795375974944014,3.0,10322.0,-1.0,-25767.0,0.003996168142882388,-0.4615846135279057,0.176,0.19500402900886382,0.2055,0.1186,0.5948
20250421,69355.6345,70460.7679,70672.1555,68919.254,347511.0,24952.0,267293.0,3.0,0.0,12171.0,0.0,1.0,-1.0,217.0,-26373.0,70487.54094,70626.93619,72289.01478,-139.3952499999868,-1801.473839999991,71461.09399952383,72550.71746963492,148822.7,320751.6,0.23207,1.636140947879793,1.249809763746992,2.885950711626785,3.0,12171.0,0.0,-26156.0,0.07180204367631528,-0.585575148103607,0.2018,0.4029008863819502,0.1918,0.1211,0.5012
20250422,68222.3242,69099.7712,69212.7791,68168.0638,369384.0,21873.0,213834.0,3.0,0.0,14206.0,0.0,0.0,-3.0,0.0,-28636.0,69913.61458,70382.49029,71999.16151,-468.8757100000075,-2085.546930000011,71099.22533928572,72275.57344964285,151775.7,256600.8,0.24334,1.702098613170541,1.249809763746992,2.951908376917533,3.0,14206.0,-3.0,-28636.0,0.05921480085764408,-0.5562339891976412,0.2116,0.48186946011281245,0.2055,0.1236,0.5259
20250423,69299.5311,68492.9644,69422.4423,67894.3592,365876.0,-3508.0,276027.0,3.0,0.0,8277.0,0.0,0.0,-3.0,0.0,-27934.0,69637.47172,70278.65629,71761.47834,-641.1845699999976,-2124.00662,70802.3102824603,72012.12504003968,158686.3,331232.4,,1.752962039716653,1.249809763746992,3.002771803463645,3.0,8277.0,-3.0,-27934.0,-0.009587947829319222,-0.5407791281730847,0.2079,0.48445595854922285,0.1781,0.1148,0.5412
20250424,68660.9838,69091.7407,69140.462,68465.1949,364676.0,-1200.0,137595.0,3.0,0.0,10808.0,0.0,0.0,-3.0,0.0,-29767.0,69217.63544,70044.379,71460.799355,-826.7435600000026,-2243.163914999997,70515.34785214286,71749.01951675396,158258.9,,0.25645,1.771877804163492,1.236708813415466,3.008586617578958,3.0,10808.0,-3.0,-29767.0,-0.003290592196909037,-0.4816500301164719,0.223,0.6368515205724509,0.1781,0.1173,0.5822
20250425,68549.2793,68690.718,69156.9997,68362.3885,362961.0,-1715.0,151998.0,3.0,0.0,11167.0,0.0,0.0,-3.0,0.0,-30822.0,68817.55058000001,69827.8455,71157.506565,-1010.294919999986,-2339.955984999993,70243.12500269842,71489.87524076985,162893.0,,,1.544310697203743,1.236708813415466,2.78101951061921,3.0,11167.0,-3.0,-30822.0,-0.0047250255537096275,-0.4487619015075513,0.2205,0.6549094375595808,0.1918,0.1198,0.6112
20250428,67350.3136,68473.3144,68493.4651,67254.6446,393166.0,30205.0,194204.0,3.0,0.0,15566.0,0.0,0.0,-3.0,0.0,-30004.0,68416.4864,69452.01367,70807.93781999999,-1035.527270000006,-2391.451419999998,69908.66095015875,71221.71513710318,168898.5,,0.280025,1.521239595291666,1.249809763746992,2.771049359038658,3.0,15566.0,-3.0,-30004.0,0.07682505608318115,-0.4988873863714759,0.2435,0.926262626262626,0.1644,0.1139,0.5654
20250429,66665.7657,67282.0397,67342.2873,66508.6266,394193.0,1027.0,171002.0,3.0,0.0,15455.0,0.0,1.0,-2.0,65.0,-28789.0,68105.1747,69009.39464,70418.38775,-904.2199399999954,-2313.213049999991,69523.92609738094,70937.723819,178154.6,,0.2898,1.427470306024081,1.259477415242994,2.686947721267074,3.0,15455.0,-1.0,-28724.0,0.002605322773362287,-0.4956545990624171,0.252,1.0,0.1507,0.1136,0.5688
20250430,66353.8215,66583.4896,67050.6924,66312.7586,388360.0,-5833.0,155537.0,3.0,0.0,14207.0,0.0,1.0,-2.0,1001.0,-27253.0,67516.03278,68576.75224999999,70003.18801000001,-1060.719469999996,-2487.155230000018,69146.83552373016,70637.93862663492,181048.3,,0.29785,1.36412875340553,1.249809763746992,2.613938517152522,3.0,14207.0,-1.0,-26252.0,-0.015019569471624266,-0.5302695293661533,0.259,1.0,0.1644,0.116,0.5395
20250506,65664.7911,66440.0019,66601.3729,65544.4206,407535.0,19175.0,138106.0,3.0,0.0,15042.0,0.0,1.0,-2.0,717.0,-27645.0,66916.79424,68067.21484,69600.262685,-1150.420599999998,-2683.468444999991,68749.62668055556,70318.63714501588,185382.8,,,1.417300930090634,1.249809763746992,2.667110693837627,3.0,15042.0,-1.0,-26928.0,0.04705117351883887,-0.5079340674331857,0.2377,0.8013059701492536,0.1507,0.1212,0.5568
20250507,64615.9334,66028.3689,66358.669,64343.8317,437294.0,29759.0,260648.0,3.0,0.0,17336.0,0.0,1.0,-2.0,0.0,-30226.0,66130.12506,67473.83781999999,69152.879635,-1343.71275999998,-3022.754574999999,68320.85716873016,69977.10088966668,196624.4,312777.6,,1.550109848333444,1.249809763746992,2.799919612080436,3.0,17336.0,-1.0,-30226.0,0.0680526144881933,-0.5402243942679029,0.2399,0.8218283582089552,0.1644,0.1236,0.5347
20250508,64677.373,64557.5785,65150.0763,63491.1427,434729.0,-2565.0,383717.0,3.0,0.0,13218.0,0.0,0.0,-3.0,0.0,-31709.0,65595.53693999999,67006.01167,68816.47393000001,-1410.474730000016,-3220.936990000017,67860.91604603174,69617.08309431747,208266.8,460460.4,,1.695635562769776,1.249809763746992,2.945445326516768,3.0,13218.0,-3.0,-31709.0,-0.00590022749805051,-0.4993787543764494,0.2514,0.9291044776119404,0.1507,0.126,0.5658
20250509,63489.0276,64510.6541,65243.8643,63312.3329,468619.0,33890.0,351177.0,3.0,0.0,16893.0,0.0,0.0,-3.0,0.0,-35899.0,64960.18932,66532.68201,68457.58615000002,-1572.492689999999,-3497.396830000012,67386.57388769841,69245.81794915874,222001.1,421412.4,,1.784291796661167,1.249809763746992,3.03410156040816,3.0,16893.0,-3.0,-35899.0,0.07231887738226576,-0.4884264168960266,0.2576,0.9869402985074626,0.1507,0.112,0.576
20250512,64483.9571,64167.786,64880.9842,63041.1742,465429.0,-3190.0,394049.0,3.0,0.0,14781.0,0.0,0.0,-3.0,0.0,-34797.0,64586.21644,66051.12461,68164.89044999999,-1464.908169999995,-3578.674009999988,66966.40344063491,68862.2272649762,233803.3,472858.8,,1.94458045772416,1.249809763746992,3.194390221471152,3.0,14781.0,-3.0,-34797.0,-0.006853891785857778,-0.488367469305512,0.2497,0.9132462686567164,0.1507,0.1308,0.577
20250513,63727.666,64535.1289,64535.1289,63437.2162,484211.0,18782.0,274984.0,3.0,0.0,18310.0,0.0,1.0,-3.0,0.0,-32914.0,64198.79142,65557.79283,67801.085915,-1359.001410000004,-3602.294495000002,66560.34180261906,68466.72666002382,247542.2,,,1.994566464740948,1.259477415242994,3.254043879983942,3.0,18310.0,-2.0,-32914.0,0.03878887509783958,-0.4902448295080164,0.2394,0.8171641791044776,0.1233,0.1332,0.5734
20250514,65641.6769,64215.06,66056.0841,64215.06,465422.0,-18789.0,473373.0,3.0,0.0,12330.0,0.0,1.0,-2.0,4923.0,-36111.0,64403.94012,65267.03259,67547.43904499999,-863.0924700000032,-3143.498924999993,66300.00442920634,68072.4146026746,279679.7,568047.6,0.29785,2.06461091597103,1.261740716529477,3.326351632500508,3.0,12330.0,-1.0,-31188.0,-0.040369814920652655,-0.4671454456097442,0.259,1.0,0.0959,0.1355,0.6041
20250515,64645.1653,65242.6768,65721.4825,64473.3442,480821.0,15399.0,279303.0,3.0,0.0,17871.0,0.0,1.0,-2.0,3901.0,-38090.0,64397.49858,64996.51776,67224.265715,-599.019180000003,-2826.767135000002,66040.28213333333,67685.57672099206,288189.6,,0.300035,2.079161504188891,1.2727025086407,3.35186401282959,3.0,17871.0,-1.0,-34189.0,0.03202647138956077,-0.5123119577541528,0.2609,1.0,0.0959,0.1378,0.5434
20250516,62388.9715,64642.6739,64642.6739,62369.9863,550105.0,69284.0,404752.0,3.0,0.0,26348.0,0.0,1.0,-2.0,0.0,-44361.0,64177.48736000001,64568.83834,66789.11649,-391.3509799999956,-2611.629129999994,65640.33054658731,67297.2171659127,311564.6,485702.4,0.33787,2.176310952208722,1.2727025086407,3.449013460849421,3.0,26348.0,-1.0,-44361.0,0.12594686468946836,-0.5629916132537993,0.2938,1.0,0.0959,0.1402,0.4966
20250519,61777.8344,61814.0727,62614.3013,61543.0285,566765.0,16660.0,292258.0,3.0,0.0,25711.0,0.0,0.0,-3.0,0.0,-46902.0,63636.26282,64111.23963,66343.99594,-474.9768100000001,-2707.73311999999,65158.46627015871,66898.38024055555,325236.7,,0.347645,2.218807865972856,1.369838209354108,3.588646075326964,3.0,25711.0,-3.0,-46902.0,0.029394899120446745,-0.1169316194011636,0.3023,1.0,0.0822,0.1425,0.7545
20250520,61419.0343,61781.5572,61877.9192,60848.753,578463.0,11698.0,309201.0,3.0,0.0,28020.0,0.0,0.0,-3.0,0.0,-49044.0,63174.53648,63686.66395,65876.939395,-512.1274700000067,-2702.402914999999,64679.6571168254,66491.38328418255,342346.2,,,2.262307794842618,1.53585175792959,3.798159552772208,3.0,28020.0,-3.0,-49044.0,0.020222555288756584,-0.502328753300385,0.2884,0.9076411960132889,0.0822,0.1555,0.5556
20250521,61675.4918,61554.1065,62351.755,61227.6384,571450.0,-7013.0,336081.0,3.0,0.0,26276.0,0.0,0.0,-3.0,0.0,-45624.0,62381.29945999999,63392.61979,65433.22880500001,-1011.32033000001,-3051.929345000011,64270.2254768254,66086.32011499206,349889.5,,,2.257611526550907,1.604201019745245,3.861812546296152,3.0,26276.0,-3.0,-45624.0,-0.012272289789132907,-0.5542779807012139,0.2808,0.857142857142857,0.2603,0.3529,0.5113
20250522,62708.8956,61836.9948,63477.2405,61788.0474,555870.0,-15580.0,532295.0,3.0,0.0,19892.0,0.0,0.0,-3.0,0.0,-41236.0,61994.04552,63195.77205000001,65100.89186,-1201.726530000007,-3106.846339999996,63981.59292396826,65698.3878027857,364747.3,638754.0,,2.375089207316553,1.621531960104158,3.996621167420711,3.0,19892.0,-3.0,-41236.0,-0.02802813607498156,-0.4869451601822453,0.2761,0.8259136212624585,0.2192,0.3333,0.5801
20250523,61611.0819,62677.2959,62803.9151,61466.7184,574843.0,18973.0,383881.0,3.0,0.0,23388.0,0.0,0.0,-3.0,0.0,-44027.0,61838.4676,63007.97748,64770.329745,-1169.509880000005,-2931.862144999999,63663.39001380951,65326.06941539682,368017.7,,,2.455211395676957,1.653900532632345,4.109111928309302,3.0,23388.0,-3.0,-44027.0,0.033005533684849604,-0.5416627561757325,0.2505,0.655813953488372,0.2055,0.3059,0.5225
20250526,60682.6933,61645.8217,61830.771,60506.6391,585095.0,10252.0,342290.0,3.0,0.0,25652.0,0.0,0.0,-3.0,0.0,-40476.0,61619.43938000001,62627.85110000001,64339.487855,-1008.411719999996,-2720.048474999989,63295.57614571428,64958.98668590475,362841.8,,,2.499295253338006,1.693763336966125,4.193058590304132,3.0,25652.0,-3.0,-40476.0,0.017521940881395328,-0.4824748135143827,0.2843,0.8803986710963454,0.1781,0.2785,0.5888
20250527,61135.8514,60500.7415,61679.2638,60364.9222,567772.0,-17323.0,550133.0,3.0,0.0,19389.0,0.0,0.0,-3.0,0.0,-29602.0,61562.8028,62368.66964,63963.231235,-805.8668399999951,-2400.428434999994,62961.33851531745,64599.08635717459,390356.7,660159.6,,2.429582405890604,1.721690540919071,4.151272946809675,3.0,19389.0,-3.0,-29602.0,-0.030510486603777573,-0.3760218060852465,0.2811,0.8591362126245847,0.137,0.2037,0.6637
20250528,60573.0987,61183.3187,61307.5462,59792.2508,569527.0,1755.0,541263.0,3.0,0.0,23283.0,0.0,0.0,-3.0,0.0,-35704.0,61342.32418,61861.81181999999,63564.422205,-519.4876399999921,-2222.098024999999,62637.17647928573,64232.80356218254,397145.7,649515.6,,2.424568312625513,1.727320975486829,4.151889288112342,3.0,23283.0,-3.0,-35704.0,0.0030815044765217453,-0.265074449439567,0.279,0.8451827242524917,0.0822,0.1794,0.7047
20250529,59085.7288,60524.0047,60524.0047,58725.1069,594597.0,25070.0,551109.0,2.0,0.0,27187.0,0.0,0.0,-3.0,0.0,-38216.0,60617.69082,61305.86816999999,63151.19296499999,-688.1773499999908,-2533.502144999991,62236.19437261904,63852.39478611112,424326.3,661330.7999999999,0.327635,2.427232668886597,1.736738335757086,4.163971004643684,2.0,27187.0,-3.0,-38216.0,0.042163011249636305,-0.3767337223757802,0.2849,0.8843853820598006,0.0685,0.1658,0.6607
20250530,59883.0222,59064.2183,60430.2951,59046.8028,573701.0,-20896.0,599935.0,3.0,0.0,22933.0,0.0,0.0,-3.0,0.0,-24026.0,60272.07888,61055.27323999999,62812.05579,-783.194359999994,-2539.976909999998,61890.66215531746,63477.42794698411,443844.6,719922.0,,2.387479530236357,1.773494104056267,4.160973634292623,3.0,22933.0,-3.0,-24026.0,-0.03642315422144985,-0.2619641127057614,0.2829,0.87109634551495,0.0548,0.0761,0.7082
20250603,59959.8479,59895.6579,60110.3301,58866.0918,588161.0,14460.0,448033.0,1.0,0.0,13358.0,0.0,0.0,-3.0,0.0,-26900.0,60127.5098,60873.47459000001,62492.35711,-745.9647900000127,-2364.847309999997,61591.55163746031,63120.73648371429,459422.1,,0.331545,2.414852637603928,1.862474586865046,4.277327224468974,1.0,13358.0,-3.0,-26900.0,0.024585105098773975,-0.2496316081940945,0.2883,0.9069767441860465,0.0274,0.0759,0.7111
20250604,61193.3535,60091.3102,61726.1695,59509.9242,579880.0,-8281.0,629895.0,2.0,-1.0,8856.0,-5763.0,0.0,-3.0,0.0,-31109.0,60139.01022,60850.90651,62268.78522999999,-711.8962900000042,-2129.775009999998,61422.3145095238,62795.00222298412,491491.5,755874.0,,2.414299228579633,1.92564512418867,4.339944352768303,1.0,3093.0,-3.0,-31109.0,-0.014280540801545148,-0.2153125267263363,0.2683,0.7740863787375414,0.0411,0.0783,0.7162
20250605,60435.2053,60773.131,60773.131,60246.7793,578830.0,-1050.0,375060.0,1.0,-1.0,9110.0,-4763.0,0.0,-3.0,0.0,-38460.0,60111.43154,60726.87786000001,62059.748825,-615.44632000001,-1948.317284999997,61246.1484547619,62492.59452077778,495389.4,,,2.390903555833108,1.862474586865046,4.253378142698154,0.0,4347.0,-3.0,-38460.0,-0.0018140041117426532,-0.3277164016722089,0.267,0.7654485049833888,0.0274,0.0807,0.677
20250606,60788.9664,60921.3262,61479.2658,60558.6211,565526.0,-13304.0,409342.0,1.0,-1.0,7762.0,-4469.0,0.0,-3.0,0.0,-41321.0,60452.07906,60534.88494,61865.328495,-82.80587999999989,-1413.249435000005,61128.73802642857,62207.3090310238,483094.1,,,2.251048729103629,1.862474586865046,4.113523315968675,0.0,3293.0,-3.0,-41321.0,-0.023525001503025503,-0.2518832112699822,0.1969,0.2996677740863787,0.0548,0.0831,0.7086
20250609,60935.5978,60770.6837,61155.4816,60588.2242,559981.0,-5545.0,234988.0,1.0,-1.0,3844.0,-4050.0,0.0,-3.0,0.0,-38371.0,60662.59418,60467.33652999999,61737.657005,195.2576500000068,-1075.062825000001,61023.82928309523,61943.35295795237,468204.8,,,2.194123115980438,1.862474586865046,4.056597702845484,0.0,-206.0,-3.0,-38371.0,-0.0099021216791284,-0.2904818718997962,0.2125,0.4033222591362126,0.0411,0.0855,0.6938
20250610,60959.9932,60759.9325,61479.5598,60733.8214,555779.0,-4202.0,356613.0,1.0,-1.0,2328.0,-4910.0,1.0,-3.0,0.0,-32543.0,60862.62324,60495.06651999999,61561.45881,367.5567200000078,-698.8355700000029,60949.41184809524,61708.73652819047,469637.1,,,2.162025109878508,1.862474586865046,4.024499696743554,0.0,-2582.0,-2.0,-32543.0,-0.00756055914311264,-0.2068479539184851,0.1976,0.3043189368770764,0.0274,0.0879,0.7231
20250611,61765.0358,60923.3458,62180.0331,60768.0466,562980.0,7201.0,456772.0,2.0,-1.0,0.0,-1615.0,0.0,-3.0,0.0,-32996.0,60976.95970000001,60557.98496000001,61463.32729999999,418.9747399999978,-486.3675999999832,60932.55154214286,61505.85783087301,460301.0,,,2.195596528049437,1.92564512418867,4.121241652238107,1.0,-1615.0,-3.0,-32996.0,0.012790862908096202,-0.1434268434396642,0.203,0.3401993355481729,0.0685,0.0928,0.7544
20250612,60533.5426,61542.3078,61542.3078,60381.4362,578848.0,15868.0,372443.0,1.0,0.0,6133.0,0.0,0.0,-3.0,0.0,-38065.0,60996.62716,60554.02935,61207.920585,442.597809999992,-211.2934250000035,60877.48328206351,61329.88851115078,443419.0,,,2.151998132575321,1.95746277547369,4.109460908049011,1.0,6133.0,-3.0,-38065.0,0.027413068715794128,-0.1909979866408083,0.1975,0.30365448504983394,0.0822,0.1825,0.7243
20250613,59913.7396,60539.3746,60828.1662,59852.8552,597958.0,19110.0,400281.0,1.0,0.0,7377.0,0.0,0.0,-3.0,0.0,-36180.0,60821.5818,60636.83042999999,60971.3493,184.7513700000054,-149.7675000000017,60777.17436833332,61183.98651072222,428336.2,,0.24771,2.11362335112409,1.95746277547369,4.07108612659778,1.0,7377.0,-3.0,-36180.0,0.031958766334759296,-0.1658142118106431,0.2154,0.4225913621262459,0.0959,0.2026,0.7402
20250616,59922.9612,60162.114,60162.114,59319.3468,615599.0,17641.0,363131.0,1.0,0.0,4077.0,0.0,0.0,-3.0,0.0,-35250.0,60619.05448000001,60640.82433,60848.04878500001,-21.76984999998967,-228.9943050000002,60665.66095722222,61061.48639091269,404655.8,,0.25024,2.058693054144838,1.95746277547369,4.016155829618528,1.0,4077.0,-3.0,-35250.0,0.02865664174243298,-0.1030036977632934,0.2176,0.4372093023255813,0.0959,0.2123,0.7691
20250617,59951.0731,59836.8876,60275.2116,59667.0832,612802.0,-2797.0,271065.0,1.0,0.0,4489.0,0.0,0.0,-3.0,0.0,-34241.0,60417.27045999999,60639.94684999999,60756.71072,-222.6763900000005,-339.440260000003,60571.50016087302,60959.48124325396,386959.0,,,1.978089990955506,1.95746277547369,3.935552766429196,1.0,4489.0,-3.0,-34241.0,-0.004564280142688829,-0.0785904150227288,0.2097,0.3847176079734219,0.1233,0.2959,0.7739
20250618,60026.4438,60040.8945,60647.8359,59832.5996,604974.0,-7828.0,258610.0,1.0,0.0,6436.0,0.0,0.0,-3.0,0.0,-37095.0,60069.55206,60523.25588,60687.081195,-453.7038199999952,-617.529134999997,60502.80067492065,60867.52985979365,349830.5,,,1.896556650208364,1.95746277547369,3.854019425682054,1.0,6436.0,-3.0,-37095.0,-0.012939399048554153,0.0115156795237328,0.2031,0.34086378737541534,0.1644,0.3333,0.7896
20250619,60143.8593,59874.0616,60366.5873,59782.5302,598148.0,-6826.0,243745.0,1.0,0.0,6794.0,0.0,0.0,-3.0,0.0,-35356.0,59991.6154,60494.12128,60610.49957,-502.5058800000043,-618.8841700000048,60438.47138587302,60786.76215290476,336699.0,,,1.744857268475744,1.92564512418867,3.670502392664414,1.0,6794.0,-3.0,-35356.0,-0.011411891371366284,-0.0304389153337554,0.2006,0.32425249169435216,0.137,0.099,0.7814
20250620,59076.2282,60116.1574,60459.1144,59057.2733,647277.0,49129.0,449957.0,1.0,0.0,12078.0,0.0,0.0,-3.0,0.0,-44193.0,59824.11311999999,60322.84746,60428.8662,-498.73434000001,-604.7530800000095,60334.4800429365,60707.33635455556,340760.5,539948.4,0.253805,1.748691939657219,1.95746277547369,3.706154715130909,1.0,12078.0,-3.0,-44193.0,0.07590104391164834,0.0020126775535488,0.2207,0.4578073089700997,0.1644,0.1089,0.7883
20250623,59162.9391,59156.0917,59351.6359,58553.3649,656617.0,9340.0,357650.0,1.0,0.0,9592.0,0.0,0.0,-3.0,0.0,-41448.0,59672.1087,60145.58159,60306.45906,-473.4728900000046,-634.350360000004,60203.44633666668,60625.2980599127,353026.7,,0.259325,1.697552350555509,1.95746277547369,3.655015126029198,1.0,9592.0,-3.0,-41448.0,0.014224426111416548,0.0329245476063165,0.2255,0.4897009966777409,0.1233,0.0884,0.7974
20250624,60740.8986,59078.861,61639.4708,58929.6314,631536.0,-25081.0,860946.0,1.0,0.0,2222.0,0.0,0.0,-3.0,0.0,-40842.0,59830.0738,60123.67213,60309.369325,-293.5983300000007,-479.2955250000014,60195.96274698414,60549.9531498016,403460.0,1033135.2,0.270135,1.756920019104159,2.028564366922031,3.78548438602619,1.0,2222.0,-3.0,-40842.0,-0.039714283904638846,-0.0331257132281012,0.2349,0.5521594684385381,0.2055,0.1159,0.7742
20250625,60931.3436,60696.1466,61344.605,60429.7027,630554.0,-982.0,451997.0,1.0,-1.0,384.0,0.0,1.0,-3.0,0.0,-40226.0,60011.05376,60040.30290999999,60299.143935,-29.24914999998873,-288.0901749999975,60251.63744936507,60481.86174052381,402982.5,,,1.752139463058161,2.028564366922031,3.780703829980191,0.0,384.0,-2.0,-40226.0,-0.0015573606701408602,-0.0656529921179454,0.2282,0.5076411960132889,0.2192,0.1206,0.7704
20250626,61510.6294,60724.8601,61829.9346,60724.8601,619950.0,-10604.0,491404.0,1.0,0.0,3486.0,0.0,0.0,-3.0,0.0,-44880.0,60284.40777999999,60138.01158999999,60346.02047,146.3961899999995,-61.61269000000902,60350.78830563492,60429.19224288096,414878.6,,,1.757859771566543,2.028564366922031,3.786424138488574,1.0,3486.0,-3.0,-44880.0,-0.017104605210097587,-0.1061797137143188,0.2218,0.46511627906976744,0.2466,0.1303,0.7559
20250627,63306.7102,61994.2701,63334.4898,61994.2701,615022.0,-4928.0,791555.0,0.0,-1.0,0.0,-6511.0,0.0,-3.0,0.0,-42252.0,61130.50418,60477.30865000001,60557.06954,653.1955299999972,573.4346400000068,60586.18439396824,60410.09324544445,454006.0,949866.0,,1.901138120889174,2.105019681567181,4.006157802456356,-1.0,-6511.0,-3.0,-42252.0,-0.008012721496141602,-0.1121531643882773,0.2237,0.47774086378737546,0.274,0.1325,0.7521
20250630,62291.3444,63561.6272,63561.6272,62237.0151,596990.0,-18032.0,494654.0,1.0,-1.0,0.0,-3110.0,0.0,-3.0,0.0,-53706.0,61756.18524,60714.14697,60677.48565,1042.038269999997,1078.699589999997,60796.45430190476,60423.17257991269,467158.3,,,1.966318626010841,2.135835329629328,4.102153955640169,0.0,-3110.0,-3.0,-53706.0,-0.03020486105294896,-0.1019564562544917,0.2305,0.49578651685393266,0.2603,0.1471,0.7591
20250701,62744.2399,62287.3494,62838.3515,61320.9397,597038.0,48.0,484857.0,1.0,-1.0,0.0,-798.0,0.0,-3.0,0.0,-46791.0,62156.8535,60993.46365000001,60816.70525,1163.38985,1340.148250000006,60962.80658484127,60462.30322230953,488537.5,,,1.976453342162017,2.158075630281248,4.134528972443265,0.0,-798.0,-3.0,-46791.0,8.039689266009869e-05,-0.0062050076577889,0.2184,0.392469225199131,0.274,0.194,0.7851
20250702,63905.155,62687.7384,64245.7116,62514.4,592771.0,-4267.0,652707.0,0.0,-1.0,0.0,-8738.0,0.0,-3.0,0.0,-45963.0,62751.61577999999,61381.33476999999,60952.295325,1370.281009999999,1799.320454999994,61230.19903087301,60535.04305790477,527947.2,783248.4,,2.00938030767112,2.17505346736099,4.18443377503211,-1.0,-8738.0,-3.0,-45963.0,-0.007198395333105027,-0.0825916943308491,0.2274,0.4576393917451121,0.2466,0.2035,0.7622
20250703,64021.173,63889.1062,64461.5142,62994.5121,605496.0,12725.0,510280.0,0.0,-1.0,0.0,-7901.0,1.0,-2.0,0.0,-51916.0,63253.7245,61769.06614,61131.59371,1484.658360000001,2122.130789999996,61510.80573801586,60642.27649311904,554600.7,,,2.057082353487382,2.191251547708898,4.24833390119628,-1.0,-7901.0,-1.0,-51916.0,0.02101582834568684,-0.0116608834711185,0.2269,0.454018826937002,0.1644,0.1015,0.7839
20250704,63287.2077,64050.5603,64465.4111,63134.1585,595067.0,-10429.0,431120.0,0.0,-1.0,0.0,-4188.0,1.0,-2.0,67.0,-59619.0,63249.824,62190.16409,61256.50577500001,1059.659910000002,1993.318224999995,61750.15901857142,60783.84439068254,552717.0,,,2.105773614246135,2.17505346736099,4.280827081607125,-1.0,-4188.0,-1.0,-59552.0,-0.017525757603765627,-0.0260826473267042,0.2204,0.4069514844315713,0.1507,0.1062,0.778
20250707,63640.8369,63310.5715,63813.5687,62904.8738,591037.0,-4030.0,266643.0,0.0,-1.0,0.0,-4591.0,1.0,-3.0,0.0,-55156.0,63519.7225,62637.95387,61391.76773,881.7686299999914,2127.954769999997,61965.5760840476,60960.05736542064,543616.3,,0.267145,2.131545036538324,2.158075630281248,4.289620666819571,-1.0,-4591.0,-2.0,-55156.0,-0.006818524051793712,-0.0943694490882953,0.2323,0.4931209268645908,0.1233,0.1084,0.7532
20250708,63862.1729,63808.8072,65058.2325,63791.6856,601389.0,10352.0,675144.0,0.0,-1.0,0.0,-4378.0,0.0,-3.0,0.0,-70212.0,63743.3091,62950.08130000001,61536.876715,793.2277999999933,2206.432385,62219.08835174604,61162.36992589683,525036.1,810172.7999999999,,2.191455718777502,2.158075630281248,4.349531349058751,-1.0,-4378.0,-3.0,-70212.0,0.017213484117601086,0.1111124077018857,0.2307,0.4815351194786385,0.137,0.0983,0.8063
20250709,64349.2155,63905.7671,64896.3898,63750.3838,586796.0,-14593.0,416987.0,0.0,-1.0,0.0,-6026.0,0.0,-3.0,0.0,-68030.0,63832.12119999999,63291.86849,61666.08570000001,540.2527099999934,2166.035499999984,62487.60152055554,61385.96633301586,521535.1,,,2.245279525274811,2.158075630281248,4.403355155556058,-1.0,-6026.0,-3.0,-68030.0,-0.024868949345257976,-0.0115217963306544,0.225,0.44026068066618385,0.137,0.098,0.7836
20250710,64202.1938,64489.9742,64897.7169,64082.5589,592076.0,5280.0,497318.0,1.0,-1.0,5578.0,-4181.0,0.0,-3.0,0.0,-74870.0,63868.32536,63561.02493,61849.51826,307.3004299999957,2018.807099999991,62744.75861658729,61625.36336411111,522126.5,,0.26841,2.165346668943774,2.158075630281248,4.323422299225022,0.0,1397.0,-3.0,-74870.0,0.008917774069545126,-0.1129368314846429,0.2334,0.5010861694424329,0.137,0.1027,0.7379
20250711,64216.7177,64241.8231,64719.2359,63371.6354,601111.0,9035.0,502064.0,2.0,-1.0,4761.0,-1814.0,0.0,-3.0,0.0,-76430.0,64054.22736,63652.02568,62064.66716500001,402.2016800000056,1989.560194999998,62965.84353031747,61863.32927774603,493177.4,,0.27968,2.215164649921943,2.158075630281248,4.37324028020319,1.0,2947.0,-3.0,-76430.0,0.015030501854066887,-0.2598177079662263,0.2432,0.5720492396813902,0.1918,0.1122,0.6715
20250714,66395.4261,64224.2981,68137.13,64224.2981,636587.0,35476.0,1230147.0,1.0,-1.0,0.0,0.0,2.0,-2.0,0.0,0.0,64605.14520000001,64062.43385000001,62388.29041,542.7113499999978,2216.854790000005,63339.74488531746,62117.6583360873,566726.7,1476176.4,0.33258,2.337293526368617,2.17505346736099,4.512346993729606,0.0,0.0,0.0,0.0,0.05572843931779945,-0.0937518447828391,0.2892,0.9038884812912693,0.2192,0.1144,0.7516
20250715,66528.2431,66202.6373,67180.732,64800.3475,622812.0,-13775.0,926223.0,1.0,-1.0,0.0,-1506.0,1.0,-2.0,4178.0,-84688.0,65138.35924,64440.83417,62717.14891,697.525069999996,2421.210329999994,63717.28915238094,62393.10659284126,610863.3,1111467.6,,2.486541434295574,2.191251547708898,4.677792982004473,0.0,-1506.0,-1.0,-80510.0,-0.022117428694373262,-0.0195784593873221,0.2815,0.8450074515648284,0.1507,0.1044,0.7792
20250716,66268.0992,66952.8137,67131.6742,65543.507,619618.0,-3194.0,572135.0,1.0,-1.0,5911.0,-3986.0,1.0,-2.0,2676.0,-87079.0,65522.13598,64677.12859,63029.23168,845.0073899999988,2492.904299999995,64076.58212111112,62677.74490186507,602806.1,,,2.527118591126081,2.210808759028756,4.737927350154838,0.0,1925.0,-1.0,-84403.0,-0.005154788918333554,-0.0250118235020347,0.2782,0.8091844813935075,0.137,0.1065,0.7755
20250717,67714.9956,66608.5139,69544.2538,65835.0304,637421.0,17803.0,1041428.0,1.0,-1.0,1832.0,-17843.0,1.0,-2.0,4519.0,-87332.0,66224.69634,65046.51085,63407.788495,1178.185489999996,2816.907844999994,64514.05895944445,62978.07022400794,655920.9,1249713.6,,2.723477606216844,2.245945906970284,4.969423513187128,0.0,-16011.0,-1.0,-82813.0,0.027929735606451622,0.0581006491307244,0.2844,0.8301707779886146,0.1644,0.1135,0.8029
20250718,69411.023,68828.4389,70249.9183,67811.9239,661009.0,23588.0,1472669.0,0.0,-1.0,0.0,-18345.0,1.0,-2.0,9648.0,-91890.0,67263.5574,65658.89238,63924.528235,1604.66502,3339.029165000007,65070.90361190477,63310.14468334126,760075.8,1767202.8,0.360065,2.835103703852929,2.245945906970284,5.081049610823213,-1.0,-18345.0,-1.0,-82242.0,0.03568483938947881,0.1695517554478605,0.3131,1.0,0.1644,0.1084,0.8116
20250721,70815.5857,70512.7276,71234.244,69507.6984,677599.0,16590.0,1040298.0,0.0,-1.0,0.0,-16924.0,1.0,-2.0,6273.0,-101710.0,68147.58932,66376.36726,64507.16056500001,1771.22206,3640.428754999994,65711.04156428573,63684.69123136508,837441.3,1248357.6,0.39951,2.843483484402164,2.285829022103071,5.129312506505235,-1.0,-16924.0,-1.0,-95437.0,0.024483507207064947,0.1844891290945509,0.3474,1.0,0.1644,0.1106,0.812
20250722,72390.4429,71305.5009,73820.1448,70735.9312,717953.0,40354.0,1420671.0,0.0,-1.0,0.0,-11464.0,1.0,-2.0,4010.0,-98921.0,69320.02927999999,67229.19425999999,65089.63777999999,2090.835019999999,4230.391499999998,66455.17717134919,64108.30011332539,911994.0,1704805.2,0.452065,2.963386433757607,2.288209786286405,5.251596220044012,-1.0,-11464.0,-1.0,-94911.0,0.05620702190811933,0.241950941858862,0.3931,1.0,0.1781,0.1199,0.8144
20250723,69038.8879,73043.9369,74118.4455,67878.6634,691219.0,-26734.0,1787562.0,1.0,-1.0,6227.0,-9254.0,1.0,-2.0,882.0,-99626.0,69874.18702,67698.1615,65495.014995,2176.025519999996,4379.172025,66967.76807722224,64556.31676899207,1049051.5,2145074.4,,3.459468538897321,2.298989537916784,5.758458076814104,0.0,-3027.0,-1.0,-98744.0,-0.03867659887821371,0.1076682036258591,0.3917,0.9928644240570845,0.1644,0.1292,0.8025
20250724,75731.1404,69737.5783,76703.6705,69127.3154,816290.0,125071.0,2394621.0,0.0,-2.0,1439.0,-21725.0,1.0,-2.0,10339.0,-100379.0,71477.41598,68851.05616000001,66206.040545,2626.359819999998,5271.375435000009,67756.12165428571,65057.45307276191,1238781.8,2873545.2,0.827425,4.084416126819466,2.335369276307219,6.419785403126685,-2.0,-20286.0,-1.0,-90040.0,0.15321883154271154,0.3962413254974504,0.7195,1.0,0.1918,0.136,0.8193
20250725,79598.4077,76464.8043,79614.5291,75932.2074,908247.0,91957.0,1704229.0,0.0,-2.0,0.0,-27117.0,1.0,-2.0,13148.0,-86066.0,73514.89292,70389.22516,67020.62542000001,3125.667759999997,6494.267499999987,68943.8959954762,65655.25831927778,1358998.3,2045074.8,0.8298399999999999,4.326255342480628,2.382393123798736,6.708648466279364,-2.0,-27117.0,-1.0,-72918.0,0.10124668729982042,0.4331970692973592,0.7216,1.0,0.1644,0.1381,0.8217
20250728,71963.2664,73342.6503,77643.8199,71960.0095,800387.0,-107860.0,1624231.0,1.0,-1.0,7218.0,-11184.0,0.0,-3.0,0.0,-111619.0,73744.42906,70946.00919,67504.22151999999,2798.419869999998,6240.207540000003,69542.09280150796,66275.49311089682,1398406.7,,,4.932324442688985,2.405310517713254,7.337634960402239,0.0,-3966.0,-3.0,-111619.0,-0.1347598099419406,0.3210905047954842,0.5412,0.6561844863731656,0.1781,0.1401,0.8139
20250729,70688.3648,70496.3005,71407.6992,68506.2976,721644.0,-78743.0,1304744.0,1.0,-2.0,6677.0,-7772.0,0.0,-3.0,0.0,-105852.0,73404.01343999998,71362.02135999998,67901.427765,2041.992079999996,5502.58567499998,69824.0953997619,66886.17373563492,1436258.8,,,5.13728563723921,2.451684062184746,7.588969699423956,-1.0,-1095.0,-3.0,-105852.0,-0.10911612928258255,0.0203050242507946,0.444,0.47093577282256527,0.1781,0.1445,0.7816
20250730,70620.7932,72672.3276,73820.0269,68698.1221,726593.0,4949.0,1536463.0,2.0,-1.0,6762.0,-4175.0,0.0,-3.0,0.0,-101773.0,73720.3945,71797.29076,68237.209675,1923.103739999991,5483.184824999989,70150.5668661905,67493.57221014287,1532691.6,,,5.542531247197006,2.526933407206464,8.06946465440347,1.0,2587.0,-3.0,-101773.0,0.006811240956078575,-0.0750648015541679,0.4526,0.487326091099676,0.1781,0.1466,0.7434
20250731,68706.7738,69031.467,69191.5763,67098.6893,699218.0,-27375.0,1138836.0,2.0,0.0,6358.0,0.0,1.0,-2.0,0.0,-92506.0,72315.52118000001,71896.46858,68471.489715,419.05260000001,3844.031465000007,70192.75105611111,68061.44141980952,1542432.4,,,5.737854951725775,2.526933407206464,8.26478835893224,2.0,6358.0,-1.0,-92506.0,-0.039150879983066794,-0.2150137040795214,0.4336,0.45111492281303595,0.2055,0.1486,0.6667
20250801,69237.4295,69129.3025,70104.3528,67983.1686,698918.0,-300.0,857117.0,1.0,-1.0,5767.0,-3720.0,1.0,-2.0,0.0,-86754.0,70243.32553999999,71879.10922999999,68769.00080499999,-1635.783689999997,1474.324735000002,70263.68830976191,68580.71988959525,1480877.2,,,5.539385099164944,2.530800429948768,8.070185529113711,0.0,2047.0,-1.0,-86754.0,-0.0004292349030930667,-0.182080535655139,0.413,0.41185439298646837,0.1918,0.1506,0.6815
20250804,69153.692,69429.0495,70676.6178,68218.9273,702642.0,3724.0,670045.0,1.0,-1.0,6284.0,-3261.0,1.0,-2.0,0.0,-84688.0,69681.41066000001,71712.91986,69044.64356,-2031.509199999986,636.7671000000119,70319.7021723016,69041.58595039682,1443851.9,,,5.532512805037431,2.530800429948768,8.0633132349862,0.0,3023.0,-1.0,-84688.0,0.0052999962996803495,-0.1155813867085912,0.3791,0.34724604535925285,0.1644,0.1408,0.7166
20250805,68011.1708,69157.4593,69986.466,67354.6078,693210.0,-9432.0,764863.0,2.0,0.0,9500.0,-1309.0,1.0,-2.0,0.0,-91680.0,69145.97186,71274.99265,69252.093455,-2129.020789999995,-106.1215949999896,70269.27641246031,69422.99587450795,1378271.1,,,5.62789821788505,2.530800429948768,8.158698647833818,2.0,8191.0,-1.0,-91680.0,-0.013606266499329207,-0.2906888298846534,0.3083,0.21231179721745763,0.2192,0.2389,0.6364
20250806,69684.5721,68258.4532,69833.5493,67804.0127,713149.0,19939.0,662138.0,2.0,0.0,9737.0,-2691.0,1.0,-2.0,399.0,-91093.0,68958.72764000001,71339.56107000001,69518.86128499999,-2380.833429999999,-560.1336449999799,70267.26846325396,69752.94591311112,1265728.7,,,5.44795451945219,2.628438189585324,8.076392709037513,2.0,7046.0,-1.0,-90694.0,0.027959094102354486,-0.2070851519848345,0.3595,0.30989136649514004,0.2877,0.2593,0.6694
20250807,72306.6626,69852.8797,73310.9097,69462.425,736717.0,23568.0,1167648.0,1.0,-1.0,7866.0,-3315.0,0.0,-2.0,0.0,-97212.0,69678.7054,70997.11329,69924.084725,-1318.407889999988,-245.3793249999871,70474.20670357143,70024.75441803968,1143031.4,,,5.563773160293935,2.628438189585324,8.192211349879258,0.0,4551.0,-2.0,-97212.0,0.031990574399667716,-0.3529138328376996,0.399,0.38517247951210215,0.3562,0.3963,0.6097
20250808,76856.5059,72734.2026,76897.504,72734.2026,783523.0,46806.0,1317010.0,1.0,-1.0,7663.0,-9702.0,2.0,-1.0,4347.0,-18660.0,71202.52068,70722.92311,70556.074135,479.5975699999981,646.4465449999989,71007.22538373017,70231.08735686509,1104309.5,,0.52394,5.805959026745841,2.774791462347844,8.580750489093685,0.0,-2039.0,1.0,-14313.0,0.05973787623337158,-0.112267121111615,0.4556,0.49304364398704026,0.3562,0.4209,0.7229
20250811,80861.5989,80839.3022,80863.2539,80827.6094,784594.0,1071.0,92905.0,2.0,-2.0,7523.0,-13105.0,2.0,-1.0,1789.0,-17652.0,73544.10205999999,71612.75636,71279.38277499999,1931.345699999991,2264.719284999999,72013.50912968253,70478.22898968254,951176.9,,0.558325,5.84849926199401,2.774791462347844,8.623290724341853,0.0,-5582.0,1.0,-15863.0,0.0013650372039551667,-0.1848339006218439,0.4855,0.5500285877644367,0.5479,0.6589,0.6754
20250812,81823.5091,88204.115,88204.115,81813.4737,836848.0,52254.0,2178391.0,1.0,-2.0,8737.0,-12940.0,2.0,-1.0,10138.0,-17573.0,76306.56972,72726.27079,72044.14607500001,3580.298930000004,4262.423644999988,73237.84231857142,70819.60368156349,1038541.6,2614069.2,,5.883127658993174,2.87631311260763,8.759440771600804,-1.0,-4203.0,1.0,-7435.0,0.062441446953329635,0.8663202729960804,0.4812,0.5418334286258814,0.5205,0.6597,0.834
20250813,84651.9792,82664.8224,87165.5098,82008.7477,875706.0,38858.0,1691560.0,1.0,-2.0,9130.0,-15793.0,2.0,-1.0,15854.0,-19150.0,79300.05114000001,74129.38939,72963.340075,5170.661750000014,6336.71106500001,74405.63797087302,71245.11079203174,1054051.3,2029872.0,0.5639599999999999,5.607774404016947,2.893579141176241,8.501353545193188,-1.0,-6663.0,1.0,-3296.0,0.04437333991088333,0.103099056745229,0.4904,0.5593672574804649,0.4932,0.6605,0.7984
20250814,84899.6321,84657.3332,86093.372,82485.9371,875545.0,-161.0,1458233.0,1.0,-2.0,9234.0,-17307.0,2.0,-1.0,20297.0,-18575.0,81818.64504,75748.67522,73822.57190000001,6069.969819999998,7996.073139999993,75524.38145666666,71778.2738320873,1085991.0,1749879.6,,5.552627383108557,2.97293232893671,8.525559712045267,-1.0,-8073.0,1.0,1722.0,-0.00018388546562426831,-1.1880150230272282,0.4661,0.5130550790928149,0.5753,0.6198,0.0279
20250815,86471.463,84999.7365,86523.47,83747.1673,894911.0,19366.0,1184069.0,2.0,-2.0,7262.0,-18410.0,2.0,-1.0,22272.0,-10284.0,83741.63646,77472.07857,74675.5939,6269.557889999996,9066.042559999987,76672.39818952381,72419.14482006349,1118686.2,,,5.014883491255123,3.089240770876307,8.10412426213143,0.0,-11148.0,1.0,11988.0,0.021640140751426677,0.3226777704876182,0.4784,0.5364970459310081,0.5616,0.577,0.8171
20250818,88983.2853,87809.1837,89674.603,87312.9398,918744.0,23833.0,1422244.0,2.0,-1.0,7297.0,-21114.0,2.0,-1.0,15486.0,-19350.0,85365.97374,79455.0379,75583.97888,5910.935840000006,9781.994860000006,78010.50150142857,73188.22475297618,1193906.1,,,4.905648059273148,3.160850043702026,8.066498102975174,1.0,-13817.0,1.0,-3864.0,0.025940849681739417,0.3141160748101151,0.4582,0.49799885648942244,0.3699,0.4083,0.8135
20250819,87160.4645,89166.3727,89166.3727,86992.2097,900985.0,-17759.0,980265.0,1.0,-2.0,7006.0,-18376.0,2.0,-1.0,17180.0,-18437.0,86433.36481999999,81369.96727,76322.47996,5063.397549999994,10110.88485999999,79201.07326158731,74081.40443788888,1215446.3,,,4.560397352681499,3.160850043702026,7.721247396383525,-1.0,-11370.0,1.0,-1257.0,-0.01971065001082149,0.2497542611602066,0.4303,0.4448256146369354,0.3562,0.3799,0.8099
20250820,80719.1373,85560.5291,85560.5291,80719.1372,841337.0,-59648.0,1204739.0,1.0,-2.0,5906.0,-8825.0,2.0,-1.0,7734.0,-23040.0,85646.79643999999,82473.42379,76906.49243,3173.37264999999,8740.304009999993,79755.42723158731,75030.22031472222,1269706.4,,,4.775819448787471,3.347976286447753,8.123795735235223,-1.0,-2919.0,1.0,-15306.0,-0.07089667992730618,0.2477990653893943,0.4383,0.4600724223365733,0.274,0.242,0.8083
20250821,82194.6613,81272.4982,83260.8582,81077.7481,820203.0,-21134.0,1040959.0,2.0,-2.0,5731.0,-13115.0,2.0,-1.0,11259.0,-19431.0,85105.80228,83462.22366,77229.668475,1643.57862,7876.133805000005,80243.23254571429,76007.1228989365,1257037.5,,,4.758017226365081,3.347976286447753,8.105993512812834,0.0,-7384.0,1.0,-8172.0,-0.025766791879571278,0.2929008254509891,0.4135,0.41280731846769575,0.1507,0.1549,0.8126
20250822,78592.1766,82096.6749,82443.5703,77791.5562,789319.0,-30884.0,1231362.0,0.0,-2.0,0.0,-6014.0,1.0,-2.0,8966.0,-19893.0,83529.945,83635.79073000001,77179.35691999999,-105.8457300000009,6350.588080000016,80521.74224007937,76958.57458457144,1248472.7,,,4.913395853872111,3.563574866251501,8.476970720123612,-2.0,-6014.0,-1.0,-10927.0,-0.039127399695180275,0.1685225347723059,0.3892,0.3664951400800457,0.3425,0.2909,0.7972
20250825,78988.5157,80476.4232,80829.5668,78212.747,788716.0,-603.0,831872.0,2.0,-2.0,6930.0,-10048.0,2.0,-1.0,626.0,-21735.0,81530.99107999999,83448.48241000001,77530.619385,-1917.491330000019,4000.371694999994,80708.65878317461,77828.08954992064,1322369.4,,,4.864515439303395,3.563574866251501,8.428090305554896,0.0,-3118.0,1.0,-21109.0,-0.0007645337485229157,0.205090880983578,0.3891,0.36630455498380027,0.274,0.2653,0.8016
20250826,78657.6896,78889.4627,79667.0062,77548.6211,761026.0,-27690.0,733657.0,2.0,-1.0,6811.0,-11609.0,2.0,-2.0,1881.0,-15579.0,79830.4361,83131.90046,77929.08562499999,-3301.464359999998,1901.350475000014,80791.52829047617,78583.45814711112,1177896.0,,,4.834104300713092,3.563574866251501,8.397679166964593,1.0,-4798.0,0.0,-13698.0,-0.03638509065393298,0.2129969676916115,0.3723,0.3342862588145607,0.2466,0.2511,0.8039
20250827,78464.1277,78851.3705,80501.0989,78302.6711,758292.0,-2734.0,912369.0,2.0,-1.0,1571.0,-14973.0,1.0,-2.0,2644.0,-15773.0,79379.43418000001,82513.11531,78321.25235,-3133.681129999983,1058.181830000016,80883.05743849206,79231.20009387302,1099976.9,,,4.664638256267975,3.409328692614868,8.073966948882843,1.0,-13402.0,-1.0,-13129.0,-0.0036054712432677647,0.2347947164312324,0.3704,0.3306651419858967,0.1918,0.2325,0.8043
20250828,77651.1026,77725.2094,77819.3253,75379.2148,744716.0,-13576.0,1060664.0,1.0,-1.0,0.0,-12715.0,1.0,-2.0,125.0,-15728.0,78470.72244,81788.26236000001,78768.46879,-3317.53992000001,-297.7463500000013,80761.34045896826,79754.8959941032,1060220.0,,,4.530478825668309,3.563574866251501,8.094053691919811,0.0,-12715.0,-1.0,-15603.0,-0.018229768126373006,0.2230587750619053,0.3418,0.27615780445969124,0.3014,0.3604,0.8027
20250829,76806.2802,77190.7495,78007.646,76473.6317,744380.0,-336.0,642817.0,2.0,-1.0,1742.0,-8409.0,0.0,-3.0,0.0,-22991.0,78113.54316,80821.74408,79146.91132500001,-2708.200920000003,-1033.368165000007,80586.90091396826,80146.34626654763,1006094.8,,,4.330751035889641,3.563574866251501,7.894325902141142,1.0,-6667.0,-3.0,-22991.0,-0.000451382358472823,0.1180892014406077,0.3548,0.3001335622972715,0.3014,0.3618,0.7875
20250901,75326.79,76440.1725,77051.1128,74643.0763,746305.0,1925.0,720562.0,2.0,-2.0,6204.0,-5420.0,0.0,-3.0,0.0,-25708.0,77381.19802,79456.09455000001,79455.566225,-2074.896530000013,-2074.368205000006,80251.18772111111,80370.41488851588,935926.6,,,3.922427380985414,3.563574866251501,7.486002247236915,0.0,784.0,-3.0,-25708.0,0.0025793743844674762,0.0890927322313888,0.3474,0.2860141194428544,0.3014,0.3632,0.7802
20250902,72565.8958,75117.7529,75543.5637,72440.5862,765637.0,19332.0,829829.0,3.0,-1.0,8287.0,-4229.0,0.0,-3.0,0.0,-27950.0,76162.83926000001,77996.63768,79683.302475,-1833.798419999992,-3520.463214999996,79661.17819222223,80416.42538157936,920883.0,,0.431595,3.765887713498226,3.586687474544836,7.352575188043062,2.0,4058.0,-3.0,-27950.0,0.02524956343541391,0.1016829953013247,0.3753,0.33924823506964324,0.2603,0.4653,0.7806
20250903,71911.5407,72945.0777,73244.0724,71844.6448,766355.0,718.0,594481.0,2.0,-1.0,12275.0,-7675.0,0.0,-3.0,0.0,-22861.0,74852.32186,77115.87802,79794.650905,-2263.556160000007,-4942.329045000006,78935.1381218254,80334.39647060318,859857.2,,0.433435,3.611657030955858,3.586687474544836,7.198344505500694,1.0,4600.0,-3.0,-22861.0,0.0009369026104090141,0.0200351420498503,0.3769,0.34230108757870636,0.2877,0.5156,0.7616
20250904,73395.299,71479.4151,74355.5331,71386.25,780689.0,14334.0,944698.0,3.0,-1.0,11010.0,-16842.0,0.0,-3.0,0.0,-17542.0,74001.16114000001,76235.94179,79849.082725,-2234.780649999986,-5847.921584999989,78253.0194079365,80135.3751568254,850231.1,,0.45195,3.672056191023285,3.62064437372489,7.292700564748174,2.0,-5832.0,-3.0,-17542.0,0.0183607044546548,-0.0179417576255961,0.393,0.3692898272552783,0.2877,0.245,0.7466
20250905,74226.5511,73374.2522,75658.0392,72607.7787,809521.0,28832.0,1058344.0,2.0,-1.0,5612.0,-21458.0,0.0,-3.0,0.0,-29879.0,73485.21531999999,75799.37924,79717.584985,-2314.163920000006,-6232.369665000006,77674.38808642857,79850.63974146031,832929.3,1270012.8,0.491165,3.707853587513281,3.739125381563868,7.446978969077149,1.0,-15846.0,-3.0,-29879.0,0.03561612360889958,-0.0223139541554147,0.4271,0.4347408829174664,0.274,0.2622,0.7413
20250908,74779.7811,74050.074,76456.2305,73142.2434,809359.0,-162.0,1006332.0,1.0,-1.0,5565.0,-21978.0,1.0,-2.0,2216.0,-30855.0,73375.81354,75378.50577999999,79413.494095,-2002.692239999989,-6037.680554999999,77178.59139714287,79497.63300285714,850375.3,,0.5014,3.856686516106252,3.910961193930118,7.767647710036369,0.0,-16413.0,-1.0,-28639.0,-0.0002001583969536386,0.0576560808457032,0.436,0.4518234165067178,0.1918,0.1486,0.7726
20250909,72925.1257,74748.7204,75169.354,72617.059,807250.0,-2109.0,794938.0,1.0,-1.0,5727.0,-15696.0,1.0,-2.0,3284.0,-40580.0,73447.65952,74805.24938999998,78968.574925,-1357.589869999982,-5520.915404999992,76608.55000373015,79079.33517418255,856503.4,,,3.520212969984213,3.910961193930118,7.431174163914331,0.0,-9969.0,-1.0,-37296.0,-0.0026125735521833385,-0.0301148624493086,0.4229,0.426679462571977,0.1644,0.1527,0.7346
20250910,70825.7984,69346.6209,71163.9269,68672.5855,797294.0,-9956.0,1063402.0,1.0,-1.0,5856.0,-14333.0,1.0,-3.0,291.0,-39429.0,73230.51106,74041.41646000001,78277.265885,-810.9054000000033,-5046.754824999996,75763.00850206352,78567.33028053968,871606.7,1276082.4,,3.720288235399398,4.001913764273833,7.722201999673231,0.0,-8477.0,-2.0,-39138.0,-0.012487238082815122,-0.113518093848401,0.3967,0.3763915547024952,0.1644,0.1545,0.691
20250911,71181.1776,71100.5752,71532.7219,70309.9171,778704.0,-18590.0,564454.0,1.0,-1.0,6023.0,-11952.0,1.0,-3.0,0.0,-50572.0,72787.68677999999,73394.42396,77591.34316,-606.737180000011,-4803.656380000015,75057.21929444444,77996.9181640873,821985.7,,,3.419297332064313,4.001913764273833,7.421211096338146,0.0,-5929.0,-2.0,-50572.0,-0.023872999239762476,-0.038785742348938,0.389,0.3390302066772655,0.1781,0.152,0.728
20250912,71280.6335,70756.3496,71679.2313,70591.4044,762417.0,-16287.0,523111.0,1.0,-1.0,5570.0,-11479.0,1.0,-3.0,0.0,-54611.0,72198.50326,72841.85929,76831.801685,-643.3560299999954,-4633.298425000001,74417.61078150793,77379.98915084127,810015.1,,,3.297620392161737,4.001913764273833,7.29953415643557,0.0,-5909.0,-2.0,-54611.0,-0.021362325341643746,-0.0539635607392849,0.375,0.31120826709062005,0.1644,0.1473,0.7266
20250915,72799.8354,71376.2896,73276.4644,71023.404,761248.0,-1169.0,646167.0,1.0,-1.0,5301.0,-12046.0,1.0,-3.0,0.0,-56128.0,71802.51411999999,72589.16383,76022.62919,-786.6497100000124,-4220.115070000014,73987.73726365081,76753.64410509524,802575.6,,,3.329322590514382,4.001913764273833,7.331236354788215,0.0,-6745.0,-2.0,-56128.0,-0.0015356362184202783,-0.0528668637671899,0.3856,0.3322734499205087,0.1781,0.1491,0.7271
20250916,73335.9998,74192.9421,75180.3557,72905.5699,755101.0,-6147.0,671978.0,1.0,-1.0,5954.0,-10235.0,1.0,-3.0,442.0,-54807.0,71884.68894,72666.17422999999,75331.405955,-781.4852899999969,-3446.717015000002,73770.37281746033,76164.56356761904,786790.5,,,3.363610284485222,3.910961193930118,7.274571478415339,0.0,-4281.0,-2.0,-54365.0,-0.008140632842493918,-0.0775266944637752,0.3861,0.3332670906200318,0.1781,0.0766,0.7143
20250917,73785.3887,73356.2998,74155.8591,72888.9752,750058.0,-5043.0,456716.0,1.0,-1.0,6498.0,-9895.0,1.0,-3.0,610.0,-53456.0,72476.607,72853.55902999999,74984.718525,-376.9520299999858,-2508.111525,73564.95552492062,75627.54530792857,773014.0,,0.4577,3.198950685757723,3.910961193930118,7.109911879687841,0.0,-3397.0,-2.0,-52846.0,-0.006723480050876066,-0.0719357387119084,0.398,0.3569157392686805,0.1644,0.0786,0.7167
20250918,72981.1829,73378.0527,73870.5224,71831.5225,732100.0,-17958.0,661600.0,2.0,-1.0,5656.0,-3578.0,1.0,-3.0,31.0,-53070.0,72836.60806,72812.14742,74524.04460499999,24.46064000000479,-1687.43654499999,73376.09195444442,75139.85256257936,744704.2,,,3.260375896489072,3.910961193930118,7.17133709041919,1.0,2078.0,-2.0,-53039.0,-0.024529435869416746,-0.048084243237417,0.3829,0.3269077901430843,0.1644,0.0806,0.7287
20250919,74015.2915,72853.8698,74065.9093,72738.7959,734905.0,2805.0,492310.0,2.0,-1.0,5423.0,-3338.0,1.0,-3.0,149.0,-46831.0,73383.53966,72791.02146,74295.20035,592.5181999999913,-911.6606900000043,73269.00660436507,74699.31441437302,688100.8,,,3.158596127006353,3.910961193930118,7.069557320936472,1.0,2085.0,-2.0,-46682.0,0.0038168198610704783,-0.0224293487043777,0.3969,0.35472972972972966,0.1644,0.0783,0.7424
20250922,73552.7989,74134.2234,74867.5442,73179.2467,724713.0,-10192.0,533875.0,2.0,-1.0,5663.0,-3322.0,1.0,-2.0,1765.0,-51584.0,73534.13236,72668.32324,74023.41451,865.8091200000054,-489.2821499999991,73220.927524127,74303.54802707143,640855.1,,,3.016984239148122,3.910961193930118,6.927945433078239,1.0,2341.0,-1.0,-49819.0,-0.014063498239992936,-0.0870032328646408,0.3956,0.3521462639109698,0.1644,0.0759,0.7032
20250923,73616.9428,73613.418,74400.59,72444.7549,704420.0,-20293.0,670365.0,1.0,-1.0,4873.0,-3110.0,1.0,-2.0,3791.0,-47968.0,73590.32096,72737.50495,73771.37717,852.816009999995,-181.0562100000097,73168.79361119047,73959.57238781746,628397.8,,0.468395,3.066358923368772,3.910961193930118,6.977320117298889,0.0,1763.0,-1.0,-44177.0,-0.02880809744186707,-0.0102034752857929,0.4073,0.3729050279329609,0.1644,0.1645,0.7566
20250924,72877.7128,73765.7085,73824.8065,72847.3858,714679.0,10259.0,467624.0,3.0,-1.0,11910.0,-2113.0,1.0,-2.0,2159.0,-54282.0,73408.78578,72942.69639000001,73492.05642499999,466.0893899999937,-83.27064499998232,73117.8603702381,73695.05757463492,568820.0,,0.49427,2.873048235302823,3.910961193930118,6.784009429232941,2.0,9797.0,-1.0,-52123.0,0.0143546963042149,-0.0379109737186461,0.4298,0.41779728651237036,0.1644,0.162,0.7288
20250925,73966.8716,73037.2427,74394.2045,72793.279,713067.0,-1612.0,470404.0,2.0,-1.0,7613.0,-4981.0,1.0,-2.0,3660.0,-48635.0,73605.92352,73221.26579,73307.844875,384.6577299999917,298.0786450000014,73128.46555190478,73502.18220038095,559415.0,,0.524515,2.731954228330435,3.910961193930118,6.642915422260552,1.0,2632.0,-1.0,-44975.0,-0.002260657133200667,-0.0028307271588607,0.4561,0.4702713487629689,0.2055,0.2565,0.7594
20250926,72869.8819,73750.429,74411.6999,72223.6529,695123.0,-17944.0,633239.0,1.0,-1.0,4360.0,-3366.0,1.0,-2.0,2780.0,-49865.0,73376.8416,73380.19063,73111.02496,-3.349029999997583,265.8166400000046,73117.4260270635,73372.16372493652,570427.8,,0.5333699999999999,2.626684903326462,3.910961193930118,6.53764609725658,0.0,994.0,-1.0,-47085.0,-0.02581413649095196,-0.0302053413771136,0.4638,0.48086991542488916,0.3014,0.3892,0.7336
20250929,73841.0375,72671.2003,74543.5015,72418.7666,696242.0,1119.0,656943.0,0.0,-1.0,0.0,-3111.0,2.0,-2.0,3474.0,-45428.0,73434.48932,73484.31084,73036.73733499998,-49.82152000001224,397.7519850000099,73158.34488857143,73289.22448742857,571505.4,,0.560395,2.582448964308023,3.910961193930118,6.493410158238142,-1.0,-3111.0,0.0,-41954.0,0.001607199795473413,0.0217200981197616,0.4873,0.5281917035843736,0.3425,0.4635,0.7715
20250930,72835.7002,73828.1769,73907.8138,72769.5203,676349.0,-19893.0,432403.0,1.0,0.0,1128.0,0.0,1.0,-2.0,5749.0,-50377.0,73278.2408,73434.28088,73050.227555,-156.0400800000061,228.0132449999946,73166.29215587302,73228.81642126983,547547.9,,,2.272934234253848,3.910961193930118,6.183895428183966,1.0,1128.0,-1.0,-44628.0,-0.029412330024883603,-0.0301725857263116,0.4799,0.5132903745469191,0.4247,0.5075,0.7327
20251009,73429.8746,73324.5892,74969.9979,72678.6595,682365.0,6016.0,546954.0,1.0,0.0,0.0,-242.0,1.0,-2.0,3892.0,-49065.0,73388.67315999999,73398.72946999999,73126.14425,-10.05630999999994,262.5289099999936,73207.89519412696,73193.11038819047,556571.7,,,2.372176622253983,3.910961193930118,6.283137816184102,1.0,-242.0,-1.0,-45173.0,0.00881639591714112,-0.0102549103886621,0.375,0.2900450634985662,0.4795,0.5598,0.7537
20251010,72929.5103,73262.7618,73944.4026,72745.4791,684319.0,1954.0,444552.0,2.0,0.0,5784.0,0.0,1.0,-2.0,2807.0,-52229.0,73181.2009,73393.56221,73102.854815,-212.3613100000075,78.3460849999974,73209.393095873,73176.44050233334,534866.9,,,2.379186718101109,3.910961193930118,6.290147912031228,2.0,5784.0,-1.0,-49422.0,0.002855393464159259,-0.1145779273288133,0.269,0.05392976588628766,0.5068,0.6077,0.6704
20251013,72516.9293,72552.4065,73106.3404,72071.4462,683002.0,-1317.0,434456.0,1.0,0.0,0.0,-142.0,2.0,-2.0,3797.0,-44798.0,73110.61038,73243.72598999999,73017.373725,-133.1156099999935,93.23665500000061,73160.08184142856,73165.54802603969,529081.5,,,2.261176948461088,3.910961193930118,6.172138142391207,1.0,-142.0,0.0,-41001.0,-0.0019282520402575689,-0.1860333568127866,0.2983,0.06473707467962879,0.6438,0.7979,0.6283
20251014,72817.4111,72572.523,74409.536,72572.523,666310.0,-16692.0,435804.0,1.0,0.0,2495.0,0.0,2.0,-2.0,4383.0,-46847.0,72905.8851,73170.18721,72919.255225,-264.3021100000042,-13.37012500000128,73166.84718738096,73160.13999236508,519274.4,,,2.214766574557982,3.739125381563868,5.95389195612185,1.0,2495.0,0.0,-42464.0,-0.02505140250033768,-0.1072516128787252,0.3235,0.12041537781705698,0.6575,0.8004,0.6827
20251015,72977.7163,73154.3634,73856.2879,72836.3923,671967.0,5657.0,339252.0,1.0,0.0,165.0,0.0,2.0,-2.0,4993.0,-47305.0,72934.28832,73106.26456,72921.88475499999,-171.976239999989,12.40356500001508,73195.89481325398,73162.85011257142,486163.1,,,2.194271731942601,3.739125381563868,5.933397113506469,1.0,165.0,0.0,-42312.0,0.008418568173734722,-0.139447604737096,0.2767,0.01701281484754747,0.6712,0.8008,0.6593
20251016,74992.4661,73130.4136,75032.0585,73103.3316,681728.0,9761.0,507102.0,0.0,-1.0,0.0,-5570.0,2.0,-2.0,3997.0,-41609.0,73246.80662,73317.73989,73130.21814,-70.93326999999408,116.5884800000058,73315.689825,73182.63305804762,490110.9,,,2.191469006713273,3.739125381563868,5.930594388277141,-1.0,-5570.0,0.0,-37612.0,0.0143180271310552,-0.1457789352390732,0.2883,0.04264250994255409,0.6986,0.8013,0.6543
20251017,75753.0469,74858.7274,76821.9764,74858.7274,706747.0,25019.0,755131.0,1.0,-1.0,5758.0,-12903.0,1.0,-2.0,4873.0,-47944.0,73811.51394,73496.35742,73358.81160500001,315.1565200000041,452.7023349999945,73558.85388809525,73225.67189166667,518583.6,906157.2,,2.249590102299693,3.62064437372489,5.870234476024583,0.0,-7145.0,-1.0,-43071.0,0.0354002210126113,-0.1323493978787978,0.3085,0.08727353071144493,0.6986,0.8017,0.6605
20251020,75864.5656,76441.0932,76600.8411,75630.7107,706153.0,-594.0,400577.0,1.0,-1.0,5880.0,-12122.0,1.0,-2.0,5941.0,-46992.0,74481.0412,73795.82579,73588.00821,685.2154100000043,893.032990000007,73810.56942246032,73294.98623120636,495317.4,,,2.174909593077501,3.572256385608262,5.747165978685763,0.0,-6242.0,-1.0,-41051.0,-0.000841177478535105,-0.0626583443122389,0.3083,0.0868316394167035,0.7123,0.7937,0.7145
20251021,75890.6997,75892.5496,76246.1134,75343.4764,701145.0,-5008.0,347988.0,1.0,-1.0,5830.0,-11808.0,1.0,-2.0,6426.0,-50607.0,75095.69892,74000.79201,73742.551425,1094.906909999991,1353.147494999997,74025.92042753968,73381.74378510317,464421.9,,,2.068225258914371,3.572256385608262,5.640481644522634,0.0,-5978.0,-1.0,-44181.0,-0.007142602457408952,-0.0338237375566235,0.2905,0.04750331418471048,0.7534,0.7941,0.7261
20251022,77061.0362,75952.663,77374.5167,75645.9478,743009.0,41864.0,563416.0,1.0,-1.0,6813.0,-16085.0,1.0,-2.0,11797.0,-53711.0,75912.36290000001,74423.32561,73928.803245,1489.037290000007,1983.559655000005,74311.67347388888,73496.28191690476,477523.2,,0.3642049999999999,2.132270523378784,3.521512215441881,5.653782738820665,0.0,-9272.0,-1.0,-41914.0,0.056343866628802614,-0.1237709583477645,0.3167,0.10539107379584614,0.7123,0.8365,0.6624
20251023,79721.2963,77126.7741,79728.9315,77063.5192,815338.0,72329.0,699568.0,1.0,-1.0,0.0,-20352.0,1.0,-2.0,16292.0,-52593.0,76858.12894,75052.46778,74225.598625,1805.661159999989,2632.530314999996,74784.03882198413,73653.89627969047,492784.6,839481.6,0.407215,2.222761068446601,3.407870353703074,5.630631422149675,0.0,-20352.0,-1.0,-36301.0,0.0887104489181174,0.0477549231517887,0.3541,0.18802474591250554,0.5342,0.6318,0.7821
20251024,79399.3999,79388.3946,80740.1017,78766.6186,811910.0,-3428.0,864180.0,1.0,-1.0,161.0,-22035.0,1.0,-2.0,19944.0,-57866.0,77587.39954,75699.45674,74546.509475,1887.942800000004,3040.890065,75286.76897992064,73861.63386809525,534747.4,1037016.0,,2.188504975983131,3.326358134821909,5.51486311080504,0.0,-21874.0,-1.0,-37922.0,-0.00422214284834526,-0.0943867389460546,0.3454,0.16880247459125047,0.5205,0.5866,0.6874
20251027,81770.5578,79835.0859,81918.1963,79468.9601,862528.0,50618.0,697443.0,1.0,-1.0,0.0,-28131.0,1.0,-2.0,24559.0,-57966.0,78768.59797999999,76624.81959,74934.27279,2143.778389999992,3834.325189999989,75916.24727476192,74137.25041142857,561046.1,836931.6,0.423775,2.209349195975145,3.272792300760505,5.48214149673565,0.0,-28131.0,-1.0,-33407.0,0.0586856310751651,-0.0853526897261383,0.3685,0.3655400440852314,0.5205,0.5833,0.6953
20251028,81469.2881,81458.5267,83364.8227,81076.8677,862604.0,76.0,937953.0,0.0,-1.0,0.0,-27588.0,1.0,-2.0,24132.0,-48312.0,79884.31566000001,77490.00729000001,75330.09725,2394.308369999999,4554.218410000001,76570.14841666666,74477.58053435714,611261.0,1125543.6,,2.299253656020367,3.224813036838419,5.524066692858787,-1.0,-27588.0,-1.0,-24180.0,8.810531831524084e-05,-0.081399691648772,0.3362,0.30352303523035223,0.5479,0.5884,0.6995
20251029,82743.3126,82064.363,83067.0998,81203.8692,875984.0,13380.0,834810.0,1.0,-1.0,0.0,-29175.0,1.0,-2.0,25820.0,-38274.0,81020.77094,78466.56692,75786.41574,2554.204020000005,5234.355200000005,77252.39801,74883.23085403175,660816.8,1001772.0,,2.239560093033974,3.20233486453725,5.441894957571224,0.0,-29175.0,-1.0,-12454.0,0.015274251584503826,-0.122573476895145,0.337,0.30713640469738035,0.5342,0.5892,0.6582
20251030,83298.9079,82857.729,84809.7615,82195.3398,912958.0,36974.0,1037085.0,1.0,-1.0,0.0,-20047.0,1.0,-2.0,24836.0,-41442.0,81736.29326,79297.2111,76307.475495,2439.082160000005,5428.817765,77970.06698365079,75348.66856989682,713815.1,1244502.0,,2.348489004201203,3.161876086269722,5.510365090470925,0.0,-20047.0,-1.0,-16606.0,0.04049912482282865,-0.1951568826145576,0.3356,0.30081300813008127,0.5068,0.6418,0.6098
20251031,80703.2021,83614.7324,84327.6196,80214.1612,883091.0,-29867.0,1118981.0,1.0,-1.0,0.0,-18554.0,1.0,-2.0,19941.0,-36628.0,81997.0537,79792.22662,76644.29202000001,2204.827080000003,5352.761679999996,78497.9898179365,75842.58216288095,750200.1,1342777.2,,2.612208356043337,3.161876086269722,5.774084442313059,0.0,-18554.0,-1.0,-16687.0,-0.03382097654715086,-0.2035549604285454,0.3128,0.19783197831978325,0.5068,0.6157,0.6087
20251103,82191.3177,81229.0523,82746.6853,81088.6536,909910.0,26819.0,745229.0,1.0,-1.0,0.0,-15648.0,1.0,-2.0,26921.0,-41067.0,82081.20568,80424.90183,77110.36381,1656.303849999997,4970.841870000004,79000.37966436507,76361.56318707144,784665.3,,,2.603693558351419,3.161876086269722,5.765569644621142,0.0,-15648.0,-1.0,-14146.0,0.02947434361640162,-0.2247460202959491,0.3152,0.20867208672086707,0.4658,0.6165,0.5967
20251104,78685.2806,82441.1805,82729.554,77660.2155,827400.0,-82510.0,1232964.0,1.0,-1.0,3908.0,-5120.0,1.0,-2.0,22949.0,-32040.0,81524.40418,80704.35992,77352.575965,820.0442599999951,4171.828215000001,79266.19984634922,76885.59112895238,873162.9,1479556.8,,2.953553761755689,3.161876086269722,6.115429848025411,0.0,-1212.0,-1.0,-9091.0,-0.09972202078801064,-0.2939099715925225,0.2845,0.07000903342366739,0.5068,0.6132,0.5722
20251105,79184.2255,78753.2867,79913.0414,78200.3825,828733.0,1333.0,656822.0,1.0,-1.0,0.0,-6202.0,1.0,-2.0,24445.0,-29745.0,80812.58676,80916.67885,77670.00223000001,-104.092089999991,3142.584529999993,79424.25998412698,77396.8497799762,882503.5,,,2.91175847901142,3.127707677148845,6.039466156160264,0.0,-6202.0,-1.0,-5300.0,0.0016084794499555345,-0.1981232238453615,0.2818,0.057813911472447965,0.6986,0.7906,0.6108
20251106,80498.0221,79485.6054,80902.8361,78746.5007,854414.0,25681.0,705408.0,0.0,-1.0,0.0,-7646.0,1.0,-2.0,25269.0,-30704.0,80252.4096,80994.35143000001,78023.40960500001,-741.9418300000107,2228.999994999991,79660.05967380953,77884.45186515873,883087.5,,,2.916669083374143,3.127707677148845,6.044376760522988,-1.0,-7646.0,-1.0,-5435.0,0.030056857682575426,-0.3194190977156892,0.294,0.11291779584462497,0.6712,0.7746,0.5576
20251107,82420.178,79815.2012,82505.1625,79365.2203,908987.0,54573.0,1051631.0,0.0,-1.0,0.0,-5180.0,1.0,-2.0,26049.0,-22298.0,80595.80478,81296.42924,78497.94299000001,-700.6244599999918,2097.861789999995,79993.59158134922,78355.13412530159,901832.6,,,3.092539456030885,3.127707677148845,6.220247133179729,-1.0,-5180.0,-1.0,3751.0,0.0600371622476449,-0.28107311572251,0.3073,0.17299006323396568,0.6301,0.7444,0.5781
20251110,87256.038,82538.7535,87272.521,82538.7535,987366.0,78379.0,1306543.0,0.0,-1.0,0.0,-10371.0,2.0,-2.0,28269.0,-16813.0,81608.74883999999,81844.97726,79234.898425,-236.228420000014,2373.850414999979,80681.1798470635,78831.62738253175,962742.6,1567851.6,0.415955,3.409172850720029,3.127707677148845,6.536880527868874,-1.0,-10371.0,0.0,11456.0,0.07938191106438747,-0.2970014648462528,0.3617,0.41869918699187,0.6301,0.651,0.5699
20251111,86594.7371,87482.4889,88207.3345,85882.1488,992816.0,5450.0,1125229.0,2.0,-1.0,338.0,-10757.0,2.0,-1.0,27321.0,-15745.0,83190.64014,82357.52216,79923.764725,833.11798000001,3266.875415000002,81427.54759992065,79317.36730085715,981470.2,,,3.432873695553724,3.105099865184916,6.53797356073864,1.0,-10419.0,1.0,11576.0,0.0054894361090071075,-0.2336942192540138,0.3356,0.30081300813008127,0.6438,0.6314,0.5975
20251112,86621.8247,86884.9031,88160.0508,85454.9229,1004426.0,11610.0,1413311.0,2.0,-1.0,8123.0,-12184.0,2.0,-1.0,21896.0,-12018.0,84678.15998,82745.37337,80605.970145,1932.786609999996,4072.189834999997,82085.17875785712,79800.64537564285,1039320.3,1695973.2,,3.415555206739138,3.105099865184916,6.520655071924054,1.0,-4061.0,1.0,9878.0,0.011558840571629966,-0.2449944660026803,0.3449,0.3428184281842817,0.6438,0.6077,0.5929
20251113,87883.775,86470.9553,89803.2242,86376.9256,1038019.0,33593.0,1388949.0,1.0,-1.0,496.0,-14127.0,1.0,-1.0,16581.0,-11799.0,86155.31055999998,83203.86008,81250.53559,2951.450479999985,4904.774969999984,82777.5350725397,80281.39218453175,1074506.7,1666738.8,,3.515702135779571,3.105099865184916,6.620802000964487,0.0,-13631.0,0.0,4782.0,0.032362606079464826,-0.1867362566656182,0.3485,0.36417773705909284,0.6164,0.5963,0.6203
20251114,87524.3944,87711.1269,88393.0506,86823.1629,1025387.0,-12632.0,939478.0,0.0,-1.0,0.0,-12648.0,2.0,-1.0,15480.0,-15513.0,87176.15384000001,83885.97931,81839.102965,3290.174530000018,5337.050875000015,83397.73472238096,80771.36667497619,1056556.4,,,3.417062635688776,3.09333930701126,6.510401942700035,-1.0,-12648.0,1.0,-33.0,-0.012319251170533662,-0.2714624190961874,0.3442,0.34448007329363256,0.5616,0.5304,0.5783
20251117,95363.6607,88009.5671,95363.831,88009.5671,1118373.0,92986.0,1849646.0,1.0,-2.0,514.0,-22987.0,2.0,-1.0,35521.0,-15412.0,88797.67838000001,85203.21361,82814.05772,3594.464770000006,5983.620660000015,84467.34611468253,81318.06332000795,1166998.1,2219575.2,0.5009399999999999,3.846938671109586,3.09333930701126,6.940277978120847,-1.0,-22473.0,1.0,20109.0,0.08314399578673662,-0.0729096425597772,0.4356,0.7631699496106275,0.4795,0.6404,0.7123
20251118,93811.3008,95963.2641,97068.8485,93077.3597,1022270.0,-96103.0,1998404.0,1.0,-1.0,1683.0,-445.0,2.0,-1.0,31670.0,-19925.0,90240.99111999999,86715.81563,83710.087775,3525.175489999994,6530.903344999984,85608.77256126984,81952.3205915,1243542.1,2398084.8,0.5047349999999999,3.98975971401346,3.09333930701126,7.08309902102472,0.0,1238.0,1.0,11745.0,-0.09400941042972992,,0.4389,0.7782867613376088,0.4384,0.6411,
20251119,99789.3889,94003.4402,100340.9847,93960.9543,1092643.0,70373.0,2424961.0,0.0,-1.0,0.0,-5635.0,2.0,-1.0,37627.0,-16215.0,92874.50396,88776.33197,84846.50541,4098.171990000003,8027.998550000004,86979.09068142857,82707.80366123017,1420356.0,2909953.2,0.55338,4.259288710959557,3.105099865184916,7.364388576144473,-1.0,-5635.0,1.0,21412.0,0.06440621502174086,-0.12267036398042,0.4812,0.9720568025652772,0.4384,0.6499,0.6631
20251120,99490.1608,99632.3778,102916.8198,98330.2084,1076992.0,-15651.0,2502791.0,1.0,0.0,6909.0,0.0,2.0,-1.0,33658.0,-10095.0,95195.78111999999,90675.54583999999,85834.94863500001,4520.235279999994,9360.832484999977,88446.90967214288,83586.4886610635,1600094.3,3003349.2,0.5819,4.232642088338445,3.105099865184916,7.337741953523361,1.0,6909.0,1.0,23563.0,-0.01453214137152365,-0.1047156447561551,0.506,1.0,0.4658,0.6506,0.6867
20251121,91476.0963,95317.7988,96344.0681,91468.4284,998214.0,-78778.0,2106073.0,1.0,0.0,9133.0,0.0,2.0,-1.0,33581.0,-5021.0,95986.1215,91581.13767,86438.783455,4404.983829999997,9547.338044999997,89139.77633301589,84501.10713623017,1705538.5,2527287.6,,4.684304864932871,3.121433529236736,7.805738394169607,1.0,9133.0,1.0,28560.0,-0.07891894924334862,-0.093829566803825,0.4144,0.6135021097046413,0.4247,0.6273,0.6943
20251124,91316.6398,91573.4307,93550.8595,90761.3616,977395.0,-20819.0,971935.0,2.0,0.0,12520.0,0.0,2.0,-1.0,31092.0,-4201.0,95176.71732000001,91987.19785,86916.087555,3189.519470000014,8260.629765000005,89655.00117325396,85398.48926884921,1672077.7,,,4.4544407920813,3.105099865184916,7.559540657266216,2.0,12520.0,1.0,26891.0,-0.02130049775167665,-0.1785618641962774,0.3828,0.48016877637130784,0.4658,0.628,0.6279
20251125,96569.0731,91793.6438,96629.1617,91616.9226,1033634.0,56239.0,1264768.0,1.0,0.0,3651.0,0.0,2.0,-1.0,37901.0,-3632.0,95728.27178,92984.63145,87671.07680499999,2743.640329999995,8057.194975000006,90431.15967253967,86298.85047611111,1686031.6,,,4.677512886650256,3.105099865184916,7.782612751835171,1.0,3651.0,1.0,34269.0,0.05440900744364059,-0.2311180246129824,0.4031,0.5658227848101266,0.4795,0.6287,0.5933
20251126,95694.0571,96835.7319,99023.7826,94686.3465,1055957.0,22323.0,1352899.0,1.0,0.0,5992.0,0.0,2.0,-1.0,42670.0,-6521.0,94909.20542,93891.85469000001,88318.61403,1017.350729999991,6590.591390000001,91269.00766301586,87217.23336662698,1679990.4,,,4.792218083607323,3.121433529236736,7.913651612844059,1.0,5992.0,1.0,36149.0,0.021140065362510025,-0.2354091019896282,0.3551,0.3632911392405064,0.4932,0.6295,0.5888
20251127,95253.4646,95910.3227,97861.8929,94897.8738,1066452.0,10495.0,1091317.0,2.0,0.0,15413.0,0.0,2.0,-1.0,44176.0,-4990.0,94061.86618,94628.82365,88916.341865,-566.9574700000085,5145.524315000002,92002.57872492066,88139.73773186508,1650227.2,,,4.731126246182367,3.121433529236736,7.852559775419103,2.0,15413.0,1.0,39186.0,0.009841043009905744,-0.2287749046035053,0.3634,0.3983122362869198,0.4658,0.6541,0.5947
20251128,95826.2774,94336.542,96869.6502,93721.1252,1071109.0,4657.0,840728.0,2.0,0.0,12970.0,0.0,2.0,-1.0,43432.0,-4868.0,94931.90239999999,95459.01195,89672.49562999999,-527.1095500000083,5259.406770000001,92624.47440650793,89062.41170027778,1640352.2,,,4.569273667194252,3.121433529236736,7.690707196430988,2.0,12970.0,1.0,38564.0,0.004347830146138255,-0.1519441947469431,0.3587,0.37848101265822787,0.4658,0.6548,0.6462
20251201,96396.8357,96307.3943,97830.4229,95363.3804,1080284.0,9175.0,776279.0,2.0,0.0,11724.0,0.0,2.0,-1.0,39801.0,-5503.0,95947.94158000001,95562.32945,90382.77153,385.6121300000086,5565.170050000015,93300.78319007937,89945.75540781746,1533015.5,,,4.545966434920872,3.121433529236736,7.667399964157608,2.0,11724.0,1.0,34298.0,0.008493136989902655,-0.1716557929815687,0.3678,0.4168776371308017,0.4658,0.6139,0.6329
20251202,96031.512,96364.4947,96680.8693,94634.4419,1078907.0,-1377.0,600101.0,1.0,0.0,11465.0,0.0,2.0,-1.0,42476.0,-6360.0,95840.42936000001,95784.35057000001,91250.0831,56.07878999999957,4590.346260000006,93843.91059150793,90769.26921084127,1393185.2,,,4.46380976201217,3.115208489370497,7.579018251382667,1.0,11465.0,1.0,36116.0,-0.0012762916544243386,-0.1225071463918829,0.3541,0.35907172995780595,0.4247,0.6146,0.6667
20251203,93186.2991,95811.5158,96930.508,92160.8191,1063867.0,-15040.0,874924.0,1.0,0.0,15222.0,0.0,3.0,0.0,40359.0,0.0,95338.87776,95124.04159000001,91950.18678,214.836169999995,3388.690979999999,94128.67889579367,91484.22803227778,1238181.5,,,4.547162281814304,3.115208489370497,7.662370771184801,1.0,15222.0,3.0,40359.0,-0.014137105484050169,-0.1185855664108666,0.3498,0.34092827004219406,0.6712,0.8205,0.669
20251204,93288.6245,93510.6378,94109.5674,91227.9743,1045264.0,-18603.0,877445.0,1.0,0.0,14513.0,0.0,3.0,0.0,48379.0,0.0,94945.90974,94503.88796,92589.7169,442.02178000001,2356.192840000003,94257.55310555556,92065.29237561906,1075646.9,,,4.625872570916383,3.115208489370497,7.741081060286879,1.0,14513.0,3.0,48379.0,-0.017797417685866918,-0.2690759813376108,0.3437,0.3151898734177215,0.6438,0.7992,0.567
20251205,91777.5767,92980.877,93444.3054,91747.5583,1038306.0,-6958.0,601218.0,2.0,0.0,25285.0,0.0,3.0,0.0,46204.0,0.0,94136.16960000001,94534.036,93057.58683500001,-397.8663999999844,1078.582764999999,94230.0748431746,92574.32222663492,925161.4,,,4.176457653552311,3.101609267071054,7.278066920623365,2.0,25285.0,3.0,46204.0,-0.006701300002118836,-0.1321809942859766,0.3256,0.2388185654008438,0.6438,0.8114,0.6562
20251208,94415.6875,91856.0809,95009.6925,91058.9367,1053869.0,15563.0,797660.0,2.0,0.0,26228.0,0.0,3.0,0.0,58719.0,0.0,93739.93996000002,94843.94077,93415.56931,-1104.000809999983,324.3706500000117,94300.65656507938,93038.88776581746,907733.9,,,4.171499038388572,3.101609267071054,7.273108305459626,2.0,26228.0,3.0,58719.0,0.014767490077039936,-0.1969619626802273,0.3289,0.2527426160337553,0.6301,0.8196,0.6066
20251209,92401.6705,94122.6405,94344.0548,91975.8504,1023470.0,-30399.0,658380.0,2.0,0.0,27665.0,0.0,3.0,0.0,47558.0,0.0,93013.97166,94427.20051000001,93705.91598,-1413.228850000014,-691.9443200000096,94270.25174174602,93422.7969727381,847095.1,,,3.885685443506103,3.091288573978726,6.97697401748483,2.0,27665.0,3.0,47558.0,-0.029701896489393923,-0.0359863336820888,0.3087,0.16751054852320657,0.6712,0.8004,0.7388
20251210,95567.3596,92558.5369,96359.2912,92558.5369,1041011.0,17541.0,786719.0,2.0,0.0,26461.0,0.0,3.0,0.0,52687.0,0.0,93490.18376,94414.53076,94153.192725,-924.3469999999943,-663.0089650000009,94366.17197587302,93732.5134040238,790477.1,,,3.849560325197952,3.091288573978726,6.940848899176678,2.0,26461.0,3.0,52687.0,0.01684996604262587,-0.2160675919689803,0.3318,0.2649789029535864,0.7945,0.7949,0.5907
20251211,98511.8714,95627.1596,99124.1396,95147.8453,1063592.0,22581.0,916030.0,2.0,0.0,17244.0,0.0,3.0,0.0,59237.0,-925.0,94534.83314,94740.37144,94684.597545,-205.5383000000002,-149.7644049999944,94708.90181523807,94003.14571305555,772948.4,,0.40664,3.524106829872377,3.091288573978726,6.615395403851103,2.0,17244.0,3.0,58312.0,0.021230885527533116,-0.3032574530749677,0.3536,0.35696202531645577,0.8219,0.8285,0.5448
20251212,97400.7894,99096.1141,101224.3998,97400.7894,1056238.0,-7354.0,933571.0,1.0,0.0,18726.0,0.0,3.0,0.0,56522.0,0.0,95659.47568,94897.82264,95178.41729499999,761.6530400000047,481.0583850000112,95044.59325103177,94245.15759750793,782232.7,,0.406985,3.585631080240256,3.101609267071054,6.68724034731131,1.0,18726.0,3.0,56522.0,-0.00696244596388314,-0.3561450763644468,0.3539,0.35822784810126573,0.7808,0.8074,0.5232
20251215,100762.0984,97719.2124,100873.0761,97082.3309,1079142.0,22904.0,850716.0,1.0,0.0,19320.0,0.0,3.0,0.0,63725.0,0.0,96928.75785999998,95334.34891000002,95448.33918,1594.408949999968,1480.418679999988,95500.1267825397,94465.09195675397,789676.4,,,3.460520309732288,3.115208489370497,6.575728799102785,1.0,19320.0,3.0,63725.0,0.021224268909930295,-0.3160513538874628,0.3455,0.3227848101265821,0.726,0.8524,0.5395
20251216,100367.1206,100874.2808,101846.313,99664.1199,1084958.0,5816.0,747094.0,1.0,0.0,20414.0,0.0,3.0,0.0,60791.0,0.0,98521.84787999999,95767.90977,95776.13016999999,2753.938109999988,2745.717709999997,95985.85992563491,94679.28689016667,804375.7,,,3.287766250248927,3.115208489370497,6.402974739619424,1.0,20414.0,3.0,60791.0,0.005360576169768784,-0.3609975668815181,0.346,0.32489451476793235,0.726,0.843,0.5197
20251217,108404.5484,101288.9325,109569.1057,101288.9325,1078302.0,-6656.0,1496116.0,1.0,0.0,15259.0,0.0,3.0,0.0,70975.0,0.0,101089.28564,97289.7347,96206.888145,3799.550939999986,4882.397494999983,96995.45233833334,94965.96423442064,866494.9,1795339.2,0.4263049999999999,3.71643235448134,3.115208489370497,6.831640843851837,1.0,15259.0,3.0,70975.0,-0.006172667768398835,-0.3513512808933127,0.3707,0.42911392405063276,0.6712,0.795,0.5257
20251218,106098.7562,107430.2723,109739.6022,104666.7768,1066221.0,-12081.0,1311246.0,1.0,0.0,16388.0,0.0,3.0,0.0,59979.0,0.0,102606.6626,98570.74786999999,96537.31791499999,4035.914730000004,6069.344685000004,98045.34064626983,95344.74298849206,909875.0,1573495.2,0.44275,3.829470499188139,3.121433529236736,6.950904028424874,1.0,16388.0,3.0,59979.0,-0.011330671596226298,-0.3956293747784351,0.385,0.48945147679324896,0.6301,0.7259,0.5009
20251219,111311.5385,106026.1845,113348.8447,105788.3905,1052128.0,-14093.0,1201356.0,1.0,0.0,18527.0,0.0,3.0,0.0,65709.0,0.0,105388.81242,100524.14405,97529.090025,4864.668369999999,7859.722395000004,99294.42207849209,95851.17771202381,969888.8,1441627.2,0.4623,4.157283048572688,3.129191391192015,7.286474439764703,1.0,18527.0,3.0,65709.0,-0.013394758052252197,-0.3722918948181546,0.402,0.5611814345991561,0.3151,0.2659,0.5119
20251222,114374.1542,109228.0619,116393.4152,109228.0619,1078492.0,26364.0,1348410.0,1.0,0.0,20031.0,0.0,3.0,0.0,68693.0,0.0,108111.22358,102519.99072,98681.965745,5591.232859999989,9429.257834999997,100767.6096845238,96497.87302396826,1024963.8,1618092.0,,4.468926926900068,3.197425289824334,7.666352216724402,1.0,20031.0,3.0,68693.0,0.024445243914651197,-0.3031246906838077,0.3701,0.42658227848101254,0.3014,0.2538,0.5503
20251223,120312.899,113922.2207,120381.6132,113909.6823,1084495.0,6003.0,983669.0,1.0,0.0,19409.0,0.0,3.0,0.0,76929.0,0.0,112100.37926,105311.11357,99869.15704,6789.26569,12231.22222,102665.5056096825,97337.3984107619,1057492.7,,0.4729949999999999,4.503311200362281,3.310006681306894,7.813317881669175,1.0,19409.0,3.0,76929.0,0.0055352952295769,-0.2957864213787977,0.4113,0.60042194092827,0.2055,0.119,0.5561
20251224,124709.851,121850.0863,127791.5745,118453.7806,1075103.0,-9392.0,1340953.0,1.0,0.0,20075.0,0.0,3.0,0.0,69982.0,0.0,115361.43978,108225.36271,101319.946735,7136.077070000028,14041.49304500002,104976.971932381,98398.4784064127,1112916.1,1609143.6,0.529575,4.849448942586931,3.512746443687265,8.362195386274195,1.0,20075.0,3.0,69982.0,-0.008735907164243798,-0.3172802398836792,0.4605,0.8080168776371308,0.2055,0.1284,0.5399
20251225,123786.3295,119376.8675,124722.0364,116353.8614,1072670.0,-2433.0,1532680.0,1.0,0.0,27843.0,0.0,3.0,-1.0,61190.0,0.0,118898.95444,110752.80852,102746.58998,8146.145919999995,16152.36446,106982.7925220635,99625.86747709525,1174581.1,1839216.0,0.557175,5.1933816833255,3.781115317341532,8.974497000667032,1.0,27843.0,2.0,61190.0,-0.0022681719447733228,-0.4342946900120263,0.4845,0.9092827004219408,0.2055,0.1205,0.4814
20251226,130550.1793,124977.901,131337.3726,124814.6122,1039862.0,-32808.0,730659.0,1.0,0.0,27775.0,0.0,3.0,0.0,67197.0,0.0,122746.6826,114067.74751,104482.785075,8678.935090000028,18263.89752500002,109508.3396626984,101072.2421182619,1154289.9,,0.595585,5.306442905214216,3.845274038884328,9.151716944098544,1.0,27775.0,3.0,67197.0,-0.03155034033362119,-0.4943701484800032,0.5179,1.0,0.2603,0.1221,0.4332
20251229,119364.1518,129902.0718,134641.4124,117788.5416,945497.0,-94365.0,1160021.0,1.0,0.0,17645.0,0.0,3.0,0.0,47748.0,0.0,123744.68212,115927.95285,105631.15088,7816.729270000011,18113.53124000001,111375.1722656349,102659.7466665714,1185220.4,,,6.143188241418746,3.909460641473754,10.0526488828925,1.0,17645.0,3.0,47748.0,-0.09980465300260075,-0.3735365254527313,0.5134,0.9819204499799113,0.274,0.1333,0.5101
20251230,121841.7845,118313.5028,124178.5309,116249.9539,945749.0,252.0,762323.0,1.0,0.0,18107.0,0.0,3.0,0.0,42559.0,0.0,124050.45922,118075.41924,106921.664505,5975.039980000016,17128.79471500001,112856.5419657936,104346.8148705873,1186743.3,,,6.292565525376394,3.969931941695184,10.26249746707158,1.0,18107.0,3.0,42559.0,0.00026645547603010945,-0.419591932441405,0.4728,0.8188027320208918,0.2603,0.135,0.489
20251231,121972.2671,123139.1011,124309.7234,117944.8589,914541.0,-31208.0,684684.0,1.0,0.0,19841.0,0.0,3.0,0.0,43916.0,0.0,123502.94244,119432.19111,108360.962905,4070.751330000028,15141.97953500002,114320.7765226191,106079.3472890159,1105600.1,,,6.349540122909876,4.078290128510045,10.42783025141992,1.0,19841.0,3.0,43916.0,-0.034124221877422665,-0.4424770497243503,0.4572,0.7561269586179187,0.274,0.1366,0.4781
20260105,130224.7235,124674.2354,130457.2109,123242.2532,960951.0,46410.0,589245.0,1.0,0.0,20756.0,0.0,2.0,-1.0,40737.0,0.0,124790.62124,121844.78784,110207.767855,2945.833400000003,14582.85338499999,116255.5862945238,107900.3718538413,1033400.0,,,6.507253570256087,4.15848162942004,10.66573519967613,1.0,20756.0,1.0,40737.0,0.04829590686725962,-0.4141686606563584,0.4814,0.8533547609481719,0.2329,0.1496,0.4941
20260106,138152.0135,132397.5325,138152.6036,132397.5325,998029.0,37078.0,534998.0,1.0,0.0,22095.0,0.0,2.0,-1.0,36224.0,-1555.0,126310.98808,124528.83534,112526.489695,1782.152740000005,13784.498385,118781.2271664286,109849.0523626349,966764.2,,0.593055,6.609204427373079,4.212578754444678,10.82178318181776,1.0,22095.0,1.0,34669.0,0.03715122506460233,-0.4616568327550361,0.5157,0.9908789386401328,0.2055,0.2911,0.4597
20260107,142526.7425,143451.5387,146929.4108,138444.6458,963921.0,-34108.0,735802.0,1.0,0.0,22834.0,0.0,2.0,-1.0,33851.0,-3044.0,130943.50622,127344.09417,114932.042445,3599.412050000028,16011.46377500003,121735.6056866667,111945.8519628492,905503.4,,0.60375,6.831468786563962,4.365926602715818,11.19739538927978,1.0,22834.0,1.0,30807.0,-0.035384642517384726,-0.3646582726513367,0.525,1.0,0.2466,0.1755,0.5159
20260108,145176.0517,141646.2893,148757.9211,137418.6579,989870.0,25949.0,1143224.0,1.0,0.0,26416.0,0.0,2.0,-1.0,34844.0,-2393.0,135610.35966,129830.40944,117570.761505,5779.950219999984,18039.598155,124545.8765423015,114133.8890561111,921458.9,1371868.8,0.6444599999999999,6.810059088123734,4.56361078750041,11.37366987562415,1.0,26416.0,1.0,32451.0,0.02621455342620748,-0.8004673784399134,0.5604,1.0,0.274,0.3164,0.1806
20260109,143685.2951,142980.5977,147174.8999,139681.8326,996946.0,7076.0,877046.0,1.0,0.0,30118.0,0.0,2.0,0.0,33186.0,0.0,139952.96526,131727.95385,119976.65828,8225.011410000036,19976.30698000002,127080.3299769047,116344.2248605635,875068.2,,0.64584,6.802261294752829,4.678561285102925,11.48082257985575,1.0,30118.0,2.0,33186.0,0.007097676303430677,-0.5537816417786539,0.5616,1.0,0.2466,0.3177,0.384
20260112,156500.4221,154392.2999,156500.4407,153578.1338,995212.0,-1734.0,128173.0,1.0,0.0,28874.0,0.0,3.0,0.0,36930.0,0.0,145208.10498,134999.36311,122876.085815,10208.74187000003,22332.01916500001,130557.9235406349,118701.7379624206,734617.5,,0.7526749999999999,6.921225564007025,4.907545932868863,11.82877149687589,1.0,28874.0,3.0,36930.0,-0.001742342335100461,-0.9074179547817308,0.6545,1.0,0.2055,0.3021,0.1133
20260113,167442.0833,167366.4916,174253.6791,162381.0673,901888.0,-93324.0,1181920.0,1.0,0.0,31306.0,0.0,3.0,0.0,35745.0,0.0,151066.11894,138688.55351,126378.15051,12377.56542999999,24687.96842999999,134894.4487151587,121240.3488676667,779743.6,1418304.0,0.8238599999999999,7.287824461838535,5.105589792556041,12.39341425439457,1.0,31306.0,3.0,35745.0,-0.1034762631280159,-0.4186487531532939,0.7164,1.0,0.2466,0.279,0.4925
20260114,162437.4966,169285.9722,173593.5254,155819.2321,887655.0,-14233.0,1086132.0,1.0,0.0,12747.0,0.0,2.0,-1.0,31293.0,-11817.0,155048.26976,142995.88799,129461.92042,12052.38177000001,25586.34933999999,138582.8240707143,123961.1140481746,772354.7,1303358.4,,7.714734145633741,5.157032994908143,12.87176714054188,1.0,12747.0,1.0,19476.0,-0.016034382727523645,0.0271110021437562,0.6978,0.957202024850437,0.2603,0.2729,0.7973
20260115,163546.4008,164859.9097,165364.3259,156122.6083,875571.0,-12084.0,651104.0,1.0,0.0,11780.0,0.0,2.0,-1.0,33264.0,-11579.0,158722.33958,147166.34962,132620.88443,11555.98995999998,26101.45514999999,141795.4730527778,126855.007156873,761232.8,,,7.557546084969221,5.216264845737116,12.77381093070634,1.0,11780.0,1.0,21685.0,-0.01380127939367567,-0.1903159974055498,0.6629,0.8768982972848597,0.2466,0.2705,0.6252
20260116,146681.1446,163209.6182,165908.6558,146672.6766,826576.0,-48995.0,878915.0,1.0,0.0,14837.0,0.0,2.0,-1.0,29707.0,-21748.0,159321.50948,149637.23737,134534.71424,9684.27210999999,24786.79524000001,143788.2160087302,129801.7511054841,780655.9,,,8.016694596337981,5.28267271949278,13.29936731583076,1.0,14837.0,1.0,7959.0,-0.059274646251524364,0.4150055819546434,0.6502,0.8476760239300506,0.274,0.2719,0.8526
20260119,147644.4608,147860.3077,151356.3092,142820.658,824616.0,-1960.0,461639.0,1.0,0.0,12786.0,0.0,2.0,-1.0,30189.0,-19711.0,157550.31722,151379.2111,136611.99947,6171.106119999982,20938.31774999999,145032.511855,132679.4436615317,767895.3,,,7.997474329547319,5.428056171697668,13.42553050124499,1.0,12786.0,1.0,10478.0,-0.0023768638978627628,-0.3864743487094366,0.6079,0.7503451449608834,0.2466,0.2546,0.5058
20260120,160830.7645,149756.2485,160942.6348,149756.2485,832154.0,7538.0,614221.0,1.0,0.0,14118.0,0.0,2.0,-1.0,26921.0,-37929.0,156228.05346,153647.0862,139087.96077,2580.967260000034,17140.09269000005,147015.6819733333,135502.8891422222,775817.6,,,7.662085686722722,5.525175715239768,13.18726140196249,1.0,14118.0,1.0,-11008.0,0.009058419475241362,-0.3171515221895178,0.6566,0.8624022089277495,0.2329,0.2468,0.5479
20260121,167135.8122,160214.7227,169241.7953,159053.8001,848106.0,15952.0,492763.0,1.0,0.0,14280.0,0.0,2.0,-1.0,28779.0,-38737.0,157167.71658,156107.99317,141726.04367,1059.723409999977,15441.67290999999,149509.2963803968,138280.2582115952,751513.7,,0.7843,7.604250221249781,5.596953071409462,13.20120329265924,1.0,14280.0,1.0,-9958.0,0.018808969633512793,-0.2674948964150607,0.682,0.9208467556373677,0.1918,0.4352,0.5783
20260122,169166.2158,165856.3377,174241.0269,164291.6878,858653.0,10547.0,598956.0,1.0,0.0,15870.0,0.0,2.0,-1.0,31420.0,-38112.0,158291.67958,158507.00958,144168.70951,-215.3300000000163,14122.97006999998,152112.3289021428,141036.9034475794,697086.9,,,7.604050732695482,5.685901549335064,13.28995228203055,1.0,15870.0,1.0,-6692.0,0.012283192395531141,-0.2043633256040298,0.6817,0.9201564657156004,0.1781,0.4362,0.6151
20260123,182019.7852,173906.2221,182348.4507,173116.31,859191.0,538.0,446222.0,1.0,0.0,18091.0,0.0,2.0,-1.0,31295.0,-38840.0,165359.4077,162340.45859,147034.20622,3018.949110000016,18325.20148000002,155519.7232308731,143880.8427729762,654004.5,,0.8216749999999999,7.638651164489814,5.755599669652027,13.39425083414184,1.0,18091.0,1.0,-7545.0,0.0006261704324184028,-0.1097629414745369,0.7145,0.995628163828808,0.2055,0.4465,0.6979
20260126,166013.2687,188264.0922,189587.1167,164002.2266,805315.0,-53876.0,813948.0,1.0,0.0,24050.0,0.0,2.0,-1.0,34529.0,-37580.0,169033.16928,163291.74325,149145.55318,5741.426030000002,19887.61610000001,158023.2959625397,146627.3800151667,722582.0,,,8.337892174172692,5.782338393357313,14.12023056753,1.0,24050.0,1.0,-3051.0,-0.0669005296064273,-0.3640550709793934,0.6635,0.8782788771283938,0.1918,0.4475,0.5148
20260127,179715.7718,167521.5549,180504.5882,165376.7774,804351.0,-964.0,508765.0,1.0,0.0,24465.0,0.0,2.0,-1.0,35279.0,-44850.0,172810.17074,164519.1121,151603.832805,8291.058640000003,21206.33793499999,160582.2376792064,149196.1589115714,655266.5,,0.83605,8.481808895640816,5.822968884820742,14.30477778046156,1.0,24465.0,1.0,-9571.0,-0.0011984817573422548,-0.2780565931215174,0.727,1.0,0.2055,0.4357,0.5712
20260128,166501.4492,180631.3424,182755.3169,164537.2833,783140.0,-21211.0,633721.0,1.0,0.0,25171.0,0.0,2.0,-1.0,33645.0,-44377.0,172683.29814,164925.50736,153960.697675,7757.79078000001,18722.600465,162449.3284903175,151582.8093535317,610025.4,,,8.70424322312665,5.967094504693669,14.67133772782032,1.0,25171.0,1.0,-10732.0,-0.027084557039609776,-0.163591011252773,0.7205,0.9853998203054808,0.2329,0.4367,0.652
20260129,165125.6289,169347.0626,173866.8408,159124.4412,770785.0,-12355.0,677447.0,1.0,0.0,24577.0,0.0,2.0,-1.0,29038.0,-45329.0,171875.18076,165083.43017,156124.889895,6791.750589999981,15750.29086499999,163611.4459138889,153764.4066396428,612659.7,,0.88711,8.93821425225928,5.967094504693669,14.90530875695295,1.0,24577.0,1.0,-16291.0,-0.01602911317682622,-0.2971586239964831,0.7714,1.0,0.2329,0.4377,0.5579
20260130,148315.2583,162441.0002,165366.9172,148235.2954,723003.0,-47782.0,761162.0,1.0,0.0,25911.0,0.0,2.0,-1.0,22625.0,-43113.0,165134.27538,165246.84154,157442.039455,-112.5661599999876,7692.235924999986,163332.7167341269,155718.8567121825,600884.4,913394.4,,9.158406938943926,6.120751730934488,15.27915866987841,1.0,25911.0,1.0,-20488.0,-0.0660882458302386,-0.135360396876059,0.7364,0.9266862170087978,0.3425,0.4973,0.6678
20260202,133388.2983,146823.7141,152745.2117,133296.9946,688196.0,-34807.0,869792.0,1.0,0.0,28404.0,0.0,2.0,-1.0,18626.0,-38716.0,158609.2813,163821.22529,157600.218195,-5211.943990000029,1009.063104999979,161523.220758254,157367.9276025079,641699.7,1043750.4,0.9163199999999999,9.371543885544694,6.200987232851504,15.5725311183962,1.0,28404.0,1.0,-20090.0,-0.050577161157577204,-0.0710788307959392,0.7968,1.0,0.3151,0.531,0.735
20260203,148136.8658,140300.3011,151637.9525,137899.7283,689400.0,1204.0,791072.0,1.0,0.0,29833.0,0.0,2.0,-1.0,14862.0,-40694.0,152293.5001,162551.83542,158099.46081,-10258.33531999998,-5805.960709999985,160333.0458251587,158699.6639876905,659384.8,,,9.452442811732844,6.361810680189819,15.81425349192266,1.0,29833.0,1.0,-25832.0,0.0017464461850884828,0.0761021943420084,0.7626,0.9299323909035033,0.3699,0.4426,0.8084
20260204,147215.9585,149356.2378,152040.6195,145998.8105,688912.0,-488.0,396428.0,1.0,0.0,32054.0,0.0,2.0,-1.0,13224.0,-44297.0,148436.40196,160559.85005,158333.92161,-12123.44809000002,-9897.519650000031,159350.6150170635,159683.7958513571,649751.3,,,9.3780997170009,6.361810680189819,15.73991039719072,1.0,32054.0,1.0,-31073.0,-0.0007083633323269155,0.1371024459826243,0.6837,0.7682851874615858,0.3973,0.4727,0.8217
20260205,132833.9722,146291.3455,147058.7121,132365.302,643872.0,-45040.0,693767.0,1.0,0.0,34066.0,0.0,2.0,-1.0,7037.0,-39095.0,141978.07062,156926.62569,157716.817635,-14948.55506999997,-15738.747015,157295.3136001588,160202.0943211587,659232.4,,,9.238684161248607,6.510610201582648,15.74929436283125,1.0,34066.0,1.0,-32058.0,-0.06995179166045425,0.4634935931871219,0.6672,0.7344806392132761,0.411,0.4973,0.8576
20260206,132968.4858,129278.3859,138331.5126,124388.4859,636575.0,-7297.0,753990.0,1.0,0.0,31588.0,0.0,1.0,-2.0,11226.0,-43819.0,138908.71612,152021.49575,157180.97717,-13112.77963,-18272.26105,154674.8735464285,160117.6093527143,690009.2,,,9.546192677655744,6.526756070888692,16.07294874854444,1.0,31588.0,-1.0,-32593.0,-0.011462906963044417,-0.3918526373988601,0.6555,0.7105101413644745,0.589,0.7627,0.4911
20260209,137042.7053,137353.5781,139622.3879,135136.6243,645262.0,8687.0,397732.0,1.0,0.0,34684.0,0.0,1.0,-2.0,11935.0,-35727.0,139639.59752,149124.43941,156208.09133,-9484.841889999982,-16568.49381000001,152683.7882330159,159583.6585797619,648387.6,,,9.345169548749688,6.526756070888692,15.87192561963838,1.0,34684.0,-1.0,-23792.0,0.013462748464964619,-0.082887224576465,0.6204,0.6385986478180701,0.589,0.7685,0.7177
20260210,137371.3108,136435.6476,140849.4998,133372.5077,643394.0,-1868.0,358144.0,1.0,0.0,35863.0,0.0,1.0,-2.0,13021.0,-34114.0,137486.48652,144889.99331,154704.552705,-7403.506790000014,-17218.06618500003,150846.1133149206,158610.0461433333,633325.5,,,9.348456878831964,6.526756070888692,15.87521294972066,1.0,35863.0,-1.0,-21093.0,-0.0029033531552983085,-0.1524304063059305,0.6144,0.6263060848186847,0.411,0.5108,0.6522
20260211,150305.9861,137815.3579,150424.8811,137815.3579,658062.0,14668.0,430479.0,1.0,0.0,36468.0,0.0,1.0,-2.0,14669.0,-34343.0,138104.49204,143270.447,154097.97718,-5165.954959999974,-15993.48513999998,149931.9562885714,157358.3089231587,613001.3,,,9.577299154504452,6.526756070888692,16.10405522539314,1.0,36468.0,-1.0,-19674.0,0.022289693068434282,-0.2324024884442862,0.6464,0.6918664208154067,0.3836,0.4703,0.5916
20260212,149361.5624,149365.5024,152290.9687,146676.0518,654026.0,-4036.0,380835.0,1.0,0.0,31986.0,0.0,1.0,-2.0,13988.0,-37657.0,141410.01008,141694.04035,153388.73526,-284.0302700000175,-11978.72518000004,149463.2979496826,155943.4941267381,583340.1,,,9.365316645960354,6.526756070888692,15.89207271684905,1.0,31986.0,-1.0,-23669.0,-0.006171008492017137,-0.1061507870326132,0.6474,0.6939151813153043,0.3562,0.4406,0.6998
20260213,152754.9909,143696.4812,153042.6576,142764.8565,641450.0,-12576.0,368240.0,1.0,0.0,33331.0,0.0,1.0,-2.0,15488.0,-32674.0,145367.3111,142138.01361,153692.427575,3229.297489999997,-8325.116474999988,149014.6313335714,154511.6855866825,544047.9,,0.7838399999999999,8.689432416501605,6.600686613540008,15.29011903004161,1.0,33331.0,-1.0,-17186.0,-0.019605581105308287,-0.4939392361972092,0.6816,0.763982790411801,0.3151,0.4165,0.4167
20260224,164444.5772,158242.2286,165859.9141,157639.6106,674404.0,32954.0,293973.0,1.0,0.0,34783.0,0.0,2.0,-2.0,18503.0,-32761.0,150847.68548,145243.6415,154532.433395,5604.043980000017,-3684.747914999985,149760.9196334127,153335.4554741984,486466.0,,0.8576699999999999,8.655744810430939,6.741045720107194,15.39679053053813,1.0,34783.0,0.0,-14258.0,0.04886388574207745,-0.2979642192682954,0.7458,0.8955132145052245,0.3699,0.4749,0.5504
20260225,166720.6362,164309.4817,171515.3378,164306.9544,697726.0,23322.0,414076.0,1.0,0.0,37207.0,0.0,2.0,-2.0,17207.0,-36913.0,156717.55056,147102.01854,154826.92698,9615.532020000013,1890.623580000014,150915.2286142857,152393.6737531111,448766.4,,,8.121926033158072,6.600686613540008,14.72261264669808,1.0,37207.0,0.0,-19706.0,0.0334257287244563,-0.1311459043533031,0.6986,0.7988117189100595,0.2877,0.4204,0.6677
20260226,173828.4887,185752.7022,185752.7022,171350.9249,700564.0,2838.0,533147.0,1.0,0.0,38099.0,0.0,1.0,-2.0,16403.0,-42702.0,161422.05108,149763.27156,155161.560805,11658.77951999998,6260.49027499996,153051.7677114286,151763.7890225476,462438.3,,,8.294618248599836,6.741045720107194,15.03566396870703,1.0,38099.0,-1.0,-26299.0,0.004051021748191457,-0.0827963122526772,0.7241,0.8510551116574473,0.1918,0.3321,0.7209
20260227,176166.8827,174060.8858,177028.0877,168580.1048,711722.0,11158.0,366873.0,1.0,0.0,38274.0,0.0,1.0,-2.0,18921.0,-45811.0,166783.11514,154096.56261,155511.59415,12686.55253000002,11271.52099000002,154819.7048256349,151516.2281450952,429748.9,,,7.771735399733635,6.741045720107194,14.51278111984083,1.0,38274.0,-1.0,-26890.0,0.01567746957379426,-0.24207117163348,0.6948,0.7910264290104487,0.137,0.18,0.5844
20260302,172297.4487,178033.9047,178631.1905,170020.6871,712610.0,888.0,295971.0,1.0,0.0,40721.0,0.0,1.0,-2.0,19049.0,-47930.0,170691.6067,158029.4589,155025.477325,12662.14779999998,15666.12937499999,156597.5930845238,151708.5000989048,383947.0,,,7.124434237042515,6.741045720107194,13.86547995714971,1.0,40721.0,-1.0,-28881.0,0.001246123405509325,-0.1181271369209734,0.6915,0.7842655193607868,0.0959,0.073,0.6804
20260303,151098.1017,170935.7786,170935.7786,151094.335,648060.0,-64550.0,581706.0,1.0,0.0,43615.0,0.0,1.0,-2.0,16040.0,-41864.0,168022.3116,159434.99854,154279.718975,8587.313059999986,13742.59262499996,156739.1478207936,152114.0360576825,402344.4,698047.2,,7.252324275780548,6.772968920343303,14.02529319612385,1.0,43615.0,-1.0,-25824.0,-0.0996049748480079,-0.3490946439914469,0.6789,0.7584511370620775,0.0959,0.0746,0.5175
20260304,153146.7408,150510.3253,155271.1914,146243.8716,639676.0,-8384.0,395579.0,1.0,0.0,40010.0,0.0,1.0,-2.0,16984.0,-39688.0,165307.53252,161012.54154,152951.267425,4294.990980000002,12356.26509499998,156470.9520359524,152676.5199297857,406087.9,,,7.371160784895273,6.772968920343303,14.14412970523858,1.0,40010.0,-1.0,-22704.0,-0.013106635234087257,-0.2956890392175917,0.6771,0.754763368162262,0.1096,0.0833,0.5531
20260305,155744.1646,155445.033,160792.0895,149247.9038,630713.0,-8963.0,385814.0,1.0,0.0,41461.0,0.0,1.0,-2.0,16770.0,-39395.0,161690.6677,161556.35939,152413.403195,134.3083100000222,9277.264505000028,156625.7205260318,153345.8963535317,401621.4,,,7.141310876569603,6.972173627125278,14.11348450369488,1.0,41461.0,-1.0,-22625.0,-0.014210900996174171,-0.0785825467467834,0.6708,0.7418561770129072,0.0411,0.0708,0.7278
20260306,156217.4459,155121.7042,160660.5806,151391.2347,628731.0,-1982.0,282873.0,1.0,0.0,41017.0,0.0,1.0,-2.0,16381.0,-41119.0,157700.78034,162241.94774,151967.994045,-4541.167400000006,5732.786294999998,156938.6632888095,154093.4328874444,391825.2,,,6.85294491656335,6.972173627125278,13.82511854368863,1.0,41017.0,-1.0,-24738.0,-0.0031523815431400712,-0.0622626504686964,0.663,0.7258758451137064,0.0685,0.0724,0.7425
20260309,161021.7215,150452.926,164851.1979,142451.6821,625799.0,-2932.0,511798.0,1.0,0.0,38732.0,0.0,1.0,-2.0,13682.0,-39150.0,155445.6349,163068.6208,152603.317205,-7622.9859,2842.317695000005,157351.6142930159,154927.1311833889,406181.0,614157.6,0.8884899999999999,7.488048342788761,7.31022932641163,14.79827766920039,1.0,38732.0,-1.0,-25468.0,-0.0046852104269901355,-0.8421672149981392,0.7726,0.950419995902479,0.0685,0.0741,0.1451
20260310,162768.7048,160151.0062,166378.3385,159559.2145,629651.0,3852.0,288652.0,1.0,0.0,39061.0,0.0,1.0,-2.0,15044.0,-39202.0,157779.75552,162901.03356,154072.33753,-5121.278039999976,3707.417990000016,158170.3067369047,155768.0698937381,405648.9,,,7.374077865992655,7.31022932641163,14.68430719240428,1.0,39061.0,-1.0,-24158.0,0.006117674711864192,0.3393646316423676,0.7509,0.905961893054702,0.0822,0.0757,0.8535
20260311,155068.9144,163177.9689,166902.1843,155025.121,626874.0,-2777.0,344839.0,1.0,0.0,38115.0,0.0,1.0,-2.0,15691.0,-38719.0,158164.19024,161735.86138,154418.93996,-3571.671139999991,3745.250279999978,158618.0323189682,156538.3502642064,398725.2,,,7.306198116976335,7.442411095593503,14.74860921256984,1.0,38115.0,-1.0,-23028.0,-0.004429917335860157,-0.1143398082994347,0.7295,0.8621184183568943,0.0959,0.0773,0.684
20260312,156897.2681,156206.5962,159356.4155,152907.3037,623724.0,-3150.0,274539.0,1.0,0.0,39709.0,0.0,1.0,-2.0,15697.0,-38299.0,158394.81094,160042.73932,154903.00544,-1647.928379999998,3491.805499999988,158870.6285669047,157120.236349754,372864.4,,,7.318757868794582,7.442411095593503,14.76116896438808,1.0,39709.0,-1.0,-22602.0,-0.005050310714354426,-0.421800635892581,0.6841,0.7691046916615449,0.0959,0.0789,0.4662
20260313,151922.7617,156327.9014,162591.9599,149939.3906,616979.0,-6745.0,357441.0,1.0,0.0,40039.0,0.0,1.0,-2.0,15896.0,-39456.0,157535.8741,157618.32722,155857.444915,-82.45311999999103,1678.429185000015,158764.5388670635,157514.7197538968,371921.2,,,7.426658002507414,7.556255638538153,14.98291364104557,1.0,40039.0,-1.0,-23560.0,-0.010932300775228979,0.1046993354549609,0.6932,0.7772043010752689,0.1644,0.1524,0.8182
20260316,159428.9572,152035.375,159649.1567,149476.8041,618642.0,1663.0,303549.0,1.0,0.0,37090.0,0.0,1.0,-2.0,14410.0,-36721.0,157217.32124,156331.47807,157180.468485,885.8431699999783,36.85275499997078,158786.9139934921,157733.6518447936,372679.0,,,7.312994389280923,7.556255638538153,14.86925002781908,1.0,37090.0,-1.0,-22311.0,0.0026881459713372193,0.3370264683014494,0.6871,0.7569244405052074,0.1781,0.243,0.8529
20260317,155182.0551,159102.5543,160121.6718,154271.915,620890.0,2248.0,228174.0,1.0,0.0,37063.0,0.0,1.0,-2.0,12555.0,-38877.0,155699.9913,156739.87341,158087.435975,-1039.882110000006,-2387.444675000006,158763.0937995238,157936.0464426667,337325.8,,,7.290019862859004,7.556255638538153,14.84627550139716,1.0,37063.0,-1.0,-26322.0,0.0036206091256100114,-0.2328816549976141,0.6636,0.7048526479060492,0.274,0.3892,0.5859
20260318,149994.4113,155254.5048,156503.4357,149566.0473,621071.0,181.0,270443.0,1.0,0.0,37990.0,0.0,1.0,-2.0,12545.0,-40172.0,154685.09068,156424.64046,158718.591,-1739.549780000001,-4033.500319999992,158137.7018883333,158102.7214279048,324812.2,,,6.822840063504682,7.556255638538153,14.37909570204284,1.0,37990.0,-1.0,-27627.0,0.0002914320584925073,-0.0992903784336087,0.5752,0.5089740748947487,0.2466,0.5401,0.7036
20260319,142431.7846,147521.6365,149802.2882,139943.3006,595675.0,-25396.0,398406.0,1.0,0.0,38989.0,0.0,1.0,-2.0,9461.0,-39503.0,151791.99398,155093.40246,158324.880925,-3301.408480000013,-6532.886945000006,156771.0408604761,158117.2534613492,326071.4,478087.2,,7.001696006992075,7.556255638538153,14.55795164553023,1.0,38989.0,-1.0,-30042.0,-0.04263398665379611,-0.3391140551241826,0.5866,0.5337178349600711,0.2603,0.5635,0.514
20260320,143661.5422,144247.3125,150718.4487,143494.9626,596230.0,555.0,340921.0,1.0,0.0,32066.0,0.0,1.0,-2.0,13043.0,-41829.0,150139.75008,153837.81209,158039.879915,-3698.062009999994,-7900.129835,155478.506805873,157971.2378130555,331876.2,,,7.079723105224447,7.556255638538153,14.6359787437626,1.0,32066.0,-1.0,-28786.0,0.0009308488335038492,-0.1347699512828234,0.5483,0.4176236231544411,0.3562,0.6007,0.6579
20260323,148817.9424,142180.8443,149208.8157,140046.7949,594523.0,-1707.0,307967.0,1.0,0.0,31377.0,0.0,1.0,-2.0,15378.0,-40240.0,148017.54712,152617.43418,157843.02749,-4599.887060000008,-9825.480370000005,154266.785320873,157662.7549158413,311493.1,,,6.527772189052127,7.442411095593503,13.97018328464563,1.0,31377.0,-1.0,-24862.0,-0.002871209356072011,-0.3264736015156487,0.589,0.5130067963440357,0.3973,0.6343,0.5202
20260324,152728.438,150775.0002,154363.0227,150069.6823,594537.0,14.0,309982.0,1.0,0.0,30150.0,0.0,1.0,-2.0,16134.0,-39669.0,147526.8237,151613.4075,157257.22053,-4086.583799999993,-9730.396829999983,153735.9975709524,157219.323999246,313626.1,,0.7116199999999999,6.367218448442423,7.442411095593503,13.80962954403592,1.0,30150.0,-1.0,-23535.0,2.354773546473979e-05,-0.2363380240991022,0.6188,0.5828450902273261,0.4521,0.6557,0.5798
20260325,158945.6603,156275.5066,161213.4594,154504.7914,595801.0,1264.0,332718.0,1.0,0.0,27606.0,0.0,1.0,-2.0,20461.0,-40370.0,149317.0735,152001.08209,156868.471735,-2684.008590000012,-7551.398235000001,153744.5103076191,156731.9717981111,312414.0,,0.7803899999999999,6.215808802102258,7.442411095593503,13.65821989769576,1.0,27606.0,-1.0,-19909.0,0.0021215137268987463,0.1306367311082142,0.6786,0.7229903913756738,0.5205,0.6978,0.8235
20260326,157455.7358,159654.0559,162266.082,155403.5139,608944.0,13143.0,376997.0,1.0,0.0,24655.0,0.0,1.0,-2.0,20164.0,-39601.0,152321.86374,152056.92886,156049.83409,264.9348799999862,-3727.970349999989,153902.003567619,156235.1092981826,322659.8,,,6.100624565081568,7.442411095593503,13.54303566067507,1.0,24655.0,-1.0,-19437.0,0.021583265456265273,0.0920527837787848,0.6418,0.5979247730220495,0.5342,0.7345,0.813
20260327,168726.1974,156736.8622,170582.0412,156596.5101,644010.0,35066.0,491823.0,1.0,0.0,21997.0,0.0,1.0,-2.0,24321.0,-37977.0,157334.79478,153737.27243,155677.799825,3597.522350000014,1656.994955000002,154718.9517588095,155830.5505873571,336098.0,590187.6,0.8129349999999999,5.6900940125081,7.556255638538153,13.24634965104625,1.0,21997.0,-1.0,-13656.0,0.05444946507041816,-0.1389777799652183,0.7069,0.7352767962308598,0.5068,0.7642,0.6543
20260330,172019.957,169027.5158,173720.2816,168572.0966,656325.0,12315.0,312041.0,1.0,0.0,23165.0,0.0,1.0,-2.0,24388.0,-37491.0,161975.1977,154996.37241,155663.92524,6978.825289999979,6311.272460000007,156256.6124188889,155577.5204298968,336947.2,,0.8373149999999999,5.58898682411006,7.511051421368589,13.10003824547865,1.0,23165.0,-1.0,-13103.0,0.01876356987772826,0.0015163808043384,0.7281,0.7977031802120141,0.4932,0.7302,0.7858
20260331,157515.5793,170073.1007,172284.3217,157460.7135,637118.0,-19207.0,495396.0,1.0,0.0,24549.0,0.0,1.0,-2.0,22784.0,-36500.0,162932.62596,155229.72483,155984.79912,7702.901130000013,6947.826840000023,156810.6626518253,155382.277315127,363669.4,594475.2,,5.718129839508934,7.719808940625608,13.43793878013454,1.0,24549.0,-1.0,-13716.0,-0.030146691821609183,-0.6253311345794371,0.5844,0.37455830388692596,0.5342,0.753,0.2985
20260401,158671.4356,161077.4497,163614.9237,154539.0737,636341.0,-777.0,376907.0,1.0,0.0,25247.0,0.0,1.0,-2.0,22336.0,-34758.0,162877.78102,156097.42726,156261.03386,6780.353760000056,6616.747160000028,157077.4031815873,155276.2474444524,374315.8,,,5.83410164884572,7.719808940625608,13.55391058947133,1.0,25247.0,-1.0,-12422.0,-0.0012210434342593043,-0.1304982135660352,0.5662,0.32096584216725577,0.5753,0.7791,0.6621
20260402,159591.6403,158949.8729,162936.8984,155684.078,631874.0,-4467.0,343274.0,1.0,0.0,25107.0,0.0,1.0,-2.0,23775.0,-35248.0,163304.96192,157813.41283,156453.407645,5491.549090000015,6851.554275000002,157385.7391487302,155337.7172732778,368802.6,,,5.566518097149678,7.511051421368589,13.07756951851827,1.0,25107.0,-1.0,-11473.0,-0.007069447389827719,-0.3548250885439455,0.5858,0.37868080094228507,0.589,0.8068,0.5015
20260403,157308.7851,160365.1465,162248.9752,156783.4901,624676.0,-7198.0,236435.0,1.0,0.0,24624.0,0.0,1.0,-2.0,22896.0,-35589.0,161021.47946,159178.13712,156507.974605,1843.342340000003,4513.504855000007,157579.714274127,155547.8380201032,358354.0,,,5.356314698750447,7.511051421368589,12.86736612011904,1.0,24624.0,-1.0,-12693.0,-0.011522773405733532,-0.3429917338604727,0.535,0.2290930506478211,0.3151,0.6809,0.5084
20260407,160118.4332,157948.5632,164634.6556,155953.2391,632541.0,7865.0,299183.0,1.0,0.0,22911.0,0.0,1.0,-2.0,24089.0,-32375.0,158641.1747,160308.1862,156462.81019,-1667.011499999993,2178.364509999985,157860.3289903968,155907.1923870555,357475.6,,,5.473648627960594,7.511051421368589,12.98470004932918,1.0,22911.0,-1.0,-8286.0,0.012433976611792753,-0.0509518988573745,0.4343,0.0,0.3562,0.6814,0.7462
20260408,158985.5345,160103.1408,163600.805,156704.8814,629963.0,-2578.0,337869.0,1.0,0.0,23440.0,0.0,1.0,-2.0,20181.0,-35762.0,158935.16574,160933.89585,156273.651675,-1998.730110000033,2661.514064999996,158170.8148384921,156350.6741138095,360264.3,,,5.449360395215964,7.511051421368589,12.96041181658455,1.0,23440.0,-1.0,-15581.0,-0.004092303833717218,0.4826685579952037,0.4343,0.0,0.3973,0.5663,0.8656
20260409,152942.4043,158585.3841,158880.7678,152075.522,628560.0,-1403.0,392723.0,1.0,0.0,26730.0,0.0,1.0,-2.0,15942.0,-33906.0,157789.35948,160333.57025,156167.32617,-2544.210769999976,1622.033310000028,157978.5302477778,156774.0761078254,366264.8,,,5.281121311484665,7.511051421368589,12.79217273285325,1.0,26730.0,-1.0,-17964.0,-0.0022320860379279623,-0.1755182519306645,0.5115,0.21296551724137916,0.4384,0.6774,0.6235
20260410,156579.5489,155201.6602,157751.1901,153241.9302,615990.0,-12570.0,324675.0,1.0,0.0,26563.0,0.0,1.0,-2.0,17326.0,-28613.0,157186.9412,160245.95156,156151.44021,-3059.010360000015,1035.50099,157936.6832619047,157177.544077254,361032.6,,,5.093764067628823,7.511051421368589,12.60481548899741,1.0,26563.0,-1.0,-11287.0,-0.02040617542492573,-0.1541179699334326,0.5035,0.19089655172413778,0.6438,0.9153,0.6408
20260413,165259.8356,154390.9413,165376.8359,154197.6574,644865.0,28875.0,396967.0,1.0,0.0,24525.0,0.0,1.0,-2.0,21266.0,-30421.0,158777.1513,159899.31538,156818.293905,-1122.164079999988,1958.857394999999,158408.105354127,157546.4594367857,351547.0,,0.591675,5.146501036213601,7.31022932641163,12.45673036262523,1.0,24525.0,-1.0,-9155.0,0.04477681375171547,0.1413544751550694,0.5145,0.2212413793103447,0.6438,0.9019,0.8267
20260414,165729.7682,165679.1362,166932.3881,163331.9983,657002.0,12137.0,276981.0,1.0,0.0,24732.0,0.0,1.0,-2.0,21456.0,-30676.0,159899.4183,159270.2965,157133.334455,629.1218000000226,2766.083845000045,159250.3386654762,157845.8320614445,348041.0,,0.5924799999999999,5.030324246891058,7.31022932641163,12.34055357330269,1.0,24732.0,-1.0,-9220.0,0.018473307539398662,0.0565193143768704,0.5152,0.2231724137931034,0.6575,0.897,0.8027
20260415,167597.0246,166966.0479,170787.0289,164502.5185,670428.0,13426.0,329574.0,1.0,0.0,25343.0,0.0,1.0,-2.0,23975.0,-32638.0,161621.71632,160278.44103,157754.08293,1343.275289999961,3867.633390000003,160248.6789851587,158189.6336947778,331458.8,,,4.913622875081567,7.130953044872316,12.04457591995388,1.0,25343.0,-1.0,-8663.0,0.02002601323333751,0.0252715334317582,0.4936,0.16358620689655165,0.6712,0.8921,0.7955
20260416,174818.9418,169477.4512,174899.1375,168345.1778,715938.0,45510.0,369016.0,1.0,0.0,24152.0,0.0,1.0,-2.0,28849.0,-32980.0,165997.02382,161893.19165,158995.309455,4103.83216999998,7001.714364999963,161698.0625330159,158651.6996299206,330669.7,,0.5973099999999999,4.895448789787836,6.881479887574055,11.77692867736189,1.0,24152.0,-1.0,-4131.0,0.06356695691526361,0.4318820623514825,0.5194,0.23475862068965508,0.6438,0.9175,0.8623
20260417,176416.9168,175864.3554,176708.9813,172731.7898,727433.0,11495.0,283542.0,1.0,0.0,26719.0,0.0,1.0,-2.0,30214.0,-32550.0,169964.4974,163575.7193,160694.566065,6388.778099999996,9269.931335000001,163267.3169999206,159239.8574150397,324696.5,,,4.440682814454742,6.7428177348179,11.18350054927264,1.0,26719.0,-1.0,-2336.0,0.015802142602823904,0.0615941510636922,0.5094,0.20717241379310333,0.7123,0.9277,0.8051
20260420,179153.0067,175836.1047,180294.701,173934.5896,747823.0,20390.0,282621.0,1.0,0.0,25993.0,0.0,1.0,-2.0,31099.0,-30753.0,172743.13162,165760.14146,162469.13929,6982.990159999987,10273.99232999998,164929.7799792857,159974.8639855556,329315.1,,,4.479761464787839,6.7428177348179,11.22257919960574,1.0,25993.0,-1.0,346.0,0.02726581022514686,-0.1957725052316652,0.5125,0.21572413793103434,0.6986,0.9245,0.5988
20260421,173324.2483,179615.0785,179615.0785,168881.7837,719363.0,-28460.0,422100.0,1.0,0.0,26830.0,0.0,1.0,-2.0,28848.0,-27340.0,174262.02764,167080.72297,163694.454585,7181.304670000012,10567.57305500002,166107.8228745238,160799.6133739682,341606.8,506520.0,,4.271718576718999,6.519612086793426,10.79133066351243,1.0,26830.0,-1.0,1508.0,-0.03956277984828244,-0.1798006268252491,0.4666,0.08910344827586207,0.4932,0.7404,0.6145
20260422,174341.7876,172941.8315,175403.0177,171286.1449,721896.0,2533.0,244301.0,1.0,0.0,26633.0,0.0,1.0,-2.0,30529.0,-27171.0,175610.98024,168616.34828,164775.122065,6994.631960000028,10835.858175,167086.1529490476,161691.1471850238,332250.0,,,4.029342881325318,6.519612086793426,10.54895496811874,1.0,26633.0,-1.0,3358.0,0.0035088156742799515,-0.2648271612374243,0.4592,0.06868965517241374,0.5068,0.7441,0.5534
20260423,177044.5217,174535.7462,177823.8111,171529.3232,725460.0,3564.0,295452.0,1.0,0.0,25582.0,0.0,1.0,-2.0,30928.0,-27283.0,176056.09622,171026.56002,165680.065135,5029.536200000002,10376.03108500002,168185.5711319048,162711.8512734365,322522.9,,,3.958324151939681,6.267763009019892,10.22608716095957,1.0,25582.0,-1.0,3645.0,0.00491274501695476,-0.2049184674382523,0.46,0.07089655172413795,0.5479,0.7446,0.5916
20260424,177071.5148,176947.6283,178962.003,173776.9219,739590.0,14130.0,308174.0,1.0,0.0,26952.0,0.0,1.0,-2.0,30300.0,-27266.0,176187.01582,173075.75661,166660.854085,3111.259210000047,9526.16173500003,169235.1962265873,163841.7025699047,320872.8,,,3.913283703506738,6.267763009019892,10.18104671252663,1.0,26952.0,-1.0,3034.0,0.019105179896969943,-0.2611155603715483,0.4648,0.0841379310344827,0.5205,0.8017,0.5562
20260427,179793.3746,180319.9906,183580.269,177972.9863,745058.0,5468.0,307489.0,1.0,0.0,27773.0,0.0,1.0,-2.0,30483.0,-29003.0,176315.0894,174529.11051,167214.212945,1785.978889999969,9100.87645500002,170553.468635873,165056.2388980793,311925.0,,,3.789596174846094,6.267763009019892,10.05735918386599,1.0,27773.0,-1.0,1480.0,0.00733902595502632,-0.2305205640114371,0.4562,0.060413793103448216,0.8082,0.8935,0.5778
20260428,177873.8404,178365.0071,179599.2158,172724.1293,724826.0,-20232.0,320678.0,1.0,0.0,29432.0,0.0,1.0,-2.0,30220.0,-27584.0,177225.00782,175743.51773,167506.907115,1481.490089999977,9718.10070499999,171601.2283255555,166291.3278640873,316294.7,,,3.766973953504804,6.170961826356628,9.937935779861432,1.0,29432.0,-1.0,2636.0,-0.02791290599399028,-0.2498353760531481,0.4467,0.03420689655172405,0.7808,0.8339,0.5605
20260429,183126.4152,177367.9601,183476.5381,174583.1653,750362.0,25536.0,292481.0,1.0,0.0,29125.0,0.0,1.0,-2.0,26764.0,-25062.0,178981.93334,177296.45679,168787.44891,1685.476549999992,10194.48442999998,172841.6976849206,167550.6297340635,312585.4,,,3.801829427121576,6.022782447628561,9.824611874750138,1.0,29125.0,-1.0,1702.0,0.034031574093570834,-0.0251085215445176,0.4583,0.06620689655172406,0.7534,0.8093,0.7612
20260430,188103.3332,182816.9203,188681.926,181651.0762,759145.0,8783.0,329733.0,1.0,0.0,30697.0,0.0,1.0,-2.0,28455.0,-24548.0,181193.69564,178624.89593,170259.04379,2568.799709999992,10934.65184999999,174526.8455044444,168833.5080312064,308657.1,,0.537165,3.843444356359152,5.910180414636272,9.753624770995422,1.0,30697.0,-1.0,3907.0,0.011569594741452555,-0.1702715202653837,0.4671,0.09048275862068966,0.6986,0.798,0.6274
20260506,198543.8062,189891.5688,198728.1688,189891.5688,783616.0,24471.0,277061.0,1.0,0.0,31086.0,0.0,1.0,-2.0,30855.0,-24156.0,185488.15392,180837.58487,172206.652085,4650.56905000002,13281.501835,177002.2971695239,170207.0060481667,308009.0,,0.58305,3.769892851196695,5.818733482561261,9.588626333757956,1.0,31086.0,-1.0,6699.0,0.03122830570075139,,0.507,0.20055172413793104,0.6575,0.8083,
20260507,198172.0087,198195.4486,199544.0845,192867.7574,789044.0,5428.0,334275.0,1.0,0.0,30809.0,0.0,1.0,-2.0,30364.0,-24529.0,189163.88074,182739.48507,174249.813265,6424.395669999998,14914.06747499999,179464.338885635,171660.4619388016,313174.4,,,3.843263949852585,5.739215125468547,9.582479075321132,1.0,30809.0,-1.0,5835.0,0.0068792107917936135,-0.0650930287584222,0.5034,0.1906206896551723,0.6164,0.764,0.7336
20260508,195801.2784,197217.1829,200550.2909,194425.2655,778563.0,-10481.0,287730.0,1.0,0.0,30952.0,0.0,1.0,-2.0,30351.0,-25867.0,192749.36834,184987.18808,176033.955525,7762.180259999994,16715.41281499999,181670.3087915873,173216.7105305079,299737.4,,,3.794569705433573,5.553704585765646,9.348274291199218,1.0,30952.0,-1.0,4484.0,-0.013461980597588121,-0.2075879876708291,0.4877,0.14731034482758623,0.5753,0.7331,0.5869
20260511,204277.3177,196364.5418,204804.0412,194826.049,810909.0,32346.0,288553.0,1.0,0.0,29543.0,0.0,1.0,-2.0,29933.0,-25488.0,196979.54884,187980.74109,178298.544685,8998.807750000007,18681.00415499997,184179.6687728572,174926.0621128889,304162.6,,,3.854888502643893,5.430285829066774,9.285174331710667,1.0,29543.0,-1.0,4445.0,0.03988856949423425,-0.1929208228913773,0.4812,0.1386343482116465,0.5205,0.6809,0.6009
20260512,204463.1586,206506.473,207916.6214,202690.5147,808935.0,-1974.0,247292.0,1.0,0.0,29349.0,0.0,1.0,-2.0,29541.0,-23976.0,200251.51392,190722.60478,180874.5824,9528.909140000003,19376.93151999998,186782.7093415873,176785.7759338571,299346.6,,,3.861313554034341,5.379577424545261,9.240890978579602,1.0,29349.0,-1.0,5565.0,-0.002440245507982718,-0.2564798798240382,0.4812,0.1386343482116465,0.5616,0.5764,0.5541
20260513,201245.6244,205884.0069,209061.8583,194717.9475,785549.0,-23386.0,516199.0,1.0,0.0,31194.0,0.0,1.0,-2.0,27609.0,-20592.0,200791.87756,193140.01574,183107.886175,7651.86182000002,17683.99138500003,188882.6800153969,178750.5243127381,320149.1,619438.7999999999,,4.132116466100571,5.430285829066774,9.562402295167345,1.0,31194.0,-1.0,7017.0,-0.029770262580691976,-0.3305993282235461,0.471,0.10848359444280213,0.5616,0.577,0.4956
20260514,191193.1553,202059.8535,203541.8749,189718.7057,732472.0,-53077.0,552484.0,1.0,0.0,31954.0,0.0,1.0,-2.0,22287.0,-19961.0,199396.10688,194279.99381,184404.55216,5116.113069999992,14991.55471999999,190085.1805507143,180703.6955042222,344648.6,662980.7999999999,,4.220817522028871,5.430285829066774,9.651103351095646,1.0,31954.0,-1.0,2326.0,-0.07246283816992322,-0.4368548362622272,0.4448,0.031037540644398332,0.5753,0.5876,0.4328
20260515,188388.674,190315.7484,194350.9716,186517.9052,711687.0,-20785.0,467648.0,1.0,0.0,29197.0,0.0,1.0,-2.0,24459.0,-14616.0,197913.586,195331.47717,185537.49745,2582.108830000012,12376.08855000001,190613.8004518255,182604.9527168492,359345.6,561177.6,,4.338010215518589,5.379577424545261,9.71758764006385,1.0,29197.0,-1.0,9843.0,-0.02920525455712975,-0.4062089415313037,0.4187,0.0,0.6027,0.5768,0.4499
20260518,191513.2066,189082.3327,193303.5347,187351.4813,716833.0,5146.0,248731.0,1.0,0.0,30678.0,0.0,1.0,-2.0,21999.0,-16585.0,195360.76378,196170.15631,186733.30655,-809.3925300000119,8627.45723,191129.4175602381,184433.724704381,354970.6,,,4.301807066476592,5.379577424545261,9.681384491021852,1.0,30678.0,-1.0,5414.0,0.007178798967123444,-0.3829444393892401,0.4259,0.02034473014975978,0.6438,0.5775,0.4624
20260519,183925.9074,190757.9359,191496.9886,181746.1765,696797.0,-20036.0,416586.0,1.0,0.0,27431.0,0.0,1.0,-2.0,17667.0,-21296.0,191253.31354,195752.41373,187188.65483,-4499.100189999997,4064.658710000018,191109.9390442857,186092.0340583651,363655.9,,,4.461390619987694,5.343541934584421,9.804932554572115,1.0,27431.0,-1.0,-3629.0,-0.028754429195303653,-0.3841449979220087,0.4079,0.0,0.8082,0.8697,0.4618
20260520,182500.4944,181915.4112,184165.0005,174543.3819,687385.0,-9412.0,494402.0,1.0,0.0,21396.0,0.0,1.0,-2.0,15719.0,-24401.0,187504.28754,194148.08255,187492.83371,-6643.795010000002,11.45382999998401,190580.9231865873,187449.8966600714,385390.0,593282.4,,4.572656761496359,5.321510469051663,9.894167230548021,1.0,21396.0,-1.0,-8682.0,-0.01369247219534904,,0.4053,0.0,0.7945,0.8699,
20260521,177077.6327,182997.1668,185547.3179,176659.8943,683179.0,-4206.0,399175.0,1.0,0.0,19379.0,0.0,1.0,-2.0,16076.0,-26871.0,184681.18302,192038.64495,187389.06501,-7357.46192999999,-2707.881989999994,189861.9629859524,188489.6590701032,391880.0,,,4.64164326079776,5.321510469051663,9.963153729849424,1.0,19379.0,-1.0,-10795.0,-0.006156512422073863,-0.468015579478535,0.3859,0.0,0.8082,0.8734,0.4097
