,收盘价,开盘价,最高价,最低价,持仓量,持仓量变动,成交量,家人多头席位数,家人空头席位数,家人多头持仓量,家人空头持仓量,机构多头席位数,机构空头席位数,机构多头持仓量,机构空头持仓量,ma5,ma10,ma20,diff5_10,diff5_20,DKX,MADKX,成交量MA10,成交量放大信号,IV上涨信号,ATRMA14,ATR60D60pct,推荐止损宽度,家人净多头席位,家人净多头持仓量,机构净多头席位,机构净多头持仓量,持仓量变幅,CB_index,IV,IV_pct,趋势横截面分位数,趋势历史分位数,CB_index历史分位数
20240927,6295.6074,6204.8438,6310.6836,6174.813,33034.0,-5448.0,96948.0,2.0,-2.0,483.0,-1427.0,3.0,-1.0,5507.0,-4.0,6167.41152,6110.657560000001,6205.06843,56.7539599999991,-37.65691000000061,,,175052.2,,,2.820884899522478,,,0.0,-944.0,2.0,5503.0,-0.16492099049464187,-0.0954401440123127,,,,,0.9474
20240930,6519.2954,6291.2017,6563.4487,6265.3604,26305.0,-6729.0,110243.0,1.0,-3.0,141.0,-853.0,3.0,0.0,4413.0,0.0,6271.07744,6157.482410000001,6188.5332,113.5950299999995,82.54424000000017,,,149361.9,,,2.998854726698582,,,-2.0,-712.0,3.0,4413.0,-0.2558068808211367,-0.1028729985813927,,,,,0.9
20241008,6579.5146,6793.0835,6818.3096,6553.0483,25714.0,-591.0,86269.0,0.0,-4.0,0.0,-1491.0,2.0,-1.0,3313.0,-160.0,6352.5203,6205.91942,6187.24296,146.60088,165.2773399999996,6200.881094047619,,131667.5,,,3.113591392337247,,,-4.0,-1491.0,1.0,3153.0,-0.022983588706541182,-0.1421658572924301,,,,,0.8571
20241009,6509.5747,6591.7808,6591.7808,6479.2886,28691.0,2977.0,92304.0,0.0,-4.0,0.0,-1528.0,2.0,-1.0,3833.0,0.0,6417.84608,6260.40072,6193.715200000001,157.4453600000006,224.1308799999997,6232.950991587302,,126828.5,,,3.017215359332711,,,-4.0,-1528.0,1.0,3833.0,0.10376076121431808,-0.0781691985663114,,,,,1.0
20241010,6453.9023,6480.6943,6514.229,6396.5752,30592.0,1901.0,75702.0,0.0,-4.0,0.0,-1610.0,3.0,-1.0,3931.0,0.0,6471.57888,6298.080550000001,6196.84823,173.4983299999994,274.7306500000004,6258.076783809524,,113448.9,,,2.732137977902215,,,-4.0,-1610.0,2.0,3931.0,0.062140428870292884,-0.2115564957839948,,,,,0.6957
20241011,6514.6294,6465.5562,6535.1743,6452.5444,29157.0,-1435.0,62578.0,1.0,-4.0,32.0,-1137.0,3.0,0.0,3066.0,0.0,6515.38328,6341.3974,6207.844595,173.9858800000002,307.5386849999995,6286.510094126984,,107243.8,,,2.594017087399516,,,-3.0,-1105.0,3.0,3066.0,-0.04921631169187502,-0.09242205235719,,,,,0.9167
20241014,6477.9492,6518.4287,6576.7803,6456.7666,25006.0,-4151.0,61734.0,1.0,-3.0,270.0,-1002.0,2.0,-1.0,2339.0,-5.0,6507.11404,6389.09574,6220.192300000001,118.0183000000006,286.9217399999998,6313.931176904761,,101478.4,,,2.555268893868436,,,-2.0,-732.0,1.0,2334.0,-0.16600015996160922,-0.1054198781139675,,,,,0.8
20241015,6328.8789,6460.0566,6489.7153,6328.875,25374.0,368.0,62178.0,0.0,-3.0,0.0,-500.0,3.0,0.0,2576.0,0.0,6456.9869,6404.7536,6225.40121,52.23329999999987,231.5856899999999,6329.207319444445,,93160.2,,,2.504658694828625,,,-3.0,-500.0,3.0,2576.0,0.014503034602348861,-0.142699114856606,,,,,0.7308
20241016,6313.6274,6338.4009,6377.6255,6289.5703,25627.0,253.0,50582.0,0.0,-3.0,0.0,-969.0,2.0,-1.0,2561.0,-307.0,6417.797439999999,6417.82176,6236.41466,-0.02432000000044354,181.382779999999,6338.654375396825,,82333.4,,,2.390834860922416,,,-3.0,-969.0,1.0,2254.0,0.009872400202910992,-0.1959890192353057,,,,,0.6667
20241017,6195.811,6313.9614,6334.6431,6193.1025,27031.0,1404.0,50457.0,0.0,-2.0,0.0,-414.0,2.0,-1.0,2128.0,-14.0,6366.17918,6418.87903,6250.265,-52.69984999999997,115.9141799999998,6338.03711468254,,74899.5,,,2.465017436755399,,,-2.0,-414.0,1.0,2114.0,0.051940364766379345,-0.2362549243000421,,,,,0.5357
20241018,6265.1387,6222.584,6304.604,6197.6455,23954.0,-3077.0,46169.0,1.0,-2.0,289.0,-249.0,2.0,-1.0,2145.0,-64.0,6316.28104,6415.83216,6263.24486,-99.55112000000008,53.03618000000006,6337.939350396824,,69821.6,,,2.476856934932055,,,-1.0,40.0,1.0,2081.0,-0.1284545378642398,-0.0962137679840061,,,,,0.8621
20241021,6224.5083,6252.2163,6252.2163,6183.498,24877.0,923.0,38726.0,1.0,-2.0,257.0,-296.0,2.0,-1.0,2271.0,-180.0,6265.59286,6386.35345,6271.91793,-120.7605899999999,-6.325069999999869,6334.214181825396,6297.040248222222,62669.9,,,2.336922914404928,,,-1.0,-39.0,1.0,2091.0,0.037102544519033644,-0.1024504611778775,,,,,0.8333
20241022,6290.6396,6237.1816,6330.7681,6235.106,23338.0,-1539.0,40199.0,1.0,-2.0,243.0,-190.0,3.0,-1.0,1870.0,-57.0,6257.945,6357.46595,6281.692685,-99.52095000000008,-23.74768500000027,6335.25166063492,6310.477304880953,58062.9,,,2.218613306111741,,,-1.0,53.0,2.0,1813.0,-0.0659439540663296,0.0628022388818824,,,,,1.0
20241023,6311.9253,6313.1431,6369.9385,6280.6758,23704.0,366.0,35187.0,1.0,-2.0,311.0,-477.0,3.0,-1.0,1837.0,-3.0,6257.604580000001,6337.70101,6299.050864999999,-80.09642999999869,-41.44628499999817,6337.786654682541,6320.960871190476,52351.2,,,2.175328403739628,,,-1.0,-166.0,2.0,1834.0,0.015440431994600068,0.1052871956032371,,,,,1.0
20241024,6291.8525,6292.6094,6325.645,6249.6396,23567.0,-137.0,22099.0,1.0,-2.0,251.0,-655.0,3.0,0.0,1905.0,0.0,6276.81288,6321.49603,6309.78829,-44.68314999999984,-32.97541000000001,6336.736556746031,6328.826848484126,46990.9,,,2.10836451271275,,,-1.0,-404.0,3.0,1905.0,-0.005813213391606908,0.0621532531762157,,,,,0.9394
20241025,6290.6475,6289.0869,6342.9312,6244.6509,22864.0,-703.0,30893.0,1.0,-2.0,251.0,-605.0,3.0,0.0,2038.0,0.0,6281.914640000001,6299.09784,6320.24762,-17.18319999999949,-38.33297999999922,6335.156886507934,6333.691527722222,43822.4,,,1.889397263220742,,,-1.0,-354.0,3.0,2038.0,-0.03074702589223233,0.0627663461819669,,,,,0.9412
20241028,6278.8677,6304.5688,6332.415,6211.522,22520.0,-344.0,33033.0,1.0,-2.0,228.0,-592.0,3.0,-1.0,2073.0,-22.0,6292.78652,6279.189690000001,6334.142715,13.59682999999859,-41.3561950000003,6330.35604738095,6335.334014769841,40952.3,,,1.695093303701855,,,-1.0,-364.0,2.0,2051.0,-0.0152753108348135,0.0294941369003841,,,,,0.8857
20241029,6167.2832,6249.5547,6271.2031,6145.9419,24255.0,1735.0,35158.0,1.0,-2.0,285.0,-134.0,3.0,0.0,2702.0,0.0,6268.115239999999,6263.03012,6333.891860000001,5.085119999998824,-65.77662000000146,6316.785926031745,6334.09187542857,38250.3,,,1.724769865133413,,,-1.0,151.0,3.0,2702.0,0.07153164296021439,-0.2236671993529893,,,,,0.4722
20241030,6186.4138,6203.4179,6217.1382,6149.4346,24027.0,-228.0,20953.0,1.0,-2.0,294.0,-119.0,3.0,-1.0,2814.0,0.0,6243.01294,6250.30876,6334.06526,-7.295820000000276,-91.05232000000069,6302.87710968254,6330.514148857143,35287.4,,,1.673331722415736,,,-1.0,175.0,2.0,2814.0,-0.009489324509926332,-0.2846855318679175,,,,,0.1892
20241031,6217.3214,6209.5411,6234.2739,6169.1357,23235.0,-792.0,15931.0,1.0,-2.0,318.0,-177.0,2.0,-1.0,2786.0,-14.0,6228.106720000001,6252.4598,6335.669414999999,-24.35307999999895,-107.5626949999987,6290.077941428571,6325.718231531745,31834.8,,,1.659082373898999,,,-1.0,141.0,1.0,2772.0,-0.03408650742414461,-0.4456596646486706,,,,,0.0263
20241101,6250.0591,6222.8719,6305.0922,6209.7139,22535.0,-700.0,22174.0,1.0,-2.0,229.0,-122.0,3.0,0.0,2676.0,0.0,6219.989039999999,6250.95184,6333.392,-30.96280000000024,-113.4029600000003,6280.726891190478,6319.996985611111,29435.3,,,1.635279374786302,,,-1.0,107.0,3.0,2676.0,-0.031062791213667628,-0.4886814743310769,,,,,0.0256
20241104,6245.1481,6259.6545,6269.3712,6203.3283,21838.0,-697.0,14683.0,2.0,-1.0,476.0,-82.0,3.0,0.0,2361.0,0.0,6213.24512,6253.01582,6319.684635,-39.77069999999912,-106.4395149999991,6271.519053968254,6313.727472825396,27031.0,,,1.528539999858976,,,1.0,394.0,3.0,2361.0,-0.031916842201666816,-0.4797893051317932,,,,,0.05
20241105,6257.0158,6249.9663,6301.4376,6242.7378,21744.0,-94.0,13902.0,1.0,-2.0,245.0,-556.0,2.0,0.0,2320.0,0.0,6231.19164,6249.65344,6303.559695,-18.46180000000004,-72.36805499999991,6266.453095793649,6306.847616341269,24401.3,,,1.495969733710543,,,-1.0,-311.0,2.0,2320.0,-0.004323031640912436,-0.4922428685143538,,,,,0.0244
20241106,6169.49,6273.5838,6295.383,6141.2088,22899.0,1155.0,21931.0,1.0,-2.0,238.0,-402.0,3.0,0.0,2857.0,0.0,6227.80688,6235.40991,6286.55546,-7.603030000000217,-58.7485800000004,6255.988236825396,6298.667774555555,23075.7,,,1.510867279467058,,,-1.0,-164.0,3.0,2857.0,0.05043888379405214,-0.6919631204598707,,,,,0.0238
20241107,6273.5191,6173.5865,6284.1603,6134.5939,23006.0,107.0,21509.0,1.0,-2.0,249.0,-652.0,2.0,-1.0,2633.0,-212.0,6239.046420000001,6233.576569999999,6277.536300000001,5.469850000001315,-38.48988000000008,6249.847736666666,6289.978892547619,23016.7,,,1.557344812722078,,,-1.0,-403.0,1.0,2421.0,0.004650960618968965,-0.2411932760691073,,,,,0.4884
20241108,6301.524,6261.235,6338.696,6240.695,22921.0,-85.0,25019.0,1.0,-1.0,249.0,-362.0,2.0,-1.0,2288.0,-243.0,6249.3394,6234.664220000001,6266.88103,14.67517999999927,-17.54162999999971,6250.789721904763,6281.542176087301,22429.3,,,1.574665279206009,,,0.0,-113.0,1.0,2045.0,-0.0037083896863138606,-0.3599023627910307,,,,,0.1591
20241111,6246.3073,6281.7184,6294.0253,6174.1866,21069.0,-1852.0,20551.0,1.0,0.0,235.0,0.0,2.0,-1.0,2598.0,-115.0,6249.57124,6231.40818,6255.298935,18.16305999999986,-5.727694999999585,6249.016589047619,6273.408230253967,21181.1,,,1.599555368073522,,,1.0,235.0,1.0,2483.0,-0.08790165646210071,-0.4831240502129915,,,,,0.0889
20241112,6201.3699,6206.3095,6223.8747,6187.7174,21489.0,420.0,11603.0,1.0,0.0,243.0,0.0,2.0,-1.0,2736.0,-56.0,6238.442059999999,6234.81685,6248.923485,3.625209999999242,-10.48142500000085,6243.314264444445,6266.061064095238,18825.6,,,1.566475192618422,,,1.0,243.0,1.0,2680.0,0.01954488342873098,-0.4605186552226225,,,,,0.1304
20241113,6223.1535,6209.0724,6239.0051,6196.3854,21246.0,-243.0,10573.0,1.0,-1.0,42.0,-25.0,2.0,-1.0,2636.0,-117.0,6249.17476,6238.490820000001,6244.39979,10.68393999999898,4.774969999999485,6240.375260000001,6259.810879126983,17787.6,,,1.529468844229066,,,0.0,17.0,1.0,2519.0,-0.011437447048856256,-0.4092205098693191,,,,,0.1702
20241114,6174.7729,6234.9226,6234.9226,6171.8894,22062.0,816.0,13683.0,3.0,0.0,634.0,0.0,2.0,-1.0,2987.0,-77.0,6229.42552,6234.23597,6243.347885,-4.810449999999946,-13.92236500000035,6234.950676825395,6254.298152666666,17562.8,,,1.491076859038767,,,3.0,634.0,1.0,2910.0,0.03698667391895567,-0.5262880881530002,,,,,0.0417
20241115,6129.9348,6193.0576,6227.9251,6129.8343,22703.0,641.0,17145.0,2.0,0.0,489.0,-116.0,2.0,-1.0,2636.0,-166.0,6195.10768,6222.22354,6236.58769,-27.11585999999988,-41.48001000000022,6226.837840396825,6248.909247587301,17059.9,,,1.467431738802764,,,2.0,373.0,1.0,2470.0,0.02823415407655376,-0.5538761721564576,,,,,0.0408
20241118,6151.2948,6153.1994,6170.6868,6103.5889,22684.0,-19.0,14286.0,2.0,-1.0,462.0,-323.0,2.0,-1.0,2465.0,-146.0,6176.10518,6212.83821,6232.927015,-36.73303000000033,-56.82183500000065,6217.671173333334,6243.524459523809,17020.2,,,1.392060834870319,,,1.0,139.0,1.0,2319.0,-0.0008375947804619996,-0.5003408007763692,,,,,0.08
20241119,6189.5893,6154.06,6209.5865,6136.0981,22028.0,-656.0,13283.0,2.0,-1.0,439.0,-294.0,2.0,-1.0,2566.0,-197.0,6173.74906,6206.09556,6227.8745,-32.34649999999965,-54.1254399999998,6212.301672380953,6238.10931718254,16958.3,,,1.39865690763583,,,1.0,145.0,1.0,2369.0,-0.02978027964408934,-0.4306638514097051,,,,,0.2157
20241120,6226.3291,6179.9955,6232.7195,6164.8884,21746.0,-282.0,11199.0,1.0,-1.0,228.0,-215.0,2.0,-1.0,2375.0,-261.0,6174.384179999999,6211.779469999999,6223.59469,-37.39529000000039,-49.2105100000008,6210.63035111111,6233.57352861111,15885.1,,,1.401606043320947,,,0.0,13.0,1.0,2114.0,-0.012967902142922837,-0.2954573387923701,,,,,0.3654
20241121,6226.6458,6245.1408,6271.2378,6198.4264,21621.0,-125.0,11065.0,1.0,0.0,227.0,0.0,2.0,-1.0,2276.0,-178.0,6184.75876,6207.092140000001,6220.334355,-22.33338000000094,-35.57559500000025,6211.232120476191,6229.711966992063,14840.7,,,1.37604900364271,,,1.0,227.0,1.0,2098.0,-0.005781416215716202,-0.3694930266978879,,,,,0.2642
20241122,6220.6014,6245.3574,6269.0749,6212.6953,21157.0,-464.0,9421.0,1.0,0.0,211.0,0.0,2.0,-1.0,2247.0,-201.0,6202.89208,6198.99988,6216.83205,3.89219999999932,-13.93997000000036,6212.200875158731,6225.853082317461,13280.9,,,1.36532896747163,,,1.0,211.0,1.0,2046.0,-0.021931275700713713,-0.3858070481565859,,,,,0.2593
20241125,6197.4606,6207.9581,6269.3451,6165.2957,21680.0,523.0,15322.0,1.0,0.0,216.0,0.0,2.0,-1.0,2227.0,-192.0,6212.125239999999,6194.11521,6212.761695,18.01002999999946,-0.6364550000007512,6211.316496587303,6222.083073071429,12758.0,18386.4,,1.418431079904213,,,1.0,216.0,1.0,2035.0,0.02412361623616236,-0.387229783735778,,,,,0.2545
20241126,6159.5407,6204.5341,6206.6826,6144.6598,22382.0,702.0,10566.0,2.0,0.0,385.0,0.0,2.0,-1.0,1744.0,-146.0,6206.11552,6189.93229,6212.37457,16.18323000000055,-6.259049999999661,6206.86877420635,6218.43852404762,12654.3,,,1.312577291096167,,,2.0,385.0,1.0,1598.0,0.03136448932177643,-0.4529513121663468,,,,,0.1786
20241127,6173.9512,6158.9968,6181.9964,6145.2273,22751.0,369.0,7398.0,1.0,0.0,224.0,0.0,2.0,-1.0,1646.0,-331.0,6195.63994,6185.01206,6211.75144,10.62788,-16.11149999999998,6202.347879682541,6214.635786015873,12336.8,,,1.184165386263758,,,1.0,224.0,1.0,1315.0,0.01621906729374533,-0.3653242803313515,,,,,0.3158
20241128,6136.4252,6192.9166,6192.9166,6129.0663,23747.0,996.0,9394.0,1.0,0.0,220.0,0.0,2.0,-1.0,1236.0,-168.0,6177.59582,6181.17729,6207.70663,-3.581469999999172,-30.11080999999922,6196.661048968255,6210.806823230159,11907.9,,,1.14701256851458,,,1.0,220.0,1.0,1068.0,0.041942140059797024,-0.446705918125067,,,,,0.1897
20241129,6176.9847,6139.6634,6182.0928,6117.441,22851.0,-896.0,9560.0,1.0,0.0,222.0,0.0,2.0,-1.0,1468.0,-171.0,6168.87248,6185.88228,6204.05291,-17.00979999999981,-35.18043000000034,6192.236534761904,6207.346692666668,11149.4,,,1.075535663471009,,,1.0,222.0,1.0,1297.0,-0.03921053783204236,-0.3701051041224191,,,,,0.3051
20241202,6208.6913,6167.4102,6219.4715,6139.6148,22744.0,-107.0,9251.0,1.0,0.0,234.0,0.0,2.0,-1.0,1650.0,-348.0,6171.11862,6191.621929999999,6202.23007,-20.50330999999915,-31.11144999999942,6190.832370396824,6204.662812373016,10645.9,,,1.10000354718712,1.964241839653007,3.064245386840128,1.0,234.0,1.0,1302.0,-0.0047045374604291245,-0.3403009504652933,,,,,0.3667
20241203,6197.043,6203.6296,6223.2492,6180.016,22668.0,-76.0,6449.0,1.0,0.0,227.0,0.0,2.0,-1.0,1523.0,-324.0,6178.619079999999,6192.3673,6199.231430000001,-13.7482200000004,-20.61235000000124,6190.84541079365,6202.517186214287,9962.5,,,1.101044004707777,1.881747730261563,2.98279173496934,1.0,227.0,1.0,1199.0,-0.0033527439562378684,-0.3679093284073959,,,,,0.3279
20241204,6195.222,6197.898,6227.7322,6182.9887,22534.0,-134.0,8155.0,1.0,0.0,224.0,0.0,2.0,-1.0,1703.0,-306.0,6182.87324,6189.25659,6200.51803,-6.383350000000064,-17.64479000000028,6190.308972698414,6200.485048373017,9658.1,,,1.079661726425915,1.834852041086044,2.914513767511958,1.0,224.0,1.0,1397.0,-0.005946569628117512,-0.3717379817108139,,,,,0.2903
20241205,6131.0544,6193.6482,6210.2411,6118.0506,23328.0,794.0,13511.0,1.0,0.0,216.0,0.0,2.0,-1.0,1466.0,-162.0,6181.79908,6179.697450000001,6193.394794999999,2.101629999999204,-11.59571499999947,6185.680052857143,6197.929841611111,9902.7,16213.2,,1.072833765943598,1.834852041086044,2.907685807029642,1.0,216.0,1.0,1304.0,0.0340363511659808,-0.5024902103470058,,,,,0.0635
20241206,6113.9948,6132.9527,6142.658,6076.2784,23891.0,563.0,14610.0,1.0,0.0,216.0,0.0,2.0,-1.0,1341.0,-1166.0,6169.2011,6169.03679,6184.018335,0.1643100000001141,-14.81723499999953,6178.511368174602,6194.560890912699,10421.6,17532.0,,1.072466209597325,1.771083944934715,2.843550154532039,1.0,216.0,1.0,175.0,0.023565359340337367,-0.5402720143397401,,,,,0.0469
20241209,6087.5607,6102.909,6111.3165,6066.335,24951.0,1060.0,11876.0,1.0,-1.0,0.0,-264.0,2.0,-1.0,1772.0,-1138.0,6144.97498,6158.0468,6176.081005,-13.07182000000012,-31.10602500000005,6169.327251587301,6190.361966412698,10077.0,,,1.043855513034569,1.731454971491223,2.775310484525792,0.0,-264.0,1.0,634.0,0.04248326720371929,-0.59399670032557,,,,,0.0308
20241210,6136.3489,6109.9894,6189.1246,6104.1166,23121.0,-1830.0,16843.0,1.0,0.0,225.0,0.0,2.0,-1.0,1835.0,-1351.0,6132.83616,6155.72762,6172.829954999999,-22.89145999999982,-39.99379499999941,6164.870956825397,6186.162184674603,10704.7,20211.6,,1.084003094262184,1.704745409215134,2.788748503477318,1.0,225.0,1.0,484.0,-0.07914882574283119,-0.4966125991874291,,,,,0.1212
20241211,6173.1559,6147.8568,6183.331,6135.0602,22825.0,-296.0,5915.0,1.0,-1.0,219.0,-243.0,2.0,-1.0,2146.0,-1342.0,6128.422939999999,6155.64809,6170.330075,-27.22515000000021,-41.90713500000038,6163.967866190477,6182.324183325397,10556.4,,,1.056241173967735,1.683011556557731,2.739252730525465,0.0,-24.0,1.0,804.0,-0.012968236582694415,-0.4187230468500858,,,,,0.2687
20241212,6190.0953,6204.4163,6217.4359,6172.1923,22793.0,-32.0,11384.0,1.0,-2.0,210.0,-419.0,2.0,-1.0,2163.0,-1276.0,6140.231119999999,6161.0151,6171.096195,-20.78398000000016,-30.86507500000062,6166.031665476189,6179.26124497619,10755.4,,,1.043707456122352,1.664633139497092,2.708340595619445,-1.0,-209.0,1.0,887.0,-0.0014039398060808144,-0.3865357269229032,,,,,0.3235
20241213,6198.6498,6202.969,6224.9596,6185.5015,22977.0,184.0,9961.0,2.0,-1.0,0.0,-229.0,2.0,-1.0,2209.0,-1185.0,6157.162119999999,6163.18161,6174.531945000001,-6.019490000000587,-17.36982500000158,6168.618459285714,6176.899437428571,10795.5,,,0.9688295333373311,1.622163674482866,2.590993207820197,1.0,-229.0,1.0,1024.0,0.008008008008008008,-0.4713033023806675,,,,,0.1884
20241216,6310.6582,6210.2454,6321.135,6187.1248,23847.0,870.0,21396.0,0.0,-2.0,0.0,-542.0,2.0,-1.0,2305.0,-1037.0,6201.78162,6173.378299999999,6182.500115,28.40332000000035,19.28150499999992,6177.929858650794,6175.609186253969,12010.0,25675.2,,1.050425580238931,1.622163674482866,2.672589254721797,-2.0,-542.0,1.0,1268.0,0.03648257642470751,-0.2172287686124575,,,,,0.7286
20241217,6302.5316,6314.5712,6319.473,6281.0342,23982.0,135.0,10353.0,0.0,-1.0,0.0,-271.0,2.0,-1.0,2158.0,-1075.0,6235.01816,6183.92716,6188.14723,51.09099999999944,46.87092999999913,6189.558906746032,6175.480535849207,12400.4,,,1.050794185168073,1.577471722593187,2.62826590776126,-1.0,-271.0,1.0,1083.0,0.005629221916437328,-0.2313297791586031,,,,,0.7042
20241218,6277.4726,6296.0648,6300.895,6262.708,23615.0,-367.0,12933.0,0.0,-1.0,3.0,-241.0,2.0,-1.0,2182.0,-1493.0,6255.8815,6192.15222,6190.704405,63.72928000000047,65.17709500000001,6198.556954047622,6176.305333984127,12878.2,,,1.021372067733868,1.558046759338759,2.579418827072628,-1.0,-238.0,1.0,689.0,-0.01554096972263392,-0.2768463438764867,,,,,0.5417
20241219,6224.3903,6291.6533,6291.6533,6217.7976,23349.0,-266.0,15140.0,1.0,-1.0,223.0,0.0,2.0,-1.0,2527.0,-1377.0,6262.7405,6201.48581,6190.591630000001,61.25468999999975,72.14886999999908,6203.826692539681,6178.119997952382,13041.1,,,1.031423972273687,1.539376433319842,2.570800405593529,0.0,223.0,1.0,1150.0,-0.011392350850143475,-0.3710923195005768,,,,,0.3562
20241220,6199.0838,6232.0922,6253.6397,6180.5323,23249.0,-100.0,14457.0,2.0,0.0,381.0,0.0,2.0,-1.0,2627.0,-829.0,6262.8273,6209.99471,6189.51575,52.83258999999998,73.31154999999944,6205.691236984127,6180.837984833333,13025.8,,,1.02375690296323,1.539376433319842,2.563133336283071,2.0,381.0,1.0,1798.0,-0.004301260269258893,-0.4156312234132446,,,,,0.2703
20241223,6240.673,6200.7302,6243.3893,6172.9943,23224.0,-25.0,10810.0,1.0,-1.0,196.0,-165.0,2.0,-1.0,2238.0,-757.0,6248.830260000001,6225.30594,6191.676369999999,23.52432000000044,57.15389000000141,6208.774948650793,6184.782754539683,12919.2,,,1.054541485217499,1.537701109645571,2.59224259486307,0.0,31.0,1.0,1481.0,-0.0010764726145366863,-0.3433838854185749,,,,,0.44
20241224,6223.7158,6220.9938,6244.4845,6192.4678,23041.0,-183.0,9783.0,2.0,0.0,361.0,0.0,2.0,-1.0,2235.0,-740.0,6233.0671,6234.04263,6194.885125,-0.9755299999997078,38.18197500000042,6211.441575634921,6189.439816420635,12213.2,,,1.062573705524383,1.512614160566954,2.575187866091337,2.0,361.0,1.0,1495.0,-0.007942363612690422,-0.3758326890999244,,,,,0.3421
20241225,6220.2522,6225.4147,6246.7077,6206.96,22863.0,-178.0,7426.0,2.0,0.0,388.0,0.0,2.0,-1.0,1933.0,-731.0,6221.623020000001,6238.75226,6197.200175,-17.1292399999993,24.42284500000096,6214.228716269843,6194.465901428572,12364.3,,,1.001133586955192,1.449980669788535,2.451114256743727,2.0,388.0,1.0,1202.0,-0.007785504964352884,-0.3832097767729656,,,,,0.3377
20241226,6155.2338,6216.7798,6216.7798,6150.9763,22902.0,39.0,12326.0,1.0,-1.0,236.0,-193.0,2.0,-1.0,2137.0,-643.0,6207.79172,6235.26611,6198.140605000001,-27.4743899999994,9.651114999999663,6212.007008809524,6199.063435761905,12458.5,,,1.003990094440256,1.402487393858775,2.406477488299031,0.0,43.0,1.0,1494.0,0.0017029080429656798,-0.4991561736354099,,,,,0.1026
20241227,6122.0055,6170.3207,6184.7908,6115.7548,24115.0,1213.0,11482.0,1.0,-1.0,270.0,-183.0,2.0,-1.0,2539.0,-618.0,6192.37606,6227.601680000001,6195.391645000001,-35.22562000000107,-3.01558500000101,6206.293460158729,6202.830935849206,12610.6,,,1.028170094361945,1.344834383027927,2.373004477389872,0.0,87.0,1.0,1921.0,0.05030064275347294,-0.5599241882311647,,,,,0.038
20241230,6145.8579,6132.7248,6170.387,6126.6522,24722.0,607.0,8593.0,1.0,-1.0,262.0,-182.0,2.0,-1.0,2425.0,-814.0,6173.413039999999,6211.12165,6192.249975000001,-37.70861000000059,-18.83693500000118,6201.386082222221,6205.176558206349,11330.3,,,0.9669170983112426,1.296365268494751,2.263282366805993,0.0,80.0,1.0,1611.0,0.024553029690154517,-0.5158672826805542,,,,,0.0875
20241231,6176.2561,6142.4674,6192.0565,6132.329,24506.0,-216.0,10713.0,0.0,-1.0,0.0,-217.0,2.0,-1.0,2514.0,-767.0,6163.9211,6198.4941,6191.21063,-34.57299999999941,-27.2895299999991,6198.671664047619,6206.087833936508,11366.3,,,0.9800532450206083,1.275508019510711,2.25556126453132,-1.0,-217.0,1.0,1747.0,-0.008814167958867216,-0.4619094269771548,,,,,0.2099
20250102,6252.4491,6159.9229,6254.9186,6159.9229,23914.0,-592.0,13220.0,0.0,-1.0,0.0,-246.0,2.0,-1.0,2046.0,-975.0,6170.36048,6195.99175,6194.071985,-25.63126999999986,-23.71150500000022,6201.638565873015,6206.395995119047,11395.0,,,1.03650520873018,1.275508019510711,2.312013228240891,-1.0,-246.0,1.0,1071.0,-0.02475537342142678,-0.321735158188709,,,,,0.5244
20250103,6226.3785,6258.2278,6276.6773,6218.0402,22528.0,-1386.0,11948.0,0.0,-2.0,0.0,-301.0,2.0,-1.0,1456.0,-748.0,6184.589419999999,6196.190570000001,6198.83819,-11.60115000000133,-14.24877000000106,6205.818293174604,6206.59515518254,11075.8,,,1.05820048946496,1.232148112453823,2.290348601918783,-2.0,-301.0,1.0,708.0,-0.0615234375,-0.3692395240345846,,,,,0.4337
20250106,6191.7313,6231.9207,6293.8322,6191.5021,22599.0,71.0,18139.0,0.0,-1.0,106.0,0.0,2.0,-1.0,1500.0,-640.0,6198.53458,6195.45532,6202.725015,3.079260000000431,-4.190434999999525,6207.361304444446,6206.762161928572,11444.0,21766.8,0.150995,1.023216239663841,1.239281602478637,2.262497842142478,-1.0,106.0,1.0,860.0,0.0031417319350413734,-0.4386691368105105,,,,,0.2619
20250107,6149.0521,6198.8042,6230.1464,6138.0213,23298.0,699.0,14192.0,1.0,0.0,155.0,0.0,2.0,-1.0,1715.0,-573.0,6199.173420000001,6186.29323,6205.799585,12.88019000000077,-6.626164999998764,6203.734429761905,6206.258110039683,11782.2,17030.4,0.15249,1.0868727252921,1.239281602478637,2.326154327770737,1.0,155.0,1.0,1142.0,0.030002575328354365,-0.5100161365817616,,,,,0.0941
20250108,6153.978,6149.5494,6169.6331,6131.3975,23783.0,485.0,15038.0,1.0,0.0,319.0,0.0,2.0,-1.0,1671.0,-487.0,6194.7178,6179.31945,6206.68104,15.39835000000039,-11.96324000000004,6198.529850555554,6204.966937531746,12307.7,18045.6,0.153065,1.086589190592866,1.195573111387753,2.282162301980619,1.0,319.0,1.0,1184.0,0.02039271748728083,-0.5030850170085233,,,,,0.1047
20250109,6271.7324,6164.8489,6279.3964,6163.4494,24130.0,347.0,28932.0,0.0,-2.0,0.0,-374.0,2.0,-1.0,1162.0,-576.0,6198.574460000001,6184.46747,6211.609865,14.10699000000113,-13.03540499999963,6201.266976666666,6203.670763571428,14458.3,34718.4,0.171925,1.145449132841425,1.195573111387753,2.341022244229178,-2.0,-374.0,1.0,586.0,0.014380439287194364,-0.2912906022865408,,,,,0.5862
20250110,6269.9198,6289.9066,6324.1946,6246.6204,24501.0,371.0,27874.0,0.0,-3.0,0.0,-597.0,2.0,-1.0,829.0,-237.0,6207.28272,6195.936070000001,6215.601089999999,11.3466499999995,-8.31836999999905,6207.697235873015,6203.239786277778,16013.1,33448.8,0.178595,1.149660471375922,1.195573111387753,2.345233582763676,-3.0,-597.0,1.0,592.0,0.015142239092281948,-0.3015907662945608,,,,,0.5682
20250113,6403.5601,6301.0727,6445.9228,6301.072,26460.0,1959.0,30972.0,1.0,-2.0,235.0,-443.0,1.0,-1.0,921.0,-359.0,6249.64848,6224.09153,6225.846605,25.55695000000014,23.80187500000011,6222.643025714287,6204.874742833333,17962.1,37166.4,0.18814,1.268948442157733,1.195573111387753,2.464521553545486,-1.0,-208.0,0.0,562.0,0.07403628117913832,-0.2018124772595089,,,,,0.7978
20250114,6391.9887,6402.8859,6415.6874,6348.9063,26596.0,136.0,14145.0,0.0,-2.0,74.0,-280.0,2.0,-1.0,779.0,-232.0,6298.2358,6248.70461,6229.91313,49.53119000000061,68.32267000000047,6238.628139206349,6208.598948531746,18517.3,,0.189865,1.283442928937467,1.186848060826697,2.470290989764164,-2.0,-206.0,1.0,547.0,0.005113550909911265,-0.219563467585257,,,,,0.7667
20250115,6415.2643,6382.9205,6433.2633,6382.8975,28387.0,1791.0,16897.0,1.0,-2.0,282.0,-482.0,0.0,-2.0,0.0,-597.0,6350.493059999999,6272.605430000001,6235.549765,77.88762999999835,114.9432949999991,6255.70014015873,6214.301796142857,19135.7,,0.19481,1.292736021537904,1.182216797415983,2.474952818953887,-1.0,-200.0,-2.0,-597.0,0.0630922605417973,-0.1810053077365455,,,,,0.8242
20250116,6502.5735,6404.0067,6557.5941,6404.0067,27730.0,-657.0,25254.0,1.0,-1.0,225.0,-291.0,0.0,-2.0,201.0,-423.0,6396.661279999999,6297.61787,6246.80481,99.04340999999931,149.8564699999997,6278.908106904762,6222.028750246031,20339.1,30304.8,0.22034,1.383780635787148,1.182216797415983,2.565997433203131,0.0,-66.0,-2.0,-222.0,-0.023692751532636135,-0.0256836335077206,,,,,0.9457
20250117,6461.4276,6477.1972,6510.6352,6432.6394,27470.0,-260.0,14326.0,0.0,-2.0,0.0,-240.0,1.0,-2.0,294.0,-112.0,6434.962839999999,6321.12278,6258.656675,113.8400599999995,176.3061649999991,6300.015292460317,6231.448450174603,20576.9,,,1.388624219050325,1.182216797415983,2.570841016466308,-2.0,-240.0,-1.0,182.0,-0.009464870768110666,-0.0881790850183864,,,,,0.9247
20250120,6384.7501,6456.8728,6469.4239,6369.5206,26338.0,-1132.0,14366.0,0.0,-1.0,0.0,-239.0,1.0,-2.0,508.0,-133.0,6431.20084,6340.42466,6267.939990000001,90.77617999999984,163.2608499999988,6314.214902460317,6242.133809976191,20199.6,,,1.443246207930036,1.182216797415983,2.625463005346019,-1.0,-239.0,-1.0,375.0,-0.04297972511200547,-0.2124949458283573,,,,,0.7553
20250121,6408.3579,6394.3734,6430.2679,6377.4199,26575.0,237.0,8391.0,0.0,-1.0,0.0,-268.0,1.0,-1.0,400.0,-361.0,6434.47468,6366.35524,6276.324235,68.1194400000004,158.1504450000002,6327.404057857142,6254.500772785714,19619.5,,,1.431685477013585,1.17334148540088,2.605026962414464,-1.0,-268.0,0.0,39.0,0.008918156161806209,-0.1770086126261392,,,,,0.8105
20250122,6369.1974,6398.8831,6398.8831,6343.809,25839.0,-736.0,9908.0,0.0,-1.0,0.0,-170.0,1.0,-1.0,262.0,-258.0,6425.2613,6387.87718,6283.598315,37.38411999999971,141.6629849999999,6336.820361349205,6268.329823865079,19106.5,,,1.395434573553868,1.144542758946246,2.539977332500115,-1.0,-170.0,0.0,4.0,-0.028484074461085956,-0.2407048251496833,,,,,0.6771
20250123,6297.5271,6376.387,6381.4917,6284.0517,24630.0,-1209.0,10799.0,0.0,-1.0,0.0,-163.0,3.0,0.0,487.0,0.0,6384.25202,6390.45665,6287.46206,-6.204630000000179,96.78996000000006,6340.766779206348,6282.279804119047,17293.2,,,1.438075394255772,1.17334148540088,2.611416879656652,-1.0,-163.0,3.0,487.0,-0.04908647990255786,-0.3576034480154537,,,,,0.4433
20250124,6265.1535,6319.4938,6319.4968,6258.8053,23113.0,-1517.0,15487.0,0.0,-1.0,0.0,-159.0,2.0,0.0,477.0,0.0,6344.9972,6389.98002,6292.958045,-44.98282000000017,52.03915499999948,6340.112900952382,6295.521370626984,16054.5,,,1.389965962109248,1.17334148540088,2.563307447510128,-1.0,-159.0,2.0,477.0,-0.0656340587548133,-0.3912963565799445,,,,,0.3061
20250127,6248.8944,6280.657,6283.4043,6232.5556,22926.0,-187.0,6618.0,0.0,-1.0,0.0,-142.0,3.0,0.0,808.0,0.0,6317.82606,6374.51345,6299.30249,-56.68739000000005,18.52357000000029,6336.435445476188,6306.900612603175,13619.1,,,1.341944691103105,1.144542758946246,2.486487450049352,-1.0,-142.0,3.0,808.0,-0.008156678007502399,-0.3553353875379862,,,,,0.4545
20250205,6242.9873,6237.9674,6268.1904,6206.8605,23037.0,111.0,8208.0,1.0,-1.0,128.0,0.0,2.0,0.0,989.0,0.0,6284.75194,6359.61331,6304.15896,-74.86136999999962,-19.40701999999965,6330.704946746032,6316.108293357142,13025.4,,,1.366569703361656,1.144542758946246,2.511112462307902,0.0,128.0,2.0,989.0,0.0048183357207969785,-0.3625547033160896,,,,,0.43
20250206,6246.658,6228.224,6262.9146,6213.5114,23452.0,415.0,8345.0,1.0,-1.0,170.0,-143.0,3.0,0.0,950.0,0.0,6260.24406,6342.75268,6307.679055,-82.50861999999961,-47.43499499999962,6324.472745714284,6322.985553912697,12170.2,,,1.281456642886016,1.144542758946246,2.425999401832262,0.0,27.0,3.0,950.0,0.01769571891523111,-0.355243049630108,,,,,0.4653
20250207,6325.0366,6262.1119,6338.5558,6247.4257,24135.0,683.0,15492.0,1.0,-1.0,150.0,0.0,3.0,0.0,285.0,0.0,6265.74596,6324.99899,6311.30843,-59.25302999999985,-45.56246999999985,6324.246345952381,6327.51937781746,11194.0,18590.4,,1.296763281011484,1.144542758946246,2.441306039957731,0.0,150.0,3.0,285.0,0.02829915061114564,-0.2322887520092525,,,,,0.7157
20250210,6384.268,6320.8421,6402.2882,6318.61,24738.0,603.0,16021.0,1.0,-1.0,165.0,-122.0,2.0,-1.0,470.0,-25.0,6289.56886,6317.283030000001,6319.202905,-27.71417000000019,-29.63404499999979,6329.526938333333,6330.470542404762,11363.5,19225.2,,1.193243605979489,1.144542758946246,2.337786364925735,0.0,43.0,1.0,445.0,0.024375454765947126,-0.1449725372458546,,,,,0.835
20250211,6390.8103,6397.7367,6412.3374,6359.7697,25202.0,464.0,12208.0,1.0,-1.0,142.0,-279.0,1.0,-2.0,94.0,-1364.0,6317.95204,6317.88905,6329.156855,0.06299000000035448,-11.20481500000005,6336.46723888889,6332.695776047619,11147.7,,,1.177279051350088,1.127803146430981,2.305082197781069,0.0,-137.0,-1.0,-1270.0,0.018411237203396557,-0.1563597692892283,,,,,0.8173
20250212,6402.3222,6398.7096,6430.5089,6389.8324,25728.0,526.0,11318.0,0.0,-1.0,0.0,-177.0,0.0,-3.0,0.0,-1694.0,6349.81902,6317.28548,6341.82036,32.53353999999945,7.9986600000002,6343.653281428573,6334.320698404762,11440.4,,,1.166554954600628,1.126355625777814,2.292910580378443,-1.0,-177.0,-3.0,-1694.0,0.02044465174129353,-0.192959692843093,,,,,0.7905
20250213,6313.3471,6402.3141,6405.2537,6311.3661,24282.0,-1446.0,15568.0,0.0,-1.0,0.0,-241.0,0.0,-3.0,0.0,-1296.0,6363.156840000001,6311.70045,6349.788815,51.45639000000028,13.36802500000067,6343.54724388889,6334.993386658731,12006.4,18681.6,,1.101768057764902,1.127803146430981,2.229571204195883,-1.0,-241.0,-3.0,-1296.0,-0.05955028416110699,-0.2920977886697223,,,,,0.5377
20250214,6344.1186,6313.0552,6378.3187,6307.8054,23892.0,-390.0,8773.0,0.0,-1.0,0.0,-287.0,1.0,-3.0,0.0,-1267.0,6366.97324,6316.359600000001,6353.408125,50.61363999999958,13.56511500000033,6342.790029920636,6335.195711730159,11803.8,,,1.094783418359853,1.127803146430981,2.222586564790834,-1.0,-287.0,-2.0,-1267.0,-0.016323455549974886,-0.2401387219868117,,,,,0.6729
20250217,6373.2443,6351.9263,6378.6397,6322.2708,23444.0,-448.0,8726.0,0.0,-1.0,0.0,-328.0,1.0,-2.0,20.0,-1157.0,6364.7685,6327.168680000001,6358.574350000001,37.59981999999945,6.194149999999354,6343.30946857143,6335.515368492064,11127.7,,,1.045796289893616,1.127803146430981,2.173599436324598,-1.0,-328.0,-1.0,-1137.0,-0.01910936700221805,-0.1934735167502817,,,,,0.787
20250218,6370.3569,6359.0064,6407.982,6346.7765,23617.0,173.0,10772.0,0.0,-1.0,0.0,-263.0,1.0,-3.0,0.0,-1222.0,6360.67782,6339.31493,6356.91419,21.36288999999942,3.763629999999466,6344.930078571429,6336.364831801588,11543.1,,,1.055680590915959,1.126355625777814,2.182036216693774,-1.0,-263.0,-2.0,-1222.0,0.007325231824533175,-0.2000326459691638,,,,,0.7615
20250219,6382.0634,6370.275,6400.0134,6349.2696,23310.0,-307.0,11884.0,0.0,-1.0,0.0,-109.0,1.0,-3.0,0.0,-938.0,6356.626060000001,6353.222540000001,6356.417925,3.403519999999844,0.208135000000766,6346.814073253968,6337.975744452381,11910.7,,,1.039943567115031,1.126355625777814,2.166299192892845,-1.0,-109.0,-2.0,-938.0,-0.013170313170313171,-0.1668739116745984,,,,,0.8182
20250220,6388.8133,6385.9723,6401.341,6351.9668,23330.0,20.0,11268.0,0.0,0.0,0.0,0.0,1.0,-2.0,0.0,-1099.0,6371.7193,6367.43807,6355.095375,4.281229999999596,16.62392499999987,6349.147939999998,6340.443263880953,12203.0,,,0.984670462040787,1.117076908798298,2.101747370839085,0.0,0.0,-1.0,-1099.0,0.0008572653236176596,-0.3016365079947856,,,,,0.4955
20250221,6359.0718,6403.7075,6424.9761,6349.7818,22674.0,-656.0,15195.0,0.0,0.0,0.0,0.0,1.0,-3.0,0.0,-755.0,6374.70994,6370.84159,6347.92029,3.868349999999737,26.78964999999971,6351.451983492064,6343.16382763492,12173.3,18234.0,,0.9999658428303254,1.126355625777814,2.12632146860814,0.0,0.0,-2.0,-755.0,-0.028931816177119166,-0.3360211327183061,,,,,0.4643
20250224,6316.8375,6351.3576,6365.98,6302.0977,21158.0,-1516.0,12877.0,0.0,-1.0,0.0,-268.0,1.0,-2.0,39.0,-531.0,6363.42858,6364.09854,6340.690785,-0.6699600000001737,22.73779500000001,6349.543386984131,6345.165472500001,11858.9,,,1.013871967554213,1.117076908798298,2.130948876352511,-1.0,-268.0,-1.0,-492.0,-0.071651384818981,-0.3079511853262496,,,,,0.4867
20250225,6305.8715,6315.3783,6324.6833,6295.7266,20478.0,-680.0,9208.0,2.0,-1.0,244.0,-238.0,1.0,-2.0,45.0,-499.0,6350.531499999999,6355.60466,6336.746855,-5.073160000000826,13.78464499999882,6345.957041984128,6346.114452809525,11558.9,,,0.9767406758117482,1.117076908798298,2.093817584610046,1.0,6.0,-1.0,-454.0,-0.03320636780935638,-0.3130685204140676,,,,,0.4737
20250226,6246.4846,6299.5336,6315.5536,6235.8127,20501.0,23.0,11853.0,1.0,-1.0,0.0,-231.0,1.0,-2.0,123.0,-860.0,6323.415739999999,6340.0209,6328.65319,-16.60516000000007,-5.237450000000536,6339.05520015873,6345.65464468254,11612.4,,,1.010867211971544,1.117076908798298,2.127944120769842,0.0,-231.0,-1.0,-737.0,0.0011218964928540072,-0.391267273851223,,,,,0.2696
20250227,6252.0514,6241.3331,6257.9268,6214.7688,20785.0,284.0,9076.0,0.0,-1.0,0.0,-150.0,0.0,-2.0,0.0,-1494.0,6296.063359999999,6333.89133,6322.795889999999,-37.82797000000119,-26.73253000000022,6330.895436587303,6344.389463952381,10963.2,,,0.956828936853455,1.117076908798298,2.073905845651753,-1.0,-150.0,-2.0,-1494.0,0.013663699783497714,-0.3991694924207286,,,,,0.25
20250228,6252.4388,6267.8467,6277.5507,6238.9537,20795.0,10.0,8099.0,1.0,-1.0,0.0,-171.0,1.0,-2.0,3.0,-1320.0,6274.73676,6324.723349999999,6320.541475,-49.98658999999952,-45.80471500000021,6324.321853888889,6342.542646349207,10895.8,,,0.9074254517543056,1.117076908798298,2.024502360552604,0.0,-171.0,-1.0,-1317.0,0.00048088482808367395,-0.3732067308061537,,,,,0.3248
20250303,6272.3485,6247.4099,6310.6346,6218.1663,23686.0,2891.0,13435.0,1.0,-1.0,0.0,-18.0,0.0,-2.0,0.0,-1206.0,6265.838959999999,6314.633769999999,6320.901225,-48.79481000000033,-55.06226500000048,6318.864716904761,6340.09817118254,11366.7,,,0.9536840247945799,1.126355625777814,2.080039650572394,0.0,-18.0,-2.0,-1206.0,0.12205522249430042,-0.3615898425044369,,,,,0.3983
20250304,6159.3447,6277.094,6277.0945,6148.7824,29644.0,5958.0,22242.0,1.0,0.0,68.0,0.0,1.0,-1.0,155.0,-1229.0,6236.533600000001,6293.53255,6316.42374,-56.99894999999924,-79.89013999999952,6306.977132857143,6336.302876611111,12513.7,26690.4,0.12558,1.055513899388084,1.127803146430981,2.183317045819066,1.0,68.0,0.0,-1074.0,0.20098502226420187,-0.4741408951379084,,,,,0.1513
20250305,6137.4347,6174.1101,6179.6123,6127.9034,37030.0,7386.0,19151.0,1.0,0.0,33.0,0.0,1.0,-2.0,82.0,-1929.0,6214.72362,6269.06968,6311.14611,-54.34605999999985,-96.42248999999993,6290.776426428571,6330.699111928572,13240.4,22981.2,,1.009776943138239,1.126355625777814,2.136132568916054,1.0,33.0,-1.0,-1847.0,0.1994598973805023,-0.4813996782141961,,,,,0.1417
20250306,6109.8247,6127.7688,6139.3376,6061.9834,41934.0,4904.0,24816.0,0.0,-1.0,0.0,-28.0,1.0,-2.0,168.0,-1816.0,6186.27828,6241.170819999999,6304.304445,-54.89253999999892,-118.0261649999993,6271.058861746031,6322.890204103175,14595.2,29779.2,0.132135,1.020247937263821,1.127803146430981,2.148051083694803,-1.0,-28.0,-1.0,-1648.0,0.1169456765393237,-0.5288925308364057,,,,,0.0496
20250307,6124.0238,6109.5992,6126.2086,6092.1227,44966.0,3032.0,14568.0,0.0,-1.0,0.0,-39.0,1.0,-2.0,178.0,-1811.0,6160.59528,6217.66602,6294.253804999999,-57.07074000000011,-133.6585249999998,6252.927006269842,6313.037706380953,14532.5,,,0.9977330921680523,1.127803146430981,2.125536238599034,-1.0,-39.0,-1.0,-1633.0,0.06742872392474314,-0.4953779099891285,,,,,0.123
20250310,6077.8541,6132.0661,6152.4353,6077.854,50787.0,5821.0,27211.0,0.0,-1.0,0.0,-156.0,1.0,-2.0,247.0,-1451.0,6121.6964,6193.76768,6278.93311,-72.07128000000012,-157.2367100000001,6234.206174523812,6301.503985134921,15965.9,32653.2,0.1334,1.016379653248837,1.127803146430981,2.144182799679819,-1.0,-156.0,-1.0,-1204.0,0.11461594502530174,-0.4784707196051108,,,,,0.1707
20250311,6041.711,6111.0387,6111.0387,6029.7992,55098.0,4311.0,25116.0,1.0,-1.0,0.0,-25.0,1.0,-2.0,338.0,-2507.0,6098.16966,6167.351629999999,6261.478145,-69.18196999999964,-163.3084850000005,6213.152677301587,6288.223548666667,17556.7,30139.2,0.134665,1.055388579168016,1.148532359902381,2.203920939070397,0.0,-25.0,-1.0,-2169.0,0.07824240444299249,-0.5496734185988037,,,,,0.0403
20250312,5970.6313,6065.6375,6079.8801,5967.3443,59561.0,4463.0,26587.0,0.0,-1.0,0.0,-87.0,1.0,-2.0,630.0,-1730.0,6064.80898,6139.7663,6239.8936,-74.95732000000044,-175.0846200000005,6188.374566269841,6273.155485277778,19030.1,31904.4,0.147545,1.133396453157089,1.180584687530935,2.313981140688023,-1.0,-87.0,-1.0,-1100.0,0.07493158274709961,-0.513843649244711,,,,,0.08
20250313,6039.0548,6011.2891,6071.2346,6002.2253,59845.0,284.0,23099.0,1.0,-1.0,0.0,-91.0,1.0,-2.0,678.0,-1242.0,6050.655000000001,6118.46664,6226.178985,-67.81163999999899,-175.5239849999998,6167.686952380951,6256.834636857143,20432.4,,,1.167039642663456,1.180584687530935,2.347624330194391,0.0,-91.0,-1.0,-564.0,0.004745592781351825,-0.2694551419156418,,,,,0.619
20250314,6087.6035,6026.3767,6096.0367,6009.8954,58850.0,-995.0,22656.0,1.0,-1.0,0.0,-101.0,1.0,-2.0,435.0,-1599.0,6043.37094,6101.98311,6213.35323,-58.61217000000033,-169.9822899999999,6151.675772857143,6239.570028753968,21888.1,,,1.19600713119533,1.184104998459763,2.380112129655093,0.0,-101.0,-1.0,-1164.0,-0.016907391673746813,-0.2981370755700462,,,,,0.5591
20250317,6077.0332,6085.2597,6119.4714,6040.4002,58323.0,-527.0,30759.0,1.0,-1.0,0.0,-103.0,2.0,-1.0,1399.0,-481.0,6043.20676,6082.45158,6198.542675,-39.24481999999989,-155.3359149999997,6138.454983174604,6221.529055380952,23620.5,36910.8,,1.257571199599361,1.194771324974568,2.452342524573929,0.0,-103.0,1.0,918.0,-0.009035886357011814,-0.2367714002542783,0.121,,,,0.7031
20250318,6094.8771,6075.2466,6104.5,6043.9711,58607.0,284.0,28291.0,1.0,-1.0,0.0,-125.0,2.0,-1.0,1498.0,-538.0,6053.83998,6076.00482,6184.768685,-22.16484000000037,-130.9287050000003,6127.028864444443,6203.534228539682,24225.4,,,1.237377280426412,1.194771324974568,2.432148605400981,0.0,-125.0,1.0,960.0,0.004845837527940348,-0.1996622755784414,0.12,,,,0.7907
20250319,6068.2317,6095.4315,6117.6227,6058.94,58563.0,-44.0,22734.0,1.0,-1.0,0.0,-124.0,2.0,-1.0,1539.0,-498.0,6073.36006,6069.08452,6169.0771,4.275539999999637,-95.71704000000045,6116.454237857144,6186.10200968254,24583.7,,,1.258192087083442,1.184104998459763,2.442297085543205,0.0,-124.0,1.0,1041.0,-0.0007513276300735959,-0.2029947057274007,0.1155,,,,0.7692
20250320,6076.8977,6075.1808,6101.872,6045.5977,59900.0,1337.0,34739.0,1.0,-1.0,0.0,-97.0,2.0,-1.0,1407.0,-410.0,6080.92864,6065.79182,6153.481320000001,15.13681999999972,-72.55268000000069,6106.999623253967,6169.696085833333,25576.0,41686.8,,1.281494961964319,1.184104998459763,2.465599960424082,0.0,-97.0,1.0,997.0,0.022320534223706178,-0.1878181512271426,0.1144,,,,0.8244
20250321,6087.5285,6073.9928,6130.9693,6024.9586,57695.0,-2205.0,39303.0,1.0,-1.0,0.0,-98.0,1.0,-2.0,1067.0,-314.0,6080.913640000001,6062.142290000001,6139.904155,18.77134999999998,-58.9905149999995,6099.752398492062,6154.378625055555,28049.5,47163.6,,1.300180194838008,1.194771324974568,2.494951519812576,0.0,-98.0,-1.0,753.0,-0.03821821648323078,0.052526371443471,0.1151,,,,0.9697
20250324,6110.4398,6085.9729,6122.899,6061.6843,58211.0,516.0,32242.0,1.0,-1.0,0.0,-121.0,1.0,-2.0,1069.0,-456.0,6087.59496,6065.40086,6129.58427,22.19410000000062,-41.98930999999993,6095.319206190477,6140.489928222222,28552.6,,,1.222084905324281,1.192323160146996,2.414408065471277,0.0,-121.0,-1.0,613.0,0.008864303997526241,-0.0412557290086075,0.1195,,,,0.9474
20250325,6091.6106,6104.5238,6114.7087,6076.7133,55738.0,-2473.0,30799.0,1.0,-1.0,0.0,-73.0,1.0,-2.0,1214.0,-1048.0,6086.94166,6070.390820000001,6118.871225,16.55083999999988,-31.92956499999946,6091.72871547619,6128.347532039682,29120.9,,,1.206620639212273,1.192323160146996,2.398943799359269,0.0,-73.0,-1.0,166.0,-0.044368294520793716,-0.058888778292214,0.1122,,,,0.9403
20250326,6121.5752,6096.5142,6146.0456,6084.7241,51956.0,-3782.0,31636.0,1.0,-1.0,0.0,-43.0,1.0,-2.0,1149.0,-1441.0,6097.610360000001,6085.485210000001,6112.625755,12.12514999999985,-15.01539499999944,6090.850828730158,6118.595158285714,29625.8,,,1.1876072850979,1.192323160146996,2.379930445244896,0.0,-43.0,-1.0,-292.0,-0.07279236276849642,-0.1267404481281567,0.1172,,,,0.8667
20250327,6137.8433,6124.4765,6154.1978,6118.1668,49694.0,-2262.0,23211.0,1.0,-1.0,0.0,-55.0,1.0,-2.0,1174.0,-1320.0,6109.79948,6095.364060000001,6106.91535,14.43541999999889,2.884129999999459,6092.525955476191,6111.079058595237,29637.0,,,1.189700512741622,1.192323160146996,2.382023672888618,0.0,-55.0,-1.0,-146.0,-0.045518573670865696,-0.1271548792131977,0.1074,,,,0.8603
20250328,6094.6795,6132.8254,6161.5935,6083.664,47429.0,-2265.0,39461.0,1.0,-1.0,77.0,0.0,1.0,-2.0,1199.0,-1220.0,6111.22968,6096.07166,6099.027384999999,15.15802000000076,12.20229500000096,6092.539471984127,6105.165428507937,31317.5,47353.2,0.14007,1.193399735528146,1.215098826832673,2.408498562360819,0.0,77.0,-1.0,-21.0,-0.04775559256994666,-0.1692936952376387,0.1218,,,,0.8102
20250331,6052.0354,6102.1941,6109.4898,6031.5542,47482.0,53.0,34380.0,1.0,-1.0,0.0,-148.0,1.0,-2.0,1651.0,-1427.0,6099.5488,6093.57188,6088.01173,5.976919999999154,11.5370699999994,6089.432312619048,6100.263161452381,31679.6,,0.14651,1.18937305277971,1.231157087832918,2.420530140612629,0.0,-148.0,-1.0,224.0,0.001116212459458321,-0.3208905136938974,0.1274,,,,0.471
20250401,6110.6349,6057.4796,6140.0538,6052.7832,50022.0,2540.0,29842.0,0.0,-1.0,0.0,-217.0,1.0,-2.0,1409.0,-1370.0,6103.35366,6095.147660000001,6085.57624,8.205999999999221,17.77741999999944,6089.708038730158,6096.531078880953,31834.7,,,1.158660382739598,1.248771341813127,2.407431724552725,-1.0,-217.0,-1.0,39.0,0.05077765783055455,-0.3148586287194349,0.117,,,,0.4748
20250402,6107.2251,6113.5013,6126.4224,6092.459,52638.0,2616.0,21632.0,0.0,-1.0,0.0,-261.0,1.0,-2.0,1427.0,-1563.0,6100.48364,6099.047,6084.065759999999,1.436639999999898,16.41788000000088,6091.657562301587,6094.051411325397,31724.5,,,1.079627128394407,1.248771341813127,2.328398470207534,-1.0,-261.0,-1.0,-136.0,0.049697936851704094,-0.3616421875351534,0.1079,,,,0.3857
20250403,6037.368,6096.452,6116.8047,6029.121,58577.0,5939.0,59602.0,0.0,-1.0,0.0,-232.0,1.0,-2.0,1744.0,-2123.0,6080.388580000001,6095.094029999999,6080.442925,-14.70544999999856,-0.05434499999955733,6088.863634285714,6092.237812428571,34210.8,71522.4,0.15065,1.082072074417621,1.270266476870638,2.352338551288259,-1.0,-232.0,-1.0,-379.0,0.10138791675913754,-0.3603873760079338,0.131,,,,0.3972
20250407,5715.1646,5717.8557,5717.8661,5715.0974,58525.0,-52.0,2793.0,1.0,-1.0,0.0,-7.0,1.0,-2.0,1727.0,-2461.0,6004.4856,6057.85764,6059.999965,-53.3720400000002,-55.514365,6053.976876428573,6087.660260222222,30559.8,,0.4940399999999999,1.373117177051642,1.270266476870638,2.64338365392228,0.0,-7.0,-1.0,-734.0,-0.0008885091841093549,-0.4232502341990071,0.4296,,,,0.2324
20250408,5548.171,5647.7091,5680.7875,5545.0252,59748.0,1223.0,71373.0,1.0,-1.0,0.0,-52.0,1.0,-2.0,1878.0,-2102.0,5903.71272,6001.63076,6033.51581,-97.91804000000047,-129.8030900000003,6008.61982222222,6078.990321825397,34472.9,85647.59999999999,,1.511948662350281,1.277402671809942,2.789351334160223,0.0,-52.0,-1.0,-224.0,0.02046930441186316,-0.4624440404479249,0.2738,,,,0.1818
20250409,5377.7921,5538.4239,5566.8278,5272.98,60144.0,396.0,82910.0,1.0,0.0,46.0,0.0,1.0,-2.0,1946.0,-2913.0,5757.144160000001,5930.24891,6000.319864999999,-173.1047499999995,-243.1757049999987,5949.745203492063,6064.791970626984,39684.0,99492.0,,1.805491423685667,1.277402671809942,3.082894095495609,1.0,46.0,-1.0,-967.0,0.006584197924980048,-0.7497784094785657,0.2764,,,,0.0069
20250410,5625.5468,5324.0284,5674.778,5289.7788,58936.0,-1208.0,76839.0,0.0,-1.0,0.0,-766.0,2.0,-1.0,1557.0,-899.0,5660.808500000001,5880.64607,5983.06564,-219.8375699999988,-322.2571399999988,5903.787248650792,6046.085612619047,44204.3,92206.8,,2.21030235536143,1.277402671809942,3.487705027171373,-1.0,-766.0,1.0,658.0,-0.02049681009909054,-0.5628675353455694,0.2321,,,,0.0276
20250411,5636.3018,5574.7255,5642.5851,5530.455,59598.0,662.0,52936.0,0.0,-1.0,0.0,-189.0,1.0,-2.0,1920.0,-1107.0,5580.59526,5830.491919999999,5962.92799,-249.8966599999994,-382.3327300000001,5868.306913888887,6023.663708460316,47176.8,,,2.229746086986733,1.282292222391551,3.512038309378284,-1.0,-189.0,-1.0,813.0,0.011107755293801806,-0.322312548026378,0.2556,,,,0.4795
20250414,5612.7774,5616.9918,5675.3181,5602.0747,58329.0,-1269.0,37591.0,0.0,-1.0,0.0,-127.0,2.0,-1.0,2053.0,-1016.0,5560.117819999999,5782.30171,5939.186685000001,-222.1838900000002,-379.0688650000011,5836.155389444445,5998.025300206349,46989.8,,,2.257855563210702,1.282292222391551,3.540147785602253,-1.0,-127.0,1.0,1037.0,-0.021755901866995834,-0.2990338512761149,0.1993,,,,0.5442
20250415,5548.2365,5631.0398,5635.8754,5534.5244,60627.0,2298.0,43723.0,0.0,-1.0,0.0,-47.0,2.0,-1.0,2656.0,-917.0,5560.130920000001,5731.92182,5912.74685,-171.7908999999991,-352.6159299999999,5801.518109206349,5969.233879865079,47924.1,,,2.350390132796936,1.293114323875642,3.643504456672578,-1.0,-47.0,1.0,1739.0,0.03790390420109852,-0.2930547246340218,0.2027,,,,0.5608
20250416,5475.8889,5545.8513,5567.9114,5470.6367,61834.0,1207.0,57099.0,0.0,-1.0,0.0,-113.0,2.0,-1.0,2863.0,-1072.0,5579.75028,5668.44722,5881.79744,-88.69693999999981,-302.0471600000001,5762.407183015875,5936.50379429365,50649.8,,,2.413450761987794,1.293114323875642,3.706565085863436,-1.0,-113.0,1.0,1791.0,0.01952000517514636,-0.4450782295831831,0.1842,,,,0.2282
20250417,5557.8479,5515.5476,5612.3192,5495.164,62262.0,428.0,60543.0,0.0,-1.0,0.0,-295.0,2.0,-1.0,1963.0,-902.0,5566.210499999999,5613.5095,5856.27825,-47.29900000000089,-290.0677500000011,5730.529875158731,5900.391025579365,54540.9,,,2.555559671928545,1.30266500110985,3.858224673038395,-1.0,-295.0,1.0,1061.0,0.006874176865503839,-0.2959453393818275,0.1908,,,,0.5533
20250418,5581.6894,5570.9585,5597.0304,5537.7759,60764.0,-1498.0,39825.0,0.0,-1.0,0.0,-315.0,2.0,-1.0,2270.0,-812.0,5555.28802,5567.94164,5831.517835000001,-12.65362000000005,-276.2298150000006,5703.582004206348,5861.862862571428,52563.2,,,2.548601973600112,1.30266500110985,3.851266974709962,-1.0,-315.0,1.0,1458.0,-0.024652754920676718,-0.2564666262676012,0.1803,,,,0.6291
20250421,5620.8691,5569.9263,5643.771,5542.8104,59635.0,-1129.0,39683.0,0.0,-1.0,0.0,-246.0,2.0,-1.0,1883.0,-1112.0,5556.90636,5558.51209,5808.184865,-1.605730000000221,-251.2785050000002,5681.68211111111,5824.633386039683,56252.2,,,2.591356663168293,1.30266500110985,3.894021664278143,-1.0,-246.0,1.0,771.0,-0.01893183533160057,-0.1946595443690599,0.1931,,,,0.7895
20250422,5596.8413,5600.9881,5607.6063,5552.3933,58863.0,-772.0,60424.0,0.0,-1.0,0.0,-354.0,2.0,-1.0,1990.0,-862.0,5566.62732,5563.37912,5782.504940000001,3.248199999999997,-215.8776200000011,5661.156819126983,5789.887085730158,55157.3,,0.232645,2.583476805139714,1.30266500110985,3.886141806249564,-1.0,-354.0,1.0,1128.0,-0.013115199701000628,-0.2247613067825378,0.2023,,,,0.7124
20250423,5677.0891,5587.1522,5684.3353,5551.6661,55170.0,-3693.0,62681.0,0.0,-1.0,0.0,-227.0,2.0,-1.0,982.0,-657.0,5606.86736,5593.30882,5761.778865,13.55853999999999,-154.911505,5647.628156269841,5759.675381007936,53134.4,,0.246905,2.723174109712857,1.30266500110985,4.025839110822707,-1.0,-227.0,1.0,325.0,-0.06693855356171832,-0.1282407203694508,0.2147,,,,0.8701
20250424,5632.6394,5644.8131,5655.9457,5600.6299,52456.0,-2714.0,61844.0,0.0,-1.0,0.0,-274.0,2.0,-1.0,1345.0,-467.0,5621.82566,5594.01808,5737.332075,27.8075800000006,-115.5064149999998,5635.503681507937,5732.84702429365,51634.9,,0.25369,2.722914496218083,1.307241731157705,4.030156227375788,-1.0,-274.0,1.0,878.0,-0.05173859996949825,-0.1845460668813291,0.2206,,,,0.8065
20250425,5673.5596,5625.4815,5698.8737,5615.6505,51320.0,-1136.0,46115.0,0.0,-1.0,0.0,-447.0,2.0,-1.0,1393.0,-627.0,5640.1997,5597.74386,5714.11789,42.45583999999963,-73.91818999999941,5628.445869682539,5708.860919873016,50952.8,,0.2576,2.418540710538735,1.324273804885821,3.742814515424556,-1.0,-447.0,1.0,766.0,-0.022135619641465317,-0.1421399418633166,0.224,,,,0.8654
20250428,5740.168,5647.4506,5763.8172,5647.4506,48448.0,-2872.0,71022.0,0.0,-1.0,0.0,-416.0,2.0,-1.0,1616.0,-721.0,5664.05948,5610.48292,5696.392315,53.57655999999952,-32.33283500000016,5628.585169682539,5688.103897896825,54295.9,85226.4,0.27209,2.34398943720934,1.324273804885821,3.668263242095161,-1.0,-416.0,1.0,895.0,-0.05928005284015852,-0.1115449239682973,0.2366,,,,0.8854
20250429,5713.182,5743.139,5748.1457,5676.6257,46236.0,-2212.0,46455.0,0.0,-2.0,0.0,-839.0,2.0,-1.0,1709.0,-508.0,5687.32762,5626.97747,5679.449645,60.35015000000021,7.877975000000333,5630.619229523809,5671.014009928571,54569.1,,,2.051472485153923,1.324273804885821,3.375746290039744,-2.0,-839.0,1.0,1201.0,-0.04784150878103642,-0.0591040073911216,0.2308,,,,0.943
20250430,5721.2348,5691.9203,5735.4864,5684.1732,45242.0,-994.0,37710.0,0.0,-1.0,0.0,-487.0,2.0,-1.0,1943.0,-510.0,5696.15676,5651.512059999999,5659.97964,44.64470000000074,36.17712000000029,5634.244670555556,5658.19775868254,52630.2,,0.332695,1.625458843996344,1.324273804885821,2.949732648882165,-1.0,-487.0,1.0,1433.0,-0.021970735157596923,-0.0742057767162211,0.2893,,,,0.9371
20250506,5652.9756,5672.477,5690.8558,5613.4677,51926.0,6684.0,41348.0,0.0,-1.0,0.0,-519.0,2.0,-1.0,2196.0,-434.0,5700.224,5661.02483,5637.267164999999,39.19916999999987,62.95683500000086,5634.517865317463,5648.596557698413,50710.7,,,1.619578473695558,1.349758803059126,2.969337276754684,-1.0,-519.0,1.0,1762.0,0.12872164233717212,-0.0661285870930087,0.1874,,,,0.9375
20250507,5737.6404,5655.6722,5801.2053,5655.6722,58682.0,6756.0,62502.0,0.0,-1.0,0.0,-472.0,2.0,-1.0,2142.0,-388.0,5713.04016,5676.61993,5622.280785,36.42022999999972,90.75937499999964,5644.235807777778,5642.661938055555,52978.4,,,1.712020097032476,1.380469910079236,3.092490007111712,-1.0,-472.0,1.0,1754.0,0.11512900037490201,-0.1388682409029073,0.1871,,,,0.8447
20250508,5793.2551,5724.3348,5800.758,5684.0792,59624.0,942.0,50767.0,0.0,-1.0,0.0,-624.0,2.0,-1.0,2079.0,-836.0,5723.657580000001,5693.85853,5626.18531,29.79905000000144,97.47227000000112,5657.334588253967,5640.227185769842,54086.8,,,1.72608141577671,1.380469910079236,3.106551325855945,-1.0,-624.0,1.0,1243.0,0.015799007111230376,-0.1590571010236109,0.1995,,,,0.8025
20250509,5816.1819,5807.1392,5831.7822,5788.3011,63692.0,4068.0,50196.0,0.0,-1.0,0.0,-618.0,2.0,-1.0,2721.0,-1106.0,5744.25756,5715.792589999999,5639.585855,28.4649700000009,104.6717049999997,5675.950855079364,5641.706589365079,53064.0,,,1.651042487317162,1.380469910079236,3.031512397396398,-1.0,-618.0,1.0,1615.0,0.06386987376750612,0.0118879235657361,0.1916,,,,0.9632
20250512,5936.3024,5827.7071,5938.1737,5783.5223,68239.0,4547.0,61904.0,0.0,-1.0,0.0,-742.0,2.0,-1.0,3842.0,-1227.0,5787.27108,5741.71392,5667.51137,45.55716000000029,119.7597100000003,5699.650388253968,5646.908812563493,52986.3,,,1.666028232356618,1.425182192913738,3.091210425270356,-1.0,-742.0,1.0,2615.0,0.06663345007986635,-0.1567868843356696,0.1832,,,,0.7988
20250513,6017.002,5939.3062,6043.9756,5939.3062,70052.0,1813.0,69608.0,0.0,-1.0,0.0,-526.0,2.0,-2.0,4481.0,-1379.0,5860.07636,5780.15018,5687.08413,79.92618000000039,172.9922299999998,5732.303245476191,5656.588768960318,53762.7,83529.59999999999,,1.717275353040975,1.445187907727594,3.162463260768569,-1.0,-526.0,0.0,3102.0,0.02588077428196197,-0.0936914119923063,0.188,,,,0.897
20250514,6182.3039,6075.8915,6202.4803,6038.8152,72347.0,2295.0,104692.0,0.0,-1.0,0.0,-502.0,1.0,-2.0,3872.0,-1355.0,5949.009059999999,5831.024609999999,5714.384235,117.9844499999999,234.6248249999999,5777.063208253968,5671.450502817461,59620.4,125630.4,,1.809840529173957,1.445187907727594,3.255028436901551,-1.0,-502.0,-1.0,2517.0,0.031722117019365004,-0.0551612555313197,0.1993,,,,0.9458
20250515,6105.6954,6152.4427,6187.164,6101.4303,70724.0,-1623.0,67119.0,0.0,-1.0,0.0,-249.0,2.0,-2.0,3214.0,-1399.0,6011.497119999999,5867.57735,5739.030134999999,143.9197699999986,272.466985,5817.553548968254,5690.347340746031,59230.1,,,1.819728156247809,1.445187907727594,3.264916063975403,-1.0,-249.0,0.0,1815.0,-0.02294836264917143,0.2035974617839498,0.1918,,,,1.0
20250516,6075.6396,6113.0803,6140.3407,6063.9788,71218.0,494.0,77408.0,0.0,-1.0,0.0,-183.0,1.0,-2.0,2186.0,-1544.0,6063.38866,5903.823109999999,5765.40029,159.5655500000003,297.98837,5852.078336825398,5712.49325147619,62325.4,92889.59999999999,,1.742024536922611,1.445187907727594,3.187212444650205,-1.0,-183.0,-1.0,642.0,0.006936448650622034,-0.3296996647549252,0.1887,,,,0.4226
20250519,6078.0345,6094.1546,6142.9679,6064.7952,72287.0,1069.0,85630.0,0.0,-1.0,0.0,-154.0,1.0,-2.0,1705.0,-1424.0,6091.73508,5939.50308,5795.50757,152.232,296.2275100000006,5883.325168968255,5737.401301317461,67117.4,102756.0,,1.734673906413089,1.445187907727594,3.179861814140683,-1.0,-154.0,-1.0,281.0,0.01478827451685642,-0.3618373091315144,0.1838,,,,0.3491
20250520,6015.5676,6094.5275,6094.5275,5979.0151,69229.0,-3058.0,79976.0,0.0,-2.0,0.0,-279.0,2.0,-1.0,560.0,-692.0,6091.448200000001,5975.762280000001,5818.393555,115.6859199999999,273.0546450000011,5907.349715555554,5764.68448634127,70980.2,,,1.766588198353722,1.45815402614419,3.224742224497912,-2.0,-279.0,1.0,-132.0,-0.04417223995724335,0.2039128205825012,0.1688,,,,1.0
20250521,6057.5286,6021.9874,6078.9794,6003.2511,67347.0,-1882.0,46194.0,0.0,-1.0,0.0,-132.0,2.0,-2.0,858.0,-790.0,6066.49314,6007.751099999999,5842.185514999999,58.742040000001,224.3076250000013,5929.928344841268,5793.253740047619,69349.4,,,1.710806128484564,1.45815402614419,3.168960154628754,-1.0,-132.0,0.0,68.0,-0.027944823080463865,0.2418874077031241,0.1757,,,,1.0
20250522,5983.5459,6054.5762,6061.1748,5980.5782,67259.0,-88.0,76703.0,0.0,-1.0,0.0,-90.0,1.0,-2.0,452.0,-736.0,6042.06324,6026.78018,5860.319355,15.28306000000066,181.7438850000008,5946.814277460318,5822.201708968254,71943.0,,,1.716157868555556,1.45815402614419,3.174311894699746,-1.0,-90.0,-1.0,-284.0,-0.0013083750873489049,0.0744135538193685,0.1887,,,,0.9767
20250523,5979.6981,5997.3554,6013.2639,5967.4497,64949.0,-2310.0,56093.0,0.0,-2.0,0.0,-380.0,2.0,-1.0,1920.0,-704.0,6022.87494,6043.1318,5879.462195,-20.25686000000042,143.4127449999996,5959.231700555556,5850.529793515872,72532.7,,,1.704250311312755,1.45815402614419,3.162404337456945,-2.0,-380.0,1.0,1216.0,-0.03556636745754361,0.1378382508516295,0.1666,,,,0.9827
20250526,5985.6892,5980.5388,6053.1281,5953.3766,63278.0,-1671.0,88600.0,1.0,-1.0,0.0,-100.0,1.0,-2.0,1824.0,-821.0,6004.40588,6048.07048,5894.8922,-43.66460000000006,109.51368,5970.777568333331,5877.642511523809,75202.3,,,1.687911718669937,1.469804785445703,3.15771650411564,0.0,-100.0,-1.0,1003.0,-0.026407282151774708,0.1785325171572395,0.1709,,,,0.9828
20250527,5988.1481,5978.1178,5994.2084,5925.131,60680.0,-2598.0,69413.0,0.0,-1.0,0.0,-156.0,1.0,-2.0,2932.0,-599.0,5998.92198,6045.18509,5912.667635,-46.26310999999987,86.25434500000028,5978.904073333334,5902.302594309524,75182.8,,,1.588666282202503,1.469804785445703,3.058471067648206,-1.0,-156.0,-1.0,2333.0,-0.042814765985497695,0.2854376139674564,0.17,,,,1.0
20250528,5915.7104,5953.336,6008.2864,5910.2492,58331.0,-2349.0,56943.0,0.0,-1.0,0.0,-171.0,1.0,-2.0,2288.0,-486.0,5970.55834,6018.52574,5924.775175000001,-47.96739999999954,45.78316499999983,5981.585151904762,5922.754788674602,70407.9,,,1.564197862345719,1.547426645793206,3.111624508138925,-1.0,-171.0,-1.0,1802.0,-0.04027018223586086,0.2177626828272017,0.1719,,,,0.9886
20250529,6033.6344,5944.8466,6046.288,5900.8522,59947.0,1616.0,100061.0,0.0,-1.0,0.0,-197.0,2.0,-1.0,2923.0,-354.0,5980.57604,6011.31964,5939.448495,-30.74359999999979,41.12754500000028,5989.239952619047,5939.923429039683,73702.1,120073.2,0.20194,1.681030174227776,1.660692061439382,3.341722235667159,-1.0,-197.0,1.0,2569.0,0.026957145478506014,0.2876368752151176,0.1756,,,,1.0
20250530,5943.8111,6005.922,6010.9182,5924.8662,54467.0,-5480.0,57511.0,0.0,-1.0,0.0,-203.0,2.0,-1.0,2670.0,-57.0,5973.398639999999,5998.13679,5950.97995,-24.73815000000104,22.41868999999951,5991.86414111111,5953.902009468254,71712.4,,0.208265,1.626492089884894,1.666126875551627,3.292618965436522,-1.0,-203.0,1.0,2613.0,-0.10061137936732334,0.238450861298683,0.1811,,,,0.9831
20250603,5881.2857,6016.05,6029.853,5877.2762,57712.0,3245.0,66024.0,0.0,-1.0,0.0,-205.0,2.0,-1.0,2712.0,-66.0,5952.51794,5978.46191,5958.982494999999,-25.94397000000026,-6.464554999999564,5990.249621269842,5964.594454698412,69751.8,,,1.682425947930687,1.666126875551627,3.348552823482315,-1.0,-205.0,1.0,2646.0,0.05622747435542002,0.1439962475287877,0.1769,,,,0.9553
20250604,5895.2651,5899.5876,5931.6276,5861.3857,67333.0,9621.0,69635.0,0.0,-1.0,0.0,-155.0,2.0,-1.0,2568.0,-26.0,5933.941339999999,5966.43166,5971.096970000001,-32.49032000000079,-37.15563000000111,5983.792847857141,5972.238767928571,68717.7,,,1.550893703025618,1.666126875551627,3.217020578577245,-1.0,-155.0,1.0,2542.0,0.14288684597448503,0.1951713238180123,0.1709,,,,0.9611
20250605,5845.6063,5897.8114,5897.8118,5797.5535,78696.0,11363.0,92035.0,0.0,-1.0,0.0,-115.0,3.0,-1.0,4184.0,0.0,5919.92052,5945.23943,5976.495265,-25.31890999999996,-56.57474499999989,5972.927262460317,5976.538659690476,73301.8,110442.0,0.20976,1.573071631740453,1.685941990834925,3.259013622575377,-1.0,-115.0,2.0,4184.0,0.14439107451458777,0.1636064299989196,0.1824,,,,0.9503
20250606,5854.3176,5856.7169,5915.7022,5836.2974,79671.0,975.0,70872.0,0.0,-1.0,0.0,-259.0,3.0,-1.0,4466.0,0.0,5884.05716,5932.3166,5979.54839,-48.25943999999981,-95.49122999999963,5961.965889444444,5978.053820888888,72718.7,,,1.580889295597486,1.685941990834925,3.266831286432411,-1.0,-259.0,2.0,4466.0,0.01223782806792936,0.2291983304291166,0.1766,,,,0.978
20250609,5819.0754,5870.8389,5892.0839,5805.839,81737.0,2066.0,78200.0,0.0,-1.0,0.0,-270.0,2.0,-1.0,5366.0,-86.0,5859.11002,5916.254330000001,5979.693064999999,-57.14431000000059,-120.5830449999994,5948.092846031745,5976.939935436508,74929.4,,,1.59551215612166,1.685941990834925,3.281454146956586,-1.0,-270.0,1.0,5280.0,0.025276190709225932,0.1522634525955612,0.1655,,,,0.9399
20250610,5814.7859,5832.4983,5880.2701,5808.3046,83917.0,2180.0,81741.0,0.0,-1.0,0.0,-116.0,2.0,-1.0,5038.0,-325.0,5845.810060000001,5899.164,5973.61724,-53.35393999999906,-127.8071799999989,5933.189329444443,5973.181111547618,74243.5,,,1.546904534146824,1.685941990834925,3.23284652498175,-1.0,-116.0,1.0,4713.0,0.025978049739623674,0.2325705929501774,0.1655,,,,0.9783
20250611,5826.9573,5819.1591,5855.0049,5788.641,82911.0,-1006.0,64575.0,0.0,-1.0,0.0,-306.0,2.0,-1.0,5298.0,-500.0,5832.1485,5883.04492,5964.115005,-50.89642000000003,-131.9665049999994,5918.139244761905,5967.104628690476,73759.7,,,1.539899755738148,1.666126875551627,3.206026631289776,-1.0,-306.0,1.0,4798.0,-0.012133492540193701,0.2171271821280034,0.1655,,,,0.9622
20250612,5828.0573,5852.9541,5881.3487,5796.4491,81936.0,-975.0,78757.0,0.0,-1.0,0.0,-351.0,2.0,-1.0,5424.0,-666.0,5828.6387,5874.27961,5946.402675,-45.64090999999917,-117.7639749999998,5906.046744444443,5959.550787944444,75941.1,,,1.54800676824815,1.660940693925558,3.208947462173708,-1.0,-351.0,1.0,4758.0,-0.011899531341534857,0.2174080174873236,0.1542,,,,0.9624
20250613,5983.3013,5811.5237,6087.4011,5811.5237,77734.0,-4202.0,122471.0,0.0,-1.0,0.0,-285.0,2.0,-1.0,6764.0,-672.0,5854.435439999999,5869.2463,5940.28297,-14.8108600000005,-85.84753000000092,5904.961463015872,5951.122938984126,78182.1,146965.2,0.212865,1.826413384745207,1.685941990834925,3.512355375580133,-1.0,-285.0,1.0,6092.0,-0.05405614017032444,0.2282365231974304,0.1851,0.24115456238361266,,,0.9679
20250616,6000.5988,6010.666,6052.5302,5962.0595,78905.0,1171.0,92924.0,0.0,-1.0,0.0,-186.0,2.0,-1.0,6940.0,-863.0,5890.74012,5874.925069999999,5936.53093,15.81505000000107,-45.79080999999951,5910.319378809526,5942.968462753968,81723.4,,,1.81485215177915,1.685941990834925,3.500794142614075,-1.0,-186.0,1.0,6077.0,0.014840631138711109,0.1588471226364435,0.1711,0.19770328988206087,,,0.9202
20250617,6004.931,5979.1189,6012.2887,5930.2861,77353.0,-1552.0,86555.0,0.0,-1.0,0.0,-221.0,2.0,-1.0,6816.0,-537.0,5928.76914,5887.289599999999,5932.875755,41.47954000000118,-4.106614999999692,5915.061752222222,5935.449675849205,83776.5,,,1.830122595503908,1.685941990834925,3.516064586338833,-1.0,-221.0,1.0,6279.0,-0.02006386306930565,0.1780686511140443,0.1658,0.18125387957790196,,,0.9259
20250618,6132.2835,6012.5422,6160.9308,6012.5422,80094.0,2741.0,95928.0,0.0,-1.0,0.0,-333.0,2.0,-1.0,7646.0,-576.0,5989.83438,5910.99144,5938.71155,78.84294000000045,51.12283000000025,5929.987367301588,5930.06912779365,86405.8,,,1.895288536026092,1.725639431475694,3.620927967501785,-1.0,-333.0,1.0,7070.0,0.03422228881064749,0.3482107242303243,0.1851,0.24115456238361266,,,1.0
20250619,6193.682,6127.4999,6194.7708,6098.6433,80822.0,728.0,101972.0,0.0,-1.0,0.0,-174.0,2.0,-1.0,7143.0,-219.0,6062.95932,5945.799010000001,5945.51922,117.1603099999993,117.4400999999998,5951.808966428569,5927.957298190477,87399.5,,0.21781,1.832244488396067,1.725639431475694,3.55788391987176,-1.0,-174.0,1.0,6924.0,0.009007448467001558,0.4375387864973661,0.1894,0.2545003103662322,,,1.0
20250620,6196.0905,6188.2684,6274.1124,6173.9553,80206.0,-616.0,98359.0,0.0,-1.0,0.0,-76.0,3.0,-1.0,6980.0,-15.0,6105.51716,5979.9763,5956.14645,125.5408600000001,149.3707100000001,5976.278101190477,5929.388519365079,90148.2,,0.226435,1.816353430193449,1.685941990834925,3.502295421028374,-1.0,-76.0,2.0,6965.0,-0.007680223424681445,0.4531659672887504,0.1969,0.2777777777777778,,,1.0
20250623,6220.1951,6192.1676,6268.9874,6149.7289,77555.0,-2651.0,85024.0,0.0,-1.0,0.0,-119.0,3.0,-1.0,6579.0,0.0,6149.43642,6020.088269999999,5968.1713,129.3481500000007,181.26512,6000.511420952381,5934.630376857142,90830.6,,,1.769144169812744,1.739630519132114,3.508774688944859,-1.0,-119.0,2.0,6579.0,-0.034182193282186836,0.4918184637471754,0.1885,0.2517070142768467,,,1.0
20250624,5972.252,6197.8948,6208.0806,5926.5764,73210.0,-4345.0,124757.0,1.0,-1.0,62.0,0.0,3.0,0.0,5381.0,0.0,6142.90062,6035.83488,5967.499440000001,107.06574,175.4011799999998,6007.656149365078,5942.077058849207,95132.2,149708.4,,2.03441974606598,1.781644076626628,3.816063822692608,0.0,62.0,3.0,5381.0,-0.05934981559896189,0.1778911215117575,0.1591,0.16045934202358783,,,0.9021
20250625,5972.0367,5992.9058,5993.9964,5953.2503,71964.0,-1246.0,72116.0,0.0,-1.0,0.0,-93.0,3.0,0.0,5651.0,0.0,6110.85126,6050.34282,5966.69387,60.50844000000052,144.1573900000003,6008.360743650794,5951.099208738095,95886.3,,,1.960349848225269,1.781644076626628,3.741993924851897,-1.0,-93.0,3.0,5651.0,-0.0173142126618865,0.3350804761915567,0.1525,0.1399751707014277,,,0.9795
20250626,5939.0047,5962.1822,5976.3723,5926.0019,72916.0,952.0,99177.0,0.0,-1.0,0.0,-136.0,3.0,0.0,6054.0,0.0,6059.915800000001,6061.43756,5967.858585,-1.521759999999631,92.05721500000072,6005.679879126985,5961.062522206349,97928.3,,,1.923766565828501,1.781644076626628,3.705410642455129,-1.0,-136.0,3.0,6054.0,0.013056119370234242,0.247262517440592,0.1553,0.14734224432701273,,,0.9643
20250627,5938.9189,5935.2839,5953.2992,5923.0836,72461.0,-455.0,74406.0,0.0,-1.0,0.0,-74.0,3.0,0.0,6036.0,0.0,6008.48148,6056.99932,5963.12281,-48.51783999999952,45.35867000000053,6003.06640642857,5970.873016547619,93121.8,,,1.854339452742131,1.781644076626628,3.635983529368759,-1.0,-74.0,3.0,6036.0,-0.006279239866962918,0.225734774733629,0.1437,0.1112838047870687,,,0.934
20250630,5939.9516,5940.8461,6002.4367,5928.9389,71309.0,-1152.0,103637.0,1.0,-1.0,31.0,0.0,3.0,0.0,6066.0,0.0,5952.43278,6050.9346,5962.929835,-98.5018199999995,-10.49705499999982,6001.270587857143,5979.968137452381,94193.1,,,1.853402182084557,1.781644076626628,3.635046258711185,0.0,31.0,3.0,6066.0,-0.0161550435428908,0.2412049456501973,0.1461,0.11874417158843648,,,0.9545
20250701,5929.2747,5954.112,5976.2366,5891.9554,76562.0,5253.0,116950.0,1.0,-1.0,30.0,0.0,3.0,0.0,6103.0,0.0,5943.83732,6043.36897,5965.329285000001,-99.5316499999999,-21.49196500000107,5998.235308015875,5988.285493031746,97232.6,140340.0,,1.872418012524002,1.781644076626628,3.65406208915063,0.0,30.0,3.0,6103.0,0.0686110603171286,0.1710559934082802,0.1492,0.12838047870686978,,,0.8794
20250702,5936.3548,5938.8298,5949.219,5893.5495,77126.0,564.0,97889.0,0.0,-1.0,8.0,0.0,3.0,0.0,5602.0,0.0,5936.700940000001,6023.7761,5967.38377,-87.07515999999941,-30.68282999999974,5994.918142460317,5994.778570547619,97428.7,,,1.83536455291493,1.781644076626628,3.617008629541558,-1.0,8.0,3.0,5602.0,0.0073127090734642014,0.1895575193704165,0.147,0.053583389149363655,,,0.895
20250703,5895.1327,5946.8109,5947.0156,5891.9507,77349.0,223.0,84986.0,1.0,-1.0,110.0,0.0,3.0,0.0,6268.0,0.0,5927.92654,5993.92117,5969.86009,-65.99462999999923,-41.93354999999974,5989.258239365078,5998.523497841269,95730.1,,0.1771,1.575257224316394,1.781644076626628,3.356901300943022,0.0,110.0,3.0,6268.0,0.0028830366262007265,0.1647823651671146,0.154,0.036026582721231215,,,0.8706
20250704,5870.2559,5905.281,5926.4261,5859.9494,78155.0,806.0,83674.0,1.0,0.0,179.0,0.0,3.0,0.0,6200.0,0.0,5914.19394,5961.33771,5970.657005,-47.14376999999968,-56.46306499999992,5981.027881984127,5998.998475920635,94261.6,,,1.549180840780318,1.739630519132114,3.288811359912432,1.0,179.0,3.0,6200.0,0.010312839869490116,0.1499015662392545,0.1491,0.03708791208791219,,,0.8515
20250707,5873.4958,5878.2069,5882.0602,5842.9215,79893.0,1738.0,62673.0,1.0,-1.0,46.0,0.0,3.0,0.0,6127.0,0.0,5900.902779999999,5926.667780000001,5973.378025,-25.76500000000124,-72.47524500000054,5971.227526269841,5996.070086452381,92026.5,,,1.500581564967436,1.685941990834925,3.186523555802361,0.0,46.0,3.0,6127.0,0.021754096103538484,0.1589368005311973,0.1491,0.03708791208791219,,,0.8621
20250708,5866.0124,5883.803,5883.803,5854.9263,78790.0,-1103.0,51847.0,1.0,-1.0,61.0,0.0,3.0,0.0,5821.0,0.0,5888.25032,5916.043820000001,5975.93935,-27.79350000000068,-87.68902999999955,5961.257728095238,5991.430244325396,84735.5,,,1.3535507825738,1.660940693925558,3.014491476499359,0.0,61.0,3.0,5821.0,-0.013999238482040868,0.0983406155467391,0.1415,0.0,,,0.8284
20250709,5881.8151,5869.9666,5888.089,5854.8671,78328.0,-462.0,78673.0,1.0,0.0,57.0,0.0,3.0,0.0,5657.0,0.0,5877.34238,5907.02166,5978.68224,-29.67928000000029,-101.33986,5951.642401349205,5985.758410095238,85391.2,,,1.283211855540493,1.632767668893172,2.915979524433665,1.0,57.0,3.0,5657.0,-0.005898273925033194,0.0947853096509822,0.1343,0.0,,,0.8244
20250710,5919.1981,5875.1636,5930.8315,5869.2751,76995.0,-1333.0,77779.0,0.0,-1.0,0.0,-83.0,3.0,0.0,5481.0,0.0,5882.15546,5905.040999999999,5983.23928,-22.88553999999931,-101.0838199999998,5944.165215793649,5979.606943761903,83251.4,,,1.241064001346851,1.577797617947875,2.818861619294725,-1.0,-83.0,3.0,5481.0,-0.017312812520293524,0.024032499632917,0.1442,0.06387096774193543,,,0.7913
20250711,5881.9445,5909.5904,5922.4086,5874.6478,74855.0,-2140.0,67579.0,0.0,-1.0,0.0,-21.0,3.0,0.0,5123.0,0.0,5884.493179999999,5899.34356,5978.17144,-14.85038000000077,-93.67826000000059,5935.757304761904,5972.876033595237,82568.7,,,1.159799415153762,1.577797617947875,2.737597033101637,-1.0,-21.0,3.0,5123.0,-0.028588604635628883,0.0086390774852422,0.1442,0.06387096774193543,,,0.7826
20250714,5927.8261,5890.405,5932.3274,5874.3914,71342.0,-3513.0,89750.0,0.0,-1.0,0.0,-88.0,3.0,0.0,5037.0,0.0,5895.35924,5898.13101,5974.532805,-2.771770000000288,-79.17356500000005,5929.769111428572,5965.725885952381,81180.0,,0.17089,0.8756820093824379,1.525426764068058,2.401108773450496,-1.0,-88.0,3.0,5037.0,-0.049241680917271734,0.0323807078214823,0.1486,0.09225806451612908,,,0.7981
20250715,5876.9824,5930.0866,5950.3983,5862.7415,69630.0,-1712.0,64247.0,0.0,-1.0,0.0,-55.0,3.0,0.0,5759.0,0.0,5897.553239999999,5892.90178,5968.135375,4.651459999999133,-70.58213500000056,5921.577481984127,5958.060103349206,75909.7,,,0.933429090231039,1.497994224358666,2.431423314589705,-1.0,-55.0,3.0,5759.0,-0.024587103260089043,-0.0498203398727675,0.1394,0.03290322580645157,,,0.7656
20250716,5891.5687,5885.9923,5904.5722,5873.5481,68151.0,-1479.0,45689.0,0.0,-1.0,0.0,-97.0,3.0,0.0,4885.0,0.0,5899.50396,5888.42317,5956.099635,11.08078999999998,-56.59567500000048,5914.036205079366,5949.97190961111,70689.7,,,0.9105514323173349,1.485874895217639,2.396426327534974,-1.0,-97.0,3.0,4885.0,-0.02170180921776643,-0.0250194987020838,0.1359,0.010322580645161228,,,0.7762
20250717,5904.8295,5882.0704,5920.2035,5874.178,68350.0,199.0,66822.0,0.0,-1.0,0.0,-102.0,3.0,0.0,4882.0,0.0,5896.63024,5889.392849999999,5941.657010000001,7.237390000001142,-45.0267700000004,5908.285121031747,5941.874597777778,68873.3,,,0.9300688018113703,1.485874895217639,2.41594369702901,-1.0,-102.0,3.0,4882.0,0.0029114850036576446,0.0057160698994348,0.13,0.0,,,0.7773
20250718,5931.7059,5909.1357,5989.1856,5904.9564,66254.0,-2096.0,89418.0,0.0,-1.0,0.0,-35.0,3.0,0.0,3839.0,0.0,5906.58252,5895.53785,5928.43778,11.04467000000022,-21.85526000000027,5907.089163095239,5934.480725888889,69447.7,107301.6,,0.9433094699278802,1.47295888625702,2.4162683561849,-1.0,-35.0,3.0,3839.0,-0.03163582576146346,0.0391094181602186,0.1437,0.08600125549278086,,,0.8019
20250721,5990.1229,5940.0085,6015.5084,5940.0085,66245.0,-9.0,88481.0,1.0,-1.0,35.0,0.0,2.0,-1.0,3259.0,-86.0,5919.04188,5907.200559999999,5916.93417,11.84132000000045,2.107710000000225,5912.138779126984,5928.571851174604,72028.5,106177.2,0.183655,0.9420357591884256,1.47295888625702,2.414994645445446,0.0,35.0,1.0,3173.0,-0.0001358593101366141,0.1275551106314185,0.1597,0.18644067796610173,,,0.8404
20250722,5999.4346,5997.6856,6012.2248,5949.0496,64994.0,-1251.0,83347.0,1.0,0.0,70.0,0.0,2.0,-1.0,3478.0,-205.0,5943.53232,5920.54278,5918.293299999999,22.98954000000049,25.23902000000089,5918.406514126984,5924.286729777778,75178.5,,0.18492,0.9503919901192072,1.460787735263183,2.41117972538239,1.0,70.0,1.0,3273.0,-0.019247930578207218,0.0663284699682356,0.1608,0.19334588826114246,,,0.8178
20250723,5990.3252,6007.5548,6064.5225,5969.9494,64046.0,-948.0,113867.0,0.0,-1.0,0.0,-2.0,3.0,0.0,2719.0,0.0,5963.28362,5931.39379,5919.207724999999,31.88983000000007,44.07589500000086,5926.11677063492,5921.73416670635,78697.9,136640.4,0.197455,0.9970114660391348,1.47295888625702,2.469970352296155,-1.0,-2.0,3.0,2719.0,-0.014801861162289605,0.0602720990454578,0.1717,0.2617702448210922,,,0.8
20250724,6040.6319,5985.4488,6064.0882,5982.9777,66833.0,2787.0,73478.0,0.0,-1.0,0.0,-57.0,2.0,-1.0,3042.0,-205.0,5990.444100000001,5943.537170000001,5924.289084999999,46.9069300000001,66.15501500000119,5936.024035396825,5920.920048666667,78267.8,,0.21597,1.012600489864443,1.466886204648926,2.479486694513369,-1.0,-57.0,1.0,2837.0,0.041700956114494335,0.0834381583358909,0.1878,0.36283741368487127,,,0.8241
20250725,6129.9921,6046.0218,6130.4424,6034.7409,65372.0,-1461.0,93398.0,0.0,-1.0,0.0,-228.0,3.0,0.0,762.0,0.0,6030.10134,5968.34193,5933.842745,61.75941000000057,96.25859500000024,5952.651399285714,5922.609458119048,80849.7,,0.254955,1.077437649531178,1.466886204648926,2.544323854180104,-1.0,-228.0,3.0,762.0,-0.022349017928164964,0.0945056648110179,0.2217,0.5756434400502197,,,0.8249
20250728,6006.1441,6123.9774,6139.4785,5984.0275,62598.0,-2774.0,95092.0,0.0,-1.0,0.0,-69.0,3.0,0.0,2550.0,0.0,6033.30558,5976.17373,5937.15237,57.13184999999976,96.1532100000004,5963.393310555555,5925.971878031746,81383.9,,,1.227444470310012,1.485874895217639,2.713319365527651,-1.0,-69.0,3.0,2550.0,-0.044314514840729735,-0.0167887192346605,0.193,0.3954802259887006,,,0.7523
20250729,6012.7476,6026.2443,6038.7695,5995.8742,62003.0,-595.0,51748.0,1.0,-1.0,35.0,0.0,2.0,-1.0,2101.0,-277.0,6035.96818,5989.75025,5941.326015,46.2179299999998,94.6421650000002,5970.867268095239,5930.900856642857,80134.0,,,1.237104281876071,1.485874895217639,2.722979177093711,0.0,35.0,1.0,1824.0,-0.00959630985597471,-0.0215255167997812,0.1653,0.38495092693565974,,,0.7489
20250730,6022.2309,6022.8969,6068.7925,6014.107,60557.0,-1446.0,54613.0,2.0,-1.0,395.0,0.0,2.0,-1.0,2039.0,-204.0,6042.349319999999,6002.81647,5945.619820000001,39.5328499999996,96.72949999999855,5979.246517936507,5937.421887928571,81026.4,,,1.228987539416556,1.466886204648926,2.695873744065482,1.0,395.0,1.0,1835.0,-0.023878329507736513,-0.1094814197881148,0.1707,0.4438386041439475,,,0.6591
20250731,5993.5146,6022.2459,6043.9982,5979.0172,56169.0,-4388.0,58644.0,1.0,0.0,294.0,0.0,3.0,-1.0,1896.0,0.0,6032.92586,6011.68498,5950.538915,21.24088000000029,82.3869450000002,5984.795398968253,5945.072915722222,80208.6,,,1.247918959991621,1.435968967175253,2.683887927166873,1.0,294.0,2.0,1896.0,-0.07812138368139009,-0.1915049648702714,0.1499,0.21701199563794984,,,0.5701
20250801,5948.1438,5992.8144,5995.2516,5945.3109,59160.0,2991.0,60565.0,0.0,-1.0,0.0,-60.0,3.0,-1.0,1822.0,0.0,5996.5562,6013.32877,5954.43331,-16.77257000000009,42.12288999999964,5985.857111428571,5952.949710555555,77323.3,,,1.238068221295843,1.421714027637915,2.659782248933757,-1.0,-60.0,2.0,1822.0,0.050557809330628804,-0.2747271059545783,0.1455,0.169029443838604,,,0.4234
20250804,5922.3278,5946.7019,5963.0644,5908.6931,61929.0,2769.0,63547.0,1.0,0.0,228.0,0.0,3.0,0.0,2370.0,0.0,5979.792939999999,6006.54926,5956.87491,-26.75632000000041,22.91802999999891,5983.499512063492,5960.085783849206,74829.9,,,1.197670269105595,1.421714027637915,2.619384296743509,1.0,228.0,3.0,2370.0,0.04471249333914644,-0.2263627126997699,0.1412,0.12213740458015253,,,0.5022
20250805,5909.0088,5909.2262,5915.4707,5872.0953,63468.0,1539.0,59216.0,1.0,-1.0,95.0,0.0,3.0,0.0,2392.0,0.0,5959.045179999999,5997.50668,5959.02473,-38.46150000000125,0.02044999999907304,5978.316901507935,5966.076822587302,72416.8,,,1.220342419676559,1.411072474400052,2.631414894076611,0.0,95.0,3.0,2392.0,0.024248440158820193,-0.2275859566998957,0.1383,0.0905125408942203,,,0.5
20250806,5928.9384,5894.0198,5942.1562,5888.4095,65184.0,1716.0,62885.0,1.0,-1.0,0.0,-23.0,3.0,0.0,2290.0,0.0,5940.386680000001,5991.368,5961.380895,-50.98131999999987,-20.99421499999971,5974.287148015872,5970.893860325396,67318.6,,,1.229202503265225,1.401070604409284,2.630273107674509,0.0,-23.0,3.0,2290.0,0.026325478645066274,-0.1777417120933969,0.1351,0.055616139585605164,,,0.5911
20250807,5910.2643,5934.0988,5945.9722,5895.6397,63232.0,-1952.0,47256.0,1.0,-1.0,45.0,0.0,3.0,0.0,1891.0,0.0,5923.73662,5978.33124,5960.934205,-54.59461999999985,-37.19758499999989,5970.289619920634,5974.320418777776,64696.4,,,1.188917899894952,1.378957173706562,2.567875073601515,0.0,45.0,3.0,1891.0,-0.030870445344129555,-0.1534466740532183,0.1311,0.011995637949836312,,,0.6195
20250808,5894.317,5912.7624,5922.7242,5893.0037,62017.0,-1215.0,53983.0,1.0,-1.0,75.0,0.0,3.0,0.0,1819.0,0.0,5912.97126,5954.76373,5961.552830000001,-41.79246999999941,-48.58157000000028,5964.35695547619,5975.490974396826,60754.9,,,1.125670739336112,1.360042659203957,2.485713398540069,0.0,75.0,3.0,1819.0,-0.019591402357418127,-0.0988241411103019,0.1293,0.0,,,0.6828
20250811,5930.0812,5907.1351,5947.899,5904.9154,61734.0,-283.0,55403.0,1.0,-1.0,14.0,0.0,3.0,0.0,1402.0,0.0,5914.521940000001,5947.15744,5961.665585,-32.63549999999941,-47.1436449999992,5960.931538095238,5975.244797150793,56786.0,,,1.115134333972658,1.360042659203957,2.475176993176614,0.0,14.0,3.0,1402.0,-0.0045841837561149444,-0.0981851820178209,0.1252,0.0,,,0.6842
20250812,5960.624,5942.0624,5970.8737,5929.0068,62839.0,1105.0,48294.0,1.0,-1.0,25.0,0.0,3.0,0.0,1072.0,0.0,5924.84498,5941.94508,5965.847665,-17.10009999999966,-41.00268500000038,5959.964232698412,5974.15449361111,56440.6,,,1.052491541083694,1.360042659203957,2.41253420028765,0.0,25.0,3.0,1072.0,0.017584621015611323,-0.1254762649744305,0.1307,0.05699481865284979,,,0.655
20250813,5918.0277,5954.5097,5954.5097,5908.7781,62655.0,-184.0,68297.0,1.0,-1.0,0.0,0.0,2.0,-1.0,1511.0,-253.0,5922.662839999999,5931.52476,5967.170615,-8.861920000001192,-44.50777500000095,5956.294760396826,5971.859317857143,57809.0,,0.150995,1.018984031120013,1.350720701052113,2.369704732172126,0.0,0.0,1.0,1258.0,-0.00293671694198388,-0.1140073102559544,0.1313,0.06321243523316056,,,0.6565
20250814,5863.2052,5927.6529,5927.6529,5851.869,65430.0,2775.0,107099.0,1.0,-1.0,81.0,0.0,1.0,-2.0,1461.0,-769.0,5913.25102,5918.49382,5965.0894,-5.242799999999988,-51.83838000000014,5948.019952698413,5968.181773230159,62654.5,128518.8,,0.998316917632338,1.350720701052113,2.34903761868445,0.0,81.0,-1.0,692.0,0.042411737734983954,-0.1578196393683975,0.1313,0.06321243523316056,,,0.5974
20250815,5894.7491,5866.0077,5909.5551,5853.6878,62700.0,-2730.0,107339.0,1.0,-1.0,0.0,-37.0,1.0,-2.0,1042.0,-426.0,5913.33744,5913.15435,5963.241559999999,0.1830900000004476,-49.90411999999924,5940.160692301588,5963.612131317461,67331.9,128806.8,0.1564,0.8798308379279582,1.34818753960422,2.228018377532178,0.0,-37.0,-1.0,616.0,-0.04354066985645933,-0.1822106257594383,0.136,0.1119170984455959,,,0.569
20250818,5922.0343,5888.9449,5930.8464,5864.5241,62125.0,-575.0,106965.0,1.0,-1.0,0.0,-11.0,1.0,-2.0,595.0,-344.0,5911.728059999999,5913.125,5959.837130000001,-1.396940000000541,-48.10907000000134,5934.888319365079,5958.751012047619,71673.7,128358.0,,0.9090115928145437,1.34818753960422,2.257199132418764,0.0,-11.0,-1.0,251.0,-0.00925553319919517,-0.170037972348267,0.1355,0.10673575129533683,,,0.5837
20250819,5901.0786,5906.6501,5931.4801,5894.0902,63527.0,1402.0,74876.0,1.0,-1.0,0.0,-95.0,2.0,-2.0,833.0,-533.0,5899.81898,5912.33198,5954.91933,-12.51299999999992,-55.10034999999971,5929.596689285714,5953.878990825397,73239.7,,,0.8878360899102359,1.312619626395527,2.200455716305763,0.0,-95.0,0.0,300.0,0.022069356336675745,-0.1978925371905974,0.1312,0.06217616580310886,,,0.5342
20250820,5953.6679,5902.115,5969.275,5868.6007,61467.0,-2060.0,129405.0,1.0,-1.0,0.0,-30.0,1.0,-2.0,75.0,-474.0,5906.947020000001,5914.80493,5953.086465,-7.85790999999972,-46.1394449999998,5927.250512222221,5949.175327246032,79891.7,155286.0,0.161345,0.9313415327680374,1.34818753960422,2.279529072372258,0.0,-30.0,-1.0,-399.0,-0.03351391803732084,-0.2518459529289117,0.1403,0.15647668393782385,,,0.434
20250821,6036.8408,5948.1252,6061.1535,5944.0842,63627.0,2160.0,179242.0,0.0,-1.0,0.0,-84.0,1.0,-2.0,635.0,-2204.0,5941.67414,5927.46258,5952.89691,14.21155999999974,-11.22277000000031,5932.404440396825,5945.386809293651,93090.3,215090.4,0.173535,1.011276906844087,1.34818753960422,2.359464446448307,-1.0,-84.0,-1.0,-1569.0,0.03394785232684238,-0.1428433863779244,0.1509,0.26632124352331604,,,0.6271
20250822,6029.4992,6029.5115,6052.0568,6022.3359,61943.0,-1684.0,110815.0,1.0,0.0,0.0,-5.0,1.0,-2.0,568.0,-2977.0,5968.62416,5940.9808,5947.872265,27.64336000000003,20.75189500000033,5940.533173888888,5943.00443113492,98773.5,,,0.9802913853001612,1.312619626395527,2.292911011695688,1.0,-5.0,-1.0,-2409.0,-0.02718628416447379,-0.2194528303912476,0.1383,0.13575129533678756,,,0.4979
20250825,6040.0387,6034.3569,6065.6085,6007.1875,61859.0,-84.0,174774.0,1.0,-1.0,0.0,0.0,1.0,-2.0,627.0,-2917.0,5992.22504,5951.97655,5949.566995,40.24848999999995,42.65804500000013,5948.785404285714,5941.789817753967,110710.6,209728.8,,0.9885911518002733,1.259591100376572,2.248182252176846,0.0,0.0,-1.0,-2290.0,-0.0013579268982686432,-0.2794275900357118,0.1386,0.13886010362694295,,,0.3866
20250826,6026.7297,6044.9906,6091.2147,6019.6583,62781.0,922.0,133680.0,1.0,0.0,438.0,0.0,1.0,-2.0,336.0,-2888.0,6017.35526,5958.587119999999,5950.2661,58.76814000000104,67.08916000000045,5957.150855555555,5941.508480039682,119249.2,,,1.008815346955727,1.237459830516073,2.246275177471801,1.0,438.0,-1.0,-2552.0,0.014685971870470365,-0.3455354098911216,0.1404,0.15751295336787555,,,0.2803
20250827,5986.5339,6020.925,6058.82,5981.0241,59839.0,-2942.0,151621.0,1.0,0.0,6.0,0.0,1.0,-2.0,316.0,-2939.0,6023.92846,5965.437739999999,5948.48125,58.49072000000069,75.44721000000027,5962.349343015872,5942.113938301586,127581.6,,,1.040838864757047,1.259591100376572,2.300429965133619,1.0,6.0,-1.0,-2623.0,-0.04916526011464095,-0.3757036471068032,0.1362,0.11398963730569929,,,0.2083
20250828,5976.5982,5995.957,6000.7391,5943.7585,56201.0,-3638.0,174213.0,1.0,0.0,134.0,0.0,2.0,-1.0,985.0,-1435.0,6011.879940000001,5976.77704,5947.63543,35.10290000000077,64.24451000000045,5965.191446984127,5943.831087730158,134293.0,209055.6,,1.072482893441558,1.237459830516073,2.309942723957631,1.0,134.0,1.0,-450.0,-0.06473194427145425,-0.3836523086476319,0.1296,0.04559585492227966,,,0.1992
20250829,5957.1345,5994.1991,5994.1991,5931.2185,52807.0,-3394.0,114965.0,1.0,0.0,31.0,0.0,2.0,-1.0,1534.0,-1397.0,5997.407,5983.01558,5948.084965,14.39141999999993,49.32203500000014,5966.774846031746,5946.492503103173,135055.6,,,1.083395570283165,1.207329049638296,2.290724619921461,1.0,31.0,1.0,137.0,-0.06427178215009374,-0.2911239469771056,0.1305,0.0549222797927461,,,0.3843
20250901,5950.897,5968.3865,5968.3865,5916.1744,57161.0,4354.0,91715.0,2.0,0.0,424.0,0.0,2.0,-1.0,1386.0,-1171.0,5979.57866,5985.90185,5949.513424999999,-6.323190000000068,30.06523500000094,5967.012246746032,5949.704895841269,133530.6,,,1.095917680506906,1.158273927138239,2.254191607645144,2.0,424.0,1.0,215.0,0.0761708157659943,-0.2766205329124223,0.1294,0.04352331606217597,,,0.4033
20250902,5909.6019,5949.5748,5961.4211,5907.6796,58598.0,1437.0,71493.0,2.0,0.0,271.0,0.0,2.0,-1.0,1459.0,-910.0,5956.1531,5986.75418,5949.54308,-30.60107999999946,6.610020000000077,5964.47043746032,5953.19227065873,133192.3,,,1.098299912944026,1.135024337408526,2.233324250352552,2.0,271.0,1.0,549.0,0.02452302126352435,-0.2822759275330418,0.127,0.018652849740932603,,,0.3934
20250903,5891.6243,5916.6247,5935.1325,5887.5731,59890.0,1292.0,144270.0,1.0,-1.0,0.0,-138.0,1.0,-2.0,1693.0,-840.0,5937.17118,5980.54982,5947.677375,-43.3786399999999,-10.50619499999993,5959.986138412698,5956.465833277778,134678.8,,,1.064114907080647,1.124927665861038,2.189042572941685,0.0,-138.0,-1.0,853.0,0.021572883619969944,-0.2661055238089194,0.1264,0.01243523316062183,,,0.4245
20250904,5823.2738,5885.97,5888.1284,5798.9845,67462.0,7572.0,211643.0,1.0,0.0,141.0,0.0,1.0,-2.0,438.0,-417.0,5906.5063,5959.193120000001,5943.32785,-52.68682000000081,-36.82154999999966,5949.683510396826,5958.193740277778,137918.9,253971.6,0.15548,1.109115603152026,1.124927665861038,2.234043269013064,1.0,141.0,-1.0,21.0,0.11224096528415997,-0.2637851373257051,0.1352,0.10362694300518115,,,0.4268
20250905,5840.4019,5825.5332,5844.6267,5799.5527,70635.0,3173.0,80819.0,0.0,-1.0,0.0,-204.0,1.0,-2.0,1467.0,-548.0,5883.15978,5940.28339,5940.632094999999,-57.12360999999964,-57.47231499999907,5938.666517301587,5958.007074619049,134919.3,,,1.08470136265936,1.098482851682183,2.183184214341543,-1.0,-204.0,-1.0,919.0,0.04492107312238975,-0.3669555450353804,0.135,0.10155440414507776,,,0.2389
20250908,5865.8333,5827.7961,5871.033,5797.9998,69150.0,-1485.0,155499.0,1.0,-1.0,0.0,-165.0,2.0,-1.0,2196.0,-607.0,5866.14704,5922.86285,5937.4197,-56.71580999999969,-71.27266000000054,5929.782601269839,5956.10679431746,132991.8,,0.155595,1.127955269875581,1.098482851682183,2.226438121557764,0.0,-165.0,1.0,1589.0,-0.021475054229934926,-0.2736749567065071,0.1353,0.10466321243523313,,,0.4153
20250909,5842.7396,5865.8898,5866.8295,5822.6654,68088.0,-1062.0,52294.0,1.0,-1.0,0.0,-168.0,2.0,-1.0,2376.0,-335.0,5852.77458,5904.46384,5931.525479999999,-51.6892600000001,-78.75089999999909,5921.376291904762,5952.529337952381,124853.2,,,1.061520459460199,1.068013294750812,2.129533754211011,0.0,-168.0,1.0,2041.0,-0.015597462107860416,-0.2575655089688999,0.1342,0.0932642487046633,,,0.4378
20250910,5851.6542,5841.9088,5867.1155,5830.3641,67049.0,-1039.0,74622.0,1.0,-1.0,0.0,-147.0,3.0,-1.0,1686.0,-186.0,5844.78056,5890.97587,5928.206805,-46.19531000000006,-83.42624499999965,5913.488046984126,5947.643208349205,117153.3,,,0.9671118689021972,1.054703449917709,2.021815318819906,0.0,-147.0,2.0,1500.0,-0.015496129696192337,-0.2701019356352617,0.1345,0.09637305699481868,,,0.416
20250911,5843.669,5845.2328,5870.1179,5822.7171,65921.0,-1128.0,76455.0,0.0,-1.0,0.0,-201.0,2.0,-1.0,1598.0,-291.0,5848.8596,5877.68295,5927.229995,-28.82335000000057,-78.37039499999992,5905.248256031746,5941.648889253968,107377.5,,,0.9906330077277549,1.045174644355375,2.03580765208313,-1.0,-201.0,1.0,1307.0,-0.01711139090729813,-0.4116603223321734,0.1333,0.08393782383419685,,,0.1594
20250912,5810.8964,5835.8242,5837.4786,5782.9502,64820.0,-1101.0,91223.0,0.0,-1.0,0.0,-243.0,3.0,-1.0,1772.0,-3.0,5842.9585,5863.059139999999,5923.03736,-20.10063999999966,-80.07886000000053,5894.466122539682,5934.418016904762,105003.3,,,0.9961644835018599,1.041932070634569,2.03809655413643,-1.0,-243.0,2.0,1769.0,-0.016985498302992903,-0.0691411639620029,0.1331,0.08186528497409316,,,0.746
20250915,5834.9052,5833.1235,5867.6307,5820.5386,63556.0,-1264.0,78829.0,0.0,-1.0,0.0,-217.0,3.0,-1.0,1791.0,-139.0,5836.77288,5851.459959999999,5918.680904999999,-14.6870799999997,-81.90802499999972,5886.412540714286,5926.358046301587,103714.7,,0.15778,0.9804928286444522,1.00239193216398,1.982884760808432,-1.0,-217.0,2.0,1652.0,-0.01988797281137894,-0.1240464149801455,0.1372,0.12435233160621743,,,0.6798
20250916,5847.0407,5833.9672,5889.068,5833.9672,63557.0,1.0,66548.0,0.0,-1.0,0.0,-157.0,2.0,-1.0,1750.0,-409.0,5837.6331,5845.20384,5915.97901,-7.570740000000114,-78.34591,5879.576696269841,5917.868672182539,103220.2,,,0.954561708391153,0.9743382390870045,1.928899947478157,-1.0,-157.0,1.0,1341.0,1.5733908145444248e-05,-0.1084444194215469,0.1355,0.10673575129533683,,,0.6929
20250917,5870.4679,5857.7507,5871.9118,5845.4498,60267.0,-3290.0,90069.0,1.0,-1.0,0.0,-130.0,2.0,-2.0,1423.0,-648.0,5841.395839999999,5843.0882,5911.81901,-1.692360000000917,-70.42317000000094,5874.318875079363,5909.301945849205,97800.1,,0.158355,0.9186407556109863,0.9743382390870045,1.892978994697991,0.0,-130.0,0.0,775.0,-0.05459040602651534,-0.0805931233593354,0.1377,0.1295336787564765,,,0.7373
20250918,5820.1878,5854.8826,5906.3408,5818.9402,59139.0,-1128.0,187990.0,1.0,-1.0,0.0,-132.0,1.0,-2.0,1066.0,-759.0,5836.6996,5842.7796,5900.98636,-6.079999999999927,-64.28675999999996,5867.577264603176,5901.091321269841,95434.8,225588.0,,0.9499542292212939,1.00239193216398,1.952346161385274,0.0,-132.0,-1.0,307.0,-0.019073707705575,-0.1521801890083277,0.1355,0.10673575129533683,,,0.6289
20250919,5768.0738,5831.9699,5834.454,5758.0777,62698.0,3559.0,117449.0,0.0,-1.0,0.0,-208.0,2.0,-1.0,620.0,-93.0,5828.13508,5835.546789999999,5887.91509,-7.411709999999402,-59.7800100000004,5856.504188412698,5892.875088380952,99097.8,,0.165715,0.9816100831164909,1.041932070634569,2.02354215375106,-1.0,-208.0,1.0,527.0,0.056764171105936394,-0.1501008062889112,0.1441,0.19585492227979273,,,0.6342
20250922,5751.0028,5774.8057,5781.6433,5736.4353,65377.0,2679.0,106867.0,0.0,-1.0,0.0,-258.0,3.0,0.0,1343.0,0.0,5811.3546,5824.06374,5873.463295,-12.70913999999993,-62.1086949999999,5843.637070158731,5884.260535269841,94234.6,,0.16905,0.9730667032915572,1.00239193216398,1.975458635455537,-1.0,-258.0,3.0,1343.0,0.040977713874910136,-0.1508501852075464,0.147,0.2259067357512952,,,0.6279
20250923,5721.3333,5740.3358,5740.3358,5695.4817,65423.0,46.0,140509.0,1.0,-1.0,0.0,-305.0,3.0,0.0,1883.0,0.0,5786.21312,5811.92311,5858.193475,-25.70998999999938,-71.98035499999969,5828.996117301589,5875.022517809523,103056.1,168610.8,0.178595,0.9848700783868579,0.9743382390870045,1.959208317473862,0.0,-305.0,3.0,1883.0,0.0007031166409366737,-0.1702481977637047,0.1553,0.31191709844559573,,,0.5907
20250924,5786.4437,5736.8643,5790.0843,5719.7485,61424.0,-3999.0,145121.0,0.0,-1.0,0.0,-403.0,3.0,0.0,2340.0,0.0,5769.408280000001,5805.40206,5848.188964999999,-35.99377999999979,-78.78068499999881,5819.849905396825,5865.658703650794,110106.0,174145.2,0.180205,0.9579332841424444,1.00239193216398,1.960325216306424,-1.0,-403.0,3.0,2340.0,-0.0651048450117218,-0.1186168190681487,0.1567,0.32642487046632124,,,0.6808
20250925,5841.2156,5787.9279,5848.6069,5782.8363,57726.0,-3698.0,67741.0,0.0,-1.0,0.0,-196.0,3.0,0.0,1889.0,0.0,5773.61384,5805.15672,5841.419835,-31.54287999999997,-67.80599499999971,5817.170998492064,5856.850977896825,109234.6,,0.190095,0.9833322008739965,1.041932070634569,2.025264271508566,-1.0,-196.0,3.0,1889.0,-0.06406125489380868,-0.0776768101012053,0.1653,0.41554404145077717,,,0.7471
20250926,5803.5844,5836.0307,5843.0805,5802.7078,59723.0,1997.0,131719.0,1.0,0.0,0.0,-87.0,3.0,0.0,1465.0,0.0,5780.71596,5804.42552,5833.74233,-23.70956000000024,-53.0263700000005,5814.488411190476,5848.853206761904,113284.2,,0.20056,0.9439574363339063,1.00239193216398,1.946349368497886,1.0,-87.0,3.0,1465.0,0.03343770406710982,-0.1120476297990119,0.1744,0.5098445595854921,,,0.6832
20250929,5800.3564,5810.299,5824.5651,5764.3213,56325.0,-3398.0,117170.0,0.0,-1.0,0.0,-183.0,3.0,0.0,1254.0,0.0,5790.58668,5800.97064,5826.2153,-10.38396000000012,-35.6286199999995,5811.106394206349,5841.322592111112,117118.3,,0.208035,0.9642151019595239,1.039151399572058,2.003366501531582,-1.0,-183.0,3.0,1254.0,-0.06032845095428318,-0.0817503241978909,0.1809,0.5772020725388601,,,0.7376
20250930,5754.3877,5792.8575,5792.8575,5721.7884,54457.0,-1868.0,153621.0,0.0,-1.0,0.0,-370.0,3.0,0.0,1542.0,0.0,5797.197560000001,5791.70534,5818.454589999999,5.492220000000998,-21.25702999999885,5804.7211765873,5833.837040142857,125825.6,184345.2,0.22977,1.016833665145031,1.041932070634569,2.0587657357796,-1.0,-370.0,3.0,1542.0,-0.03430229355271131,-0.2285923409447172,0.1998,0.7730569948186529,,,0.4811
20251009,5746.9687,5747.8603,5755.9416,5695.5072,58696.0,4239.0,48595.0,0.0,-1.0,0.0,-403.0,2.0,-1.0,1402.0,-201.0,5789.302559999999,5779.35542,5811.22181,9.947139999999308,-21.91925000000083,5797.249204047618,5826.130073039682,121678.2,,,1.034105009113683,1.047582645957507,2.08168765507119,-1.0,-403.0,1.0,1201.0,0.07221957203216574,-0.246445079770773,0.1206,0.0,,,0.4453
20251010,5674.3342,5736.2151,5758.4694,5662.307,72279.0,13583.0,90956.0,1.0,-1.0,0.0,-190.0,2.0,-1.0,938.0,-287.0,5755.92628,5764.770060000001,5803.77483,-8.843780000001061,-47.84855000000061,5785.977415793651,5817.970088158731,111974.8,,,1.079594590798749,1.052160145052046,2.131754735850794,0.0,-190.0,1.0,651.0,0.18792457006876132,-0.1492362487521372,0.124,0.033630069238377844,,,0.6316
20251013,5648.6703,5651.556,5687.4457,5622.229,74510.0,2231.0,84390.0,1.0,-1.0,0.0,-47.0,3.0,0.0,1508.0,0.0,5724.94346,5752.82971,5794.18825,-27.88624999999956,-69.24478999999974,5771.191164523809,5809.438785769841,108668.9,,,1.092575481476483,1.054703449917709,2.147278931394192,0.0,-47.0,3.0,1508.0,0.029942289625553616,-0.0934366706888399,0.1273,0.06627101879327396,,,0.7266
20251014,5582.5102,5640.6395,5641.4707,5559.2493,74660.0,150.0,67859.0,1.0,-1.0,62.0,0.0,3.0,0.0,2002.0,0.0,5681.37422,5735.98045,5780.022094999999,-54.60623000000032,-98.64787499999966,5752.425690238096,5800.317647777778,104768.1,,,1.138759680693607,1.068013294750812,2.206772975444419,0.0,62.0,3.0,2002.0,0.002009107956067506,-0.0626827120873738,0.133,0.12265084075173104,,,0.7649
20251015,5566.3897,5572.6019,5573.167,5536.9627,75694.0,1034.0,53942.0,1.0,0.0,181.0,0.0,3.0,0.0,2372.0,0.0,5643.774619999999,5720.48609,5766.2046,-76.7114700000011,-122.4299800000008,5731.461836666667,5790.564219714286,96111.4,,0.163185,1.166851739634861,1.054703449917709,2.22155518955257,1.0,181.0,3.0,2372.0,0.013660263693291411,-0.071946693158838,0.1419,0.21068249258160235,,,0.7546
20251016,5599.5636,5579.7299,5605.221,5541.3115,73600.0,-2094.0,99428.0,1.0,0.0,84.0,0.0,3.0,0.0,2127.0,0.0,5614.2936,5701.79808,5753.60007,-87.5044799999996,-139.3064700000004,5714.164847619048,5779.995713936508,91542.1,,,1.140720456034822,1.068013294750812,2.208733750785634,1.0,84.0,3.0,2127.0,-0.02845108695652174,-0.1493962537845823,0.1419,0.21068249258160235,,,0.6222
20251017,5543.0964,5589.7554,5598.5351,5541.4611,74733.0,1133.0,176143.0,1.0,-1.0,0.0,-58.0,3.0,0.0,2691.0,0.0,5588.04604,5671.98616,5738.57144,-83.9401200000002,-150.5253999999995,5695.57419388889,5767.83603347619,102382.3,211371.6,,1.121041848020347,1.068013294750812,2.189055142771159,0.0,-58.0,3.0,2691.0,0.015160638539868598,-0.0530881260724594,0.1418,0.20969337289812076,,,0.7786
20251020,5526.6173,5560.4024,5598.7385,5519.1559,76963.0,2230.0,78355.0,1.0,0.0,192.0,0.0,3.0,0.0,2425.0,0.0,5563.63544,5644.28945,5724.357485,-80.6540100000002,-160.7220449999995,5676.36460111111,5754.023652468253,97045.9,,,1.167388775377755,1.068013294750812,2.235402070128567,1.0,192.0,3.0,2425.0,0.028974961994724737,-0.0192524846715495,0.1407,0.19881305637982186,,,0.7978
20251021,5555.1942,5537.0405,5578.4019,5509.2507,74300.0,-2663.0,69420.0,1.0,0.0,399.0,0.0,3.0,0.0,3416.0,0.0,5558.172240000001,5619.77323,5710.371935,-61.600989999999,-152.1996949999993,5659.262534047619,5738.83926645238,92270.9,,,1.186990588378658,1.068013294750812,2.255003883129469,1.0,399.0,3.0,3416.0,-0.03584118438761776,0.0361477467091082,0.1354,0.1463897131552917,,,0.8242
20251022,5617.962,5566.8849,5629.9212,5562.6218,73740.0,-560.0,107253.0,1.0,0.0,576.0,0.0,3.0,-1.0,1921.0,-5.0,5568.486699999999,5606.13066,5698.918,-37.64396000000033,-130.4313000000002,5648.601158412699,5723.22726463492,87634.1,128703.6,,1.195053915816726,1.098482851682183,2.293536767498909,1.0,576.0,2.0,1916.0,-0.007594250067805804,-0.0142635121974522,0.1291,0.08407517309594453,,,0.7993
20251023,5645.8974,5607.5596,5661.9561,5607.5596,72296.0,-1444.0,76033.0,1.0,0.0,513.0,0.0,2.0,-1.0,2186.0,-817.0,5577.75346,5596.02353,5687.689475,-18.27007000000049,-109.9360150000002,5642.514654603176,5707.753809690477,90377.9,,,1.183620435364803,1.068013294750812,2.251633730115615,1.0,513.0,1.0,1369.0,-0.019973442514108663,-0.058135645394216,0.1311,0.10385756676557859,,,0.7636
20251024,5645.6453,5661.2844,5682.4367,5644.5277,69666.0,-2630.0,85959.0,1.0,-1.0,20.0,0.0,2.0,-1.0,2232.0,-1041.0,5598.26324,5593.15464,5678.96235,5.108600000000479,-80.69910999999956,5639.215553174604,5693.077623428571,89878.2,,,1.182867275229814,1.053844365457699,2.236711640687513,0.0,20.0,1.0,1191.0,-0.03775155743117159,-0.0426773788049466,0.1311,0.10385756676557859,,,0.7754
20251027,5736.27,5654.1097,5760.7848,5643.7951,67169.0,-2497.0,104542.0,1.0,-1.0,78.0,0.0,1.0,-2.0,1439.0,-2150.0,5640.19378,5601.91461,5677.372160000001,38.27916999999979,-37.1783800000012,5642.000937142859,5680.158600690476,91893.4,,0.157665,1.255801571586612,1.053844365457699,2.30964593704431,0.0,78.0,-1.0,-711.0,-0.03717488722476142,0.0423365422619767,0.1371,0.20833333333333331,,,0.8303
20251028,5726.0338,5717.1745,5753.0984,5709.8804,64317.0,-2852.0,55926.0,1.0,0.0,206.0,0.0,1.0,-2.0,1503.0,-2688.0,5674.361699999999,5616.266970000001,5676.12371,58.09472999999889,-1.762010000000373,5646.713629285714,5669.587394595239,90700.1,,,1.211401567397325,1.049552409271449,2.260953976668774,1.0,206.0,-1.0,-1185.0,-0.0443428642505092,0.0171350640315454,0.1371,0.20833333333333331,,,0.8094
20251029,5740.2464,5714.3823,5741.4256,5699.6156,60450.0,-3867.0,67699.0,1.0,0.0,208.0,0.0,1.0,-2.0,1502.0,-2729.0,5698.81858,5633.65264,5677.069365,65.16593999999986,21.74921499999982,5651.467015317459,5661.587912460318,92075.8,,,1.187872402098381,1.049552409271449,2.23742481136983,1.0,208.0,-1.0,-1227.0,-0.06397022332506204,0.0486246294227469,0.1346,0.17676767676767674,,,0.8315
20251030,5680.6439,5742.4603,5760.3046,5676.2208,60405.0,-45.0,90116.0,1.0,0.0,248.0,0.0,1.0,-2.0,1269.0,-2068.0,5705.767880000001,5641.760670000001,5671.779375,64.00721000000067,33.98850500000117,5654.04546825397,5655.57597452381,91144.6,,,1.172451998366981,1.053844365457699,2.22629636382468,1.0,248.0,-1.0,-799.0,-0.0007449714427613609,-0.1035764634383359,0.1299,0.11742424242424228,,,0.6714
20251031,5687.0024,5697.947,5712.504,5656.5203,57428.0,-2977.0,56735.0,1.0,0.0,256.0,0.0,2.0,-1.0,1309.0,-1692.0,5714.039299999999,5656.15127,5664.068715,57.88802999999916,49.97058499999912,5655.818272698412,5651.600382404762,79203.8,,,1.160172926476425,1.049552409271449,2.209725335747875,1.0,256.0,1.0,-383.0,-0.051838824266908126,-0.2070737670469525,0.1267,0.07702020202020211,,,0.4911
20251103,5690.606,5701.837,5726.8815,5678.3332,60916.0,3488.0,50754.0,1.0,0.0,207.0,0.0,2.0,-1.0,1055.0,-1036.0,5704.9065,5672.55014,5658.419795,32.35635999999977,46.48670500000026,5658.77147388889,5649.841069682539,76443.7,,,1.106821641205605,1.049552409271449,2.156374050477054,1.0,207.0,1.0,19.0,0.05725917657101583,-0.1304438913975524,0.1267,0.07702020202020211,,,0.6277
20251104,5682.9027,5680.783,5709.9074,5664.491,63617.0,2701.0,43054.0,1.0,0.0,208.0,0.0,2.0,-1.0,1215.0,-829.0,5696.280280000001,5685.32099,5652.54711,10.95929000000069,43.73317000000043,5661.176656904763,5650.032481968255,73807.1,,,1.105025064632208,1.049552409271449,2.154577473903657,1.0,208.0,1.0,386.0,0.042457204835185565,-0.1750192187624903,0.1231,0.03156565656565659,,,0.5512
20251105,5678.0959,5675.1134,5693.2571,5629.3994,64613.0,996.0,56446.0,1.0,-1.0,159.0,0.0,2.0,-1.0,1166.0,-664.0,5683.850179999999,5691.33438,5648.73252,-7.484200000000783,35.11765999999989,5662.806696904761,5651.453035817462,68726.4,,,1.103863309217381,1.053844365457699,2.15770767467508,0.0,159.0,1.0,502.0,0.01541485459582437,-0.130794699788088,0.1271,0.08207070707070696,,,0.6268
20251106,5750.7024,5664.5021,5755.795,5642.6356,66768.0,2155.0,68356.0,1.0,-1.0,184.0,0.0,3.0,-1.0,901.0,-53.0,5697.861879999999,5701.81488,5648.919205,-3.953000000000429,48.94267499999933,5669.537658730158,5654.155336230159,67958.7,,,1.17034853351445,1.082307580345248,2.252656113859699,0.0,184.0,2.0,848.0,0.032275940570333096,-0.0986020887806995,0.1253,0.05934343434343429,,,0.6877
20251107,5739.2558,5754.9941,5761.5895,5703.1799,67153.0,385.0,84563.0,1.0,0.0,259.0,0.0,2.0,-2.0,705.0,-273.0,5708.31256,5711.175929999999,5652.165285000001,-2.863369999999122,56.14727499999935,5678.219221269843,5658.055703039683,67819.1,101475.6,0.15295,1.140614096846046,1.082307580345248,2.222921677191294,1.0,259.0,0.0,432.0,0.005733176477595938,-0.0826224040921079,0.133,0.15656565656565666,,,0.7168
20251110,5776.5099,5735.4729,5786.4978,5716.1219,67476.0,323.0,67125.0,1.0,0.0,245.0,0.0,1.0,-2.0,548.0,-776.0,5725.49334,5715.199920000001,5658.557265,10.29341999999906,66.93607499999962,5688.787576507935,5662.734366976191,64077.4,,,1.138985407210716,1.121807484406631,2.260792891617347,1.0,245.0,-1.0,-228.0,0.004786887189519236,-0.0759946372756857,0.1267,0.07702020202020211,,,0.7317
20251111,5710.9043,5765.6374,5778.6472,5706.4509,70000.0,2524.0,45487.0,1.0,0.0,266.0,0.0,2.0,-2.0,581.0,-796.0,5731.09366,5713.68697,5664.976970000001,17.40669000000071,66.11668999999983,5695.783852539682,5667.641389301587,63033.5,,,1.134492645842624,1.125169187239329,2.259661833081952,1.0,266.0,0.0,-215.0,0.03605714285714286,-0.0557396730751832,0.1273,0.08459595959595956,,,0.7604
20251112,5732.8257,5733.2521,5747.1474,5705.6538,69042.0,-958.0,72807.0,1.0,0.0,191.0,0.0,1.0,-2.0,619.0,-1291.0,5742.03962,5712.9449,5673.29877,29.09471999999914,68.74084999999923,5701.977272936508,5672.692415063492,63544.3,,,1.117126423997147,1.125169187239329,2.242295611236476,1.0,191.0,-1.0,-672.0,-0.013875611946351497,-0.1016626025636749,0.1238,0.04040404040404033,,,0.6747
20251113,5746.2224,5726.3451,5746.2224,5667.6614,69799.0,757.0,233839.0,1.0,0.0,266.0,0.0,1.0,-2.0,943.0,-1280.0,5741.14362,5719.50275,5680.63171,21.64087000000018,60.51191000000017,5707.808543412698,5678.068722579364,77916.6,280606.8,,1.16648869235128,1.132116724502177,2.298605416853457,1.0,266.0,-1.0,-337.0,0.01084542758492242,0.0235476109797347,0.1248,0.05303030303030297,,,0.8138
20251114,5772.0037,5743.5934,5795.8319,5742.4727,67002.0,-2797.0,185332.0,1.0,0.0,305.0,0.0,1.0,-2.0,1074.0,-951.0,5747.6932,5728.00288,5692.077075,19.6903199999997,55.61612499999956,5716.141664603173,5684.101061769841,90776.3,222398.4,,1.086543407750085,1.125169187239329,2.211712594989414,1.0,305.0,-1.0,123.0,-0.0417450225366407,0.0166984676409393,0.1242,0.045454545454545525,,,0.8076
20251117,5761.3204,5773.1802,5791.7011,5739.6092,67386.0,384.0,93050.0,1.0,0.0,228.0,0.0,1.0,-2.0,1165.0,-1239.0,5744.6553,5735.07432,5703.81223,9.580980000000636,40.8430699999999,5723.28747222222,5690.552661603174,95005.9,,,1.097136765307321,1.125169187239329,2.22230595254665,1.0,228.0,-1.0,-74.0,0.005698513044252515,0.0913704330352262,0.1209,0.0037878787878787208,,,0.8664
20251118,5740.4294,5774.5996,5786.192,5725.0273,66397.0,-989.0,91515.0,1.0,0.0,276.0,0.0,1.0,-2.0,995.0,-1804.0,5750.56032,5740.82699,5713.07399,9.733330000000024,37.48632999999973,5727.960988492062,5697.231094761904,99852.0,,,1.121282530874406,1.125169187239329,2.246451718113734,1.0,276.0,-1.0,-809.0,-0.014895251291474012,0.0409361140957868,0.1245,0.04924242424242425,,,0.8294
20251119,5768.2126,5749.9752,5799.2613,5722.8476,69339.0,2942.0,77239.0,1.0,0.0,372.0,0.0,1.0,-2.0,952.0,-2092.0,5757.6377,5749.838659999999,5720.58652,7.799040000000787,37.05118000000039,5733.101139999999,5704.260539071428,101931.3,,0.144325,1.110499484118259,1.132116724502177,2.242616208620436,1.0,372.0,-1.0,-1140.0,0.04242922453453324,0.0670137746014943,0.1255,0.061868686868686885,,,0.8571
20251120,5714.461,5748.5536,5767.1199,5704.8794,69575.0,236.0,258578.0,1.0,0.0,496.0,0.0,1.0,-2.0,1108.0,-1549.0,5751.285419999999,5746.21452,5724.014700000001,5.07089999999971,27.27071999999862,5734.074881825397,5710.714261380951,120953.5,310293.6,0.156285,1.119276186874669,1.125169187239329,2.244445374113997,1.0,496.0,-1.0,-441.0,0.0033920229967660796,-0.0367408296651035,0.1359,0.1931818181818181,,,0.7661
20251121,5677.431,5719.14,5737.4503,5660.7067,75718.0,6143.0,160950.0,1.0,0.0,310.0,0.0,2.0,-2.0,1580.0,-886.0,5732.37088,5740.03204,5725.603985,-7.661159999999654,6.766895000000659,5730.954162936508,5715.987755547618,128592.2,193140.0,0.159045,1.154593711562763,1.125169187239329,2.279762898802092,1.0,310.0,0.0,694.0,0.08112998230275496,-0.075333307719406,0.1383,0.22348484848484856,,,0.7162
20251124,5713.8674,5684.5291,5737.9438,5651.9378,70528.0,-5190.0,149452.0,1.0,-1.0,82.0,0.0,3.0,-1.0,2827.0,-41.0,5722.880279999999,5733.76779,5724.483855,-10.88751000000047,-1.603575000001001,5729.093372777777,5720.018335174602,136824.9,,,1.204707015039152,1.132116724502177,2.336823739541329,0.0,82.0,2.0,2786.0,-0.07358779491833031,-0.071696622381575,0.1373,0.2108585858585859,,,0.7239
20251125,5710.1054,5711.5591,5753.4821,5701.7805,64460.0,-6068.0,70515.0,1.0,-1.0,96.0,0.0,2.0,-1.0,3009.0,-81.0,5716.815479999999,5733.6879,5723.687435000001,-16.8724200000006,-6.871955000001435,5728.419308015875,5723.281880722222,139327.7,,,1.189091205300087,1.132116724502177,2.321207929802265,0.0,96.0,1.0,2928.0,-0.09413589823146137,-0.1132203056355175,0.1264,0.0732323232323234,,,0.6275
20251126,5737.9689,5698.2402,5752.7819,5691.4054,61060.0,-3400.0,54815.0,1.0,0.0,71.0,0.0,2.0,-2.0,2298.0,-117.0,5710.76674,5734.20222,5723.57356,-23.4354800000001,-12.80681999999979,5728.812980555555,5725.965451484126,137528.5,,,1.124794180260448,1.125169187239329,2.249963367499777,1.0,71.0,0.0,2181.0,-0.05568293481821159,-0.0940754204208204,0.1251,0.05681818181818169,,,0.6756
20251127,5683.1655,5723.6245,5748.7217,5665.6041,60261.0,-799.0,63821.0,1.0,-1.0,23.0,0.0,3.0,-1.0,2787.0,0.0,5704.507640000001,5727.89653,5723.699640000001,-23.38888999999926,-19.19200000000001,5726.354764841269,5727.820073626984,120526.7,,,1.156370933214396,1.125169187239329,2.281540120453725,0.0,23.0,2.0,2787.0,-0.013258990059906075,,0.1232,0.03282828282828289,,,
20251128,5764.4074,5693.5649,5771.8138,5674.6585,55081.0,-5180.0,81943.0,1.0,-1.0,0.0,-3.0,2.0,-1.0,4087.0,-501.0,5721.90292,5727.1369,5727.56989,-5.233979999999065,-5.66696999999931,5727.760199047621,5728.981927071428,110187.8,,,1.189922265854096,1.132116724502177,2.322038990356273,0.0,-3.0,1.0,3586.0,-0.09404331802254862,,0.1316,0.1388888888888888,,,
20251201,5813.2629,5754.3363,5823.2437,5754.3282,69140.0,14059.0,75264.0,1.0,0.0,195.0,0.0,2.0,-1.0,2829.0,-815.0,5741.782020000001,5732.33115,5733.702735,9.450870000000577,8.07928500000071,5734.509419444445,5730.104121793651,108409.2,,,1.184322278942655,1.146617845681071,2.330940124623726,1.0,195.0,1.0,2014.0,0.20334104715070872,-0.0769649474172195,0.1314,0.13636363636363621,,,0.71
20251202,5808.2013,5792.5577,5823.8658,5783.6656,72864.0,3724.0,52421.0,1.0,0.0,235.0,0.0,1.0,-2.0,2449.0,-1773.0,5761.4012,5739.108340000001,5739.967665,22.29285999999956,21.43353500000012,5741.526953412699,5731.460718285714,104499.8,,,1.181603635459137,1.146617845681071,2.328221481140208,1.0,235.0,-1.0,676.0,0.051108915239350024,-0.1148156648436725,0.119,0.0,,,0.6179
20251203,5778.4201,5806.4911,5808.663,5764.6654,72941.0,77.0,52063.0,1.0,0.0,81.0,0.0,1.0,-2.0,2381.0,-1370.0,5769.49144,5740.12909,5744.983875,29.36234999999942,24.50756499999989,5745.953429126984,5732.745947198413,101982.2,,,1.138164507685215,1.146617845681071,2.284782353366286,1.0,81.0,-1.0,1011.0,0.0010556477152767305,-0.0895130661721892,0.1123,0.0,,,0.6854
20251204,5768.1677,5786.6537,5789.6843,5754.89,75144.0,2203.0,50330.0,1.0,0.0,164.0,0.0,2.0,-1.0,2568.0,-788.0,5786.49188,5745.499760000001,5745.85714,40.99211999999898,40.63473999999951,5748.987293174603,5734.237188333334,81157.4,,,1.115139428962327,1.146617845681071,2.261757274643398,1.0,164.0,1.0,1780.0,0.029317044607686575,-0.2594735240992128,0.111,0.0,,,0.3663
20251205,5715.2198,5765.9113,5780.2134,5711.3633,74348.0,-796.0,54677.0,1.0,-1.0,0.0,-52.0,2.0,-1.0,3324.0,-516.0,5776.65436,5749.27864,5744.655339999999,27.37571999999909,31.9990200000002,5747.94142952381,5735.935914992064,70530.1,,,1.136624156650707,1.146617845681071,2.283242002331779,0.0,-52.0,1.0,2808.0,-0.010706407704309464,-0.1648264511939474,0.1232,0.1373873873873874,,,0.5329
20251208,5727.0402,5712.0596,5733.0882,5695.1079,72628.0,-1720.0,138132.0,1.0,-1.0,0.0,-76.0,2.0,-1.0,3152.0,-736.0,5759.40982,5750.59592,5742.181855000001,8.813900000000103,17.22796499999913,5745.880349365078,5737.614612650794,69398.1,165758.4,,1.107969970494328,1.146617845681071,2.254587816175399,0.0,-76.0,1.0,2416.0,-0.02368232637550256,-0.1873281651701301,0.1181,0.0799549549549549,,,0.4984
20251209,5675.1315,5711.8444,5711.8444,5663.9754,74813.0,2185.0,214382.0,0.0,-1.0,0.0,-148.0,2.0,-1.0,3087.0,-210.0,5732.79586,5747.09853,5740.393215,-14.30267000000003,-7.59735499999988,5740.311628571429,5738.803844706349,83784.8,257258.4,,1.092627994381861,1.132116724502177,2.224744718884038,-1.0,-148.0,1.0,2877.0,0.029206154010666594,-0.1977896573840318,0.1199,0.10022522522522528,,,0.4771
20251210,5650.7696,5675.7971,5680.5427,5646.4601,76517.0,1704.0,173193.0,1.0,-1.0,0.0,-172.0,3.0,-1.0,3424.0,0.0,5707.26576,5738.3786,5736.29041,-31.11283999999978,-29.02464999999938,5732.602718809525,5739.182818531746,95622.6,207831.6,,1.057033921054022,1.132116724502177,2.189150645556199,0.0,-172.0,2.0,3424.0,0.02226956101258544,-0.1919388124484917,0.1151,0.04617117117117109,,,0.4919
20251211,5651.6505,5656.2287,5697.5605,5637.9721,77636.0,1119.0,97840.0,0.0,-1.0,0.0,-291.0,3.0,0.0,4775.0,0.0,5683.96232,5735.2271,5731.561814999999,-51.26478000000043,-47.59949499999948,5724.917729761905,5739.039115023809,99024.5,,,1.03598249549759,1.132116724502177,2.168099219999767,-1.0,-291.0,3.0,4775.0,0.014413416456283168,-0.1956828767824156,0.1166,0.06306306306306299,,,0.4805
20251212,5612.2514,5646.168,5648.1782,5600.109,78271.0,635.0,101396.0,0.0,-1.0,0.0,-535.0,3.0,0.0,5273.0,0.0,5663.36864,5720.011500000001,5723.5742,-56.64286000000084,-60.20556000000033,5714.514671666666,5737.714562285715,100969.8,,,0.9942677092097124,1.132116724502177,2.126384433711889,-1.0,-535.0,3.0,5273.0,0.008112838726987006,-0.2253958505586524,0.1192,0.09234234234234233,,,0.4272
20251215,5639.8387,5602.2609,5670.5352,5595.5188,75021.0,-3250.0,61275.0,0.0,-1.0,0.0,-632.0,3.0,0.0,5117.0,0.0,5645.92834,5702.66908,5717.500115,-56.74073999999928,-71.57177499999943,5705.573953650794,5734.821015706349,99570.9,,0.138115,1.024274944976753,1.146617845681071,2.170892790657824,-1.0,-632.0,3.0,5117.0,-0.043321203396382346,-0.2185740932682218,0.1201,0.10247747747747744,,,0.4419
20251216,5627.0811,5627.3154,5643.1165,5596.0711,75324.0,303.0,52730.0,0.0,-1.0,0.0,-598.0,3.0,0.0,5058.0,0.0,5636.31826,5684.55706,5711.832700000001,-48.23880000000008,-75.51444000000083,5696.455521428569,5730.313872507936,99601.8,,,1.007763190208338,1.146617845681071,2.15438103588941,-1.0,-598.0,3.0,5058.0,0.004022622271785885,-0.2216193447913128,0.12,0.10135135135135127,,,0.4341
20251217,5636.4952,5615.1187,5659.655,5606.3772,75469.0,145.0,53672.0,0.0,-1.0,0.0,-648.0,3.0,0.0,4384.0,0.0,5633.46338,5670.364570000001,5705.24683,-36.9011900000005,-71.7834499999999,5688.964490000001,5724.614978595238,99762.7,,,0.9709906443633762,1.146617845681071,2.117608490044447,-1.0,-648.0,3.0,4384.0,0.0019213186871430653,-0.1919169840691258,0.1189,0.08896396396396401,,,0.5
20251218,5692.3386,5642.2398,5694.5478,5636.4943,74159.0,-1310.0,64732.0,0.0,-1.0,0.0,-691.0,3.0,-1.0,4085.0,0.0,5641.601000000001,5662.78166,5704.14071,-21.18065999999908,-62.5397099999991,5685.996052619049,5718.315854539682,101202.9,,0.14099,0.9228653223783536,1.146617845681071,2.069483168059425,-1.0,-691.0,2.0,4085.0,-0.01766474736714357,-0.1619350787112614,0.1226,0.13063063063063063,,,0.5463
20251219,5767.6659,5678.2817,5770.9765,5678.2817,73713.0,-446.0,108603.0,0.0,-1.0,0.0,-752.0,1.0,-2.0,3039.0,-1616.0,5672.6839,5668.02627,5708.652455,4.657629999999699,-35.96855500000038,5689.088018015872,5712.430513388889,106595.5,,0.148925,0.9532101706347011,1.146617845681071,2.099828016315772,-1.0,-752.0,-1.0,1423.0,-0.006050493128756122,-0.1892560669447212,0.1295,0.20833333333333334,,,0.5032
20251222,5899.0676,5763.4932,5899.5205,5730.3966,74043.0,330.0,146383.0,0.0,-1.0,0.0,-660.0,1.0,-2.0,1881.0,-2002.0,5724.529680000001,5685.229010000001,5717.912464999999,39.30066999999963,6.617215000001124,5702.645562063491,5708.10703465873,107420.6,175659.6,0.17894,1.11360061164659,1.146617845681071,2.260218457327662,-1.0,-660.0,-1.0,-121.0,0.004456869656821036,-0.2113784284985164,0.1556,0.5022522522522521,,,0.4508
20251223,5931.1099,5896.5523,5948.3526,5863.0471,71297.0,-2746.0,100150.0,0.0,-1.0,0.0,-431.0,1.0,-2.0,1840.0,-1348.0,5785.335440000001,5710.82685,5728.962689999999,74.50859000000037,56.37275000000136,5722.056600238094,5706.281531825397,95997.4,,0.179745,1.163113863596252,1.166924721687184,2.330038585283436,-1.0,-431.0,-1.0,492.0,-0.03851494452782025,-0.3086102734718461,0.1563,0.5101351351351351,,,0.2658
20251224,5993.4831,5933.459,6016.7911,5918.465,72194.0,897.0,118324.0,0.0,-1.0,0.0,-432.0,1.0,-2.0,1963.0,-1849.0,5856.733020000001,5745.0982,5741.7384,111.6348200000002,114.9946200000004,5746.197531428569,5707.641013087301,90510.5,141988.8,0.195615,1.239044773590955,1.193164378975374,2.432209152566329,-1.0,-432.0,-1.0,114.0,0.012424855251128903,-0.2823799175199744,0.1701,0.6655405405405405,,,0.3123
20251225,6050.2413,5982.836,6061.4348,5975.5151,74090.0,1896.0,163106.0,0.0,-1.0,0.0,-442.0,1.0,-2.0,2346.0,-1801.0,5928.313560000001,5784.957280000001,5760.09219,143.35628,168.2213700000002,5773.7442515873,5712.52366526984,97037.1,195727.2,0.19941,1.255081850851942,1.193164378975374,2.448246229827316,-1.0,-442.0,-1.0,545.0,0.02559049804292077,-0.2253769684301045,0.1734,0.7027027027027026,,,0.4245
20251226,6161.184,6048.2753,6202.8535,6048.2753,71482.0,-2608.0,384915.0,1.0,-1.0,0.0,-352.0,1.0,-2.0,1904.0,-1562.0,6007.017180000001,5839.850539999999,5779.93102,167.1666400000013,227.0861600000007,5809.694097222222,5722.041607825396,125389.0,461898.0,0.249205,1.392322697284538,1.210132604159358,2.602455301443896,0.0,-352.0,-1.0,342.0,-0.03648470943734087,-0.1738147386176594,0.2167,1.0,,,0.5361
20251229,6026.8128,6159.499,6159.499,5981.1909,64833.0,-6649.0,107148.0,1.0,-1.0,387.0,-323.0,1.0,-2.0,2704.0,-1711.0,6032.56622,5878.54795,5790.608515,154.0182699999996,241.9577049999998,5837.692985396826,5735.253511,129976.3,,,1.530055394142742,1.228908088703439,2.758963482846181,0.0,64.0,-1.0,993.0,-0.10255579720204216,-0.4408632744914914,0.201,0.8514664143803218,,,0.1094
20251230,6049.3859,6042.7466,6094.5286,5999.409,66880.0,2047.0,71759.0,1.0,-1.0,356.0,-391.0,2.0,-1.0,2578.0,-1593.0,6056.22142,5920.77843,5802.667745000001,135.4429899999996,253.5536749999992,5862.797055714287,5751.887664428571,131879.2,,,1.597267146934217,1.252554871092299,2.849822018026515,0.0,-35.0,1.0,985.0,0.030607057416267944,-0.3531509355681116,0.2027,0.8675496688741721,,,0.2243
20251231,6016.1243,6063.2636,6071.1886,5998.3542,62381.0,-4499.0,57527.0,1.0,-1.0,338.0,-369.0,2.0,-1.0,2825.0,-1375.0,6060.749659999999,5958.74134,5814.552955,102.0083199999999,246.1967049999994,5884.94376515873,5771.485591944444,132264.7,,,1.606309901178642,1.228908088703439,2.835217989882081,0.0,-31.0,1.0,1450.0,-0.07212131899135955,-0.2605467374125376,0.1749,0.6045411542100284,,,0.354
20260105,5948.0328,6022.718,6049.0894,5924.2286,66257.0,3876.0,74000.0,1.0,-1.0,349.0,-546.0,2.0,-1.0,2657.0,-1130.0,6040.30796,5984.31076,5823.54621,55.99719999999979,216.7617499999997,5900.659126984127,5792.951899380952,133191.5,,,1.688705035144277,1.252554871092299,2.941259906236576,0.0,-197.0,1.0,1527.0,0.05849947930030035,-0.3836086632807681,0.1672,0.531693472090823,,,0.1579
20260106,6060.6477,5960.9839,6068.9338,5960.9839,69999.0,3742.0,91474.0,1.0,-1.0,0.0,-420.0,2.0,-1.0,2716.0,-1622.0,6020.200699999999,6013.60894,5840.817605,6.59175999999934,179.3830949999992,5920.458421428571,5816.088939722222,131478.6,,,1.735505097388139,1.252554871092299,2.988059968480438,0.0,-420.0,1.0,1094.0,0.05345790654152202,-0.2982139350125717,0.1697,0.5553453169347208,,,0.287
20260107,6064.6472,6118.0021,6121.0929,5990.4825,71600.0,1601.0,125948.0,1.0,-1.0,320.0,-356.0,2.0,-1.0,2422.0,-1699.0,6027.767580000001,6030.1669,5857.697955,-2.399319999999534,170.069625000001,5943.05227920635,5840.129611436508,129435.1,,,1.826709825665609,1.2884051670402,3.115114992705809,0.0,-36.0,1.0,723.0,0.022360335195530726,-0.2063035257120342,0.1814,0.6660359508041628,,,0.4677
20260108,6017.6134,6078.9955,6093.4631,5995.6449,71564.0,-36.0,92187.0,1.0,-2.0,0.0,-420.0,2.0,-1.0,2450.0,-1466.0,6021.41308,6038.81725,5874.82205,-17.40416999999979,146.5910300000005,5960.621879126985,5863.986139325397,128638.8,,,1.871618065816532,1.2884051670402,3.160023232856731,-1.0,-420.0,1.0,984.0,-0.000503046224358616,-0.2668334260679652,0.1784,0.6376537369914853,,,0.3497
20260109,6037.3669,6041.0581,6057.3481,5982.4535,73993.0,2429.0,97474.0,0.0,-1.0,0.0,-467.0,2.0,-1.0,3037.0,-1559.0,6025.6616,6043.205629999999,5894.151915,-17.54402999999911,131.509685,5975.99565563492,5886.965951746032,126553.8,,0.218155,1.883975921045637,1.2884051670402,3.172381088085837,-1.0,-467.0,1.0,1478.0,0.03282742962172097,-0.2680882014421653,0.1897,0.7445600756859035,,,0.3486
20260112,6086.8468,6038.6457,6148.7664,6016.4593,78333.0,4340.0,124349.0,0.0,-1.0,0.0,-398.0,2.0,-1.0,3954.0,-969.0,6053.4244,6046.86618,5915.911730000001,6.558219999999892,137.5126699999992,5994.185176507935,5909.010044238095,122678.1,,0.23713,1.923812282694462,1.326889177793243,3.250701460487705,-1.0,-398.0,1.0,2985.0,0.05540449108294078,-0.2004897341143083,0.2062,0.9006622516556291,,,0.4787
20260113,6093.6425,6112.9853,6118.3053,6031.2141,76162.0,-2171.0,98927.0,1.0,-1.0,0.0,-113.0,3.0,0.0,3319.0,-74.0,6060.023360000001,6040.11203,5939.981285,19.91133000000082,120.0420750000012,6011.250472380952,5929.165681753968,94079.3,,,1.822346870869842,1.330127343343644,3.152474214213485,0.0,-113.0,3.0,3245.0,-0.028505028754496994,-0.3258382338024407,0.1988,0.8306527909176916,,,0.2462
20260114,6108.0215,6094.6762,6181.3188,6091.4362,76549.0,387.0,127239.0,1.0,0.0,0.0,-67.0,3.0,0.0,3728.0,-148.0,6068.69822,6048.2329,5963.390425000001,20.46532000000025,105.3077949999997,6028.726782936507,5948.269061507936,96088.4,152686.8,0.23989,1.823944193852274,1.330127343343644,3.154071537195918,1.0,-67.0,3.0,3580.0,0.005055585311369189,-0.2274575569827275,0.2086,0.9233680227057711,,,0.4273
20260115,6018.6605,6135.4273,6162.2593,6003.6558,74177.0,-2372.0,100802.0,1.0,-1.0,0.0,-70.0,3.0,0.0,3238.0,0.0,6068.90764,6045.16036,5982.969395,23.7472800000005,85.93824500000028,6038.451679285713,5965.834523865079,98992.7,,0.240235,1.89453508778501,1.338779002331899,3.23331409011691,0.0,-70.0,3.0,3238.0,-0.03197756717041671,-0.1858259307009701,0.2089,0.9262062440870388,,,0.5317
20260116,5970.6286,6005.176,6023.4308,5941.5908,72563.0,-1614.0,121600.0,1.0,-1.0,0.0,-143.0,2.0,-1.0,3094.0,-421.0,6055.55998,6040.610790000001,5999.676065000001,14.94918999999936,55.88391499999943,6038.455794920636,5981.18572684127,105400.0,,,1.891497737016046,1.357909238686308,3.249406975702354,0.0,-143.0,1.0,2673.0,-0.02224274079076113,-0.1017594114285725,0.1833,0.684011352885525,,,0.6807
20260119,5975.2981,5980.0702,6001.2732,5962.0844,71798.0,-765.0,52422.0,1.0,-1.0,0.0,-107.0,2.0,-1.0,2540.0,-466.0,6033.250239999999,6043.337320000001,6013.82404,-10.08708000000115,19.42619999999897,6036.673814841271,5994.787195626984,103242.2,,,1.759062039276139,1.357909238686308,3.116971277962447,0.0,-107.0,1.0,2074.0,-0.010654892893952477,-0.0829170916212359,0.1668,0.5279091769157994,,,0.7207
20260120,6060.8784,5968.32,6067.1353,5950.7902,70350.0,-1448.0,126692.0,1.0,-1.0,0.0,-40.0,2.0,-1.0,2987.0,-985.0,6026.69742,6043.36039,6028.484665,-16.66297000000031,-1.787245000000439,6038.076668650794,6006.549020349206,106764.0,,,1.683036821315886,1.368589854088304,3.05162667540419,0.0,-40.0,1.0,2002.0,-0.02058280028429282,0.0648796947900522,0.1689,0.5477767265846736,,,0.8683
20260121,6079.5805,6071.492,6104.8047,6037.0174,69144.0,-1206.0,79397.0,1.0,-1.0,0.0,-15.0,2.0,-1.0,3073.0,-1479.0,6021.00922,6044.85372,6037.51031,-23.84450000000015,-16.50108999999975,6043.014758492062,6016.545268277778,102108.9,,,1.650104306005895,1.357909238686308,3.008013544692203,0.0,-15.0,1.0,1594.0,-0.01744186046511628,0.0768721664305367,0.1822,0.67360454115421,,,0.8776
20260122,6277.8266,6093.0173,6280.3732,6074.0399,76682.0,7538.0,154554.0,1.0,0.0,0.0,-124.0,2.0,-1.0,5226.0,-1467.0,6072.84244,6070.87504,6054.846145,1.967400000000453,17.99629499999992,6059.88064873016,6026.471145238095,108345.6,185464.8,0.212865,1.802440401566789,1.368589854088304,3.171030255655093,1.0,-124.0,1.0,3759.0,0.09830207871469185,0.1072866492517679,0.1851,0.7010406811731313,,,0.8958
20260123,6444.9415,6233.4706,6447.4723,6233.4706,79952.0,3270.0,178531.0,1.0,0.0,0.0,-84.0,2.0,-1.0,4472.0,-1672.0,6167.705019999999,6111.6325,6077.419065,56.07251999999971,90.28595499999938,6090.675649206348,6037.939144595238,116451.3,214237.2,0.299575,1.896446981716862,1.39046744330406,3.286914425020922,1.0,-84.0,1.0,2800.0,0.040899539723834304,0.0645491244251872,0.2605,1.0,,,0.8605
20260126,6434.4266,6468.3621,6468.3621,6369.3049,77581.0,-2371.0,156647.0,1.0,-1.0,0.0,-107.0,2.0,-1.0,3769.0,-1482.0,6259.53072,6146.39048,6096.62833,113.1402399999997,162.9023900000002,6125.029146666666,6051.023541611111,119681.1,187976.4,,1.862675310608028,1.39046744330406,3.253142753912088,0.0,-107.0,1.0,2287.0,-0.03056160657893041,0.0434817337929147,0.2363,0.8381270903010034,,,0.8402
20260127,6262.1522,6415.943,6428.488,6219.2492,76613.0,-968.0,189536.0,1.0,-1.0,0.0,-102.0,2.0,-1.0,3176.0,-1296.0,6299.78548,6163.24145,6101.676740000001,136.5440300000009,198.1087399999997,6146.433148015873,6064.541809174603,128742.0,227443.2,,1.956875981761846,1.423747868796299,3.380623850558146,0.0,-102.0,1.0,1880.0,-0.012634931408507695,-0.0965496380778132,0.1935,0.5518394648829431,,,0.6814
20260128,6344.7043,6264.5369,6359.7677,6230.5367,77011.0,398.0,111819.0,0.0,-1.0,0.0,-123.0,2.0,-1.0,3526.0,-1763.0,6352.810240000001,6186.90973,6117.571315,165.9005100000004,235.2389250000006,6166.557664285713,6078.324897309523,127200.0,,,1.985893957275352,1.432837328865411,3.418731286140763,-1.0,-123.0,1.0,1763.0,0.005168092869849762,-0.0391191898145951,0.2079,0.6481605351170567,,,0.7794
20260129,6327.7208,6353.5206,6353.5206,6263.4667,73980.0,-3031.0,90639.0,1.0,-1.0,0.0,-124.0,2.0,-1.0,4653.0,-1346.0,6362.78908,6217.81576,6131.48806,144.9733200000001,231.3010200000008,6186.761875555557,6093.155916936508,126183.7,,,1.996754966379043,1.432837328865411,3.429592295244454,0.0,-124.0,1.0,3307.0,-0.040970532576371996,-0.0741767180655504,0.2155,0.6989966555183945,,,0.7361
20260130,6246.3794,6347.0446,6470.2035,6221.4739,72504.0,-1476.0,113107.0,0.0,-1.0,0.0,-308.0,2.0,-1.0,4366.0,-1302.0,6323.076660000001,6245.39084,6143.000815,77.6858200000006,180.0758450000003,6203.033130238096,6109.613650468254,125334.4,,0.27853,2.12744595361838,1.4479724529487,3.57541840656708,-1.0,-308.0,1.0,3064.0,-0.02035749751737835,-0.18444728323131,0.2422,0.877591973244147,,,0.5205
20260202,6074.5952,6269.7796,6326.2367,6062.9366,76081.0,3577.0,110916.0,0.0,-1.0,0.0,-99.0,2.0,-1.0,4922.0,-1847.0,6251.11038,6255.320549999999,6149.328935,-4.21016999999938,101.7814450000005,6203.105771904762,6126.256846174603,131183.8,,,2.331327582488685,1.4479724529487,3.779300035437386,-1.0,-99.0,1.0,3075.0,0.0470156806561428,-0.0240919962044677,0.2257,0.7672240802675585,,,0.7901
20260203,6128.7392,6084.7717,6149.6763,6079.72,82040.0,5959.0,93445.0,1.0,-1.0,0.0,-191.0,2.0,-1.0,5090.0,-1757.0,6224.42778,6262.10663,6152.73351,-37.67885000000024,71.69426999999996,6200.056293730158,6142.45480868254,127859.1,,,2.313687525674644,1.4479724529487,3.761659978623344,0.0,-191.0,1.0,3333.0,0.07263529985372989,-0.1433137333056404,0.1878,0.5137123745819396,,,0.5901
20260204,6182.6183,6145.4433,6213.9713,6113.7442,87943.0,5903.0,107386.0,1.0,-1.0,0.0,-149.0,2.0,-1.0,2997.0,-1676.0,6192.01058,6272.41041,6158.632065,-80.39982999999938,33.37851500000033,6201.97208142857,6158.350540976191,130658.0,,,2.242071904819587,1.466133835891901,3.708205740711488,0.0,-149.0,1.0,1321.0,0.06712302286708437,-0.1653853357309672,0.2255,0.765886287625418,,,0.5478
20260205,6124.5713,6166.9487,6197.1715,6103.596,88391.0,448.0,71987.0,1.0,-1.0,31.0,0.0,2.0,-1.0,3448.0,-1711.0,6151.38068,6257.08488,6163.97996,-105.7042000000001,-12.59927999999945,6200.064846507937,6172.368960753968,122401.3,,,2.251597631309328,1.485016170177933,3.736613801487262,0.0,31.0,1.0,1737.0,0.005068389315654309,-0.1314689063047549,0.2209,0.7351170568561872,,,0.6069
20260206,6144.0844,6118.4241,6191.528,6081.7558,86962.0,-1429.0,85937.0,1.0,-1.0,0.0,-29.0,2.0,-1.0,2865.0,-119.0,6130.921679999999,6226.99917,6169.315834999999,-96.07749000000058,-38.39415499999996,6197.288794920636,6183.030275325396,113141.9,,,2.328242351501704,1.514277195065957,3.842519546567662,0.0,-29.0,1.0,2746.0,-0.016432464754720454,-0.1607822311983062,0.2176,0.7130434782608693,,,0.5533
20260209,6159.0986,6128.7498,6187.6837,6094.9794,81445.0,-5517.0,100779.0,1.0,-1.0,0.0,-43.0,3.0,-1.0,3100.0,-267.0,6147.82236,6199.46637,6172.928425,-51.64400999999998,-25.10606499999994,6195.430058412699,6190.0703665,107555.1,,,2.29851957652392,1.514277195065957,3.812796771589878,0.0,-43.0,2.0,2833.0,-0.06773896494566886,-0.154938147281128,0.2194,0.7250836120401337,,,0.5661
20260210,6188.5217,6172.1066,6229.8111,6126.0037,79503.0,-1942.0,86157.0,1.0,-1.0,9.0,0.0,3.0,-1.0,3836.0,-217.0,6159.77886,6192.10332,6177.672385,-32.32445999999982,-17.8935249999995,6196.277500476191,6195.054801746031,97217.2,,,2.336893654072845,1.532517164498558,3.869410818571403,0.0,9.0,2.0,3619.0,-0.024426751191778926,-0.1345118089942711,0.2194,0.7250836120401337,,,0.6074
20260211,6225.3045,6182.8501,6247.9207,6175.4734,77308.0,-2195.0,54846.0,1.0,0.0,189.0,0.0,2.0,-1.0,3748.0,-205.0,6168.3161,6180.16334,6183.536534999999,-11.84724000000006,-15.22043499999927,6200.120695,6198.41110481746,91519.9,,,2.18491534068805,1.532517164498558,3.717432505186608,1.0,189.0,1.0,3543.0,-0.02839292181921664,-0.1121278148102194,0.2194,0.7250836120401337,,,0.6429
20260212,6169.4615,6246.6141,6278.7615,6168.4759,73169.0,-4139.0,86000.0,1.0,-1.0,157.0,0.0,2.0,-1.0,3298.0,-166.0,6177.29414,6164.337409999999,6191.076585,12.95673000000079,-13.78244499999983,6201.955744603172,6199.930491722223,91056.0,,0.259325,2.072635803609459,1.552646322135515,3.625282125744975,0.0,157.0,1.0,3132.0,-0.05656767210157307,-0.0840258705904293,0.2255,0.765886287625418,,,0.7094
20260213,6155.0143,6186.291,6194.2802,6112.6717,73828.0,659.0,66754.0,1.0,0.0,191.0,0.0,2.0,-1.0,3501.0,-45.0,6179.48012,6155.2009,6200.29587,24.27922000000035,-20.81574999999975,6198.768997380954,6199.504078436508,86420.7,,,2.059195123313995,1.552646322135515,3.61184144544951,1.0,191.0,1.0,3456.0,0.008926152679200303,-0.2219695018147916,0.2113,0.6709030100334447,,,0.4176
20260224,6281.0694,6249.9337,6325.9853,6219.2728,74385.0,557.0,64228.0,1.0,-1.0,178.0,0.0,3.0,0.0,3490.0,0.0,6203.87428,6175.84832,6215.584435,28.02595999999994,-11.71015499999976,6205.642758809523,6199.757777126983,81751.9,,,2.007788813077164,1.586288956269613,3.594077769346777,0.0,178.0,3.0,3490.0,0.007488068831081535,0.122097077893095,0.2231,0.7498327759197323,,,0.9008
20260225,6251.4597,6282.1921,6339.9489,6241.417,79956.0,5571.0,75426.0,0.0,-1.0,130.0,0.0,3.0,0.0,3674.0,0.0,6216.46188,6188.12037,6225.1135,28.3415100000002,-8.651620000000548,6211.048558095237,6200.857003563491,79950.0,,,1.974523871557304,1.588543691418008,3.563067562975311,-1.0,130.0,3.0,3674.0,0.06967582170193606,-0.1580971244873687,0.2231,0.7498327759197323,,,0.5508
20260226,6192.2648,6255.3143,6299.7421,6180.7851,77874.0,-2082.0,65458.0,1.0,0.0,186.0,0.0,3.0,0.0,3761.0,0.0,6209.85394,6189.08502,6230.747715,20.76891999999953,-20.89377499999955,6210.012179761907,6201.661013396825,75757.2,,,2.011020114779112,1.612731842583744,3.623751957362856,1.0,186.0,3.0,3761.0,-0.02673549580090916,-0.0941958414851016,0.1939,0.5545150501672239,,,0.6873
20260227,6187.7312,6174.9008,6193.3047,6128.6462,73675.0,-4199.0,95587.0,1.0,-1.0,47.0,0.0,2.0,-2.0,3114.0,-968.0,6213.50788,6195.40101,6226.242945,18.10687000000053,-12.73506499999985,6204.605812698412,6202.115110015873,78117.2,114704.4,,1.799497928480714,1.612731842583744,3.412229771064458,0.0,47.0,0.0,2146.0,-0.056993552765524265,0.0216777714984392,0.1852,0.49632107023411365,,,0.8202
20260302,6517.1269,6219.2726,6524.4852,6187.3611,81050.0,7375.0,144434.0,1.0,-1.0,33.0,0.0,2.0,-1.0,3250.0,-1289.0,6285.9304,6232.705260000001,6229.852215,53.22513999999956,56.0781850000003,6222.546811507937,6204.640911674604,83966.9,173320.8,,1.875280778378322,1.622879139012082,3.498159917390403,0.0,33.0,1.0,1961.0,0.09099321406539174,-0.0085825930354524,0.2074,0.6448160535117056,,,0.8039
20260303,6584.608,6458.9273,6613.7616,6447.1666,83418.0,2368.0,154569.0,1.0,-1.0,52.0,0.0,2.0,-1.0,2257.0,-1208.0,6346.638120000001,6275.256200000001,6237.361285000001,71.38191999999981,109.2768349999997,6253.266637698413,6210.424569603175,89345.9,185482.8,,1.970246773280897,1.631538973168338,3.601785746449235,0.0,52.0,1.0,1049.0,0.028387158646814837,0.1395055691857607,0.1264,0.10301003344481612,,,0.9078
20260304,6665.5894,6599.3843,6771.4173,6509.5795,81777.0,-1641.0,157060.0,1.0,-1.0,195.0,0.0,2.0,-1.0,3403.0,-1070.0,6429.46406,6322.96297,6257.533144999999,106.5010900000007,171.9309150000008,6291.516458253968,6219.948465380952,96436.2,188472.0,,2.143385152667395,1.631538973168338,3.774924125835733,0.0,195.0,1.0,2333.0,-0.02006676693935948,0.1890373964858957,0.1627,0.3458193979933111,,,0.9387
20260305,6790.6991,6600.5997,7031.5892,6543.7802,81152.0,-625.0,219119.0,1.0,0.0,192.0,0.0,1.0,-2.0,3421.0,-3660.0,6549.15092,6379.50243,6279.832885,169.6484899999996,269.3180350000002,6339.419786984127,6233.878374579365,112863.5,262942.8,0.332695,2.572655389281052,1.655297479287557,4.227952868568608,1.0,192.0,-1.0,-239.0,-0.007701597003154574,0.4206376069788463,0.2893,1.0,,,0.9917
20260306,7035.9397,6824.1773,7047.2768,6746.2941,82053.0,901.0,162422.0,1.0,0.0,81.0,0.0,1.0,-2.0,3912.0,-2501.0,6718.79262,6466.150250000001,6315.24383,252.6423699999996,403.5487899999998,6404.114648015875,6254.094264920635,120505.7,194906.4,0.353625,2.760864357390234,1.721103966919081,4.481968324309315,1.0,81.0,-1.0,1411.0,0.010980707591434805,0.5924579811063302,0.3075,1.0,,,1.0
20260309,7334.9137,7057.3641,7334.9352,7057.3641,81618.0,-435.0,45430.0,1.0,0.0,300.0,0.0,1.0,-2.0,2866.0,-1584.0,6882.349979999999,6584.14019,6369.670545,298.209789999999,512.6794349999991,6493.637788730158,6283.581144055555,118373.3,,0.52831,2.952771078775849,1.787021400297091,4.739792479072939,1.0,300.0,-1.0,1282.0,-0.005329706682349482,0.6308372826523708,0.4594,1.0,,,1.0
20260310,7267.8285,7969.7698,7969.7698,6904.4088,72842.0,-8776.0,138030.0,1.0,-1.0,450.0,-194.0,2.0,-1.0,2265.0,-539.0,7018.994079999999,6682.816099999999,6429.33221,336.1779800000004,589.661869999999,6596.456138412696,6322.662482015873,125753.5,,,3.967056672585272,1.840406134346394,5.807462806931666,0.0,256.0,1.0,1726.0,-0.12047994289009088,0.6493752910326676,0.4301,0.9148997966889341,,,1.0
20260311,7765.0569,7269.6875,7765.0569,7150.949,73348.0,506.0,130055.0,2.0,0.0,721.0,0.0,1.0,-2.0,2387.0,-654.0,7238.887580000001,6834.175819999999,6511.148095,404.711760000001,727.7394850000001,6706.507580476191,6372.208384253968,131216.4,,,4.482704878301115,1.920187945141914,6.40289282344303,2.0,721.0,-1.0,1733.0,0.006898620275944811,1.0171904542203511,0.4134,0.8663955852454256,,,1.0
20260312,8157.3626,7950.5159,8267.4276,7809.2789,73209.0,-139.0,109028.0,2.0,0.0,884.0,0.0,1.0,-2.0,2353.0,-976.0,7512.22028,7030.6856,6609.885310000001,481.5346799999998,902.334969999999,6858.298416349207,6437.037007912698,135573.4,,0.8428349999999999,4.800998793694466,1.950575934008578,6.751574727703043,2.0,884.0,-1.0,1377.0,-0.0018986736603423076,1.1353140085642457,0.7329,1.0,,,1.0
20260313,8245.8795,8169.632,8695.3169,8017.1379,72755.0,-454.0,222706.0,2.0,0.0,1364.0,0.0,2.0,-1.0,1900.0,-2524.0,7754.20824,7236.50043,6715.950719999999,517.7078099999999,1038.257520000001,7018.238203968252,6518.400247039683,148285.3,267247.2,1.042245,5.311073514989991,2.011644681590679,7.32271819658067,2.0,1364.0,1.0,-624.0,-0.006240120953886331,1.2981801974789928,0.9063,1.0,,,1.0
20260316,8971.3965,8121.9076,9219.0863,8027.1123,78389.0,5634.0,263912.0,2.0,0.0,552.0,0.0,2.0,-1.0,4838.0,-2224.0,8081.5048,7481.92739,6857.316325,599.5774099999999,1224.188475,7210.362920793651,6617.181857968254,160233.1,316694.4,,6.189473613450942,2.061777459469823,8.251251072920766,2.0,552.0,1.0,2614.0,0.07187232902575616,2.101232168320904,0.8268,0.8993288590604026,,,1.0
20260317,8662.0745,8731.1622,8934.3549,8467.6006,73926.0,-4463.0,271914.0,1.0,0.0,647.0,0.0,2.0,-1.0,1278.0,-865.0,8360.354000000001,7689.674040000001,6982.465120000001,670.6799600000004,1377.88888,7387.586654920636,6730.613859690476,171967.6,326296.8,,6.439584432435264,2.120971160672048,8.560555593107312,1.0,647.0,1.0,413.0,-0.06037118199280361,1.752968196644738,0.7161,0.7584455168910338,,,0.9973
20260318,8492.1254,8629.4618,8936.6645,8358.6754,77946.0,4020.0,220160.0,1.0,0.0,523.0,0.0,3.0,0.0,2253.0,0.0,8505.7677,7872.32764,7097.645305,633.4400599999999,1408.122395,7541.447086111111,6855.60692247619,178277.6,264192.0,,6.736618813085999,2.161643678805067,8.898262491891067,1.0,523.0,3.0,2253.0,0.05157416673081364,1.5446612881429,0.6555,0.6814833629667258,,,0.9946
20260319,8588.134,8840.1471,8928.4519,8522.2843,77485.0,-461.0,190272.0,1.0,0.0,565.0,0.0,3.0,0.0,1887.0,0.0,8591.921980000001,8052.071129999999,7215.786779999999,539.8508500000016,1376.135200000002,7694.535249761903,6991.118468753967,175392.9,,,6.932700709247364,2.307755147818455,9.240455857065818,1.0,565.0,3.0,1887.0,-0.005949538620378138,1.5564368614160036,0.7081,0.7482854965709931,,,0.9946
20260320,8231.995,8534.721,8646.3125,7785.9871,69730.0,-7755.0,189400.0,2.0,0.0,1140.0,0.0,1.0,-2.0,2501.0,-2035.0,8589.145079999998,8171.67666,7318.913454999999,417.4684199999983,1270.231624999999,7797.843027698414,7130.491306722222,178090.7,,,7.304335269242507,2.51736931554524,9.821704584787746,2.0,1140.0,-1.0,466.0,-0.1112146852143984,1.109019481884092,0.6935,0.729743459486919,,,0.9838
20260323,8629.3512,8269.315,8726.7345,8145.3823,69717.0,-13.0,112496.0,2.0,0.0,830.0,0.0,1.0,-2.0,2524.0,-2220.0,8520.73602,8301.12041,7442.6303,219.6156100000007,1078.10572,7912.087895714287,7272.336317420634,184797.3,,0.8936649999999999,7.543785162582635,2.572118648895211,10.11590381147785,2.0,830.0,-1.0,304.0,-0.00018646814980564282,1.4856327868937451,0.7771,0.8351409978308026,,,0.9892
20260324,8162.8572,8205.2547,8495.7032,8017.8383,71397.0,1680.0,141422.0,2.0,0.0,1099.0,0.0,1.0,-2.0,2274.0,-3148.0,8420.89256,8390.62328,7536.71969,30.26928000000044,884.1728700000003,7987.532041428572,7411.443907722222,185136.5,,,7.754514801965681,2.669919445282,10.42443424724768,2.0,1099.0,-1.0,-874.0,0.02353040043699315,0.9035657655781564,0.6918,0.7249647390691113,,,0.9759
20260325,8084.4352,8219.2255,8272.4482,7706.4637,69682.0,-1715.0,101498.0,2.0,-1.0,468.0,0.0,1.0,-2.0,2721.0,-3106.0,8339.35452,8422.56111,7628.368465,-83.20658999999978,710.9860550000012,8041.465708888889,7544.939720563491,182280.8,,,7.73502383647801,2.779986721733218,10.51501055821123,1.0,468.0,-1.0,-385.0,-0.024611807927441807,0.8236667919430477,0.6074,0.6167457366329017,,,0.9733
20260326,8099.9405,8042.8615,8154.1663,7951.239,68110.0,-1572.0,74133.0,1.0,-1.0,212.0,0.0,1.0,-2.0,2032.0,-2950.0,8241.71582,8416.8189,7723.75225,-175.1030800000008,517.9635699999999,8086.480210634922,7667.757899992063,178791.3,,,7.577773120198852,2.669919445282,10.24769256548085,0.0,212.0,-1.0,-918.0,-0.023080311261195127,0.8003311278837029,0.6074,0.6167457366329017,,,0.9707
20260327,8295.7971,8208.2558,8295.9035,8058.3817,66462.0,-1648.0,84519.0,1.0,-1.0,185.0,0.0,1.0,-2.0,2842.0,-3011.0,8254.47624,8421.81066,7829.155545,-167.3344199999992,425.3206950000003,8137.271770555557,7779.661256650793,164972.6,,,7.461662140737829,2.778466083606838,10.24012822434467,0.0,185.0,-1.0,-169.0,-0.02479612410099004,0.9727579603743024,0.6053,0.6140530837286831,,,0.9761
20260330,8326.7639,8377.6363,8539.9359,8254.6635,65441.0,-1021.0,92710.0,1.0,-1.0,227.0,0.0,1.0,-2.0,2815.0,-2856.0,8193.958779999999,8357.3474,7919.637395000001,-163.3886200000015,274.3213849999984,8191.212802142856,7877.746244785715,147852.4,,,6.725581726233562,2.912510458956059,9.63809218518962,0.0,227.0,-1.0,-41.0,-0.015601839825186046,1.0109977387318334,0.5897,0.5940505192973458,,,0.9761
20260331,8173.0234,8266.1104,8470.5344,8060.1907,57704.0,-7737.0,105916.0,1.0,0.0,297.0,0.0,1.0,-2.0,3158.0,-906.0,8195.99202,8308.44229,7999.058165,-112.4502700000012,196.9338549999993,8222.260162222221,7961.213595515872,131252.6,,,6.528177288171117,3.106603082209319,9.634780370380435,1.0,297.0,-1.0,2252.0,-0.13408082628587273,0.8584291784951563,0.5857,0.5889216566226438,,,0.9683
20260401,7817.6749,8179.1808,8272.0458,7803.9438,61780.0,4076.0,90361.0,1.0,-1.0,237.0,0.0,1.0,-2.0,3420.0,-1270.0,8142.63996,8240.99724,8056.66244,-98.35728000000017,85.97752000000037,8219.615779761907,8029.030464880952,118272.7,,,6.517821803722229,3.300203715145274,9.818025518867502,0.0,237.0,-1.0,2150.0,0.06597604402719327,0.7235503673012517,0.5197,0.5042954224900629,,,0.9604
20260402,8305.0969,7948.6551,8421.8444,7869.7319,67581.0,5801.0,108231.0,1.0,0.0,497.0,0.0,2.0,-1.0,4946.0,-809.0,8183.671240000001,8212.69353,8132.38233,-29.02228999999988,51.28891000000021,8233.381205000002,8082.915060404763,110068.6,,,6.451176184971017,3.362663798406164,9.813839983377182,1.0,497.0,1.0,4137.0,0.08583773545819091,1.2756757115923083,0.575,0.5752019489678163,,,0.9842
20260403,8396.9211,8406.5793,8474.5114,8189.3664,70662.0,3081.0,88843.0,1.0,0.0,533.0,0.0,1.0,-2.0,4518.0,-819.0,8203.89604,8229.18614,8200.4314,-25.29010000000017,3.464640000000145,8257.830564999998,8128.913814134922,100012.9,,0.7256499999999999,5.703092346012821,3.407884655937711,9.110977001950532,1.0,533.0,-1.0,3699.0,0.043601935976904135,1.232404091140875,0.631,0.6470060264136427,,,0.9816
20260407,8447.4002,8395.7337,8521.4063,8335.317,70870.0,208.0,67230.0,2.0,-1.0,760.0,0.0,2.0,-1.0,5202.0,-815.0,8228.0233,8210.99104,8256.055725000002,17.03225999999995,-28.03242500000124,8281.661063888889,8165.871130952381,95486.3,,,5.439878613907982,3.407884655937711,8.847763269845693,1.0,760.0,1.0,4387.0,0.0029349513193170592,1.330983732739364,0.5615,0.5578920374406975,,,0.9869
20260408,7831.435,8468.8111,8538.7609,7805.9598,67965.0,-2905.0,100785.0,1.0,0.0,590.0,0.0,2.0,-1.0,4482.0,-192.0,8159.705619999999,8177.848820000001,8284.236050000001,-18.14320000000225,-124.5304300000025,8263.386104285715,8193.456537238095,91422.6,,,5.605188771610627,3.430044681152758,9.035233452763386,1.0,590.0,1.0,4290.0,-0.042742588096814534,1.1480773381020637,0.4907,0.46711116809847414,,,0.9765
20260409,7951.0546,7797.4039,8033.4164,7715.2353,73268.0,5303.0,85940.0,1.0,0.0,425.0,0.0,2.0,-1.0,3998.0,-13.0,8186.38156,8164.51076,8293.535935000002,21.87079999999969,-107.1543750000019,8225.764028809524,8211.88636923016,89866.8,,,5.533351555193064,3.6329750836569,9.166326638849963,1.0,425.0,1.0,3985.0,0.072378118687558,1.1983416421699833,0.4655,0.4347993332478523,,,0.9766
20260410,7715.564,7990.2175,8001.0113,7635.1042,72552.0,-716.0,88675.0,1.0,0.0,404.0,0.0,2.0,-1.0,4738.0,0.0,8068.474980000001,8126.07311,8271.446005,-57.5981299999994,-202.9710249999989,8179.920368888889,8221.230385055556,91321.0,,,5.125566799034859,3.949713192987698,9.075279992022557,1.0,404.0,1.0,4738.0,-0.009868783768883008,1.166959911434271,0.4655,0.4347993332478523,,,0.974
20260413,7783.1669,7705.4225,7907.4836,7627.8599,74757.0,2205.0,64763.0,0.0,-1.0,43.0,0.0,3.0,0.0,4764.0,0.0,7945.72414,8074.810090000001,8248.310375000001,-129.0859500000006,-302.5862350000007,8129.815544603173,8220.484762460317,89345.4,,,4.897721149723536,3.949713192987698,8.847434342711235,-1.0,43.0,3.0,4764.0,0.029495565632649785,,0.4655,0.4347993332478523,,,
20260414,7886.5058,7764.8442,7909.1509,7736.1363,73088.0,-1669.0,69525.0,0.0,-1.0,16.0,0.0,3.0,0.0,4869.0,0.0,7833.545260000001,8030.78428,8194.06584,-197.2390199999991,-360.5205799999985,8093.190705079367,8210.682552753968,87026.9,,,4.522028971466103,3.949713192987698,8.4717421644538,-1.0,16.0,3.0,4869.0,-0.02283548598949212,1.2272332634509249,0.4655,0.4347993332478523,,,0.9767
20260415,7967.9998,7850.8404,8084.0089,7812.2413,73120.0,32.0,78911.0,0.0,-1.0,0.0,-13.0,2.0,-1.0,4365.0,-254.0,7860.85822,8010.281920000001,8159.362105,-149.4237000000012,-298.5038850000001,8068.130274126985,8195.269563944446,84326.4,,,4.266315792852401,3.949713192987698,8.216028985840099,-1.0,-13.0,1.0,4111.0,0.000437636761487965,1.3371321404532,0.3855,0.33222207975381457,,,0.9871
20260416,8119.3519,7965.9753,8156.1687,7958.2207,73496.0,376.0,93630.0,0.0,-1.0,25.0,0.0,3.0,0.0,4080.0,0.0,7894.51768,8040.449619999999,8140.72343,-145.9319399999995,-246.2057500000001,8057.583636587302,8179.066349626984,84653.3,,,4.26117726254084,3.949713192987698,8.210890455528538,-1.0,25.0,3.0,4080.0,0.005115924676172853,1.5324629236736909,0.3853,0.33196563662007944,,,0.9897
20260417,8113.0267,8128.8385,8204.2292,8025.8884,72295.0,-1201.0,102917.0,1.0,-1.0,171.0,0.0,3.0,-1.0,3684.0,-6.0,7974.010219999999,8021.2426,8116.968065000001,-47.23238000000129,-142.9578450000017,8057.016150873014,8161.429844214287,84121.9,123500.4,,4.215630370123566,3.949713192987698,8.165343563111264,0.0,171.0,2.0,3678.0,-0.01661249049035203,1.610965835664668,0.3853,0.33196563662007944,,,0.9949
20260420,8063.9764,7998.9973,8263.3945,7890.2761,72939.0,644.0,126795.0,1.0,-1.0,170.0,0.0,2.0,-1.0,1443.0,-141.0,8030.17212,7987.94813,8108.567134999999,42.22399000000041,-78.39501499999915,8048.102094126986,8140.456997126984,87917.1,152154.0,,4.303506552491785,3.989887062893263,8.293393615385048,0.0,170.0,1.0,1302.0,0.008829295712855949,1.5305959523199515,0.363,0.30337222720861645,,,0.9846
20260421,8050.8359,8060.2687,8101.6291,7967.38,74379.0,1440.0,76351.0,2.0,-2.0,386.0,0.0,2.0,-1.0,1076.0,-329.0,8063.03814,7948.2917,8079.64137,114.7464399999999,-16.60323000000062,8044.751159126986,8116.766006650794,88829.2,,,4.06265619357201,3.989887062893263,8.052543256465272,0.0,386.0,1.0,747.0,0.019360303311418546,1.6195616436674083,0.363,0.30337222720861645,,,0.9949
20260422,8095.5811,8041.2216,8138.1135,8024.4069,74271.0,-108.0,90605.0,1.0,-1.0,122.0,0.0,1.0,-2.0,1191.0,-360.0,8088.554399999999,7974.70631,8076.277565000001,113.8480899999995,12.27683499999785,8043.516815952381,8094.77907781746,87811.2,,,3.738259375597099,3.989887062893263,7.728146438490361,0.0,122.0,-1.0,831.0,-0.0014541341842711152,1.7101080460317597,0.3533,0.2909347352224644,,,0.9949
20260423,8254.4087,8131.0064,8303.5251,8118.0046,72270.0,-2001.0,105878.0,1.0,-1.0,108.0,0.0,1.0,-2.0,1291.0,-941.0,8115.56576,8005.041719999999,8084.776240000001,110.5240400000012,30.78951999999936,8056.199967380953,8077.822671674604,89805.0,,,3.388294568811816,3.989887062893263,7.378181631705079,0.0,108.0,-1.0,350.0,-0.027687837276878374,1.7575877049808872,0.3359,0.26862418258751114,,,0.9975
20260424,8129.2235,8226.4323,8240.8896,8100.8341,68536.0,-3734.0,97146.0,1.0,-1.0,182.0,0.0,2.0,-1.0,1463.0,-277.0,8118.80512,8046.407669999999,8086.240390000001,72.3974500000013,32.56472999999914,8062.283387222223,8066.058973507937,90652.1,,,3.27931802899933,3.989887062893263,7.269205091892593,0.0,182.0,1.0,1186.0,-0.05448231586319598,1.749117358842851,0.317,0.2443903064495448,,,0.9924
20260427,8327.7593,8139.2426,8351.5777,8121.262,69270.0,734.0,119281.0,1.0,0.0,136.0,0.0,2.0,-1.0,2184.0,-428.0,8171.5617,8100.86691,8087.838500000001,70.69479000000047,83.72319999999945,8079.150444682539,8060.992463515873,96103.9,143137.2,,3.322197940784154,3.989887062893263,7.312085003677416,1.0,136.0,1.0,1756.0,0.010596217698859536,1.9212305337092168,0.3216,0.25028849852545193,,,0.9975
20260428,8835.2799,8310.7892,8835.2805,8303.2589,77662.0,8392.0,185856.0,1.0,0.0,126.0,0.0,1.0,-2.0,1672.0,-1203.0,8328.4505,8195.74432,8113.2643,132.706180000001,215.186200000001,8134.343456111113,8065.107738619049,107737.0,223027.2,0.4850699999999999,3.115541133477245,4.031581441729855,7.1471225752071,1.0,126.0,-1.0,469.0,0.10805799490098117,1.949290928809427,0.4218,0.37876650852673416,,,0.9975
20260429,8794.4138,8832.7525,8908.2042,8651.5885,74296.0,-3366.0,214114.0,1.0,0.0,196.0,0.0,1.0,-2.0,1235.0,-1128.0,8468.21704,8278.38572,8144.333820000002,189.8313199999993,323.8832199999979,8200.521862142858,8078.346897420635,121257.3,256936.8,0.4976049999999999,3.038580524150845,4.031581441729855,7.0701619658807,1.0,196.0,-1.0,107.0,-0.045305265424787335,1.8724321487895828,0.4327,0.3927426593152968,,,0.9924
20260430,8698.55,8860.6438,8889.4634,8673.5733,69076.0,-5220.0,146622.0,1.0,0.0,231.0,0.0,1.0,-2.0,1146.0,-972.0,8557.0453,8336.305530000001,8188.377575,220.7397699999983,368.6677249999993,8256.846990873017,8098.273232849207,126556.5,,,2.882321232444387,4.031581441729855,6.913902674174242,1.0,231.0,-1.0,174.0,-0.0755689385604262,1.7712264819436303,0.332,0.26362354147967687,,,0.9899
20260506,8896.3624,8654.7741,8932.5126,8654.7741,80747.0,11671.0,114798.0,1.0,0.0,41.0,0.0,1.0,-2.0,1341.0,-1130.0,8710.47308,8414.6391,8217.94085,295.8339799999994,492.5322299999989,8318.586310793653,8124.43024884127,127744.6,,,2.853094601605102,4.031581441729855,6.884676043334958,1.0,41.0,-1.0,211.0,0.14453787756820688,,0.3113,0.23708167713809464,,,
20260507,8469.3142,8743.7616,8763.4153,8466.0419,85055.0,4308.0,183242.0,1.0,0.0,18.0,0.0,2.0,-1.0,2124.0,-739.0,8738.78406,8455.17288,8221.560505,283.6111799999999,517.2235550000005,8353.067912063492,8154.926830634921,133389.3,219890.4,,3.059126012336201,4.156915595704155,7.216041608040356,1.0,18.0,1.0,1385.0,0.050649579683734056,1.417606852042406,0.2953,0.21656622643928708,,,0.9599
20260508,8328.0394,8403.3515,8480.9397,8307.6752,90318.0,5263.0,152467.0,1.0,-1.0,346.0,0.0,2.0,-2.0,1640.0,-551.0,8637.33596,8482.893229999998,8215.592465,154.4427300000025,421.7434950000006,8368.99913230159,8187.351627952381,141000.9,,,2.965662291172305,4.156915595704155,7.12257788687646,0.0,346.0,0.0,1089.0,0.058271883788392126,1.3590336942289023,0.2953,0.21656622643928708,,,0.9575
20260511,8458.3692,8355.8063,8539.0624,8154.6408,90136.0,-182.0,169057.0,1.0,0.0,186.0,0.0,2.0,-1.0,2566.0,-480.0,8570.127040000001,8519.17204,8246.939175,50.95500000000175,323.1878650000017,8386.0341315873,8221.603359515873,148846.1,,,3.115787195097642,4.156915595704155,7.272702790801797,1.0,186.0,1.0,2086.0,-0.0020191710304428862,1.5604142552722895,0.2953,0.21656622643928708,,,0.9726
20260512,8340.5619,8443.6643,8444.8709,8252.5401,91630.0,1494.0,123754.0,1.0,-1.0,345.0,-721.0,2.0,-1.0,987.0,-669.0,8498.52942,8527.787359999998,8266.41454,-29.25793999999769,232.114880000001,8398.102367460318,8255.79359952381,150633.7,,,3.133112083675878,4.156915595704155,7.290027679380033,0.0,-376.0,1.0,318.0,0.016304703699661683,1.5575139300547218,0.2615,0.17322733683805616,,,0.9701
20260513,8269.001,8351.1296,8388.1406,8249.1892,91974.0,344.0,154633.0,1.0,-2.0,65.0,-777.0,2.0,-1.0,1509.0,-380.0,8373.05714,8541.76511,8294.08639,-168.7079699999995,78.97075000000041,8402.019391666665,8289.767199968255,156382.4,,,2.929131293965552,4.156915595704155,7.086046889669706,-1.0,-712.0,1.0,1129.0,0.0037401874442777308,,0.2335,0.13732529811514296,,,
20260514,8053.0497,8307.2303,8315.1574,8030.4495,88849.0,-3125.0,141849.0,1.0,-2.0,0.0,-755.0,2.0,-1.0,848.0,-379.0,8289.804240000001,8514.29415,8307.58053,-224.4899099999984,-17.77628999999797,8387.753349444445,8320.627490444445,158639.2,,,3.056637919162335,4.156915595704155,7.21355351486649,-1.0,-755.0,1.0,469.0,-0.035172033450010694,1.7772438680861855,0.2456,0.15284010770611617,,,0.9901
20260515,8196.3723,8040.6626,8249.1178,8025.5299,86954.0,-1895.0,131587.0,1.0,-1.0,17.0,-745.0,3.0,-1.0,2022.0,-213.0,8263.470819999999,8450.403390000001,8323.073855,-186.9325700000027,-59.60303500000191,8373.635862539684,8344.556731087301,153212.3,,,3.147107923293366,4.156915595704155,7.304023518997521,0.0,-728.0,2.0,1809.0,-0.021793132000828025,1.7841329448648788,0.2859,0.20451339915373762,,,0.9901
20260518,8230.7665,8197.5595,8317.3143,8165.9508,86346.0,-608.0,150221.0,1.0,-1.0,28.0,-762.0,3.0,-1.0,1638.0,-101.0,8217.950280000001,8394.03866,8336.21219,-176.0883799999992,-118.2619099999993,8365.41943079365,8361.046487952382,146823.0,,,3.09979974414868,4.156915595704155,7.256715339852835,0.0,-734.0,2.0,1537.0,-0.007041437935746879,1.7818603150073058,0.2755,0.19117835619951276,,,0.9877
20260519,8215.2093,8201.3943,8233.753,8089.4615,81973.0,-4373.0,125734.0,1.0,-2.0,22.0,-773.0,3.0,-1.0,1453.0,-38.0,8192.87976,8345.704590000001,8341.00506,-152.8248300000014,-148.1252999999997,8353.198095634922,8370.681598428571,144734.2,,,3.089683598879651,4.156915595704155,7.246599194583806,-1.0,-751.0,2.0,1415.0,-0.05334683371353982,1.783248486492151,0.2707,0.18502372098987047,,,0.9877
20260520,8221.6251,8197.5655,8286.1385,8121.2821,80037.0,-1936.0,163199.0,1.0,-1.0,0.0,-998.0,2.0,-1.0,2264.0,-654.0,8183.40458,8278.23086,8346.43498,-94.82627999999931,-163.0303999999996,8342.045028730157,8373.027470222221,149574.3,,,3.036991695877293,4.156915595704155,7.193907291581448,0.0,-998.0,1.0,1610.0,-0.02418881267413821,1.5138264151633158,0.2617,0.1734837799717912,,,0.9484
20260521,8208.0571,8193.3843,8404.8128,8126.2294,83183.0,3146.0,218098.0,2.0,0.0,0.0,-45.0,2.0,-1.0,1327.0,-421.0,8214.40606,8252.10515,8353.639015,-37.69909000000007,-139.2329550000013,8330.970708174604,8370.817749833333,153059.9,261717.6,,2.837306816955446,4.156915595704155,6.994222412659601,2.0,-45.0,1.0,906.0,0.03782022769075412,1.5398403650766346,0.2712,0.1856648288242082,,,0.9534
20260522,7811.8091,8218.7042,8251.4892,7738.2232,78917.0,-4266.0,227794.0,1.0,0.0,146.0,0.0,1.0,-2.0,878.0,-1992.0,8137.493419999999,8200.482119999999,8341.687675,-62.98869999999988,-204.1942550000003,8292.055147460318,8363.123351349206,160592.6,273352.8,0.3502899999999999,3.081754351667314,4.384620443446241,7.466374795113556,1.0,146.0,-1.0,-1114.0,-0.054056793846699695,1.348884792721772,0.3046,0.22849083215796892,,,0.9364
20260525,7642.6576,7819.6207,7833.4037,7516.7041,73857.0,-5060.0,190103.0,2.0,0.0,483.0,0.0,1.0,-2.0,2147.0,-1955.0,8019.871639999999,8118.910960000001,8319.0415,-99.03932000000168,-299.16986,8228.83008190476,8347.402946380953,162697.2,,,3.197367433547687,4.384620443446241,7.581987876993928,2.0,483.0,-1.0,192.0,-0.06851077081387004,1.4753330990763345,0.288,0.20720605205795609,,,0.9415
20260526,7639.0154,7659.7042,7746.5923,7594.3033,74211.0,354.0,141335.0,1.0,-1.0,23.0,-341.0,1.0,-2.0,2170.0,-1422.0,7904.63286,8048.75631,8288.271835,-144.12345,-383.6389749999998,8166.076022460318,8324.200311880953,164455.3,,,3.12264388754251,4.384620443446241,7.50726433098875,0.0,-318.0,-1.0,748.0,0.0047701823179852046,1.5264330992443926,0.2663,0.17938197204769837,,,0.9465
20260527,7674.983,7645.8879,7717.4335,7616.0604,72957.0,-1254.0,100517.0,2.0,-1.0,0.0,-5.0,1.0,-2.0,1514.0,-1952.0,7795.30444,7989.35451,8265.55981,-194.0500700000002,-470.2553700000008,8105.660955238097,8294.564468238095,159043.7,,,2.854178389176744,4.384620443446241,7.238798832622985,1.0,-5.0,-1.0,-438.0,-0.017188206751922366,1.5860373002230612,0.2554,0.16540582125913578,,,0.9636
20260528,7824.6655,7617.6529,7853.6426,7563.631,66582.0,-6375.0,165332.0,0.0,-1.0,0.0,-341.0,2.0,-1.0,2475.0,-1694.0,7718.626120000001,7966.51609,8240.40512,-247.8899699999993,-521.7789999999986,8055.025677460318,8261.291701039683,161392.0,,,2.970428742218168,4.384620443446241,7.355049185664409,-1.0,-341.0,1.0,781.0,-0.0957465981796882,1.5307489553715274,0.2569,0.167329144762149,,,0.9467
20260529,7740.3278,7806.643,7852.6163,7700.231,63727.0,-2855.0,136529.0,1.0,-1.0,0.0,-239.0,2.0,-2.0,2561.0,-1918.0,7704.329860000001,7920.91164,8185.657515000001,-216.5817799999995,-481.327655,8010.562554761904,8224.984370261905,161886.2,,,2.782411465732576,4.197420622417452,6.979832088150028,0.0,-239.0,0.0,643.0,-0.044800477034851786,1.54327618080697,0.2517,0.1606616232850365,,,0.9517
20260601,7736.5794,7751.1274,7855.8998,7694.2906,82255.0,18528.0,127079.0,1.0,0.0,167.0,0.0,1.0,-2.0,1195.0,-995.0,7723.11422,7871.49293,8132.765794999999,-148.37871,-409.651574999999,7968.896436190475,8185.332070801587,159572.0,,,2.757816446309176,4.197420622417452,6.955237068726628,1.0,167.0,-1.0,200.0,0.22525074463558448,1.5411115993094642,0.2393,0.10301237224314147,,,0.9494
20260602,7768.5854,7710.5505,7839.4761,7690.0164,83456.0,1201.0,121296.0,1.0,0.0,0.0,-95.0,1.0,-2.0,775.0,-1045.0,7749.02822,7826.83054,8086.267565,-77.80231999999978,-337.239345,7931.368608571429,8143.149122095239,159128.2,,,2.779723469070378,4.197420622417452,6.97714409148783,1.0,-95.0,-1.0,-270.0,0.01439081671779141,1.3927630161111488,0.2476,0.020957193816884625,,,0.9255
20260603,7850.8692,7757.6428,7872.2215,7740.1679,82687.0,-769.0,103663.0,1.0,0.0,0.0,-11.0,1.0,-2.0,1418.0,-1200.0,7784.20546,7789.75495,8033.992904999999,-5.549490000000333,-249.787444999999,7906.650638888888,8099.609683111111,153174.6,,,2.646974986016509,4.103336246510823,6.750311232527332,1.0,-11.0,-1.0,218.0,-0.009300131822414648,1.3607378589646704,0.2388,0.007877526753864446,,,0.9233
20260604,7572.5055,7857.8097,7864.8606,7558.3768,79837.0,-2850.0,161552.0,1.0,0.0,60.0,0.0,2.0,-1.0,287.0,-1087.0,7733.773459999999,7726.199790000001,7989.152469999999,7.573669999998856,-255.3790099999997,7870.202725,8053.53288479365,147520.0,,,2.737234304983966,4.058927300614563,6.796161605598529,1.0,60.0,1.0,-800.0,-0.03569773413329659,1.2821613541030024,0.2388,0.007877526753864446,,,0.9091
20260605,7674.4915,7516.5924,7721.7751,7502.1196,81541.0,1704.0,134535.0,1.0,0.0,62.0,0.0,2.0,-2.0,944.0,-1404.0,7720.6062,7712.468030000001,7956.475075,8.138169999999263,-235.8688750000001,7833.422952619048,8007.669665309525,138194.1,,,2.813450309422042,4.019977711893814,6.833428021315855,1.0,62.0,0.0,-460.0,0.020897462626163526,1.3618421367696345,0.2388,0.007877526753864446,,,0.9236
20260608,7961.8992,7674.9582,7969.1831,7592.1729,87350.0,5809.0,206997.0,1.0,0.0,141.0,0.0,1.0,-2.0,1644.0,-4786.0,7765.67016,7744.39219,7931.651575000001,21.27796999999919,-165.9814150000011,7823.259946031745,7967.112651722222,139883.5,248396.4,,3.032831710774134,4.019977711893814,7.052809422667949,1.0,141.0,-1.0,-3142.0,0.06650257584430452,1.316430327047358,0.2388,0.007877526753864446,,,0.9095
20260609,7657.4011,7860.588,7881.4742,7622.9656,83724.0,-3626.0,130346.0,1.0,0.0,55.0,0.0,1.0,-2.0,1909.0,-4660.0,7743.4333,7746.23076,7897.493535,-2.797460000000683,-154.0602349999999,7802.939832460316,7930.799032722221,138784.6,,,3.208615456951637,4.019977711893814,7.228593168845451,1.0,55.0,-1.0,-2751.0,-0.043308967560078356,1.370738855022834,0.2388,0.007877526753864446,,,0.924
20260610,7595.9011,7654.9347,7801.7544,7571.5746,78097.0,-5627.0,193712.0,1.0,0.0,30.0,0.0,1.0,-2.0,514.0,-2112.0,7692.43968,7738.322569999999,7863.83854,-45.88288999999895,-171.3988599999993,7777.787165634921,7898.011653761903,148104.1,232454.4,,3.18202145019077,3.824525037173064,7.006546487363835,1.0,30.0,-1.0,-1598.0,-0.07205142323008566,1.3164391477040398,0.2388,0.007877526753864446,,,0.9076
20260611,7752.5951,7635.8159,7821.2388,7602.3294,75302.0,-2795.0,189270.0,0.0,-1.0,0.0,-150.0,2.0,-2.0,1849.0,-1742.0,7728.4576,7731.11553,7848.81581,-2.657930000000306,-120.3582100000003,7762.405489999997,7868.749635015872,150497.9,227124.0,,2.917392397099738,3.638154311952917,6.555546709052656,-1.0,-150.0,0.0,107.0,-0.03711720804228307,1.3410170497532985,0.2388,0.008933086128434181,,,0.9125
20260612,7691.4881,7764.3391,7805.5415,7571.1128,74503.0,-799.0,211783.0,0.0,-1.0,0.0,-262.0,1.0,-2.0,2293.0,-1695.0,7731.85692,7726.23156,7823.5716,5.625360000000001,-91.71468000000004,7747.944642857143,7842.487843825396,158023.3,254139.6,0.276345,2.839997847889896,3.558311854189679,6.398309702079574,-1.0,-262.0,-1.0,598.0,-0.010724400359717058,1.487077938292669,0.2403,0.012509197939661517,,,0.934
20260615,7240.7727,7671.0556,7728.3083,7210.8544,73726.0,-777.0,193940.0,0.0,-1.0,0.0,-351.0,1.0,-2.0,1701.0,-1294.0,7587.63162,7676.65089,7774.071910000001,-89.01926999999978,-186.4402900000005,7706.561878095238,7816.254388015872,164709.4,,0.2852,3.189417075481996,3.558311854189679,6.747728929671675,-1.0,-351.0,-1.0,407.0,-0.010539022868458888,0.7818690608815305,0.248,0.026674025018395855,,,0.8588
20260616,7104.41,7266.2807,7271.5369,7054.0436,77552.0,3826.0,149347.0,0.0,-1.0,0.0,-542.0,1.0,-2.0,2068.0,-2129.0,7477.0334,7610.23335,7718.531945,-133.1999499999993,-241.4985449999995,7645.748627063494,7787.692389865078,167514.5,,,3.314746020143846,3.469743652865565,6.784489673009412,-1.0,-542.0,-1.0,-61.0,0.049334639983494945,0.8516507595759529,0.2425,0.01655629139072844,,,0.8638
20260617,7059.5718,7025.1768,7103.6569,6994.6044,76624.0,-928.0,152153.0,0.0,-1.0,0.0,-551.0,1.0,-2.0,1707.0,-1631.0,7369.767539999999,7531.10361,7660.429279999999,-161.3360700000012,-290.6617400000005,7580.593941031746,7755.086720079365,172363.5,,,3.169225041260029,3.41683066303802,6.586055704298049,-1.0,-551.0,-1.0,76.0,-0.012111087909793277,1.2895285249848547,0.2425,0.01655629139072844,,,0.897
20260618,7134.8052,7088.8677,7140.768,7029.8078,76285.0,-339.0,185018.0,0.0,-1.0,0.0,-643.0,1.0,-2.0,2041.0,-1791.0,7246.20956,7487.33358,7606.766685,-241.1240200000002,-360.5571249999994,7528.109431111112,7720.877390690477,174710.1,,,3.14820960456076,3.401792030317816,6.550001634878576,-1.0,-643.0,-1.0,250.0,-0.004443861833912302,1.0022778967603465,0.2425,0.01655629139072844,,,0.8692
20260622,7025.6017,7163.3489,7218.8905,6964.6799,80063.0,3778.0,134846.0,0.0,-1.0,0.0,-480.0,1.0,-2.0,1257.0,-1642.0,7113.032279999999,7422.4446,7567.456315,-309.4123200000004,-454.4240350000009,7475.577256984128,7685.092821126984,174741.2,,,3.25762390290974,3.401792030317816,6.659415933227557,-1.0,-480.0,-1.0,-385.0,0.047187839576333636,0.997995722457946,0.2425,0.019637791839406463,,,0.8671
20260623,6977.8387,7009.8997,7149.3729,6964.8248,77410.0,-2653.0,167152.0,0.0,-1.0,0.0,-578.0,1.0,-2.0,1616.0,-1496.0,7060.44548,7324.038549999999,7534.21537,-263.593069999999,-473.7698899999996,7420.418436428572,7644.808670166666,170756.7,,,3.315963179493347,3.394745406231442,6.710708585724789,-1.0,-578.0,-1.0,120.0,-0.034272057873659736,0.9539897886151464,0.2425,0.022641509433962217,,,0.8628
20260624,6856.2106,6998.4653,7034.0193,6846.9894,74834.0,-2576.0,182746.0,0.0,-1.0,0.0,-574.0,2.0,-2.0,120.0,-1727.0,7010.8056,7243.919500000001,7495.07513,-233.1139000000012,-484.2695300000005,7359.663807142856,7600.481067634921,175996.7,,,3.401107551761795,3.230769442283541,6.631876994045336,-1.0,-574.0,0.0,-1607.0,-0.03442285592110538,0.7124967113793037,0.2391,0.014088050314465394,,,0.8445
20260625,6663.8803,6821.0018,6821.0018,6577.2318,68516.0,-6318.0,183408.0,0.0,-1.0,0.0,-581.0,1.0,-2.0,1785.0,-2001.0,6931.667299999999,7150.717420000001,7444.519995,-219.0501200000017,-512.8526950000005,7282.697894444445,7550.972140515873,174966.3,,,3.40442632546128,3.394745406231442,6.799171731692722,-1.0,-581.0,-1.0,-216.0,-0.09221203806410182,0.806132587166364,0.2391,0.014088050314465394,,,0.8519
20260626,6667.6592,6678.4734,6745.9104,6574.8282,61211.0,-7305.0,138209.0,0.0,-1.0,0.0,-639.0,1.0,-2.0,2036.0,-1852.0,6838.2381,7042.22383,7386.669679999999,-203.9857300000003,-548.4315799999995,7207.69283047619,7495.500874563493,169860.2,,,3.390325890291539,3.394745406231442,6.785071296522981,-1.0,-639.0,-1.0,184.0,-0.11934129486530198,,0.2391,0.014088050314465394,,,
20260629,6731.5259,6652.6663,6742.1099,6626.2966,61090.0,-121.0,129485.0,0.0,-1.0,0.0,-646.0,2.0,-2.0,1262.0,-1702.0,6779.422939999999,6946.22761,7336.229584999999,-166.8046700000004,-556.8066449999997,7141.00830484127,7434.807240761906,161630.4,,,3.171192526444392,3.230769442283541,6.401961968727933,-1.0,-646.0,0.0,-440.0,-0.001980684236372565,0.9032427195115084,0.2391,0.014088050314465394,,,0.8591
20260630,6665.477,6740.3959,6740.3959,6620.4487,57295.0,-3795.0,176945.0,0.0,-1.0,0.0,-553.0,2.0,-1.0,478.0,-1291.0,6716.950599999999,6888.69804,7282.674465000001,-171.747440000001,-565.7238650000018,7077.307996587302,7371.881852611112,159930.9,,,2.982088103988548,3.085603963484477,6.067692067473025,-1.0,-553.0,1.0,-813.0,-0.0662361462605812,0.8672800279170518,0.2391,0.014088050314465394,,,0.8571
20260701,6566.1748,6695.0592,6724.0902,6493.3648,74246.0,16951.0,105875.0,0.0,-1.0,0.0,-442.0,2.0,-1.0,815.0,-1336.0,6658.94344,6834.874519999999,7222.553934999999,-175.9310799999994,-563.610494999999,7010.784505793649,7308.385440484128,155583.7,,0.275885,3.013934016847017,3.085603963484477,6.099537980331494,-1.0,-442.0,1.0,-521.0,0.22830859574926596,0.9493129354384504,0.2399,0.016100628930817585,,,0.8621
20260702,6388.2733,6539.9711,6643.446,6374.2127,81165.0,6919.0,142076.0,0.0,-1.0,0.0,-465.0,2.0,-1.0,448.0,-1608.0,6603.822040000001,6767.74467,7149.42414,-163.9226299999991,-545.6020999999992,6936.96418706349,7244.022465087301,154576.0,,,3.101783678717311,3.085603963484477,6.187387642201788,-1.0,-465.0,1.0,-1160.0,0.08524610361609068,0.9550487735167926,0.2399,0.016100628930817585,,,0.8647
20260703,6526.3886,6399.8536,6598.9105,6384.5463,86499.0,5334.0,158618.0,0.0,-1.0,0.0,-574.0,2.0,-1.0,2135.0,-2219.0,6575.56792,6706.90301,7097.118295,-131.3350900000005,-521.5503750000007,6871.882224761903,7178.39974445238,151936.0,,,3.118596358587856,3.085603963484477,6.204200322072333,-1.0,-574.0,1.0,-84.0,0.06166545277980092,0.7875599135882934,0.2336,0.00030487804878045425,,,0.8398
20260706,6561.9364,6517.2017,6627.8271,6498.0639,82950.0,-3549.0,109463.0,0.0,-1.0,0.0,-475.0,2.0,-1.0,2149.0,-2219.0,6541.650019999999,6660.53648,7041.490540000001,-118.8864600000006,-499.8405200000016,6817.483931825398,7112.590411936508,149397.7,,,2.732499774161955,3.085603963484477,5.818103737646432,-1.0,-475.0,1.0,-70.0,-0.04278481012658228,1.5834222196362735,0.2336,0.0003888024883358826,,,0.9635
20260707,6671.6575,6564.6868,6695.9982,6557.9116,81918.0,-1032.0,109556.0,0.0,-1.0,0.0,-486.0,2.0,-1.0,2454.0,-1404.0,6542.88612,6629.918359999999,6976.978454999999,-87.03223999999864,-434.0923349999994,6779.16808873016,7048.465377166666,143638.1,,,2.660982436892363,3.053292469708161,5.714274906600524,-1.0,-486.0,1.0,1050.0,-0.012597963817476012,1.613933821812567,0.2263,0.0,,,0.9681
20260708,6777.1851,6672.7477,6840.4892,6654.17,82993.0,1075.0,125005.0,0.0,-1.0,0.0,-411.0,2.0,-1.0,1800.0,-1991.0,6585.088180000001,6622.01581,6932.967655,-36.92762999999923,-347.8794749999997,6755.288719603175,6988.027868412699,137864.0,,,2.750170150619617,3.037348687372987,5.787518837992604,-1.0,-411.0,1.0,-191.0,0.012952899642138494,1.6754482664312218,0.1717,0.0,,,0.9705
20260709,6808.6288,6797.4989,6887.9824,6781.3197,83395.0,402.0,132206.0,1.0,-1.0,0.0,-325.0,2.0,-1.0,1951.0,-1791.0,6669.15928,6636.49066,6893.60404,32.66861999999946,-224.4447600000003,6741.690162380952,6933.92709520635,132743.8,,0.2981949999999999,2.759550971291643,2.962890243367296,5.722441214658939,0.0,-325.0,1.0,160.0,0.004820432879669045,1.695746267206348,0.2593,0.2981620149761742,,,0.9705
20260710,6756.4257,6831.4807,6859.4073,6731.9918,80183.0,-3212.0,154107.0,0.0,-1.0,0.0,-337.0,2.0,-1.0,1008.0,-1651.0,6715.1667,6645.36731,6843.79557,69.79939000000013,-128.6288700000005,6730.105930714285,6886.168405230159,134333.6,,,2.632048309280679,2.911141883634801,5.54319019291548,-1.0,-337.0,1.0,-643.0,-0.040058366486661764,0.8218323189620812,0.2593,0.2981620149761742,,,0.8371
20260713,6842.5163,6752.838,6961.707,6724.5972,82323.0,2140.0,176482.0,0.0,-1.0,0.0,-270.0,2.0,-2.0,1017.0,-1966.0,6771.282680000001,6656.46635,6801.34698,114.8163300000015,-30.06429999999909,6728.278835555554,6844.895458301587,139033.3,211778.4,,2.69208370278405,2.962890243367296,5.654973946151346,-1.0,-270.0,0.0,-949.0,0.025995165385129308,0.6888624279574542,0.2593,0.3356321839080459,,,0.8217
20260714,7131.3561,6846.9033,7147.7644,6755.0747,86874.0,4551.0,210235.0,1.0,0.0,0.0,-215.0,2.0,-1.0,1817.0,-1897.0,6863.222400000001,6703.05426,6795.876149999999,160.1681400000007,67.34625000000142,6747.526718888888,6811.917330531745,142362.3,252282.0,,2.90353270832368,2.962890243367296,5.866422951690976,1.0,-215.0,1.0,-80.0,0.05238621451757718,0.7333979521735565,0.2593,0.3356321839080459,,,0.8266
20260715,7078.241,7128.1123,7169.1776,7063.5957,84944.0,-1930.0,126311.0,1.0,0.0,0.0,-36.0,1.0,-2.0,1149.0,-2608.0,6923.43358,6754.26088,6794.5677,169.1727000000001,128.8658800000003,6775.390199285713,6788.377899880952,144405.9,,0.355925,2.70663219451468,2.962890243367296,5.669522437881977,1.0,-36.0,-1.0,-1459.0,-0.022720851384441514,0.603179087081584,0.3095,0.5279693486590038,,,0.8135
20260716,7084.3133,7065.1616,7110.922,6984.6578,85610.0,666.0,113060.0,2.0,-1.0,659.0,-49.0,2.0,-1.0,864.0,-2851.0,6978.570479999999,6823.864879999999,6795.804775,154.7056000000002,182.7657049999998,6800.500346984124,6774.731515873015,141504.3,,,2.647328637240745,2.962890243367296,5.61021888060804,1.0,610.0,1.0,-1987.0,0.007779465015769186,0.6233066285805359,0.3095,0.5279693486590038,,,0.8139
20260717,7000.0885,7110.0227,7138.8899,6965.1058,85303.0,-307.0,98084.0,2.0,0.0,0.0,-32.0,1.0,-2.0,1161.0,-3455.0,7027.303040000001,6871.23487,6789.06894,156.0681700000005,238.2341000000006,6823.6001834127,6769.903311738095,135450.9,,,2.700946371345839,2.911141883634801,5.612088254980639,2.0,-32.0,-1.0,-2294.0,-0.0035989355591245324,0.5310877576715957,0.2821,0.42298850574712654,,,0.8076
20260720,7273.4958,7066.3642,7370.1858,7050.3085,81953.0,-3350.0,160122.0,1.0,-1.0,0.0,-70.0,2.0,-1.0,2293.0,-3376.0,7113.498939999999,6942.39081,6801.463645000001,171.1081299999996,312.0352949999988,6864.02934611111,6774.557853166666,140516.8,,,2.945772980322269,2.962890243367296,5.908663223689565,0.0,-70.0,1.0,-1083.0,-0.0408770880870743,0.5495871515987346,0.2821,0.42298850574712654,,,0.808
20260721,7125.3528,7225.6144,7225.6144,7044.8975,79371.0,-2582.0,143205.0,1.0,0.0,91.0,0.0,2.0,-1.0,2014.0,-3590.0,7112.29828,6987.760339999999,6808.839349999999,124.5379400000011,303.4589300000007,6896.943092222224,6786.335353515872,143881.7,,,2.926404015971564,3.037348687372987,5.963752703344551,1.0,91.0,1.0,-1576.0,-0.032530773204318957,0.5318484521559322,0.2728,0.3873563218390804,,,0.8062
20260722,7271.7719,7169.0825,7285.6488,7169.0825,80152.0,781.0,129383.0,1.0,-1.0,43.0,0.0,2.0,-1.0,2550.0,-3457.0,7151.004459999999,7037.21902,6829.617415000001,113.7854399999997,321.3870449999986,6938.514496904761,6804.657931246031,144319.5,,,2.787313177303916,3.037348687372987,5.824661864676903,0.0,43.0,1.0,-907.0,0.009743986425790998,0.6204319888295914,0.2985,0.485823754789272,,,0.8133
20260723,7352.0635,7298.6602,7372.8675,7254.6229,82576.0,2424.0,144788.0,1.0,0.0,40.0,0.0,2.0,-1.0,2546.0,-3633.0,7204.5545,7091.562489999999,6864.026575000001,112.9920100000008,340.5279249999994,6985.813634682539,6829.070278476189,145577.7,,0.35213,2.665418558764139,3.037348687372987,5.702767246137126,1.0,40.0,1.0,-1087.0,0.029354776206161597,0.7009137906778437,0.3062,0.5153256704980844,,,0.8226
20260724,7384.0279,7424.1165,7487.1965,7356.1184,85180.0,2604.0,155835.0,2.0,0.0,677.0,0.0,2.0,-1.0,2950.0,-3227.0,7281.34238,7154.32271,6899.84501,127.0196699999997,381.49737,7037.540082301589,6859.81369363492,145750.5,,0.366965,2.648633999002175,3.037348687372987,5.685982686375162,2.0,677.0,1.0,-277.0,0.030570556468654614,0.7138916541517739,0.3191,0.5647509578544061,,,0.8252
20260727,7040.1844,7334.0653,7397.3703,6997.8914,77374.0,-7806.0,158466.0,2.0,0.0,719.0,0.0,1.0,-2.0,1176.0,-4325.0,7234.6801,7174.08952,6915.277935,60.59058000000095,319.4021650000004,7061.443961666668,6893.130206246033,143948.9,,,2.902998128460132,3.037348687372987,5.940346815833118,2.0,719.0,-1.0,-3149.0,-0.10088660273476878,0.6217774463008674,0.3191,0.5647509578544061,,,0.8102
20260728,7070.8527,7060.9679,7103.6609,7021.0539,76951.0,-423.0,113115.0,1.0,-1.0,139.0,-28.0,2.0,-1.0,2175.0,-4416.0,7223.78008,7168.03918,6935.54672,55.74089999999978,288.2333599999993,7076.117838095237,6925.989318166666,134236.9,,,2.78987765313087,3.037348687372987,5.827226340503858,0.0,111.0,1.0,-2241.0,-0.005497004587334798,0.4516680893022812,0.2558,0.5246412975670619,,,0.7907
20260729,7197.8835,7078.848,7231.5941,7044.9201,78071.0,1120.0,145408.0,2.0,0.0,588.0,0.0,2.0,-1.0,2179.0,-4148.0,7209.0024,7180.00343,6967.132155000001,28.99897000000055,241.8702449999992,7097.734707222223,6958.223768960318,136146.6,,,2.855150117027978,3.037348687372987,5.892498804400965,2.0,588.0,1.0,-1969.0,0.014345915897068054,0.7154218009831242,0.2558,0.5705563093622797,,,0.8264
20260730,7385.6657,7240.9077,7389.6333,7240.6004,78539.0,468.0,140132.0,2.0,0.0,553.0,0.0,2.0,-1.0,2390.0,-4174.0,7215.722839999999,7210.13867,7017.001775,5.584169999999176,198.7210649999997,7132.616632301589,6991.435397492064,138853.8,,,2.901408661414395,2.956092332083643,5.857500993498038,2.0,553.0,1.0,-1784.0,0.005958823005131209,0.7509793985349392,0.2768,0.7130257801899593,,,0.8311
20260731,7256.2134,7342.388,7369.6112,7231.8317,77421.0,-1118.0,124911.0,2.0,0.0,595.0,0.0,2.0,-1.0,1404.0,-4370.0,7190.15994,7235.75116,7053.493015,-45.59122000000025,136.6669249999995,7159.072509285715,7024.982630079365,141536.5,,,2.806746551508533,2.879934301819118,5.686680853327651,2.0,595.0,1.0,-2966.0,-0.0144405264721458,1.3944452965614444,0.2669,0.6458616010854819,,,0.9212
20260803,7251.3375,7343.9499,7399.4405,7143.463,81884.0,4463.0,86839.0,1.0,-1.0,419.0,-463.0,2.0,-1.0,2625.0,-3515.0,7232.39056,7233.535330000001,7087.96307,-1.14477000000079,144.42749,7180.612559920633,7056.640951460317,134208.2,,,2.667739208096411,2.956092332083643,5.623831540180054,0.0,-44.0,1.0,-890.0,0.05450393239216453,1.2281220691514831,0.2727,0.6852103120759837,,,0.8843
20260804,7200.6684,7245.4107,7365.6156,7199.7971,92037.0,10153.0,152949.0,1.0,-1.0,607.0,-398.0,2.0,-1.0,2350.0,-2607.0,7258.3537,7241.06689,7114.413614999999,17.2868099999996,143.9400850000002,7195.092932460318,7086.455935484128,135182.6,,,2.724205005682636,2.879934301819118,5.604139307501754,0.0,209.0,1.0,-257.0,0.11031433010637026,1.2806505156314512,0.2654,0.6356852103120761,,,0.8889
20260805,6950.1871,7130.4345,7174.4241,6925.4805,99169.0,7132.0,156934.0,1.0,0.0,284.0,0.0,1.0,-2.0,2363.0,-2420.0,7208.81442,7208.908409999999,7123.063714999999,-0.09398999999939406,85.75070500000038,7185.934075079365,7111.197893301588,137937.7,,,2.875632046132099,2.956092332083643,5.831724378215743,1.0,284.0,-1.0,-57.0,0.07191763555143241,1.1692656917366966,0.2582,0.5868385345997286,,,0.8761
20260806,6938.4473,6968.0444,6977.6521,6808.7945,93753.0,-5416.0,195062.0,1.0,0.0,333.0,0.0,2.0,-1.0,1693.0,-1918.0,7119.37074,7167.54679,7129.55464,-48.17605000000003,-10.18389999999999,7167.663550714285,7129.382884904762,142965.1,234074.4,,2.872499986764901,2.956092332083643,5.828592318848544,1.0,333.0,1.0,-225.0,-0.0577688180644886,1.0123571833585367,0.2544,0.5610583446404344,,,0.8633
20260807,7078.2625,6954.1121,7114.5722,6929.5086,93166.0,-587.0,147003.0,1.0,0.0,195.0,0.0,2.0,-1.0,2259.0,-1826.0,7083.780559999999,7136.97025,7145.64648,-53.18969000000106,-61.8659200000011,7158.53309309524,7141.482185984127,142081.9,,,2.693972212663682,2.879934301819118,5.5739065144828,1.0,195.0,1.0,433.0,-0.006300581757293433,1.0338158207377746,0.251,0.5379918588873813,,,0.8658
20260810,7002.0188,7033.0003,7113.3397,6982.5011,94258.0,1092.0,161516.0,1.0,0.0,189.0,0.0,2.0,-1.0,2121.0,-2572.0,7033.91682,7133.153690000001,7153.621605,-99.23687000000064,-119.7047849999999,7146.283586111111,7149.966148428573,142386.9,,,2.599892209555926,2.879934301819118,5.479826511375044,1.0,189.0,1.0,-451.0,0.01158522353540283,1.0707711473222672,0.2483,0.519674355495251,,,0.8661
20260811,7139.8205,7049.2944,7150.4752,7026.0721,95260.0,1002.0,146696.0,1.0,-1.0,68.0,0.0,2.0,-1.0,3045.0,-3055.0,7021.74724,7140.05047,7154.044825,-118.3032300000004,-132.2975850000003,7142.50059873016,7156.604424492063,145745.0,,,2.591503975776656,2.879934301819118,5.471438277595774,0.0,68.0,1.0,-10.0,0.01051858072643292,1.0974673921035103,0.2301,0.3962008141112619,,,0.8664
20260812,7093.6416,7100.0494,7110.0828,6967.6835,93484.0,-1776.0,142339.0,1.0,0.0,77.0,0.0,2.0,-1.0,1119.0,-2977.0,7050.43814,7129.626279999999,7154.814855,-79.1881399999993,-104.3767149999994,7135.285593095237,7160.359513079366,145438.1,,,2.652099927104834,2.879934301819118,5.532034228923953,1.0,77.0,1.0,-1858.0,-0.018997903384536392,1.0864571168593014,0.2477,0.5156037991858888,,,0.8645
20260813,7104.978,7075.9703,7142.9416,7004.0763,93563.0,79.0,174032.0,1.0,0.0,180.0,0.0,2.0,-1.0,2132.0,-2610.0,7083.744279999999,7101.557510000001,7155.848090000001,-17.81323000000157,-72.10381000000234,7128.946973968256,7159.992547246033,148828.1,,,2.663265270775101,2.879934301819118,5.543199572594219,1.0,180.0,1.0,-478.0,0.0008443508651924372,1.1127983652285227,0.2414,0.47286295793758487,,,0.8691
20260814,7198.7526,7055.2727,7213.5029,7040.7731,95134.0,1571.0,153977.0,1.0,0.0,199.0,0.0,2.0,-1.0,2247.0,-2485.0,7107.842299999999,7095.81143,7165.781294999999,12.0308699999996,-57.93899499999952,7127.309557698413,7156.816252087301,151734.7,,,2.431989482321402,2.794387540138836,5.226377022460237,1.0,199.0,1.0,-238.0,0.016513549309395168,1.0224287424175649,0.2364,0.43894165535956586,,,0.8565
20260817,7337.6378,7156.3265,7363.5882,7091.9973,100535.0,5401.0,171674.0,1.0,0.0,144.0,0.0,2.0,-1.0,2710.0,-2973.0,7174.9661,7104.44146,7168.988394999998,70.52463999999964,5.977705000001151,7138.774949365079,7152.632491031746,160218.2,,,2.614238222914932,2.794387540138836,5.408625763053768,1.0,144.0,1.0,-263.0,0.05372258417466554,0.6819429081291822,0.2401,0.4640434192673,,,0.7949
20260818,7443.1004,7365.143,7453.6644,7339.7008,102018.0,1483.0,176713.0,1.0,0.0,211.0,0.0,2.0,-1.0,2383.0,-2623.0,7235.622080000001,7128.684660000001,7184.875775,106.9374200000002,50.74630500000058,7161.678334126982,7149.291031198413,162594.6,,0.2849699999999999,2.537472540198143,2.736419028271624,5.273891568469766,1.0,211.0,1.0,-240.0,0.014536650395028328,0.7165607228871155,0.2478,0.5162822252374492,,,0.806
20260819,7409.2839,7453.1926,7482.9055,7404.6348,106391.0,4373.0,140732.0,1.0,0.0,319.0,0.0,2.0,-1.0,1866.0,-3585.0,7298.750539999999,7174.594340000001,7191.751375,124.1561999999985,106.9991649999993,7185.395781190477,7149.237201809524,160974.4,,,2.423853553006126,2.736419028271624,5.160272581277749,1.0,319.0,1.0,-1719.0,0.041103100826197704,0.6975352506493977,0.2372,0.4443690637720489,,,0.7957
20260820,7397.6948,7425.907,7425.907,7320.0916,105806.0,-585.0,155540.0,1.0,0.0,204.0,0.0,2.0,-1.0,2441.0,-3844.0,7357.2939,7220.51909,7194.032939999999,136.7748099999999,163.2609600000005,7205.05049595238,7152.975896333334,157022.2,,,2.372684945290899,2.736419028271624,5.109103973562523,1.0,204.0,1.0,-1403.0,-0.005528987013968962,0.6899073584706549,0.2355,0.43283582089552236,,,0.7941
20260821,7408.196,7464.6983,7472.1814,7326.7683,107275.0,1469.0,224480.0,1.0,0.0,128.0,0.0,2.0,-1.0,1467.0,-3648.0,7399.182580000001,7253.51244,7195.241345,145.6701400000002,203.9412350000002,7227.866355476189,7159.909222571428,164769.9,269376.0,,2.259196260574161,2.678020809352903,4.937217069927064,1.0,128.0,1.0,-2181.0,0.013693777674201818,0.7473944287310693,0.2355,0.43283582089552236,,,0.8114
20260824,7351.867,7413.2353,7462.6971,7250.3051,104028.0,-3247.0,238086.0,1.0,-1.0,55.0,0.0,1.0,-2.0,882.0,-3784.0,7402.02842,7288.497260000001,7210.825475000001,113.5311599999986,191.2029449999991,7243.284218730158,7169.609285833333,172426.9,285703.2,,2.301988489619792,2.736419028271624,5.038407517891415,0.0,55.0,-1.0,-2902.0,-0.03121275041335025,0.7267230854368611,0.2355,0.43283582089552236,,,0.8076
20260825,7457.3209,7368.1995,7659.458,7349.7579,104353.0,325.0,311696.0,1.0,0.0,151.0,0.0,2.0,-1.0,1896.0,-3845.0,7404.87252,7320.2473,7230.148885,84.6252199999999,174.7236350000003,7266.745270793651,7182.033753039682,188926.9,374035.2,,2.324519870838991,2.794387540138836,5.118907410977828,1.0,151.0,1.0,-1949.0,0.0031144289095665673,0.8914694869373342,0.2355,0.43283582089552236,,,0.8333
20260826,7137.9477,7377.5802,7423.7411,7113.0436,99235.0,-5118.0,256273.0,1.0,0.0,197.0,0.0,2.0,-1.0,3071.0,-2228.0,7350.605279999999,7324.67791,7227.152094999999,25.92736999999852,123.4531849999994,7266.158321349207,7195.12102586508,200320.3,307527.6,0.2970449999999999,2.49267799897347,2.872871621267961,5.365549620241431,1.0,197.0,1.0,843.0,-0.05157454527132564,1.0120528231174688,0.2583,0.5875169606512889,,,0.8526
20260827,7115.6904,7145.519,7195.3555,7101.6814,91204.0,-8031.0,209860.0,1.0,0.0,150.0,0.0,2.0,-1.0,2192.0,-3096.0,7294.2044,7325.749150000001,7213.653330000001,-31.54475000000093,80.55106999999862,7258.247827301589,7208.051111198413,203903.1,,,2.401807605756582,2.872871621267961,5.274679227024544,1.0,150.0,1.0,-904.0,-0.08805534844962941,1.0126045941023212,0.2583,0.5875169606512889,,,0.855
20260828,7232.4063,7145.1602,7250.635,7122.2713,90950.0,-254.0,161822.0,1.0,0.0,146.0,0.0,2.0,-1.0,2543.0,-2836.0,7259.04646,7329.11452,7212.462974999999,-70.0680599999996,46.58348500000102,7256.776080873016,7220.997763515872,204687.6,,,2.400405771525413,2.794387540138836,5.19479331166425,1.0,146.0,1.0,-293.0,-0.002792743265530511,1.0523853763023998,0.2583,0.5875169606512889,,,0.8616
20260831,7602.1802,7206.8859,7605.63,7203.312,95744.0,4794.0,221233.0,1.0,-1.0,0.0,-153.0,2.0,-1.0,3298.0,-3490.0,7309.1091,7355.56876,7230.00511,-46.45966000000044,79.10398999999961,7281.526034444443,7235.272872023808,209643.5,,,2.637732426609241,2.805108620227621,5.442841046836862,0.0,-153.0,1.0,-192.0,0.05007102272727273,1.3035305700659627,0.2583,0.5875169606512889,,,0.8996
20260901,7700.359,7641.7902,7788.2853,7571.3797,102259.0,6515.0,220570.0,1.0,0.0,108.0,0.0,2.0,-1.0,2936.0,-3871.0,7357.716719999999,7381.294619999999,7254.98964,-23.57789999999932,102.7270799999997,7326.410297698413,7251.746068380952,214029.2,,,2.665687471351928,2.776257129381415,5.441944600733343,1.0,108.0,1.0,-935.0,0.06371077362383751,1.0583053383112484,0.2575,0.5820895522388061,,,0.8601
20260902,7803.8035,7724.0872,8021.5055,7720.3713,101263.0,-996.0,171791.0,1.0,0.0,180.0,0.0,2.0,-1.0,3337.0,-3428.0,7490.88788,7420.746580000001,7297.670459999999,70.14129999999932,193.2174200000009,7379.931379047618,7271.199628166667,217135.1,,,2.823659126896597,2.776257129381415,5.599916256278012,1.0,180.0,1.0,-91.0,-0.00983577417220505,1.1629418980874942,0.2575,0.5820895522388061,,,0.875
20260903,7707.4092,7767.0755,7860.1906,7663.4281,103980.0,2717.0,149627.0,1.0,0.0,119.0,0.0,2.0,-1.0,3912.0,-3281.0,7609.23164,7451.71802,7336.118554999999,157.5136199999997,273.1130850000009,7421.993029920635,7292.893881563492,216543.8,,,2.832947807601261,2.736419028271624,5.569366835872885,1.0,119.0,1.0,631.0,0.026130025004808616,1.0637584235649995,0.2575,0.5820895522388061,,,0.8586
20260904,7774.1453,7779.5719,7801.7234,7712.1075,103955.0,-25.0,91582.0,1.0,0.0,188.0,0.0,2.0,-1.0,4120.0,-3607.0,7717.57944,7488.31295,7370.912694999999,229.26649,346.6667450000004,7464.967930396826,7316.604039055555,203254.0,,0.3105,2.651543386666912,2.678020809352903,5.329564196019815,1.0,188.0,1.0,513.0,-0.00024048867298350247,1.1807979153526404,0.27,0.6668928086838536,,,0.8797
