,收盘价,开盘价,最高价,最低价,持仓量,持仓量变动,成交量,家人多头席位数,家人空头席位数,家人多头持仓量,家人空头持仓量,机构多头席位数,机构空头席位数,机构多头持仓量,机构空头持仓量,ma5,ma10,ma20,diff5_10,diff5_20,DKX,MADKX,成交量MA10,成交量放大信号,IV上涨信号,ATRMA14,ATR60D60pct,推荐止损宽度,家人净多头席位,家人净多头持仓量,机构净多头席位,机构净多头持仓量,持仓量变幅,CB_index,IV,IV_pct,趋势横截面分位数,趋势历史分位数,CB_index历史分位数
20240506,7914.0742,7884.6313,7985.0894,7745.9365,679604.0,64431.0,1153751.0,0.0,-2.0,0.0,-14392.0,2.0,-1.0,26394.0,-2514.0,7647.74004,7163.001859999999,6718.18042,484.7381800000003,929.55962,6979.137766587301,6536.77681618254,898363.7,1384501.2,,2.746318756652501,0.981700313995188,3.728019070647689,-2.0,-14392.0,1.0,23880.0,0.09480668153807217,0.6917213386500833,,,0.3836,0.344,0.955
20240507,8063.062,7993.4834,8063.9854,7930.8638,752229.0,72625.0,1096859.0,0.0,-3.0,0.0,-25803.0,3.0,-1.0,37377.0,0.0,7815.382820000001,7320.921340000001,6814.577,494.4614799999999,1000.80582,7106.492036666667,6620.852486460319,983623.1,,,2.740386484440966,0.9969392680358116,3.737325752476777,-3.0,-25803.0,2.0,37377.0,0.09654639744014124,0.6898822685084927,,,0.3562,0.3253,0.954
20240508,8244.5674,8049.332,8321.6152,8024.228,864469.0,112240.0,1955651.0,0.0,-3.0,0.0,-28496.0,3.0,0.0,56526.0,0.0,7980.96486,7495.626910000001,6918.77883,485.3379499999992,1062.18603,7239.641703333333,6715.738425936508,1161798.0,2346781.2,,2.930774837587085,1.01518148523611,3.945956322823196,-3.0,-28496.0,3.0,56526.0,0.12983692879675268,0.7043554987298908,,,0.3562,0.2773,0.957
20240509,8349.6465,8276.6699,8352.8438,8215.7666,898503.0,34034.0,1429531.0,1.0,-3.0,511.0,-28674.0,3.0,0.0,57562.0,0.0,8090.89044,7661.306989999999,7024.618115,429.583450000001,1066.272325,7375.449467380951,6820.481773119047,1259249.1,,,2.96290238900321,1.01518148523611,3.978083874239321,-2.0,-28163.0,3.0,57562.0,0.037878560227400465,0.7050205152313607,,,0.2603,0.156,0.957
20240510,8752.3857,8373.7002,8759.3242,8336.9648,999239.0,100736.0,2062091.0,0.0,-3.0,0.0,-33815.0,3.0,0.0,69669.0,0.0,8264.74716,7869.662160000002,7147.956784999999,395.0849999999991,1116.790375000001,7530.634946428572,6936.750274063493,1433496.5,2474509.2,0.421015,3.238091065703758,1.01518148523611,4.253272550939869,-3.0,-33815.0,3.0,69669.0,0.10081271847876234,0.6387305096491985,,,0.2466,0.12,0.947
20240513,9079.9541,8752.5176,9110.8164,8680.2666,1160110.0,160871.0,2661956.0,1.0,-3.0,0.0,-29068.0,3.0,0.0,65872.0,0.0,8497.92314,8072.83159,7289.326389999999,425.091550000001,1208.596750000002,7706.81873174603,7064.303100198413,1574538.2,3194347.2,0.481275,3.462704545541349,1.035301423579748,4.498005969121096,-2.0,-29068.0,3.0,65872.0,0.1386687469291705,0.5207702909663344,,,0.2466,0.1013,0.932
20240514,8508.1445,9063.2363,9143.4688,8421.1055,1077971.0,-82139.0,3953284.0,1.0,-3.0,0.0,-17800.0,3.0,0.0,57739.0,0.0,8586.93964,8201.161230000002,7400.682174999999,385.778409999999,1186.257465000002,7844.288488730157,7197.450143039682,1871426.2,4743940.8,,4.007245567576542,1.085984185166606,5.093229752743149,-2.0,-17800.0,3.0,57739.0,-0.07619778268617616,0.2117802885583991,,,0.2192,0.1,0.66
20240515,8190.873,8545.4834,8749.668,8121.6221,1019340.0,-58631.0,4238878.0,2.0,-2.0,7965.0,0.0,3.0,-1.0,48294.0,-473.0,8576.200760000002,8278.58281,7494.110715000001,297.6179500000017,1082.090045000001,7935.978986190476,7330.475056666665,2191195.3,5086653.6,,4.316880315885061,1.143318914702126,5.460199230587187,0.0,7965.0,2.0,47821.0,-0.05751859046049405,0.1534131040869067,,,0.1781,0.0813,0.579
20240516,8267.8096,8276.584,8388.3682,8094.8926,1011540.0,-7800.0,2512513.0,2.0,-2.0,11135.0,-9389.0,3.0,-1.0,50841.0,0.0,8559.83338,8325.361910000001,7590.51633,234.4714699999986,969.3170499999997,8011.303122619049,7458.631073857143,2267334.4,,,4.43360779953326,1.153496547983309,5.587104347516568,0.0,1746.0,2.0,50841.0,-0.007711014888190284,0.1360291290861301,,,0.1233,0.064,0.549
20240517,8297.4951,8393.3877,8469.0439,8196.3584,982914.0,-28626.0,1777633.0,2.0,-2.0,9553.0,-7472.0,3.0,-1.0,45082.0,0.0,8468.85526,8366.801210000001,7688.502219999999,102.0540499999988,780.3530400000009,8083.426317063494,7581.317156674602,2284214.7,,,4.179564381886168,1.153496547983309,5.333060929869477,0.0,2081.0,2.0,45082.0,-0.02912360593093597,0.0615551170936076,,,0.1233,0.0613,0.432
20240520,8924.2373,8381.1465,8967.6465,8343.5898,1046592.0,63678.0,2167991.0,2.0,-1.0,19695.0,0.0,3.0,-1.0,50945.0,0.0,8437.7119,8467.81752,7815.40969,-30.10562000000027,622.3022099999998,8185.860040952381,7701.98938411111,2385638.7,,,4.505066875943664,1.198344720879904,5.703411596823567,1.0,19695.0,2.0,50945.0,0.06084319390937443,0.2442447987847692,,,0.0959,0.0147,0.698
20240521,8747.3018,8941.2178,9109.9277,8504.9805,1030322.0,-16270.0,3313363.0,0.0,-1.0,0.0,-8573.0,3.0,0.0,56170.0,0.0,8485.54336,8536.2415,7928.58142,-50.69814000000042,556.9619399999992,8282.790133809522,7819.619193825396,2607289.1,3976035.6,,4.762364001364083,1.300159915018449,6.062523916382531,-1.0,-8573.0,3.0,56170.0,-0.015791179844747566,0.2664012806950708,,,0.0822,0.0107,0.725
20240522,8853.3682,8871.4766,8898.9863,8697.0225,1069947.0,39625.0,1752010.0,0.0,0.0,0.0,0.0,3.0,0.0,59794.0,0.0,8618.042400000002,8597.12158,8046.374245000001,20.92082000000119,571.6681550000012,8371.418268650794,7932.796850357144,2586925.0,,0.4098599999999999,4.483880581968967,1.380732364245634,5.864612946214601,0.0,0.0,3.0,59794.0,0.037034544701746906,0.3681137773117532,,,0.0822,0.0013,0.842
20240523,8840.0781,8710.1563,8845.7676,8487.2451,1108166.0,38219.0,2053062.0,1.0,-1.0,10136.0,-9862.0,3.0,0.0,61466.0,0.0,8732.4961,8646.164740000002,8153.735865,86.33135999999831,578.7602350000006,8442.485527142857,8039.500456333333,2649278.1,,0.4263049999999999,4.566963459019003,1.42826041945941,5.995223878478412,0.0,274.0,3.0,61466.0,0.034488515258544294,0.2444893401318013,,,0.1096,0.0027,0.698
20240524,9049.2207,8841.9551,9119.8564,8749.8877,1197652.0,89486.0,2432331.0,1.0,0.0,10560.0,0.0,3.0,0.0,76889.0,0.0,8882.84122,8675.84824,8272.7552,206.9929800000009,610.0860200000006,8522.487200238093,8138.685681714285,2686302.1,,0.43631,4.632683101105401,1.50173426194143,6.134417363046832,1.0,10560.0,3.0,76889.0,0.07471786462177661,0.4183894871740413,,,0.1096,0.004,0.88
20240527,9449.1895,9134.4189,9457.2979,9113.6992,1321751.0,124099.0,2185849.0,1.0,-2.0,18533.0,-25440.0,3.0,0.0,69959.0,0.0,8987.83166,8712.771780000001,8392.801685,275.0598799999989,595.0299749999995,8627.595338095238,8230.763342349204,2638691.4,,0.5073799999999999,4.792242368874717,1.564604902947992,6.356847271822709,-1.0,-6907.0,3.0,69959.0,0.09388984763393407,0.547896540832828,,,0.1096,0.0053,0.937
20240528,9481.9766,9526.2217,9623.1426,9233.3477,1328311.0,6560.0,3782997.0,1.0,-2.0,20378.0,-18965.0,3.0,0.0,70162.0,0.0,9134.76662,8810.154989999999,8505.65811,324.6116300000012,629.10851,8733.73534357143,8319.708027833334,2621662.7,4539596.399999999,,4.819205149946289,1.625752087218183,6.444957237164473,-1.0,1413.0,3.0,70162.0,0.004938602480894911,0.6109327309142676,,,0.1096,0.0173,0.943
20240529,9631.0215,9445.4492,9638.1807,9319.6016,1374404.0,46093.0,1846659.0,1.0,-1.0,21618.0,-13122.0,3.0,-1.0,76214.0,0.0,9290.29728,8954.16984,8616.376325000001,336.1274400000002,673.9209549999996,8835.073179206349,8409.61744713492,2382440.8,,,4.91572071437264,1.668088243419447,6.583808957792087,0.0,8496.0,2.0,76214.0,0.03353671846123847,0.7753107834439679,,,0.1233,0.0187,0.966
20240530,9658.2617,9687.749,9832.9551,9518.2031,1360845.0,-13559.0,2262207.0,1.0,-3.0,21576.0,-37010.0,3.0,0.0,68363.0,0.0,9453.934,9093.21505,8709.28848,360.7189499999986,744.64552,8939.676399761902,8502.454774849208,2357410.2,,,4.793990009757784,1.768284659423317,6.562274669181101,-2.0,-15434.0,3.0,68363.0,-0.009963662283360706,0.7691054117986649,,,0.1096,0.02,0.964
20240531,9418.877,9593.874,9636.1865,9231.1104,1250289.0,-110556.0,1857083.0,1.0,-2.0,18913.0,-19843.0,3.0,-2.0,63648.0,0.0,9527.86526,9205.35324,8786.077225,322.5120200000001,741.7880349999996,9013.50761230159,8595.462904373015,2365355.2,,,4.778312730546861,2.028023927935887,6.806336658482748,-1.0,-930.0,1.0,63648.0,-0.08842435628882603,0.8582571241354089,,,0.0959,0.0213,0.971
20240603,8658.7656,9207.2979,9286.4365,8658.7051,1101446.0,-148843.0,1522918.0,1.0,-2.0,9243.0,-17932.0,2.0,-1.0,58760.0,-6149.0,9369.780480000001,9178.80607,8823.311795,190.9744100000007,546.4686850000016,9021.981140952383,8679.075014373017,2300847.9,,,4.802710454862094,2.506944107166031,7.309654562028125,-1.0,-8689.0,1.0,52611.0,-0.1351341781621614,0.851156655785307,,,0.1507,0.0693,0.97
20240604,8658.7412,8554.4346,8733.1162,8227.6895,990656.0,-110790.0,2067723.0,1.0,-2.0,10415.0,-1449.0,2.0,-1.0,56319.0,-13793.0,9205.1334,9169.95001,8853.095754999998,35.18339000000014,352.0376450000022,9000.218056825397,8750.817806674604,2176283.9,,,4.687501810190319,2.916075710480791,7.603577520671109,-1.0,8966.0,1.0,42526.0,-0.11183498611021384,0.5369858506104737,,,0.1507,0.0773,0.931
20240605,8376.5811,8605.0371,8605.0371,8348.0273,974566.0,-16090.0,1090536.0,1.0,0.0,13718.0,0.0,2.0,-1.0,49453.0,-17285.0,8954.245319999998,9122.2713,8859.69644,-168.0259800000022,94.54887999999846,8963.321170396826,8810.008096849206,2110136.5,,,4.697132991795416,3.045223842900246,7.742356834695662,1.0,13718.0,1.0,32168.0,-0.016509913130562732,0.3807239015012508,,,0.137,0.0907,0.845
20240606,8414.1416,8464.0557,8559.6035,8305.1826,951260.0,-23306.0,930195.0,1.0,0.0,12604.0,0.0,2.0,-1.0,50332.0,-17108.0,8705.4213,9079.677650000001,8862.921194999999,-374.2563500000015,-157.499894999999,8922.341639603173,8857.993708095239,1997849.8,,,4.678312993661516,3.046340689294397,7.724653682955913,1.0,12604.0,1.0,33224.0,-0.02450013666084982,0.4751522387218322,,,0.137,0.1013,0.909
20240607,8578.4404,8547.0947,8759.4541,8451.1504,941910.0,-9350.0,1222129.0,1.0,0.0,14465.0,0.0,2.0,-1.0,50426.0,-17520.0,8537.33398,9032.59962,8854.22393,-495.2656400000014,-316.8899500000007,8896.125778015874,8895.357565873017,1876829.6,,,4.43298527337131,3.151709772019289,7.5846950453906,1.0,14465.0,1.0,32906.0,-0.009926638426176599,0.3840642942873211,,,0.1781,0.108,0.846
20240611,8516.2061,8532.7539,8604.585,8416.2119,968782.0,26872.0,771108.0,1.0,0.0,14427.0,0.0,2.0,-1.0,50481.0,-16542.0,8508.82208,8939.30128,8826.036530000001,-430.4791999999998,-317.2144500000013,8866.995650873017,8919.297597150795,1735355.5,,,4.109435419064453,3.151709772019289,7.261145191083742,1.0,14427.0,1.0,33939.0,0.02773792246346443,0.3069193783391639,,,0.1781,0.1213,0.781
20240612,8516.1455,8501.2393,8653.4043,8483.584,970247.0,1465.0,576150.0,1.0,0.0,5715.0,0.0,2.0,-1.0,50572.0,-20400.0,8480.30294,8842.71817,8826.43658,-362.4152300000005,-346.13364,8838.830040555556,8929.807066849207,1414670.8,,,4.094835902489524,3.151709772019289,7.246545674508813,1.0,5715.0,1.0,30172.0,0.001509924792346691,0.2920498132573756,,,0.5753,0.404,0.753
20240613,7928.939,8464.751,8464.751,7713.041,865700.0,-104547.0,1702560.0,1.0,0.0,10244.0,0.0,2.0,-1.0,42637.0,-17629.0,8390.77452,8672.50992,8813.33988,-281.7353999999996,-422.5653599999987,8765.863741746032,8922.886123103175,1400260.9,2043072.0,,4.476293497306091,3.269876936141053,7.746170433447143,1.0,10244.0,1.0,25008.0,-0.12076585422201687,0.0536788736918784,,,0.1781,0.1133,0.416
20240614,7677.0542,7855.0488,7921.2026,7610.9878,828796.0,-36904.0,909692.0,1.0,0.0,10101.0,0.0,2.0,-1.0,48182.0,-14653.0,8243.357039999999,8474.389169999999,8783.80211,-231.0321299999996,-540.4450700000016,8662.947824365077,8895.213265563492,1265009.4,,,4.483941812041262,3.28725886337819,7.771200675419452,1.0,10101.0,1.0,33529.0,-0.04452724192684328,-0.0205553743438291,,,0.137,0.096,0.327
20240617,7669.8408,7702.0117,7832.1821,7617.6143,824906.0,-3890.0,619403.0,1.0,0.0,10451.0,0.0,2.0,-1.0,45149.0,-14740.0,8061.637120000001,8299.485550000001,8752.419395,-237.84843,-690.7822749999996,8557.406310714283,8849.603135404763,1141241.4,,,4.390098145841115,3.28725886337819,7.677357009219305,1.0,10451.0,1.0,30409.0,-0.004715688817877431,0.0342743365448686,,,0.1507,0.084,0.389
20240618,8082.7588,7752.561,8138.188,7736.6729,826766.0,1860.0,1053134.0,1.0,0.0,11834.0,0.0,2.0,-1.0,43889.0,-14119.0,7974.94766,8241.88487,8710.34547,-266.9372100000001,-735.3978100000004,8485.502893253966,8795.95531063492,1094263.0,,,4.506956207892615,3.296302267976185,7.8032584758688,1.0,11834.0,1.0,29770.0,0.002249729669580026,0.1174546608638189,,,0.1507,0.0707,0.515
20240619,8042.6553,8170.666,8182.9233,7966.5249,840674.0,13908.0,742025.0,1.0,0.0,6784.0,0.0,2.0,-1.0,43062.0,-13834.0,7880.24962,8180.27628,8675.113145,-300.0266600000004,-794.8635249999998,8424.67846611111,8738.40135156349,961693.2,,,4.481072619254714,3.296302267976185,7.777374887230899,1.0,6784.0,1.0,29228.0,0.01654386837228224,0.0819188270120813,,,0.1233,0.064,0.461
20240620,8071.5684,7996.5601,8192.7783,7988.731,843947.0,3273.0,491751.0,1.0,0.0,11980.0,0.0,2.0,-1.0,41710.0,-12906.0,7908.775500000001,8149.77501,8636.023154999999,-240.9995099999996,-727.2476549999983,8366.897061587302,8678.75894068254,901814.7,,,4.447110199092768,3.296302267976185,7.743412467068953,1.0,11980.0,1.0,28804.0,0.003878205621917016,0.0804268809150072,,,0.137,0.0613,0.459
20240621,8017.5244,8126.7041,8128.8901,7915.5366,822571.0,-21376.0,505940.0,1.0,0.0,1512.0,0.0,2.0,-1.0,34849.0,-11240.0,7976.86954,8110.113289999999,8594.89547,-133.2437499999996,-618.0259299999998,8308.162889920635,8617.341065714285,859389.2,,,4.315629473529661,3.296302267976185,7.611931741505846,1.0,1512.0,1.0,23609.0,-0.025986814512060356,0.1019897268335991,,,0.1233,0.0293,0.489
20240624,7826.8398,7955.8853,7955.8853,7762.4424,797914.0,-24657.0,411787.0,0.0,0.0,0.0,0.0,2.0,-1.0,29792.0,-12035.0,8008.269340000001,8034.953229999999,8533.776425,-26.68388999999843,-525.5070849999993,8236.5896284127,8551.387450753968,778355.0,,,3.905420013583342,3.296302267976185,7.201722281559528,0.0,0.0,1.0,17757.0,-0.030901826512631687,0.1698133695596829,,,0.1233,0.0293,0.593
20240625,7901.5381,7837.9395,8062.0825,7837.9395,786278.0,-11636.0,444959.0,1.0,0.0,7019.0,0.0,2.0,-1.0,32103.0,-10986.0,7972.025200000001,7973.48643,8456.393854999998,-1.461229999998977,-484.3686549999975,8176.74424626984,8482.36231029365,745740.1,,,3.693651360081037,3.296302267976185,6.989953628057222,1.0,7019.0,1.0,21117.0,-0.014798837052543756,0.1321244292985392,,,0.1233,0.0307,0.538
20240626,7768.4751,7862.8672,7862.8672,7639.4199,758402.0,-27876.0,532930.0,1.0,0.0,1238.0,0.0,2.0,-1.0,30400.0,-8643.0,7917.18916,7898.71939,8370.71878,18.4697699999997,-453.5296199999993,8110.597691031746,8409.539075341268,741418.1,,,3.67052606809831,3.322698879586673,6.993224947684983,1.0,1238.0,1.0,21757.0,-0.03675623218293201,0.1969943597550789,,,0.0685,0.032,0.636
20240627,7533.1353,7770.3711,7828.7065,7504.8813,743316.0,-15086.0,507795.0,1.0,-1.0,1778.0,0.0,2.0,-1.0,23014.0,-9079.0,7809.502539999999,7859.13902,8265.82447,-49.63648000000012,-456.3219300000001,8036.717819126984,8336.624483079364,621941.6,,,3.761260794385065,3.356640062313212,7.117900856698277,0.0,1778.0,1.0,13935.0,-0.020295540523814905,0.1113901764746507,,,0.1096,0.0333,0.505
20240628,7720.8027,7540.4282,7774.8784,7517.6528,732382.0,-10934.0,456017.0,1.0,-1.0,800.0,0.0,2.0,-1.0,34887.0,-7981.0,7750.1582,7863.51387,8168.95152,-113.3556699999999,-418.7933199999998,7978.469704365079,8268.176671079364,576574.1,,,3.711088095844505,3.356640062313212,7.067728158157717,0.0,800.0,1.0,26906.0,-0.014929367461242904,0.1254935796330832,,,0.0685,0.0347,0.53
20240701,7628.7114,7700.6362,7706.208,7547.6655,723976.0,-8406.0,350211.0,1.0,0.0,1938.0,0.0,2.0,-1.0,22053.0,-9046.0,7710.532519999999,7859.400929999999,8079.443239999999,-148.86841,-368.9107199999999,7927.526146190474,8205.188654626985,549654.9,,,3.727122567569917,3.356640062313212,7.083762629883129,1.0,1938.0,1.0,13007.0,-0.011610882128689349,0.0320363797773766,,,0.1096,0.036,0.384
20240702,7618.6147,7656.8887,7768.4482,7604.3301,717408.0,-6568.0,322611.0,1.0,-1.0,2103.0,0.0,2.0,-1.0,22474.0,-9610.0,7653.947840000001,7812.98652,8027.435695,-159.0386799999997,-373.4878549999994,7882.558408333334,8144.894206134921,476602.6,,,3.752467588866765,3.356640062313212,7.109107651179977,0.0,2103.0,1.0,12864.0,-0.009155180873366342,0.0523693915233822,,,0.0411,0.028,0.418
20240703,7684.5654,7599.9053,7727.9302,7532.6226,705293.0,-12115.0,339012.0,1.0,-1.0,1804.0,0.0,2.0,-1.0,26756.0,-6398.0,7637.1659,7777.177530000001,7978.726904999999,-140.0116300000009,-341.5610049999987,7844.681328492064,8086.894492373016,436301.3,,,3.20449571180625,3.356640062313212,6.561135774119462,0.0,1804.0,1.0,20358.0,-0.017177258245863775,0.0497220050893167,,,0.0685,0.0293,0.413
20240704,7722.8311,7723.5122,7889.7476,7688.8105,707149.0,1856.0,516813.0,1.0,0.0,3949.0,0.0,2.0,-1.0,19123.0,-3981.0,7675.10506,7742.3038,7946.039405,-67.19873999999982,-270.9343450000006,7820.178937539685,8032.222679968254,438807.5,,,3.099970079292249,3.356640062313212,6.456610141605461,1.0,3949.0,1.0,15142.0,0.002624623664885335,0.0406282063344934,,,0.0959,0.0307,0.405
20240705,7686.4238,7618.3286,7736.0327,7613.5674,704116.0,-3033.0,281170.0,1.0,0.0,3298.0,0.0,2.0,-1.0,15426.0,-3722.0,7668.22928,7709.193740000001,7909.653515,-40.96446000000105,-241.4242350000004,7791.707276825398,7980.57711865873,416330.5,,,3.015238965192466,3.356640062313212,6.371879027505678,1.0,3298.0,1.0,11704.0,-0.0043075288730834126,0.0005947007759371,,,0.0959,0.032,0.344
20240708,7556.7881,7669.332,7795.5854,7516.5771,709291.0,5175.0,444656.0,1.0,0.0,3668.0,0.0,3.0,-2.0,12545.0,-3260.0,7653.844620000001,7682.18857,7858.570900000001,-28.3439499999995,-204.7262799999999,7762.750042777778,7933.193160095239,419617.4,,,2.855762157667237,3.44432299819896,6.300085155866197,1.0,3668.0,1.0,9285.0,0.007296018136420735,-0.0476532159774998,,,0.0274,0.0333,0.296
20240709,7435.7788,7567.0879,7585.5093,7310.3257,698608.0,-10683.0,505394.0,1.0,0.0,4575.0,0.0,2.0,-2.0,15654.0,-3918.0,7617.27744,7635.612639999999,7804.549535,-18.33519999999953,-187.2720950000003,7723.01599936508,7887.820335404763,425660.9,,,2.926126970774459,3.572597811603299,6.498724782377758,1.0,4575.0,0.0,11736.0,-0.015291837482536702,-0.1318300021831414,,,0.0822,0.0347,0.196
20240710,7191.7905,7403.6211,7469.8926,7162.5195,671539.0,-27069.0,504825.0,1.0,0.0,5430.0,0.0,1.0,-2.0,21087.0,-30644.0,7518.72246,7577.94418,7738.331784999999,-59.22172000000046,-219.6093249999994,7672.545418809524,7844.015108182539,422850.4,,,3.046422081319665,3.64110298916682,6.687525070486485,1.0,5430.0,-1.0,-9557.0,-0.0403089023869053,-0.1725427313993335,,,0.0959,0.036,0.155
20240711,7272.0366,7233.479,7317.5669,7208.2402,660169.0,-11370.0,290959.0,1.0,0.0,8269.0,0.0,1.0,-2.0,16064.0,-27777.0,7428.56356,7551.834310000001,7705.486664999999,-123.2707500000015,-276.9231049999999,7624.667646507935,7802.810090920635,401166.8,,,2.985542296347963,3.64110298916682,6.626645285514783,1.0,8269.0,-1.0,-11713.0,-0.01722286263062943,-0.0972577901088968,,,0.0822,0.0373,0.239
20240712,7178.5908,7242.7666,7291.5962,7175.9648,649785.0,-10384.0,238697.0,1.0,0.0,8048.0,0.0,2.0,-2.0,13606.0,-29246.0,7326.996960000001,7497.61312,7680.563494999999,-170.6161599999987,-353.5665349999981,7574.615671904761,7762.424687674604,379434.8,,,2.872136480981622,3.64110298916682,6.513239470148442,1.0,8048.0,0.0,-15640.0,-0.015980670529482828,-0.1236896189238042,,,0.0822,0.048,0.211
20240715,7145.3125,7257.5723,7296.4277,7111.5454,620213.0,-29572.0,310575.0,1.0,0.0,7536.0,0.0,1.0,-2.0,14813.0,-30357.0,7244.70184,7449.273230000001,7654.33708,-204.571390000001,-409.6352400000005,7524.613227142856,7722.133395769842,375471.2,,,2.844897068679715,3.64110298916682,6.486000057846535,1.0,7536.0,-1.0,-15544.0,-0.0476803936712065,-0.0466349005621816,,,0.0822,0.0493,0.301
20240716,7165.1035,7155.1323,7199.7051,7124.8838,613865.0,-6348.0,143455.0,1.0,0.0,8265.0,0.0,2.0,-2.0,16540.0,-29139.0,7190.566779999999,7403.92211,7608.454315,-213.3553300000003,-417.8875350000008,7477.503043253969,7681.627859261904,357555.6,,,2.68215476007758,3.64110298916682,6.3232577492444,1.0,8265.0,0.0,-12599.0,-0.010341035895514486,-0.0850983428901279,,,0.0959,0.0507,0.256
20240717,7015.0854,7169.0894,7265.5747,6934.8672,624527.0,10662.0,421529.0,1.0,0.0,9727.0,0.0,1.0,-2.0,12776.0,-38194.0,7155.225759999999,7336.97411,7557.07582,-181.7483500000008,-401.8500600000007,7424.981338650793,7639.657860277778,365807.3,,,2.702128528229139,3.695614368367895,6.397742896597034,1.0,9727.0,-1.0,-25418.0,0.017072120180552642,-0.0842139099301176,,,0.0685,0.052,0.259
20240718,7053.5791,6990.9863,7075.7915,6967.8101,611716.0,-12811.0,167276.0,1.0,0.0,8829.0,0.0,2.0,-1.0,17620.0,-35053.0,7111.53426,7270.04891,7506.176355000001,-158.5146500000001,-394.6420950000002,7373.356558174603,7594.97562234127,330853.6,,,2.575173187904175,3.695614368367895,6.270787556272071,1.0,8829.0,1.0,-17433.0,-0.020942725055417874,-0.1908381221032456,,,0.0548,0.0533,0.138
20240719,7182.0645,7027.6377,7202.4663,6944.4478,616576.0,4860.0,402597.0,1.0,0.0,8051.0,0.0,2.0,-2.0,14058.0,-31515.0,7112.229000000001,7219.61298,7464.403359999999,-107.3839799999987,-352.1743599999982,7335.614307301586,7549.366325388888,342996.3,,0.2852,2.668832283627377,3.695614368367895,6.364446651995273,1.0,8051.0,0.0,-17457.0,0.007882239983392153,-0.1567950719775782,,,0.0959,0.0547,0.175
20240722,7134.4409,7163.5132,7236.4282,7105.2437,606980.0,-9596.0,262019.0,1.0,0.0,8627.0,0.0,2.0,-1.0,14946.0,-34522.0,7110.054679999999,7177.378259999999,7429.783415,-67.32358000000022,-319.7287350000006,7303.428796666665,7503.434200777777,324732.6,,0.28543,2.649294151038692,3.695614368367895,6.344908519406587,1.0,8627.0,1.0,-19576.0,-0.015809417114237702,-0.2139430258268313,,,0.0411,0.056,0.114
20240723,7021.8301,7138.7412,7165.8276,7011.0649,596046.0,-10934.0,210562.0,1.0,0.0,12172.0,0.0,2.0,-2.0,12800.0,-35418.0,7081.4,7135.983389999999,7385.798015,-54.58338999999978,-304.3980150000007,7268.160113968255,7457.948612238094,295249.4,,,2.626705001616832,3.64110298916682,6.267807990783652,1.0,12172.0,0.0,-22618.0,-0.018344221754696785,-0.2264517412484741,,,0.0959,0.0573,0.099
20240724,7157.6196,7038.7495,7174.0674,7011.3716,584778.0,-11268.0,197059.0,1.0,0.0,12294.0,0.0,2.0,-1.0,14292.0,-33611.0,7109.906840000001,7132.5663,7355.25524,-22.65945999999985,-245.3483999999999,7241.236904920635,7414.817760849207,264472.8,,,2.599391827247621,3.64110298916682,6.240494816414442,1.0,12294.0,1.0,-19319.0,-0.019268850743359017,-0.1726159921594829,,,0.1096,0.0587,0.158
20240725,7110.6533,7081.7163,7158.2173,6973.9131,578203.0,-6575.0,308063.0,1.0,0.0,11923.0,0.0,2.0,-1.0,18199.0,-33415.0,7121.321679999999,7116.42797,7334.13114,4.893709999999373,-212.8094600000013,7213.91233253968,7373.742229452381,266183.2,,,2.675723488025106,3.64110298916682,6.316826477191926,1.0,11923.0,1.0,-15216.0,-0.01137143875075017,-0.2149271769954651,,,0.0411,0.06,0.114
20240726,7005.8281,7164.3774,7219.291,7004.5972,590768.0,12565.0,336902.0,1.0,0.0,13155.0,0.0,2.0,-1.0,8714.0,-41506.0,7086.0744,7099.151699999999,7298.38241,-13.07729999999901,-212.3080099999997,7188.224560158731,7335.103118277776,276003.7,404282.4,,2.626185688787476,3.598351096756318,6.224536785543794,1.0,13155.0,1.0,-32792.0,0.021268924518592747,-0.2610394201190081,,,0.0822,0.0387,0.078
20240729,6840.5562,7013.1577,7016.3682,6832.293,586591.0,-4177.0,267472.0,1.0,0.0,13612.0,0.0,2.0,-1.0,10554.0,-39023.0,7027.29746,7068.67607,7258.974650000001,-41.37860999999975,-231.6771900000012,7148.646353253968,7297.506430888889,271693.4,,,2.550310207116004,3.598351096756318,6.148661303872322,1.0,13612.0,1.0,-28469.0,-0.007120804785617236,-0.3416428487241901,,,0.0685,0.0227,0.041
20240730,6656.3828,6872.644,6874.001,6582.918,584605.0,-1986.0,331039.0,1.0,0.0,10444.0,0.0,2.0,-1.0,9107.0,-38477.0,6954.208000000001,7017.803999999999,7210.863055,-63.59599999999864,-256.6550549999993,7095.558185396827,7259.311945103174,290451.8,,0.29049,2.547646403605152,3.64110298916682,6.188749392771973,1.0,10444.0,1.0,-29370.0,-0.003397165607546976,-0.2877885822057142,,,0.0822,0.024,0.066
20240731,6660.3945,6706.8774,6749.1201,6653.4419,579113.0,-5492.0,226380.0,1.0,0.0,15900.0,0.0,2.0,-1.0,11497.0,-39073.0,6854.76298,6982.33491,7159.65451,-127.571930000001,-304.8915300000008,7043.169255317463,7221.130736769842,270936.9,,,2.532883767819557,3.64110298916682,6.173986756986377,1.0,15900.0,1.0,-27576.0,-0.009483468684004676,-0.3258771860926585,,,0.0685,0.0253,0.047
20240801,6626.3687,6708.2153,6791.5161,6600.4697,580006.0,893.0,245826.0,1.0,0.0,16363.0,0.0,2.0,-1.0,7063.0,-40184.0,6757.906059999999,6939.613869999999,7104.831389999999,-181.7078099999999,-346.92533,6994.847592142857,7183.279840166666,278791.9,,0.291985,2.624320171301649,3.63238550886232,6.256705680163968,1.0,16363.0,1.0,-33121.0,0.0015396392451112574,-0.3242399202372631,,,0.0822,0.0267,0.048
20240802,6668.1597,6605.04,6713.938,6557.2358,574086.0,-5920.0,224741.0,1.0,0.0,15913.0,0.0,2.0,-1.0,8412.0,-35992.0,6690.372380000001,6888.223390000001,7053.918185,-197.8510100000003,-363.5458049999997,6949.264957063491,7144.644905142857,261006.3,,,2.608227268943961,3.63238550886232,6.24061277780628,1.0,15913.0,1.0,-27580.0,-0.010312043840121516,-0.3920933483707299,,,0.1096,0.0693,0.029
20240805,6665.668,6636.9673,6702.356,6575.2437,573680.0,-406.0,230436.0,1.0,0.0,15590.0,0.0,2.0,-1.0,8069.0,-36335.0,6655.394740000001,6841.3461,7009.362180000001,-185.9513599999991,-353.9674400000004,6909.506408968256,7105.252666373015,257848.0,,,2.675704889540954,3.566786158066965,6.24249104760792,1.0,15590.0,1.0,-28266.0,-0.0007077116162320457,-0.3280670788007173,,,0.0959,0.0693,0.046
20240806,6525.71,6691.8052,6722.8203,6507.6401,576665.0,2985.0,259436.0,1.0,0.0,15192.0,0.0,1.0,-2.0,7042.0,-39224.0,6629.26018,6791.73409,6963.858740000001,-162.4739099999997,-334.5985600000004,6867.579429682538,7065.194597944444,262735.4,,,2.569346411363342,3.44432299819896,6.013669409562302,1.0,15192.0,-1.0,-32182.0,0.0051763155384842155,-0.3520009442805202,,,0.0822,0.0693,0.039
20240807,6480.9663,6512.542,6551.0444,6466.7671,574746.0,-1919.0,133552.0,1.0,0.0,14202.0,0.0,1.0,-2.0,3803.0,-39567.0,6593.37454,6724.06876,6928.31753,-130.6942200000003,-334.9429900000005,6820.373005000002,7023.108207952381,256384.7,,,2.559954298460062,3.34860556805701,5.908559866517072,1.0,14202.0,-1.0,-35764.0,-0.0033388662122050437,-0.3318422694460882,,,0.0822,0.0693,0.046
20240808,6329.7192,6483.0806,6509.9331,6316.4561,588342.0,13596.0,234779.0,1.0,0.0,13564.0,0.0,1.0,-2.0,3299.0,-42680.0,6534.04464,6645.975350000001,6881.201660000001,-111.9307100000005,-347.1570200000006,6767.263235238097,6978.443298222223,249056.3,,0.28152,2.514929092998691,3.317342550082538,5.83227164308123,1.0,13564.0,-1.0,-39381.0,0.023109008025944094,-0.3261092265068003,,,0.0685,0.0693,0.051
20240809,6455.3018,6350.9453,6603.9873,6332.7134,569072.0,-19270.0,385005.0,1.0,0.0,13214.0,0.0,2.0,-1.0,7453.0,-33964.0,6491.47306,6590.92272,6845.03721,-99.44966000000022,-353.5641500000002,6723.595753253969,6931.980417531746,253866.6,462006.0,,2.684944694795976,3.317342550082538,6.002287244878514,1.0,13214.0,1.0,-26511.0,-0.033862147496274635,-0.3523795029581654,,,0.0548,0.0693,0.039
20240812,6403.606,6413.2866,6469.1987,6324.9741,570784.0,1712.0,190049.0,1.0,0.0,14335.0,0.0,1.0,-2.0,9129.0,-35359.0,6439.06066,6547.227699999999,6807.951885,-108.1670399999994,-368.8912250000003,6679.970796269842,6885.112861833334,246124.3,,0.2921,2.691420892810912,3.317342550082538,6.00876344289345,1.0,14335.0,-1.0,-26230.0,0.0029993833043673265,-0.3210350452284651,,,0.0548,0.0693,0.057
20240813,6484.6763,6445.0972,6580.3716,6426.125,567169.0,-3615.0,263940.0,1.0,0.0,7509.0,0.0,2.0,-2.0,9478.0,-30940.0,6430.85392,6530.05705,6773.930525000001,-99.20313000000078,-343.0766050000011,6648.157006269842,6840.372743920636,239414.4,,0.29256,2.726056727803306,3.301590548232557,6.027647276035863,1.0,7509.0,0.0,-21462.0,-0.006373761612499978,-0.2773131421226947,,,0.0411,0.0013,0.084
20240814,6447.4331,6478.9404,6506.6616,6363.9878,565494.0,-1675.0,257331.0,2.0,-1.0,7819.0,-84.0,2.0,-1.0,9559.0,-33796.0,6424.14728,6508.76091,6745.547909999999,-84.61362999999983,-321.4006299999992,6615.565567142859,6797.612375103176,242509.5,,,2.700527790820941,3.274409376989131,5.974937167810072,1.0,7735.0,1.0,-24237.0,-0.0029620119753702074,-0.2260869261394242,,,0.0137,0.0027,0.113
20240815,6374.6206,6435.3242,6446.707,6281.9375,555971.0,-9523.0,302195.0,1.0,0.0,8266.0,0.0,2.0,-2.0,10742.0,-43032.0,6433.12756,6483.5861,6711.599984999999,-50.45853999999963,-278.472424999999,6579.194466031743,6756.047062492064,248146.4,362634.0,,2.665434558631472,3.274409376989131,5.939843935620603,1.0,8266.0,0.0,-32290.0,-0.017128591239471122,-0.1752301127982636,,,0.0685,0.004,0.169
20240816,6388.54,6412.2974,6572.71,6251.981,565622.0,9651.0,684101.0,1.0,0.0,9005.0,0.0,2.0,-2.0,8265.0,-42265.0,6419.7752,6455.62413,6671.92376,-35.84893000000011,-252.1485599999996,6548.605581349206,6715.981124920635,294082.4,820921.2,0.3026799999999999,2.828543034068913,3.274409376989131,6.102952411058045,1.0,9005.0,0.0,-34000.0,0.01706263193440142,-0.2163300045327773,,,0.0548,0.0053,0.128
20240819,6289.9536,6411.5024,6413.6846,6273.6182,573991.0,8369.0,227916.0,1.0,0.0,9301.0,0.0,1.0,-2.0,7826.0,-48946.0,6397.04472,6418.05269,6629.699395000001,-21.00797000000057,-232.6546750000007,6514.855409047617,6676.516024928572,293830.4,,,2.673641865673158,3.258960265101071,5.932602130774229,1.0,9301.0,-1.0,-41120.0,0.014580367984863875,-0.2897089737789625,,,0.0548,0.0067,0.074
20240820,6275.2241,6297.6235,6322.0923,6233.2915,571246.0,-2745.0,162986.0,2.0,0.0,14984.0,0.0,1.0,-2.0,6110.0,-46452.0,6355.154280000001,6393.0041,6592.369095,-37.84981999999945,-237.2148149999994,6479.185919603176,6637.676673920636,284185.4,,,2.677425133080009,3.142257178153052,5.819682311233061,2.0,14984.0,-1.0,-40342.0,-0.004805285288649723,-0.1966866992482234,,,0.0685,0.008,0.152
20240821,6349.5537,6331.4121,6379.9146,6305.8364,558812.0,-12434.0,240767.0,2.0,0.0,14873.0,0.0,1.0,-2.0,1891.0,-39814.0,6335.5784,6379.86284,6551.9658,-44.28443999999945,-216.3873999999996,6454.433737698411,6601.082747190476,294906.9,,,2.589844541259419,3.059787699038536,5.649632240297954,2.0,14873.0,-1.0,-37923.0,-0.02225077485809181,-0.2294990358453452,,,0.0685,0.0093,0.112
20240822,6246.626,6334.8052,6385.2373,6237.8022,561730.0,2918.0,219047.0,2.0,0.0,15251.0,0.0,1.0,-2.0,3639.0,-47234.0,6309.97948,6371.553519999999,6508.764434999999,-61.57403999999951,-198.7849549999992,6427.134607460315,6567.069884412698,293333.7,,,2.591683609115589,3.036895543115084,5.628579152230674,2.0,15251.0,-1.0,-43595.0,0.005194666476777099,-0.2573986341915119,,,0.0822,0.0107,0.094
20240823,6178.7217,6249.7788,6249.7788,6173.9248,558399.0,-3331.0,146064.0,2.0,0.0,15022.0,0.0,1.0,-2.0,2517.0,-48633.0,6268.01582,6343.89551,6467.409115,-75.87969000000066,-199.3932950000008,6396.644976904761,6534.374806777777,269439.6,,,2.548382129726534,2.995797517647802,5.544179647374335,2.0,15022.0,-1.0,-46116.0,-0.0059652685624437,-0.2653148846765279,,,0.0411,0.012,0.088
20240826,6276.7612,6216.1035,6298.938,6191.8716,546784.0,-11615.0,182173.0,2.0,0.0,15158.0,0.0,1.0,-2.0,3266.0,-41152.0,6265.377340000001,6331.21103,6439.219365,-65.83368999999948,-173.842024999999,6374.827881587302,6503.860515309523,268652.0,,,2.448788921591293,2.920744582228265,5.369533503819557,2.0,15158.0,-1.0,-37886.0,-0.021242391876865455,-0.2330786380654553,,,0.0822,0.0133,0.112
20240827,6298.7876,6271.7368,6378.6548,6270.1475,540678.0,-6106.0,193438.0,2.0,0.0,15462.0,0.0,1.0,-2.0,2865.0,-35633.0,6270.09004,6312.62216,6421.339604999999,-42.53211999999985,-151.2495649999992,6359.757765238094,6475.020591206348,261601.8,,,2.481098972636509,2.83178076084191,5.312879733478418,2.0,15462.0,-1.0,-32768.0,-0.011293228132086011,-0.3334945101379538,,,0.0411,0.0147,0.046
20240828,6357.2319,6337.394,6378.2012,6273.7788,541854.0,1176.0,165842.0,2.0,0.0,15340.0,0.0,1.0,-2.0,3218.0,-33604.0,6271.625679999999,6303.60204,6406.181475,-31.97636000000057,-134.5557950000011,6351.151998333333,6448.579234325396,252452.9,,,2.380074307465142,2.754559110142989,5.134633417608131,2.0,15340.0,-1.0,-30386.0,0.0021703263240651543,-0.2823734717529455,,,0.0274,0.016,0.082
20240829,6369.7314,6385.0791,6388.8306,6286.4658,538519.0,-3335.0,168258.0,2.0,0.0,16393.0,0.0,1.0,-2.0,4489.0,-33731.0,6296.24676,6303.11312,6393.349609999999,-6.866359999999986,-97.10284999999931,6345.945933492064,6425.254381071429,239059.2,,,2.188656849252546,2.704922267564345,4.893579116816891,2.0,16393.0,-1.0,-29242.0,-0.006192910556544895,-0.2676631288103446,,,0.0274,0.0173,0.089
20240830,6362.9063,6394.8394,6445.9316,6361.2588,539238.0,719.0,233250.0,2.0,0.0,10714.0,0.0,1.0,-2.0,6137.0,-41981.0,6333.08368,6300.54975,6378.086939999999,32.5339299999996,-45.0032599999995,6344.006953174604,6404.794518253968,193974.1,279900.0,,2.122523235213272,2.690755897242147,4.813279132455419,2.0,10714.0,-1.0,-35844.0,0.0013333630048327455,-0.3609437626864389,,,0.0685,0.0893,0.036
20240902,6245.7642,6347.8857,6347.8857,6224.5991,539019.0,-219.0,173978.0,1.0,0.0,10885.0,0.0,1.0,-2.0,6255.0,-48020.0,6326.88428,6296.13081,6357.091750000001,30.75347000000056,-30.20747000000028,6333.735257063492,6386.682503055556,188580.3,,,2.084781052421834,2.67290721069138,4.757688263113214,1.0,10885.0,-1.0,-41765.0,-0.00040629365569673796,-0.4016452538376183,,,0.1233,0.1373,0.027
20240903,6208.7788,6237.3394,6263.1289,6195.5742,540088.0,1069.0,129344.0,1.0,0.0,10635.0,0.0,1.0,-2.0,6501.0,-47653.0,6308.88252,6289.486279999999,6341.24519,19.39624000000094,-32.36266999999953,6319.669226190476,6370.730833714286,185216.1,,,2.005273984555067,2.67290721069138,4.678181195246447,1.0,10635.0,-1.0,-41152.0,0.00197930707588393,-0.474300206889228,,,0.137,0.1467,0.017
20240904,6144.959,6205.9897,6218.5098,6115.5474,541311.0,1223.0,164258.0,1.0,0.0,10625.0,0.0,1.0,-2.0,6278.0,-47538.0,6266.42794,6269.02681,6324.444825,-2.598870000000716,-58.01688500000091,6301.84321968254,6355.471781912698,177565.2,,,1.939442042787697,2.67290721069138,4.612349253479077,1.0,10625.0,-1.0,-41260.0,0.002259329664462758,-0.5049718574973591,,,0.1507,0.1653,0.014
20240905,6115.7148,6127.6963,6188.2632,6106.686,539204.0,-2107.0,121905.0,1.0,0.0,10240.0,0.0,1.0,-2.0,3470.0,-50258.0,6215.62462,6255.93569,6313.744605,-40.31107000000065,-98.11998500000027,6281.412147857144,6340.899535952381,167851.0,,,1.672845361223876,2.658531519796314,4.33137688102019,1.0,10240.0,-1.0,-46788.0,-0.003907611961335598,-0.4544530395280048,,,0.1644,0.176,0.022
20240906,6122.9277,6134.3979,6168.8735,6084.2891,538979.0,-225.0,129215.0,1.0,0.0,10146.0,0.0,1.0,-2.0,3533.0,-50801.0,6167.628900000001,6250.35629,6297.1259,-82.7273899999991,-129.4969999999994,6263.266519285714,6327.561690190476,166166.1,,,1.612667525266702,2.620428831249815,4.233096356516517,1.0,10146.0,-1.0,-47268.0,-0.00041745596767220984,-0.4496634154550171,,,0.1918,0.1987,0.023
20240909,6063.0391,6078.5508,6094.7373,5999.187,537437.0,-1542.0,194180.0,1.0,0.0,9238.0,0.0,1.0,-2.0,3234.0,-49863.0,6131.08388,6228.984079999999,6280.097555,-97.90019999999913,-149.0136750000001,6239.318800634922,6314.010782095238,167366.8,,,1.656589071261624,2.593632376313764,4.250221447575388,1.0,9238.0,-1.0,-46629.0,-0.0028691735031268783,-0.4364063842723639,,,0.1781,0.2307,0.027
20240910,6002.0308,6048.8979,6107.396,5989.7686,545990.0,8553.0,145385.0,1.0,0.0,9383.0,0.0,1.0,-2.0,3457.0,-53198.0,6089.73428,6199.3084,6255.965279999999,-109.5741200000002,-166.2309999999998,6214.808886111108,6299.51589418254,162561.5,,,1.678077829764325,2.589255528241256,4.267333358005581,1.0,9383.0,-1.0,-49741.0,0.015665122071832818,-0.4314949369087321,,,0.1918,0.248,0.029
20240911,6050.5596,5994.0557,6052.231,5966.6636,537352.0,-8638.0,164366.0,1.0,0.0,8373.0,0.0,1.0,-2.0,4242.0,-52357.0,6070.8544,6168.64117,6236.121605,-97.7867699999997,-165.2672050000001,6192.27690642857,6283.628384992064,162413.9,,,1.610590547590129,2.559919227015623,4.170509774605752,1.0,8373.0,-1.0,-48115.0,-0.016075123941103782,-0.43605229038536,,,0.1644,0.1333,0.028
20240912,6054.1758,6036.689,6073.7813,5969.3188,532531.0,-4821.0,174665.0,1.0,0.0,8467.0,0.0,1.0,-2.0,3535.0,-49908.0,6058.5466,6137.08561,6220.099365,-78.53901000000042,-161.5527650000004,6172.420995396825,6266.275891182539,163054.6,,,1.645912152286704,2.559919227015623,4.205831379302327,1.0,8467.0,-1.0,-46373.0,-0.009052994097996174,-0.4604875634693111,,,0.1644,0.1347,0.02
20240913,5955.7559,6055.5015,6119.1602,5949.9253,537253.0,4722.0,218955.0,1.0,0.0,8890.0,0.0,1.0,-2.0,3700.0,-46034.0,6025.11224,6096.37057,6198.460160000001,-71.25832999999966,-173.3479200000002,6151.060191349206,6246.981215,161625.1,262746.0,,1.708796436420386,2.559919227015623,4.268715663436009,1.0,8890.0,-1.0,-42334.0,0.008789155202483747,-0.4784211030242087,,,0.1781,0.136,0.018
20240918,5916.0308,6006.1289,6022.0967,5911.9746,504893.0,-32360.0,148586.0,1.0,0.0,8703.0,0.0,1.0,-2.0,3173.0,-44645.0,5995.710580000001,6063.39723,6179.764020000001,-67.68664999999964,-184.0534399999997,6126.244494761903,6226.232138769841,159085.9,,,1.718282736205302,2.432764198563642,4.151046934768944,1.0,8703.0,-1.0,-41472.0,-0.06409278797685847,-0.4347904344217328,,,0.1644,0.136,0.031
20240919,6094.1226,5936.4199,6105.5381,5881.7705,492637.0,-12256.0,285394.0,1.0,0.0,9142.0,0.0,1.0,-2.0,3313.0,-39944.0,6014.128940000001,6051.931610000001,6170.708945,-37.80267000000003,-156.5800049999998,6111.034569920635,6205.368673142856,174690.9,342472.8,0.25369,1.862806391125299,2.432764198563642,4.295570589688941,1.0,9142.0,-1.0,-36631.0,-0.024878358710368892,-0.3853972944293505,,,0.1644,0.1373,0.041
20240920,6027.2998,6123.3813,6136.2979,6008.9707,483506.0,-9131.0,242161.0,1.0,0.0,8676.0,0.0,1.0,-2.0,4616.0,-40303.0,6009.476979999999,6040.16569,6154.59625,-30.68871000000036,-145.1192700000001,6100.423073968254,6185.226658571428,182481.2,290593.2,0.254035,1.899521181659937,2.354098322415966,4.253619504075903,1.0,8676.0,-1.0,-35687.0,-0.018884977642469793,-0.4728978278643733,,,0.1781,0.14,0.02
20240923,5954.7012,5971.3315,6028.7813,5953.8135,483586.0,80.0,153618.0,1.0,0.0,8380.0,0.0,1.0,-2.0,5288.0,-45655.0,5989.582060000001,6024.064329999999,6140.000010000001,-34.48226999999861,-150.41795,6082.216033968254,6165.307047182539,185652.5,,,1.897224627121394,2.303828722412726,4.20105334953412,1.0,8380.0,-1.0,-40367.0,0.00016543076102285839,-0.4843326787623693,,,0.1507,0.1413,0.018
20240924,6063.8203,5955.9688,6087.6943,5955.9688,481098.0,-2488.0,227472.0,1.0,0.0,9028.0,0.0,1.0,-2.0,5356.0,-47339.0,6011.194939999999,6018.15359,6134.25494,-6.958650000000489,-123.0600000000004,6070.679908809524,6146.04838613492,195478.2,,,1.895027942568965,2.270945633483744,4.165973576052709,1.0,9028.0,-1.0,-41983.0,-0.0051715035190335445,-0.4452991175751161,,,0.1781,0.1427,0.029
20240925,6157.1587,6143.2114,6312.6025,6135.855,468442.0,-12656.0,380374.0,1.0,0.0,8115.0,0.0,1.0,-2.0,4533.0,-43951.0,6059.42052,6027.565550000001,6128.274815,31.8549699999985,-68.85429500000009,6074.479551190475,6129.564461190475,214097.6,456448.8,0.2666849999999999,2.110090238689835,2.303828722412726,4.41391896110256,1.0,8115.0,-1.0,-39418.0,-0.02701721878055341,-0.475014328580951,,,0.2329,0.1987,0.02
20240926,6169.9282,6183.7754,6224.3257,6138.5264,462482.0,-5960.0,171774.0,1.0,0.0,8724.0,0.0,1.0,-2.0,4855.0,-41135.0,6074.581639999999,6044.35529,6121.831845,30.22634999999991,-47.25020500000028,6078.538786507936,6115.937451230158,216736.5,,0.271975,2.089216441064322,2.303828722412726,4.393045163477048,1.0,8724.0,-1.0,-36280.0,-0.012886988034128896,-0.4689478995737283,,,0.274,0.224,0.023
20240927,6294.3926,6255.854,6310.5454,6223.1553,456599.0,-5883.0,263203.0,1.0,0.0,8610.0,0.0,1.0,-2.0,4235.0,-42562.0,6128.0002,6068.73859,6118.68988,59.26161000000047,9.310320000000502,6093.063917222221,6106.016152309524,226620.2,,0.299345,2.154340279560579,2.260561587462641,4.414901867023221,1.0,8610.0,-1.0,-38327.0,-0.012884390898797412,-0.4701431247520041,,,0.274,0.1333,0.023
20240930,6651.876,6579.6348,6663.5293,6487.5391,457672.0,1073.0,406722.0,1.0,0.0,9284.0,0.0,1.0,-2.0,3915.0,-41163.0,6267.43516,6128.50861,6132.79711,138.9265500000001,134.6380499999996,6139.741400634921,6102.748192833334,249825.9,488066.4,0.39652,2.473990739867699,2.260561587462641,4.73455232733034,1.0,9284.0,-1.0,-37248.0,0.002344473771609362,-0.4690689163210298,,,0.3151,0.152,0.024
20241008,6343.0396,6753.5073,6800.4883,6307.3574,450004.0,-7668.0,483103.0,1.0,0.0,9772.0,0.0,1.0,-2.0,3605.0,-36167.0,6323.27902,6167.23698,6131.803775,156.0420400000003,191.4752449999996,6173.191101587298,6104.961283857143,276240.7,579723.6,,2.896762619000863,2.303828722412726,5.200591341413588,1.0,9772.0,-1.0,-32562.0,-0.017039848534679693,-0.4462230973447129,,,0.3562,0.156,0.033
20241009,6371.5894,6348.2603,6439.082,6314.6758,465569.0,15565.0,238148.0,1.0,0.0,9137.0,0.0,1.0,-2.0,3161.0,-35417.0,6366.16516,6212.79284,6138.095035,153.3723199999995,228.0701249999993,6194.636438174603,6111.800478198412,285196.9,,,2.892202534873618,2.260561587462641,5.15276412233626,1.0,9137.0,-1.0,-32256.0,0.033432208759603836,-0.3700705019903254,,,0.3699,0.1747,0.054
20241010,6360.064,6387.4106,6460.4731,6351.8022,480968.0,15399.0,237045.0,1.0,0.0,7620.0,0.0,1.0,-2.0,566.0,-37771.0,6404.19232,6239.38698,6145.659294999999,164.8053399999999,258.5330250000006,6216.885489841268,6122.385570190476,280362.0,,,2.908579526198725,2.241300624982762,5.149880151181487,1.0,7620.0,-1.0,-37205.0,0.03201668302257115,-0.4587564810203665,,,0.411,0.1627,0.028
20241011,6376.6177,6404.4033,6423.2637,6346.3804,485528.0,4560.0,184165.0,1.0,0.0,7463.0,0.0,0.0,-2.0,169.0,-33690.0,6420.637339999999,6274.31877,6157.242230000001,146.3185699999995,263.3951099999986,6238.633320238096,6136.20659481746,274562.4,,,2.865970332768078,2.229699325025375,5.095669657793453,1.0,7463.0,-2.0,-33521.0,0.009391837339968035,-0.435998659696126,,,0.2055,0.0933,0.04
20241014,6355.5181,6414.9116,6430.5513,6335.9043,501201.0,15673.0,215049.0,1.0,0.0,7690.0,0.0,1.0,-2.0,71.0,-35062.0,6361.36576,6314.40046,6169.232395000001,46.96529999999984,192.1333649999988,6258.398671825395,6153.824858603174,280705.5,,,2.767222617650613,2.229699325025375,4.996921942675987,1.0,7690.0,-1.0,-34991.0,0.031270887328636615,-0.4781459270936127,,,0.2055,0.0947,0.02
20241015,6363.5571,6364.0342,6394.5776,6334.8623,495722.0,-5479.0,210194.0,1.0,0.0,7293.0,0.0,1.0,-2.0,0.0,-32319.0,6365.46926,6344.37414,6181.263865,21.09511999999995,184.205395,6276.433340079366,6174.400201730158,278977.7,,,2.695530214232718,2.229699325025375,4.925229539258093,1.0,7293.0,-1.0,-32319.0,-0.011052565752579067,-0.4497224671364993,,,0.2055,0.096,0.033
20241016,6276.6787,6380.166,6380.6494,6263.5776,501547.0,5825.0,229643.0,1.0,0.0,7296.0,0.0,1.0,-2.0,766.0,-33309.0,6346.487120000001,6356.326139999999,6191.945845,-9.839019999998527,154.5412750000005,6287.651542936509,6195.717400904761,263904.6,,,2.568355285634916,2.21938047808239,4.787735763717306,1.0,7296.0,-1.0,-32543.0,0.011614066079549873,-0.5202372485227837,,,0.1918,0.0987,0.012
20241017,6114.0596,6302.3105,6326.6431,6104.6182,498510.0,-3037.0,268922.0,1.0,0.0,6979.0,0.0,1.0,-2.0,230.0,-28970.0,6297.286239999999,6350.73928,6197.547285000001,-53.45304000000033,99.7389549999989,6285.295932539683,6216.393115507935,273619.4,,,2.673609971107055,2.229699325025375,4.90330929613243,1.0,6979.0,-1.0,-28740.0,-0.0060921546207698945,-0.5344416945449497,,,0.3288,0.1453,0.012
20241018,6157.4004,6124.6992,6199.2373,6115.1777,495549.0,-2961.0,153643.0,1.0,0.0,7146.0,0.0,1.0,-2.0,10.0,-33336.0,6253.44278,6337.04006,6202.889325,-83.59727999999996,50.55345500000021,6279.721591031745,6235.058882888889,262663.4,,,2.679050293489008,2.21938047808239,4.898430771571398,1.0,7146.0,-1.0,-33326.0,-0.005975191151631826,-0.5219566612708315,,,0.3425,0.1627,0.013
20241021,6122.3828,6162.9321,6171.832,6108.3555,499343.0,3794.0,101281.0,1.0,0.0,7249.0,0.0,1.0,-2.0,0.0,-33661.0,6206.815720000001,6284.09074,6206.299675,-77.27501999999913,0.5160450000003038,6272.262906746032,6248.311033499999,232119.3,,,2.598376045656057,2.21938047808239,4.817756523738447,1.0,7249.0,-1.0,-33661.0,0.007597983750648352,-0.528079220592819,,,0.3425,0.1813,0.013
20241022,6115.0552,6130.6108,6136.2061,6075.4272,491616.0,-7727.0,127161.0,1.0,0.0,7417.0,0.0,1.0,-2.0,141.0,-33247.0,6157.11534,6261.2923,6214.264639999999,-104.1769599999998,-57.14929999999913,6262.185042777777,6257.210427619048,196525.1,,,2.386153143418899,2.213492922208481,4.59964606562738,1.0,7417.0,-1.0,-33106.0,-0.01571755191043416,-0.3605053810033874,,,0.3836,0.1973,0.067
20241023,6120.0952,6124.3442,6172.5537,6104.7549,504114.0,12498.0,129930.0,1.0,0.0,7809.0,0.0,1.0,-2.0,421.0,-34865.0,6125.79864,6236.14288,6224.46786,-110.3442400000004,-98.66921999999977,6252.044125555555,6262.951196357143,185703.3,,,2.367054115943025,2.213492922208481,4.580547038151506,1.0,7809.0,-1.0,-34444.0,0.02479201133077042,-0.3394954663429229,,,0.3973,0.2227,0.076
20241024,6123.2983,6129.8232,6134.7593,6093.79,501439.0,-2675.0,115549.0,1.0,0.0,7975.0,0.0,1.0,-2.0,97.0,-34942.0,6127.64638,6212.46631,6225.926645,-84.81992999999966,-98.28026500000033,6241.464835873017,6265.409130960317,173553.7,,,2.25823605722657,2.213492922208481,4.471728979435051,1.0,7975.0,-1.0,-34845.0,-0.00533464688626134,-0.3455759520379331,,,0.411,0.256,0.074
20241025,6304.8247,6145.5938,6328.582,6139.6367,489817.0,-11622.0,298926.0,1.0,0.0,8148.0,0.0,1.0,-3.0,0.0,-36551.0,6157.13124,6205.28701,6239.802890000001,-48.1557700000003,-82.67165000000114,6243.410811746033,6265.886880111111,185029.8,358711.2,0.289225,2.079940847809186,2.213492922208481,4.293433770017668,1.0,8148.0,-2.0,-36551.0,-0.023727228740529627,-0.2647853978410452,,,0.5753,0.3453,0.124
20241028,6404.8882,6309.7637,6425.7046,6285.5503,492489.0,2672.0,277052.0,1.0,0.0,9358.0,0.0,1.0,-3.0,0.0,-34949.0,6213.63232,6210.22402,6262.31224,3.408300000000054,-48.67992000000049,6254.394597142855,6265.486472642858,191230.1,332462.4,0.311305,1.675374126304741,2.201084807525274,3.876458933830015,1.0,9358.0,-2.0,-34949.0,0.0054255018893823006,-0.1996736227944662,,,0.6027,0.3813,0.186
20241029,6350.2246,6393.0952,6448.3052,6323.5947,484413.0,-8076.0,281215.0,1.0,0.0,9542.0,0.0,1.0,-2.0,0.0,-33424.0,6260.666200000001,6208.89077,6276.632455000001,51.7754300000006,-15.96625500000027,6263.464615634921,6264.189600198412,198332.2,337458.0,,1.676130586260768,2.190232950789959,3.866363537050726,1.0,9542.0,-1.0,-33424.0,-0.016671724334400603,-0.3819513691327093,,,0.5616,0.42,0.056
20241030,6370.4924,6356.9823,6421.2616,6329.0035,479499.0,-4914.0,204251.0,1.0,0.0,9085.0,0.0,1.0,-2.0,0.0,-37311.0,6310.74564,6218.27214,6287.29914,92.47350000000006,23.44650000000001,6272.069802619048,6262.631426166667,195793.0,,,1.65718526505363,2.142800735426873,3.799986000480504,1.0,9085.0,-1.0,-37311.0,-0.010248196555154443,-0.3434183445957963,,,0.5616,0.4547,0.072
20241031,6408.9057,6356.5271,6409.212,6332.9677,472388.0,-7111.0,171806.0,1.0,0.0,9052.0,0.0,1.0,-2.0,0.0,-38714.0,6367.86712,6247.75675,6299.248014999999,120.1103699999994,68.61910500000067,6280.259567380953,6262.127789650794,186081.4,,,1.655844807141799,2.069544599362509,3.725389406504308,1.0,9052.0,-1.0,-38714.0,-0.015053303640227948,-0.3060636719173858,,,0.5616,0.42,0.095
20241101,6353.1071,6352.3653,6383.5175,6237.794,484163.0,11775.0,268785.0,1.0,0.0,8418.0,0.0,1.0,-2.0,0.0,-35657.0,6377.5236,6267.32742,6302.18374,110.1961800000008,75.33986000000004,6282.18603626984,6262.374234174603,197595.6,322542.0,,1.74319383793818,2.142800735426873,3.885994573365053,1.0,8418.0,-1.0,-35657.0,0.024320321875070997,-0.2627556957138002,,,0.5205,0.448,0.123
20241104,6431.9462,6322.6559,6476.3661,6272.7177,507630.0,23467.0,359004.0,2.0,0.0,16071.0,0.0,1.0,-2.0,1220.0,-44620.0,6382.9352,6298.28376,6291.18725,84.65143999999964,91.74794999999995,6292.476056587301,6264.39554915873,223367.9,430804.8,0.29969,1.906040928898073,2.142800735426873,4.048841664324947,2.0,16071.0,-1.0,-43400.0,0.04622855229202372,-0.2237541728126154,,,0.5205,0.4827,0.157
20241105,6420.9979,6415.4642,6467.24,6381.8488,514493.0,6863.0,229958.0,2.0,0.0,15036.0,0.0,1.0,-2.0,1077.0,-44005.0,6397.08986,6328.87803,6295.085165,68.21183000000019,102.0046950000005,6304.025195079365,6268.579564388889,233647.6,,0.31004,1.866824193687138,2.069544599362509,3.936368793049648,2.0,15036.0,-1.0,-42928.0,0.013339345724820357,-0.2578111360136427,,,0.411,0.2827,0.126
20241106,6382.9105,6421.725,6438.4939,6336.6276,502338.0,-12155.0,216491.0,1.0,0.0,8689.0,0.0,1.0,-2.0,1072.0,-44370.0,6399.573480000001,6355.15956,6295.65122,44.41392000000087,103.9222600000012,6312.486196984127,6274.623771531746,242303.7,,,1.724684410521771,2.069544599362509,3.79422900988428,1.0,8689.0,-1.0,-43298.0,-0.024196855503664863,-0.2649819337648108,,,0.411,0.4093,0.12
20241107,6495.9089,6372.6702,6543.5104,6370.0723,527480.0,25142.0,302134.0,2.0,0.0,16423.0,0.0,1.0,-2.0,968.0,-46938.0,6416.974120000001,6392.42062,6302.443465,24.55350000000089,114.5306550000005,6328.260759523811,6283.303363896825,260962.2,,,1.817916876472304,2.069544599362509,3.887461475834813,2.0,16423.0,-1.0,-45970.0,0.047664366421475694,-0.2213766653923232,,,0.3836,0.396,0.163
20241108,6392.031,6513.9057,6551.1497,6368.4293,531503.0,4023.0,339631.0,2.0,0.0,14682.0,0.0,0.0,-3.0,0.0,-52222.0,6424.7589,6401.14125,6303.21413,23.61765000000014,121.5447699999995,6341.066110079365,6293.068893730158,265032.7,407557.2,,1.946862266810694,2.142800735426873,4.089663002237567,2.0,14682.0,-3.0,-52222.0,0.007569101209212365,-0.281311467774363,,,0.5342,0.604,0.112
20241111,6265.2977,6346.4822,6365.9583,6245.5316,520219.0,-11284.0,279672.0,1.0,0.0,8155.0,0.0,1.0,-3.0,0.0,-53219.0,6391.4292,6387.1822,6298.70311,4.247000000000298,92.72609000000011,6339.988816428571,6301.628315658731,265294.7,,,2.040074259153585,2.142800735426873,4.182874994580458,1.0,8155.0,-2.0,-53219.0,-0.021690864808859345,-0.3298323009504789,,,0.5479,0.62,0.075
20241112,6294.6202,6275.3233,6341.0586,6266.495,511331.0,-8888.0,198835.0,1.0,0.0,7892.0,0.0,1.0,-2.0,2151.0,-52624.0,6366.15366,6381.62176,6295.256265000001,-15.46810000000005,70.89739499999905,6339.712828650794,6309.253136960318,257056.7,,,2.045019975369873,2.069544599362509,4.114564574732382,1.0,7892.0,-1.0,-50473.0,-0.01738208714120599,-0.3055912228206597,,,0.5753,0.5053,0.094
20241113,6345.4703,6297.9428,6374.627,6291.7987,505277.0,-6054.0,168021.0,1.0,0.0,7479.0,0.0,1.0,-3.0,0.0,-54580.0,6358.66562,6379.11955,6298.695845,-20.45393000000058,59.96977499999957,6343.628323333332,6316.408989031746,253433.7,,,2.086843398842633,1.994686142372817,4.08152954121545,1.0,7479.0,-2.0,-54580.0,-0.01198154675554201,-0.2778686952215219,,,0.6301,0.5827,0.115
20241114,6268.9186,6341.0995,6356.9336,6264.5446,497518.0,-7759.0,179796.0,1.0,0.0,7651.0,0.0,1.0,-2.0,2152.0,-53616.0,6313.26756,6365.12084,6306.438795,-51.85327999999936,6.828765000000203,6342.910108650794,6322.67404315873,254232.7,,,1.961099729561751,1.961426172952729,3.922525902514479,1.0,7651.0,-1.0,-51464.0,-0.015595415643253108,-0.3034113360623975,,,0.6575,0.5453,0.097
20241115,6193.0029,6272.7038,6285.6347,6191.0921,484996.0,-12522.0,207533.0,1.0,0.0,6533.0,0.0,1.0,-2.0,2586.0,-45271.0,6273.46194,6349.11042,6308.21892,-75.64847999999984,-34.75698000000011,6335.080297619049,6327.963469293651,248107.5,,,1.914505786049415,1.955425971657194,3.869931757706609,1.0,6533.0,-1.0,-42685.0,-0.02581876963933723,-0.3981011955569381,,,0.6849,0.5453,0.047
20241118,6223.6311,6202.6644,6250.7619,6187.1196,481619.0,-3377.0,137024.0,1.0,0.0,7097.0,0.0,1.0,-2.0,2564.0,-45886.0,6265.12862,6328.27891,6313.281335000001,-63.15028999999959,-48.15271500000017,6326.717211031745,6331.387584738096,225909.5,,,1.848499729150285,1.930161789477248,3.778661518627533,1.0,7097.0,-1.0,-43322.0,-0.007011766562365687,-0.3219197937092592,,,0.6712,0.5453,0.084
20241119,6260.0882,6234.2107,6286.7333,6197.3941,466714.0,-14905.0,165240.0,1.0,0.0,7030.0,0.0,1.0,-3.0,0.0,-46041.0,6258.222220000001,6312.187940000001,6320.532985,-53.96572000000015,-62.31076499999926,6320.753252142858,6333.060390444445,219437.7,,,1.847510197971754,1.885216268345587,3.732726466317341,1.0,7030.0,-2.0,-46041.0,-0.03193604648671349,-0.2209968039630991,,,0.6575,0.5187,0.167
20241120,6321.6923,6261.3343,6324.994,6256.7825,462601.0,-4113.0,149349.0,1.0,0.0,6700.0,0.0,1.0,-3.0,0.0,-49118.0,6253.46662,6306.06612,6330.61284,-52.59950000000026,-77.14621999999963,6319.302066031745,6333.741977349206,212723.5,,,1.84026648578107,1.862926014343401,3.703192500124471,1.0,6700.0,-2.0,-49118.0,-0.0088910313639616,-0.2327637169749601,,,0.6575,0.4787,0.152
20241121,6342.9099,6312.868,6369.9461,6292.811,451734.0,-10867.0,192815.0,1.0,0.0,7087.0,0.0,1.0,-3.0,0.0,-47365.0,6268.26488,6290.76622,6341.593419999999,-22.50134000000071,-73.32853999999952,6319.38675515873,6332.854576912699,201791.6,,,1.734456973134474,1.862926014343401,3.597382987477875,1.0,7087.0,-2.0,-47365.0,-0.024056192360991203,-0.2338944235753751,,,0.6849,0.5373,0.147
20241122,6337.2089,6337.5104,6398.9854,6311.1147,452132.0,398.0,268986.0,1.0,0.0,7319.0,0.0,1.0,-3.0,0.0,-45880.0,6297.10608,6285.28401,6343.21263,11.82206999999926,-46.10655000000042,6320.064994603174,6330.754465365079,194727.1,322783.2,0.19596,1.605556499987638,1.862926014343401,3.468482514331039,1.0,7319.0,-2.0,-45880.0,0.0008802739023117143,-0.245714600902719,,,0.7671,0.6173,0.141
20241125,6354.3468,6384.3732,6438.9289,6332.2621,449313.0,-2819.0,233330.0,1.0,0.0,7323.0,0.0,1.0,-3.0,0.0,-44816.0,6323.24922,6294.18892,6340.68556,29.0603000000001,-17.4363400000002,6323.355286190475,6329.091112341271,190092.9,279996.0,,1.630812169925926,1.779844627431151,3.410656797357077,1.0,7323.0,-2.0,-44816.0,-0.006274022785897581,-0.2399987722199816,,,0.8082,0.6533,0.143
20241126,6383.9328,6356.3849,6416.0378,6349.2333,445317.0,-3996.0,152649.0,1.0,0.0,6976.0,0.0,1.0,-2.0,2053.0,-42297.0,6348.018139999999,6303.12018,6342.37097,44.89795999999933,5.647169999999278,6326.93414420635,6327.813243896826,185474.3,,,1.591166097791572,1.779844627431151,3.371010725222724,1.0,6976.0,-1.0,-40244.0,-0.008973383005813835,-0.2946220591770291,,,0.7945,0.6747,0.104
20241127,6408.1089,6369.3249,6424.8361,6337.4253,452480.0,7163.0,162724.0,1.0,0.0,7317.0,0.0,1.0,-2.0,2127.0,-40586.0,6365.30146,6309.38404,6344.251794999999,55.91741999999977,21.04966500000046,6331.712060079364,6326.621617571428,184944.6,,,1.495421047263818,1.723786549282471,3.219207596546289,1.0,7317.0,-1.0,-38459.0,0.01583053394625177,-0.2683406880722874,,,0.7945,0.68,0.121
20241128,6425.1048,6390.1213,6439.7523,6377.115,452465.0,-15.0,171885.0,1.0,0.0,6822.0,0.0,1.0,-2.0,2513.0,-40517.0,6381.74044,6325.00266,6345.06175,56.73777999999947,36.67868999999973,6338.786309523808,6326.20923765873,184153.5,,,1.3590584783532,1.715371634687207,3.074430113040406,1.0,6822.0,-1.0,-38004.0,-3.315173549335308e-05,-0.2712267860031395,,,0.8493,0.688,0.119
20241129,6386.505,6420.8187,6430.9064,6371.6884,458564.0,6099.0,159455.0,1.0,0.0,6587.0,0.0,1.0,-2.0,2045.0,-40899.0,6391.59966,6344.352870000001,6346.731645,47.24678999999924,44.86801500000001,6343.344288968254,6327.03563679365,179345.7,,,1.258625777413092,1.715371634687207,2.973997412100298,1.0,6587.0,-1.0,-38854.0,0.013300215455203636,-0.3283955927899654,,,0.8493,0.784,0.074
20241202,6424.1517,6388.6479,6432.485,6353.0375,465439.0,6875.0,182291.0,1.0,0.0,6297.0,0.0,1.0,-2.0,1879.0,-38667.0,6405.560640000001,6364.40493,6346.341920000001,41.15571000000091,59.21871999999985,6349.271813968257,6329.291097087301,183872.4,,,1.260944673919306,1.715371634687207,2.976316308606513,1.0,6297.0,-1.0,-36788.0,0.014771001140858416,-0.3044277430122428,,,0.9178,0.8267,0.095
20241203,6360.7638,6424.4789,6441.6387,6311.8872,466334.0,895.0,227498.0,1.0,0.0,4844.0,0.0,1.0,-2.0,2372.0,-41650.0,6400.92684,6374.47249,6343.330215,26.45434999999998,57.59662500000013,6352.311793015871,6332.446951174603,190098.2,,,1.313634001624147,1.779844627431151,3.093478629055298,1.0,4844.0,-1.0,-39278.0,0.0019192252763041082,-0.3135489164141436,,,0.9178,0.8267,0.088
20241204,6322.2722,6381.4363,6409.3677,6300.0716,463885.0,-2449.0,210204.0,0.0,0.0,0.0,0.0,1.0,-2.0,2104.0,-46873.0,6383.7595,6374.53048,6340.2983,9.229019999999764,43.46119999999974,6351.592139603174,6335.675958531746,196183.7,,,1.331895833669436,1.726776028841403,3.058671862510839,0.0,0.0,-1.0,-44769.0,-0.005279325694945946,-0.359827903086629,,,0.9315,0.8347,0.057
20241205,6272.7876,6320.9034,6320.9034,6253.4749,472146.0,8261.0,178754.0,0.0,0.0,0.0,0.0,1.0,-2.0,3371.0,-48014.0,6353.296060000001,6367.518249999999,6329.142235,-14.22218999999859,24.15382500000032,6346.594792222221,6338.396762238095,194777.6,,,1.301714690291884,1.726776028841403,3.028490719133287,0.0,0.0,-1.0,-44643.0,0.017496706527218277,-0.308903887693468,,,0.9452,0.8347,0.09
20241206,6308.0608,6273.3001,6377.1886,6273.3001,453549.0,-18597.0,237689.0,0.0,0.0,0.0,0.0,1.0,-2.0,4758.0,-48371.0,6337.60722,6364.60344,6324.943724999999,-26.99621999999999,12.66349500000069,6344.649330714286,6340.855195849205,191647.9,285226.8,,1.346322257402772,1.726776028841403,3.073098286244175,0.0,0.0,-1.0,-43613.0,-0.041003287406652864,-0.3427163830707745,,,0.9452,0.828,0.066
20241209,6243.4048,6293.0092,6308.7463,6224.9306,470249.0,16700.0,223540.0,0.0,0.0,0.0,0.0,1.0,-2.0,5395.0,-52725.0,6301.457840000001,6353.50924,6323.84908,-52.05139999999938,-22.39123999999902,6337.450136746032,6342.264680904761,190668.9,,0.19803,1.34036116713278,1.726776028841403,3.067137195974183,0.0,0.0,-1.0,-47330.0,0.0355131005063275,-0.2179866725620489,,,0.9452,0.8227,0.177
20241210,6319.4386,6360.4958,6392.1943,6279.8698,456130.0,-14119.0,264611.0,1.0,0.0,5633.0,0.0,1.0,-2.0,1210.0,-47820.0,6293.1928,6347.05982,6325.089999999999,-53.86702000000059,-31.89719999999943,6337.80958079365,6343.352224563491,201865.1,317533.2,0.198835,1.43104529093087,1.78181574111233,3.212861032043199,1.0,5633.0,-1.0,-46610.0,-0.030953894722995638,-0.296153682971953,,,0.9315,0.8227,0.105
20241211,6362.3516,6335.8227,6374.6421,6326.6877,447342.0,-8788.0,199385.0,1.0,0.0,5722.0,0.0,1.0,-2.0,1132.0,-42559.0,6301.208680000001,6342.48409,6325.934065,-41.27540999999928,-24.72538499999973,6340.652478174602,6344.246266373016,205531.2,,,1.406064737951876,1.726776028841403,3.132840766793278,1.0,5722.0,-1.0,-41427.0,-0.019644924912035983,-0.2623670643065534,,,0.9315,0.828,0.133
20241212,6352.6087,6355.2169,6367.4692,6317.8753,443265.0,-4077.0,146330.0,2.0,0.0,11131.0,0.0,1.0,-2.0,1044.0,-41860.0,6317.1729,6335.23448,6330.118570000001,-18.0615800000005,-12.94567000000097,6342.784372857143,6344.64607270635,202975.7,,,1.362776760307201,1.715371634687207,3.078148394994408,2.0,11131.0,-1.0,-40816.0,-0.00919765828567561,-0.3022565017514046,,,0.9315,0.8387,0.102
20241213,6262.4998,6331.3586,6341.4175,6258.4407,450560.0,7295.0,189061.0,2.0,0.0,8679.0,0.0,1.0,-2.0,1732.0,-41343.0,6308.0607,6322.83396,6333.593415,-14.77325999999994,-25.53271500000028,6338.125932301587,6344.124237039682,205936.3,,,1.350115634186207,1.715371634687207,3.065487268873414,2.0,8679.0,-1.0,-39611.0,0.016190962357954544,-0.3576563585713947,,,0.9315,0.856,0.059
20241216,6275.5844,6291.4125,6300.7382,6251.5133,441771.0,-8789.0,181669.0,1.0,0.0,5649.0,0.0,1.0,-2.0,2356.0,-42546.0,6314.49662,6307.97723,6336.19108,6.519390000000385,-21.69445999999971,6332.565486666666,6342.453604309523,205874.1,,,1.331950497113663,1.690643723518664,3.022594220632327,1.0,5649.0,-1.0,-40190.0,-0.019894922935185876,-0.2760847708880322,,,0.9589,0.864,0.124
20241217,6267.3714,6261.5734,6305.5401,6248.5508,440201.0,-1570.0,173039.0,2.0,0.0,11814.0,0.0,1.0,-2.0,2467.0,-42122.0,6304.08318,6298.63799,6336.55524,5.445189999999457,-32.47206000000006,6325.949477619048,6339.81737276984,200428.2,,,1.299724249730296,1.664481885048795,2.964206134779092,2.0,11814.0,-1.0,-39655.0,-0.0035665525521295953,-0.2365622069852354,,,0.9726,0.912,0.152
20241218,6211.7655,6265.7299,6270.4212,6173.7014,454991.0,14790.0,289186.0,2.0,0.0,9428.0,0.0,1.0,-2.0,4391.0,-40043.0,6273.96596,6287.587320000001,6331.0589,-13.621360000001,-57.09294000000045,6315.098606349207,6336.168019444444,208326.4,347023.2,,1.341430149539751,1.619569901923823,2.961000051463574,2.0,9428.0,-1.0,-35652.0,0.03250613748403815,-0.2332150277624124,,,1.0,0.9373,0.158
20241219,6198.8631,6224.9809,6250.4394,6196.8615,448103.0,-6888.0,159315.0,1.0,0.0,6250.0,0.0,1.0,-2.0,3542.0,-39970.0,6243.216839999999,6280.19487,6323.85656,-36.97803000000113,-80.63972000000103,6303.426582301588,6331.851198452381,206382.5,,,1.33788859040998,1.572594191243897,2.910482781653876,1.0,6250.0,-1.0,-36428.0,-0.0153714659352872,-0.2567384916893225,,,0.9726,0.924,0.14
20241220,6150.0417,6187.8068,6190.7772,6130.8689,452094.0,3991.0,209278.0,1.0,0.0,3436.0,0.0,1.0,-2.0,4059.0,-40250.0,6220.72522,6264.39296,6314.4982,-43.66773999999987,-93.77297999999973,6287.233805873016,6326.109645968254,203541.4,,,1.329031569366518,1.53877892374952,2.867810493116038,1.0,3436.0,-1.0,-36191.0,0.008827810145677668,-0.2741547573648711,,,1.0,0.9373,0.122
20241223,6142.8569,6150.0793,6154.7402,6130.9152,453368.0,1274.0,154708.0,0.0,0.0,0.0,0.0,1.0,-2.0,4456.0,-41182.0,6194.17972,6254.33817,6303.923705,-60.1584499999999,-109.7439850000001,6270.567386428571,6319.421370936509,196658.2,,,1.211537490612759,1.53877892374952,2.750316414362278,0.0,0.0,-1.0,-36726.0,0.0028100792292354115,-0.2629429535198893,,,1.0,0.9347,0.13
20241224,6155.6891,6135.6587,6179.2924,6112.6518,446092.0,-7276.0,214738.0,0.0,0.0,0.0,0.0,1.0,-2.0,2980.0,-41740.0,6171.84326,6237.96322,6292.51152,-66.11995999999999,-120.6682600000004,6255.352926349206,6311.175705492064,191670.9,,,1.165107257580848,1.512849818334303,2.677957075915151,0.0,0.0,-1.0,-38760.0,-0.016310536839934362,-0.253892082879529,,,0.9041,0.8827,0.141
20241225,6134.353,6146.7516,6169.0554,6133.2646,444452.0,-1640.0,141100.0,0.0,0.0,0.0,0.0,1.0,-2.0,2261.0,-41292.0,6156.36076,6215.16336,6278.823725,-58.80260000000089,-122.4629650000006,6240.54455325397,6301.164913000001,185842.4,,,1.129181608828585,1.494998169935114,2.6241797787637,0.0,0.0,-1.0,-39031.0,-0.003689937271066392,-0.3361969790822812,,,0.9041,0.88,0.065
20241226,6086.4184,6139.3499,6159.8264,6081.1175,453010.0,8558.0,200616.0,0.0,0.0,0.0,0.0,1.0,-2.0,2711.0,-40400.0,6133.87182,6188.54433,6261.889405,-54.67250999999942,-128.0175849999996,6223.769391507938,6289.26341486508,191271.0,,,1.102577098808628,1.494998169935114,2.597575268743743,0.0,0.0,-1.0,-37689.0,0.01889141520054745,-0.3595122930818401,,,0.8767,0.8627,0.053
20241227,6061.2979,6087.6964,6095.2211,6055.5165,459029.0,6019.0,171161.0,0.0,0.0,0.0,0.0,1.0,-2.0,2457.0,-42291.0,6116.12306,6168.42414,6245.62905,-52.30108000000018,-129.5059900000006,6204.700175793653,6275.920839214286,189481.0,,,1.054172087128114,1.479941703101754,2.534113790229868,0.0,0.0,-1.0,-39834.0,0.013112461304187752,-0.3918860015882348,,,0.9041,0.8227,0.041
20241230,6077.509,6069.4971,6094.5033,6047.0268,449870.0,-9159.0,156564.0,0.0,0.0,0.0,0.0,1.0,-2.0,5603.0,-42281.0,6103.05348,6148.616599999999,6228.296915,-45.5631199999998,-125.2434350000003,6187.851776428571,6261.449468190477,186970.5,,,0.9403104954477298,1.458431106746413,2.398741602194142,0.0,0.0,-1.0,-36678.0,-0.020359214884299908,-0.4519352390151404,,,0.9041,0.8187,0.023
20241231,6067.5527,6075.7947,6080.4413,6017.5953,470048.0,20178.0,226000.0,0.0,0.0,0.0,0.0,1.0,-2.0,7674.0,-48384.0,6085.4262,6128.63473,6213.63636,-43.20852999999988,-128.2101599999996,6171.343078412698,6245.988828269842,192266.6,,,0.952358151050218,1.435558147398509,2.387916298448727,0.0,0.0,-1.0,-40710.0,0.04292753080536456,-0.4107598728877927,,,0.9041,0.7933,0.037
20250102,6089.2129,6057.671,6119.7483,6054.0168,462434.0,-7614.0,147735.0,0.0,0.0,0.0,0.0,1.0,-2.0,8745.0,-43650.0,6076.39818,6116.37947,6201.983395,-39.98128999999972,-125.5852150000001,6158.374605634919,6230.316428198413,178121.5,,,0.9739940893107923,1.40279963160715,2.376793720917942,0.0,0.0,-1.0,-34905.0,-0.016465052310167504,-0.4540566831103271,,,0.9041,0.772,0.023
20250103,6061.5792,6089.8099,6105.981,6050.8811,467840.0,5406.0,142064.0,1.0,0.0,5564.0,0.0,1.0,-2.0,8721.0,-45492.0,6071.430340000001,6102.651080000001,6191.422974999999,-31.22073999999975,-119.9926349999987,6145.077160873015,6214.481486055555,176396.4,,,0.930831604848003,1.38463663859104,2.315468243439043,1.0,5564.0,-1.0,-36771.0,0.011555232558139535,-0.4706974917145461,,,0.9178,0.84,0.017
20250106,6039.1932,6048.4466,6087.772,6027.1917,475748.0,7908.0,120275.0,0.0,0.0,0.0,0.0,1.0,-2.0,5879.0,-49066.0,6067.0094,6091.566229999999,6177.979595,-24.55682999999954,-110.9701949999999,6131.127027777777,6198.870808246032,167496.1,,,0.9466412834229789,1.38463663859104,2.331277922014019,0.0,0.0,-1.0,-43187.0,0.016622245390416776,-0.5293150432128807,,,0.9041,0.8293,0.007
20250107,6006.0278,6043.844,6045.2864,5999.4977,492116.0,16368.0,122064.0,0.0,0.0,0.0,0.0,1.0,-2.0,5664.0,-51137.0,6052.713160000001,6077.88332,6166.110745,-25.17015999999876,-113.3975849999988,6114.741156587302,6183.288185261905,164231.7,,0.146165,0.9364326116572702,1.371774737454336,2.308207349111606,0.0,0.0,-1.0,-45473.0,0.033260450788025586,-0.4927465978041081,,,0.9178,0.836,0.012
20250108,6003.5563,6018.9314,6031.2981,5998.3588,488737.0,-3379.0,80800.0,1.0,0.0,5527.0,0.0,1.0,-2.0,5598.0,-49007.0,6039.91388,6062.67004,6150.31663,-22.75615999999991,-110.4027500000002,6099.56702547619,6167.709595174603,150837.9,,0.14973,0.863924401044053,1.371774737454336,2.235699138498389,1.0,5527.0,-1.0,-43409.0,-0.006913738882057221,-0.4729172453906718,,,0.8493,0.8307,0.018
20250109,6033.8502,6003.7136,6071.7005,5985.6903,474548.0,-14189.0,141595.0,0.0,0.0,0.0,0.0,1.0,-2.0,5636.0,-42396.0,6028.84134,6052.61976,6133.89156,-23.77841999999964,-105.0502200000001,6087.454864444446,6152.400626293651,150887.4,,,0.9037061299914485,1.371774737454336,2.275480867445784,0.0,0.0,-1.0,-36760.0,-0.029900031187572174,-0.5003259507196298,,,0.863,0.7507,0.012
20250110,6260.2216,6032.403,6277.2426,6017.8589,455032.0,-19516.0,438125.0,0.0,0.0,0.0,0.0,1.0,-2.0,6678.0,-44554.0,6068.56982,6070.00008,6129.272204999999,-1.430260000000089,-60.70238499999959,6092.062178333335,6139.22990497619,174638.3,525750.0,0.18423,1.127122371180857,1.371774737454336,2.498897108635194,0.0,0.0,-1.0,-37876.0,-0.042889291302589706,-0.3215263386573433,,,0.9589,0.8547,0.09
20250113,6307.7231,6270.6273,6325.0235,6214.5637,439562.0,-15470.0,311347.0,0.0,0.0,0.0,0.0,1.0,-2.0,6697.0,-44774.0,6122.275799999999,6094.6426,6131.533369999999,27.63319999999931,-9.25756999999976,6106.835590952383,6129.443446492063,188656.9,373616.4,0.18814,1.226410730931571,1.373072719036809,2.59948344996838,0.0,0.0,-1.0,-38077.0,-0.035194125060856035,-0.4503793158708685,,,0.9589,0.8547,0.03
20250114,6454.4393,6288.6397,6493.2628,6276.7872,472940.0,33378.0,524546.0,2.0,0.0,10868.0,0.0,1.0,-2.0,11449.0,-47204.0,6211.9581,6132.33563,6140.476114999999,79.62247000000025,71.48198500000035,6132.794337222223,6123.937702571429,225455.1,629455.2,0.2415,1.397006073132328,1.402134689887033,2.799140763019362,2.0,10868.0,-1.0,-35755.0,0.07057554869539477,-0.3896563183215371,,,0.9589,0.8547,0.051
20250115,6688.5043,6439.8479,6692.8018,6420.772,535834.0,62894.0,634762.0,2.0,0.0,13819.0,0.0,1.0,-2.0,6559.0,-43635.0,6348.9477,6194.43079,6161.53276,154.5169099999994,187.4149399999997,6177.326576111113,6124.53605234127,266331.3,761714.4,0.29417,1.66197035189938,1.426126249990576,3.088096601889957,2.0,13819.0,-1.0,-37076.0,0.11737590373137949,-0.3032120823420396,,,0.9589,0.8547,0.109
20250116,6653.8906,6733.8355,6851.4638,6556.4328,535308.0,-526.0,1367838.0,1.0,0.0,10539.0,0.0,1.0,-2.0,10701.0,-32388.0,6472.95578,6250.89856,6183.639015,222.0572200000006,289.3167650000005,6227.630154285712,6131.461607206349,388341.6,1641405.6,0.299345,1.900311384685227,1.435558147398509,3.335869532083736,1.0,10539.0,-1.0,-21687.0,-0.0009826118795160917,-0.2007579884141025,,,0.9726,0.8547,0.209
20250117,6728.7566,6649.1512,6773.986,6566.1851,529889.0,-5419.0,792000.0,1.0,0.0,9149.0,0.0,1.0,-2.0,6370.0,-28252.0,6566.662780000001,6317.6163,6210.133690000001,249.0464800000009,356.52909,6277.231253015874,6144.677016420635,453335.2,950400.0,0.313145,2.077982498283957,1.458431106746413,3.536413605030369,1.0,9149.0,-1.0,-21882.0,-0.01022667011392952,-0.209394870663481,,,0.9589,0.908,0.198
20250120,6752.8596,6736.7245,6815.1114,6636.1594,535276.0,5387.0,743342.0,1.0,0.0,7771.0,0.0,1.0,-2.0,4354.0,-26074.0,6655.69008,6388.98294,6240.274585,266.7071400000004,415.4154950000002,6328.471941666666,6164.411507809525,515641.9,892010.4,,2.211216009611652,1.458431106746413,3.669647116358064,1.0,7771.0,-1.0,-21720.0,0.010063967000201766,-0.1581344437502256,,,0.9589,0.932,0.254
20250121,6608.5354,6765.1535,6811.375,6603.2585,513417.0,-21859.0,627381.0,2.0,0.0,7469.0,0.0,1.0,-2.0,1932.0,-33349.0,6686.5093,6449.2337,6263.55851,237.2755999999999,422.9507899999999,6370.012446984128,6189.938636849207,566173.6,,,2.361526849511209,1.458431106746413,3.819957956257622,2.0,7469.0,-1.0,-31417.0,-0.04257552827428776,-0.2562630835806733,,,0.8904,0.8293,0.151
20250122,6714.0338,6588.8884,6718.8703,6480.7891,514095.0,678.0,763902.0,1.0,0.0,1610.0,0.0,1.0,-2.0,0.0,-28959.0,6691.6152,6520.28145,6291.475745,171.3337499999998,400.1394550000005,6408.031185634922,6220.78505286508,634483.8,916682.4,,2.537978301095144,1.458431106746413,3.996409407841557,1.0,1610.0,-1.0,-28959.0,0.0013188223966387536,-0.1024592241441389,,,0.9041,0.8147,0.318
20250123,6690.8139,6709.6657,6726.4601,6625.9304,514008.0,-87.0,487589.0,0.0,0.0,0.0,0.0,1.0,-2.0,0.0,-34683.0,6698.999859999999,6585.97782,6319.298789999999,113.0220399999989,379.7010700000001,6446.953204126982,6256.734886833334,669083.2,,,2.570732550463681,1.485259095069635,4.055991645533316,0.0,0.0,-1.0,-34683.0,-0.00016925806602231873,-0.1101583876081994,,,0.8767,0.7947,0.307
20250124,6865.8223,6705.2653,6899.3519,6657.6632,566763.0,52755.0,742912.0,1.0,0.0,8834.0,0.0,1.0,-2.0,1576.0,-31074.0,6726.412999999999,6646.53789,6358.268985,79.87510999999904,368.1440149999989,6494.650792777777,6296.993748277778,699561.9,,,2.746847650736506,1.502974257886936,4.249821908623442,1.0,8834.0,-1.0,-29498.0,0.09308123501357711,0.0304065302596958,,,0.8356,0.7547,0.447
20250127,6835.3064,6855.4361,6893.2495,6785.21,556570.0,-10193.0,432653.0,2.0,0.0,4051.0,0.0,1.0,-2.0,853.0,-43364.0,6742.90236,6699.296219999999,6396.96941,43.60614000000078,345.9329500000003,6541.664305396825,6340.476619722222,711692.5,,,2.789939907343317,1.502974257886936,4.292914165230253,2.0,4051.0,-1.0,-42511.0,-0.018313958711392995,-0.014132445200462,,,0.8219,0.7413,0.409
20250205,6774.0663,6863.1235,6863.1236,6696.5902,583448.0,26878.0,391133.0,0.0,0.0,0.0,0.0,1.0,-2.0,0.0,-43834.0,6776.008540000001,6731.25892,6431.797275,44.7496200000005,344.2112650000008,6580.593437063493,6385.256529706349,698351.2,,,2.91129831583413,1.502974257886936,4.414272573721066,0.0,0.0,-1.0,-43834.0,0.0460675158711659,0.0205332652137913,,,0.8219,0.7267,0.437
20250206,7260.9622,6790.7725,7269.0262,6744.6995,800824.0,217376.0,1434033.0,2.0,0.0,13075.0,0.0,1.0,-2.0,2547.0,-38992.0,6885.39422,6788.504709999999,6491.46775,96.88951000000088,393.9264700000003,6645.131734206349,6432.037045515873,778278.3,1720839.6,0.324415,3.341436235061125,1.512849818334303,4.854286053395428,2.0,13075.0,-1.0,-36445.0,0.27144041637113775,0.1901042126170699,,,0.7808,0.672,0.65
20250207,7274.6759,7250.4325,7309.6147,7217.355,857762.0,56938.0,1090251.0,2.0,0.0,16193.0,0.0,1.0,-2.0,2225.0,-53394.0,7002.166620000001,6850.58324,6550.7409,151.5833800000009,451.4257200000011,6721.138211825397,6481.387851269841,750519.6,1308301.2,,3.128963435608809,1.502974257886936,4.631937693495745,2.0,16193.0,-1.0,-51169.0,0.06637971838342105,0.2798188406263796,,,0.7671,0.564,0.76
20250210,7138.6891,7311.5169,7366.2884,7050.6949,891499.0,33737.0,1318122.0,2.0,0.0,0.0,-889.0,0.0,-3.0,0.0,-55823.0,7056.73998,6891.576490000001,6604.596395,165.163489999999,452.1435849999998,6784.170801190476,6532.081806087302,803131.8,1581746.4,0.32637,3.31665259444759,1.502974257886936,4.819626852334526,2.0,-889.0,-3.0,-55823.0,0.03784300374986399,0.3229654992585711,,,0.7123,0.5387,0.811
20250211,6644.3299,7132.2876,7132.2876,6643.0411,825808.0,-65691.0,1674927.0,1.0,0.0,13769.0,0.0,0.0,-3.0,0.0,-67854.0,7018.544679999999,6880.72352,6634.853230000001,137.8211599999995,383.6914499999984,6805.257927301587,6579.760404650794,896290.3,2009912.4,,3.601992793437014,1.502974257886936,5.10496705132395,1.0,13769.0,-3.0,-67854.0,-0.07954754616085095,0.0428320736244545,,,0.5479,0.4853,0.469
20250212,6442.6695,6585.3075,6585.3075,6425.1075,711868.0,-113940.0,1191292.0,1.0,0.0,9389.0,0.0,0.0,-3.0,0.0,-53942.0,6952.26532,6864.136929999999,6656.685315,88.12839000000167,295.5800050000007,6792.180133650794,6621.977173317459,952681.4,1429550.4,,3.555913998441995,1.502974257886936,5.058888256328931,1.0,9389.0,-3.0,-53942.0,-0.1600577635179556,-0.1872416157897013,,,0.5479,0.4867,0.224
20250213,6434.2925,6427.0142,6496.7024,6412.4875,706228.0,-5640.0,676379.0,1.0,0.0,10447.0,0.0,1.0,-2.0,1498.0,-50043.0,6786.931379999999,6836.1628,6678.222125,-49.23142000000098,108.7092549999988,6772.329295952381,6658.406984349206,943929.1,,,3.342594348066593,1.502974257886936,4.845568605953528,1.0,10447.0,-1.0,-48545.0,-0.007986089478185516,-0.1673382350049274,,,0.5616,0.488,0.246
20250214,6349.0009,6434.0694,6469.6652,6347.3554,700415.0,-5813.0,611976.0,1.0,0.0,9944.0,0.0,1.0,-2.0,6481.0,-54744.0,6601.79638,6801.9815,6693.97966,-200.1851200000001,-92.1832800000002,6744.469833809525,6688.158647317459,956367.8,,,3.265792538600327,1.512849818334303,4.77864235693463,1.0,9944.0,-1.0,-48263.0,-0.008299365376241229,-0.1407825740958881,,,0.5753,0.4893,0.275
20250217,6391.3686,6365.3264,6410.5477,6340.4527,695992.0,-4423.0,399387.0,1.0,0.0,9836.0,0.0,1.0,-2.0,7869.0,-56703.0,6452.33228,6754.53613,6700.53701,-302.2038500000008,-248.2047300000004,6715.716543571427,6710.265222396825,922015.3,,,3.163010543102656,1.512849818334303,4.675860361436959,1.0,9836.0,-1.0,-48834.0,-0.006354958102966701,-0.1573283440378788,,,0.589,0.4907,0.258
20250218,6470.4095,6398.9647,6569.0269,6398.9647,689605.0,-6387.0,852967.0,1.0,0.0,8545.0,0.0,1.0,-2.0,3734.0,-60317.0,6417.548199999999,6718.04644,6708.67133,-300.4982400000008,-291.1231300000009,6693.462516507935,6725.445043507936,964046.7,,,3.13534032562612,1.525025226364498,4.660365551990618,1.0,8545.0,-1.0,-56583.0,-0.009261823797681281,-0.1299338206881645,,,0.589,0.4973,0.289
20250219,6489.6619,6560.725,6560.725,6483.22,675922.0,-13683.0,444640.0,0.0,0.0,0.0,0.0,1.0,-2.0,3004.0,-61419.0,6426.946679999999,6689.606,6710.432460000001,-262.6593200000007,-283.4857800000018,6674.716206190476,6734.857320420635,969397.4,,,2.985725418165877,1.525025226364498,4.510750644530375,0.0,0.0,-1.0,-58415.0,-0.020243460044206286,-0.1021813598549932,,,0.5753,0.4987,0.325
20250220,6526.7096,6490.8979,6536.839,6459.5225,656533.0,-19389.0,364447.0,0.0,0.0,0.0,0.0,1.0,-2.0,3317.0,-58832.0,6445.4301,6616.180739999999,6702.342725,-170.7506399999993,-256.9126249999999,6656.322088571427,6735.976355857141,862438.8,,,2.966221804556561,1.525025226364498,4.491247030921059,0.0,0.0,-1.0,-55515.0,-0.02953240735804598,-0.0983233695032757,,,0.589,0.4827,0.327
20250221,6473.7445,6545.5916,6556.4985,6438.4066,650615.0,-5918.0,395414.0,0.0,0.0,0.0,0.0,1.0,-2.0,3616.0,-56707.0,6470.37882,6536.0876,6693.33542,-65.70877999999993,-222.9566000000004,6636.450359682541,6727.507570642857,792955.1,,,2.846478645449304,1.566469007944162,4.412947653393466,0.0,0.0,-1.0,-53091.0,-0.009096009160563467,-0.0936338335400181,,,0.3973,0.2613,0.331
20250224,6489.0809,6440.6967,6538.0663,6424.1632,632205.0,-18410.0,365105.0,0.0,0.0,0.0,0.0,1.0,-2.0,4319.0,-58182.0,6489.92128,6471.126780000001,6681.351634999999,18.79449999999906,-191.4303549999995,6615.546386984128,6710.645129222222,697653.4,,,2.863351651107818,1.610382126974221,4.473733778082039,0.0,0.0,-1.0,-53863.0,-0.029120301168133755,-0.1408365895393469,,,0.3562,0.1493,0.276
20250225,6368.943,6467.6069,6474.907,6300.2525,620774.0,-11431.0,577388.0,1.0,0.0,7219.0,0.0,1.0,-2.0,3715.0,-52603.0,6469.62798,6443.58809,6662.155804999999,26.03989000000001,-192.5278249999992,6588.13837452381,6688.933173944444,587899.5,,,2.899894450447266,1.664481885048795,4.564376335496061,1.0,7219.0,-1.0,-48888.0,-0.018414108838321192,-0.1640613700283372,,,0.3288,0.236,0.248
20250226,6392.2675,6369.8141,6426.7726,6350.6635,592910.0,-27864.0,343889.0,1.0,0.0,5968.0,0.0,1.0,-2.0,3384.0,-47111.0,6450.149100000001,6438.54789,6651.34241,11.60121000000072,-201.1933099999997,6561.133159603175,6665.828476539682,503159.2,,,2.4395119198955,1.610382126974221,4.049894046869721,1.0,5968.0,-1.0,-43727.0,-0.046995328127371776,-0.1852068021498499,,,0.2877,0.2173,0.227
20250227,6351.0968,6385.1333,6406.7313,6284.8443,578869.0,-14041.0,358085.0,1.0,0.0,7426.0,0.0,1.0,-2.0,3781.0,-50189.0,6415.02654,6430.22832,6633.19556,-15.20178000000033,-218.1690200000003,6532.451846825397,6641.840731626983,471329.8,,,2.496852315600122,1.684523527918997,4.181375843519119,1.0,7426.0,-1.0,-46408.0,-0.024255919733134786,-0.2015768365150803,,,0.2603,0.196,0.209
20250228,6338.3403,6339.2045,6373.7075,6318.9638,561386.0,-17483.0,239361.0,1.0,0.0,7329.0,0.0,1.0,-2.0,3659.0,-48022.0,6387.9457,6429.16226,6615.57188,-41.21655999999984,-227.6261800000002,6503.687827619045,6617.762531007937,434068.3,,,2.229703740300088,1.684523527918997,3.914227268219085,1.0,7329.0,-1.0,-44363.0,-0.03114256500874621,-0.2478527904937768,,,0.1918,0.1667,0.158
20250303,6345.597,6344.279,6443.912,6338.3682,596441.0,35055.0,375030.0,2.0,0.0,14699.0,0.0,1.0,-2.0,3758.0,-48442.0,6359.24892,6424.5851,6589.560615,-65.33618000000024,-230.3116950000003,6479.275597142856,6594.11843636508,431632.6,,,1.803037968302539,1.689718882642558,3.492756850945097,2.0,14699.0,-1.0,-44684.0,0.058773625555587225,-0.23815854738317,,,0.1781,0.1533,0.163
20250304,6352.7203,6356.1869,6365.9224,6299.4406,616661.0,20220.0,289618.0,2.0,0.0,14575.0,0.0,1.0,-2.0,3460.0,-52494.0,6356.00438,6412.81618,6565.43131,-56.81179999999949,-209.4269299999996,6455.619932777776,6570.334177992064,375297.7,,,1.634704071642258,1.689718882642558,3.324422954284816,2.0,14575.0,-1.0,-49034.0,0.032789490498020796,-0.1641069257832942,,,0.0685,0.088,0.251
20250305,6360.0847,6329.9796,6372.8214,6274.7085,625494.0,8833.0,412784.0,2.0,0.0,14737.0,0.0,1.0,-2.0,4253.0,-57433.0,6349.56782,6399.85846,6544.73223,-50.29064000000017,-195.1644099999994,6431.892194365078,6546.051776809523,372112.1,,0.21298,1.651550495384148,1.689718882642558,3.341269378026706,2.0,14737.0,-1.0,-53180.0,0.014121638257121571,-0.19577176920713,,,0.0822,0.0893,0.219
20250306,6389.2569,6350.5365,6482.38,6339.6295,632203.0,6709.0,651083.0,1.0,0.0,8317.0,0.0,1.0,-2.0,2914.0,-61839.0,6357.19984,6386.11319,6501.146965,-28.91334999999981,-143.9471249999997,6417.135698253969,6522.133137777777,400775.7,781299.6,0.224595,1.673587502480732,1.689718882642558,3.36330638512329,1.0,8317.0,-1.0,-58925.0,0.010612097696467749,-0.1824167470566488,,,0.0959,0.0907,0.232
20250307,6414.1125,6498.8702,6507.8599,6408.8916,637257.0,5054.0,481508.0,2.0,0.0,9135.0,0.0,1.0,-2.0,4311.0,-67283.0,6372.35428,6380.14999,6458.118795,-7.795709999999417,-85.76451499999985,6411.301838730159,6499.61828568254,409385.1,,0.226665,1.727204118992621,1.698693386615402,3.425897505608024,2.0,9135.0,-1.0,-62972.0,0.007930866196840521,-0.1732839746841694,,,0.1233,0.092,0.24
20250310,6350.7328,6416.3589,6462.5525,6332.3925,637229.0,-28.0,338542.0,1.0,0.0,8418.0,0.0,1.0,-2.0,4981.0,-64322.0,6373.38144,6366.31518,6418.72098,7.066260000000511,-45.33953999999994,6403.428712777778,6478.406518261904,406728.8,,,1.676523564804815,1.752831662425332,3.429355227230147,1.0,8418.0,-1.0,-59341.0,-4.394024754052311e-05,-0.2158074149534145,,,0.1233,0.0933,0.193
20250311,6363.7954,6339.4767,6368.8533,6315.9003,632645.0,-4584.0,288023.0,1.0,0.0,8197.0,0.0,1.0,-2.0,4375.0,-63185.0,6375.59646,6365.80042,6404.694255,9.796040000000175,-29.09779500000059,6395.30889126984,6459.123569936508,377792.3,,,1.637142751795939,1.752831662425332,3.389974414221271,1.0,8197.0,-1.0,-58810.0,-0.007245769744485454,-0.2149691450586555,0.1809,,0.137,0.0947,0.194
20250312,6329.0798,6369.6891,6369.6891,6317.8246,641457.0,8812.0,273109.0,1.0,0.0,8309.0,0.0,1.0,-2.0,2449.0,-63882.0,6369.39548,6359.48165,6399.01477,9.913830000000416,-29.61928999999964,6387.233803412699,6441.733634317459,370714.3,,,1.612269483211589,1.752831662425332,3.36510114563692,1.0,8309.0,-1.0,-61433.0,0.013737475777799603,-0.2071041352120892,0.1772,,0.1507,0.096,0.205
20250313,6311.9197,6348.9735,6348.9735,6296.6311,643302.0,1845.0,282351.0,1.0,0.0,8086.0,0.0,1.0,-2.0,1298.0,-62745.0,6353.928040000001,6355.56394,6392.89613,-1.63589999999931,-38.96808999999939,6379.38550436508,6426.427000071429,363140.9,,,1.5414501099855,1.698693386615402,3.240143496600902,1.0,8086.0,-1.0,-61447.0,0.0028680153333892947,-0.2221400693465195,0.1673,,0.1644,0.0973,0.184
20250314,6322.9789,6313.9755,6389.892,6292.0255,638142.0,-5160.0,391298.0,1.0,0.0,8691.0,0.0,1.0,-2.0,3086.0,-61945.0,6335.70132,6354.027800000001,6391.59503,-18.32648000000063,-55.89371000000028,6372.33794031746,6413.29201134127,378334.6,,,1.526306745145263,1.698693386615402,3.225000131760665,1.0,8691.0,-1.0,-58859.0,-0.008085974594996099,-0.1899504134764434,0.1742,,0.1507,0.0987,0.228
20250317,6203.197,6328.4805,6330.4683,6175.1293,661057.0,22915.0,493139.0,1.0,0.0,7782.0,0.0,1.0,-2.0,3542.0,-62363.0,6306.194160000001,6339.7878,6382.18645,-33.59363999999914,-75.99228999999923,6357.153842539683,6401.079835880952,390145.5,591766.7999999999,,1.491452205293377,1.752831662425332,3.244283867718709,1.0,7782.0,-1.0,-58821.0,0.03466418175739762,-0.222443173733276,0.1798,,0.1507,0.1,0.184
20250318,6191.2664,6194.5133,6253.5773,6185.6734,654821.0,-6236.0,293464.0,1.0,0.0,7783.0,0.0,1.0,-3.0,911.0,-55926.0,6271.68836,6323.64241,6368.229295,-51.95405000000028,-96.54093499999999,6339.43985515873,6389.461828119047,390530.1,,,1.485576422014454,1.752831662425332,3.238408084439786,1.0,7783.0,-2.0,-55015.0,-0.009523213213992831,-0.242933024168282,0.1749,,0.137,0.1027,0.16
20250319,6125.8332,6175.2007,6177.6359,6122.2213,668572.0,13751.0,266144.0,1.0,0.0,9923.0,0.0,1.0,-3.0,1798.0,-60470.0,6231.039040000001,6300.217259999999,6350.03786,-69.17821999999887,-118.9988199999998,6317.424252460318,6378.015033928571,375866.1,,,1.429585421302498,1.752831662425332,3.18241708372783,1.0,9923.0,-2.0,-58672.0,0.020567717463489347,-0.2667749530404081,0.1662,,0.1233,0.104,0.134
20250320,6122.6335,6116.976,6136.979,6080.9291,675415.0,6843.0,255291.0,1.0,0.0,11921.0,0.0,1.0,-3.0,0.0,-61692.0,6193.1818,6273.55492,6329.834055,-80.3731200000002,-136.652255,6294.633484920634,6365.764812595238,336286.9,,,1.434563594653348,1.752831662425332,3.18739525707868,1.0,11921.0,-2.0,-61692.0,0.010131548751508332,-0.2716426696852848,0.1577,,0.2055,0.2053,0.13
20250321,6089.2142,6133.8041,6133.8045,6068.3441,679019.0,3604.0,244079.0,1.0,0.0,11638.0,0.0,1.0,-2.0,1063.0,-63676.0,6146.42886,6241.065090000001,6310.60754,-94.63623000000098,-164.17868,6272.054884365079,6351.84011715873,312544.0,,,1.393127632915915,1.752831662425332,3.145959295341246,1.0,11638.0,-1.0,-62613.0,0.0053076570758697475,-0.2415971661416265,0.154,,0.137,0.1973,0.164
20250324,6137.8656,6108.4509,6170.7071,6108.4509,661729.0,-17290.0,259985.0,1.0,0.0,9158.0,0.0,0.0,-3.0,0.0,-63890.0,6133.36258,6219.77837,6293.046775,-86.41579000000002,-159.6841949999998,6254.836166190479,6336.980862500001,304688.3,,,1.413654249833945,1.752831662425332,3.166485912259277,1.0,9158.0,-3.0,-63890.0,-0.026128520889971574,-0.2454548105248272,0.1434,,0.137,0.1853,0.162
20250325,6125.3942,6140.0421,6176.4507,6122.3339,656497.0,-5232.0,253678.0,1.0,0.0,9127.0,0.0,1.0,-3.0,161.0,-62854.0,6120.18814,6195.938250000001,6280.869335,-75.75011000000086,-160.6811950000001,6238.745219603173,6321.324495333333,301253.8,,,1.367152589372747,1.752831662425332,3.119984251798079,1.0,9127.0,-2.0,-62693.0,-0.007969571833534654,-0.2489638628156616,0.1506,,0.1507,0.1707,0.158
20250326,6160.8274,6138.9776,6191.7938,6134.0935,635867.0,-20630.0,290750.0,1.0,0.0,8377.0,0.0,1.0,-3.0,0.0,-62415.0,6127.18698,6179.113009999999,6269.297329999999,-51.92602999999872,-142.110349999999,6226.499418730161,6305.25105686508,303017.9,,,1.283222635370742,1.752831662425332,3.036054297796074,1.0,8377.0,-2.0,-62415.0,-0.03244389156851983,-0.2064214267389773,0.1553,,0.1233,0.1573,0.214
20250327,6146.1319,6166.4504,6183.6814,6139.183,633669.0,-2198.0,189920.0,1.0,0.0,9228.0,0.0,1.0,-3.0,0.0,-58945.0,6131.88666,6162.534229999999,6259.049085000001,-30.64756999999918,-127.1624250000004,6214.812754444443,6288.793781873016,293774.8,,,1.201979699674195,1.752831662425332,2.954811362099527,1.0,9228.0,-2.0,-58945.0,-0.0034686879111965395,-0.2157189135600596,0.1504,,0.0685,0.1427,0.202
20250328,6092.6449,6144.7583,6152.3388,6071.8403,648379.0,14710.0,294640.0,1.0,0.0,9346.0,0.0,1.0,-2.0,69.0,-57746.0,6132.5728,6139.50083,6246.764315,-6.928030000000035,-114.1915150000004,6199.552213571429,6271.515209198413,284109.0,,0.197225,1.148292151019452,1.752831662425332,2.901123813444784,1.0,9346.0,-1.0,-57677.0,0.0226873479862858,-0.2709896209304698,0.1715,,0.0685,0.132,0.132
20250331,6089.6162,6079.035,6164.2116,6054.0138,653055.0,4676.0,392308.0,1.0,0.0,11111.0,0.0,1.0,-3.0,0.0,-55071.0,6122.92292,6128.142750000001,6233.965275,-5.219830000000911,-111.0423550000005,6184.438031111112,6254.243628055556,274025.9,470769.6,,1.218152364148852,1.777023122735396,2.995175486884248,1.0,11111.0,-2.0,-55071.0,0.007160193245591872,-0.3033176714283849,0.1656,,0.0411,0.036,0.107
20250401,6165.4645,6081.5938,6177.628,6057.351,654286.0,1231.0,380787.0,1.0,0.0,9841.0,0.0,0.0,-3.0,0.0,-49864.0,6130.93698,6125.56256,6224.602485,5.3744200000001,-93.66550499999994,6174.302104285714,6237.729852968254,282758.2,456944.4,,1.299748926428545,1.815427770022995,3.11517669645154,1.0,9841.0,-3.0,-49864.0,0.001881440226445316,-0.2129739556963275,0.1663,,0.0685,0.0373,0.21
20250402,6168.6421,6160.1913,6228.3278,6159.4129,634150.0,-20136.0,409742.0,2.0,0.0,18546.0,0.0,1.0,-3.0,0.0,-48092.0,6132.49992,6129.84345,6215.030355000001,2.656469999999899,-82.53043500000058,6168.802507936508,6222.867678515873,297118.0,491690.4,0.20102,1.321149417628234,1.815427770022995,3.136577187651229,2.0,18546.0,-2.0,-48092.0,-0.03175273988803911,-0.2926845921112356,0.1748,,0.0411,0.024,0.116
20250403,6173.4913,6153.6742,6178.9648,6093.9802,639399.0,5249.0,316664.0,2.0,0.0,18629.0,0.0,1.0,-3.0,389.0,-51858.0,6137.9718,6134.92923,6204.242075,3.042570000000524,-66.27027499999986,6162.618794285713,6209.666209452381,303255.3,,0.206655,1.308465775853704,1.815427770022995,3.123893545876698,2.0,18629.0,-2.0,-51469.0,0.008209271519035844,-0.2120373184747216,0.1797,,0.0411,0.0187,0.211
20250407,6049.6842,6021.3054,6094.5916,5948.5133,625547.0,-13852.0,528373.0,2.0,0.0,12340.0,0.0,1.0,-2.0,2116.0,-37613.0,6129.379660000001,6130.976229999999,6186.02066,-1.596569999998792,-56.64099999999962,6146.488896825396,6197.109610698413,331684.7,634047.6,0.22747,1.391933552551915,1.834137890481488,3.226071443033403,2.0,12340.0,-1.0,-35497.0,-0.022143819728973203,-0.3170082100374622,0.1978,,0.0685,0.0267,0.095
20250408,5994.0859,6068.4833,6077.7702,5968.3328,651469.0,25922.0,360887.0,1.0,0.0,10040.0,0.0,1.0,-2.0,4396.0,-43599.0,6110.2736,6116.598260000001,6168.188315,-6.324660000001131,-57.9147150000008,6129.687132539681,6184.594707333333,341774.9,,,1.443635246816257,1.835091561410933,3.27872680822719,1.0,10040.0,-1.0,-39203.0,0.039790074431784166,-0.3329214542463891,0.1953,,0.0274,0.028,0.077
20250409,5945.4143,5950.8228,5971.817,5847.0308,666063.0,14594.0,470786.0,1.0,0.0,9722.0,0.0,1.0,-2.0,5866.0,-43523.0,6066.26356,6098.60027,6147.26926,-32.33670999999958,-81.0056999999997,6106.947199920634,6171.414905365079,363485.7,564943.2,0.287615,1.537964223638181,1.877116218775195,3.415080442413376,1.0,9722.0,-1.0,-37657.0,0.021910840265860737,-0.2986339141631754,0.2501,,0.0822,0.044,0.115
20250410,6002.4966,6003.2277,6032.5058,5967.1022,658856.0,-7207.0,366514.0,1.0,0.0,9214.0,0.0,1.0,-2.0,5940.0,-33818.0,6033.034460000001,6082.76719,6130.9401,-49.73272999999972,-97.90563999999904,6092.713287301586,6158.036292222221,371062.1,,,1.576502877780045,1.877116218775195,3.45361909655524,1.0,9214.0,-1.0,-27878.0,-0.010938657309032627,-0.2747679697726626,0.2012,,0.0822,0.0453,0.133
20250411,5993.8607,5993.6531,6009.1934,5961.744,657790.0,-1066.0,226376.0,1.0,0.0,2357.0,0.0,2.0,-1.0,10730.0,-28523.0,5997.108340000001,6067.540070000001,6115.03715,-70.43173000000024,-117.9288099999994,6078.923446507937,6144.447361428571,374707.7,,,1.557137953966757,1.877116218775195,3.434254172741952,1.0,2357.0,1.0,-17793.0,-0.001620577996016966,-0.3326282982111089,0.1551,,0.0685,0.0467,0.078
20250414,5988.2832,5994.3443,6019.2097,5985.358,645859.0,-11931.0,232569.0,0.0,0.0,0.0,0.0,2.0,-1.0,15796.0,-28535.0,5984.82814,6057.1039,6098.302365,-72.27576000000045,-113.4742250000008,6067.546459047619,6131.246785976191,368500.6,,,1.503889886181705,1.877116218775195,3.3810061049569,0.0,0.0,1.0,-12739.0,-0.018473072295965526,-0.3269967155198222,0.1508,,0.0822,0.0613,0.086
20250415,5913.8702,5987.4188,6000.2913,5913.8702,647883.0,2024.0,274782.0,0.0,0.0,0.0,0.0,2.0,-1.0,14283.0,-29554.0,5968.785000000001,6039.5293,6083.836025,-70.74429999999938,-115.0510249999988,6052.001968650792,6118.003179730158,356748.0,,,1.545694199620635,1.835091561410933,3.380785761031568,0.0,0.0,1.0,-15271.0,0.003124020849443495,-0.3361276972217057,0.156,,0.1096,0.156,0.075
20250416,5856.9467,5909.7552,5917.3305,5830.6468,656467.0,8584.0,422917.0,0.0,0.0,0.0,0.0,2.0,-1.0,12755.0,-30674.0,5951.091480000001,6008.677519999999,6067.12004,-57.58603999999832,-116.0285599999988,6031.625785158729,6103.73554781746,360961.0,,,1.575229526510741,1.835091561410933,3.410321087921675,0.0,0.0,1.0,-17919.0,0.013076057136154597,-0.3578211278651991,0.1584,,0.1096,0.132,0.063
20250417,5868.597,5861.6019,5911.5229,5842.4311,634174.0,-22293.0,376808.0,0.0,0.0,0.0,0.0,2.0,-1.0,11483.0,-27049.0,5924.31156,5978.67301,6054.25823,-54.36145000000033,-129.9466700000003,6012.448287380952,6088.100125761905,357667.6,,,1.609587945651979,1.82480261327729,3.434390558929269,0.0,0.0,1.0,-15566.0,-0.03515281295038901,-0.3817579795109076,0.1562,,0.0959,0.1,0.055
20250418,5869.9926,5862.7099,5898.9108,5842.0721,628056.0,-6118.0,253772.0,0.0,0.0,0.0,0.0,2.0,-1.0,6885.0,-25276.0,5899.53794,5948.32314,6041.626185,-48.78519999999935,-142.0882449999999,5994.566292619049,6071.294875595237,351378.4,,,1.585710794075178,1.815427770022995,3.401138564098173,0.0,0.0,1.0,-18391.0,-0.009741169577235151,-0.3327070979406006,0.1567,,0.1233,0.0987,0.081
20250421,5893.1844,5882.9802,5915.2619,5869.5294,611688.0,-16368.0,245482.0,0.0,0.0,0.0,0.0,2.0,-1.0,10706.0,-23110.0,5880.51818,5932.67316,6031.824695,-52.15498000000025,-151.3065150000002,5979.792218412698,6054.625207753968,323089.3,,,1.512573545345265,1.777023122735396,3.289596668080661,0.0,0.0,1.0,-12404.0,-0.026758739749676307,-0.3592844290400542,0.1513,,0.1233,0.092,0.064
20250422,5787.3387,5882.6471,5894.4484,5780.6774,640916.0,29228.0,364184.0,0.0,0.0,0.0,0.0,2.0,-1.0,8086.0,-24300.0,5855.21188,5911.99844,6014.29835,-56.78656000000046,-159.0864700000002,5959.610337142858,6037.617528214285,323419.0,,,1.511631612745235,1.777023122735396,3.288654735480631,0.0,0.0,1.0,-16214.0,0.045603480019222487,-0.3629424116529156,0.1531,,0.137,0.0907,0.057
20250423,5870.4609,5808.5024,5893.3335,5805.1394,606286.0,-34630.0,349220.0,0.0,0.0,0.0,0.0,2.0,-1.0,13763.0,-22158.0,5857.91472,5904.5031,6001.551685,-46.58838000000014,-143.6369650000006,5943.833579444444,6021.306166166667,311262.4,,,1.561611720275904,1.775407154874251,3.337018875150155,0.0,0.0,1.0,-8395.0,-0.05711825771995395,-0.2969628334907573,0.154,,0.0959,0.0867,0.124
20250424,5802.4129,5852.3452,5871.182,5769.3649,628292.0,22006.0,352266.0,0.0,-1.0,0.0,-4977.0,2.0,-1.0,7795.0,-27228.0,5844.677900000001,5884.49473,5983.63096,-39.81682999999975,-138.9530599999998,5926.15413595238,6004.650251031746,309837.6,,0.186645,1.588927298239635,1.754963965212439,3.343891263452074,-1.0,-4977.0,1.0,-19433.0,0.0350251157105295,-0.3188306951437925,0.1623,,0.0548,0.0187,0.102
20250425,5779.159,5810.6389,5861.3775,5779.1586,620158.0,-8134.0,350070.0,0.0,-1.0,0.0,-5271.0,2.0,-1.0,9081.0,-26002.0,5826.51118,5863.02456,5965.282314999999,-36.51338000000032,-138.771135,5908.416650952382,5987.59957147619,322207.0,,0.18998,1.421230572767578,1.700114921806807,3.121345494574385,-1.0,-5271.0,1.0,-16921.0,-0.013116012371040929,-0.3819819998458359,0.1652,,0.0685,0.02,0.053
20250428,5787.0138,5790.1865,5800.7095,5762.4719,616978.0,-3180.0,276331.0,0.0,-1.0,0.0,-6392.0,1.0,-2.0,3559.0,-23652.0,5805.27706,5842.89762,5950.00076,-37.62055999999939,-144.7236999999996,5890.832282936509,5969.928153865078,326583.2,,0.209415,1.338353410204643,1.700114921806807,3.03846833201145,-1.0,-6392.0,-1.0,-20093.0,-0.005154154605188516,-0.3321961473667091,0.1821,,0.0548,0.0213,0.084
20250429,5744.4281,5807.4907,5821.3046,5738.4505,613302.0,-3676.0,315961.0,1.0,-1.0,5259.0,-6545.0,1.0,-2.0,4048.0,-26527.0,5796.694939999999,5825.95341,5932.741355,-29.25847000000067,-136.0464150000007,5872.872782936509,5952.015235293651,330701.1,,,1.26348418164888,1.613845696789929,2.877329878438808,0.0,-1286.0,-1.0,-22479.0,-0.005993784465075933,-0.4242520713304257,0.1736,,0.0685,0.0227,0.039
20250430,5738.6592,5728.4598,5742.7974,5677.8086,612974.0,-328.0,340979.0,1.0,-1.0,5681.0,-5433.0,1.0,-2.0,3757.0,-31887.0,5770.3346,5814.124659999999,5911.40109,-43.79005999999936,-141.0664900000002,5853.000132619048,5934.152670039683,322507.3,,0.210795,1.242556625561773,1.594154632783212,2.836711258344986,0.0,248.0,-1.0,-28130.0,-0.0005350961052181659,-0.3070654598436783,0.1833,,0.0548,0.024,0.111
20250506,5547.8034,5693.6224,5720.9792,5532.2125,654722.0,41748.0,374371.0,1.0,-1.0,6236.0,-5483.0,1.0,-2.0,3311.0,-27687.0,5719.4127,5782.0453,5880.359155,-62.63259999999991,-160.9464550000002,5823.042746428571,5915.212115944445,322263.6,,0.22011,1.444574491324144,1.594154632783212,3.038729124107356,0.0,753.0,-1.0,-24376.0,0.06376446797266626,-0.3564256426133707,0.1914,,0.0411,0.0253,0.067
20250507,5582.0172,5584.0542,5647.4544,5554.1207,660341.0,5619.0,309453.0,0.0,-2.0,607.0,-5944.0,1.0,-2.0,2839.0,-25709.0,5679.98434,5753.24776,5850.78545,-73.26342000000022,-170.8011100000003,5795.126609285716,5895.268147611112,327831.7,,,1.533007917815671,1.594154632783212,3.127162550598884,-2.0,-5337.0,-1.0,-22870.0,0.008509239923009476,-0.2963926538911138,0.1835,,0.0548,0.0267,0.128
20250508,5742.2109,5546.5981,5763.0443,5537.0088,642640.0,-17701.0,486661.0,0.0,-1.0,0.0,-5783.0,2.0,-1.0,6128.0,-9813.0,5671.02376,5738.15041,5835.411784999999,-67.12665000000015,-164.3880249999993,5777.530786349206,5875.042004404762,351949.6,583993.2,,1.708902013587577,1.700114921806807,3.409016935394384,-1.0,-5783.0,1.0,-3685.0,-0.027544192705091498,-0.2468281956250592,0.1856,,0.0685,0.028,0.179
20250509,5741.184,5743.2288,5776.1677,5721.1238,635324.0,-7316.0,327841.0,0.0,-1.0,0.0,-5769.0,2.0,-2.0,8275.0,-12885.0,5670.37494,5733.53494,5822.76669,-63.15999999999985,-152.3917500000007,5768.623272857144,5855.94329797619,348315.3,,,1.672171499734378,1.594154632783212,3.266326132517591,-1.0,-5769.0,0.0,-4610.0,-0.011515384276369223,-0.2466858797609823,0.1742,,0.0685,0.0293,0.18
20250512,5847.1098,5810.5588,5896.4087,5748.5649,621717.0,-13607.0,454821.0,0.0,-1.0,0.0,-6133.0,2.0,-2.0,2907.0,-11168.0,5692.06506,5731.19983,5817.851465,-39.13476999999966,-125.7864049999998,5768.460924126984,5838.406032444445,358875.4,545785.2,,1.779305174594773,1.594154632783212,3.373459807377986,-1.0,-6133.0,0.0,-8261.0,-0.021886163640370136,-0.2350638492300701,0.1706,,0.0959,0.0987,0.192
20250513,5793.5502,5829.3098,5868.9236,5756.1088,633897.0,12180.0,335505.0,0.0,-1.0,0.0,-8116.0,2.0,-2.0,9779.0,-10495.0,5741.214419999999,5730.31356,5807.404145,10.90085999999974,-66.18972500000109,5767.295066746032,5822.52012552381,357199.3,,,1.850392093163689,1.594154632783212,3.444546725946901,-1.0,-8116.0,0.0,-716.0,0.019214478061893334,-0.1764574083657036,0.171,,0.1644,0.1787,0.273
20250514,5847.4121,5827.6415,5890.6076,5817.2111,626771.0,-7126.0,335463.0,0.0,-1.0,0.0,-7133.0,2.0,-1.0,4663.0,-12274.0,5794.2934,5737.13887,5800.081715,57.1545300000007,-5.788314999999784,5770.477701349208,5808.726230563492,355738.6,,,1.915112816415297,1.661381092711862,3.576493909127159,-1.0,-7133.0,1.0,-7611.0,-0.01136938371430714,-0.2670789535414262,0.1721,,0.1507,0.244,0.153
20250515,5859.5959,5843.0043,5880.4938,5815.9511,622431.0,-4340.0,259114.0,0.0,-1.0,0.0,-7141.0,2.0,-1.0,5536.0,-9604.0,5817.770399999999,5744.397080000001,5793.647349999999,73.37331999999878,24.12305000000015,5775.326356349208,5797.175637904763,354016.9,,0.205045,1.852383250108839,1.592608666109425,3.444991916218264,-1.0,-7141.0,1.0,-4068.0,-0.006972660423404361,-0.2207606696896697,0.1783,,0.1781,0.2653,0.215
20250516,5840.1273,5846.1172,5869.0351,5808.3682,622201.0,-230.0,278255.0,0.0,-1.0,0.0,-6844.0,2.0,-1.0,8131.0,-11190.0,5837.55906,5753.967,5789.960205,83.59205999999995,47.59885499999928,5779.472410238095,5787.835600634921,350246.3,,,1.796878580747242,1.592608666109425,3.389487246856667,-1.0,-6844.0,1.0,-3059.0,-0.000369655465034611,-0.2407537159090007,0.1697,,0.2055,0.2973,0.187
20250519,5826.127,5837.9618,5837.9618,5744.1046,620960.0,-1241.0,319497.0,0.0,-1.0,0.0,-6666.0,2.0,-2.0,2302.0,-15308.0,5833.3625,5762.71378,5788.419220000001,70.64872000000014,44.9432799999995,5781.38670563492,5780.674257936509,348098.1,,,1.789168130422939,1.587930412898756,3.377098543321695,-1.0,-6666.0,0.0,-13006.0,-0.0019985184230868333,-0.2167550780736022,0.1767,,0.3014,0.3173,0.221
20250520,5771.5356,5807.7803,5819.4019,5754.7725,591651.0,-29309.0,272432.0,0.0,-1.0,0.0,-6578.0,2.0,-1.0,3878.0,-16777.0,5828.959580000001,5785.087,5783.56615,43.8725800000002,45.39343000000099,5780.682788809523,5776.438262174604,337904.2,,,1.775869298721034,1.587930412898756,3.36379971161979,-1.0,-6578.0,1.0,-12899.0,-0.04953764972931678,-0.202117078331551,0.1772,,0.4384,0.3947,0.244
20250521,5785.0832,5786.1113,5805.6566,5729.9861,582287.0,-9364.0,250960.0,0.0,-1.0,0.0,-6656.0,2.0,-1.0,4574.0,-15401.0,5816.4938,5805.3936,5779.32068,11.10019999999986,37.17312000000038,5779.972400873017,5774.922841333333,332054.9,,,1.822316120142642,1.587930412898756,3.410246533041398,-1.0,-6656.0,1.0,-10827.0,-0.01608141689579194,-0.2391636371709422,0.1711,,0.589,0.4773,0.188
20250522,5991.7796,5783.8669,6044.7534,5764.8402,591568.0,9281.0,945898.0,1.0,-1.0,7976.0,-6268.0,1.0,-2.0,777.0,-28980.0,5842.930539999999,5830.350469999999,5784.25044,12.58006999999998,58.68009999999958,5794.400982142857,5776.609860912698,377978.6,1135077.6,0.24426,2.060286197939504,1.587930412898756,3.648216610838261,0.0,1708.0,-1.0,-28203.0,0.015688813458469696,-0.1162349391613031,0.2124,,0.6164,0.5053,0.342
20250523,5714.7705,5937.395,5999.33,5712.3522,618918.0,27350.0,1043244.0,2.0,-1.0,15128.0,-6343.0,1.0,-2.0,2305.0,-29790.0,5817.85918,5827.70912,5780.62203,-9.849939999999151,37.23714999999993,5795.403387936509,5779.287872420636,449518.9,1251892.8,,2.333310846502206,1.587930412898756,3.921241259400962,1.0,8785.0,-1.0,-27485.0,0.04419002194151729,-0.1536041259454307,0.1885,,0.6164,0.56,0.308
20250526,5663.92,5739.1824,5746.1373,5638.5983,614429.0,-4489.0,526037.0,2.0,-1.0,14367.0,-6045.0,1.0,-2.0,863.0,-23898.0,5785.41778,5809.39014,5770.294985,-23.97236000000066,15.12279500000022,5786.576497857144,5781.099429793651,456640.5,,,2.207867632146155,1.587930412898756,3.795798045044911,1.0,8322.0,-1.0,-23035.0,-0.007305970258565269,-0.2382633075468002,0.1797,,0.6438,0.6,0.187
20250527,5613.4618,5660.2302,5666.6521,5585.9044,617682.0,3253.0,377684.0,2.0,-1.0,7172.0,-6594.0,0.0,-3.0,537.0,-23280.0,5753.80302,5791.3813,5760.84743,-37.57827999999972,-7.044409999999516,5772.375812063493,5781.607504325397,460858.4,,,2.183684425389481,1.587930412898756,3.771614838288237,1.0,578.0,-3.0,-22743.0,0.005266463973371411,-0.2577159115555221,0.1764,,0.6438,0.632,0.161
20250528,5601.9244,5600.5868,5631.7587,5587.4068,616940.0,-742.0,292587.0,1.0,-1.0,202.0,-5868.0,0.0,-3.0,0.0,-30996.0,5717.17126,5766.83253,5751.9857,-49.6612699999996,-34.8144400000001,5757.114442936509,5780.271178484128,456570.8,,,1.962886494898353,1.544697480161445,3.507583975059798,0.0,-5666.0,-3.0,-30996.0,-0.0012027101500956333,-0.2340292013195663,0.1732,,0.6575,0.6387,0.192
20250529,5528.1601,5584.912,5612.0517,5490.6341,626179.0,9239.0,490990.0,0.0,-1.0,0.0,-6317.0,0.0,-3.0,0.0,-33597.0,5624.44736,5733.68895,5739.043015,-109.2415899999996,-114.5956550000001,5737.226923888887,5776.461235238095,479758.4,,,2.050332122104038,1.587930412898756,3.638262535002794,-1.0,-6317.0,-3.0,-33597.0,0.014754566984839798,-0.2178151758891863,0.1734,,0.6575,0.6533,0.217
20250530,5477.1432,5522.3228,5522.3228,5448.9927,626142.0,-37.0,362502.0,0.0,-1.0,0.0,-6433.0,0.0,-3.0,0.0,-34325.0,5576.921899999999,5697.39054,5725.67877,-120.468640000001,-148.7568700000011,5713.041070079365,5769.818101222222,488183.1,,0.219995,1.965077680548831,1.544697480161445,3.509775160710276,-1.0,-6433.0,-3.0,-34325.0,-5.909202704817757e-05,-0.1991608093782739,0.1913,,0.6712,0.6427,0.25
20250603,5420.4406,5480.2422,5480.2422,5311.0258,647052.0,20910.0,464462.0,0.0,-1.0,0.0,-7067.0,0.0,-3.0,0.0,-31323.0,5528.22602,5656.8219,5709.76784,-128.5958799999999,-181.5418200000004,5684.29050920635,5760.108481579365,502679.6,,0.22425,2.044802865067753,1.587930412898756,3.632733277966509,-1.0,-7067.0,-3.0,-31323.0,0.0323157953302053,-0.1884065631656885,0.195,,0.6849,0.6627,0.263
20250604,5502.8805,5449.8008,5529.0333,5398.271,656215.0,9163.0,402279.0,0.0,-1.0,0.0,-7584.0,0.0,-3.0,0.0,-29579.0,5506.10976,5629.956389999999,5707.521695,-123.8466299999991,-201.4119350000001,5661.599389047619,5748.200141603175,515664.3,,,2.095998158582705,1.652817746222071,3.748815904804776,-1.0,-7584.0,-3.0,-29579.0,0.01396341138194037,-0.1923559307031374,0.1864,,0.4795,0.4813,0.258
20250605,5483.4908,5474.4478,5506.4369,5440.4622,662411.0,6196.0,296330.0,0.0,-1.0,0.0,-7158.0,0.0,-3.0,0.0,-26321.0,5482.42304,5599.79715,5702.595375,-117.3741100000007,-220.1723350000002,5639.338476031746,5734.136749119049,520201.3,,,2.107756624447805,1.587930412898756,3.695687037346561,-1.0,-7158.0,-3.0,-26321.0,0.009353709403980308,-0.1503670583188216,0.181,,0.5068,0.4827,0.312
20250606,5541.2853,5523.523,5581.5851,5515.5152,646501.0,-15910.0,379445.0,0.0,-1.0,0.0,-7065.0,0.0,-3.0,0.0,-30433.0,5485.04808,5554.74772,5692.549095,-69.69964000000073,-207.5010150000007,5624.1125,5717.107900904763,463556.0,,,2.163161024502439,1.587930412898756,3.751091437401195,-1.0,-7065.0,-3.0,-30433.0,-0.024609397355920562,-0.1186240929223384,0.1834,,0.5068,0.5107,0.341
20250609,5555.4271,5514.3676,5592.0537,5489.5588,643791.0,-2710.0,279540.0,0.0,-1.0,0.0,-7254.0,0.0,-3.0,0.0,-27454.0,5500.70486,5538.813380000001,5683.26125,-38.10852000000068,-182.5563899999997,5609.594169206351,5698.526979031746,387185.6,,,2.178835112924331,1.587930412898756,3.766765525823087,-1.0,-7254.0,-3.0,-27454.0,-0.0042094406414504085,-0.1278134967018263,0.1744,0.29053420805998126,0.5205,0.5173,0.334
20250610,5542.9414,5537.3761,5590.6793,5537.3761,648488.0,4697.0,264309.0,0.0,-1.0,0.0,-7585.0,0.0,-3.0,0.0,-25027.0,5525.205019999999,5526.71552,5668.052830000001,-1.51050000000032,-142.8478100000011,5597.201518174604,5679.589481063492,361012.8,,,2.1621682449287,1.587930412898756,3.750098657827456,-1.0,-7585.0,-3.0,-25027.0,0.00724300218354079,-0.1389903090724226,0.1688,0.2380506091846299,0.4932,0.5187,0.323
20250611,5487.4183,5553.089,5561.0347,5481.6531,664316.0,15828.0,318932.0,0.0,-1.0,0.0,-11455.0,0.0,-3.0,0.0,-26312.0,5522.112579999999,5514.11117,5652.746235,8.001409999998941,-130.6336550000005,5581.538148809525,5660.505714738096,355137.6,,,2.175156546088636,1.587930412898756,3.763086958987392,-1.0,-11455.0,-3.0,-26312.0,0.023826010513069082,-0.1061825382474138,0.1728,0.27553889409559523,0.5205,0.52,0.362
20250612,5430.1778,5484.1321,5495.4291,5423.5845,665616.0,1300.0,279667.0,0.0,-1.0,0.0,-11545.0,0.0,-3.0,0.0,-26647.0,5511.449979999999,5496.93651,5631.88452,14.51346999999896,-120.4345400000002,5561.983227936509,5640.992593238096,353845.6,,,1.922649853323039,1.587930412898756,3.510580266221795,-1.0,-11545.0,-3.0,-26647.0,0.0019530780510083892,-0.140824064333059,0.1814,0.3561387066541707,0.4932,0.5213,0.318
20250613,5478.7429,5407.585,5499.6786,5403.0261,647559.0,-18057.0,283428.0,0.0,-1.0,0.0,-10961.0,1.0,-2.0,3468.0,-25134.0,5498.9415,5491.99479,5612.84187,6.946710000000166,-113.9003700000003,5545.089826904762,5621.778883539684,333089.4,,,1.682389245080953,1.652817746222071,3.335206991303024,-1.0,-10961.0,-1.0,-21666.0,-0.02788471784038211,-0.143344119505391,0.1681,0.2314901593252109,0.4932,0.5253,0.314
20250616,5579.82,5507.0282,5582.5645,5450.1538,629538.0,-18021.0,338679.0,0.0,-1.0,0.0,-11015.0,0.0,-3.0,0.0,-24937.0,5503.82008,5502.26247,5599.826505,1.557609999999841,-96.00642500000049,5538.499413412698,5604.324717873017,330707.1,,,1.716420137757374,1.652817746222071,3.369237883979444,-1.0,-11015.0,-3.0,-24937.0,-0.02862575412445317,-0.2114690527329119,0.1659,0.2108716026241799,0.5205,0.5267,0.227
20250617,5538.9622,5558.1647,5575.8351,5523.6221,608732.0,-20806.0,215080.0,0.0,-1.0,0.0,-11235.0,0.0,-3.0,0.0,-31085.0,5503.024240000001,5514.11463,5585.468265,-11.09038999999939,-82.44402499999887,5533.223231428572,5589.217990095239,305768.9,,,1.686264077976392,1.652817746222071,3.339081824198463,-1.0,-11235.0,-3.0,-31085.0,-0.0341792447251007,-0.128601828843151,0.1601,0.15651358950328018,0.589,0.528,0.333
20250618,5560.9964,5539.0482,5628.2458,5530.0669,604926.0,-3806.0,292198.0,0.0,-1.0,0.0,-10509.0,0.0,-3.0,0.0,-35490.0,5517.73986,5519.926219999999,5574.941305,-2.186359999999695,-57.2014450000006,5530.726484682541,5576.130699658731,294760.8,,,1.756948180141112,1.697795971796126,3.454744151937238,-1.0,-10509.0,-3.0,-35490.0,-0.006291678651603667,-0.1313768584931197,0.1575,0.1321462043111528,0.6164,0.5413,0.329
20250619,5589.976,5565.7766,5595.4007,5522.2138,601284.0,-3642.0,179976.0,0.0,-1.0,0.0,-10500.0,0.0,-3.0,0.0,-36109.0,5549.699500000001,5530.574739999999,5565.185944999999,19.12476000000152,-15.48644499999864,5529.853966190475,5565.182248674604,283125.4,,,1.693057827240623,1.697795971796126,3.390853799036749,-1.0,-10500.0,-3.0,-36109.0,-0.006057037938810944,-0.1212773113920716,0.1579,0.13589503280224943,0.6849,0.504,0.343
20250620,5622.9569,5593.3368,5721.2947,5579.776,583247.0,-18037.0,556897.0,0.0,-1.0,0.0,-9338.0,1.0,-2.0,2473.0,-26643.0,5578.542299999999,5538.7419,5546.74481,39.80039999999917,31.79748999999902,5536.919087698414,5556.462907444445,300870.6,668276.4,,1.77049002486648,1.758496920604434,3.528986945470915,-1.0,-9338.0,-1.0,-24170.0,-0.030925148350527308,-0.0996481537071581,0.1576,0.13308341143392682,0.6712,0.5467,0.371
20250623,5617.8885,5656.3728,5669.3873,5587.8778,587397.0,4150.0,264276.0,1.0,-2.0,37.0,-9133.0,1.0,-2.0,1414.0,-23630.0,5586.156,5544.98804,5541.90071,41.16795999999977,44.25529000000006,5544.080335317459,5549.911524055556,299344.2,,,1.652859161101003,1.758496920604434,3.411356081705438,-1.0,-9096.0,-1.0,-22216.0,0.007065068429018194,-0.1494559146968558,0.1587,0.08324974924774327,0.6986,0.58,0.308
20250624,5567.6804,5604.0357,5626.6315,5500.7604,597205.0,9808.0,449095.0,0.0,-1.0,0.0,-9018.0,1.0,-3.0,2140.0,-17522.0,5591.89964,5547.46194,5537.08873,44.4376999999995,54.81090999999924,5546.60022452381,5544.851394690477,317822.8,538914.0,0.18768,1.645175626452331,1.764678329596299,3.409853956048631,-1.0,-9018.0,-2.0,-15382.0,0.016423171272846007,-0.1774237368385875,0.1632,0.12838515546639928,0.726,0.6893,0.271
20250625,5662.2179,5573.6151,5675.303,5566.8877,591818.0,-5387.0,409296.0,0.0,-1.0,0.0,-8773.0,1.0,-2.0,1645.0,-17795.0,5612.14394,5564.9419,5539.526535,47.20204000000012,72.61740499999996,5555.565644444447,5542.254144253969,326859.2,491155.2,0.197455,1.695962470592867,1.767392510233281,3.463354980826148,-1.0,-8773.0,-1.0,-16150.0,-0.009102460553751322,-0.0817489361933032,0.1717,0.21364092276830482,0.7397,0.7027,0.391
20250626,5684.6787,5657.4762,5708.7666,5632.7586,588389.0,-3429.0,333110.0,0.0,-1.0,0.0,-8358.0,1.0,-2.0,2165.0,-18281.0,5631.08448,5590.39199,5543.66425,40.69248999999945,87.42022999999972,5568.834979206348,5542.939319380953,332203.5,,,1.664496563775067,1.767392510233281,3.431889074008347,-1.0,-8358.0,-1.0,-16116.0,-0.0058277772018171655,-0.087648391779116,0.1616,0.10876132930513599,0.7534,0.7107,0.384
20250627,5677.873,5706.7309,5734.1215,5654.9709,582945.0,-5444.0,280736.0,1.0,-1.0,5227.0,-8976.0,1.0,-2.0,4938.0,-18025.0,5642.0677,5610.304999999999,5551.149895,31.76270000000022,90.91780499999913,5582.793477460318,5546.709684436508,331934.3,,,1.631972665952066,1.767392510233281,3.399365176185347,0.0,-3749.0,-1.0,-13087.0,-0.00933878839341619,-0.1261073810689947,0.1646,0.13897280966767378,0.7397,0.66,0.336
20250630,5649.1178,5694.869,5713.6638,5641.4004,572652.0,-10293.0,255406.0,1.0,-1.0,5294.0,-7234.0,1.0,-2.0,5866.0,-17811.0,5648.313560000001,5617.23478,5559.748625,31.07878000000073,88.56493500000033,5594.014820714285,5552.261225166667,323607.0,,,1.65401714367753,1.764678329596299,3.418695473273829,0.0,-1940.0,-1.0,-11945.0,-0.01797426709415142,-0.1460975503382205,0.1571,0.0634441087613293,0.5205,0.428,0.309
20250701,5632.8223,5646.094,5651.3343,5589.2122,572733.0,81.0,269956.0,1.0,-1.0,5349.0,-6858.0,1.0,-2.0,4122.0,-14184.0,5661.34194,5626.62079,5570.36771,34.72115000000031,90.9742299999998,5600.389990238094,5558.977901047619,329094.6,,,1.628900877435798,1.758496920604434,3.387397798040232,0.0,-1509.0,-1.0,-10062.0,0.00014142715715699986,-0.1305228713461353,0.1639,0.13192346424974824,0.4795,0.4067,0.329
20250702,5735.5127,5628.5857,5763.2142,5609.9955,580136.0,7403.0,396921.0,1.0,-1.0,5566.0,-7057.0,1.0,-2.0,4279.0,-14643.0,5676.0009,5644.07242,5581.99932,31.92848000000049,94.0015800000001,5613.371698650794,5567.242422444444,339566.9,,0.19412,1.726103460557766,1.764678329596299,3.490781790154065,0.0,-1491.0,-1.0,-10364.0,0.012760800915647366,-0.1498540633443457,0.1688,0.18126888217522674,0.4658,0.408,0.304
20250703,5720.5529,5735.0967,5741.5437,5685.793,589384.0,9248.0,257316.0,1.0,-1.0,5558.0,-6210.0,1.0,-2.0,4316.0,-15528.0,5683.175740000001,5657.13011,5593.852424999999,26.04563000000053,89.32331500000146,5626.543213412697,5576.911347166666,347300.9,,,1.66893059500217,1.764678329596299,3.433608924598469,0.0,-652.0,-1.0,-11212.0,0.015690958695858726,-0.1824354335679266,0.1626,0.11883182275931525,0.4932,0.4093,0.261
20250704,5660.4389,5720.1981,5752.2649,5658.5263,589641.0,257.0,273138.0,1.0,-1.0,5544.0,-6658.0,1.0,-2.0,4532.0,-20725.0,5679.68892,5660.87831,5599.810105,18.81060999999954,79.87881500000003,5635.788910793652,5586.79832947619,318925.0,,,1.61822516624603,1.758496920604434,3.376722086850465,0.0,-1114.0,-1.0,-16193.0,0.00043585842911195117,-0.2725028780958697,0.1576,0.06847935548841894,0.5205,0.484,0.13
20250707,5661.8358,5670.8152,5691.158,5630.6042,587310.0,-2331.0,204332.0,1.0,-1.0,5775.0,-7247.0,1.0,-2.0,4482.0,-21785.0,5682.23252,5665.27304,5605.13054,16.95947999999953,77.10197999999946,5641.922433095238,5596.582539253968,312930.6,,,1.621220348755186,1.697795971796126,3.319016320551312,0.0,-1472.0,-1.0,-17303.0,-0.00396894314757113,-0.2026010048892107,0.1544,0.036253776435045515,0.5205,0.496,0.233
20250708,5665.1114,5652.7079,5697.6595,5636.7675,587794.0,484.0,217210.0,1.0,-1.0,5875.0,-7082.0,1.0,-2.0,4108.0,-21258.0,5688.690339999999,5675.01614,5611.239039999999,13.67419999999947,77.45129999999972,5647.781584761904,5606.700675277778,289742.1,,,1.571977781679074,1.657552407465242,3.229530189144316,0.0,-1207.0,-1.0,-17150.0,0.0008234177279795303,-0.1955138593757847,0.1537,0.04707792207792229,0.5068,0.42,0.248
20250709,5729.2447,5676.7322,5750.5196,5653.0454,582348.0,-5446.0,257454.0,1.0,-1.0,5856.0,-7084.0,1.0,-2.0,4047.0,-18635.0,5687.43674,5681.71882,5623.33036,5.717920000000049,64.10638000000017,5657.516086349205,5616.895719468253,274557.9,,,1.599848387519868,1.67643894826773,3.276287335787599,0.0,-1228.0,-1.0,-14588.0,-0.009351796520293708,-0.1378467341322161,0.1595,0.1412337662337664,0.5068,0.4067,0.321
20250710,5812.2886,5748.1418,5826.8655,5745.9713,589143.0,6795.0,446857.0,1.0,-1.0,5668.0,-5283.0,1.0,-2.0,3464.0,-22264.0,5705.78388,5694.47981,5642.435899999999,11.30407000000014,63.34798000000046,5673.632287857144,5627.375450333333,285932.6,536228.4,0.19274,1.540803928735162,1.688273104512068,3.22907703324723,0.0,385.0,-1.0,-18800.0,0.011533702343913108,-0.2195116937005554,0.1676,0.2727272727272728,0.5068,0.4227,0.204
20250711,5758.8379,5817.6568,5829.0225,5748.2685,584218.0,-4925.0,309575.0,1.0,-1.0,5784.0,-4329.0,1.0,-2.0,3132.0,-22110.0,5725.46368,5702.5763,5656.44065,22.88738000000012,69.02302999999938,5686.689378095238,5637.765040396825,288816.5,,0.19504,1.53712731532922,1.688273104512068,3.225400419841288,0.0,1455.0,-1.0,-18978.0,-0.008430072336011557,-0.1639793038894574,0.1696,0.29950900163666133,0.7397,0.6573,0.289
20250714,5791.6234,5760.3905,5807.5049,5735.799,576157.0,-8061.0,290641.0,1.0,0.0,6040.0,0.0,1.0,-2.0,3123.0,-36896.0,5751.4212,5716.82686,5667.03082,34.59433999999965,84.39037999999982,5699.138812619049,5648.277439587301,292340.0,,0.200215,1.464975595097908,1.688273104512068,3.153248699609976,1.0,6040.0,-1.0,-33773.0,-0.013990978153524127,-0.1831174613528467,0.1741,0.3731587561374797,0.726,0.6333,0.265
20250715,5795.0719,5787.6623,5849.9586,5762.5092,563973.0,-12184.0,345453.0,1.0,0.0,5926.0,0.0,1.0,-2.0,3526.0,-32034.0,5777.4133,5733.05182,5679.836305,44.36148000000048,97.57699500000035,5711.6583584127,5659.404276404762,299889.7,,,1.436326422466218,1.688273104512068,3.124599526978286,1.0,5926.0,-1.0,-28508.0,-0.021603871107304783,-0.1133540393561926,0.1709,0.3207855973813421,0.6438,0.592,0.354
20250716,5763.9111,5790.138,5804.4447,5750.0403,563721.0,-252.0,192288.0,1.0,0.0,5886.0,0.0,1.0,-2.0,3377.0,-33663.0,5784.346579999999,5735.89166,5689.98204,48.45491999999922,94.36453999999958,5720.727733492064,5670.139879888889,279426.4,,,1.40791863892525,1.688273104512068,3.096191743437318,1.0,5886.0,-1.0,-30286.0,-0.00044702964764484557,-0.1547093815086734,0.1595,0.13420621931260246,0.6027,0.5653,0.303
20250717,5806.9294,5790.4074,5815.3808,5759.8689,565357.0,1636.0,193081.0,1.0,0.0,6077.0,0.0,1.0,-2.0,3438.0,-33912.0,5783.27474,5744.52931,5700.82971,38.74542999999994,82.44502999999986,5730.968466587302,5680.582405206349,273002.9,,,1.376171742138401,1.688273104512068,3.064444846650469,1.0,6077.0,-1.0,-30474.0,0.002893746783006136,-0.0913982905362602,0.1699,0.3044189852700491,0.6027,0.5893,0.384
20250718,5811.7506,5845.5765,5878.648,5780.0441,564290.0,-1067.0,369308.0,1.0,0.0,6519.0,0.0,1.0,-2.0,150.0,-34433.0,5793.85728,5759.66048,5710.269395,34.19679999999971,83.58788499999991,5743.011818571428,5691.304695984127,282619.9,443169.6,,1.406170016952047,1.698515829235109,3.104685846187156,1.0,6519.0,-1.0,-34283.0,-0.0018908717148983678,-0.1037648648949426,0.1606,0.12647554806070793,0.589,0.5507,0.371
20250721,5930.411,5901.2093,5960.638,5884.7469,591552.0,27262.0,522034.0,2.0,0.0,10619.0,0.0,1.0,-2.0,4682.0,-41332.0,5821.6148,5786.518,5725.89552,35.09680000000026,95.71928000000025,5763.643122698412,5703.476764944445,314390.1,626440.7999999999,0.246905,1.508572164848809,1.698515829235109,3.207087994083918,2.0,10619.0,-1.0,-36650.0,0.04608555122795629,0.0653019019322132,0.2147,1.0,0.5616,0.4987,0.527
20250722,6034.0171,5958.059,6054.1273,5917.0985,592489.0,937.0,583445.0,1.0,0.0,6625.0,0.0,2.0,-1.0,9153.0,-38386.0,5869.40384,5823.408570000001,5749.212355000001,45.99526999999944,120.1914849999994,5789.879164206348,5717.686522888888,351013.6,700134.0,0.2668,1.483006886038519,1.698515829235109,3.181522715273628,1.0,6625.0,1.0,-29233.0,0.0015814639596684495,-0.1362207239361377,0.232,1.0,0.5205,0.4187,0.326
20250723,5956.7883,6054.9573,6084.7973,5863.0809,577805.0,-14684.0,577756.0,1.0,0.0,6072.0,0.0,2.0,-1.0,6327.0,-37732.0,5907.97928,5846.16293,5763.940875,61.81635000000006,144.0384050000002,5812.19350468254,5733.154264722222,383043.8,693307.2,0.273585,1.683137207322331,1.698515829235109,3.38165303655744,1.0,6072.0,1.0,-31405.0,-0.025413418021650903,-0.0959661086664269,0.2379,1.0,0.4795,0.3347,0.383
20250724,5973.202,5953.9079,6051.2482,5857.7611,574187.0,-3618.0,489058.0,1.0,0.0,6129.0,0.0,2.0,-1.0,5264.0,-41945.0,5941.2338,5862.254269999999,5778.36704,78.97953000000052,162.8667599999999,5831.470127380953,5748.938048674603,387263.9,586869.6,0.3283249999999999,1.799081595038801,1.726461385311841,3.525542980350641,1.0,6129.0,1.0,-36681.0,-0.006301083096621832,-0.2694254105715044,0.2855,1.0,0.3699,0.252,0.134
20250725,6436.0221,6016.54,6436.0916,5979.4228,666938.0,92751.0,1211760.0,2.0,0.0,9381.0,0.0,1.0,-2.0,1560.0,-75345.0,6066.0881,5929.972690000001,5816.274495,136.1154099999994,249.8136050000003,5880.474410079366,5768.316551873016,477482.4,1454112.0,0.65803,2.271222320293244,1.764678329596299,4.035900649889543,2.0,9381.0,-1.0,-73785.0,0.13906989855128962,-0.1979730589959357,0.5722,1.0,0.3425,0.236,0.245
20250728,6056.8144,5885.6506,6298.4086,5836.2252,630766.0,-36172.0,1684257.0,2.0,0.0,6629.0,0.0,1.0,-2.0,0.0,-81399.0,6091.36878,5956.49179,5836.659325000001,134.8769899999998,254.7094549999993,5901.917520238095,5788.594422634921,616844.0,2021108.4,,2.912437238688293,1.767392510233281,4.679829748921573,2.0,6629.0,-1.0,-81399.0,-0.05734614738270611,-0.1897732293199405,0.414,0.6219832735961767,0.3151,0.224,0.258
20250729,6244.3298,6064.3461,6277.8664,6042.7409,655401.0,24635.0,1366258.0,2.0,0.0,17916.0,0.0,1.0,-2.0,5233.0,-78081.0,6133.431320000001,6001.41758,5867.2347,132.0137400000003,266.1966200000006,5935.76970515873,5811.005557309524,718924.5,1639509.6,,3.059902459286368,1.776232659035958,4.836135118322326,2.0,17916.0,-1.0,-72848.0,0.03758767533159089,-0.2006242447343351,0.4325,0.6661887694145758,0.3562,0.2067,0.242
20250730,6155.6585,6369.1679,6407.8987,6121.6498,651208.0,-4193.0,1058270.0,2.0,-1.0,16763.0,-5368.0,1.0,-2.0,43.0,-81632.0,6173.20536,6040.59232,5888.24199,132.6130400000002,284.9633699999995,5971.657619761905,5836.098545936508,805522.7,1269924.0,,3.273182148183685,1.776232659035958,5.049414807219643,1.0,11395.0,-1.0,-81589.0,-0.006438802963108561,-0.2948136108425169,0.3635,0.5013142174432497,0.2192,0.12,0.116
20250731,5980.8851,6097.1382,6135.9557,5909.2159,603752.0,-47456.0,783634.0,2.0,-1.0,7729.0,-5077.0,1.0,-3.0,0.0,-73089.0,6174.741980000001,6057.987889999999,5901.2586,116.7540900000013,273.4833800000006,5984.726631825396,5861.474362460318,864578.0,,,3.462369492044992,1.800127062502485,5.262496554547477,1.0,2652.0,-2.0,-73089.0,-0.07860181001470802,-0.1858368900119746,0.2496,0.22915173237753877,0.1507,0.0307,0.264
20250801,5993.9832,6017.936,6046.4181,5978.8024,587404.0,-16348.0,572113.0,1.0,-1.0,490.0,-2360.0,1.0,-2.0,0.0,-69116.0,6086.3342,6076.21115,5917.935815,10.12305000000015,168.3983850000004,5995.126467222221,5886.685827325397,884858.5,,,3.449149723412706,1.767392510233281,5.216542233645987,0.0,-1870.0,-1.0,-69116.0,-0.027830930671224576,-0.2904057492446419,0.2138,0.1436081242532855,0.1233,0.0307,0.12
20250804,6010.134,5989.605,6030.9247,5954.9567,604837.0,17433.0,441494.0,1.0,0.0,2179.0,0.0,0.0,-3.0,0.0,-68189.0,6076.998119999999,6084.18345,5935.350725,-7.185330000000249,141.6473949999991,6003.654719523808,5910.686987007936,876804.5,,,3.426692055391619,1.767392510233281,5.1940845656249,1.0,2179.0,-3.0,-68189.0,0.028822641471999894,-0.1995356690127187,0.2167,0.15053763440860213,0.0548,0.0307,0.243
20250805,6059.5409,6000.5622,6093.3206,5950.1355,612782.0,7945.0,448023.0,1.0,0.0,1092.0,0.0,0.0,-3.0,0.0,-66126.0,6040.04034,6086.73583,5955.072200000001,-46.69549000000006,84.96813999999904,6013.900968650795,5933.089167452381,863262.3,,,3.51982401840234,1.767392510233281,5.287216528635621,1.0,1092.0,-3.0,-66126.0,0.012965459168187055,-0.2324700865121727,0.2083,0.13046594982078855,0.0548,0.032,0.19
20250806,6146.3173,6049.7982,6227.6447,6049.7982,626572.0,13790.0,725793.0,1.0,0.0,287.0,0.0,1.0,-3.0,0.0,-61229.0,6038.172100000001,6105.68873,5975.92583,-67.51662999999917,62.24627000000055,6031.058166269841,5954.975633611111,878066.0,,,3.65001499949505,1.767392510233281,5.417407509728331,1.0,287.0,-2.0,-61229.0,0.022008643858965928,-0.2016236833752209,0.2492,0.2281959378733572,0.0548,0.0333,0.24
20250807,6112.625,6155.7737,6159.3095,6071.8687,624633.0,-1939.0,477071.0,1.0,-1.0,0.0,-1057.0,1.0,-3.0,0.0,-63797.0,6064.52008,6119.63103,5990.94265,-55.11095000000023,73.57743000000028,6046.195493412697,5976.448170214286,876867.3,,0.29348,3.623989766114201,1.767392510233281,5.391382276347482,0.0,-1057.0,-2.0,-63797.0,-0.0031042227996279413,-0.2420225409517419,0.2552,0.24253285543608116,0.0137,0.0347,0.172
20250808,6097.2934,6105.6312,6126.2946,6036.9585,622906.0,-1727.0,460951.0,1.0,-1.0,0.0,-1026.0,1.0,-3.0,0.0,-61193.0,6085.182119999999,6085.758159999999,6007.865425,-0.5760399999999208,77.31669499999953,6056.636064603174,5994.064335666667,801786.4,,0.30084,3.547047543301386,1.767392510233281,5.314440053534666,0.0,-1026.0,-2.0,-61193.0,-0.002772488946967921,-0.197176694964951,0.2616,0.2578255675029868,0.0137,0.036,0.249
20250811,6152.7733,6100.3128,6178.8688,6100.3128,622479.0,-427.0,506375.0,1.0,0.0,2869.0,0.0,1.0,-3.0,0.0,-59842.0,6113.70998,6095.35405,6025.92292,18.35592999999972,87.78705999999966,6069.969890476189,6010.869572690475,683998.2,,0.3121099999999999,3.477161999137904,1.767392510233281,5.244554509371184,1.0,2869.0,-2.0,-59842.0,-0.0006859669161529947,-0.2071182936690083,0.2714,0.281242532855436,0.0411,0.0373,0.23
20250812,6164.8557,6179.2333,6203.8837,6127.0066,623361.0,882.0,523713.0,1.0,0.0,2656.0,0.0,1.0,-3.0,0.0,-61667.0,6134.77294,6087.406639999999,6044.41211,47.36630000000059,90.36082999999962,6084.520960079364,6025.74469818254,599743.7,,,3.299472982322568,1.767392510233281,5.066865492555849,1.0,2656.0,-2.0,-61667.0,0.0014149104611934336,-0.273183149846983,0.2373,0.1997610513739546,0.0411,0.0387,0.132
20250813,6125.3307,6152.9945,6217.3701,6110.5567,617712.0,-5649.0,544838.0,1.0,0.0,7162.0,0.0,0.0,-3.0,0.0,-68067.0,6130.57562,6084.37386,6062.48309,46.20175999999992,68.0925299999999,6094.524616904763,6038.031397896824,548400.5,,,3.192525442418189,1.767392510233281,4.95991795265147,1.0,7162.0,-3.0,-68067.0,-0.009145038464527157,-0.2606691090714954,0.2114,0.13787335722819594,0.0548,0.04,0.151
20250814,6102.7514,6126.9341,6158.6835,6075.749,605369.0,-12343.0,414737.0,1.0,0.0,6876.0,0.0,0.0,-3.0,0.0,-67396.0,6128.6009,6096.56049,6077.27419,32.04041000000052,51.32671000000028,6100.028022380954,6049.56153695238,511510.8,,,2.76008854632838,1.767392510233281,4.52748105656166,1.0,6876.0,-3.0,-67396.0,-0.020389217155156607,-0.2447203122663931,0.2006,0.1120669056152927,0.0137,0.0413,0.172
20250815,6082.2343,6118.0945,6132.8576,6030.1498,591717.0,-13652.0,404122.0,1.0,0.0,1503.0,0.0,0.0,-3.0,0.0,-65597.0,6125.58908,6105.3856,6090.798375,20.20348000000013,34.79070499999943,6101.434807936509,6060.19237102381,494711.7,,,2.177391351675363,1.764678329596299,3.942069681271662,1.0,1503.0,-3.0,-65597.0,-0.023071840085716652,-0.2980649402257673,0.1917,0.0908004778972521,0.0822,0.0427,0.112
20250818,6085.3552,6100.2045,6116.492,6043.2041,590689.0,-1028.0,313257.0,3.0,0.0,15148.0,0.0,0.0,-3.0,0.0,-62632.0,6112.105460000001,6112.90772,6098.545585000001,-0.8022599999994782,13.55987499999992,6101.829667460317,6070.00986581746,481888.0,,,1.991655937772438,1.751933432766093,3.743589370538531,3.0,15148.0,-3.0,-62632.0,-0.0017403405175989396,-0.2007903445574294,0.1934,0.09486260454002385,0.0548,0.0453,0.248
20250819,5889.705,6065.6931,6069.0962,5831.5363,601464.0,10775.0,681204.0,3.0,0.0,12991.0,0.0,0.0,-3.0,0.0,-72255.0,6057.075320000001,6095.92413,6091.32998,-38.8488099999995,-34.25465999999869,6087.905634682538,6077.410332420634,505206.1,817444.7999999999,,1.959736039752444,1.751933432766093,3.711669472518537,3.0,12991.0,-3.0,-72255.0,0.017914621656491495,-0.2128101199350891,0.1921,0.09175627240143366,0.2192,0.1387,0.227
20250820,5812.647,5853.9535,5860.8075,5786.4837,596779.0,-4685.0,419400.0,1.0,0.0,4951.0,0.0,0.0,-3.0,0.0,-82777.0,5994.53858,6062.5571,6084.122915000001,-68.01851999999963,-89.58433500000046,6062.673422857141,6080.571858079365,474566.8,,,1.794800133449724,1.764678329596299,3.559478463046023,1.0,4951.0,-3.0,-82777.0,-0.007850477312371916,-0.2682670972266857,0.1875,0.08076463560334526,0.1918,0.132,0.14
20250821,5813.0257,5831.3604,5846.4576,5803.2371,589774.0,-7005.0,297446.0,1.0,0.0,5090.0,0.0,0.0,-3.0,0.0,-81645.0,5936.59344,6032.597169999999,6076.114100000001,-96.00372999999945,-139.520660000001,6036.30797968254,6079.583106706349,456604.3,,,1.769819355888457,1.764678329596299,3.534497685484757,1.0,5090.0,-3.0,-81645.0,-0.011877431015948481,-0.3273354439633045,0.1835,0.07120669056152924,0.2329,0.1413,0.085
20250822,5810.9832,5813.6302,5818.1877,5763.3706,589349.0,-425.0,313093.0,1.0,0.0,5749.0,0.0,0.0,-3.0,0.0,-80343.0,5882.34322,6003.96615,6044.862155000001,-121.6229300000005,-162.518935000001,6013.575690714285,6075.27706931746,441818.5,,,1.748948834118951,1.751933432766093,3.500882266885044,1.0,5749.0,-3.0,-80343.0,-0.0007211346757184622,-0.2416847405677142,0.1825,0.06881720430107524,0.1918,0.14,0.179
20250825,5876.0375,5864.2443,5891.9953,5826.7156,569284.0,-20065.0,364201.0,1.0,0.0,6142.0,0.0,0.0,-3.0,0.0,-83944.0,5840.47968,5976.29257,6035.82331,-135.8128899999992,-195.3436299999994,5994.483858650793,6067.72846613492,427601.1,,,1.678980558636685,1.751933432766093,3.430913991402778,1.0,6142.0,-3.0,-83944.0,-0.03524602834437644,-0.2575730100487484,0.1887,0.08363201911589008,0.2055,0.1413,0.159
20250826,5843.761,5873.6192,5894.5047,5838.3076,553714.0,-15570.0,289805.0,1.0,0.0,2813.0,0.0,0.0,-3.0,0.0,-80229.0,5831.29088,5944.1831,6015.79487,-112.8922200000006,-184.5039900000002,5977.510018888887,6057.027372015873,404210.3,,,1.540156691215905,1.718326046581715,3.25848273779762,1.0,2813.0,-3.0,-80229.0,-0.028119209555835686,-0.2682050465885566,0.177,0.05567502986857822,0.0959,0.0453,0.142
20250827,5813.6151,5844.4759,5864.7825,5805.7423,553069.0,-645.0,264007.0,1.0,0.0,3058.0,0.0,0.0,-3.0,0.0,-78473.0,5831.4845,5913.01154,5998.692700000001,-81.52703999999903,-167.2082,5959.894804603174,6043.564390785714,376127.2,,,1.511717257466128,1.698515829235109,3.210233086701237,1.0,3058.0,-3.0,-78473.0,-0.00116621976643059,-0.2944851607970526,0.1673,0.03249701314217443,0.0822,0.044,0.12
20250828,5824.5351,5806.0829,5825.1994,5772.7005,550243.0,-2826.0,271273.0,1.0,0.0,3202.0,0.0,0.0,-3.0,0.0,-82044.0,5833.78638,5885.18991,5990.8752,-51.4035300000005,-157.0888200000009,5940.76795873016,6027.638384420635,361780.8,,,1.472490874804471,1.698515829235109,3.17100670403958,1.0,3202.0,-3.0,-82044.0,-0.005135912678580191,-0.2697099998501353,0.1752,0.051373954599761025,0.0274,0.0427,0.14
20250829,5776.6529,5805.9446,5805.9446,5734.5099,546151.0,-4092.0,373777.0,1.0,0.0,1763.0,0.0,0.0,-3.0,0.0,-80331.0,5826.92032,5854.63177,5980.008685,-27.71144999999979,-153.0883649999996,5920.341904523809,6009.529094079365,358746.3,,,1.489339691420477,1.691843455643373,3.181183147063849,1.0,1763.0,-3.0,-80331.0,-0.007492433411272707,-0.2975461458898822,0.1724,0.044683393070489824,0.0137,0.044,0.114
20250901,5724.6543,5731.3042,5743.2228,5668.779,560507.0,14356.0,280062.0,1.0,0.0,1631.0,0.0,0.0,-3.0,0.0,-76590.0,5796.643679999999,5818.561680000001,5965.734699999999,-21.91800000000148,-169.0910199999998,5895.131438650793,5988.859271198412,355426.8,,,1.534813545001559,1.691843455643373,3.226657000644932,1.0,1631.0,-3.0,-76590.0,0.02561252580253235,-0.2996155186198053,0.1726,0.04516129032258064,0.0137,0.0453,0.112
20250902,5728.933,5734.8493,5758.4337,5707.9492,571002.0,10495.0,246427.0,2.0,0.0,7855.0,0.0,0.0,-3.0,0.0,-84225.0,5773.67808,5802.48448,5949.204305,-28.80640000000039,-175.5262250000005,5872.312271507936,5967.299934880952,311949.1,,,1.473677083079702,1.691843455643373,3.165520538723074,2.0,7855.0,-3.0,-84225.0,0.018379970648088797,-0.305105802422463,0.1752,0.051373954599761025,0.0411,0.0653,0.106
20250903,5717.9947,5749.0044,5754.1992,5708.0041,579419.0,8417.0,176710.0,2.0,0.0,7891.0,0.0,0.0,-3.0,0.0,-80868.0,5754.554000000001,5793.01925,5927.788175,-38.46524999999929,-173.2341749999987,5851.310199047618,5946.1636125,287680.1,,,1.4356950808907,1.691843455643373,3.127538536534073,2.0,7891.0,-3.0,-80868.0,0.01452662063204693,-0.321656861426266,0.1717,0.04301075268817201,0.0274,0.0853,0.093
20250904,5717.9791,5691.7647,5747.5372,5674.5918,583542.0,4123.0,223637.0,2.0,0.0,8904.0,0.0,0.0,-3.0,0.0,-85514.0,5733.2428,5783.514590000001,5908.055880000001,-50.27179000000069,-174.8130800000008,5830.301430873018,5925.562957619047,280299.2,,,1.405569776942102,1.691843455643373,3.097413232585474,2.0,8904.0,-3.0,-85514.0,0.007065472579522982,-0.2329152001383586,0.1688,0.03608124253285544,0.0411,0.0467,0.203
20250905,5830.6284,5726.2196,5885.8303,5702.9776,570015.0,-13527.0,420585.0,2.0,0.0,3449.0,0.0,0.0,-3.0,0.0,-87329.0,5744.0379,5785.47911,5894.722629999999,-41.44120999999996,-150.684729999999,5819.352044761904,5906.140593023809,291048.4,504702.0,0.208725,1.544943461753289,1.691843455643373,3.236786917396662,2.0,3449.0,-3.0,-87329.0,-0.023730954448567144,-0.2903720049164897,0.1815,0.06642771804062124,0.0411,0.048,0.128
20250908,5827.2471,5788.6139,5845.94,5755.3871,570274.0,259.0,257910.0,1.0,0.0,2746.0,0.0,0.0,-3.0,0.0,-81911.0,5764.55646,5780.60007,5878.44632,-16.04361000000063,-113.8898600000002,5811.260221666666,5887.818229325397,280419.3,,,1.344864968678038,1.683196221589332,3.02806119026737,1.0,2746.0,-3.0,-81911.0,0.0004541676457281938,-0.2025183810712495,0.1809,0.06499402628434886,0.0548,0.0493,0.255
20250909,5824.4887,5822.5574,5849.1971,5807.0269,573500.0,3226.0,278289.0,1.0,0.0,3755.0,0.0,0.0,-3.0,0.0,-81419.0,5783.6676,5778.672839999999,5861.42797,4.994760000000497,-77.76036999999997,5806.169919444445,5870.684219380952,279267.7,,,1.269418215773695,1.683196221589332,2.952614437363027,1.0,3755.0,-3.0,-81419.0,0.00562510897994769,-0.2388109067317115,0.1753,0.051612903225806465,0.0548,0.0507,0.193
20250910,5840.0667,5799.8078,5887.1755,5779.4791,575293.0,1793.0,330448.0,1.0,0.0,3456.0,0.0,0.0,-3.0,0.0,-82672.0,5808.082,5781.318,5847.16477,26.76400000000012,-39.08276999999998,5803.036446428571,5854.998383563492,285911.8,,,1.348440580842971,1.683196221589332,3.031636802432303,1.0,3456.0,-3.0,-82672.0,0.0031166727215523223,-0.250577588583724,0.1758,0.052807646356033466,0.0548,0.052,0.176
20250911,5825.0581,5843.2754,5876.2626,5819.9131,575464.0,171.0,260355.0,1.0,0.0,2538.0,0.0,0.0,-3.0,0.0,-82175.0,5829.4978,5781.3703,5833.280105,48.1274999999996,-3.782304999999724,5801.763701190477,5841.097957809523,284820.0,,,1.350094616837765,1.683196221589332,3.033290838427098,1.0,2538.0,-3.0,-82175.0,0.00029715151599405,-0.3040207118291952,0.1676,0.03321385902031062,0.0548,0.0533,0.109
20250912,5820.2426,5830.1138,5868.961,5796.5819,566994.0,-8470.0,295947.0,1.0,0.0,2460.0,0.0,0.0,-3.0,0.0,-82779.0,5827.420639999999,5785.72927,5820.18052,41.69136999999955,7.240119999999479,5800.812921507935,5829.145059507937,277037.0,,,1.3403804667696,1.665441844961468,3.005822311731068,1.0,2460.0,-3.0,-82779.0,-0.014938429683559261,-0.2925869994966129,0.1674,0.03273596176821981,0.0411,0.0547,0.127
20250915,5899.2981,5832.8196,5914.0125,5818.5254,553467.0,-13527.0,377604.0,1.0,0.0,2072.0,0.0,0.0,-3.0,0.0,-84393.0,5841.83084,5803.193649999999,5810.877665,38.63719000000037,30.95317499999965,5806.772801111109,5820.309195753968,286791.2,453124.8,,1.387867136281861,1.665441844961468,3.053308981243329,1.0,2072.0,-3.0,-84393.0,-0.024440481546325256,-0.2697386443549515,0.1693,0.03727598566308244,0.0822,0.06,0.147
20250916,5934.4491,5941.6492,5986.1471,5928.22,553301.0,-166.0,560394.0,1.0,0.0,5786.0,0.0,0.0,-3.0,0.0,-85345.0,5863.822920000001,5823.74526,5813.11487,40.07766000000083,50.70805000000018,5819.178706666667,5814.995839269841,318187.9,672472.7999999999,0.203665,1.420012625831847,1.633583028673666,3.053595654505513,1.0,5786.0,-3.0,-85345.0,-0.0003000175311448922,-0.2506237499630492,0.1771,0.05591397849462366,0.0959,0.0547,0.179
20250917,5979.6657,5935.684,5982.5778,5901.676,546370.0,-6931.0,378684.0,1.0,0.0,5819.0,0.0,0.0,-3.0,0.0,-88026.0,5891.74272,5849.91236,5821.465805,41.83035999999993,70.27691500000037,5832.754907698412,5813.140310134921,338385.3,,0.205965,1.452180674465948,1.582506317703772,3.03468699216972,1.0,5819.0,-3.0,-88026.0,-0.012685542764060984,-0.2696094599346514,0.1791,0.06069295101553167,0.1096,0.056,0.149
20250918,5962.685,5956.2143,6016.109,5930.8702,555005.0,8635.0,674704.0,1.0,0.0,6115.0,0.0,0.0,-3.0,0.0,-91219.0,5919.268099999999,5874.38295,5828.94877,44.88514999999916,90.31932999999935,5846.788779206347,5814.789044968254,383492.0,809644.7999999999,,1.443008052638694,1.582506317703772,3.025514370342466,1.0,6115.0,-3.0,-91219.0,0.015558418392627093,-0.226844301096757,0.1778,0.05758661887694148,0.1233,0.0573,0.217
20250919,5953.9465,5966.1463,6003.3923,5937.2236,551392.0,-3613.0,392259.0,1.0,0.0,5743.0,0.0,0.0,-3.0,0.0,-86624.0,5946.008879999999,5886.71476,5836.096935,59.29411999999957,109.9119449999998,5859.337002619049,5818.787540753968,380659.4,,,1.388020965274301,1.582506317703772,2.970527282978073,1.0,5743.0,-3.0,-86624.0,-0.0065525071092797866,-0.2574407188989968,0.175,0.050896057347670214,0.0959,0.0587,0.171
20250922,5865.1709,5979.468,5989.669,5795.6272,548674.0,-2718.0,668204.0,1.0,0.0,6488.0,0.0,0.0,-3.0,0.0,-81059.0,5939.18344,5890.50714,5835.553605,48.67630000000008,103.6298349999997,5865.396533095238,5824.201171896825,421688.8,801844.7999999999,,1.560787006797761,1.633583028673666,3.194370035471427,1.0,6488.0,-3.0,-81059.0,-0.004953761249849638,-0.2784110888263401,0.1743,0.049223416965352464,0.1096,0.06,0.137
20250923,5877.4642,5862.0409,5930.8651,5842.4936,538430.0,-10244.0,411363.0,1.0,0.0,5968.0,0.0,0.0,-3.0,0.0,-69554.0,5927.78646,5895.804689999999,5837.238765,31.98177000000123,90.5476950000002,5869.593626507936,5830.543542603175,434996.2,,,1.609092993158476,1.633583028673666,3.242676021832142,1.0,5968.0,-3.0,-69554.0,-0.01902568579016771,-0.2582367949698018,0.1771,0.05591397849462366,0.0274,0.0613,0.167
20250924,5911.8986,5883.0723,5940.8945,5864.9393,529129.0,-9301.0,345911.0,1.0,0.0,6131.0,0.0,0.0,-3.0,0.0,-69783.0,5914.233040000001,5902.98788,5842.15294,11.24516000000131,72.08010000000104,5876.008172619048,5837.840715222222,436542.5,,,1.608958758809409,1.582506317703772,3.191465076513181,1.0,6131.0,-3.0,-69783.0,-0.01757794413082632,-0.2538581530250037,0.1753,0.051612903225806465,0.0411,0.0627,0.179
20250925,5934.2171,5910.7644,5949.045,5852.1168,510676.0,-18453.0,535999.0,1.0,0.0,6017.0,0.0,0.0,-3.0,0.0,-64536.0,5908.53946,5913.90378,5847.63704,-5.36431999999968,60.90242000000035,5883.658702142859,5846.030215317461,464106.9,,0.20562,1.502730822225813,1.62452201366855,3.127252835894363,1.0,6017.0,-3.0,-64536.0,-0.03613445707258614,-0.3034609480800545,0.1788,0.059976105137395416,0.0548,0.064,0.11
20250926,5845.1773,5896.242,5905.9516,5830.5384,501103.0,-9573.0,553483.0,1.0,0.0,6439.0,0.0,0.0,-3.0,0.0,-66891.0,5886.785620000001,5916.39725,5851.06326,-29.61162999999942,35.72236000000066,5885.334330714288,5854.482356238095,489860.5,,,1.51831923078687,1.62452201366855,3.14284124445542,1.0,6439.0,-3.0,-66891.0,-0.019103856891696917,-0.2781811028616232,0.175,0.050896057347670214,0.1233,0.1547,0.139
20250929,5816.554,5835.5544,5864.1369,5740.7172,490681.0,-10422.0,564474.0,1.0,-1.0,6244.0,-4976.0,0.0,-3.0,0.0,-64064.0,5877.062240000001,5908.12284,5855.658245000001,-31.06059999999889,21.40399500000058,5881.737353015872,5861.978811428571,508547.5,,,1.616990293729177,1.651850322453794,3.26884061618297,0.0,1268.0,-3.0,-64064.0,-0.0212398686723146,-0.2667594305020036,0.174,0.048506571087216205,0.1507,0.1587,0.159
20250930,5755.8104,5812.6788,5826.644,5744.6277,482670.0,-8011.0,338149.0,1.0,-1.0,4296.0,-6136.0,0.0,-3.0,0.0,-66376.0,5852.73148,5890.258970000001,5857.002115,-37.5274900000004,-4.270634999999857,5874.312498571428,5867.492190619048,486323.0,,,1.587471963533778,1.651850322453794,3.239322285987571,0.0,-1840.0,-3.0,-66376.0,-0.016597261068639027,-0.3258490610410057,0.1692,0.023503755754785523,0.1644,0.168,0.089
20251009,5769.484,5765.3808,5777.7201,5730.7038,528306.0,45636.0,352010.0,1.0,-1.0,6992.0,-7022.0,0.0,-3.0,0.0,-63005.0,5824.24856,5869.2408,5859.57658,-44.99223999999958,-35.32801999999992,5865.566270476189,5870.773326896825,483655.6,,,1.577206712914191,1.62452201366855,3.201728726582741,0.0,-30.0,-3.0,-63005.0,0.08638175602775663,-0.3249227142582414,0.1504,0.0,0.1096,0.1707,0.09
20251010,5758.1844,5771.3738,5784.8858,5742.0227,565013.0,36707.0,216244.0,1.0,-1.0,6776.0,-6390.0,0.0,-3.0,0.0,-57606.0,5789.042020000001,5848.79074,5861.586845,-59.74871999999959,-72.54482499999904,5855.933968730158,5871.687845849206,437809.6,,,1.542516919000538,1.582506317703772,3.12502323670431,0.0,386.0,-3.0,-57606.0,0.06496664678511822,-0.3257982098513133,0.1485,0.0,0.1096,0.1813,0.09
20251013,5744.1408,5734.177,5769.0092,5722.9382,574593.0,9580.0,293153.0,1.0,-1.0,6209.0,-6419.0,0.0,-3.0,0.0,-52976.0,5768.83472,5827.810170000001,5857.262465000001,-58.97545000000082,-88.42774500000087,5845.127044841272,5870.266850071429,427899.0,,,1.485248094090908,1.582506317703772,3.06775441179468,0.0,-210.0,-3.0,-52976.0,0.016672670916631424,-0.3005523183690094,0.1438,0.0,0.1507,0.184,0.118
20251014,5735.6935,5745.3802,5750.123,5710.0099,590542.0,15949.0,293955.0,1.0,-1.0,5811.0,-7129.0,0.0,-3.0,0.0,-48055.0,5752.66262,5814.862429999999,5852.684784999999,-62.19980999999916,-100.0221649999994,5833.478211587304,5867.075017920635,390474.1,,,1.431794502529459,1.582506317703772,3.014300820233231,0.0,-1318.0,-3.0,-48055.0,0.027007393208273077,-0.3249938508979813,0.144,0.0004668534080298272,0.1507,0.2027,0.091
20251015,5744.4074,5726.8051,5796.2301,5726.8051,575203.0,-15339.0,369720.0,1.0,-1.0,5740.0,-7314.0,0.0,-3.0,0.0,-51923.0,5750.38202,5801.556750000001,5848.680719999999,-51.17473000000064,-98.29869999999937,5823.361451746032,5862.451800444445,386309.8,,,1.421866861190234,1.582506317703772,3.004373178894006,0.0,-1574.0,-3.0,-51923.0,-0.026667107090887914,-0.2780273788588495,0.143,0.0,0.0822,0.1467,0.144
20251016,5753.2934,5737.8577,5783.683,5723.647,574160.0,-1043.0,377672.0,1.0,-1.0,5981.0,-7013.0,0.0,-3.0,0.0,-50470.0,5747.1439,5785.69623,5844.342055,-38.55233000000044,-97.19815500000004,5813.934846587302,5856.24446784127,389485.9,,,1.39458470381475,1.582506317703772,2.977091021518522,0.0,-1032.0,-3.0,-50470.0,-0.0018165668106451163,-0.2838145000161636,0.1378,0.0,0.1096,0.148,0.139
20251017,5719.8757,5763.272,5765.5222,5703.6455,598088.0,23928.0,433376.0,1.0,-1.0,6614.0,-7927.0,0.0,-3.0,0.0,-45700.0,5739.48216,5764.26209,5839.082935,-24.77992999999969,-99.60077499999989,5803.160086111111,5848.194606238095,379223.6,,,1.393319571384268,1.582506317703772,2.97582588908804,0.0,-1313.0,-3.0,-45700.0,0.04000749053650968,-0.2855033985865676,0.1406,0.006445672191528538,0.0959,0.1493,0.138
20251020,5737.9666,5742.7884,5784.0352,5729.7899,583117.0,-14971.0,296058.0,1.0,-1.0,6437.0,-8003.0,0.0,-3.0,0.0,-47305.0,5738.24732,5753.54102,5834.969134999999,-15.29369999999926,-96.72181499999897,5793.766418174606,5839.037814984127,353481.1,,,1.235362290396932,1.555746802903278,2.79110909330021,0.0,-1566.0,-3.0,-47305.0,-0.025674092849290966,-0.3143166823659628,0.1427,0.011279926335174925,0.1233,0.1467,0.102
20251021,5745.0586,5732.4979,5788.0908,5710.176,576922.0,-6195.0,272997.0,1.0,-1.0,6363.0,-8494.0,0.0,-3.0,0.0,-50413.0,5740.120339999999,5746.39148,5827.257159999999,-6.271140000000742,-87.13681999999972,5784.904717619047,5829.354551444445,324333.4,,,1.224468355337183,1.52372175754383,2.748190112881013,0.0,-2131.0,-3.0,-50413.0,-0.010738020044304082,-0.3107830512036391,0.1407,0.006675874769797389,0.1507,0.148,0.104
20251022,5809.0766,5750.7396,5824.5806,5736.9886,565861.0,-11061.0,349764.0,1.0,-1.0,5641.0,-7575.0,0.0,-3.0,0.0,-49012.0,5753.05418,5751.7181,5820.988535,1.336080000000038,-67.93435499999941,5781.324809365079,5820.05578252381,325494.9,,0.165715,1.240414926275565,1.505277942995764,2.745692869271329,0.0,-1934.0,-3.0,-49012.0,-0.019547203288440094,-0.3235252947023262,0.1441,0.014502762430939226,0.1644,0.1493,0.095
20251023,5823.8372,5811.4089,5832.3926,5784.3488,549666.0,-16195.0,247811.0,1.0,-1.0,5605.0,-4770.0,0.0,-3.0,0.0,-56342.0,5767.16294,5757.153420000001,5813.19711,10.00951999999961,-46.0341699999999,5780.83459015873,5811.582614492064,315075.0,,,1.181578771564996,1.480531838031605,2.662110609596601,0.0,835.0,-3.0,-56342.0,-0.029463346832440063,-0.1187694895452171,0.1414,0.00828729281767954,0.3973,0.3347,0.395
20251024,5777.1377,5820.9321,5851.6748,5751.1581,543458.0,-6208.0,477947.0,1.0,0.0,6040.0,0.0,0.0,-3.0,0.0,-56317.0,5778.61534,5759.04875,5803.919745,19.56659000000036,-25.30440499999986,5778.723180238095,5803.861535642858,341245.3,573536.4,,1.178656422667784,1.480531838031605,2.65918826069939,1.0,6040.0,-3.0,-56317.0,-0.01142314585487747,-0.1193354759437191,0.1433,0.012661141804788225,0.4384,0.384,0.395
20251027,5807.3821,5803.2082,5822.2214,5778.6896,529868.0,-13590.0,345817.0,1.0,-1.0,5998.0,-5142.0,0.0,-3.0,0.0,-58080.0,5792.49844,5765.37288,5796.591525,27.12556000000041,-4.093084999999519,5778.824894126984,5797.231320571429,346511.7,,,1.081697340596258,1.464153724751064,2.545851065347322,0.0,856.0,-3.0,-58080.0,-0.025647897212135853,-0.0942259882493494,0.1434,0.019002375296912094,0.4658,0.4107,0.427
20251028,5793.5598,5800.007,5821.4923,5769.968,528804.0,-1064.0,403939.0,1.0,-1.0,6484.0,-5949.0,0.0,-3.0,0.0,-57900.0,5802.19868,5771.15951,5793.01097,31.0391699999991,9.187709999999242,5778.258704920635,5791.709369904762,357510.1,,,1.043416022917939,1.44368584285307,2.487101865771009,0.0,535.0,-3.0,-57900.0,-0.0020120876544050346,-0.1163088700686057,0.1387,0.003053953172717965,0.4795,0.416,0.399
20251029,5857.1349,5811.5886,5864.2575,5795.2156,519582.0,-9222.0,426690.0,1.0,-1.0,5717.0,-6430.0,0.0,-3.0,0.0,-57438.0,5811.81034,5782.43226,5791.994505,29.37808000000041,19.81583500000033,5782.502888650794,5787.623513595238,363207.1,,0.16537,1.071590447494396,1.42992035080974,2.501510798304136,0.0,-713.0,-3.0,-57438.0,-0.017748882755753665,-0.0538884236541684,0.1438,0.026583961010190543,0.4932,0.4173,0.468
20251030,5848.827,5850.734,5887.2624,5828.0852,513200.0,-6382.0,311639.0,1.0,-1.0,5565.0,-5135.0,0.0,-3.0,0.0,-60852.0,5816.808300000001,5791.985619999999,5788.840925,24.82268000000113,27.96737500000108,5788.289436111111,5785.058972547619,356603.8,,,1.090556179652732,1.426773200467992,2.517329380120723,0.0,430.0,-3.0,-60852.0,-0.012435697583787996,-0.1831774705504377,0.1323,0.0,0.4795,0.532,0.317
20251031,5777.9756,5845.1191,5850.6376,5758.649,524459.0,11259.0,476017.0,1.0,-1.0,5933.0,-6185.0,0.0,-3.0,0.0,-62261.0,5816.97588,5797.79561,5781.028850000001,19.18026999999984,35.94702999999936,5789.470342619045,5783.689998198412,360867.9,571220.4,,1.1468368202567,1.426773200467992,2.573610020724692,0.0,-252.0,-3.0,-62261.0,0.02146783637996488,-0.1231754442195483,0.1306,0.0,0.5205,0.5027,0.395
20251103,5802.7178,5786.3448,5828.2302,5761.0481,537761.0,13302.0,245878.0,1.0,-1.0,5875.0,-6608.0,0.0,-3.0,0.0,-60633.0,5816.04302,5804.27073,5778.905875,11.77228999999988,37.13714499999969,5790.754991666667,5783.388855547619,355849.9,,,1.179307077971157,1.426773200467992,2.606080278439149,0.0,-733.0,-3.0,-60633.0,0.024735895686001774,-0.1786004961590738,0.1279,0.0,0.4932,0.504,0.322
20251104,5762.0409,5787.2316,5792.243,5753.0098,557176.0,19415.0,261977.0,1.0,-1.0,6248.0,-6448.0,0.0,-3.0,0.0,-59268.0,5809.739240000001,5805.96896,5776.18022,3.770280000000639,33.5590200000006,5789.745763730158,5783.872960158729,354747.9,,,1.154713193223584,1.426773200467992,2.581486393691576,0.0,-200.0,-3.0,-59268.0,0.03484536304507014,-0.1696785410168257,0.1212,0.0,0.6027,0.548,0.336
20251105,5781.5603,5750.8538,5795.1774,5733.4293,562545.0,5369.0,266731.0,1.0,-1.0,4871.0,-6411.0,0.0,-3.0,0.0,-58898.0,5794.62432,5803.217329999999,5777.467715000001,-8.593009999999595,17.15660499999922,5788.936607380953,5784.634139960317,346444.6,,,1.156422999992741,1.397183749496387,2.553606749489128,0.0,-1540.0,-3.0,-58898.0,0.00954412535886018,-0.169455006263553,0.1219,0.004660452729693692,0.6164,0.5987,0.337
20251106,5807.8672,5780.6466,5814.2189,5752.3967,561276.0,-1269.0,271724.0,1.0,-1.0,5096.0,-6415.0,0.0,-3.0,0.0,-54260.0,5786.43236,5801.62033,5779.386875,-15.18796999999995,7.045484999999644,5790.565187777776,5785.607199722222,348835.9,,,1.155101632266402,1.366855759870462,2.521957392136864,0.0,-1319.0,-3.0,-54260.0,-0.002260919761400808,-0.1562262133339357,0.1212,0.0,0.6164,0.6347,0.355
20251107,5770.603,5794.5587,5794.9926,5755.8424,571106.0,9830.0,212329.0,1.0,-1.0,5432.0,-6734.0,0.0,-3.0,0.0,-54997.0,5784.95784,5800.96686,5780.007805,-16.00902000000042,4.950034999999843,5790.370547698412,5786.771936468254,322274.1,,,1.139686468460732,1.357310894712931,2.496997363173663,0.0,-1302.0,-3.0,-54997.0,0.017212216296099148,-0.1760770351951168,0.1229,0.0113182423435419,0.6712,0.68,0.329
20251110,5832.8098,5769.9834,5846.0517,5751.8451,568951.0,-2155.0,356750.0,1.0,-1.0,4949.0,-5541.0,0.0,-3.0,0.0,-53641.0,5790.97624,5803.50963,5784.441255,-12.5333899999996,6.534985000000233,5793.290643968256,5788.218511452381,323367.4,,,1.158506450394229,1.357310894712931,2.51581734510716,0.0,-592.0,-3.0,-53641.0,-0.003787672400610949,-0.1742880435931684,0.1219,0.004660452729693692,0.7534,0.6867,0.331
20251111,5777.4729,5813.0408,5839.0899,5766.1803,580581.0,11630.0,354639.0,1.0,-1.0,6506.0,-4052.0,0.0,-3.0,0.0,-51452.0,5794.062639999999,5801.90094,5786.530225,-7.838300000000345,7.532414999998764,5794.014353412699,5789.794076301588,318437.4,,,1.140880119635965,1.357310894712931,2.498191014348896,0.0,2454.0,-3.0,-51452.0,0.020031657942647108,-0.113095335765112,0.1188,0.0,0.7671,0.7187,0.413
20251112,5775.42,5797.9407,5803.677,5764.439,582481.0,1900.0,301589.0,1.0,0.0,7127.0,0.0,0.0,-3.0,0.0,-52283.0,5792.834580000001,5793.729450000001,5788.080854999999,-0.8948700000000827,4.753725000001396,5793.673371984126,5790.91112463492,305927.3,,,1.130712369627503,1.357310894712931,2.488023264340434,1.0,7127.0,-3.0,-52283.0,0.003261908972138147,-0.18504214025683,0.1187,0.0,0.7808,0.7373,0.316
20251113,5768.9103,5764.8693,5783.2118,5742.8473,599139.0,16658.0,446282.0,1.0,0.0,7492.0,0.0,0.0,-3.0,0.0,-54265.0,5785.0432,5785.73778,5788.861699999999,-0.6945800000003146,-3.818499999999403,5791.732502301587,5791.255431253968,319391.6,535538.4,,1.056715322420839,1.354251321203709,2.410966643624548,1.0,7492.0,-3.0,-54265.0,0.02780323096977496,-0.1975814671194405,0.122,0.04029304029304026,0.7945,0.7613,0.294
20251114,5761.64,5763.7361,5781.0733,5750.2325,610008.0,10869.0,289325.0,1.0,0.0,7359.0,0.0,0.0,-3.0,0.0,-51785.0,5783.250599999999,5784.104219999999,5790.949914999999,-0.8536199999998644,-7.699314999999842,5789.178145714286,5791.226211563492,300722.4,,,1.039753064094549,1.312050555180453,2.351803619275002,1.0,7359.0,-3.0,-51785.0,0.017817799110831332,-0.1822188725741388,0.1195,0.010709504685408237,0.8082,0.7853,0.323
20251117,5809.8014,5764.1575,5839.7696,5757.8696,595470.0,-14538.0,414545.0,1.0,0.0,6456.0,0.0,0.0,-3.0,0.0,-50148.0,5778.64892,5784.81258,5794.541654999999,-6.163660000000164,-15.89273499999945,5790.045496904762,5791.155262087302,317589.1,497454.0,,1.076983493580902,1.312050555180453,2.389034048761355,1.0,6456.0,-3.0,-50148.0,-0.024414328177741952,-0.237517992815732,0.1189,0.002677376171352152,0.7671,0.8693,0.219
20251118,5694.4859,5798.6148,5803.1877,5667.6443,666646.0,71176.0,693435.0,1.0,0.0,7213.0,0.0,0.0,-3.0,0.0,-51376.0,5762.051519999999,5778.05708,5792.01302,-16.00556000000142,-29.96150000000125,5783.414589523812,5790.522144666667,360734.9,832122.0,0.151455,1.167398678390485,1.354251321203709,2.521649999594194,1.0,7213.0,-3.0,-51376.0,0.10676730978660338,-0.2372239230578731,0.1317,0.17711171662125358,0.8082,0.9013,0.22
20251119,5654.3596,5703.3345,5703.3345,5636.1177,715001.0,48355.0,502539.0,1.0,0.0,7115.0,0.0,0.0,-3.0,0.0,-51244.0,5737.83944,5765.33701,5784.27717,-27.49757000000045,-46.43773000000056,5771.675667619049,5788.796050690476,384315.7,603046.7999999999,0.153525,1.180161872146817,1.312050555180453,2.49221242732727,1.0,7115.0,-3.0,-51244.0,0.06762927604297057,-0.2650252608057912,0.1335,0.21142857142857152,0.8493,0.924,0.172
20251120,5629.2676,5653.8748,5657.9345,5621.2285,727626.0,12625.0,461867.0,1.0,0.0,7035.0,0.0,0.0,-3.0,0.0,-45394.0,5709.9109,5747.47705,5774.54869,-37.56614999999965,-64.63778999999977,5757.733815079366,5785.512913420635,403330.0,,,1.113774302377894,1.279346060616012,2.393120362993906,1.0,7035.0,-3.0,-45394.0,0.01735094677760278,-0.2757810919316796,0.1256,0.09857142857142841,0.9452,0.9827,0.153
20251121,5623.5274,5626.0864,5635.2505,5606.8203,751230.0,23604.0,352687.0,1.0,0.0,7918.0,0.0,0.0,-3.0,0.0,-47250.0,5682.28838,5732.76949,5766.868175000001,-50.48110999999972,-84.57979500000056,5742.932136349204,5780.769072285714,417365.8,,,1.068086011332513,1.279346060616012,2.347432071948526,1.0,7918.0,-3.0,-47250.0,0.031420470428497264,-0.2790986449626824,0.1232,0.06428571428571433,0.9315,0.9707,0.147
20251124,5646.607,5626.4848,5693.5024,5611.1115,718487.0,-32743.0,577181.0,1.0,0.0,7145.0,0.0,0.0,-3.0,0.0,-35429.0,5649.6495,5714.14921,5758.82942,-64.49971000000005,-109.1799199999996,5731.305713253967,5774.570579214285,439408.9,692617.2,,1.110304365957485,1.312050555180453,2.422354921137938,1.0,7145.0,-3.0,-35429.0,-0.04557215370633011,-0.3787285685483503,0.1196,0.012857142857142827,0.9452,0.9707,0.049
20251125,5652.0254,5652.7889,5678.0386,5633.9146,716427.0,-2060.0,387426.0,1.0,0.0,7871.0,0.0,1.0,-3.0,277.0,-33738.0,5641.1574,5701.60446,5751.7527,-60.44706000000042,-110.5953,5720.872681507937,5767.256412023809,442687.6,,,1.090123692413784,1.279346060616012,2.369469753029796,1.0,7871.0,-2.0,-33461.0,-0.002875380185280566,-0.3346645112509508,0.1192,0.007961783439490453,0.9315,0.9707,0.074
20251126,5639.7476,5645.5181,5659.7656,5617.4464,734411.0,17984.0,406797.0,1.0,0.0,8261.0,0.0,0.0,-3.0,0.0,-40301.0,5638.235000000001,5688.03722,5740.883335,-49.80221999999958,-102.648334999999,5710.280191349207,5758.917093960317,453208.4,,,1.068045953966311,1.279346060616012,2.347392014582323,1.0,8261.0,-3.0,-40301.0,0.024487650647934196,-0.3164974445321591,0.1122,0.0,0.9315,0.9707,0.104
20251127,5637.5422,5637.2959,5659.3884,5616.3433,737538.0,3127.0,431266.0,1.0,0.0,8800.0,0.0,0.0,-3.0,0.0,-41388.0,5639.88992,5674.90041,5730.319095000001,-35.01049000000057,-90.42917500000112,5700.535496666667,5749.797393396826,451706.8,,,1.058586370303378,1.279346060616012,2.337932430919389,1.0,8800.0,-3.0,-41388.0,0.004239781543459456,,0.1132,0.014430014430014442,0.8356,0.9173,
20251128,5626.4163,5633.2873,5648.9031,5614.008,741208.0,3670.0,856318.0,1.0,0.0,8987.0,0.0,0.0,-3.0,0.0,-34173.0,5640.467699999999,5661.378040000001,5722.74113,-20.91034000000127,-82.2734300000011,5690.44855595238,5739.924434420635,508406.1,1027581.6,,0.9869067760096967,1.279346060616012,2.266252836625709,1.0,8987.0,-3.0,-34173.0,0.004951376671595557,,0.117,0.06926406926406944,0.8082,0.9027,
20251201,5740.2569,5639.4985,5765.7179,5636.0046,664396.0,-76812.0,1149437.0,1.0,0.0,5694.0,0.0,0.0,-3.0,0.0,-36615.0,5659.197679999999,5654.42359,5719.618085,4.774089999998978,-60.42040500000076,5689.269599920635,5729.846844722223,581895.3,1379324.4,0.148005,1.070712049492698,1.279346060616012,2.35005811010871,1.0,5694.0,-3.0,-36615.0,-0.11561177370122638,-0.3299611049559687,0.1287,0.2380952380952383,0.7945,0.8453,0.0812
20251202,5735.2924,5719.7754,5760.593,5713.7232,658779.0,-5617.0,727183.0,1.0,0.0,5113.0,0.0,0.0,-3.0,0.0,-33725.0,5675.85108,5658.50424,5718.28066,17.34684000000016,-42.42957999999999,5690.43192142857,5720.548577912698,585270.1,872619.6,,1.080836971871848,1.267466087288168,2.348303059160016,1.0,5113.0,-3.0,-33725.0,-0.008526379863353264,-0.3429339455137295,0.1242,0.17316017316017332,0.863,0.8533,0.0681
20251203,5744.7488,5729.7925,5776.6908,5729.5812,627926.0,-30853.0,449159.0,1.0,0.0,5217.0,0.0,1.0,-3.0,0.0,-27189.0,5696.85132,5667.54316,5716.440085,29.30815999999959,-19.58876500000042,5692.907731746031,5712.671784325396,579932.1,,,1.089639262443494,1.267466087288168,2.357105349731662,1.0,5217.0,-2.0,-27189.0,-0.04913477065768896,-0.3542134323495468,0.1225,0.14862914862914867,0.9315,0.864,0.0631
20251204,5798.3472,5740.3954,5818.043,5740.3954,634165.0,6239.0,640128.0,1.0,0.0,4805.0,0.0,0.0,-3.0,0.0,-32888.0,5729.01232,5684.45112,5715.964085000001,44.5612000000001,13.04823499999929,5699.372980238096,5706.835700841269,597758.2,,0.153065,1.147915553199077,1.279346060616012,2.42726161381509,1.0,4805.0,-3.0,-32888.0,0.009838133608761127,-0.3569597085488237,0.1331,0.3015873015873016,0.9863,0.96,0.0621
20251205,5764.9387,5774.239,5787.0495,5746.5833,632982.0,-1183.0,344786.0,1.0,-1.0,3486.0,-7614.0,0.0,-3.0,0.0,-36618.0,5756.7168,5698.59225,5715.68087,58.12455000000045,41.03593000000001,5703.989091349205,5702.94139634127,596968.1,,,1.11069728319235,1.271092199924664,2.381789483117013,0.0,-4128.0,-3.0,-36618.0,-0.0018689315020016368,-0.3165754194553907,0.1266,0.20779220779220772,0.9863,0.96,0.1082
20251208,5745.5124,5755.2391,5773.7855,5705.147,630635.0,-2347.0,522106.0,1.0,-1.0,3230.0,-7036.0,0.0,-3.0,0.0,-32650.0,5757.767900000001,5708.48279,5711.316,49.28511000000071,46.45190000000093,5707.067414841269,5700.5175665,591460.6,,,1.017670334304451,1.250930591854236,2.268600926158687,0.0,-3806.0,-3.0,-32650.0,-0.00372164564288376,-0.2891259633379256,0.1221,0.14410480349344984,0.9863,0.96,0.1483
20251209,5742.265,5734.7108,5755.025,5692.5871,636531.0,5896.0,513687.0,1.0,-1.0,2987.0,-6035.0,1.0,-2.0,4364.0,-31088.0,5759.16242,5717.50675,5709.555605,41.65566999999919,49.6068150000001,5709.179015396826,5699.348199888889,604086.7,,,1.010554146410868,1.222570197064603,2.233124343475471,0.0,-3048.0,-1.0,-26724.0,0.009262706765263593,-0.2424720250545744,0.1194,0.10762331838565038,0.9726,0.96,0.2204
20251210,5735.9955,5744.5016,5772.7442,5724.8674,630615.0,-5916.0,351297.0,1.0,0.0,1827.0,0.0,1.0,-2.0,4499.0,-29319.0,5757.411760000001,5727.13154,5707.58438,30.28022000000055,49.82738000000063,5712.286377142857,5699.548818468254,598536.7,,,1.023195821677387,1.222570197064603,2.24576601874199,1.0,1827.0,-1.0,-24820.0,-0.009381318236959158,-0.2840167952210555,0.1266,0.21524663677130035,0.9589,0.8587,0.1523
20251211,5723.3358,5739.2214,5764.5417,5712.7946,638812.0,8197.0,278263.0,1.0,0.0,2093.0,0.0,1.0,-2.0,4901.0,-25474.0,5742.40948,5735.7109,5705.305655,6.69858000000022,37.10382500000014,5714.487644126986,5700.944033214286,583236.4,,,1.051088751905106,1.207648040518019,2.258736792423125,1.0,2093.0,-1.0,-20573.0,0.012831631215443668,-0.2653305374379487,0.1247,0.18684603886397622,0.9589,0.896,0.1834
20251212,5738.2109,5726.0006,5746.4953,5693.1263,620906.0,-17906.0,305755.0,1.0,0.0,1907.0,0.0,1.0,-2.0,12303.0,-26351.0,5737.06392,5746.890359999999,5704.1342,-9.82643999999982,32.92971999999918,5716.635668095237,5703.562744428572,528180.1,,,1.013619367319049,1.207648040518019,2.221267407837068,1.0,1907.0,-1.0,-14048.0,-0.028838503734864858,-0.3130187837771035,0.1218,0.14349775784753377,0.9452,0.8613,0.1132
20251215,5767.1432,5774.1764,5810.967,5759.8219,591272.0,-29634.0,413381.0,1.0,0.0,1916.0,0.0,1.0,-2.0,7034.0,-29584.0,5741.39008,5749.57899,5702.00129,-8.18890999999985,39.38878999999997,5723.863833968255,5707.022167833333,454574.5,,0.14743,1.047891052331904,1.207648040518019,2.255539092849924,1.0,1916.0,-1.0,-22550.0,-0.05011906533710374,-0.2106786146535469,0.1282,0.23916292974588954,0.9315,0.908,0.2866
20251216,5745.8729,5765.1516,5784.064,5727.4358,591233.0,-39.0,278104.0,1.0,0.0,1663.0,0.0,1.0,-3.0,0.0,-31765.0,5742.11166,5750.63704,5704.57064,-8.525379999999132,37.54102000000057,5728.521775396825,5710.831153230159,409666.6,,,1.064336660222379,1.19960146114635,2.263938121368729,1.0,1663.0,-2.0,-31765.0,-6.596384166648344e-05,-0.307228556323579,0.123,0.16143497757847536,0.9315,0.9307,0.1172
20251217,5766.8861,5752.4343,5784.0895,5743.9853,576377.0,-14856.0,235216.0,1.0,-1.0,2096.0,-6342.0,0.0,-3.0,0.0,-31604.0,5748.28978,5752.85077,5710.196965,-4.560989999999947,38.09281499999997,5734.05735468254,5714.94611552381,388272.3,,,1.058964912023551,1.191114532307938,2.250079444331488,0.0,-4246.0,-3.0,-31604.0,-0.025774796704240453,-0.2573090925717495,0.1257,0.2017937219730943,0.9315,0.9307,0.2044
20251218,5789.7743,5803.088,5813.8985,5776.0728,573238.0,-3139.0,323513.0,1.0,-1.0,2302.0,-6156.0,0.0,-3.0,0.0,-28012.0,5761.577480000001,5751.99348,5718.222299999999,9.584000000000742,43.35518000000138,5742.059667698411,5719.214784269841,356610.8,,0.15985,1.071862328499132,1.170165978789433,2.242028307288565,0.0,-3854.0,-3.0,-28012.0,-0.0054759105293089435,-0.2287695244776266,0.139,0.4024024024024027,0.9315,0.9307,0.2545
20251219,5814.3134,5800.2728,5826.5211,5785.1441,557252.0,-15986.0,401473.0,1.0,-1.0,2278.0,-7460.0,0.0,-3.0,0.0,-32890.0,5776.79798,5756.93095,5727.7616,19.86703000000034,49.03638000000046,5750.69453674603,5723.885328809523,362279.5,,,0.9494021437328825,1.134002281020406,2.083404424753288,0.0,-5182.0,-3.0,-32890.0,-0.028687200763747818,-0.2069585021836702,0.1304,0.2732732732732732,0.9315,0.9307,0.2966
20251222,5843.7269,5818.7179,5861.0725,5808.0373,554528.0,-2724.0,372298.0,1.0,-1.0,3210.0,-6426.0,0.0,-3.0,0.0,-39513.0,5792.11472,5766.7524,5737.617595000001,25.36232000000018,54.49712499999987,5761.284190238095,5729.307006349207,347298.7,,,0.9557646962392684,1.134002281020406,2.089766977259674,0.0,-3216.0,-3.0,-39513.0,-0.004912285763748629,-0.2606204569587463,0.1343,0.331831831831832,0.9178,0.9307,0.1964
20251223,5830.6219,5842.2387,5862.3641,5807.7945,551885.0,-2643.0,291014.0,1.0,-1.0,2147.0,-8275.0,0.0,-3.0,0.0,-37628.0,5809.06452,5775.58809,5746.54742,33.47642999999971,62.51710000000003,5770.76548309524,5735.465653119047,325031.4,,,0.9639808901473075,1.09966651054293,2.063647400690237,0.0,-6128.0,-3.0,-37628.0,-0.004789041195176531,-0.2823949614812513,0.1389,0.40090090090090097,0.9726,0.9707,0.1563
20251224,5838.8354,5833.0383,5845.1947,5796.6881,539416.0,-12469.0,193811.0,1.0,-1.0,2382.0,-8180.0,0.0,-3.0,0.0,-37589.0,5823.45438,5785.872079999999,5756.50181,37.58230000000094,66.95257000000038,5779.031355793651,5742.140150984127,309282.8,,,0.9274536961052562,1.084006090257641,2.011459786362898,0.0,-5798.0,-3.0,-37589.0,-0.023115739985465764,-0.3004338624364983,0.1321,0.29879879879879884,0.9726,0.964,0.1333
20251225,5851.5293,5827.9769,5853.0318,5813.8118,534285.0,-5131.0,220570.0,1.0,-1.0,2215.0,-7624.0,0.0,-3.0,0.0,-37698.0,5835.80538,5798.69143,5767.201165,37.11394999999993,68.60421499999939,5787.381817777778,5749.429568349206,303513.5,,,0.9109625009002676,1.073524350384984,1.984486851285251,0.0,-5409.0,-3.0,-37698.0,-0.009603488774717613,-0.2785040453253344,0.1334,0.3183183183183183,0.9452,0.9427,0.1623
20251226,5848.6438,5848.7933,5853.6925,5811.0028,517644.0,-16641.0,303645.0,1.0,-1.0,2398.0,-7957.0,0.0,-3.0,0.0,-36584.0,5842.67146,5809.73472,5778.31254,32.93673999999919,64.35891999999967,5794.467072063493,5757.212708746031,303302.5,,0.17595,0.8777823027803623,1.065880861779515,1.943663164559877,0.0,-5559.0,-3.0,-36584.0,-0.032147576326587386,-0.3183331333729098,0.153,0.6496815286624205,0.9589,0.9293,0.1072
20251229,5870.6445,5849.7614,5930.788,5822.0906,527373.0,9729.0,537508.0,1.0,-1.0,3076.0,-8296.0,0.0,-3.0,0.0,-33345.0,5848.054980000001,5820.08485,5784.831920000001,27.97013000000061,63.22306000000026,5803.698688174602,5765.196194166667,315715.2,645009.6,0.19228,0.9333879340132042,1.065880861779515,1.999268795792719,0.0,-5220.0,-3.0,-33345.0,0.018448043415191902,-0.3206087774956828,0.1672,0.889967637540453,0.9452,0.9267,0.1062
20251230,5942.9828,5864.9553,5955.2659,5864.9553,550953.0,23580.0,454994.0,1.0,-1.0,2905.0,-9144.0,1.0,-3.0,0.0,-33729.0,5870.52716,5839.795840000001,5795.21644,30.73131999999896,75.31071999999949,5816.706108968253,5774.014627523809,333404.2,545992.7999999999,0.197455,0.983161254194982,1.065880861779515,2.049042115974497,0.0,-6239.0,-2.0,-33729.0,0.04279856902494405,-0.2830662564377628,0.1717,1.0,0.9452,0.9067,0.1593
20251231,5925.4744,5940.0281,5948.8782,5900.9294,534326.0,-16627.0,252221.0,1.0,-1.0,2572.0,-8993.0,1.0,-3.0,0.0,-30528.0,5887.85496,5855.65467,5804.252719999999,32.20028999999977,83.60224000000017,5829.48151904762,5783.557043960318,335104.7,,,0.9760687963052936,1.051886460897671,2.027955257202964,0.0,-6421.0,-2.0,-30528.0,-0.031117707167534425,-0.2418254167379863,0.1447,0.546218487394958,0.9452,0.888,0.2355
20260105,5884.7366,5943.8183,5943.8183,5876.9208,551329.0,17003.0,246082.0,1.0,-1.0,1815.0,-8841.0,0.0,-3.0,0.0,-31324.0,5894.496419999999,5865.1509,5808.57219,29.34551999999985,85.92422999999962,5839.417399285712,5793.292817119048,327361.6,,,0.9908731683781051,1.065880861779515,2.05675403015762,0.0,-7026.0,-3.0,-31324.0,0.030840024740218637,-0.2521355236136418,0.1378,0.4302521008403363,0.9452,0.8827,0.2174
20260106,5924.0736,5906.3513,5943.206,5826.1493,560254.0,8925.0,475401.0,1.0,-1.0,201.0,-6672.0,0.0,-3.0,0.0,-29464.0,5909.58238,5876.126920000001,5816.528935,33.45545999999922,93.05344499999956,5849.023399999999,5803.125703444444,334754.4,570481.2,,1.043079570911327,1.073524350384984,2.116603921296311,0.0,-6471.0,-3.0,-29464.0,0.015930274482645373,-0.3141889219158613,0.1466,0.578151260504202,0.8219,0.8987,0.1142
20260107,6009.8266,5976.6697,6079.5086,5929.6395,620191.0,59937.0,621241.0,1.0,-1.0,2063.0,-8365.0,1.0,-2.0,1354.0,-29514.0,5937.418799999999,5892.73689,5829.744645000001,44.68190999999933,107.6741549999988,5866.876213968252,5813.68490581746,359648.7,745489.2,0.23207,1.160015452057711,1.084006090257641,2.244021542315352,0.0,-6302.0,-1.0,-28160.0,0.09664280842514644,-0.3945457451143093,0.2018,1.0,0.8356,0.8867,0.0421
20260108,5905.0335,6000.6448,6043.8975,5886.4133,598160.0,-22031.0,503029.0,1.0,-1.0,3466.0,-5897.0,1.0,-2.0,5561.0,-32811.0,5929.82894,5900.17805,5837.88307,29.65088999999989,91.94587000000047,5877.61664436508,5824.370021944444,380850.2,603634.7999999999,,1.30072663760719,1.09966651054293,2.40039314815012,0.0,-2431.0,-1.0,-27250.0,-0.03683128259997325,-0.2735277776331694,0.1646,0.5848214285714285,0.7945,0.8667,0.1774
20260109,5915.3631,5894.4343,5923.0367,5863.3831,586222.0,-11938.0,310794.0,1.0,-1.0,6291.0,-5814.0,1.0,-2.0,4077.0,-36387.0,5927.80668,5907.83082,5846.85145,19.97585999999956,80.95522999999957,5884.061754841272,5834.873061849206,392548.5,,,1.314084474373283,1.084006090257641,2.398090564630925,0.0,477.0,-1.0,-32310.0,-0.020364298849241413,-0.26713267967568,0.1584,0.5156250000000001,0.8082,0.8307,0.1914
20260112,5936.9795,5968.1165,5970.3993,5905.3709,589395.0,3173.0,253090.0,1.0,0.0,3396.0,0.0,1.0,-2.0,3291.0,-39017.0,5938.25526,5916.37584,5857.533635,21.87942000000021,80.72162500000013,5893.220398253967,5845.456919896826,395800.5,,,1.340789759612645,1.090528008160977,2.431317767773622,1.0,3396.0,-1.0,-35726.0,0.005383486456451107,-0.276923971881346,0.1709,0.6551339285714285,0.726,0.7893,0.1733
20260113,5928.842,5934.699,5977.7053,5919.0009,594180.0,4785.0,274191.0,1.0,0.0,3379.0,0.0,1.0,-2.0,11567.0,-41656.0,5939.20894,5924.39566,5867.065189999999,14.81327999999939,72.14375000000018,5900.616052857144,5856.071817976191,392855.1,,,1.346270680632713,1.090528008160977,2.43679868879369,1.0,3379.0,-1.0,-30089.0,0.008053115217610825,-0.3389721439932998,0.1553,0.48102678571428564,0.6575,0.74,0.0752
20260114,5928.8709,5917.793,5947.4486,5886.9588,577406.0,-16774.0,265796.0,1.0,0.0,4629.0,0.0,1.0,-2.0,9074.0,-30088.0,5923.0178,5930.2183,5875.151575,-7.200500000000829,47.86622499999976,5906.30589531746,5866.332538690476,365683.9,,,1.351829138456071,1.075746443133716,2.427575581589786,1.0,4629.0,-1.0,-21014.0,-0.029050616031007646,-0.3447634919773812,0.1481,0.40066964285714296,0.6301,0.6773,0.0701
20260115,5884.1827,5939.9186,5941.0034,5872.2382,576398.0,-1008.0,253224.0,1.0,0.0,6794.0,0.0,1.0,-2.0,6542.0,-25590.0,5918.84764,5924.338290000001,5882.067065,-5.490650000000642,36.78057499999977,5908.700657539685,5875.531993547619,345506.9,,,1.37556796232817,1.075746443133716,2.451314405461885,1.0,6794.0,-1.0,-19048.0,-0.0017487916335587562,-0.34836264166185,0.1468,0.38616071428571447,0.5342,0.6093,0.0691
20260116,5850.0693,5880.9804,5911.6494,5839.4193,569258.0,-7140.0,373673.0,1.0,0.0,4588.0,0.0,1.0,-2.0,6100.0,-22203.0,5905.78888,5916.797779999999,5886.226225,-11.0088999999989,19.56265499999972,5906.908308968256,5883.274672539682,357652.1,,,1.415480831160834,1.075746443133716,2.491227274294549,1.0,4588.0,-1.0,-16103.0,-0.012542643230310334,-0.3137333711939946,0.1444,0.359375,0.589,0.6093,0.1192
20260119,5831.8478,5876.3875,5876.3875,5810.9893,578541.0,9283.0,258816.0,1.0,0.0,4025.0,0.0,1.0,-2.0,13114.0,-17977.0,5884.76254,5911.5089,5888.3299,-26.7463600000001,-3.567360000000008,5902.848468888886,5889.617779499999,358925.5,,,1.443214142323065,1.090528008160977,2.533742150484042,1.0,4025.0,-1.0,-4863.0,0.0160455352343222,-0.2708335502299516,0.1345,0.2488839285714287,0.5753,0.5133,0.1884
20260120,5784.1019,5830.3748,5830.3748,5752.9779,598339.0,19798.0,363431.0,1.0,0.0,4438.0,0.0,2.0,-1.0,12955.0,-17047.0,5855.81452,5897.51173,5886.819324999999,-41.69721000000027,-31.00480499999958,5893.770558571428,5894.092495357143,347728.5,,,1.408637396520273,1.090528008160977,2.49916540468125,1.0,4438.0,1.0,-4092.0,0.033088266016422126,-0.2854494905662257,0.1322,0.2232142857142859,0.5342,0.4587,0.1623
20260121,5773.7582,5792.5976,5796.6311,5757.3041,613881.0,15542.0,239013.0,1.0,0.0,4047.0,0.0,2.0,-1.0,12542.0,-9524.0,5824.79198,5873.90489,5883.32089,-49.11290999999983,-58.52891,5883.402837777778,5895.745157738095,309505.7,,0.17595,1.349716473823605,1.090528008160977,2.440244481984582,1.0,4047.0,1.0,3018.0,0.02531761041635105,-0.2982402765883037,0.153,0.45535714285714285,0.4795,0.548,0.1443
20260122,5800.8787,5776.2598,5813.261,5756.0297,629444.0,15563.0,246699.0,1.0,0.0,4291.0,0.0,1.0,-2.0,16364.0,-13781.0,5808.131179999999,5863.48941,5881.83373,-55.35823000000073,-73.70255000000088,5874.446227857144,5895.428116087302,283872.7,,,1.363029222495771,1.090528008160977,2.453557230656748,1.0,4291.0,-1.0,2583.0,0.024724995392759325,-0.2454782770480248,0.1482,0.4017857142857143,0.3836,0.4893,0.2425
20260123,5845.4296,5807.5424,5870.9134,5804.3273,602361.0,-27083.0,259156.0,1.0,0.0,4678.0,0.0,1.0,-2.0,16678.0,-16413.0,5807.20324,5856.49606,5882.16344,-49.29282000000057,-74.96020000000044,5869.937931666667,5894.015733769842,278708.9,,0.18032,1.367491077488752,1.090528008160977,2.458019085649729,1.0,4678.0,-1.0,265.0,-0.044961410184258276,-0.2793781585064624,0.1568,0.4977678571428571,0.3836,0.5893,0.1723
20260126,5817.823,5857.0539,5879.1425,5814.0105,600659.0,-1702.0,222499.0,1.0,0.0,3842.0,0.0,1.0,-2.0,21314.0,-23172.0,5804.398279999999,5844.58041,5880.478125,-40.18213000000105,-76.0798450000002,5865.257589206348,5891.21945286508,275649.8,,0.18354,1.306099657213849,1.104996823088375,2.411096480302223,1.0,3842.0,-1.0,-1858.0,-0.002833554479330202,-0.2745618231768049,0.1596,0.5290178571428571,0.3699,0.5893,0.1844
20260127,5809.252,5804.8541,5832.2983,5797.7858,596553.0,-4106.0,188209.0,1.0,0.0,6939.0,0.0,1.0,-2.0,21235.0,-25242.0,5809.4283,5832.62141,5878.508535,-23.19311000000016,-69.08023500000036,5858.222474603173,5886.980095039682,267051.6,,,1.161849825007383,1.090528008160977,2.25237783316836,1.0,6939.0,-1.0,-4007.0,-0.006882875452809726,-0.2996041533438996,0.1505,0.4274553571428571,0.1781,0.3307,0.1433
20260128,5826.6069,5812.9176,5830.7754,5779.4398,568822.0,-27731.0,243354.0,1.0,0.0,2502.0,0.0,1.0,-2.0,16848.0,-26755.0,5819.99804,5822.39501,5876.306654999999,-2.396969999999783,-56.30861499999901,5851.983118571428,5881.547817365079,264807.4,,,1.033408160384141,1.075746443133716,2.109154603517857,1.0,2502.0,-1.0,-9907.0,-0.048751630562812266,-0.2522584605053001,0.1486,0.4062500000000001,0.1644,0.284,0.2325
20260129,5921.9964,5815.7509,5939.8059,5815.7509,528617.0,-40205.0,399459.0,1.0,0.0,1769.0,0.0,1.0,-2.0,20276.0,-32522.0,5844.22158,5826.17638,5875.257335,18.04520000000048,-31.03575499999988,5853.19638420635,5875.997390031746,279430.9,479350.8,0.195385,1.111919692390878,1.090528008160977,2.202447700551855,1.0,1769.0,-1.0,-12246.0,-0.07605695617053557,-0.2390036809723894,0.1699,0.6439732142857142,0.137,0.2853,0.2605
20260130,5868.7447,5935.2832,5935.2832,5842.3005,513898.0,-14719.0,293357.0,1.0,0.0,1352.0,0.0,1.0,-2.0,18607.0,-32406.0,5848.884599999999,5828.043919999999,5872.42085,20.84068000000025,-23.53625000000102,5854.223235793651,5870.728882714286,271399.3,,0.20608,1.146990137058891,1.104996823088375,2.251986960147266,1.0,1352.0,-1.0,-13799.0,-0.028641870565754294,-0.2539261484427159,0.1792,0.7477678571428571,0.2055,0.3373,0.2305
20260202,5832.0909,5875.565,5911.2709,5814.2301,536384.0,22486.0,280975.0,1.0,-1.0,0.0,-2003.0,1.0,-2.0,15945.0,-33466.0,5851.738179999999,5828.06823,5869.788565000001,23.66994999999952,-18.05038500000137,5851.627574920635,5865.606793317461,273615.2,,,1.195227141750858,1.120274207258874,2.315501349009732,0.0,-2003.0,-1.0,-17521.0,0.041921459253072425,-0.2351066940547269,0.1728,0.6763392857142858,0.411,0.5,0.2695
20260203,5832.8128,5836.0622,5881.8954,5823.1069,552043.0,15659.0,228783.0,1.0,-1.0,0.0,-1855.0,1.0,-2.0,15113.0,-31199.0,5856.45034,5832.939319999999,5865.225525,23.51102000000083,-8.77518499999951,5848.082036587301,5861.037941119048,260150.4,,,1.194549876495532,1.120274207258874,2.314824083754406,0.0,-1855.0,-1.0,-16086.0,0.028365543988421192,-0.2755360683399883,0.1615,0.5502232142857143,0.3973,0.38,0.1844
20260204,5864.8064,5839.5528,5877.3411,5824.597,557285.0,5242.0,200443.0,1.0,-1.0,0.0,-1798.0,1.0,-2.0,15980.0,-31849.0,5864.09024,5842.04414,5857.974515,22.04609999999957,6.115724999999657,5847.561411111113,5857.453798452381,256293.4,,,1.175214096230697,1.104996823088375,2.280210919319072,0.0,-1798.0,-1.0,-15869.0,0.009406318131656155,-0.2451340007823627,0.1569,0.4988839285714287,0.4521,0.4093,0.2505
20260205,5883.9723,5852.5602,5905.6576,5848.9287,565493.0,8208.0,244019.0,1.0,-1.0,0.0,-2459.0,1.0,-2.0,16865.0,-30217.0,5856.48542,5850.3535,5856.921455000001,6.131919999999809,-0.4360350000006292,5848.831034047619,5854.892279071429,256025.4,,,1.155751700988973,1.090528008160977,2.24627970914995,0.0,-2459.0,-1.0,-13352.0,0.014514768529407083,-0.2541354410686942,0.1599,0.5323660714285713,0.4521,0.4053,0.2315
20260206,5855.6967,5882.0913,5927.1353,5850.1083,577179.0,11686.0,299358.0,1.0,-1.0,0.0,-2287.0,1.0,-2.0,18421.0,-33917.0,5853.87582,5851.38021,5853.938135,2.495609999999942,-0.06231500000012602,5849.654116507937,5852.863897555556,260045.6,,,1.16964480903255,1.104996823088375,2.274641632120925,0.0,-2287.0,-1.0,-15496.0,0.020246751874201937,-0.2048652778787016,0.1507,0.4296875,0.4521,0.4067,0.3327
20260209,5812.4717,5858.6518,5883.4979,5808.8558,579332.0,2153.0,249846.0,1.0,-1.0,0.0,-2518.0,1.0,-2.0,11331.0,-31686.0,5849.95198,5850.845080000001,5847.712745,-0.8931000000011409,2.239235000000008,5847.423390000001,5851.08047763492,262780.3,,,1.164067035304333,1.120274207258874,2.284341242563206,0.0,-2518.0,-1.0,-20355.0,0.00371634917456657,-0.2210418660552054,0.1467,0.38504464285714285,0.4795,0.48,0.2986
20260210,5816.161,5805.9475,5832.7838,5792.0355,581739.0,2407.0,203757.0,1.0,-2.0,0.0,-7399.0,1.0,-2.0,10720.0,-33755.0,5846.62162,5851.535980000001,5842.078695,-4.91436000000067,4.542924999999741,5843.812057857144,5849.639435960318,264335.1,,,1.165201302622783,1.120274207258874,2.285475509881657,-1.0,-7399.0,-1.0,-23035.0,0.0041375943507311694,-0.2604404384085697,0.1389,0.2979910714285714,0.5068,0.4813,0.2194
20260211,5823.1344,5809.3244,5842.2676,5798.9249,565620.0,-16119.0,162473.0,0.0,-2.0,0.0,-8398.0,1.0,-2.0,18816.0,-27657.0,5838.28722,5851.18873,5836.79187,-12.90150999999969,1.495350000000144,5841.441876507934,5848.585311753968,256247.0,,,1.147907877638576,1.104996823088375,2.252904700726951,-2.0,-8398.0,-1.0,-8841.0,-0.028497931473427388,-0.2562375319804598,0.13,0.19866071428571438,0.4521,0.4133,0.2325
20260212,5800.0843,5827.1025,5836.3373,5793.6856,562439.0,-3181.0,166071.0,0.0,-2.0,0.0,-10133.0,1.0,-2.0,19287.0,-27493.0,5821.50962,5838.99752,5832.58695,-17.48790000000008,-11.07733000000007,5838.599010079365,5847.12557434127,232908.2,,,1.115054868362303,1.090528008160977,2.20558287652328,-2.0,-10133.0,-1.0,-8206.0,-0.005655724443006264,-0.2326878624642691,0.1284,0.1808035714285713,0.4795,0.4467,0.2856
20260213,5771.9989,5798.0478,5801.4247,5758.7674,576648.0,14209.0,222361.0,1.0,-2.0,0.0,-6367.0,1.0,-2.0,17978.0,-26460.0,5804.77006,5829.32294,5828.68343,-24.55288000000019,-23.91337000000021,5833.132848015874,5845.016535563492,225808.6,,,1.088177993675549,1.047090697522444,2.135268691197993,-1.0,-6367.0,-1.0,-8482.0,0.024640682010515946,-0.2791258898835256,0.1312,0.2120535714285716,0.4932,0.488,0.1743
20260224,5739.5458,5763.2558,5782.2927,5715.7535,613899.0,37251.0,229700.0,0.0,-2.0,0.0,-11395.0,2.0,-1.0,16103.0,-21351.0,5790.18488,5820.06843,5824.06833,-29.88355000000047,-33.88345000000027,5825.200736428572,5842.373851714287,220681.1,,,1.128331304220251,1.090528008160977,2.218859312381228,-2.0,-11395.0,1.0,-5248.0,0.06067936256615502,-0.2957857676028315,0.1348,0.2522321428571429,0.5205,0.5293,0.1523
20260225,5753.6593,5747.4019,5785.7647,5738.0767,633345.0,19446.0,200827.0,0.0,-2.0,0.0,-13259.0,2.0,-1.0,19063.0,-22217.0,5777.68454,5812.15308,5822.5462,-34.46853999999985,-44.86165999999957,5818.268331507936,5839.39248120635,217885.5,,,1.124868927185561,1.090528008160977,2.215396935346538,-2.0,-13259.0,1.0,-3154.0,0.0307036449328565,-0.3279040387202292,0.1238,0.1294642857142857,0.5479,0.5813,0.0922
20260226,5922.3329,5752.0633,5971.4181,5743.7148,620336.0,-13009.0,936757.0,1.0,-1.0,6022.0,-8766.0,1.0,-2.0,16878.0,-27941.0,5797.52424,5817.90573,5829.974935,-20.38149000000067,-32.45069500000045,5822.676981904763,5836.904038285715,291516.9,1124108.4,0.200445,1.251919277396057,1.090528008160977,2.342447285557034,0.0,-2744.0,-1.0,-11063.0,-0.020970893193366175,-0.2586630207079695,0.1743,0.6930803571428572,0.5753,0.668,0.2224
20260227,6029.7436,5896.5143,6031.9062,5872.107,611982.0,-8354.0,756963.0,2.0,-1.0,5142.0,-120.0,1.0,-2.0,14104.0,-30401.0,5843.4561,5832.48286,5841.41818,10.97324000000026,2.037920000000668,5837.032441349205,5835.724179015873,342811.3,908355.6,0.22954,1.331197604027802,1.104996823088375,2.436194427116178,1.0,5022.0,-1.0,-16297.0,-0.013650728289394133,-0.2051301066219471,0.1996,0.9754464285714285,0.589,0.648,0.3387
20260302,6086.2846,6043.3562,6091.7444,6000.3166,647453.0,35471.0,598050.0,0.0,-1.0,0.0,-5897.0,1.0,-2.0,14179.0,-34627.0,5906.31324,5855.54165,5853.460929999999,50.77159000000029,52.85231000000113,5858.868432301588,5836.645610595238,372680.5,717660.0,,1.320224895569277,1.120274207258874,2.44049910282815,-1.0,-5897.0,-1.0,-20448.0,0.05478544388550211,-0.2038344691794164,0.1775,0.7257336343115123,0.6164,0.672,0.3417
20260303,6120.9599,6057.1061,6134.4512,6041.1897,650498.0,3045.0,580173.0,1.0,0.0,745.0,0.0,1.0,-2.0,17717.0,-37070.0,5982.596060000001,5886.39047,5868.617775,96.20559000000048,113.9782850000011,5882.68158142857,5840.171429738095,405713.2,696207.6,,1.357498221718702,1.127557284950333,2.485055506669035,1.0,745.0,-1.0,-19353.0,0.004681028996245953,-0.1377641318917261,0.1937,0.9044811320754718,0.6438,0.684,0.4459
20260304,6124.2671,6095.7665,6192.7697,6082.8232,658043.0,7545.0,509501.0,1.0,0.0,1151.0,0.0,1.0,-2.0,20589.0,-46809.0,6056.71762,5917.20108,5884.368530000001,139.5165400000005,172.3490899999997,5907.345446825396,5846.52476863492,436287.6,,0.232875,1.422533383308914,1.145802605842108,2.568335989151022,1.0,1151.0,-1.0,-26220.0,0.011465816063691887,-0.1637852885473436,0.2025,1.0,0.6849,0.704,0.4128
20260305,6096.4595,6129.0135,6153.3175,6067.8422,653646.0,-4397.0,361835.0,1.0,0.0,926.0,0.0,1.0,-2.0,19480.0,-48237.0,6091.54294,5944.533590000001,5897.86116,147.0093499999994,193.6817799999999,5928.686701428572,5855.249251126984,456223.8,,,1.453618372261551,1.145802605842108,2.599420978103659,1.0,926.0,-1.0,-28757.0,-0.006726882746930295,-0.2124384465741272,0.196,0.9217809867629362,0.726,0.708,0.3257
20260306,6134.7454,6095.5727,6144.7486,6059.7557,652643.0,-1003.0,300171.0,1.0,0.0,1123.0,0.0,1.0,-2.0,19896.0,-49307.0,6112.543299999999,5977.9997,5908.498610000001,134.5435999999991,204.0446899999988,5950.349587142858,5866.424308833333,469633.8,,,1.458326923142423,1.163044701341739,2.621371624484162,1.0,1123.0,-1.0,-29411.0,-0.0015368279442206536,-0.2132572315184951,0.1961,0.9229843561973524,0.7397,0.8067,0.3236
20260309,6138.6727,6222.0539,6409.4962,6137.3512,630341.0,-22302.0,873401.0,1.0,0.0,723.0,0.0,1.0,-2.0,4713.0,-56222.0,6123.02092,6014.66708,5921.995010000001,108.3538399999998,201.0259099999994,5978.3586115873,5880.946885190477,534737.8,1048081.2,0.251275,1.692679363488082,1.179045092328206,2.871724455816289,1.0,723.0,-1.0,-51509.0,-0.0353808494132541,-0.2474314177975578,0.2185,1.0,0.5479,0.5827,0.2505
20260310,6103.6832,6105.7251,6136.2752,6049.6838,604123.0,-26218.0,340328.0,1.0,0.0,205.0,0.0,1.0,-2.0,8335.0,-46602.0,6119.565579999999,6051.08082,5935.574624999999,68.48475999999937,183.9909550000002,5995.35412388889,5897.962223936507,545800.6,,,1.744533598237736,1.179045092328206,2.923578690565942,1.0,205.0,-1.0,-38267.0,-0.04339844700499733,-0.2390592765871085,0.1718,0.5287588294651867,0.5205,0.584,0.2705
20260311,6121.5994,6075.1588,6148.6699,6069.8838,605232.0,1109.0,212526.0,1.0,0.0,1502.0,0.0,1.0,-2.0,11848.0,-47183.0,6119.03204,6087.87483,5950.013955,31.1572100000003,169.0180849999997,6012.047912777778,5917.340182063492,546970.5,,,1.78055352177334,1.196031404508093,2.976584926281433,1.0,1502.0,-1.0,-35335.0,0.001832355196024004,-0.2347922874992813,0.1928,0.7406659939455096,0.5205,0.5853,0.2816
20260312,6167.6138,6157.5585,6196.2697,6124.3681,593708.0,-11524.0,276694.0,1.0,0.0,2197.0,0.0,1.0,-2.0,13747.0,-51908.0,6133.2629,6112.40292,5965.154325,20.85997999999927,168.1085749999993,6032.677439047618,5938.340227777777,480964.2,,0.25967,1.810768285562663,1.203139753102919,3.013908038665582,1.0,2197.0,-1.0,-38161.0,-0.019410215122585513,-0.3187416095748518,0.2258,1.0,0.5205,0.5867,0.1122
20260313,6175.9301,6185.0147,6247.5772,6164.9056,597447.0,3739.0,349642.0,1.0,0.0,2099.0,0.0,1.0,-2.0,14597.0,-53173.0,6141.499839999999,6127.02157,5979.752215,14.47826999999961,161.747625,6054.277133730159,5960.064697015872,440232.1,,0.263925,1.84936812027662,1.220285444193315,3.069653564469935,1.0,2099.0,-1.0,-38576.0,0.00625829571493371,-0.4074418659499436,0.2295,1.0,0.5342,0.5973,0.0381
20260316,6175.2983,6199.327,6249.794,6152.5733,588181.0,-9266.0,291765.0,1.0,0.0,5197.0,0.0,1.0,-2.0,15738.0,-50720.0,6148.82496,6135.922939999999,5995.732295,12.90202000000045,153.0926650000001,6074.471572777778,5981.625011063492,409603.6,,,1.875935941929064,1.245437652174265,3.12137359410333,1.0,5197.0,-1.0,-34982.0,-0.01575365406226995,-0.2284673801909754,0.2083,0.8031569173630455,0.5616,0.5987,0.2986
20260317,6251.4573,6197.001,6281.691,6173.7938,586809.0,-1372.0,360197.0,1.0,0.0,5746.0,0.0,1.0,-2.0,11601.0,-51106.0,6178.37978,6148.97268,6017.681575000001,29.40710000000036,160.6982049999997,6097.324746904762,6003.089327611111,387606.0,,,1.935330447421507,1.270605899716495,3.205936347138001,1.0,5746.0,-1.0,-39505.0,-0.0023380691161860164,-0.1250473858552077,0.2136,0.8523676880222841,0.5342,0.6627,0.4729
20260318,6152.4972,6254.6919,6289.9401,6127.0682,583477.0,-3332.0,434483.0,1.0,0.0,2534.0,0.0,1.0,-2.0,12136.0,-49889.0,6184.55934,6151.795690000001,6034.498385,32.76364999999896,150.0609549999999,6113.834458650795,6023.738228793651,380104.2,,,1.85465220401108,1.285310138607101,3.139962342618182,1.0,2534.0,-1.0,-37753.0,-0.005710593562385492,-0.1742468922724396,0.1928,0.6553990610328638,0.6027,0.7293,0.4058
20260319,6200.975,6191.0727,6225.9006,6170.0563,572036.0,-11441.0,247876.0,1.0,0.0,2161.0,0.0,1.0,-2.0,10731.0,-51341.0,6191.23158,6162.247240000001,6053.390415,28.98433999999907,137.8411649999998,6129.723826904762,6043.841941341269,368708.3,,,1.750560297809505,1.285310138607101,3.035870436416606,1.0,2161.0,-1.0,-40610.0,-0.0200004894796831,-0.1670777523368689,0.1875,0.6056338028169014,0.6438,0.74,0.4168
20260320,6414.2362,6260.8012,6621.1628,6245.0122,698368.0,126332.0,1891112.0,1.0,0.0,1128.0,0.0,2.0,-3.0,0.0,-42071.0,6238.892800000001,6190.19632,6084.09801,48.69648000000052,154.7947900000008,6162.551256507937,6065.062108277778,527802.4,2269334.4,0.37881,2.124518402866228,1.298378897810109,3.422897300676337,1.0,1128.0,-1.0,-42071.0,0.1808960318914956,-0.2414636790547541,0.3294,1.0,0.6027,0.728,0.2685
20260323,6570.3048,6553.0477,6603.2808,6428.2242,679731.0,-18637.0,928160.0,1.0,0.0,844.0,0.0,1.0,-3.0,0.0,-48150.0,6317.8941,6233.35953,6124.013304999999,84.5345699999998,193.880795,6207.199237777777,6087.946170896825,533278.3,1113792.0,0.42918,2.223837681367728,1.324695827316397,3.548533508684125,1.0,844.0,-2.0,-48150.0,-0.02741819925823598,-0.136007398102144,0.3732,1.0,0.6301,0.7133,0.4609
20260324,6496.222,6516.0617,6732.354,6467.8194,680671.0,940.0,1202659.0,1.0,0.0,2543.0,0.0,0.0,-3.0,0.0,-40057.0,6366.847040000001,6272.61341,6161.847115,94.23363000000063,204.999925000001,6246.537469047618,6113.064505412699,619511.4,1443190.8,,2.391632335860386,1.348591210003104,3.74022354586349,1.0,2543.0,-3.0,-40057.0,0.0013809902287595622,-0.1957146665406776,0.3584,0.9406575781876504,0.6575,0.7,0.3737
20260325,6509.8625,6449.0322,6532.3758,6358.7698,686324.0,5653.0,632789.0,1.0,0.0,469.0,0.0,1.0,-3.0,0.0,-39473.0,6438.3201,6311.43972,6199.657275,126.8803799999996,238.6628250000003,6276.486183968254,6139.508332531746,661537.7,,,2.480938184015519,1.37231201126305,3.85325019527857,1.0,469.0,-2.0,-39473.0,0.00823663459240825,-0.1209182079148496,0.3184,0.7802726543704893,0.6712,0.672,0.483
20260326,6451.6025,6495.5574,6539.9333,6409.3776,685880.0,-444.0,525535.0,1.0,0.0,1849.0,0.0,0.0,-3.0,0.0,-42294.0,6488.445600000001,6339.838589999999,6226.120755,148.6070100000015,262.324845000001,6302.43233388889,6166.483822015874,686421.8,,,2.523815234523887,1.392080178372272,3.915895412896159,1.0,1849.0,-3.0,-42294.0,-0.0006473435586399954,-0.2031506643586067,0.2538,0.521251002405774,0.7671,0.8173,0.3517
20260327,6596.9853,6455.5773,6624.2346,6436.5169,708115.0,22235.0,638449.0,1.0,0.0,0.0,-270.0,1.0,-2.0,0.0,-36931.0,6524.99542,6381.944109999999,6254.482840000001,143.0513100000007,270.5125799999996,6333.689069126985,6194.425015555556,715302.5,,,2.412261896170481,1.424410556776739,3.83667245294722,1.0,-270.0,-1.0,-36931.0,0.0314002669057992,-0.1307868309156988,0.3632,0.9599037690457098,0.7123,0.8053,0.4689
20260330,6610.1497,6641.3848,6647.9734,6569.6864,725779.0,17664.0,510333.0,1.0,0.0,0.0,-521.0,1.0,-3.0,0.0,-37747.0,6532.9644,6425.42925,6280.676095000001,107.5351499999997,252.2883049999991,6368.421010634921,6223.81995934127,737159.3,,,2.386479493389923,1.424410556776739,3.810890050166662,1.0,-521.0,-2.0,-37747.0,0.02433798718342636,-0.0940690742681658,0.3289,0.8223736968724942,0.6575,0.7,0.518
20260331,6466.9465,6583.9471,6641.5745,6433.6511,727577.0,1798.0,557321.0,1.0,0.0,0.0,-439.0,0.0,-3.0,0.0,-36414.0,6527.1093,6446.97817,6297.975425000001,80.13112999999976,229.1338749999995,6390.347247380952,6253.122209388889,756871.7,,,2.521951873795469,1.475650051557893,3.997601925353362,1.0,-439.0,-3.0,-36414.0,0.0024712161049620864,-0.263193858428549,0.2449,0.4855653568564556,0.6575,0.6867,0.2164
20260401,6400.9805,6459.9967,6466.4729,6339.2757,704148.0,-23429.0,503009.0,1.0,-1.0,0.0,-1967.0,0.0,-3.0,0.0,-34002.0,6505.332899999999,6471.8265,6311.811094999999,33.5063999999993,193.5218050000003,6401.090490317459,6281.847812555555,763724.3,,,2.574610070436325,1.509163334690237,4.083773405126562,0.0,-1967.0,-3.0,-34002.0,-0.033272834688162146,-0.2245992594109716,0.2297,0.42461908580593427,0.6164,0.6707,0.3056
20260402,6522.6886,6448.0682,6594.0608,6413.2155,725390.0,21242.0,732455.0,1.0,-1.0,0.0,-1813.0,0.0,-3.0,0.0,-40133.0,6519.55012,6503.99786,6333.12255,15.55225999999948,186.4275699999998,6418.934868492064,6310.768916714286,812182.2,,,2.687592465830717,1.509163334690237,4.196755800520954,0.0,-1813.0,-3.0,-40133.0,0.029283557810281365,-0.1353786268578277,0.2824,0.6359262229350441,0.6164,0.6573,0.4659
20260403,6446.315,6559.0568,6559.0568,6424.2748,717762.0,-7628.0,494302.0,1.0,-1.0,0.0,-1467.0,0.0,-3.0,0.0,-41218.0,6489.41606,6507.205739999999,6348.70103,-17.78967999999986,140.7150299999994,6432.436492063493,6337.757440269841,672501.2,,,2.721200041072591,1.510773075943935,4.231973117016526,0.0,-1467.0,-3.0,-41218.0,-0.01062747818914905,-0.0528661730343071,0.2599,0.545709703287891,0.6027,0.7053,0.5511
20260407,6415.6443,6484.4889,6484.6386,6407.758,719794.0,2032.0,331484.0,1.0,-1.0,0.0,-1805.0,0.0,-3.0,0.0,-41492.0,6450.51498,6491.73969,6362.54961,-41.22471000000041,87.9653699999999,6441.296303253971,6361.167146817461,612833.6,,,2.681884440299053,1.510773075943935,4.192657516242988,0.0,-1805.0,-3.0,-41492.0,0.0028230299224500342,-0.150297529436677,0.2115,0.3516439454691259,0.5479,0.6613,0.4459
20260408,6255.3564,6324.4447,6324.4447,6251.8329,684950.0,-34844.0,467345.0,0.0,-1.0,0.0,-5366.0,1.0,-3.0,0.0,-32280.0,6408.196959999999,6467.653130000001,6370.13327,-59.45617000000129,38.06368999999904,6432.473422698412,6379.76074218254,539302.2,,,2.679871271062515,1.543924340081649,4.223795611144164,-1.0,-5366.0,-2.0,-32280.0,-0.05087086648660486,-0.194448868880885,0.2036,0.31996792301523663,0.5342,0.636,0.3788
20260409,6145.3183,6272.964,6278.8355,6142.2448,661497.0,-23453.0,528234.0,0.0,-1.0,0.0,-5260.0,1.0,-2.0,2395.0,-24824.0,6357.06452,6431.19871,6371.319215,-74.13418999999976,-14.25469499999963,6414.580152380952,6393.57013902381,528846.7,,,2.751495807774669,1.543924340081649,4.295420147856318,-1.0,-5260.0,-1.0,-22429.0,-0.03545443138819979,-0.2330206376283172,0.2058,0.3287890938251805,0.726,0.8307,0.2916
20260410,6144.2862,6135.8567,6164.6694,6088.9522,666161.0,4664.0,423975.0,0.0,-1.0,0.0,-1015.0,1.0,-2.0,1649.0,-22734.0,6281.38404,6400.46708,6370.152835,-119.0830400000004,-88.76879499999995,6391.782352222224,6402.505140857143,518690.7,,,2.377139516031597,1.510773075943935,3.887912591975532,-1.0,-1015.0,-1.0,-21085.0,0.007001310494009707,-0.2444094174659977,0.1788,0.22052927024859661,0.7397,0.8253,0.2625
20260413,6164.988,6181.2207,6215.8531,6151.9167,644224.0,-21937.0,363129.0,1.0,-1.0,0.0,-1386.0,1.0,-2.0,678.0,-29731.0,6225.11864,6357.26735,6369.60573,-132.1487100000004,-144.4870900000005,6372.599412857144,6406.396175230159,491158.7,,,2.256816021879787,1.475650051557893,3.73246607343768,0.0,-1386.0,-1.0,-29053.0,-0.034051820484800314,,0.1743,0.20248596631916607,0.7397,0.8107,
20260414,6180.5737,6163.6734,6210.8447,6154.7198,634757.0,-9467.0,301563.0,1.0,-1.0,0.0,-1428.0,1.0,-2.0,2845.0,-20047.0,6178.10452,6314.30975,6369.8695,-136.2052300000005,-191.7649799999999,6353.57719373016,6404.911793539683,470281.7,,,2.031441178239838,1.475650051557893,3.507091229797731,0.0,-1428.0,-1.0,-17202.0,-0.01491436880570045,-0.2264107018572216,0.1521,0.11347233360064163,0.7397,0.7987,0.3049
20260415,6197.6788,6174.9227,6223.2229,6171.047,627242.0,-7515.0,325442.0,0.0,-1.0,0.0,-3613.0,1.0,-3.0,0.0,-22327.0,6166.569,6287.38298,6367.180575,-120.8139799999999,-200.6115749999999,6336.710475952381,6399.548116396827,447093.8,,,1.902127806904941,1.475650051557893,3.377777858462834,-1.0,-3613.0,-2.0,-22327.0,-0.011981021679032974,-0.1964681233527206,0.1567,0.13191659983961512,0.7397,0.7973,0.3761
20260416,6233.3861,6212.3574,6244.0092,6191.7762,599117.0,-28125.0,302337.0,1.0,-1.0,0.0,-1236.0,0.0,-3.0,0.0,-26146.0,6184.182559999999,6270.62354,6371.22502,-86.44098000000031,-187.0424600000006,6322.280827698413,6391.667150134922,427026.6,,,1.818583245889805,1.475650051557893,3.294233297447698,0.0,-1236.0,-3.0,-26146.0,-0.04694408604663196,-0.1257417739252496,0.1522,0.11387329591018448,0.7808,0.8653,0.4875
20260417,6226.6454,6239.635,6268.0336,6204.6597,592517.0,-6600.0,242717.0,1.0,-1.0,0.0,-1025.0,0.0,-3.0,0.0,-25555.0,6200.654399999999,6241.01922,6372.50854,-40.36482000000069,-171.8541400000004,6307.755639761904,6380.549227261905,378052.8,,,1.685558037305501,1.475650051557893,3.161208088863394,0.0,-1025.0,-3.0,-25555.0,-0.011138920908598403,-0.1343829879505264,0.1584,0.13873295910184452,0.6301,0.728,0.4734
20260420,6197.8233,6243.3473,6264.2022,6191.9207,573659.0,-18858.0,318927.0,1.0,-1.0,0.0,-564.0,0.0,-3.0,0.0,-28228.0,6207.22146,6216.17005,6361.687895,-8.948589999999967,-154.4664350000003,6292.58292595238,6366.563870650794,360515.3,,0.190555,1.686631350336995,1.475650051557893,3.162281401894887,0.0,-564.0,-3.0,-28228.0,-0.032873187729992905,-0.1755724600805132,0.1657,0.16800320769847632,0.5479,0.6747,0.4132
20260421,6196.6186,6187.9926,6239.0423,6169.0411,567990.0,-5669.0,290017.0,1.0,-1.0,0.0,-595.0,1.0,-2.0,9.0,-24920.0,6210.43044,6194.26748,6343.003585,16.16295999999966,-132.5731450000003,6277.171306666666,6350.151370992064,356368.6,,0.195155,1.534613403989786,1.475650051557893,3.010263455547679,0.0,-595.0,-1.0,-24911.0,-0.00998080952129439,-0.1878272138153991,0.1697,0.18404170008019247,0.5616,0.6267,0.3932
20260422,6197.8449,6184.608,6233.111,6155.7807,563464.0,-4526.0,297617.0,1.0,0.0,0.0,-177.0,0.0,-3.0,0.0,-25357.0,6210.46366,6188.51633,6328.08473,21.94732999999997,-117.6210700000001,6262.521440396826,6333.156172761905,339395.8,,,1.480659604015429,1.475650051557893,2.956309655573321,1.0,-177.0,-3.0,-25357.0,-0.00803245637698238,-0.1877178733959704,0.1601,0.14554931836407378,0.5342,0.6053,0.3942
20260423,6173.5479,6224.6185,6243.5191,6166.4368,566671.0,3207.0,355414.0,1.0,-1.0,0.0,-1375.0,0.0,-3.0,0.0,-23247.0,6198.49602,6191.33929,6311.269,7.156730000000607,-112.7729799999997,6248.896911111113,6316.587848634921,322113.8,,,1.353527847000332,1.475650051557893,2.829177898558224,0.0,-1375.0,-3.0,-23247.0,0.005659368487182157,-0.2228773394140407,0.1638,0.16038492381716124,0.5068,0.5587,0.3129
20260424,6149.4024,6192.6997,6208.8334,6140.9358,578405.0,11734.0,334466.0,0.0,-1.0,0.0,-3570.0,0.0,-3.0,0.0,-25683.0,6183.04742,6191.85091,6296.158995,-8.803490000000238,-113.1115749999999,6233.773219206349,6300.786935333334,313162.9,,,1.281167987229354,1.475650051557893,2.756818038787247,-1.0,-3570.0,-3.0,-25683.0,0.02028682324668701,-0.2675336903127824,0.1629,0.15677626303127506,0.3973,0.532,0.2076
20260427,6157.7097,6149.9586,6200.3025,6123.1728,568272.0,-10133.0,250247.0,1.0,-1.0,0.0,-1699.0,0.0,-3.0,0.0,-24592.0,6175.0247,6191.123079999999,6274.195215,-16.09837999999945,-99.1705149999998,6219.943047936508,6285.52129884127,301874.7,,,1.28527053528457,1.475650051557893,2.760920586842462,0.0,-1699.0,-3.0,-24592.0,-0.01783124982402793,-0.2443629269584247,0.1573,0.1343223736968725,0.3699,0.4,0.2648
20260428,6101.4154,6148.395,6149.5896,6069.0168,584000.0,15728.0,398667.0,0.0,-2.0,0.0,-10636.0,1.0,-2.0,1808.0,-19294.0,6155.98406,6183.207249999999,6248.7585,-27.2231899999997,-92.77444000000014,6204.319784841268,6270.595557952382,311585.1,478400.4,,1.200683652686135,1.475650051557893,2.676333704244028,-2.0,-10636.0,-1.0,-17486.0,0.026931506849315067,-0.2150819272535568,0.1442,0.08179631114675222,0.2877,0.2827,0.333
20260429,6121.466,6106.5191,6134.0071,6065.2116,566137.0,-17863.0,298168.0,0.0,-2.0,0.0,-10660.0,0.0,-3.0,0.0,-21946.0,6140.70828,6175.58597,6231.484474999999,-34.87769000000026,-90.77619499999946,6190.24109595238,6255.94861995238,308857.7,,,1.122587673173341,1.475650051557893,2.598237724731233,-2.0,-10660.0,-3.0,-21946.0,-0.0315524334215923,-0.1907776937508743,0.1496,0.10344827586206905,0.2055,0.164,0.3922
20260430,6085.7681,6102.7238,6141.572,6077.8286,563361.0,-2776.0,278891.0,0.0,-2.0,0.0,-9997.0,0.0,-3.0,0.0,-19765.0,6123.15232,6160.82417,6215.723855,-37.67184999999972,-92.57153500000004,6175.740059126982,6241.294543095237,306513.1,,,1.109487134565673,1.475650051557893,2.585137186123565,-2.0,-9997.0,-3.0,-19765.0,-0.004927568646036911,-0.3473161248104538,0.1535,0.1190858059342422,0.1644,0.1587,0.0702
20260506,6111.8724,6090.4347,6151.9809,6090.4347,587634.0,24273.0,238275.0,1.0,-1.0,1159.0,-7944.0,0.0,-3.0,0.0,-22595.0,6115.64632,6149.346869999999,6195.183045,-33.70054999999957,-79.53672499999993,6165.614326587302,6227.080411777778,306068.9,,,1.103967972608992,1.475650051557893,2.579618024166884,0.0,-6785.0,-3.0,-22595.0,0.04130632332370149,,0.1517,0.11186848436246997,0.2329,0.3147,
20260507,6058.7327,6093.8635,6117.7712,5990.824,656747.0,69113.0,437204.0,0.0,-2.0,0.0,-7566.0,0.0,-3.0,0.0,-20995.0,6095.85092,6135.43781,6175.80393,-39.58689000000049,-79.95301000000018,6152.296027777779,6213.051721960318,317896.6,524644.7999999999,,1.187679212064429,1.475650051557893,2.663329263622321,-2.0,-7566.0,-3.0,-20995.0,0.10523534938111632,-0.2822463758728338,0.1488,0.10024057738572573,0.1644,0.2987,0.1757
20260508,6023.2594,6053.1693,6056.7356,5995.2938,691583.0,34836.0,352311.0,1.0,-2.0,0.0,-7999.0,0.0,-3.0,0.0,-20277.0,6080.21972,6118.10189,6156.184684999999,-37.88216999999986,-75.96496499999921,6138.194516587302,6199.15404295238,324126.0,,,1.203178098162633,1.455368447896348,2.658546546058981,-1.0,-7999.0,-3.0,-20277.0,0.050371394322879535,-0.3266241212206847,0.149,0.10104250200481156,0.1096,0.2747,0.0994
20260511,5928.4513,6006.188,6014.0356,5924.1143,753861.0,62278.0,406837.0,0.0,-2.0,0.0,-12707.0,0.0,-3.0,0.0,-20356.0,6041.61678,6091.16253,6139.83943,-49.54574999999932,-98.2226499999997,6118.079825238096,6184.709881436508,335048.0,488204.4,0.18032,1.262178074603094,1.455368447896348,2.717546522499442,-2.0,-12707.0,-3.0,-20356.0,0.08261204651785939,-0.4370949244580569,0.1568,0.132317562149158,0.1233,0.2613,0.0301
20260512,5896.0015,5951.5005,5977.6538,5888.8977,782756.0,28895.0,393175.0,0.0,-2.0,0.0,-9082.0,0.0,-3.0,0.0,-18805.0,6003.66346,6063.40789,6127.37359,-59.74443000000065,-123.7101300000004,6096.104418253968,6169.430632150794,338824.1,,,1.296786440776912,1.475650051557893,2.772436492334805,-2.0,-9082.0,-3.0,-18805.0,0.03691444077081492,-0.4331619128860385,0.1425,0.07497995188452283,0.1507,0.0707,0.0351
20260513,5943.334,5905.3165,5966.9247,5876.8751,789241.0,6485.0,368845.0,0.0,-2.0,0.0,-8995.0,0.0,-3.0,0.0,-11075.0,5969.955779999999,6042.80105,6117.32598,-72.84527000000071,-147.3702000000003,6076.339351587301,6153.687245388888,342262.0,,,1.321530322093888,1.503460731011793,2.824991053105681,-2.0,-8995.0,-3.0,-11075.0,0.008216755084948704,,0.1507,0.10785886126704093,0.0274,0.0547,
20260514,5925.1551,5947.5917,5971.1928,5914.4015,784492.0,-4749.0,309332.0,0.0,-2.0,0.0,-8962.0,0.0,-3.0,0.0,-12255.0,5943.24026,6019.54559,6105.334335,-76.30532999999923,-162.094075,6058.604262380953,6137.553366833333,348170.5,,,1.310193007983195,1.503460731011793,2.813653738994987,-2.0,-8962.0,-3.0,-12255.0,-0.006053599016943449,-0.4054093842330754,0.1411,0.06936647955092226,0.0274,0.056,0.0422
20260515,5858.8717,5926.729,5931.7114,5851.3787,832769.0,48277.0,365396.0,0.0,-2.0,0.0,-11031.0,1.0,-3.0,166.0,-5959.0,5910.36272,5995.29122,6089.249235,-84.92849999999999,-178.8865150000001,6036.688286349205,6120.790216984127,344843.4,,,1.318998359916951,1.503460731011793,2.822459090928744,-2.0,-11031.0,-2.0,-5793.0,0.05797165840707327,-0.415333367214774,0.1327,0.03568564554931844,0.0137,0.0573,0.0392
20260518,5913.141,5880.6909,5998.1886,5874.3758,789883.0,-42886.0,585405.0,0.0,-2.0,0.0,-10812.0,0.0,-3.0,0.0,-17842.0,5907.300659999999,5974.458720000001,6075.022344999999,-67.15806000000157,-167.7216850000004,6019.438080317461,6103.709915420635,373567.1,702486.0,,1.396921456293877,1.509270974217518,2.906192430511395,-2.0,-10812.0,-3.0,-17842.0,-0.05429411697681809,-0.3581917240061799,0.1453,0.08620689655172423,0.0411,0.0587,0.0653
20260519,5926.9656,5917.8784,5962.0186,5913.4476,774585.0,-15298.0,296223.0,0.0,-2.0,0.0,-9307.0,1.0,-3.0,0.0,-20762.0,5913.49348,5958.578469999999,6059.70132,-45.08498999999938,-146.20784,6004.995591349207,6086.635468642858,375300.3,,,1.377989479218982,1.509270974217518,2.887260453436499,-2.0,-9307.0,-2.0,-20762.0,-0.019749930608002994,-0.3773332606291965,0.1447,0.08380112269446674,0.0548,0.06,0.0563
20260520,5940.7193,5916.7851,5955.347,5905.7132,758334.0,-16251.0,289052.0,0.0,-2.0,0.0,-10547.0,1.0,-3.0,0.0,-22806.0,5912.970539999999,5941.46316,6045.405015,-28.4926200000009,-132.4344750000009,5992.37093952381,6069.311129936508,380378.0,,,1.348758549121043,1.509270974217518,2.858029523338561,-2.0,-10547.0,-2.0,-22806.0,-0.021429871270442838,-0.3167355610345954,0.1371,0.05332798716920612,0.0137,0.0613,0.1246
20260521,5928.3909,5944.6478,5988.6772,5913.2307,733991.0,-24343.0,348916.0,0.0,-2.0,0.0,-8698.0,1.0,-2.0,2857.0,-24943.0,5913.617700000001,5928.42898,6031.933395,-14.81127999999899,-118.3156949999993,5981.564669761905,6052.23799413492,371549.2,,,1.335714753326441,1.509270974217518,2.84498572754396,-2.0,-8698.0,-1.0,-22086.0,-0.03316525679470184,-0.316884590748207,0.1372,0.05372894947874898,0.0548,0.0627,0.1246
20260522,5896.5163,5921.0184,5924.2662,5867.8506,745306.0,11315.0,286414.0,1.0,-2.0,0.0,-5367.0,1.0,-3.0,0.0,-21481.0,5921.14662,5915.75467,6016.92828,5.391950000000179,-95.78165999999965,5968.365170555554,6035.255059531746,364959.5,,,1.329421978674199,1.509270974217518,2.838692952891718,-1.0,-5367.0,-2.0,-21481.0,0.015181683764789228,-0.3038241534353007,0.1339,0.04049719326383319,0.0137,0.064,0.1467
20260525,6092.4151,5990.0206,6096.6314,5966.7542,673171.0,-72135.0,660542.0,0.0,-2.0,0.0,-4043.0,1.0,-2.0,5893.0,-29588.0,5957.001440000001,5932.15105,6011.65679,24.85039000000052,-54.65534999999909,5971.374897936507,6020.584566801587,390330.0,792650.4,0.19826,1.492745425553429,1.518538366811452,3.011283792364881,-2.0,-4043.0,-1.0,-23695.0,-0.10715702250988234,-0.2884534216924504,0.1724,0.19486768243785088,0.0685,0.0827,0.1769
20260526,5973.1858,6026.4704,6027.558,5919.5244,645859.0,-27312.0,490664.0,0.0,-2.0,0.0,-4851.0,1.0,-2.0,2864.0,-32229.0,5966.24548,5939.869479999999,6001.638685,26.3760000000002,-35.39320500000031,5968.230152063491,6007.797140182539,400078.9,588796.7999999999,,1.623287356422259,1.543924340081649,3.167211696503908,-2.0,-4851.0,-1.0,-29365.0,-0.042287867785383494,-0.30020633900644,0.1457,0.054054054054053995,0.1781,0.1987,0.1558
20260527,6017.7666,5973.4781,6028.0831,5973.4781,603117.0,-42742.0,332862.0,0.0,-2.0,0.0,-6859.0,1.0,-2.0,1791.0,-35750.0,5981.654939999999,5947.31274,5995.056895,34.34219999999914,-13.40195500000027,5968.016780238094,5996.964883047619,396480.6,,,1.537554322162874,1.518538366811452,3.056092688974326,-2.0,-6859.0,-1.0,-33959.0,-0.07086850478431217,-0.2507350843146976,0.1604,0.11517671517671509,0.3425,0.316,0.2643
20260528,6002.4819,6029.5133,6058.7542,5983.4295,581471.0,-21646.0,343612.0,0.0,-2.0,0.0,-3505.0,1.0,-2.0,411.0,-33854.0,5996.47314,5955.04542,5987.295505,41.42771999999968,9.17763500000001,5969.652646666666,5988.06972147619,399908.6,,,1.552216464652383,1.509270974217518,3.061487438869901,-2.0,-3505.0,-1.0,-33443.0,-0.03722627611695166,-0.2988148845639953,0.1481,0.06403326403326404,0.3836,0.208,0.1588
20260529,5999.0757,5993.6809,6036.4498,5981.6503,563555.0,-17916.0,314571.0,0.0,-2.0,0.0,-6163.0,1.0,-3.0,0.0,-33234.0,6016.98502,5969.065820000001,5982.178519999999,47.91919999999936,34.8065000000006,5970.462578492062,5981.447150690476,394826.1,,,1.497673611850241,1.509270974217518,3.006944586067759,-2.0,-6163.0,-2.0,-33234.0,-0.031791040803470824,-0.3143578620631058,0.138,0.02203742203742204,0.3973,0.2093,0.1296
20260601,6024.7788,6006.8259,6071.0816,5999.089,578503.0,14948.0,330177.0,1.0,-1.0,2492.0,-3125.0,1.0,-3.0,0.0,-27413.0,6003.457759999999,5980.229600000001,5977.34416,23.22815999999875,26.11359999999968,5974.345950317459,5976.937937690475,369303.3,,,1.475288380131473,1.476916816812654,2.952205196944127,0.0,-633.0,-2.0,-27413.0,0.025839105415183673,-0.3037305381298593,0.1492,0.06860706860706857,0.3699,0.2227,0.1487
20260602,6034.2203,6036.7137,6078.1511,5999.9854,595248.0,16745.0,366088.0,1.0,-1.0,519.0,-2841.0,0.0,-3.0,0.0,-30626.0,6015.66466,5990.955070000001,5974.76677,24.70958999999948,40.89789000000019,5979.477755238097,5974.386154079364,376289.8,,,1.459456760629095,1.455368447896348,2.914825208525444,0.0,-2322.0,-3.0,-30626.0,0.028131131897965216,-0.2854561676628842,0.1421,0.03908523908523906,0.3425,0.2653,0.1839
20260603,6068.5204,6043.9873,6071.2991,6001.8978,595980.0,732.0,389785.0,1.0,-1.0,511.0,-132.0,0.0,-3.0,74.0,-33299.0,6025.815420000001,6003.73518,5972.59917,22.08024000000114,53.21625000000131,5987.010511746032,5973.850111301586,386363.1,,,1.472026091780433,1.455368447896348,2.927394539676781,0.0,379.0,-3.0,-33225.0,0.0012282291352058794,-0.3121449789955664,0.1398,0.029521829521829506,0.3699,0.2733,0.1357
20260604,6064.892,6066.9655,6107.0662,6031.906,614272.0,18292.0,501935.0,1.0,0.0,727.0,0.0,1.0,-2.0,114.0,-24195.0,6038.29744,6017.38529,5972.907134999999,20.91215000000011,65.39030500000081,5995.684623650793,5975.262106690476,401665.0,602322.0,0.175145,1.462244412831738,1.455368447896348,2.917612860728086,1.0,727.0,-1.0,-24081.0,0.029778339237341113,-0.2863741529314646,0.1523,0.08149688149688142,0.3699,0.2907,0.1839
20260605,5978.2157,6055.6795,6058.3236,5955.6193,609249.0,-5023.0,445232.0,1.0,0.0,689.0,0.0,1.0,-2.0,1353.0,-20366.0,6034.125440000001,6025.55523,5970.65495,8.57021000000077,63.47049000000061,5998.310239603175,5978.256613595238,417546.8,,,1.425321915751602,1.455368447896348,2.88069036364795,1.0,689.0,-1.0,-19013.0,-0.008244576519616775,-0.2859740785817516,0.1421,0.03908523908523906,0.2329,0.1707,0.1849
20260608,6007.8917,6001.6505,6049.4235,5976.1272,601194.0,-8055.0,284948.0,1.0,0.0,2237.0,0.0,1.0,-2.0,598.0,-14438.0,6030.748020000001,6017.10289,5974.62697,13.64513000000079,56.12105000000065,6001.443465396826,5981.26347034127,379987.4,,,1.453009051194968,1.404135382741737,2.857144433936705,1.0,2237.0,-1.0,-13840.0,-0.013398337308755576,-0.2780402606351279,0.1435,0.04490644490644481,0.1644,0.172,0.204
20260609,5978.9253,5982.6083,5988.174,5930.4262,610572.0,9378.0,263343.0,1.0,-1.0,808.0,-3620.0,0.0,-3.0,0.0,-15048.0,6019.68902,6017.67684,5978.77316,2.012179999999717,40.91586000000007,6000.882984999999,5984.52875363492,357255.3,,,1.485455163995947,1.404135382741737,2.889590546737685,0.0,-2812.0,-3.0,-15048.0,0.015359367936950925,-0.2699603853613272,0.1489,0.06735966735966734,0.274,0.236,0.2221
20260610,6015.7379,5985.3369,6036.3752,5973.7736,594378.0,-16194.0,286955.0,1.0,-2.0,1113.0,-3571.0,1.0,-2.0,1656.0,-13460.0,6009.13252,6017.47397,5982.393355,-8.341449999999895,26.73916499999996,6003.578534761904,5988.084929087301,352664.6,,,1.468649907274556,1.404135382741737,2.872785290016293,-1.0,-2458.0,-1.0,-11804.0,-0.0272452883518569,-0.2558960820708458,0.1451,0.05155925155925154,0.3699,0.3293,0.2643
20260611,5993.6148,6002.9563,6037.7623,5970.1806,596579.0,2201.0,201818.0,1.0,-1.0,855.0,-5545.0,0.0,-3.0,0.0,-11702.0,5994.87708,6016.58726,5985.816339999999,-21.71018000000004,9.060740000000806,6005.341960873016,5991.653860507936,338485.2,,,1.475314890299811,1.404135382741737,2.879450273041548,0.0,-4690.0,-3.0,-11702.0,0.0036893688849255505,-0.2992174802203619,0.1408,0.03367983367983367,0.5479,0.4213,0.1608
20260612,6015.2353,6002.1805,6031.9191,5990.2517,592075.0,-4504.0,253160.0,1.0,-2.0,343.0,-5305.0,0.0,-3.0,0.0,-12281.0,6002.281,6018.20322,5993.63452,-15.92222000000038,8.646480000000338,6007.345838095237,5995.342186468254,332344.1,,,1.288430529771271,1.325837203228067,2.614267732999338,-1.0,-4962.0,-3.0,-12281.0,-0.007607144365156441,-0.250301835463419,0.1396,0.02869022869022865,0.5342,0.4227,0.2774
20260615,5959.0439,6028.2706,6032.8143,5950.4247,606040.0,13965.0,326445.0,1.0,-2.0,358.0,-5046.0,0.0,-3.0,0.0,-21897.0,5992.51144,6011.62973,5995.929665000001,-19.11828999999943,-3.418225000000348,6006.366541666666,5998.544245603175,331970.9,,,1.181112965785171,1.325837203228067,2.506950169013238,-1.0,-4688.0,-3.0,-21897.0,0.023043033463137748,-0.2969315335209815,0.137,0.017879417879417873,0.589,0.488,0.1668
20260616,5865.8545,5958.1094,5963.1172,5855.7666,660546.0,54506.0,407693.0,0.0,-2.0,0.0,-11364.0,0.0,-3.0,0.0,-19505.0,5969.89728,5994.79315,5992.87411,-24.89587000000029,-22.97682999999961,5996.858249444444,6000.28229502381,336131.4,489231.6,,1.245686861437892,1.325837203228067,2.571524064665959,-2.0,-11364.0,-3.0,-19505.0,0.08251658476472494,-0.2653135817277043,0.1348,0.008731808731808694,0.5753,0.6067,0.2382
20260617,5839.6001,5855.3214,5865.3174,5818.8786,696847.0,36301.0,273686.0,0.0,-2.0,0.0,-13128.0,0.0,-3.0,0.0,-25336.0,5934.66972,5971.90112,5987.81815,-37.23140000000058,-53.14843000000019,5982.439750873016,5999.825218936508,324521.5,,,1.214296065965363,1.325837203228067,2.540133269193429,-2.0,-13128.0,-3.0,-25336.0,0.052093214148873426,-0.2726606735127796,0.1319,0.0,0.5753,0.632,0.2171
20260618,5855.596,5861.4847,5884.6594,5823.6341,695842.0,-1005.0,298139.0,0.0,-2.0,0.0,-12301.0,0.0,-3.0,0.0,-24430.0,5907.06596,5950.971520000001,5984.178405000001,-43.90556000000106,-77.11244500000066,5969.90489388889,5997.247245960318,304141.9,,,1.223815619012225,1.295481211025678,2.519296830037903,-2.0,-12301.0,-3.0,-24430.0,-0.001444293388441629,-0.2657550622670147,0.1317,0.0,0.5753,0.632,0.2372
20260622,5848.1753,5861.0095,5870.328,5837.843,690746.0,-5096.0,227786.0,0.0,-2.0,0.0,-10359.0,0.0,-3.0,0.0,-25350.0,5873.65396,5937.96748,5981.761355000001,-64.31352000000061,-108.1073950000009,5956.274945634923,5993.043716563492,282397.3,,,1.179087256528556,1.281727652837791,2.460814909366346,-2.0,-10359.0,-3.0,-25350.0,-0.007377530959281704,-0.269504426691374,0.1306,0.0,0.5753,0.632,0.2271
20260623,5807.4126,5847.4602,5859.9533,5783.2965,723738.0,32992.0,296749.0,0.0,-2.0,0.0,-12879.0,0.0,-3.0,0.0,-30505.0,5843.3277,5917.91957,5967.51123,-74.5918700000002,-124.1835300000002,5941.689700634922,5987.068340087301,283577.4,,,1.180486270523585,1.281727652837791,2.462213923361376,-2.0,-12879.0,-3.0,-30505.0,0.045585557204402695,-0.2774802852254045,0.1274,0.0,0.5342,0.5707,0.207
20260624,5773.4297,5795.8275,5801.0108,5766.1966,744584.0,20846.0,234547.0,0.0,-2.0,0.0,-14678.0,1.0,-2.0,3769.0,-29308.0,5824.84274,5897.370010000001,5957.523425,-72.5272700000005,-132.6806850000003,5923.046478492062,5979.284689436508,280697.8,,,1.150726371651182,1.261987675660447,2.412714047311629,-2.0,-14678.0,-1.0,-25539.0,0.027996841189174088,-0.3164963753937895,0.1296,0.009329940627650465,0.5342,0.4733,0.1266
20260625,5759.8548,5773.0384,5792.6638,5747.1794,755857.0,11273.0,277427.0,0.0,-2.0,0.0,-15071.0,1.0,-3.0,2734.0,-25736.0,5808.893679999999,5871.7817,5944.627835,-62.88802000000032,-135.734155000001,5904.442479920635,5969.371083952382,279745.0,,,1.119086585222407,1.253499768882194,2.372586354104601,-2.0,-15071.0,-2.0,-23002.0,0.014914196732979916,-0.3357748378033651,0.1268,0.0,0.3288,0.4173,0.0854
20260626,5752.5752,5766.8459,5772.395,5737.5788,760161.0,4304.0,231796.0,0.0,-2.0,0.0,-14753.0,0.0,-3.0,0.0,-25313.0,5788.28952,5847.677740000001,5932.132500000001,-59.38822000000073,-143.8429800000004,5886.087998809524,5957.445687746032,282742.8,,,1.031868424646124,1.250182474399963,2.282050899046086,-2.0,-14753.0,-3.0,-25313.0,0.005661958453538132,,0.1251,0.0,0.3562,0.3987,
20260629,5765.7551,5752.9415,5773.5772,5738.0207,753370.0,-6791.0,228277.0,0.0,-2.0,0.0,-13790.0,0.0,-3.0,0.0,-23082.0,5771.80548,5822.72972,5920.46647,-50.92424000000028,-148.6609900000003,5869.12747626984,5943.623851563492,280254.5,,,0.9890118984051618,1.250182474399963,2.239194372805124,-2.0,-13790.0,-3.0,-23082.0,-0.009014163027463265,-0.3113164911139339,0.1211,0.0,0.3151,0.4107,0.1348
20260630,5775.0862,5749.1882,5785.0322,5749.1882,745914.0,-7456.0,285852.0,0.0,-2.0,0.0,-15636.0,1.0,-2.0,1649.0,-27092.0,5765.340200000001,5804.33395,5907.98184,-38.99374999999964,-142.6416399999998,5854.288429444445,5928.41604034127,276195.2,,,0.9407283809578769,1.248053947948984,2.188782328906862,-2.0,-15636.0,-1.0,-25443.0,-0.009995790399429424,-0.3294689955922053,0.1188,0.0,0.3425,0.4107,0.0956
20260701,5754.1186,5776.8732,5780.375,5728.9412,788995.0,43081.0,268224.0,0.0,-2.0,0.0,-14681.0,0.0,-3.0,0.0,-27419.0,5761.477980000001,5793.16036,5893.976755000001,-31.68237999999928,-132.498775,5839.627972301588,5912.693012626984,262248.3,,,0.9300800161294732,1.242638788549188,2.172718804678661,-2.0,-14681.0,-3.0,-27419.0,0.05460237390604503,-0.3148142666774335,0.1197,0.0055012224938875195,0.3562,0.4107,0.1288
20260702,5785.6878,5756.3479,5816.4034,5726.5999,796200.0,7205.0,361372.0,0.0,-2.0,0.0,-13931.0,0.0,-3.0,0.0,-28389.0,5766.64458,5787.76913,5879.835125,-21.12454999999954,-113.1905449999995,5828.057019920634,5897.254739531747,271016.9,433646.4,,0.9596980275435396,1.242638788549188,2.202336816092727,-2.0,-13931.0,-3.0,-28389.0,0.009049233860838985,-0.3003798148955338,0.124,0.03685329553508147,0.3425,0.4107,0.159
20260703,5835.8494,5778.4891,5844.9245,5776.1555,777300.0,-18900.0,303701.0,0.0,-2.0,0.0,-14105.0,0.0,-2.0,494.0,-29784.0,5783.29942,5785.79447,5868.382995,-2.495049999999537,-85.08357499999966,5822.142600317461,5882.478510174604,271573.1,,,0.9951168742340499,1.235098104988705,2.230214979222755,-2.0,-14105.0,-2.0,-29290.0,-0.02431493631802393,-0.3207930330581292,0.1164,0.0,0.3288,0.4107,0.1177
20260706,5849.3044,5847.5033,5884.3461,5826.1898,769903.0,-7397.0,280139.0,0.0,-2.0,0.0,-11828.0,0.0,-3.0,0.0,-35687.0,5800.00928,5785.90738,5861.93743,14.10190000000057,-61.92814999999973,5819.84170047619,5868.835185658731,276808.4,,,0.9666417322620557,1.235098104988705,2.20173983725076,-2.0,-11828.0,-3.0,-35687.0,-0.009607703827625038,-0.2945496628156004,0.1184,0.022371364653243866,0.3151,0.4107,0.1781
20260707,5897.6081,5851.8898,5911.547,5851.0534,736289.0,-33614.0,304969.0,0.0,-2.0,0.0,-11655.0,0.0,-3.0,0.0,-33044.0,5824.51366,5794.92693,5856.42325,29.58672999999999,-31.90959000000021,5822.007474285714,5856.866963023809,277630.4,,,0.9107808297094917,1.224927771587102,2.135708601296594,-2.0,-11655.0,-3.0,-33044.0,-0.045653269300505644,-0.2562137566008737,0.114,0.0,0.3288,0.444,0.2746
20260708,5933.6394,5897.5141,5946.4371,5894.5105,723167.0,-13122.0,277972.0,0.0,-2.0,0.0,-12160.0,1.0,-3.0,0.0,-36582.0,5860.41782,5810.947900000001,5854.158955000001,49.46991999999864,6.258864999998877,5827.90956888889,5847.353272063492,281972.9,,,0.9158109344166314,1.205097672165213,2.120908606581844,-2.0,-12160.0,-2.0,-36582.0,-0.01814518638156885,-0.2396580559952656,0.1182,0.06481481481481476,0.3562,0.4587,0.3139
20260709,5923.6251,5914.5285,5925.4296,5877.9868,708981.0,-14186.0,321444.0,0.0,-2.0,0.0,-13199.0,0.0,-3.0,0.0,-36558.0,5888.005279999999,5827.324930000001,5849.553315,60.68034999999873,38.45196499999929,5833.780463650794,5840.287070436508,286374.6,,0.137885,0.9084508045657734,1.1850983444728,2.093549149038574,-2.0,-13199.0,-3.0,-36558.0,-0.020008998830716197,-0.2370081471112217,0.1199,0.09784411276948593,0.3562,0.56,0.3229
20260710,5876.8877,5913.1004,5925.2129,5850.7543,719421.0,10440.0,279628.0,0.0,-2.0,0.0,-14302.0,0.0,-3.0,0.0,-34935.0,5896.212939999999,5839.75618,5843.71696,56.45675999999912,52.49597999999969,5837.101476666668,5835.388418222222,291157.8,,,0.9596378643521574,1.205097672165213,2.16473553651737,-2.0,-14302.0,-3.0,-34935.0,0.014511669801131744,-0.2296048780614956,0.1177,0.06335616438356156,0.3836,0.576,0.34
20260713,5874.0886,5888.4727,5891.3404,5842.1685,706706.0,-12715.0,195567.0,0.0,-2.0,0.0,-15810.0,0.0,-3.0,0.0,-29500.0,5901.169780000001,5850.58953,5836.659625,50.58025000000089,64.51015500000085,5840.066414920637,5832.482312087302,287886.8,,,0.9251533047966359,1.205097672165213,2.130250976961849,-2.0,-15810.0,-3.0,-29500.0,-0.017991923091073232,-0.2390948823856027,0.1143,0.005136986301369773,0.411,0.6253,0.3159
20260714,5896.8449,5867.6583,5907.5567,5857.3205,702832.0,-3874.0,226620.0,0.0,-2.0,0.0,-15306.0,0.0,-3.0,0.0,-37907.0,5901.017140000001,5862.765399999999,5833.549675,38.25174000000152,67.46746500000063,5844.995801587302,5831.553049301588,281963.6,,,0.9347986659010106,1.205097672165213,2.139896338066224,-2.0,-15306.0,-3.0,-37907.0,-0.005511985794613791,-0.2102136863127494,0.1167,0.04623287671232867,0.4247,0.6453,0.3873
20260715,5894.0665,5907.0373,5940.471,5891.6156,692200.0,-10632.0,275949.0,0.0,-1.0,0.0,-9901.0,0.0,-3.0,0.0,-39483.0,5893.10256,5876.76019,5834.960274999999,16.3423700000003,58.14228500000081,5851.512585714286,5832.741510642857,282736.1,,,0.9373854620569787,1.205097672165213,2.142483134222192,-1.0,-9901.0,-3.0,-39483.0,-0.015359722623519215,-0.1699087839864556,0.1149,0.015410958904109557,0.5205,0.664,0.4698
20260716,5893.8039,5897.3099,5922.9265,5868.0233,687619.0,-4581.0,251619.0,0.0,-2.0,0.0,-16414.0,0.0,-3.0,0.0,-41471.0,5887.13832,5887.5718,5837.670465,-0.4334799999996903,49.46785499999987,5857.016315396825,5835.637440190478,271760.8,,,0.9602795259136288,1.205097672165213,2.165377198078842,-2.0,-16414.0,-3.0,-41471.0,-0.006662119574939029,-0.1696233522072128,0.1131,0.0,0.2877,0.4507,0.4718
20260717,5830.5192,5893.4042,5908.0989,5820.0389,697579.0,9960.0,359206.0,0.0,-2.0,0.0,-14922.0,0.0,-3.0,0.0,-44426.0,5877.86462,5887.038780000001,5836.416625,-9.174160000000484,41.44799500000045,5858.593700714285,5839.282550230158,277311.3,431047.2,,1.023533450523136,1.227706978409897,2.251240428933033,-2.0,-14922.0,-3.0,-44426.0,0.014277952748004169,-0.1685461327736064,0.1124,0.0,0.2877,0.4587,0.4748
20260720,5813.1391,5847.261,5872.3221,5803.5664,688425.0,-9154.0,332361.0,0.0,-1.0,0.0,-9136.0,0.0,-3.0,0.0,-40863.0,5865.67472,5883.422250000001,5834.664814999999,-17.74753000000055,31.0099050000008,5857.861245634919,5843.084504746032,282533.5,,,1.063166084884734,1.227706978409897,2.290873063294631,-1.0,-9136.0,-3.0,-40863.0,-0.013297018556850783,-0.2032555307413426,0.1118,0.0,0.3425,0.4867,0.4004
20260721,5801.4046,5800.5463,5806.8905,5773.7113,707559.0,19134.0,328246.0,0.0,-1.0,0.0,-9041.0,0.0,-3.0,0.0,-39931.0,5846.58666,5873.8019,5834.364415,-27.21524000000045,12.22224499999993,5854.317685793651,5846.315525896825,284861.2,,,1.047931318473573,1.205097672165213,2.253028990638787,-1.0,-9041.0,-3.0,-39931.0,0.027042267853281492,-0.1974239646537614,0.1038,0.0,0.3562,0.5187,0.4185
20260722,5732.3464,5798.9958,5800.2559,5724.6706,785248.0,77689.0,540828.0,0.0,-1.0,0.0,-12265.0,0.0,-3.0,0.0,-40713.0,5814.24264,5853.6726,5832.31025,-39.42995999999948,-18.06761000000006,5846.545528253969,5848.179121833333,311146.8,648993.6,0.135125,1.032684466616303,1.205097672165213,2.237782138781516,-1.0,-12265.0,-3.0,-40713.0,0.09893562288601818,-0.2811010785907021,0.1175,0.19970845481049548,0.5068,0.4853,0.2032
20260723,5691.4068,5732.4519,5753.2218,5682.7662,845543.0,60295.0,621437.0,0.0,-1.0,0.0,-13980.0,1.0,-2.0,1087.0,-43683.0,5773.763219999999,5830.45077,5828.88785,-56.68755000000147,-55.12463000000116,5834.568693730161,5848.25794484127,341146.1,745724.4,0.141335,1.036564685551593,1.227171986019994,2.263736671571587,-1.0,-13980.0,-1.0,-42596.0,0.07130920603683077,-0.2828041245942395,0.1229,0.2784256559766763,0.5753,0.5067,0.1982
20260724,5695.3817,5687.0399,5705.841,5669.6494,878596.0,33053.0,405278.0,0.0,-1.0,0.0,-12804.0,1.0,-2.0,3802.0,-36544.0,5746.73572,5812.30017,5826.028174999999,-65.56445000000076,-79.29245499999979,5821.336228174605,5846.681419992065,353711.1,,,1.011649694485077,1.205097672165213,2.21674736665029,-1.0,-12804.0,-1.0,-32742.0,0.03762024866946811,-0.2392777313728588,0.1194,0.22740524781341115,0.7808,0.7147,0.3169
20260727,5730.5943,5693.0249,5766.5624,5691.2214,878405.0,-191.0,450724.0,0.0,-1.0,0.0,-10973.0,1.0,-2.0,4876.0,-29523.0,5730.22676,5797.950739999999,5824.270135000001,-67.72397999999976,-94.0433750000011,5811.540072857143,5843.828785785714,379226.8,,,1.029774958294536,1.205097672165213,2.234872630459749,-1.0,-10973.0,-1.0,-24647.0,-0.00021743956375476004,-0.2433770099088163,0.1096,0.08454810495626822,0.7534,0.7147,0.3048
20260728,5708.8185,5724.487,5730.9836,5694.9186,891523.0,13118.0,365004.0,0.0,-2.0,0.0,-18087.0,1.0,-2.0,5013.0,-30474.0,5711.709540000001,5779.1481,5820.956749999999,-67.4385599999996,-109.2472099999986,5800.974760952379,5839.426681722222,393065.2,,,1.013125544218222,1.205097672165213,2.218223216383435,-2.0,-18087.0,-1.0,-25461.0,0.014714146466215678,-0.2380266639750096,0.1102,0.09329446064139947,0.7534,0.708,0.326
20260729,5737.0555,5711.5302,5746.5532,5694.7909,889282.0,-2241.0,383168.0,0.0,-1.0,0.0,-7179.0,1.0,-2.0,4247.0,-23727.0,5712.65136,5763.447,5820.103595,-50.79564000000028,-107.4522349999997,5791.838630476189,5833.459286198413,403787.1,,,1.010661630116475,1.205097672165213,2.215759302281689,-1.0,-7179.0,-1.0,-19480.0,-0.0025200105253451663,-0.2495596641302033,0.1086,0.06997084548104955,0.6164,0.4507,0.2918
20260730,5697.4181,5721.6923,5728.8495,5674.1502,894681.0,5399.0,428515.0,0.0,-2.0,0.0,-16855.0,1.0,-2.0,6131.0,-26303.0,5713.85362,5743.80842,5815.69011,-29.95480000000043,-101.8364899999997,5780.534065476189,5825.811061206348,421476.7,,,0.998637131591233,1.205097672165213,2.203734803756446,-2.0,-16855.0,-1.0,-20172.0,0.006034553097696274,-0.2645113717824533,0.1166,0.18658892128279872,0.589,0.4307,0.2535
20260731,5696.2787,5703.3662,5730.5539,5687.0428,896705.0,2024.0,289807.0,0.0,-2.0,0.0,-18863.0,1.0,-2.0,6530.0,-21854.0,5714.03302,5730.38437,5808.711575,-16.35134999999991,-94.67855500000042,5769.61936015873,5816.913627150794,414536.8,,0.135125,0.9938299444746701,1.187723249646571,2.181553194121241,-2.0,-18863.0,-1.0,-15324.0,0.0022571525752616522,-0.2161556213287765,0.1175,0.19970845481049548,0.5616,0.4107,0.3783
20260803,5621.0919,5668.1603,5671.3685,5602.4043,962269.0,65564.0,614546.0,0.0,-2.0,0.0,-18796.0,1.0,-2.0,6476.0,-17514.0,5692.132540000001,5711.17965,5797.30095,-19.04710999999952,-105.1684099999993,5752.792845079365,5806.406787095238,442755.3,737455.2,0.15157,1.051412265258698,1.205097672165213,2.256509937423911,-2.0,-18796.0,-1.0,-11038.0,0.06813479390897971,-0.1769021820368694,0.1318,0.40816326530612246,0.5479,0.4053,0.4668
20260804,5657.8817,5642.2194,5688.1246,5619.5208,968898.0,6629.0,571375.0,0.0,-2.0,0.0,-17995.0,2.0,-1.0,5821.0,-16502.0,5681.94518,5696.82736,5785.31463,-14.88218000000052,-103.3694500000001,5738.854099285714,5794.860428444445,467068.2,685650.0,0.15318,1.079095576910867,1.202111559808519,2.281207136719386,-2.0,-17995.0,1.0,-10681.0,0.006841793460199113,-0.2780415508376044,0.1332,0.42857142857142877,0.5068,0.3813,0.2113
20260805,5660.1223,5657.4994,5676.1441,5619.6537,1018336.0,49438.0,493582.0,0.0,-2.0,0.0,-19815.0,2.0,-1.0,5808.0,-14624.0,5666.55854,5689.60495,5771.638775,-23.04640999999992,-105.0802350000004,5726.423462222222,5782.84822184127,462343.6,,,1.084226924889625,1.187723249646571,2.271950174536196,-2.0,-19815.0,1.0,-8816.0,0.048547827043333436,-0.2656800715567723,0.1323,0.41545189504373176,0.3836,0.352,0.2485
20260806,5704.5067,5678.098,5725.7644,5678.098,969315.0,-49021.0,564052.0,0.0,-2.0,0.0,-20347.0,2.0,-1.0,9847.0,-17465.0,5667.97626,5690.91494,5760.682855000001,-22.93867999999929,-92.70659500000056,5719.292784285713,5771.320630896825,456605.1,676862.4,0.15801,1.057895078757507,1.18013881021712,2.238033888974627,-2.0,-20347.0,1.0,-7618.0,-0.05057282720271532,-0.2310120201324378,0.1374,0.48979591836734687,0.2603,0.3093,0.3501
20260807,5692.3391,5701.3992,5724.8912,5678.9534,1017442.0,48127.0,537493.0,0.0,-1.0,0.0,-10692.0,1.0,-2.0,7511.0,-14894.0,5667.18834,5690.61068,5751.455425,-23.42234000000008,-84.2670850000004,5712.810372777778,5760.468045357143,469826.6,,,1.030911654370728,1.18013881021712,2.211050464587848,-1.0,-10692.0,-1.0,-7383.0,0.04730195922715988,-0.2509170258963485,0.1205,0.24344023323615152,0.2466,0.3107,0.2907
20260810,5712.7241,5707.8913,5739.0102,5703.0857,1060564.0,43122.0,919504.0,0.0,-1.0,0.0,-12255.0,2.0,-1.0,10840.0,-15963.0,5685.51478,5688.82366,5743.3872,-3.308880000000499,-57.8724200000006,5708.863467380951,5750.200384809524,516704.6,1103404.8,,1.041142060335829,1.16177914025156,2.202921200587389,-1.0,-12255.0,1.0,-5123.0,0.0406594981538125,-0.1894183780382598,0.1334,0.43148688046647216,0.4658,0.4067,0.4507
20260811,5763.5609,5715.8056,5779.7586,5699.5998,993137.0,-67427.0,1103319.0,0.0,-1.0,0.0,-12617.0,1.0,-2.0,3977.0,-17528.0,5706.65062,5694.2979,5736.723,12.35271999999986,-30.07237999999961,5708.920298174605,5740.994938531746,590536.1,1323982.8,,1.045028038228442,1.16177914025156,2.206807178480003,-1.0,-12617.0,-1.0,-13551.0,-0.06789294931112223,-0.2238274938663328,0.1341,0.4416909620991253,0.4932,0.42,0.3642
20260812,5811.1664,5753.6397,5836.1569,5752.8843,916608.0,-76529.0,809591.0,0.0,-1.0,0.0,-9897.0,0.0,-3.0,0.0,-22549.0,5736.85944,5701.70899,5732.577995000001,35.15045000000009,4.281444999999621,5714.384452063495,5733.249520690477,633178.4,971509.2,,1.059504984118583,1.18013881021712,2.239643794335703,-1.0,-9897.0,-3.0,-22549.0,-0.08349152527579946,-0.1438863191650927,0.134,0.4402332361516036,0.4658,0.4213,0.5211
20260813,5804.1531,5811.4961,5818.5246,5779.0483,906996.0,-9612.0,555832.0,0.0,-1.0,0.0,-9917.0,0.0,-3.0,0.0,-35182.0,5756.78872,5712.38249,5728.095455000001,44.40623000000051,28.69326499999988,5721.12409952381,5727.308524095238,645910.1,,0.156515,1.062170387367068,1.18013881021712,2.242309197584188,-1.0,-9917.0,-3.0,-35182.0,-0.010597621158196948,-0.1536517455628674,0.1361,0.47084548104956264,0.4932,0.4227,0.5111
20260814,5823.1977,5813.6962,5826.6668,5795.2277,896318.0,-10678.0,614365.0,0.0,-2.0,0.0,-18811.0,0.0,-3.0,0.0,-28506.0,5782.96044,5725.07439,5727.729380000001,57.88605000000007,55.23105999999916,5729.379853571428,5723.284573436508,678365.9,,,1.006126774527456,1.16177914025156,2.167905914779016,-2.0,-18811.0,-3.0,-28506.0,-0.011913182598140393,-0.1877643434515674,0.1277,0.34839650145772605,0.5205,0.424,0.4547
20260817,5837.3839,5811.0915,5851.186,5780.0074,867425.0,-28893.0,645824.0,0.0,-2.0,0.0,-19114.0,0.0,-3.0,0.0,-29939.0,5807.8924,5746.70359,5728.941620000001,61.18880999999965,78.95077999999921,5738.687736904762,5721.874062619048,681493.7,,,1.048286511793373,1.18013881021712,2.228425322010493,-2.0,-19114.0,-3.0,-29939.0,-0.03330893160791999,-0.1405100782797973,0.1296,0.37609329446064127,0.5205,0.432,0.5292
20260818,5889.0862,5847.4478,5901.3907,5847.1092,841790.0,-25635.0,641994.0,0.0,-2.0,0.0,-15663.0,0.0,-3.0,0.0,-30351.0,5832.997460000001,5769.82404,5733.325699999999,63.17342000000099,99.67176000000109,5752.951213571429,5723.283774047619,688555.6,,,1.061538548596364,1.16177914025156,2.223317688847924,-2.0,-15663.0,-3.0,-30351.0,-0.030452963328145975,-0.1182743773977481,0.1298,0.4593639575971732,0.5068,0.4333,0.5584
20260819,5910.7295,5894.7103,5920.9676,5874.6306,777792.0,-63998.0,643064.0,0.0,-1.0,0.0,-8677.0,1.0,-3.0,0.0,-20816.0,5852.91008,5794.88476,5742.244855,58.02531999999974,110.6652249999997,5769.305702063494,5727.571998031746,703503.8,,,1.038168362441547,1.146459208945751,2.184627571387297,-1.0,-8677.0,-2.0,-20816.0,-0.08228163827861433,-0.1083739629339899,0.1345,0.542402826855124,0.4658,0.4067,0.5704
20260820,5917.1949,5922.6718,5931.8285,5891.5827,788408.0,10616.0,701018.0,0.0,-1.0,0.0,-8156.0,0.0,-3.0,0.0,-37850.0,5875.51844,5816.15358,5753.53426,59.36485999999968,121.9841799999995,5785.980556746032,5734.240775277778,717200.4,,,1.031289119108789,1.146459208945751,2.177748328054539,-1.0,-8156.0,-3.0,-37850.0,0.013465109435723635,-0.1275825831634389,0.1311,0.5628865979381443,0.274,0.2413,0.5473
20260821,5949.4034,5903.5725,5949.4034,5893.3296,791590.0,3182.0,523886.0,0.0,-1.0,0.0,-10254.0,0.0,-3.0,0.0,-40148.0,5900.75958,5841.86001,5766.235345,58.89956999999958,134.5242349999999,5803.114433492063,5743.271181349207,715839.7,,,0.9805252962625441,1.133988180662347,2.114513476924891,-1.0,-10254.0,-3.0,-40148.0,0.004019757702851223,-0.1395161721722046,0.131,0.5608247422680415,0.2603,0.2347,0.5302
20260824,5948.3688,5959.4784,5962.3638,5912.8175,781389.0,-10201.0,615476.0,0.0,-1.0,0.0,-9830.0,0.0,-3.0,0.0,-38017.0,5922.956560000001,5865.42448,5777.12407,57.53208000000086,145.8324900000007,5820.888573650794,5754.473691976191,685436.9,,,0.9536219060495661,1.133988180662347,2.087610086711913,-1.0,-9830.0,-3.0,-38017.0,-0.013054957262003944,-0.1725346781082043,0.1271,0.48041237113402047,0.2329,0.216,0.4869
20260825,5948.3435,5947.3424,5960.9431,5913.8932,768030.0,-13359.0,495789.0,0.0,-1.0,0.0,-11556.0,0.0,-3.0,0.0,-46001.0,5934.808019999999,5883.90274,5789.10032,50.90527999999904,145.7076999999999,5837.074683174604,5767.289130476191,624683.9,,,0.9387048597132728,1.113485771372741,2.052190631086013,-1.0,-11556.0,-3.0,-46001.0,-0.017393851802663958,-0.1733253077530627,0.1213,0.36082474226804134,0.0822,0.1707,0.4819
20260826,5953.9173,5938.8275,5967.3937,5916.0409,766538.0,-1492.0,418787.0,0.0,-1.0,0.0,-14665.0,0.0,-3.0,0.0,-57257.0,5943.44558,5898.177830000001,5799.94341,45.26774999999907,143.5021699999998,5852.731399920634,5781.123825261905,585603.5,,,0.9184142165907359,1.09376365442616,2.012177871016895,-1.0,-14665.0,-3.0,-57257.0,-0.0019464136155024278,-0.1919742200584439,0.1217,0.3690721649484537,0.137,0.1707,0.4457
20260827,5977.6298,5947.0395,6010.4009,5946.7686,761133.0,-5405.0,616647.0,0.0,-2.0,0.0,-20242.0,0.0,-3.0,0.0,-66248.0,5955.53256,5915.5255,5813.953995000001,40.00705999999991,141.5785649999989,5869.473415873015,5795.958756896825,591685.0,,,0.9367423931852334,1.07345292718339,2.010195320368624,-2.0,-20242.0,-3.0,-66248.0,-0.0071012556281228115,-0.1829715069032,0.127,0.4783505154639176,0.137,0.172,0.4668
20260828,5995.6583,5978.2927,6018.5923,5977.5064,735012.0,-26121.0,482096.0,1.0,-2.0,0.0,-13174.0,0.0,-3.0,0.0,-69871.0,5964.78354,5932.77156,5828.922974999999,32.01198000000022,135.8605650000009,5887.328603253968,5811.75363186508,578458.1,,,0.9267634943815414,1.059035192499278,1.985798686880819,-1.0,-13174.0,-3.0,-69871.0,-0.035538195294770696,-0.1967799222212652,0.1244,0.45676274944567613,0.1096,0.1733,0.4326
20260831,6050.8043,6022.545,6076.7855,6016.0531,763567.0,28555.0,614215.0,0.0,-2.0,0.0,-18731.0,0.0,-3.0,0.0,-72022.0,5985.270640000001,5954.1136,5850.408595,31.15704000000096,134.8620450000008,5907.927205317463,5828.67757870635,575297.2,,0.1587,0.9247184236684032,1.059035192499278,1.983753616167681,-2.0,-18731.0,-3.0,-72022.0,0.03739684926142696,-0.2096571056691602,0.138,0.7583148558758317,0.1233,0.1747,0.4004
