,收盘价,开盘价,最高价,最低价,持仓量,持仓量变动,成交量,家人多头席位数,家人空头席位数,家人多头持仓量,家人空头持仓量,机构多头席位数,机构空头席位数,机构多头持仓量,机构空头持仓量,ma5,ma10,ma20,diff5_10,diff5_20,DKX,MADKX,成交量MA10,成交量放大信号,ATRMA14,ATR60D60pct,推荐止损宽度,家人净多头席位,家人净多头持仓量,机构净多头席位,机构净多头持仓量,持仓量变幅,CB_index,IV,IV_pct,趋势横截面分位数,趋势历史分位数,CB_index历史分位数
20240506,7350.6157,7318.0552,7354.1719,7301.1831,291253.0,40444.0,119707.0,1.0,0.0,787.0,0.0,3.0,-2.0,3870.0,-882.0,7382.95282,7391.966899999999,7419.540944999999,-9.014079999999012,-36.5881249999984,7400.148952063493,7418.356546880952,133007.8,,0.9675815769785918,0.8797958676681782,1.84737744464677,1.0,787.0,1.0,2988.0,0.13886208897419083,-0.4072586083749729,,,0.9452,0.8787,0.1896
20240507,7354.3535,7348.9229,7376.3516,7337.1211,289274.0,-1979.0,124878.0,1.0,0.0,1436.0,0.0,2.0,-2.0,2104.0,-1615.0,7382.78866,7387.027929999999,7411.082814999999,-4.239269999999124,-28.29415499999868,7393.98082388889,7415.095007714286,129797.7,,0.9432301491425457,0.869534135836305,1.812764284978851,1.0,1436.0,0.0,489.0,-0.006841264683310633,-0.3990233370076009,,,0.8082,0.6547,0.194
20240508,7322.1104,7349.6162,7355.2896,7319.8716,316169.0,26895.0,178622.0,1.0,0.0,1530.0,0.0,2.0,-2.0,3182.0,-2358.0,7363.837399999999,7378.934719999999,7401.188749999999,-15.09731999999985,-37.35134999999991,7386.458828015874,7411.061151412699,129824.9,214346.4,0.9237484056112811,0.869534135836305,1.793282541447586,1.0,1530.0,0.0,824.0,0.08506526572813906,-0.3425547874086377,,,0.7945,0.6547,0.2353
20240509,7325.6563,7315.6089,7367.6694,7309.7983,328763.0,12594.0,185939.0,1.0,0.0,1068.0,0.0,3.0,-2.0,3647.0,-728.0,7345.513099999999,7368.17315,7393.46883,-22.66005000000041,-47.95573000000059,7379.249438412699,7406.162486507936,137233.8,223126.8,0.9116246768421346,0.8612544345146637,1.772879111356798,1.0,1068.0,1.0,2919.0,0.03830723043651506,-0.3108082839116726,,,0.7671,0.6547,0.2604
20240510,7326.3926,7332.7959,7337.2705,7256.1807,331928.0,3165.0,178417.0,1.0,0.0,1686.0,0.0,2.0,-2.0,6042.0,-1855.0,7335.825699999999,7362.3752,7387.29271,-26.54950000000099,-51.4670100000003,7371.794558174603,7400.691102619047,144090.2,214100.4,0.9437077564110657,0.8612544345146637,1.804962190925729,1.0,1686.0,0.0,4187.0,0.009535200404907088,-0.3598682105156192,,,0.7671,0.6547,0.2255
20240513,7306.9106,7328.1001,7338.7524,7284.7432,321784.0,-10144.0,150260.0,1.0,0.0,1613.0,0.0,2.0,-2.0,926.0,-3437.0,7327.08468,7355.01875,7380.664409999999,-27.93407000000025,-53.57972999999947,7364.543994523808,7394.857531174604,150434.7,,0.89009945785566,0.8580342855439014,1.748133743399561,1.0,1613.0,0.0,-2511.0,-0.031524252293463936,-0.3821297320900809,,,0.7808,0.6413,0.208
20240514,7284.2373,7304.4761,7317.3252,7275.7603,325581.0,3797.0,122515.0,1.0,0.0,677.0,0.0,2.0,-3.0,775.0,-4083.0,7313.061439999999,7347.925050000001,7374.53089,-34.86361000000124,-61.46945000000051,7356.030066587303,7388.756177428571,151459.9,,0.8215557600907136,0.8580342855439014,1.679590045634615,1.0,677.0,-1.0,-3308.0,0.011662228446991685,-0.3551494984710586,,,0.7808,0.7347,0.2296
20240515,7334.6519,7271.0303,7337.0107,7264.5259,314085.0,-11496.0,113991.0,1.0,0.0,439.0,0.0,2.0,-3.0,435.0,-2016.0,7315.569740000001,7339.703570000001,7372.685504999999,-24.13382999999976,-57.11576499999865,7349.844368492062,7382.349320944444,146500.7,,0.8286504270726626,0.8612544345146637,1.689904861587326,1.0,439.0,-1.0,-1581.0,-0.036601556903386026,-0.3302508728389429,,,0.8082,0.7347,0.2477
20240516,7387.8716,7345.8369,7393.8398,7306.6978,298906.0,-15179.0,162534.0,1.0,-1.0,0.0,-514.0,1.0,-3.0,658.0,-2142.0,7328.0128,7336.762949999999,7372.169370000001,-8.750149999999849,-44.15657000000101,7349.443945634919,7376.01995697619,149010.4,,0.8625147887663172,0.869534135836305,1.732048924602622,0.0,-514.0,-2.0,-1484.0,-0.050781851150528926,-0.3918679147726091,,,0.8219,0.676,0.2027
20240517,7405.6816,7388.2822,7414.3511,7358.4097,294208.0,-4698.0,114950.0,1.0,-1.0,0.0,-446.0,1.0,-2.0,332.0,-5362.0,7343.8706,7339.84815,7370.910529999999,4.02245000000039,-27.039929999999,7351.979245079363,7370.347422087301,145181.3,,0.873105223587533,0.869534135836305,1.742639359423838,0.0,-446.0,-1.0,-5030.0,-0.015968294539917337,-0.2973074322658645,,,0.8493,0.6867,0.27
20240520,7441.999,7408.0444,7443.6318,7394.187,290294.0,-3914.0,115114.0,1.0,-1.0,0.0,-484.0,1.0,-3.0,0.0,-7679.0,7370.888280000001,7348.986480000001,7370.47669,21.90179999999964,0.411590000000615,7357.921092460318,7366.124636126985,144722.0,,0.8586208470820955,0.8612544345146637,1.719875281596759,0.0,-484.0,-2.0,-7679.0,-0.013482882870469249,-0.1112515567722549,,,0.863,0.7107,0.4526
20240521,7433.1675,7437.063,7442.5254,7407.2461,286886.0,-3408.0,122517.0,1.0,-1.0,0.0,-484.0,2.0,-3.0,0.0,-6719.0,7400.67432,7356.867880000001,7371.947905000001,43.80643999999938,28.72641499999918,7363.749433809524,7363.101497119047,144485.9,,0.7981439584927348,0.8580342855439014,1.656178244036636,0.0,-484.0,-1.0,-6719.0,-0.011879283060170241,-0.1088486144629694,,,0.9589,0.852,0.4543
20240522,7420.8291,7432.4399,7453.6221,7405.8022,286727.0,-159.0,102941.0,1.0,-1.0,0.0,-413.0,2.0,-3.0,0.0,-6373.0,7417.90976,7366.739750000001,7372.837235000001,51.17000999999891,45.07252499999868,7369.030537539683,7361.358668071427,136917.8,,0.7790574378628264,0.8580342855439014,1.637091723406728,0.0,-413.0,-1.0,-6373.0,-0.0005545344526326436,-0.1156699366791563,,,0.9589,0.8453,0.4458
20240523,7380.7813,7420.9907,7430.1533,7361.7183,274818.0,-11909.0,106542.0,1.0,-1.0,0.0,-325.0,2.0,-3.0,97.0,-6257.0,7416.4917,7372.25225,7370.212699999999,44.23945000000094,46.27900000000136,7371.388152936508,7360.57253952381,128978.1,,0.7755277186867552,0.8612544345146637,1.636782153201419,0.0,-325.0,-1.0,-6160.0,-0.043334133863138516,-0.2467230538971966,,,0.9589,0.8453,0.3155
20240524,7414.4214,7398.8848,7445.5508,7398.8848,275243.0,425.0,120303.0,1.0,-1.0,0.0,-5.0,2.0,-3.0,99.0,-6749.0,7418.239660000001,7381.055130000001,7371.715165,37.18453000000045,46.52449500000148,7375.707176746031,7360.963801380953,123166.7,,0.7664411218949568,0.8612544345146637,1.62769555640962,0.0,-5.0,-1.0,-6650.0,0.001544090131265827,-0.2905977589348217,,,0.9589,0.8453,0.2742
20240527,7456.2813,7414.292,7465.292,7413.3853,275463.0,220.0,128817.0,1.0,-1.0,492.0,0.0,2.0,-3.0,0.0,-11137.0,7421.09612,7395.992200000001,7375.505475000001,25.10391999999956,45.59064499999931,7382.780304603176,7362.787432388888,121022.4,,0.7779626921620068,0.8580342855439014,1.635996977705908,0.0,492.0,-1.0,-11137.0,0.0007986553548026414,-0.2757087319051302,,,0.8767,0.6187,0.292
20240528,7394.7456,7458.2915,7462.9263,7385.7383,254184.0,-21279.0,150248.0,2.0,-1.0,1983.0,0.0,1.0,-3.0,0.0,-12323.0,7413.41174,7407.043029999999,7377.48404,6.368710000001556,35.92770000000019,7386.64195888889,7365.848621619048,123795.7,180297.6,0.817846032239439,0.8580342855439014,1.67588031778334,1.0,1983.0,-2.0,-12323.0,-0.08371494665281844,-0.3582861827483313,,,0.8904,0.5933,0.227
20240529,7417.6938,7405.2241,7425.042,7377.7437,242172.0,-12012.0,112337.0,1.0,-1.0,0.0,-1.0,2.0,-2.0,686.0,-10748.0,7412.78468,7415.347220000001,7377.525395000001,-2.562540000000809,35.25928499999827,7390.024741666666,7369.866658936508,123630.3,,0.8068935132592348,0.8580342855439014,1.664927798803136,0.0,-1.0,0.0,-10062.0,-0.04960110995490808,-0.3257976779017878,,,0.8767,0.5747,0.2528
20240530,7490.2051,7415.5044,7500.4746,7414.6094,246044.0,3872.0,219458.0,0.0,-1.0,0.0,-1384.0,2.0,-2.0,1757.0,-8749.0,7434.66944,7425.58057,7381.17176,9.088869999999588,53.49767999999949,7398.937416825398,7374.816006055556,129322.7,263349.6,0.8102280937363159,0.8612544345146637,1.67148252825098,-1.0,-1384.0,0.0,-6992.0,0.015737022646355937,-0.3113541472007038,,,0.8356,0.54,0.2639
20240531,7452.5391,7485.4448,7490.2803,7432.8271,233500.0,-12544.0,155850.0,0.0,-1.0,0.0,-1272.0,1.0,-2.0,1393.0,-10101.0,7442.29298,7430.266320000001,7385.057235,12.02665999999954,57.23574499999995,7406.919274206348,7380.310008968254,133412.7,,0.8124110708131987,0.8612544345146637,1.673665505327862,-1.0,-1272.0,-1.0,-8708.0,-0.053721627408993576,-0.2826892249963778,,,0.7808,0.5107,0.2885
20240603,7367.9927,7457.0068,7463.4497,7353.9692,225026.0,-8474.0,200775.0,1.0,-1.0,0.0,-599.0,0.0,-3.0,0.0,-10624.0,7424.63526,7422.865689999999,7385.926085000001,1.769570000001295,38.70917499999905,7407.970747460317,7385.314974468254,141978.8,240930.0,0.8771855406004889,0.868347282487298,1.745532823087787,0.0,-599.0,-3.0,-10624.0,-0.037657870646058675,-0.3365300552764012,,,0.7671,0.5467,0.2395
20240604,7316.7383,7361.4854,7380.1362,7301.5,246241.0,21215.0,166448.0,1.0,-1.0,104.0,0.0,1.0,-3.0,272.0,-8119.0,7409.0338,7411.22277,7384.045325000001,-2.188970000000154,24.9884749999992,7403.135689285715,7389.253600015874,146371.9,,0.8832642435484259,0.868347282487298,1.751611526035724,0.0,104.0,-2.0,-7847.0,0.08615543309197088,-0.3461405125720239,,,0.7671,0.6573,0.2336
20240605,7339.3726,7314.9502,7358.5,7308.7725,264145.0,17904.0,162074.0,1.0,0.0,676.0,0.0,1.0,-3.0,312.0,-6584.0,7393.369559999999,7403.077119999999,7384.908435,-9.70755999999983,8.461124999998901,7398.240606428571,7392.174606904763,152285.2,,0.8476089339080904,0.868347282487298,1.715956216395389,1.0,676.0,-2.0,-6272.0,0.06778095364288554,-0.3188212590042181,,,0.7808,0.6773,0.2582
20240606,7351.3467,7354.2261,7371.2422,7333.5308,279730.0,15585.0,160398.0,1.0,-1.0,315.0,0.0,2.0,-2.0,837.0,-4810.0,7365.597879999999,7400.133660000001,7386.192955,-34.53578000000198,-20.59507500000109,7395.25154261905,7394.560945873015,157670.8,,0.8304698753994975,0.868347282487298,1.698817157886795,0.0,315.0,0.0,-3973.0,0.055714438923247414,-0.266199067496389,,,0.7808,0.6613,0.3018
20240607,7402.1587,7349.4229,7415.043,7345.0703,286196.0,6466.0,188713.0,1.0,-1.0,78.0,0.0,2.0,-1.0,2941.0,-2432.0,7355.5218,7398.90739,7389.981259999999,-43.38559000000078,-34.45945999999913,7395.311199126982,7396.52134811111,164511.8,,0.8505963798709826,0.8747479379671584,1.725344317838141,0.0,78.0,1.0,509.0,0.022592908356510923,-0.2332347530459699,,,0.8219,0.6547,0.3363
20240611,7438.6753,7411.9897,7459.7837,7401.9399,303751.0,17555.0,168755.0,1.0,-1.0,233.0,0.0,2.0,-3.0,280.0,-949.0,7369.65832,7397.146790000001,7396.569495000001,-27.48847000000114,-26.91117500000109,7399.485482936509,7398.191865944444,168505.6,,0.8723223827583039,0.8747479379671584,1.747070320725462,0.0,233.0,-1.0,-669.0,0.05779404841465542,-0.2390864824998236,,,0.8082,0.6253,0.3292
20240612,7467.6636,7434.6401,7474.5518,7414.7642,301278.0,-2473.0,143472.0,1.0,-1.0,151.0,0.0,1.0,-3.0,0.0,-3905.0,7399.84338,7404.438590000001,7405.74081,-4.595210000000407,-5.897429999999986,7405.000625952381,7400.027732650795,167828.0,,0.8834701149980145,0.8747479379671584,1.758218052965173,0.0,151.0,-2.0,-3905.0,-0.008208365695470628,-0.2733299194415735,,,0.7945,0.608,0.2974
20240613,7447.6987,7485.3857,7485.3857,7434.9409,299970.0,-1308.0,107515.0,1.0,-1.0,0.0,-39.0,1.0,-3.0,0.0,-1623.0,7421.508599999999,7407.439079999999,7411.393150000001,14.06952000000001,10.11544999999842,7410.120246825395,7402.037283166666,167345.8,,0.8655616367300883,0.8747479379671584,1.740309574697247,0.0,-39.0,-2.0,-1623.0,-0.00436043604360436,-0.2323917065662224,,,0.8493,0.5773,0.3386
20240614,7450.2441,7457.6113,7498.5596,7446.9258,305139.0,5169.0,153088.0,1.0,-1.0,0.0,-126.0,0.0,-3.0,0.0,-5546.0,7441.28808,7403.44298,7414.511774999999,37.84510000000046,26.77630500000123,7414.922972460316,7403.635838730159,160708.8,,0.8526072742174637,0.868347282487298,1.720954556704762,0.0,-126.0,-3.0,-5546.0,0.016939820868522214,-0.1973360761917897,,,0.8767,0.6027,0.3763
20240617,7411.189,7451.4556,7471.458,7399.6025,308438.0,3299.0,144783.0,1.0,-1.0,0.0,-177.0,1.0,-2.0,1043.0,-7996.0,7443.094139999999,7399.307969999999,7414.787145,43.78617000000031,28.30699499999901,7416.003634761906,7404.544274785714,159602.1,,0.872205925397884,0.8747479379671584,1.746953863365043,0.0,-177.0,-1.0,-6953.0,0.010695828659244322,-0.10089972952059,,,0.9041,0.6387,0.4687
20240618,7441.3086,7419.2246,7473.501,7419.2246,304972.0,-3466.0,119359.0,1.0,-1.0,0.0,-253.0,1.0,-2.0,1410.0,-9688.0,7443.6208,7406.639560000001,7414.752624999999,36.98123999999916,28.86817500000052,7418.372259126985,7405.58442595238,151460.5,,0.8574825275274806,0.8747479379671584,1.732230465494639,0.0,-253.0,-1.0,-8278.0,-0.011364977768450874,-0.1232046748094227,,,0.9726,0.876,0.4469
20240619,7478.3149,7446.4893,7494.2549,7424.9414,310134.0,5162.0,141617.0,1.0,-1.0,0.0,-151.0,1.0,-3.0,14.0,-8376.0,7445.751060000001,7422.797219999999,7417.009994999999,22.95384000000195,28.74106500000198,7423.199801666667,7407.590837190476,148977.4,,0.8781799345462141,0.8797958676681782,1.757975802214392,0.0,-151.0,-2.0,-8362.0,0.016644418219221368,-0.1799385074081077,,,0.9726,0.8587,0.3962
20240620,7497.2476,7486.8125,7545.5313,7473.9111,334265.0,24131.0,227300.0,1.0,-1.0,27.0,0.0,1.0,-2.0,733.0,-13692.0,7455.66084,7438.584720000001,7420.830919999999,17.07611999999881,34.82992000000104,7431.085877698414,7410.87536431746,155500.0,272760.0,0.8644051388180694,0.8859363130099915,1.750341451828061,0.0,27.0,-1.0,-12959.0,0.07219122552465858,-0.1505490179962998,,,0.9726,0.8333,0.427
20240621,7520.2817,7509.6646,7542.0078,7502.2295,340718.0,6453.0,145613.0,1.0,-1.0,56.0,0.0,1.0,-2.0,1210.0,-15888.0,7469.668360000001,7455.47822,7427.805940000001,14.19014000000061,41.86241999999947,7440.078030158729,7415.358013071428,154021.5,,0.851628711597464,0.8797958676681782,1.731424579265642,0.0,56.0,-1.0,-14678.0,0.018939416174079442,-0.1241421075195115,,,0.9726,0.824,0.4454
20240624,7659.5874,7524.0708,7692.645,7486.8882,379142.0,38424.0,407621.0,1.0,-1.0,0.0,-202.0,1.0,-2.0,1476.0,-13417.0,7519.34804,7481.221089999999,7440.06424,38.12695000000076,79.28380000000016,7457.704719682542,7421.597365126984,175912.3,489145.2,0.9416223322555588,0.8859363130099915,1.82755864526555,0.0,-202.0,-1.0,-11941.0,0.10134461494637893,-0.0165845412826677,,,0.9452,0.788,0.5373
20240625,7725.8887,7660.1626,7765.3105,7635.2358,394931.0,15789.0,363120.0,1.0,-1.0,0.0,-349.0,1.0,-2.0,2982.0,-12733.0,7576.26406,7509.94243,7453.54461,66.32162999999946,122.7194499999996,7483.517197698414,7430.000536603175,195348.8,435744.0,0.9871020262740982,0.8964971299498881,1.883599156223986,0.0,-349.0,-1.0,-9751.0,0.03997913559583826,0.0623385572346852,,,0.9452,0.7707,0.6067
20240626,7684.4326,7707.9575,7736.3237,7650.8726,389872.0,-5059.0,247529.0,1.0,-1.0,0.0,-389.0,1.0,-2.0,2236.0,-9788.0,7617.4876,7531.61933,7468.028960000001,85.86827000000085,149.4586399999998,7506.265074682539,7440.126981476191,205754.5,297034.8,1.017887628862073,0.8964971299498881,1.914384758811961,0.0,-389.0,-1.0,-7552.0,-0.012976053679156236,0.0771656531940545,,,0.9589,0.7307,0.6193
20240627,7674.9019,7693.2173,7717.9683,7632.561,374250.0,-15622.0,248460.0,1.0,-1.0,0.0,-91.0,1.0,-2.0,1649.0,-7589.0,7653.018459999999,7554.33965,7480.889365,98.67880999999943,172.1290949999993,7526.24553873016,7451.739510666666,219849.0,,1.06005538133477,0.8964971299498881,1.956552511284658,0.0,-91.0,-1.0,-5940.0,-0.041742150968603876,-0.0091899368781293,,,0.8493,0.5293,0.5388
20240628,7704.6152,7691.8877,7719.7061,7656.8198,355006.0,-19244.0,226741.0,1.0,-1.0,0.0,-354.0,1.0,-2.0,3377.0,-8196.0,7689.88516,7579.776760000001,7491.60987,110.1083999999992,198.2752899999996,7547.348334365081,7464.982046857143,227214.3,,1.050308784111825,0.8964971299498881,1.946805914061713,0.0,-354.0,-1.0,-4819.0,-0.05420753452054331,0.1404511135186716,,,0.8219,0.4907,0.6855
20240701,7700.6152,7700.6372,7751.9336,7669.0366,361758.0,6752.0,192673.0,0.0,-1.0,0.0,-2188.0,1.0,-2.0,4495.0,-10883.0,7698.09072,7608.71938,7504.013675,89.37133999999969,194.077045,7567.991134206351,7480.180796801588,232003.3,,1.071375458804268,0.9164743518832921,1.98784981068756,-1.0,-2188.0,-1.0,-6388.0,0.01866441101509849,0.1145668730767871,,,0.8219,0.4533,0.6626
20240702,7698.5317,7701.8345,7707.5708,7667.605,367796.0,6038.0,203318.0,1.0,-1.0,0.0,-34.0,2.0,-2.0,2443.0,-6259.0,7692.61932,7634.44169,7520.540625,58.17763000000014,172.0786950000002,7586.388167857142,7496.982387674604,240399.2,,1.050360996149811,0.8964971299498881,1.946858126099699,0.0,-34.0,0.0,-3816.0,0.016416709262743478,0.0392520367424432,,,0.7671,0.4053,0.5768
20240703,7776.168,7709.1567,7793.4756,7697.0254,386641.0,18845.0,250093.0,1.0,-1.0,1309.0,0.0,1.0,-2.0,4196.0,-9639.0,7710.966399999999,7664.227000000001,7543.512110000001,46.73939999999857,167.4542899999988,7608.695956666665,7515.532003174603,251246.8,,1.090347799746376,0.9164743518832921,2.006822151629668,0.0,1309.0,-1.0,-5443.0,0.048740304313303555,0.0839049585000133,,,0.7397,0.2853,0.6236
20240704,7716.7173,7759.8252,7795.27,7716.4473,389086.0,2445.0,295681.0,1.0,-1.0,0.0,-154.0,1.0,-2.0,509.0,-6356.0,7719.32948,7686.173970000001,7562.379344999999,33.15550999999959,156.950135000001,7627.52930531746,7535.176345936508,258084.9,,1.113108565416955,0.9269980688795729,2.040106634296528,0.0,-154.0,-1.0,-5847.0,0.006283957788252468,-0.0362896858758718,,,0.7534,0.2653,0.5193
20240705,7672.4238,7725.5503,7730.3872,7656.2813,371545.0,-17541.0,231179.0,1.0,0.0,2030.0,0.0,1.0,-3.0,705.0,-5507.0,7712.8912,7701.388179999999,7578.433199999999,11.50302000000102,134.4580000000005,7639.81502095238,7555.150045015873,266641.5,,1.112493866422122,0.9344437243622374,2.04693759078436,1.0,2030.0,-2.0,-4802.0,-0.04721097040735308,-0.0155746197363823,,,0.6849,0.2187,0.5341
20240708,7646.8315,7668.3657,7702.8379,7621.7402,364167.0,-7378.0,282251.0,1.0,0.0,2191.0,0.0,1.0,-2.0,1058.0,-5555.0,7702.134459999999,7700.11259,7590.66684,2.021869999999581,111.4676199999994,7647.40393626984,7574.119966674603,254104.5,,1.127891216550142,0.9492953913655818,2.077186607915723,1.0,2191.0,-1.0,-4497.0,-0.020259935688846053,0.0137613534687405,,,0.589,0.1507,0.5578
20240709,7605.6938,7653.0566,7657.6631,7595.9038,348055.0,-16112.0,168650.0,1.0,0.0,2185.0,0.0,0.0,-3.0,0.0,-13164.0,7683.56688,7688.0931,7599.017765,-4.526219999999739,84.54911500000071,7650.544580952381,7590.822705,234657.5,,1.119510749048169,0.9492953913655818,2.068806140413751,1.0,2185.0,-3.0,-13164.0,-0.046291534383933575,-0.0799839031798602,,,0.6027,0.152,0.4824
20240710,7577.2437,7593.9937,7614.27,7564.7402,340123.0,-7932.0,124257.0,1.0,0.0,2101.0,0.0,0.0,-3.0,0.0,-10972.0,7643.782020000001,7677.374209999999,7604.49677,-33.59218999999848,39.28525000000081,7649.292736190476,7605.125471150792,222330.3,,1.098101357269121,0.9492953913655818,2.047396748634703,1.0,2101.0,-3.0,-10972.0,-0.023320975059022767,-0.1114902408599647,,,0.6301,0.2227,0.4566
20240711,7618.5752,7579.1001,7634.1943,7572.9419,334161.0,-5962.0,179843.0,1.0,0.0,2672.0,0.0,0.0,-3.0,0.0,-9896.0,7624.1536,7671.74154,7613.040595,-47.58794000000034,11.11300499999925,7649.523625238095,7617.453279801586,215468.6,,1.112443920527016,0.9492953913655818,2.061739311892598,1.0,2672.0,-3.0,-9896.0,-0.017841699061230964,-0.0651587029286524,,,0.6301,0.3187,0.4978
20240712,7615.4233,7626.145,7626.145,7590.4971,329959.0,-4202.0,114922.0,1.0,0.0,2608.0,0.0,1.0,-3.0,0.0,-7801.0,7612.753500000001,7662.822349999999,7621.299555000001,-50.06884999999875,-8.546054999999797,7649.94076357143,7627.712522722222,204286.7,,0.9545397504514117,0.9492953913655818,1.903835141816994,1.0,2608.0,-2.0,-7801.0,-0.012734915550113801,-0.0991523567235148,,,0.6849,0.396,0.4666
20240715,7561.5322,7619.8398,7619.8398,7552.6069,317826.0,-12133.0,136325.0,1.0,0.0,2564.0,0.0,2.0,-3.0,0.0,-5360.0,7595.69364,7648.914049999999,7628.816714999999,-53.22040999999899,-33.12307499999861,7645.866623095239,7635.50007161111,198651.9,,0.897410766751937,0.9344437243622374,1.831854491114175,1.0,2564.0,-1.0,-5360.0,-0.03817497624486354,-0.0608541153424624,,,0.6849,0.44,0.5011
20240716,7539.8867,7560.9849,7578.1875,7530.7993,303101.0,-14725.0,112020.0,1.0,0.0,2524.0,0.0,1.0,-3.0,0.0,-6891.0,7582.532219999999,7633.049550000001,7633.74562,-50.51733000000149,-51.21340000000055,7638.242285317461,7640.685483357143,189522.1,,0.8630852901053748,0.9344437243622374,1.797529014467612,1.0,2524.0,-2.0,-6891.0,-0.04858116601396894,-0.0681524456352635,,,0.7123,0.4787,0.4951
20240717,7534.7568,7525.4355,7560.2881,7513.5405,294406.0,-8695.0,157176.0,1.0,0.0,2585.0,0.0,2.0,-3.0,41.0,-5539.0,7574.03484,7608.90843,7636.567715,-34.87359000000015,-62.53287499999988,7628.774016190476,7642.693289309525,180230.4,,0.8280750317916388,0.9269980688795729,1.755073100671212,1.0,2585.0,-1.0,-5498.0,-0.029534044822456064,-0.0685461935600472,,,0.9452,0.672,0.4934
20240718,7549.228,7546.8491,7556.7832,7526.873,287069.0,-7337.0,199813.0,1.0,0.0,2693.0,0.0,1.0,-2.0,668.0,-4497.0,7560.1654,7592.1595,7639.166735000001,-31.99409999999989,-79.00133500000084,7620.260844682542,7641.966443246031,170643.6,,0.798407115604443,0.9164743518832921,1.714881467487735,1.0,2693.0,-1.0,-3829.0,-0.025558315248250422,-0.0731103899131491,,,0.9452,0.6893,0.4875
20240719,7516.8613,7536.0923,7541.8179,7503.1396,286569.0,-500.0,152517.0,1.0,0.0,2854.0,0.0,1.0,-3.0,0.0,-5613.0,7540.453,7576.60325,7638.995714999999,-36.1502500000006,-98.54271499999959,7608.777203650792,7638.862661515874,162777.4,,0.7652630306557838,0.9164743518832921,1.681737382539076,1.0,2854.0,-2.0,-5613.0,-0.001744780489166658,-0.0927309867230991,,,0.9452,0.7013,0.4695
20240722,7491.835,7523.1353,7541.1064,7479.4634,280239.0,-6330.0,162667.0,1.0,0.0,2978.0,0.0,2.0,-3.0,0.0,-5145.0,7526.513559999999,7561.1036,7630.608095000001,-34.59004000000095,-104.0945350000011,7595.862706746031,7633.708538563493,150819.0,,0.7871182074826375,0.9164743518832921,1.70359255936593,1.0,2978.0,-1.0,-5145.0,-0.02258786250307773,-0.1268596545244863,,,0.9452,0.7147,0.4331
20240723,7482.459,7476.4795,7492.0425,7470.2046,277224.0,-3015.0,124417.0,1.0,0.0,3092.0,0.0,1.0,-3.0,0.0,-5107.0,7515.028020000001,7548.78012,7618.43661,-33.7520999999997,-103.4085899999991,7581.865152619049,7626.84059573016,146395.7,,0.7189934306237883,0.9164743518832921,1.63546778250708,1.0,3092.0,-2.0,-5107.0,-0.010875681759155051,-0.1509600447680333,,,0.8356,0.46,0.4163
20240724,7447.2104,7470.207,7473.543,7419.4956,276109.0,-1115.0,159540.0,1.0,0.0,3577.0,0.0,2.0,-3.0,277.0,-5421.0,7497.51874,7535.776790000001,7606.575499999999,-38.25805000000128,-109.0567599999995,7565.543693015872,7618.465691412699,149924.0,,0.7058425065143643,0.9164743518832921,1.622316858397656,1.0,3577.0,-1.0,-5144.0,-0.004038260252291668,-0.0548343637559567,,,0.8219,0.428,0.5125
20240725,7410.1665,7453.4194,7466.707,7398.4883,273404.0,-2705.0,115023.0,1.0,0.0,3869.0,0.0,1.0,-2.0,1405.0,-2876.0,7469.70644,7514.935920000001,7593.33873,-45.22948000000088,-123.6322900000005,7547.749567301586,7608.288285619048,143442.0,,0.7020203812500726,0.9139742200648304,1.615994601314903,1.0,3869.0,-1.0,-1471.0,-0.009893783558397097,-0.040025876790295,,,0.8219,0.3973,0.5217
20240726,7435.2476,7397.5195,7451.2319,7378.5923,273495.0,91.0,122012.0,1.0,0.0,3880.0,0.0,1.0,-2.0,1342.0,-3153.0,7453.3837,7496.91835,7579.870349999999,-43.5346499999996,-126.4866499999989,7531.118301428571,7596.406039404761,144151.0,,0.695404009064021,0.9231096754771682,1.618513684541189,1.0,3880.0,-1.0,-1811.0,0.00033273003162763486,0.0214921819112756,,,0.7945,0.3813,0.5677
20240729,7443.2671,7422.0977,7460.1401,7419.3193,269938.0,-3557.0,135096.0,1.0,0.0,3763.0,0.0,2.0,-2.0,1620.0,-2565.0,7443.67012,7485.091840000001,7567.002945,-41.42172000000119,-123.3328250000004,7517.371193492061,7583.556496444444,144028.1,,0.6765784216993379,0.9017301391907111,1.578308560890049,1.0,3763.0,0.0,-945.0,-0.013177099926649824,0.006940695375346,,,0.8219,0.3627,0.5584
20240730,7393.666,7442.5728,7442.5728,7372.3677,276081.0,6143.0,137769.0,1.0,0.0,3832.0,0.0,2.0,-2.0,1673.0,-2226.0,7425.91152,7470.469770000001,7551.759660000001,-44.55825000000095,-125.848140000001,7501.43099611111,7569.875367523809,146603.0,,0.6981050994678507,0.9017301391907111,1.599835238658562,1.0,3832.0,0.0,-553.0,0.02225071627529602,-0.0897217861951611,,,0.7808,0.3493,0.4714
20240731,7471.2158,7381.959,7477.3091,7376.3657,277155.0,1074.0,152676.0,1.0,0.0,4156.0,0.0,1.0,-2.0,953.0,-6440.0,7430.712600000001,7464.115669999999,7536.512049999999,-33.40306999999848,-105.7994499999986,7490.901846031745,7556.088150507935,146153.0,,0.7369254385982345,0.9231096754771682,1.660035114075403,1.0,4156.0,-1.0,-5487.0,0.003875087947177572,-0.0227588515760473,,,0.7534,0.3387,0.5292
20240801,7502.2861,7483.6987,7518.1563,7457.4619,270987.0,-6168.0,144946.0,1.0,0.0,3963.0,0.0,2.0,-2.0,2023.0,-1224.0,7449.13652,7459.42148,7525.790490000001,-10.28495999999996,-76.65397000000121,7486.674659285713,7542.729531968254,140666.3,,0.761625124641963,0.9231096754771682,1.684734800119131,1.0,3963.0,0.0,799.0,-0.022761239469052022,0.0005108160691979,,,0.7397,0.328,0.5556
20240802,7503.4951,7507.9995,7538.8032,7486.2886,267142.0,-3845.0,166059.0,1.0,0.0,3756.0,0.0,3.0,-2.0,1031.0,-467.0,7462.78602,7458.084860000001,7517.344055000001,4.701159999998708,-54.55803500000184,7484.60751857143,7530.312563460318,142020.5,,0.7479925241083102,0.9231096754771682,1.671102199585478,1.0,3756.0,1.0,564.0,-0.014393094309393506,0.0451188583807362,,,0.8219,0.5267,0.5948
20240805,7390.939,7474.25,7489.7559,7387.6787,272068.0,4926.0,172707.0,1.0,0.0,3791.0,0.0,1.0,-2.0,1085.0,-5953.0,7452.3204,7447.995260000001,7504.549430000001,4.32513999999901,-52.22903000000133,7475.250098015874,7518.2513025873,143024.5,207248.4,0.8144939740577636,0.9231096754771682,1.737603649534932,1.0,3791.0,-1.0,-4868.0,0.018105767675728128,-0.0878016931261195,,,0.8219,0.4947,0.4726
20240806,7313.4688,7368.2734,7407.6855,7311.7705,278966.0,6898.0,130322.0,1.0,0.0,3709.0,0.0,1.0,-2.0,1074.0,-9441.0,7436.280960000001,7431.096239999999,7489.93818,5.184720000002017,-53.65721999999914,7459.128531190476,7505.977640444444,143615.0,,0.863338363254091,0.9269980688795729,1.790336432133664,1.0,3709.0,-1.0,-8367.0,0.024727027666453977,-0.0116701095852489,,,0.7945,0.3787,0.5419
20240807,7286.9346,7294.2676,7327.3696,7261.0688,292427.0,13461.0,154210.0,1.0,0.0,3712.0,0.0,1.0,-2.0,1576.0,-10404.0,7399.42472,7415.06866,7475.422725000001,-15.64393999999993,-75.99800500000129,7439.54475468254,7493.377746611111,143082.0,,0.9004749099824383,0.9269980688795729,1.827472978862011,1.0,3712.0,-1.0,-8828.0,0.04603200114900471,-0.1011753948517688,,,0.7808,0.3467,0.4576
20240808,7276.1362,7330.1934,7330.1934,7254.8013,298991.0,6564.0,111328.0,1.0,0.0,3520.0,0.0,1.0,-2.0,1469.0,-10269.0,7354.194740000001,7401.665629999999,7458.300774999999,-47.47088999999778,-104.106034999998,7421.714384365079,7480.774228317459,142712.5,,0.9307800386022959,0.9269980688795729,1.857778107481869,1.0,3520.0,-1.0,-8800.0,0.021953838075393573,-0.0984761203322394,,,0.7945,0.32,0.4614
20240809,7260.7407,7285.2144,7299.8418,7202.0806,312195.0,13204.0,180484.0,1.0,0.0,3266.0,0.0,1.0,-2.0,2838.0,-13509.0,7305.643859999999,7384.214940000001,7440.566645000001,-78.57108000000153,-134.9227850000016,7402.759209603174,7467.938319134921,148559.7,216580.8,0.9677132576660405,0.9269980688795729,1.894711326545613,1.0,3266.0,-1.0,-10671.0,0.042294079021124614,-0.1309465452991638,,,0.7808,0.3013,0.4266
20240812,7283.0337,7261.6836,7284.3735,7229.6162,312229.0,34.0,100771.0,1.0,0.0,3581.0,0.0,1.0,-2.0,2964.0,-9246.0,7284.0628,7368.1916,7426.641720000001,-84.12880000000041,-142.5789200000017,7386.140397142857,7454.8152395,145127.2,,1.001410805386284,0.9269980688795729,1.928408874265857,1.0,3581.0,-1.0,-6282.0,0.00010889443325251658,-0.1506435948361986,,,0.7534,0.2787,0.4111
20240813,7285.4863,7291.6094,7317.9497,7266.1592,310268.0,-1961.0,99665.0,1.0,0.0,3538.0,0.0,2.0,-2.0,3417.0,-8985.0,7278.4663,7357.373629999999,7413.921700000001,-78.90732999999909,-135.4554000000007,7372.635817460317,7441.935721634921,141316.8,,0.9921586847713418,0.9269980688795729,1.919156753650915,1.0,3538.0,0.0,-5568.0,-0.006320342413655292,-0.1604375956635032,,,0.7397,0.232,0.4032
20240814,7243.501,7296.6733,7308.8237,7236.5679,306702.0,-3566.0,106812.0,1.0,0.0,3279.0,0.0,1.0,-2.0,4280.0,-8902.0,7269.779579999999,7334.602150000001,7399.35891,-64.82257000000118,-129.5793300000005,7357.786531825397,7428.624190214287,136730.4,,0.9976788306244955,0.9344437243622374,1.932122554986733,1.0,3279.0,-1.0,-4622.0,-0.011626921246030349,-0.1836668243754506,,,0.6849,0.2493,0.3771
20240815,7225.2168,7231.5098,7242.7881,7117.7002,309787.0,3085.0,189702.0,1.0,0.0,3288.0,0.0,1.0,-2.0,8250.0,-13713.0,7259.5957,7306.89522,7383.158350000001,-47.29952000000048,-123.5626500000008,7339.694818492066,7413.926206134922,141206.0,227642.4,1.051388941399136,0.9492953913655818,2.000684332764718,1.0,3288.0,-1.0,-5463.0,0.009958455325756083,-0.149288583973364,,,0.6027,0.2373,0.4152
20240816,7256.4268,7219.6816,7302.9785,7192.7617,303347.0,-6440.0,143970.0,1.0,0.0,2949.0,0.0,1.0,-2.0,3624.0,-10169.0,7258.73292,7282.188389999998,7370.136625000001,-23.45546999999806,-111.4037050000006,7326.441416587301,7398.109595936508,138997.1,,1.120878325396757,0.9567402602051972,2.077618585601954,1.0,2949.0,-1.0,-6545.0,-0.021229812722723482,-0.1989753959114517,,,0.5753,0.2213,0.3561
20240819,7126.6226,7222.2832,7234.8296,7121.6738,304403.0,1056.0,155076.0,1.0,0.0,3019.0,0.0,1.0,-2.0,3712.0,-12823.0,7227.450699999999,7255.75675,7351.876005,-28.30605000000105,-124.4253050000007,7306.188641984127,7381.203450333333,137234.0,,1.186142179911275,0.961701827385129,2.147844007296404,1.0,3019.0,-1.0,-9111.0,0.0034690853900914247,-0.2193184939776489,,,0.5342,0.1427,0.3387
20240820,7187.1401,7132.1978,7200.6548,7129.25,304698.0,295.0,137836.0,1.0,0.0,3212.0,0.0,1.0,-2.0,4010.0,-15576.0,7207.78146,7243.123879999999,7337.110059999999,-35.34241999999904,-129.3285999999989,7288.622663492065,7364.152863563492,137985.4,,1.163094080030082,0.967345746354727,2.130439826384809,1.0,3212.0,-1.0,-11566.0,0.0009681717635166624,0.0636781888505493,,,0.4932,0.136,0.6223
20240821,7263.4648,7191.2275,7270.6689,7191.2275,277976.0,-26722.0,171182.0,1.0,0.0,3024.0,0.0,2.0,-2.0,3471.0,-14129.0,7211.774219999999,7240.7769,7327.922780000001,-29.00268000000051,-116.1485600000015,7279.14311690476,7348.112699785714,139682.6,205418.4,1.188227996896233,0.967345746354727,2.15557374325096,1.0,3024.0,0.0,-10658.0,-0.09613060120298156,0.0553781759447483,,,0.5068,0.112,0.6121
20240822,7158.0698,7269.8418,7280.083,7150.2407,271691.0,-6285.0,133201.0,1.0,0.0,2870.0,0.0,2.0,-2.0,3457.0,-14701.0,7198.34482,7228.97026,7315.317945,-30.6254399999998,-116.9731249999995,7266.301839999998,7332.571445349206,141869.9,,1.268411534053093,0.9725176699067214,2.240929203959815,1.0,2870.0,0.0,-11244.0,-0.023132897298769557,-0.1669582939358113,,,0.4932,0.0893,0.3949
20240823,7123.168,7163.938,7175.0605,7100.2256,283520.0,11829.0,152847.0,1.0,0.0,2979.0,0.0,1.0,-2.0,7321.0,-17935.0,7171.69306,7215.21299,7299.713965000001,-43.51993000000039,-128.0209050000012,7248.767895317461,7317.172313920635,139106.2,,1.231304928656796,0.9725176699067214,2.203822598563518,1.0,2979.0,-1.0,-10614.0,0.04172192437923251,-0.1633733219567244,,,0.4658,0.0787,0.4008
20240826,7260.79,7151.3252,7265.8101,7142.9629,269758.0,-13762.0,159762.0,1.0,0.0,3137.0,0.0,2.0,-2.0,2953.0,-14182.0,7198.526540000001,7212.988620000001,7290.590109999999,-14.46208000000024,-92.06356999999844,7241.396314920635,7302.697905698411,145005.3,,1.27810191232626,0.9851880227147806,2.263289935041041,1.0,3137.0,0.0,-11229.0,-0.05101609590818437,-0.0876436199981893,,,0.3288,0.04,0.4778
20240827,7300.6699,7287.9316,7321.0972,7254.4434,259230.0,-10528.0,115417.0,1.0,0.0,2972.0,0.0,2.0,-1.0,3254.0,-12172.0,7221.2325,7214.50698,7285.940304999999,6.72551999999996,-64.7078049999991,7241.210788650793,7289.555402817461,146580.5,,1.278277169659703,0.9725176699067214,2.250794839566424,1.0,2972.0,1.0,-8918.0,-0.04061258342012884,-0.0516790001324778,,,0.3973,0.0413,0.5175
20240828,7208.1479,7289.9429,7291.9683,7195.0298,247405.0,-11825.0,128509.0,1.0,0.0,3141.0,0.0,2.0,-2.0,2561.0,-13427.0,7210.16912,7210.971670000001,7272.786910000001,-0.8025500000003376,-62.61779000000024,7236.016197539684,7277.378369388888,148750.2,,1.309030595953458,0.9725176699067214,2.28154826586018,1.0,3141.0,0.0,-10866.0,-0.04779612376467735,-0.1304600481793792,,,0.4384,0.0853,0.4302
20240829,7219.4941,7181.4893,7227.019,7166.5093,238840.0,-8565.0,122706.0,2.0,0.0,6833.0,0.0,2.0,-2.0,2595.0,-13824.0,7222.45398,7210.3994,7258.647309999998,12.05457999999999,-36.19332999999824,7229.421461349206,7266.351033674602,142050.6,,1.27273326327038,0.9725176699067214,2.245250933177102,2.0,6833.0,0.0,-11229.0,-0.035860827332105175,-0.0705364151829955,,,0.4658,0.1093,0.4942
20240830,7216.5781,7232.3735,7268.376,7200.9414,235783.0,-3057.0,160947.0,2.0,0.0,6650.0,0.0,2.0,-1.0,4278.0,-14475.0,7241.136,7206.41453,7244.30146,34.72147000000041,-3.165459999999257,7226.357014920634,7256.342593507936,143748.3,,1.286112568211654,0.9725176699067214,2.258630238118375,2.0,6650.0,1.0,-10197.0,-0.012965311324395736,-0.0890391036187819,,,0.4795,0.18,0.4757
20240902,6990.8657,7205.7505,7221.3618,6980.1714,279413.0,43630.0,247245.0,2.0,0.0,6948.0,0.0,2.0,-1.0,7794.0,-16889.0,7187.151139999999,7192.838839999999,7224.297795,-5.687700000000405,-37.14665500000137,7208.722788968255,7246.596008206349,152965.2,296694.0,1.477806112853432,0.9851880227147806,2.462994135568213,2.0,6948.0,1.0,-9095.0,0.15614878334222101,-0.0715678759658665,,,0.5068,0.2307,0.4932
20240903,7018.3687,6982.3979,7066.9331,6976.748,301026.0,21613.0,189070.0,2.0,0.0,6627.0,0.0,2.0,-1.0,7464.0,-18854.0,7130.6909,7175.9617,7209.54279,-45.27080000000024,-78.85188999999991,7187.899417142855,7236.523683571429,158088.6,,1.498945105410762,1.007097061213752,2.506042166624514,2.0,6627.0,1.0,-11390.0,0.07179778490894474,-0.0192681992703018,,,0.5205,0.2653,0.5442
20240904,6945.4507,6981.6704,6991.9038,6863.751,305340.0,4314.0,183451.0,2.0,0.0,6547.0,0.0,2.0,-2.0,6721.0,-17362.0,7078.151459999999,7144.16029,7192.468595,-66.00883000000067,-114.3171350000011,7162.094951349208,7224.818867015873,159315.5,,1.531864931481822,1.024898182050333,2.556763113532155,2.0,6547.0,0.0,-10641.0,0.014128512477893495,0.0167874004233032,,,0.5342,0.3293,0.5741
20240905,6887.6187,6955.2939,7006.9072,6882.8848,309592.0,4252.0,154288.0,2.0,0.0,6881.0,0.0,2.0,-2.0,7352.0,-14698.0,7011.77638,7117.115180000001,7173.04272,-105.3388000000004,-161.2663400000001,7135.666806269842,7211.755363642857,161424.2,,1.551338391026852,1.032501157653962,2.583839548680814,2.0,6881.0,0.0,-7346.0,0.013734205018217526,0.1617706556378857,,,0.5479,0.3787,0.7174
20240906,6927.9961,6885.4639,6986.627,6834.0679,314586.0,4994.0,240814.0,2.0,0.0,6588.0,0.0,1.0,-2.0,7069.0,-20767.0,6954.059980000001,7097.59799,7156.405489999999,-143.5380099999993,-202.3455099999983,7110.409914126984,7197.919565523809,170220.9,288976.8,1.572287067474283,1.041927226279172,2.614214293753455,2.0,6588.0,-1.0,-13698.0,0.015874832319302194,0.2159238219063811,,,0.2466,0.0853,0.7587
20240909,6941.0425,6928.2207,6974.6611,6871.2837,300149.0,-14437.0,218972.0,2.0,0.0,5168.0,0.0,1.0,-2.0,7980.0,-19436.0,6944.09534,7065.623240000001,7139.30593,-121.527900000001,-195.2105899999997,7088.644923412697,7182.644426373015,176141.9,262766.4,1.605681381456033,1.05456667360418,2.660248055060213,2.0,5168.0,-1.0,-11456.0,-0.04809944394284172,0.2810491574541379,,,0.5342,0.3813,0.7914
20240910,6655.8638,6941.7378,6994.9111,6642.6865,312887.0,12738.0,280441.0,2.0,-1.0,4320.0,0.0,2.0,-1.0,10149.0,-11977.0,6871.59436,7001.14263,7107.824804999999,-129.5482700000002,-236.2304449999992,7052.069739682539,7163.73032147619,192644.3,336529.2,1.887361016926315,1.066923309744569,2.954284326670884,1.0,4320.0,1.0,-1828.0,0.04071118327063764,0.4361190879843836,,,0.4658,0.332,0.8534
20240911,6727.2383,6650.3633,6732.3696,6406.1157,288181.0,-24706.0,389927.0,1.0,0.0,1710.0,0.0,2.0,-1.0,9014.0,-10573.0,6827.951880000001,6953.051669999999,7082.01167,-125.0997899999984,-254.0597899999993,7008.777319761905,7141.006433698412,218786.1,467912.4,2.095180670774655,1.090700134987447,3.185880805762102,1.0,1710.0,1.0,-1559.0,-0.08573084276895424,-0.1352056426387601,,,0.4932,0.3133,0.4205
20240912,6889.8115,6732.8218,6900.4956,6693.5605,284469.0,-3712.0,278384.0,1.0,0.0,1538.0,0.0,2.0,-1.0,9805.0,-12673.0,6828.39044,6920.083410000001,7065.241404999999,-91.69297000000097,-236.8509649999987,6984.095772222221,7116.473864785714,234353.9,,2.234695417257428,1.112326803990923,3.347022221248351,1.0,1538.0,1.0,-2868.0,-0.013048873515216068,-0.1757879391488586,,,0.4795,0.268,0.3793
20240913,6994.8301,6887.7988,7002.3491,6869.5073,285467.0,998.0,282757.0,1.0,-1.0,942.0,0.0,2.0,-1.0,8183.0,-13235.0,6841.757240000001,6897.90861,7052.161569999999,-56.15136999999959,-210.4043299999985,6974.091266507938,7091.247289944445,246534.9,,2.230756743138417,1.127681996534264,3.358438739672681,0.0,942.0,1.0,-5052.0,0.0034960258103388484,0.4270136989917365,,,0.411,0.2627,0.8476
20240918,6826.6343,7025.5952,7046.5713,6820.5244,287219.0,1752.0,182345.0,1.0,-1.0,1354.0,0.0,2.0,-1.0,10626.0,-15618.0,6818.875599999999,6881.48547,7037.162155,-62.60987000000023,-218.2865550000006,6958.511764682539,7066.226187515873,240044.9,,2.405172120141009,1.127681996534264,3.532854116675272,0.0,1354.0,1.0,-4992.0,0.006099875008268952,0.467982190493728,,,0.3973,0.2027,0.8655
20240919,6902.7104,6827.0112,6913.8877,6733.8223,283173.0,-4046.0,253028.0,1.0,-1.0,1064.0,0.0,2.0,-1.0,10894.0,-16939.0,6868.24492,6869.91964,7022.940670000001,-1.674719999999979,-154.6957500000008,6941.366407301587,7041.572886531746,246440.7,,2.489347338572521,1.127681996534264,3.617029335106785,0.0,1064.0,1.0,-6045.0,-0.01428808537537124,0.5027787054487863,,,0.4247,0.1533,0.8729
20240920,6826.9497,6915.4023,6934.0269,6741.8193,274723.0,-8450.0,219565.0,2.0,-1.0,2087.0,0.0,2.0,-1.0,8324.0,-16943.0,6888.1872,6858.06954,7001.114915,30.1176600000008,-112.9277149999998,6924.752669126984,7017.838658309524,250052.1,,2.635566284029729,1.186123651311783,3.821689935341512,1.0,2087.0,1.0,-8619.0,-0.030758254678348737,0.4011481021145559,,,0.3288,0.084,0.8345
20240923,6751.1372,6824.1689,6845.0044,6717.6997,269471.0,-5252.0,204833.0,1.0,0.0,1926.0,0.0,2.0,-1.0,7489.0,-18815.0,6860.452340000001,6844.42139,6980.768285,16.0309500000003,-120.3159449999994,6902.696490714286,6994.541626753968,255106.6,,2.710485499259052,1.25819308300847,3.968678582267522,1.0,1926.0,1.0,-11326.0,-0.019490037889049284,0.3948308825184418,,,0.2603,0.0373,0.8316
20240924,6900.4307,6755.0356,6907.938,6749.7471,258420.0,-11051.0,211618.0,1.0,-1.0,1108.0,0.0,2.0,-1.0,9199.0,-19500.0,6841.57246,6841.664849999999,6969.63142,-0.0923899999988862,-128.0589599999994,6889.380601190475,6972.438695460316,252187.0,,2.626752076672662,1.295585729609192,3.922337806281854,0.0,1108.0,1.0,-10301.0,-0.04276371797848464,0.4394266939593923,,,0.1781,0.004,0.8546
20240925,6901.7158,6914.5923,7000.7871,6876.2808,243207.0,-15213.0,231948.0,2.0,-1.0,2029.0,0.0,2.0,-1.0,7437.0,-17731.0,6856.588760000001,6837.732180000001,6951.677710000001,18.85657999999967,-95.0889500000003,6884.287508968255,6952.002954015874,253484.6,,2.665662988770152,1.325464873396169,3.991127862166321,1.0,2029.0,1.0,-10294.0,-0.06255165352970926,0.2964839902084366,,,0.1918,0.004,0.7936
20240926,6818.5322,6875.4922,6890.7222,6768.8076,230603.0,-12604.0,212362.0,2.0,-1.0,1560.0,0.0,2.0,-1.0,6750.0,-16644.0,6839.753119999999,6853.99902,6927.570825,-14.2459000000008,-87.81770500000039,6873.161293809523,6934.112109428572,246676.7,,2.646563665290957,1.348300326794423,3.994863992085381,1.0,1560.0,1.0,-9894.0,-0.05465670437938795,0.4554655058104874,,,0.1781,0.004,0.8622
20240927,6941.0537,6829.1289,6966.6729,6829.1289,212990.0,-17613.0,228710.0,2.0,0.0,2764.0,0.0,2.0,-1.0,6143.0,-17021.0,6862.57392,6875.38056,6914.216115,-12.80663999999979,-51.64219500000036,6870.71841515873,6920.306218968255,230555.0,,2.670212313713739,1.396884460665569,4.067096774379308,2.0,2764.0,1.0,-10878.0,-0.08269402319357716,0.4838008607015346,,,0.2329,0.004,0.8675
20240930,7111.9214,6913.8203,7185.3296,6865.915,194031.0,-18959.0,237266.0,2.0,-1.0,1849.0,-621.0,1.0,-2.0,3774.0,-11668.0,6934.73076,6897.59155,6908.837479999999,37.13921000000028,25.89328000000114,6883.290172380953,6910.225658984127,226443.2,,2.838571311701387,1.475084728064393,4.31365603976578,1.0,1228.0,-1.0,-7894.0,-0.09771119047987177,0.1966410055652249,,,0.2329,0.0053,0.7363
20241008,7221.9355,7373.3926,7393.8965,7203.7437,195081.0,1050.0,194747.0,2.0,-1.0,1693.0,-610.0,2.0,-2.0,6961.0,-5932.0,6999.031720000001,6920.30209,6909.10535,78.72963000000072,89.92637000000104,6918.900147539682,6904.706547087301,217642.2,,3.015437694582136,1.501172621994514,4.516610316576649,1.0,1083.0,0.0,1029.0,0.0053823796269242006,-0.0118742948263731,,,0.274,0.0067,0.5413
20241009,7206.9648,7217.626,7237.3467,7151.0947,214876.0,19795.0,173772.0,2.0,-1.0,1507.0,-741.0,2.0,-2.0,6599.0,-5665.0,7060.08152,6958.33514,6919.910305,101.7463799999996,140.1712149999994,6946.378946111112,6903.49326523016,216784.9,,2.724172725039828,1.501172621994514,4.225345347034342,1.0,766.0,0.0,934.0,0.09212289878813827,-0.025107727599369,,,0.2877,0.0107,0.5232
20241010,7144.9556,7190.8823,7196.5044,7088.3472,233708.0,18832.0,172402.0,0.0,-1.0,0.0,-905.0,2.0,-2.0,6088.0,-9121.0,7125.366199999999,6982.559660000001,6926.23965,142.8065399999987,199.126549999999,6968.784219126986,6906.235046412698,208722.3,,2.499402016631579,1.538133268585121,4.0375352852167,-1.0,-905.0,0.0,-3033.0,0.08057918428123984,0.0513595570662354,,,0.3288,0.008,0.6052
20241011,7135.9429,7167.7505,7179.8403,7096.2822,243423.0,9715.0,196527.0,1.0,-1.0,302.0,0.0,2.0,-2.0,2220.0,-10765.0,7164.344040000001,7013.45898,6935.764259999999,150.8850600000005,228.5797800000018,6989.318079285717,6912.691587428572,206418.5,,2.366804518519038,1.538133268585121,3.904937787104159,0.0,302.0,0.0,-8545.0,0.03990995099066234,0.1182363973245379,,,0.3836,0.0147,0.6766
20241014,7096.7505,7135.9536,7176.6162,7068.4185,247849.0,4426.0,165458.0,1.0,0.0,706.0,0.0,2.0,-2.0,2197.0,-10708.0,7161.309859999999,7048.02031,6946.22085,113.2895499999995,215.0890099999997,7006.126994761906,6923.034637833332,202481.0,,2.339136033934563,1.541567515137267,3.88070354907183,1.0,706.0,0.0,-8511.0,0.0178576471964785,-0.0224503585093009,,,0.3836,0.02,0.5288
20241015,6976.4741,7099.2363,7124.0552,6974.6909,246754.0,-1095.0,159012.0,2.0,0.0,2878.0,0.0,1.0,-2.0,2593.0,-12890.0,7112.21758,7055.624650000001,6948.644750000001,56.59292999999889,163.5728299999982,7013.398608492063,6935.436438563493,197220.4,,2.257259758112304,1.604266601289192,3.861526359401497,2.0,2878.0,-1.0,-10297.0,-0.004437618032534427,0.115237819398434,,,0.2192,0.004,0.6742
20241016,6903.7339,6975.9438,7010.793,6899.709,250890.0,4136.0,130098.0,2.0,-1.0,2623.0,0.0,1.0,-2.0,3235.0,-13442.0,7051.571400000001,7055.826460000001,6946.77932,-4.255060000000412,104.7920800000011,7012.773437539682,6948.285031420635,187035.4,,2.186802783109866,1.629488859811569,3.816291642921434,1.0,2623.0,-1.0,-10207.0,0.016485312288253815,0.0259300301734558,,,0.3151,0.016,0.5739
20241017,6801.0684,6896.5732,6924.9023,6789.5098,254537.0,3647.0,148795.0,2.0,-1.0,2214.0,-38.0,1.0,-2.0,4548.0,-12545.0,6982.79396,7054.08008,6954.03955,-71.28611999999976,28.75441000000046,7001.591909841269,6961.128093023809,180678.7,,2.12935449002253,1.69254932202455,3.82190381204708,1.0,2176.0,-1.0,-7997.0,0.014327975893485034,0.0471154422434034,,,0.3699,0.0227,0.5969
20241018,6874.9946,6804.8164,6889.3018,6804.6826,256079.0,1542.0,124410.0,2.0,-1.0,1713.0,0.0,1.0,-2.0,2131.0,-9172.0,6930.604300000001,7047.47417,6961.427365,-116.8698699999986,-30.82306499999959,6990.883801984126,6973.14463170635,170248.7,,2.086810463943439,1.69254932202455,3.779359785967989,1.0,1713.0,-1.0,-7041.0,0.006021579278269597,0.065256034042026,,,0.3699,0.0413,0.6199
20241021,6827.0132,6872.4312,6872.4312,6788.9639,258892.0,2813.0,112634.0,2.0,-1.0,1755.0,-200.0,2.0,-2.0,3241.0,-7525.0,6876.656840000001,7018.98335,6958.287450000001,-142.326509999999,-81.63061000000016,6979.023656746032,6982.717980142857,157785.5,,2.014713779357513,1.69254932202455,3.707263101382063,1.0,1555.0,0.0,-4284.0,0.010865534663102762,0.0805329480550422,,,0.3699,0.044,0.6325
20241022,6853.1621,6861.0176,6918.084,6832.6787,254262.0,-4630.0,119348.0,2.0,-1.0,1991.0,0.0,2.0,-2.0,3376.0,-6751.0,6851.99444,6982.10601,6951.20405,-130.11157,-99.20960999999988,6970.299169841272,6987.857882373016,150245.6,,1.981565184456449,1.69254932202455,3.674114506480999,1.0,1991.0,0.0,-3375.0,-0.018209563363774373,0.021636330290973,,,0.4247,0.0573,0.5675
20241023,6866.0098,6868.6787,6919.731,6845.5181,253082.0,-1180.0,94697.0,2.0,0.0,2626.0,0.0,2.0,-2.0,4575.0,-5681.0,6844.449619999999,6948.01051,6953.172825,-103.5608900000007,-108.7232050000002,6961.959997063491,6989.415987468254,142338.1,,1.920688404212081,1.69254932202455,3.613237726236631,2.0,2626.0,0.0,-1106.0,-0.004662520447918066,0.0165488224475924,,,0.4521,0.0707,0.5628
20241024,6878.4995,6850.7539,6902.4194,6811.334,247306.0,-5776.0,99195.0,2.0,0.0,2450.0,0.0,2.0,-2.0,4566.0,-5974.0,6859.93584,6921.3649,6951.96228,-61.42906000000039,-92.02643999999964,6953.306881666667,6987.868253722222,135017.4,,1.863636150848413,1.69254932202455,3.556185472872963,2.0,2450.0,0.0,-1408.0,-0.02335568081647837,0.060481831858349,,,0.4658,0.096,0.6133
20241025,6894.4546,6852.4102,6940.8667,6837.6807,236913.0,-10393.0,236432.0,1.0,0.0,604.0,0.0,2.0,-2.0,4504.0,-7052.0,6863.82784,6897.21607,6955.337525,-33.38823000000048,-91.50968499999999,6946.772181666665,6983.613663960318,139007.9,283718.4,1.646425305380979,1.69254932202455,3.338974627405529,1.0,604.0,0.0,-2548.0,-0.043868424273889574,0.0707808436029476,,,0.2055,0.008,0.6228
20241028,6887.02,6899.6172,6947.791,6798.9697,231194.0,-5719.0,141035.0,1.0,-1.0,145.0,0.0,2.0,-2.0,5655.0,-6561.0,6875.8292,6876.24302,6962.131664999999,-0.4138199999997596,-86.30246499999885,6938.962487063493,6976.897213190476,136565.6,,1.515307131462564,1.764944046496749,3.280251177959314,0.0,145.0,0.0,-906.0,-0.024736801128056957,0.0474759339492766,,,0.1918,0.0093,0.5957
20241029,6774.271,6858.874,6885.2725,6735.6538,221671.0,-9523.0,168106.0,1.0,0.0,985.0,0.0,2.0,-2.0,882.0,-5974.0,6860.05098,6856.02271,6955.82368,4.028269999999793,-95.77269999999953,6923.401069682539,6967.897459309524,137475.0,201727.2,1.589259894764274,1.801990517563636,3.39125041232791,1.0,985.0,0.0,-5092.0,-0.042960062434869696,0.0036785222291111,,,0.1918,0.0107,0.5514
20241030,6784.9276,6801.0398,6849.3664,6744.1803,202411.0,-19260.0,147395.0,1.0,0.0,836.0,0.0,2.0,-2.0,2686.0,-8250.0,6843.834540000001,6844.142080000001,6949.984269999999,-0.3075399999997899,-106.1497299999983,6907.875025238096,6957.407618079365,139204.7,,1.581275043117646,1.801990517563636,3.383265560681282,1.0,836.0,0.0,-5564.0,-0.09515293141183039,0.006125869522453,,,0.2055,0.012,0.5539
20241031,6842.2766,6794.1047,6849.1348,6766.5838,183034.0,-19377.0,141783.0,1.0,0.0,887.0,0.0,2.0,-2.0,1133.0,-6286.0,6836.58996,6848.2629,6951.171490000001,-11.67293999999947,-114.5815300000004,6894.444590555556,6946.692886150794,138503.5,,1.585052881402608,1.801990517563636,3.387043398966244,1.0,887.0,0.0,-5153.0,-0.10586557688735426,0.333937335512446,,,0.2466,0.008,0.8091
20241101,6875.6298,6849.2415,6931.9914,6837.5981,213178.0,30144.0,153500.0,1.0,-1.0,760.0,0.0,1.0,-2.0,4210.0,-7166.0,6832.825,6848.32642,6947.900294999999,-15.50142000000051,-115.0752949999996,6886.413925396826,6936.245898492064,141412.5,,1.574328631278089,1.801990517563636,3.376319148841725,0.0,760.0,-1.0,-2956.0,0.1414029590295434,0.3963756158087423,,,0.2603,0.0093,0.8327
20241104,6848.9037,6887.6149,6905.4407,6809.2403,224542.0,11364.0,151337.0,1.0,0.0,922.0,0.0,2.0,-2.0,5159.0,-4725.0,6825.20174,6850.51547,6934.749409999999,-25.31373000000076,-109.5476699999999,6876.938890873018,6926.037421904762,145282.8,,1.520992717688543,1.801990517563636,3.322983235252179,1.0,922.0,0.0,434.0,0.050609685493137144,0.2119982604408753,,,0.2603,0.0107,0.7508
20241105,6880.4289,6868.0771,6910.3452,6849.6272,236925.0,12383.0,105649.0,1.0,-1.0,0.0,-344.0,2.0,-2.0,3524.0,-5296.0,6846.433319999999,6853.24215,6917.67408,-6.808830000000853,-71.24076000000059,6872.057163253969,6916.213221246032,143912.9,,1.469591402089863,1.801990517563636,3.271581919653499,0.0,-344.0,0.0,-1772.0,0.05226548485807745,0.2756127168243144,,,0.3836,0.0787,0.7824
20241106,6780.8482,6886.0411,6918.0251,6759.3231,248640.0,11715.0,155065.0,1.0,0.0,478.0,0.0,2.0,-2.0,3330.0,-5630.0,6845.61744,6844.725989999999,6896.36825,0.8914500000009866,-50.75080999999955,6861.826271349207,6906.199848674603,149949.7,,1.494215412263787,1.807965900841816,3.302181313105602,1.0,478.0,0.0,-2300.0,0.04711631274131274,0.2699538961113938,,,0.3836,0.1787,0.7796
20241107,6928.9604,6787.8493,6944.5838,6746.0377,263479.0,14839.0,191844.0,1.0,0.0,692.0,0.0,2.0,-2.0,2208.0,-4710.0,6862.9542,6849.77208,6885.568490000001,13.1821200000004,-22.61429000000044,6859.012398650794,6896.770400373016,159214.6,230212.8,1.608376784929957,1.842628514042976,3.451005298972933,1.0,692.0,0.0,-2502.0,0.05631947897175866,0.2893122712484455,,,0.3973,0.22,0.7929
20241108,6943.0718,6906.6753,6987.4732,6900.3112,260189.0,-3290.0,162701.0,2.0,0.0,3342.0,0.0,2.0,-2.0,1948.0,-5040.0,6876.4426,6854.633800000001,6875.924935,21.80879999999979,0.5176650000003065,6863.492760634921,6888.442458269841,151841.5,,1.607611092155742,1.842628514042976,3.450239606198718,2.0,3342.0,0.0,-3092.0,-0.012644654462717486,0.3829156031006171,,,0.3562,0.2213,0.8244
20241111,6946.8007,6933.8812,6957.2944,6826.303,262765.0,2576.0,188483.0,1.0,0.0,2189.0,0.0,2.0,-2.0,2627.0,-8554.0,6896.022,6860.611869999999,6868.427444999999,35.41013000000112,27.59455500000058,6868.095304285713,6881.355739992064,156586.3,226179.6,1.647571994331891,1.885652964333416,3.533224958665307,1.0,2189.0,0.0,-5927.0,0.009803436530740395,0.3381135634106507,,,0.2877,0.2227,0.8095
20241112,6945.9204,6922.7562,6977.0088,6895.3685,271893.0,9128.0,150990.0,2.0,-1.0,3473.0,0.0,2.0,-2.0,1654.0,-8426.0,6909.1203,6877.77681,6866.89976,31.34348999999929,42.22053999999935,6874.472600317462,6876.462893055557,154874.7,,1.653923400077029,1.885652964333416,3.539576364410445,1.0,3473.0,0.0,-6772.0,0.033572030173634484,0.3945312928665235,,,0.3288,0.0853,0.8318
20241113,6992.2943,6943.2725,7008.033,6927.6334,274705.0,2812.0,161822.0,2.0,-1.0,2677.0,-152.0,1.0,-2.0,2001.0,-8182.0,6951.409519999999,6898.51348,6871.32778,52.89603999999963,80.08173999999963,6884.834681825397,6874.158858714286,156317.4,,1.64087613986067,1.885652964333416,3.526529104194087,1.0,2525.0,-1.0,-6181.0,0.010236435448936132,0.3368728062392246,,,0.3014,0.0973,0.8078
20241114,6955.4193,7005.3912,7027.1844,6945.0673,274353.0,-352.0,135958.0,2.0,-1.0,2946.0,-616.0,1.0,-2.0,3516.0,-10212.0,6956.701299999999,6909.827749999999,6879.045324999999,46.87354999999934,77.65597499999967,6894.209981428572,6874.135397801588,155734.9,,1.617979579888975,1.885652964333416,3.503632544222392,1.0,2330.0,-1.0,-6696.0,-0.0012830185928347786,-0.0437563609589587,,,0.274,0.0533,0.5025
20241115,6874.9548,6964.222,7005.5277,6866.0168,265393.0,-8960.0,176366.0,2.0,-1.0,2601.0,-191.0,2.0,-2.0,1471.0,-7768.0,6943.077899999999,6909.760249999999,6879.043335,33.31764999999996,64.03456499999902,6897.566595000001,6875.250664761906,158021.5,,1.608521509650237,1.887742547930043,3.49626405758028,1.0,2410.0,0.0,-6297.0,-0.0337612521807282,-0.0148620862739179,,,0.2192,0.0187,0.5281
20241118,6904.2635,6883.0826,6912.1706,6832.9405,265473.0,80.0,144058.0,2.0,-1.0,2606.0,0.0,2.0,-2.0,1954.0,-7697.0,6934.57046,6915.29623,6882.90585,19.27422999999999,51.66460999999981,6898.372722460317,6877.394047920636,157293.6,,1.531606025406017,1.887742547930043,3.41934857333606,1.0,2606.0,0.0,-5743.0,0.00030134891307213917,0.0115033923686284,,,0.0822,0.0013,0.5527
20241119,6867.9447,6888.6388,6922.0781,6846.1801,261016.0,-4457.0,195290.0,2.0,-1.0,3215.0,0.0,2.0,-2.0,1777.0,-7508.0,6918.97532,6914.047809999999,6883.64498,4.927510000000439,35.33033999999952,6897.932698492064,6879.981601444444,166257.7,,1.499966810997338,1.887742547930043,3.387709358927381,1.0,3215.0,0.0,-5731.0,-0.017075581573543386,-0.0588948048160963,,,0.1781,0.008,0.487
20241120,6940.2786,6857.5528,6954.8993,6852.2216,262245.0,1229.0,167786.0,2.0,0.0,3304.0,0.0,2.0,-1.0,3095.0,-7286.0,6908.57218,6929.990849999999,6887.35842,-21.41866999999911,21.21376000000055,6900.987147063491,6883.897689015872,167529.8,,1.519263044918494,1.885652964333416,3.40491600925191,2.0,3304.0,1.0,-4191.0,0.004686457320444622,-0.0115813344845926,,,0.2329,0.0387,0.5315
20241121,6924.7271,6954.3591,6958.9767,6884.2634,256143.0,-6102.0,129857.0,2.0,-1.0,3120.0,0.0,2.0,-1.0,3113.0,-7630.0,6902.433739999999,6929.56752,6889.669800000001,-27.13378000000102,12.763939999998,6905.020134285714,6888.498462579366,161331.1,,1.498147672092964,1.885652964333416,3.38380063642638,1.0,3120.0,1.0,-4517.0,-0.02382263032759045,-0.0198314358004137,,,0.2877,0.056,0.523
20241122,6909.1894,6942.8794,6965.7576,6892.9066,251597.0,-4546.0,155125.0,2.0,-1.0,2580.0,0.0,2.0,-1.0,2118.0,-7048.0,6909.280659999999,6926.179279999999,6890.406540000001,-16.89861999999994,18.87411999999858,6908.293055952381,6892.978492111111,160573.5,,1.473092097704396,1.885652964333416,3.358745062037813,1.0,2580.0,1.0,-4930.0,-0.01806857792422008,-0.0432459707723303,,,0.2603,0.0613,0.502
20241125,6884.2569,6895.4275,6984.5989,6860.923,258021.0,6424.0,227967.0,2.0,-1.0,2600.0,0.0,2.0,-1.0,2913.0,-7819.0,6905.279339999999,6919.9249,6890.268385,-14.64556000000084,15.01095499999883,6909.545436031744,6897.123505285714,164521.9,273560.4,1.53732628910534,1.885652964333416,3.422979253438756,1.0,2600.0,1.0,-4906.0,0.02489719829006166,-0.0900057841240807,,,0.4247,0.0907,0.45
20241126,6871.7663,6883.0375,6899.9399,6835.9077,255104.0,-2917.0,153338.0,2.0,0.0,4928.0,0.0,2.0,-3.0,1247.0,-7292.0,6906.04366,6912.509489999999,6895.143150000001,-6.465829999999187,10.90050999999949,6907.443430476191,6900.420588301587,164756.7,,1.438175026473003,1.885652964333416,3.32382799080642,2.0,4928.0,-1.0,-6045.0,-0.011434552182639238,-0.085766614389835,,,0.4795,0.1093,0.457
20241127,6882.8215,6869.6463,6886.1279,6832.3957,252310.0,-2794.0,136458.0,2.0,0.0,4630.0,0.0,2.0,-2.0,2430.0,-6674.0,6894.55224,6901.562210000001,6900.037845000001,-7.009970000000976,-5.48560500000076,6905.205305952381,6902.457650714287,162220.3,,1.289326595423997,1.836648867702109,3.125975463126106,2.0,4630.0,0.0,-4244.0,-0.01107367920415362,-0.1119708960258096,,,0.4932,0.128,0.428
20241128,6810.7271,6880.2484,6886.687,6802.0505,257124.0,4814.0,142957.0,2.0,0.0,5554.0,0.0,2.0,-1.0,4340.0,-7145.0,6871.75224,6887.09299,6898.460369999999,-15.3407500000003,-26.70812999999907,6898.93713,6902.930365571429,162920.2,,1.288479596119774,1.836648867702109,3.125128463821883,2.0,5554.0,1.0,-2805.0,0.018722484093277952,-0.155926662121047,,,0.5205,0.1453,0.387
20241129,6891.1141,6828.4305,6898.4438,6799.0657,261711.0,4587.0,154505.0,1.0,0.0,2147.0,0.0,2.0,-1.0,5099.0,-8974.0,6868.137180000001,6888.70892,6899.234585,-20.57173999999941,-31.09740499999953,6896.181138253968,6902.791819896825,160734.1,,1.256514800920441,1.836648867702109,3.09316366862255,1.0,2147.0,1.0,-3875.0,0.017526966768687598,-0.1544266139468088,,,0.5342,0.1853,0.389
20241202,6925.6069,6887.6378,6958.0437,6874.3594,288237.0,26526.0,160924.0,2.0,0.0,3698.0,0.0,1.0,-2.0,6133.0,-12195.0,6876.40718,6890.84326,6903.069745000001,-14.43607999999949,-26.66256500000054,6897.691178888889,6902.723665539682,162420.7,,1.258894097719269,1.836648867702109,3.095542965421378,2.0,3698.0,-1.0,-6062.0,0.09202843493375243,-0.0826927142680308,,,0.6164,0.2053,0.464
20241203,6918.771,6924.3544,6938.44,6886.4183,283051.0,-5186.0,102773.0,2.0,0.0,4112.0,0.0,1.0,-2.0,4597.0,-12810.0,6885.80812,6895.92589,6904.986849999999,-10.11777000000075,-19.17872999999963,6899.618839761904,6902.892279666667,153169.0,,1.230464317202768,1.836648867702109,3.067113184904877,2.0,4112.0,-1.0,-8213.0,-0.018321786533168936,-0.1091246122672897,,,0.5753,0.244,0.437
20241204,6905.3937,6926.2595,6946.026,6880.7381,275145.0,-7906.0,116450.0,2.0,0.0,4173.0,0.0,1.0,-2.0,4057.0,-13884.0,6890.322560000001,6892.4374,6911.214125,-2.114839999999276,-20.8915649999999,6899.824943968256,6902.776059357142,148035.4,,1.213664661386808,1.801990517563636,3.015655178950444,2.0,4173.0,-1.0,-9827.0,-0.028733940286031,-0.0824329675066496,,,0.7397,0.5293,0.466
20241205,6825.7937,6893.4413,6914.7465,6810.7616,272620.0,-2525.0,168539.0,2.0,0.0,5535.0,0.0,2.0,-1.0,5825.0,-12856.0,6893.335880000001,6882.54406,6906.05579,10.79182000000037,-12.7199099999998,6894.23990579365,6901.698036507936,151903.6,,1.177454431341615,1.801990517563636,2.97944494890525,2.0,5535.0,1.0,-7031.0,-0.009261976377375102,-0.0344020306751015,,,0.7397,0.5293,0.517
20241206,6834.167,6826.7559,6858.3933,6803.7806,279658.0,7038.0,134956.0,2.0,0.0,5898.0,0.0,2.0,-1.0,6351.0,-11932.0,6881.946460000001,6875.04182,6900.61055,6.904640000000654,-18.66408999999931,6887.459669206351,6899.614697833333,149886.7,,1.152771980592112,1.798164827388945,2.950936807981058,2.0,5898.0,1.0,-5581.0,0.025166453310829656,-0.0277486109099928,,,0.7397,0.5227,0.518
20241209,6797.28,6818.7922,6843.7016,6766.4837,287750.0,8092.0,129796.0,2.0,0.0,6158.0,0.0,2.0,-1.0,6621.0,-11289.0,6856.281080000001,6866.34413,6893.134515000001,-10.06304999999975,-36.85343499999999,6878.024712301588,6896.462625460318,140069.6,,1.154987990668993,1.714696509286014,2.869684499955006,2.0,6158.0,1.0,-4668.0,0.028121633362293657,-0.0760741474144381,,,0.7671,0.5133,0.472
20241210,6854.7197,6823.0386,6927.1023,6815.2751,282164.0,-5586.0,197111.0,2.0,0.0,3639.0,0.0,1.0,-2.0,5348.0,-12673.0,6843.47082,6864.63947,6888.57448,-21.16865000000053,-45.10366000000067,6874.070001825396,6893.125282595238,144446.9,236533.2,1.184221019124769,1.714696509286014,2.898917528410783,2.0,3639.0,-1.0,-7325.0,-0.01979699749082094,-0.074920317867967,,,0.7808,0.5133,0.474
20241211,6894.0283,6834.6713,6913.1099,6834.6713,281696.0,-468.0,149185.0,2.0,0.0,2716.0,0.0,2.0,-1.0,8063.0,-11107.0,6841.197740000001,6865.76015,6883.66118,-24.56240999999955,-42.46343999999954,6872.960788809522,6889.900830880953,145719.6,,1.188471125281979,1.714696509286014,2.903167634567993,2.0,2716.0,1.0,-3044.0,-0.001661365443598773,-0.0768648868669489,,,0.7671,0.5427,0.471
20241212,6928.568,6899.2797,6945.5548,6897.4504,289239.0,7543.0,159091.0,1.0,-1.0,2361.0,-993.0,2.0,-1.0,8713.0,-14684.0,6861.7526,6877.54424,6882.318614999999,-15.79164000000037,-20.56601499999942,6876.610952936509,6887.668213174604,147333.0,,1.166070703474108,1.629488859811569,2.795559563285677,0.0,1368.0,1.0,-5971.0,0.026078779141125503,-0.0061649595088426,,,0.7671,0.5547,0.548
20241213,6971.6012,6928.3729,6976.595,6916.5489,297762.0,8523.0,188102.0,1.0,-2.0,0.0,-2139.0,2.0,-1.0,5845.0,-18017.0,6889.23944,6885.59295,6887.150935000001,3.646490000000085,2.088504999999714,6883.314743888888,6886.381573738096,150692.7,225722.4,1.098947130445364,1.573791333343554,2.672738463788917,-1.0,-2139.0,1.0,-12172.0,0.028623531545328148,0.0047793647279961,,,0.7671,0.536,0.562
20241216,7048.0876,6972.4075,7060.1846,6927.1865,311370.0,13608.0,188044.0,0.0,-2.0,0.0,-2729.0,2.0,-2.0,5928.0,-21127.0,6939.400960000001,6897.84102,6894.342140000001,41.55994000000101,45.0588200000002,6895.814534920633,6886.19390934127,153404.7,225652.8,1.1684145770642,1.573791333343554,2.742205910407754,-2.0,-2729.0,0.0,-15199.0,0.04370363233452163,0.126255059198261,,,0.8767,0.6827,0.693
20241217,7052.657,7031.6669,7059.615,7008.2595,316021.0,4651.0,153940.0,1.0,-1.0,3804.0,-737.0,2.0,-2.0,2603.0,-20589.0,6978.98842,6911.22962,6903.577755,67.75879999999961,75.41066499999943,6909.93394888889,6887.225420253968,158521.4,,1.163902731702728,1.534881697454906,2.698784429157635,0.0,3067.0,0.0,-17986.0,0.014717376376886346,-0.0029393567478807,,,0.863,0.6827,0.551
20241218,7009.2685,7031.5798,7040.7632,6989.6649,315270.0,-751.0,127526.0,1.0,-1.0,3821.0,-1116.0,2.0,-2.0,2113.0,-21606.0,7002.03646,6921.6171,6907.027250000001,80.41935999999987,95.00920999999926,6920.952392698414,6889.338165126984,159629.0,,1.139170172615828,1.523890287631038,2.663060460246866,0.0,2705.0,0.0,-19493.0,-0.002382085196815428,-0.0472854133175175,,,0.8219,0.72,0.507
20241219,6968.784,7004.2195,7017.1355,6945.6166,301273.0,-13997.0,141129.0,1.0,-1.0,3647.0,-1014.0,2.0,-2.0,896.0,-19635.0,7010.07966,6935.916130000001,6909.230094999999,74.16352999999981,100.8495650000013,6928.04729079365,6892.718903626983,156888.0,,1.109517236725771,1.507355710388673,2.616872947114444,0.0,2633.0,0.0,-18739.0,-0.04645952342227813,-0.1178127277772019,,,0.8082,0.6933,0.42
20241220,6936.3663,6972.7996,7002.7695,6907.2976,288994.0,-12279.0,159766.0,0.0,-2.0,185.0,0.0,1.0,-2.0,1272.0,-20310.0,7003.032680000001,6946.13606,6910.588939999999,56.89662000000135,92.44374000000244,6931.995427142856,6897.172479420634,159369.0,,1.121553096345302,1.486328666179282,2.607881762524584,-2.0,185.0,-1.0,-19038.0,-0.042488771393177714,-0.1446108597093795,,,0.7123,0.5533,0.396
20241223,6961.3531,6946.1283,6968.6161,6911.162,289382.0,388.0,167276.0,1.0,-1.0,1316.0,-1938.0,2.0,-1.0,6651.0,-18690.0,6985.68578,6962.543369999999,6914.44375,23.14241000000038,71.24202999999943,6936.045602857145,6902.97456847619,163117.0,,1.126661785729498,1.457050247292321,2.583712033021819,0.0,-622.0,1.0,-12039.0,0.0013407883005853855,-0.1149007778634902,,,0.726,0.5293,0.426
20241224,6885.1474,6953.4637,6959.6924,6862.3926,265241.0,-24141.0,210522.0,1.0,-1.0,3168.0,-689.0,2.0,-1.0,7895.0,-9232.0,6952.18386,6965.586139999999,6915.112805,-13.40227999999934,37.07105500000034,6935.26889563492,6909.094457857143,164458.1,252626.4,1.16162256621918,1.439230207655218,2.600852773874399,0.0,2479.0,1.0,-1337.0,-0.09101534076556791,-0.1088794832415154,,,0.7671,0.5693,0.437
20241225,6894.0565,6901.9314,6914.144,6872.1703,257632.0,-7609.0,105574.0,1.0,-1.0,3507.0,-704.0,2.0,-1.0,7073.0,-9319.0,6929.141460000001,6965.588959999999,6915.674555,-36.4474999999984,13.46690500000113,6933.691857619048,6915.167564738095,160097.0,,1.096900090711205,1.417687726255018,2.514587816966223,0.0,2803.0,1.0,-2246.0,-0.02953437461184946,-0.0904334616076903,,,0.726,0.5547,0.453
20241226,6844.8878,6906.8453,6906.8453,6840.8994,258684.0,1052.0,185321.0,2.0,0.0,5685.0,0.0,2.0,-1.0,6586.0,-8437.0,6904.36222,6957.220940000001,6917.382590000001,-52.85872000000109,-13.02037000000109,6928.600123809523,6920.366481825396,162720.0,,1.108456992032014,1.387681954462625,2.496138946494638,2.0,5685.0,1.0,-1851.0,0.004066737795920892,-0.1062474490130246,,,0.7397,0.5827,0.438
20241227,6798.864,6847.1796,6881.4209,6793.0077,255519.0,-3165.0,152649.0,1.0,-1.0,7207.0,-373.0,1.0,-2.0,4018.0,-7284.0,6876.86176,6939.94722,6912.770085000001,-63.08546000000024,-35.90832500000124,6919.321856587302,6923.967193095237,159174.7,,1.119974691718069,1.374279196741363,2.494253888459432,0.0,6834.0,-1.0,-3266.0,-0.012386554424524203,-0.1233019756800139,,,0.7397,0.5467,0.414
20241230,6812.0268,6814.5467,6843.0569,6803.0691,236260.0,-19259.0,166203.0,1.0,-1.0,8828.0,-373.0,2.0,-1.0,3043.0,-3851.0,6846.996499999999,6916.34114,6907.09108,-69.34464000000025,-60.09458000000086,6910.234477857143,6925.409187388888,156990.6,,1.032195052586424,1.346479448989188,2.378674501575612,0.0,8455.0,1.0,-808.0,-0.08151612630153221,-0.1175312128841295,,,0.7534,0.572,0.419
20241231,6829.8664,6825.0965,6845.2243,6799.5601,224205.0,-12055.0,175240.0,1.0,-1.0,10583.0,-1421.0,1.0,-2.0,2529.0,-776.0,6835.940299999999,6894.062080000001,6902.645850000001,-58.12178000000131,-66.7055500000015,6902.425447063493,6924.65833720635,159120.6,,0.9990698042859341,1.326077616130141,2.325147420416075,0.0,9162.0,-1.0,1753.0,-0.05376775718650342,-0.1875601145773021,,,0.7945,0.5973,0.343
20250102,6907.2987,6820.4655,6923.7558,6820.4655,235534.0,11329.0,162960.0,1.0,0.0,9043.0,0.0,1.0,-2.0,2004.0,-3687.0,6838.588739999999,6883.8651,6902.741099999999,-45.27636000000075,-64.15236000000004,6900.473296984126,6922.61042763492,162664.0,,1.052697696237116,1.346479448989188,2.399177145226304,1.0,9043.0,-1.0,-1683.0,0.04809921285249688,-0.1538900421964591,,,0.8767,0.628,0.386
20250103,6876.9758,6909.7112,6928.3128,6870.3395,239626.0,4092.0,157717.0,1.0,0.0,8139.0,0.0,2.0,-2.0,2041.0,-775.0,6845.00634,6874.684279999999,6905.300205,-29.67793999999958,-60.29386499999964,6899.022935873018,6919.707992142858,164322.8,,1.051585717431442,1.326077616130141,2.377663333561583,1.0,8139.0,0.0,1266.0,0.017076611052223047,-0.1269920909740619,,,0.9041,0.792,0.409
20250106,6886.0386,6883.951,6938.9205,6845.4668,249247.0,9621.0,134820.0,1.0,0.0,7884.0,0.0,3.0,0.0,5401.0,0.0,6862.44126,6869.651510000001,6907.893785,-7.210250000000997,-45.45252500000061,6897.440822142856,6916.252531642856,161828.2,,1.012439317521775,1.340191368918862,2.352630686440636,1.0,7884.0,3.0,5401.0,0.0386002639951534,-0.1217618008501534,,,0.9315,0.848,0.418
20250107,6839.4956,6893.2319,6921.5207,6830.327,258974.0,9727.0,173652.0,1.0,0.0,7885.0,0.0,3.0,-1.0,3983.0,-393.0,6867.93502,6857.465760000001,6910.004565,10.46925999999894,-42.06954500000029,6892.574691111109,6911.905440468254,162465.8,,1.055981197056256,1.330668193883165,2.386649390939421,1.0,7885.0,2.0,3590.0,0.03755975503332381,-0.1515142577986435,,,0.9315,0.884,0.388
20250108,6820.7099,6841.8429,6871.6896,6811.1518,275701.0,16727.0,157130.0,1.0,0.0,9910.0,0.0,3.0,0.0,4982.0,0.0,6866.103720000001,6851.022009999999,6908.304075,15.0817100000022,-42.20035499999904,6885.14932936508,6906.893483841271,157126.6,,1.055500054695073,1.326077616130141,2.381577670825214,1.0,9910.0,3.0,4982.0,0.060670799162861215,-0.1518219752709515,,,0.9726,0.952,0.388
20250109,6973.8955,6841.6247,6982.0164,6841.6247,279453.0,3752.0,248515.0,1.0,0.0,2323.0,0.0,2.0,-1.0,7463.0,-69.0,6879.423079999999,6859.00591,6912.297435,20.4171699999988,-32.87435500000174,6887.123366507935,6902.236634730159,171420.7,298218.0,1.148713372363898,1.326077616130141,2.47479098849404,1.0,2323.0,1.0,7394.0,0.013426229097558445,-0.1696271821836978,,,0.9863,0.904,0.367
20250110,6933.1985,6974.5526,6988.8411,6918.2797,270189.0,-9264.0,157501.0,2.0,0.0,3067.0,0.0,3.0,0.0,10397.0,0.0,6890.66762,6867.83698,6912.528960000001,22.83064000000013,-21.86134000000038,6890.484329285714,6898.425055277777,168638.7,,1.122873848799256,1.309928618218441,2.432802467017696,2.0,3067.0,3.0,10397.0,-0.0342871101340173,-0.1688519197667951,,,0.9863,0.904,0.369
20250113,7077.566,6969.6705,7105.9599,6957.5973,273238.0,3049.0,171685.0,2.0,-1.0,821.0,-155.0,3.0,0.0,6836.0,0.0,6928.9731,6895.70718,6917.8272,33.26591999999982,11.14590000000044,6902.833662301589,6896.776235849206,170542.3,,1.241158081221754,1.326077616130141,2.567235697351895,1.0,666.0,3.0,6836.0,0.011158770010027888,-0.2703135820091154,,,0.9863,0.904,0.264
20250114,7077.5895,7081.8406,7103.2193,7005.1623,271042.0,-2196.0,131303.0,0.0,-1.0,0.0,-457.0,3.0,0.0,4878.0,0.0,6976.59188,6922.26345,6919.302295,54.32842999999957,57.28958500000044,6917.552308174602,6897.508018880952,167052.3,,1.237749231174263,1.330668193883165,2.568417425057428,-1.0,-457.0,3.0,4878.0,-0.008102065362563736,-0.3008357133907402,,,0.9863,0.904,0.239
20250115,7134.6103,7076.1584,7143.1054,7062.0565,284446.0,13404.0,137605.0,0.0,-2.0,0.0,-4126.0,2.0,-1.0,3647.0,-2165.0,7039.371959999999,6952.73784,6923.39996,86.63411999999971,115.9719999999998,6936.263954603175,6900.891869634921,163288.8,,1.275035275884173,1.327858521618369,2.602893797502542,-2.0,-4126.0,1.0,1482.0,0.04712317979511049,-0.3288632049887829,,,0.9863,0.904,0.219
20250116,7209.2931,7123.0791,7223.7311,7116.1818,292790.0,8344.0,144507.0,0.0,-2.0,0.0,-3159.0,2.0,-1.0,6642.0,-3101.0,7086.451480000001,6982.93728,6933.40119,103.5142000000005,153.050290000001,6960.860032777778,6906.930543214285,161443.5,,1.31306581895596,1.342862727151204,2.655928546107163,-2.0,-3159.0,1.0,3541.0,0.028498241060145497,0.0777324118590641,,,0.9863,0.904,0.642
20250117,7165.6392,7206.0385,7218.793,7137.435,290504.0,-2286.0,114847.0,1.0,-1.0,688.0,-1756.0,2.0,-1.0,6941.0,-4809.0,7132.93962,7011.803620000001,6943.243950000001,121.1359999999995,189.6956699999992,6984.092043888891,6915.437454015873,157156.5,,1.300895747020391,1.342862727151204,2.643758474171595,0.0,-1068.0,1.0,2132.0,-0.007869082697656486,0.0266615543742876,,,0.9726,0.952,0.587
20250120,7092.7461,7141.6119,7155.5993,7067.5824,279817.0,-10687.0,121028.0,1.0,-1.0,1067.0,-2284.0,2.0,-1.0,4278.0,-2270.0,7135.97564,7032.474370000001,6951.062940000001,103.5012699999988,184.9126999999989,6999.646967063494,6925.658068507936,155777.3,,1.352224215188546,1.342862727151204,2.69508694233975,0.0,-1217.0,1.0,2008.0,-0.03819281887805244,-0.0920595647974347,,,0.9726,0.9653,0.461
20250121,7124.7678,7112.6575,7142.2494,7085.2175,273726.0,-6091.0,146027.0,1.0,-1.0,871.0,-601.0,2.0,-2.0,4702.0,-6537.0,7145.4113,7061.00159,6959.233675,84.4097099999999,186.1776249999994,7015.974259047618,6937.998025301587,153014.8,,1.35974560231735,1.313582638549866,2.673328240867217,0.0,270.0,0.0,-1835.0,-0.022252179186485754,-0.078356844340876,,,0.9726,0.9507,0.481
20250122,7085.8443,7093.0886,7107.1314,7053.6152,256187.0,-17539.0,155683.0,2.0,0.0,3718.0,0.0,2.0,-1.0,4823.0,-7467.0,7135.658100000001,7087.51503,6969.26852,48.14307000000099,166.3895800000009,7027.872162063494,6952.270308571429,152870.1,,1.324581778264313,1.273393108896273,2.597974887160587,2.0,3718.0,1.0,-2644.0,-0.06846170961055792,-0.0893101016766236,,,0.9726,0.9427,0.466
20250123,6993.5408,7088.7266,7097.2538,6975.7606,240779.0,-15408.0,146802.0,2.0,-1.0,6901.0,0.0,2.0,-1.0,3863.0,-9861.0,7092.507639999999,7089.47956,6974.242735000002,3.028079999999136,118.2649049999973,7033.32444126984,6966.89041604762,142698.8,,1.38755585950942,1.273393108896273,2.660948968405693,1.0,6901.0,1.0,-5998.0,-0.06399229168656735,-0.1320087768560489,,,0.9589,0.936,0.411
20250124,6919.9644,6992.4599,6999.1583,6911.4774,216819.0,-23960.0,157377.0,2.0,0.0,8515.0,0.0,2.0,-1.0,4183.0,-8648.0,7043.37268,7088.15615,6977.996564999999,-44.7834699999994,65.37611500000094,7030.530581666667,6980.895041285714,142686.4,,1.381213948224347,1.280407473553155,2.661621421777502,2.0,8515.0,1.0,-4465.0,-0.1105069205189582,-0.1662313257450524,,,0.9452,0.936,0.373
20250127,6887.0764,6930.1535,6932.2443,6873.0942,190525.0,-26294.0,128303.0,1.0,-1.0,8293.0,-290.0,2.0,-1.0,4941.0,-9311.0,7002.238739999999,7069.10719,6982.407184999999,-66.86845000000085,19.83155499999975,7022.864829285714,6992.898157984127,138348.2,,1.348013974653042,1.260057182705418,2.608071157358459,0.0,8003.0,1.0,-4370.0,-0.13800813541529983,-0.1327842323879252,,,0.9452,0.936,0.411
20250205,6881.0956,6886.7104,6904.2192,6850.8838,200614.0,10089.0,86574.0,2.0,-1.0,8243.0,-75.0,2.0,-1.0,2635.0,-5224.0,6953.504299999999,7049.457799999999,6985.860624999999,-95.95350000000053,-32.35632500000065,7013.178831666668,7002.460810333333,133875.3,,1.339880182324253,1.247768802021903,2.587648984346156,1.0,8168.0,1.0,-2589.0,0.05029060783394977,-0.1380830134759758,,,0.9589,0.944,0.405
20250206,6891.3465,6876.6299,6912.8552,6858.4046,229012.0,28398.0,139585.0,2.0,0.0,9602.0,0.0,2.0,-1.0,3136.0,-1670.0,6914.60474,7025.13142,6988.934629999999,-110.5266799999999,-74.32988999999907,7003.626192142857,7009.197034087303,134073.3,,1.232491893809609,1.247768802021903,2.480260695831513,2.0,9602.0,1.0,1466.0,0.12400223569070616,-0.2257472163730367,,,0.9589,0.9293,0.305
20250207,6977.7416,6893.9856,6983.7944,6893.9856,239390.0,10378.0,163194.0,2.0,0.0,8196.0,0.0,2.0,-1.0,5582.0,-210.0,6911.4449,7001.976269999999,6992.456775000001,-90.5313699999997,-81.01187500000106,7000.293826825396,7013.140413492064,135942.0,195832.8,1.25415020189401,1.247768802021903,2.501919003915913,2.0,8196.0,1.0,5372.0,0.04335185262542295,-0.1991483027136666,,,0.9589,0.832,0.332
20250210,7040.8444,6982.2488,7053.3798,6966.9262,248919.0,9529.0,164779.0,2.0,-1.0,8031.0,0.0,3.0,0.0,8505.0,0.0,6935.6209,6989.49679,7000.650205,-53.87589000000025,-65.02930500000002,7003.131853968252,7015.044394500001,140935.2,,1.166979786174341,1.233809706008985,2.400789492183326,1.0,8031.0,3.0,8505.0,0.03828152933283518,-0.1645690860385026,,,0.9452,0.8387,0.38
20250211,7079.7935,7051.4255,7083.3375,7044.4436,249214.0,295.0,130558.0,2.0,0.0,5984.0,0.0,2.0,-1.0,7251.0,-861.0,6974.164319999999,6988.20153,7010.337949999999,-14.03721000000132,-36.17363000000023,7010.072016825397,7016.08689947619,141888.2,,1.110534628949604,1.216153714600345,2.326688343549949,2.0,5984.0,1.0,6390.0,0.0011837216207757188,-0.2140701528543729,,,0.9452,0.8333,0.32
20250212,7085.7372,7086.9599,7124.0886,7067.9889,252866.0,3652.0,123253.0,2.0,-1.0,3655.0,-98.0,2.0,-1.0,4153.0,-1136.0,7015.09264,6984.29847,7022.65003,30.79417000000012,-7.557389999999941,7017.904972380953,7016.279970809524,139610.8,,1.085740256560404,1.191704906499467,2.277445163059871,1.0,3557.0,1.0,3017.0,0.01444243196001044,-0.2141811911710962,,,0.9315,0.8227,0.32
20250213,6989.8663,7072.3859,7090.3406,6979.666,247272.0,-5594.0,117530.0,1.0,-1.0,3191.0,-504.0,2.0,-1.0,1194.0,-40.0,7034.7966,6974.70067,7031.10785,60.0959299999995,3.688749999999345,7017.286666031746,7015.22142120635,135795.5,,1.091348003639663,1.216153714600345,2.307501718240008,0.0,2687.0,1.0,1154.0,-0.022622860655472515,-0.2493295531196361,,,0.9315,0.8333,0.286
20250214,7005.5291,6979.2146,7047.7089,6971.9033,248010.0,738.0,98036.0,1.0,-1.0,7166.0,-809.0,2.0,-2.0,1268.0,-589.0,7040.3541,6975.8995,7032.689530000001,64.45460000000003,7.664569999999003,7015.260414444445,7013.41501852381,130918.9,,1.087467521330233,1.216153714600345,2.303621235930577,0.0,6357.0,0.0,679.0,0.0029756864642554734,-0.0887195382742505,,,0.9178,0.8333,0.475
20250217,7028.9129,7032.8044,7032.8044,6965.4707,244109.0,-3901.0,118144.0,2.0,0.0,8384.0,0.0,2.0,-1.0,3930.0,-764.0,7037.9678,6986.794349999999,7037.47525,51.17345000000114,0.4925499999999374,7013.728971031745,7011.734857460317,126995.6,,1.056823268686682,1.216153714600345,2.272976983287027,2.0,8384.0,1.0,3166.0,-0.015980566058604966,0.0540568809926734,,,0.9178,0.8333,0.624
20250218,7010.1035,7027.4944,7057.5177,7007.5712,241715.0,-2394.0,108480.0,1.0,0.0,7582.0,0.0,2.0,-1.0,3444.0,-1962.0,7024.029799999999,6999.09706,7034.102125,24.93273999999928,-10.072325000001,7012.660142460318,7010.714388777778,125013.3,,1.050822290721639,1.171864607676153,2.222686898397792,1.0,7582.0,1.0,1482.0,-0.009904226051341456,-0.5160931948806465,,,0.9178,0.8387,0.107
20250219,7014.4724,7020.1017,7034.825,6983.5104,233150.0,-8565.0,88117.0,2.0,0.0,8888.0,0.0,2.0,-2.0,4518.0,-1204.0,7009.77684,7012.43474,7030.94627,-2.657899999999245,-21.16942999999992,7010.63064293651,7010.459569904761,125167.6,,1.031306102180541,1.165998264220377,2.197304366400918,2.0,8888.0,0.0,3314.0,-0.03673600686253485,-0.1919617392326554,,,0.9315,0.824,0.344
20250220,7001.5721,7009.6829,7048.0498,6984.134,229784.0,-3366.0,97661.0,2.0,0.0,9227.0,0.0,2.0,-1.0,3941.0,-2247.0,7012.118,7023.4573,7024.29436,-11.33929999999964,-12.17635999999948,7008.281497619045,7010.925100452381,120975.2,,0.9723572867404223,1.165998264220377,2.1383555509608,2.0,9227.0,1.0,1694.0,-0.014648539497963305,-0.2048849443735984,,,0.9452,0.7987,0.329
20250221,6969.8574,7005.526,7025.4795,6960.6093,234262.0,4478.0,123097.0,1.0,0.0,9186.0,0.0,2.0,-1.0,3814.0,-1374.0,7004.983660000001,7022.66888,7012.322575,-17.68521999999939,-7.338914999999361,7004.592364285713,7011.354954198412,116965.5,,0.9485529762839972,1.13671745789023,2.085270434174227,1.0,9186.0,1.0,2440.0,0.019115349480496195,-0.2372250518680698,,,0.9452,0.78,0.297
20250224,6947.4559,6980.1008,6991.4293,6923.6926,235566.0,1304.0,124668.0,1.0,0.0,9885.0,0.0,2.0,-1.0,3427.0,-1999.0,6988.692259999999,7013.33003,7001.413409999999,-24.63777000000118,-12.72115000000031,6999.208635714284,7010.962632373016,112954.4,,0.9567367122223722,1.13671745789023,2.093454170112603,1.0,9885.0,1.0,1428.0,0.005535603610028612,-0.2636458616066778,,,0.8493,0.564,0.273
20250225,6915.0824,6948.126,6954.165,6912.4485,240299.0,4733.0,114317.0,1.0,0.0,11551.0,0.0,2.0,-1.0,2796.0,-1937.0,6969.688039999999,6996.858920000001,6992.530225,-27.17088000000149,-22.84218500000134,6991.362610793652,7009.091691769841,111330.3,,0.9445437052596413,1.13671745789023,2.081261163149871,1.0,11551.0,1.0,859.0,0.019696295032438752,-0.2619908564311499,,,0.8904,0.5893,0.275
20250226,6854.6558,6901.3355,6919.6437,6852.3676,242796.0,2497.0,141073.0,1.0,0.0,14007.0,0.0,2.0,-1.0,4638.0,-3441.0,6937.724720000001,6973.750779999999,6979.024625,-36.02605999999832,-41.29990499999894,6979.859124682538,7005.287106999999,113112.3,169287.6,0.9579953404469901,1.136002407139732,2.093997747586722,1.0,14007.0,1.0,1197.0,0.01028435394322806,-0.2169296991792512,,,0.863,0.5667,0.321
20250227,6855.0258,6860.8039,6868.2758,6835.6691,240085.0,-2711.0,116228.0,1.0,0.0,14003.0,0.0,2.0,-1.0,4220.0,-2658.0,6908.415460000001,6960.26673,6967.4837,-51.8512699999992,-59.0682399999987,6967.735672698413,7000.332007666666,112982.1,,0.8980094069290965,1.136002407139732,2.034011814068829,1.0,14003.0,1.0,1562.0,-0.011291834142074682,-0.2194625782103458,,,0.8356,0.5547,0.32
20250228,6852.697,6865.8271,6898.2363,6852.3795,231484.0,-8601.0,133979.0,1.0,0.0,14094.0,0.0,2.0,-1.0,5686.0,-1116.0,6884.983380000001,6944.98352,6960.44151,-60.00013999999919,-75.45812999999907,6957.374221349207,6994.543388357143,116576.4,,0.858149848279073,1.136002407139732,1.994152255418805,1.0,14094.0,1.0,4570.0,-0.03715591574363671,-0.2013556355645682,,,0.8082,0.5787,0.338
20250303,6857.4535,6853.5267,6888.8455,6822.0336,236566.0,5082.0,120132.0,1.0,0.0,14617.0,0.0,2.0,-1.0,8017.0,-1485.0,6866.9829,6927.837580000001,6957.315965,-60.85468000000128,-90.3330649999998,6946.924675238096,6987.862958777778,116775.2,,0.8850799597056402,1.135632880408879,2.02071284011452,1.0,14617.0,1.0,6532.0,0.02148237701106668,-0.2651524075471731,,,0.8219,0.5667,0.272
20250304,6759.4742,6851.2322,6874.893,6745.347,272448.0,35882.0,200708.0,1.0,0.0,15706.0,0.0,3.0,0.0,7984.0,0.0,6835.86126,6902.774649999999,6950.935855000001,-66.91338999999971,-115.074595000001,6930.798345714286,6979.676779103174,125998.0,240849.6,0.9637243972144391,1.135632880408879,2.099357277623318,1.0,15706.0,3.0,7984.0,0.13170219638242894,-0.2763451899572693,,,0.8904,0.7187,0.264
20250305,6736.8029,6735.2523,6766.6464,6727.9491,287780.0,15332.0,123900.0,1.0,0.0,15780.0,0.0,3.0,-1.0,8205.0,-72.0,6812.29068,6875.0077,6943.721219999999,-62.71702000000005,-131.4305399999994,6910.275394761904,6969.641254285714,129576.3,,0.8918938875442364,1.103405736128048,1.995299623672284,1.0,15780.0,2.0,8133.0,0.0532768086732921,-0.2866980328498066,,,0.8767,0.6827,0.253
20250306,6717.7126,6736.7424,6739.6255,6655.9028,293104.0,5324.0,165823.0,1.0,-1.0,16037.0,-3290.0,2.0,-1.0,8050.0,-3125.0,6784.82804,6846.62175,6935.039525,-61.79370999999992,-150.2114849999998,6887.808079920634,6957.593912515872,136392.5,198987.6,0.9027558632087075,1.135632880408879,2.038388743617587,0.0,12747.0,1.0,4925.0,0.01816420110268028,-0.1920705997127752,,,0.8904,0.644,0.353
20250307,6731.6026,6719.3384,6737.0339,6687.4789,304098.0,10994.0,157538.0,1.0,-1.0,13961.0,-2905.0,2.0,-1.0,6421.0,-4339.0,6760.60916,6822.796270000001,6922.732575,-62.18711000000076,-162.123415,6867.254040079365,6943.860080095238,139836.6,,0.8870688008968111,1.135632880408879,2.022701681305691,0.0,11056.0,1.0,2082.0,0.03615281915698229,-0.2311952666810992,,,0.8493,0.6093,0.307
20250310,6675.0629,6734.9559,6750.2584,6669.2102,311089.0,6991.0,146633.0,2.0,-1.0,14583.0,-662.0,2.0,-1.0,6145.0,-2954.0,6724.13104,6795.55697,6904.443499999999,-71.42592999999943,-180.3124599999992,6845.389722698414,6928.478188793651,142033.1,,0.9226033944325837,1.135632880408879,2.058236274841463,1.0,13921.0,1.0,3191.0,0.022472668593232163,-0.5106633172045816,,,0.8493,0.5773,0.109
20250311,6634.2708,6693.8103,6696.3168,6598.367,313514.0,2425.0,118506.0,1.0,0.0,16389.0,0.0,3.0,-1.0,7036.0,-114.0,6699.09036,6767.475810000001,6882.167364999999,-68.38545000000067,-183.0770049999992,6820.532214444444,6911.39514915873,142452.0,,0.9751043071971279,1.136002407139732,2.11110671433686,1.0,16389.0,2.0,6922.0,0.007734901790669635,-0.3140812407901335,,,0.8219,0.492,0.23
20250312,6581.756,6652.7771,6674.9326,6575.1874,320502.0,6988.0,114559.0,2.0,-1.0,17236.0,-855.0,2.0,-1.0,8295.0,-1418.0,6668.080980000001,6740.185829999999,6856.968304999999,-72.1048499999988,-188.8873249999988,6794.111638650793,6892.820400555555,139800.6,,1.017089271539844,1.13670810738572,2.153797378925564,1.0,16381.0,1.0,6877.0,0.021803296079275638,-0.3545731107061955,,,0.7945,0.4707,0.198
20250313,6623.8847,6606.0297,6659.514,6595.3582,317464.0,-3038.0,112968.0,1.0,-1.0,17051.0,-1266.0,2.0,-1.0,9825.0,-832.0,6649.315400000001,6717.07172,6838.669225000001,-67.7563199999986,-189.3538249999992,6770.632572460318,6873.110090531746,139474.6,,1.034406289268394,1.13670810738572,2.171114396654114,0.0,15785.0,1.0,8993.0,-0.009569588992767684,-0.3482041270084018,,,0.7534,0.5013,0.202
20250314,6688.6557,6605.8938,6697.9443,6599.7979,311910.0,-5554.0,108722.0,1.0,0.0,17153.0,0.0,3.0,0.0,8380.0,0.0,6640.72602,6700.66759,6822.825555,-59.94156999999996,-182.0995350000003,6752.906741428572,6852.663342539682,136948.9,,1.069424596712382,1.151159017551153,2.220583614263535,1.0,17153.0,3.0,8380.0,-0.017806418518162292,-0.3661590602872282,,,0.7397,0.492,0.189
20250317,6661.4104,6677.6644,6717.1902,6633.4348,313488.0,1578.0,165250.0,1.0,0.0,17603.0,0.0,2.0,-1.0,7779.0,-3922.0,6637.995519999999,6681.06328,6804.45043,-43.06776000000082,-166.4549100000004,6737.720966666667,6831.74297168254,141460.7,,1.116916382739825,1.190019490935349,2.306935873675174,1.0,17603.0,1.0,3857.0,0.0050336854999234425,-0.2175570995171024,,,0.7123,0.48,0.323
20250318,6666.9047,6664.712,6675.5329,6610.5815,319154.0,5666.0,184385.0,1.0,0.0,17134.0,0.0,2.0,-1.0,6960.0,-5108.0,6644.5223,6671.806330000001,6787.290489999999,-27.28403000000162,-142.7681899999998,6723.197479365079,6810.982885047619,139828.4,221262.0,1.116674282957581,1.190019490935349,2.30669377389293,1.0,17134.0,1.0,1852.0,0.01775318498279827,-0.1979862428319863,,,0.6986,0.468,0.345
20250319,6640.7683,6672.3863,6687.2662,6628.9111,317249.0,-1905.0,131133.0,1.0,0.0,17676.0,0.0,2.0,-1.0,6464.0,-6032.0,6656.32476,6662.202869999999,6768.605285,-5.878109999998742,-112.2805249999992,6709.710523809523,6790.92639795238,140551.7,,1.146666205996187,1.151159017551153,2.297825223547339,1.0,17676.0,1.0,432.0,-0.006004747059880409,-0.2425364701914386,,,0.6986,0.448,0.292
20250320,6636.0251,6638.9528,6651.1089,6580.9664,320349.0,3100.0,168811.0,1.0,0.0,17318.0,0.0,2.0,-1.0,6756.0,-4373.0,6658.752839999999,6654.034119999999,6750.327934999999,4.718719999999848,-91.57509500000015,6695.947041825395,6771.740294142856,140850.5,,1.175263250296509,1.151159017551153,2.326422267847662,1.0,17318.0,1.0,2383.0,0.009676946080680758,-0.2506355226787303,,,0.6438,0.4293,0.284
20250321,6618.4373,6634.7926,6696.3377,6589.6049,317085.0,-3264.0,197460.0,1.0,0.0,16988.0,0.0,3.0,-1.0,7642.0,-1920.0,6644.70916,6642.71759,6732.75693,1.991570000000138,-88.04777000000013,6683.861678492064,6753.401057984127,144842.7,236952.0,1.221026025016145,1.190019490935349,2.411045515951495,1.0,16988.0,2.0,5722.0,-0.010293769809357112,-0.2814831425124303,,,0.6027,0.3707,0.254
20250324,6628.6184,6619.3252,6648.7822,6561.96,316371.0,-714.0,243155.0,1.0,0.0,19277.0,0.0,2.0,-1.0,5810.0,-3292.0,6638.15076,6638.07314,6716.815055000001,0.07761999999911495,-78.6642950000014,6672.505248809523,6736.112610595238,154494.9,291786.0,1.176919232729078,1.219671006800579,2.396590239529656,1.0,19277.0,1.0,2518.0,-0.002256844021733977,-0.2722019466885403,,,0.5205,0.2933,0.261
20250325,6586.1788,6629.6061,6637.7262,6579.3229,328479.0,12108.0,237570.0,1.0,0.0,17878.0,0.0,2.0,-1.0,6121.0,-3147.0,6622.00558,6633.26394,6700.369874999999,-11.25835999999981,-78.3642949999994,6661.09969968254,6720.169359119047,166401.3,285084.0,1.199991986790454,1.190019490935349,2.390011477725803,1.0,17878.0,1.0,2974.0,0.03686080388700647,-0.3418350348655907,,,0.4795,0.2627,0.203
20250326,6659.2185,6594.9386,6661.2403,6574.2927,324723.0,-3756.0,234292.0,1.0,0.0,19825.0,0.0,2.0,-2.0,2827.0,-4058.0,6625.69562,6641.010189999999,6690.59801,-15.31456999999864,-64.90238999999929,6654.180858333332,6706.176281087302,178374.6,281150.4,1.204212890340124,1.219671006800579,2.423883897140703,1.0,19825.0,0.0,-1231.0,-0.011566781533799577,-0.250499519655519,,,0.4795,0.2373,0.285
20250327,6675.7941,6666.8287,6684.2854,6640.7465,305377.0,-19346.0,175715.0,1.0,0.0,18756.0,0.0,2.0,-3.0,0.0,-2701.0,6633.64942,6646.201129999999,6681.636425,-12.55170999999973,-47.98700499999995,6651.797328015874,6694.292756642857,184649.3,,1.198465181045333,1.190019490935349,2.388484671980683,1.0,18756.0,-1.0,-2701.0,-0.06335120195692537,-0.2748091221892467,,,0.3973,0.204,0.26
20250328,6671.426,6702.9461,6735.0484,6667.197,298658.0,-6719.0,253429.0,1.0,0.0,18299.0,0.0,2.0,-1.0,3644.0,-467.0,6644.247160000001,6644.478160000001,6672.572875,-0.2309999999997672,-28.32571499999904,6652.072358253968,6684.209318325396,199120.0,304114.8,1.184317887020112,1.190019490935349,2.374337377955461,1.0,18299.0,1.0,3177.0,-0.022497304609285538,-0.2949286388682718,,,0.4384,0.196,0.238
20250331,6617.7064,6682.1152,6699.7358,6595.8176,312852.0,14194.0,229012.0,1.0,0.0,18046.0,0.0,3.0,-2.0,3684.0,-1466.0,6642.064759999999,6640.107760000001,6660.585520000001,1.956999999998516,-18.52076000000125,6648.814101984126,6675.318631857142,205496.2,,1.190949544076526,1.219671006800579,2.410620550877105,1.0,18046.0,1.0,2218.0,0.045369695574904424,-0.3242893215221144,,,0.5205,0.2773,0.222
20250401,6684.1184,6630.0543,6696.7734,6614.0449,320429.0,7577.0,212957.0,2.0,-1.0,16952.0,-377.0,1.0,-2.0,3384.0,-3398.0,6661.652680000001,6641.82913,6656.81773,19.82355000000098,4.834950000001299,6648.832386507936,6667.882122571427,208353.4,,1.171353636352057,1.219671006800579,2.391024643152636,1.0,16575.0,-1.0,-14.0,0.02364642401280783,-0.2683517531852442,,,0.5753,0.3267,0.268
20250402,6657.4928,6691.0209,6691.0209,6644.5761,320929.0,500.0,207258.0,2.0,0.0,17612.0,0.0,2.0,-2.0,3697.0,-3606.0,6661.30754,6643.501579999999,6652.852225,17.8059600000006,8.455315000000155,6649.482797936507,6661.859349984127,215965.9,,1.137294197746423,1.219671006800579,2.356965204547002,2.0,17612.0,0.0,91.0,0.001557976998027601,-0.2797455679009139,,,0.5753,0.3773,0.257
20250403,6510.0968,6649.7124,6660.4805,6503.7635,375057.0,54128.0,380934.0,2.0,-1.0,20099.0,0.0,2.0,-2.0,2570.0,-737.0,6628.16808,6630.90875,6642.471434999999,-2.740669999999227,-14.3033549999991,6640.046591904763,6656.269304992064,237178.2,457120.8,1.202517105136441,1.231807100990052,2.434324206126493,1.0,20099.0,0.0,1833.0,0.144319396785022,-0.3473770663781292,,,0.7808,0.6213,0.199
20250407,6183.6542,6183.3357,6184.4148,6183.3292,367819.0,-7238.0,17979.0,2.0,0.0,21790.0,0.0,3.0,-1.0,4207.0,0.0,6530.613719999999,6587.430440000001,6615.074015,-56.81672000000162,-84.46029500000077,6596.100438650794,6647.493181007936,219230.1,,1.471628832680333,1.231807100990052,2.703435933670385,2.0,21790.0,2.0,4207.0,-0.019678156919571855,-0.6002560859131381,,,0.7945,0.6107,0.07
20250408,5943.6159,5906.0554,6091.5246,5858.6416,351730.0,-16089.0,479633.0,2.0,0.0,20539.0,0.0,2.0,-1.0,10029.0,-3333.0,6395.79562,6518.930190000001,6578.501665000001,-123.1345700000011,-182.7060450000008,6532.197238809524,6633.462380007937,242877.9,575559.6,1.766794055522091,1.241131612786495,3.007925668308586,2.0,20539.0,1.0,6696.0,-0.04574247291956899,-0.5309624508237774,,,0.7945,0.5933,0.099
20250409,5822.5956,5946.5646,5982.8852,5667.6805,334991.0,-16739.0,500080.0,2.0,0.0,17644.0,0.0,1.0,-2.0,10403.0,-5026.0,6223.49106,6442.57187,6537.917905,-219.0808099999995,-314.426845,6461.845684761906,6613.536978515874,269128.9,600096.0,2.065275920749077,1.241131612786495,3.306407533535572,2.0,17644.0,-1.0,5377.0,-0.04996850661659567,-0.451112644852655,,,0.8082,0.6333,0.136
20250410,6109.2176,5777.2375,6121.174,5744.3196,301221.0,-33770.0,469086.0,2.0,0.0,17771.0,0.0,1.0,-2.0,3043.0,-7051.0,6113.836020000001,6387.57178,6514.290985,-273.7357599999996,-400.454964999999,6409.4729865873,6589.06619134127,292608.3,562903.2,2.416718165993904,1.241131612786495,3.657849778780399,2.0,17771.0,-1.0,-4008.0,-0.11211037743052443,-0.3848894634591685,,,0.8082,0.6333,0.174
20250411,6125.8096,6073.0932,6136.6091,6003.2772,289097.0,-12124.0,286369.0,2.0,0.0,18601.0,0.0,1.0,-2.0,2462.0,-4301.0,6036.97858,6332.57333,6489.38723,-295.5947500000002,-452.4086500000003,6369.999610079367,6560.886419547618,303673.7,,2.459560213772992,1.25070757048499,3.710267784257983,2.0,18601.0,-1.0,-1839.0,-0.04193748119143402,-0.2325357668063708,,,0.7808,0.6333,0.314
20250414,6033.8141,6102.4713,6153.3517,6031.2814,296800.0,7703.0,251873.0,2.0,0.0,22937.0,0.0,0.0,-3.0,0.0,-7813.0,6007.01056,6268.81214,6456.64515,-261.8015800000003,-449.6345900000006,6330.091076031746,6528.688291325397,303518.1,,2.515426317238314,1.25070757048499,3.766133887723305,2.0,22937.0,-3.0,-7813.0,0.025953504043126685,-0.4663467645819112,,,0.8082,0.6373,0.121
20250415,5974.9523,6049.4956,6065.8712,5963.7879,302862.0,6062.0,236149.0,2.0,0.0,21392.0,0.0,0.0,-3.0,0.0,-11957.0,6013.27784,6204.53673,6422.322244999999,-191.2588900000001,-409.0444049999996,6286.849305793651,6492.491811706349,304231.8,,2.582027509358477,1.261222012872428,3.843249522230906,2.0,21392.0,-3.0,-11957.0,0.020015716729071327,-0.2891486216238464,,,0.5479,0.44,0.251
20250416,5879.143,5961.7982,5975.9503,5854.0546,308395.0,5533.0,240817.0,2.0,0.0,21501.0,0.0,0.0,-3.0,0.0,-10842.0,6024.58732,6124.03919,6382.93416,-99.45186999999987,-358.3468400000002,6237.566831825397,6451.365256238095,307017.8,,2.644708379790184,1.261222012872428,3.905930392662612,2.0,21501.0,-3.0,-10842.0,0.017941276609542957,-0.5953793739417931,,,0.6027,0.4053,0.073
20250417,5940.1788,5921.6197,6016.836,5889.3858,297317.0,-11078.0,300406.0,2.0,0.0,20116.0,0.0,1.0,-3.0,0.0,-10974.0,5990.77956,6052.30779,6347.904685,-61.52822999999989,-357.1251249999996,6195.440409920635,6405.961017436508,316332.6,,2.775062938576937,1.261222012872428,4.036284951449366,2.0,20116.0,-2.0,-10974.0,-0.03725989432154905,-0.4781275463687767,,,0.5753,0.3013,0.117
20250418,5956.5739,5948.9301,5978.7338,5922.0859,300629.0,3312.0,197180.0,2.0,0.0,18979.0,0.0,1.0,-2.0,690.0,-13572.0,5956.932419999999,5996.955499999999,6313.932125,-40.02307999999994,-356.9997050000011,6157.650940952378,6357.72145234127,297957.2,,2.785051599655003,1.261222012872428,4.046273612527432,2.0,18979.0,-1.0,-12882.0,0.011016901230420218,-0.4672815236918175,,,0.5479,0.28,0.123
20250421,6004.4008,5946.6019,6027.4296,5931.042,294135.0,-6494.0,243597.0,2.0,0.0,19066.0,0.0,1.0,-2.0,1971.0,-16848.0,5951.04976,5979.03016,6283.2303,-27.98040000000037,-332.1805400000003,6126.386469523811,6310.750055428571,320519.0,,2.796179130746203,1.261222012872428,4.057401143618631,2.0,19066.0,-1.0,-14877.0,-0.022078297380454553,-0.3965670824098454,,,0.5205,0.256,0.17
20250422,5972.7601,5991.1124,6004.717,5936.2704,296984.0,2849.0,199079.0,2.0,0.0,19173.0,0.0,1.0,-2.0,1949.0,-22782.0,5950.611320000001,5981.94458,6250.437385,-31.33325999999943,-299.8260649999993,6097.100881825397,6267.240419730158,292463.6,,2.802769036281449,1.261222012872428,4.063991049153877,2.0,19173.0,-1.0,-20833.0,0.009593109393098619,-0.4454696643151546,,,0.4795,0.192,0.144
20250423,6081.6801,5972.2798,6085.2212,5913.6381,287163.0,-9821.0,324659.0,1.0,-1.0,14990.0,-383.0,1.0,-2.0,844.0,-21295.0,5991.11874,6007.85303,6225.212450000001,-16.73429000000033,-234.093710000001,6076.400417539682,6228.695893007936,274921.5,,2.969884625149122,1.261222012872428,4.23110663802155,0.0,14607.0,-1.0,-20451.0,-0.034200088451506634,-0.264349299019657,,,0.4932,0.1613,0.285
20250424,6019.0452,6046.483,6056.1136,5964.6474,286572.0,-591.0,247248.0,1.0,0.0,16141.0,0.0,1.0,-2.0,2830.0,-23237.0,6006.89202,5998.835789999999,6193.203785,8.056230000001051,-186.3117649999995,6057.174955158733,6193.46608986508,252737.7,,2.940019784921183,1.282512020503789,4.222531805424971,1.0,16141.0,-1.0,-20407.0,-0.0020623089485364934,-0.2895645263882306,,,0.4521,0.1427,0.254
20250425,6037.8682,6013.4601,6093.446,5997.971,278445.0,-8127.0,226009.0,1.0,0.0,15567.0,0.0,1.0,-2.0,1896.0,-23049.0,6023.150879999999,5990.04165,6161.30749,33.10922999999912,-138.1566100000009,6042.461285634921,6160.712257420635,246701.7,,2.669457229015427,1.307326994465827,3.976784223481254,1.0,15567.0,-1.0,-21153.0,-0.029187092603566233,-0.3358904024284788,,,0.3425,0.0973,0.217
20250428,6154.9408,6016.1889,6174.6058,6016.1889,269613.0,-8832.0,365983.0,1.0,0.0,14626.0,0.0,1.0,-2.0,919.0,-21811.0,6053.258879999999,6002.15432,6135.48323,51.10455999999976,-82.22435000000041,6038.180367142857,6131.521186531746,258112.7,439179.6,2.464688681265732,1.307326994465827,3.77201567573156,1.0,14626.0,-1.0,-20892.0,-0.03275806433666032,-0.2593544777034096,,,0.4658,0.14,0.295
20250429,6150.667,6146.568,6180.6978,6111.8919,251285.0,-18328.0,274706.0,1.0,0.0,13728.0,0.0,0.0,-3.0,0.0,-22301.0,6088.84026,6019.72579,6112.13126,69.11447000000044,-23.29100000000017,6039.450787936507,6106.781334746031,261968.4,,2.163313065801885,1.307326994465827,3.470640060267713,1.0,13728.0,-3.0,-22301.0,-0.07293710328909406,-0.1807774378720913,,,0.4932,0.1413,0.389
20250430,6123.7984,6133.8581,6178.4701,6096.1212,225729.0,-25556.0,228643.0,2.0,0.0,16294.0,0.0,0.0,-3.0,0.0,-24475.0,6097.263919999999,6044.19133,6084.11526,53.07258999999976,13.14865999999893,6041.769653412699,6087.201616904762,260751.0,,1.814229268401319,1.315843896838805,3.130073165240125,2.0,16294.0,-3.0,-24475.0,-0.11321540431225054,-0.2613279144290559,,,0.4658,0.1587,0.29
20250506,6075.8832,6086.6387,6109.8405,5997.9931,239730.0,14001.0,271283.0,2.0,0.0,16257.0,0.0,1.0,-2.0,911.0,-20920.0,6108.63152,6057.76177,6055.03478,50.86974999999984,53.59673999999995,6041.360801190477,6071.793656031746,257838.7,,1.806385224485161,1.332832552071701,3.139217776556862,2.0,16257.0,-1.0,-20009.0,0.058403203604054564,-0.2820625543516576,,,0.5205,0.2413,0.265
20250507,6160.4973,6089.479,6247.4825,6081.525,254237.0,14507.0,299873.0,3.0,0.0,15922.0,0.0,0.0,-3.0,0.0,-23670.0,6133.157340000001,6078.154109999999,6037.554805000001,55.00323000000117,95.60253499999999,6052.111267539683,6061.239688690477,268108.0,,1.862269855093921,1.393783843272427,3.256053698366348,3.0,15922.0,-3.0,-23670.0,0.05706093133572218,-0.1794814848666101,,,0.5616,0.2733,0.39
20250508,6251.3989,6136.5606,6253.0993,6107.9537,259545.0,5308.0,274693.0,2.0,0.0,12784.0,0.0,0.0,-3.0,0.0,-19931.0,6152.44896,6102.85392,6040.94204,49.59504000000015,111.5069199999998,6068.469924285714,6055.448034166667,271217.6,,1.906975242203448,1.470982280356201,3.377957522559649,2.0,12784.0,-3.0,-19931.0,0.020451174170182433,-0.2056508627452197,,,0.5753,0.3133,0.35
20250509,6264.5966,6260.0198,6282.0916,6232.8802,257909.0,-1636.0,233003.0,1.0,0.0,11545.0,0.0,0.0,-3.0,0.0,-18983.0,6175.23488,6132.03757,6056.991075,43.19730999999956,118.2438050000001,6089.768314920633,6054.714777476191,274610.0,,1.813031381200805,1.470982280356201,3.284013661557006,1.0,11545.0,-3.0,-18983.0,-0.006343322644808828,-0.1225485798949613,,,0.5753,0.2707,0.459
20250512,6397.8311,6268.6103,6402.2668,6230.2238,269427.0,11518.0,293441.0,1.0,0.0,11511.0,0.0,0.0,-3.0,0.0,-27042.0,6230.04142,6163.65267,6085.75285,66.38874999999916,144.2885699999997,6117.336344999999,6058.808370222223,271488.2,,1.843448228382017,1.492044921195081,3.335493149577098,1.0,11511.0,-3.0,-27042.0,0.04274998422578286,-0.070302603204841,,,0.3151,0.1253,0.529
20250513,6458.8932,6455.0898,6485.2318,6396.602,262260.0,-7167.0,274168.0,1.0,0.0,11481.0,0.0,0.0,-3.0,0.0,-23432.0,6306.64342,6207.63747,6103.23663,99.00595000000067,203.40679,6153.764346746031,6068.467309380952,274180.2,,1.869821739716184,1.492044921195081,3.361866660911265,1.0,11481.0,-3.0,-23432.0,-0.02732784259894761,-0.0155966247867647,,,0.3425,0.1307,0.577
20250514,6607.8439,6479.9978,6648.7402,6475.1234,262214.0,-46.0,392982.0,2.0,0.0,12834.0,0.0,0.0,-3.0,0.0,-19983.0,6396.11274,6264.635039999999,6127.338345,131.4777000000004,268.7743949999995,6199.770937619048,6084.198274579365,290877.5,471578.4,1.964540808963778,1.492044921195081,3.456585730158859,2.0,12834.0,-3.0,-19983.0,-0.0001754292295605879,-0.1781037640349177,,,0.274,0.132,0.389
20250515,6550.7398,6592.9968,6640.2425,6546.6725,253416.0,-8798.0,339759.0,2.0,0.0,12621.0,0.0,0.0,-3.0,0.0,-18614.0,6455.98092,6304.21494,6153.18463,151.7659800000001,302.7962900000002,6243.093849682539,6104.689622833333,288255.1,,1.980306132303171,1.492044921195081,3.472351053498252,2.0,12621.0,-3.0,-18614.0,-0.03471761846134419,-0.0378215021738356,,,0.2466,0.1333,0.557
20250516,6530.1112,6548.6775,6587.5319,6518.6947,251373.0,-2043.0,247803.0,2.0,0.0,12682.0,0.0,0.0,-3.0,0.0,-18577.0,6509.083840000001,6342.15936,6180.942575,166.9244800000015,328.1412650000011,6281.040663650792,6128.848610404762,285564.8,,1.853146214102966,1.492044921195081,3.345191135298047,2.0,12682.0,-3.0,-18577.0,-0.008127364514088626,-0.2469952197227111,,,0.3288,0.1347,0.304
20250519,6525.5193,6547.3371,6596.7894,6505.2496,256245.0,4872.0,282656.0,2.0,0.0,12813.0,0.0,0.0,-3.0,0.0,-16127.0,6534.62148,6382.33145,6213.26139,152.2900300000001,321.3600900000001,6315.327580952383,6156.20440315873,290966.1,,1.813641884089869,1.492044921195081,3.30568680528495,2.0,12813.0,-3.0,-16127.0,0.019013053913247088,-0.0876616540519305,,,0.3425,0.136,0.501
20250520,6489.3296,6529.1581,6529.1581,6433.3515,260175.0,3930.0,250096.0,2.0,0.0,13476.0,0.0,1.0,-2.0,2551.0,-16498.0,6540.70876,6423.67609,6240.71893,117.0326699999996,299.9898299999995,6343.122216984128,6186.380544738096,288847.4,,1.80478892992176,1.492044921195081,3.296833851116841,2.0,13476.0,-1.0,-13947.0,0.015105217641971749,0.1767019138977879,,,0.411,0.14,0.752
20250521,6528.9283,6483.474,6547.6553,6472.1527,256561.0,-3614.0,207769.0,2.0,0.0,12619.0,0.0,0.0,-3.0,0.0,-10925.0,6524.925639999999,6460.519190000001,6269.336649999999,64.40644999999859,255.5889900000002,6370.14000095238,6218.183418079365,279637.0,,1.704174060575212,1.492044921195081,3.196218981770294,2.0,12619.0,-3.0,-10925.0,-0.014086318653263746,0.1049161434128304,,,0.4384,0.1413,0.695
20250522,6439.5159,6524.9321,6534.5657,6436.3863,253763.0,-2798.0,212828.0,2.0,0.0,13474.0,0.0,0.0,-3.0,0.0,-10192.0,6502.68086,6479.33089,6291.092404999999,23.34997000000021,211.588455000001,6390.420573492064,6250.378483,273450.5,,1.731522690917968,1.519143819264818,3.250666510182786,2.0,13474.0,-3.0,-10192.0,-0.01102603610455425,0.0271346060714942,,,0.3699,0.1373,0.616
20250523,6439.5235,6443.0069,6502.9973,6429.8591,258255.0,4492.0,244362.0,2.0,0.0,13192.0,0.0,0.0,-3.0,0.0,-11989.0,6484.56332,6496.823579999999,6314.430575,-12.26025999999911,170.1327449999999,6405.942010158729,6281.995852523809,274586.4,,1.715163516082935,1.519143819264818,3.234307335347753,2.0,13192.0,-3.0,-11989.0,0.01739366130375017,0.1122672860477726,,,0.3151,0.1387,0.704
20250526,6422.332,6434.7776,6521.0532,6410.2443,264608.0,6353.0,283084.0,2.0,0.0,14040.0,0.0,0.0,-3.0,0.0,-9856.0,6463.92586,6499.27367,6331.46317,-35.34781000000021,132.4626900000003,6418.939626587301,6312.156180682539,273550.7,,1.691915767927261,1.542905826085075,3.234821594012336,2.0,14040.0,-3.0,-9856.0,0.024009100253960577,0.0893443398474891,,,0.3151,0.1453,0.677
20250527,6439.3916,6424.3251,6450.7917,6349.7898,254243.0,-10365.0,267649.0,2.0,0.0,13726.0,0.0,0.0,-3.0,0.0,-8007.0,6453.938260000001,6497.32351,6352.48049,-43.38524999999936,101.4577700000009,6428.079951984128,6339.587741206349,272898.8,,1.608551707277379,1.569222552592348,3.177774259869727,2.0,13726.0,-3.0,-8007.0,-0.0407680840770444,0.2035292135515406,,,0.274,0.1467,0.772
20250528,6368.0122,6433.392,6450.3445,6358.6495,252159.0,-2084.0,203626.0,2.0,0.0,14136.0,0.0,0.0,-3.0,0.0,-5132.0,6421.755040000001,6473.34034,6368.98769,-51.58529999999882,52.76735000000099,6432.041548730158,6362.81480231746,253963.2,,1.547392283740184,1.569222552592348,3.116614836332531,2.0,14136.0,-3.0,-5132.0,-0.008264626683957344,0.1478870526077365,,,0.2877,0.1267,0.737
20250529,6480.9174,6392.0536,6506.8022,6340.3915,245156.0,-7003.0,322375.0,2.0,0.0,10685.0,0.0,0.0,-3.0,0.0,-9587.0,6430.03534,6466.3581,6385.28652,-36.32276000000002,44.74882000000071,6440.111709682541,6382.51658831746,252224.8,386850.0,1.672947382493847,1.574691241367383,3.24763862386123,2.0,10685.0,-3.0,-9587.0,-0.02856548483414642,0.1760222488247189,,,0.2877,0.128,0.75
20250530,6370.844,6446.3063,6446.3063,6346.5312,215687.0,-29469.0,300998.0,2.0,0.0,14686.0,0.0,0.0,-3.0,0.0,-12374.0,6416.299440000001,6450.43138,6396.29537,-34.1319399999993,20.00407000000087,6441.419987857141,6398.554520738096,257544.3,,1.631905419515529,1.590875046538824,3.222780466054353,2.0,14686.0,-3.0,-12374.0,-0.1366285404312731,0.1275554101964406,,,0.3014,0.168,0.718
20250603,6320.7336,6420.4322,6483.4089,6318.731,237146.0,21459.0,254797.0,2.0,0.0,17617.0,0.0,0.0,-3.0,0.0,-6553.0,6395.97976,6429.952810000001,6406.142129999999,-33.97305000000051,-10.1623699999991,6438.853001507935,6410.907062793651,254758.4,,1.71841464122073,1.590875046538824,3.309289687759554,2.0,17617.0,-3.0,-6553.0,0.09048855979017145,0.1348319552075453,,,0.3288,0.1893,0.722
20250604,6373.2418,6356.8548,6406.6427,6324.6176,242532.0,5386.0,288888.0,2.0,0.0,17773.0,0.0,1.0,-2.0,1147.0,-8020.0,6382.7498,6418.344029999999,6421.01006,-35.5942299999997,-38.26026000000002,6434.678424603175,6420.062683555555,258637.6,,1.607750690563182,1.590875046538824,3.198625737102005,2.0,17773.0,-1.0,-6873.0,0.02220737882011446,0.2243811022240577,,,0.6712,0.4333,0.786
20250605,6316.4051,6359.6157,6367.3958,6292.6559,257958.0,15426.0,232370.0,2.0,0.0,18238.0,0.0,1.0,-2.0,3384.0,-6736.0,6372.428379999999,6397.09171,6428.80545,-24.66333000000031,-56.37707000000046,6426.056807380954,6425.654364198413,261097.7,,1.597515139282523,1.590875046538824,3.188390185821347,2.0,18238.0,-1.0,-3352.0,0.05980043262856744,0.1885728616313353,,,0.6712,0.4347,0.76
20250606,6341.1359,6337.7152,6405.8943,6301.0532,280691.0,22733.0,317851.0,2.0,0.0,16852.0,0.0,2.0,-1.0,3483.0,-6782.0,6344.47208,6387.25371,6433.292299999999,-42.7816300000004,-88.82021999999961,6418.088909126984,6428.421197761904,271600.0,,1.640943383103929,1.608232997492552,3.249176380596481,2.0,16852.0,1.0,-3299.0,0.08098941540697778,0.2000422933843147,,,0.6301,0.476,0.767
20250609,6305.2349,6346.597,6383.384,6275.34,282939.0,2248.0,410751.0,2.0,0.0,14373.0,0.0,2.0,-1.0,1725.0,-4560.0,6331.35026,6373.82485,6435.324215000001,-42.47458999999981,-103.9739550000004,6406.945727857144,6428.521569531747,288238.9,492901.2,1.663388655351951,1.628934731273512,3.292323386625463,2.0,14373.0,1.0,-2835.0,0.007945175461848667,0.202321590431936,,,0.6575,0.4853,0.769
20250610,6297.0748,6319.3027,6381.7355,6292.5369,281869.0,-1070.0,303124.0,1.0,0.0,13019.0,0.0,1.0,-2.0,737.0,-11228.0,6326.6185,6361.29913,6430.2864,-34.68063000000075,-103.6679000000004,6395.039750714286,6426.131581944444,290242.9,,1.659576121813319,1.628934731273512,3.288510853086831,1.0,13019.0,-1.0,-10491.0,-0.0037960896728622164,0.154661212262251,,,0.6575,0.4867,0.734
20250611,6320.5349,6300.4965,6349.132,6266.8476,287713.0,5844.0,310885.0,1.0,0.0,12915.0,0.0,1.0,-2.0,787.0,-9013.0,6316.07712,6349.41346,6423.368485000001,-33.33633999999984,-107.291365000001,6383.192373571426,6421.642824103174,294566.5,,1.671051729878379,1.628934731273512,3.299986461151891,1.0,12915.0,-1.0,-8226.0,0.020311908047255425,0.2280771010653485,,,0.3288,0.2067,0.787
20250612,6295.3191,6344.3757,6374.9089,6285.9276,284676.0,-3037.0,323854.0,1.0,0.0,13879.0,0.0,1.0,-2.0,355.0,-10989.0,6311.85992,6342.14415,6407.742244999999,-30.28423000000021,-95.88232499999958,6372.853829047618,6415.72405213492,306589.3,,1.663431970668706,1.628934731273512,3.292366701942218,1.0,13879.0,-1.0,-10634.0,-0.010668268487684245,0.1665360304109426,,,0.2877,0.176,0.739
20250613,6465.5289,6297.7666,6585.4531,6288.2829,286357.0,1681.0,487105.0,1.0,0.0,8717.0,0.0,1.0,-3.0,171.0,-7458.0,6336.73852,6340.6053,6403.4817,-3.86678000000029,-66.7431800000004,6374.068617380953,6409.119742904762,323062.3,584526.0,1.914338256814972,1.675417634865104,3.589755891680076,1.0,8717.0,-2.0,-7287.0,0.005870294771910587,0.209099528396397,,,0.3425,0.1773,0.774
20250616,6488.4466,6499.3178,6521.7089,6445.2322,281488.0,-4869.0,366006.0,1.0,0.0,8331.0,0.0,0.0,-3.0,0.0,-14591.0,6373.380859999999,6352.36556,6401.39847,21.01529999999912,-28.01761000000079,6381.454047380953,6403.123148857142,329563.1,,1.874422657866861,1.675417634865104,3.549840292731965,1.0,8331.0,-3.0,-14591.0,-0.017297362587392714,0.1986687476443376,,,0.3288,0.1587,0.763
20250617,6510.1441,6459.8795,6513.7852,6409.2207,275416.0,-6072.0,340130.0,1.0,-1.0,8856.0,-1708.0,0.0,-3.0,0.0,-14909.0,6415.994720000001,6371.30661,6400.62971,44.68811000000096,15.36501000000044,6389.127241349206,6398.150572841269,338096.4,,1.876928326857251,1.675417634865104,3.552345961722354,0.0,7148.0,-3.0,-14909.0,-0.022046649432131755,0.2713958501979774,,,0.274,0.1227,0.809
20250618,6648.8229,6535.6774,6684.3151,6529.5329,288498.0,13082.0,402919.0,1.0,-1.0,4395.0,-715.0,0.0,-3.0,0.0,-12757.0,6481.652319999999,6398.86472,6408.604375000001,82.78759999999875,73.04794499999844,6408.961135793651,6395.578843960317,349499.5,,1.963158198530744,1.710536558405162,3.673694756935906,0.0,3680.0,-3.0,-12757.0,0.045345201699838474,0.4322766106296364,,,0.3014,0.1267,0.874
20250619,6747.5906,6652.0297,6749.4731,6609.6001,295810.0,7312.0,347884.0,1.0,-1.0,2479.0,-456.0,0.0,-3.0,0.0,-10895.0,6572.10662,6441.98327,6419.537490000001,130.1233500000008,152.5691299999999,6437.702972936506,6396.743460515872,361050.9,,1.927776747822073,1.718283602090108,3.646060349912181,0.0,2023.0,-3.0,-10895.0,0.024718569351948886,0.58211086426349,,,0.274,0.0093,0.915
20250620,6770.4173,6735.4106,6824.7649,6735.4106,296360.0,550.0,324104.0,2.0,0.0,5336.0,0.0,0.0,-3.0,0.0,-8506.0,6633.0843,6484.91141,6436.082560000001,148.1728900000007,197.0017399999997,6470.677965317463,6402.002366134921,361676.2,,1.869312875811882,1.718283602090108,3.58759647790199,2.0,5336.0,-3.0,-8506.0,0.0018558509920367121,0.5803134009655334,,,0.3014,0.024,0.914
20250623,6779.0443,6754.9773,6835.3045,6714.3659,283319.0,-13041.0,305007.0,2.0,0.0,5765.0,0.0,0.0,-3.0,0.0,-10674.0,6691.20384,6532.292350000001,6453.058599999999,158.9114899999995,238.1452400000007,6502.862043095238,6411.59399765873,351101.8,,1.811616899845284,1.74882381605613,3.560440715901414,2.0,5765.0,-3.0,-10674.0,-0.04602938736900808,0.5770371449648649,,,0.3562,0.0333,0.913
20250624,6548.6643,6753.9075,6769.6888,6487.915,283229.0,-90.0,369017.0,2.0,0.0,11391.0,0.0,0.0,-3.0,0.0,-13538.0,6698.907880000001,6557.451300000001,6459.375215,141.45658,239.5326650000006,6517.946428412698,6423.884665428572,357691.1,,2.034046174531631,1.848153248373504,3.882199422905134,2.0,11391.0,-3.0,-13538.0,-0.00031776407076958925,0.3856071161706348,,,0.137,0.0027,0.846
20250625,6550.0863,6561.9989,6561.9989,6519.9647,278219.0,-5010.0,202699.0,2.0,0.0,14144.0,0.0,0.0,-3.0,0.0,-15304.0,6679.160560000001,6580.406440000001,6464.909949999999,98.75412000000051,214.2506100000019,6526.513316111112,6438.216759682539,346872.5,,1.986493947450493,1.848153248373504,3.834647195823996,2.0,14144.0,-3.0,-15304.0,-0.018007397050524947,0.39667295422413,,,0.1233,0.0013,0.854
20250626,6503.723,6533.1816,6557.3037,6490.833,264394.0,-13825.0,208849.0,2.0,0.0,13864.0,0.0,0.0,-3.0,0.0,-16086.0,6630.38704,6601.246830000001,6471.69549,29.14020999999866,158.6915499999996,6530.774865079366,6454.008863285714,335372.0,,1.940895027450866,1.848153248373504,3.789048275824369,2.0,13864.0,-3.0,-16086.0,-0.05228938629469655,0.3875231524360105,,,0.1096,0.0027,0.847
20250627,6482.967,6499.6259,6510.6574,6462.1066,252225.0,-12169.0,205928.0,2.0,0.0,13366.0,0.0,0.0,-3.0,0.0,-17770.0,6572.89698,6602.990639999999,6471.79797,-30.09365999999864,101.0990100000008,6532.677797857144,6469.869781333334,307254.3,,1.872036128037433,1.848153248373504,3.720189376410937,2.0,13366.0,-3.0,-17770.0,-0.04824660521359897,0.3766966928877663,,,0.1233,0.004,0.841
20250630,6498.2636,6488.0738,6547.9949,6476.7332,242801.0,-9424.0,218675.0,2.0,0.0,11682.0,0.0,0.0,-3.0,0.0,-14762.0,6516.74084,6603.97234,6478.16895,-87.23149999999987,38.57189000000017,6535.102495079363,6485.234626103174,292521.2,,1.848345119474979,1.848153248373504,3.696498367848483,2.0,11682.0,-3.0,-14762.0,-0.03881367869160341,0.4257535249785779,,,0.1233,0.0053,0.865
20250701,6515.5016,6511.915,6569.5393,6470.988,270864.0,28063.0,357477.0,2.0,0.0,12022.0,0.0,0.0,-3.0,0.0,-12728.0,6510.1083,6604.50809,6487.90735,-94.3997900000004,22.20094999999947,6538.435621984127,6500.165464166666,294255.9,428972.4,1.862138822193673,1.848153248373504,3.710292070567176,2.0,12022.0,-3.0,-12728.0,0.10360549943883277,0.4078860932210514,,,0.1096,0.0067,0.857
20250702,6533.5732,6519.2978,6546.5593,6487.0044,276952.0,6088.0,185724.0,2.0,0.0,10652.0,0.0,0.0,-3.0,0.0,-14400.0,6506.805679999999,6592.98312,6495.92392,-86.17744000000039,10.8817599999993,6542.269147063494,6513.496265293651,272536.4,,1.825348294561444,1.848153248373504,3.673501542934948,2.0,10652.0,-3.0,-14400.0,0.021982148531153413,0.4088042680333972,,,0.2192,0.0307,0.857
20250703,6480.9456,6547.0627,6547.067,6475.344,278208.0,1256.0,182889.0,2.0,0.0,11423.0,0.0,0.0,-3.0,0.0,-19464.0,6502.250199999999,6566.31862,6504.150944999999,-64.06842000000051,-1.900744999999915,6542.63336777778,6523.989304777779,256036.9,,1.580146202830422,1.74882381605613,3.328970018886551,2.0,11423.0,-3.0,-19464.0,0.004514607775477341,0.4214868206543361,,,0.2877,0.0707,0.862
20250704,6436.4966,6484.3132,6507.5647,6431.2993,274949.0,-3259.0,196980.0,2.0,0.0,12978.0,0.0,0.0,-3.0,0.0,-18399.0,6492.956120000001,6532.92655,6508.91898,-39.9704299999994,-15.96285999999964,6538.194477460318,6530.740955992064,243324.5,,1.58080875131596,1.718283602090108,3.299092353406068,2.0,12978.0,-3.0,-18399.0,-0.011853107303536291,0.3683166165169937,,,0.3288,0.0787,0.832
20250707,6428.6057,6437.8163,6464.0965,6408.1875,273602.0,-1347.0,158707.0,2.0,0.0,13330.0,0.0,0.0,-3.0,0.0,-20862.0,6479.02454,6497.88269,6515.087519999999,-18.85815000000002,-36.06297999999879,6530.774127222222,6533.532164404763,228694.5,,1.52928121540171,1.710536558405162,3.239817773806871,2.0,13330.0,-3.0,-20862.0,-0.004923209625660631,0.3551094750956272,,,0.3425,0.088,0.826
20250708,6428.3526,6436.1648,6445.894,6413.9909,278838.0,5236.0,164913.0,2.0,0.0,12275.0,0.0,0.0,-3.0,0.0,-18061.0,6461.59474,6485.85152,6521.65141,-24.25678000000062,-60.05667000000085,6522.647603412699,6534.002281904762,208284.1,,1.377820059747582,1.675417634865104,3.053237694612685,2.0,12275.0,-3.0,-18061.0,0.01877792840287192,0.363779552438635,,,0.3288,0.072,0.827
20250709,6442.6629,6432.0434,6454.1802,6412.7247,281234.0,2396.0,206873.0,2.0,0.0,12917.0,0.0,0.0,-3.0,0.0,-16327.0,6443.412679999999,6475.10918,6527.75781,-31.69650000000092,-84.34513000000061,6514.703605079365,6532.821310801588,208701.5,,1.27473815336712,1.625046334678101,2.899784488045221,2.0,12917.0,-3.0,-16327.0,0.0085195957814489,0.3350051975281595,,,0.3425,0.0707,0.821
20250710,6471.4296,6439.8443,6490.6451,6432.0746,278189.0,-3045.0,252402.0,2.0,-1.0,11443.0,-308.0,1.0,-3.0,0.0,-16929.0,6441.509480000001,6471.87984,6536.563335000001,-30.37035999999898,-95.05385500000011,6508.033762380952,6530.547200531747,213056.8,,1.245130693360721,1.605640733095612,2.850771426456333,1.0,11135.0,-2.0,-16929.0,-0.01094579584383279,0.324785350902044,,,0.3699,0.0747,0.813
20250711,6420.3986,6452.3785,6468.4304,6406.6502,276237.0,-1952.0,208796.0,2.0,-1.0,13452.0,-535.0,0.0,-3.0,0.0,-17461.0,6438.28988,6465.623,6534.30682,-27.33311999999933,-96.01693999999952,6498.449316666667,6527.124352412698,213343.6,,1.188162828467917,1.590875046538824,2.779037875006741,1.0,12917.0,-3.0,-17461.0,-0.007066395884693217,0.2765788127118383,,,0.2603,0.0347,0.794
20250714,6473.0642,6427.1528,6475.9847,6396.4863,280891.0,4654.0,240216.0,1.0,-1.0,12394.0,-557.0,1.0,-3.0,0.0,-10987.0,6447.181579999999,6463.103059999999,6533.5377,-15.92147999999997,-86.35612000000037,6490.968874444445,6522.710990349207,215497.7,,0.9557355857834392,1.573608408395934,2.529343994179373,0.0,11837.0,-2.0,-10987.0,0.016568704586476603,0.303937007038524,,,0.1781,0.008,0.807
20250715,6385.5938,6466.3668,6481.2077,6371.9911,272089.0,-8802.0,241317.0,2.0,0.0,13908.0,0.0,1.0,-3.0,0.0,-13895.0,6438.62982,6450.11228,6527.310185,-11.48246000000017,-88.68036500000017,6478.869897698412,6516.754417920636,203881.7,,1.031706099091445,1.573608408395934,2.605314507487379,2.0,13908.0,-2.0,-13895.0,-0.0323497091025363,0.0732188900117301,,,0.137,0.0013,0.631
20250716,6381.53,6398.734,6398.9761,6371.551,279414.0,7325.0,145463.0,1.0,0.0,13505.0,0.0,2.0,-1.0,2590.0,-12767.0,6426.40324,6434.90796,6513.94554,-8.504719999999907,-87.54230000000007,6465.352512936509,6509.062754507937,199855.6,,0.9898990793088492,1.542183937437443,2.532083016746292,1.0,13505.0,1.0,-10177.0,0.026215579749046217,0.1103202277014811,,,0.1233,0.0027,0.667
20250717,6384.2993,6370.8327,6403.5055,6350.927,276128.0,-3286.0,185714.0,1.0,0.0,13936.0,0.0,2.0,-1.0,2417.0,-10023.0,6408.97718,6425.243329999999,6495.780975,-16.26614999999947,-86.80379499999981,6452.349814285712,6500.034399158731,200138.1,,0.9954422460043976,1.542183937437443,2.53762618344184,1.0,13936.0,1.0,-7606.0,-0.011900278131880868,0.1405513718829778,,,0.137,0.004,0.699
20250718,6387.3122,6386.1667,6487.9465,6369.3359,268777.0,-7351.0,333167.0,1.0,0.0,11913.0,0.0,1.0,-2.0,2507.0,-10032.0,6402.359899999999,6420.32489,6476.62572,-17.9649900000004,-74.26582000000053,6443.024311666665,6490.517382579364,213756.8,399800.4,1.049177948459108,1.542183937437443,2.591361885896551,1.0,11913.0,-1.0,-7525.0,-0.027349810437649055,-0.0006176312751353,,,0.1233,0.0013,0.551
20250721,6461.4977,6396.6435,6482.3484,6396.6435,271130.0,2353.0,232464.0,1.0,0.0,9404.0,0.0,2.0,-2.0,2977.0,-9886.0,6400.0466,6423.61409,6460.748390000001,-23.56749000000036,-60.70179000000098,6440.046036507936,6481.444573507937,221132.5,,1.045906042496761,1.542183937437443,2.588089979934204,1.0,9404.0,0.0,-6909.0,0.008678493711503707,-0.0486786230048416,,,0.2603,0.0227,0.503
20250722,6502.2363,6456.8667,6511.3742,6414.9531,270962.0,-168.0,218950.0,1.0,0.0,9096.0,0.0,2.0,-2.0,2640.0,-7662.0,6423.375099999999,6431.002460000001,6458.42699,-7.627360000001318,-35.05189000000064,6440.985957777777,6473.278408944445,226536.2,,1.08719392826541,1.517395731809282,2.604589660074692,1.0,9096.0,0.0,-5022.0,-0.0006200131383736465,-0.0092913824810411,,,0.2877,0.032,0.54
20250723,6466.5305,6512.477,6565.6509,6451.1333,268411.0,-2551.0,241049.0,1.0,0.0,8211.0,0.0,1.0,-2.0,617.0,-10781.0,6440.3752,6433.389219999999,6454.2492,6.985980000001291,-13.8739999999998,6443.517976031745,6466.159846039682,229953.8,,1.134880522384754,1.517395731809282,2.652276254194036,1.0,8211.0,-1.0,-10164.0,-0.00950408142736326,-0.2051961372766194,,,0.3014,0.048,0.3
20250724,6544.8786,6462.1544,6578.1221,6449.4382,265165.0,-3246.0,208246.0,1.0,0.0,7858.0,0.0,1.0,-2.0,6472.0,-12458.0,6472.49106,6440.73412,6456.306979999999,31.75694000000021,16.1840800000009,6449.54708611111,6460.311178412698,225538.2,,1.191644113592089,1.517395731809282,2.709039845401372,1.0,7858.0,-1.0,-5986.0,-0.012241434578470009,-0.108924965766092,,,0.3014,0.064,0.43
20250725,6639.5575,6549.7439,6640.329,6546.3245,263514.0,-1651.0,264091.0,1.0,0.0,5362.0,0.0,1.0,-2.0,1165.0,-12730.0,6522.94012,6462.65001,6464.136505,60.29010999999991,58.80361499999981,6463.794898015871,6456.845736547619,231067.7,,1.232608682794752,1.494761446949542,2.727370129744294,1.0,5362.0,-1.0,-11565.0,-0.0062653217665854565,0.0375316340616329,,,0.3151,0.0827,0.584
20250728,6508.8664,6630.81,6643.6287,6483.0868,252120.0,-11394.0,205378.0,1.0,0.0,5695.0,0.0,1.0,-3.0,156.0,-12113.0,6532.41386,6466.23023,6464.666644999999,66.18362999999954,67.74721500000032,6471.772680238095,6454.926117126984,227583.9,,1.37370139952558,1.517395731809282,2.891097131334863,1.0,5695.0,-2.0,-11957.0,-0.045192765349833415,-0.1652874959651463,,,0.3562,0.092,0.355
20250729,6524.6297,6535.9624,6549.3829,6503.6504,250644.0,-1476.0,133010.0,1.0,0.0,5913.0,0.0,1.0,-2.0,336.0,-12369.0,6536.89254,6480.13382,6465.12305,56.75871999999981,71.76948999999968,6477.639702936508,6454.803097650793,216753.2,,1.377181197908585,1.517395731809282,2.894576929717868,1.0,5913.0,-1.0,-12033.0,-0.005888830372959257,-0.1480721821463109,,,0.411,0.108,0.379
20250730,6535.9204,6536.7616,6597.2576,6525.6136,251721.0,1077.0,155121.0,2.0,-1.0,5149.0,0.0,0.0,-3.0,0.0,-12999.0,6550.77052,6495.57286,6465.24041,55.19765999999981,85.5301099999997,6485.241194285715,6456.791965785714,217719.0,,1.391714171136368,1.494761446949542,2.88647561808591,1.0,5149.0,-3.0,-12999.0,0.004278546485990442,-0.212866800557844,,,0.2877,0.0227,0.29
20250731,6510.8838,6539.0393,6566.3973,6495.7087,254619.0,2898.0,172476.0,2.0,0.0,7258.0,0.0,0.0,-3.0,0.0,-13589.0,6543.97156,6508.23131,6466.73732,35.74024999999983,77.23423999999977,6490.58610579365,6460.615594936507,216395.2,,1.396840473275031,1.478979324221311,2.875819797496341,2.0,7258.0,-3.0,-13589.0,0.011381711498356368,-0.2320451707246923,,,0.4384,0.1107,0.268
20250801,6424.1374,6493.8684,6501.4815,6418.5577,264681.0,10062.0,195064.0,2.0,0.0,7866.0,0.0,1.0,-2.0,1547.0,-14375.0,6500.88754,6511.91383,6466.119360000001,-11.02628999999979,34.76817999999912,6488.508564126982,6465.164020182539,202584.9,,1.411743899539241,1.473033088382573,2.884776987921814,2.0,7866.0,-1.0,-12828.0,0.038015573463905605,-0.271688216601362,,,0.4521,0.1587,0.22
20250804,6392.325,6438.5716,6438.5716,6376.1697,275136.0,10455.0,184167.0,2.0,0.0,8897.0,0.0,1.0,-2.0,2248.0,-14959.0,6477.57926,6504.99656,6464.305325,-27.41729999999916,13.27393500000017,6482.420437857144,6469.40146031746,197755.2,,1.360004053092168,1.473033088382573,2.833037141474741,2.0,8897.0,-1.0,-12711.0,0.03799938939288207,-0.2572329153892417,,,0.4932,0.148,0.24
20250805,6370.5772,6370.462,6388.8462,6347.0277,316036.0,40900.0,348691.0,2.0,-1.0,10709.0,-490.0,2.0,-2.0,2744.0,-13723.0,6446.76876,6491.830649999999,6461.416555,-45.06188999999904,-14.64779499999986,6473.143836825397,6472.617248222222,210729.3,418429.2,1.379883184408276,1.452281816609484,2.83216500101776,1.0,10219.0,0.0,-10979.0,0.12941563619334506,-0.2716527812679686,,,0.4384,0.1493,0.219
20250806,6404.2476,6367.5841,6425.2605,6348.9134,324371.0,8335.0,306787.0,1.0,-1.0,10673.0,-1524.0,2.0,-2.0,3061.0,-14818.0,6420.4342,6485.60236,6459.49579,-65.16816000000017,-39.06159000000025,6466.286489047619,6474.89409952381,217303.1,368144.4,1.405792971474186,1.452281816609484,2.85807478808367,0.0,9149.0,0.0,-11757.0,0.02569588526717863,-0.2740927424149281,,,0.411,0.1507,0.215
20250807,6384.7551,6407.5281,6419.0248,6358.9444,328224.0,3853.0,227335.0,1.0,-1.0,10809.0,-1459.0,2.0,-2.0,1991.0,-15934.0,6395.20846,6469.59001,6455.162065,-74.38155000000006,-59.9536049999997,6459.762373174603,6475.915628230158,219212.0,,1.341280365901863,1.438533611505844,2.779813977407707,0.0,9350.0,0.0,-13943.0,0.01173893438627279,-0.2711086671718108,,,0.411,0.164,0.219
20250808,6374.3389,6378.2644,6406.1568,6364.484,328303.0,79.0,194219.0,1.0,-1.0,11318.0,-725.0,2.0,-1.0,3495.0,-14614.0,6385.24876,6443.068150000001,6452.85908,-57.81939000000057,-67.61031999999977,6451.987307380952,6474.734869166666,212224.8,,1.283660452079262,1.438533611505844,2.722194063585106,0.0,10593.0,1.0,-11119.0,0.0002406313679740971,-0.2826400350450783,,,0.411,0.1653,0.202
20250811,6400.1965,6387.6231,6430.429,6374.8326,326157.0,-2146.0,185867.0,2.0,-1.0,11006.0,-1315.0,2.0,-1.0,3440.0,-14071.0,6386.82306,6432.20116,6449.215695,-45.3780999999999,-62.39263500000015,6446.941423571429,6472.2517435,210273.7,,1.240534501658464,1.438533611505844,2.679068113164308,1.0,9691.0,1.0,-10631.0,-0.006579653357125556,-0.366054904948809,,,0.3014,0.112,0.13
20250812,6425.8687,6416.1537,6450.7688,6388.9897,314682.0,-11475.0,267043.0,1.0,-1.0,10508.0,-3571.0,1.0,-2.0,2037.0,-14196.0,6397.88136,6422.32506,6451.22944,-24.44369999999981,-53.34807999999975,6444.017460238096,6468.889519230159,223677.0,,1.18277975462302,1.438533611505844,2.621313366128863,0.0,6937.0,-1.0,-12159.0,-0.036465384102045875,-0.309751316136723,,,0.1781,0.024,0.177
20250813,6407.964,6417.8225,6425.1373,6392.4632,311048.0,-3634.0,230295.0,1.0,-1.0,10527.0,-4187.0,2.0,-1.0,4854.0,-14005.0,6398.62464,6409.52942,6452.55114,-10.90477999999985,-53.92649999999958,6439.833122539682,6464.348712055556,231194.4,,1.079064832065155,1.437345762276074,2.516410594341228,0.0,6340.0,1.0,-9151.0,-0.011683084282811656,-0.3415680006401908,,,0.3151,0.1147,0.149
20250814,6334.3043,6414.9187,6414.9187,6325.2049,318422.0,7374.0,274599.0,1.0,-1.0,11613.0,-2934.0,2.0,-1.0,6480.0,-13878.0,6388.53448,6391.87147,6450.05139,-3.336989999999787,-61.51690999999937,6430.721195476191,6458.362221023809,241406.7,,1.076350668948985,1.437345762276074,2.513696431225059,0.0,8679.0,1.0,-7398.0,0.023157947629246722,-0.2931928185943368,,,0.2877,0.0907,0.185
20250815,6388.1526,6349.0448,6409.9048,6338.321,300740.0,-17682.0,304858.0,1.0,-1.0,9712.0,-3236.0,2.0,-1.0,4174.0,-12318.0,6391.29722,6388.272989999999,6450.093409999999,3.024230000000898,-58.79618999999911,6423.379952777778,6451.849359888889,252386.1,365829.6,0.983289167908747,1.424775122650613,2.40806429055936,0.0,6476.0,1.0,-8144.0,-0.05879497240140986,-0.2396214853627952,,,0.3014,0.0693,0.257
20250818,6445.5237,6371.1899,6463.1557,6367.1634,287751.0,-12989.0,258264.0,1.0,-1.0,8099.0,-3871.0,1.0,-2.0,1136.0,-8977.0,6400.362660000001,6393.59286,6449.29471,6.769800000000942,-48.93204999999944,6420.660281428572,6445.673344246032,259795.8,,1.040124466505239,1.437345762276074,2.477470228781313,0.0,4228.0,-1.0,-7841.0,-0.045139721495320605,-0.1683276473142247,,,0.3014,0.068,0.35
20250819,6423.5175,6435.9407,6467.9286,6413.9586,283881.0,-3870.0,264401.0,1.0,-1.0,7829.0,-3267.0,2.0,-2.0,2392.0,-8157.0,6399.892419999999,6398.88689,6445.358770000001,1.005529999999453,-45.46635000000151,6418.967523253968,6440.255712888889,251366.8,,1.020624638841052,1.424775122650613,2.445399761491665,0.0,4562.0,0.0,-5765.0,-0.013632472761473998,-0.2388784045460451,,,0.274,0.056,0.258
20250820,6493.9893,6429.3222,6501.6582,6398.3651,284225.0,344.0,298031.0,1.0,-1.0,5784.0,-4232.0,2.0,-2.0,1964.0,-8163.0,6417.097479999999,6407.86106,6446.73171,9.23641999999927,-29.63423000000057,6420.776995158731,6435.7047635,250491.2,,1.057177518049986,1.424775122650613,2.4819526407006,0.0,1552.0,0.0,-6199.0,0.001210308734277421,-0.2059023573965331,,,0.3699,0.0853,0.293
20250821,6595.7397,6485.1461,6622.3749,6481.7632,275358.0,-8867.0,393914.0,1.0,-1.0,3768.0,-2766.0,1.0,-2.0,941.0,-4464.0,6469.38456,6428.959519999999,6449.274765,40.42504000000099,20.1097950000003,6431.509216031748,6432.879447785715,267149.1,472696.8,1.108903567829006,1.424775122650613,2.533678690479619,0.0,1002.0,-1.0,-3523.0,-0.03220171558480233,-0.1780559488873273,,,0.3425,0.0893,0.337
20250822,6599.3461,6593.1323,6627.2675,6571.7002,282886.0,7528.0,271707.0,1.0,-1.0,2368.0,-3377.0,1.0,-3.0,66.0,-3946.0,6511.623259999999,6451.460239999999,6447.264195000001,60.16301999999996,64.35906499999874,6446.414003095239,6432.322117357144,274897.9,,1.098764295976023,1.416393330097701,2.515157626073723,0.0,-1009.0,-2.0,-3880.0,0.026611426511032713,-0.2169738650261152,,,0.274,0.052,0.28
20250825,6590.3795,6598.6272,6625.6508,6558.672,278421.0,-4465.0,247529.0,1.0,-1.0,1382.0,-4209.0,2.0,-3.0,297.0,-3353.0,6540.594419999999,6470.47854,6451.33985,70.11587999999938,89.25456999999915,6459.884318492062,6433.616406849206,281064.1,,1.120107764048592,1.414597688375414,2.534705452424006,0.0,-2827.0,-1.0,-3056.0,-0.016036865035324203,-0.2450429052786236,,,0.2466,0.0667,0.249
20250826,6607.8673,6598.4548,6659.4506,6572.6935,291558.0,13137.0,271075.0,1.0,-2.0,0.0,-4985.0,2.0,-1.0,2765.0,-6365.0,6577.464379999999,6488.6784,6455.50173,88.78597999999965,121.9626499999995,6474.748473888892,6436.689508214286,281467.3,,1.129093135251681,1.374160006241816,2.503253141493497,-1.0,-4985.0,1.0,-3600.0,0.04505793015454901,-0.2372267484907711,,,0.274,0.0787,0.256
20250827,6557.0916,6584.6056,6628.5373,6551.8851,297832.0,6274.0,232707.0,1.0,-2.0,0.0,-2003.0,1.0,-2.0,1607.0,-6720.0,6590.08484,6503.59116,6456.560289999999,86.4936800000005,133.524550000001,6486.132136904762,6441.319409650794,281708.5,,1.145228693344672,1.357245935041755,2.502474628386427,-1.0,-2003.0,-1.0,-5113.0,0.021065567165381827,-0.2401138597699629,,,0.2877,0.0907,0.25
20250828,6515.3779,6567.8679,6572.2224,6494.9283,285802.0,-12030.0,306576.0,1.0,-2.0,0.0,-1397.0,2.0,-2.0,3019.0,-5327.0,6574.012479999999,6521.69852,6456.784995,52.3139599999995,117.2274849999994,6493.391874761904,6447.586477579365,284906.2,,1.182686380766101,1.357245935041755,2.539932315807856,-1.0,-1397.0,0.0,-2308.0,-0.04209207773213623,-0.2839916533585512,,,0.3151,0.1013,0.19
20250829,6485.4707,6517.82,6523.8804,6451.2267,270751.0,-15051.0,338879.0,2.0,-1.0,1836.0,0.0,2.0,-1.0,3771.0,-5093.0,6551.2374,6531.43033,6459.851659999999,19.80706999999984,91.38574000000062,6496.533404523811,6454.901822753969,288308.3,,1.199804210807564,1.315672033155892,2.515476243963456,1.0,1836.0,1.0,-1322.0,-0.055589822382927485,-0.2383820115604224,,,0.1781,0.0187,0.254
20250901,6472.1759,6493.2248,6505.1253,6440.742,282543.0,11792.0,309220.0,2.0,0.0,2921.0,0.0,2.0,-2.0,3209.0,-2570.0,6527.596680000001,6534.09555,6463.844204999999,-6.498869999999442,63.75247500000114,6498.095748650795,6462.64536947619,293403.9,,1.202057481940038,1.306289492150183,2.50834697409022,2.0,2921.0,0.0,639.0,0.04173524029970659,-0.2378846479450734,,,0.1918,0.02,0.254
20250902,6437.6762,6476.9073,6488.956,6433.9249,291328.0,8785.0,303017.0,2.0,0.0,4545.0,0.0,2.0,-2.0,7064.0,-4017.0,6493.55846,6535.511420000001,6467.199155,-41.95296000000053,26.35930499999995,6496.811875238095,6470.429804674603,297265.5,,1.225443116367733,1.257628281543049,2.483071397910781,2.0,4545.0,0.0,3047.0,0.03015501427943761,-0.2662291083235016,,,0.3425,0.3107,0.212
20250903,6411.8003,6438.1345,6459.1609,6408.8092,311257.0,19929.0,352020.0,2.0,0.0,6546.0,0.0,1.0,-2.0,6895.0,-6635.0,6464.5002,6527.29252,6467.57679,-62.79231999999956,-3.076589999999669,6492.812803333332,6477.633385492064,302664.4,,1.181156201449984,1.206536016167799,2.387692217617783,2.0,6546.0,-1.0,260.0,0.06402747568729378,-0.2801614177413088,,,0.3288,0.3213,0.194
20250904,6337.9051,6403.2673,6403.2673,6318.9852,319923.0,8666.0,366960.0,2.0,0.0,11379.0,0.0,2.0,-2.0,6627.0,-978.0,6429.00564,6501.50906,6465.234289999999,-72.50342,-36.22864999999911,6482.202238015874,6482.702687690477,299969.0,440352.0,1.200731166506675,1.206536016167799,2.407267182674475,2.0,11379.0,0.0,5649.0,0.027087767994173596,-0.3721913874242685,,,0.411,0.136,0.106
20250905,6339.8742,6335.5398,6351.3538,6300.4497,331901.0,11978.0,365950.0,2.0,-1.0,9481.0,0.0,2.0,-1.0,9040.0,-1870.0,6399.88634,6475.56187,6463.511055,-75.67552999999953,-63.62471499999992,6469.458853650793,6485.007172746033,309393.3,,1.152507884789847,1.188652895349663,2.34116078013951,1.0,9481.0,1.0,7170.0,0.03608907475421888,-0.3279208741924165,,,0.3973,0.132,0.148
20250908,6359.8927,6320.7577,6365.924,6289.9365,336132.0,4231.0,255681.0,1.0,0.0,9340.0,0.0,2.0,-1.0,11837.0,-1246.0,6377.4297,6452.51319,6461.495865,-75.08348999999998,-84.06616500000018,6457.844409920634,6484.803181888889,310208.5,,1.177562545257556,1.193196208542664,2.37075875380022,1.0,9340.0,1.0,10591.0,0.012587316887413278,-0.3408892603257793,,,0.4247,0.1333,0.134
20250909,6354.2215,6364.2527,6364.2527,6326.4278,323781.0,-12351.0,225787.0,1.0,0.0,9290.0,0.0,2.0,-1.0,11357.0,-2160.0,6360.73876,6427.14861,6457.913505,-66.40985,-97.17474499999935,6447.655319444445,6482.093866444445,305679.7,,1.10716881629853,1.188652895349663,2.295821711648194,1.0,9290.0,1.0,9197.0,-0.038146154345066574,-0.343521776134552,,,0.4247,0.176,0.128
20250910,6365.1499,6349.0818,6387.1601,6340.152,314428.0,-9353.0,198250.0,2.0,0.0,11317.0,0.0,2.0,-1.0,11581.0,-4633.0,6351.40868,6407.95444,6455.772800000001,-56.54575999999997,-104.3641200000011,6438.667616031747,6477.347414357143,302234.0,,1.006487268229473,1.185467291893907,2.191954560123381,2.0,11317.0,1.0,6948.0,-0.029746078593509483,-0.3463020046023219,,,0.411,0.1773,0.126
20250911,6369.9964,6372.2459,6387.0399,6341.4117,314318.0,-110.0,194159.0,2.0,-1.0,9747.0,0.0,2.0,-1.0,10194.0,-3322.0,6357.82694,6393.41629,6457.557405,-35.58935000000019,-99.73046500000055,6430.022804603177,6471.010507341271,290992.3,,0.9980279425949272,1.184025108058181,2.182053050653109,1.0,9747.0,1.0,6872.0,-0.00034996404914767847,-0.3488074299455431,,,0.2055,0.0187,0.121
20250912,6332.2345,6344.6238,6352.6355,6306.6696,317034.0,2716.0,181498.0,1.0,0.0,9366.0,0.0,2.0,-1.0,8852.0,-2055.0,6356.299000000001,6378.09267,6454.7615,-21.79366999999911,-98.46249999999873,6418.186514603175,6463.175818349207,275254.2,,0.9968320784235861,1.17477758684329,2.171609665266876,1.0,9366.0,1.0,6797.0,0.008566904496047743,-0.3906073590837344,,,0.1918,0.0187,0.095
20250915,6344.4227,6360.2712,6394.66,6332.4058,303214.0,-13820.0,401507.0,1.0,-1.0,9921.0,-3201.0,2.0,-1.0,8317.0,-1835.0,6353.205,6365.317349999999,6449.70645,-12.11234999999942,-96.50144999999975,6408.778145158731,6454.244058000001,284482.9,481808.4,0.9726296881955575,1.139750759323074,2.112380447518631,0.0,6720.0,1.0,6482.0,-0.04557837039186845,-0.2184513752033668,,,0.2192,0.02,0.278
20250916,6363.521,6343.8941,6405.2861,6341.5754,298461.0,-4753.0,355917.0,1.0,-1.0,9477.0,-2662.0,1.0,-2.0,7054.0,-5431.0,6355.0649,6357.90183,6446.706625,-2.836929999999484,-91.6417249999995,6400.34839547619,6444.597710023811,289772.9,427100.4,0.9602720956135753,1.114828230972266,2.075100326585841,0.0,6815.0,-1.0,1623.0,-0.015925028730721935,-0.2991216681855064,,,0.2466,0.0013,0.165
20250917,6401.4208,6377.4854,6407.5287,6361.4856,283459.0,-15002.0,276521.0,1.0,-1.0,9602.0,-3686.0,2.0,-2.0,7057.0,-4322.0,6362.319079999999,6356.86388,6442.0782,5.455199999999422,-79.75912000000062,6394.796667698412,6434.796096460317,282223.0,,0.9265306190357632,1.114828230972266,2.041358850008029,0.0,5916.0,0.0,2735.0,-0.052924761605734866,-0.2416379054776251,,,0.2329,0.0027,0.245
20250918,6345.565,6404.4804,6448.2133,6343.9887,271948.0,-11511.0,487576.0,1.0,-1.0,8099.0,-3357.0,1.0,-2.0,6985.0,-10233.0,6357.4328,6357.62987,6429.569465,-0.1970699999992576,-72.13666499999908,6388.297851904762,6425.405657849206,294284.6,585091.2,0.9633624157460601,1.139750759323074,2.103113175069134,0.0,4742.0,-1.0,-3248.0,-0.042327945048318064,-0.2772642620149234,,,0.2603,0.032,0.194
20250919,6282.9829,6357.6273,6363.0087,6270.1122,282099.0,10151.0,385107.0,1.0,-1.0,7074.0,-2602.0,1.0,-2.0,7924.0,-10869.0,6347.582479999999,6351.94074,6413.751305,-4.358260000000882,-66.16882500000065,6376.376532777779,6416.097425761905,296200.3,462128.4,0.9974297386137221,1.17477758684329,2.172207325457013,0.0,4472.0,-1.0,-2945.0,0.035983821282599374,-0.2658454667258184,,,0.274,0.0213,0.213
20250922,6269.7958,6294.7688,6312.036,6251.8869,291190.0,9091.0,346313.0,1.0,-1.0,7856.0,-2174.0,1.0,-2.0,8802.0,-9487.0,6332.657099999999,6342.931049999999,6397.72212,-10.27394999999979,-65.06502000000091,6362.814133095239,6406.594398079365,305263.5,,1.005072157671359,1.17477758684329,2.17984974451465,0.0,5682.0,-1.0,-685.0,0.031220165527662352,-0.1876233619405335,,,0.2603,0.0213,0.321
20250923,6242.6327,6248.9354,6248.9354,6211.1435,283580.0,-7610.0,292112.0,1.0,0.0,8122.0,0.0,2.0,-2.0,9019.0,-5435.0,6308.47944,6331.772169999999,6379.46039,-23.29272999999921,-70.98095000000012,6347.439707857143,6396.572836920635,311896.0,,1.016345858301052,1.139750759323074,2.156096617624126,1.0,8122.0,0.0,3584.0,-0.02683546089286974,-0.2220728860883543,,,0.2329,0.076,0.27
20250924,6292.0816,6252.1177,6307.7858,6233.9799,281637.0,-1943.0,350545.0,1.0,0.0,7971.0,0.0,2.0,-1.0,11728.0,-4652.0,6286.611599999999,6324.465340000001,6366.20989,-37.85374000000138,-79.59829000000082,6337.304049761905,6386.436480293652,327125.5,,0.9954314868309428,1.170596781983727,2.166028268814669,1.0,7971.0,1.0,7076.0,-0.00689895148719806,-0.200666706543568,,,0.2192,0.0587,0.3
20250925,6364.3324,6294.7212,6371.7309,6282.8857,282747.0,1110.0,362161.0,1.0,-1.0,7752.0,-2772.0,2.0,-1.0,14963.0,-6177.0,6290.36508,6323.89894,6358.657615,-33.53385999999955,-68.29253499999959,6334.430074761904,6376.877207309523,343925.7,,1.037937270199759,1.177177353410354,2.215114623610113,0.0,4980.0,1.0,8786.0,0.003925771095714544,-0.1933562650286851,,,0.1781,0.0453,0.311
20250926,6322.4513,6349.6544,6355.8327,6317.588,259148.0,-23599.0,370481.0,1.0,-1.0,7419.0,-1886.0,2.0,-1.0,12213.0,-6455.0,6298.25876,6322.92062,6350.506644999999,-24.66186000000016,-52.24788499999977,6331.544941825397,6368.213050031746,362824.0,,1.005388800261196,1.170596781983727,2.175985582244923,0.0,5533.0,1.0,5758.0,-0.0910637936623088,-0.253415424032038,,,0.1781,0.0373,0.225
20250929,6325.6111,6320.3776,6348.37,6280.0916,243465.0,-15683.0,334965.0,1.0,0.0,7335.0,0.0,2.0,-1.0,12040.0,-6022.0,6309.42182,6321.03946,6343.178405000001,-11.61763999999948,-33.75658500000009,6328.541521190476,6360.18938763492,356169.8,,1.040076662237518,1.170596781983727,2.210673444221245,1.0,7335.0,1.0,6018.0,-0.06441582979072967,-0.2627273391572787,,,0.0959,0.0173,0.212
20250930,6262.9604,6314.3347,6318.7922,6226.1208,231083.0,-12382.0,327810.0,1.0,0.0,6825.0,0.0,2.0,-1.0,9231.0,-5911.0,6313.48736,6310.9834,6334.442615,2.503960000000006,-20.95525499999985,6321.854370396825,6352.339985126984,353359.1,,1.100565866867755,1.177177353410354,2.27774322027811,1.0,6825.0,1.0,3320.0,-0.05358247902268882,-0.2167575248552629,,,0.0822,0.0187,0.278
20251009,6261.1145,6260.9691,6281.119,6211.7002,241385.0,10302.0,209494.0,1.0,0.0,6718.0,0.0,2.0,-1.0,10001.0,-3219.0,6307.29394,6296.95277,6326.908324999999,10.3411700000006,-19.61438499999895,6314.411026507936,6344.301421007936,346656.4,,1.128830314974371,1.177177353410354,2.306007668384726,1.0,6718.0,1.0,6782.0,0.042678708287590364,-0.211720607047583,,,0.1644,0.0453,0.286
20251010,6178.2196,6260.8606,6273.6585,6161.0977,291863.0,50478.0,502271.0,1.0,0.0,6756.0,0.0,2.0,-1.0,12870.0,-2727.0,6270.07138,6280.21823,6318.92405,-10.14685000000009,-48.85266999999931,6302.496483730159,6335.721284190477,348125.9,602725.2,1.186584943288389,1.184602470856185,2.371187414144575,1.0,6756.0,1.0,10143.0,0.1729510078358682,-0.2562619469246698,,,0.1233,0.04,0.221
20251013,6142.8305,6172.7618,6196.3025,6124.5022,297242.0,5379.0,517697.0,1.0,-1.0,6975.0,-1221.0,1.0,-2.0,9446.0,-5003.0,6234.147220000001,6266.20299,6309.071865,-32.05576999999903,-74.92464499999915,6286.481154523809,6326.73174636508,361384.9,621236.4,1.199947947385685,1.184602470856185,2.38455041824187,0.0,5754.0,-1.0,4443.0,0.018096365924061875,-0.1304229223906975,,,0.1233,0.0293,0.398
20251014,6065.0703,6134.4596,6140.8733,6037.5984,326588.0,29346.0,536499.0,2.0,0.0,9608.0,0.0,2.0,-1.0,14560.0,-938.0,6182.03906,6245.730440000001,6294.330745,-63.69138000000112,-112.2916850000001,6264.891397142856,6316.939472769841,380403.5,643798.7999999999,1.251342841966773,1.184602470856185,2.435945312822958,2.0,9608.0,1.0,13622.0,0.08985633274951928,-0.1289692764256965,,,0.0822,0.0253,0.398
20251015,6050.7887,6056.7369,6057.7632,6022.1169,340169.0,13581.0,482363.0,2.0,0.0,9282.0,0.0,2.0,-1.0,13927.0,-1835.0,6139.60472,6226.54604,6279.159105000001,-86.9413199999999,-139.5543850000004,6241.066718015873,6306.302173785714,399428.6,578835.6,1.252827755129357,1.177177353410354,2.430005108539711,2.0,9282.0,1.0,12092.0,0.039924272934923524,-0.1167284398521749,,,0.1096,0.0253,0.415
20251016,6095.2582,6062.661,6101.4245,6032.5673,333768.0,-6401.0,293746.0,2.0,0.0,8351.0,0.0,2.0,-1.0,15240.0,-779.0,6106.43346,6206.8637,6265.66452,-100.4302399999997,-159.2310600000001,6221.770489603176,6294.748817769841,393748.7,,1.215846435586343,1.177177353410354,2.393023788996698,2.0,8351.0,1.0,14461.0,-0.019177991898564273,-0.1163169258109801,,,0.1644,0.0227,0.415
20251017,6038.6432,6091.1597,6101.1919,6037.9386,330548.0,-3220.0,465571.0,2.0,0.0,7788.0,0.0,3.0,0.0,15429.0,0.0,6078.51818,6174.29478,6249.09686,-95.77660000000014,-170.5786799999996,6201.83835547619,6281.48964584127,404089.7,,1.185157383646714,1.177177353410354,2.362334737057068,2.0,7788.0,3.0,15429.0,-0.009741399131139803,-0.0633302372085704,,,0.137,0.0227,0.488
20251020,6032.6472,6053.8112,6116.7056,6027.4719,330431.0,-117.0,273566.0,2.0,0.0,7875.0,0.0,2.0,-1.0,13110.0,-1345.0,6056.481519999999,6145.31437,6234.117495,-88.83285000000069,-177.6359750000011,6182.128247142856,6266.547976373016,394398.2,,1.221956132989702,1.177177353410354,2.399133486400056,2.0,7875.0,1.0,11765.0,-0.00035408300068698155,-0.063497507839067,,,0.0411,0.0013,0.487
20251021,6070.4039,6028.8256,6093.2084,6017.0752,332008.0,1577.0,343951.0,2.0,0.0,7548.0,0.0,3.0,-1.0,16613.0,-12.0,6057.54824,6119.793650000001,6220.416555,-62.24541000000045,-162.8683149999997,6164.943377142857,6250.188161968254,395296.8,,1.244597652142487,1.177177353410354,2.421775005552842,2.0,7548.0,2.0,16601.0,0.004749885544926629,-0.1311340952128359,,,0.0548,0.0027,0.39
20251022,6142.1055,6082.1443,6176.0684,6080.9523,336857.0,4849.0,381028.0,1.0,-1.0,2882.0,-814.0,3.0,-1.0,22980.0,0.0,6075.8116,6107.70816,6209.345780000001,-31.89656000000014,-133.5341800000006,6155.620020634919,6233.564726992064,400618.6,,1.283652947243755,1.177177353410354,2.460830300654109,0.0,2068.0,2.0,22980.0,0.014394832228512396,-0.2282537487896933,,,0.0548,0.004,0.253
20251023,6166.917,6140.6617,6183.5854,6127.3842,334262.0,-2595.0,258632.0,1.0,0.0,4185.0,0.0,2.0,-1.0,21942.0,-416.0,6090.14336,6098.28841,6197.62059,-8.145050000000083,-107.4772300000004,6150.700958809523,6217.193720222222,405532.4,,1.248704466110202,1.170596781983727,2.419301248093928,1.0,4185.0,1.0,21526.0,-0.007763371247703897,-0.1622726740266835,,,0.0411,0.0053,0.353
20251024,6151.6097,6186.2467,6197.1557,6149.0079,308749.0,-25513.0,254357.0,1.0,0.0,5324.0,0.0,2.0,-1.0,17616.0,-1548.0,6112.73666,6095.62742,6187.922825000001,17.10924000000068,-75.18616500000007,6147.436650476191,6201.687736896825,380741.0,,1.252817672396987,1.168907072577098,2.421724744974084,1.0,5324.0,1.0,16068.0,-0.08263346601932314,-0.2940266833506593,,,0.0548,0.0067,0.148
20251027,6252.6836,6161.1639,6285.9612,6161.1639,300494.0,-8255.0,383622.0,0.0,-1.0,0.0,-1014.0,2.0,-1.0,19113.0,-2184.0,6156.743939999999,6106.612730000001,6186.40786,50.13120999999865,-29.66392000000087,6150.783284603176,6188.117949904761,367333.5,,1.330789703783657,1.168907072577098,2.499696776360754,-1.0,-1014.0,1.0,16929.0,-0.027471430377977595,-0.1855871934743695,,,0.1507,0.0307,0.316
20251028,6259.446,6240.0852,6282.1841,6229.5895,294828.0,-5666.0,273233.0,0.0,-1.0,0.0,-869.0,2.0,-1.0,17717.0,-4441.0,6194.55236,6126.0503,6185.89037,68.5020599999998,8.661989999999605,6157.330005,6177.361810690476,341006.9,,1.276255698032994,1.145349691806571,2.421605389839565,-1.0,-869.0,1.0,13276.0,-0.019217984723296295,-0.2488580461119092,,,0.3151,0.1147,0.221
20251029,6278.4127,6244.4883,6281.4836,6221.4039,288407.0,-6421.0,193116.0,0.0,-1.0,0.0,-401.0,2.0,-1.0,17795.0,-4889.0,6221.8138,6148.8127,6187.67937,73.0010999999995,34.13443000000007,6164.402354682541,6169.695374357143,312082.2,,1.265129872898592,1.145349691806571,2.410479564705163,-1.0,-401.0,1.0,12906.0,-0.022263675985673026,-0.2312547404916145,,,0.3014,0.116,0.247
20251030,6218.8525,6290.0397,6308.5585,6206.3835,284399.0,-4008.0,248678.0,1.0,-2.0,7.0,-4965.0,2.0,-1.0,21357.0,-8009.0,6232.200900000001,6161.172130000001,6184.017915,71.0287699999999,48.18298500000037,6169.695494841271,6164.487874880951,307575.4,,1.252450556744926,1.168907072577098,2.421357629322024,-1.0,-4958.0,1.0,13348.0,-0.014092876557231213,-0.2598279749061842,,,0.3562,0.2773,0.204
20251031,6215.9934,6227.2395,6253.7437,6191.6084,263401.0,-20998.0,227856.0,1.0,-1.0,982.0,-5846.0,2.0,-1.0,20552.0,-9473.0,6245.07764,6178.90715,6176.600965000001,66.17049000000043,68.47667499999989,6173.363511825396,6161.640390515873,283803.9,,1.240152238747445,1.168907072577098,2.409059311324543,0.0,-4864.0,1.0,11079.0,-0.0797187558133796,-0.3234033955872524,,,0.3288,0.2467,0.125
20251103,6203.7081,6226.3264,6256.2999,6198.8079,280749.0,17348.0,189215.0,1.0,-1.0,612.0,-5179.0,2.0,-1.0,22875.0,-9696.0,6235.28254,6196.01324,6170.663805,39.26929999999993,64.61873500000002,6176.833302539681,6161.110896055556,275368.8,,1.182759720781174,1.145349691806571,2.328109412587745,0.0,-4567.0,1.0,13179.0,0.06179184965930422,-0.3007667917899301,,,0.3562,0.248,0.138
20251104,6208.0409,6190.316,6236.5,6182.2977,299490.0,18741.0,253647.0,1.0,-1.0,1467.0,-4759.0,2.0,-1.0,19360.0,-8193.0,6225.00152,6209.776940000001,6164.785295,15.22457999999915,60.21622500000012,6180.074017936507,6162.623960134921,266338.4,,1.193634817279698,1.145349691806571,2.338984509086268,0.0,-3292.0,1.0,11167.0,0.06257637984573776,-0.2614448107541626,,,0.3973,0.2373,0.198
20251105,6195.9952,6200.7471,6223.2607,6164.2423,300194.0,704.0,294747.0,1.0,-1.0,1024.0,-4092.0,2.0,-1.0,18947.0,-10458.0,6208.51802,6215.165910000001,6161.437035,-6.647890000000189,47.08098500000051,6182.658454365079,6165.327803507937,257710.3,,1.180860856168833,1.145349691806571,2.326210547975404,0.0,-3068.0,1.0,8489.0,0.002345150136245228,-0.2885027899310465,,,0.2055,0.112,0.151
20251106,6266.9302,6197.3845,6273.6439,6157.0888,306270.0,6076.0,342741.0,1.0,-1.0,1579.0,-3786.0,2.0,-1.0,20759.0,-9799.0,6218.13356,6225.167230000001,6161.72782,-7.033670000000711,56.40574000000015,6189.915700952381,6169.249277722223,266121.2,411289.2,1.239254418149955,1.145349691806571,2.384604109956525,0.0,-2207.0,1.0,10960.0,0.019838704411140495,-0.1413330318293462,,,0.0685,0.0573,0.378
20251107,6242.1347,6250.6581,6256.4419,6201.2354,297842.0,-8428.0,329767.0,1.0,-1.0,1269.0,-953.0,2.0,-1.0,21915.0,-7476.0,6223.36182,6234.21973,6164.923575000001,-10.85790999999972,58.43824499999937,6197.19704301587,6174.225316976191,273662.2,395720.4,1.209170372608693,1.145349691806571,2.354520064415264,0.0,316.0,1.0,14439.0,-0.028296882239576687,-0.2765646760294502,,,0.137,0.0587,0.173
20251110,6279.5543,6240.7837,6295.1935,6185.8462,302227.0,4385.0,365858.0,1.0,-1.0,1756.0,-209.0,2.0,-1.0,16520.0,-6630.0,6238.531059999999,6236.9068,6171.759765,1.624259999999595,66.77129499999955,6206.394900079366,6179.78647852381,271885.8,439029.6,1.244407252893782,1.168907072577098,2.41331432547088,0.0,1547.0,1.0,9890.0,0.01450896180685379,-0.2988198454558548,,,0.2055,0.0107,0.138
20251111,6212.7909,6287.5488,6287.5488,6210.7164,305877.0,3650.0,332276.0,1.0,0.0,1385.0,0.0,2.0,-1.0,17191.0,-6327.0,6239.48106,6232.24129,6179.145795,7.239770000000135,60.33526499999971,6212.684126031746,6185.321890626984,277790.1,,1.210315838194255,1.170596781983727,2.380912620177982,1.0,1385.0,1.0,10864.0,0.011932901133462143,-0.3235655091718311,,,0.2055,0.0107,0.121
20251112,6240.1005,6229.1129,6276.0316,6217.419,297885.0,-7992.0,460203.0,1.0,0.0,1668.0,0.0,2.0,-1.0,14826.0,-5995.0,6248.302119999999,6228.41007,6188.611385,19.89204999999947,59.69073499999922,6218.369919285716,6190.718647087301,304498.8,552243.6,1.217370765258153,1.170596781983727,2.387967547241879,1.0,1668.0,1.0,8831.0,-0.026829145475603,-0.3229579086563761,,,0.2055,0.0107,0.123
20251113,6223.3161,6223.7637,6233.8144,6166.9361,303109.0,5224.0,587286.0,1.0,0.0,3793.0,0.0,2.0,-1.0,14470.0,-4650.0,6239.579299999999,6228.85643,6195.01428,10.7228699999996,44.56501999999909,6221.373429523808,6195.886440555556,338359.6,704743.2,1.245027388045775,1.174057828029068,2.419085216074843,1.0,3793.0,1.0,9820.0,0.017234724142140286,-0.3838306271361927,,,0.1781,0.0093,0.074
20251114,6236.2805,6229.1943,6273.4847,6209.4467,290691.0,-12418.0,464737.0,1.0,0.0,1700.0,0.0,2.0,-1.0,11147.0,-3091.0,6238.408460000001,6230.88514,6204.896145,7.52332000000024,33.51231500000085,6225.410661111114,6201.091155484128,362047.7,557684.4,1.164701967503878,1.170596781983727,2.335298749487604,1.0,1700.0,1.0,8056.0,-0.04271890082596296,-0.387677437566293,,,0.1781,0.008,0.071
20251117,6229.7791,6235.2778,6252.9203,6178.7831,299691.0,9000.0,649310.0,1.0,0.0,2887.0,0.0,2.0,-1.0,11067.0,-1798.0,6228.45342,6233.49224,6214.75274,-5.03881999999976,13.70067999999992,6227.553858253969,6206.163211055556,408057.2,779172.0,1.189788107407291,1.170596781983727,2.360384889391018,1.0,2887.0,1.0,9269.0,0.03003093185981561,-0.3514590729221256,,,0.1644,0.0947,0.094
20251118,6188.175,6245.9586,6261.9057,6180.9519,291996.0,-7695.0,450498.0,1.0,0.0,3808.0,0.0,2.0,-1.0,9458.0,-1682.0,6223.53024,6231.505650000001,6220.641294999999,-7.97541000000092,2.888945000000604,6227.017671190476,6210.857576380952,427742.3,,1.214968604874322,1.170596781983727,2.385565386858048,1.0,3808.0,1.0,7776.0,-0.026353100727407226,-0.3470297462022313,,,0.2055,0.1413,0.1
20251119,6244.1455,6199.7576,6279.6018,6180.3905,287672.0,-4324.0,788739.0,0.0,-1.0,0.0,-721.0,2.0,-1.0,11806.0,-1091.0,6224.339239999999,6236.32068,6225.743294999999,-11.98144000000048,-1.404054999999971,6228.436177380953,6215.43534868254,477141.5,946486.7999999999,1.211216894074337,1.174057828029068,2.385274722103405,-1.0,-721.0,1.0,10715.0,-0.015031007536360856,-0.270191413815976,,,0.2055,0.1427,0.185
20251120,6222.0389,6221.7346,6279.8645,6187.4166,293524.0,5852.0,732784.0,1.0,0.0,533.0,0.0,1.0,-2.0,7775.0,-3507.0,6224.083799999999,6231.83155,6228.499389999999,-7.747750000000451,-4.415589999999611,6228.708651031747,6219.314643690476,516145.8,879340.7999999999,1.245897865465902,1.174057828029068,2.41995569349497,1.0,533.0,-1.0,4268.0,0.01993704092339979,-0.2971408073398211,,,0.2877,0.18,0.141
20251121,6170.8155,6228.7414,6260.7054,6134.7003,320432.0,26908.0,758044.0,2.0,0.0,8980.0,0.0,2.0,-1.0,10732.0,-1109.0,6210.9908,6224.69963,6229.45968,-13.70883000000049,-18.46888000000035,6224.798733333334,6222.074812722223,558973.5,909652.7999999999,1.324974083065874,1.174057828029068,2.499031911094942,2.0,8980.0,1.0,9623.0,0.08397413491786089,-0.2779070856967753,,,0.2877,0.1933,0.17
20251124,6244.1745,6185.7045,6266.7147,6150.1238,306167.0,-14265.0,699541.0,2.0,0.0,6846.0,0.0,3.0,0.0,7351.0,0.0,6213.86988,6221.16165,6229.034225,-7.291769999999815,-15.16434500000014,6224.364681111112,6223.871790825398,592341.8,,1.395974673946599,1.179923182784255,2.575897856730854,2.0,6846.0,3.0,7351.0,-0.04659221927902093,-0.2157429631808331,,,0.3562,0.272,0.272
20251125,6236.495,6250.7169,6278.1039,6229.7466,305957.0,-210.0,323237.0,2.0,-1.0,2250.0,0.0,2.0,-1.0,7542.0,-4057.0,6223.53388,6223.53206,6227.886675,0.001820000000407163,-4.352794999999787,6225.983952539684,6225.201773476191,591437.9,,1.383105705954658,1.179923182784255,2.563028888738912,1.0,2250.0,1.0,3485.0,-0.0006863709606251859,-0.2012857758935316,,,0.3973,0.2947,0.292
20251126,6265.2388,6211.0288,6269.7553,6201.5358,295949.0,-10008.0,287994.0,2.0,-1.0,2499.0,-101.0,2.0,-2.0,5298.0,-2790.0,6227.752539999999,6226.045889999999,6227.22798,1.706650000000081,0.5245599999998376,6227.860267063493,6226.150808253969,574217.0,,1.327724053653288,1.174057828029068,2.501781881682356,1.0,2398.0,0.0,2508.0,-0.033816637326025765,-0.2524487404403364,,,0.4521,0.3293,0.215
20251127,6166.183,6248.662,6269.0204,6138.4805,287359.0,-8590.0,475112.0,2.0,0.0,7700.0,0.0,2.0,-1.0,6925.0,-3663.0,6216.58136,6220.33258,6224.594504999999,-3.751220000000103,-8.013144999998985,6224.565542301585,6226.470019531746,562999.6,,1.403279604776404,1.179923182784255,2.583202787560658,2.0,7700.0,1.0,3262.0,-0.02989292139797257,,,,0.4932,0.4333,
20251128,6250.9992,6187.0368,6259.3889,6156.2201,273301.0,-14058.0,377031.0,2.0,0.0,3568.0,0.0,2.0,-1.0,7930.0,-3003.0,6232.6181,6221.80445,6226.344794999999,10.81365000000005,6.273305000000619,6224.598286190477,6226.388782039683,554229.0,,1.396648413688967,1.181408010853845,2.578056424542812,2.0,3568.0,1.0,4927.0,-0.051437792031496406,,,,0.5205,0.476,
20251201,6302.4397,6237.2583,6313.1707,6233.9134,279115.0,5814.0,368351.0,2.0,0.0,2567.0,0.0,2.0,-2.0,2854.0,-1941.0,6244.27114,6229.07051,6231.281375,15.20063000000027,12.98976499999935,6230.051310476193,6226.638527261905,526133.1,,1.397993081218234,1.191944111758924,2.589937192977158,2.0,2567.0,0.0,913.0,0.020830123784103326,-0.2739593932353423,,,0.5479,0.4573,0.1794
20251202,6303.9364,6285.6477,6325.6192,6276.4417,285716.0,6601.0,332826.0,2.0,-1.0,1349.0,0.0,2.0,-2.0,2594.0,-351.0,6257.75942,6240.646650000001,6236.076149999999,17.11276999999973,21.68327000000136,6236.87290047619,6227.624050190477,514365.9,,1.380858648197048,1.191944111758924,2.572802759955972,1.0,1349.0,0.0,2243.0,0.02310336137983172,-0.2653001443585479,,,0.5616,0.4813,0.1954
20251203,6283.003,6298.8151,6307.4148,6270.1203,286755.0,1039.0,172996.0,2.0,-1.0,1785.0,0.0,1.0,-3.0,0.0,-1403.0,6261.312260000001,6244.532399999999,6240.42654,16.77986000000146,20.88572000000022,6241.82401047619,6228.9628335,452791.6,,1.338847501430844,1.191944111758924,2.530791613189768,1.0,1785.0,-2.0,-1403.0,0.00362330212202054,-0.3184941585998783,,,0.6164,0.5107,0.1273
20251204,6268.2718,6295.5745,6295.5745,6252.5766,290101.0,3346.0,286489.0,2.0,0.0,3161.0,0.0,1.0,-2.0,2777.0,-5334.0,6281.73002,6249.15569,6240.49362,32.57433000000037,41.23639999999978,6245.561648809524,6230.648133277778,408162.1,,1.314277265254245,1.191944111758924,2.506221377013169,2.0,3161.0,-1.0,-2557.0,0.011533914050623748,-0.3446423407156342,,,0.6301,0.5413,0.1022
20251205,6214.7569,6262.1378,6282.1408,6212.7702,295290.0,5189.0,326027.0,2.0,0.0,6834.0,0.0,1.0,-2.0,4353.0,-8089.0,6274.48156,6253.54983,6239.12473,20.93173000000024,35.35683000000063,6244.909748492064,6232.659234793651,364960.4,,1.309047032389397,1.181408010853845,2.490455043243242,2.0,6834.0,-1.0,-3736.0,0.017572555792610654,-0.2985440898093829,,,0.726,0.5853,0.1403
20251208,6227.5984,6220.3479,6235.9035,6196.0173,299035.0,3745.0,324138.0,2.0,0.0,4988.0,0.0,2.0,-2.0,4930.0,-2708.0,6259.513300000001,6251.89222,6236.526935,7.621080000000802,22.98636500000066,6243.535839841267,6234.576350666667,327420.1,,1.261468514212144,1.181408010853845,2.442876525065989,2.0,4988.0,0.0,2222.0,0.012523617636731486,-0.3499361584275705,,,0.7534,0.6173,0.0922
20251209,6182.2078,6213.4293,6213.4293,6171.0452,310839.0,11804.0,350115.0,2.0,0.0,5895.0,0.0,2.0,-1.0,9503.0,-3903.0,6235.167579999999,6246.4635,6234.99778,-11.29592000000048,0.1697999999996682,6238.985474126985,6235.876502825397,330107.9,,1.213520657349235,1.174057828029068,2.387578485378302,2.0,5895.0,1.0,5600.0,0.03797464282152497,-0.2740409079206183,,,0.726,0.584,0.1794
20251210,6119.7703,6179.2017,6184.8966,6117.5253,326302.0,15463.0,440984.0,2.0,0.0,10679.0,0.0,1.0,-2.0,6041.0,-6522.0,6202.52104,6231.91665,6228.981269999999,-29.39561000000049,-26.46022999999968,6230.093730793653,6236.099849198413,345406.9,529180.7999999999,1.18619755749773,1.174057828029068,2.360255385526798,2.0,10679.0,-1.0,-481.0,0.04738861545439501,-0.2879894203238565,,,0.8082,0.5453,0.1533
20251211,6126.3126,6126.5353,6171.1784,6111.1151,332388.0,6086.0,350941.0,2.0,0.0,10246.0,0.0,2.0,-2.0,6298.0,-2715.0,6174.1292,6227.92961,6224.131095,-53.80040999999983,-50.00189499999942,6220.484991031745,6235.691794071428,332989.8,,1.111174198381891,1.174057828029068,2.285232026410959,2.0,10246.0,0.0,3583.0,0.01830992695283825,-0.2578114105069644,,,0.8493,0.6413,0.2114
20251212,6080.1304,6125.6653,6127.5014,6075.5897,354225.0,21837.0,344576.0,2.0,0.0,8693.0,0.0,3.0,-2.0,2853.0,-265.0,6147.2039,6210.84273,6216.32359,-63.63882999999987,-69.11968999999954,6208.178137380954,6234.049779190476,329744.3,,1.038948180784003,1.174057828029068,2.213006008813071,2.0,8693.0,1.0,2588.0,0.0616472580986661,-0.2712570255139089,,,0.863,0.6613,0.1834
20251215,6101.8203,6068.2194,6141.8615,6052.5993,351924.0,-2301.0,240137.0,1.0,0.0,7667.0,0.0,3.0,-1.0,5706.0,0.0,6122.04828,6190.78079,6209.92565,-68.73250999999982,-87.87737000000016,6196.41006531746,6230.685654674604,316922.9,,1.087633646459328,1.181408010853845,2.269041657313173,1.0,7667.0,2.0,5706.0,-0.006538343505984247,-0.160049049267577,,,0.863,0.7853,0.3597
20251216,6108.0953,6088.812,6117.2519,6073.1277,340629.0,-11295.0,211446.0,1.0,0.0,7816.0,0.0,2.0,-1.0,5776.0,-2858.0,6107.225780000001,6171.19668,6205.921665,-63.97089999999935,-98.69588499999918,6185.606083968254,6225.55897302381,304784.9,,1.061823974591928,1.181408010853845,2.243231985445773,1.0,7816.0,1.0,2918.0,-0.033159243634570165,-0.1422060917498694,,,0.7123,0.612,0.3808
20251217,6120.9613,6100.7794,6141.2435,6073.9949,339040.0,-1589.0,213716.0,1.0,-1.0,8337.0,-1377.0,2.0,-1.0,7826.0,-5089.0,6107.46398,6154.992510000001,6199.762455,-47.52853000000141,-92.29847500000051,6176.846602142856,6219.061232190476,308856.9,,0.9893693600800094,1.181408010853845,2.170777370933854,0.0,6960.0,1.0,2737.0,-0.0046867626238791885,-0.1182109490738305,,,0.726,0.6133,0.4088
20251218,6173.4888,6133.294,6179.2479,6120.493,332523.0,-6517.0,258576.0,1.0,-1.0,8540.0,-488.0,2.0,-1.0,7708.0,-3326.0,6116.89922,6145.51421,6197.33495,-28.61499000000003,-80.43573000000015,6173.01637611111,6211.806704920635,306065.6,,0.9389760701978495,1.181408010853845,2.120384081051694,0.0,8052.0,1.0,4382.0,-0.01959864430430376,-0.1498889437674586,,,0.7534,0.6147,0.3717
20251219,6291.3963,6167.2311,6291.9189,6163.9503,319340.0,-13183.0,426824.0,2.0,0.0,10162.0,0.0,2.0,-1.0,12528.0,-1916.0,6159.1524,6153.178150000001,6203.36399,5.974249999999302,-44.21158999999989,6177.661461666665,6205.081876238095,316145.3,512188.8,0.995343285766594,1.181408010853845,2.176751296620439,2.0,10162.0,1.0,10612.0,-0.04128201916452684,-0.127342132235627,,,0.7945,0.68,0.3978
20251222,6430.7729,6311.5015,6434.7238,6304.8171,335532.0,16192.0,539175.0,2.0,0.0,6575.0,0.0,3.0,0.0,8697.0,0.0,6224.94292,6173.4956,6212.69391,51.44731999999931,12.24900999999954,6195.832929047619,6200.31158515873,337649.0,647010.0,1.102444699026401,1.181408010853845,2.283852709880246,2.0,6575.0,3.0,8697.0,0.048257692261840894,-0.0993517725087678,,,0.8082,0.704,0.4359
20251223,6452.154,6429.2476,6458.8898,6376.6881,346565.0,11033.0,434445.0,1.0,-1.0,3989.0,-2067.0,2.0,-1.0,10297.0,-3209.0,6293.754660000001,6200.490220000001,6223.476860000001,93.26443999999992,70.27779999999984,6217.661339603175,6198.179171706349,346082.0,521334.0,1.15197694831572,1.208699613949273,2.360676562264993,0.0,1922.0,1.0,7088.0,0.03183529785177384,-0.1444286723217316,,,0.8356,0.6653,0.3758
20251224,6490.3358,6455.9123,6521.9498,6432.7372,332752.0,-13813.0,407363.0,1.0,-1.0,5141.0,-2899.0,2.0,-1.0,6376.0,-3138.0,6367.629559999999,6237.54677,6234.73171,130.0827899999995,132.8978499999994,6242.873444761904,6199.457143103175,342719.9,,1.202087914316874,1.243676656810024,2.445764571126897,0.0,2242.0,1.0,3238.0,-0.041511395874404965,-0.1220854753374029,,,0.8219,0.7,0.4048
20251225,6545.5171,6497.5757,6564.9477,6477.6018,333492.0,740.0,308989.0,1.0,-1.0,3162.0,-4505.0,2.0,-1.0,10769.0,-2632.0,6442.03522,6279.46722,6253.698415000001,162.5679999999993,188.336804999999,6270.97464626984,6204.506108626983,338524.7,,1.218096126731205,1.255528305793639,2.473624432524844,0.0,-1343.0,1.0,8137.0,0.0022189437827594065,-0.1705055096565212,,,0.9178,0.9107,0.3337
20251226,6672.2392,6569.6719,6712.9012,6568.7934,330779.0,-2713.0,345953.0,1.0,-1.0,5462.0,-5147.0,2.0,-1.0,12293.0,-1991.0,6518.2038,6338.6781,6274.760415,179.5257000000001,243.4433850000005,6308.754702301588,6214.563765119046,338662.4,,1.356990793016219,1.255528305793639,2.612519098809858,0.0,315.0,1.0,10302.0,-0.008201850782546654,-0.1566408641458077,,,0.9315,0.912,0.3547
20251229,6545.857,6642.3707,6642.3707,6476.8436,301799.0,-28980.0,368225.0,1.0,-1.0,6136.0,-5742.0,2.0,-1.0,10998.0,-1402.0,6541.22062,6383.08177,6286.93128,158.1388500000003,254.2893400000003,6337.385746984129,6228.661333285714,351471.2,,1.508712361861431,1.264147029454179,2.77285939131561,0.0,394.0,1.0,9596.0,-0.09602417503040103,-0.1062996851149689,,,0.9589,0.944,0.4299
20251230,6569.4495,6549.8539,6622.9795,6522.7381,290772.0,-11027.0,266051.0,1.0,-1.0,7691.0,-5518.0,2.0,-2.0,7028.0,-3017.0,6564.67972,6429.21719,6300.206935,135.4625299999998,264.4727849999999,6364.700631825396,6246.570788071428,356931.7,,1.538118478921257,1.287692310602865,2.825810789524121,0.0,2173.0,0.0,4011.0,-0.037923183800365926,-0.1404515003201135,,,0.8356,0.7013,0.3778
20251231,6524.6451,6574.4719,6596.1014,6505.7835,260462.0,-30310.0,271792.0,1.0,-1.0,7785.0,-4858.0,2.0,-1.0,7981.0,-3051.0,6571.541579999999,6469.58557,6312.28904,101.956009999999,259.2525399999995,6388.161298015872,6267.70225765873,362739.3,,1.565195825600997,1.287692310602865,2.852888136203862,0.0,2927.0,1.0,4930.0,-0.11637014228563092,-0.1595900618904321,,,0.8356,0.6813,0.3497
20260105,6467.656,6522.5272,6552.249,6433.5782,273825.0,13363.0,217838.0,1.0,-1.0,9468.0,-4822.0,1.0,-1.0,11020.0,-3621.0,6555.96936,6499.002289999999,6322.25825,56.9670700000006,233.7111100000002,6405.164358492063,6290.917055896825,358665.5,,1.633014117267235,1.318696316456234,2.951710433723469,0.0,4646.0,0.0,7399.0,0.04880124166894915,-0.2123857410951868,,,0.7945,0.6827,0.2655
20260106,6541.0558,6481.031,6560.7776,6481.031,284063.0,10238.0,203771.0,1.0,-1.0,7280.0,-4512.0,2.0,-1.0,9857.0,-2936.0,6529.73268,6523.96824,6338.573195,5.764439999999922,191.1594850000001,6424.611499444444,6315.612059674603,336360.2,,1.629329869294125,1.318696316456234,2.948026185750359,0.0,2768.0,1.0,6921.0,0.03604130069738051,-0.1858810417353851,,,0.7534,0.7387,0.3056
20260107,6556.1759,6553.8029,6602.3294,6476.6082,287347.0,3284.0,260660.0,1.0,-1.0,7509.0,-4246.0,2.0,-1.0,15735.0,-3243.0,6531.79646,6536.508540000001,6355.00207,-4.712080000001151,176.7943899999991,6445.380690793652,6340.566835849207,308508.7,,1.711532665968845,1.350481183020516,3.062013848989361,0.0,3263.0,1.0,12492.0,0.011428690746727824,-0.1958063254048714,,,0.7123,0.688,0.2896
20260108,6495.667,6573.7705,6586.1328,6476.5984,292524.0,5177.0,286627.0,1.0,-1.0,7153.0,-3864.0,2.0,-2.0,14689.0,-5076.0,6517.03996,6540.85984,6370.67503,-23.81988000000001,146.3649299999997,6461.758819126983,6364.976583801587,293726.9,,1.751058898204285,1.350481183020516,3.101540081224801,0.0,3289.0,0.0,9613.0,0.01769769318073047,-0.2105587301907872,,,0.6986,0.7107,0.2665
20260109,6514.0091,6503.9999,6538.7067,6463.1081,303537.0,11013.0,324424.0,1.0,-1.0,7378.0,-2731.0,2.0,-1.0,11712.0,-5660.0,6514.91276,6543.22717,6390.38697,-28.31440999999995,124.5257899999997,6475.076891666667,6388.196928492063,285433.0,,1.763003306103703,1.350481183020516,3.113484489124219,0.0,4647.0,1.0,6052.0,0.036282232479071745,-0.1323760598079731,,,0.7123,0.7107,0.3848
20260112,6514.2353,6519.0255,6616.8825,6486.0496,309331.0,5794.0,369494.0,1.0,-1.0,5787.0,-2289.0,2.0,-1.0,11787.0,-7699.0,6524.22862,6540.09899,6409.783105,-15.87037000000055,114.4455149999994,6488.827820079367,6409.982245873017,291483.5,443392.8,1.761837776513796,1.378430193916772,3.140267970430568,0.0,3498.0,1.0,4088.0,0.01873074473622107,-0.2337755452193175,,,0.6986,0.6813,0.2295
20260113,6519.3608,6521.7143,6556.3584,6471.9393,307555.0,-1776.0,225828.0,1.0,-1.0,5532.0,-1795.0,2.0,-1.0,8351.0,-5999.0,6519.88962,6524.81115,6431.744625,-4.92152999999962,88.14499499999965,6499.490381428572,6429.055813785715,279471.0,,1.695684990624971,1.378430193916772,3.074115184541743,0.0,3737.0,1.0,2352.0,-0.005774576904943831,-0.3157280298826206,,,0.6986,0.6707,0.1042
20260114,6487.7653,6526.4317,6578.2661,6472.9843,310394.0,2839.0,323767.0,2.0,-1.0,5857.0,0.0,2.0,-1.0,8793.0,-6142.0,6506.2075,6519.00198,6451.041875,-12.79447999999957,55.16562500000055,6507.216430714288,6446.03888215873,275025.2,,1.720264243692511,1.378430193916772,3.098694437609283,1.0,5857.0,1.0,2651.0,0.009146439686334143,-0.2725808432598701,,,0.6849,0.6573,0.1613
20260115,6411.8039,6507.1711,6547.8662,6396.3244,295970.0,-14424.0,325150.0,2.0,0.0,2043.0,0.0,2.0,-1.0,10436.0,-6277.0,6489.43488,6503.237419999999,6466.227305,-13.80253999999968,23.20757499999945,6507.354643650793,6460.30428334127,280935.1,,1.789962543494428,1.400013738205885,3.189976281700313,2.0,2043.0,1.0,4159.0,-0.04873466905429604,-0.3048825442390895,,,0.7808,0.6933,0.1122
20260116,6411.2229,6396.364,6460.3263,6370.2014,290641.0,-5329.0,289610.0,1.0,-1.0,555.0,-2567.0,2.0,-2.0,9108.0,-5052.0,6468.877640000001,6491.8952,6480.740385,-23.01755999999932,-11.86274499999945,6502.122504603173,6471.700404,282716.9,,1.795643515714022,1.39284919731433,3.188492713028352,0.0,-2012.0,0.0,4056.0,-0.0183353346568447,-0.3271406398999452,,,0.8219,0.728,0.0942
20260119,6409.508,6424.0115,6439.8614,6391.452,293421.0,2780.0,193700.0,1.0,-2.0,0.0,-3303.0,2.0,-1.0,10223.0,-4690.0,6447.932180000001,6486.080400000001,6492.541345,-38.14822000000004,-44.60916499999894,6495.790443650795,6480.763012515873,280303.1,,1.6700427909857,1.39284919731433,3.06289198830003,-1.0,-3303.0,1.0,5533.0,0.009474441161334737,-0.2989646326874397,,,0.8356,0.6587,0.1152
20260120,6506.2672,6409.4887,6521.5286,6372.5471,299984.0,6563.0,316096.0,0.0,-2.0,0.0,-3987.0,2.0,-1.0,7124.0,-3836.0,6445.313459999999,6482.601540000001,6503.284890000001,-37.28808000000117,-57.97143000000142,6493.590841984127,6487.660946769842,291535.6,,1.619725485104657,1.412901034626624,3.032626519731281,-2.0,-3987.0,1.0,3288.0,0.021877833484452505,-0.1389343853094471,,,0.9589,0.8627,0.3778
20260121,6508.8457,6500.683,6531.4892,6453.9568,306599.0,6615.0,283616.0,1.0,-1.0,257.0,-1028.0,2.0,-1.0,5845.0,-3988.0,6449.52954,6477.86852,6507.188529999999,-28.33897999999954,-57.65898999999899,6494.051045634919,6492.527982253969,293831.2,,1.595814611440932,1.39284919731433,2.988663808755262,0.0,-771.0,1.0,1857.0,0.0215754128356583,-0.1082153674147785,,,0.9315,0.9053,0.4279
20260122,6658.9037,6515.003,6665.0488,6495.3922,326132.0,19533.0,328837.0,2.0,-1.0,607.0,-246.0,2.0,-1.0,9153.0,-3151.0,6498.949500000001,6494.19219,6517.526015,4.757310000000871,-18.57651499999974,6503.69373873016,6496.721474214286,298052.2,,1.68064327163597,1.412901034626624,3.093544306262594,1.0,361.0,1.0,6002.0,0.05989292679037936,-0.0887355596357024,,,0.9315,0.9053,0.4509
20260123,6801.5014,6641.1559,6806.73,6631.0543,345715.0,19583.0,428534.0,2.0,-1.0,5042.0,-425.0,1.0,-2.0,9423.0,-5067.0,6577.0052,6522.94142,6533.084295,54.0637799999995,43.92090499999995,6525.671797380953,6501.780964785715,308463.2,514240.8,1.736912397238853,1.439339994318169,3.176252391557021,1.0,4617.0,-1.0,4356.0,0.056644924287346514,-0.0675393733886102,,,0.9452,0.9867,0.483
20260126,6843.8805,6819.4392,6859.8146,6722.36,347994.0,2279.0,348944.0,1.0,-1.0,3395.0,-1208.0,2.0,-2.0,7681.0,-3009.0,6663.8797,6555.90594,6548.002465,107.9737599999999,115.8772349999999,6553.231437857143,6508.221326563493,306408.2,,1.779550507316103,1.439339994318169,3.218890501634271,0.0,2187.0,0.0,4672.0,0.006548963487876228,-0.1545692555108339,,,0.9589,0.9867,0.3507
20260127,6680.245,6827.6682,6838.1925,6635.2895,325953.0,-22041.0,360646.0,1.0,-1.0,3009.0,-1590.0,1.0,-2.0,4615.0,-8542.0,6698.675260000001,6571.99436,6548.402755,126.6809000000012,150.2725050000008,6571.245596349206,6515.396848055555,319890.0,,1.867452753328636,1.472052368994366,3.339505122323001,0.0,1419.0,-1.0,-3927.0,-0.0676201783692741,-0.2552800055876069,,,0.9589,0.908,0.1924
20260128,6769.2882,6693.1141,6782.9132,6644.8149,303939.0,-22014.0,265370.0,1.0,-1.0,3192.0,-1021.0,2.0,-1.0,5467.0,-8311.0,6750.76376,6600.14665,6559.574315,150.6171100000001,191.189445,6588.964995396826,6523.57170452381,314050.3,,1.892936194667356,1.501837016324933,3.394773210992288,0.0,2171.0,1.0,-2844.0,-0.07242900713630038,-0.2388379240165055,,,0.9589,0.908,0.2164
20260129,6746.2846,6777.9912,6784.4405,6687.7184,293450.0,-10489.0,215476.0,1.0,-1.0,3676.0,-1083.0,2.0,-2.0,8143.0,-8746.0,6768.239939999999,6633.594719999999,6568.416069999999,134.6452200000003,199.8238700000002,6607.326041428571,6533.568844301587,303082.9,,1.911064333690212,1.501837016324933,3.412901350015145,0.0,2593.0,0.0,-603.0,-0.035743738285909016,-0.226636031990583,,,0.9589,0.8933,0.2355
20260130,6684.4597,6751.1496,6882.4247,6637.9191,271197.0,-22253.0,393854.0,1.0,-1.0,3052.0,-973.0,2.0,-2.0,12302.0,-9044.0,6744.8316,6660.9184,6576.4068,83.91319999999996,168.4247999999998,6622.242038253968,6545.580797666667,313507.3,472624.8,2.030515214567704,1.551070937191776,3.58158615175948,0.0,2079.0,0.0,3258.0,-0.08205474249346416,-0.311503032877841,,,0.7397,0.672,0.1012
20260202,6511.4363,6708.4918,6736.8345,6501.2678,284126.0,12929.0,323688.0,1.0,-1.0,1550.0,-1125.0,1.0,-2.0,11847.0,-12229.0,6678.34276,6671.11123,6578.595815000001,7.231530000000021,99.74694499999896,6622.306474365078,6558.232400738096,326506.1,,2.194213360305634,1.551070937191776,3.74528429749741,0.0,425.0,-1.0,-382.0,0.0455044592891886,-0.4927778774764713,,,0.726,0.672,0.019
20260203,6536.8503,6530.4469,6580.2639,6508.843,280960.0,-3166.0,260337.0,1.0,-1.0,1634.0,-570.0,2.0,-2.0,9679.0,-12726.0,6649.66382,6674.16954,6578.38554,-24.50572000000011,71.27827999999954,6618.456252619048,6570.718941801587,320930.2,,2.156434660352506,1.551070937191776,3.707505597544282,0.0,1064.0,0.0,-3047.0,-0.011268507972665149,-0.28795389590551,,,0.7123,0.6333,0.1303
20260204,6608.7402,6548.9994,6654.5351,6529.1622,277156.0,-3804.0,279980.0,1.0,-1.0,892.0,-1434.0,2.0,-2.0,12744.0,-13155.0,6617.55422,6684.158989999999,6581.013755,-66.60476999999901,36.54046500000004,6619.959806746029,6583.309817912697,320566.6,,2.12361577293006,1.551070937191776,3.674686710121835,0.0,-542.0,0.0,-411.0,-0.013725122313787181,-0.2960954694627475,,,0.7123,0.6333,0.1172
20260205,6550.0793,6620.4084,6622.149,6529.0615,283037.0,5881.0,347776.0,2.0,-1.0,1189.0,0.0,1.0,-2.0,9272.0,-14999.0,6578.313160000001,6673.27655,6583.73437,-94.96338999999989,-5.421209999999519,6618.737971507938,6594.814241190476,322460.5,,2.123630666423284,1.551070937191776,3.67470160361506,1.0,1189.0,-1.0,-5727.0,0.020778202143182694,-0.3068142664785826,,,0.726,0.6453,0.1072
20260206,6566.32,6550.5223,6613.4942,6506.2982,288815.0,5778.0,317202.0,2.0,0.0,1975.0,0.0,1.0,-2.0,8347.0,-15096.0,6554.685219999999,6649.75841,6586.349915000001,-95.07319000000098,-31.6646950000013,6616.372982698412,6603.884359722222,311327.3,,2.183278554927339,1.602431269692572,3.785709824619911,2.0,1975.0,-1.0,-6749.0,0.02000588612087322,-0.2073402829650107,,,0.6849,0.6453,0.2685
20260209,6595.8087,6548.9538,6623.3896,6518.3498,269957.0,-18858.0,255323.0,2.0,-1.0,3052.0,0.0,1.0,-2.0,7816.0,-11123.0,6571.5597,6624.951230000001,6590.428585,-53.39153000000078,-18.86888499999986,6615.770955873014,6610.138311523809,301965.2,,2.133960548698619,1.604623861992893,3.738584410691511,1.0,3052.0,-1.0,-3307.0,-0.0698555695907126,-0.2996521960176399,,,0.6849,0.6547,0.1122
20260210,6618.3457,6603.323,6673.865,6544.3475,256983.0,-12974.0,258455.0,2.0,0.0,3999.0,0.0,1.0,-2.0,5024.0,-9233.0,6587.85878,6618.7613,6595.37783,-30.90252000000055,-7.519050000000789,6617.940966269842,6614.807848515872,291746.1,,2.187247305105472,1.626669723338071,3.813917028443543,2.0,3999.0,-1.0,-4209.0,-0.05048582980197134,-0.213647064566414,,,0.6575,0.6293,0.2625
20260211,6650.0515,6606.9204,6680.9586,6603.5028,238804.0,-18179.0,186414.0,2.0,0.0,5024.0,0.0,1.0,-2.0,2561.0,-7203.0,6596.12104,6606.83763,6603.49214,-10.71659,-7.371100000000297,6622.497751825398,6618.161124158729,283850.5,,2.088488256223202,1.626669723338071,3.715157979561273,2.0,5024.0,-1.0,-4642.0,-0.0761251905328219,-0.2218977749773024,,,0.6438,0.6293,0.2485
20260212,6617.2419,6686.8968,6713.1289,6613.9772,227231.0,-11573.0,150278.0,2.0,0.0,5417.0,0.0,1.0,-2.0,4014.0,-8032.0,6609.55356,6593.93336,6613.76404,15.6202000000003,-4.210479999999734,6626.473749999999,6620.075895015872,277330.7,,2.010324652562876,1.626669723338071,3.636994375900946,2.0,5417.0,-1.0,-4018.0,-0.0509305508491359,-0.1720123069475021,,,0.6575,0.6213,0.3317
20260213,6622.0798,6622.287,6644.8312,6576.0504,202765.0,-24466.0,205488.0,2.0,0.0,5545.0,0.0,1.0,-2.0,3357.0,-8685.0,6620.70552,6587.695369999999,6624.306885,33.01015000000098,-3.601364999999532,6626.936353650794,6620.545326555555,258494.1,,1.941095671687104,1.626669723338071,3.567765395025174,2.0,5545.0,-1.0,-5328.0,-0.12066184992478979,-0.1898482938315085,,,0.6849,0.6533,0.3036
20260224,6787.0458,6696.1782,6840.0321,6689.16,210337.0,7572.0,220078.0,2.0,0.0,5576.0,0.0,1.0,-3.0,323.0,-12109.0,6658.95294,6615.25632,6643.183775,43.69661999999971,15.7691649999997,6640.277861507937,6622.34246526984,248133.1,,1.948943914044136,1.639682324144701,3.588626238188837,2.0,5576.0,-2.0,-11786.0,0.03599937243566277,0.1445009594238311,,,0.6986,0.6733,0.7044
20260225,6724.6988,6795.0706,6848.0192,6721.2426,222123.0,11786.0,257261.0,1.0,-1.0,4867.0,0.0,1.0,-3.0,338.0,-9021.0,6680.22356,6634.04117,6654.105355,46.18239000000085,26.11820500000067,6651.55524936508,6625.652364944444,247825.5,,1.93768261219875,1.639682324144701,3.577364936343452,0.0,4867.0,-2.0,-8683.0,0.053060691598798865,-0.1683408748679015,,,0.6986,0.6627,0.3397
20260226,6664.1393,6721.3279,6773.2091,6654.146,206800.0,-15323.0,238075.0,1.0,-1.0,3286.0,0.0,1.0,-2.0,658.0,-8380.0,6683.04112,6639.581080000001,6661.870035,43.46003999999903,21.17108499999995,6654.689758888887,6629.12536015873,243635.0,,1.963489613148344,1.639682324144701,3.603171937293046,0.0,3286.0,-1.0,-7722.0,-0.07409574468085106,-0.2301419124725714,,,0.7123,0.692,0.2395
20260227,6659.5554,6635.3748,6669.1567,6607.629,195179.0,-11621.0,172991.0,2.0,0.0,2358.0,0.0,1.0,-2.0,2913.0,-10509.0,6691.50382,6650.528690000001,6661.902619999999,40.9751299999989,29.60120000000097,6653.160355555555,6632.567598563491,226156.5,,1.76665626568392,1.639682324144701,3.406338589828621,2.0,2358.0,-1.0,-7596.0,-0.05954021692907536,-0.1844373595634371,,,0.6986,0.68,0.3146
20260302,7001.1157,6681.0418,7008.8709,6658.8663,243832.0,48653.0,393196.0,2.0,0.0,1371.0,0.0,1.0,-2.0,4815.0,-7933.0,6767.311,6694.008260000001,6671.883335,73.30273999999918,95.42766499999925,6675.091741984127,6638.439474492063,233755.9,471835.2,1.880159051055607,1.664769648026392,3.544928699082,2.0,1371.0,-1.0,-3118.0,0.19953492568653827,-0.1616063243985876,,,0.9315,0.8933,0.3537
20260303,7077.3849,7020.5297,7100.548,6933.437,271133.0,27301.0,376524.0,1.0,-1.0,1765.0,-609.0,1.0,-2.0,7490.0,-10863.0,6825.378820000001,6742.16588,6683.558555000001,83.21294000000034,141.8202650000003,6711.691292619045,6648.031508166666,245876.0,451828.8,1.971395248267418,1.664769648026392,3.63616489629381,0.0,1156.0,-1.0,-3373.0,0.10069228017246148,-0.1082845885235133,,,0.9315,0.8933,0.4379
20260304,7153.2726,7119.0704,7232.2027,7016.4079,290219.0,19086.0,462437.0,1.0,-2.0,666.0,-1150.0,1.0,-2.0,11086.0,-11052.0,6911.093580000001,6795.65857,6707.209935000001,115.4350100000011,203.8836449999999,6754.436717222224,6661.681083261906,266274.2,554924.4,2.055910500981854,1.726410752037816,3.78232125301967,-1.0,-484.0,-1.0,34.0,0.06576412984677088,-0.1414581112007584,,,0.9178,0.8933,0.3828
20260305,7257.3009,7079.6124,7433.4972,7028.2943,290833.0,614.0,523449.0,2.0,0.0,5351.0,0.0,1.0,-2.0,9339.0,-6936.0,7029.7259,6856.38351,6731.61057,173.3423900000007,298.1153300000005,6803.479966111112,6679.779304690475,299977.7,628138.7999999999,2.369166523473955,1.80590819205997,4.175074715533925,2.0,5351.0,-1.0,2403.0,0.002111177204787627,-0.2012160839089749,,,0.9315,0.8773,0.2806
20260306,7492.6319,7282.8901,7505.8877,7236.3117,303899.0,13066.0,395617.0,2.0,-1.0,5186.0,0.0,1.0,-2.0,9897.0,-9772.0,7196.3412,6943.922509999999,6768.927935,252.4186900000004,427.4132650000001,6869.274704047617,6704.059400095238,324511.6,474740.4,2.515573053282864,1.854996187708357,4.370569240991221,1.0,5186.0,-1.0,125.0,0.04299454753059405,-0.2166965299423348,,,0.9178,0.9773,0.2555
20260309,7807.0137,7673.5827,7807.8213,7662.3494,297074.0,-6825.0,212584.0,1.0,-1.0,4351.0,-1740.0,1.0,-2.0,10251.0,-8456.0,7357.5208,7062.4159,6825.055635,295.1049000000003,532.4651650000005,6964.972310476188,6737.862995777777,325221.2,,2.700559545137753,1.889973862323177,4.59053340746093,0.0,2611.0,-1.0,1795.0,-0.02297407379979399,0.081584634441813,,,0.9178,0.9027,0.6353
20260310,7639.2801,8338.9901,8397.8581,7457.0784,261767.0,-35307.0,491133.0,1.0,-1.0,2308.0,-4610.0,1.0,-2.0,5201.0,-11714.0,7469.89984,7147.63933,6881.447825,322.2605100000001,588.4520149999998,7063.389374603176,6780.1741470873,352326.7,589359.6,3.49899948816851,1.905286110559008,5.404285598727517,0.0,-2302.0,-1.0,-6513.0,-0.1348794920673729,0.6838994777266133,,,0.9041,0.9027,0.9399
20260311,8006.2288,7847.4854,8023.1994,7523.077,261440.0,-327.0,420257.0,1.0,-1.0,4787.0,-1717.0,1.0,-2.0,3186.0,-10594.0,7640.49108,7275.792330000001,6954.916749999999,364.6987499999987,685.5743300000004,7160.533678730157,6831.071990023809,368626.3,,3.876064881679793,1.933338427540131,5.809403309219924,0.0,3070.0,-1.0,-7408.0,-0.001250764993880049,0.2145279863311766,,,0.7945,0.6773,0.7555
20260312,8332.0066,8074.9326,8635.2228,8074.9326,259171.0,-2269.0,443136.0,1.0,-1.0,6477.0,-2953.0,1.0,-2.0,3134.0,-6677.0,7855.43222,7442.579060000001,7041.080070000001,412.8531599999988,814.3521499999988,7289.611580079366,6894.564172142856,389132.4,,4.333839749707839,1.977534169769169,6.311373919477008,0.0,3524.0,-1.0,-3543.0,-0.008754837539693871,0.6218531249956749,,,0.7945,0.6773,0.9218
20260313,8284.3639,8334.5897,8471.077,8143.3605,247265.0,-11906.0,416376.0,1.0,-1.0,2959.0,-826.0,0.0,-3.0,0.0,-9967.0,8013.77862,7605.059909999999,7127.7943,408.718710000001,885.9843200000005,7410.473354444444,6970.295472031746,413470.9,,4.515492162248516,2.008421491678252,6.523913653926767,0.0,2133.0,-3.0,-9967.0,-0.048150769417426645,0.4702734328838415,,,0.7945,0.688,0.8778
20260316,8358.9252,8142.8431,8601.461,8043.909,247740.0,475.0,391771.0,2.0,-1.0,2996.0,-242.0,0.0,-3.0,0.0,-9089.0,8124.16092,7740.840859999999,7217.424559999999,383.3200600000009,906.7363600000008,7524.033688809523,7055.189666714285,413328.4,,4.772649890978391,2.018668613913822,6.791318504892213,1.0,2754.0,-3.0,-9089.0,0.0019173326874949543,0.7172182783866506,,,0.7945,0.688,0.9469
20260317,8277.2817,8283.9352,8334.6464,8064.8582,245735.0,-2005.0,321723.0,2.0,-1.0,2493.0,-1112.0,0.0,-3.0,0.0,-9401.0,8251.761240000002,7860.83054,7301.49821,390.9307000000017,950.2630300000019,7623.770235873015,7146.397561039683,407848.3,,4.860557271191152,2.036443737688566,6.897001008879719,1.0,1381.0,-3.0,-9401.0,-0.008159195881742527,0.6953721313630487,,,0.7808,0.7587,0.9409
20260318,8177.1985,8245.5063,8440.8336,8073.5126,244466.0,-1269.0,329764.0,2.0,-1.0,2308.0,-247.0,0.0,-3.0,0.0,-8833.0,8285.95518,7963.22313,7379.440850000001,322.7320500000005,906.51433,7712.085508888887,7242.162440206349,394581.0,,5.023047046640797,2.11555298562409,7.138600032264888,1.0,2061.0,-3.0,-8833.0,-0.005190905892843995,0.5941561708009337,,,0.7808,0.792,0.9148
20260319,8354.7256,8414.3571,8577.5925,8272.3092,248700.0,4234.0,339178.0,2.0,0.0,4055.0,0.0,0.0,-3.0,0.0,-7933.0,8290.49898,8072.9656,7464.674555,217.5333799999999,825.8244250000007,7809.315193333335,7342.74596292857,376153.9,,5.255348871704193,2.253191494222469,7.508540365926662,2.0,4055.0,-3.0,-7933.0,0.01702452754322477,0.6935025117519031,,,0.7808,0.8053,0.9399
20260320,8242.7183,8347.6204,8361.1012,7986.8384,240440.0,-8260.0,465228.0,1.0,-1.0,4163.0,-184.0,0.0,-3.0,0.0,-11193.0,8282.16986,8147.97424,7545.948375,134.1956199999995,736.221485,7883.892836666667,7444.207776190476,383115.0,558273.6,5.21823840206485,2.318367963713923,7.536606365778773,0.0,3979.0,-3.0,-11193.0,-0.03435368491099651,0.759083859720975,,,0.7671,0.7907,0.9589
20260323,8677.6659,8251.0325,8822.7367,8200.3419,266289.0,25849.0,453082.0,2.0,-1.0,5674.0,-299.0,1.0,-2.0,222.0,-9014.0,8345.918000000001,8235.03946,7648.727679999999,110.8785400000015,697.1903200000024,7979.816478809525,7545.69219302381,407164.8,,5.55000289098006,2.362110806815495,7.912113697795554,1.0,5375.0,-1.0,-8792.0,0.09707122712541637,1.009522786405937,,,0.7671,0.7853,0.989
20260324,8258.4322,8329.4414,8545.7827,8228.4555,253320.0,-12969.0,382595.0,1.0,-1.0,4273.0,-855.0,1.0,-3.0,182.0,-10709.0,8342.1481,8296.954670000001,7722.297,45.19342999999935,619.8510999999999,8045.421268650793,7643.895382428571,396311.0,,5.702062303673577,2.421554732413199,8.123617036086776,0.0,3418.0,-2.0,-10527.0,-0.05119611558503079,0.5455010869090671,,,0.7808,0.7627,0.8908
20260325,8100.5817,8298.8333,8339.1298,7798.4669,244933.0,-8387.0,360384.0,1.0,-1.0,2665.0,-1549.0,1.0,-3.0,0.0,-11983.0,8326.82474,8306.389959999999,7791.091145,20.43478000000141,535.7335949999997,8085.086042539682,7736.350618809523,390323.7,,5.778701482972832,2.524325051025487,8.30302653399832,0.0,1116.0,-2.0,-11983.0,-0.03424201720470496,0.3383257028199103,,,0.8904,0.9267,0.8126
20260326,8265.4928,8092.1326,8278.8063,7979.1344,253093.0,8160.0,249060.0,1.0,-1.0,2693.0,-1763.0,1.0,-2.0,1138.0,-9968.0,8308.97818,8299.738580000001,7871.15882,9.239599999998973,437.8193600000004,8124.331358492062,7819.822596650793,370916.1,,5.766011832090445,2.561847830116281,8.327859662206727,0.0,930.0,-1.0,-8830.0,0.03224111295057548,0.5501279604171296,,,0.9041,0.8733,0.8908
20260327,8392.9976,8314.4472,8422.0631,8191.8463,257381.0,4288.0,319895.0,2.0,-1.0,3405.0,-1478.0,1.0,-2.0,1413.0,-5435.0,8339.03404,8310.60195,7957.830929999999,28.43209000000024,381.2031100000013,8170.438565952383,7895.819117801587,361268.0,,5.663071150895336,2.646922643548609,8.309993794443944,1.0,1927.0,-1.0,-4022.0,0.016660126427358663,0.7352355754432923,,,0.8767,0.8533,0.9479
20260330,8361.3739,8479.52,8587.5363,8322.4939,251019.0,-6362.0,363121.0,1.0,-1.0,3792.0,-1461.0,1.0,-2.0,1495.0,-7820.0,8275.77564,8310.846819999999,8025.84384,-35.071179999999,249.9318000000003,8216.02851706349,7965.018600626984,358403.0,,5.045765585615372,2.839788473037211,7.885554058652583,0.0,2331.0,-1.0,-6325.0,-0.0253446950230859,0.5641780596856297,,,0.8356,0.7067,0.8958
20260331,8247.7683,8319.8335,8509.3967,8173.9156,243492.0,-7527.0,398498.0,1.0,-1.0,3379.0,-1074.0,1.0,-2.0,2335.0,-6575.0,8273.642859999998,8307.895480000001,8084.363009999999,-34.25262000000293,189.279849999999,8242.730363412698,8026.914613380953,366080.5,,4.893761383811635,2.997707536860693,7.891468920672329,0.0,2305.0,-1.0,-4240.0,-0.03091271992508994,0.498775875658802,,,0.7808,0.6867,0.8747
20260401,7896.6245,8245.4927,8381.9445,7896.6245,255186.0,11694.0,436318.0,1.0,-1.0,1661.0,-1960.0,1.0,-3.0,513.0,-8355.0,8232.85142,8279.83808,8121.530605,-46.98665999999866,111.3208150000009,8238.917302142858,8079.597792706349,376735.9,,4.78817768770733,3.059039084206688,7.847216771914018,0.0,-299.0,-2.0,-7842.0,0.04582539794502833,0.5596422362931825,,,0.7808,0.6987,0.8948
20260402,8316.6807,7999.5981,8397.2574,7939.3042,269043.0,13857.0,383767.0,1.0,-1.0,3061.0,-1622.0,1.0,-2.0,1342.0,-8067.0,8243.089,8276.03359,8174.499594999999,-32.94458999999915,68.58940500000062,8247.247100555554,8123.390983428571,381194.8,,4.936000753754468,3.141440221571104,8.077440975325572,0.0,1439.0,-1.0,-6725.0,0.05150477804663195,0.6539089141731105,,,0.8219,0.7053,0.9248
20260403,8391.3983,8458.2831,8458.2831,8137.176,273641.0,4598.0,399403.0,1.0,-1.0,5517.0,-2306.0,1.0,-2.0,3674.0,-6653.0,8242.76914,8290.90159,8219.437914999999,-48.13244999999915,23.33122500000172,8265.651145714286,8161.566814333333,374612.3,,4.730718033158406,3.186425018823302,7.917143051981709,0.0,3211.0,-1.0,-2979.0,0.016803037556506518,0.5981374905547409,,,0.8082,0.8173,0.9118
20260407,8493.934,8472.1669,8563.6453,8332.5983,280895.0,7254.0,296076.0,1.0,-1.0,6473.0,-1390.0,1.0,-2.0,7220.0,-9847.0,8269.28116,8272.5284,8253.783930000001,-3.247239999998783,15.49722999999904,8291.283384285714,8192.713504880952,358911.7,,4.667651474474566,3.186425018823302,7.854076493297868,0.0,5083.0,-1.0,-2627.0,0.025824596379430038,0.4154089998571242,,,0.8356,0.8173,0.8407
20260408,7945.952,8502.4811,8636.531,7872.9831,256714.0,-24181.0,381460.0,1.0,-1.0,4087.0,-936.0,1.0,-2.0,3026.0,-10867.0,8208.917899999999,8241.28038,8269.117525,-32.3624800000016,-60.19962500000111,8280.7559484127,8216.246972857143,358798.2,,5.018693741359807,3.347859163303418,8.366552904663225,0.0,3151.0,-1.0,-7841.0,-0.09419431741159423,0.989651646104002,,,0.8356,0.8173,0.987
20260409,8091.8967,7925.6912,8140.1917,7832.9675,249586.0,-7128.0,244004.0,1.0,-1.0,3966.0,-863.0,1.0,-2.0,2527.0,-10142.0,8247.97234,8240.411880000001,8273.40092,7.560459999998784,-25.42857999999978,8256.293141349206,8233.367682738095,347160.2,,4.949557511248174,3.57077260383399,8.520330115082164,0.0,3103.0,-1.0,-7615.0,-0.028559294191180595,0.5046136073898972,,,0.8356,0.8533,0.8727
20260410,7843.7265,8110.7976,8115.0097,7781.1664,254276.0,4690.0,321946.0,1.0,-1.0,2441.0,-829.0,0.0,-3.0,0.0,-12463.0,8153.3815,8198.23525,8248.986915,-44.85374999999931,-95.60541499999908,8224.628579126984,8243.397404801588,354448.8,,4.931626942183587,3.605823930927123,8.537450873110709,0.0,1612.0,-3.0,-12463.0,0.018444524847016627,0.6362056309098499,,,0.8219,0.8307,0.9188
20260413,7892.3178,7863.6041,8035.3183,7780.183,247431.0,-6845.0,200156.0,1.0,-1.0,3052.0,-367.0,1.0,-3.0,37.0,-9206.0,8053.565400000001,8148.16727,8229.38461,-94.6018699999986,-175.8192099999978,8189.957318015874,8245.349280007937,342474.9,,4.644699935266784,3.605823930927123,8.250523866193907,0.0,2685.0,-2.0,-9169.0,-0.02766427812198148,,,,0.9315,0.9787,
20260414,7944.1091,7883.2279,7981.9622,7785.0282,247924.0,493.0,230570.0,1.0,-1.0,3316.0,-533.0,1.0,-2.0,2060.0,-10038.0,7943.60042,8106.440790000001,8208.643805,-162.8403700000008,-265.0433849999999,8159.595761984127,8239.7060045,329219.8,,4.436548830229752,3.605823930927123,8.042372761156875,0.0,2783.0,-1.0,-7978.0,0.001988512608702667,0.41553310466712,,,0.9315,0.9773,0.8375
20260415,8054.6636,7898.7164,8142.0163,7865.2871,254483.0,6559.0,254523.0,1.0,-1.0,4921.0,-1121.0,1.0,-2.0,5276.0,-9286.0,7965.34274,8087.130319999999,8197.5129,-121.7875799999993,-232.1701599999997,8140.022541349207,8229.43522229365,314822.3,,4.207094683635556,3.605823930927123,7.812918614562678,0.0,3800.0,-1.0,-4010.0,0.02577382379176605,0.448796944949682,,,0.9315,0.9747,0.8556
20260416,8100.8837,8063.7646,8153.5745,8025.8495,254852.0,369.0,204437.0,2.0,-1.0,6616.0,-237.0,1.0,-2.0,5973.0,-9905.0,7967.14014,8107.55624,8193.69716,-140.4160999999995,-226.5570199999993,8128.248446666666,8218.36833674603,291634.2,,4.062306252694011,3.605823930927123,7.668130183621134,1.0,6379.0,-1.0,-3932.0,0.001447899172853264,0.6112933164830281,,,0.9315,0.98,0.9107
20260417,8057.8785,8100.2979,8133.5829,8015.5437,249161.0,-5691.0,165609.0,1.0,-1.0,7166.0,-596.0,1.0,-2.0,5359.0,-9337.0,8009.97054,8081.676020000001,8178.854805000001,-71.70548000000053,-168.8842650000006,8117.658913174604,8205.409518007937,269818.4,,3.975572071834828,3.605823930927123,7.58139600276195,0.0,6570.0,-1.0,-3978.0,-0.02284065323224742,0.5442189237990284,,,0.8356,0.84,0.8806
20260420,7992.8768,7901.1614,8143.4481,7844.5287,243370.0,-5791.0,346108.0,1.0,-1.0,5957.0,-1601.0,1.0,-2.0,6490.0,-7300.0,8030.082339999999,8041.82387,8166.362730000001,-11.74153000000115,-136.2803900000017,8096.01360563492,8188.445764000001,264488.9,415329.6,4.018413568616223,3.620874005928511,7.639287574544734,0.0,4356.0,-1.0,-810.0,-0.023795044582323212,0.5005361692277756,,,0.8082,0.8013,0.8666
20260421,7995.1691,8000.0981,8002.1683,7889.3518,248597.0,5227.0,172137.0,1.0,-1.0,4980.0,-1437.0,1.0,-2.0,5850.0,-6359.0,8040.294339999999,7991.94738,8132.237890000001,48.34695999999894,-91.94355000000269,8080.592683333335,8167.376693904762,252095.0,,3.830378113919164,3.620874005928511,7.451252119847675,0.0,3543.0,-1.0,-509.0,0.021025997900216014,0.4739560539100459,,,0.8493,0.7747,0.8576
20260422,8045.0002,7994.4519,8092.7513,7955.933,246914.0,-1683.0,178702.0,1.0,-1.0,5430.0,-3511.0,1.0,-2.0,6081.0,-6592.0,8038.36166,8001.852200000001,8121.56629,36.5094599999984,-83.20463000000018,8069.81569063492,8146.282668126984,231819.2,,3.517401136610347,3.620874005928511,7.138275142538857,0.0,1919.0,-1.0,-511.0,-0.006816138412564699,0.5388295910075326,,,0.863,0.7387,0.8786
20260423,8164.8123,8078.7524,8194.6341,8034.2611,255813.0,8899.0,272022.0,1.0,-1.0,5271.0,-3564.0,1.0,-2.0,6806.0,-5677.0,8051.14738,8009.143759999999,8124.77782,42.00362000000132,-73.63043999999991,8069.291036984127,8127.582457690476,234621.0,,3.221051794090646,3.620874005928511,6.841925800019157,0.0,1707.0,-1.0,1129.0,0.034787129661119645,0.6835148960462173,,,0.863,0.7507,0.9318
20260424,8097.5816,8163.3998,8210.2775,8056.3508,243155.0,-12658.0,214148.0,1.0,-1.0,5200.0,-3724.0,1.0,-2.0,7001.0,-7888.0,8059.088000000001,8034.529270000001,8116.38226,24.55872999999974,-57.29425999999967,8068.247823968251,8111.944382174603,223841.2,,3.081134042216214,3.620874005928511,6.702008048144725,0.0,1476.0,-1.0,-887.0,-0.05205732968682528,0.6111577909662989,,,0.8493,0.8547,0.9087
20260427,8234.9944,8097.3653,8279.9728,8094.4033,239164.0,-3991.0,230089.0,1.0,-1.0,5589.0,-3996.0,1.0,-2.0,4966.0,-9561.0,8107.51152,8068.79693,8108.482100000001,38.7145900000005,-0.970580000001064,8075.656761031748,8100.514326476191,226834.5,,3.047790095149438,3.620874005928511,6.668664101077948,0.0,1593.0,-1.0,-4595.0,-0.016687294074359017,0.7484156200792512,,,0.9041,0.7053,0.9488
20260428,8420.6573,8211.1131,8433.1427,8207.7458,241511.0,2347.0,332628.0,1.0,-1.0,5565.0,-3859.0,1.0,-2.0,8348.0,-12190.0,8192.60916,8116.45175,8111.44627,76.1574099999998,81.1628899999996,8099.077341984127,8094.46248447619,237040.3,399153.6,2.558472035588939,3.620874005928511,6.17934604151745,0.0,1706.0,-1.0,-3842.0,0.009717983859948409,0.6815200168888897,,,0.9041,0.7053,0.9298
20260429,8376.9763,8412.3024,8480.8055,8328.4506,253200.0,11689.0,296057.0,1.0,-1.0,3497.0,-3425.0,1.0,-2.0,7498.0,-12017.0,8259.00438,8148.683019999999,8117.906670000001,110.3213600000008,141.0977099999991,8126.340563412697,8093.09428668254,241193.7,355268.4,2.415245907144866,3.620874005928511,6.036119913073376,0.0,72.0,-1.0,-4519.0,0.0461650868878357,0.5854603771405605,,,0.9041,0.676,0.8987
20260430,8378.3869,8444.6219,8464.2614,8362.9975,242194.0,-11006.0,313542.0,1.0,-1.0,4873.0,-3169.0,1.0,-2.0,7093.0,-12958.0,8301.7193,8176.433339999999,8141.99479,125.285960000002,159.7245100000009,8151.282331587302,8095.397675174604,252104.2,376250.4,2.199440059884643,3.620874005928511,5.820314065813154,0.0,1704.0,-1.0,-5865.0,-0.045442909403205695,0.5941099295615332,,,0.9178,0.7053,0.9007
20260506,8469.0348,8363.9373,8519.8438,8343.6592,278732.0,36538.0,244097.0,1.0,-1.0,6466.0,-2861.0,1.0,-2.0,4123.0,-11270.0,8376.00994,8217.54897,8149.612494999999,158.4609700000001,226.3974450000005,8180.265584761904,8101.658342333333,259953.0,,2.119292399092187,3.620874005928511,5.740166405020697,0.0,3605.0,-1.0,-7147.0,0.13108649168376793,,,,0.9041,0.6893,
20260507,8132.9183,8391.4823,8391.4823,8129.3102,300978.0,22246.0,424959.0,1.0,-1.0,3624.0,-1817.0,1.0,-2.0,8796.0,-8468.0,8355.59472,8231.55312,8136.688495,124.0415999999987,218.9062249999988,8187.320493253969,8110.789031095238,267838.1,509950.8,2.240482548053644,3.638475458800687,5.878958006854331,0.0,1807.0,-1.0,328.0,0.0739123789778655,0.3381846262985519,,,0.9315,0.6787,0.7871
20260508,8004.6027,8075.6051,8108.3251,7992.9694,295363.0,-5615.0,278205.0,1.0,-1.0,2833.0,-2671.0,1.0,-2.0,6204.0,-9477.0,8272.3838,8232.49648,8112.22193,39.88731999999982,160.1618699999999,8179.148135238096,8120.644576285714,278444.9,,2.121974123806026,3.620874005928511,5.742848129734536,0.0,162.0,-1.0,-3273.0,-0.01901050571669437,0.4242240538903883,,,0.9315,0.6787,0.8303
20260511,8157.8007,8047.1188,8216.6169,7956.0274,303325.0,7962.0,310194.0,0.0,-2.0,0.0,-3574.0,1.0,-2.0,5745.0,-8227.0,8228.54868,8243.77653,8122.814365,-15.22784999999931,105.7343149999997,8177.928926031745,8131.455899825397,291594.1,,2.236929368734532,3.608960019339642,5.845889388074175,-2.0,-3574.0,-1.0,-2482.0,0.026249072776724634,0.4266302297522935,,,0.9315,0.6787,0.8323
20260512,8111.5905,8164.268,8164.268,8051.52,303524.0,199.0,220921.0,0.0,-2.0,0.0,-4043.0,1.0,-2.0,6475.0,-7828.0,8175.1894,8238.45435,8123.799055,-63.26494999999977,51.3903449999998,8178.198652698411,8142.346661396825,286484.0,,2.231262966743587,3.608960019339642,5.840222986083229,-2.0,-4043.0,-1.0,-1353.0,0.0006556318445987796,0.4961931531516103,,,0.9315,0.6787,0.8544
20260513,8041.4186,8119.1459,8151.7016,8010.2552,306246.0,2722.0,246146.0,0.0,-2.0,0.0,-5069.0,1.0,-2.0,4742.0,-10393.0,8089.666160000001,8232.83805,8133.683660000001,-143.1718899999996,-44.01749999999993,8172.797715476193,8152.801650547619,289683.8,,2.092944210839643,3.608960019339642,5.701904230179285,-2.0,-5069.0,-1.0,-5651.0,0.008888279357118134,,,,0.9178,0.6787,
20260514,7922.3822,8064.852,8086.6719,7901.2797,299133.0,-7113.0,303548.0,0.0,-2.0,0.0,-5856.0,1.0,-2.0,4705.0,-9381.0,8047.55894,8201.576830000002,8135.186879999999,-154.0178900000019,-87.6279399999994,8157.531969047619,8160.989171349206,297029.7,,2.157626719077939,3.608960019339642,5.766586738417582,-2.0,-5856.0,-1.0,-4676.0,-0.023778720502251507,0.599950657678977,,,0.9315,0.6667,0.9045
20260515,8012.3857,7918.9269,8062.1036,7905.3683,291700.0,-7433.0,248047.0,0.0,-2.0,0.0,-6517.0,1.0,-2.0,8297.0,-8937.0,8049.115540000001,8160.74967,8138.600710000001,-111.6341299999995,-89.48516999999993,8143.421639761904,8165.423601126984,288571.6,,2.175632046756089,3.608960019339642,5.784592066095732,-2.0,-6517.0,-1.0,-640.0,-0.02548165923894412,0.6008149642904387,,,0.9178,0.6293,0.9045
20260518,8118.1582,8024.8888,8178.1493,7999.0437,290845.0,-855.0,237481.0,0.0,-2.0,0.0,-6392.0,1.0,-2.0,8342.0,-7565.0,8041.18704,8134.86786,8141.77544,-93.6808200000005,-100.5884000000005,8139.463384920636,8166.735883277778,282714.0,,2.192882058405596,3.608960019339642,5.801842077745238,-2.0,-6392.0,-1.0,777.0,-0.0029397101548935,0.5812483739893627,,,0.9041,0.656,0.8915
20260519,8023.3229,8049.7264,8049.7264,7939.7613,284714.0,-6131.0,257233.0,0.0,-2.0,0.0,-5799.0,1.0,-2.0,6220.0,-6171.0,8023.53352,8099.36146,8137.8974,-75.82794000000013,-114.3638799999999,8128.404300793651,8164.448080198412,277083.1,,2.215694601764347,3.608960019339642,5.824654621103989,-2.0,-5799.0,-1.0,49.0,-0.021533890149413096,0.5681192050784087,,,0.9452,0.7093,0.8854
20260520,7964.6633,8010.2034,8037.2098,7938.1464,295465.0,10751.0,300142.0,0.0,-2.0,0.0,-2552.0,1.0,-2.0,4907.0,-4689.0,8008.182460000001,8048.924309999999,8133.23664,-40.74184999999852,-125.0541799999992,8113.914973650794,8157.813019087301,282687.6,,2.145149297207229,3.608960019339642,5.754109316546872,-2.0,-2552.0,-1.0,218.0,0.03638671247017413,0.3567593387547443,,,0.9315,0.7253,0.7829
20260521,7978.0599,7926.7642,8060.2655,7888.4367,270556.0,-24909.0,422555.0,0.0,-2.0,0.0,-6401.0,1.0,-2.0,6912.0,-4007.0,8019.318000000001,8033.438470000001,8132.495795,-14.12046999999984,-113.1777949999987,8097.956029444444,8148.876572706349,282447.2,507066.0,2.106383297053496,3.608960019339642,5.715343316393138,-2.0,-6401.0,-1.0,2905.0,-0.0920659678587797,0.1748053847359735,,,0.7671,0.528,0.6804
