,收盘价,开盘价,最高价,最低价,持仓量,持仓量变动,成交量,家人多头席位数,家人空头席位数,家人多头持仓量,家人空头持仓量,机构多头席位数,机构空头席位数,机构多头持仓量,机构空头持仓量,ma5,ma10,ma20,diff5_10,diff5_20,DKX,MADKX,成交量MA10,成交量放大信号,IV上涨信号,ATRMA14,ATR60D60pct,推荐止损宽度,家人净多头席位,家人净多头持仓量,机构净多头席位,机构净多头持仓量,持仓量变幅,CB_index,IV,IV_pct,趋势横截面分位数,趋势历史分位数,CB_index历史分位数
20240506,2133.4443,2061.2798,2134.5281,2061.2798,284714.0,19625.0,311256.0,3.0,0.0,10610.0,0.0,2.0,-1.0,8074.0,-3721.0,2080.53442,2062.77397,2004.286285,17.76045000000022,76.24813500000027,2038.388610079365,1998.21653370635,393698.2,,,2.661967897308762,2.192522595450328,4.854490492759091,3.0,10610.0,1.0,4353.0,0.06892881979811319,0.8346721162756764,,,0.3973,0.5067,0.374
20240507,2121.7925,2140.3665,2182.8298,2118.0183,281297.0,-3417.0,405509.0,2.0,0.0,9100.0,0.0,2.0,-1.0,7989.0,-2829.0,2089.12666,2070.89428,2016.229945,18.23237999999992,72.89671499999963,2050.882099285715,2007.507421984127,358400.9,,,2.509448228355693,2.192522595450328,4.701970823806022,2.0,9100.0,1.0,5160.0,-0.012147303383967835,0.8055294953756524,,,0.3836,0.4893,0.351
20240508,2114.22,2116.7207,2119.5608,2091.5886,284965.0,3668.0,270925.0,2.0,0.0,9882.0,0.0,2.0,-1.0,6290.0,-103.0,2098.973,2075.29355,2026.67071,23.67945000000009,72.30229000000008,2060.106358650794,2016.582205634921,304224.1,,,2.496321240087583,2.185355750304318,4.6816769903919,2.0,9882.0,1.0,6187.0,0.012871756180583581,0.7714480405743277,,,0.3699,0.4547,0.337
20240509,2113.5515,2124.0142,2137.896,2101.0801,287218.0,2253.0,240194.0,3.0,0.0,14882.0,0.0,3.0,-2.0,1121.0,0.0,2106.7043,2082.19139,2036.02611,24.51290999999992,70.67818999999986,2069.257523174603,2025.648559095238,293202.5,,,2.489188879907235,2.185355750304318,4.674544630211553,3.0,14882.0,1.0,1121.0,0.00784421589176166,0.8078365894760431,,,0.3699,0.4133,0.353
20240510,2080.9453,2123.9836,2132.4592,2078.5486,281963.0,-5255.0,306156.0,2.0,0.0,7698.0,0.0,2.0,-1.0,7428.0,-2416.0,2112.79072,2088.89307,2045.59835,23.89764999999989,67.19236999999976,2074.837835238096,2034.727278119048,293965.8,,,2.511372932347024,2.185355750304318,4.696728682651342,2.0,7698.0,1.0,5012.0,-0.01863719707904938,0.8286956573715842,,,0.3014,0.396,0.367
20240513,2132.7922,2104.2209,2136.6799,2100.696,290306.0,8343.0,240422.0,3.0,-1.0,6148.0,0.0,2.0,-1.0,7378.0,-3236.0,2112.6603,2096.59736,2056.027775,16.06294000000025,56.63252500000044,2082.483508968253,2043.798587984127,284829.0,,,2.465851318297578,2.192522595450328,4.658373913747907,2.0,6148.0,1.0,4142.0,0.028738641295736223,0.8229645035880618,,,0.3151,0.348,0.362
20240514,2123.2705,2143.5256,2151.2573,2107.9099,285357.0,-4949.0,263598.0,2.0,-1.0,3066.0,0.0,2.0,-1.0,1631.0,-2272.0,2112.9559,2101.04128,2067.224355,11.91462000000001,45.7315450000001,2089.151444285714,2052.476380690476,273641.4,,,2.284443694153731,2.192522595450328,4.476966289604059,1.0,3066.0,1.0,-641.0,-0.017343187656164032,0.921605606005452,,,0.2877,0.344,0.421
20240515,2120.6853,2122.948,2134.8499,2105.429,282386.0,-2971.0,195711.0,3.0,0.0,11449.0,0.0,2.0,-1.0,2214.0,-1502.0,2114.24896,2106.61098,2073.45575,7.63797999999997,40.79320999999982,2094.463735873016,2060.742225944445,269837.9,,,2.20715290196926,2.192522595450328,4.399675497419588,3.0,11449.0,1.0,712.0,-0.01052105982591205,0.9511242493572256,,,0.2466,0.2533,0.44
20240516,2109.9182,2138.5422,2141.0657,2097.968,279447.0,-2939.0,232514.0,3.0,0.0,12414.0,0.0,1.0,-2.0,1701.0,-2454.0,2113.5223,2110.1133,2079.09673,3.409000000000106,34.42556999999988,2098.821471111111,2068.558661563492,268618.2,,,2.194223668694202,2.185355750304318,4.37957941899852,3.0,12414.0,-1.0,-753.0,-0.010517200041510555,1.0466930316506429,,,0.1918,0.2253,0.485
20240517,2124.7146,2125.9634,2166.6367,2115.2417,284463.0,5016.0,372857.0,4.0,0.0,17136.0,0.0,1.0,-3.0,1135.0,-7164.0,2122.27616,2117.53344,2084.967875,4.742719999999736,37.30828499999961,2103.523718571429,2076.19163052381,283914.2,447428.4,,2.221287229735073,2.192522595450328,4.413809825185401,4.0,17136.0,-2.0,-6029.0,0.017633224707606966,1.030479687631317,,,0.1096,0.1573,0.475
20240520,2227.521,2129.9531,2228.2817,2084.8398,296282.0,11819.0,651636.0,3.0,0.0,9453.0,0.0,1.0,-3.0,422.0,-5353.0,2141.22192,2126.94111,2094.85754,14.2808100000002,46.36437999999998,2113.107157142857,2083.663485230159,317952.2,781963.2,0.32039,2.564722871838224,2.192522595450328,4.757245467288553,3.0,9453.0,-2.0,-4931.0,0.03989104974315011,0.9832126884243384,,,0.2466,0.2973,0.455
20240521,2176.6699,2225.7239,2240.2332,2158.6414,280202.0,-16080.0,420338.0,3.0,0.0,13965.0,0.0,0.0,-3.0,0.0,-13468.0,2151.9018,2132.42885,2101.661565,19.47295000000031,50.24023500000021,2122.45670436508,2090.820945738095,319435.1,504405.6,0.32683,2.729629069864775,2.209929760868302,4.939558830733077,3.0,13965.0,-3.0,-13468.0,-0.05738717068400654,0.8057263593298093,,,0.2466,0.2493,0.343
20240522,2184.0313,2187.187,2225.1831,2179.9409,284740.0,4538.0,358021.0,3.0,0.0,16514.0,0.0,1.0,-3.0,0.0,-11866.0,2164.571,2139.40998,2107.351765,25.16102000000001,57.21923500000003,2131.131276190476,2097.923437492064,328144.7,,0.3283249999999999,2.761343572087567,2.222109475025527,4.983453047113095,3.0,16514.0,-2.0,-11866.0,0.015937346351057105,0.7768720656086814,,,0.1781,0.2293,0.33
20240523,2166.0293,2170.2971,2185.1267,2147.0562,281538.0,-3202.0,273520.0,4.0,0.0,18786.0,0.0,0.0,-3.0,0.0,-11135.0,2175.79322,2144.65776,2113.424575,31.13545999999997,62.36864500000001,2136.828449206349,2104.680530095238,331477.3,,,2.705327439896188,2.222109475025527,4.927436914921715,4.0,18786.0,-3.0,-11135.0,-0.011373242688375992,0.7416748123908498,,,0.1781,0.2093,0.306
20240524,2187.1885,2164.7271,2213.0183,2164.7271,282903.0,1365.0,327909.0,3.0,0.0,13873.0,0.0,1.0,-3.0,0.0,-10015.0,2188.288,2155.28208,2122.087575,33.00592000000006,66.200425,2143.266203888889,2111.523366960318,333652.6,,,2.581333018776324,2.222109475025527,4.803442493801851,3.0,13873.0,-2.0,-10015.0,0.004824975344906205,0.7561626613671024,,,0.1781,0.1947,0.315
20240527,2179.0542,2191.8838,2195.1912,2167.3679,282201.0,-702.0,232243.0,3.0,0.0,13256.0,0.0,1.0,-3.0,0.0,-13048.0,2178.59464,2159.90828,2128.25282,18.68636000000015,50.3418200000001,2149.000433809524,2118.175059444445,332834.7,,,2.453285224560724,2.213254685457585,4.66653991001831,3.0,13256.0,-2.0,-13048.0,-0.002487588633633474,0.7081079400025572,,,0.1781,0.18,0.29
20240528,2177.0557,2194.8047,2207.8923,2174.1526,277164.0,-5037.0,255465.0,3.0,0.0,12624.0,0.0,1.0,-3.0,0.0,-12616.0,2178.6718,2165.2868,2133.16404,13.38499999999976,45.50775999999996,2154.529208730159,2124.712835888889,332021.4,,,2.459909922217332,2.213254685457585,4.673164607674916,3.0,12624.0,-2.0,-12616.0,-0.018173355847079707,0.7082316324508621,,,0.1781,0.168,0.29
20240529,2191.7578,2159.5266,2199.5776,2153.646,282748.0,5584.0,213739.0,3.0,0.0,12908.0,0.0,1.0,-3.0,0.0,-8048.0,2180.2171,2172.39405,2139.502515,7.823050000000421,40.71458500000017,2159.031841904762,2131.169646492063,333824.2,,,2.483738637104531,2.195299840402639,4.67903847750717,3.0,12908.0,-2.0,-8048.0,0.019749034475929097,0.7625015086264092,,,0.1233,0.06,0.317
20240530,2175.0078,2208.0034,2220.4224,2170.4482,280646.0,-2102.0,280970.0,3.0,0.0,12177.0,0.0,0.0,-3.0,0.0,-9589.0,2182.0128,2178.90301,2144.508155,3.109789999999975,37.50464499999998,2163.700046031746,2137.657503984127,338669.8,,,2.463020148606792,2.213254685457585,4.676274834064376,3.0,12177.0,-3.0,-9589.0,-0.007489862673973618,0.7582387878012613,,,0.1096,0.0613,0.315
20240531,2165.3606,2169.01,2184.8813,2151.5181,268483.0,-12163.0,217011.0,3.0,0.0,13212.0,0.0,1.0,-3.0,0.0,-5601.0,2177.64722,2182.96761,2150.250525,-5.320390000000316,27.39669499999991,2165.426448095238,2143.847776936508,323085.2,,,2.386560587218314,2.195299840402639,4.581860427620953,3.0,13212.0,-2.0,-5601.0,-0.04530268210650209,0.7770722510108239,,,0.0959,0.0627,0.33
20240603,2107.6445,2142.7192,2143.978,2099.7917,255131.0,-13352.0,280872.0,3.0,0.0,11217.0,0.0,2.0,-2.0,1574.0,-1308.0,2163.36528,2170.97996,2148.960535,-7.614680000000135,14.40474499999937,2162.483044285714,2148.785365650793,286008.8,,,2.461147763928537,2.213254685457585,4.674402449386122,3.0,11217.0,0.0,266.0,-0.05233389905577919,0.9877468671407296,,,0.1507,0.1747,0.458
20240604,2160.835,2119.0881,2177.3684,2111.8467,255471.0,340.0,366098.0,2.0,0.0,4442.0,0.0,2.0,-1.0,6373.0,-467.0,2160.12114,2169.39647,2150.91266,-9.27532999999994,9.208480000000236,2162.454483333333,2152.785143547619,280584.8,439317.6,0.301415,2.59075950960051,2.213254685457585,4.804014195058095,2.0,4442.0,1.0,5906.0,0.001330875128683882,1.062805399799427,,,0.1781,0.264,0.492
20240605,2174.3953,2180.0532,2192.7815,2165.2214,257949.0,2478.0,271423.0,3.0,0.0,8416.0,0.0,2.0,-2.0,5601.0,-1055.0,2156.64864,2168.43287,2153.921425,-11.78422999999975,2.727215000000797,2164.703739603175,2156.142389888889,271925.0,,,2.548579246379909,2.213254685457585,4.761833931837494,3.0,8416.0,0.0,4546.0,0.009606550132002838,0.9473822073955191,,,0.1918,0.3053,0.43
20240606,2140.1321,2168.489,2169.0669,2129.927,256865.0,-1084.0,292946.0,2.0,0.0,8107.0,0.0,1.0,-2.0,4655.0,-3956.0,2149.6735,2165.84315,2155.250455,-16.16964999999982,-5.576955000000453,2164.151520476191,2158.874697015873,273867.6,,,2.507007356108635,2.213254685457585,4.72026204156622,2.0,8107.0,-1.0,699.0,-0.004220115624939171,1.0399980298145202,,,0.2466,0.4067,0.48
20240607,2115.8796,2169.78,2176.3594,2115.3333,270438.0,13573.0,293695.0,3.0,0.0,14608.0,0.0,1.0,-2.0,2589.0,-5407.0,2139.7773,2158.71226,2156.99717,-18.93495999999959,-17.2198699999999,2161.848123412698,2160.732888968254,270446.2,,,2.244254204119506,2.222109475025527,4.466363679145034,3.0,14608.0,-1.0,-2818.0,0.05018895273593208,1.071571904449396,,,0.274,0.4227,0.496
20240611,2064.1702,2083.5911,2094.9653,2061.8328,281183.0,10745.0,273932.0,3.0,0.0,17082.0,0.0,2.0,-2.0,1403.0,-2449.0,2131.08244,2147.22386,2153.56607,-16.14141999999993,-22.48362999999972,2153.720964920636,2161.204942079366,274615.1,,,2.161374345807674,2.244280594294688,4.405654940102361,3.0,17082.0,0.0,-1046.0,0.038213547760710995,1.0881119450770091,,,0.3288,0.436,0.501
20240612,2047.5387,2055.012,2068.0508,2047.4003,290782.0,9599.0,187401.0,3.0,0.0,15839.0,0.0,2.0,-1.0,359.0,-1744.0,2108.42318,2134.27216,2149.77948,-25.84897999999976,-41.35629999999992,2143.896027698413,2160.141623976191,267808.7,,,2.078476225579731,2.244280594294688,4.322756819874419,3.0,15839.0,1.0,-1385.0,0.03301098417371089,1.1358973505389602,,,0.3699,0.476,0.524
20240613,2032.8779,2038.2181,2047.5205,2025.4287,290317.0,-465.0,183734.0,3.0,0.0,13311.0,0.0,2.0,-1.0,1586.0,-1952.0,2080.1197,2118.38417,2145.38911,-38.26447000000007,-65.26940999999943,2132.709851984127,2157.509424984127,264808.2,,,2.03438041746852,2.244280594294688,4.278661011763208,3.0,13311.0,1.0,-366.0,-0.0016016974548510765,1.1483580738439418,,,0.4658,0.4973,0.535
20240614,2078.9287,2040.1072,2080.5591,2039.1693,276797.0,-13520.0,282781.0,3.0,0.0,11280.0,0.0,3.0,-3.0,0.0,-1877.0,2067.87902,2108.77626,2143.839635,-40.89723999999978,-75.9606149999995,2124.847928333334,2153.624213214286,264989.3,,0.2957799999999999,2.039722188972534,2.282805759653291,4.322527948625825,3.0,11280.0,0.0,-1877.0,-0.048844460019436625,0.9415868894331624,,,0.5068,0.536,0.419
20240617,2076.0325,2079.4016,2086.8853,2057.0251,275277.0,-1520.0,245214.0,3.0,0.0,11222.0,0.0,3.0,-2.0,0.0,-1565.0,2059.9096,2099.84345,2141.40553,-39.93384999999989,-81.49593000000004,2117.962254920636,2148.877793896826,267809.6,,,2.053652140196614,2.282805759653291,4.336457899849904,3.0,11222.0,1.0,-1565.0,-0.005521710858517058,1.0986893247008234,,,0.5616,0.572,0.505
20240618,2057.9199,2086.7239,2091.9463,2049.7639,265104.0,-10173.0,247665.0,3.0,0.0,12509.0,0.0,2.0,-2.0,2380.0,-2098.0,2058.65954,2094.87099,2132.925475,-36.2114500000007,-74.26593500000035,2111.020978650794,2143.731587333334,264488.9,,,2.09045475623375,2.244280594294688,4.334735350528437,3.0,12509.0,0.0,282.0,-0.038373619409741086,0.8480516990590711,,,0.5616,0.5627,0.362
20240619,2049.8896,2064.9797,2076.5308,2047.9988,269068.0,3964.0,202894.0,3.0,0.0,12786.0,0.0,2.0,-2.0,3065.0,-1517.0,2059.12972,2083.77645,2126.58646,-24.64672999999993,-67.45674000000008,2103.434958174604,2137.82963481746,248168.5,,,2.041437540706721,2.222109475025527,4.263547015732248,3.0,12786.0,0.0,1548.0,0.014732335320439443,0.8351376692918522,,,0.4932,0.5173,0.358
20240620,2066.3931,2049.4412,2071.4248,2044.6763,265832.0,-3236.0,170856.0,3.0,0.0,12043.0,0.0,2.0,-1.0,4587.0,-2107.0,2065.83276,2072.97623,2120.70455,-7.143469999999979,-54.87179000000015,2096.976524920635,2131.056913349207,238111.8,,,1.9698293861411,2.222109475025527,4.191938861166627,3.0,12043.0,1.0,2480.0,-0.012173101808661109,0.8402776197966336,,,0.4795,0.476,0.359
20240621,2079.7568,2078.783,2106.1387,2061.24,260721.0,-5111.0,327749.0,3.0,0.0,11630.0,0.0,2.0,-2.0,4024.0,-4273.0,2065.99838,2066.9387,2116.390925,-0.9403199999997014,-50.39254500000015,2092.750593650794,2123.916820666667,241592.1,393298.8,,2.015028246970242,2.222109475025527,4.23713772199577,3.0,11630.0,0.0,-249.0,-0.0196033307635365,0.8564778065686977,,,0.4247,0.436,0.365
20240624,2061.106,2082.8914,2082.8914,2053.5151,251816.0,-8905.0,186166.0,3.0,0.0,9646.0,0.0,3.0,-2.0,3461.0,-4.0,2063.01308,2061.46134,2110.0868,1.551739999999882,-47.07372000000032,2087.907219126984,2116.522730238095,230839.2,,,1.894316712942433,2.222109475025527,4.11642618796796,3.0,9646.0,1.0,3457.0,-0.03536312227975982,0.8471856854585784,,,0.4247,0.4173,0.36
20240625,2133.4951,2074.2288,2133.4951,2073.3303,264105.0,12289.0,326742.0,3.0,0.0,8665.0,0.0,1.0,-2.0,7884.0,-1204.0,2078.12812,2068.39383,2107.808845,9.734289999999874,-29.68072500000017,2087.93300952381,2109.943934698413,236120.2,392090.4,0.306015,1.905225781620042,2.244280594294688,4.149506375914729,3.0,8665.0,-1.0,6680.0,0.04653073588156226,0.9336035136168026,,,0.4932,0.4333,0.414
20240626,2124.0442,2119.3184,2135.8586,2106.9709,263050.0,-1055.0,222363.0,3.0,-1.0,8544.0,0.0,2.0,-1.0,3982.0,-790.0,2092.95904,2076.04438,2105.15827,16.91466000000037,-12.19922999999972,2089.173191984127,2104.471651126984,239616.4,,,1.898017988390646,2.244280594294688,4.142298582685333,2.0,8544.0,1.0,3192.0,-0.004010644364189317,0.8809719031336554,,,0.4932,0.428,0.375
20240627,2122.875,2122.6707,2141.7441,2115.5071,264391.0,1341.0,162952.0,3.0,0.0,8469.0,0.0,2.0,-2.0,951.0,-902.0,2104.25542,2085.04409,2101.71413,19.21133000000009,2.541290000000117,2090.86321015873,2100.286986944445,237538.2,,,1.836516101990405,2.222109475025527,4.058625577015933,3.0,8469.0,0.0,49.0,0.005072033465586953,0.9435125498960872,,,0.4247,0.404,0.419
20240628,2129.3691,2129.2314,2142.0273,2118.855,257225.0,-7166.0,174783.0,3.0,0.0,8768.0,0.0,2.0,-2.0,0.0,-2233.0,2114.17788,2090.08813,2099.432195,24.08975000000055,14.74568499999987,2093.463629603174,2097.148557071429,226738.4,,,1.705692665195388,2.222109475025527,3.927802140220916,3.0,8768.0,0.0,-2233.0,-0.027858878413840025,0.9598363703731216,,,0.4658,0.424,0.435
20240701,2084.1013,2112.377,2112.377,2065.9346,257070.0,-155.0,258450.0,3.0,0.0,12575.0,0.0,2.0,-1.0,342.0,-2474.0,2118.77694,2090.89501,2095.36923,27.88193000000001,23.40771000000041,2092.613643492063,2094.613695928571,228062.0,,,1.736737253769369,2.244280594294688,3.981017848064057,3.0,12575.0,1.0,-2132.0,-0.0006029486132181896,0.8757968675817691,,,0.5205,0.4827,0.371
20240702,2090.26,2082.5684,2103.3594,2077.7637,256070.0,-1000.0,166435.0,3.0,0.0,9030.0,0.0,2.0,-1.0,1561.0,-3273.0,2110.12992,2094.12902,2094.500005,16.00090000000046,15.62991500000044,2091.481880793651,2092.659786142857,219939.0,,,1.751138309658244,2.222109475025527,3.973247784683772,3.0,9030.0,1.0,-1712.0,-0.003905182176748545,0.8795664169002616,,,0.5479,0.4973,0.372
20240703,2150.6765,2085.3772,2156.364,2077.9419,274530.0,18460.0,335274.0,2.0,-1.0,1941.0,-424.0,2.0,-1.0,7143.0,-1642.0,2115.45638,2104.20771,2093.99208,11.24866999999995,21.46430000000009,2094.639149444444,2091.780205269841,233177.0,402328.8,,1.936258819266075,2.244280594294688,4.180539413560762,1.0,1517.0,1.0,5501.0,0.06724219575274105,0.8688773492889071,,,0.6712,0.504,0.364
20240704,2131.2566,2148.9253,2150.2451,2121.5862,265553.0,-8977.0,185091.0,3.0,0.0,11115.0,0.0,1.0,-2.0,1160.0,-3504.0,2117.1327,2110.69406,2091.835145,6.43863999999985,25.2975550000001,2098.834684920635,2091.966021269841,234600.5,,,1.869480925578273,2.244280594294688,4.113761519872961,3.0,11115.0,-1.0,-2344.0,-0.03380492782984941,0.9550042258598306,,,0.6575,0.5387,0.432
20240705,2124.9778,2114.5898,2130.9771,2106.3108,260259.0,-5294.0,160393.0,3.0,0.0,11217.0,0.0,2.0,-1.0,2191.0,-1784.0,2116.25444,2115.21616,2091.07743,1.038279999999759,25.17700999999943,2101.48579015873,2092.839540920635,217864.9,,,1.849657083299086,2.244280594294688,4.093937677593773,3.0,11217.0,1.0,407.0,-0.020341275421791368,0.858391079628721,,,0.7123,0.5613,0.358
20240708,2082.9517,2113.8733,2116.2197,2069.0706,252538.0,-7721.0,243014.0,3.0,0.0,12907.0,0.0,2.0,0.0,1367.0,-888.0,2116.02452,2117.40073,2089.431035,-1.376210000000356,26.59348499999987,2101.737894761904,2094.222608484127,223549.7,,,1.894717491324363,2.244280594294688,4.13899808561905,3.0,12907.0,2.0,479.0,-0.03057361664383182,0.9417728871963498,,,0.7808,0.6093,0.416
20240709,2076.0171,2073.939,2101.4468,2059.5789,251276.0,-1262.0,277609.0,3.0,0.0,12584.0,0.0,3.0,-1.0,3429.0,0.0,2113.17594,2111.65293,2090.02338,1.523009999999886,23.15256000000045,2100.408415,2095.470149031746,218636.4,333130.8,,1.938308948365474,2.244280594294688,4.182589542660162,3.0,12584.0,2.0,3429.0,-0.005022365844728506,0.9704240488973056,,,0.7945,0.6333,0.438
20240710,2042.847,2066.2031,2068.2188,2038.1908,245871.0,-5405.0,202828.0,3.0,0.0,10695.0,0.0,3.0,-2.0,3320.0,-276.0,2091.61004,2103.53321,2089.788795,-11.92317000000003,1.82124500000009,2096.676146746031,2096.220444507936,216682.9,,,1.977495944092613,2.244280594294688,4.221776538387301,3.0,10695.0,1.0,3044.0,-0.021983072424157382,0.9444128313025848,,,0.7671,0.6547,0.418
20240711,2053.3469,2054.9114,2070.6431,2042.3579,238627.0,-7244.0,157515.0,3.0,0.0,10069.0,0.0,3.0,-1.0,4535.0,0.0,2076.0281,2096.5804,2090.812245,-20.55229999999983,-14.78414500000008,2093.161622142856,2096.450285706349,216139.2,,,1.922777449018033,2.222109475025527,4.14488692404356,3.0,10069.0,2.0,4535.0,-0.03035700067469314,1.0047079936226126,,,0.7671,0.7227,0.458
20240712,2034.2349,2052.7354,2064.6436,2032.7695,241808.0,3181.0,171622.0,3.0,0.0,10021.0,0.0,2.0,-1.0,4386.0,-451.0,2057.87952,2087.06698,2088.577555,-29.1874600000001,-30.69803499999989,2088.696289365079,2095.973551682539,215823.1,,,1.933037574791392,2.222109475025527,4.15514704981692,3.0,10021.0,1.0,3935.0,0.01315506517567657,0.9628945718346222,,,0.7945,0.764,0.433
20240715,2034.4741,2050.2261,2078.2952,2027.9464,243942.0,2134.0,273359.0,3.0,0.0,12692.0,0.0,2.0,-1.0,4122.0,-1290.0,2048.184,2082.10426,2086.499635,-33.92026000000033,-38.31563499999993,2084.434508253968,2095.15563815873,217314.0,328030.8,0.2666849999999999,1.864303959831582,2.244280594294688,4.10858455412627,3.0,12692.0,1.0,2832.0,0.008747981077469234,0.8577867837355961,,,0.8082,0.7853,0.352
20240716,2026.4045,2030.8856,2039.0928,2019.4528,246658.0,2716.0,146001.0,3.0,0.0,12832.0,0.0,2.0,-1.0,5391.0,-270.0,2038.26148,2075.71871,2084.923865,-37.45723000000021,-46.66238499999986,2078.804798571429,2093.887929936508,215270.6,,0.267605,1.838853534885844,2.222109475025527,4.060963009911371,3.0,12832.0,1.0,5121.0,0.011011197690729673,0.8620401224829966,,,0.8082,0.812,0.355
20240717,2019.5782,2038.4344,2046.5236,2011.6931,247970.0,1312.0,143153.0,3.0,0.0,13782.0,0.0,2.0,-2.0,4774.0,-1522.0,2033.60772,2062.60888,2083.408295,-29.0011599999998,-49.80057500000021,2073.068747539682,2091.730889746032,196058.5,,,1.874936058947577,2.213254685457585,4.088190744405162,3.0,13782.0,0.0,3252.0,0.005290962616445538,0.8411845907024484,,,0.6849,0.6627,0.341
20240718,2020.939,2018.6047,2022.4939,2004.073,245172.0,-2798.0,125181.0,3.0,0.0,11012.0,0.0,2.0,-1.0,4950.0,-1208.0,2027.12614,2051.57712,2081.13559,-24.45098000000007,-54.00945000000002,2066.720984285715,2088.519519682539,190067.5,,,1.865553210676146,2.178471107274358,4.044024317950504,3.0,11012.0,1.0,3742.0,-0.011412396195324099,0.8409528041755009,,,0.6986,0.672,0.34
20240719,2019.9135,2010.9492,2032.4886,2010.8909,245275.0,103.0,114667.0,3.0,0.0,10915.0,0.0,2.0,-1.0,4638.0,-661.0,2024.26186,2041.07069,2078.143425,-16.80882999999994,-53.88156499999968,2060.910553333334,2084.461996,185494.9,,,1.724970969678028,2.120928263241937,3.845899232919965,3.0,10915.0,1.0,3977.0,0.00041993680562633776,0.8218775644601507,,,0.726,0.68,0.323
20240722,2002.2374,2006.5227,2007.8745,1989.8997,244703.0,-572.0,145915.0,3.0,0.0,9798.0,0.0,2.0,0.0,6391.0,0.0,2017.81452,2032.99926,2075.199995,-15.18474000000015,-57.38547500000004,2053.310356031746,2079.619242126984,175785.0,,,1.745569491966079,2.08495831385982,3.830527805825899,3.0,9798.0,2.0,6391.0,-0.002337527533377196,0.8183257233256367,,,0.726,0.6867,0.32
20240723,1980.7454,1988.8164,1999.8785,1978.8849,248291.0,3588.0,140657.0,2.0,0.0,7335.0,0.0,2.0,-1.0,6881.0,-2348.0,2008.6827,2023.47209,2067.56251,-14.78939000000014,-58.87980999999991,2044.881323174604,2074.066532944445,162089.8,,,1.563707458478046,2.060987320380643,3.624694778858689,2.0,7335.0,1.0,4533.0,0.014450785570157597,0.7847501183758073,,,0.7397,0.64,0.298
20240724,1991.8358,1976.7186,2000.8196,1972.1346,245759.0,-2532.0,155686.0,2.0,0.0,6873.0,0.0,2.0,-1.0,6206.0,-1484.0,2003.13422,2018.37097,2060.95209,-15.23675000000048,-57.81786999999986,2037.159670873016,2068.114885357143,157375.6,,,1.569932650049006,2.060987320380643,3.63091997042965,2.0,6873.0,1.0,4722.0,-0.010302776297104074,0.7841002941342798,,,0.7534,0.64,0.297
20240725,1976.3315,1985.1813,1993.7224,1971.1858,243910.0,-1849.0,123593.0,3.0,0.0,10692.0,0.0,1.0,-2.0,4065.0,-2053.0,1994.21272,2010.66943,2053.624915,-16.45671000000016,-59.41219499999966,2029.305712222222,2061.72929436508,153983.4,,,1.569666259864435,2.060987320380643,3.630653580245078,3.0,10692.0,-1.0,2012.0,-0.007580664999385019,0.7029590380554279,,,0.7397,0.64,0.246
20240726,1980.6041,1995.3276,1995.8296,1975.2771,240710.0,-3200.0,136420.0,3.0,0.0,11156.0,0.0,2.0,-1.0,4584.0,-4233.0,1986.35084,2005.30635,2046.186665,-18.95551000000023,-59.83582500000011,2022.827170396826,2055.142382468254,150463.2,,,1.450243860213651,2.060987320380643,3.511231180594294,3.0,11156.0,1.0,351.0,-0.013294005234514562,0.6074159906997055,,,0.8082,0.6693,0.21
20240729,1979.14,1978.5314,1986.8966,1970.0082,236585.0,-4125.0,121142.0,3.0,0.0,10523.0,0.0,2.0,-1.0,6326.0,-5105.0,1981.73136,1999.77294,2040.9386,-18.04157999999984,-59.20723999999996,2016.087165317461,2048.307648174604,135241.5,,0.248745,1.366535258140622,2.045478158830219,3.412013416970841,3.0,10523.0,1.0,1221.0,-0.017435593972567998,0.5926839528808717,,,0.8219,0.652,0.196
20240730,2004.8314,1978.6464,2019.1335,1978.6464,227891.0,-8694.0,238085.0,1.0,-1.0,4585.0,-257.0,2.0,-1.0,2557.0,-1082.0,1986.54856,1997.61563,2036.66717,-11.06707000000029,-50.11860999999999,2011.737928253969,2041.600961142858,144449.9,285702.0,0.25829,1.377843133414149,2.041973216556582,3.419816349970731,0.0,4328.0,1.0,1475.0,-0.03814981723718795,0.6472293438918366,,,0.7671,0.6427,0.224
20240731,2021.7802,2011.8022,2032.2349,2007.337,219211.0,-8680.0,156127.0,2.0,0.0,6116.0,0.0,1.0,-1.0,800.0,-2121.0,1992.53744,1997.83583,2030.222355,-5.298389999999927,-37.68491499999982,2010.166170873016,2035.310703476191,145747.3,,,1.376252845454656,2.028301618219239,3.404554463673895,2.0,6116.0,0.0,-1321.0,-0.039596553092682396,0.668351830048848,,,0.7397,0.64,0.23
20240801,2039.7758,2029.718,2043.6654,2023.3656,214135.0,-5076.0,138309.0,2.0,0.0,6333.0,0.0,1.0,-2.0,310.0,-951.0,2005.2263,1999.71951,2025.648315,5.506789999999683,-20.4220150000001,2010.640710079365,2029.702676055556,147060.1,,,1.34043198586161,2.028301618219239,3.368733604080849,2.0,6333.0,-1.0,-641.0,-0.023704672286174608,0.6086712686751052,,,0.7534,0.6747,0.209
20240802,2063.4983,2031.7681,2066.5784,2018.6998,213491.0,-644.0,181888.0,3.0,0.0,8494.0,0.0,1.0,-2.0,388.0,-2484.0,2021.80514,2004.07799,2022.57434,17.72714999999971,-0.7691999999999553,2013.010720714286,2024.912692793651,153782.2,,,1.330266710027611,2.041973216556582,3.372239926584193,3.0,8494.0,-1.0,-2096.0,-0.003016520602742036,0.6080421046254457,,,0.8904,0.8227,0.208
20240805,2040.0565,2027.2644,2047.7356,2022.7982,215453.0,1962.0,135002.0,2.0,0.0,8802.0,0.0,0.0,-3.0,0.0,-4575.0,2033.98844,2007.8599,2020.42958,26.12853999999993,13.55885999999987,2014.144963968254,2020.996153587302,152690.9,,,1.404458436770247,2.028301618219239,3.432760054989486,2.0,8802.0,-3.0,-4575.0,0.009106394434052903,0.6224190319134454,,,0.8767,0.816,0.215
20240806,2004.5385,2036.104,2040.4675,1999.1875,206837.0,-8616.0,169554.0,2.0,0.0,6538.0,0.0,0.0,-3.0,0.0,-3738.0,2033.92986,2010.23921,2016.85565,23.69065000000001,17.07420999999999,2013.635426507936,2017.871563920635,155580.6,,,1.428139985812672,2.028301618219239,3.456441604031911,2.0,6538.0,-3.0,-3738.0,-0.041655989982449945,0.6355234386394502,,,0.863,0.768,0.217
20240807,1995.2971,2001.4015,2007.9143,1988.0424,203139.0,-3698.0,120084.0,2.0,0.0,7833.0,0.0,1.0,-2.0,586.0,-4116.0,2028.63324,2010.58534,2014.478155,18.0478999999998,14.15508499999987,2011.527174920634,2015.308314325397,152020.4,,,1.434606762908907,2.017835566360358,3.452442329269266,2.0,7833.0,-1.0,-3530.0,-0.018204283766288108,0.6065406830159463,,,0.8904,0.768,0.202
20240808,1988.4067,2001.7378,2008.6855,1981.7626,201523.0,-1616.0,101903.0,2.0,0.0,7219.0,0.0,1.0,-2.0,820.0,-4077.0,2018.35942,2011.79286,2011.231145,6.566559999999981,7.128275000000258,2009.491617936508,2013.326904896825,149851.4,,0.249665,1.455188837387812,2.017835566360358,3.473024403748171,2.0,7219.0,-1.0,-3257.0,-0.008018935803853655,0.6145525283490465,,,0.9041,0.768,0.209
20240809,2011.5018,1991.1338,2019.8174,1982.8829,194513.0,-7010.0,133208.0,2.0,-1.0,6747.0,-1684.0,0.0,-2.0,0.0,-5828.0,2007.96012,2014.88263,2010.09449,-6.922510000000329,-2.134370000000445,2008.730014206349,2011.917189277778,149530.2,,,1.479356522287099,2.003725242481959,3.483081764769059,1.0,5063.0,-2.0,-5828.0,-0.036038722347606585,0.6081557296356052,,,0.9041,0.7707,0.205
20240812,2008.4805,2004.3561,2027.3026,1999.1512,193312.0,-1201.0,124780.0,2.0,-1.0,6339.0,-1201.0,0.0,-3.0,0.0,-5733.0,2001.64492,2017.81668,2008.79481,-16.17175999999995,-7.149890000000141,2008.732831507936,2011.181755896826,149894.0,,,1.494970934792317,1.909006828326997,3.403977763119314,1.0,5138.0,-3.0,-5733.0,-0.006212754510842576,0.7007115300441177,,,0.9178,0.7773,0.245
20240813,2021.5369,2013.1343,2033.2009,2010.7236,189150.0,-4162.0,130318.0,2.0,-1.0,6315.0,-1024.0,1.0,-2.0,0.0,-5235.0,2005.0446,2019.48723,2008.55143,-14.44263000000001,-3.506830000000036,2009.795753730159,2010.987538444444,139117.3,,,1.479301836860797,1.842357740423213,3.32165957728401,1.0,5291.0,-1.0,-5235.0,-0.022003700766587364,0.6528045836417122,,,0.9315,0.7787,0.222
20240814,1949.5325,2000.9183,2002.7318,1938.3596,193498.0,4348.0,274712.0,1.0,0.0,2572.0,0.0,2.0,-1.0,4548.0,-2216.0,1995.89168,2012.26246,2005.049145,-16.37078000000042,-9.15746500000023,2005.729988333333,2010.543920190476,150975.8,329654.4,,1.696446455583449,1.842357740423213,3.538804196006661,1.0,2572.0,1.0,2332.0,0.022470516491126524,0.7522509700958476,,,0.9315,0.8293,0.273
20240815,1938.4008,1949.9921,1952.7086,1919.8759,195423.0,1925.0,216969.0,2.0,-1.0,3367.0,0.0,2.0,-1.0,4639.0,0.0,1985.8905,2002.12496,2000.922235,-16.2344599999999,-15.03173500000003,1999.45834888889,2009.425684071429,158841.8,260362.8,0.24265,1.742750868758461,1.789036380679709,3.53178724943817,1.0,3367.0,1.0,4639.0,0.009850427022407803,0.7243456199828926,,,0.9589,0.8467,0.26
20240816,1886.6411,1948.1919,1954.1228,1882.2997,217059.0,21636.0,268404.0,2.0,0.0,2491.0,0.0,1.0,-2.0,1028.0,-2055.0,1960.91836,1984.43924,1994.258615,-23.52088000000003,-33.34025499999984,1990.621631666667,2007.186775166667,167493.4,322084.8,0.24725,1.944889151581002,1.842357740423213,3.787246892004214,2.0,2491.0,-1.0,-1027.0,0.09967796774148964,0.6693327467626126,,,0.9589,0.856,0.227
20240819,1863.228,1886.3143,1888.7911,1861.038,226257.0,9198.0,161815.0,2.0,0.0,2774.0,0.0,2.0,-1.0,2583.0,-2699.0,1931.86786,1966.75639,1987.308145,-34.88853000000017,-55.44028500000036,1978.756595238095,2003.647938293651,170174.7,,,1.909032120437925,1.769251540981706,3.678283661419631,2.0,2774.0,1.0,-116.0,0.04065288587756401,0.5732487247386627,,,0.9589,0.8813,0.175
20240820,1886.274,1867.6793,1889.9424,1862.0229,216271.0,-9986.0,137834.0,1.0,-1.0,1218.0,-1237.0,1.0,-2.0,622.0,-1126.0,1904.81528,1954.92994,1982.584575,-50.11465999999996,-77.76929500000006,1968.259237698413,1999.110319412699,167002.7,,,1.92023491498779,1.769251540981706,3.689486455969496,0.0,-19.0,-1.0,-504.0,-0.04617355077657199,0.6065680545664806,,,0.9589,0.904,0.195
20240821,1908.4807,1895.6833,1917.1191,1888.9636,201652.0,-14619.0,212376.0,2.0,-1.0,3459.0,-1834.0,2.0,-1.0,1904.0,-2067.0,1896.60492,1946.2483,1978.41682,-49.64337999999975,-81.8118999999997,1960.765211190476,1994.034123039683,176231.9,254851.2,,1.961884508981311,1.769251540981706,3.731136049963017,1.0,1625.0,1.0,-163.0,-0.07249618154047567,0.7081106427946585,,,0.9589,0.9173,0.247
20240822,1892.2485,1906.3776,1921.3707,1888.6964,206502.0,4850.0,160084.0,1.0,-2.0,1600.0,-2568.0,2.0,-1.0,3738.0,-1311.0,1887.37446,1936.63248,1974.21267,-49.25801999999953,-86.83820999999989,1953.017926666667,1988.386753912699,182050.0,,,1.918647642963052,1.725483247941781,3.644130890904833,-1.0,-968.0,1.0,2427.0,0.023486455336994314,0.740813650461324,,,0.9863,0.9227,0.263
20240823,1871.4585,1887.3048,1889.4833,1868.4924,206659.0,157.0,135400.0,2.0,-1.0,4557.0,-2089.0,2.0,-1.0,5151.0,-485.0,1884.33794,1922.62815,1968.75539,-38.29021000000012,-84.41744999999992,1943.647643412698,1981.878516833333,182269.2,,,1.86829435729319,1.706139003209141,3.574433360502331,1.0,2468.0,1.0,4666.0,0.000759705601982009,0.7746587814851519,,,0.9863,0.924,0.291
20240826,1889.6699,1872.0946,1894.4885,1851.3467,207187.0,528.0,241283.0,2.0,-1.0,4873.0,-2037.0,1.0,-2.0,735.0,-2163.0,1889.62632,1910.74709,1964.281885,-21.12076999999999,-74.6555649999998,1935.052164047619,1974.510450087302,193919.5,289539.6,,1.883077509381099,1.725483247941781,3.60856075732288,1.0,2836.0,-1.0,-1428.0,0.0025484224396318303,0.7224459729308724,,,0.9863,0.916,0.257
20240827,1880.9769,1885.8274,1890.9561,1873.0092,207693.0,506.0,144743.0,3.0,0.0,9113.0,0.0,0.0,-3.0,0.0,-7634.0,1888.5669,1896.69109,1958.08916,-8.124189999999544,-69.52225999999996,1927.129160476191,1966.243790761905,195362.0,,,1.883921082191376,1.706139003209141,3.590060085400517,3.0,9113.0,-3.0,-7634.0,0.0024362881753357117,0.6635623332154053,,,0.9726,0.8987,0.22
20240828,1867.8962,1880.312,1888.1804,1860.9758,216910.0,9217.0,193022.0,3.0,0.0,9344.0,0.0,0.0,-3.0,0.0,-8416.0,1880.45,1888.52746,1950.39496,-8.077459999999746,-69.94496000000004,1918.841893015873,1957.554981230159,187193.0,,,1.893416512062512,1.647248773501806,3.540665285564319,3.0,9344.0,-3.0,-8416.0,0.04249227790327786,0.6877510549991894,,,0.9726,0.8933,0.233
20240829,1875.3936,1862.653,1886.088,1860.8552,218866.0,1956.0,127104.0,3.0,0.0,9027.0,0.0,1.0,-3.0,0.0,-8632.0,1877.07902,1882.22674,1942.17585,-5.147720000000163,-65.09683000000018,1911.282741666667,1948.737420507937,178206.5,,,1.859293361560128,1.647248773501806,3.506542135061935,3.0,9027.0,-2.0,-8632.0,0.00893697513547102,0.6398100644427837,,,0.9178,0.8773,0.208
20240830,1869.1182,1873.5387,1878.6953,1864.2665,217809.0,-1057.0,127361.0,3.0,0.0,11789.0,0.0,0.0,-3.0,0.0,-11813.0,1876.61096,1880.47445,1932.456845,-3.863489999999729,-55.84588499999995,1904.449783015873,1940.120235642857,164102.2,,,1.817447166493042,1.586615289320929,3.404062455813971,3.0,11789.0,-3.0,-11813.0,-0.004852875684659495,0.5379007992528342,,,0.8904,0.9307,0.158
20240902,1856.9535,1855.4675,1860.9565,1837.9337,232728.0,14919.0,155975.0,3.0,0.0,7095.0,0.0,1.0,-3.0,0.0,-8566.0,1870.06768,1879.847,1923.301695,-9.779320000000098,-53.234015,1896.798514444444,1931.924427563492,163518.2,,,1.853213617211781,1.586615289320929,3.43982890653271,3.0,7095.0,-2.0,-8566.0,0.06410487779725689,0.5153240638993369,,,0.7945,0.9093,0.155
20240903,1838.3606,1845.9198,1853.283,1833.5537,243992.0,11264.0,163921.0,2.0,-1.0,3773.0,-111.0,1.0,-2.0,2002.0,-4824.0,1861.54442,1875.05566,1914.9928,-13.51123999999982,-53.44837999999982,1888.737455079366,1923.972249301587,166126.9,,,1.633965651907007,1.526161409441491,3.160127061348498,1.0,3662.0,-1.0,-2822.0,0.046165448047476965,0.5031103685494442,,,0.7808,0.8853,0.151
20240904,1823.6051,1830.6024,1837.3645,1819.74,257542.0,13550.0,137316.0,0.0,-1.0,0.0,-2012.0,1.0,-2.0,3334.0,-4360.0,1852.6862,1866.5681,1906.4082,-13.88189999999963,-53.72200000000021,1880.039412301587,1915.899669412699,158620.9,,0.215165,1.586898752890504,1.526161409441491,3.113060162331995,-1.0,-2012.0,-1.0,-1026.0,0.052612777721692,0.5187903581571777,,,0.7945,0.8853,0.155
20240905,1817.5775,1823.2598,1830.2528,1811.5593,254677.0,-2865.0,92256.0,1.0,-1.0,144.0,-1704.0,1.0,-2.0,1502.0,-6212.0,1841.12298,1859.101,1897.86674,-17.97802000000001,-56.74376000000007,1871.495239206349,1907.747400666667,151838.1,,0.217465,1.387850703890831,1.526161409441491,2.914012113332322,0.0,-1560.0,-1.0,-4710.0,-0.011249543539463712,0.5433008249950929,,,0.726,0.8627,0.159
20240906,1813.2708,1817.8644,1824.2789,1806.2666,249858.0,-4819.0,127729.0,2.0,0.0,1409.0,0.0,1.0,-2.0,133.0,-7401.0,1829.9535,1853.28223,1887.95519,-23.32872999999995,-58.00168999999983,1863.417540873016,1899.724390412699,151071.0,,,1.353174493060595,1.493315492201254,2.846489985261849,2.0,1409.0,-1.0,-7268.0,-0.019286954990434566,0.4052956554456265,,,0.7397,0.8387,0.122
20240909,1780.5739,1797.8146,1802.5004,1769.9083,260355.0,10497.0,153127.0,1.0,0.0,365.0,0.0,1.0,-2.0,2824.0,-6076.0,1814.67758,1842.37263,1876.55986,-27.69504999999981,-61.88228000000004,1853.382734126984,1891.557447420635,142255.4,,,1.418107830165017,1.526161409441491,2.944269239606508,1.0,365.0,-1.0,-3252.0,0.04031802730886674,0.4172858602437477,,,0.6849,0.8013,0.124
20240910,1745.5159,1778.8414,1782.1733,1743.8232,272312.0,11957.0,164340.0,0.0,0.0,0.0,-611.0,0.0,-3.0,0.0,-7432.0,1796.10864,1828.82653,1862.75881,-32.71789000000035,-66.65017000000012,1842.051978968254,1883.049729269841,144215.1,,0.222985,1.456121079522874,1.526161409441491,2.982282488964366,0.0,-611.0,-3.0,-7432.0,0.04390919239695643,0.3774849405049111,,,0.6712,0.7867,0.117
20240911,1776.5579,1739.5648,1781.377,1729.766,259844.0,-12468.0,232107.0,1.0,0.0,2483.0,0.0,0.0,-2.0,0.0,-3639.0,1786.6992,1819.6927,1854.11008,-32.99350000000049,-67.41088000000013,1832.138277301587,1874.379367698413,148123.6,278528.4,0.22471,1.536337956516275,1.586615289320929,3.122953245837204,1.0,2483.0,-2.0,-3639.0,-0.04798263573528733,0.2899419892513497,,,0.726,0.7653,0.104
20240912,1794.8173,1767.2335,1799.0206,1755.3514,256432.0,-3412.0,179642.0,0.0,-2.0,0.0,-4402.0,0.0,-3.0,0.0,-8597.0,1782.14716,1811.63507,1846.930905,-29.48791000000028,-64.78374500000041,1825.353457301587,1865.786439261905,153377.4,,0.230575,1.61862563280748,1.641462030712153,3.260087663519633,-2.0,-4402.0,-3.0,-8597.0,-0.013305671679041618,0.2516535477364352,,,0.7123,0.7307,0.1
20240913,1776.4321,1795.0038,1800.1116,1773.9032,254781.0,-1651.0,141735.0,1.0,-1.0,4.0,-1304.0,1.0,-2.0,1433.0,-6557.0,1774.77942,1802.36646,1841.420455,-27.58703999999989,-66.6410350000001,1819.173341666667,1857.258795126984,154814.8,,,1.559447537224083,1.586615289320929,3.146062826545012,0.0,-1300.0,-1.0,-5124.0,-0.006480075044842434,0.3746291233843909,,,0.6986,0.7573,0.116
20240918,1752.6411,1768.3846,1769.89,1746.6414,258985.0,4204.0,149847.0,2.0,0.0,2035.0,0.0,0.0,-3.0,0.0,-8194.0,1769.19286,1791.93522,1835.89111,-22.74236000000019,-66.69825000000014,1810.882029444445,1848.667146626984,154202.0,,,1.613980152133505,1.641462030712153,3.255442182845658,2.0,2035.0,-3.0,-8194.0,0.016232600343649248,0.2722583846214171,,,0.589,0.7067,0.102
20240919,1765.8992,1746.7233,1779.1165,1736.0435,262424.0,3439.0,195918.0,1.0,0.0,4337.0,0.0,0.0,-3.0,0.0,-13788.0,1773.26952,1784.68908,1829.87237,-11.41956000000027,-56.60285000000044,1803.537596031746,1840.147160722222,157401.7,235101.6,0.238395,1.683244230754561,1.641462030712153,3.324706261466714,1.0,4337.0,-3.0,-13788.0,0.013104746517086851,0.1937028054097798,,,0.6301,0.7173,0.093
20240920,1762.8455,1779.1798,1783.8511,1756.2909,265264.0,2840.0,156071.0,1.0,-1.0,1509.0,-1573.0,0.0,-3.0,0.0,-11660.0,1770.52704,1778.61312,1822.59061,-8.08607999999981,-52.0635699999998,1797.751333571428,1831.918352849206,159277.2,,0.239315,1.700014831870159,1.641462030712153,3.341476862582312,0.0,-64.0,-3.0,-11660.0,0.010706315218046927,0.1442163735673167,,,0.6164,0.712,0.086
20240923,1751.1979,1739.8469,1758.3535,1733.9718,277445.0,12181.0,167872.0,1.0,0.0,888.0,0.0,1.0,-2.0,4098.0,-15077.0,1761.80316,1771.97516,1815.53808,-10.17200000000003,-53.73491999999987,1790.611308174604,1823.829959746031,166838.8,,0.24725,1.765665372976049,1.661012898418361,3.42667827139441,1.0,888.0,-1.0,-10979.0,0.04390419722827948,0.2229940139530224,,,0.6301,0.7253,0.093
20240924,1786.9999,1754.7501,1792.4031,1747.332,270535.0,-6910.0,228009.0,0.0,-1.0,0.0,-1619.0,1.0,-2.0,2300.0,-16986.0,1763.91672,1769.34807,1811.31515,-5.431350000000066,-47.39842999999996,1786.678798888888,1816.156085547619,176866.8,273610.8,0.24978,1.826185536825515,1.68512335514962,3.511308891975134,-1.0,-1619.0,-1.0,-14686.0,-0.0255419816289944,0.0674155065660801,,,0.589,0.7267,0.074
20240925,1792.6505,1806.3735,1859.2963,1786.6179,256644.0,-13891.0,425201.0,1.0,-1.0,4354.0,-2544.0,1.0,-2.0,2013.0,-19474.0,1771.9186,1770.55573,1806.46418,1.362870000000157,-34.54557999999997,1786.144364523809,1809.432248587301,204074.2,510241.2,0.263465,2.027116477454181,1.68512335514962,3.712239832603801,0.0,1810.0,-1.0,-17461.0,-0.054125559140287716,0.0929215868960524,,,0.6164,0.7133,0.076
20240926,1814.6,1810.3563,1823.1775,1796.9283,255122.0,-1522.0,200465.0,1.0,-1.0,4157.0,-2569.0,1.0,-2.0,5209.0,-19442.0,1781.65876,1777.46414,1803.145335,4.194619999999759,-21.48657500000013,1786.705969206349,1803.897647611111,207686.7,,0.26933,2.075604957158852,1.686900865304456,3.762505822463307,0.0,1588.0,-1.0,-14233.0,-0.005965773237901866,-0.1685651498680892,,,0.7123,0.7267,0.054
20240927,1849.4495,1850.6682,1868.1223,1832.3019,224677.0,-30445.0,237633.0,1.0,-1.0,3398.0,-2424.0,1.0,-2.0,3005.0,-14960.0,1798.97956,1784.7533,1802.223,14.22625999999991,-3.243440000000192,1791.072732619048,1799.791093142857,208239.3,,0.2769199999999999,2.212474104392175,1.686900865304456,3.899374969696631,0.0,974.0,-1.0,-11955.0,-0.13550563698108842,-0.2152927117278338,,,0.7397,0.704,0.051
20240930,1890.5653,1886.8634,1897.6559,1866.7222,214066.0,-10611.0,255931.0,1.0,-1.0,3565.0,-2379.0,1.0,-2.0,1683.0,-15582.0,1826.85304,1794.3281,1802.981585,32.52494000000002,23.87145499999997,1799.154079206349,1797.171155333333,215868.2,,0.3161349999999999,2.32622462605547,1.69618625593484,4.02241088199031,0.0,1186.0,-1.0,-13899.0,-0.04956882456812385,-0.4290494823809587,,,0.726,0.7387,0.046
20241008,1871.9114,1939.2296,1939.2296,1863.3502,215754.0,1688.0,252868.0,1.0,-1.0,3879.0,-1402.0,1.0,-2.0,781.0,-6775.0,1843.83534,1803.87603,1803.121245,39.95931000000019,40.71409500000027,1807.772835714286,1796.031104738095,226981.5,,,2.447154451002838,1.709713183110252,4.156867634113089,0.0,2477.0,-1.0,-5994.0,0.007823725168478915,-0.2086578213236082,,,0.7397,0.7573,0.051
20241009,1848.053,1871.7806,1873.5825,1841.4435,228312.0,12558.0,182179.0,2.0,0.0,4412.0,-1.0,1.0,-2.0,0.0,-7185.0,1854.91584,1813.41722,1802.67622,41.49862000000007,52.23962000000029,1812.603321984127,1796.203233992064,230214.7,,,2.412597398036568,1.709713183110252,4.12231058114682,2.0,4411.0,-1.0,-7185.0,0.05500367917586461,-0.3115539010992595,,,0.7534,0.7867,0.047
20241010,1829.1704,1858.7603,1868.9354,1823.0811,238363.0,10051.0,192486.0,1.0,-1.0,4665.0,-2206.0,0.0,-3.0,0.0,-8339.0,1857.82992,1819.74434,1802.21671,38.08558000000016,55.61321000000021,1815.984517619048,1797.447926150794,229871.5,,,2.384812516320736,1.709713183110252,4.094525699430988,0.0,2459.0,-3.0,-8339.0,0.04216677924006662,-0.3059350216134275,,,0.9178,0.864,0.047
20241011,1830.3103,1842.1833,1842.9658,1817.0487,240663.0,2300.0,146484.0,2.0,0.0,4949.0,0.0,0.0,-3.0,0.0,-9798.0,1854.00208,1826.49082,1802.55197,27.51125999999999,51.45011,1818.608435317461,1799.533636325397,228912.8,,,2.311366468557269,1.69618625593484,4.007552724492109,2.0,4949.0,-3.0,-9798.0,0.009556932307832946,-0.3705348440471877,,,0.9178,0.8533,0.044
20241014,1811.3232,1835.1816,1836.2296,1792.9668,255347.0,14684.0,247475.0,2.0,-1.0,7356.0,-2572.0,1.0,-2.0,531.0,-10409.0,1838.15366,1832.50335,1802.239255,5.650309999999763,35.91440499999999,1819.730157857143,1802.445521293651,236873.1,,,2.375441648358031,1.709713183110252,4.085154831468284,1.0,4784.0,-1.0,-9878.0,0.05750606038058015,-0.6160443236068416,,,0.7671,0.6733,0.033
20241015,1851.0887,1803.8042,1870.3257,1803.521,245857.0,-9490.0,296056.0,2.0,-1.0,4461.0,-2115.0,1.0,-2.0,1014.0,-13538.0,1833.98912,1838.91223,1804.13015,-4.923110000000634,29.85896999999954,1823.096861111112,1806.087327515873,243677.8,355267.2,0.29647,2.511658439838666,1.725483247941781,4.237141687780447,1.0,2346.0,-1.0,-12524.0,-0.03859967379411609,-0.5811749135042528,,,0.7671,0.6413,0.033
20241016,1851.8622,1850.9945,1886.9696,1839.3279,256798.0,10941.0,268277.0,1.0,-1.0,3969.0,-2368.0,1.0,-2.0,3319.0,-12949.0,1834.75096,1844.8334,1807.694565,-10.08243999999991,27.05639500000029,1827.847789920635,1810.257670055556,227985.4,,,2.521092315152831,1.725483247941781,4.246575563094612,0.0,1601.0,-1.0,-9630.0,0.04260547200523369,-0.6083136094936457,,,0.7808,0.7067,0.032
20241017,1809.6742,1848.3004,1853.3843,1808.2291,256183.0,-615.0,201478.0,3.0,0.0,6731.0,0.0,1.0,-2.0,4200.0,-8024.0,1830.85172,1844.34082,1810.90248,-13.48909999999978,19.94924000000015,1829.024421111111,1814.489515246032,228086.7,,,2.585239008237822,1.731676198532199,4.31691520677002,3.0,6731.0,-1.0,-3824.0,-0.002400627676309513,-0.6793547308112325,,,0.7808,0.66,0.03
20241018,1846.9918,1812.8855,1855.8508,1796.3633,250102.0,-6081.0,248490.0,2.0,0.0,3201.0,0.0,1.0,-2.0,5048.0,-10092.0,1834.18802,1844.09505,1814.424175,-9.907030000000304,19.76384499999995,1831.048747936508,1818.487116777778,229172.4,,0.30061,2.694788090243967,1.777910258927274,4.472698349171242,2.0,3201.0,-1.0,-5044.0,-0.024314079855418988,-0.7326867264243715,,,0.7534,0.6227,0.029
20241021,1842.4949,1829.0215,1846.8611,1805.7196,252456.0,2354.0,220962.0,2.0,0.0,6969.0,0.0,1.0,-2.0,1279.0,-11268.0,1840.42236,1839.28801,1816.808055,1.134350000000268,23.61430499999983,1832.957711984127,1821.867480055556,225675.5,,0.30521,2.674219548114906,1.899718312324743,4.573937860439648,2.0,6969.0,-1.0,-9989.0,0.00932439712266692,-0.8261484176862608,,,0.6438,0.532,0.021
20241022,1842.2968,1843.697,1857.0801,1831.8121,247891.0,-4565.0,143604.0,2.0,0.0,7135.0,0.0,0.0,-3.0,0.0,-12530.0,1838.66398,1836.32655,1820.10129,2.337429999999813,18.5626900000002,1835.437421428572,1824.633938626984,214749.1,,,2.485237598875215,1.899718312324743,4.384955911199958,2.0,7135.0,-3.0,-12530.0,-0.018415351908701808,-0.264453463398631,,,0.6027,0.4853,0.048
20241023,1841.1001,1842.5199,1855.4769,1834.4423,247315.0,-576.0,127289.0,2.0,0.0,7279.0,0.0,0.0,-3.0,0.0,-12895.0,1836.51156,1835.63126,1824.52424,0.8803000000000338,11.98732000000018,1837.31719515873,1827.105325944445,209260.1,,,2.44591750392285,1.899718312324743,4.345635816247593,2.0,7279.0,-3.0,-12895.0,-0.0023290136061298343,-0.2360281803341597,,,0.5616,0.4667,0.048
20241024,1849.7078,1852.847,1862.1123,1836.9611,248171.0,856.0,142874.0,1.0,-1.0,4450.0,-2324.0,1.0,-3.0,0.0,-10961.0,1844.51828,1837.685,1828.71467,6.833279999999831,15.80360999999994,1839.62067468254,1829.468941650794,204298.9,,,2.335998023221543,1.899718312324743,4.235716335546286,0.0,2126.0,-2.0,-10961.0,0.0034492346003360584,-0.2448447937704443,,,0.4795,0.36,0.047
20241025,1850.5405,1839.1262,1860.9519,1836.7609,247428.0,-743.0,125825.0,1.0,-1.0,4289.0,-2608.0,1.0,-3.0,0.0,-11802.0,1845.22802,1839.70802,1833.09942,5.519999999999982,12.12860000000001,1841.454929365079,1831.753591055555,202233.0,,,2.246457554928861,1.899718312324743,4.146175867253604,0.0,1681.0,-2.0,-11802.0,-0.0030028937711172542,-0.2502425792677614,,,0.4247,0.3213,0.046
20241028,1851.1488,1845.744,1868.3552,1825.6689,258120.0,10692.0,188697.0,2.0,0.0,4781.0,0.0,0.0,-3.0,0.0,-16994.0,1846.9588,1843.69058,1838.096965,3.268219999999928,8.8618349999997,1842.616403571428,1834.042215626984,196355.2,,,2.119392100160946,2.004819231906358,4.124211332067304,2.0,4781.0,-3.0,-16994.0,0.04142259414225941,-0.3210848072505071,,,0.3973,0.292,0.041
20241029,1840.5726,1846.5636,1853.6084,1835.4431,255513.0,-2607.0,125247.0,2.0,0.0,3951.0,0.0,0.0,-3.0,0.0,-17605.0,1846.61396,1842.63897,1840.7756,3.974990000000162,5.838359999999966,1842.953826587302,1836.027912174603,179274.3,,,2.065737410374749,2.004819231906358,4.070556642281106,2.0,3951.0,-3.0,-17605.0,-0.010203003369691563,-0.3569581460943933,,,0.3836,0.2933,0.039
20241030,1840.3429,1844.9329,1859.7007,1827.0218,251639.0,-3874.0,138304.0,2.0,0.0,6775.0,0.0,0.0,-3.0,0.0,-18865.0,1846.46252,1841.48704,1843.16022,4.975479999999834,3.302300000000059,1843.006283492064,1837.543761531746,166277.0,,,2.013693628329432,2.004819231906358,4.01851286023579,2.0,6775.0,-3.0,-18865.0,-0.01539506992159403,-0.4569690236011317,,,0.2877,0.2253,0.035
20241031,1842.3127,1839.7333,1846.5123,1834.1777,252367.0,728.0,117981.0,3.0,0.0,9160.0,0.0,0.0,-3.0,0.0,-16532.0,1844.9835,1844.75089,1844.545855,0.2326100000000224,0.437644999999975,1842.550179920635,1838.896337412698,157927.3,,,1.960052146372228,1.899718312324743,3.859770458696971,3.0,9160.0,-3.0,-16532.0,0.0028846877761355486,-0.4559580778088213,,,0.2055,0.1027,0.035
20241101,1853.3117,1832.6416,1860.9883,1827.498,250708.0,-1659.0,160073.0,3.0,0.0,3197.0,0.0,0.0,-3.0,0.0,-14506.0,1845.53774,1845.38288,1844.738965,0.1548599999998714,0.7987749999997504,1842.636751666666,1840.055137785714,149085.6,,,1.919005721890124,1.899718312324743,3.818724034214867,3.0,3197.0,-3.0,-14506.0,-0.006617259919906824,-0.4832340450166418,,,0.1918,0.104,0.03
20241104,1868.7383,1843.2372,1870.1767,1837.4255,256995.0,6287.0,155323.0,1.0,0.0,4756.0,0.0,1.0,-2.0,0.0,-16412.0,1849.05564,1848.00722,1843.647615,1.048419999999851,5.408024999999725,1844.092697936508,1841.168636380952,142521.7,,0.275425,1.785863102754299,1.899718312324743,3.685581415079042,1.0,4756.0,-1.0,-16412.0,0.024463510963248312,-0.5107080099941981,,,0.1781,0.172,0.027
20241105,1885.0799,1870.4273,1885.6908,1859.4731,260937.0,3942.0,139719.0,2.0,0.0,3628.0,0.0,0.0,-3.0,0.0,-17935.0,1857.9571,1852.28553,1844.30604,5.671570000000202,13.65105999999992,1847.543651349207,1842.379259373016,142133.2,,,1.700737228164538,1.818697159754289,3.519434387918827,2.0,3628.0,-3.0,-17935.0,0.015107094815990067,-0.433161758453423,,,0.2329,0.1893,0.035
20241106,1845.8483,1877.0131,1890.1355,1841.4626,253100.0,-7837.0,158842.0,2.0,0.0,5848.0,0.0,0.0,-3.0,0.0,-18939.0,1859.05818,1852.76035,1844.195805,6.297829999999976,14.86237499999993,1848.770900079365,1843.524629865079,145288.5,,,1.711943479240591,1.818697159754289,3.53064063899488,2.0,5848.0,-3.0,-18939.0,-0.03096404583168708,-0.4814097225678297,,,0.3151,0.3987,0.029
20241107,1861.0789,1850.5767,1869.0151,1846.844,250774.0,-2326.0,126599.0,2.0,0.0,4991.0,0.0,0.0,-3.0,0.0,-17989.0,1862.81142,1853.89746,1845.79123,8.91395999999986,17.02018999999996,1850.110465952381,1844.573608992064,143661.0,,,1.570857374920713,1.788238421941849,3.359095796862563,2.0,4991.0,-3.0,-17989.0,-0.009275283721597933,-0.5208446829137976,,,0.3425,0.412,0.024
20241108,1859.1422,1861.6518,1883.6834,1855.1108,245731.0,-5043.0,138084.0,3.0,0.0,7262.0,0.0,0.0,-3.0,0.0,-13654.0,1863.97752,1854.75763,1847.232825,9.21988999999985,16.74469500000009,1851.886347380952,1845.616750793651,144886.9,,,1.520874749382709,1.788238421941849,3.309113171324559,3.0,7262.0,-3.0,-13654.0,-0.02052244120603424,-0.4951889248832463,,,0.3288,0.436,0.025
20241111,1819.4317,1846.1734,1846.1734,1810.7772,265050.0,19319.0,230738.0,3.0,0.0,7259.0,-371.0,1.0,-2.0,0.0,-11504.0,1854.1162,1851.58592,1847.63825,2.530279999999948,6.477949999999964,1849.860017539683,1846.341112190476,149091.0,276885.6,,1.611365821723838,1.818697159754289,3.430062981478127,3.0,6888.0,-1.0,-11504.0,0.07288813431428033,-0.4824504680540805,,,0.3425,0.552,0.028
20241112,1809.7343,1810.7149,1820.2518,1798.9813,270671.0,5621.0,177324.0,3.0,0.0,8364.0,0.0,1.0,-2.0,0.0,-12067.0,1839.04708,1848.50209,1845.57053,-9.455009999999675,-6.523449999999457,1846.365055,1846.682235031746,154298.7,,,1.614230597587343,1.788238421941849,3.402469019529192,3.0,8364.0,-1.0,-12067.0,0.02076690890416779,-0.5978510069746366,,,0.3699,0.3667,0.017
20241113,1817.9178,1812.7476,1827.0913,1812.0563,262903.0,-7768.0,103439.0,3.0,-1.0,7139.0,-1449.0,2.0,-1.0,344.0,-11242.0,1833.46098,1846.25958,1843.87331,-12.79860000000008,-10.41233000000034,1843.955025873015,1846.777109269842,150812.2,,,1.586058883210992,1.788238421941849,3.374297305152841,2.0,5690.0,1.0,-10898.0,-0.029547019242838615,-0.6303998300362269,,,0.3699,0.4133,0.014
20241114,1804.6229,1814.3052,1822.1215,1803.2033,270811.0,7908.0,89926.0,3.0,0.0,8266.0,0.0,2.0,-1.0,2023.0,-11387.0,1822.16978,1842.4906,1843.620745,-20.32082000000014,-21.450965,1840.455510555555,1846.567642333333,148006.7,,,1.568443975749251,1.788238421941849,3.3566823976911,3.0,8266.0,1.0,-9364.0,0.029201177204766424,-0.6442132255165853,,,0.4247,0.3933,0.013
20241115,1801.8586,1807.1372,1814.0396,1798.3992,262244.0,-8567.0,95648.0,2.0,-1.0,7049.0,-1467.0,2.0,-1.0,2222.0,-12075.0,1810.71306,1837.34529,1841.364085,-26.63222999999994,-30.65102499999989,1836.831953333334,1845.9871625,141564.2,,,1.466413613909828,1.76182863175855,3.228242245668377,1.0,5582.0,1.0,-9853.0,-0.03266804960266012,-0.6008996027406458,,,0.4658,0.4093,0.016
20241118,1797.3025,1796.0526,1806.3266,1781.1232,262115.0,-129.0,99475.0,2.0,-1.0,6889.0,-1578.0,2.0,-1.0,3867.0,-10749.0,1806.28722,1830.20171,1839.104465,-23.91448999999966,-32.81724499999973,1832.473933968254,1844.825286103175,135979.4,,,1.496260353716736,1.76182863175855,3.258088985475285,1.0,5311.0,1.0,-6882.0,-0.00049215039200351,-0.5771375862966053,,,0.5068,0.4293,0.018
20241119,1838.904,1802.0927,1848.9715,1799.0312,243951.0,-18164.0,215910.0,2.0,-1.0,4655.0,-1500.0,1.0,-2.0,2470.0,-16327.0,1812.12116,1825.58412,1838.934825,-13.46296000000029,-26.81366500000036,1831.41999452381,1843.212920420635,143598.5,259092.0,,1.570220360687091,1.76182863175855,3.332048992445641,1.0,3155.0,-1.0,-13857.0,-0.07445757549671861,-0.507251827730853,,,0.5342,0.4747,0.023
20241120,1823.9353,1836.0859,1838.5765,1815.5035,239593.0,-4358.0,114791.0,1.0,-1.0,3535.0,-1196.0,1.0,-2.0,3463.0,-15604.0,1813.32466,1823.39282,1838.076585,-10.06816000000003,-24.75192500000026,1830.280961984127,1841.363926611111,139193.4,,0.22517,1.614423681631044,1.76182863175855,3.376252313389593,0.0,2339.0,-1.0,-12141.0,-0.018189179149641268,-0.5795482142778865,,,0.411,0.2973,0.016
20241121,1827.6073,1826.1392,1834.6919,1822.3433,238768.0,-825.0,68773.0,2.0,0.0,3614.0,-1121.0,1.0,-2.0,2333.0,-14358.0,1817.92154,1820.04566,1836.97156,-2.124119999999721,-19.05002000000036,1829.365096031746,1839.289389619048,133410.8,,,1.533653022177217,1.76182863175855,3.295481653935767,2.0,2493.0,-1.0,-12025.0,-0.0034552368826643435,-0.5243251697243515,,,0.411,0.2987,0.02
20241122,1819.9708,1824.5911,1834.0972,1816.1863,237810.0,-958.0,80859.0,2.0,-1.0,3410.0,-1154.0,1.0,-2.0,2620.0,-13844.0,1821.54398,1816.12852,1835.443075,5.415459999999712,-13.89909499999999,1828.001322539683,1836.90088713492,127688.3,,,1.478631404601543,1.76182863175855,3.240460036360093,1.0,2256.0,-1.0,-11224.0,-0.004028426054413187,-0.5308651760207639,,,0.3699,0.3187,0.019
20241125,1822.0672,1826.2439,1836.3861,1811.3957,235782.0,-2028.0,94991.0,1.0,-1.0,3564.0,-1148.0,1.0,-2.0,4282.0,-13642.0,1826.49692,1816.39207,1833.988995,10.10485000000017,-7.492074999999659,1826.891876349207,1834.604073015873,114113.6,,,1.477474531341449,1.76182863175855,3.239303163099999,0.0,2416.0,-1.0,-9360.0,-0.008601165483370232,-0.5357651286589328,,,0.3562,0.3147,0.018
20241126,1833.6322,1818.4672,1839.5163,1818.2533,230207.0,-5575.0,88638.0,3.0,0.0,4774.0,0.0,1.0,-2.0,3055.0,-12426.0,1825.44256,1818.78186,1833.641975,6.660700000000134,-8.199414999999817,1826.432621269841,1832.610829642857,105245.0,,,1.370848103400756,1.76182863175855,3.132676735159306,3.0,4774.0,-1.0,-9371.0,-0.02421733483343252,-0.5174854530729799,,,0.4247,0.308,0.021
20241127,1856.9197,1829.0997,1860.8478,1829.0997,232189.0,1982.0,137815.0,1.0,0.0,3701.0,-1134.0,1.0,-2.0,1963.0,-13435.0,1832.03944,1822.68205,1834.470815,9.357389999999668,-2.431375000000344,1827.850798095238,1831.000406865079,108682.6,165378.0,,1.404680009492796,1.744477519537721,3.149157529030517,1.0,2567.0,-1.0,-11472.0,0.008536149429990224,-0.4640357662685146,,,0.5205,0.4,0.031
20241128,1855.4261,1853.3543,1857.941,1847.0449,234041.0,1852.0,75835.0,2.0,0.0,4817.0,0.0,0.0,-3.0,0.0,-14632.0,1837.6032,1827.76237,1835.126485,9.840830000000096,2.476715000000013,1829.760580952381,1829.930913904762,107273.5,,,1.335644510284531,1.744477519537721,3.080122029822252,2.0,4817.0,-3.0,-14632.0,0.007913143423588174,-0.489688741707675,,,0.5616,0.4147,0.026
20241129,1829.3345,1852.4282,1852.9239,1825.7783,229001.0,-5040.0,154676.0,1.0,0.0,3697.0,0.0,0.0,-3.0,0.0,-13390.0,1839.47594,1830.50996,1833.927625,8.965979999999945,5.548315000000002,1829.932098333333,1829.240928404762,113176.3,185611.2,,1.261838589578327,1.744477519537721,3.006316109116049,1.0,3697.0,-3.0,-13390.0,-0.022008637516866738,-0.5690290464648609,,,0.6164,0.548,0.016
20241202,1835.1243,1831.8762,1842.0135,1823.023,220919.0,-8082.0,110680.0,1.0,0.0,3522.0,0.0,1.0,-2.0,1287.0,-11445.0,1842.08736,1834.29214,1832.246925,7.795219999999972,9.84043500000007,1829.888907380952,1828.982425746032,114296.8,,0.197225,1.251666795542678,1.744477519537721,2.996144315080399,1.0,3522.0,-1.0,-10158.0,-0.03658354419493117,-0.6310826911721626,,,0.6575,0.548,0.006
20241203,1828.5275,1832.2027,1838.6113,1824.1173,217723.0,-3196.0,81785.0,1.0,-1.0,3443.0,-902.0,1.0,-2.0,666.0,-10497.0,1841.06642,1833.25449,1829.419305,7.811930000000075,11.64711499999999,1829.842200079365,1828.824646301587,100884.3,,,1.239953126682964,1.744477519537721,2.984430646220686,0.0,2541.0,-1.0,-9831.0,-0.014679202472866899,-0.6029268380423406,,,0.8082,0.7733,0.01
20241204,1796.4589,1824.9774,1827.5161,1780.8309,237725.0,20002.0,207687.0,1.0,-1.0,3481.0,-899.0,1.0,-2.0,0.0,-7956.0,1828.97426,1830.50685,1826.949835,-1.532590000000482,2.02442499999961,1827.229953492063,1828.519545452381,110173.9,249224.4,0.210565,1.352909484278036,1.76182863175855,3.114738116036586,0.0,2582.0,-1.0,-7956.0,0.08413923651277737,-0.6685207519750493,,,0.8082,0.764,0.004
20241205,1780.5118,1799.4234,1800.0973,1777.9824,239161.0,1436.0,104170.0,2.0,0.0,3609.0,-686.0,1.0,-2.0,60.0,-8777.0,1813.9914,1825.7973,1822.92148,-11.80589999999961,-8.930080000000089,1823.311127936508,1827.914148642857,113713.6,,0.221145,1.379384769867202,1.76182863175855,3.141213401625751,2.0,2923.0,-1.0,-8717.0,0.0060043234473848165,-0.5871879548438772,,,0.7671,0.764,0.013
20241206,1770.1154,1778.0664,1781.5295,1766.8114,247162.0,8001.0,108559.0,1.0,-1.0,3827.0,-415.0,1.0,-2.0,396.0,-10368.0,1802.14758,1820.81176,1818.47014,-18.66417999999976,-16.32255999999984,1818.641724047619,1826.978188793651,116483.6,,,1.339765390137011,1.76182863175855,3.101594021895561,0.0,3412.0,-1.0,-9972.0,0.03237148105291267,-0.5511940992098134,,,0.7808,0.756,0.019
20241209,1754.258,1759.4653,1766.8939,1740.1228,253396.0,6234.0,148703.0,2.0,-1.0,7265.0,-752.0,2.0,-1.0,4741.0,-6903.0,1785.97432,1814.03084,1815.211455,-28.05652000000009,-29.23713499999985,1812.410677460318,1825.530068904762,121854.8,178443.6,0.242535,1.258997788344517,1.76182863175855,3.020826420103067,1.0,6513.0,1.0,-2162.0,0.02460180902618826,-0.5312420581484221,,,0.7945,0.7453,0.021
20241210,1773.8155,1787.784,1799.1484,1765.2164,237237.0,-16159.0,189647.0,2.0,-1.0,5497.0,-1894.0,2.0,-1.0,4191.0,-5398.0,1775.03192,1808.04917,1813.415515,-33.01724999999988,-38.38359500000024,1808.786272539683,1823.765434031746,131955.7,227576.4,,1.346143660965841,1.788238421941849,3.13438208290769,1.0,3603.0,1.0,-1207.0,-0.06811332127787824,-0.4754120702026431,,,0.8082,0.7453,0.033
20241211,1772.4815,1780.2371,1785.218,1770.0634,236117.0,-1120.0,103778.0,2.0,-2.0,7650.0,-3609.0,2.0,-1.0,3517.0,-4688.0,1770.23644,1799.60535,1811.1437,-29.36891000000037,-40.90725999999995,1805.177997063492,1821.498153928572,128552.0,,,1.360151803471636,1.76182863175855,3.121980435230186,0.0,4041.0,1.0,-1171.0,-0.004743411105511251,-0.4400139922698377,,,0.8082,0.756,0.037
20241212,1774.2008,1769.8981,1778.6865,1767.6408,228775.0,-7342.0,97042.0,2.0,-1.0,5720.0,-1940.0,1.0,-1.0,1159.0,-6774.0,1768.97424,1791.48282,1809.622595,-22.50857999999994,-40.64835500000004,1801.448714444445,1818.666967277778,130672.7,,,1.335460549353539,1.744477519537721,3.079938068891261,1.0,3780.0,0.0,-5615.0,-0.03209266746803628,-0.4978272743264709,,,0.589,0.524,0.028
20241213,1745.3352,1764.069,1769.4756,1743.9995,236069.0,7294.0,154865.0,2.0,-1.0,7853.0,-3803.0,1.0,-1.0,421.0,-5861.0,1764.0182,1783.08289,1806.796425,-19.06469000000016,-42.77822499999979,1795.937135714286,1815.267471015873,130691.6,,,1.360199066406888,1.73387007744537,3.094069143852258,1.0,4050.0,0.0,-5440.0,0.030897745997992113,-0.4410573933134367,,,0.6164,0.5387,0.038
20241216,1730.7972,1722.3647,1733.8333,1718.4047,246408.0,10339.0,149336.0,3.0,-1.0,11283.0,-2519.0,1.0,-2.0,413.0,-6594.0,1759.32604,1772.65018,1803.47116,-13.32413999999994,-44.14511999999991,1788.138223412699,1811.092402619048,134557.2,,,1.388347791508453,1.717991563069291,3.106339354577745,2.0,8764.0,-1.0,-6181.0,0.0419588649719165,-0.307192898428831,,,0.6301,0.5387,0.047
20241217,1718.681,1722.7127,1742.6156,1711.4806,256630.0,10222.0,172664.0,2.0,-1.0,12832.0,-3893.0,1.0,-2.0,250.0,-14735.0,1748.29914,1761.66553,1797.46001,-13.36638999999991,-49.16087000000016,1780.468628650794,1806.15504547619,143645.1,207196.8,,1.393579637679092,1.73387007744537,3.127449715124462,1.0,8939.0,-1.0,-14485.0,0.03983166426372599,-0.4480255174677332,,,0.5616,0.5387,0.038
20241218,1692.2812,1710.7241,1715.3137,1684.2411,273350.0,16720.0,165426.0,2.0,-2.0,7293.0,-4807.0,1.0,-2.0,2036.0,-16352.0,1732.25908,1751.24776,1790.877305,-18.98867999999993,-58.61822500000017,1770.826235714286,1800.514673698413,139419.0,,0.216775,1.497673801323179,1.744477519537721,3.2421513208609,0.0,2486.0,-1.0,-14316.0,0.06116700201207243,-0.4759476150165121,,,0.5616,0.5693,0.034
20241219,1746.8163,1698.7475,1759.9516,1694.6936,257132.0,-16218.0,324395.0,3.0,-1.0,8511.0,-4206.0,1.0,-2.0,666.0,-9195.0,1726.78218,1747.87821,1786.837755,-21.09602999999993,-60.05557499999986,1765.115053253968,1794.695066230159,161441.5,389274.0,0.2323,1.656490140543274,1.744477519537721,3.400967660080995,2.0,4305.0,-1.0,-8529.0,-0.0630726630679962,-0.4114494353925034,,,0.5753,0.5453,0.044
20241220,1735.7344,1746.0622,1750.6601,1726.8635,256472.0,-660.0,148513.0,2.0,0.0,8091.0,-608.0,1.0,-2.0,866.0,-12099.0,1724.86202,1744.44011,1782.625935,-19.57809000000043,-57.76391500000022,1760.387378174603,1788.869631642857,165436.9,,,1.682698426658537,1.744477519537721,3.427175946196258,2.0,7483.0,-1.0,-11233.0,-0.002573380330016532,-0.3517293310045516,,,0.5342,0.5693,0.048
20241223,1743.7719,1731.2908,1748.8845,1720.0807,254164.0,-2308.0,143005.0,3.0,-1.0,10989.0,-4923.0,1.0,-2.0,1749.0,-13865.0,1727.45696,1743.3915,1778.71117,-15.9345400000002,-51.25421000000006,1756.076239444444,1783.23618784127,164867.1,,,1.746834619733037,1.744477519537721,3.491312139270758,2.0,6066.0,-1.0,-12116.0,-0.00908075101115815,-0.3062313457610915,,,0.5342,0.552,0.052
20241224,1766.4895,1770.604,1779.6938,1750.7737,253353.0,-811.0,234369.0,2.0,-2.0,8076.0,-6831.0,1.0,-2.0,2089.0,-14600.0,1737.01866,1742.6589,1775.354035,-5.640239999999721,-38.33537500000011,1754.815672619047,1777.839127849207,169339.3,281242.8,0.233565,1.700921332099169,1.744477519537721,3.44539885163689,0.0,1245.0,-1.0,-12511.0,-0.003201067285565989,-0.2576620130650576,,,0.5342,0.5787,0.055
20241225,1763.7901,1761.2436,1772.7783,1752.035,254884.0,1531.0,110239.0,1.0,-1.0,8015.0,-3292.0,1.0,-2.0,1813.0,-13455.0,1751.32044,1741.78976,1770.697555,9.530679999999847,-19.377115,1753.609046190476,1772.682232761905,169985.4,,,1.696481803264284,1.73387007744537,3.430351880709654,0.0,4723.0,-1.0,-11642.0,0.00600665400731313,-0.3202853229620468,,,0.5753,0.5853,0.05
20241226,1738.5672,1763.5894,1773.308,1735.2426,255544.0,660.0,161241.0,1.0,-2.0,4111.0,-5107.0,1.0,-1.0,2106.0,-11157.0,1749.67062,1738.2264,1764.85461,11.44422000000009,-15.18398999999977,1751.436628650793,1767.68102418254,176405.3,,,1.794132742207619,1.744477519537721,3.53861026174534,-1.0,-996.0,0.0,-9051.0,0.002582725479760824,-0.4888976334632596,,,0.6027,0.5853,0.031
20241227,1720.3537,1719.506,1728.8797,1710.7359,261421.0,5877.0,187534.0,2.0,-1.0,8982.0,-1843.0,1.0,-1.0,1712.0,-11094.0,1746.59448,1735.72825,1759.40557,10.86622999999963,-12.81109000000038,1746.926644285715,1762.779975039683,179672.2,,,1.787773963563332,1.73387007744537,3.521644041008702,1.0,7139.0,0.0,-9382.0,0.022480978957314064,-0.502105999403207,,,0.726,0.708,0.028
20241230,1712.9656,1708.5784,1715.792,1698.8972,273763.0,12342.0,143771.0,4.0,0.0,11838.0,0.0,1.0,-2.0,212.0,-11685.0,1740.43322,1733.94509,1753.297635,6.488130000000183,-12.86441500000001,1742.124711507937,1758.178623849207,179115.7,,,1.696049976567041,1.717991563069291,3.414041539636332,4.0,11838.0,-1.0,-11473.0,0.04508279058894007,-0.5917397671859117,,,0.726,0.6907,0.013
20241231,1708.7666,1708.5132,1720.7926,1698.7469,280349.0,6586.0,150790.0,4.0,0.0,13707.0,-137.0,0.0,-3.0,0.0,-16068.0,1728.88864,1732.95365,1747.30959,-4.065010000000029,-18.42095000000018,1737.89023952381,1753.920784936508,176928.3,,,1.728857433460013,1.709709151170239,3.438566584630252,4.0,13570.0,-3.0,-16068.0,0.023492147287844795,-0.4917804219630348,,,0.6575,0.6773,0.032
20250102,1698.0827,1702.5949,1714.2567,1696.2292,299196.0,18847.0,153263.0,4.0,0.0,16031.0,0.0,1.0,-3.0,0.0,-20735.0,1715.74716,1733.5338,1742.39078,-17.78663999999981,-26.6436199999996,1733.334734444445,1750.171634809524,175712.0,,0.2208,1.763113998715389,1.674967209727418,3.438081208442807,4.0,16031.0,-2.0,-20735.0,0.06299215230150136,-0.5381748949903674,,,0.6301,0.6467,0.021
20250103,1661.5707,1682.7946,1688.2885,1654.2099,316714.0,17518.0,234461.0,4.0,0.0,15045.0,0.0,1.0,-3.0,0.0,-23820.0,1700.34786,1725.00924,1736.443725,-24.66138000000001,-36.095865,1726.161506111111,1746.276280095238,166718.6,281353.2,0.233105,1.825869588885891,1.674967209727418,3.500836798613308,4.0,15045.0,-2.0,-23820.0,0.05531173235158534,-0.595100845604422,,,0.6027,0.7133,0.013
20250106,1659.6532,1655.0188,1668.731,1634.707,323761.0,7047.0,247422.0,4.0,0.0,9883.0,-19.0,1.0,-2.0,0.0,-22282.0,1688.20776,1717.40112,1730.920615,-29.19335999999998,-42.71285500000022,1718.435777380952,1742.081120015873,176609.5,296906.4,0.242305,1.860740216314978,1.709709151170239,3.570449367485217,4.0,9864.0,-1.0,-22282.0,0.021766055825130266,-0.7475735641076595,,,0.6027,0.6907,0.002
20250107,1649.6957,1655.0271,1662.6897,1646.5293,323052.0,-709.0,115624.0,3.0,0.0,10463.0,0.0,1.0,-1.0,0.0,-20585.0,1675.55378,1707.9935,1725.6925,-32.43971999999985,-50.13871999999969,1710.66292468254,1737.539788539683,173871.4,,,1.803691064724322,1.674967209727418,3.47865827445174,3.0,10463.0,0.0,-20585.0,-0.002194693114421208,-0.7022967584797585,,,0.6301,0.7227,0.004
20250108,1634.1624,1647.0564,1652.4709,1631.5425,326532.0,3480.0,148879.0,4.0,0.0,15738.0,0.0,1.0,-2.0,1006.0,-20113.0,1660.63294,1694.76079,1718.709845,-34.12784999999985,-58.07690500000012,1702.443411031746,1732.302562380952,165322.4,,,1.751631759175484,1.633136676768625,3.384768435944109,4.0,15738.0,-1.0,-19107.0,0.0106574547058175,-0.7243710329326583,,,0.6027,0.672,0.004
20250109,1662.375,1633.6372,1676.0198,1632.7694,319030.0,-7502.0,231257.0,4.0,0.0,10287.0,0.0,0.0,-3.0,0.0,-17599.0,1653.4914,1684.61928,1713.20452,-31.12788,-59.71311999999989,1696.278228809523,1726.569480642857,177424.2,277508.4,0.25231,1.655467608210094,1.633136676768625,3.288604284978719,4.0,10287.0,-3.0,-17599.0,-0.02351502993448892,-0.7628749583031171,,,0.589,0.5653,0.002
20250110,1670.9678,1662.8287,1675.6963,1651.9783,313455.0,-5575.0,150504.0,3.0,0.0,10158.0,0.0,1.0,-2.0,0.0,-18291.0,1655.37082,1677.85934,1708.04287,-22.48852000000011,-52.6720499999999,1691.952854206349,1720.621103198413,176350.5,,,1.659643898513264,1.618934793080433,3.278578691593697,3.0,10158.0,-1.0,-18291.0,-0.017785647062576765,-0.8031591596287296,,,0.5205,0.5307,0.002
20250113,1688.1489,1694.9503,1707.0855,1679.4101,295295.0,-18160.0,236113.0,3.0,0.0,8459.0,0.0,1.0,-2.0,2332.0,-16887.0,1661.06996,1674.63886,1705.183555,-13.56890000000021,-44.11359500000003,1690.322141111111,1714.960652880953,181208.4,283335.6,,1.694347244998438,1.618934793080433,3.313282038078871,3.0,8459.0,-1.0,-14555.0,-0.06149782420968861,-0.8917198836932643,,,0.4247,0.456,0.001
20250114,1689.018,1695.455,1695.455,1677.9945,295796.0,501.0,149265.0,3.0,0.0,9254.0,0.0,0.0,-3.0,0.0,-17820.0,1668.93442,1672.2441,1703.094595,-3.309679999999844,-34.16017499999998,1688.719431825397,1709.620124912698,181757.8,,,1.621861495861358,1.580682044296692,3.20254354015805,3.0,9254.0,-3.0,-17820.0,0.0016937348713302412,-0.8971730077348408,,,0.3425,0.4333,0.001
20250115,1675.0908,1686.4631,1690.6034,1669.6865,310004.0,14208.0,200022.0,3.0,0.0,10762.0,0.0,0.0,-2.0,0.0,-22903.0,1677.1201,1668.87652,1700.915085,8.243579999999838,-23.794985,1686.463050952381,1704.477406055556,186681.0,,,1.628701629857363,1.580682044296692,3.209383674154055,3.0,10762.0,-2.0,-22903.0,0.04583166668817176,-0.976946866747966,,,0.3014,0.4013,0.001
20250116,1691.441,1689.8518,1700.0537,1677.0173,308621.0,-1383.0,215785.0,2.0,0.0,10306.0,-369.0,0.0,-3.0,0.0,-27757.0,1682.9333,1668.21235,1700.873075,14.72095000000013,-17.93977500000005,1685.144129603175,1699.658345571429,192933.2,,0.2554149999999999,1.576262204481337,1.580682044296692,3.156944248778029,2.0,9937.0,-3.0,-27757.0,-0.004481224544020012,-0.7977631484189434,,,0.3151,0.3853,0.006
20250117,1736.5755,1690.8332,1743.2963,1686.0223,293883.0,-14738.0,508081.0,2.0,0.0,11495.0,-927.0,0.0,-3.0,0.0,-16163.0,1696.05484,1675.71283,1700.361035,20.34201000000007,-4.306194999999889,1687.270245476191,1695.769219507937,220295.2,609697.2,0.277955,1.70025899553497,1.618934793080433,3.319193788615403,2.0,10568.0,-3.0,-16163.0,-0.05014920903897129,-0.7576455671065313,,,0.3425,0.4587,0.008
20250120,1740.073,1724.9323,1754.6726,1720.2033,285694.0,-8189.0,259776.0,3.0,0.0,8111.0,0.0,0.0,-3.0,0.0,-23761.0,1706.43966,1683.75481,1700.577965,22.6848500000001,5.861695000000054,1690.772023492063,1693.002844119047,221530.6,,,1.753522619834342,1.633136676768625,3.386659296602967,3.0,8111.0,-3.0,-23761.0,-0.028663535110992882,-0.9439109179218352,,,0.3562,0.4653,0.002
20250121,1744.8379,1737.5337,1750.1762,1736.5804,279828.0,-5866.0,121787.0,3.0,0.0,7895.0,0.0,0.0,-3.0,0.0,-23044.0,1717.60364,1693.26903,1700.631265,24.33461000000011,16.97237500000006,1694.735664603175,1691.410118111111,222146.9,,,1.715040556031985,1.618934793080433,3.333975349112419,3.0,7895.0,-3.0,-23044.0,-0.020962877195991825,-0.8890912382994384,,,0.3699,0.4413,0.005
20250122,1768.1639,1733.4014,1772.7983,1726.7281,279759.0,-69.0,223048.0,2.0,-1.0,8944.0,-5127.0,0.0,-3.0,0.0,-19012.0,1736.21826,1706.66918,1700.714985,29.54908,35.50327500000003,1700.211483809524,1691.186925388889,229563.8,,,1.828427829941497,1.633136676768625,3.461564506710122,1.0,3817.0,-3.0,-19012.0,-0.000246640858739129,-0.8290758526694987,,,0.3836,0.4733,0.006
20250123,1761.2187,1769.0027,1773.6664,1756.5796,269012.0,-10747.0,143901.0,2.0,-1.0,7979.0,-4472.0,0.0,-3.0,0.0,-19667.0,1750.1738,1716.55355,1700.586415,33.62024999999994,49.58738500000004,1706.359698412698,1692.195072349206,220828.2,,,1.708081676460766,1.618934793080433,3.327016469541199,1.0,3507.0,-3.0,-19667.0,-0.03994989071119504,-0.9587701218602916,,,0.4247,0.5133,0.002
20250124,1779.7663,1767.9942,1787.108,1753.2951,253037.0,-15975.0,163130.0,2.0,-1.0,9374.0,-3918.0,0.0,-2.0,0.0,-16356.0,1758.81196,1727.4334,1702.64637,31.37856000000033,56.16559000000029,1713.541207380952,1694.353907666667,222090.8,,,1.698610833077953,1.633136676768625,3.331747509846578,1.0,5456.0,-2.0,-16356.0,-0.06313305959207546,-0.9124346034810624,,,0.5342,0.5693,0.004
20250127,1773.164,1775.8184,1780.1939,1762.8774,234997.0,-18040.0,89300.0,2.0,-1.0,8954.0,-2994.0,1.0,-2.0,0.0,-16592.0,1765.43016,1735.93491,1705.286885,29.49524999999994,60.1432749999999,1720.299019126984,1697.351595468254,207409.5,,,1.694691841640062,1.618934793080433,3.313626634720495,1.0,5960.0,-1.0,-16592.0,-0.07676693745026532,-0.8004315203950843,,,0.589,0.6,0.011
20250205,1726.1327,1746.9356,1758.9403,1722.3722,247666.0,12669.0,182756.0,2.0,-1.0,8912.0,-2791.0,0.0,-3.0,0.0,-20234.0,1761.68912,1739.64638,1705.94524,22.04273999999964,55.74387999999954,1723.173120714285,1700.796964357143,210758.6,,,1.812105115559197,1.618934793080433,3.431039908639629,1.0,6121.0,-3.0,-20234.0,0.051153569726971,-0.8491680493288674,,,0.5342,0.6133,0.008
20250206,1736.1901,1726.2153,1746.2361,1715.6161,262715.0,15049.0,163953.0,3.0,0.0,9872.0,0.0,1.0,-2.0,0.0,-19343.0,1755.29436,1745.75631,1707.316415,9.538049999999885,47.97794499999986,1725.844657460317,1704.735125007936,207151.7,,,1.754340220318538,1.633136676768625,3.387476897087163,3.0,9872.0,-1.0,-19343.0,0.05728260662695316,-0.8810499560410354,,,0.4932,0.564,0.008
20250207,1738.8626,1743.7874,1752.7184,1729.7219,266758.0,4043.0,159148.0,3.0,0.0,10503.0,0.0,1.0,-2.0,2241.0,-20822.0,1750.82314,1750.49847,1709.35541,0.3246699999999691,41.46772999999985,1729.224414206349,1709.143153468254,201488.0,,,1.746452757925817,1.618934793080433,3.365387551006251,3.0,10503.0,-1.0,-18581.0,0.015156059049775452,-0.8140025635008468,,,0.411,0.4493,0.012
20250210,1753.35,1738.8938,1771.5865,1735.848,284020.0,17262.0,222165.0,3.0,0.0,15989.0,0.0,1.0,-2.0,3307.0,-24672.0,1745.53988,1752.17592,1713.944375,-6.636039999999866,31.59550500000046,1733.207928174603,1713.736921738095,172896.4,266598.0,,1.740209796587624,1.633136676768625,3.373346473356248,3.0,15989.0,-1.0,-21365.0,0.06077741004154637,-0.9966458430249064,,,0.3836,0.4093,0.001
20250211,1745.3725,1749.7839,1758.5904,1739.3896,283346.0,-674.0,146893.0,3.0,0.0,15184.0,0.0,1.0,-2.0,2939.0,-23621.0,1739.98158,1752.70587,1718.23034,-12.72429000000011,21.75124000000005,1736.500901190476,1718.309809507936,161608.1,,,1.743326768358734,1.633136676768625,3.376463445127359,3.0,15184.0,-1.0,-20682.0,-0.0023787171867610626,-1.1627987311441472,,,0.3699,0.388,0.001
20250212,1774.8468,1744.835,1783.8665,1744.835,302799.0,19453.0,233426.0,2.0,0.0,10489.0,-1093.0,1.0,-2.0,10187.0,-23439.0,1749.7244,1755.70676,1724.487895,-5.982359999999971,25.23650500000008,1741.255496031746,1722.961792650793,172772.0,280111.2,0.2513899999999999,1.810247611411445,1.633136676768625,3.443384288180069,2.0,9396.0,-1.0,-13252.0,0.06424393739741545,-1.0770542201548583,,,0.3562,0.3707,0.002
20250213,1771.6187,1773.63,1781.7616,1759.2583,303303.0,504.0,177222.0,3.0,0.0,10311.0,-1432.0,1.0,-2.0,6726.0,-24251.0,1756.81012,1756.05224,1731.36071,0.7578799999998864,25.4494100000004,1745.781816825397,1727.518825952381,168189.4,,,1.794316909224838,1.633136676768625,3.427453585993463,3.0,8879.0,-1.0,-17525.0,0.0016617046320016617,-1.0261933012849016,,,0.3151,0.344,0.003
20250214,1826.0464,1774.3749,1832.1972,1774.3749,314785.0,11482.0,353479.0,2.0,0.0,2993.0,-263.0,1.0,-2.0,9835.0,-23476.0,1774.24688,1762.53501,1739.54428,11.71186999999986,34.7026000000003,1753.477633412698,1732.230619452381,189147.2,424174.8,0.264385,1.801212741567416,1.674967209727418,3.476179951294833,2.0,2730.0,-1.0,-13641.0,0.03647568975650047,-1.034560580661793,,,0.2603,0.2933,0.003
20250217,1814.9428,1858.0205,1858.0205,1809.2005,309639.0,-5146.0,317093.0,3.0,0.0,10602.0,-189.0,1.0,-2.0,1248.0,-24579.0,1786.56544,1766.05266,1746.74303,20.51277999999979,39.82240999999976,1762.125330555556,1737.089031769841,204543.5,380511.6,0.267835,1.853822054210463,1.709709151170239,3.563531205380702,3.0,10413.0,-1.0,-23331.0,-0.016619353505210908,-0.7089953019964255,,,0.274,0.2653,0.026
20250218,1791.1256,1817.9617,1831.0058,1782.3661,308421.0,-1218.0,309391.0,3.0,0.0,8466.0,0.0,1.0,-2.0,989.0,-22732.0,1795.71606,1767.84882,1751.891865,27.86724000000027,43.82419500000015,1767.556517698413,1741.814781626984,226552.6,371269.2,,1.991886280286788,1.717991563069291,3.709877843356079,3.0,8466.0,-1.0,-21743.0,-0.003949147431595125,-0.8525738730295521,,,0.1507,0.2107,0.014
20250219,1805.8078,1794.0978,1818.3584,1789.7605,311509.0,3088.0,242647.0,2.0,0.0,9186.0,0.0,1.0,-2.0,361.0,-22162.0,1801.90826,1775.81633,1757.731355,26.09193000000005,44.17690499999981,1772.623701031746,1746.75983965873,232541.7,,,1.918405367755923,1.717991563069291,3.636396930825215,2.0,9186.0,-1.0,-21801.0,0.00991303622046233,-0.5146556669448201,,,0.1096,0.16,0.055
20250220,1798.5737,1805.8789,1811.4601,1790.3772,324174.0,12665.0,219554.0,2.0,0.0,11882.0,0.0,0.0,-2.0,0.0,-24916.0,1807.29926,1782.05469,1763.9055,25.24457000000007,43.39376000000061,1776.74255888889,1751.849629801588,238101.8,,,1.931610014575735,1.709709151170239,3.641319165745974,2.0,11882.0,-2.0,-24916.0,0.039068524927970784,-0.515573541631973,,,0.0822,0.0333,0.055
20250221,1806.1939,1802.8096,1827.2624,1798.1344,314358.0,-9816.0,331454.0,2.0,0.0,9961.0,0.0,1.0,-2.0,1799.0,-21859.0,1803.32876,1788.78782,1769.643145,14.54093999999986,33.68561499999987,1780.979944920635,1757.025182873016,255332.4,397744.8,,1.910713342516422,1.709709151170239,3.620422493686661,2.0,9961.0,-1.0,-20060.0,-0.031225545397285896,-0.50893117276986,,,0.0822,0.0347,0.058
20250224,1825.4332,1836.6972,1842.4685,1822.1294,314627.0,269.0,261639.0,2.0,0.0,5417.0,0.0,0.0,-3.0,0.0,-23626.0,1805.42684,1795.99614,1774.08603,9.430700000000115,31.34081000000015,1786.906605079364,1762.395050563492,259279.8,,,1.982797420977817,1.717991563069291,3.700788984047108,2.0,5417.0,-3.0,-23626.0,0.0008549806596382383,-0.4839695503820371,,,0.0685,0.0133,0.066
20250225,1836.2052,1826.5613,1849.8918,1818.5872,314049.0,-578.0,268153.0,2.0,0.0,7150.0,0.0,0.0,-3.0,0.0,-23790.0,1814.44276,1805.07941,1778.89264,9.363350000000082,35.55011999999988,1792.695484365079,1768.014508880952,271405.8,,,1.896203664132597,1.717991563069291,3.614195227201888,2.0,7150.0,-3.0,-23790.0,-0.0018404771229967299,-0.4079135529187472,,,0.0822,0.0373,0.081
20250226,1809.9253,1839.4348,1839.4348,1804.9103,321221.0,7172.0,267098.0,2.0,0.0,12415.0,0.0,0.0,-3.0,0.0,-25758.0,1815.26626,1808.58726,1782.14701,6.679000000000087,33.11924999999974,1796.518616428571,1773.540820920635,274773.0,,,1.906189718911095,1.743693380801385,3.64988309971248,2.0,12415.0,-3.0,-25758.0,0.022327307367824643,-0.3324786145492515,,,0.0411,0.0387,0.085
20250227,1816.9788,1805.1877,1824.0024,1793.4524,319280.0,-1941.0,235563.0,2.0,0.0,8846.0,0.0,0.0,-3.0,0.0,-26751.0,1818.94728,1813.12327,1784.587755,5.824010000000271,34.35952500000053,1799.404192222222,1778.903058460318,280607.1,,,1.930277563243932,1.743693380801385,3.673970944045317,2.0,8846.0,-3.0,-26751.0,-0.006079303432723628,-0.3525043743169709,,,0.0685,0.04,0.084
20250228,1814.2666,1816.1287,1822.9256,1802.3516,318521.0,-759.0,193768.0,2.0,0.0,9931.0,0.0,0.0,-3.0,0.0,-27527.0,1820.56182,1811.94529,1787.24015,8.616530000000012,33.32167000000004,1802.150038095238,1783.770298928572,264636.0,,,1.865530798290678,1.743693380801385,3.609224179092063,2.0,9931.0,-3.0,-27527.0,-0.0023828884123809732,-0.3725511266182019,,,0.0685,0.0413,0.082
20250303,1810.4309,1799.7257,1819.1471,1791.1016,327501.0,8980.0,270379.0,2.0,0.0,10000.0,0.0,1.0,-2.0,2980.0,-23570.0,1817.56136,1811.4941,1788.77338,6.06726000000026,28.78798000000006,1804.049327698413,1787.962698642857,259964.6,,,1.895690059103774,1.743693380801385,3.63938343990516,2.0,10000.0,-1.0,-20590.0,0.027419763603775255,-0.3789678664773109,0.1967,,0.0548,0.0627,0.082
20250304,1774.5528,1802.0543,1815.3512,1767.8139,326806.0,-695.0,336380.0,3.0,0.0,16939.0,0.0,0.0,-3.0,0.0,-26260.0,1805.23088,1809.83682,1788.84282,-4.605940000000146,16.38806,1803.811282539682,1791.588175126984,262663.5,403656.0,0.237475,1.929329056487038,1.782804509447205,3.712133565934243,3.0,16939.0,-3.0,-26260.0,-0.002126643941665698,-0.4401480976043321,0.2065,,0.1096,0.1733,0.077
20250305,1768.929,1772.4705,1777.1802,1747.8224,306484.0,-20322.0,302629.0,2.0,0.0,12606.0,0.0,1.0,-2.0,2843.0,-20870.0,1797.03162,1806.14894,1790.982635,-9.117320000000063,6.048985000000357,1801.504191190476,1794.476224142857,268661.7,,,1.956627687631636,1.782804509447205,3.739432197078841,2.0,12606.0,-1.0,-18027.0,-0.06630688714582164,-0.5416477690495982,0.202,,0.1233,0.184,0.048
20250306,1796.4808,1771.5639,1799.7294,1764.0843,305469.0,-1015.0,262939.0,2.0,0.0,5270.0,0.0,1.0,-2.0,7634.0,-22077.0,1792.93202,1805.93965,1793.99717,-13.00762999999961,-1.065149999999676,1801.085294365079,1796.910497690476,273000.2,,0.23966,1.860248347215916,1.84687840469439,3.707126751910306,2.0,5270.0,-1.0,-14443.0,-0.00332275942894369,-0.35120266957803,0.2084,,0.1233,0.192,0.09
20250307,1787.5767,1794.8494,1798.5542,1769.0936,307882.0,2413.0,219333.0,2.0,0.0,5806.0,0.0,1.0,-2.0,7336.0,-20417.0,1787.59404,1804.07793,1796.432875,-16.48388999999997,-8.83883499999979,1800.443195,1798.856822698413,261788.1,,,1.785571364791758,1.782804509447205,3.568375874238963,2.0,5806.0,-1.0,-13081.0,0.007837418231660181,-0.3486638476854595,0.1946,,0.1507,0.2067,0.091
20250310,1786.3189,1799.598,1805.6545,1776.7056,308190.0,308.0,203735.0,2.0,0.0,8193.0,0.0,1.0,-2.0,8159.0,-18351.0,1782.77164,1800.1665,1798.08132,-17.39485999999988,-15.30967999999984,1799.908066269841,1800.15696881746,255997.7,,,1.707889985549226,1.782804509447205,3.49069449499643,2.0,8193.0,-1.0,-10192.0,0.0009993834971932897,-0.350621150097759,0.1973,,0.1507,0.2173,0.09
20250311,1764.3585,1776.8057,1785.5549,1762.5476,309078.0,888.0,245721.0,2.0,0.0,10835.0,0.0,1.0,-2.0,7657.0,-17520.0,1780.73278,1792.98183,1799.03062,-12.24905000000012,-18.29784000000018,1797.058722777778,1800.59329265873,253754.5,,0.241615,1.691543522257025,1.782804509447205,3.47434803170423,2.0,10835.0,-1.0,-9863.0,0.0028730611690252947,-0.3117021622210937,0.2101,,0.1644,0.2187,0.095
20250312,1761.4074,1765.8682,1768.8681,1749.0094,304275.0,-4803.0,217068.0,2.0,-1.0,8025.0,-3305.0,1.0,-2.0,5917.0,-16699.0,1779.22846,1788.13004,1798.35865,-8.901580000000195,-19.13019000000031,1793.483220952381,1800.289753111111,248751.5,,0.24702,1.689176518453117,1.782804509447205,3.471981027900322,1.0,4720.0,-1.0,-10782.0,-0.015785062854325856,-0.289060559618511,0.2148,,0.1781,0.2427,0.1
20250313,1755.4343,1764.7633,1772.6912,1754.4967,295116.0,-9159.0,184729.0,2.0,-2.0,8407.0,-1283.0,1.0,-2.0,1929.0,-15416.0,1771.01916,1781.97559,1797.54943,-10.95643000000018,-26.53027000000043,1789.554477460318,1799.304781634921,243668.1,,,1.649046038101891,1.743693380801385,3.392739418903276,0.0,7124.0,-1.0,-13487.0,-0.031035253934046273,-0.2985556650528774,0.1984,,0.1507,0.1453,0.1
20250314,1778.4584,1754.2953,1788.3203,1749.3372,288610.0,-6506.0,202058.0,2.0,-1.0,4742.0,-612.0,1.0,-2.0,4970.0,-17194.0,1769.1955,1778.39477,1795.17003,-9.199269999999842,-25.97452999999973,1787.030081190476,1797.792785944445,244497.1,,,1.662944490290212,1.782804509447205,3.445748999737416,1.0,4130.0,-1.0,-12224.0,-0.022542531443816915,-0.2697433148948341,0.196,,0.1507,0.1467,0.102
20250317,1785.7047,1775.2548,1794.3431,1771.4067,285775.0,-2835.0,159029.0,2.0,0.0,6046.0,-400.0,1.0,-2.0,4788.0,-16910.0,1769.07266,1775.92215,1793.708125,-6.849489999999605,-24.63546499999961,1785.938477698413,1795.981700944444,233362.1,,,1.632843902686275,1.782804509447205,3.41564841213348,2.0,5646.0,-1.0,-12122.0,-0.009920391916717697,-0.3274952636289341,0.1945,,0.1233,0.148,0.093
20250318,1785.6778,1788.8107,1801.213,1780.7294,283310.0,-2465.0,146011.0,2.0,0.0,8241.0,0.0,1.0,-2.0,4681.0,-16306.0,1773.33652,1777.03465,1793.435735,-3.698129999999992,-20.09921499999973,1785.171219285714,1794.117694619048,214325.2,,,1.578234674142384,1.782804509447205,3.361039183589589,2.0,8241.0,-1.0,-11625.0,-0.008700716529596555,-0.3333189547906799,0.191,,0.1233,0.1667,0.092
20250319,1802.0233,1788.9917,1803.4099,1782.4504,278640.0,-4670.0,172976.0,1.0,-1.0,4140.0,-2924.0,1.0,-2.0,4084.0,-15932.0,1781.4597,1780.34408,1793.24651,1.115620000000035,-11.7868099999996,1785.476225634921,1792.514898063492,201359.9,,,1.540774280800469,1.782804509447205,3.323578790247674,0.0,1216.0,-1.0,-11848.0,-0.01675997703129486,-0.1795155709997615,0.1945,,0.1644,0.232,0.113
20250320,1858.9156,1804.2847,1861.4008,1797.8643,308284.0,29644.0,440936.0,2.0,-1.0,2401.0,-3142.0,1.0,-2.0,5614.0,-11576.0,1802.15596,1786.58756,1796.263605,15.56840000000011,5.892354999999952,1789.857046349206,1791.392073261905,219159.6,529123.2,0.27025,1.709762548085159,1.818119279005115,3.527881827090275,1.0,-741.0,-1.0,-5962.0,0.09615808799678219,-0.2085769777463227,0.235,,0.1507,0.256,0.112
20250321,1849.349,1855.4,1879.7594,1841.7012,310160.0,1876.0,481655.0,3.0,0.0,2108.0,0.0,1.0,-2.0,4318.0,-12464.0,1816.33408,1792.76479,1798.42136,23.56929000000014,17.91272000000026,1795.37077063492,1790.884830825397,245391.8,577986.0,,1.747069365340844,1.818119279005115,3.565188644345959,3.0,2108.0,-1.0,-8146.0,0.006048491101367037,-0.2348066406726817,0.2143,,0.1644,0.2787,0.11
20250324,1854.8666,1850.1554,1868.066,1847.7968,310103.0,-57.0,274540.0,2.0,-1.0,1129.0,0.0,1.0,-2.0,2039.0,-12811.0,1830.16646,1799.61956,1799.89303,30.54690000000005,30.27342999999996,1800.906947063492,1790.984718904762,252472.3,,,1.633002660261279,1.728364521947408,3.361367182208687,1.0,1129.0,-1.0,-10772.0,-0.00018380989542184372,-0.0805164400838901,0.2239,,0.1918,0.2973,0.119
20250325,1867.4434,1859.579,1876.0037,1847.6165,314112.0,4009.0,306542.0,2.0,0.0,1259.0,0.0,1.0,-2.0,3115.0,-9612.0,1846.51958,1809.92805,1801.45494,36.59153000000015,45.06464000000005,1807.202346190476,1791.999081246032,258554.4,,,1.6227809704832,1.728364521947408,3.351145492430609,2.0,1259.0,-1.0,-6497.0,0.012762963528932355,-0.1335513481511927,0.2244,,0.1918,0.3307,0.119
20250326,1887.6421,1868.9386,1896.1518,1861.7459,330030.0,15918.0,339665.0,1.0,-1.0,732.0,-3023.0,1.0,-2.0,3524.0,-8748.0,1863.64334,1822.55152,1805.34078,41.09181999999987,58.30256000000008,1814.87592468254,1794.138351619048,270814.1,407598.0,,1.612046402819375,1.787255822646325,3.3993022254657,0.0,-2291.0,-1.0,-5224.0,0.04823197891100809,-0.0017566382123457,0.2185,,0.2329,0.3547,0.122
20250327,1885.8205,1892.8168,1908.2836,1874.7835,322627.0,-7403.0,382753.0,1.0,0.0,1076.0,0.0,0.0,-1.0,0.0,-5861.0,1869.02432,1835.59014,1808.782865,33.4341800000002,60.24145500000009,1822.94233547619,1797.477137420635,290616.5,459303.6,,1.621705859760296,1.768747213920956,3.390453073681252,1.0,1076.0,-1.0,-5861.0,-0.022946002659417843,0.0070162339766472,0.2162,,0.5616,0.6173,0.123
20250328,1888.3829,1887.0161,1898.2997,1879.9379,320781.0,-1846.0,262465.0,2.0,0.0,3748.0,0.0,2.0,-1.0,690.0,-2042.0,1876.8311,1846.58259,1812.48868,30.24851000000012,64.34242000000017,1830.679811825397,1801.842110484127,296657.2,,,1.573744858790047,1.768747213920956,3.342492072711003,2.0,3748.0,1.0,-1352.0,-0.005754704923296579,0.0891415760166779,0.2094,,0.2192,0.3493,0.126
20250331,1861.559,1880.0053,1880.0053,1848.622,313879.0,-6902.0,285884.0,2.0,0.0,0.0,-398.0,2.0,-1.0,4311.0,-2195.0,1878.16958,1854.16802,1815.045085,24.00156000000038,63.12449500000002,1835.915568015873,1806.839819515873,309342.7,,,1.630178882501972,1.768747213920956,3.398926096422929,2.0,-398.0,1.0,2116.0,-0.02198936532867761,0.1525136893618182,0.2043,,0.2055,0.328,0.129
20250401,1912.8542,1865.196,1915.697,1851.1153,340538.0,26659.0,428847.0,2.0,0.0,1042.0,-911.0,1.0,-1.0,5884.0,-3820.0,1887.25174,1866.88566,1821.960155,20.36608000000024,65.29158500000017,1843.592563253968,1812.681953912698,337626.3,514616.4,,1.79411901664909,1.794929005046226,3.589048021695317,2.0,131.0,0.0,2064.0,0.0782849491099378,0.2525051983888323,0.2136,,0.1918,0.2947,0.136
20250402,1882.8669,1902.1148,1904.8734,1874.7207,318471.0,-22067.0,344107.0,2.0,0.0,4179.0,0.0,2.0,-1.0,0.0,-4603.0,1886.2967,1874.97002,1827.65705,11.32668000000012,58.6396500000003,1849.948665555556,1819.129197904762,354739.4,,,1.862272071875319,1.85355537449307,3.715827446368389,2.0,4179.0,1.0,-4603.0,-0.06929045344788065,0.2625095164785556,0.2059,,0.1644,0.2747,0.137
20250403,1883.0009,1872.2435,1893.2149,1863.4339,313887.0,-4584.0,256180.0,2.0,0.0,519.0,0.0,2.0,-1.0,0.0,-5900.0,1885.73278,1877.37855,1831.983055,8.354229999999916,53.7497249999999,1855.170631904762,1825.660556460317,336263.8,,0.254035,1.819401503729111,1.85355537449307,3.672956878222181,2.0,519.0,1.0,-5900.0,-0.014603981687677412,0.2149450790063825,0.2209,,0.1918,0.2507,0.132
20250407,1850.189,1838.9344,1865.4473,1817.5763,287434.0,-26453.0,361700.0,1.0,0.0,1680.0,-381.0,1.0,-1.0,2086.0,-5398.0,1878.094,1877.46255,1835.11367,0.6314499999996315,42.98032999999964,1856.586322222222,1831.782111619048,324268.3,,0.257025,1.977874978147792,1.9029142008269,3.880789178974692,1.0,1299.0,0.0,-3312.0,-0.09203156202815255,0.1451543602092407,0.2235,,0.1507,0.2227,0.129
20250408,1792.8134,1850.7517,1855.0392,1786.9837,252714.0,-34720.0,471883.0,3.0,0.0,7055.0,0.0,1.0,-2.0,5433.0,-8434.0,1864.34488,1871.25723,1835.438395,-6.91235000000006,28.90648499999998,1854.653121349206,1837.156729047619,344002.6,566259.6,0.265535,2.159757268413442,1.9029142008269,4.062671469240342,3.0,7055.0,-1.0,-3001.0,-0.13738851033183758,0.1169250567762547,0.2309,,0.1233,0.2227,0.128
20250409,1814.1743,1775.236,1825.1195,1770.2251,252601.0,-113.0,464659.0,0.0,-3.0,0.0,-6604.0,2.0,-1.0,3417.0,-1339.0,1844.6089,1865.93032,1837.929185,-21.32142000000022,6.67971499999976,1851.526222142857,1841.589116642857,359814.3,557590.7999999999,0.351095,2.288820609194266,1.9029142008269,4.191734810021167,-3.0,-6604.0,1.0,2078.0,-0.0004473458141495877,0.2194045163068401,0.3053,,0.1233,0.2573,0.135
20250410,1847.5091,1833.9264,1851.0863,1821.0376,243893.0,-8708.0,309601.0,0.0,-3.0,0.0,-8099.0,2.0,-1.0,2276.0,-920.0,1837.53734,1861.91702,1842.23427,-24.37968000000001,-4.696930000000066,1852.008033650794,1845.302327539682,356807.9,,0.3682299999999999,2.187727928668886,1.936870256384952,4.124598185053838,-3.0,-8099.0,1.0,1356.0,-0.0357041817518338,0.2402812601684203,0.3202,,0.1644,0.34,0.138
20250411,1848.8588,1834.9045,1858.33,1830.0061,246123.0,2230.0,280013.0,0.0,-3.0,0.0,-9117.0,3.0,0.0,4137.0,0.0,1830.70892,1858.22085,1846.905495,-27.51193000000035,-16.19657499999994,1852.414998015873,1848.249593793651,346533.9,,,2.150441392873008,1.936870256384952,4.08731164925796,-3.0,-9117.0,3.0,4137.0,0.0090605103952089,0.3149650560039789,0.1909,,0.2192,0.372,0.145
20250414,1801.9954,1843.5102,1845.8623,1798.0719,250422.0,4299.0,328414.0,1.0,-1.0,1259.0,-1449.0,3.0,0.0,5418.0,0.0,1821.0702,1849.5821,1848.082345,-28.51190000000042,-27.01214500000037,1849.677343333333,1850.149346944444,353128.8,,,2.272072633975697,1.936870256384952,4.208942890360649,0.0,-190.0,3.0,5418.0,0.017167022066751324,0.2183935598404944,0.2044,,0.274,0.4267,0.135
20250415,1781.6367,1806.2904,1810.2351,1780.4666,249165.0,-1257.0,240375.0,2.0,-1.0,3265.0,-445.0,3.0,0.0,9004.0,0.0,1818.83486,1841.58987,1847.878945,-22.75501000000008,-29.04408500000022,1844.357283174603,1850.993518460318,348577.9,,,2.284913728908494,1.936870256384952,4.221783985293445,1.0,2820.0,3.0,9004.0,-0.00504484979832641,0.2613082466604075,0.2005,,0.3425,0.4787,0.143
20250416,1774.4156,1780.6299,1792.2504,1772.783,246849.0,-2316.0,240003.0,2.0,0.0,1988.0,0.0,2.0,-1.0,6810.0,-454.0,1810.88312,1827.74601,1847.315835,-16.86288999999965,-36.43271500000014,1837.792607142857,1850.413522849206,329693.5,,,2.237088531530614,1.9029142008269,4.140002732357514,2.0,1988.0,1.0,6356.0,-0.009382253928515003,0.2024258046761716,0.1997,,0.4384,0.5213,0.134
20250417,1756.9632,1775.131,1776.2623,1753.1646,247976.0,1127.0,235306.0,2.0,0.0,2433.0,-164.0,2.0,-1.0,10737.0,-1702.0,1792.77394,1815.15564,1845.06283,-22.38170000000036,-52.28889000000026,1829.646068174603,1848.383263111111,318813.4,,,2.207825645135753,1.9029142008269,4.110739845962653,2.0,2269.0,1.0,9035.0,0.004544794657547505,0.1940762108134225,0.1986,,0.5342,0.5027,0.134
20250418,1772.6986,1761.7649,1787.2223,1756.91,251494.0,3518.0,284843.0,1.0,-1.0,1881.0,-2425.0,2.0,-1.0,4952.0,-959.0,1777.5419,1804.12541,1840.75198,-26.58351000000016,-63.21008000000052,1822.735550952381,1845.139755015873,321679.7,,,2.264525165262658,1.9029142008269,4.167439366089558,0.0,-544.0,1.0,3993.0,0.013988405289987037,0.182522469515871,0.2008,,0.5342,0.548,0.133
20250421,1760.5246,1771.808,1780.1318,1759.187,254291.0,2797.0,200997.0,2.0,-1.0,4791.0,-2105.0,2.0,-1.0,8231.0,-766.0,1769.24774,1795.15897,1836.31076,-25.91122999999993,-67.06301999999982,1815.582646825397,1841.03938747619,305609.4,,,2.199659286915032,1.9029142008269,4.102573487741933,1.0,2686.0,1.0,7465.0,0.010999209566992147,0.1776652879032237,0.1975,,0.5479,0.6093,0.133
20250422,1778.1155,1757.1764,1790.3671,1744.3105,260380.0,6089.0,372265.0,0.0,-1.0,712.0,-3203.0,3.0,0.0,7097.0,0.0,1768.5435,1793.68918,1832.473205,-25.14567999999986,-63.92970499999956,1809.282205714286,1836.502295912699,295647.6,446718.0,,2.138263193665276,1.9029142008269,4.041177394492176,-1.0,-2491.0,3.0,7097.0,0.02338505261540825,0.0794561749760129,0.198,,0.6164,0.656,0.126
20250423,1759.4574,1783.9131,1784.7184,1754.08,273378.0,12998.0,342524.0,1.0,-1.0,5909.0,-3749.0,1.0,-2.0,5486.0,-5991.0,1765.55186,1788.21749,1827.073905,-22.66562999999974,-61.52204499999993,1802.983320714286,1831.648005769841,283434.1,411028.8,,2.119009319213979,1.85355537449307,3.972564693707048,0.0,2160.0,-1.0,-505.0,0.047545888842555,0.0804633719189629,0.1985,,0.4384,0.3947,0.127
20250424,1756.6696,1760.2213,1774.2064,1754.9059,276820.0,3442.0,205646.0,2.0,-1.0,9101.0,-4369.0,1.0,-2.0,5401.0,-7334.0,1765.49314,1779.13354,1820.52528,-13.64040000000023,-55.03214000000003,1796.573000714286,1826.10450247619,273038.6,,0.233795,2.087914637241381,1.85355537449307,3.941470011734451,1.0,4732.0,-1.0,-1933.0,0.012434072682609638,0.1204753320207136,0.2033,,0.411,0.3947,0.13
20250425,1755.4655,1758.4656,1768.1982,1753.6731,264639.0,-12181.0,199357.0,2.0,-1.0,3011.0,-4357.0,1.0,-2.0,3214.0,-7303.0,1762.04652,1769.79421,1814.00753,-7.747690000000148,-51.96101000000021,1790.531026428572,1819.91610531746,264973.0,,,1.892237777721434,1.794929005046226,3.687166782767661,1.0,-1346.0,-1.0,-4089.0,-0.04602874103968047,0.1265292096675894,0.1998,,0.4247,0.3947,0.13
20250428,1778.1654,1747.691,1780.9258,1747.691,254786.0,-9853.0,225801.0,1.0,-2.0,1242.0,-7404.0,2.0,-1.0,6125.0,-4799.0,1765.57468,1767.41121,1808.496655,-1.836530000000039,-42.92197499999997,1786.199883888889,1813.568359373016,254711.7,,0.23483,1.753989851628648,1.841235141686821,3.59522499331547,-1.0,-6162.0,1.0,1326.0,-0.03867166955798199,0.1666980838000518,0.2042,,0.4247,0.388,0.134
20250429,1735.9453,1768.0211,1769.0419,1727.9177,256007.0,1221.0,340149.0,1.0,-2.0,2718.0,-4191.0,1.0,-2.0,3261.0,-11219.0,1757.14064,1762.84207,1802.21597,-5.701429999999846,-45.07532999999989,1779.89361952381,1807.121993007936,264689.1,408178.8,0.23621,1.740843408831618,1.841235141686821,3.582078550518439,-1.0,-1473.0,-1.0,-7958.0,0.0047694008366958715,0.2255126577063638,0.2054,,0.4247,0.376,0.144
20250430,1847.9003,1804.91,1871.687,1793.2126,259555.0,3548.0,1083489.0,0.0,-2.0,336.0,-8507.0,3.0,0.0,16520.0,0.0,1774.82922,1770.19054,1798.968275,4.638680000000022,-24.13905500000033,1783.163742222222,1801.659106515873,349037.7,1300186.8,0.3050949999999999,2.137582081945868,1.884433851617527,4.022015933563395,-2.0,-8171.0,3.0,16520.0,0.013669549806399414,0.4330611414660652,0.2653,,0.4521,0.4147,0.169
20250506,1871.4837,1853.78,1876.5884,1841.5097,282273.0,22718.0,434240.0,0.0,-4.0,0.0,-13191.0,2.0,0.0,6829.0,0.0,1797.79204,1781.64259,1798.399115,16.14944999999989,-0.60707500000035,1789.297408650794,1797.624240563492,368931.1,,,2.162735763387693,1.871181640471718,4.033917403859411,-4.0,-13191.0,2.0,6829.0,0.0804823699043125,0.6013843534173069,0.2493,,0.4521,0.4653,0.214
20250507,1874.7729,1888.1709,1893.9705,1860.6302,312245.0,29972.0,412161.0,0.0,-4.0,0.0,-13816.0,2.0,-1.0,9142.0,-1430.0,1821.65352,1791.85002,1797.987715,29.80349999999999,23.66580499999986,1796.93901515873,1795.044586984127,381662.9,,,2.086666246497495,1.871181640471718,3.957847886969213,-4.0,-13816.0,1.0,7712.0,0.09598872680106968,0.6324453118253206,0.2361,,0.4795,0.5107,0.233
20250508,1871.8953,1864.104,1879.8124,1851.6931,324154.0,11909.0,467005.0,0.0,-4.0,0.0,-13788.0,2.0,0.0,12047.0,0.0,1840.3995,1802.98709,1799.07303,37.41241000000014,41.32646999999997,1803.578948253968,1793.844217126984,408263.7,,,2.072589060039591,1.871181640471718,3.943770700511309,-4.0,-13788.0,2.0,12047.0,0.03673871061285685,0.6388739711272625,0.218,,0.6712,0.8067,0.238
20250509,1882.6197,1886.2195,1912.4483,1874.5647,332572.0,8418.0,592013.0,0.0,-5.0,0.0,-18554.0,3.0,0.0,10437.0,0.0,1869.73438,1813.43751,1803.563345,56.29687000000058,66.1710350000003,1811.741115079365,1794.090108063492,430238.5,710415.6,,2.147354822664275,1.871181640471718,4.018536463135993,-5.0,-18554.0,3.0,10437.0,0.025311812179016874,0.6943213491996528,0.2203,,0.7123,0.7227,0.262
20250512,1885.9446,1880.3595,1889.6778,1870.2632,326899.0,-5673.0,291626.0,0.0,-5.0,0.0,-18245.0,3.0,0.0,8438.0,0.0,1877.34324,1826.08623,1807.15186,51.25701000000004,70.19138000000021,1819.062480873016,1795.698024079365,425148.7,,,2.121881605667002,1.871181640471718,3.993063246138719,-5.0,-18245.0,3.0,8438.0,-0.017353983952229892,0.6252768174636181,0.2192,,0.726,0.8067,0.23
20250513,1885.8132,1883.8937,1901.0645,1880.5072,336104.0,9205.0,318067.0,0.0,-5.0,0.0,-22800.0,3.0,0.0,13390.0,0.0,1880.20914,1839.00059,1809.067065,41.2085499999996,71.14207499999975,1826.795119126984,1798.720235920635,436390.8,,,2.074110859625276,1.841235141686821,3.915346001312097,-5.0,-22800.0,3.0,13390.0,0.02738735629448028,0.6479187878106777,0.2218,,0.7397,0.824,0.242
20250514,1877.0862,1861.4921,1883.4663,1852.1052,307399.0,-28705.0,421161.0,1.0,-3.0,0.0,-10521.0,2.0,0.0,6299.0,-536.0,1880.6718,1851.16266,1810.478435,29.50914000000012,70.19336499999986,1832.795541269841,1802.946687404762,458571.2,,,2.114584423929101,1.841235141686821,3.955819565615922,-2.0,-10521.0,2.0,5763.0,-0.09338026473736089,0.4328483537243478,0.2187,,0.4521,0.5213,0.166
20250515,1877.7434,1867.1141,1902.1477,1864.1097,303551.0,-3848.0,452951.0,1.0,-3.0,0.0,-7640.0,1.0,-1.0,8184.0,-3073.0,1881.84142,1861.12046,1814.265835,20.72096000000033,67.57558499999982,1839.101202301587,1808.236819246031,481286.2,,,2.075126371428975,1.841235141686821,3.916361513115796,-2.0,-7640.0,0.0,5111.0,-0.01267661776768978,0.3321250368805911,0.2177,,0.3836,0.4747,0.156
20250516,1862.63,1872.3228,1872.3228,1855.8883,298908.0,-4643.0,203062.0,0.0,-2.0,297.0,-6787.0,1.0,-1.0,4999.0,-4481.0,1877.84348,1873.78893,1818.3155,4.054550000000063,59.52798000000007,1843.827176507937,1814.630174944444,467577.5,,,2.032725329095173,1.806533945299134,3.839259274394307,-2.0,-6490.0,0.0,518.0,-0.015533207542119983,0.2998268048702714,0.2103,,0.3562,0.424,0.154
20250519,1834.7519,1842.1174,1847.3551,1823.2569,277635.0,-21273.0,243983.0,1.0,-2.0,1423.0,-5676.0,1.0,-1.0,4203.0,-5367.0,1867.60494,1872.47409,1821.332315,-4.869149999999763,46.27262499999983,1845.556094444445,1820.869410166667,383626.9,,,2.10425712152704,1.806533945299134,3.910791066826175,-1.0,-4253.0,0.0,-1164.0,-0.07662218380247447,0.2834909223701682,0.2047,,0.3425,0.3773,0.153
20250520,1836.4763,1836.6644,1847.3792,1830.5277,271267.0,-6368.0,145328.0,0.0,-2.0,1507.0,-5960.0,1.0,-1.0,4001.0,-5459.0,1857.73756,1868.97335,1825.30797,-11.23579000000018,32.42958999999973,1846.991161904762,1826.638785492064,354735.7,,,2.106655451191067,1.806533945299134,3.913189396490201,-2.0,-4453.0,0.0,-1458.0,-0.02347502644995521,0.2420314048932946,0.2011,,0.411,0.3853,0.147
20250521,1841.7134,1840.1406,1857.7276,1834.2929,277326.0,6059.0,191509.0,1.0,-2.0,1837.0,-5915.0,1.0,-1.0,4727.0,-5221.0,1850.663,1865.6674,1828.75871,-15.00440000000026,21.90428999999995,1848.774892301587,1831.82237320635,332670.5,,,2.063791968162637,1.806533945299134,3.870325913461771,-1.0,-4078.0,0.0,-494.0,0.021847933479010262,0.2258638660901556,0.2018,,0.411,0.3853,0.145
20250522,1835.4934,1840.1959,1844.1438,1828.5892,276097.0,-1229.0,134413.0,1.0,-2.0,1929.0,-6289.0,1.0,-1.0,6898.0,-4017.0,1842.213,1862.02721,1832.50715,-19.81421,9.705850000000055,1849.498477857143,1836.414326166667,299411.3,,,1.922922885689955,1.806533945299134,3.729456830989089,-1.0,-4360.0,0.0,2881.0,-0.004451334132569351,0.2726579445935795,0.2008,,0.3699,0.3747,0.155
20250523,1814.4713,1838.8745,1840.5189,1812.3881,267319.0,-8778.0,187004.0,1.0,-2.0,4636.0,-6088.0,1.0,-2.0,6027.0,-6543.0,1832.58126,1855.21237,1834.32494,-22.63110999999981,-1.743679999999813,1848.644624126984,1840.104677071429,258910.4,,0.238855,1.512342468900185,1.785323622685186,3.297666091585371,-1.0,-1452.0,-1.0,-516.0,-0.032837172067829073,0.1934208431655823,0.2077,,0.7123,0.7307,0.137
20250526,1802.8363,1817.4285,1817.4285,1794.808,271910.0,4591.0,187114.0,0.0,-2.0,2268.0,-6113.0,1.0,-2.0,10051.0,-5113.0,1826.19814,1846.90154,1836.493885,-20.7034000000001,-10.29574500000035,1845.972185396826,1842.79564752381,248459.2,,,1.468392702641973,1.785323622685186,3.25371632532716,-2.0,-3845.0,-1.0,4938.0,0.016884263175315363,0.1939485138786707,0.1974,,0.6575,0.7307,0.139
20250527,1801.3436,1800.2535,1820.2522,1799.189,272298.0,388.0,193545.0,1.0,-2.0,4904.0,-3439.0,1.0,0.0,11830.0,0.0,1819.1716,1838.45458,1838.727585,-19.28297999999995,-19.55598499999996,1842.845925238095,1844.400728134921,236007.0,,,1.425171877819407,1.777198129340229,3.202370007159636,-1.0,1465.0,1.0,11830.0,0.0014249094741790244,0.2203787048782885,0.205,,0.6301,0.7307,0.145
20250528,1777.2783,1801.5122,1802.8616,1769.135,276751.0,4453.0,217671.0,0.0,-1.0,2221.0,-4025.0,2.0,-1.0,11357.0,-209.0,1806.28458,1828.47379,1839.818225,-22.18921,-33.53364500000021,1837.593025079365,1844.880476515873,215658.0,,0.24955,1.452115248433759,1.785323622685186,3.237438871118945,-1.0,-1804.0,1.0,11148.0,0.016090276096563338,0.2178010023220679,0.217,,0.6164,0.7013,0.143
20250529,1770.5115,1780.9792,1795.3351,1760.284,273477.0,-3274.0,199346.0,1.0,-1.0,5088.0,-4404.0,1.0,-1.0,12413.0,-4293.0,1793.2882,1817.7506,1839.43553,-24.46239999999989,-46.14732999999978,1831.52735452381,1844.123091738096,190297.5,,0.27508,1.437043875665344,1.806533945299134,3.243577820964478,0.0,684.0,0.0,8120.0,-0.011971756308574395,0.2649733748898231,0.2392,0.3735498839907193,0.6027,0.7013,0.158
20250530,1761.0078,1774.4157,1779.4907,1751.7615,279675.0,6198.0,214518.0,1.0,-1.0,5243.0,-4555.0,2.0,-1.0,14451.0,-4375.0,1782.5955,1807.58838,1840.688655,-24.99287999999979,-58.0931549999998,1823.789542619048,1842.119328349207,191443.1,,,1.476568230556906,1.806533945299134,3.28310217585604,0.0,688.0,1.0,10076.0,0.02216143738267632,0.1890464630503283,0.2304,0.3054911059551431,0.5616,0.6547,0.137
20250603,1750.2577,1786.1226,1787.285,1744.4951,284656.0,4981.0,198216.0,1.0,-1.0,6183.0,-4159.0,2.0,-1.0,13001.0,-5777.0,1772.07978,1799.13896,1835.806525,-27.05917999999974,-63.72674499999994,1816.472660714286,1839.21098497619,186866.4,,,1.571814848174145,1.806533945299134,3.378348793473279,0.0,2024.0,1.0,7224.0,0.017498313754145355,0.1425522117713037,0.2278,0.28538283062645026,0.5479,0.6587,0.13
20250604,1762.4343,1768.1678,1775.9039,1750.1604,272137.0,-12519.0,181441.0,1.0,-1.0,3076.0,-4738.0,2.0,-1.0,11441.0,-7623.0,1764.29792,1791.73476,1830.354055,-27.43683999999985,-66.05613500000004,1809.494033650793,1835.461272150794,190477.7,,,1.547485436150664,1.806533945299134,3.354019381449798,0.0,-1662.0,1.0,3818.0,-0.046002564884598564,0.1410841823506723,0.218,0.20959010054137675,0.2603,0.3587,0.13
20250605,1713.6554,1756.48,1756.48,1710.9348,302792.0,30655.0,297241.0,1.0,-1.0,4769.0,-5817.0,1.0,-1.0,5200.0,-7913.0,1751.57334,1778.92896,1822.29818,-27.35561999999982,-70.72484000000009,1799.591448333334,1830.542927753968,201050.9,356689.2,0.2774949999999999,1.611069088670356,1.806533945299134,3.41760303396949,0.0,-1048.0,0.0,-2713.0,0.10124111601363311,0.1806442910281747,0.2413,0.38979118329466356,0.274,0.3587,0.138
20250606,1711.4757,1726.7777,1730.4663,1705.648,304680.0,1888.0,219298.0,1.0,-1.0,4875.0,-7154.0,2.0,-1.0,7968.0,-4147.0,1739.76618,1766.52719,1814.2772,-26.76101000000017,-74.51102000000014,1789.093025079365,1824.502382476191,209539.4,,,1.632650856718882,1.806533945299134,3.439184802018016,0.0,-2279.0,1.0,3821.0,0.006196665353813837,0.1533392985488184,0.2246,0.2606341840680588,0.274,0.3613,0.135
20250609,1690.2955,1702.376,1705.2728,1679.5037,331337.0,26657.0,305278.0,1.0,-1.0,6756.0,-4212.0,2.0,-1.0,13910.0,-9193.0,1725.62372,1754.10961,1804.66099,-28.48588999999993,-79.03726999999981,1777.345966031747,1817.372516666667,221366.8,366333.6,,1.612374285264448,1.841235141686821,3.453609426951269,0.0,2544.0,1.0,4717.0,0.08045283201091336,0.180984086087908,0.2318,0.31631863882443945,0.274,0.364,0.14
20250610,1672.8076,1693.4568,1706.5843,1671.2806,337124.0,5787.0,285482.0,3.0,-1.0,14510.0,-7706.0,2.0,-1.0,9497.0,-7340.0,1710.1337,1741.10674,1794.00414,-30.97304000000008,-83.87044000000037,1765.294685634921,1809.304766690476,231203.6,342578.4,,1.697744272510919,1.871181640471718,3.568925912982637,2.0,6804.0,1.0,2157.0,0.017165790628967382,-0.0168973779637903,0.2321,0.3186388244392886,0.2877,0.364,0.119
20250611,1663.7173,1671.9035,1677.4924,1663.412,357831.0,20707.0,209836.0,3.0,-1.0,20916.0,-6988.0,1.0,-2.0,7668.0,-9456.0,1690.3903,1727.34411,1782.899345,-36.95380999999975,-92.50904499999956,1752.973387222222,1800.317512888889,232832.7,,,1.671926886795059,1.871181640471718,3.543108527266777,2.0,13928.0,-1.0,-1788.0,0.057868099745410545,-0.1014018209500884,0.2345,0.337200309358082,0.2466,0.3653,0.117
20250612,1644.4036,1666.2376,1666.2376,1642.9302,380457.0,22626.0,259380.0,3.0,-1.0,17766.0,-8494.0,1.0,-2.0,7717.0,-9648.0,1676.53994,1714.05664,1771.265215,-37.51670000000013,-94.72527500000001,1739.985308968254,1790.556741277778,237003.6,,,1.716911513132011,1.871181640471718,3.588093153603729,2.0,9272.0,-1.0,-1931.0,0.059470584060748,-0.1086039826675106,0.2288,0.29311678267594754,0.5753,0.6267,0.117
20250613,1658.8261,1652.8855,1674.8209,1652.03,355525.0,-24932.0,286248.0,3.0,-1.0,14126.0,-4272.0,1.0,-1.0,8885.0,-6710.0,1666.01002,1702.8881,1760.31935,-36.87807999999995,-94.30933000000005,1728.998020873016,1780.303807912699,245693.8,,,1.737418609511532,1.847818498654659,3.585237108166191,2.0,9854.0,0.0,2175.0,-0.07012727656282962,-0.1404122542660357,0.2328,0.32405259087393673,0.5068,0.5987,0.116
20250616,1715.9391,1685.568,1719.6855,1675.7333,346467.0,-9058.0,445834.0,0.0,-1.0,132.0,-8994.0,2.0,-1.0,16626.0,-6403.0,1671.13874,1698.38123,1752.984805,-27.24248999999986,-81.84606500000018,1723.359128571429,1770.260766507937,268825.4,535000.7999999999,0.28589,1.902392232972473,1.871181640471718,3.773573873444191,-1.0,-8862.0,1.0,10223.0,-0.026143904037036717,0.0379686807174461,0.2486,0.44624903325599385,0.4795,0.5387,0.126
20250617,1765.9496,1722.5376,1770.6672,1722.5376,350549.0,4082.0,655204.0,1.0,-2.0,2363.0,-13234.0,2.0,-1.0,18522.0,-2439.0,1689.76714,1699.95042,1749.54469,-10.18327999999997,-59.77755000000002,1722.786622698413,1760.892162706349,314524.2,786244.7999999999,0.312915,2.045119949928838,1.881228915876412,3.92634886580525,-1.0,-10871.0,1.0,16083.0,0.01164459176891105,0.3376843722805517,0.2721,0.6279969064191804,0.5616,0.5893,0.178
20250618,1779.2713,1783.7129,1789.3612,1764.1308,326991.0,-23558.0,393310.0,1.0,-2.0,2966.0,-12705.0,2.0,-1.0,16338.0,-6208.0,1712.87794,1701.63412,1746.68444,11.24381999999991,-33.80649999999991,1725.296746825397,1752.47243402381,335711.1,,,2.009638806091422,1.881228915876412,3.890867721967834,-1.0,-9739.0,1.0,10130.0,-0.07204479633996043,0.3366976126517479,0.2577,0.5166279969064191,0.6164,0.6,0.178
20250619,1769.5286,1763.9255,1780.4806,1762.9451,315001.0,-11990.0,286991.0,1.0,-2.0,2255.0,-10082.0,2.0,-1.0,20654.0,-4119.0,1737.90294,1707.22144,1743.0752,30.68149999999991,-5.172260000000051,1727.223398492064,1745.235629039683,334686.1,,,1.936919935591866,1.871181640471718,3.808101576063584,-1.0,-7827.0,1.0,16535.0,-0.03806337122739293,0.3373402603892693,0.2431,0.4037122969837589,0.6027,0.4453,0.179
20250620,1721.52,1764.3245,1766.5811,1716.989,292388.0,-22613.0,436309.0,1.0,-2.0,3809.0,-5622.0,2.0,-1.0,12855.0,-7428.0,1750.44172,1708.22587,1737.37653,42.21585000000027,13.06519000000003,1726.250720396825,1738.951398571429,356387.2,523570.8,,2.043394373452967,1.871181640471718,3.914576013924685,-1.0,-1813.0,1.0,5427.0,-0.07733901528106489,0.2131419489604573,0.256,0.5034802784222739,0.6027,0.5133,0.153
20250623,1706.0195,1726.6023,1732.8464,1698.8524,300587.0,8199.0,295589.0,2.0,-1.0,6054.0,-5743.0,2.0,-1.0,10706.0,-6420.0,1748.4578,1709.79827,1731.95394,38.65953000000013,16.50386000000003,1723.572915952381,1733.574093563492,355418.3,,,2.010478163112476,1.881228915876412,3.891707078988889,1.0,311.0,1.0,4286.0,0.027276628729785386,0.1247792648691902,0.2502,0.45862335653518943,0.589,0.444,0.134
20250624,1691.8803,1676.5831,1719.5818,1669.0919,318298.0,17711.0,484880.0,1.0,-2.0,3239.0,-5462.0,2.0,-1.0,16100.0,-8641.0,1733.64394,1711.70554,1726.40614,21.93839999999977,7.237800000000107,1719.192109047619,1728.963835904762,375358.1,581856.0,,2.119930393982762,1.893963914870849,4.013894308853611,-1.0,-2223.0,1.0,7459.0,0.05564282527694173,0.2089259965762374,0.2444,0.41376643464810536,0.6027,0.5333,0.154
20250625,1731.4864,1686.8632,1734.4018,1679.4285,325547.0,7249.0,583540.0,1.0,-2.0,795.0,-10361.0,2.0,-1.0,14675.0,-6449.0,1724.08696,1718.48245,1722.91328,5.604509999999891,1.173679999999877,1717.961209047619,1725.462618087302,412728.5,700248.0,,2.132870993427172,1.930479057205618,4.06335005063279,-1.0,-9566.0,1.0,8226.0,0.022267138078372706,0.3387961749313123,0.2454,0.42150038669760265,0.5616,0.5107,0.184
20250626,1715.0007,1729.0086,1731.4796,1693.0763,304724.0,-20823.0,572348.0,1.0,-1.0,1308.0,-5098.0,2.0,-1.0,14502.0,-8568.0,1713.18138,1725.54216,1719.7994,-12.3607800000002,-6.618019999999888,1717.072965,1723.171383690476,444025.3,686817.6,,2.18936289172102,1.984866229388897,4.174229121109917,0.0,-3790.0,1.0,5934.0,-0.06833396778724354,0.2976325183681509,0.2288,0.29311678267594754,0.5753,0.56,0.177
20250627,1709.7412,1723.9257,1730.0111,1705.9855,293731.0,-10993.0,250093.0,1.0,-1.0,2556.0,-4980.0,1.0,-2.0,8062.0,-12495.0,1710.82562,1730.63367,1716.760885,-19.80804999999987,-5.935265000000072,1716.408343650794,1721.912415968254,440409.8,,,2.154400455326086,1.984866229388897,4.139266684714983,0.0,-2424.0,-1.0,-4433.0,-0.037425399430090794,0.2470287826645391,0.2231,0.2490332559938129,0.4795,0.4013,0.168
20250630,1705.3221,1712.7377,1717.9001,1697.6295,296484.0,2753.0,237678.0,2.0,-1.0,6651.0,-4598.0,1.0,-1.0,7970.0,-11210.0,1710.68614,1729.57197,1713.9766,-18.8858300000004,-3.290460000000166,1715.282678095239,1721.104770920635,419594.2,,,2.088785328795056,1.930479057205618,4.019264386000674,1.0,2053.0,0.0,-3240.0,0.009285492640412299,0.1360325682715985,0.2283,0.28924980665119887,0.4658,0.4333,0.136
20250701,1712.6278,1700.5776,1719.2968,1688.9034,314890.0,18406.0,297975.0,1.0,-2.0,2494.0,-8169.0,2.0,-1.0,14602.0,-10242.0,1714.83564,1724.23979,1712.095105,-9.404150000000072,2.740535000000136,1714.474124444445,1720.273521095238,383871.3,,,2.152426382913329,1.893963914870849,4.046390297784177,-1.0,-5675.0,1.0,4360.0,0.05845215789640827,0.2096897737082087,0.2249,0.262954369682908,0.5616,0.5107,0.156
20250702,1729.6988,1708.9153,1737.8461,1707.0507,305820.0,-9070.0,296775.0,1.0,-2.0,2270.0,-7464.0,1.0,-2.0,6660.0,-11103.0,1714.47812,1719.28254,1710.45833,-4.804419999999936,4.019790000000057,1715.657133095238,1719.309559722222,374217.8,,,2.175866551272963,1.881228915876412,4.057095467149376,-1.0,-5194.0,-1.0,-4443.0,-0.02965796873978157,0.1975542898261574,0.2257,0.269141531322506,0.5753,0.5533,0.153
20250703,1728.3679,1729.9532,1735.6202,1716.1041,310359.0,4539.0,181985.0,2.0,-2.0,2665.0,-7105.0,1.0,-2.0,6558.0,-13239.0,1717.15156,1715.16647,1711.193955,1.985089999999673,5.95760499999983,1717.107931587301,1718.298013031746,363717.2,,0.27209,2.124530204428039,1.881228915876412,4.005759120304451,0.0,-4440.0,-1.0,-6681.0,0.014624998791721844,0.1817914858295746,0.2366,0.35344160866202645,0.6164,0.5973,0.147
20250704,1727.1918,1730.0336,1762.3228,1726.7504,308628.0,-1731.0,415653.0,2.0,-1.0,3097.0,-3905.0,1.0,-1.0,6629.0,-7831.0,1720.64168,1715.73365,1711.97976,4.908029999999826,8.661919999999782,1719.270611111111,1717.600002103175,361651.6,,,2.019022712033919,1.881228915876412,3.900251627910331,1.0,-808.0,0.0,-1202.0,-0.005608693961662584,0.2816945531556106,0.2188,0.21577726218097454,0.8767,0.9027,0.179
20250707,1738.606,1731.2221,1745.3791,1728.9307,319878.0,11250.0,166608.0,1.0,-2.0,2186.0,-5484.0,1.0,-1.0,6347.0,-7853.0,1727.29846,1718.9923,1714.395285,8.30616000000009,12.90317499999992,1721.566042301588,1717.399314738095,348753.5,,,1.870101352536836,1.871181640471718,3.741282993008554,-1.0,-3298.0,0.0,-1506.0,0.035169658432277304,0.1141938039923211,0.231,0.31013147718484163,0.863,0.9093,0.131
20250708,1752.387,1735.6117,1758.5728,1735.6117,327029.0,7151.0,226540.0,1.0,-1.0,642.0,-3189.0,2.0,-1.0,7391.0,-8786.0,1735.2503,1725.04297,1718.374255,10.20732999999973,16.87604499999952,1724.764101190476,1717.956513952381,322919.5,,,1.862783283551123,1.847818498654659,3.710601782205782,0.0,-2547.0,1.0,-1395.0,0.021866562292640713,0.123871037060153,0.2211,0.23356535189481828,0.8493,0.8333,0.134
20250709,1760.8092,1761.4549,1766.7093,1751.9045,329055.0,2026.0,203028.0,1.0,-1.0,469.0,-3187.0,1.0,-2.0,6447.0,-9300.0,1741.47238,1727.97525,1723.22885,13.49712999999997,18.24352999999974,1728.839650555555,1719.044358103175,284868.3,,,1.852140074402529,1.810922849944359,3.663062924346888,0.0,-2718.0,-1.0,-2853.0,0.006157025421282157,0.1389613326215002,0.2117,0.25615763546798037,0.8082,0.8307,0.138
20250710,1764.9549,1768.6369,1778.9618,1749.0032,331067.0,2012.0,303459.0,1.0,-1.0,1006.0,-2667.0,1.0,-2.0,5839.0,-10313.0,1748.78978,1732.97067,1729.256415,15.81910999999991,19.53336499999955,1732.810730476191,1720.618134650794,257979.4,,,1.755402320441086,1.810922849944359,3.566325170385446,0.0,-1661.0,-1.0,-4474.0,0.006077319696617301,0.0759810357194914,0.2137,0.2182061579651942,0.6301,0.6107,0.127
20250711,1761.5717,1765.1487,1774.7887,1756.615,327783.0,-3284.0,219089.0,1.0,0.0,1020.0,0.0,2.0,-1.0,7042.0,-10038.0,1755.66576,1738.15372,1734.393695,17.51204000000007,21.27206499999988,1736.012857063492,1722.578585992064,254879.0,,,1.686084490760489,1.786539324232462,3.472623814992952,1.0,1020.0,1.0,-2996.0,-0.010018823428914862,0.2058764966901509,0.2098,0.16599732262382855,0.6164,0.5707,0.16
20250714,1754.2696,1756.0019,1756.9382,1740.1465,333081.0,5298.0,218708.0,1.0,0.0,1039.0,0.0,2.0,-1.0,9814.0,-12534.0,1758.79848,1743.04847,1736.31022,15.75000999999975,22.48825999999985,1737.850141111111,1724.835332293651,252982.0,,,1.562107079287071,1.786539324232462,3.348646403519534,1.0,1039.0,1.0,-2720.0,0.015906040872940817,0.0192297488721914,0.2151,0.23694779116465886,0.5753,0.516,0.125
20250715,1724.5403,1749.8051,1749.8051,1720.1442,342168.0,9087.0,289825.0,1.0,0.0,2757.0,0.0,1.0,-2.0,5397.0,-19058.0,1753.22914,1744.23972,1734.239755,8.989419999999882,18.98938499999986,1737.622396507936,1727.1501595,252167.0,,,1.476707373812796,1.810922849944359,3.287630223757155,1.0,2757.0,-1.0,-13661.0,0.02655712983096023,-0.0701715242729937,0.2104,0.17402945113788498,0.5205,0.508,0.121
20250716,1726.5829,1726.8109,1732.5975,1720.6157,340047.0,-2121.0,150014.0,1.0,0.0,2892.0,0.0,1.0,-2.0,5824.0,-18110.0,1746.38388,1743.92813,1731.605335,2.455750000000307,14.77854499999989,1737.033791428571,1729.287825333333,237490.9,,,1.36723009199713,1.810922849944359,3.17815294194149,1.0,2892.0,-1.0,-12286.0,-0.00623737306901693,-0.0441599874294201,0.2127,0.20481927710843378,0.589,0.5573,0.123
20250717,1736.1682,1726.815,1739.5635,1724.7093,342070.0,2023.0,164009.0,1.0,0.0,2194.0,0.0,2.0,-1.0,5632.0,-18376.0,1740.62654,1744.70816,1729.937315,-4.081619999999702,10.68922500000008,1737.267034920635,1731.303735666667,235693.3,,0.24748,1.328038053967977,1.810922849944359,3.138960903912337,1.0,2194.0,1.0,-12744.0,0.005913994211711053,0.0190228174520622,0.2152,0.23828647925033475,0.7123,0.7187,0.127
20250718,1737.3711,1740.6854,1763.881,1736.1739,333657.0,-8413.0,248111.0,1.0,0.0,2602.0,0.0,1.0,-2.0,5035.0,-20472.0,1735.78642,1745.72609,1730.72987,-9.939670000000206,5.056550000000016,1738.34931063492,1733.211605619048,218939.1,,,1.356847475756583,1.810922849944359,3.167770325700943,1.0,2602.0,-1.0,-15437.0,-0.025214516704280144,-0.0125312309011234,0.1994,0.026773761713520767,0.7534,0.7387,0.125
20250721,1800.9848,1777.7431,1805.9793,1777.7431,342896.0,9239.0,420166.0,1.0,0.0,1286.0,0.0,1.0,-2.0,1866.0,-16292.0,1745.12946,1751.96397,1735.478135,-6.834509999999909,9.65132500000027,1744.398000079365,1735.494801396825,244294.9,504199.2,0.257945,1.508282106294726,1.810922849944359,3.319204956239086,1.0,1286.0,-1.0,-14426.0,0.026944029676636647,0.0540586831439167,0.2243,0.3601070950468541,0.7808,0.772,0.131
20250722,1814.1163,1811.0078,1823.7865,1776.1133,342789.0,-107.0,404490.0,1.0,-1.0,1412.0,-6097.0,1.0,-2.0,1841.0,-19122.0,1763.04466,1758.1369,1741.589935,4.907760000000053,21.45472500000005,1751.240013253969,1738.142392603174,262089.9,485388.0,0.2877299999999999,1.571901625892747,1.847818498654659,3.419720124547406,0.0,-4685.0,-1.0,-17281.0,-0.0003121453722260633,-0.0463384055112169,0.2502,0.7068273092369475,0.7945,0.8147,0.123
20250723,1776.2768,1824.2618,1824.2618,1762.6469,335498.0,-7291.0,376212.0,1.0,-1.0,2295.0,-3436.0,1.0,-2.0,2052.0,-26028.0,1772.98344,1759.68366,1743.829455,13.29978000000006,29.15398500000015,1756.068603571428,1740.865287904762,279408.3,451454.4,0.29187,1.740138947735097,1.871181640471718,3.611320588206815,0.0,-1141.0,-1.0,-23976.0,-0.021731873215339585,-0.109362636067557,0.2538,0.7550200803212854,0.8219,0.8333,0.118
20250724,1789.7466,1779.2498,1800.1055,1771.5386,332270.0,-3228.0,262475.0,1.0,-1.0,1962.0,-4691.0,1.0,-2.0,1628.0,-23921.0,1783.69912,1762.16283,1747.56675,21.53629000000001,36.13237000000004,1760.119258412698,1743.596140698413,275309.9,,0.323035,1.707287604974308,1.871181640471718,3.578469245446026,0.0,-2729.0,-1.0,-22293.0,-0.00971499082071809,-0.1490081623812575,0.2809,1.0,0.9315,0.9493,0.116
20250725,1805.8731,1789.4135,1813.1995,1784.2331,328574.0,-3696.0,306003.0,1.0,-1.0,1702.0,-6269.0,1.0,-2.0,116.0,-20523.0,1797.39952,1766.59297,1752.373345,30.80655000000002,45.02617500000019,1765.191916349206,1746.514046626984,284001.3,,0.381915,1.746269198921176,1.849950162110744,3.59621936103192,0.0,-4567.0,-1.0,-20407.0,-0.011248607619592543,-0.1370021251489408,0.3321,1.0,0.9452,0.9493,0.118
20250728,1747.8801,1759.2983,1770.3423,1740.0489,307914.0,-20660.0,326824.0,1.0,-1.0,1841.0,-4128.0,0.0,-3.0,0.0,-21747.0,1786.77858,1765.95402,1754.501245,20.82456000000025,32.27733499999999,1765.168651269841,1749.245897642857,294812.9,,,1.920114587721792,1.849950162110744,3.770064749832536,0.0,-2287.0,-3.0,-21747.0,-0.06709665685873328,-0.3076625915616245,0.2532,0.4142538975501112,0.9315,0.9627,0.099
20250729,1757.3268,1743.5559,1762.6854,1736.0092,313622.0,5708.0,207001.0,1.0,-1.0,1991.0,-6775.0,0.0,-3.0,0.0,-23762.0,1775.42068,1769.23267,1756.736195,6.188009999999849,18.684485,1764.909232222222,1751.974581214286,286530.5,,,1.968452221828015,1.810922849944359,3.779375071772374,0.0,-4784.0,-3.0,-23762.0,0.018200253808725152,-0.2949200040112458,0.2182,0.1544172234595398,0.9452,0.9693,0.104
20250730,1756.5394,1771.5024,1779.7015,1749.3082,308088.0,-5534.0,202388.0,1.0,-1.0,2406.0,-4352.0,0.0,-3.0,0.0,-20512.0,1771.4732,1772.22832,1758.078225,-0.7551199999998062,13.39497499999993,1765.456648571428,1754.816866928571,291767.9,,,1.970883867798045,1.786539324232462,3.757423192030507,0.0,-1946.0,-3.0,-20512.0,-0.017962400353145853,-0.3156871332494899,0.2218,0.18114328136599853,0.9589,0.972,0.097
20250731,1727.0408,1754.9435,1754.9435,1724.2031,302266.0,-5822.0,198010.0,1.0,-1.0,2192.0,-1450.0,1.0,-2.0,282.0,-19728.0,1758.93204,1771.31558,1758.01187,-12.38353999999981,0.9201699999998709,1763.299318333333,1757.420095269841,295168.0,,,2.031088022880879,1.810922849944359,3.842010872825238,0.0,742.0,-1.0,-19446.0,-0.019261180549582157,-0.4101633082217871,0.202,0.03414996288047528,0.9589,0.972,0.082
20250801,1727.4513,1730.1599,1736.8472,1722.0102,304642.0,2376.0,167466.0,1.0,-1.0,2686.0,-604.0,1.0,-2.0,882.0,-23621.0,1743.24768,1770.3236,1758.024845,-27.07592000000022,-14.77716500000042,1760.426118492064,1759.627776055556,287103.5,,,2.006548792622318,1.810922849944359,3.817471642566677,0.0,2082.0,-1.0,-22739.0,0.007799318544389808,-0.3794277004103719,0.1702,0.0,0.9589,0.972,0.084
20250804,1745.2241,1729.5627,1755.2178,1720.6345,306282.0,1640.0,205527.0,1.0,-2.0,2379.0,-8750.0,1.0,-2.0,1034.0,-22479.0,1742.71648,1764.74753,1758.35575,-22.03105000000028,-15.63927000000035,1758.636617142857,1761.051637761905,265639.6,,,2.006722715245167,1.810922849944359,3.817645565189527,-1.0,-6371.0,-1.0,-21445.0,0.005354542545758484,-0.3503003601443704,0.1848,0.09017912291537987,0.9452,0.964,0.093
20250805,1777.6812,1749.4267,1784.2918,1745.176,307206.0,924.0,292613.0,1.0,-2.0,1073.0,-9790.0,1.0,-2.0,324.0,-17677.0,1746.78736,1761.10402,1759.62046,-14.31666000000018,-12.83310000000029,1759.571152619047,1761.884751698413,254451.9,,0.26795,2.11242691130184,1.849139702520818,3.961566613822658,-1.0,-8717.0,-1.0,-17353.0,0.0030077537548094764,-0.2320083612228536,0.233,0.3878937615812231,0.9726,0.9787,0.117
20250806,1760.2109,1787.3898,1793.126,1751.1728,296611.0,-10595.0,339120.0,1.0,-1.0,1736.0,-3054.0,1.0,-2.0,1186.0,-20690.0,1747.52166,1759.49743,1759.590545,-11.97577000000001,-12.06888499999991,1760.457421190476,1762.323633460318,250742.7,406944.0,,2.219979949379225,1.880013226491522,4.099993175870748,0.0,-1318.0,-1.0,-19504.0,-0.03572018569776576,-0.3362004655088216,0.2321,0.3823347745521927,0.9863,0.984,0.095
20250807,1749.6627,1760.7205,1761.7256,1746.303,291656.0,-4955.0,170812.0,1.0,-1.0,2816.0,-1900.0,1.0,-2.0,1404.0,-19554.0,1752.04604,1755.48904,1758.825935,-3.442999999999984,-6.779895000000124,1759.796938650793,1762.291401484127,241576.4,,,2.169191368008108,1.880013226491522,4.04920459449963,0.0,916.0,-1.0,-18150.0,-0.016989192747620483,-0.3229807488863856,0.2035,0.20568252007411977,0.9863,0.9893,0.099
20250808,1742.4306,1750.4545,1758.0866,1739.936,286030.0,-5626.0,130263.0,1.0,-1.0,2802.0,-1618.0,1.0,-2.0,866.0,-20746.0,1755.0419,1749.14479,1757.86888,5.897110000000339,-2.826979999999821,1758.541509285714,1761.626360777778,224002.4,,,1.969870019892281,1.849139702520818,3.819009722413099,0.0,1184.0,-1.0,-19880.0,-0.01966926546166486,-0.3192308362858033,0.1735,0.020382952439777623,0.9863,0.9973,0.102
20250811,1740.5737,1736.3823,1746.7107,1727.5633,305118.0,19088.0,190086.0,1.0,-2.0,3096.0,-7330.0,1.0,-2.0,2473.0,-17186.0,1754.11182,1748.41415,1757.184085,5.697670000000016,-3.072265000000016,1756.682622460318,1760.777757896825,210328.6,,,1.85981801004288,1.849139702520818,3.708957712563698,-1.0,-4234.0,-1.0,-14713.0,0.06255940324726827,-0.4604448093442925,0.1724,0.013588634959851806,0.9863,1.0,0.073
20250812,1746.5988,1741.8621,1753.2332,1735.8779,306399.0,1281.0,198315.0,1.0,-2.0,3414.0,-9518.0,1.0,-2.0,1300.0,-18478.0,1747.89534,1747.34135,1758.28701,0.5539899999998852,-10.3916700000002,1755.38349468254,1759.825184142857,209460.0,,,1.681958417912584,1.801700210767785,3.483658628680369,-1.0,-6104.0,-1.0,-17178.0,0.004180823044461633,-0.4063589728263173,0.1985,0.17479925880172956,0.9863,1.0,0.085
20250813,1742.0776,1747.1599,1760.0856,1740.7815,305307.0,-1092.0,204592.0,1.0,-2.0,3881.0,-8029.0,1.0,-3.0,0.0,-17272.0,1744.26868,1745.89517,1759.061745,-1.626489999999876,-14.79306499999984,1754.090640873016,1758.688583373016,209680.4,,,1.647461026462032,1.801700210767785,3.449161237229816,-1.0,-4148.0,-2.0,-17272.0,-0.0035767276872131987,-0.3806745537946712,0.1832,0.08029647930821501,1.0,1.0,0.086
20250814,1725.7834,1740.8392,1747.3576,1724.3367,308408.0,3101.0,213500.0,1.0,-2.0,2998.0,-10007.0,0.0,-3.0,0.0,-20835.0,1739.49282,1745.76943,1758.542505,-6.276609999999891,-19.04968499999995,1751.415224761904,1757.500174015873,211229.4,,,1.628537839396389,1.801700210767785,3.430238050164174,-1.0,-7009.0,-3.0,-20835.0,0.010054862390080672,-0.3511481388533995,0.176,0.03582458307597282,1.0,0.9973,0.095
20250815,1736.1775,1726.3496,1741.2332,1725.0064,307069.0,-1339.0,154093.0,1.0,-2.0,2289.0,-10315.0,0.0,-3.0,0.0,-18858.0,1738.2422,1746.64205,1758.482825,-8.399850000000015,-20.24062499999991,1748.731558809524,1756.330718047619,209892.1,,,1.426339083536128,1.801700210767785,3.228039294303912,-1.0,-8026.0,-3.0,-18858.0,-0.004360583451927743,-0.3405945462350193,0.1768,0.04076590487955541,1.0,1.0,0.099
20250818,1751.4324,1749.5459,1762.1791,1743.4102,300805.0,-6264.0,214182.0,1.0,-2.0,1792.0,-11152.0,1.0,-2.0,145.0,-13687.0,1740.41394,1747.26288,1756.005205,-6.848940000000312,-15.59126500000025,1748.189941031746,1755.286050436508,210757.6,,,1.423921757147452,1.801700210767785,3.225621967915237,-1.0,-9360.0,-1.0,-13542.0,-0.020824121939462443,-0.3584000105923279,0.186,0.0975911056207536,1.0,0.9973,0.091
20250819,1812.2563,1752.5033,1818.8166,1742.8589,321150.0,20345.0,477222.0,1.0,-2.0,9.0,-13434.0,1.0,-2.0,125.0,-13270.0,1753.54544,1750.72039,1755.912205,2.825050000000374,-2.366764999999759,1751.667891507937,1754.495724325397,229218.5,572666.4,0.24564,1.606775602263943,1.849139702520818,3.45591530478476,-1.0,-13425.0,-1.0,-13145.0,0.06335045928693757,-0.2643292428487055,0.2136,0.2680667078443485,1.0,0.9973,0.121
20250820,1774.9885,1788.6075,1800.5315,1771.9275,315552.0,-5598.0,515861.0,1.0,-2.0,111.0,-11041.0,0.0,-3.0,0.0,-21032.0,1760.12762,1752.19815,1755.84779,7.929470000000265,4.27982999999972,1753.962123095238,1753.846194515873,246892.6,619033.2,,1.636214402343597,1.880013226491522,3.51622762883512,-1.0,-10930.0,-3.0,-21032.0,-0.017740340736233647,-0.2938333138162199,0.2081,0.23409512044471906,0.9863,0.9707,0.118
20250821,1761.5639,1788.4822,1791.5291,1760.1436,310058.0,-5494.0,215810.0,1.0,-2.0,774.0,-8517.0,0.0,-3.0,0.0,-24752.0,1767.28372,1753.38827,1754.438655,13.89544999999998,12.84506499999952,1755.319410555555,1753.398441706349,251392.4,,,1.701304014380204,1.849139702520818,3.550443716901022,-1.0,-7743.0,-3.0,-24752.0,-0.017719265427758677,-0.336770262408646,0.1932,0.14206300185299578,0.9726,0.9973,0.101
20250822,1739.3153,1764.7898,1765.8003,1737.5148,310022.0,-36.0,231734.0,1.0,-1.0,1800.0,-6331.0,0.0,-3.0,0.0,-29186.0,1767.91128,1753.07674,1751.110765,14.83453999999983,16.8005149999999,1754.929902222222,1753.037281,261539.5,,,1.676071590118362,1.802475998461597,3.478547588579959,0.0,-4531.0,-3.0,-29186.0,-0.00011612079142770513,-0.3674896027285959,0.1913,0.13032736256948738,0.9726,0.9973,0.091
20250825,1744.9909,1741.4729,1752.5658,1736.4201,320093.0,10071.0,226202.0,1.0,-1.0,2304.0,-6458.0,1.0,-3.0,0.0,-29749.0,1766.62298,1753.51846,1750.966305,13.10452000000009,15.65667500000018,1753.936048333333,1752.762623587301,265151.1,,,1.584657165644454,1.802475998461597,3.387133164106051,0.0,-4154.0,-2.0,-29749.0,0.031462731143761344,-0.4136140574059636,0.1967,0.16368128474366905,0.9726,0.9973,0.082
20250826,1736.5025,1741.5223,1748.2257,1729.4856,313519.0,-6574.0,156295.0,1.0,-2.0,2755.0,-13051.0,1.0,-3.0,0.0,-28864.0,1751.47222,1752.50883,1749.92509,-1.036609999999882,1.547130000000152,1752.585947380953,1752.482868857143,260949.1,,,1.491459838151785,1.78090808991062,3.272367928062406,-1.0,-10296.0,-2.0,-28864.0,-0.020968426155990545,-0.4616423078084926,0.1919,0.13403335392217414,0.9726,0.992,0.073
20250827,1737.3028,1739.8035,1761.4063,1733.0045,312088.0,-1431.0,218270.0,1.0,-2.0,3259.0,-9538.0,0.0,-3.0,0.0,-32306.0,1743.93508,1752.03135,1748.96326,-8.096270000000004,-5.02818000000002,1751.790558571428,1752.252860626984,262316.9,,,1.545206147403059,1.78090808991062,3.326114237313679,-1.0,-6279.0,-3.0,-32306.0,-0.0045852451872548765,-0.4203117832355245,0.1937,0.14515132798023483,0.9726,0.992,0.083
20250828,1751.7145,1738.3247,1759.6152,1738.0852,306636.0,-5452.0,253778.0,1.0,-2.0,2183.0,-13753.0,1.0,-2.0,0.0,-32995.0,1741.9652,1754.62446,1750.196945,-12.6592599999999,-8.231744999999819,1751.553131587302,1752.266651309523,266344.7,,,1.561606698386891,1.776955143897186,3.338561842284077,-1.0,-11570.0,-1.0,-32995.0,-0.017780038873452562,-0.5134033392276324,0.1895,0.11920938851142687,0.9726,0.9973,0.057
20250829,1745.5324,1752.2726,1756.3556,1742.0443,296486.0,-10150.0,153937.0,1.0,-2.0,2010.0,-12225.0,0.0,-2.0,0.0,-34994.0,1743.20862,1755.55995,1751.101,-12.35133000000019,-7.892380000000003,1751.191565714286,1752.512652,266329.1,,,1.541556555921309,1.776955143897186,3.318511699818496,-1.0,-10215.0,-2.0,-34994.0,-0.0342343314692768,-0.5987453034107824,0.1872,0.10500308832612733,0.9863,0.9973,0.038
20250901,1741.7726,1741.7664,1748.38,1726.9123,302861.0,6375.0,207495.0,1.0,-2.0,1545.0,-9162.0,1.0,-2.0,258.0,-30101.0,1742.56496,1754.59397,1750.928425,-12.02900999999974,-8.36346499999945,1750.035285714286,1752.697186468254,265660.4,,,1.558644545959328,1.748042398332425,3.306686944291753,-1.0,-7617.0,-1.0,-29843.0,0.021049260221685857,-0.6277704970456482,0.1868,0.10253242742433602,0.9863,0.9973,0.034
20250902,1743.6139,1739.411,1752.8558,1737.0868,307797.0,4936.0,182754.0,1.0,-2.0,1876.0,-11396.0,1.0,-2.0,1350.0,-31331.0,1743.98724,1747.72973,1749.22506,-3.742489999999862,-5.237820000000056,1749.376378015872,1752.468035119048,236213.6,,,1.54411957689873,1.710566381304639,3.254685958203369,-1.0,-9520.0,-1.0,-29981.0,0.01603654356605165,-0.6051182023759627,0.189,0.11612106238418783,0.9726,0.9973,0.037
20250903,1713.2865,1749.2864,1760.6113,1710.8449,327192.0,19395.0,324741.0,1.0,-2.0,2428.0,-9411.0,1.0,-2.0,1481.0,-28450.0,1739.18398,1741.55953,1746.87884,-2.375549999999748,-7.694859999999835,1747.197135793651,1751.791536388889,217101.6,389689.2,0.21942,1.654115379668403,1.748042398332425,3.402157778000829,-1.0,-6983.0,-1.0,-26969.0,0.05927712169001687,-0.6211106664399579,0.1908,0.12723903644224832,1.0,1.0,0.035
20250904,1713.1617,1711.5755,1717.2517,1705.7074,330968.0,3776.0,178868.0,1.0,-1.0,2636.0,-9686.0,1.0,-2.0,1576.0,-28051.0,1731.47342,1736.71931,1745.05379,-5.245890000000145,-13.58037000000013,1743.726217460317,1750.632217079365,213407.4,,,1.636533674626172,1.748042398332425,3.384576072958597,0.0,-7050.0,-1.0,-26475.0,0.011408957965724782,-0.5772531892254278,0.1875,0.10685608400247071,0.9863,0.952,0.048
20250905,1712.5607,1714.8787,1721.1031,1712.2724,335222.0,4254.0,183447.0,1.0,-1.0,3301.0,-9369.0,1.0,-2.0,964.0,-30074.0,1724.87908,1734.04385,1743.560295,-9.16477000000009,-18.68121500000007,1740.680766190476,1749.207303476191,208578.7,,,1.568847532473516,1.710566381304639,3.279413913778154,0.0,-6068.0,-1.0,-29110.0,0.012690097905268748,-0.6102356956457117,0.1848,0.09017912291537987,0.9863,0.9493,0.037
20250908,1705.3299,1705.8164,1709.5499,1693.4034,341741.0,6519.0,172375.0,1.0,-1.0,7198.0,-8891.0,0.0,-3.0,6.0,-28808.0,1717.59054,1730.07775,1741.798105,-12.48721,-24.20756499999993,1736.748876587302,1747.488586301587,203196.0,,,1.342206168441113,1.659858701687983,3.002064870129096,0.0,-1693.0,-3.0,-28802.0,0.019075849839498334,-0.6284669211455263,0.1855,0.09450277949351456,0.9726,0.9493,0.034
20250909,1683.0794,1699.0205,1701.4192,1676.8154,375724.0,33983.0,217083.0,1.0,-1.0,7841.0,-9082.0,1.0,-2.0,1048.0,-33776.0,1705.48364,1724.73544,1738.622135,-19.2518,-33.13849500000015,1731.514591507936,1745.381450714286,209274.8,,,1.298537948859269,1.658567415984086,2.957105364843355,0.0,-1241.0,-1.0,-32728.0,0.09044671088352088,-0.6706202054447045,0.1781,0.04879555281037688,0.9315,0.9227,0.03
20250910,1668.8307,1681.4707,1691.3746,1668.0762,393182.0,17458.0,197669.0,1.0,-1.0,9694.0,-11141.0,0.0,-3.0,0.0,-38833.0,1696.59248,1717.88823,1734.95979,-21.29575,-38.36731000000009,1725.340343412699,1742.736429198413,207214.7,,,1.270021869914889,1.658567415984086,2.928589285898975,0.0,-1447.0,-3.0,-38833.0,0.04440182917834489,-0.6969251727184987,0.1775,0.045089561457689935,0.9041,0.9227,0.029
20250911,1669.3357,1669.7663,1674.5966,1666.9813,405079.0,11897.0,153803.0,2.0,-1.0,5102.0,-11782.0,0.0,-3.0,0.0,-40473.0,1687.82728,1709.65035,1732.137405,-21.82306999999992,-44.3101250000002,1718.913809444445,1739.472496984127,197217.2,,,1.187828692102574,1.658567415984086,2.84639610808666,1.0,-6680.0,-3.0,-40473.0,0.029369579760984893,-0.8058322507585048,0.1745,0.0265596046942557,0.8904,0.9173,0.019
20250912,1661.2041,1664.841,1673.5267,1658.9094,413209.0,8130.0,157134.0,2.0,-1.0,4498.0,-12130.0,0.0,-3.0,0.0,-42355.0,1677.55596,1701.21752,1728.388735,-23.66156000000001,-50.83277499999986,1712.169684841271,1735.570308896825,197536.9,,,1.185605653724488,1.629674637670163,2.81528029139465,1.0,-7632.0,-3.0,-42355.0,0.01967527328785191,-0.9476600686853934,0.1686,0.0,0.9726,0.972,0.008
20250915,1683.449,1666.271,1688.2607,1666.271,389042.0,-24167.0,194540.0,2.0,-2.0,6685.0,-15589.0,0.0,-3.0,0.0,-33396.0,1673.17978,1695.38516,1724.989565,-22.20537999999988,-51.80978499999992,1707.163105,1731.283090825397,196241.4,,,1.222987351546161,1.614824755419255,2.837812106965416,0.0,-8904.0,-3.0,-33396.0,-0.062119257046797,-0.8568108133998751,0.1703,0.010397553516819615,0.9726,0.9627,0.015
20250916,1686.6926,1698.8342,1701.7529,1682.9648,379858.0,-9184.0,154905.0,1.0,-2.0,2028.0,-14842.0,0.0,-3.0,0.0,-32387.0,1673.90242,1689.69303,1718.71138,-15.79061000000002,-44.80896000000007,1704.003761904762,1726.745829214286,193456.5,,,1.185320232630551,1.605291429116764,2.790611661747315,-1.0,-12814.0,-3.0,-32387.0,-0.024177455786109546,-0.8761206583038054,0.1763,0.04709480122324167,0.9863,0.9587,0.015
20250917,1681.9389,1685.3553,1687.738,1677.0263,383801.0,3943.0,109522.0,1.0,-2.0,3325.0,-15005.0,0.0,-3.0,0.0,-32180.0,1676.52406,1686.55827,1714.0589,-10.03421000000003,-37.5348399999998,1700.323219365079,1722.058437571429,171934.6,,,1.140071464978727,1.599289624450596,2.739361089429323,-1.0,-11680.0,-3.0,-32180.0,0.010273553221591398,-0.9306744262596722,0.171,0.014678899082568888,0.9726,0.952,0.01
20250918,1671.1279,1681.5176,1681.9672,1663.1961,391668.0,7867.0,142365.0,2.0,-2.0,8118.0,-14357.0,0.0,-3.0,0.0,-33628.0,1676.8825,1682.35489,1709.5371,-5.472389999999905,-32.65459999999985,1696.28871047619,1717.314686873016,168284.3,,,1.162434973243915,1.595516641531628,2.757951614775544,0.0,-6239.0,-3.0,-33628.0,0.020085889069313807,-0.9233231183908442,0.1714,0.01712538226299692,0.9589,0.94,0.011
20250919,1662.3998,1673.8016,1677.1475,1657.8506,404473.0,12805.0,142169.0,2.0,-2.0,8157.0,-9374.0,0.0,-3.0,0.0,-35526.0,1677.12164,1677.3388,1705.691325,-0.2171599999999216,-28.56968499999971,1691.86347547619,1712.432957801587,164156.5,,,1.157158754763506,1.595516641531628,2.752675396295135,0.0,-1217.0,-3.0,-35526.0,0.031658479057934646,-0.9701712686152796,0.1702,0.009785932721712479,0.9589,0.924,0.007
20250922,1660.6444,1655.543,1667.0877,1650.9245,417289.0,12816.0,144283.0,2.0,-2.0,8380.0,-9609.0,0.0,-3.0,0.0,-36749.0,1672.56072,1672.87025,1701.474,-0.3095299999999952,-28.91328000000021,1687.290689126984,1707.487139055556,161347.3,,0.203205,1.162903829468965,1.595516641531628,2.758420471000593,0.0,-1229.0,-3.0,-36749.0,0.03071252776852493,-0.947055639878674,0.1767,0.0495412844036697,0.9452,0.9093,0.01
20250923,1658.7085,1655.9135,1664.2627,1652.8779,412405.0,-4884.0,142851.0,2.0,-2.0,9041.0,-9304.0,0.0,-3.0,0.0,-36595.0,1666.9639,1670.43316,1697.5843,-3.469259999999849,-30.62040000000002,1682.966810714285,1702.632360976191,153924.1,,0.213095,1.002404778716986,1.548839141291282,2.551243920008268,0.0,-263.0,-3.0,-36595.0,-0.01184272741601096,-0.9946852196304112,0.1853,0.10214067278287457,0.9315,0.9067,0.006
20250924,1674.063,1662.0718,1680.8293,1658.8734,402209.0,-10196.0,230359.0,2.0,-2.0,8321.0,-8940.0,0.0,-2.0,0.0,-31452.0,1665.38872,1670.95639,1694.42231,-5.567669999999907,-29.03358999999978,1680.231541190476,1698.121480753968,157193.1,276430.8,0.215855,1.049119957871436,1.497953859431806,2.547073817303241,0.0,-619.0,-2.0,-31452.0,-0.025350004599598717,-1.0085378720113,0.1877,0.11681957186544345,0.9041,0.868,0.005
20250925,1675.0124,1677.9234,1679.2176,1672.2261,399255.0,-2954.0,126628.0,1.0,-2.0,3888.0,-14057.0,0.0,-3.0,0.0,-31213.0,1666.16562,1671.52406,1690.587205,-5.358439999999973,-24.42158500000005,1678.375306825397,1694.067630492063,154475.6,,,1.042954593923683,1.497953859431806,2.540908453355488,-1.0,-10169.0,-3.0,-31213.0,-0.007398780228174976,-1.024348029899499,0.1874,0.11498470948012239,0.8767,0.8467,0.005
20250926,1670.1638,1676.1191,1683.7783,1667.1955,382074.0,-17181.0,144559.0,1.0,-2.0,3297.0,-14028.0,0.0,-2.0,0.0,-27479.0,1667.71842,1672.42003,1686.818775,-4.701610000000073,-19.10035500000026,1676.592416746032,1690.50990368254,153218.1,,,1.033522515750675,1.431490994573541,2.465013510324216,-1.0,-10731.0,-2.0,-27479.0,-0.04496772876458487,-1.1293730106580944,0.1847,0.09847094801223243,0.8082,0.8347,0.002
20250929,1665.5907,1667.4539,1669.4032,1641.0511,365918.0,-16156.0,210925.0,1.0,-2.0,2512.0,-14910.0,0.0,-3.0,0.0,-26493.0,1668.70768,1670.6342,1683.00968,-1.926519999999755,-14.30199999999968,1674.085637063492,1687.202156888889,154856.6,253110.0,0.22655,1.036852902999539,1.497953859431806,2.534806762431345,-1.0,-12398.0,-3.0,-26493.0,-0.044151968473811073,-1.0744108092748643,0.197,0.1737003058103976,0.7945,0.8133,0.004
20250930,1671.6383,1661.8956,1675.8004,1661.8956,346651.0,-19267.0,129536.0,2.0,-2.0,7866.0,-15056.0,0.0,-3.0,0.0,-27927.0,1671.29364,1669.12877,1679.4109,2.164869999999837,-8.117260000000215,1672.725162301587,1684.074296928571,152319.7,,,0.9965710838768186,1.497953859431806,2.494524943308624,0.0,-7190.0,-3.0,-27927.0,-0.055580396421761366,-1.119467105616325,0.1893,0.12660550458715594,0.7397,0.756,0.003
20251009,1613.2958,1651.646,1651.646,1608.6791,396441.0,49790.0,295344.0,2.0,-2.0,10009.0,-9946.0,1.0,-2.0,0.0,-36170.0,1659.1402,1662.26446,1674.411365,-3.124259999999595,-15.27116499999966,1667.445882777778,1680.786563269841,170901.9,354412.8,,1.236126050639545,1.548839141291282,2.784965191930826,0.0,63.0,-1.0,-36170.0,0.12559245890309023,-1.1643332341947643,0.1785,0.06055045871559628,0.726,0.72,0.001
20251010,1601.1715,1615.3953,1617.2238,1597.4096,432113.0,35672.0,191090.0,3.0,-2.0,10790.0,-8851.0,1.0,-2.0,0.0,-38804.0,1644.37202,1655.26882,1668.811855,-10.89679999999998,-24.4398349999999,1660.703864682539,1677.228078690476,175774.4,,,1.261641624580857,1.497953859431806,2.759595484012663,1.0,1939.0,-1.0,-38804.0,0.08255248048542858,-1.167038685457631,0.1741,0.03363914373088688,0.6849,0.692,0.001
20251013,1614.596,1595.7321,1620.9504,1588.8277,423970.0,-8143.0,230754.0,3.0,-1.0,9378.0,-7368.0,1.0,-2.0,616.0,-29355.0,1633.25846,1650.48844,1663.91362,-17.22997999999984,-30.65516000000002,1654.85642515873,1673.52737365873,184632.9,276904.8,,1.287214800596144,1.548839141291282,2.836053941887426,2.0,2010.0,-1.0,-28739.0,-0.019206547633087247,-1.143187610678053,0.1752,0.04036697247706419,0.6712,0.6573,0.004
20251014,1602.8074,1610.7615,1619.6336,1597.7115,419483.0,-4487.0,173483.0,3.0,-1.0,9586.0,-6772.0,1.0,-2.0,0.0,-34808.0,1620.7018,1644.70474,1658.787495,-24.00293999999985,-38.08569499999999,1649.282990238095,1669.726603769841,187552.9,,,1.305438014903709,1.548839141291282,2.854277156194991,2.0,2814.0,-1.0,-34808.0,-0.010696500215741759,-1.1872832993266564,0.1793,0.06544342507645252,0.6301,0.6013,0.001
20251015,1605.2524,1605.418,1615.6262,1601.7741,418701.0,-782.0,143143.0,3.0,-1.0,9498.0,-6871.0,1.0,-2.0,0.0,-34522.0,1607.42462,1639.35913,1654.896145,-31.93451000000005,-47.47152499999993,1644.164229126985,1665.846345611111,187582.1,,,1.323408204619815,1.497953859431806,2.821362064051621,2.0,2627.0,-1.0,-34522.0,-0.0018676812331472818,-1.199601599012114,0.171,0.014678899082568888,0.589,0.5387,0.001
20251016,1609.4419,1604.5992,1615.1405,1584.1263,411411.0,-7290.0,188890.0,3.0,-1.0,10229.0,-9048.0,1.0,-2.0,144.0,-32421.0,1606.65384,1632.89702,1651.926705,-26.24317999999994,-45.27286500000037,1639.306111507936,1661.753802642857,183435.2,,,1.380226038999128,1.548839141291282,2.92906518029041,2.0,1181.0,-1.0,-32277.0,-0.017719506770601662,-1.21131328026105,0.1708,0.013455657492354785,0.5616,0.432,0.001
20251017,1607.2979,1608.2183,1612.6411,1597.0857,407627.0,-3784.0,133372.0,3.0,-1.0,9194.0,-13364.0,1.0,-3.0,0.0,-33510.0,1607.87912,1626.12557,1648.824815,-18.24644999999987,-40.94569499999989,1634.947661269842,1657.411038087301,184109.6,,,1.367225557927444,1.548839141291282,2.916064699218726,2.0,-4170.0,-2.0,-33510.0,-0.009282996464905416,-1.2225424891407477,0.16,0.0,0.5753,0.396,0.001
20251020,1605.8309,1610.5252,1623.5231,1602.7693,417135.0,9508.0,184120.0,3.0,-1.0,9981.0,-13530.0,1.0,-3.0,0.0,-35608.0,1606.1261,1619.69228,1646.056155,-13.56618000000003,-39.93005499999981,1631.009703650793,1652.852766777778,188065.7,,,1.390570058090603,1.497953859431806,2.888523917522408,2.0,-3549.0,-2.0,-35608.0,0.022793580016061948,-1.2641916826714688,0.1636,0.020918070889017967,0.5753,0.352,0.001
20251021,1614.8495,1600.0853,1626.6835,1600.0853,407656.0,-9479.0,183403.0,3.0,-1.0,9499.0,-13564.0,1.0,-2.0,133.0,-31018.0,1608.53452,1614.61816,1642.62618,-6.083640000000059,-34.09166000000005,1627.718513968254,1648.216054468254,185313.5,,,1.459876186387976,1.497953859431806,2.957830045819781,2.0,-4065.0,-1.0,-30885.0,-0.023252448142551563,-1.326928653833367,0.1669,0.040092969203951126,0.5342,0.332,0.001
20251022,1626.043,1616.5614,1629.8711,1615.8561,406912.0,-744.0,139136.0,3.0,-1.0,8847.0,-9131.0,1.0,-2.0,220.0,-32284.0,1612.69264,1610.05863,1639.5937,2.634009999999989,-26.90105999999992,1625.921324444445,1643.53567068254,186273.5,,,1.431793098812332,1.431490994573541,2.863284093385873,2.0,-284.0,-1.0,-32064.0,-0.0018284051588549858,-1.3740441930418807,0.1691,0.05287623474723996,0.4521,0.3107,0.001
20251023,1644.8605,1635.683,1646.3552,1626.569,392107.0,-14805.0,176510.0,2.0,-2.0,7593.0,-7036.0,1.0,-2.0,424.0,-31539.0,1619.77636,1613.2151,1637.73978,6.561260000000175,-17.96341999999981,1625.986546825397,1639.389737087301,174390.1,,0.2024,1.492235720766916,1.379075351441741,2.871311072208657,0.0,557.0,-1.0,-31115.0,-0.03775755087259345,-0.7181155850597806,0.176,0.09296920395119108,0.5205,0.384,0.051
20251024,1649.5693,1641.0832,1654.2591,1638.0867,378217.0,-13890.0,180215.0,3.0,-1.0,2732.0,-5189.0,0.0,-3.0,0.0,-33022.0,1628.23064,1618.05488,1636.66185,10.17575999999985,-8.431209999999965,1626.854727222222,1636.00482334127,173302.6,,,1.491782261313029,1.34745603323006,2.839238294543089,2.0,-2457.0,-3.0,-33022.0,-0.03672494890499369,-0.7320646893120091,0.1581,0.0,0.4795,0.3267,0.05
20251027,1647.2956,1652.9868,1661.1064,1642.3249,373641.0,-4576.0,128295.0,2.0,-1.0,2192.0,-4621.0,0.0,-3.0,0.0,-34930.0,1636.52358,1621.32484,1635.90664,15.19874000000004,0.6169399999998859,1628.111430714286,1633.330323896825,163056.7,,,1.447499884432254,1.326406027690829,2.773905912123083,1.0,-2429.0,-3.0,-34930.0,-0.01224704997577889,-0.7384396155570144,0.1569,0.0,0.6575,0.6493,0.049
20251028,1642.4594,1644.2087,1651.9014,1633.9442,362120.0,-11521.0,128968.0,2.0,-1.0,2435.0,-3791.0,0.0,-3.0,0.0,-32692.0,1642.04556,1625.29004,1634.99739,16.75551999999993,7.0481699999998,1628.772577936508,1631.279282666667,158605.2,,,1.467225737181893,1.303995133572095,2.771220870753988,1.0,-1356.0,-3.0,-32692.0,-0.0318154203026621,-0.7363858619121504,0.1521,0.0,0.6986,0.652,0.05
20251029,1651.8987,1645.5612,1658.8454,1641.0478,357794.0,-4326.0,197506.0,3.0,0.0,2868.0,0.0,0.0,-3.0,0.0,-30316.0,1647.2167,1629.95467,1634.6569,17.26203000000032,12.5598,1630.168268888889,1629.879686642857,164041.5,237007.2,,1.265988052654504,1.281208859362161,2.547196912016665,3.0,2868.0,-3.0,-30316.0,-0.012090756133417552,-0.7531573645198962,0.1583,0.07663782447465987,0.6986,0.652,0.048
20251030,1635.99,1655.0772,1655.4954,1627.2063,351676.0,-6118.0,189004.0,3.0,-1.0,6369.0,-358.0,0.0,-3.0,0.0,-34049.0,1645.4426,1632.60948,1632.75325,12.83311999999978,12.68934999999988,1630.822239920635,1629.031299484127,164052.9,,,1.30129007389317,1.281208859362161,2.582498933255331,2.0,6011.0,-3.0,-34049.0,-0.0173966946848804,-0.776721926307684,0.1526,0.006180469715698398,0.7123,0.7733,0.046
20251031,1634.4148,1635.5343,1644.8349,1632.2886,342515.0,-9161.0,132061.0,3.0,-1.0,1655.0,-1128.0,0.0,-3.0,0.0,-31820.0,1642.4117,1635.32117,1630.72337,7.090529999999944,11.68832999999972,1631.146209603175,1628.65115431746,163921.8,,,1.214213551645748,1.251987410215075,2.466200961860824,2.0,527.0,-3.0,-31820.0,-0.02674627388581522,-0.8394483845033737,0.1518,0.0,0.7534,0.6853,0.039
20251103,1634.451,1628.4223,1639.3042,1616.2787,350378.0,7863.0,194273.0,4.0,-1.0,6065.0,-1565.0,0.0,-3.0,0.0,-26214.0,1639.84278,1638.18318,1628.93773,1.659600000000182,10.9050500000003,1631.205453333334,1628.670729285715,164937.1,,,1.217366510880443,1.281208859362161,2.498575370242604,3.0,4500.0,-3.0,-26214.0,0.02244147749002506,-0.802623663846138,0.1558,0.049261083743842395,0.5205,0.412,0.045
20251104,1640.4085,1633.626,1648.1046,1626.9337,357074.0,6696.0,169347.0,3.0,-1.0,6699.0,-1192.0,1.0,-2.0,1541.0,-24649.0,1639.4326,1640.73908,1627.67862,-1.306479999999965,11.75397999999996,1632.020287460317,1629.100906634921,163531.5,,,1.247530128395459,1.280482655007838,2.528012783403297,2.0,5507.0,-1.0,-23108.0,0.018752415465701788,-0.792670935886901,0.1542,0.029556650246305573,0.4932,0.3813,0.048
20251105,1644.5653,1634.6794,1654.1177,1631.2281,361424.0,4350.0,186265.0,3.0,-1.0,5988.0,-1583.0,1.0,-2.0,1671.0,-24394.0,1637.96592,1642.59131,1626.32497,-4.625389999999697,11.64094999999998,1633.649900079365,1629.873764198413,168244.4,,0.18055,1.210105305197028,1.280482655007838,2.490587960204866,2.0,4405.0,-1.0,-22723.0,0.012035725353047944,-0.7580544147460918,0.157,0.06475716064757173,0.4658,0.3053,0.051
20251106,1657.0721,1642.4911,1664.0849,1640.8428,372934.0,11510.0,186925.0,3.0,0.0,1753.0,-1067.0,1.0,-2.0,1125.0,-23418.0,1642.18234,1643.81247,1628.513785,-1.630130000000008,13.6685550000002,1636.082892460318,1630.883398761905,169285.9,,0.191935,1.241001379319753,1.280482655007838,2.521484034327591,3.0,686.0,-1.0,-22293.0,0.030863369926045894,-0.742787420124567,0.1669,0.24433656957928798,0.411,0.292,0.055
20251107,1678.1179,1674.1093,1690.0919,1668.7797,374457.0,1523.0,388697.0,2.0,0.0,4512.0,-2222.0,1.0,-2.0,4071.0,-19570.0,1650.92296,1646.66733,1632.361105,4.25563000000011,18.56185499999992,1640.751976746032,1632.273123714286,190134.1,466436.4,,1.290427166241174,1.291313274587124,2.581740440828298,2.0,2290.0,-1.0,-15499.0,0.004067222671762045,-0.6166848976908482,0.1602,0.13592233009708762,0.411,0.2613,0.074
20251110,1672.9301,1681.3453,1681.3694,1665.1125,365901.0,-8556.0,211887.0,2.0,-1.0,294.0,-1561.0,0.0,-3.0,0.0,-23477.0,1658.61878,1649.23078,1635.27781,9.387999999999693,23.34096999999997,1644.876982698413,1633.949678912699,198493.3,,,1.242331974601192,1.291313274587124,2.533645249188316,1.0,-1267.0,-3.0,-23477.0,-0.023383374191379636,-0.6419115736044021,0.1534,0.025889967637540735,0.3151,0.072,0.069
20251111,1655.0374,1673.3417,1674.153,1651.2676,365411.0,-490.0,174650.0,2.0,0.0,0.0,-899.0,0.0,-3.0,0.0,-27702.0,1661.54456,1650.48858,1637.88931,11.05597999999986,23.6552499999998,1647.338877698413,1635.806308888889,203061.5,,,1.274830438605873,1.303995133572095,2.578825572177968,2.0,-899.0,-3.0,-27702.0,-0.0013409558004548303,-0.7016267297974418,0.1475,0.0,0.3288,0.072,0.064
20251112,1669.6732,1658.5614,1680.2641,1649.0668,372382.0,6971.0,282309.0,1.0,-2.0,0.0,-3943.0,1.0,-2.0,438.0,-19633.0,1666.56614,1652.26603,1641.11035,14.30011000000013,25.45579000000043,1650.083827380952,1637.797864738096,211541.8,338770.8,,1.320555252608719,1.326406027690829,2.646961280299549,-1.0,-3943.0,-1.0,-19195.0,0.018720024061313383,-0.624128815761704,0.1547,0.1089258698941,0.2877,0.0707,0.075
20251113,1673.6332,1666.5307,1676.0717,1656.4575,369744.0,-2638.0,180861.0,2.0,-1.0,0.0,-3180.0,1.0,-2.0,1310.0,-20356.0,1669.87836,1656.03035,1644.319915,13.84801000000016,25.55844499999989,1652.892391507937,1640.004879896826,210727.5,,0.192395,1.334056981511306,1.326406027690829,2.660463009202135,1.0,-3180.0,-1.0,-19046.0,-0.007134666147388463,-0.6680116808291406,0.1673,0.2995461422087747,0.2329,0.0693,0.069
20251114,1668.6252,1668.5663,1673.1404,1660.2099,369501.0,-243.0,143178.0,1.0,-2.0,0.0,-2764.0,1.0,-3.0,0.0,-24669.0,1667.97982,1659.45139,1647.38628,8.528429999999844,20.59354000000008,1655.205791111111,1642.410838047619,211839.2,,,1.309692019398463,1.303995133572095,2.613687152970559,-1.0,-2764.0,-2.0,-24669.0,-0.0006576436870265575,-0.6484214161642049,0.1588,0.17095310136157338,0.137,0.0147,0.07
20251117,1680.0828,1668.5669,1684.027,1659.7803,374277.0,4776.0,235269.0,2.0,-2.0,0.0,-4470.0,1.0,-2.0,40.0,-22584.0,1669.41036,1664.01457,1651.098875,5.395789999999806,18.31148499999972,1657.942094047619,1645.084502119048,215938.8,,,1.334681346777531,1.339922935072304,2.674604281849835,0.0,-4470.0,-1.0,-22544.0,0.012760602441507226,-0.5258926454903109,0.1545,0.10590015128593047,0.0274,0.0667,0.102
20251118,1680.3084,1673.4898,1687.625,1672.536,369462.0,-4815.0,202041.0,2.0,-2.0,0.0,-2994.0,1.0,-3.0,0.0,-22165.0,1674.46456,1668.00456,1654.37182,6.459999999999809,20.09274000000005,1660.671614285715,1647.949634801587,219208.2,,,1.321386458658189,1.303995133572095,2.625381592230285,0.0,-2994.0,-2.0,-22165.0,-0.01303246341978336,-0.5688016131832249,0.1559,0.12708018154311673,0.0959,0.0573,0.096
20251119,1680.8495,1682.2733,1692.2487,1677.7444,366537.0,-2925.0,189381.0,2.0,-1.0,0.0,-2358.0,2.0,-2.0,742.0,-20973.0,1676.69982,1671.63298,1657.112145,5.066840000000411,19.58767500000044,1663.416825952381,1650.926327388889,219519.8,,,1.259601058168489,1.291313274587124,2.550914332755614,1.0,-2358.0,0.0,-20231.0,-0.007980094778971837,-0.5626676582958563,0.1522,0.0775577557755777,0.0822,0.0587,0.097
20251120,1682.7651,1679.2134,1690.6706,1666.4651,364714.0,-1823.0,255283.0,2.0,-1.0,0.0,-3361.0,2.0,-2.0,920.0,-19722.0,1678.5262,1674.20228,1659.007375,4.323919999999816,19.51882499999988,1665.796777063492,1653.897715849206,226355.6,,,1.306989053854907,1.291313274587124,2.598302328442031,1.0,-3361.0,0.0,-18802.0,-0.00499843713156062,-0.5462190069518809,0.1479,0.00808080808080831,0.0548,0.06,0.099
20251121,1673.1273,1682.659,1686.1655,1670.0676,362129.0,-2585.0,180797.0,0.0,-2.0,0.0,-4890.0,1.0,-2.0,1320.0,-30164.0,1679.42662,1673.70322,1660.185275,5.723399999999856,19.24134499999991,1667.533945317461,1656.57591270635,205565.6,,,1.275165477910962,1.280482655007838,2.5556481329188,-2.0,-4890.0,-1.0,-28844.0,-0.007138340204733673,-0.5810016879015939,0.1434,0.0,0.0685,0.0613,0.092
20251124,1658.3568,1667.9598,1667.9598,1647.0439,351457.0,-10672.0,237926.0,1.0,-1.0,621.0,-3350.0,1.0,-2.0,1373.0,-20538.0,1675.08142,1672.24589,1660.738335,2.835529999999835,14.34308499999997,1667.56740015873,1658.844954452381,208169.5,,,1.295202271756673,1.280482655007838,2.575684926764511,0.0,-2729.0,-1.0,-19165.0,-0.03036502331721946,-0.6457480872034468,0.1354,0.0,0.1096,0.1307,0.071
20251125,1650.0606,1658.9337,1661.6947,1647.7942,357087.0,5630.0,134928.0,1.0,-1.0,908.0,-2044.0,1.0,-2.0,821.0,-21140.0,1669.03186,1671.74821,1661.118395,-2.716350000000375,7.91346499999986,1666.815180555556,1660.792584738095,204197.3,,,1.256451085281689,1.280482655007838,2.536933740289528,0.0,-1136.0,-1.0,-20319.0,0.01576646587526289,-0.6480103064037798,0.1179,0.0,0.0822,0.1427,0.071
20251126,1672.7762,1650.0424,1680.3247,1646.558,353156.0,-3931.0,264217.0,0.0,-2.0,0.0,-6208.0,2.0,-1.0,5089.0,-16590.0,1667.4172,1672.05851,1662.16227,-4.641309999999748,5.254930000000286,1667.376868968254,1662.521888896825,202388.1,317060.4,,1.300591681767781,1.291313274587124,2.591904956354905,-2.0,-6208.0,1.0,-11501.0,-0.011131058229224479,-0.5873355115346979,0.1308,0.16308470290771168,0.2055,0.196,0.092
20251127,1685.5497,1671.0234,1688.8107,1671.0234,360260.0,7104.0,202583.0,1.0,-2.0,4983.0,-6686.0,2.0,-1.0,5566.0,-14880.0,1667.97412,1673.25016,1664.640255,-5.276039999999966,3.333865000000287,1669.229256031746,1664.155575349207,204560.3,,,1.235093030182247,1.280482655007838,2.515575685190085,-1.0,-1703.0,1.0,-9314.0,0.019719091767057124,,0.1369,0.24020227560050553,0.1918,0.2293,
20251128,1697.1117,1693.8054,1706.5872,1688.1836,362380.0,2120.0,242509.0,1.0,-2.0,4285.0,-8473.0,1.0,-2.0,6768.0,-16772.0,1672.771,1676.09881,1667.7751,-3.327810000000227,4.995899999999892,1672.375760952381,1665.872572333334,214493.4,,0.16675,1.254223741087524,1.259998482542026,2.51422222362955,-1.0,-4188.0,-1.0,-10004.0,0.005850212484132678,,0.145,0.3426042983565105,0.2329,0.2453,
20251201,1698.095,1700.9598,1708.1079,1696.8649,364261.0,1881.0,161029.0,1.0,-2.0,4043.0,-8751.0,2.0,-2.0,5818.0,-15379.0,1680.71864,1677.90003,1670.9573,2.818609999999808,9.761339999999791,1675.500316666667,1667.628394595238,207069.4,,,1.202319557151485,1.259998482542026,2.462318039693511,-1.0,-4708.0,0.0,-9561.0,0.005163879745567052,-0.598912323573855,0.1234,0.06953223767383047,0.2603,0.2467,0.0882
20251202,1708.5763,1701.341,1709.6467,1694.8421,367286.0,3025.0,117802.0,0.0,-2.0,0.0,-10460.0,1.0,-2.0,9884.0,-15645.0,1692.42178,1680.72682,1674.36569,11.69495999999958,18.05608999999981,1678.86593468254,1669.447826634921,198645.5,,,1.130603272462313,1.259998482542026,2.390601755004339,-2.0,-10460.0,-1.0,-5761.0,0.008236088497791911,-0.563775403485268,0.1369,0.24020227560050553,0.3014,0.2573,0.1022
20251203,1710.4263,1705.0056,1716.1028,1701.4375,358852.0,-8434.0,171448.0,0.0,-2.0,0.0,-7938.0,1.0,-2.0,11636.0,-15089.0,1699.9518,1683.6845,1677.65874,16.26729999999998,22.29305999999997,1682.218751190476,1671.32801915873,196852.2,,,1.107819266596592,1.259998482542026,2.367817749138618,-2.0,-7938.0,-1.0,-3453.0,-0.02350272535752901,-0.5354120621970928,0.1363,0.23261694058154234,0.3288,0.2853,0.1092
20251204,1707.2848,1712.8972,1725.419,1701.8327,364430.0,5578.0,212928.0,1.0,-2.0,4231.0,-7613.0,2.0,-1.0,7671.0,-13804.0,1704.29882,1686.13647,1680.169375,18.16235000000006,24.12944500000003,1685.349951428571,1673.283336595238,192616.7,,,1.149093672282994,1.259998482542026,2.409092154825021,-1.0,-3382.0,1.0,-6133.0,0.015306094448865352,-0.5375436313312502,0.1295,0.1466498103666245,0.3288,0.3093,0.1082
20251205,1694.9835,1713.5753,1713.5753,1691.7014,356317.0,-8113.0,153942.0,1.0,-2.0,4196.0,-10219.0,2.0,-1.0,3801.0,-13988.0,1703.87318,1688.32209,1681.012655,15.55108999999993,22.86052500000005,1687.485769047619,1675.278518968254,189931.2,,,1.138314037679363,1.290539710707024,2.428853748386387,-1.0,-6023.0,1.0,-10187.0,-0.02276905115388825,-0.5853164660503882,0.1331,0.19216182048040442,0.1644,0.1787,0.0952
20251208,1671.0771,1687.8453,1688.3814,1663.7414,326765.0,-29552.0,313654.0,1.0,-2.0,3726.0,-9988.0,1.0,-2.0,1358.0,-13467.0,1698.4696,1689.59412,1680.920005,8.875479999999698,17.54959499999995,1687.037522698413,1677.225531222222,197504.0,376384.8,,1.207230801216185,1.291313274587124,2.498544075803309,-1.0,-6262.0,-1.0,-12109.0,-0.09043808241396722,-0.6034984470731029,0.1217,0.048040455120101105,0.1781,0.2333,0.0862
20251209,1672.2409,1671.5358,1677.8179,1661.4237,316970.0,-9795.0,221357.0,0.0,-2.0,0.0,-8480.0,2.0,-1.0,5305.0,-11664.0,1691.20252,1691.81215,1681.78018,-0.609630000000152,9.42233999999985,1686.035011111111,1679.147514277778,206146.9,,,1.21568550906793,1.291313274587124,2.506998783655054,-2.0,-8480.0,1.0,-6359.0,-0.030901978105183456,-0.5717812750841146,0.1029,0.0,0.2466,0.1507,0.1022
20251210,1675.8754,1675.4113,1684.4633,1669.7919,315208.0,-1762.0,163650.0,1.0,-2.0,2565.0,-3932.0,2.0,-1.0,7211.0,-10646.0,1684.29234,1692.12207,1682.09029,-7.829729999999927,2.202049999999872,1685.554719047619,1680.965299285714,196090.2,,,1.175600139765187,1.290539710707024,2.466139850472211,-1.0,-1367.0,1.0,-3435.0,-0.005589959645694272,-0.5863658724989619,0.1293,0.2805526036131774,0.2466,0.0787,0.0962
20251211,1670.3733,1681.0392,1685.3374,1667.799,309227.0,-5981.0,196788.0,1.0,-2.0,3246.0,-7347.0,2.0,-1.0,6604.0,-8892.0,1676.91004,1690.60443,1681.927295,-13.69439000000011,-5.017254999999977,1684.856093888889,1682.527983071428,195510.7,,0.172155,1.181848344486842,1.259966909524841,2.441815254011683,-1.0,-4101.0,1.0,-2288.0,-0.019341778046548328,-0.5881776622467516,0.1497,0.4973432518597236,0.2466,0.0853,0.0942
20251212,1656.396,1666.4567,1666.9619,1655.6232,313461.0,4234.0,194226.0,1.0,-2.0,5007.0,-7648.0,2.0,-1.0,3967.0,-9524.0,1669.19254,1686.53286,1681.315835,-17.34032000000002,-12.1232950000001,1682.682180952381,1683.558625071428,190682.4,,,1.133864765405681,1.259966909524841,2.393831674930522,-1.0,-2641.0,1.0,-5557.0,0.013507262466463133,-0.6095240038654601,0.1445,0.4420828905419764,0.2877,0.0907,0.0842
20251215,1660.7696,1666.291,1673.7995,1658.6444,309601.0,-3860.0,254466.0,0.0,-3.0,0.0,-10497.0,2.0,-1.0,7753.0,-6938.0,1667.13104,1682.80032,1680.350175,-15.66928000000007,-13.21913500000028,1680.973121269841,1684.105905531746,200026.1,305359.2,,1.148204689874353,1.259966909524841,2.408171599399195,-3.0,-10497.0,1.0,815.0,-0.012467659988178333,-0.5098470602514108,0.1444,0.44102019128586606,0.3151,0.1533,0.1273
20251216,1656.9518,1656.8988,1659.4547,1646.425,311108.0,1507.0,215385.0,0.0,-3.0,0.0,-9044.0,2.0,-1.0,6162.0,-9327.0,1664.07322,1677.63787,1679.182345,-13.56465000000026,-15.10912500000018,1678.551538095239,1684.074465873016,209784.4,,0.17365,1.066558932738181,1.238331295237867,2.304890227976048,-3.0,-9044.0,1.0,-3165.0,0.004843977011198684,-0.3448650567661958,0.151,0.5111583421891603,0.3151,0.1813,0.1743
20251217,1669.5625,1658.9048,1674.7061,1657.6334,306035.0,-5073.0,202926.0,0.0,-3.0,0.0,-11314.0,2.0,-1.0,7775.0,-8606.0,1662.81064,1673.55149,1678.617995,-10.74084999999968,-15.80735499999969,1677.316935079366,1683.584284261905,212932.2,,,1.067142858513816,1.238331295237867,2.305474153751684,-3.0,-11314.0,1.0,-831.0,-0.016576535363602204,-0.3730211742864957,0.1483,0.4824654622741762,0.2192,0.076,0.1623
20251218,1692.0251,1681.5385,1706.0998,1673.702,288508.0,-17527.0,318482.0,0.0,-3.0,0.0,-8809.0,2.0,-1.0,2915.0,-7377.0,1667.141,1672.02552,1679.080995,-4.884519999999839,-11.93999500000018,1678.328641269841,1682.882153246032,223487.6,382178.4,0.17641,1.133204955339809,1.259966909524841,2.39317186486465,-3.0,-8809.0,1.0,-4462.0,-0.06075048178906651,-0.3390935123161539,0.1534,0.536663124335813,0.274,0.1387,0.1774
20251219,1683.8498,1688.6704,1691.3578,1679.3387,284110.0,-4398.0,144475.0,0.0,-2.0,0.0,-6983.0,1.0,-2.0,1973.0,-9255.0,1672.63176,1670.91215,1679.61712,1.719610000000102,-6.985359999999901,1678.923611428571,1682.025937484127,222540.9,,,1.140025187170274,1.259966909524841,2.399992096695115,-2.0,-6983.0,-1.0,-7282.0,-0.015479919749392841,-0.2492199801421627,0.1501,0.5015940488841658,0.274,0.1493,0.2034
20251222,1685.4163,1687.268,1690.3235,1681.4843,283337.0,-773.0,131433.0,0.0,-2.0,0.0,-7958.0,1.0,-2.0,1777.0,-8876.0,1677.5611,1672.34607,1680.970095,5.21503000000007,-3.408994999999777,1679.439887460317,1681.266173960317,204318.8,,,1.115771501880417,1.259966909524841,2.375738411405258,-2.0,-7958.0,-1.0,-7099.0,-0.0027281999880001554,-0.2869084489813467,0.1491,0.4909670563230606,0.3288,0.1613,0.1984
20251223,1706.9757,1691.7091,1712.2382,1685.475,288297.0,4960.0,224610.0,0.0,-2.0,0.0,-6283.0,1.0,-2.0,1311.0,-7350.0,1687.56588,1675.81955,1683.81585,11.74632999999994,3.750029999999924,1681.295794444444,1680.792252293651,204644.1,,,1.167657198042913,1.290539710707024,2.458196908749937,-2.0,-6283.0,-1.0,-6039.0,0.017204480102116913,-0.3652606212587251,0.1525,0.5270988310308181,0.5616,0.3173,0.1663
20251224,1720.9805,1707.2194,1727.9066,1704.702,290550.0,2253.0,206590.0,0.0,-2.0,0.0,-5296.0,1.0,-2.0,1583.0,-6649.0,1697.84948,1680.33006,1686.226065,17.51942000000031,11.62341500000002,1684.466885714286,1680.683468960318,208938.1,,0.180665,1.165354149908297,1.291313274587124,2.456667424495421,-2.0,-5296.0,-1.0,-5066.0,0.007754259163655137,-0.344085056676997,0.1571,0.575982996811902,0.5205,0.3253,0.1774
20251225,1727.7207,1718.9423,1728.5321,1715.3548,296073.0,5523.0,143363.0,0.0,-2.0,0.0,-3811.0,1.0,-2.0,2258.0,-4796.0,1704.9886,1686.0648,1688.334615,18.9237999999998,16.65398499999969,1688.09224047619,1681.007083619048,203595.6,,,1.126806287672612,1.290539710707024,2.417345998379635,-2.0,-3811.0,-1.0,-2538.0,0.018654183258858457,-0.270156412357465,0.1557,0.5611052072263549,0.4932,0.316,0.2014
20251226,1723.5789,1725.1345,1729.7198,1716.9607,286821.0,-9252.0,135729.0,1.0,-1.0,0.0,-3583.0,1.0,-2.0,2005.0,-6659.0,1712.93442,1692.78309,1689.657975,20.15132999999992,23.27644499999997,1691.515193253968,1681.890384849206,197745.9,,0.182045,1.045991040904126,1.290539710707024,2.336530751611149,0.0,-3583.0,-1.0,-4654.0,-0.032257052307885406,-0.2766259934412941,0.1583,0.5887353878852284,0.4795,0.316,0.2014
20251229,1724.3907,1718.1526,1736.0947,1710.163,282722.0,-4099.0,149310.0,1.0,-2.0,0.0,-4900.0,1.0,-2.0,2101.0,-8544.0,1720.7293,1699.1452,1690.97276,21.58409999999958,29.75653999999963,1694.66420984127,1683.259493706349,187230.3,,0.18653,1.084004435907549,1.291313274587124,2.375317710494674,-1.0,-4900.0,-1.0,-6443.0,-0.014498341126619081,-0.286493299836479,0.1622,0.6301806588735388,0.3288,0.148,0.2014
20251230,1732.4783,1724.3862,1751.0874,1721.7218,288243.0,5521.0,214418.0,0.0,-2.0,0.0,-4754.0,1.0,-2.0,1561.0,-7704.0,1725.82982,1706.69785,1692.16786,19.13197000000014,33.66196000000014,1698.625689126984,1685.266908809524,187133.6,,0.19182,1.14338760585953,1.291313274587124,2.434700880446654,-2.0,-4754.0,-1.0,-6143.0,0.01915397772018748,-0.3681093791614513,0.1668,0.7395833333333334,0.3425,0.1333,0.1653
20251231,1738.9321,1729.2218,1739.915,1726.188,282145.0,-6098.0,116047.0,0.0,-1.0,0.0,-4625.0,1.0,-2.0,2202.0,-8497.0,1729.42014,1713.63481,1693.59315,15.7853299999997,35.8269899999998,1702.739356507937,1687.809150952381,178445.7,,,1.124063436762983,1.291313274587124,2.415376711350108,-1.0,-4625.0,-1.0,-6295.0,-0.021613000407591842,-0.3942550477875154,0.1606,0.7552356020942409,0.3151,0.1187,0.1593
20260105,1758.1189,1746.9396,1763.258,1743.714,312646.0,30501.0,227380.0,0.0,-2.0,0.0,-5088.0,1.0,-2.0,1552.0,-8721.0,1735.49978,1720.24419,1696.134855,15.25558999999998,39.36492500000031,1708.612499603174,1690.837536785714,169335.5,272856.0,,1.159372280363245,1.291313274587124,2.450685554950369,-2.0,-5088.0,-1.0,-7169.0,0.0975576210794317,-0.3483585949756407,0.1651,0.8141361256544504,0.1918,0.0773,0.1784
20260106,1768.0753,1758.022,1779.7101,1758.022,338137.0,25491.0,205928.0,0.0,-2.0,0.0,-6133.0,1.0,-2.0,1161.0,-10484.0,1744.39906,1728.66674,1699.789445,15.73231999999985,44.60961499999985,1715.433255396825,1694.48850118254,175480.8,,,1.172046924096214,1.291313274587124,2.463360198683338,-2.0,-6133.0,-1.0,-9323.0,0.07538660365473167,-0.351122471043747,0.161,0.7604712041884818,0.1781,0.144,0.1754
20260107,1779.4207,1779.6462,1783.6883,1764.9693,354087.0,15950.0,192249.0,1.0,-2.0,4624.0,-7390.0,1.0,-2.0,916.0,-10416.0,1755.40506,1738.06718,1705.206625,17.33787999999981,50.19843499999979,1722.824038492063,1698.826916285714,181562.4,,,1.18423614466036,1.290539710707024,2.474775855367384,-1.0,-2766.0,-1.0,-9500.0,0.045045426688921086,-0.4233506633230768,0.1617,0.7696335078534033,0.2055,0.08,0.1533
20260108,1765.2154,1770.7184,1780.906,1762.637,363739.0,9652.0,175976.0,1.0,-2.0,5371.0,-9462.0,1.0,-1.0,0.0,-5018.0,1761.95248,1743.89115,1709.85535,18.06132999999977,52.09713000000011,1728.883773492063,1703.585714190476,176699.0,,,1.181682950706885,1.259966909524841,2.441649860231726,-1.0,-4091.0,0.0,-5018.0,0.02653551035220309,-0.4303222669463488,0.1601,0.7824897400820793,0.1781,0.1493,0.1523
20260109,1766.8348,1766.1017,1776.7405,1762.4974,366453.0,2714.0,138284.0,1.0,-2.0,5594.0,-12605.0,1.0,-2.0,1908.0,-5749.0,1767.53302,1748.47658,1714.40332,19.05644000000007,53.12969999999996,1734.493986428571,1708.588424261904,169868.4,,,1.086228602508869,1.259966909524841,2.346195512033709,-1.0,-7011.0,-1.0,-3841.0,0.007406133938049354,-0.3972651774913289,0.1578,0.7510259917920656,0.1644,0.1493,0.1613
20260112,1773.0152,1771.6162,1774.1859,1757.7007,373490.0,7037.0,150660.0,1.0,-2.0,4807.0,-16749.0,1.0,-2.0,5030.0,-7602.0,1770.51228,1753.00603,1719.535415,17.50625000000036,50.97686500000032,1739.960402063492,1713.775240420635,170598.1,,,1.097841757879863,1.236775785966312,2.334617543846174,-1.0,-11942.0,-1.0,-2572.0,0.018841200567618947,-0.4275867869313355,0.1536,0.6935704514363884,0.1644,0.1453,0.1543
20260113,1762.9876,1768.9956,1777.2338,1758.0974,369097.0,-4393.0,137433.0,1.0,-2.0,3991.0,-13254.0,1.0,-2.0,4432.0,-7621.0,1769.49474,1756.9469,1724.864995,12.54783999999995,44.62974500000018,1744.357470873016,1719.05946818254,170768.5,,0.1863,1.136476042300577,1.236775785966312,2.373251828266889,-1.0,-9263.0,-1.0,-3189.0,-0.011902020336117605,-0.4068811028362615,0.162,0.808481532147743,0.1918,0.1373,0.1613
20260114,1804.6564,1765.5985,1807.1513,1762.8981,393625.0,24528.0,257637.0,0.0,-2.0,0.0,-18924.0,1.0,-2.0,11084.0,-9839.0,1774.54188,1764.97347,1732.059335,9.568409999999858,42.48254500000007,1750.874851984127,1724.680532396825,181601.2,309164.4,0.19412,1.20296717171074,1.236775785966312,2.439742957677052,-2.0,-18924.0,-1.0,1245.0,0.06231311527469038,-0.3667732572041233,0.1688,0.9015047879616965,0.2055,0.132,0.1733
20260115,1792.3828,1803.2378,1809.5212,1785.7918,389621.0,-4004.0,189870.0,1.0,-2.0,5818.0,-14533.0,2.0,-1.0,9954.0,-6939.0,1779.97536,1770.96392,1738.830885,9.011439999999766,41.14447499999983,1757.050278492063,1730.522991333333,179146.4,,0.199525,1.201609836274697,1.236775785966312,2.438385622241008,-1.0,-8715.0,1.0,3015.0,-0.010276653465803948,-0.3448806893811855,0.1735,0.9658002735978112,0.2055,0.1293,0.1864
20260116,1782.6249,1790.7048,1804.7577,1776.7349,384104.0,-5517.0,201289.0,1.0,-2.0,5552.0,-13961.0,2.0,-1.0,8718.0,-6492.0,1783.13338,1775.3332,1744.484005,7.800180000000182,38.64937500000019,1761.708176825397,1736.419873365079,187670.6,,,1.25910560622602,1.259966909524841,2.51907251575086,-1.0,-8409.0,1.0,2226.0,-0.014363297440276592,-0.3473120096925301,0.1712,0.9343365253077975,0.1918,0.1307,0.1864
20260119,1764.9476,1783.0211,1785.9945,1763.398,370694.0,-13410.0,150194.0,1.0,-2.0,5090.0,-10844.0,2.0,-1.0,9005.0,-7261.0,1781.51986,1776.01607,1748.13013,5.503789999999753,33.38972999999987,1764.507912222222,1742.009414626984,179952.0,,,1.296802838391638,1.284379035478711,2.581181873870349,-1.0,-5754.0,1.0,1744.0,-0.0361753899442667,-0.2989299813543261,0.1586,0.7889518413597734,0.2055,0.12,0.2084
20260120,1767.6923,1765.8672,1772.6594,1749.4849,372022.0,1328.0,267113.0,1.0,-2.0,5705.0,-14055.0,2.0,-1.0,12969.0,-6821.0,1782.4608,1775.97777,1752.322255,6.483030000000099,30.13854500000025,1766.190114603175,1747.085100547619,186070.5,320535.6,,1.283397800905631,1.290539710707024,2.573937511612655,-1.0,-8350.0,1.0,6148.0,0.0035696813629301494,-0.3034099271361284,0.1567,0.7620396600566575,0.2055,0.1173,0.2084
20260121,1771.7634,1764.6341,1774.6429,1758.971,380109.0,8087.0,123153.0,1.0,-2.0,5816.0,-13249.0,2.0,-1.0,15155.0,-7452.0,1775.8822,1775.21204,1756.63961,0.6701600000001235,19.24259000000029,1767.800186269842,1751.582715325397,179160.9,,,1.226140574035365,1.290539710707024,2.516680284742388,-1.0,-7433.0,1.0,7703.0,0.021275476244971836,-0.2880437259068961,0.1521,0.6968838526912184,0.1644,0.1987,0.2144
20260122,1769.656,1774.477,1780.2229,1768.0278,383086.0,2977.0,135505.0,1.0,-2.0,6117.0,-13069.0,2.0,-1.0,12278.0,-8194.0,1771.33684,1775.6561,1759.773625,-4.319260000000213,11.56321500000013,1769.377049523809,1755.632042928571,175113.8,,,1.218453023697259,1.290539710707024,2.508992734404283,-1.0,-6952.0,1.0,4084.0,0.007771101006040419,-0.3078632840203578,0.1659,0.8923512747875354,0.1644,0.2,0.2044
20260123,1780.9633,1773.8889,1789.7074,1772.4495,388186.0,5100.0,143262.0,1.0,-2.0,6244.0,-13509.0,2.0,-1.0,8574.0,-7498.0,1771.00452,1777.06895,1762.772765,-6.064430000000129,8.231754999999794,1771.406331349206,1759.323277420635,175611.6,,0.19688,1.200131876415161,1.290539710707024,2.490671587122185,-1.0,-7265.0,1.0,1076.0,0.013138031768276033,-0.300707467231137,0.1712,0.9674220963172805,0.1644,0.2187,0.2104
20260126,1783.6605,1783.2222,1793.0874,1776.5056,387866.0,-320.0,144250.0,1.0,-2.0,6307.0,-13789.0,2.0,-1.0,6984.0,-6841.0,1774.7471,1778.13348,1765.569755,-3.386380000000145,9.177344999999832,1773.529674206349,1762.680204634921,174970.6,,0.21206,1.178844250422475,1.284379035478711,2.463223285901186,-1.0,-7482.0,1.0,143.0,-0.0008250272001155038,-0.3268851136084386,0.1844,1.0,0.3288,0.5267,0.1974
20260127,1782.9831,1780.6019,1791.2076,1765.5616,382725.0,-5141.0,184741.0,1.0,-2.0,5179.0,-16512.0,2.0,-1.0,9040.0,-8177.0,1777.80526,1780.13303,1768.539965,-2.327769999999873,9.265294999999924,1775.055824126984,1765.750039960317,179701.4,,,1.206528913002841,1.290539710707024,2.497068623709865,-1.0,-11333.0,1.0,863.0,-0.013432621333855902,-0.3056692923976532,0.1754,0.8895705521472391,0.3151,0.3533,0.2104
20260128,1792.0235,1787.4761,1822.368,1783.1663,395764.0,13039.0,324738.0,0.0,-2.0,0.0,-13439.0,2.0,-1.0,6401.0,-9051.0,1781.85728,1778.86974,1771.921605,2.987540000000081,9.935675000000174,1777.572366428572,1768.419791404762,186411.5,389685.6,,1.290045512744572,1.290539710707024,2.580585223451595,-2.0,-13439.0,1.0,-2650.0,0.03294640240143116,-0.3114608804437192,0.1808,0.9558282208588955,0.3425,0.3173,0.2054
20260129,1810.004,1795.0864,1814.7569,1794.9431,387791.0,-7973.0,177343.0,1.0,-2.0,5822.0,-17185.0,2.0,-1.0,8235.0,-8010.0,1789.92688,1780.63186,1775.79789,9.295019999999795,14.12898999999948,1780.870199047619,1770.801783460317,185158.8,,0.214015,1.321856262826562,1.284379035478711,2.606235298305273,-1.0,-11363.0,1.0,225.0,-0.02056004394119513,-0.3580837883280323,0.1861,1.0,0.3425,0.288,0.1764
20260130,1783.3179,1809.9144,1810.6633,1776.6641,350991.0,-36800.0,278414.0,1.0,-2.0,1025.0,-12975.0,1.0,-1.0,6418.0,-6746.0,1790.3978,1780.70116,1778.01718,9.696640000000116,12.38061999999991,1782.318476428572,1772.862813420635,192871.3,334096.8,,1.391507756339141,1.284379035478711,2.675886791817852,-1.0,-11950.0,0.0,-328.0,-0.1048459932021049,-0.2973536086589234,0.1846,0.9819711538461539,0.3288,0.2587,0.2174
20260202,1778.3895,1782.2063,1789.5081,1772.654,349114.0,-1877.0,208798.0,1.0,-2.0,298.0,-13113.0,2.0,-1.0,8548.0,-7504.0,1789.3436,1782.04535,1779.03071,7.29825000000028,10.31288999999992,1782.540440714286,1774.666066269841,198731.7,,,1.381507307259106,1.2657088917049,2.647216198964006,-1.0,-12815.0,1.0,1044.0,-0.005376467285757661,-0.2995528210624115,0.1801,0.9278846153846156,0.3151,0.296,0.2154
20260203,1760.8017,1777.0951,1778.9814,1758.2562,359077.0,9963.0,193428.0,0.0,-3.0,0.0,-13900.0,2.0,-1.0,7735.0,-4896.0,1784.90732,1781.35629,1778.66703,3.551030000000083,6.240289999999959,1781.29688095238,1776.176742904762,191363.2,,,1.289528853343621,1.246158124295383,2.535686977639004,-3.0,-13900.0,1.0,2839.0,0.02774613801496615,-0.2534419466651755,0.1736,0.8497596153846155,0.3562,0.2147,0.2315
20260204,1775.8103,1763.8222,1784.4725,1759.5023,369384.0,10307.0,184905.0,0.0,-2.0,0.0,-12168.0,1.0,-2.0,9496.0,-5111.0,1781.66468,1781.76098,1778.48651,-0.09629999999947358,3.178170000000136,1780.760593095238,1777.472783587301,197538.4,,,1.295369159752493,1.2657088917049,2.561078051457393,-2.0,-12168.0,-1.0,4385.0,0.02790321183375566,-0.2648241632142613,0.1676,0.7776442307692308,0.2877,0.1667,0.2285
20260205,1766.9463,1773.5527,1774.2269,1760.5201,369682.0,298.0,168949.0,0.0,-3.0,0.0,-17615.0,2.0,-1.0,10078.0,-4115.0,1773.05314,1781.49001,1778.573055,-8.436869999999999,-5.519915000000083,1779.695506111111,1778.504629246032,200882.8,,,1.245027544221074,1.246158124295383,2.491185668516457,-3.0,-17615.0,1.0,5963.0,0.0008060982141408021,-0.2142855032754037,0.1718,0.8281250000000002,0.2466,0.1627,0.2405
20260206,1764.8424,1765.1541,1774.0005,1755.7623,377467.0,7785.0,181802.0,0.0,-3.0,0.0,-13901.0,2.0,-1.0,11151.0,-4393.0,1769.35804,1779.87792,1778.473435,-10.51988000000028,-9.115395000000035,1778.343677619047,1779.198363873016,204736.8,,,1.227521755501304,1.231832583325251,2.459354338826555,-3.0,-13901.0,1.0,6758.0,0.020624319476934407,-0.1784895069191167,0.1629,0.7211538461538461,0.137,0.104,0.2445
20260209,1776.0296,1771.418,1794.3203,1771.418,387488.0,10021.0,194878.0,0.0,-3.0,0.0,-18467.0,2.0,-1.0,9587.0,-2485.0,1768.88606,1779.11483,1778.624155,-10.22876999999994,-9.738095000000158,1778.261016666667,1779.671498119048,209799.6,,,1.252428411453557,1.246158124295383,2.49858653574894,-3.0,-18467.0,1.0,7102.0,0.025861446031877115,-0.2147830443084382,0.1702,0.8088942307692307,0.3425,0.24,0.2405
20260210,1773.242,1777.3139,1789.5446,1770.8808,381271.0,-6217.0,145911.0,0.0,-3.0,0.0,-18752.0,2.0,-1.0,5967.0,-1740.0,1771.37412,1778.14072,1779.136875,-6.766600000000153,-7.762755000000197,1777.837211111111,1779.94963681746,205916.6,,,1.264370340807881,1.246158124295383,2.510528465103264,-3.0,-18752.0,1.0,4227.0,-0.016305987080055918,-0.1673635360701061,0.1656,0.7536057692307693,0.3699,0.2413,0.2475
20260211,1785.0025,1774.2249,1792.0849,1769.6414,389965.0,8694.0,164594.0,0.0,-3.0,0.0,-24358.0,2.0,-1.0,12427.0,-2292.0,1773.21256,1777.43862,1778.15418,-4.226060000000189,-4.941620000000285,1778.144773809524,1780.006877555556,189902.2,,0.19941,1.304726593141951,1.246158124295383,2.550884717437334,-3.0,-24358.0,1.0,10135.0,0.022294308463580065,-0.1983383463018538,0.1734,0.8473557692307694,0.4932,0.356,0.2445
20260212,1832.2141,1783.0426,1835.3433,1783.0426,422198.0,32233.0,409211.0,0.0,-3.0,0.0,-16690.0,2.0,-1.0,14979.0,-3735.0,1786.26612,1779.65963,1780.145745,6.606490000000122,6.120375000000422,1781.747863650794,1780.094644015873,213089.0,491053.2,0.223675,1.43122480634836,1.256526574608835,2.687751380957195,-3.0,-16690.0,1.0,11244.0,0.07634569562148566,-0.1446078586971735,0.1945,1.0,0.4521,0.3533,0.2505
20260213,1822.9762,1817.7412,1830.7771,1813.1466,387718.0,-34480.0,223475.0,0.0,-2.0,0.0,-16071.0,2.0,-1.0,10762.0,-1260.0,1797.89288,1783.62546,1782.16331,14.26742000000013,15.72957000000019,1785.734732698413,1780.436269642857,207595.1,,,1.438915412270962,1.256526574608835,2.695441986879797,-2.0,-16071.0,1.0,9502.0,-0.08893061451879974,-0.2555043271505541,0.1909,0.9606986899563317,0.4658,0.3547,0.2325
20260224,1847.4624,1843.2651,1865.7912,1834.2509,400296.0,12578.0,260467.0,0.0,-2.0,0.0,-11038.0,2.0,-1.0,9199.0,-2496.0,1812.17944,1790.53275,1786.28905,21.64669000000004,25.8903899999998,1791.941967063492,1781.376422277778,212762.0,312560.4,,1.503701231363164,1.256526574608835,2.760227805972,-2.0,-11038.0,1.0,6703.0,0.031421747906549155,0.2533048172005074,0.189,0.9399563318777292,0.4521,0.356,0.3236
20260225,1830.7893,1848.1602,1850.8391,1828.234,412613.0,12317.0,164454.0,0.0,-2.0,0.0,-10718.0,2.0,-3.0,4328.0,-2415.0,1823.6889,1797.53151,1789.4439,26.15738999999985,34.24500000000012,1796.734699761904,1782.92020415873,209864.6,,,1.43454860823048,1.256526574608835,2.691075182839315,-2.0,-10718.0,-1.0,1913.0,0.029851216515233404,0.1583587502725768,0.1744,0.7805676855895196,0.4521,0.388,0.2916
20260226,1826.8502,1832.7193,1835.5169,1821.4299,407661.0,-4952.0,147877.0,0.0,-3.0,0.0,-13313.0,2.0,-1.0,3652.0,-4266.0,1832.05844,1802.6355,1792.19824,29.42294000000015,39.86019999999985,1800.45339063492,1784.889483912698,206161.8,,,1.399172759030859,1.246158124295383,2.645330883326241,-3.0,-13313.0,1.0,-614.0,-0.012147347918981703,0.2304546514928436,0.1633,0.6593886462882096,0.3151,0.2427,0.3176
20260227,1836.9993,1825.9918,1838.0322,1817.393,407618.0,-43.0,176547.0,0.0,-3.0,0.0,-11647.0,2.0,-2.0,2656.0,-3912.0,1833.01548,1809.6408,1795.565405,23.37468000000013,37.45007499999997,1804.214867777778,1787.341420079365,206921.6,,,1.34312821173176,1.246158124295383,2.589286336027143,-3.0,-11647.0,0.0,-1256.0,-0.00010549092532714453,0.2441948672333436,0.1662,0.6910480349344976,0.5342,0.4667,0.3216
20260302,1809.0545,1850.1569,1851.5127,1783.6623,424680.0,17062.0,419993.0,1.0,-2.0,0.0,-4361.0,1.0,-2.0,545.0,-10831.0,1830.23114,1814.06201,1796.969965,16.16912999999977,33.26117500000009,1806.462338809524,1790.153286198413,230740.7,503991.6,0.237705,1.543788245833015,1.246158124295383,2.789946370128398,-1.0,-4361.0,-1.0,-10286.0,0.040176132617500235,0.1604897836350968,0.2067,1.0,0.3151,0.2227,0.2926
20260303,1813.0451,1812.779,1824.0665,1806.5594,433880.0,9200.0,295060.0,1.0,-2.0,565.0,-3016.0,1.0,-3.0,77.0,-13536.0,1823.34768,1817.76356,1798.439195,5.584119999999984,24.90848499999993,1808.064805555556,1793.133665087301,240758.9,354072.0,0.23851,1.527856234526853,1.246158124295383,2.774014358822236,-1.0,-2451.0,-2.0,-13459.0,0.021204019544574536,0.0889767222469877,0.2074,1.0,0.274,0.196,0.2756
20260304,1816.4194,1814.0715,1834.8486,1809.686,437614.0,3734.0,315547.0,1.0,-2.0,412.0,-4483.0,1.0,-2.0,525.0,-14356.0,1820.4737,1822.0813,1800.11101,-1.607600000000275,20.36268999999993,1809.814228174603,1796.33136679365,257722.5,378656.4,0.249895,1.526164467830135,1.256526574608835,2.78269104243897,-1.0,-4071.0,-1.0,-13831.0,0.008532633782283016,0.1142615101897884,0.2173,1.0,0.2603,0.1867,0.2796
20260305,1816.7533,1812.9177,1842.3096,1806.9721,434801.0,-2813.0,425485.0,1.0,-2.0,0.0,-3858.0,1.0,-2.0,1068.0,-17008.0,1818.45432,1825.25638,1801.3475,-6.802059999999983,17.1068200000002,1811.553838015873,1799.672273214286,283811.6,510582.0,0.26289,1.602242909319111,1.266519491693864,2.868762401012975,-1.0,-3858.0,-1.0,-15940.0,-0.006469626334806038,0.0332536784597969,0.2286,1.0,0.2466,0.1733,0.2695
20260306,1833.3284,1813.751,1841.6216,1813.751,439039.0,4238.0,292396.0,0.0,-2.0,0.0,-4376.0,2.0,-2.0,758.0,-10877.0,1817.72014,1825.36781,1802.51372,-7.647669999999607,15.20642000000043,1814.187010555555,1802.916187904762,272130.1,,0.28106,1.635818960004207,1.284379035478711,2.920197995482919,-2.0,-4376.0,0.0,-10119.0,0.009652900995127995,0.0280920678438097,0.2444,1.0,0.2877,0.1827,0.2695
20260309,1909.6468,1945.3336,1956.5126,1881.2102,433168.0,-5871.0,704292.0,2.0,-1.0,3148.0,-393.0,2.0,-2.0,1126.0,-14531.0,1837.8386,1834.03487,1808.830165,3.803729999999632,29.00843499999974,1825.193345714286,1806.862049206349,320211.8,845150.4,0.52233,1.993967742584967,1.298706103346722,3.292673845931689,1.0,2755.0,0.0,-13405.0,-0.013553632770657112,0.1977606730190117,0.4542,1.0,0.2466,0.148,0.3096
20260310,1864.5687,1855.7687,1870.0441,1840.5657,401631.0,-31537.0,418357.0,2.0,-1.0,4942.0,-397.0,0.0,-3.0,0.0,-20117.0,1848.14332,1835.7455,1813.139125,12.39781999999968,35.00419499999975,1830.034632857143,1810.671315785714,336000.8,502028.4,,2.183463029143075,1.298706103346722,3.482169132489797,1.0,4545.0,-3.0,-20117.0,-0.07852232521891986,-0.1223645615689153,0.2841,0.515798462852263,0.1233,0.076,0.2555
20260311,1876.1048,1853.6886,1886.6763,1844.3613,428510.0,26879.0,381955.0,2.0,-1.0,3714.0,-84.0,0.0,-3.0,0.0,-21314.0,1860.0804,1840.27705,1818.90428,19.80335000000014,41.17611999999986,1835.226826825397,1814.520528492063,357750.9,,,2.252946116294305,1.316162815505012,3.569108931799318,1.0,3630.0,-3.0,-21314.0,0.06272665748757322,0.022778415171179,0.3139,0.600626245374324,0.137,0.0773,0.2705
20260312,1880.2474,1921.3308,1931.551,1872.7794,425438.0,-3072.0,527039.0,2.0,-1.0,8089.0,0.0,1.0,-2.0,590.0,-18737.0,1872.77922,1845.61677,1824.126135,27.16245000000004,48.65308500000015,1842.511736507937,1818.726363079365,395667.1,632446.7999999999,,2.273845450232248,1.316162815505012,3.590008265737261,1.0,8089.0,-1.0,-18147.0,-0.007220793629153954,0.0800712380066722,0.3374,0.6675206376316538,0.1507,0.0787,0.2786
20260313,1897.1399,1891.6059,1917.3228,1888.0857,435368.0,9930.0,415679.0,3.0,-1.0,8300.0,0.0,1.0,-2.0,385.0,-18026.0,1885.54152,1851.63083,1830.635815,33.91068999999993,54.9057049999999,1849.509713095238,1823.255847611111,419580.3,,,2.336964305557926,1.333675885104301,3.670640190662226,2.0,8300.0,-1.0,-17641.0,0.022808290917109203,-0.042014253557836,0.344,0.6608187134502924,0.137,0.0813,0.2645
20260316,1914.5703,1907.9116,1944.2704,1896.1642,458237.0,22869.0,529331.0,3.0,0.0,10685.0,0.0,0.0,-3.0,0.0,-21959.0,1886.52622,1862.18241,1838.12221,24.34381000000008,48.4040100000002,1857.463295873016,1828.35594331746,430514.1,635197.2,,2.351324336539567,1.362454510610582,3.713778847150149,3.0,10685.0,-3.0,-21959.0,0.04990648943668888,-0.1809482358019069,0.3228,0.5758553905745643,0.1096,0.0827,0.2465
20260317,1892.4335,1910.8931,1911.7503,1889.0904,454590.0,-3647.0,274598.0,3.0,0.0,11132.0,0.0,0.0,-3.0,0.0,-23372.0,1892.09918,1870.12125,1843.942405,21.97793000000024,48.15677500000015,1863.20736063492,1833.870198825397,428467.9,,,2.356809140710466,1.362454510610582,3.719263651321048,3.0,11132.0,-3.0,-23372.0,-0.008022613783849183,-0.2212918725751606,0.2685,0.4005810200129116,0.1096,0.0867,0.2405
20260318,1869.632,1893.5668,1899.024,1867.864,433466.0,-21124.0,240107.0,3.0,-1.0,7027.0,0.0,0.0,-3.0,0.0,-21440.0,1890.80462,1875.44251,1848.761905,15.36211000000003,42.04271500000004,1866.378160952381,1839.526592103174,420923.9,,,2.41852542791161,1.384293666434174,3.802819094345784,2.0,7027.0,-3.0,-21440.0,-0.04873277258193261,-0.2678998176717841,0.2287,0.2721110393802453,0.1918,0.2467,0.2285
20260319,1876.6876,1885.6813,1907.7637,1872.3135,440974.0,7508.0,333589.0,3.0,-1.0,7605.0,0.0,0.0,-3.0,0.0,-21488.0,1890.09266,1881.43594,1853.34616,8.656719999999723,36.74649999999997,1869.378468412698,1845.309055142857,411734.3,,,2.481942619849132,1.393623448559717,3.875566068408849,2.0,7605.0,-3.0,-21488.0,0.01702594710799276,-0.2856487292763762,0.2533,0.34324942791762025,0.2192,0.2493,0.2255
20260320,1860.4345,1869.308,1873.2134,1854.45,424929.0,-16045.0,233344.0,2.0,-1.0,5464.0,-1380.0,1.0,-3.0,25.0,-16986.0,1882.75158,1884.14655,1854.75718,-1.394970000000058,27.99440000000004,1870.309265952381,1850.921280682539,405829.1,,,2.302439533764306,1.393623448559717,3.696062982324023,1.0,4084.0,-2.0,-16961.0,-0.03775924919221799,-0.3722503214278052,0.2409,0.30271330500163457,0.1918,0.248,0.1703
20260323,1906.1755,1882.356,1918.9001,1875.2898,446339.0,21410.0,523316.0,3.0,-1.0,4636.0,0.0,1.0,-2.0,3269.0,-23440.0,1881.07262,1883.79942,1858.917145,-2.726799999999912,22.15547500000002,1874.223062142857,1855.824252325397,387731.5,627979.2,0.37099,2.450505523123718,1.419028331354369,3.869533854478087,2.0,4636.0,-1.0,-20171.0,0.04796802430439644,-0.3690256261760738,0.3226,0.5686660111438873,0.1781,0.244,0.1723
20260324,1887.6016,1889.6509,1905.0583,1883.9882,426163.0,-20176.0,254291.0,3.0,-1.0,3635.0,-1028.0,1.0,-2.0,3362.0,-22422.0,1880.10624,1886.10271,1860.924105,-5.99646999999959,19.18213500000024,1877.190738809524,1860.539862920635,371324.9,,,2.432550166405974,1.393623448559717,3.826173614965691,2.0,2607.0,-1.0,-19060.0,-0.04734338738933225,-0.4634057106030704,0.2837,0.44116683054736155,0.2055,0.2373,0.1433
20260325,1887.6276,1871.3735,1888.222,1859.2006,412751.0,-13412.0,213124.0,2.0,-3.0,2280.0,-1155.0,1.0,-2.0,5629.0,-23382.0,1883.70536,1887.25499,1863.76602,-3.549629999999979,19.93933999999967,1878.81700547619,1864.898880785714,354441.8,,,2.402044428364566,1.419028331354369,3.821072759718935,-1.0,1125.0,-1.0,-17753.0,-0.032494167185542856,-0.4825299568495699,0.2601,0.3638151425762045,0.2055,0.2173,0.1383
20260326,1901.8106,1888.5837,1908.799,1874.652,424991.0,12240.0,254244.0,1.0,-2.0,1035.0,-1528.0,1.0,-2.0,3343.0,-24921.0,1888.72996,1889.41131,1867.51404,-0.6813500000000658,21.2159200000001,1881.712161269841,1868.818923261905,327162.3,,,2.419571327423565,1.464552819030716,3.884124146454282,-1.0,-493.0,-1.0,-21578.0,0.02880060989526837,-0.4409734289186426,0.2711,0.39390930155577625,0.2329,0.2187,0.1513
20260327,1899.9299,1896.9752,1905.4113,1885.3035,423569.0,-1422.0,221705.0,1.0,-1.0,0.0,-1586.0,1.0,-2.0,3954.0,-24113.0,1896.62904,1889.69031,1870.66057,6.938730000000305,25.96847000000025,1884.580900079365,1872.326041960318,307764.9,,,2.030241654049733,1.419028331354369,3.449269985404102,0.0,-1586.0,-1.0,-20159.0,-0.0033571861963458136,-0.4351641326130723,0.2551,0.340946706388613,0.2055,0.2253,0.1543
20260330,1903.6414,1913.5808,1922.4533,1901.1074,430533.0,6964.0,288244.0,1.0,-1.0,1674.0,-1790.0,2.0,-2.0,4910.0,-22216.0,1896.12222,1888.59742,1875.389915,7.524799999999914,20.73230499999977,1887.977077936508,1875.377420166666,283656.2,,,1.85124828926864,1.419028331354369,3.270276620623009,0.0,-116.0,0.0,-17306.0,0.01617529898985676,-0.395461186493106,0.2379,0.2840119165839126,0.1918,0.1973,0.1683
20260331,1891.916,1902.4773,1913.4954,1887.4772,405365.0,-25168.0,220540.0,1.0,-2.0,765.0,-2539.0,1.0,-2.0,3733.0,-22389.0,1896.9851,1888.54567,1879.33346,8.439429999999675,17.65164000000004,1889.850842063493,1878.041768309524,278250.4,,,1.788575074466427,1.419028331354369,3.207603405820795,-1.0,-1774.0,-1.0,-18656.0,-0.06208725469638474,-0.3969902590113218,0.1965,0.14697120158887786,0.2055,0.1987,0.1683
20260401,1867.8445,1886.7327,1887.0607,1860.9082,384933.0,-20432.0,268653.0,0.0,-3.0,0.0,-4401.0,2.0,-2.0,5477.0,-17079.0,1893.02848,1888.36692,1881.904715,4.661560000000236,11.12376500000028,1889.153252777778,1880.319277492063,281105.0,,,1.684475963890223,1.464552819030716,3.149028782920939,-3.0,-4401.0,0.0,-11602.0,-0.05307936705868294,-0.3610444578000086,0.1615,0.031115524660708348,0.2329,0.2813,0.1834
20260402,1869.9594,1864.5874,1876.8002,1859.0905,391331.0,6398.0,183026.0,0.0,-2.0,0.0,-3632.0,2.0,-2.0,2049.0,-17666.0,1886.65824,1887.6941,1884.56502,-1.035859999999957,2.093219999999974,1887.69317904762,1882.150748555556,266048.7,,,1.612937326499085,1.419028331354369,3.031965657853454,-2.0,-3632.0,0.0,-15617.0,0.016349330873352736,-0.3867557764200821,0.1843,0.10658722277391586,0.2329,0.316,0.1713
20260403,1870.7047,1866.2907,1872.7258,1855.442,394625.0,3294.0,179093.0,0.0,-2.0,0.0,-3332.0,2.0,-3.0,1919.0,-17878.0,1880.8132,1888.72112,1886.433835,-7.907919999999649,-5.62063500000022,1885.592029920634,1883.679024952381,260623.6,,,1.498807029324514,1.393623448559717,2.892430477884231,-2.0,-3332.0,-1.0,-15959.0,0.00834716503009186,-0.4314390013870947,0.1663,0.0470043032108573,0.274,0.4213,0.1563
20260407,1884.9584,1875.5512,1897.5741,1863.5609,399960.0,5335.0,309162.0,1.0,-2.0,2429.0,-5087.0,0.0,-3.0,0.0,-21138.0,1877.0766,1886.59941,1885.199415,-9.52281000000039,-8.122814999999946,1885.747508492064,1884.831469587302,239208.2,370994.4,0.251275,1.531580683862395,1.419028331354369,2.950609015216764,-1.0,-2658.0,-3.0,-21138.0,0.01333883388338834,-0.4004750529373565,0.2185,0.2197947699437272,0.2877,0.464,0.1683
20260408,1857.3306,1855.8784,1875.2234,1848.5717,387917.0,-12043.0,267572.0,0.0,-3.0,0.0,-5487.0,0.0,-3.0,0.0,-20584.0,1870.15952,1883.57231,1884.83751,-13.41279000000009,-14.67798999999991,1882.825879920636,1885.394983698413,240536.3,,,1.552118414500136,1.47111302102497,3.023231435525107,-3.0,-5487.0,-3.0,-20584.0,-0.031045300927775788,-0.36560455820415,0.1767,0.08142999006951336,0.3014,0.2493,0.1854
20260409,1858.7747,1868.0807,1870.1162,1853.3427,390277.0,2360.0,151497.0,0.0,-2.0,0.0,-5089.0,0.0,-3.0,0.0,-21101.0,1868.34556,1880.68702,1883.971005,-12.34145999999987,-15.62544499999967,1880.409686825397,1885.554251833334,234373.6,,,1.472113848581895,1.47111302102497,2.943226869606866,-2.0,-5089.0,-3.0,-21101.0,0.006046987139903197,-0.4350073602995256,0.1934,0.13670969877523992,0.3562,0.2813,0.1553
20260410,1854.8852,1857.7797,1867.6921,1849.3641,395995.0,5718.0,165748.0,0.0,-2.0,0.0,-4886.0,1.0,-2.0,2085.0,-18559.0,1865.33072,1875.99448,1882.702895,-10.66375999999991,-17.37217499999997,1877.762915793651,1885.159327285715,225524.0,,,1.457582911626459,1.47111302102497,2.928695932651429,-2.0,-4886.0,-1.0,-16474.0,0.014439576257275976,-0.4421573653541141,0.1745,0.07414763323402838,0.3425,0.3133,0.1503
20260413,1851.1399,1862.9216,1863.5966,1848.8364,389787.0,-6208.0,143914.0,0.0,-2.0,0.0,-4766.0,1.0,-2.0,2420.0,-16407.0,1861.41776,1871.11548,1880.402895,-9.697720000000118,-18.98513500000013,1874.957131666667,1884.196950444445,217744.9,,,1.294379140664827,1.47111302102497,2.765492161689797,-2.0,-4766.0,-1.0,-13987.0,-0.01592664711752829,,0.1849,0.10857332009268454,0.3014,0.284,
20260414,1855.5446,1847.5469,1859.7943,1846.1107,378852.0,-10935.0,151053.0,1.0,-2.0,0.0,-2479.0,1.0,-2.0,2114.0,-16037.0,1855.535,1866.3058,1877.45161,-10.77080000000024,-21.91661000000022,1872.448272857143,1882.644069936508,204025.8,,,1.263571934372883,1.47111302102497,2.734684955397853,-1.0,-2479.0,-1.0,-13923.0,-0.028863513984352728,-0.4223734377806716,0.1729,0.0688513737173121,0.3562,0.2653,0.1635
20260415,1858.0487,1853.518,1861.8016,1851.8554,383818.0,4966.0,170999.0,2.0,-1.0,2872.0,-2497.0,1.0,-2.0,2851.0,-18184.0,1855.67862,1862.91907,1875.73237,-7.24045000000001,-20.05375000000026,1870.420917460317,1880.70107747619,199071.7,,,1.192264449767019,1.47111302102497,2.663377470791989,1.0,375.0,-1.0,-15333.0,0.012938423940513472,-0.3823443607853278,0.1607,0.028467394902350205,0.3425,0.2387,0.1775
20260416,1902.1486,1860.0904,1902.1496,1859.7308,403040.0,19222.0,384407.0,2.0,-1.0,6582.0,-5001.0,2.0,-2.0,1996.0,-14698.0,1864.3534,1866.34948,1877.3582,-1.99608000000012,-13.00479999999993,1871.430711666667,1878.928823365079,210647.1,461288.4,,1.230202208299192,1.527112653715837,2.757314862015028,1.0,1581.0,0.0,-12702.0,0.047692536720921,-0.1342481529289556,0.1621,0.033101621979476935,0.411,0.5693,0.2758
20260417,1920.778,1895.5367,1922.8667,1894.9182,429274.0,26234.0,419741.0,2.0,-1.0,4172.0,-4894.0,2.0,-2.0,2235.0,-13810.0,1877.53196,1871.43134,1879.56272,6.100619999999935,-2.0307600000001,1874.961049603175,1877.655610420635,234318.6,503689.2,,1.259097058224361,1.481124317677605,2.740221375901966,1.0,-722.0,0.0,-11575.0,0.06111248293630642,-0.1452057944309915,0.1649,0.042370076133730485,0.4521,0.604,0.2728
20260420,1918.0361,1912.9627,1921.4776,1898.3469,425693.0,-3581.0,300930.0,2.0,-1.0,4209.0,-4442.0,1.0,-2.0,2784.0,-18359.0,1890.9112,1876.16448,1882.4428,14.74671999999987,8.468399999999974,1878.147421587301,1876.911149587302,246502.3,361116.0,,1.260719385655115,1.481124317677605,2.741843703332719,1.0,-233.0,-1.0,-15575.0,-0.00841216557472169,-0.1742561909397721,0.1678,0.05196954650777886,0.4658,0.5987,0.2698
20260421,1981.575,1920.5121,2003.6063,1917.1683,560467.0,134774.0,1062843.0,2.0,-1.0,7297.0,-1568.0,2.0,-2.0,3023.0,-27332.0,1916.11728,1885.82614,1886.212775,30.29114000000004,29.90450499999997,1886.316662619047,1876.968065,321870.4,1275411.6,0.223675,1.485712033978006,1.481124317677605,2.96683635165561,1.0,5729.0,0.0,-24309.0,0.2404673245704029,-0.2762227342097156,0.1945,0.14035087719298245,0.5068,0.6067,0.2447
20260422,2000.6859,1972.4541,2034.5503,1971.3534,599097.0,38630.0,998287.0,0.0,-2.0,0.0,-7669.0,1.0,-2.0,166.0,-28586.0,1944.64472,1900.16167,1891.86699,44.48305000000028,52.77773000000025,1897.051794206349,1878.390656428571,394941.9,1197944.4,0.240005,1.599799064887964,1.527112653715837,3.126911718603801,-2.0,-7669.0,-1.0,-28420.0,0.06448037629966433,-0.2671121226562078,0.2087,0.18735518040383975,0.4658,0.5533,0.2487
20260423,1992.9411,2004.8093,2027.4008,1983.8955,591499.0,-7598.0,714111.0,1.0,-2.0,6208.0,-14375.0,2.0,-2.0,245.0,-25382.0,1962.80322,1913.57831,1897.132665,49.22491000000014,65.67055500000038,1907.381759682539,1881.087863714286,451203.3,856933.2,,1.689353114659949,1.586377809544842,3.27573092420479,-1.0,-8167.0,0.0,-25137.0,-0.012845330254150895,-0.324683986864233,0.1963,0.1463091691492883,0.4795,0.5547,0.2166
20260424,2001.3366,2000.3557,2018.3348,1980.0645,583440.0,-8059.0,621348.0,1.0,-2.0,7386.0,-14290.0,1.0,-2.0,0.0,-30172.0,1978.91494,1928.22345,1902.108965,50.6914899999997,76.80597499999976,1917.461608730159,1885.057733007936,496763.3,745617.6,,1.759588499194752,1.659892265992613,3.419480765187365,-1.0,-6904.0,-1.0,-30172.0,-0.013812902783491019,-0.3136607988981127,0.2031,0.1444633730834753,0.4795,0.628,0.2227
20260427,2058.8418,2004.5514,2065.9436,1994.3823,618537.0,35097.0,644863.0,1.0,-2.0,6919.0,-10404.0,1.0,-2.0,1601.0,-26645.0,2007.07608,1948.99364,1910.05456,58.08244000000013,97.02152000000024,1930.724880396826,1890.634507880952,546858.2,,0.251505,1.887740929656135,1.662706051670516,3.550446981326652,-1.0,-3485.0,-1.0,-25044.0,0.05674195723133782,-0.2535137064353902,0.2187,0.19761499148211242,0.2329,0.24,0.2568
20260428,2009.5189,2045.9501,2045.9501,2002.7884,579209.0,-39328.0,769623.0,2.0,-1.0,7692.0,-7284.0,0.0,-3.0,0.0,-43796.0,2012.66486,1964.39107,1915.348435,48.27378999999996,97.31642500000021,1941.577799365079,1897.547460531746,608715.2,923547.6,,1.949792440435578,1.718182688245488,3.667975128681066,1.0,408.0,-3.0,-43796.0,-0.06789949741803045,-0.2948461891915198,0.1967,0.12265758091993188,0.2192,0.0987,0.2397
20260429,2005.9441,2008.3134,2024.3912,1999.8428,563863.0,-15346.0,389278.0,2.0,-1.0,12689.0,-5813.0,0.0,-3.0,0.0,-46607.0,2013.7165,1979.18061,1921.04984,34.53589000000011,92.66665999999987,1950.692741825397,1905.574642968254,630543.1,,,1.967819435546274,1.718182688245488,3.686002123791762,1.0,6876.0,-3.0,-46607.0,-0.02721583079577841,-0.348542108525766,0.1908,0.10255536626916521,0.2466,0.0947,0.2036
20260430,2007.9284,2007.1784,2033.0769,2002.0643,533029.0,-30834.0,428790.0,1.0,-1.0,0.0,-7232.0,0.0,-3.0,0.0,-41642.0,2016.71396,1989.75859,1928.054035,26.95537000000036,88.65992500000038,1959.377637619048,1914.369335563492,634981.4,,,2.003168144944404,1.718182688245488,3.721350833189891,0.0,-7232.0,-3.0,-41642.0,-0.0578467588067441,-0.3247764624661902,0.1984,0.12844974446337304,0.2603,0.0933,0.2177
20260506,1979.7215,1992.7119,1998.5696,1974.3077,548842.0,15813.0,386614.0,1.0,-2.0,7761.0,-6633.0,0.0,-3.0,0.0,-40294.0,2012.39094,1995.65294,1933.54214,16.73800000000006,78.84879999999998,1964.914991507937,1923.364729753968,631668.7,,,2.062400550091038,1.679284493169717,3.741685043260754,-1.0,1128.0,-3.0,-40294.0,0.028811570543070684,,0.1737,0.04429301533219756,0.0822,0.116,
20260507,1948.3996,1972.1519,1974.9813,1946.0313,543113.0,-5729.0,425938.0,2.0,-1.0,10768.0,-6657.0,0.0,-3.0,0.0,-37504.0,1990.3025,1998.68929,1937.426885,-8.386790000000019,52.8756149999997,1967.208787619048,1932.270866357143,644169.5,,,2.127983167113359,1.71060108737819,3.838584254491549,1.0,4111.0,-3.0,-37504.0,-0.010548449401874011,-0.3465281451732934,0.1613,0.0020442930153321617,0.0959,0.1133,0.2068
20260508,1915.7273,1957.4293,1957.4293,1913.3368,515849.0,-27264.0,372412.0,0.0,-1.0,0.0,-1301.0,0.0,-3.0,0.0,-35846.0,1971.54418,1992.10452,1938.96533,-20.56034,32.57885000000033,1966.742382698412,1940.313438365079,575126.4,,,2.247066533477468,1.71060108737819,3.957667620855657,-1.0,-1301.0,-3.0,-35846.0,-0.052852675879957116,-0.3589828318957254,0.1612,0.0017035775127768329,0.1644,0.1787,0.1928
20260511,1902.1166,1913.9234,1917.6305,1890.3921,522518.0,6669.0,386683.0,1.0,-1.0,0.0,-593.0,0.0,-3.0,0.0,-32950.0,1950.77868,1982.24759,1941.20463,-31.46891000000005,9.574049999999943,1963.413735476191,1946.949632492064,513966.0,,,2.186069373598455,1.71060108737819,3.896670460976645,0.0,-593.0,-3.0,-32950.0,0.012763196674564322,-0.4462925827127004,0.1551,0.0,0.2055,0.1987,0.1506
20260512,1878.2114,1902.2149,1902.9945,1875.61,522854.0,336.0,354186.0,2.0,-1.0,5210.0,-813.0,2.0,-3.0,0.0,-29631.0,1924.83528,1970.77462,1942.176465,-45.93934000000013,-17.341185,1958.233652222222,1952.034821746032,477973.5,,,2.187397353071935,1.71060108737819,3.897998440450125,1.0,4397.0,-1.0,-29631.0,0.0006426268136037976,-0.5087751004106623,0.1613,0.02072885322634574,0.2192,0.1,0.1295
20260513,1875.066,1878.8402,1886.0833,1862.2829,531415.0,8561.0,377208.0,2.0,-1.0,5705.0,-1520.0,1.0,-3.0,0.0,-31954.0,1903.90418,1958.14756,1943.185505,-54.24337999999989,-39.28132500000015,1951.886267777779,1955.477287650794,453559.5,,,2.193238219610179,1.71060108737819,3.903839306988369,1.0,4185.0,-2.0,-31954.0,0.01610982000884431,,0.1592,0.013707790036777063,0.2192,0.108,
20260514,1867.8067,1870.7888,1880.8339,1863.1832,546389.0,14974.0,304650.0,2.0,-1.0,6465.0,-593.0,1.0,-3.0,0.0,-35528.0,1887.7856,1939.04405,1944.018845,-51.25845000000004,-56.23324500000012,1944.919157539683,1956.896715365079,419538.2,,,1.951686346025637,1.71060108737819,3.662287433403827,1.0,5872.0,-2.0,-35528.0,0.027405383344100996,-0.6895195764171993,0.1595,0.01471079906385829,0.2329,0.1293,0.0663
20260515,1848.9714,1873.1255,1875.3099,1845.7983,538673.0,-7716.0,333600.0,2.0,-1.0,6133.0,-484.0,1.0,-3.0,0.0,-34274.0,1874.43442,1922.9893,1943.690185,-48.55487999999991,-69.25576500000011,1936.635452777778,1956.402480706349,375935.9,,0.18952,1.839112292823086,1.71060108737819,3.549713380201275,1.0,5649.0,-2.0,-34274.0,-0.014324089011329694,-0.6450919877426481,0.1648,0.032430625208960256,0.274,0.1413,0.0744
20260518,1830.1261,1846.1786,1851.1144,1829.7838,547167.0,8494.0,351653.0,2.0,-1.0,9828.0,-74.0,1.0,-3.0,0.0,-29855.0,1860.03632,1905.4075,1942.294055,-45.37118000000009,-82.25773499999991,1926.263768412699,1953.959583365079,372173.4,,,1.76841362042399,1.71060108737819,3.479014707802179,1.0,9754.0,-2.0,-29855.0,0.015523597000550107,-0.7232465361804263,0.1625,0.024740889334670734,0.3151,0.1587,0.0613
20260519,1811.5836,1831.4681,1831.4681,1806.6022,559982.0,12815.0,346931.0,2.0,-1.0,10442.0,-574.0,2.0,-3.0,0.0,-25784.0,1846.71076,1885.77302,1937.765805,-39.06226000000015,-91.05504500000029,1914.357373412699,1949.457556944445,363987.5,,0.191015,1.731112968030241,1.71060108737819,3.441714055408431,1.0,9868.0,-1.0,-25784.0,0.022884664149919104,-0.7397267731636625,0.1661,0.036776997659645635,0.1918,0.0853,0.0563
20260520,1843.0091,1816.7769,1850.0667,1809.5378,559593.0,-389.0,568422.0,2.0,-1.0,9826.0,0.0,0.0,-3.0,0.0,-34467.0,1840.29938,1872.10178,1933.87736,-31.80240000000026,-93.57798000000003,1904.468962539682,1943.412954047619,382168.3,682106.4,0.210105,1.628972724639461,1.755672815096302,3.384645539735763,1.0,9826.0,-3.0,-34467.0,-0.0006951480808373229,-0.6048627795379857,0.1827,0.09227683049147446,0.1918,0.0867,0.0915
20260521,1826.9871,1836.0292,1849.0721,1821.1062,532683.0,-26910.0,370761.0,2.0,-1.0,10408.0,0.0,0.0,-3.0,0.0,-35134.0,1832.13546,1859.96053,1929.32491,-27.82506999999987,-97.18944999999985,1894.327832222222,1936.124858507937,376650.6,,,1.534351044691586,1.71060108737819,3.244952132069776,1.0,10408.0,-3.0,-35134.0,-0.05051785020359201,-0.6491900744834558,0.1713,0.05416248746238722,0.1918,0.088,0.0734
20260522,1822.8053,1831.2942,1831.2942,1815.284,507481.0,-25202.0,337133.0,2.0,0.0,10929.0,0.0,0.0,-3.0,0.0,-42036.0,1826.90224,1850.66833,1921.386425,-23.76608999999985,-94.48418500000002,1884.245991904762,1927.875219428572,373122.7,,,1.512619092645706,1.71060108737819,3.223220180023896,2.0,10929.0,-3.0,-42036.0,-0.04966097252902079,-0.6690397679273301,0.1646,0.03176195252423941,0.1918,0.0893,0.0714
20260525,1844.1641,1856.1522,1857.0911,1836.7658,497739.0,-9742.0,362252.0,2.0,-1.0,11459.0,-6689.0,0.0,-3.0,0.0,-40922.0,1829.70984,1844.87308,1913.560335,-15.16324000000009,-83.85049500000014,1877.052376507937,1919.239083531746,370679.6,,,1.534571361580769,1.71060108737819,3.245172448958959,1.0,4770.0,-3.0,-40922.0,-0.019572506876093694,-0.6318222504989285,0.1732,0.06051487796723505,0.1507,0.0907,0.0814
20260526,1850.0684,1851.3143,1877.8861,1845.1227,481304.0,-16435.0,528314.0,2.0,-2.0,10446.0,-6767.0,0.0,-3.0,0.0,-44255.0,1837.4068,1842.05878,1906.4167,-4.651980000000094,-69.00990000000024,1871.101014444445,1910.525819753969,388092.4,633976.7999999999,,1.542593291051852,1.755672815096302,3.298266106148154,0.0,3679.0,-3.0,-44255.0,-0.03414681781161179,-0.644525500203972,0.1702,0.0504847876964226,0.1233,0.092,0.0794
20260527,1874.5606,1894.2369,1901.2954,1867.7109,474070.0,-7234.0,480826.0,2.0,-2.0,8669.0,-7060.0,0.0,-3.0,0.0,-39326.0,1843.7171,1842.00824,1900.0779,1.708859999999504,-56.36079999999993,1868.229696111111,1902.160162587302,398454.2,576991.2,0.20263,1.614447737178099,1.799081152080991,3.41352888925909,0.0,1609.0,-3.0,-39326.0,-0.015259349885038074,-0.6300130147347185,0.1762,0.0705449682380475,0.0822,0.0933,0.0854
20260528,1849.7168,1881.3077,1885.0621,1847.0199,473688.0,-382.0,360984.0,2.0,-2.0,9465.0,-6811.0,0.0,-3.0,0.0,-42098.0,1848.26304,1840.19925,1889.62165,8.063789999999699,-41.35861000000045,1864.418488174603,1894.110095650794,404087.6,,,1.595220898874538,1.811769536743906,3.406990435618444,0.0,2654.0,-3.0,-42098.0,-0.0008064379929405009,-0.7015998224487888,0.1672,0.040454697425610156,0.0822,0.0147,0.0673
20260529,1827.8689,1855.7895,1855.7895,1827.0047,450546.0,-23142.0,353148.0,2.0,-2.0,9098.0,-7517.0,0.0,-3.0,0.0,-38959.0,1849.27576,1838.089,1880.53915,11.18675999999982,-31.2633900000003,1858.91663063492,1886.338213436508,406042.4,,,1.605784593062566,1.799081152080991,3.404865745143557,0.0,1581.0,-3.0,-38959.0,-0.05136434459522446,-0.7586242955031517,0.1592,0.013707790036777063,0.0685,0.016,0.0513
20260601,1832.5004,1828.0847,1844.9484,1820.3918,465816.0,15270.0,299718.0,2.0,-1.0,10796.0,-7431.0,0.0,-3.0,0.0,-37661.0,1846.94302,1838.32643,1871.866965,8.616589999999633,-24.923945,1853.758003253968,1879.087636920635,400848.9,,,1.597670426130018,1.799081152080991,3.396751578211009,1.0,3365.0,-3.0,-37661.0,0.03278118398681024,-0.6996956946655545,0.1588,0.012370444667335367,0.0548,0.0173,0.0693
20260602,1790.3401,1835.7332,1836.2082,1789.2914,489211.0,23395.0,306236.0,2.0,-1.0,9900.0,-8004.0,1.0,-3.0,0.0,-38639.0,1834.99736,1836.20208,1860.98755,-1.204719999999952,-25.99019000000044,1847.132439761905,1872.365143555556,396779.4,,,1.692808671753872,1.811769536743906,3.504578208497778,1.0,1896.0,-2.0,-38639.0,0.047821900979332026,-0.7127037874460879,0.1525,0.0,0.0548,0.0187,0.0653
20260603,1804.3755,1798.8866,1823.7512,1789.5334,496208.0,6997.0,381194.0,2.0,-1.0,10840.0,-7863.0,1.0,-3.0,0.0,-32436.0,1820.96034,1832.33872,1852.22025,-11.37838000000011,-31.25991000000022,1841.239183253968,1866.042165626984,378056.6,,,1.761565017533915,1.811769536743906,3.573334554277821,1.0,2977.0,-2.0,-32436.0,0.014100941540644245,-0.7507562771159428,0.1589,0.021213125621478347,0.0959,0.0147,0.0553
20260604,1772.4067,1805.1667,1806.9973,1767.3747,511784.0,15576.0,330554.0,2.0,-1.0,10244.0,-7940.0,1.0,-2.0,0.0,-28257.0,1805.49832,1826.88068,1843.420605,-21.38236000000029,-37.9222850000001,1834.155636507936,1860.024946055556,374035.9,,,1.806363716861703,1.837306552936506,3.643670269798209,1.0,2304.0,-1.0,-28257.0,0.03043471464524096,-0.7021901858462676,0.1479,0.0,0.0685,0.0147,0.0693
20260605,1761.9528,1772.3165,1774.6951,1756.0816,529464.0,17680.0,285607.0,2.0,-1.0,9129.0,-7419.0,1.0,-3.0,0.0,-28567.0,1792.3151,1820.79543,1835.73188,-28.48033000000032,-43.41678000000024,1826.177613888889,1854.218108253968,368883.3,,,1.800540486694842,1.811769536743906,3.612310023438748,1.0,1710.0,-2.0,-28567.0,0.03339226085248478,-0.7112093741945774,0.1422,0.0,0.1781,0.0707,0.0673
20260608,1829.5734,1809.4424,1857.0843,1808.8212,504413.0,-25051.0,981041.0,2.0,-2.0,7809.0,-6622.0,1.0,-2.0,2120.0,-22947.0,1791.7297,1819.33636,1832.10472,-27.60666000000015,-40.37502000000018,1824.922147539683,1849.005085357143,430762.2,1177249.2,0.209185,2.074495772659288,1.811769536743906,3.886265309403194,0.0,1187.0,-1.0,-20827.0,-0.04966366846215304,-0.5854647785333635,0.1819,0.1967294350842419,0.1096,0.024,0.1166
20260609,1800.5659,1803.2135,1825.8716,1778.0075,493399.0,-11014.0,576173.0,2.0,-1.0,7719.0,-6665.0,1.0,-2.0,2974.0,-20261.0,1793.77486,1814.38611,1828.222445,-20.6112499999997,-34.44758499999966,1821.55804468254,1844.050788380952,435548.1,691407.6,,2.121253210250547,1.811769536743906,3.933022746994453,1.0,1054.0,-1.0,-17287.0,-0.022322704342732758,-0.5031124500977908,0.1658,0.11694747274529244,0.1233,0.024,0.1497
20260610,1787.9787,1799.3979,1809.147,1780.4501,485727.0,-7672.0,319186.0,2.0,-1.0,9018.0,-5885.0,1.0,-3.0,0.0,-21015.0,1790.4955,1805.72792,1823.86808,-15.23241999999982,-33.37257999999952,1817.726006507937,1839.000419420635,419384.1,,,2.127377122517968,1.799081152080991,3.926458274598959,1.0,3133.0,-2.0,-21015.0,-0.01579488066341793,-0.5259936307360247,0.1625,0.10059464816650156,0.1233,0.024,0.1377
20260611,1795.598,1786.5744,1809.1356,1778.3825,487172.0,1445.0,259569.0,2.0,-1.0,8845.0,-6870.0,1.0,-3.0,0.0,-20780.0,1795.13376,1800.31604,1820.257645,-5.182280000000219,-25.1238850000002,1814.473612619048,1834.005931865079,409242.6,,,2.187647363202566,1.755672815096302,3.943320178298868,1.0,1975.0,-2.0,-20780.0,0.0029660982158252118,-0.7117308898067036,0.1663,0.1334440753045405,0.137,0.0227,0.0673
20260612,1786.8062,1786.6787,1794.6068,1771.6641,480539.0,-6633.0,305738.0,2.0,-1.0,8483.0,-7506.0,2.0,-3.0,1514.0,-19374.0,1800.10444,1796.20977,1817.149385,3.894669999999905,-17.0449450000001,1810.832876269841,1829.197556428572,404501.6,,,2.151781571654194,1.71926510051597,3.871046672170165,1.0,977.0,-1.0,-17860.0,-0.013803250100408084,-0.6977780723759772,0.1596,0.09645232815964522,0.1096,0.0227,0.0754
20260615,1780.5619,1767.1253,1786.3165,1749.2101,473103.0,-7436.0,379322.0,2.0,-1.0,10153.0,-8313.0,2.0,-2.0,6689.0,-15406.0,1790.30214,1791.01592,1814.671175,-0.7137800000000425,-24.36903500000039,1806.390573333333,1824.460813436508,412462.0,,,2.173010151463545,1.755672815096302,3.928682966559847,1.0,1840.0,0.0,-8717.0,-0.015717507604052394,-0.2031557178241958,0.1555,0.07372505543237254,0.0959,0.0227,0.3005
20260616,1764.2797,1779.8189,1779.8191,1756.4143,483331.0,10228.0,270696.0,2.0,-1.0,10704.0,-7322.0,2.0,-3.0,0.0,-19552.0,1783.0449,1788.40988,1812.30598,-5.364979999999832,-29.26107999999977,1801.520044206349,1819.899573880952,408908.0,,,2.075001613093754,1.755672815096302,3.830674428190056,1.0,3382.0,-1.0,-19552.0,0.021161481469220887,-0.2354895730467732,0.1599,0.09811529933481149,0.0685,0.0253,0.2925
20260617,1826.6128,1791.2746,1837.4895,1791.2746,473255.0,-10076.0,664359.0,2.0,-1.0,7842.0,-7637.0,1.0,-3.0,0.0,-15321.0,1790.77172,1790.63361,1811.486165,0.1381099999998696,-20.71444499999984,1801.767575873015,1815.952413142857,437224.5,797230.7999999999,0.205045,2.216674884935949,1.755672815096302,3.97234770003225,1.0,205.0,-2.0,-15321.0,-0.021290847428975922,-0.0992764775939766,0.1783,0.20011086474501105,0.1096,0.1147,0.3206
20260618,1806.7041,1821.2316,1825.3093,1792.1743,431153.0,-42102.0,349191.0,2.0,-1.0,8918.0,-5946.0,0.0,-3.0,0.0,-13259.0,1792.99294,1794.06335,1810.472015,-1.070409999999811,-17.47907499999997,1801.370520873016,1812.673901579365,439088.2,,,2.241029667788348,1.799081152080991,4.040110819869339,1.0,2972.0,-3.0,-13259.0,-0.09764979021368285,-0.1055780661675045,0.1675,0.1402439024390245,0.137,0.1733,0.3196
20260622,1771.3647,1809.7728,1809.7728,1765.6735,456046.0,24893.0,288080.0,2.0,-1.0,10135.0,-6149.0,0.0,-3.0,0.0,-20539.0,1789.90464,1795.00454,1807.899985,-5.099899999999934,-17.99534500000004,1798.384831825397,1809.894623373016,439335.5,,,2.32441683909928,1.799081152080991,4.123497991180271,1.0,3986.0,-3.0,-20539.0,0.05458440595904799,-0.2498038260396136,0.1608,0.13144876325088342,0.3014,0.364,0.2894
20260623,1778.8717,1769.6893,1784.9461,1759.2634,453468.0,-2578.0,380055.0,2.0,-1.0,10048.0,-6964.0,1.0,-2.0,2001.0,-10904.0,1789.5666,1789.93437,1804.635365,-0.3677700000000641,-15.06876499999998,1795.035864126984,1806.905995031746,379236.9,,,2.240773079821064,1.799081152080991,4.039854231902055,1.0,3084.0,-1.0,-8903.0,-0.0056850759039226584,-0.1941136869928297,0.1574,0.11792086889061301,0.2877,0.352,0.3045
20260624,1770.9658,1771.6512,1777.6717,1763.928,447468.0,-6000.0,282000.0,2.0,-1.0,10670.0,-6051.0,1.0,-3.0,0.0,-17627.0,1790.90382,1786.97436,1800.680235,3.92946000000029,-9.776414999999815,1791.472705555556,1803.897461119047,349819.6,,,2.1667725802639,1.799081152080991,3.965853732344891,1.0,4619.0,-2.0,-17627.0,-0.013408780069189306,-0.2195704012145447,0.1592,0.13188518231186977,0.274,0.2027,0.2975
20260625,1732.0253,1765.6895,1768.6438,1730.5223,457335.0,9867.0,313355.0,2.0,-1.0,11264.0,-6281.0,0.0,-3.0,0.0,-15865.0,1771.98632,1781.37902,1793.55347,-9.392699999999877,-21.56715000000008,1786.005733809524,1800.725433849206,349236.5,,,2.173557738838347,1.811769536743906,3.985327275582253,1.0,4983.0,-3.0,-15865.0,0.021574994260224998,-0.2885932373920802,0.1643,0.19574844995571308,0.3151,0.3307,0.2714
20260626,1729.8643,1735.3323,1740.8326,1722.612,462766.0,5431.0,285968.0,2.0,-1.0,11227.0,-5938.0,1.0,-3.0,48.0,-9518.0,1756.61836,1774.80565,1787.560845,-18.18728999999985,-30.94248500000003,1779.82760547619,1797.260833134921,351876.4,,,2.174777852814736,1.811769536743906,3.986547389558643,1.0,5289.0,-2.0,-9470.0,0.011735952943820419,,0.1632,0.21943573667711616,0.3425,0.2933,
20260629,1735.9469,1744.455,1751.6486,1732.73,455220.0,-7546.0,198865.0,2.0,-1.0,10819.0,-6109.0,1.0,-3.0,367.0,-14676.0,1749.5348,1769.71972,1782.964745,-20.18491999999992,-33.42994499999986,1774.931389920635,1793.6706845,341189.1,,,1.888021326559686,1.811769536743906,3.699790863303592,1.0,4710.0,-2.0,-14309.0,-0.016576600325117527,-0.2729062659259577,0.1585,0.21307189542483668,0.3014,0.3267,0.2787
20260630,1731.3452,1732.3424,1744.8421,1725.0049,460198.0,4978.0,212611.0,2.0,-1.0,11728.0,-6424.0,0.0,-3.0,0.0,-17035.0,1740.0295,1764.79805,1777.906985,-24.76855,-37.87748500000021,1770.045511031746,1790.036178269841,324518.0,,,1.765347468505014,1.811769536743906,3.577117005248921,1.0,5304.0,-3.0,-17035.0,0.010817083081630081,-0.321958664796713,0.1567,0.18954248366013085,0.1644,0.1693,0.2475
20260701,1720.9445,1726.8185,1731.5234,1718.0034,504667.0,44469.0,207283.0,2.0,-1.0,12142.0,-6550.0,0.0,-3.0,0.0,-20928.0,1730.02524,1760.46453,1774.437205,-30.4392899999998,-44.41196499999955,1764.504593095238,1786.33463315873,318176.7,,,1.708766621570639,1.811769536743906,3.520536158314545,1.0,5592.0,-3.0,-20928.0,0.08811552964628161,-0.3168856392943511,0.1544,0.15947712418300672,0.1096,0.1147,0.2515
20260702,1712.8215,1716.8581,1719.932,1707.7722,516609.0,11942.0,244493.0,2.0,-1.0,12765.0,-6529.0,1.0,-3.0,0.0,-18388.0,1726.18448,1749.0854,1769.859505,-22.90092000000004,-43.67502500000001,1758.680608015873,1782.025936373016,276190.1,,,1.643180725039103,1.811769536743906,3.45495026178301,1.0,6236.0,-2.0,-18388.0,0.023116128445303894,-0.3493982135907403,0.1566,0.18823529411764697,0.1096,0.116,0.2284
20260703,1724.78,1711.8249,1744.2969,1703.4591,549589.0,32980.0,436170.0,2.0,-1.0,12356.0,-6109.0,0.0,-3.0,0.0,-21081.0,1725.16762,1740.89299,1767.47817,-15.72537000000011,-42.31055000000015,1753.981890952381,1777.287073380952,284888.0,523404.0,0.19596,1.716077126074023,1.837306552936506,3.553383679010529,1.0,6247.0,-3.0,-21081.0,0.06000847906344559,-0.2867006223123399,0.1704,0.3686274509803921,0.1233,0.1173,0.2777
20260706,1735.0707,1720.0156,1739.44,1720.0156,534796.0,-14793.0,207129.0,2.0,-1.0,11510.0,-6047.0,1.0,-3.0,0.0,-15924.0,1724.99238,1737.26359,1766.134065,-12.27120999999966,-41.1416849999996,1750.010073809524,1772.449597579365,276792.9,,,1.645213621222662,1.837306552936506,3.482520174159168,1.0,5463.0,-2.0,-15924.0,-0.027661014667274997,-0.328867144681006,0.153,0.14117647058823532,0.1233,0.1187,0.2435
20260707,1740.4783,1730.229,1747.8115,1725.2913,536492.0,1696.0,283737.0,2.0,-1.0,10646.0,-5133.0,0.0,-3.0,0.0,-18650.0,1726.819,1733.42425,1761.67931,-6.605250000000069,-34.86031000000003,1747.640839444445,1767.710095111111,267161.1,,,1.640173134976512,1.76657037861019,3.406743513586702,1.0,5513.0,-3.0,-18650.0,0.0031612773349835597,-0.3654814277734565,0.1538,0.15163398692810454,0.1233,0.12,0.2153
20260708,1739.4794,1740.9109,1745.574,1735.5174,539656.0,3164.0,147065.0,2.0,-1.0,11102.0,-5792.0,0.0,-3.0,0.0,-23264.0,1730.52598,1730.27561,1758.624985,0.2503699999999753,-28.09900500000003,1745.448561031746,1763.10768065873,253667.6,,,1.38752316433303,1.76657037861019,3.15409354294322,1.0,5310.0,-3.0,-23264.0,0.005862994203714959,-0.3483678778011082,0.1524,0.1333333333333335,0.0959,0.1187,0.2324
20260709,1728.7309,1740.3439,1740.3439,1725.3212,544055.0,4399.0,169731.0,2.0,-1.0,11219.0,-6188.0,0.0,-3.0,0.0,-20950.0,1733.70786,1729.94617,1755.662595,3.761690000000044,-21.95473500000026,1742.811185634921,1758.78822584127,239305.2,,,1.312238239380969,1.76657037861019,3.078808617991159,1.0,5031.0,-3.0,-20950.0,0.008085579582946577,-0.3809206306111749,0.1485,0.08235294117647057,0.1918,0.3867,0.2032
20260710,1732.7993,1726.8186,1739.7157,1714.7219,547168.0,3113.0,230754.0,2.0,-1.0,11654.0,-7087.0,0.0,-3.0,0.0,-21893.0,1735.31172,1730.23967,1752.52266,5.07204999999999,-17.21093999999971,1740.355608412698,1754.841026134921,233783.8,,,1.235741836602805,1.76657037861019,3.002312215212995,1.0,4567.0,-3.0,-21893.0,0.0056892946955962335,-0.3403778803639311,0.1516,0.12287581699346428,0.1644,0.3373,0.2414
20260713,1733.0743,1740.6904,1743.754,1729.7338,547397.0,229.0,179473.0,2.0,-1.0,12247.0,-6425.0,0.0,-3.0,0.0,-24134.0,1734.91244,1729.95241,1749.836065,4.960030000000188,-14.9236249999999,1738.711309761905,1751.219018119048,231844.6,,,1.190017371778879,1.76657037861019,2.956587750389069,1.0,5822.0,-3.0,-24134.0,0.000418343542255438,-0.3347248196942799,0.1524,0.1333333333333335,0.1507,0.32,0.2455
20260714,1744.0377,1742.6304,1751.1874,1735.9368,535359.0,-12038.0,248951.0,2.0,-1.0,10379.0,-6740.0,0.0,-3.0,0.0,-27256.0,1735.62432,1731.22166,1748.009855,4.402660000000196,-12.38553499999966,1738.030663809524,1748.017533396825,235478.6,,0.180665,1.204413608434461,1.76657037861019,2.970983987044651,1.0,3639.0,-3.0,-27256.0,-0.022485845946364963,-0.3650635994210559,0.1571,0.19477124183006528,0.1233,0.2987,0.2183
20260715,1717.16,1740.0522,1743.0074,1709.8593,556023.0,20664.0,306814.0,2.0,-1.0,11697.0,-7031.0,0.0,-3.0,0.0,-38738.0,1731.16044,1730.84321,1745.65387,0.3172299999998813,-14.49342999999999,1735.397832460318,1745.106857333333,245431.7,368176.8,0.18193,1.179292142214489,1.76657037861019,2.945862520824679,1.0,4666.0,-3.0,-38738.0,0.0371639302690716,-0.4445367188701552,0.1582,0.20915032679738577,0.1096,0.2613,0.1751
20260716,1701.3842,1715.7851,1719.2179,1697.7147,577055.0,21032.0,223223.0,2.0,-1.0,13125.0,-7916.0,0.0,-3.0,0.0,-34129.0,1725.6911,1729.69948,1739.39244,-4.008379999999988,-13.7013400000003,1731.790705634921,1742.417867095238,243304.7,,,1.194245674204639,1.76657037861019,2.960816052814829,1.0,5209.0,-3.0,-34129.0,0.03644713242238608,-0.5172545582167916,0.155,0.16732026143790854,0.0822,0.244,0.1449
20260717,1695.0551,1699.7152,1707.4025,1683.2974,587952.0,10897.0,235049.0,2.0,-1.0,14298.0,-5963.0,0.0,-3.0,0.0,-36909.0,1718.14226,1726.72699,1733.80999,-8.584729999999809,-15.66773000000012,1727.567418650794,1739.77641986508,223192.6,,,1.205874311116799,1.76657037861019,2.972444689726989,1.0,8335.0,-3.0,-36909.0,0.01853382589054889,-0.5726287325360444,0.1552,0.16993464052287593,0.0685,0.2293,0.1258
20260720,1724.7056,1701.1168,1734.243,1698.9966,546589.0,-41363.0,331714.0,2.0,0.0,9547.0,0.0,0.0,-3.0,0.0,-23909.0,1716.46852,1725.69048,1731.477035,-9.221960000000081,-15.00851500000044,1725.813912142857,1737.356803698413,235651.1,398056.8,0.18354,1.286331228913628,1.76657037861019,3.052901607523818,2.0,9547.0,-3.0,-23909.0,-0.07567477574557849,-0.4369683508778197,0.1596,0.2274509803921568,0.0959,0.1533,0.1831
20260721,1727.3867,1729.4478,1732.2106,1717.8981,537205.0,-9384.0,235554.0,2.0,-1.0,8514.0,-4575.0,1.0,-2.0,928.0,-20848.0,1713.13832,1724.38132,1728.902785,-11.24299999999994,-15.76446499999975,1725.284206666667,1735.121140420635,230832.8,,,1.289268816511075,1.71926510051597,3.008533917027045,1.0,3939.0,-1.0,-19920.0,-0.017468191844826463,-0.4364715360124912,0.1582,0.20915032679738577,0.0959,0.1533,0.1841
20260722,1740.6606,1732.7543,1743.8431,1727.7355,523417.0,-13788.0,280300.0,2.0,0.0,8034.0,0.0,0.0,-3.0,0.0,-14252.0,1717.83844,1724.49944,1727.387525,-6.660999999999831,-9.549084999999877,1726.140250555556,1733.190309373016,244156.3,,,1.301363929252299,1.704030030852029,3.005393960104328,2.0,8034.0,-3.0,-14252.0,-0.026342285405326918,-0.403318168980775,0.1563,0.18431372549019606,0.1507,0.1133,0.2012
20260723,1759.92,1740.6733,1759.92,1738.5835,521208.0,-2209.0,296999.0,2.0,-1.0,6949.0,0.0,0.0,-3.0,0.0,-23912.0,1729.5456,1727.61835,1728.78226,1.927249999999958,0.763339999999971,1728.439762142857,1731.75316702381,256883.1,,,1.218958287548062,1.64229630223056,2.861254589778622,1.0,6949.0,-3.0,-23912.0,-0.004238231186014029,-0.3687881173399324,0.1528,0.13856209150326793,0.1507,0.1187,0.2183
20260724,1759.9339,1765.2228,1773.0169,1749.8632,523545.0,2337.0,277635.0,2.0,-1.0,5800.0,-2.0,0.0,-3.0,0.0,-25869.0,1742.52136,1730.33181,1730.28574,12.18955000000005,12.23562000000015,1731.448114682539,1730.862417650794,261571.2,,,1.233090089481434,1.599661897216914,2.832751986698348,1.0,5798.0,-3.0,-25869.0,0.004463799673380512,-0.4509508276935989,0.1596,0.3096085409252669,0.1507,0.1253,0.1751
20260727,1759.6029,1747.1975,1760.1372,1742.3675,526084.0,2539.0,233894.0,1.0,-1.0,7578.0,-266.0,0.0,-3.0,0.0,-22495.0,1749.50082,1732.98467,1731.46854,16.51615000000015,18.03227999999967,1733.855047539683,1730.376791428572,267013.3,,,1.212539735833237,1.583307885723781,2.795847621557018,0.0,7312.0,-3.0,-22495.0,0.004826225469696854,-0.449552562186802,0.1553,0.23309608540925267,0.1918,0.132,0.1761
20260728,1747.3762,1751.399,1752.4319,1732.5199,514415.0,-11669.0,310577.0,2.0,-1.0,6068.0,-1790.0,1.0,-2.0,4362.0,-24482.0,1753.49872,1733.31852,1732.27009,20.18020000000001,21.22863000000007,1735.337676031746,1730.107492650794,273175.9,,,1.282294055864949,1.583307885723781,2.86560194158873,1.0,4278.0,-1.0,-20120.0,-0.022684019711711363,-0.4376644322640111,0.1418,0.0,0.1644,0.1453,0.1851
20260729,1749.3569,1749.1757,1759.5293,1744.026,507685.0,-6730.0,245014.0,1.0,-1.0,6084.0,-1705.0,1.0,-2.0,3239.0,-24716.0,1755.23798,1736.53821,1733.69071,18.69976999999994,21.5472699999998,1737.095463650794,1730.277255769841,266995.9,,,1.283183690289594,1.583307885723781,2.866491576013375,0.0,4379.0,-1.0,-21477.0,-0.013256251415740074,-0.4471066822439662,0.1503,0.20782396088019514,0.1781,0.1453,0.1781
20260730,1745.6905,1758.3191,1758.3191,1731.0862,507927.0,242.0,236873.0,2.0,-1.0,6119.0,-1624.0,1.0,-2.0,3489.0,-22710.0,1752.39208,1740.96884,1735.33416,11.42324000000008,17.05792000000019,1738.386671269841,1730.936852333333,268360.9,,,1.29171548549038,1.565913914559731,2.857629400050111,1.0,4495.0,-1.0,-19221.0,0.00047644641848139596,-0.4898235407155942,0.1566,0.361858190709046,0.1918,0.1653,0.16
20260731,1749.7853,1745.1004,1755.8094,1737.3072,513382.0,5455.0,240608.0,1.0,-1.0,5779.0,-2436.0,1.0,-2.0,4029.0,-20358.0,1750.36236,1746.44186,1736.584425,3.92049999999972,13.77793500000007,1739.646885793651,1732.144799047619,268916.8,,0.18354,1.309255702877351,1.553957231277261,2.863212934154612,0.0,3343.0,-1.0,-16329.0,0.010625616013027337,-0.4986734711449236,0.1596,0.43520782396087987,0.1507,0.088,0.1569
20260803,1692.3879,1735.8586,1736.2269,1683.1292,568085.0,54703.0,581603.0,1.0,-1.0,6901.0,-1494.0,1.0,-3.0,0.0,-19166.0,1736.91936,1743.21009,1734.450285,-6.29072999999994,2.469074999999748,1736.742818809524,1733.237689714286,293905.7,697923.6,0.22195,1.512050943952491,1.553957231277261,3.066008175229751,0.0,5407.0,-2.0,-19166.0,0.09629368844451094,-0.6715065575431736,0.193,1.0,0.1781,0.1387,0.0795
20260804,1691.3655,1697.5211,1698.4252,1683.5492,587576.0,19491.0,383070.0,2.0,-1.0,4584.0,-1846.0,1.0,-3.0,0.0,-17691.0,1725.71722,1739.60797,1731.994645,-13.89075000000025,-6.277424999999994,1732.719948253969,1733.981263873016,308657.3,459684.0,,1.434044438567675,1.553957231277261,2.988001669844936,1.0,2738.0,-2.0,-17691.0,0.033171879042030304,-0.6633988095686678,0.1763,0.6738281250000001,0.1918,0.1667,0.0845
20260805,1751.5711,1715.5634,1761.7799,1705.2293,545810.0,-41766.0,716330.0,0.0,-1.0,0.0,-2485.0,1.0,-2.0,3084.0,-14191.0,1726.16006,1740.69902,1732.59923,-14.53896000000032,-6.439170000000559,1733.446725079365,1734.711911325397,352260.3,859596.0,,1.632405820930012,1.565913914559731,3.198319735489743,-1.0,-2485.0,-1.0,-11107.0,-0.07652113372785402,-0.5844018114391375,0.1829,0.802734375,0.2877,0.2227,0.1227
20260806,1739.6911,1750.5115,1756.1931,1734.1577,529609.0,-16201.0,309803.0,2.0,-1.0,5242.0,-1784.0,1.0,-2.0,1238.0,-15383.0,1724.96018,1738.67613,1733.14724,-13.71594999999979,-8.187059999999747,1734.456473968254,1735.313582507937,353540.7,,,1.62090867338239,1.565913914559731,3.186822587942122,1.0,3458.0,-1.0,-14145.0,-0.03059049223106103,-0.661626988571042,0.1632,0.41796875000000006,0.3014,0.2333,0.0855
20260807,1747.4986,1738.6146,1752.6091,1738.4704,520542.0,-9067.0,211022.0,2.0,-1.0,4852.0,-1246.0,1.0,-2.0,3292.0,-18939.0,1724.50284,1737.4326,1733.882205,-12.92975999999976,-9.379365000000007,1735.598563095238,1735.728627349206,346879.4,,,1.516572343599192,1.565913914559731,3.082486258158923,1.0,3606.0,-1.0,-15647.0,-0.017418383146796994,-0.5964331977925763,0.154,0.2382812499999998,0.3151,0.2467,0.1157
20260810,1743.3496,1748.602,1750.2964,1740.4312,524851.0,4309.0,276584.0,2.0,-1.0,5467.0,-1406.0,0.0,-3.0,0.0,-22866.0,1734.69518,1735.80727,1734.39597,-1.11209000000008,0.2992099999999027,1736.647643650794,1736.007886960317,351148.4,,,1.497336342454725,1.553957231277261,3.051293573731986,1.0,4061.0,-3.0,-22866.0,0.008209949109366278,-0.612321647975852,0.16,0.3554687499999999,0.3288,0.2707,0.1046
20260811,1726.2566,1746.817,1746.9714,1715.9248,539434.0,14583.0,367742.0,2.0,-1.0,5906.0,-624.0,1.0,-2.0,3744.0,-21831.0,1741.6734,1733.69531,1733.506915,7.978090000000293,8.166485000000193,1736.51162079365,1736.125281436508,356864.9,,,1.558106356876938,1.565913914559731,3.124020271436669,1.0,5282.0,-1.0,-18087.0,0.027033891078426648,-0.5964968375218558,0.1372,0.0,0.4521,0.3373,0.1167
20260812,1716.4415,1725.5389,1725.7164,1711.4938,537706.0,-1728.0,295707.0,1.0,-1.0,8365.0,-2269.0,1.0,-2.0,1395.0,-12734.0,1734.64748,1730.40377,1733.47099,4.243709999999965,1.176490000000285,1735.081408333333,1735.923875904762,361934.2,,,1.533862178618167,1.565913914559731,3.099776093177898,0.0,6096.0,-1.0,-11339.0,-0.0032136520700903467,-0.6840346364121482,0.1433,0.10931899641577097,0.4521,0.3733,0.0785
20260813,1710.9778,1712.8196,1716.1909,1697.468,538368.0,662.0,344174.0,2.0,-1.0,7785.0,-1573.0,1.0,-2.0,1212.0,-11250.0,1728.90482,1726.9325,1733.95067,1.972320000000082,-5.045850000000428,1732.812142539683,1735.366423031746,372664.3,,,1.519733254244203,1.553957231277261,3.073690485521464,1.0,6212.0,-1.0,-10038.0,0.0012296421778411793,-0.7260942764783397,0.1443,0.127240143369176,0.4795,0.4,0.0634
20260814,1715.9906,1708.6492,1719.6293,1703.3252,533869.0,-4499.0,326862.0,2.0,-1.0,8275.0,-1963.0,1.0,-3.0,0.0,-10037.0,1722.60322,1723.55303,1734.997445,-0.9498100000000704,-12.39422500000001,1730.727627857143,1734.474497238095,381289.7,,,1.516419658339394,1.553957231277261,3.070376889616655,1.0,6312.0,-2.0,-10037.0,-0.008427160970200555,-0.7130035688481867,0.1454,0.14695340501792134,0.5205,0.424,0.0674
20260817,1720.1294,1721.1178,1726.4212,1714.6677,519291.0,-14578.0,294326.0,2.0,-1.0,7999.0,-669.0,0.0,-3.0,0.0,-13944.0,1717.95918,1726.32718,1734.768635,-8.367999999999483,-16.80945499999962,1729.460752063492,1733.746290563492,352562.0,,0.1725,1.454783209287095,1.553957231277261,3.008740440564356,1.0,7330.0,-3.0,-13944.0,-0.028072891692711793,-0.6036241591434544,0.15,0.22939068100358426,0.5479,0.4733,0.1137
20260818,1728.6472,1721.1194,1744.0011,1717.4985,522526.0,3235.0,354146.0,2.0,0.0,9663.0,0.0,0.0,-3.0,0.0,-16063.0,1718.4373,1730.05535,1734.83166,-11.61804999999981,-16.39436000000023,1728.840057380952,1733.35830147619,349669.6,,,1.501518870142698,1.539854164972556,3.041373035115254,2.0,9663.0,-3.0,-16063.0,0.006191079486953759,-0.5030855244147878,0.1446,0.1326164874551974,0.7945,0.7187,0.167
20260819,1737.1956,1730.4584,1745.9547,1730.1556,516557.0,-5969.0,329294.0,1.0,-1.0,7849.0,-2934.0,1.0,-3.0,0.0,-11838.0,1722.58812,1728.6178,1734.65841,-6.029680000000099,-12.07029000000011,1728.987921984127,1732.912421166666,310966.0,,,1.460983804098346,1.479514513194239,2.940498317292585,0.0,4915.0,-2.0,-11838.0,-0.01155535594329377,-0.5166999705811538,0.1415,0.07706093189964153,0.7945,0.7493,0.1579
20260820,1754.8508,1743.7227,1757.4416,1742.6912,516727.0,170.0,282526.0,2.0,-1.0,6859.0,-41.0,1.0,-2.0,3620.0,-9852.0,1731.36272,1730.13377,1734.40495,1.228949999999941,-3.042230000000245,1730.631727460318,1732.529946515873,308238.3,,,1.467890527559421,1.442942030584183,2.910832558143603,1.0,6818.0,-1.0,-6232.0,0.0003289938400741591,-0.4509221704148926,0.1437,0.11648745519713269,0.8219,0.7493,0.1911
20260821,1764.338,1755.4598,1774.6995,1750.909,514430.0,-2297.0,277058.0,2.0,0.0,11345.0,0.0,1.0,-3.0,0.0,-11778.0,1741.0322,1731.81771,1734.625155,9.214490000000069,6.40704500000038,1733.361821904762,1732.306272396826,314841.9,,,1.286757241745826,1.43020789765058,2.716965139396406,2.0,11345.0,-2.0,-11778.0,-0.004465136170130047,-0.4924253526183735,0.1427,0.09856630824372765,0.8082,0.7493,0.173
