,收盘价,开盘价,最高价,最低价,持仓量,持仓量变动,成交量,家人多头席位数,家人空头席位数,家人多头持仓量,家人空头持仓量,机构多头席位数,机构空头席位数,机构多头持仓量,机构空头持仓量,ma5,ma10,ma20,diff5_10,diff5_20,DKX,MADKX,成交量MA10,成交量放大信号,ATRMA14,ATR60D60pct,推荐止损宽度,家人净多头席位,家人净多头持仓量,机构净多头席位,机构净多头持仓量,持仓量变幅,CB_index,IV,IV_pct,趋势横截面分位数,趋势历史分位数,CB_index历史分位数
20240506,11642.0342,11575.2852,11747.6709,11566.1406,89465.0,-1297.0,50594.0,0.0,0.0,0.0,0.0,2.0,-1.0,3102.0,-4020.0,11556.37638,11647.58683,11842.384525,-91.21045000000049,-286.0081449999998,11736.27662388889,11874.14765004762,83253.9,,1.759415045056842,2.164961437642306,3.924376482699148,0.0,0.0,1.0,-918.0,-0.01449728944279886,-0.5830674752894649,,,0.5205,0.5613,0.481
20240507,11751.4063,11641.1328,11836.6182,11617.5127,85399.0,-4066.0,70914.0,0.0,0.0,0.0,0.0,2.0,-1.0,3821.0,-3701.0,11619.8465,11648.37277,11831.547175,-28.5262700000003,-211.700675,11724.38952857143,11846.47508019048,81410.8,,1.727180561389215,2.164961437642306,3.892141999031522,0.0,0.0,1.0,120.0,-0.04761179873300624,-0.5826272569026264,,,0.5616,0.588,0.481
20240508,11723.4258,11743.1855,11876.4541,11711.3984,86380.0,981.0,59290.0,0.0,0.0,0.0,0.0,2.0,-1.0,3714.0,-3516.0,11654.84338,11634.28898,11821.49825,20.55439999999908,-166.6548700000003,11715.35890722222,11820.08581279365,77067.9,,1.73015850470409,2.164961437642306,3.895119942346396,0.0,0.0,1.0,198.0,0.011356795554526511,-0.5513021845112489,,,0.5753,0.588,0.508
20240509,11727.6592,11746.9219,11746.9219,11600.3682,86324.0,-56.0,58379.0,0.0,0.0,0.0,0.0,2.0,-1.0,3683.0,-3020.0,11683.95354,11625.35324,11798.277355,58.60030000000006,-114.3238149999997,11704.29575484127,11794.31241834921,71426.3,,1.684070388496325,2.164961437642306,3.849031826138631,0.0,0.0,1.0,663.0,-0.0006487187804086928,-0.7541317348207258,,,0.5479,0.5893,0.326
20240510,11676.6133,11731.9248,11784.2266,11650.0234,86766.0,442.0,61215.0,0.0,0.0,0.0,0.0,2.0,-1.0,3577.0,-3009.0,11704.22776,11624.81144,11763.392495,79.41632000000027,-59.16473500000029,11695.08978111111,11770.0229700873,68877.0,,1.641917262991386,2.164961437642306,3.806878700633693,0.0,0.0,1.0,568.0,0.005094161307424567,-0.8150420271900222,,,0.5753,0.5907,0.274
20240513,11970.8613,11670.3701,11975.0547,11646.6611,88536.0,1770.0,96839.0,0.0,0.0,0.0,0.0,2.0,-1.0,2142.0,-3110.0,11769.99318,11663.18478,11747.61608,106.8084000000017,22.3770999999997,11704.33130865079,11750.08099870635,70803.7,116206.8,1.732389946842368,2.164961437642306,3.897351384484675,0.0,0.0,1.0,-968.0,0.019991867714827867,-0.7681746314824817,,,0.6438,0.6453,0.309
20240514,11917.1934,11967.5303,12140.333,11917.1924,90860.0,2324.0,100977.0,1.0,0.0,484.0,0.0,2.0,-1.0,277.0,-3541.0,11803.1506,11711.49855,11736.67282,91.65204999999878,66.47777999999926,11724.28129174603,11736.59547118254,72596.4,121172.4,1.729042532451924,2.164961437642306,3.89400397009423,1.0,484.0,1.0,-3264.0,0.025577812018489986,-0.6759381089449481,,,0.6712,0.744,0.398
20240515,12016.0586,11930.4072,12062.7334,11862.6016,92204.0,1344.0,71731.0,1.0,0.0,350.0,0.0,1.0,-2.0,452.0,-4397.0,11861.67716,11758.26027,11738.94274,103.4168900000004,122.7344200000007,11746.51443515873,11729.50425745238,70780.2,,1.715974312796203,2.164961437642306,3.880935750438509,1.0,350.0,-1.0,-3945.0,0.014576374126935925,-0.7158327368183359,,,0.6849,0.7613,0.361
20240516,12213.5879,12024.2051,12304.6533,11952.7598,94755.0,2551.0,101272.0,1.0,0.0,85.0,0.0,1.0,-2.0,326.0,-3656.0,11958.8629,11821.40822,11751.11442,137.4546799999989,207.7484800000002,11786.09388476191,11729.46141607143,74829.5,121526.4,1.797992112418297,2.265040722054435,4.063032834472732,1.0,85.0,-1.0,-3330.0,0.026922062160308163,-0.4872657071514331,,,0.6986,0.7347,0.575
20240517,12227.3652,12224.7646,12274.0518,12173.2021,92654.0,-2101.0,56613.0,1.0,0.0,247.0,0.0,2.0,-2.0,1081.0,-3251.0,12069.01328,11886.62052,11773.84303,182.3927599999988,295.1702499999992,11830.81285420635,11736.74443701587,72782.4,,1.70464231497292,2.265040722054435,3.969683037027355,1.0,247.0,0.0,-2170.0,-0.022675761435016296,-0.5084227802240007,,,0.7534,0.7413,0.55
20240520,12348.1396,12237.2363,12437.0947,12151.6689,89792.0,-2862.0,102660.0,1.0,0.0,1110.0,0.0,1.0,-2.0,1351.0,-3705.0,12144.46894,11957.23106,11802.408945,187.2378800000006,342.0599950000014,11882.09969769841,11751.32674439683,77989.0,123192.0,1.710051386601797,2.265040722054435,3.975092108656233,1.0,1110.0,-1.0,-2354.0,-0.031873663578047044,-0.4109792594024506,,,0.7534,0.748,0.648
20240521,12304.1357,12328.0869,12609.7461,12298.7607,88028.0,-1764.0,113729.0,2.0,0.0,1979.0,0.0,1.0,-2.0,904.0,-2892.0,12221.8574,12012.504,11830.438385,209.3534,391.4190149999977,11934.81700142857,11772.36949168254,82270.5,136474.8,1.746345934374644,2.274484623418858,4.020830557793501,2.0,1979.0,-1.0,-1988.0,-0.020039078475030673,-0.5020594153078655,,,0.7945,0.72,0.558
20240522,12399.5107,12307.9834,12463.8184,12307.9834,87415.0,-613.0,60191.0,2.0,0.0,1509.0,0.0,1.0,-2.0,463.0,-4336.0,12298.54782,12080.11249,11857.200735,218.4353300000021,441.3470850000012,11987.55695396825,11799.58929635714,82360.6,,1.759291190565791,2.274484623418858,4.033775813984648,2.0,1509.0,-1.0,-3873.0,-0.007012526454269862,-0.4275035930401827,,,0.6027,0.4947,0.633
20240523,12477.4072,12407.0566,12687.6445,12310.5068,84567.0,-2848.0,149177.0,1.0,0.0,1364.0,0.0,1.0,-2.0,982.0,-6327.0,12351.31168,12155.08729,11890.220265,196.2243900000012,461.0914150000008,12046.77900857143,11833.83762173016,91440.4,179012.4,1.89084097917963,2.274484623418858,4.165325602598488,1.0,1364.0,-1.0,-5345.0,-0.033677439190227865,-0.34679298984497,,,0.6301,0.4947,0.706
20240524,12714.4775,12527.8896,12913.9189,12525.5059,87394.0,2827.0,150129.0,1.0,0.0,661.0,0.0,2.0,-2.0,384.0,-6308.0,12448.73414,12258.87371,11941.842575,189.8604300000006,506.8915650000017,12122.79553523809,11876.60819714286,100331.8,180154.8,2.029335221066901,2.274484623418858,4.303819844485758,1.0,661.0,0.0,-5924.0,0.03234775842735199,-0.3541295876089821,,,0.6301,0.4947,0.699
20240527,12698.3398,12701.2578,12818.7207,12599.1836,90618.0,3224.0,123107.0,1.0,0.0,1860.0,0.0,2.0,-1.0,778.0,-6233.0,12518.77418,12331.62156,11997.40317,187.1526199999989,521.3710099999989,12196.02264571429,11925.77733084921,102958.6,,2.018312200901228,2.274484623418858,4.292796824320085,1.0,1860.0,1.0,-5455.0,0.03557792050144563,-0.4146386088156755,,,0.6164,0.4947,0.639
20240528,12863.5684,12727.6396,13350.1162,12727.6396,105707.0,15089.0,248635.0,2.0,0.0,2204.0,0.0,2.0,-2.0,1147.0,-6777.0,12630.66072,12426.25906,12068.878805,204.4016599999995,561.7819149999996,12281.96707492064,11981.54590916667,117724.4,298362.0,2.288609939224954,2.274484623418858,4.563094562643812,2.0,2204.0,0.0,-5630.0,0.1427436215198615,-0.5715892623634081,,,0.6575,0.5,0.482
20240529,13131.8516,12923.4844,13151.877,12775.7148,110178.0,4471.0,137047.0,2.0,0.0,3986.0,0.0,2.0,-1.0,370.0,-6690.0,12777.1289,12537.83836,12148.049315,239.29054,629.0795849999995,12375.14774777778,12044.40924042857,124256.0,,2.402782597108898,2.287194858083273,4.689977455192171,2.0,3986.0,1.0,-6320.0,0.040579789068598084,-0.3320723254684997,,,0.6986,0.5,0.72
20240530,13499.1738,13178.3193,13614.1074,13178.3193,123672.0,13494.0,306474.0,2.0,0.0,5145.0,0.0,1.0,-2.0,0.0,-7291.0,12981.48222,12666.39695,12243.902585,315.0852700000014,737.5796350000019,12496.86293936508,12115.48614588889,144776.2,367768.8,2.576862883826411,2.298839180673014,4.875702064499425,2.0,5145.0,-1.0,-7291.0,0.10911119736076072,-0.2077283992808905,,,0.8493,0.72,0.802
20240531,13052.9922,13487.125,13487.4658,12868.6982,117721.0,-5951.0,256639.0,2.0,0.0,3824.0,0.0,2.0,-2.0,1051.0,-8653.0,13049.18516,12748.95965,12317.790085,300.2255100000002,731.3950750000004,12586.09592555555,12191.01445302381,164778.8,307966.8,2.73277727211374,2.298839180673014,5.031616452786754,2.0,3824.0,0.0,-7602.0,-0.05055172823880191,-0.3580679932851525,,,0.8082,0.704,0.69
20240603,12893.4404,13079.8711,13115.9834,12764.8662,117634.0,-87.0,137833.0,2.0,0.0,4296.0,0.0,1.0,-2.0,537.0,-8499.0,13088.20528,12803.48973,12380.360395,284.715549999999,707.8448850000004,12646.1634368254,12267.42082693651,168296.1,,2.790059513702259,2.306705048394734,5.096764562096993,2.0,4296.0,-1.0,-7962.0,-0.000739582093612391,-0.4809553594790658,,,0.726,0.7013,0.57
20240604,12776.5195,12871.2852,12883.2627,12578.5342,118037.0,403.0,118808.0,2.0,0.0,5243.0,0.0,1.0,-2.0,94.0,-11063.0,13070.7955,12850.72811,12431.616055,220.0673899999983,639.1794449999979,12685.00084896825,12342.43921169047,168804.0,,2.842737903294133,2.333422903986521,5.176160807280654,2.0,5243.0,-1.0,-10969.0,0.003414183688165575,-0.3904081496382623,,,0.6986,0.756,0.662
20240605,12811.9316,12773.8936,12877.3047,12676.3076,117103.0,-934.0,107111.0,2.0,0.0,4590.0,0.0,0.0,-2.0,0.0,-11437.0,13006.8115,12891.9702,12486.041345,114.8413,520.7701549999983,12720.42044531746,12415.7255608254,173496.0,,2.748514096498124,2.333422903986521,5.081937000484645,2.0,4590.0,-2.0,-11437.0,-0.007975884477767436,-0.3959436077880569,,,0.6849,0.7453,0.656
20240606,13255.2109,12827.1748,13269.6973,12698.8877,117602.0,499.0,183336.0,2.0,0.0,4135.0,0.0,1.0,-2.0,0.0,-10367.0,12958.01892,12969.75057,12562.41893,-11.73165000000154,395.5999899999988,12778.99951880952,12488.94761184921,176911.9,,2.994967007117042,2.40568530766892,5.400652314785962,2.0,4135.0,-1.0,-10367.0,0.004243125116919781,-0.44408502826529,,,0.6712,0.7293,0.611
20240607,13659.1006,13250.1982,13750.9023,13250.1982,125351.0,7749.0,259086.0,2.0,0.0,4360.0,0.0,1.0,-2.0,146.0,-8949.0,13079.2406,13064.21288,12661.543295,15.02771999999823,417.6973049999997,12872.58897166666,12563.92695549206,187807.6,310903.2,3.092462150607504,2.40568530766892,5.498147458276424,2.0,4360.0,-1.0,-8803.0,0.06181841389378625,-0.4091260299657618,,,0.6849,0.676,0.644
20240611,13191.3574,13671.2061,13734.1494,13133.2373,118627.0,-6724.0,187590.0,1.0,0.0,2451.0,0.0,0.0,-3.0,0.0,-10886.0,13138.824,13113.51464,12722.5681,25.30935999999929,416.2558999999983,12940.92066515873,12638.41675743651,194255.9,,3.237144457918721,2.40568530766892,5.64282976558764,1.0,2451.0,-3.0,-10886.0,-0.056681868377350855,-0.3719566010265929,,,0.6301,0.5773,0.677
20240612,13380.916,13191.5479,13432.6396,12970.7422,118401.0,-226.0,152494.0,1.0,-1.0,3279.0,-1333.0,0.0,-3.0,0.0,-10629.0,13259.7033,13165.2494,12795.75423,94.45389999999861,463.9490699999988,12996.23668706349,12709.84371865079,184641.8,,3.385409738308752,2.464933682397627,5.850343420706379,0.0,1946.0,-3.0,-10629.0,-0.0019087676624352835,-0.546857943536885,,,0.6301,0.4587,0.494
20240613,13128.7803,13401.2227,13495.7021,12918.0088,115430.0,-2971.0,164729.0,1.0,0.0,3177.0,0.0,0.0,-3.0,0.0,-12717.0,13323.07304,13164.94227,12851.390315,158.1307699999998,471.6827249999988,13035.65987436508,12775.89493130952,187410.0,,3.482922156876691,2.489249807048687,5.972171963925378,1.0,3177.0,-3.0,-12717.0,-0.025738542839816338,-0.4614723837330864,,,0.4384,0.3587,0.585
20240614,12894.5547,13143.4912,13146.3652,12845.7695,112595.0,-2835.0,158096.0,0.0,0.0,0.0,0.0,1.0,-2.0,895.0,-12360.0,13250.9418,13104.48036,12885.438655,146.4614400000009,365.5031450000006,13048.52819420635,12831.06145679365,172572.2,,3.405324632004897,2.489249807048687,5.894574439053583,0.0,0.0,-1.0,-11465.0,-0.0251787379546161,-0.4132358268812767,,,0.3151,0.3027,0.633
20240617,12579.1104,12833.5137,12833.5137,12554.3887,112869.0,274.0,148956.0,0.0,0.0,0.0,0.0,1.0,-2.0,1857.0,-13070.0,13034.94376,13057.09218,12903.025915,-22.14842000000135,131.9178449999981,13027.44487420635,12875.19635165873,161803.9,,3.473416628616718,2.489249807048687,5.962666435665405,0.0,0.0,-1.0,-11213.0,0.002427593050350406,-0.2149287320902037,,,0.3836,0.3853,0.794
20240618,12616.8398,12633.6631,12750.0234,12577.4365,110357.0,-2512.0,101899.0,0.0,0.0,0.0,0.0,1.0,-2.0,2159.0,-13861.0,12920.04024,13029.43212,12916.460925,-109.391880000001,3.579314999997223,13002.21517619048,12910.80152559524,158210.5,,3.216067140445911,2.464933682397627,5.681000822843537,0.0,0.0,-1.0,-11702.0,-0.02276248901293076,-0.5000470988599963,,,0.3973,0.368,0.543
20240619,12678.2031,12549.7129,12728.9502,12402.4619,111066.0,709.0,113548.0,0.0,0.0,0.0,0.0,1.0,-2.0,2093.0,-14028.0,12779.49766,13019.60048,12935.164295,-240.1028200000001,-155.6666349999996,12973.8522697619,12939.6866676746,157684.5,,3.196834260729545,2.464933682397627,5.661767943127171,0.0,0.0,-1.0,-11935.0,0.006383591738245728,-0.4494913259731883,,,0.411,0.356,0.602
20240620,12763.9766,12726.1104,12835.7949,12677.9512,109478.0,-1588.0,98029.0,0.0,0.0,0.0,0.0,1.0,-2.0,1873.0,-12548.0,12706.53692,13014.80498,12953.38759,-308.2680600000003,-246.8506699999998,12956.73955793651,12963.31857893651,156776.3,,3.031211074099043,2.384600359349892,5.415811433448935,0.0,0.0,-1.0,-10675.0,-0.014505197391256691,-0.4770198718230156,,,0.4795,0.3413,0.565
20240621,12597.6484,12824.0547,12848.8447,12549.9561,106962.0,-2516.0,100266.0,0.0,0.0,0.0,0.0,1.0,-2.0,2855.0,-13315.0,12647.15566,12949.04873,12959.39965,-301.8930699999983,-312.243989999999,12929.42240920635,12978.36086797619,148469.3,,2.855859976159028,2.347739773642563,5.20359974980159,0.0,0.0,-1.0,-10460.0,-0.023522372431330752,-0.5235399416504211,,,0.411,0.2653,0.513
20240624,12621.7061,12580.085,12700.3311,12541.1348,105771.0,-1191.0,98602.0,0.0,0.0,0.0,0.0,1.0,-2.0,2116.0,-12642.0,12655.6748,12845.30928,12954.76108,-189.6344800000006,-299.0862799999995,12897.4410436508,12980.8460751746,132420.9,,2.754088995342895,2.319366271773837,5.073455267116731,0.0,0.0,-1.0,-10526.0,-0.011260175284340698,-0.5129291752523548,,,0.411,0.252,0.524
20240625,12818.7334,12715.8525,13070.3311,12670.1641,107080.0,1309.0,179404.0,0.0,0.0,0.0,0.0,1.0,-2.0,1448.0,-10960.0,12696.05352,12808.04688,12960.78076,-111.9933600000004,-264.7272400000002,12883.47022126984,12975.10103078571,131602.3,215284.8,2.827325241529525,2.347739773642563,5.175065015172088,0.0,0.0,-1.0,-9512.0,0.012224505042958536,-0.4554312274297461,,,0.4247,0.248,0.594
20240626,12706.4707,12802.5547,12802.5547,12478.0234,106098.0,-982.0,145751.0,0.0,0.0,0.0,0.0,1.0,-2.0,872.0,-10586.0,12701.70704,12740.60235,12952.925875,-38.89530999999988,-251.2188350000015,12858.79419793651,12961.35678187302,130928.0,,2.906208853141841,2.409435137002159,5.315643990144,0.0,0.0,-1.0,-9714.0,-0.009255593884898867,-0.4443275448221584,,,0.1507,0.04,0.606
20240627,12502.3926,12714.1768,12776.9902,12468.5898,104022.0,-2076.0,120915.0,0.0,0.0,0.0,0.0,1.0,-2.0,452.0,-8534.0,12649.39024,12677.96358,12921.452925,-28.57334000000083,-272.0626850000026,12822.03790079365,12939.99458451587,126546.6,,2.772684367638774,2.409435137002159,5.182119504640934,0.0,0.0,-1.0,-8082.0,-0.019957316721462767,-0.6096801612060119,,,0.1644,0.0413,0.434
20240628,12458.1055,12496.4443,12568.8262,12386.877,103230.0,-792.0,115396.0,0.0,0.0,0.0,0.0,1.0,-2.0,679.0,-9158.0,12621.48166,12634.31866,12869.39951,-12.83699999999953,-247.9178499999998,12781.33638825397,12913.27540392063,122276.6,,2.613157700095164,2.409435137002159,5.022592837097323,0.0,0.0,-1.0,-8479.0,-0.0076721883173496075,-0.7569154479959049,,,0.137,0.0427,0.295
20240701,12473.833,12477.5342,12503.6533,12296.7119,100369.0,-2861.0,92705.0,0.0,0.0,0.0,0.0,1.0,-2.0,253.0,-10824.0,12591.90704,12623.79092,12840.44155,-31.88388000000123,-248.5345099999995,12740.08572896825,12884.53948939682,116651.5,,2.402621295193482,2.409435137002159,4.812056432195641,0.0,0.0,-1.0,-10571.0,-0.02850481722444181,-0.5289330015707875,,,0.1507,0.044,0.501
20240702,12671.5566,12509.2656,12684.335,12444.6094,99484.0,-885.0,88537.0,0.0,0.0,0.0,0.0,1.0,-2.0,0.0,-8580.0,12562.47168,12629.2626,12829.34736,-66.79092000000128,-266.875680000001,12717.16399896826,12856.0343716746,115315.3,,2.287063652548855,2.409435137002159,4.696498789551014,0.0,0.0,-1.0,-8580.0,-0.008895902858751156,-0.4472590574528208,,,0.1507,0.04,0.603
20240703,12670.1309,12670.3633,12708.4229,12517.7725,97363.0,-2121.0,71468.0,0.0,0.0,0.0,0.0,1.0,-2.0,451.0,-9294.0,12555.20372,12628.45538,12824.02793,-73.2516599999999,-268.8242099999989,12699.30048730159,12828.57919342857,111107.3,,2.074385675056793,2.409435137002159,4.483820812058951,0.0,0.0,-1.0,-8843.0,-0.02178445610755626,-0.5731640141578594,,,0.1233,0.0413,0.458
20240704,12538.9717,12663.8047,12722.5586,12534.8672,97276.0,-87.0,81232.0,0.0,0.0,0.0,0.0,1.0,-2.0,159.0,-9500.0,12562.51954,12605.95489,12810.379935,-43.43534999999974,-247.8603949999997,12675.69189857143,12800.47442749206,109427.6,,2.014663250913062,2.409435137002159,4.424098387915221,0.0,0.0,-1.0,-9341.0,-0.0008943624326658168,-0.6862468812473762,,,0.1096,0.0427,0.359
20240705,12222.5166,12546.6963,12546.6963,12196.3926,96449.0,-827.0,105463.0,0.0,0.0,0.0,0.0,1.0,-2.0,0.0,-8548.0,12515.40176,12568.44171,12758.74522,-53.03995000000214,-243.3434600000019,12628.62081666667,12770.39426823809,109947.3,,2.024486182559214,2.409435137002159,4.433921319561374,0.0,0.0,-1.0,-8548.0,-0.008574479776876899,-0.7637610760221383,,,0.137,0.044,0.282
20240708,12206.501,12211.8262,12276.0088,12130.9385,95578.0,-871.0,77096.0,0.0,0.0,0.0,0.0,1.0,-2.0,395.0,-9342.0,12461.93536,12526.9212,12686.11524,-64.98584000000119,-224.1798800000015,12577.48239126984,12738.398403,107796.7,,2.013567484089941,2.347739773642563,4.361307257732504,0.0,0.0,-1.0,-8947.0,-0.009112975789407604,-0.6613456896566107,,,0.1233,0.0453,0.382
20240709,12294.2422,12223.7041,12311.8174,12172.1299,97528.0,1950.0,69350.0,0.0,0.0,0.0,0.0,1.0,-3.0,515.0,-10451.0,12386.47248,12474.47208,12641.25948,-87.99959999999919,-254.7870000000003,12534.6838565873,12703.51976653174,96791.3,,1.911560780942423,2.347739773642563,4.259300554584986,0.0,0.0,-2.0,-9936.0,0.01999425805922402,-0.5318699232786986,,,0.137,0.0467,0.495
20240710,12272.5137,12306.4551,12402.2744,12148.9482,98245.0,717.0,104334.0,0.0,0.0,0.0,0.0,1.0,-2.0,966.0,-10923.0,12306.94904,12431.07638,12585.839365,-124.1273400000009,-278.8903250000003,12499.12458150793,12667.55280488889,92649.6,,1.971471619762643,2.319366271773837,4.29083789153648,0.0,0.0,-1.0,-9957.0,0.00729808132729401,-0.6341670550159524,,,0.1096,0.048,0.406
20240711,12285.9619,12270.918,12375.8281,12269.4521,98245.0,0.0,79203.0,0.0,0.0,0.0,0.0,1.0,-2.0,1181.0,-11514.0,12256.34708,12409.43331,12543.698445,-153.0862300000008,-287.3513649999986,12470.48905746031,12632.39792055556,88478.4,,1.864819501561028,2.319366271773837,4.184185773334865,0.0,0.0,-1.0,-10333.0,0.0,-0.5808557735153302,,,0.1096,0.0493,0.451
20240712,12225.624,12325.5195,12359.6475,12178.1543,95540.0,-2705.0,72864.0,0.0,0.0,0.0,0.0,1.0,-2.0,1674.0,-11495.0,12256.96856,12386.18516,12510.25191,-129.2166000000016,-253.2833500000015,12442.15699015873,12598.47998074603,84225.2,,1.881844756917947,2.319366271773837,4.201211028691784,0.0,0.0,-1.0,-9821.0,-0.028312748586979276,-0.5781144521641182,,,0.2603,0.144,0.453
20240715,12041.0879,12206.0518,12233.0273,11995.5625,92019.0,-3521.0,103285.0,0.0,0.0,0.0,0.0,1.0,-2.0,1630.0,-10719.0,12223.88594,12342.91065,12483.350785,-119.0247099999997,-259.4648450000004,12399.88947896825,12564.46035574603,85283.2,123942.0,1.768618840711802,2.319366271773837,4.087985112485638,0.0,0.0,-1.0,-9089.0,-0.038263836816309675,-0.4166378117521774,,,0.2603,0.1213,0.628
20240716,12112.708,12047.4678,12119.1777,11993.8457,87704.0,-4315.0,59195.0,0.0,0.0,0.0,0.0,1.0,-2.0,2082.0,-10721.0,12187.5791,12287.02579,12458.144195,-99.44669000000067,-270.5650949999999,12360.69917492063,12528.81387334127,82349.0,,1.650176728183495,2.319366271773837,3.969542999957332,0.0,0.0,-1.0,-8639.0,-0.04919958040682295,-0.5082440081043164,,,0.2329,0.108,0.525
20240717,12168.8936,12141.3057,12275.9531,12099.9238,83914.0,-3790.0,70534.0,0.0,0.0,0.0,0.0,1.0,-2.0,2004.0,-10735.0,12166.85508,12236.90206,12432.67872,-70.04697999999917,-265.8236400000005,12331.79238507936,12492.06306311905,82255.6,,1.576690958814343,2.319366271773837,3.89605723058818,0.0,0.0,-1.0,-8731.0,-0.045165288271325404,-0.4679077068575252,,,0.137,0.092,0.574
20240718,12271.0215,12176.2031,12275.8887,12113.1816,83063.0,-851.0,64712.0,0.0,0.0,0.0,0.0,1.0,-2.0,2278.0,-10160.0,12163.867,12210.10704,12408.030965,-46.24003999999877,-244.1639650000016,12312.42953063492,12455.7368263254,80603.6,,1.567243676719766,2.319366271773837,3.886609948493603,0.0,0.0,-1.0,-7882.0,-0.010245235544105077,-0.5001502383676232,,,0.137,0.084,0.535
20240719,12242.5352,12253.3213,12276.416,12113.2646,79219.0,-3844.0,76054.0,0.0,0.0,0.0,0.0,1.0,-2.0,3348.0,-10062.0,12167.24924,12212.1089,12390.275305,-44.8596600000019,-223.026065,12294.24123865079,12422.29886852381,77662.7,,1.543922340494727,2.319366271773837,3.863288612268564,0.0,0.0,-1.0,-6714.0,-0.048523712745679695,-0.5063009707222491,,,0.1233,0.0613,0.524
20240722,12208.6426,12249.9805,12389.6104,12166.1709,79070.0,-149.0,88502.0,1.0,0.0,1195.0,0.0,1.0,-2.0,2705.0,-10427.0,12200.76018,12212.32306,12369.62213,-11.56287999999768,-168.8619499999986,12278.03602531746,12392.35423192857,78803.3,,1.538601546675771,2.319366271773837,3.857967818449608,1.0,1195.0,-1.0,-7722.0,-0.0018844062223346402,-0.6324392340168524,,,0.1507,0.0573,0.401
20240723,12043.5801,12208.8799,12208.8799,11998.3018,82719.0,3649.0,91212.0,1.0,0.0,1438.0,0.0,1.0,-2.0,3296.0,-10734.0,12186.9346,12187.25685,12330.864465,-0.3222500000010768,-143.9298650000019,12252.34519095238,12364.12036536508,80989.5,,1.555879049731555,2.319366271773837,3.875245321505392,1.0,1438.0,-1.0,-7438.0,0.04411320252904411,-0.7559593145341167,,,0.0411,0.008,0.28
20240724,12221.3633,12070.2705,12281.5742,12050.9561,80984.0,-1735.0,82159.0,1.0,0.0,1396.0,0.0,1.0,-2.0,3205.0,-9626.0,12197.42854,12182.14181,12306.609095,15.28672999999981,-109.180554999999,12236.85852134921,12337.89375934921,78772.0,,1.588220233917017,2.319366271773837,3.907586505690853,1.0,1396.0,-1.0,-6421.0,-0.021423984984688334,-0.6100896208379323,,,0.0411,0.0093,0.421
20240725,11956.6973,12207.9111,12216.0576,11917.5566,81827.0,843.0,98650.0,1.0,0.0,1224.0,0.0,1.0,-2.0,2939.0,-9344.0,12134.5637,12149.21535,12279.32433,-14.65164999999979,-144.7606299999989,12210.18886539683,12311.86374014286,80716.7,118380.0,1.563432861337345,2.347739773642563,3.911172634979908,1.0,1224.0,-1.0,-6405.0,0.010302222982634094,-0.8002717913037182,,,0.0411,0.0107,0.233
20240726,12081.3516,11992.6416,12204.9717,11980.6777,78389.0,-3438.0,76837.0,1.0,0.0,1402.0,0.0,1.0,-2.0,3390.0,-9410.0,12102.32698,12134.78811,12260.486635,-32.46112999999968,-158.1596549999995,12189.11573650794,12286.55961477778,81114.0,,1.625137407184772,2.347739773642563,3.972877180827334,1.0,1402.0,-1.0,-6020.0,-0.04385819438951894,-0.6973572267330636,,,0.0274,0.008,0.335
20240729,12101.458,12089.3652,12167.9063,12031.083,79120.0,731.0,71970.0,1.0,0.0,1670.0,0.0,1.0,-2.0,3115.0,-9140.0,12080.89006,12140.82512,12241.867885,-59.93505999999979,-160.9778250000018,12172.20501253969,12263.79116813492,77982.5,,1.625295312794501,2.347739773642563,3.973035086437063,1.0,1670.0,-1.0,-6025.0,0.00923913043478261,-0.7271025992172766,,,0.0959,0.008,0.308
20240730,11926.4707,12033.3057,12139.1162,11882.627,79179.0,59.0,108983.0,1.0,0.0,1194.0,0.0,1.0,-2.0,3116.0,-9395.0,12057.46818,12122.20139,12204.61359,-64.73321000000033,-147.1454099999992,12146.34292087301,12242.35554273016,82961.3,130779.6,1.630467692195013,2.347739773642563,3.978207465837576,1.0,1194.0,-1.0,-6279.0,0.0007451470718245999,-0.8854290955058587,,,0.0274,0.0093,0.18
20240731,12122.3926,11949.8672,12150.9189,11812.7129,77867.0,-1312.0,99343.0,1.0,0.0,1201.0,0.0,1.0,-2.0,2330.0,-9622.0,12037.67404,12117.55129,12177.226675,-79.87724999999955,-139.5526350000018,12130.53337079365,12222.22964130159,85842.2,,1.768631525502774,2.409435137002159,4.178066662504933,1.0,1201.0,-1.0,-7292.0,-0.016849242939884674,-0.8795769865688065,,,0.0274,0.0107,0.185
20240801,12101.0332,12110.6299,12224.8369,12071.7285,76118.0,-1749.0,66690.0,1.0,0.0,1145.0,0.0,1.0,-2.0,2574.0,-8597.0,12066.54122,12100.55246,12155.32975,-34.01124000000164,-88.78853000000163,12124.88871277778,12203.47555951587,86040.0,,1.753194399420985,2.409435137002159,4.162629536423144,1.0,1145.0,-1.0,-6023.0,-0.022977482330066475,-0.7295428436364193,,,0.0822,0.012,0.305
20240802,12307.7471,12129.1592,12356.1787,12120.6924,80516.0,4398.0,94551.0,1.0,0.0,1115.0,0.0,1.0,-2.0,2472.0,-6736.0,12111.82032,12107.07365,12159.591275,4.74666999999863,-47.77095500000178,12132.8421720635,12187.33565285714,87889.7,,1.760850819125113,2.409435137002159,4.170285956127272,1.0,1115.0,-1.0,-4264.0,0.05462268369019822,-0.5742443015319163,,,0.1507,0.056,0.451
20240805,12265.5713,12297.0088,12453.4189,12191.0225,80949.0,433.0,111513.0,1.0,0.0,978.0,0.0,1.0,-2.0,1968.0,-7563.0,12144.64298,12112.76652,12162.54479,31.8764599999995,-17.90180999999939,12144.28492142857,12173.96054246825,90190.8,133815.6,1.83988486620995,2.409435137002159,4.24932000321211,1.0,978.0,-1.0,-5595.0,0.00534904693078358,-0.5806131352510108,,,0.1644,0.0653,0.444
20240806,12235.4326,12237.3682,12337.3672,12084.3848,78436.0,-2513.0,94224.0,1.0,0.0,962.0,0.0,1.0,-2.0,1483.0,-9206.0,12206.43536,12131.95177,12159.60431,74.48358999999982,46.83105000000069,12150.47656849207,12163.77368022222,90492.0,,1.884408914026,2.347739773642563,4.232148687668563,1.0,962.0,-1.0,-7723.0,-0.03203885970727727,-0.7187213081180449,,,0.1644,0.0693,0.316
20240807,12351.1484,12213.8389,12418.7314,12189.418,83281.0,4845.0,90449.0,1.0,0.0,1176.0,0.0,1.0,-2.0,1519.0,-8663.0,12252.18652,12144.93028,12163.536045,107.2562400000006,88.65047499999855,12164.71899730159,12156.55972781746,91321.0,,1.922663678139459,2.347739773642563,4.270403451782022,1.0,1176.0,-1.0,-7144.0,0.05817653486389453,-0.7622548474970461,,,0.1781,0.072,0.263
20240808,12434.4824,12401.6406,12592.3682,12378.7383,87028.0,3747.0,108396.0,1.0,0.0,1889.0,0.0,1.0,-2.0,1038.0,-8800.0,12318.87636,12192.70879,12170.96207,126.1675699999978,147.9142899999988,12191.78823666667,12154.71966494444,92295.6,,1.966323603378078,2.347739773642563,4.31406337702064,1.0,1889.0,-1.0,-7762.0,0.04305510870064807,-0.6247289335013895,,,0.1918,0.096,0.407
20240809,12538.6289,12446.3506,12616.9121,12442.7734,88161.0,1133.0,82162.0,1.0,0.0,1400.0,0.0,1.0,-2.0,616.0,-8118.0,12365.05272,12238.43652,12186.612315,126.6162000000004,178.4404049999994,12225.54644531746,12158.3627358254,92828.1,,1.93849588420748,2.319366271773837,4.257862155981316,1.0,1400.0,-1.0,-7502.0,0.012851487619242069,-0.6967918985323776,,,0.2329,0.104,0.333
20240812,12625.1563,12518.3516,12627.7031,12432.1191,88669.0,508.0,74602.0,1.0,0.0,1222.0,0.0,1.0,-2.0,244.0,-7692.0,12436.96972,12290.80635,12215.815735,146.1633699999984,221.153984999999,12261.98820412698,12167.34105498413,93091.3,,1.923158642284468,2.319366271773837,4.242524914058305,1.0,1222.0,-1.0,-7448.0,0.005729172540572241,-0.6087296623210064,,,0.2603,0.1173,0.421
20240813,12651.7734,12638.6152,12759.3438,12577.9014,92219.0,3550.0,106279.0,1.0,0.0,1782.0,0.0,1.0,-2.0,586.0,-8828.0,12520.23788,12363.33662,12242.769005,156.9012600000005,277.4688750000005,12303.98034404762,12183.10479730159,92820.9,,1.885401264998898,2.222825862124173,4.108227127123071,1.0,1782.0,-1.0,-8242.0,0.03849532092085145,-0.7161726510192159,,,0.1096,0.0307,0.314
20240814,12472.2754,12634.7363,12665.1865,12398.3633,90257.0,-1962.0,91551.0,1.0,0.0,1291.0,0.0,1.0,-2.0,356.0,-9094.0,12544.46328,12398.3249,12257.938095,146.1383799999985,286.5251850000004,12330.89421460318,12203.14088168254,92041.7,,1.858281538378124,2.143833380070454,4.002114918448577,1.0,1291.0,-1.0,-8738.0,-0.021737926144232582,-0.5688581165371522,,,0.1096,0.032,0.455
20240815,12648.1338,12488.7432,12718.084,12434.1523,90601.0,344.0,114963.0,1.0,0.0,1169.0,0.0,1.0,-2.0,0.0,-9573.0,12587.19356,12453.03496,12276.79371,134.1585999999988,310.3998499999998,12363.76487428572,12227.02849783333,96869.0,,1.872822945493802,2.188292776328174,4.061115721821976,1.0,1169.0,-1.0,-9573.0,0.0037968675842429997,-0.8145908178512195,,,0.2877,0.1493,0.218
20240816,12570.7529,12637.3438,12742.9824,12551.8672,91241.0,640.0,89153.0,1.0,0.0,1381.0,0.0,1.0,-2.0,186.0,-11037.0,12593.61836,12479.33554,12293.204595,114.2828199999985,300.4137649999993,12395.47947333334,12253.29222796032,96329.2,,1.899087058078093,2.143833380070454,4.042920438148546,1.0,1381.0,-1.0,-10851.0,0.007014390460428974,-0.7719853266012586,,,0.274,0.1387,0.247
20240819,12656.2959,12571.6191,12712.2617,12434.8037,90657.0,-584.0,99725.0,1.0,0.0,1601.0,0.0,1.0,-2.0,0.0,-10392.0,12599.84628,12518.408,12315.58726,81.4382800000003,284.2590200000013,12426.87926261905,12281.55166207937,95150.4,,1.903173016466262,2.143833380070454,4.047006396536715,1.0,1601.0,-1.0,-10392.0,-0.006441863286894558,-0.7119652070544193,,,0.2466,0.1187,0.316
20240820,12753.166,12651.4824,12809.8164,12583.2188,92585.0,1928.0,91267.0,0.0,0.0,0.0,0.0,1.0,-3.0,0.0,-9234.0,12620.1248,12570.18134,12351.066555,49.94346000000041,269.0582450000002,12464.40765436508,12312.94477066667,94854.7,,1.832379832712786,2.143833380070454,3.97621321278324,0.0,0.0,-2.0,-9234.0,0.0208241075768213,-0.6457868923215637,,,0.2055,0.1053,0.378
20240821,12792.8154,12769.5146,12857.8838,12705.6816,92099.0,-486.0,89773.0,1.0,0.0,1725.0,0.0,1.0,-2.0,0.0,-9809.0,12684.2328,12614.34804,12379.63916,69.884759999999,304.5936399999991,12507.62917079365,12347.23578801587,94787.1,,1.82463196297143,2.13930749725779,3.96393946022922,1.0,1725.0,-1.0,-9809.0,-0.005276930259829097,-0.6223655114590425,,,0.1781,0.0827,0.405
20240822,12666.7295,12813.0928,12835.6846,12650.0869,90404.0,-1695.0,87403.0,1.0,0.0,1666.0,0.0,1.0,-2.0,0.0,-9994.0,12687.95194,12637.57275,12415.14077,50.37918999999965,272.811169999999,12539.47333174604,12382.00429752381,92687.8,,1.781311409462534,2.099545622171384,3.880857031633918,1.0,1666.0,-1.0,-9994.0,-0.018749170390690677,-0.7185007737357357,,,0.137,0.0733,0.309
20240823,12850.0,12696.5342,12901.4883,12680.3105,91516.0,1112.0,106869.0,0.0,0.0,0.0,0.0,1.0,-2.0,0.0,-9002.0,12743.80136,12668.70986,12453.57319,75.09150000000227,290.2281700000021,12577.35282317461,12417.18493530953,95158.5,,1.759723444700746,2.069791911514486,3.829515356215232,0.0,0.0,-1.0,-9002.0,0.012150880720311202,-0.5988562081680506,,,0.1096,0.0613,0.427
20240826,12988.6914,12857.9912,12997.1152,12838.7061,94398.0,2882.0,87669.0,1.0,0.0,1057.0,0.0,1.0,-3.0,0.0,-9874.0,12810.28046,12705.06337,12497.93486,105.2170899999983,312.3455999999987,12625.63976785715,12453.55009168254,96465.2,,1.698803364799282,2.065553682583531,3.764357047382813,1.0,1057.0,-2.0,-9874.0,0.0305303078455052,-0.5215031873940839,,,0.0959,0.0187,0.507
20240827,13047.29,12981.8828,13069.3613,12860.3926,95550.0,1152.0,91495.0,1.0,0.0,1592.0,0.0,1.0,-2.0,0.0,-9454.0,12869.10526,12744.61503,12553.975825,124.4902300000012,315.1294350000007,12674.4601318254,12490.59807046032,94986.8,,1.680698994250195,2.058683166191703,3.739382160441898,1.0,1592.0,-1.0,-9454.0,0.01205651491365777,-0.5425688911118859,,,0.0685,0.02,0.478
20240828,13213.5693,13049.5117,13274.0234,13046.0801,95618.0,68.0,104651.0,1.0,0.0,1436.0,0.0,1.0,-2.0,758.0,-9812.0,12953.25604,12818.74442,12608.53466,134.5116200000011,344.7213800000009,12734.50141904762,12530.95879090476,96296.8,,1.665923499314093,2.00528117469482,3.671204674008913,1.0,1436.0,-1.0,-9054.0,0.0007111631701144136,-0.5836663898897796,,,0.0822,0.0213,0.436
20240829,13098.1973,13202.6855,13265.749,13026.502,97077.0,1459.0,92713.0,1.0,0.0,1874.0,0.0,1.0,-2.0,1441.0,-9910.0,13039.5496,12863.75077,12658.392865,175.7988299999997,381.1567350000023,12785.3748518254,12573.11978865873,94071.8,,1.692452032407864,2.00528117469482,3.697733207102685,1.0,1874.0,-1.0,-8469.0,0.015029306632879054,-0.6976613824249767,,,0.0411,0.0227,0.322
20240830,13115.2656,13103.2715,13205.2666,12955.6484,94851.0,-2226.0,108376.0,1.0,0.0,1423.0,0.0,1.0,-2.0,564.0,-8440.0,13092.60272,12918.20204,12698.76879,174.4006799999988,393.8339299999989,12829.36678246032,12616.50851957143,95994.1,,1.717930013985316,1.957265106996115,3.675195120981431,1.0,1423.0,-1.0,-7876.0,-0.023468387260018344,-0.676571107017985,,,0.0274,0.024,0.348
20240902,12827.0186,13086.4258,13086.4258,12771.7109,89889.0,-4962.0,113031.0,0.0,0.0,0.0,0.0,1.0,-2.0,350.0,-9967.0,13060.26816,12935.27431,12726.841155,124.9938500000026,333.4270050000032,12850.50438190476,12658.8710315,97324.7,,1.806467316190445,1.957265106996115,3.76373242318656,0.0,0.0,-1.0,-9617.0,-0.05520141507859694,-0.6765221067666893,,,0.0274,0.0253,0.348
20240903,12694.71,12839.3115,12839.3115,12626.127,85567.0,-4322.0,113694.0,1.0,0.0,1065.0,0.0,1.0,-2.0,551.0,-9365.0,12989.75216,12929.42871,12749.805025,60.32345000000169,239.9471350000003,12851.09704452381,12697.53997051587,99567.4,,1.774421927279494,1.942900329778493,3.717322257057987,1.0,1065.0,-1.0,-8814.0,-0.05051012656748513,-0.7625639431126671,,,0.1233,0.0787,0.25
20240904,12516.6631,12679.4756,12685.8184,12507.5791,82320.0,-3247.0,98974.0,0.0,0.0,0.0,0.0,1.0,-2.0,1171.0,-9670.0,12850.37092,12901.81348,12758.08076,-51.44256000000132,92.29015999999865,12834.42637563492,12730.219691,100487.5,,1.721878769738213,1.917929264512377,3.63980803425059,0.0,0.0,-1.0,-8499.0,-0.03944363459669582,-0.7494522800584954,,,0.1233,0.1053,0.268
20240905,12649.3408,12539.1816,12717.7773,12535.543,82124.0,-196.0,87159.0,1.0,0.0,1038.0,0.0,1.0,-2.0,125.0,-6637.0,12760.59962,12900.07461,12768.82368,-139.4749900000006,-8.224060000000463,12822.08236285714,12758.48059411111,100463.1,,1.726685476532948,1.896409929384722,3.623095405917669,1.0,1038.0,-1.0,-6512.0,-0.002386634844868735,-0.7097000710160722,,,0.1233,0.1253,0.311
20240906,12934.0684,12695.7842,12934.1992,12643.915,81821.0,-303.0,93848.0,0.0,0.0,0.0,0.0,1.0,-2.0,278.0,-6730.0,12724.36018,12908.48145,12788.595655,-184.1212700000015,-64.23547500000132,12829.90202650793,12783.73551444444,99161.0,,1.731142902504727,1.896409929384722,3.627552831889449,0.0,0.0,-1.0,-6452.0,-0.0037032057784676304,-0.6307425952306498,,,0.2055,0.2253,0.395
20240909,13221.2305,12949.9131,13295.6729,12766.4961,85827.0,4006.0,161108.0,1.0,-1.0,701.0,-683.0,1.0,-2.0,643.0,-6823.0,12803.20256,12931.73536,12818.399365,-128.532799999999,-15.19680499999959,12861.35612873016,12807.30715053175,106504.9,193329.6,1.894183277254296,1.896409929384722,3.790593206639018,0.0,18.0,-1.0,-6180.0,0.046675288662076035,-0.5791621220874247,,,0.1918,0.2573,0.443
20240910,13148.2119,13192.5771,13293.9951,13100.499,84743.0,-1084.0,121319.0,2.0,0.0,795.0,0.0,1.0,-2.0,1504.0,-6534.0,12893.90294,12941.82755,12843.22129,-47.92460999999821,50.68165000000045,12897.04511928572,12829.56564927778,109487.3,,1.913281387739621,1.896409929384722,3.809691317124343,2.0,795.0,-1.0,-5030.0,-0.012791617006714419,-0.6339559302795889,,,0.2192,0.2853,0.388
20240911,13111.4932,13089.0195,13243.9482,12977.8574,85677.0,934.0,117558.0,2.0,0.0,1078.0,0.0,1.0,-2.0,828.0,-6917.0,13012.86896,12931.61994,12875.18218,81.24901999999929,137.68678,12922.09243253969,12848.32475062699,110778.0,,1.952960147091441,1.896409929384722,3.849370076476162,2.0,1078.0,-1.0,-6089.0,0.010901408779485743,-0.6235660954652996,,,0.3014,0.3373,0.403
20240912,13379.415,13109.7852,13405.8506,12999.0645,89496.0,3819.0,142761.0,0.0,-1.0,0.0,-1142.0,1.0,-2.0,466.0,-6457.0,13158.8838,12959.74171,12911.74624,199.1420900000012,247.1375599999992,12961.67955047619,12865.95522049207,115782.8,171313.2,2.041826501934345,1.917929264512377,3.959755766446722,-1.0,-1142.0,-1.0,-5991.0,0.042672298203271654,-0.6783789829839565,,,0.3425,0.3947,0.345
20240913,13347.4961,13376.9697,13469.0586,13276.0869,86418.0,-3078.0,104139.0,0.0,-1.0,0.0,-673.0,1.0,-2.0,599.0,-6616.0,13241.56934,12982.96476,12950.5834,258.6045799999993,290.9859399999987,13005.84631388889,12883.60317363492,115359.1,,2.056766621217043,1.896409929384722,3.953176550601764,-1.0,-673.0,-1.0,-6017.0,-0.03561757967090189,-0.7501931923050215,,,0.4658,0.4573,0.266
20240918,13804.208,13727.6494,13995.8887,13676.6514,91464.0,5046.0,142323.0,1.0,-1.0,1373.0,-2066.0,2.0,-1.0,52.0,-7937.0,13358.16484,13080.6837,13007.979005,277.4811400000017,350.1858350000002,13087.9930568254,12907.35204112699,118288.3,170787.6,2.288304809586963,1.917929264512377,4.20623407409934,0.0,-693.0,1.0,-7885.0,0.05516924691681973,-1.0333339682335791,,,0.5342,0.52,0.101
20240919,14044.6201,13817.6045,14075.6768,13756.6289,99039.0,7575.0,117501.0,1.0,-1.0,1644.0,-2293.0,2.0,-1.0,1225.0,-9600.0,13537.44648,13215.67471,13072.55171,321.7717700000012,464.8947700000008,13180.51770039682,12940.29410671429,118669.0,,2.327505888830732,1.917929264512377,4.245435153343109,0.0,-649.0,1.0,-8375.0,0.07648502105231272,-0.5602099244137599,,,0.2466,0.2227,0.472
20240920,13961.916,14070.1426,14105.3623,13889.752,97322.0,-1717.0,111395.0,1.0,-1.0,1741.0,-964.0,2.0,-1.0,492.0,-10218.0,13707.53104,13360.2,13131.00674,347.3310400000009,576.524300000001,13270.24550611111,12983.8760197619,119911.1,,2.30383148327009,1.896409929384722,4.200241412654812,0.0,777.0,1.0,-9726.0,-0.017642465218552845,-0.6324226095304405,,,0.2466,0.2267,0.394
20240923,13651.3086,13919.8613,13919.8613,13473.3545,99144.0,1822.0,160024.0,1.0,-1.0,1615.0,-1374.0,2.0,-1.0,1596.0,-10965.0,13761.90976,13460.39678,13180.235695,301.5129800000013,581.6740650000011,13326.09929888889,13034.27771336508,127197.6,192028.8,2.426121781343487,1.896409929384722,4.322531710728208,0.0,241.0,1.0,-9369.0,0.018377309771645284,-0.6984121496001816,,,0.3014,0.232,0.319
20240924,14266.627,13697.082,14266.627,13680.6494,101426.0,2282.0,155752.0,1.0,-1.0,1426.0,-2850.0,2.0,-1.0,2213.0,-9425.0,13945.73594,13593.65264,13251.067045,352.0832999999984,694.6688949999989,13412.28345674603,13092.51585638889,133388.0,,2.552954848969038,1.917929264512377,4.470884113481415,0.0,-1424.0,1.0,-7212.0,0.022499161950584663,-0.4971110813724876,,,0.3151,0.2333,0.546
20240925,14464.7842,14293.623,14727.8906,14293.623,106306.0,4880.0,211362.0,1.0,-1.0,1498.0,-1550.0,2.0,-1.0,2599.0,-10090.0,14077.85118,13718.00801,13324.871685,359.8431700000019,752.9794950000014,13528.96705650794,13159.27694916667,138413.4,253634.4,2.660587961129485,1.942900329778493,4.603488290907978,0.0,-52.0,1.0,-7491.0,0.04590521701503208,-0.6976972493636361,,,0.274,0.228,0.321
20240926,14414.0166,14285.6904,14903.9443,14252.6094,102460.0,-3846.0,339961.0,1.0,-1.0,1530.0,-1630.0,1.0,-2.0,186.0,-7527.0,14151.73048,13844.58848,13393.208015,307.141999999998,758.5224649999982,13637.27395896826,13233.29983313492,160277.6,407953.2,2.8778810214835,1.957265106996115,4.835146128479614,0.0,-100.0,-1.0,-7341.0,-0.03753659964864337,-0.6556890597954946,,,0.2603,0.2187,0.371
20240927,14392.46,14514.5752,14634.877,14113.1641,100500.0,-1960.0,233800.0,2.0,0.0,1514.0,-148.0,1.0,-2.0,733.0,-9805.0,14237.83928,13972.68516,13452.15255,265.1541200000011,785.6867299999976,13736.23488388889,13314.71407826984,171901.8,280560.0,3.018627972488466,1.995051268390359,5.013679240878824,2.0,1366.0,-1.0,-9072.0,-0.019502487562189055,-0.6653049130203429,,,0.2603,0.0653,0.362
20240930,15097.4756,14380.4355,15124.665,14270.4102,101927.0,1427.0,237164.0,1.0,-1.0,1493.0,-608.0,1.0,-2.0,1236.0,-11507.0,14527.07268,14144.49122,13552.116465,382.5814600000012,974.956215000002,13870.04524539683,13405.55064776191,181342.1,284596.8,3.275268157070216,2.03967686509936,5.314945022169576,0.0,885.0,-1.0,-10271.0,0.01400021584074877,-0.7034065105061158,,,0.2329,0.0667,0.314
20241008,14510.2119,15202.2969,15255.7432,14371.4434,101947.0,20.0,168388.0,1.0,-1.0,1531.0,-787.0,1.0,-2.0,0.0,-12099.0,14575.78966,14260.7628,13621.86378,315.0268599999999,953.9258800000007,13985.29314214286,13503.4953305873,187767.0,,3.435244951855286,2.03967686509936,5.474921816954646,0.0,744.0,-1.0,-12099.0,0.00019618036823055118,-0.698692297124997,,,0.2329,0.048,0.32
20241009,14546.583,14533.0801,14923.3594,14437.6924,103886.0,1939.0,193283.0,1.0,-1.0,1928.0,-1842.0,0.0,-3.0,0.0,-11476.0,14592.14942,14335.0003,13707.842,257.1491200000019,884.3074200000028,14078.77330198412,13602.57335510317,192863.0,,3.559175195132302,2.058683166191703,5.617858361324005,0.0,86.0,-3.0,-11476.0,0.018664690141116224,-0.7728042741662614,,,0.2192,0.0493,0.236
20241010,13843.5781,14553.2793,14632.6143,13842.6123,105770.0,1884.0,248165.0,1.0,-1.0,1435.0,-1637.0,1.0,-3.0,0.0,-9735.0,14478.06172,14314.8961,13765.285405,163.1656199999998,712.7763150000028,14117.0755486508,13696.22913992857,205929.4,297798.0,3.810967214707148,2.065553682583531,5.876520897290678,0.0,-202.0,-2.0,-9735.0,0.017812234092842962,-0.8868315300381229,,,0.2329,0.0347,0.167
20241011,14073.4629,13957.543,14101.9785,13800.5205,101039.0,-4731.0,181670.0,1.0,-1.0,1455.0,-1241.0,1.0,-2.0,126.0,-6691.0,14414.2623,14326.05079,13843.125395,88.21150999999918,571.1369049999994,14140.33056595238,13783.2376459127,212956.9,,3.744553108588028,2.069791911514486,5.814345020102514,0.0,214.0,-1.0,-6565.0,-0.04682350379556409,-0.5615269622710867,,,0.4521,0.1653,0.478
20241014,14126.0918,14153.7607,14505.8496,14033.6572,101165.0,126.0,161535.0,1.0,-1.0,1462.0,-1064.0,1.0,-2.0,395.0,-7531.0,14219.98554,14373.52911,13916.962945,-153.5435699999998,303.0225949999985,14172.65735928572,13867.89345195238,213108.0,,3.870089807894315,2.099545622171384,5.969635430065699,0.0,398.0,-1.0,-7136.0,0.0012454900410220925,-0.7462085972677704,,,0.4384,0.144,0.277
20241015,14462.6855,14222.0596,14517.1064,14148.9639,103385.0,2220.0,142276.0,0.0,-1.0,0.0,-1329.0,2.0,-2.0,1329.0,-6973.0,14210.48026,14393.13496,13993.3938,-182.6546999999991,217.0864600000004,14217.29818285715,13948.39492456349,211760.4,,3.728556942464203,2.13930749725779,5.867864439721993,-1.0,-1329.0,0.0,-5644.0,0.021473134400541664,-0.8986766168252305,,,0.3973,0.1227,0.159
20241016,14007.7031,14454.374,14464.0068,13947.2344,95385.0,-8000.0,162495.0,1.0,-1.0,1437.0,-1181.0,1.0,-2.0,299.0,-5857.0,14102.70428,14347.42685,14032.71743,-244.7225699999999,69.98685000000114,14233.81083706349,14018.87930261905,206873.7,,3.828197650666429,2.140410916001177,5.968608566667607,0.0,256.0,-1.0,-5558.0,-0.08387062955391308,-0.8031550012764485,,,0.3836,0.1413,0.219
20241017,14123.1924,14076.9609,14314.9648,14044.0791,93279.0,-2106.0,115478.0,2.0,0.0,1401.0,-14.0,1.0,-2.0,197.0,-6280.0,14158.62714,14318.34443,14081.466455,-159.7172900000005,77.16068500000256,14243.6749181746,14079.51939853968,184425.4,,3.870940596664837,2.145453903964562,6.016394500629398,2.0,1387.0,-1.0,-6083.0,-0.02257742900331264,-0.7286080405037685,,,0.3425,0.1013,0.294
20241018,14566.9941,14139.2666,14641.6211,14109.04,100880.0,7601.0,193966.0,2.0,0.0,1847.0,0.0,1.0,-2.0,116.0,-7188.0,14257.33338,14335.79784,14154.2415,-78.46445999999924,103.0918799999999,14275.59956007937,14133.45586615873,180442.0,,3.875208458619841,2.160585553539069,6.03579401215891,2.0,1847.0,-1.0,-7072.0,0.07534694686756542,-0.4277710325591278,,,0.2466,0.0853,0.635
20241021,14378.9971,14502.3691,14532.4727,14073.0771,98102.0,-2778.0,142418.0,1.0,-1.0,1184.0,-1053.0,0.0,-3.0,0.0,-9615.0,14307.91444,14263.94999,14204.220605,43.96445000000313,103.6938350000019,14297.22612571429,14176.17395419048,170967.4,,3.812645860223389,2.182250606315219,5.994896466538608,0.0,131.0,-3.0,-9615.0,-0.02831746549509694,-0.2789254783556776,,,0.2329,0.072,0.773
20241022,14577.0,14385.0801,14650.1035,14292.0488,101850.0,3748.0,130313.0,1.0,-1.0,1662.0,-978.0,2.0,-1.0,118.0,-7685.0,14330.77734,14270.6288,14265.6958,60.14854000000014,65.08153999999922,14324.44153650794,14210.08879362698,167159.9,,3.759201623234615,2.213086836845122,5.972288460079737,0.0,684.0,1.0,-7567.0,0.0367992145311733,-0.1824519309950917,,,0.137,0.008,0.831
20241023,14314.5635,14567.1709,14668.7168,14243.0264,97235.0,-4615.0,122238.0,1.0,-1.0,1605.0,-967.0,1.0,-2.0,608.0,-9715.0,14392.14942,14247.42685,14291.213575,144.7225699999981,100.9358449999963,14339.12331230158,14236.12379465873,160055.4,,3.648812231800716,2.244542960401222,5.893355192201938,0.0,638.0,-1.0,-9107.0,-0.04746233352187998,-0.3251077383035334,,,0.0959,0.0093,0.738
20241024,14464.2109,14340.8945,14464.8672,14140.917,97232.0,-3.0,99715.0,2.0,0.0,1477.0,-89.0,1.0,-2.0,246.0,-10373.0,14460.35312,14309.49013,14312.193115,150.8629899999996,148.1600049999979,14348.92478214286,14259.30871800794,145210.4,,3.549166294433371,2.244542960401222,5.793709254834592,2.0,1388.0,-1.0,-10127.0,-3.085403982228073e-05,-0.1629105530773848,,,0.0959,0.0107,0.841
20241025,14203.291,14450.5352,14731.2471,14114.1191,97233.0,1.0,154587.0,1.0,-1.0,1297.0,-419.0,1.0,-2.0,15.0,-10508.0,14387.6125,14322.47294,14324.261865,65.13956000000144,63.35063500000069,14350.64786539682,14280.34044795238,142502.1,,3.446572801188799,2.25557968744174,5.702152488630539,0.0,878.0,-1.0,-10493.0,1.0284574167206606e-05,-0.2886204387090939,,,0.1918,0.0773,0.757
20241028,14297.3818,14260.9199,14409.2725,14161.8652,95765.0,-1468.0,95115.0,1.0,-1.0,1286.0,-1563.0,1.0,-2.0,362.0,-10104.0,14371.28944,14339.60194,14356.565525,31.6875,14.72391499999685,14343.40374833333,14297.41508685715,135860.1,,3.131771770489755,2.244542960401222,5.376314730890977,0.0,-277.0,-1.0,-9742.0,-0.015329191249412625,-0.2242633155533825,,,0.2192,0.0933,0.799
20241029,14172.2637,14272.5156,14406.1504,14064.3643,95338.0,-427.0,119515.0,0.0,-1.0,0.0,-1517.0,1.0,-2.0,541.0,-10407.0,14290.34218,14310.55976,14351.84736,-20.21757999999863,-61.50517999999829,14329.03930833334,14308.58919940476,133584.0,,3.065564097328762,2.25557968744174,5.321143784770502,-1.0,-1517.0,-1.0,-9866.0,-0.00447880173697791,-0.2316794443682746,,,0.274,0.112,0.797
20241030,14288.3472,14223.0017,14383.1213,14076.1812,94768.0,-570.0,99373.0,1.0,-1.0,1455.0,-742.0,1.0,-2.0,967.0,-9849.0,14285.09892,14338.62417,14343.02551,-53.5252500000006,-57.92659000000276,14320.47912579365,14317.25602827778,127271.8,,2.817285554055725,2.25557968744174,5.072865241497466,0.0,713.0,-1.0,-8882.0,-0.006014688502448084,-0.2354869009947514,,,0.274,0.1453,0.793
20241031,14247.1943,14266.2529,14324.5605,14112.8457,94583.0,-185.0,89154.0,0.0,-1.0,0.0,-776.0,1.0,-2.0,1187.0,-9800.0,14241.6956,14351.02436,14334.684395,-109.3287599999985,-92.9887949999993,14309.57666119047,14323.84620257937,124639.4,,2.770021033680059,2.25557968744174,5.025600721121799,-1.0,-776.0,-1.0,-8613.0,-0.0019559540297939375,-0.3636547204003879,,,0.3014,0.1387,0.689
20241101,14230.6118,14250.484,14419.7252,14013.3842,92246.0,-2337.0,127128.0,0.0,-1.0,0.0,-489.0,1.0,-2.0,783.0,-9519.0,14247.15976,14317.38613,14326.591985,-70.2263699999985,-79.43222499999683,14296.0959797619,14325.89584454762,117955.6,,2.735705103169172,2.25557968744174,4.991284790610912,-1.0,-489.0,-1.0,-8736.0,-0.025334431845283265,-0.4965300973734912,,,0.3288,0.164,0.551
20241104,14156.2247,14218.7921,14253.4894,13977.5094,92588.0,342.0,78503.0,1.0,-1.0,0.0,-517.0,1.0,-2.0,303.0,-9255.0,14218.92834,14295.10889,14279.52944,-76.18055000000095,-60.6011000000035,14281.13378230159,14324.28661020635,111564.1,,2.68238719304421,2.25557968744174,4.93796688048595,0.0,-517.0,-1.0,-8952.0,0.0036937832116472977,-0.366409382951144,,,0.3425,0.192,0.687
20241105,14477.4718,14145.14,14554.585,14075.531,102066.0,9478.0,111601.0,1.0,-1.0,1369.0,-547.0,1.0,-2.0,1735.0,-8777.0,14279.96996,14285.15607,14277.892435,-5.186110000002373,2.077525000000605,14287.3749665873,14320.57995321428,109692.9,,2.657289945381194,2.32766602720331,4.984955972584504,0.0,822.0,-1.0,-7042.0,0.09286148178629514,-0.0947076290484507,,,0.4384,0.3293,0.871
20241106,14645.2194,14435.4011,14752.6227,14375.7348,108903.0,6837.0,130284.0,1.0,-1.0,0.0,-199.0,1.0,-2.0,2747.0,-9399.0,14351.3444,14318.22166,14282.824255,33.12273999999888,68.52014499999859,14317.43943515873,14318.4115655,110497.5,,2.685025739057736,2.429512559678597,5.114538298736333,0.0,-199.0,-1.0,-6652.0,0.06278063965180022,0.0298262272215219,,,0.4384,0.5213,0.93
20241107,14824.639,14619.9934,14941.5364,14615.3033,113587.0,4684.0,127106.0,1.0,0.0,241.0,0.0,1.0,-2.0,2868.0,-9759.0,14466.83334,14354.26447,14331.8773,112.568870000001,134.9560399999991,14362.12048825397,14319.73113611111,113236.6,,2.579069573727963,2.429512559678597,5.008582133406561,1.0,241.0,-1.0,-6891.0,0.041237113402061855,-0.0938981951521888,,,0.4384,0.5613,0.87
20241108,14795.9371,14833.8462,15286.8023,14737.5248,113393.0,-194.0,180998.0,1.0,0.0,816.0,0.0,2.0,-2.0,3315.0,-9295.0,14579.8984,14413.52908,14368.00101,166.3693200000016,211.8973899999983,14413.8166918254,14326.04801875397,115877.7,217197.6,2.601185872944123,2.503160747795401,5.104346620739523,1.0,816.0,0.0,-5980.0,-0.001710863986313088,-0.3712519652320292,,,0.4384,0.6027,0.681
20241111,14642.6757,14788.2383,15005.0743,14564.1339,111683.0,-1710.0,142466.0,1.0,-1.0,0.0,-78.0,1.0,-2.0,1584.0,-15288.0,14677.1886,14448.05847,14393.830205,229.1301299999996,283.3583949999993,14447.16417833334,14336.42406175397,120612.8,,2.641420478482785,2.615419062087366,5.256839540570151,0.0,-78.0,-1.0,-13704.0,-0.015311193288145912,-0.087212395073492,,,0.4795,0.6293,0.872
20241112,14312.456,14632.6208,14632.6208,14220.5303,105557.0,-6126.0,126303.0,0.0,-1.0,0.0,-1616.0,1.0,-2.0,1457.0,-15150.0,14644.18544,14462.0777,14386.31873,182.1077399999976,257.8667099999984,14450.62676960318,14348.58280788095,121291.6,,2.639691013791972,2.688464480497335,5.328155494289307,-1.0,-1616.0,-1.0,-13693.0,-0.05803499531059049,-0.0014587899502802,,,0.7808,0.7173,0.917
20241113,14139.1421,14350.6136,14367.6093,14067.2382,100496.0,-5061.0,93863.0,0.0,-1.0,0.0,-972.0,1.0,-2.0,1102.0,-14780.0,14542.96998,14447.15719,14392.89068,95.81279000000177,150.0792999999994,14431.5112431746,14359.68601961905,120740.6,,2.632245213526129,2.688464480497335,5.320709694023463,-1.0,-972.0,-1.0,-13678.0,-0.05036021334182455,0.0085524173307645,,,0.7808,0.752,0.919
20241114,13908.0593,14169.3783,14244.5427,13815.9934,97994.0,-2502.0,107418.0,0.0,-1.0,0.0,-571.0,1.0,-2.0,578.0,-14535.0,14359.65404,14413.24369,14382.134025,-53.58964999999989,-22.47998500000176,14391.87649769841,14367.91600326984,122567.0,,2.542352793499416,2.764326263568399,5.306679057067814,-1.0,-571.0,-1.0,-13957.0,-0.02553217543931261,0.3293542060749349,,,0.7808,0.6813,0.988
20241115,13980.7977,13985.5681,14011.7503,13847.0746,94909.0,-3085.0,78076.0,0.0,-1.0,0.0,-472.0,1.0,-2.0,945.0,-14874.0,14196.62616,14388.26228,14352.824205,-191.6361199999992,-156.198045000001,14353.4363268254,14373.65003797619,117661.8,,2.505164003239067,2.764326263568399,5.269490266807466,-1.0,-472.0,-1.0,-13929.0,-0.0325048204069161,0.2601489151133888,,,0.7534,0.6813,0.985
20241118,13826.7802,13990.191,14047.8566,13654.536,92520.0,-2389.0,103230.0,0.0,-1.0,0.0,-526.0,1.0,-2.0,1325.0,-12368.0,14033.44706,14355.31783,14325.21336,-321.8707699999995,-291.7662999999975,14304.86618460317,14376.02327820635,120134.5,,2.535187328471325,2.84893771393935,5.384125042410675,-1.0,-526.0,-1.0,-11043.0,-0.02582144401210549,-0.3876058551532774,,,0.7397,0.6813,0.663
20241119,13904.7642,13848.5549,13966.9711,13772.9553,91503.0,-1017.0,68240.0,1.0,0.0,306.0,0.0,1.0,-2.0,1405.0,-11730.0,13951.9087,14298.04707,14291.60157,-346.1383700000006,-339.6928699999989,14262.86528999999,14373.57231054762,115798.4,,2.483611170423696,2.84893771393935,5.332548884363046,1.0,306.0,-1.0,-10325.0,-0.01111438969214124,-0.3509498521192135,,,0.726,0.6813,0.699
20241120,14272.9585,13919.0857,14298.5624,13894.8795,91848.0,345.0,105884.0,0.0,-1.0,0.0,-432.0,1.0,-2.0,1817.0,-9172.0,13978.67198,14260.82098,14289.52132,-282.1490000000013,-310.8493400000007,14248.10785404762,14366.63915243651,113358.4,,2.579218996017283,2.84893771393935,5.428156709956633,-1.0,-432.0,-1.0,-7355.0,0.0037562059054089365,-0.1895823476875817,,,0.726,0.6813,0.819
20241121,14180.2494,14173.4171,14288.7247,14099.0907,90339.0,-1509.0,82377.0,1.0,0.0,683.0,0.0,2.0,-2.0,2073.0,-9344.0,14033.11,14196.38202,14275.323245,-163.2720200000003,-242.2132449999972,14237.95782436508,14354.22288604762,108885.5,,2.471551244938586,2.84893771393935,5.320488958877936,1.0,683.0,0.0,-7271.0,-0.01670374921130409,-0.2527074395566646,,,0.5616,0.3627,0.776
20241122,13852.2425,14193.4743,14217.9996,13715.6333,88845.0,-1494.0,109773.0,1.0,-1.0,407.0,0.0,1.0,-2.0,1227.0,-9505.0,14007.39896,14102.01256,14257.77082,-94.61359999999877,-250.3718599999993,14205.80160523809,14333.42137738889,101763.0,,2.588639452368853,2.893039097929464,5.481678550298318,0.0,407.0,-1.0,-8278.0,-0.0168158028026338,-0.4643556240582925,,,0.5753,0.3667,0.578
20241125,14114.8643,13885.5971,14151.1006,13809.5939,88134.0,-711.0,113367.0,1.0,-1.0,0.0,-468.0,2.0,-1.0,2447.0,-8641.0,14065.01578,14049.23142,14248.644945,15.78436000000147,-183.6291649999966,14183.88166507937,14307.09312606349,98853.1,,2.524366536421878,2.893039097929464,5.417405634351342,0.0,-468.0,1.0,-6194.0,-0.008067261215875825,-0.3056792747700361,,,0.5479,0.3307,0.743
20241126,14264.3354,14055.6181,14415.9067,14053.3426,96764.0,8630.0,129763.0,1.0,0.0,530.0,0.0,1.0,-2.0,2636.0,-8809.0,14136.93002,14044.41936,14253.24853,92.51065999999992,-116.318510000001,14180.24615690476,14280.05506479365,99199.1,155715.6,2.522000495775546,2.893039097929464,5.41503959370501,1.0,530.0,-1.0,-6173.0,0.08918606093175148,-0.3177996252904995,,,0.5342,0.3227,0.73
20241127,14524.6786,14218.9571,14558.9737,14101.8298,101207.0,4443.0,126031.0,1.0,-1.0,0.0,-443.0,1.0,-2.0,1963.0,-9432.0,14187.27404,14082.97301,14265.0651,104.3010300000024,-77.79106000000138,14195.50107571429,14256.45404804762,102415.9,151237.2,2.591684394672803,2.959228874734691,5.550913269407495,0.0,-443.0,-1.0,-7469.0,0.04390012548539133,-0.2825248496663964,,,0.5753,0.3413,0.759
20241128,14607.6622,14513.8472,14742.2433,14480.6855,104371.0,3164.0,151068.0,0.0,-1.0,0.0,-1751.0,1.0,-2.0,1726.0,-7108.0,14272.7566,14152.9333,14283.088495,119.8232999999982,-10.33189499999935,14227.25675214285,14239.99207349206,106780.9,181281.6,2.449218351671306,2.959228874734691,5.408447226405998,-1.0,-1751.0,-1.0,-5382.0,0.030314934225024192,-0.4084140396186699,,,0.5753,0.3627,0.644
20241129,14748.5153,14589.5123,14936.6727,14511.7469,108102.0,3731.0,180774.0,1.0,-1.0,491.0,0.0,1.0,-2.0,1439.0,-13254.0,14452.01116,14229.70506,14308.98367,222.306099999998,143.0274899999986,14269.15467031746,14231.56390784127,117050.7,216928.8,2.439851116193311,2.959228874734691,5.399079990928002,0.0,491.0,-1.0,-11815.0,0.03451370002405136,-0.3105950929611778,,,0.6027,0.448,0.737
20241202,14773.6595,14744.6481,14889.5731,14717.1609,108141.0,39.0,111572.0,1.0,0.0,1842.0,0.0,1.0,-2.0,1545.0,-12453.0,14583.7702,14324.39299,14339.85541,259.3772100000006,243.9147899999989,14313.22424420635,14232.39971380159,117884.9,,2.308767454329634,2.959228874734691,5.267996329064326,1.0,1842.0,-1.0,-10908.0,0.00036064027519627155,-0.5080237096168142,,,0.6027,0.372,0.524
20241203,15260.4032,14763.9505,15323.1592,14694.5822,116811.0,8670.0,169930.0,0.0,0.0,104.0,0.0,1.0,-2.0,2620.0,-12155.0,14782.98376,14459.95689,14379.00198,323.0268700000015,403.9817799999983,14385.70695587301,14244.68388038889,128053.9,203916.0,2.45976067852808,2.988831434304811,5.448592112832891,0.0,104.0,-1.0,-9535.0,0.0742224619256748,-0.5265241685375097,,,0.5616,0.408,0.506
20241204,15167.0702,15207.5113,15312.8155,15107.1315,116820.0,9.0,132539.0,1.0,0.0,1958.0,0.0,1.0,-2.0,2977.0,-12895.0,14911.46208,14549.36806,14405.09452,362.0940200000023,506.3675600000024,14463.82702388889,14266.25579737301,130719.4,,2.333775350656776,2.988831434304811,5.322606784961586,1.0,1958.0,-1.0,-9918.0,7.704160246533128e-05,-0.6401620706070232,,,0.5479,0.4307,0.381
20241205,15256.0168,15160.6941,15561.3582,15047.8348,125901.0,9081.0,262960.0,1.0,0.0,2533.0,0.0,1.0,-2.0,3741.0,-12978.0,15041.133,14656.9448,14426.66341,384.1881999999969,614.4695899999988,14545.89297015873,14297.04931195238,148777.7,315552.0,2.49115159761255,3.022957679996999,5.514109277609549,1.0,2533.0,-1.0,-9237.0,0.07212810065051112,-0.4458383450875107,,,0.411,0.26,0.606
20241206,15785.6595,15289.3915,15888.2501,15289.3915,146402.0,20501.0,283105.0,2.0,0.0,2426.0,0.0,1.0,-2.0,4091.0,-13589.0,15248.56184,14850.2865,14476.14953,398.275340000002,772.4123099999997,14662.74775873016,14342.74392730159,166110.9,339726.0,2.584020137030854,3.056753446895685,5.640773583926539,2.0,2426.0,-1.0,-9498.0,0.14003223999672135,-0.4648947958183941,,,0.3973,0.252,0.575
20241209,15417.5164,15661.2074,15720.2718,15187.3301,134317.0,-12085.0,256789.0,1.0,0.0,3875.0,0.0,1.0,-2.0,3138.0,-17179.0,15377.33322,14980.55171,14514.891565,396.7815100000007,862.4416550000024,14759.53507761904,14400.30926855556,180453.1,308146.8,2.76111908498555,3.10772509241384,5.86884417739939,1.0,3875.0,-1.0,-14041.0,-0.08997371888889716,-0.5703736904742179,,,0.411,0.2507,0.458
20241210,15084.9285,15527.6523,15591.7345,14962.9579,119988.0,-14329.0,225237.0,1.0,0.0,2383.0,0.0,1.0,-2.0,2403.0,-17822.0,15342.23828,15062.61102,14553.51519,279.6272599999993,788.7230899999995,14827.93798793651,14465.07845165873,190000.5,,2.859011469662929,3.163965105180272,6.0229765748432,1.0,2383.0,-1.0,-15419.0,-0.11942027536086942,-0.5109850690968695,,,0.411,0.252,0.519
20241211,15459.6002,15123.6624,15502.3673,15045.8202,127457.0,7469.0,165901.0,1.0,0.0,2272.0,0.0,1.0,-2.0,4592.0,-16370.0,15400.74428,15156.10318,14619.538095,244.6410999999989,781.2061849999973,14904.29886611111,14535.95823069841,193987.5,,2.969581488029613,3.10772509241384,6.077306580443453,1.0,2272.0,-1.0,-11778.0,0.05860015534650902,-0.6583833227620999,,,0.411,0.256,0.364
20241212,15345.4799,15485.6237,15559.2211,15218.706,124625.0,-2832.0,197001.0,1.0,0.0,2914.0,0.0,1.0,-2.0,4288.0,-15462.0,15418.6369,15229.88495,14691.409125,188.7519499999999,727.2277750000012,14978.30181206349,14611.06273669048,198580.8,,2.871305086464022,3.10772509241384,5.979030178877862,1.0,2914.0,-1.0,-11174.0,-0.022724172517552658,-0.6933399898812114,,,0.3973,0.2667,0.324
20241213,15086.8542,15297.0484,15320.5485,14916.3806,124146.0,-479.0,205177.0,1.0,0.0,2309.0,0.0,1.0,-2.0,3762.0,-17000.0,15278.87584,15263.71884,14746.71195,15.15700000000106,532.1638900000016,15022.997725,14686.44704215873,201021.1,,2.8996204535216,3.10772509241384,6.00734554593544,1.0,2309.0,-1.0,-13238.0,-0.003858360317690461,-0.4506886321379666,,,0.3699,0.2747,0.598
20241216,15134.6305,15104.143,15218.9595,14980.2986,124570.0,424.0,142246.0,1.0,0.0,2448.0,0.0,1.0,-2.0,4068.0,-16384.0,15222.29866,15299.81594,14812.104465,-77.51728000000003,410.1941949999982,15059.80239087302,14761.1048568254,204088.5,,2.829156683231149,3.10772509241384,5.936881775644989,1.0,2448.0,-1.0,-12316.0,0.0034037087581279602,-0.5440149083461352,,,0.3699,0.276,0.479
20241217,15067.517,15146.4035,15301.7545,15000.9696,125753.0,1183.0,155597.0,1.0,0.0,2749.0,0.0,1.0,-2.0,3493.0,-15514.0,15218.81636,15280.52732,14870.242105,-61.71095999999852,348.5742549999995,15089.14537714286,14831.44869895238,202655.2,,2.748232847415142,3.10772509241384,5.855957939828983,1.0,2749.0,-1.0,-12021.0,0.009407330242618467,-0.1802902768112216,,,0.3836,0.2773,0.827
20241218,14718.8745,15027.7066,15062.7896,14686.1795,116486.0,-9267.0,190805.0,2.0,0.0,2409.0,0.0,1.0,-2.0,816.0,-13244.0,15070.67122,15235.70775,14892.537905,-165.0365300000012,178.1333150000009,15087.72672722223,14893.83866928572,208481.8,,2.803211476404018,3.039323337142539,5.842534813546557,2.0,2409.0,-1.0,-12428.0,-0.07955462459007949,-0.4326632803180679,,,0.4795,0.392,0.618
20241219,14580.6012,14711.3501,14833.9916,14448.5608,113672.0,-2814.0,161728.0,1.0,0.0,1742.0,0.0,1.0,-2.0,0.0,-11280.0,14917.69548,15168.16619,14912.555495,-250.4707100000014,5.139984999996159,15064.22626293651,14945.67199856349,198358.6,,2.786812773867731,3.039323337142539,5.82613611101027,1.0,1742.0,-1.0,-11280.0,-0.02475543669505243,-0.4571923263712764,,,0.4932,0.3987,0.581
20241220,14486.0367,14582.962,14786.8695,14472.9844,112083.0,-1589.0,159374.0,2.0,0.0,1730.0,0.0,1.0,-2.0,0.0,-12653.0,14797.53198,15038.20391,14944.245205,-240.6719300000004,-146.7132250000031,15028.94544404762,14982.29176709524,185985.5,,2.857375705224272,3.039323337142539,5.89669904236681,2.0,1730.0,-1.0,-12653.0,-0.014176993834925903,-0.5109306269936972,,,0.4932,0.4587,0.515
20241223,14388.7883,14465.1827,14465.1827,14159.0174,114393.0,2310.0,175004.0,1.0,0.0,976.0,0.0,0.0,-3.0,0.0,-14094.0,14648.36354,14935.3311,14957.941405,-286.9675599999991,-309.5778649999993,14975.23970388889,15003.86222972222,177807.0,,2.726248135625798,2.988831434304811,5.715079569930609,1.0,976.0,-3.0,-14094.0,0.020193543311216595,-0.5003702445771225,,,0.5205,0.4693,0.53
20241224,14538.2154,14405.698,14541.559,14281.546,115545.0,1152.0,120112.0,1.0,0.0,975.0,0.0,0.0,-3.0,0.0,-13475.0,14542.50322,14880.65979,14971.635405,-338.1565699999992,-429.1321850000004,14929.70870373016,15014.03930130159,167294.5,,2.760226218784532,2.961428366564063,5.721654585348595,1.0,975.0,-3.0,-13475.0,0.009970141503310399,-0.3995296416073917,,,0.5616,0.496,0.651
20241225,14643.278,14573.8269,14699.7145,14485.3692,118094.0,2549.0,145275.0,1.0,0.0,1674.0,0.0,0.0,-3.0,0.0,-15131.0,14527.38392,14799.02757,14977.565375,-271.6436500000018,-450.1814550000017,14896.41518190477,15013.25093288095,165231.9,,2.62564633840903,2.950962906251271,5.5766092446603,1.0,1674.0,-3.0,-15131.0,0.02158450048266635,-0.3574769880117102,,,0.7534,0.7413,0.688
20241226,14613.5799,14631.689,14744.7729,14609.9021,117686.0,-408.0,134895.0,1.0,0.0,1795.0,0.0,1.0,-2.0,689.0,-12633.0,14533.97966,14725.83757,14977.86126,-191.8579099999988,-443.8816000000006,14864.61731738095,15001.8824834127,159021.3,,2.401933913063672,2.908484365563605,5.310418278627276,1.0,1795.0,-1.0,-11944.0,-0.0034668524718318235,-0.2653075907164137,,,0.7534,0.7413,0.768
20241227,14780.3355,14617.3408,14853.2742,14469.4508,125583.0,7897.0,181274.0,2.0,0.0,2694.0,0.0,1.0,-2.0,522.0,-13714.0,14592.83942,14695.1857,14979.45227,-102.3462799999979,-386.6128499999995,14839.77549436508,14983.56026034921,156631.0,,2.306131209104862,2.865697622728519,5.171828831833381,2.0,2694.0,-1.0,-13192.0,0.06288271501715996,-0.171799891444529,,,0.6164,0.4733,0.83
20241230,14937.9241,14768.6431,14991.5678,14719.1976,125642.0,59.0,182670.0,1.0,0.0,1884.0,0.0,1.0,-2.0,725.0,-11711.0,14702.66658,14675.51506,14987.6655,27.15152000000126,-284.9989199999982,14829.54326261905,14960.53434752381,160673.4,,2.136233542713356,2.84893771393935,4.985171256652706,1.0,1884.0,-1.0,-10986.0,0.00046958819503032425,-0.0381911620357789,,,0.5342,0.4627,0.892
20241231,14939.9426,14920.3503,14977.8463,14820.6156,124803.0,-839.0,118195.0,2.0,0.0,2618.0,0.0,1.0,-2.0,614.0,-12289.0,14783.01202,14662.75762,14971.64247,120.2543999999998,-188.6304500000006,14824.95769388889,14934.11557919841,156933.2,,1.997175143360948,2.844367596489454,4.841542739850402,2.0,2618.0,-1.0,-11675.0,-0.006722594809419645,0.0631559541682937,,,0.5205,0.44,0.944
20250102,14702.0186,14897.9921,14979.7503,14668.6556,124753.0,-50.0,114057.0,2.0,0.0,3626.0,0.0,1.0,-2.0,194.0,-12647.0,14794.76014,14661.07203,14948.38989,133.6881100000028,-153.6297499999982,14806.19138134921,14905.96204461111,149258.4,,1.989155850257651,2.834660754696412,4.823816604954063,2.0,3626.0,-1.0,-12453.0,-0.0004007919649226872,-0.1777337691348599,,,0.5342,0.4,0.825
20250103,14171.9237,14704.3738,14781.1742,13958.6002,118952.0,-5801.0,215429.0,2.0,0.0,3319.0,0.0,1.0,-2.0,332.0,-10487.0,14706.4289,14620.20428,14894.185235,86.22461999999905,-187.7563350000019,14745.03794246032,14874.04321256349,154628.5,258514.8,2.189285532713841,2.834660754696412,5.023946287410253,2.0,3319.0,-1.0,-10155.0,-0.04876757011231421,0.0400140161054139,,,0.5342,0.4653,0.932
20250106,14125.394,14221.9155,14255.7085,14037.5316,114294.0,-4658.0,144852.0,2.0,0.0,3147.0,0.0,1.0,-1.0,80.0,-10608.0,14575.4406,14584.14001,14811.17196,-8.69941000000108,-235.7313600000034,14675.44951698413,14838.69361985714,153176.3,,2.190072593059988,2.834660754696412,5.024733347756401,2.0,3147.0,0.0,-10528.0,-0.04075454529546608,-0.1593681131024316,,,0.4658,0.3467,0.834
20250107,13963.9959,14205.6483,14263.4119,13720.5939,117198.0,2904.0,166715.0,1.0,0.0,2424.0,0.0,0.0,-3.0,0.0,-12544.0,14380.65496,14541.66077,14738.495935,-161.0058099999987,-357.8409749999992,14597.87030261905,14800.95667973016,152347.4,,2.32082549124281,2.834660754696412,5.155486245939223,1.0,2424.0,-3.0,-12544.0,0.024778579839246404,-0.190209735694252,,,0.4247,0.484,0.811
20250108,14159.6754,14018.1405,14222.4771,13998.0119,117008.0,-190.0,132587.0,1.0,0.0,2163.0,0.0,0.0,-2.0,0.0,-12340.0,14224.60152,14503.80677,14692.23328,-279.2052500000009,-467.6317600000002,14535.19638261905,14761.50544761905,153594.9,,2.266706720771326,2.834660754696412,5.101367475467738,1.0,2163.0,-2.0,-12340.0,-0.0016238205934636948,-0.0786847404141891,,,0.3836,0.4587,0.872
20250109,14372.5534,14169.5862,14441.0118,14082.1005,119738.0,2730.0,163672.0,2.0,0.0,3776.0,0.0,0.0,-2.0,1333.0,-12345.0,14158.70848,14476.73431,14637.88094,-318.0258299999987,-479.172459999998,14497.23314785715,14721.58724421429,155434.6,,2.255956660165116,2.717391861853532,4.973348522018648,2.0,3776.0,-2.0,-11012.0,0.022799779518615643,-0.0814873883478053,,,0.3425,0.3707,0.868
20250110,14577.1206,14390.3171,14778.9999,14390.3171,126653.0,6915.0,206018.0,2.0,0.0,3856.0,0.0,1.0,-2.0,2988.0,-10888.0,14239.74786,14473.08838,14599.462975,-233.3405200000016,-359.7151149999991,14488.74899714285,14684.00041219047,162546.9,247221.6,2.300559917810684,2.80427201524782,5.104831933058504,2.0,3856.0,-1.0,-7900.0,0.05459799609957917,0.1076666658990656,,,0.3014,0.3373,0.956
20250113,14536.1636,14582.0343,14753.9924,14498.5283,129722.0,3069.0,203944.0,2.0,0.0,3618.0,0.0,1.0,-2.0,1968.0,-11991.0,14321.90178,14448.67119,14571.928445,-126.769409999999,-250.0266650000012,14484.13548079365,14648.43641083333,164813.9,244732.8,2.263652169175833,2.701369399813086,4.965021568988919,2.0,3618.0,-1.0,-10023.0,0.023658284639459768,0.1577211275866817,,,0.2877,0.32,0.964
20250114,14978.6592,14488.1608,14982.6507,14432.2035,141032.0,11310.0,244593.0,2.0,0.0,2265.0,0.0,1.0,-2.0,871.0,-14032.0,14524.83444,14452.7447,14564.12988,72.08974000000126,-39.29543999999805,14505.4402181746,14616.02610638889,171006.2,293511.6,2.401470621270721,2.701369399813086,5.102840021083807,2.0,2265.0,-1.0,-13161.0,0.08019456577230699,0.1496296723618822,,,0.274,0.3587,0.963
20250115,15055.7382,14948.7495,15143.0341,14914.0101,149757.0,8725.0,188288.0,1.0,0.0,2064.0,0.0,1.0,-2.0,411.0,-17770.0,14704.047,14464.32426,14563.54094,239.7227400000011,140.5060599999997,14550.74734674603,14588.6050716746,178015.5,,2.403811591230923,2.701369399813086,5.105180991044009,1.0,2064.0,-1.0,-17359.0,0.05826104956696515,0.4485071098388329,,,0.2466,0.32,0.998
20250116,15158.5465,15024.1566,15339.6907,14974.1478,155941.0,6184.0,200615.0,2.0,0.0,4732.0,0.0,1.0,-2.0,1281.0,-17161.0,14861.24562,14509.97705,14585.52454,351.2685699999965,275.7210799999957,14604.87006626984,14568.47294016667,186671.3,,2.510224649510683,2.615490764604947,5.12571541411563,2.0,4732.0,-1.0,-15880.0,0.039656023752573086,0.4141451415294925,,,0.3014,0.32,0.994
20250117,14841.1633,15092.7982,15150.4949,14754.2465,158263.0,2322.0,249794.0,2.0,0.0,2895.0,0.0,0.0,-3.0,0.0,-17781.0,14914.05416,14576.90101,14598.552645,337.1531499999983,315.5015150000017,14636.79083015873,14557.64822893651,190107.8,299752.8,2.519490056159275,2.675741572099538,5.195231628258814,2.0,2895.0,-3.0,-17781.0,0.01467178051724029,0.2334746154362552,,,0.2877,0.3613,0.978
20250120,14879.7565,14791.6898,14944.0561,14648.7125,165345.0,7082.0,238202.0,1.0,0.0,2530.0,0.0,1.0,-2.0,676.0,-19361.0,14982.77274,14652.33726,14618.238635,330.4354800000001,364.5341050000025,14660.49084468254,14556.15236170635,199442.8,,2.531442814630621,2.615490764604947,5.146933579235569,1.0,2530.0,-1.0,-18685.0,0.04283165502434304,0.304650980514754,,,0.3014,0.3747,0.985
20250121,14852.511,14897.5431,15179.3478,14847.8785,168226.0,2881.0,229089.0,1.0,0.0,1837.0,0.0,1.0,-2.0,2939.0,-20700.0,14957.5431,14741.18877,14641.42477,216.3543300000019,316.1183299999993,14688.32213706349,14565.19754515079,205680.2,,2.617780033517653,2.615490764604947,5.2332707981226,1.0,1837.0,-1.0,-17761.0,0.01712577128386813,0.257410393345703,,,0.3288,0.3747,0.981
20250122,14953.6617,14853.8657,15064.9361,14730.9349,172252.0,4026.0,210192.0,1.0,0.0,2629.0,0.0,1.0,-2.0,866.0,-21767.0,14937.1278,14820.5874,14662.197085,116.5403999999999,274.9307150000004,14715.13527007937,14583.19143389683,213440.7,,2.62575505543473,2.615490764604947,5.241245820039676,1.0,2629.0,-1.0,-20901.0,0.023372732972621508,0.2579783955195336,,,0.3151,0.3013,0.981
20250123,14709.2809,14966.2828,15068.292,14639.1819,164021.0,-8231.0,208104.0,1.0,0.0,3187.0,0.0,1.0,-2.0,0.0,-20271.0,14847.27468,14854.26015,14665.49723,-6.985469999995985,181.7774500000032,14729.34110912699,14606.40223002381,217883.9,,2.427097812252938,2.675741572099538,5.102839384352476,1.0,3187.0,-1.0,-20271.0,-0.05018259856969534,0.2834352320324361,,,0.1507,0.1213,0.984
20250124,14884.0781,14718.4957,14938.1375,14528.3808,160732.0,-3289.0,193105.0,2.0,0.0,4690.0,0.0,1.0,-2.0,0.0,-20373.0,14855.85764,14884.9559,14679.02214,-29.09825999999521,176.8355000000047,14742.41804134921,14631.76913444444,216592.6,,2.511190349406897,2.735702695856219,5.246893045263116,2.0,4690.0,-1.0,-20373.0,-0.020462633451957295,0.3347800525128795,,,0.1918,0.1213,0.986
20250127,14841.8109,14845.3753,14892.5024,14645.3641,152372.0,-8360.0,140031.0,1.0,0.0,2539.0,0.0,1.0,-2.0,197.0,-19620.0,14848.26852,14915.52063,14682.09591,-67.25210999999763,166.1726100000014,14755.63453626984,14658.91903999207,210201.3,,2.357552921722356,2.675741572099538,5.033294493821895,1.0,2539.0,-1.0,-19423.0,-0.054865723361247475,0.3910001177617777,,,0.2877,0.3013,0.992
20250205,14441.9251,14769.3296,14773.8641,14273.7767,148120.0,-4252.0,140917.0,2.0,0.0,4392.0,0.0,0.0,-3.0,0.0,-20001.0,14766.15134,14861.84722,14657.29596,-95.6958799999993,108.8553800000009,14741.37373833333,14682.51239200794,199833.7,,2.503822224028476,2.735702695856219,5.239524919884694,2.0,4392.0,-3.0,-20001.0,-0.028706454226302996,0.2487611274934037,,,0.3425,0.3773,0.975
20250206,14753.7399,14488.1946,14828.1148,14457.0528,155960.0,7840.0,132560.0,2.0,0.0,3349.0,0.0,0.0,-2.0,117.0,-16860.0,14726.16698,14831.64739,14647.985825,-105.4804100000019,78.18115500000022,14743.26544452381,14701.76420178571,194260.9,,2.512370287502507,2.675741572099538,5.188111859602046,2.0,3349.0,-2.0,-16743.0,0.05026929982046679,0.2903273465900542,,,0.3699,0.3987,0.982
20250207,14857.2479,14757.4594,14981.5167,14744.0744,160346.0,4386.0,139798.0,2.0,0.0,4606.0,0.0,0.0,-2.0,36.0,-16879.0,14755.76038,14801.51753,14655.74729,-45.75714999999946,100.0130899999986,14763.08017214286,14717.58521237302,188179.2,,2.42763051383477,2.675741572099538,5.103372085934309,2.0,4606.0,-2.0,-16843.0,0.027353348384119344,-0.0647206503798735,,,0.3425,0.36,0.866
20250210,14880.4955,14818.9239,14891.13,14554.4332,158300.0,-2046.0,161616.0,1.0,0.0,3601.0,0.0,0.0,-2.0,0.0,-17816.0,14755.04386,14805.45075,14691.17588,-50.4068900000002,63.8679800000009,14777.49088904762,14731.65521826191,179361.4,,2.462650975589391,2.675741572099538,5.138392547688929,1.0,3601.0,-2.0,-17816.0,-0.012924826279216678,-0.0448686321072942,,,0.3425,0.36,0.875
20250211,14750.2397,14886.9933,15003.6069,14729.607,162800.0,4500.0,161073.0,2.0,0.0,5721.0,0.0,0.0,-3.0,0.0,-19756.0,14736.72962,14792.49907,14722.418165,-55.76944999999796,14.31145500000093,14790.09054769841,14744.61518856349,171648.5,,2.332360457631284,2.62792265640778,4.960283114039063,2.0,5721.0,-3.0,-19756.0,0.02764127764127764,-0.0174197473749144,,,0.3836,0.352,0.885
20250212,15126.5264,14713.353,15161.7027,14645.0015,179889.0,17089.0,185861.0,1.0,0.0,3889.0,0.0,1.0,-2.0,812.0,-20952.0,14873.64988,14819.90061,14780.54469,53.74927000000025,93.10519000000022,14814.91861071429,14757.27483592857,167325.7,,2.469918679757467,2.62792265640778,5.097841336165246,1.0,3889.0,-1.0,-20140.0,0.09499747066246407,-0.0022771103675768,,,0.3836,0.3533,0.898
20250213,14971.4257,15071.6268,15271.3982,14916.043,188512.0,8623.0,249951.0,1.0,0.0,4582.0,0.0,0.0,-2.0,0.0,-20599.0,14917.18704,14821.67701,14821.132205,95.51002999999764,96.054834999999,14840.25873722222,14769.78718264286,171301.6,299941.2,2.467239434104947,2.605139670509981,5.072379104614928,1.0,4582.0,-2.0,-20599.0,0.045742446104226786,0.2094410829346265,,,0.3562,0.312,0.967
20250214,15387.9612,14981.6586,15472.5577,14971.5838,205933.0,17421.0,262098.0,1.0,0.0,3546.0,0.0,1.0,-1.0,113.0,-19592.0,15023.3297,14889.54504,14871.902595,133.7846599999975,151.4271050000007,14883.80508396826,14785.23358012698,176701.0,314517.6,2.507251399301217,2.62792265640778,5.135174055708997,1.0,3546.0,0.0,-19479.0,0.08459547522737978,0.1882219184182312,,,0.3836,0.3347,0.965
20250217,15190.4655,15335.9105,15500.6357,15123.204,199784.0,-6149.0,274283.0,1.0,0.0,5141.0,0.0,1.0,-2.0,1477.0,-20760.0,15085.3237,14920.18378,14902.56984,165.1399199999978,182.7538599999971,14923.19782476191,14803.31155846826,184818.8,329139.6,2.542868540467563,2.605139670509981,5.148008210977544,1.0,5141.0,-1.0,-19283.0,-0.03077824049973972,0.2020272500957018,,,0.1918,0.176,0.966
20250218,15250.0319,15196.5657,15371.5555,15051.8698,201637.0,1853.0,260908.0,1.0,0.0,4019.0,0.0,0.0,-2.0,0.0,-19694.0,15185.28214,14961.00588,14938.263255,224.2762600000005,247.0188849999995,14954.62720444444,14823.21082528571,196906.5,313089.6,2.532393827484167,2.605139670509981,5.137533497994148,1.0,4019.0,-2.0,-19694.0,0.00918978163729871,0.0695038024869451,,,0.2192,0.1853,0.929
20250219,15152.5105,15204.3402,15285.1535,15000.9898,194175.0,-7462.0,236497.0,1.0,0.0,3101.0,0.0,0.0,-3.0,0.0,-23265.0,15190.47896,15032.06442,14946.95582,158.4145399999979,243.5231399999993,14977.27670563492,14846.80112201587,206464.5,,2.506163556092579,2.593224363589631,5.099387919682211,1.0,3101.0,-3.0,-23265.0,-0.038429251963435045,0.0572924767303101,,,0.2329,0.1867,0.924
20250220,15344.5208,15188.5238,15403.1045,15152.4595,203597.0,9422.0,221376.0,1.0,0.0,3746.0,0.0,0.0,-3.0,0.0,-20767.0,15265.09798,15091.14251,14961.39495,173.9554700000008,303.7030300000024,15011.92234960318,14873.66681252381,215346.1,,2.413525472364605,2.593224363589631,5.006749835954237,1.0,3746.0,-3.0,-20767.0,0.04627769564384544,0.0988042270438729,,,0.2192,0.1787,0.939
20250221,15257.4127,15386.7312,15710.4726,15242.3607,207832.0,4235.0,339575.0,1.0,0.0,4291.0,0.0,0.0,-3.0,0.0,-18213.0,15238.98828,15131.15899,14966.33826,107.8292899999997,272.6500200000028,15051.58247619048,14902.51704292857,235323.8,407490.0,2.436999873995696,2.593224363589631,5.030224237585328,1.0,4291.0,-3.0,-18213.0,0.020377035297740483,0.1086604158068841,,,0.2329,0.1787,0.94
20250224,15361.9524,15264.8407,15390.8915,15175.3086,208726.0,894.0,221933.0,1.0,0.0,4081.0,0.0,1.0,-2.0,2554.0,-19637.0,15273.28566,15179.30468,14992.377715,93.98098000000209,280.907944999999,15084.95308301588,14933.2632623254,241355.5,,2.416009985631837,2.593224363589631,5.009234349221469,1.0,4081.0,-1.0,-17083.0,0.004283127161925204,0.1859439671868805,,,0.274,0.0413,0.963
20250225,15165.8295,15425.1122,15626.271,15136.211,202551.0,-6175.0,386956.0,1.0,0.0,4083.0,0.0,1.0,-2.0,1965.0,-16835.0,15256.44518,15220.86366,15006.681365,35.58151999999791,249.7638150000002,15112.61516039683,14965.51572359524,263943.8,464347.2,2.370862839620349,2.593224363589631,4.964087203209981,1.0,4083.0,-1.0,-14870.0,-0.030486149167370195,0.0332922044132798,,,0.2466,0.18,0.906
20250226,15204.963,15208.675,15349.4618,15022.0219,204459.0,1908.0,330077.0,1.0,0.0,3311.0,0.0,0.0,-3.0,0.0,-19349.0,15266.93568,15228.70732,15024.303965,38.22835999999916,242.6317150000013,15131.48674285715,14997.17253680952,278365.4,,2.338089285068846,2.593224363589631,4.931313648658477,1.0,3311.0,-3.0,-19349.0,0.009331944301791557,0.214327881488741,,,0.411,0.332,0.967
20250227,15258.1066,15213.9008,15290.4874,14991.6063,205084.0,625.0,276181.0,1.0,0.0,2654.0,0.0,1.0,-3.0,0.0,-23657.0,15249.65284,15257.37541,15039.52621,-7.722569999998086,210.1266300000007,15150.43766928571,15028.19043001587,280988.4,,2.362613904448487,2.593224363589631,4.955838268038118,1.0,2654.0,-2.0,-23657.0,0.003047531743090636,0.2329701039877272,,,0.3836,0.3107,0.969
20250228,15324.6358,15292.093,15408.2739,15092.253,206157.0,1073.0,272318.0,1.0,0.0,2508.0,0.0,1.0,-2.0,0.0,-22265.0,15263.09746,15251.04287,15070.293955,12.05458999999973,192.803504999998,15174.6920515873,15057.27912677778,282010.4,,2.347963036625373,2.534642012261797,4.88260504888717,1.0,2508.0,-1.0,-22265.0,0.00520477112103882,0.3036700805826378,,,0.3425,0.3053,0.982
20250303,15403.5073,15341.9693,15469.813,15297.5489,215415.0,9258.0,206597.0,1.0,0.0,3662.0,0.0,1.0,-3.0,0.0,-21394.0,15271.40844,15272.34705,15096.265415,-0.9386100000010629,175.1430249999976,15205.93895936508,15085.5532402381,275241.8,,2.293101572494878,2.534642012261797,4.827743584756675,1.0,3662.0,-2.0,-21394.0,0.04297750853004666,0.3392045429653653,,,0.3014,0.284,0.986
20250304,15384.4239,15458.5101,15579.427,15334.8753,217407.0,1992.0,251726.0,1.0,0.0,3314.0,0.0,1.0,-3.0,0.0,-19776.0,15315.12732,15285.78625,15123.396065,29.34106999999858,191.7312550000006,15239.18201595238,15114.00872138889,274323.6,,2.162957285291375,2.489676817529939,4.652634102821315,1.0,3314.0,-2.0,-19776.0,0.009162538464722847,0.2220833467078919,,,0.2877,0.2547,0.965
20250305,15151.5219,15330.0216,15330.0216,14979.7189,209390.0,-8017.0,326737.0,1.0,0.0,5450.0,0.0,0.0,-3.0,0.0,-22182.0,15304.4391,15285.68739,15158.875905,18.75170999999864,145.5631950000006,15243.26026650793,15140.60707747619,283347.6,,2.184213764258743,2.534642012261797,4.71885577652054,1.0,5450.0,-3.0,-22182.0,-0.03828740627537132,0.2779593625057929,,,0.3014,0.2893,0.978
20250306,15246.294,15180.208,15267.1148,14858.3635,210616.0,1226.0,318533.0,1.0,0.0,3761.0,0.0,0.0,-3.0,0.0,-19409.0,15302.07658,15275.86471,15183.50361,26.21186999999918,118.5729699999993,15245.41995896826,15163.9568384127,293063.3,,2.142431834758178,2.534642012261797,4.677073847019974,1.0,3761.0,-3.0,-19409.0,0.0058210202453754705,0.3443865503560575,,,0.3425,0.3133,0.986
20250307,14912.5894,15216.6394,15247.8984,14860.2652,208821.0,-1795.0,301318.0,1.0,0.0,6088.0,0.0,1.0,-3.0,0.0,-21327.0,15219.6673,15241.38238,15186.270685,-21.71507999999812,33.39661500000147,15230.63320746032,15181.86191153968,289237.6,,2.150001385284207,2.593224363589631,4.743225748873838,1.0,6088.0,-2.0,-21327.0,-0.008595878766982248,0.3156695486830845,,,0.3562,0.312,0.981
20250310,14681.6089,14876.5483,14899.5739,14625.0766,209178.0,357.0,264857.0,1.0,0.0,5701.0,0.0,1.0,-2.0,0.0,-19270.0,15075.28762,15173.34803,15176.326355,-98.06041000000005,-101.0387350000019,15188.36907722222,15192.20351096032,293530.0,,2.140627737558845,2.534642012261797,4.675269749820641,1.0,5701.0,-1.0,-19270.0,0.0017066804348449646,0.3317893324503296,,,0.3699,0.3293,0.982
20250311,14687.0227,14669.5189,14710.3986,14474.5845,214189.0,5011.0,229896.0,1.0,0.0,5925.0,0.0,0.0,-3.0,0.0,-19727.0,14935.80738,15125.46735,15173.165505,-189.6599699999988,-237.3581250000025,15137.29610253969,15194.6716051746,277824.0,,2.12255426274412,2.489676817529939,4.612231080274059,1.0,5925.0,-3.0,-19727.0,0.02339522571187129,0.2059816559995801,,,0.4658,0.336,0.957
20250312,14679.7346,14759.6492,14771.3167,14555.3182,210855.0,-3334.0,224528.0,1.0,0.0,5210.0,0.0,1.0,-2.0,101.0,-17285.0,14841.44992,15072.94451,15150.825915,-231.4945899999984,-309.3759950000003,15091.75683500001,15190.69861438889,267269.1,,2.112854616650006,2.440743169634218,4.553597786284223,1.0,5210.0,-1.0,-17184.0,-0.015811813805695858,0.1022724368372324,,,0.5068,0.3733,0.927
20250313,14510.1311,14745.9776,14745.9776,14420.2182,213555.0,2700.0,208735.0,1.0,0.0,5540.0,0.0,0.0,-3.0,0.0,-17656.0,14694.21734,14998.14696,15127.761185,-303.9296200000026,-433.5438450000001,15035.27954619048,15179.18280207937,260524.5,,2.05286403326204,2.388719329969764,4.441583363231804,1.0,5540.0,-3.0,-17656.0,0.012643113015382455,0.0232236768359556,,,0.4795,0.432,0.887
20250314,14623.9941,14545.3642,14661.7508,14498.7909,215397.0,1842.0,219108.0,1.0,0.0,4472.0,0.0,0.0,-3.0,0.0,-16831.0,14636.49828,14928.08279,15089.56283,-291.5845100000006,-453.064550000001,14985.19488746032,15160.23308566667,255203.5,,2.035039297581471,2.31306460734525,4.348103904926721,1.0,4472.0,-3.0,-16831.0,0.008551651137202469,-0.0357885069530156,,,0.5068,0.468,0.856
20250317,14393.2743,14626.1591,14626.1591,14246.28,203386.0,-12011.0,316798.0,1.0,0.0,5608.0,0.0,0.0,-3.0,0.0,-18397.0,14578.83136,14827.05949,15049.70327,-248.2281299999995,-470.871909999998,14922.92776912699,15131.93196664286,266223.6,,1.989943201464094,2.388719329969764,4.378662531433858,1.0,5608.0,-3.0,-18397.0,-0.05905519553951599,-0.1620464472558225,,,0.5479,0.4853,0.793
20250318,14526.7131,14416.9241,14537.9841,14306.4183,204040.0,654.0,198841.0,1.0,0.0,4600.0,0.0,0.0,-3.0,0.0,-16894.0,14546.76944,14741.28841,15013.53733,-194.5189699999992,-466.7678899999974,14867.22581611111,15094.73634665873,260935.1,,1.950487358708324,2.31306460734525,4.263551966053575,1.0,4600.0,-3.0,-16894.0,0.003205253871789845,-0.0562690892150855,,,0.3699,0.2907,0.846
20250319,14457.6053,14550.6852,14571.3984,14385.7318,201246.0,-2794.0,172836.0,1.0,0.0,3199.0,0.0,0.0,-3.0,0.0,-13531.0,14502.34358,14671.89675,14978.79207,-169.5531699999992,-476.4484899999989,14814.53911095238,15051.86423110318,245545.0,,1.903560063270616,2.31306460734525,4.216624670615866,1.0,3199.0,-3.0,-13531.0,-0.013883505759120679,-0.1678182234953463,,,0.3562,0.2947,0.786
20250320,14756.756,14473.071,14773.5945,14314.7584,212678.0,11432.0,301039.0,1.0,0.0,2608.0,0.0,0.0,-3.0,0.0,-13000.0,14551.66856,14622.94295,14949.40383,-71.2743900000005,-397.735270000001,14781.56334658731,15005.47856986508,243795.6,361246.8,1.977626549435438,2.388719329969764,4.366345879405203,1.0,2608.0,-3.0,-13000.0,0.05375262133365934,-0.0944370452945919,,,0.3151,0.3013,0.822
20250321,14645.6363,14692.302,14729.5646,14597.7043,205931.0,-6747.0,192796.0,1.0,0.0,4288.0,0.0,0.0,-3.0,0.0,-14205.0,14555.997,14596.24764,14918.81501,-40.25064000000202,-362.8180100000009,14753.72670166667,14957.78791928572,232943.4,,1.978485680982381,2.31306460734525,4.29155028832763,1.0,4288.0,-3.0,-14205.0,-0.03276340133345635,-0.1414838981040527,,,0.3425,0.3093,0.801
20250324,14850.3074,14666.6298,14869.0908,14610.0403,211292.0,5361.0,202975.0,1.0,0.0,3163.0,0.0,0.0,-3.0,0.0,-13512.0,14647.40362,14613.11749,14893.23276,34.28613000000041,-245.829139999998,14740.5465984127,14913.00567140476,226755.2,,1.990646475981581,2.266697936059505,4.257344412041085,1.0,3163.0,-3.0,-13512.0,0.025372470325426423,0.0411900908570899,,,0.5753,0.5027,0.9
20250325,14775.6149,14836.5371,14972.791,14765.0466,212605.0,1313.0,210404.0,1.0,0.0,4439.0,0.0,0.0,-3.0,0.0,-13885.0,14697.18398,14621.97671,14873.72203,75.20727000000261,-176.5380499999992,14733.34447126984,14872.61050827778,224806.0,,1.898554070863228,2.266697936059505,4.165252006922733,1.0,4439.0,-3.0,-13885.0,0.006175771971496437,-0.0083052745518354,,,0.5205,0.4907,0.868
20250326,14629.8466,14796.6471,14823.7724,14613.7011,207325.0,-5280.0,176388.0,1.0,0.0,4093.0,0.0,0.0,-3.0,0.0,-17386.0,14731.63224,14616.98791,14844.96621,114.6443299999992,-113.3339700000015,14715.35596476191,14834.97042125397,219992.0,,1.807404238091368,2.252097552864034,4.059501790955402,1.0,4093.0,-3.0,-17386.0,-0.02546726154588207,-0.056929586074277,,,0.5205,0.476,0.842
20250327,14731.0521,14640.3068,14747.0771,14546.7552,207794.0,469.0,169112.0,1.0,0.0,4021.0,0.0,0.0,-3.0,0.0,-17268.0,14726.49146,14639.08001,14818.613485,87.4114499999996,-92.12202499999876,14699.97733325397,14801.44019996032,216029.7,,1.717611206604702,2.252097552864034,3.969708759468736,1.0,4021.0,-3.0,-17268.0,0.0022570430330038404,0.0157892941045239,,,0.4521,0.4453,0.882
20250328,14387.5472,14727.9558,14800.7222,14361.3407,205200.0,-2594.0,258102.0,1.0,0.0,3898.0,0.0,0.0,-3.0,0.0,-17965.0,14674.87364,14615.43532,14771.759055,59.43831999999929,-96.88541499999883,14670.32421801587,14769.95313301588,219929.1,,1.794286272442527,2.307025651445618,4.101311923888145,1.0,3898.0,-3.0,-17965.0,-0.012641325536062379,-0.2573260946329312,,,0.3973,0.4,0.717
20250331,14380.3326,14458.6331,14541.2481,14295.9024,198521.0,-6679.0,250308.0,1.0,0.0,3353.0,0.0,0.0,-3.0,0.0,-17322.0,14580.87868,14614.14115,14720.60032,-33.26247000000149,-139.7216399999979,14634.95721119048,14741.15607722222,213280.1,,1.801643554247052,2.307025651445618,4.10866920569267,1.0,3353.0,-3.0,-17322.0,-0.03364379587046207,-0.1604838254056516,,,0.3288,0.3747,0.787
20250401,14429.2637,14392.7603,14468.6314,14174.0931,197583.0,-938.0,213944.0,1.0,-1.0,2961.0,-1870.0,0.0,-3.0,0.0,-16413.0,14511.60844,14604.39621,14672.84231,-92.78777000000082,-161.2338699999982,14603.48215214286,14714.7817108254,214790.4,,1.842335948306718,2.252097552864034,4.094433501170752,0.0,1091.0,-3.0,-16413.0,-0.004747371990505256,-0.0944005788725128,,,0.274,0.3253,0.818
20250402,14479.9767,14417.5314,14546.3283,14384.5915,193523.0,-4060.0,152915.0,1.0,-1.0,335.0,-1902.0,0.0,-3.0,0.0,-15628.0,14481.63446,14606.63335,14639.26505,-124.9988900000026,-157.6305900000007,14581.91576936508,14691.51937666667,212798.3,,1.762231709282528,2.252097552864034,4.014329262146562,0.0,-1567.0,-3.0,-15628.0,-0.020979418467055595,-0.1067241465422194,,,0.2466,0.264,0.808
20250403,13909.1887,14463.2697,14502.1913,13898.1394,194162.0,639.0,290135.0,1.0,-1.0,4865.0,-2613.0,0.0,-3.0,0.0,-19327.0,14317.26178,14521.87662,14572.409785,-204.6148400000002,-255.1480049999991,14530.72707301587,14666.43574930952,211707.9,348162.0,1.9853355096062,2.307025651445618,4.292361161051819,0.0,2252.0,-3.0,-19327.0,0.0032910662230508543,-0.1585018088153739,,,0.2466,0.26,0.786
20250407,13347.0176,13397.128,13397.128,13346.9978,190782.0,-3380.0,5259.0,1.0,-1.0,4926.0,-2610.0,0.0,-3.0,0.0,-19342.0,14109.15586,14392.01475,14494.131195,-282.8588899999995,-384.975335000001,14414.44195984127,14632.50727512699,192954.2,,2.085719405433383,2.388719329969764,4.474438735403147,0.0,2316.0,-3.0,-19342.0,-0.01771655606923085,-0.1750888964763824,,,0.2466,0.2627,0.771
20250408,12442.5045,12454.7942,12970.7557,12369.4715,159751.0,-31031.0,445771.0,1.0,0.0,954.0,0.0,1.0,-2.0,508.0,-15315.0,13721.59024,14151.23446,14382.175975,-429.644220000002,-660.5857350000006,14224.31890357143,14580.88450564286,217233.8,534925.2,2.480005988293543,2.388719329969764,4.868725318263308,1.0,954.0,-1.0,-14807.0,-0.19424604540816645,-0.2447304059405742,,,0.3699,0.4973,0.724
20250409,11927.4561,12533.1208,12561.6918,11923.8482,159800.0,49.0,408107.0,1.0,0.0,1291.0,0.0,0.0,-3.0,0.0,-11520.0,13221.22872,13866.41858,14244.197645,-645.1898600000022,-1022.968924999999,14008.19512642857,14508.36957115873,237004.1,489728.4,2.740473558196747,2.440743169634218,5.181216727830965,1.0,1291.0,-3.0,-11520.0,0.0003066332916145181,-0.3575739260059897,,,0.3699,0.4893,0.627
20250410,12618.5276,11841.9101,12963.647,11712.5175,149315.0,-10485.0,425272.0,1.0,0.0,1711.0,0.0,1.0,-2.0,1228.0,-10140.0,12848.9389,13665.28668,14141.137295,-816.3477800000019,-1292.198395000003,13830.32557087302,14419.86653176984,261892.5,510326.4,3.175591121834454,2.440743169634218,5.616334291468672,1.0,1711.0,-1.0,-8912.0,-0.0702206744131534,0.0662512420878007,,,0.3562,0.4693,0.916
20250411,12781.728,12575.6396,12800.8937,12401.8672,150051.0,736.0,282148.0,1.0,0.0,1037.0,0.0,1.0,-1.0,1083.0,-9176.0,12623.44676,13470.35427,14054.71714,-846.9075100000009,-1431.27038,13689.78878579365,14318.84767702381,273196.1,,3.330046356869947,2.489676817529939,5.819723174399886,1.0,1037.0,0.0,-8093.0,0.0049049989670178805,0.1995305314343038,,,0.3288,0.4253,0.954
20250414,12790.2709,12779.9153,12940.6991,12729.732,152768.0,2717.0,218868.0,1.0,0.0,2192.0,0.0,1.0,-2.0,2172.0,-9643.0,12512.09742,13310.62664,13963.03098,-798.5292199999985,-1450.933559999999,13570.77859238095,14208.89311446032,269272.7,,3.340752788737085,2.440743169634218,5.781495958371304,1.0,2192.0,-1.0,-7471.0,0.017785138248847927,-0.0416845708790224,,,0.3425,0.396,0.849
20250415,12512.9339,12793.6774,12833.5722,12510.4821,152425.0,-343.0,178296.0,1.0,0.0,2150.0,0.0,1.0,-2.0,1830.0,-9491.0,12526.1833,13123.88677,13869.01396,-597.7034700000004,-1342.83066,13440.47229952381,14089.44462329365,262071.5,,3.441581141646995,2.440743169634218,5.882324311281213,1.0,2150.0,-1.0,-7661.0,-0.0022502870264064292,-0.1672864559686441,,,0.3288,0.3907,0.777
20250416,12374.1499,12598.5261,12686.5097,12312.2394,160156.0,7731.0,249069.0,1.0,0.0,2258.0,0.0,2.0,-1.0,1621.0,-11794.0,12615.52206,12918.37539,13761.3858,-302.8533299999999,-1145.863740000001,13304.65180722222,13959.56158880159,265584.0,,3.570824962197298,2.523616754707553,6.094441716904852,1.0,2258.0,1.0,-10173.0,0.04827168510702066,-0.2522970574588359,,,0.3288,0.3293,0.716
20250417,12399.4357,12420.3141,12557.8813,12300.2215,158333.0,-1823.0,207736.0,1.0,0.0,2448.0,0.0,2.0,-1.0,2146.0,-12791.0,12571.70368,12710.32129,13658.47732,-138.6176099999993,-1086.773639999999,13173.77254396826,13818.74726626191,271066.1,,3.646913059926724,2.440743169634218,6.087656229560942,1.0,2448.0,1.0,-10645.0,-0.011513708449912527,-0.2573435892262413,,,0.3014,0.2213,0.71
20250418,12431.7482,12450.333,12513.3969,12321.379,159494.0,1161.0,190075.0,1.0,0.0,2351.0,0.0,2.0,-2.0,655.0,-11529.0,12501.70772,12562.57724,13542.22693,-60.86952000000019,-1040.519209999999,13055.76206253968,13671.25076521428,261060.1,,3.550625484678865,2.440743169634218,5.991368654313083,1.0,2351.0,0.0,-10874.0,0.00727927069356841,-0.2096532262147304,,,0.2603,0.1627,0.742
20250421,12632.0768,12441.0748,12721.0886,12382.8406,161682.0,2188.0,256027.0,1.0,0.0,1504.0,0.0,1.0,-2.0,244.0,-12626.0,12470.0689,12491.08316,13441.548955,-21.0142599999981,-971.480055,12960.78909563493,13525.88547879365,286136.9,,3.636211690352595,2.523616754707553,6.159828445060148,1.0,1504.0,-1.0,-12382.0,0.013532737101223389,-0.1291234255218697,,,0.2603,0.1693,0.799
20250422,12411.7413,12600.9273,12603.41,12330.5142,160772.0,-910.0,191474.0,1.0,0.0,2047.0,0.0,0.0,-3.0,0.0,-16047.0,12449.83038,12488.00684,13319.62065,-38.17645999999877,-869.7902699999995,12866.0091031746,13390.05449875397,260707.2,,3.681105158399016,2.451658253914827,6.132763412313842,1.0,2047.0,-3.0,-16047.0,-0.005660189585251163,-0.173816565494607,,,0.2466,0.1707,0.772
20250423,12510.3107,12433.6775,12557.4259,12183.6382,163649.0,2877.0,312066.0,1.0,0.0,429.0,0.0,0.0,-3.0,0.0,-14314.0,12477.06254,12546.2923,13206.35544,-69.22976000000199,-729.2929000000004,12781.61403293651,13267.39638940476,251103.1,374479.2,3.841790594689822,2.523616754707553,6.365407349397375,1.0,429.0,-3.0,-14314.0,0.017580309076132453,-0.1798699207686971,,,0.274,0.1667,0.766
20250424,12386.2478,12487.3122,12487.3122,12217.3977,162831.0,-818.0,256687.0,1.0,0.0,1457.0,0.0,0.0,-3.0,62.0,-11899.0,12474.42496,12523.06432,13094.1755,-48.63936000000103,-619.7505399999991,12701.45236936508,13154.50906925397,234244.6,,3.697895714509296,2.523616754707553,6.221512469216849,1.0,1457.0,-3.0,-11837.0,-0.0050236134397012855,-0.249899536383735,,,0.2877,0.168,0.712
20250425,12320.9146,12382.0575,12573.8986,12226.7265,163629.0,798.0,289752.0,1.0,0.0,1710.0,0.0,0.0,-3.0,0.0,-12383.0,12452.25824,12476.98298,12973.668625,-24.72473999999966,-521.410385000001,12630.43798912698,13048.5739895873,235005.0,347702.4,3.596443592091182,2.588977004038026,6.185420596129209,1.0,1710.0,-3.0,-12383.0,0.004876886126542361,-0.2616846611319454,,,0.2877,0.1693,0.702
20250428,12284.4161,12315.1969,12418.5155,12221.0943,157201.0,-6428.0,213054.0,1.0,0.0,2223.0,0.0,0.0,-3.0,0.0,-12294.0,12382.7261,12426.3975,12868.51207,-43.67139999999927,-485.7859700000008,12563.9453665873,12947.89066700794,234423.6,,3.152338393063206,2.523616754707553,5.675955147770759,1.0,2223.0,-3.0,-12294.0,-0.040890325125158236,-0.2986112086715633,,,0.274,0.16,0.673
20250429,12246.2386,12292.8342,12401.8563,12200.2552,152438.0,-4763.0,221812.0,1.0,0.0,2001.0,0.0,0.0,-3.0,0.0,-11208.0,12349.62556,12399.72797,12761.80737,-50.10241000000133,-412.1818099999982,12505.16156793651,12854.35959384921,238775.2,,2.896877767720459,2.451658253914827,5.348536021635285,1.0,2001.0,-3.0,-11208.0,-0.031245489969692595,-0.3563691092923357,,,0.2603,0.1533,0.619
20250430,12279.5209,12247.948,12405.9377,12178.0535,140957.0,-11481.0,207635.0,1.0,0.0,2568.0,0.0,0.0,-3.0,0.0,-11188.0,12303.4676,12390.26507,12654.32023,-86.79746999999952,-350.8526299999994,12457.06323785714,12769.6007369127,234631.8,,2.315658098407044,2.451658253914827,4.76731635232187,1.0,2568.0,-3.0,-11188.0,-0.08145037138985649,-0.1651492097156466,,,0.2329,0.1547,0.779
20250506,12519.0693,12310.0072,12589.5507,12302.3202,147672.0,6715.0,161429.0,1.0,0.0,3195.0,0.0,1.0,-2.0,1787.0,-13185.0,12330.0319,12402.22843,12556.27486,-72.19653000000108,-226.2429600000014,12438.85807214286,12696.10928973016,230001.1,,2.26803324877177,2.448377697100607,4.716410945872378,1.0,3195.0,-1.0,-11398.0,0.045472398288097945,-0.0376798911947098,,,0.2329,0.164,0.851
20250507,12547.7317,12541.256,12733.5733,12487.5325,149539.0,1867.0,182022.0,1.0,0.0,4181.0,0.0,1.0,-3.0,298.0,-11345.0,12375.39532,12413.82678,12488.20201,-38.43145999999979,-112.8066899999994,12440.10373039682,12634.54345651587,229195.8,,2.291371209338289,2.395996052823504,4.687367262161793,1.0,4181.0,-2.0,-11047.0,0.012485037348116545,-0.1153882389696119,,,0.3014,0.2373,0.804
20250508,12496.6731,12547.5396,12566.8338,12422.9194,149484.0,-55.0,142497.0,1.0,0.0,4311.0,0.0,1.0,-3.0,289.0,-12675.0,12417.84672,12400.28641,12445.684785,17.56030999999894,-27.83806499999992,12441.39699206349,12582.60424615873,217842.8,,2.188516387566431,2.395996052823504,4.584512440389934,1.0,4311.0,-2.0,-12386.0,-0.0003679323539643039,-0.0978311957980032,,,0.3288,0.276,0.815
20250509,12393.5433,12508.4664,12562.9469,12391.057,149133.0,-351.0,113360.0,1.0,0.0,4366.0,0.0,0.0,-3.0,0.0,-13803.0,12447.30766,12398.46661,12443.236725,48.84104999999909,4.070934999997917,12437.99309404762,12539.80264524603,210031.4,,2.071867811186739,2.395996052823504,4.467863864010242,1.0,4366.0,-3.0,-13803.0,-0.0023536038301381988,-0.2352299869221632,,,0.6301,0.532,0.719
20250512,12764.4157,12414.0459,12776.8513,12304.1136,150778.0,1645.0,245779.0,1.0,0.0,3475.0,0.0,1.0,-2.0,1986.0,-14136.0,12544.28662,12423.87711,12485.084705,120.4095099999977,59.20191499999964,12452.22945039683,12506.86418699206,203402.7,294934.8,2.190976099896626,2.448377697100607,4.639353796997232,1.0,3475.0,-1.0,-12150.0,0.01091007971985303,-0.1274360814892851,,,0.6301,0.6253,0.796
20250513,12812.9032,12894.3467,12940.7039,12627.6881,149281.0,-1497.0,196734.0,1.0,0.0,1723.0,0.0,1.0,-3.0,0.0,-8392.0,12603.0534,12466.54265,12494.803485,136.5107499999995,108.2499149999985,12484.7145484127,12485.19040489682,197407.4,,2.255491071934483,2.434982823957388,4.690473895891871,1.0,1723.0,-2.0,-8392.0,-0.010028067871999786,-0.2466227173744433,,,0.6301,0.6453,0.709
20250514,12998.1489,12802.9531,13077.5802,12776.893,148888.0,-393.0,199721.0,1.0,0.0,1956.0,0.0,0.0,-3.0,0.0,-10511.0,12693.13684,12534.26608,12505.62453,158.8707599999998,187.5123100000019,12528.08088007937,12474.95469399206,188404.3,,2.229305421537829,2.434982823957388,4.664288245495216,1.0,1956.0,-3.0,-10511.0,-0.00263956799742088,-0.1739792538689555,,,0.6575,0.6467,0.765
20250515,12857.6716,12942.5658,12992.6052,12830.6469,145666.0,-3222.0,123359.0,1.0,0.0,2437.0,0.0,1.0,-3.0,0.0,-10280.0,12765.33654,12591.59163,12508.994565,173.7449100000013,256.3419750000012,12565.89225404762,12475.14938273809,179434.8,,2.147214696514945,2.390756935067842,4.537971631582788,1.0,2437.0,-2.0,-10280.0,-0.022119094366564607,-0.1374095272793918,,,0.6849,0.648,0.791
20250516,12693.3199,12836.5383,12913.6817,12689.5096,140169.0,-5497.0,134742.0,1.0,0.0,2066.0,0.0,0.0,-3.0,0.0,-10485.0,12825.29186,12636.29976,12518.013865,188.9921000000013,307.2779950000022,12588.67937476191,12483.50116342063,170727.8,,2.059774783038066,2.333914442269054,4.393689225307121,1.0,2066.0,-3.0,-10485.0,-0.03921694525893742,-0.2654866391944933,,,0.6986,0.6493,0.69
20250519,12809.8263,12669.8792,12867.9701,12622.6499,141723.0,1554.0,151533.0,1.0,0.0,2173.0,0.0,0.0,-3.0,0.0,-11139.0,12834.37398,12689.3303,12539.797685,145.0436800000007,294.5762949999989,12611.49556666667,12498.94439630159,165117.6,,2.027780601944436,2.333914442269054,4.361695044213491,1.0,2173.0,-3.0,-11139.0,0.01096505154420948,-0.0896071426586899,,,0.6712,0.6507,0.82
20250520,12814.1867,12779.26,12862.9844,12709.5535,144215.0,2492.0,132358.0,1.0,0.0,3062.0,0.0,0.0,-3.0,0.0,-11063.0,12834.63068,12718.84204,12560.535235,115.7886400000007,274.0954450000008,12636.36296650794,12518.6948857381,162210.5,,1.912356643887698,2.333914442269054,4.246271086156753,1.0,3062.0,-3.0,-11063.0,0.017279755919980586,-0.0678979401590607,,,0.6712,0.6187,0.834
20250521,12707.7064,12800.9974,12822.6637,12663.2764,139864.0,-4351.0,151619.0,1.0,0.0,2536.0,0.0,0.0,-3.0,0.0,-11613.0,12776.54218,12734.83951,12574.333145,41.70267000000058,202.2090349999999,12652.96506396826,12539.98101909524,159170.2,,1.886286523480265,2.333914442269054,4.22020096574932,1.0,2536.0,-3.0,-11613.0,-0.031108791397357432,-0.2257649663707826,,,0.2877,0.288,0.719
20250522,12708.1126,12723.1391,12849.5355,12697.0202,138528.0,-1336.0,149759.0,1.0,0.0,2543.0,0.0,0.0,-3.0,0.0,-10973.0,12746.63038,12755.98346,12578.134935,-9.353079999998954,168.4954450000023,12669.67756309523,12562.80907619841,159896.4,,1.85370639657486,2.272351910193285,4.126058306768145,1.0,2543.0,-3.0,-10973.0,-0.009644259644259644,-0.1460409798468429,,,0.1644,0.2107,0.786
20250523,12584.8802,12713.6216,12811.5292,12581.4622,142687.0,4159.0,179261.0,1.0,0.0,2656.0,0.0,0.0,-3.0,0.0,-10600.0,12724.94244,12775.11715,12586.79188,-50.17471000000114,138.15056,12675.47960555556,12586.55772734921,166486.5,,1.851749444057274,2.272351910193285,4.124101354250558,1.0,2656.0,-3.0,-10600.0,0.02914771492847982,-0.0946430320063525,,,0.1781,0.212,0.814
20250526,12562.4807,12581.5817,12622.8814,12412.1145,138472.0,-4215.0,209535.0,2.0,0.0,4784.0,0.0,1.0,-3.0,330.0,-7153.0,12675.47332,12754.92365,12589.40038,-79.45032999999967,86.07294000000184,12672.28276515873,12608.5630588254,162862.1,251442.0,1.795453596262222,2.19012320987154,3.985576806133762,2.0,4784.0,-2.0,-6823.0,-0.030439366803397077,0.0694074741947294,,,0.2329,0.292,0.916
20250527,12801.5862,12601.5783,12878.9531,12568.0417,143877.0,5405.0,244603.0,2.0,0.0,4545.0,0.0,1.0,-2.0,772.0,-4122.0,12672.95322,12753.79195,12610.1673,-80.83872999999949,62.78591999999844,12686.50482825397,12628.74208680953,167649.0,293523.6,1.83246019267495,2.272351910193285,4.104812102868234,2.0,4545.0,-1.0,-3350.0,0.03756681053955809,0.217080135203065,,,0.3151,0.376,0.96
20250528,12132.8965,12762.9857,12768.3862,12099.6251,137832.0,-6045.0,302831.0,2.0,0.0,5216.0,0.0,0.0,-3.0,0.0,-5974.0,12557.99124,12667.26671,12600.766395,-109.2754700000005,-42.77515500000118,12660.81112246032,12642.01511104762,177960.0,363397.2,2.150354488150743,2.333914442269054,4.484268930419797,2.0,5216.0,-3.0,-5974.0,-0.043857739857217484,0.0450630725221517,,,0.3699,0.4467,0.9
20250529,12412.4009,12176.4223,12476.747,12094.0911,137212.0,-620.0,256929.0,2.0,0.0,4360.0,0.0,2.0,-2.0,1625.0,-3077.0,12498.8489,12622.73964,12607.165635,-123.8907400000007,-108.3167349999985,12634.25730690476,12648.85161633333,191317.0,308314.8,2.268760353474067,2.390756935067842,4.65951728854191,2.0,4360.0,0.0,-1452.0,-0.0045185552284056785,0.3392991581597325,,,0.4384,0.5,0.985
20250530,11707.5004,12378.3961,12378.3961,11690.7567,136954.0,-258.0,318243.0,2.0,0.0,4198.0,0.0,0.0,-3.0,0.0,-5694.0,12323.37294,12524.15769,12580.228725,-200.7847500000007,-256.8557850000016,12569.20117063492,12646.90379592064,209667.1,381891.6,2.423278915734347,2.434982823957388,4.858261739691734,2.0,4198.0,-3.0,-5694.0,-0.0018838442104648276,0.0259700128359936,,,0.4521,0.5013,0.884
20250603,11697.6359,11680.5038,11813.6094,11581.8154,135331.0,-1623.0,180425.0,2.0,0.0,3901.0,0.0,0.0,-3.0,0.0,-5587.0,12150.40398,12412.93865,12551.134475,-262.5346700000009,-400.7304950000016,12482.87426103175,12634.04166535714,212556.3,,2.392396089793611,2.434982823957388,4.827378913750998,2.0,3901.0,-3.0,-5587.0,-0.01199281761015584,0.1575181018531478,,,0.4658,0.5253,0.935
20250604,11914.9456,11715.0961,11952.5057,11594.358,133689.0,-1642.0,238057.0,2.0,0.0,3049.0,0.0,0.0,-3.0,0.0,-7422.0,11973.07586,12323.01454,12520.92829,-349.9386799999993,-547.852429999999,12413.81300896826,12611.78666960317,223126.2,,2.440201451872379,2.434982823957388,4.875184275829767,2.0,3049.0,-3.0,-7422.0,-0.012282237132449192,0.1441947058337611,,,0.5205,0.544,0.931
20250605,11837.6567,11881.2143,11897.3855,11714.1408,134179.0,490.0,180267.0,2.0,0.0,3245.0,0.0,0.0,-3.0,0.0,-7668.0,11914.0279,12236.00957,12485.42454,-321.981670000001,-571.3966400000008,12348.17491079365,12581.30765428571,225991.0,,2.47376443199701,2.390756935067842,4.864521367064853,2.0,3245.0,-3.0,-7668.0,0.003651838216114295,0.1563506011722695,,,0.5205,0.5613,0.934
20250606,11891.886,11876.1303,12036.8602,11836.7629,133920.0,-259.0,175783.0,2.0,0.0,3596.0,0.0,0.0,-3.0,0.0,-9113.0,11809.92492,12154.38691,12455.185185,-344.4619899999998,-645.2602650000008,12291.88213928571,12543.52811190476,228593.4,,2.471302314654091,2.333914442269054,4.805216756923146,2.0,3596.0,-3.0,-9113.0,-0.0019339904420549582,0.1244722748415484,,,0.589,0.6253,0.926
20250609,11943.2088,11906.9461,11954.0826,11809.5083,132444.0,-1476.0,161731.0,2.0,0.0,3466.0,0.0,0.0,-3.0,0.0,-7283.0,11857.0666,12090.21977,12432.66846,-233.1531699999996,-575.6018599999989,12238.41603761904,12499.82175511111,226840.4,,2.425104720331972,2.333914442269054,4.759019162601026,2.0,3466.0,-3.0,-7283.0,-0.011144332699103017,0.0788206723526008,,,0.3014,0.4107,0.914
20250610,12034.9077,11971.4442,12148.4839,11971.4442,132707.0,263.0,158660.0,2.0,0.0,3088.0,0.0,0.0,-3.0,0.0,-6856.0,11924.52096,12037.46247,12396.19306,-112.9415100000006,-471.6721000000016,12199.73002619047,12452.56648121429,221752.9,,2.466489674338545,2.333914442269054,4.800404116607599,2.0,3088.0,-3.0,-6856.0,0.0019818095503628293,0.1345034311016881,,,0.3288,0.412,0.928
20250611,12105.222,12036.1216,12154.2993,11954.6469,134672.0,1965.0,132033.0,2.0,0.0,3214.0,0.0,1.0,-2.0,333.0,-6374.0,11962.57624,11967.82605,12360.809,-5.249809999999343,-398.232759999999,12168.35808531746,12400.75180692064,210495.9,,2.498852495772629,2.333914442269054,4.832766938041684,2.0,3214.0,-1.0,-6041.0,0.014591006296780326,0.1569765975489282,,,0.3014,0.4133,0.934
20250612,11844.692,12084.7458,12105.7518,11843.2439,132017.0,-2655.0,163319.0,2.0,0.0,2553.0,0.0,0.0,-3.0,0.0,-8052.0,11963.9833,11939.0056,12303.136155,24.97769999999946,-339.1528550000003,12126.89335698412,12347.36003037302,196544.7,,2.576486727478684,2.333914442269054,4.910401169747739,2.0,2553.0,-3.0,-8052.0,-0.020111046304642582,0.0804476634002019,,,0.2877,0.4147,0.913
20250613,12011.9026,11851.3395,12142.9299,11828.1147,131558.0,-459.0,216977.0,2.0,0.0,2135.0,0.0,0.0,-3.0,66.0,-7515.0,11987.98662,11898.95577,12260.847705,89.03085000000101,-272.8610850000005,12094.42242357143,12293.37654203968,192549.5,,2.63540415018161,2.390756935067842,5.026161085249452,2.0,2135.0,-3.0,-7449.0,-0.0034889554417063197,0.089665988486241,,,0.3425,0.4227,0.915
20250616,12097.0557,12013.2486,12107.5226,11765.5642,132283.0,725.0,261681.0,1.0,0.0,1892.0,0.0,0.0,-3.0,0.0,-8013.0,12018.756,11937.9113,12231.034495,80.84469999999965,-212.2784950000005,12070.26372626984,12243.48279760317,186893.3,314017.2,2.720575646541376,2.390756935067842,5.111332581609219,1.0,1892.0,-3.0,-8013.0,0.005480674009509914,0.1739039340835441,,,0.3699,0.424,0.94
20250617,12062.282,12055.8233,12104.8809,11987.5857,132394.0,111.0,135776.0,2.0,0.0,1824.0,0.0,0.0,-3.0,0.0,-8251.0,12024.23086,11974.37591,12193.65728,49.85495000000083,-169.4264199999998,12052.65280349206,12200.46065184921,182428.4,,2.613795640036022,2.390756935067842,5.004552575103864,2.0,1824.0,-3.0,-8251.0,0.0008384065743160566,0.1683282595952723,,,0.411,0.4253,0.936
20250618,12249.6909,12087.1095,12295.2232,12060.7898,127568.0,-4826.0,162882.0,2.0,0.0,1602.0,0.0,0.0,-3.0,0.0,-8851.0,12053.12464,12007.85044,12165.43249,45.27419999999984,-112.3078499999992,12052.59648428571,12164.33899938095,174910.9,,2.333372722093133,2.390756935067842,4.724129657160976,2.0,1602.0,-3.0,-8851.0,-0.037830803963376396,0.0474138678901854,,,0.4795,0.4973,0.89
20250619,12211.7963,12223.1173,12278.8185,12132.2382,125161.0,-2407.0,115805.0,2.0,0.0,1340.0,0.0,0.0,-3.0,0.0,-9322.0,12126.5455,12045.2644,12140.636985,81.28110000000015,-14.09148500000083,12055.86759238095,12135.10826753968,168464.7,,2.195317582909687,2.333914442269054,4.529232025178741,2.0,1340.0,-3.0,-9322.0,-0.019231230175533912,0.062623038582151,,,0.5616,0.4373,0.899
20250620,12005.5634,12180.1187,12180.1187,11943.7742,126124.0,963.0,202959.0,2.0,0.0,2272.0,0.0,0.0,-3.0,0.0,-10315.0,12125.27766,12056.63214,12105.509525,68.64552000000003,19.76813500000026,12047.272275,12110.64728111111,171182.3,,1.921260177516644,2.333914442269054,4.255174619785699,2.0,2272.0,-3.0,-10315.0,0.007635342995781929,-0.0988698683600848,,,0.6164,0.5253,0.792
20250623,11998.8235,12020.8831,12087.4637,11830.1001,126270.0,146.0,191370.0,2.0,0.0,2111.0,0.0,0.0,-3.0,0.0,-9645.0,12105.63122,12062.19361,12076.20669,43.43760999999904,29.42453000000023,12035.39548365079,12090.34522571428,174146.2,,1.933021098817781,2.333914442269054,4.266935541086836,2.0,2111.0,-3.0,-9645.0,0.0011562524748554685,-0.1203426771382972,,,0.6575,0.5533,0.78
20250624,11797.5512,11999.0733,12004.3357,11786.9117,123031.0,-3239.0,221728.0,2.0,0.0,3067.0,0.0,0.0,-3.0,0.0,-10432.0,12052.68506,12038.45796,12037.960215,14.22710000000006,14.72484499999882,12013.32541722222,12071.70476481746,180453.0,266073.6,1.8506529642343,2.333914442269054,4.184567406503355,2.0,3067.0,-3.0,-10432.0,-0.026326698149246937,-0.3180957126533515,,,0.6712,0.6493,0.621
20250625,11819.4544,11838.7018,11907.4995,11787.4021,126178.0,3147.0,140103.0,2.0,0.0,3586.0,0.0,0.0,-3.0,0.0,-10267.0,11966.63776,12009.8812,11988.853625,-43.24343999999837,-22.2158649999983,11995.68423531746,12054.43737981746,181260.0,,1.802834431241853,2.333914442269054,4.136748873510907,2.0,3586.0,-3.0,-10267.0,0.024940956426635387,-0.1999443139365792,,,0.6575,0.6707,0.714
20250626,12127.68,11836.6786,12133.7108,11798.9746,123897.0,-2281.0,195404.0,1.0,-1.0,2128.0,-809.0,0.0,-3.0,0.0,-8742.0,11949.8145,12038.18,11988.5928,-88.3655000000017,-38.77829999999994,11996.0737947619,12041.35542359524,184468.5,,1.880303420542035,2.390756935067842,4.271060355609878,0.0,1319.0,-3.0,-8742.0,-0.018410453844725862,-0.1310974960002096,,,0.6575,0.716,0.771
20250627,12184.5444,12103.7059,12242.571,12088.4028,123540.0,-357.0,144810.0,2.0,0.0,1973.0,0.0,0.0,-3.0,0.0,-9008.0,11985.6107,12055.44418,11977.199975,-69.83347999999933,8.410725000001548,12014.98960174603,12033.4121414127,177251.8,,1.883303137823856,2.333914442269054,4.21721758009291,2.0,1973.0,-3.0,-9008.0,-0.002889752306945119,-0.0587544462509773,,,0.6986,0.6587,0.821
20250630,12171.6504,12138.9061,12202.4426,12061.2581,120435.0,-3105.0,123317.0,2.0,0.0,2150.0,0.0,1.0,-2.0,0.0,-6898.0,12020.17608,12062.90365,12000.407475,-42.7275699999991,19.76860500000112,12030.88847492063,12029.47461627778,163415.4,,1.843782890027743,2.333914442269054,4.177697332296797,2.0,2150.0,-1.0,-6898.0,-0.02578154191057417,-0.082450479938459,,,0.7534,0.6973,0.803
20250701,12269.5726,12140.7608,12304.4181,12085.7759,119811.0,-624.0,150609.0,2.0,0.0,2447.0,0.0,1.0,-2.0,36.0,-6303.0,12114.58036,12083.63271,12029.00431,30.94765000000007,85.57604999999967,12051.4451331746,12029.35384924603,164898.7,,1.853234662727884,2.333914442269054,4.187149104996939,2.0,2447.0,-1.0,-6267.0,-0.005208202919598367,0.0215933299587826,,,0.7671,0.692,0.867
20250702,12252.939,12242.681,12313.3641,12172.2126,118650.0,-1161.0,117343.0,2.0,0.0,2543.0,0.0,1.0,-2.0,208.0,-6341.0,12201.27728,12083.95752,12045.90398,117.3197600000003,155.3733000000011,12074.26800253968,12031.52100107143,160344.8,,1.77706676174756,2.333914442269054,4.110981204016614,2.0,2543.0,-1.0,-6133.0,-0.009785082174462705,0.0068321243484567,,,0.7534,0.7133,0.86
20250703,12114.7962,12256.6813,12288.3719,12014.5062,119890.0,1240.0,143453.0,2.0,0.0,2763.0,0.0,1.0,-2.0,569.0,-6481.0,12198.70052,12074.25751,12059.760955,124.4430100000009,138.9395650000006,12084.86655055556,12034.42089688889,163109.6,,1.75180865523484,2.281676294546763,4.033484949781602,2.0,2763.0,-1.0,-5912.0,0.010342814246392527,-0.1200719272424312,,,0.8219,0.7467,0.776
20250704,12090.131,12132.4107,12229.4253,12087.6203,115887.0,-4003.0,112459.0,2.0,0.0,1926.0,0.0,1.0,-2.0,835.0,-6598.0,12179.81784,12082.71427,12069.673205,97.10356999999931,110.1446350000006,12091.64408587301,12038.85807797619,154059.6,,1.633695608685122,2.243724924369858,3.87742053305498,2.0,1926.0,-1.0,-5763.0,-0.03454226962472063,-0.146461343909694,,,0.8493,0.836,0.758
20250707,12035.9638,12093.7008,12093.7008,11926.5839,116140.0,253.0,120172.0,2.0,0.0,2723.0,0.0,1.0,-2.0,732.0,-6351.0,12152.68052,12086.4283,12074.310955,66.2522200000003,78.36956499999906,12088.72319690476,12044.19084930159,146939.8,,1.663372342078813,2.222742555647293,3.886114897726107,2.0,2723.0,-1.0,-5619.0,0.0021784053728259,-0.1958523384975933,,,0.8767,0.8533,0.709
20250708,12077.2998,12048.0851,12129.7785,12002.5321,117138.0,998.0,96846.0,2.0,0.0,2654.0,0.0,1.0,-2.0,0.0,-6664.0,12114.22596,12114.40316,12076.43056,-0.1772000000000844,37.79540000000088,12089.08732706349,12051.76704028571,134451.6,,1.601702401295607,2.173443882206628,3.775146283502234,2.0,2654.0,-1.0,-6664.0,0.008519865457836057,-0.1990422840461948,,,0.9726,0.892,0.706
20250709,12109.2594,12074.4521,12130.4748,11971.9472,116471.0,-667.0,107405.0,2.0,0.0,2300.0,0.0,1.0,-2.0,0.0,-6304.0,12085.49004,12143.38366,12076.63243,-57.89361999999892,8.857610000000932,12091.32225515873,12061.33084226984,131181.8,,1.609740979020686,2.104760489860255,3.714501468880941,2.0,2300.0,-1.0,-6304.0,-0.005726747430690901,-0.1316311844831219,,,0.9726,0.8893,0.764
20250710,12418.1172,12094.6945,12470.8798,12037.4145,118190.0,1719.0,170716.0,2.0,0.0,3045.0,0.0,0.0,-3.0,0.0,-5071.0,12146.15424,12172.42738,12105.30369,-26.27313999999933,40.8505499999992,12113.13583253968,12073.03704604762,128713.0,204859.2,1.70344737542442,2.104760489860255,3.808207865284674,2.0,3045.0,-3.0,-5071.0,0.014544377696928673,-0.1169449008574647,,,0.9726,0.892,0.776
20250711,12387.6001,12394.4423,12460.998,12349.6121,118664.0,474.0,102073.0,2.0,0.0,3016.0,0.0,2.0,-2.0,193.0,-3441.0,12205.64806,12192.73295,12124.088565,12.91510999999991,81.55949500000133,12142.15161436508,12085.75324730952,124439.3,,1.613606685586966,2.104760489860255,3.718367175447221,2.0,3016.0,0.0,-3248.0,0.003994471785882829,-0.1793895132549907,,,0.9452,0.8933,0.727
20250714,12333.05,12373.9796,12383.346,12215.1088,112326.0,-6338.0,121422.0,2.0,0.0,2858.0,0.0,1.0,-2.0,625.0,-3726.0,12265.0653,12208.87291,12135.88828,56.19238999999834,129.1770199999974,12163.03706809524,12098.96810662698,124249.8,,1.582165346728488,2.020125885352158,3.602291232080646,2.0,2858.0,-1.0,-3101.0,-0.056425048519487916,-0.1690239889836989,,,0.9315,0.8933,0.734
20250715,12380.4987,12343.5337,12563.1966,12314.0446,112282.0,-44.0,187820.0,2.0,0.0,2856.0,0.0,0.0,-3.0,0.0,-6610.0,12325.70508,12219.96552,12151.799115,105.7395599999982,173.9059649999999,12188.01652738095,12112.62524604762,127970.9,225384.0,1.652464130241531,1.993909526672909,3.646373656914441,2.0,2856.0,-3.0,-6610.0,-0.0003918704689977022,-0.2036577368278642,,,0.9315,0.8893,0.698
20250716,12481.9496,12383.581,12490.4484,12311.0888,112290.0,8.0,105880.0,2.0,0.0,2793.0,0.0,0.0,-3.0,0.0,-5462.0,12400.24312,12242.86658,12163.41205,157.3765400000011,236.8310700000002,12216.82606793651,12126.8810525873,126824.6,,1.5583463021564,1.969121595691006,3.527467897847407,2.0,2793.0,-3.0,-5462.0,7.124410009796064e-05,-0.0292980830128236,,,0.9315,0.8893,0.836
20250717,12585.5824,12467.0361,12657.0622,12431.6716,111914.0,-376.0,159031.0,2.0,0.0,2952.0,0.0,1.0,-2.0,128.0,-4257.0,12433.73616,12289.9452,12182.101355,143.7909600000021,251.6348049999997,12255.50764611111,12143.94516214286,128382.4,190837.2,1.596185356796229,1.969121595691006,3.565306952487235,2.0,2952.0,-1.0,-4129.0,-0.0033597226441732042,0.0337790919205917,,,0.8493,0.8373,0.878
20250718,12679.3212,12563.0136,12864.4405,12532.5848,114661.0,2747.0,197052.0,2.0,0.0,4006.0,0.0,0.0,-3.0,0.0,-5832.0,12492.08038,12348.86422,12215.789245,143.2161599999999,276.2911349999995,12302.18719912699,12164.99947346826,136841.7,236462.4,1.702196265864394,1.969121595691006,3.671317861555401,2.0,4006.0,-3.0,-5832.0,0.023957579298976985,0.0909071924205161,,,0.8493,0.8213,0.913
20250721,12748.4656,12672.6158,12836.4036,12596.3309,112566.0,-2095.0,194140.0,2.0,-1.0,4322.0,-880.0,0.0,-3.0,0.0,-5995.0,12575.1635,12420.1144,12253.27135,155.0490999999984,321.8921499999979,12352.28486857143,12191.35564063492,144238.5,232968.0,1.709885430713229,1.933391876775129,3.643277307488358,1.0,3442.0,-3.0,-5995.0,-0.018611303590782297,0.1364990201181985,,,0.8493,0.7973,0.925
20250722,12866.1676,12725.2289,13030.6582,12725.2289,113578.0,1012.0,233583.0,2.0,-1.0,3754.0,-930.0,1.0,-2.0,114.0,-4631.0,12672.29728,12499.00118,12306.70217,173.2961000000014,365.5951100000002,12409.71151436508,12223.41805936508,157912.2,280299.6,1.798624619744339,1.933391876775129,3.732016496519468,1.0,2824.0,-1.0,-4517.0,0.00891017626653049,0.0119248348317684,,,0.7945,0.7693,0.859
20250723,12788.5456,12860.8068,12956.5022,12704.7163,108443.0,-5135.0,202424.0,3.0,0.0,3955.0,0.0,2.0,-1.0,588.0,-3625.0,12733.61648,12566.9298,12355.15673,166.6866800000007,378.45975,12458.7839631746,12260.16423016667,167414.1,242908.8,1.778968544967238,1.933391876775129,3.712360421742368,3.0,3955.0,1.0,-3037.0,-0.04735206514021191,-0.0591294449244658,,,0.7808,0.7693,0.813
20250724,13106.5496,12798.0968,13263.933,12695.4679,115973.0,7530.0,282048.0,2.0,0.0,3543.0,0.0,1.0,-2.0,0.0,-4178.0,12837.80992,12635.77304,12404.10021,202.0368799999997,433.7097099999992,12523.38813111111,12301.18946002381,178547.3,338457.6,2.012444051864789,1.933391876775129,3.945835928639918,2.0,3543.0,-1.0,-4178.0,0.06492890586602054,0.0897137351939796,,,0.7671,0.776,0.911
20250725,13315.9025,13121.5983,13408.0697,13113.1482,111435.0,-4538.0,242580.0,2.0,0.0,3754.0,0.0,1.0,-1.0,0.0,-4385.0,12965.12618,12728.60328,12460.668115,236.5229000000018,504.4580650000007,12607.77399492064,12347.75169807936,192598.0,291096.0,2.074076790569717,1.964039003214304,4.038115793784022,2.0,3754.0,0.0,-4385.0,-0.040723291604971505,-0.1457235304974821,,,0.8904,0.8707,0.75
20250728,12803.4739,13320.2507,13371.6761,12707.6432,109535.0,-1900.0,234831.0,2.0,0.0,3214.0,0.0,0.0,-2.0,0.0,-4968.0,12976.12784,12775.64567,12492.25929,200.4821699999993,483.8685500000011,12657.54685547619,12397.20267681746,203938.9,,2.368829263225318,1.973921801213626,4.342751064438945,2.0,3214.0,-2.0,-4968.0,-0.017346053772766695,-0.2827253233663992,,,0.863,0.8493,0.629
20250729,12691.0101,12834.2213,12834.2213,12497.6589,111990.0,2455.0,166997.0,2.0,0.0,3050.0,0.0,1.0,-2.0,270.0,-4734.0,12941.09634,12806.69681,12513.331165,134.3995300000006,427.7651750000005,12679.11174007936,12446.3121980873,201856.6,,2.461321859856929,1.993909526672909,4.455231386529838,2.0,3050.0,-1.0,-4464.0,0.0219216001428699,-0.2934120813466077,,,0.8767,0.8387,0.615
20250730,12607.4717,12739.4659,12776.3745,12519.4771,110860.0,-1130.0,159274.0,2.0,0.0,2937.0,0.0,1.0,-2.0,0.0,-5690.0,12904.88156,12819.24902,12531.0578,85.63254000000052,373.8237600000011,12692.68327,12493.89791829365,207196.0,,2.359379559944823,1.993909526672909,4.353289086617733,2.0,2937.0,-1.0,-5690.0,-0.010193036261952011,-0.2606413714661349,,,0.8493,0.8333,0.645
20250731,12314.7884,12606.7138,12606.7138,12278.2625,104414.0,-6446.0,151737.0,2.0,0.0,2623.0,0.0,0.0,-2.0,0.0,-6226.0,12746.52932,12792.16962,12541.05741,-45.64030000000093,205.4719100000002,12680.91054539682,12536.43820822222,206466.6,,2.482923608156626,2.02253714419237,4.505460752348997,2.0,2623.0,-2.0,-6226.0,-0.06173501637711418,-0.1835027353118657,,,0.8493,0.836,0.71
20250801,12216.5507,12323.7577,12370.6126,12129.5906,99742.0,-4672.0,148256.0,2.0,0.0,2916.0,0.0,0.0,-3.0,0.0,-7227.0,12526.65896,12745.89257,12547.378395,-219.2336100000011,-20.7194350000027,12653.21079571429,12571.54056788095,201587.0,,2.523142531368651,2.02253714419237,4.545679675561021,2.0,2916.0,-3.0,-7227.0,-0.04684084939142989,-0.2803535054108484,,,0.8493,0.836,0.631
20250804,12200.8517,12263.6236,12263.6236,12094.0569,98119.0,-1623.0,111144.0,2.0,0.0,2717.0,0.0,0.0,-3.0,0.0,-7115.0,12406.13452,12691.13118,12555.62279,-284.9966600000007,-149.4882699999998,12620.15302698413,12598.32738372222,193287.4,,2.480837150852242,2.02253714419237,4.503374295044612,2.0,2717.0,-3.0,-7115.0,-0.016541138821227284,-0.3076795994067873,,,0.8219,0.8333,0.607
20250805,12355.5346,12271.0779,12392.8884,12251.995,104211.0,6092.0,124920.0,2.0,0.0,2704.0,0.0,0.0,-3.0,0.0,-7971.0,12339.03942,12640.06788,12569.53453,-301.0284599999977,-230.4951099999998,12598.96715293651,12617.25294757937,182421.1,,2.489757069090569,1.993909526672909,4.483666595763479,2.0,2704.0,-3.0,-7971.0,0.05845832013894886,-0.2128408362246414,,,0.8219,0.828,0.682
20250806,12385.0298,12393.0899,12430.7674,12288.6719,103842.0,-369.0,95857.0,2.0,0.0,2675.0,0.0,0.0,-3.0,0.0,-7350.0,12294.55104,12599.7163,12583.32305,-305.1652599999998,-288.7720100000006,12579.98160277778,12629.37271153968,171764.4,,2.445538650025555,1.976366484047918,4.421905134073473,2.0,2675.0,-3.0,-7350.0,-0.0035534754723522276,-0.252574912144159,,,0.8219,0.812,0.651
20250807,12402.8129,12373.4564,12482.6748,12269.8377,104605.0,763.0,125812.0,2.0,0.0,2424.0,0.0,0.0,-3.0,0.0,-5891.0,12312.15594,12529.34263,12582.557835,-217.1866900000005,-270.4018949999991,12562.32567198413,12633.26646562698,156140.8,,2.382046297276845,1.970468997293119,4.352515294569964,2.0,2424.0,-3.0,-5891.0,0.007294106400267674,-0.2705062570797545,,,0.7945,0.796,0.635
20250808,12471.8516,12400.6593,12479.1139,12340.694,105366.0,761.0,99529.0,2.0,0.0,1695.0,0.0,0.0,-3.0,0.0,-6265.0,12363.21612,12444.93754,12586.77041,-81.72141999999803,-223.55429,12549.12992023809,12627.40205815873,141835.7,,2.328193926931694,1.970468997293119,4.298662924224813,2.0,1695.0,-3.0,-6265.0,0.007222443672531937,-0.3092501370289537,,,0.8082,0.8107,0.6
20250811,12637.6585,12473.6419,12659.4619,12473.6419,106626.0,1260.0,118065.0,2.0,0.0,2640.0,0.0,0.0,-3.0,0.0,-6342.0,12450.57748,12428.356,12602.000835,22.22148000000197,-151.4233549999972,12548.40407261905,12616.48777987302,130159.1,,2.264382173623773,1.970468997293119,4.234851170916892,2.0,2640.0,-3.0,-6342.0,0.011817005233245175,-0.1990488410586555,,,0.8356,0.8373,0.692
20250812,12678.759,12643.1148,12725.8496,12568.9754,104817.0,-1809.0,121003.0,2.0,0.0,2476.0,0.0,0.0,-3.0,0.0,-5042.0,12515.22236,12427.13089,12616.91385,88.09147000000121,-101.6914899999992,12554.38514619048,12604.01512048413,125559.7,,2.211923672887488,1.970468997293119,4.182392670180606,2.0,2476.0,-3.0,-5042.0,-0.01725865079137926,-0.2454121601650179,,,0.8082,0.8547,0.657
20250813,12625.6332,12667.2072,12824.917,12605.7556,104732.0,-85.0,105161.0,2.0,0.0,2399.0,0.0,0.0,-3.0,0.0,-5583.0,12563.34304,12428.94704,12624.09803,134.3959999999988,-60.75498999999945,12558.67134793651,12590.61392827778,120148.4,,2.019179181806764,1.970468997293119,3.989648179099883,2.0,2399.0,-3.0,-5583.0,-0.0008115953099339266,-0.351047390839104,,,0.8904,0.8747,0.553
20250814,12507.9871,12587.9268,12732.7399,12500.0242,104764.0,32.0,108224.0,2.0,0.0,2402.0,0.0,0.0,-3.0,0.0,-6359.0,12584.37788,12448.26691,12620.218265,136.1109699999997,-35.84038499999951,12552.2135515873,12577.74422889683,115797.1,,1.989166993957647,1.970468997293119,3.959635991250765,2.0,2402.0,-3.0,-6359.0,0.00030544843648581575,-0.2424053282136991,,,0.9041,0.8747,0.661
20250815,12715.55,12505.0499,12777.1848,12451.5253,106493.0,1729.0,103919.0,2.0,0.0,1615.0,0.0,0.0,-3.0,0.0,-4788.0,12633.11756,12498.16684,12622.029705,134.9507199999989,11.08785499999976,12554.50154650794,12567.87330397619,111363.4,,1.796602736225304,1.976366484047918,3.772969220273222,2.0,1615.0,-3.0,-4788.0,0.01623580892640831,-0.2501232516311513,,,0.9178,0.8347,0.649
20250818,12656.6465,12723.6701,12777.493,12599.9589,106473.0,-20.0,87492.0,2.0,0.0,2562.0,0.0,0.0,-3.0,0.0,-5410.0,12636.91516,12543.74632,12617.43875,93.16883999999845,19.47641000000112,12559.34648952381,12561.79265023016,108998.2,,1.705966778008415,1.976366484047918,3.682333262056332,2.0,2562.0,-3.0,-5410.0,-0.0001878410489044171,-0.1834650696702646,,,0.9863,0.9573,0.71
20250819,12709.745,12648.6543,12802.5074,12640.6817,103635.0,-2838.0,92786.0,2.0,0.0,1663.0,0.0,0.0,-3.0,0.0,-5150.0,12643.11236,12579.16736,12609.61762,63.94499999999789,33.49473999999827,12567.82395563492,12558.6783305,105784.8,,1.650604940608246,1.976366484047918,3.626971424656164,2.0,1663.0,-3.0,-5150.0,-0.027384570849616444,-0.1442016998316186,,,0.9863,0.9573,0.75
20250820,12539.0931,12726.9218,12726.9218,12368.8992,99843.0,-3792.0,147404.0,2.0,0.0,2447.0,0.0,0.0,-3.0,0.0,-4932.0,12625.80434,12594.57369,12597.144995,31.23064999999951,28.65934500000185,12562.75788595238,12556.95595881746,110939.5,176884.8,1.66494559418049,1.976366484047918,3.641312078228407,2.0,2447.0,-3.0,-4932.0,-0.0379796280159851,-0.1283193115394182,,,0.9726,0.9213,0.759
20250821,12611.494,12579.551,12703.9766,12573.5374,100826.0,983.0,91180.0,2.0,0.0,2466.0,0.0,0.0,-3.0,0.0,-4814.0,12646.50572,12615.4418,12572.392215,31.06391999999869,74.11350499999935,12563.67251968254,12557.0906435873,107476.3,,1.617814694605599,1.970468997293119,3.588283691898718,2.0,2466.0,-3.0,-4814.0,0.009749469382897268,-0.0859660464787993,,,1.0,0.9613,0.792
20250822,12530.6317,12641.3635,12655.4989,12430.3429,100188.0,-638.0,82908.0,2.0,0.0,3508.0,0.0,0.0,-3.0,0.0,-6959.0,12609.52206,12621.31981,12533.128675,-11.79775000000154,76.3933849999994,12563.43990698412,12558.52164226191,105814.2,,1.646396006261267,1.935809881989035,3.582205888250302,2.0,3508.0,-3.0,-6959.0,-0.006368028107158542,-0.116749655165337,,,1.0,0.9613,0.768
20250825,12801.8044,12570.7017,12852.9915,12564.6679,104322.0,4134.0,117535.0,2.0,0.0,3423.0,0.0,1.0,-2.0,0.0,-7069.0,12638.55364,12637.7344,12533.0452,0.8192400000007183,105.5084399999996,12580.87500857143,12561.76873585714,105761.2,,1.716159695587125,1.935809881989035,3.65196957757616,2.0,3423.0,-1.0,-7069.0,0.03962730775867027,-0.0561592341501259,,,1.0,0.98,0.816
20250826,12805.4799,12751.4894,12998.9401,12751.4894,117629.0,13307.0,147188.0,2.0,0.0,3507.0,0.0,0.0,-3.0,0.0,-9016.0,12657.70062,12650.40649,12538.76869,7.294130000000223,118.9319299999988,12606.98321714286,12567.02854295238,108379.7,176625.6,1.771701461484795,1.921226721733943,3.692928183218738,2.0,3507.0,-3.0,-9016.0,0.11312686497377347,-0.0381150073728696,,,1.0,0.98,0.824
20250827,12640.7543,12771.6873,12912.024,12571.1506,119718.0,2089.0,182081.0,2.0,0.0,3331.0,0.0,0.0,-3.0,0.0,-9060.0,12678.03286,12651.9186,12540.43282,26.11426000000029,137.6000400000012,12622.55637492064,12573.41704565079,116071.7,218497.2,1.8416831081787,1.921226721733943,3.762909829912643,2.0,3331.0,-3.0,-9060.0,0.017449339280642844,-0.2974645398500383,,,1.0,0.9587,0.596
20250828,12807.3182,12683.0339,12871.936,12658.6404,122835.0,3117.0,151000.0,2.0,0.0,2521.0,0.0,1.0,-2.0,101.0,-6852.0,12717.1977,12681.85171,12565.05931,35.34599000000162,152.1383900000001,12643.96278404761,12582.59196889682,120349.3,181200.0,1.890526270657832,1.921226721733943,3.811752992391775,2.0,2521.0,-1.0,-6751.0,0.02537550372450849,-0.1882566618866235,,,1.0,0.9587,0.701
20250829,12727.4134,12786.7748,12786.7748,12649.481,124202.0,1367.0,117755.0,2.0,0.0,2895.0,0.0,1.0,-2.0,97.0,-6892.0,12756.55404,12683.03805,12590.602445,73.51598999999987,165.9515949999986,12659.76693515873,12593.1185077619,121732.9,,1.872782563019216,1.921226721733943,3.794009284753159,2.0,2895.0,-1.0,-6795.0,0.01100626398930774,-0.1795277752725484,,,0.9726,0.952,0.711
20250901,12717.4536,12749.1917,12840.7144,12611.1914,126077.0,1875.0,154010.0,2.0,0.0,2972.0,0.0,1.0,-2.0,1186.0,-7156.0,12739.68388,12689.11876,12616.43254,50.5651199999993,123.2513400000007,12672.18721404762,12604.40258021428,128384.7,,1.913326728080873,1.921226721733943,3.834553449814816,2.0,2972.0,-1.0,-5970.0,0.014871864019607066,-0.2179210710805159,,,0.9726,0.952,0.667
20250902,12759.5332,12747.9398,12928.8921,12708.5335,133519.0,7442.0,157344.0,2.0,0.0,3835.0,0.0,0.0,-2.0,0.0,-7804.0,12730.49454,12694.09758,12636.63247,36.39696000000004,93.86206999999922,12688.2286413492,12616.44304878571,134840.5,,1.912557991790416,1.921226721733943,3.833784713524358,2.0,3835.0,-2.0,-7804.0,0.055737385690426085,-0.1967179714295221,,,1.0,0.9707,0.686
20250903,12768.0353,12773.3138,12884.4649,12748.1913,137071.0,3552.0,115348.0,2.0,0.0,3805.0,0.0,0.0,-2.0,0.0,-6652.0,12755.95074,12716.9918,12655.782745,38.95893999999862,100.167994999998,12702.67120373016,12630.43438056349,131634.9,,1.855515903231626,1.921226721733943,3.776742624965569,2.0,3805.0,-2.0,-6652.0,0.025913577634948313,-0.1785962754923389,,,0.9726,0.9053,0.712
20250904,12787.2116,12774.721,12866.4711,12679.9012,135873.0,-1198.0,166697.0,2.0,0.0,4320.0,0.0,1.0,-2.0,840.0,-9167.0,12751.92942,12734.56356,12675.00268,17.3658600000017,76.92673999999897,12714.38162071429,12645.50529066667,139186.6,,1.776567725720519,1.895405991388308,3.671973717108827,2.0,4320.0,-1.0,-8327.0,-0.00881705710479639,-0.2494925139094043,,,0.9041,0.816,0.638
20250905,13138.6996,12786.8797,13197.6927,12713.5107,148896.0,13023.0,208550.0,2.0,0.0,3510.0,0.0,1.0,-2.0,758.0,-10691.0,12834.18666,12795.37035,12708.34508,38.81630999999834,125.8415799999984,12746.67417746031,12663.82871771428,151750.8,250260.0,1.943706953776688,1.895405991388308,3.839112945164996,2.0,3510.0,-1.0,-9933.0,0.0874637330754352,0.0545163249114044,,,0.9041,0.8027,0.89
20250908,13050.303,13106.4928,13124.318,12938.5142,147972.0,-924.0,142027.0,2.0,0.0,3975.0,0.0,1.0,-2.0,197.0,-10590.0,12900.75654,12820.22021,12728.977305,80.53632999999718,171.7792349999982,12780.2795679365,12683.76917365079,154200.0,,1.961470174221505,1.869581971961383,3.831052146182889,2.0,3975.0,-1.0,-10393.0,-0.006244424620874219,-0.1018953816769337,,,0.8767,0.7893,0.77
20250909,12750.6244,13040.8213,13051.9355,12686.209,141387.0,-6585.0,175039.0,2.0,0.0,4269.0,0.0,0.0,-3.0,0.0,-10829.0,12898.97478,12814.73466,12732.570575,84.24012000000039,166.4042050000007,12791.2153684127,12702.19238877778,156985.1,,1.963457229050735,1.895405991388308,3.858863220439043,2.0,4269.0,-3.0,-10829.0,-0.04657429608096925,-0.1585697339687615,,,0.863,0.8387,0.731
20250910,12732.4525,12773.9873,12791.9369,12686.8115,141754.0,367.0,102618.0,2.0,0.0,4537.0,0.0,0.0,-3.0,0.0,-13143.0,12891.85822,12823.90448,12737.91154,67.95373999999902,153.9466799999991,12792.23467571428,12719.16021885714,149038.8,,1.928749452573031,1.869581971961383,3.798331424534415,2.0,4537.0,-3.0,-13143.0,0.0025889921977510335,-0.158699310203506,,,0.863,0.8533,0.73
20250911,12639.1991,12771.2051,12771.2051,12514.6098,143077.0,1323.0,127967.0,2.0,0.0,4114.0,0.0,0.0,-3.0,0.0,-11807.0,12862.25572,12807.09257,12744.47214,55.1631499999985,117.7835799999993,12783.90366031746,12733.15430648413,146735.5,,1.945131921107109,1.902842382298475,3.847974303405584,2.0,4114.0,-3.0,-11807.0,0.009246769222167085,-0.0614671698587471,,,0.8356,0.8333,0.807
20250912,12579.1562,12655.1941,12659.3593,12432.702,138158.0,-4919.0,118697.0,2.0,0.0,4064.0,0.0,0.0,-3.0,0.0,-10976.0,12750.34704,12792.26685,12737.65245,-41.91981000000123,12.69458999999915,12768.49578793651,12744.0271917619,146829.7,,1.89405878380191,1.869581971961383,3.763640755763293,2.0,4064.0,-3.0,-10976.0,-0.03560416334920888,-0.0297827522513393,,,0.8493,0.8267,0.829
20250915,12725.2608,12615.8881,12727.2826,12503.3235,136538.0,-1620.0,104769.0,2.0,0.0,3822.0,0.0,1.0,-2.0,80.0,-10934.0,12685.3386,12793.04757,12741.083165,-107.7089699999997,-55.74456500000088,12761.69288880953,12752.9777592381,141905.6,,1.881771688699969,1.849989949801711,3.73176163850168,2.0,3822.0,-1.0,-10854.0,-0.011864828838858046,-0.0301787490171439,,,0.8493,0.8173,0.828
20250916,12736.3611,12718.9706,12770.5069,12637.1286,131121.0,-5417.0,94970.0,2.0,0.0,2826.0,0.0,0.0,-3.0,0.0,-11840.0,12682.48594,12790.73036,12742.41397,-108.2444199999991,-59.92802999999913,12760.61021150793,12760.21591625397,135668.2,,1.764794634301097,1.827259715305932,3.592054349607029,2.0,2826.0,-3.0,-11840.0,-0.04131298571548417,-0.0048221504977616,,,0.8356,0.792,0.842
20250917,12609.387,12725.8984,12727.3319,12532.2475,131450.0,329.0,93459.0,2.0,0.0,3741.0,0.0,0.0,-3.0,0.0,-10513.0,12657.87284,12774.86553,12745.928665,-116.9926899999991,-88.05582499999946,12749.5915997619,12764.90795585714,133479.3,,1.751603678103783,1.827259715305932,3.578863393409715,2.0,3741.0,-3.0,-10513.0,0.002502852795739825,-0.1121262313604631,,,0.863,0.804,0.762
20250918,12325.3211,12579.9935,12579.9935,12216.3761,135802.0,4352.0,164803.0,2.0,0.0,2999.0,0.0,0.0,-3.0,0.0,-11062.0,12595.09724,12728.67648,12731.62002,-133.5792400000009,-136.5227799999993,12716.39575626984,12765.1093694127,133289.9,197763.6,1.88743708091205,1.827259715305932,3.714696796217982,2.0,2999.0,-3.0,-11062.0,0.03204665616117583,-0.1067534732688182,,,0.863,0.824,0.764
20250919,12332.4505,12365.0093,12384.048,12268.5928,133217.0,-2585.0,117991.0,2.0,0.0,2940.0,0.0,0.0,-3.0,0.0,-10335.0,12545.7561,12648.05157,12721.71096,-102.2954699999973,-175.954859999998,12677.26470055556,12758.16842172222,124234.0,,1.827414200805386,1.827259715305932,3.654673916111318,2.0,2940.0,-3.0,-10335.0,-0.019404430365493892,-0.1566203930023546,,,0.7397,0.6987,0.727
20250922,12437.33,12350.0012,12468.968,12276.8857,128455.0,-4762.0,162034.0,2.0,0.0,2607.0,0.0,0.0,-3.0,0.0,-8008.0,12488.16994,12586.75427,12703.48724,-98.58432999999968,-215.3173000000006,12646.98933920635,12744.83939884921,126234.7,194440.8,1.814809005682677,1.827259715305932,3.642068720988608,2.0,2607.0,-3.0,-8008.0,-0.037071347942859365,-0.0827184450667871,,,0.7534,0.6853,0.786
20250923,12409.0928,12454.91,12535.0445,12350.121,122653.0,-5802.0,134553.0,2.0,0.0,2592.0,0.0,1.0,-3.0,0.0,-6694.0,12422.71628,12552.60111,12683.667885,-129.8848300000009,-260.9516050000002,12621.39003968254,12727.85686597619,122186.1,,1.845930660938763,1.827259715305932,3.673190376244695,2.0,2592.0,-2.0,-6694.0,-0.04730418334651415,-0.1189949655322769,,,0.7397,0.7307,0.755
20250924,12477.6173,12410.1558,12529.3972,12405.1974,119808.0,-2845.0,114872.0,2.0,0.0,2633.0,0.0,1.0,-2.0,282.0,-7277.0,12396.36234,12527.11759,12675.511035,-130.7552500000002,-279.1486949999999,12599.0371534127,12708.53711374603,123411.5,,1.813911806214007,1.827259715305932,3.641171521519939,2.0,2633.0,-1.0,-6995.0,-0.023746327457264956,-0.0750931406309095,,,0.7123,0.712,0.794
20250925,12446.7376,12487.5446,12571.9144,12443.159,119626.0,-182.0,102981.0,2.0,0.0,2939.0,0.0,1.0,-2.0,488.0,-7557.0,12420.64564,12507.87144,12657.482005,-87.22579999999834,-236.8363649999992,12580.32910888889,12688.17965860317,120912.9,,1.619374215610722,1.804902442308182,3.424276657918905,2.0,2939.0,-1.0,-7069.0,-0.0015214083894805478,-0.0594765916561574,,,0.7123,0.712,0.805
20250926,12448.5505,12450.6006,12518.3399,12221.1671,117080.0,-2546.0,157243.0,1.0,-1.0,2428.0,-242.0,1.0,-2.0,1253.0,-7257.0,12443.86564,12494.81087,12643.53886,-50.94522999999936,-199.6732200000006,12557.48144873016,12667.07822468254,124767.5,188691.6,1.680138407922251,1.827259715305932,3.507398123228183,0.0,2186.0,-1.0,-6004.0,-0.021745814827468398,-0.0632164761891891,,,0.7123,0.712,0.801
20250929,12442.2239,12428.1128,12482.8839,12231.1004,115896.0,-1184.0,145032.0,1.0,-1.0,2695.0,-180.0,1.0,-2.0,1804.0,-5819.0,12444.84442,12466.50718,12629.777375,-21.66276000000107,-184.9329550000002,12534.90828706349,12644.39976450793,128793.8,,1.618109927611721,1.869581971961383,3.487691899573104,0.0,2515.0,-1.0,-4015.0,-0.010216055774142335,-0.0675530578284833,,,0.7397,0.712,0.797
20250930,12108.0303,12422.2093,12435.9816,12105.0276,113730.0,-2166.0,123309.0,2.0,0.0,3393.0,0.0,1.0,-2.0,1038.0,-5895.0,12384.63192,12403.6741,12597.20223,-19.04217999999855,-212.5703099999973,12495.57497976191,12617.89624133333,131627.7,,1.756719867234781,1.902842382298475,3.659562249533256,2.0,3393.0,-1.0,-4857.0,-0.019045106831970457,-0.8969595367182565,,,0.863,0.7707,0.07
20251009,12455.0733,12205.3384,12478.011,12186.2085,118210.0,4480.0,123942.0,2.0,0.0,2584.0,-146.0,1.0,-2.0,2100.0,-4437.0,12380.12312,12388.24273,12581.55413,-8.119609999999739,-201.4310100000002,12473.80920142857,12590.3180015,134676.0,,1.823538318107288,1.946964468354287,3.770502786461575,2.0,2438.0,-1.0,-2337.0,0.037898654936130614,-0.1029793571036501,,,0.8356,0.752,0.761
20251010,12359.7203,12464.3608,12503.0843,12314.7758,118658.0,448.0,103374.0,2.0,-1.0,2365.0,-101.0,1.0,-2.0,1978.0,-5305.0,12362.71966,12391.68265,12560.179565,-28.96298999999999,-197.4599050000015,12454.80145309524,12564.15857118254,128533.1,,1.803833952143485,1.902842382298475,3.70667633444196,1.0,2264.0,-1.0,-3327.0,0.0037755566417772084,-0.1508399267251656,,,0.7534,0.736,0.725
20251013,12044.5061,12360.5928,12360.5928,11966.3351,121734.0,3076.0,133282.0,2.0,0.0,2503.0,0.0,1.0,-2.0,1047.0,-6097.0,12281.91078,12362.88821,12505.46989,-80.977429999999,-223.5591100000001,12415.31647746032,12537.96374887302,130062.2,,1.908986148690139,1.946964468354287,3.855950617044425,2.0,2503.0,-1.0,-5050.0,0.025268207731611547,-0.0686234243318092,,,0.7534,0.724,0.794
20251014,11978.0428,12087.126,12087.126,11913.9877,123746.0,2012.0,88111.0,2.0,0.0,2636.0,0.0,1.0,-2.0,839.0,-5665.0,12189.07456,12316.95949,12451.85688,-127.8849300000002,-262.7823200000003,12367.5694147619,12510.02175642857,122669.9,,1.940359383018802,1.946964468354287,3.887323851373088,2.0,2636.0,-1.0,-4826.0,0.016259111405621193,-0.2456356208315641,,,0.7397,0.6933,0.624
20251015,12190.9083,11993.811,12193.1087,11969.2692,126007.0,2261.0,128174.0,2.0,0.0,2446.0,0.0,1.0,-2.0,2266.0,-6067.0,12205.65016,12295.14104,12423.871075,-89.4908800000012,-218.2209149999999,12334.28638666667,12481.31139112698,122032.0,,1.956506083935642,1.902842382298475,3.859348466234117,2.0,2446.0,-1.0,-3801.0,0.01794344758624521,-0.015661659425972,,,0.7397,0.668,0.834
20251016,12299.2547,12201.1506,12334.4152,12109.1986,127920.0,1913.0,120945.0,2.0,-1.0,2559.0,-269.0,1.0,-2.0,2752.0,-4842.0,12174.48644,12277.30478,12402.211185,-102.8183399999998,-227.7247449999995,12317.81097642858,12453.18877342857,122639.3,,1.859490044311344,1.902842382298475,3.762332426609819,1.0,2290.0,-1.0,-2090.0,0.014954659161976235,0.131800709188889,,,0.726,0.6387,0.922
20251017,12199.4524,12279.2609,12339.4717,12194.2014,125227.0,-2693.0,107389.0,2.0,0.0,2619.0,0.0,1.0,-2.0,2770.0,-3557.0,12142.43286,12252.57626,12380.22385,-110.143399999999,-237.7909899999995,12301.65501539683,12425.32136407937,123080.1,,1.878229936808549,1.902842382298475,3.781072319107024,2.0,2619.0,-1.0,-787.0,-0.021504947016218547,0.0177790987216237,,,0.6575,0.588,0.859
20251020,12168.6649,12144.4836,12313.2684,12128.3961,123348.0,-1879.0,109722.0,2.0,0.0,2802.0,0.0,1.0,-2.0,2746.0,-4873.0,12167.26462,12224.5877,12359.699285,-57.32308000000012,-192.4346649999989,12281.64071690476,12397.73729089683,118328.0,,1.876972087370179,1.869581971961383,3.746554059331562,2.0,2802.0,-1.0,-2127.0,-0.015233323604760514,-0.0041958148030048,,,0.6712,0.552,0.841
20251021,12349.4685,12184.4955,12454.1774,12067.0795,129666.0,6318.0,168356.0,2.0,0.0,2737.0,0.0,1.0,-2.0,2518.0,-4300.0,12241.54976,12215.31216,12340.90967,26.23760000000038,-99.35991000000104,12275.02679055556,12371.74914124603,120660.4,202027.2,1.995187822195851,1.889274589161863,3.884462411357713,2.0,2737.0,-1.0,-1782.0,0.048725186247744204,0.0023113579082285,,,0.726,0.5827,0.85
20251022,12340.7866,12327.8947,12364.4043,12228.3152,125802.0,-3864.0,94412.0,2.0,0.0,2525.0,0.0,2.0,-2.0,3039.0,-3239.0,12271.52542,12238.58779,12321.130945,32.93763000000217,-49.60552499999903,12273.6952168254,12349.56116495238,117770.7,,2.003695771118353,1.845885699313803,3.849581470432156,2.0,2525.0,0.0,-200.0,-0.030714932989936567,0.0649845466866288,,,0.6986,0.6667,0.896
20251023,12422.2481,12316.4077,12441.7556,12304.7304,122873.0,-2929.0,85550.0,2.0,0.0,2472.0,0.0,1.0,-2.0,2965.0,-2808.0,12296.1241,12235.30527,12311.774,60.81882999999834,-15.64990000000216,12280.48252706349,12330.22849751587,113931.5,,2.008794805854714,1.833131459887563,3.841926265742277,2.0,2472.0,-1.0,157.0,-0.02383762095822516,0.0999021182088232,,,0.7123,0.6973,0.914
20251024,12502.296,12425.2896,12635.4204,12417.1812,120054.0,-2819.0,116995.0,2.0,0.0,2552.0,0.0,1.0,-2.0,2410.0,-2335.0,12356.69282,12249.56284,12320.622745,107.1299799999997,36.07007499999963,12297.20918285714,12314.46927049206,115293.6,,1.962237769898876,1.81550109408329,3.777738863982165,2.0,2552.0,-1.0,75.0,-0.023481100171589452,0.0644181433891071,,,0.726,0.7013,0.894
20251027,12544.6985,12481.944,12577.0367,12439.7791,112644.0,-7410.0,88477.0,1.0,-1.0,1806.0,0.0,1.0,-2.0,2131.0,-2225.0,12431.89954,12299.58208,12331.235145,132.317460000002,100.6643949999998,12316.09686142857,12304.54730888889,110813.1,,1.894469358606336,1.804902442308182,3.699371800914518,0.0,1806.0,-1.0,-94.0,-0.06578246511132417,0.0165599109507592,,,0.7397,0.696,0.855
20251028,12524.5746,12538.4318,12653.867,12483.1238,109177.0,-3467.0,99934.0,1.0,0.0,1761.0,0.0,1.0,-2.0,1730.0,-3040.0,12466.92076,12354.23526,12335.597375,112.6854999999996,131.3233849999997,12336.70792944444,12301.46116035714,111995.4,,1.793329601961923,1.803023881529233,3.596353483491156,1.0,1761.0,-1.0,-1310.0,-0.031755772736015826,-0.0256829935443353,,,0.726,0.6773,0.822
20251029,12717.5308,12495.9226,12762.9843,12403.5301,111160.0,1983.0,159141.0,1.0,0.0,1938.0,0.0,1.0,-2.0,1331.0,-3540.0,12542.2696,12406.89751,12351.019275,135.3720900000008,191.2503249999991,12365.40811238096,12304.57333292857,115092.1,190969.2,1.784506016406103,1.803023881529233,3.587529897935336,1.0,1938.0,-1.0,-2209.0,0.01783915077365959,-0.0193235241291609,,,0.7123,0.6773,0.823
20251030,12533.8762,12683.1275,12701.3906,12506.7357,110959.0,-201.0,118604.0,1.0,0.0,1954.0,0.0,1.0,-2.0,896.0,-6284.0,12564.59522,12430.35966,12353.83222,134.235560000001,210.762999999999,12388.15999674603,12311.60823496032,114858.0,,1.795719528403193,1.798846141710524,3.594565670113717,1.0,1954.0,-1.0,-5388.0,-0.001811479916005011,-0.1236954139904636,,,0.5616,0.4773,0.731
20251031,12236.279,12542.0918,12554.6274,12199.6514,107331.0,-3628.0,130298.0,1.0,0.0,1764.0,0.0,0.0,-3.0,0.0,-6738.0,12511.39182,12434.04232,12343.30929,77.34950000000026,168.0825299999997,12386.91069396825,12320.13380281746,117148.9,,1.771023917036516,1.798846141710524,3.56987005874704,1.0,1764.0,-3.0,-6738.0,-0.03380197706161314,-0.1272871758614263,,,0.5342,0.4453,0.729
20251103,12210.3111,12261.1194,12276.3606,12109.9942,106581.0,-750.0,86273.0,1.0,0.0,722.0,0.0,0.0,-3.0,0.0,-5347.0,12444.51434,12438.20694,12331.39732,6.307399999999689,113.1170199999997,12374.30364484127,12329.40009561111,114804.0,,1.764740492208788,1.77471202098686,3.539452513195648,1.0,722.0,-3.0,-5347.0,-0.007036901511526444,-0.2367286824555831,,,0.4795,0.428,0.62
20251104,11963.082,12213.2375,12215.1839,11873.7284,110640.0,4059.0,110604.0,0.0,0.0,0.0,0.0,0.0,-3.0,0.0,-6230.0,12332.21582,12399.56829,12307.440225,-67.352469999998,24.77559500000098,12346.51537992063,12336.54895454762,109028.8,,1.835045543298518,1.798846141710524,3.633891685009042,0.0,0.0,-3.0,-6230.0,0.03668655097613883,-0.2692996390553898,,,0.5479,0.4227,0.585
20251105,11939.3075,11996.48,12002.6228,11801.2122,114813.0,4173.0,95577.0,0.0,0.0,0.0,0.0,0.0,-3.0,0.0,-6573.0,12176.57116,12359.42038,12299.004085,-182.8492199999982,-122.4329249999992,12308.86267857143,12340.06570072222,109145.3,,1.825082874147119,1.798846141710524,3.623929015857643,0.0,0.0,-3.0,-6573.0,0.03634605837318074,-0.1698200294015791,,,0.5616,0.4227,0.688
20251106,12131.293,11966.9297,12176.4075,11939.9216,114540.0,-273.0,100570.0,0.0,0.0,0.0,0.0,0.0,-3.0,0.0,-5394.0,12096.05452,12330.32487,12282.81507,-234.2703499999989,-186.7605499999991,12288.50908047619,12340.86835606349,110647.3,,1.879012230726502,1.803023881529233,3.682036112255735,0.0,0.0,-3.0,-5394.0,-0.0023834468308014667,-0.1319820785950701,,,0.5479,0.3973,0.722
20251107,12042.6805,12124.2564,12145.3513,12032.8767,114416.0,-124.0,63752.0,0.0,0.0,0.0,0.0,1.0,-3.0,0.0,-4376.0,12057.33482,12284.36332,12266.96308,-227.0285000000003,-209.6282599999995,12269.48205730158,12338.09564350794,105323.0,,1.838405090361938,1.803023881529233,3.641428971891171,0.0,0.0,-2.0,-4376.0,-0.0010837645084603553,-0.2245554528923992,,,0.5205,0.3667,0.627
20251110,12166.7494,12036.8462,12181.3224,12006.2442,112343.0,-2073.0,69873.0,0.0,0.0,0.0,0.0,0.0,-3.0,0.0,-5292.0,12048.62248,12246.56841,12273.075245,-197.9459300000017,-224.452765,12254.7446684127,12331.96042420635,103462.6,,1.717284951737884,1.803023881529233,3.520308833267117,0.0,0.0,-3.0,-5292.0,-0.018452418041177466,-0.1946732846103515,,,0.4521,0.1613,0.655
20251111,12126.7766,12142.0724,12224.9809,12123.7644,111598.0,-745.0,55539.0,0.0,0.0,0.0,0.0,1.0,-3.0,0.0,-5186.0,12081.3614,12206.78861,12280.511935,-125.4272099999998,-199.1505349999989,12241.80296468254,12322.46992773016,99023.1,,1.699153410624176,1.803023881529233,3.502177292153409,0.0,0.0,-2.0,-5186.0,-0.006675746877184179,-0.1872393349554575,,,0.2466,0.024,0.667
20251112,12187.5601,12144.2093,12228.7893,12115.2733,111080.0,-518.0,55596.0,0.0,0.0,0.0,0.0,1.0,-3.0,0.0,-4639.0,12131.01192,12153.79154,12280.344525,-22.77962000000116,-149.3326049999978,12232.15131031745,12309.14424752381,88668.6,,1.687792280472674,1.803023881529233,3.490816162001907,0.0,0.0,-2.0,-4639.0,-0.004663305725603169,-0.1384100958884612,,,0.2329,0.0253,0.718
20251113,12400.5547,12181.1953,12445.6674,12180.7249,109292.0,-1788.0,89098.0,0.0,-1.0,0.0,-746.0,0.0,-3.0,0.0,-7508.0,12184.86426,12140.45939,12285.409525,44.4048700000003,-100.5452649999988,12238.29003103175,12294.15725095238,85718.0,,1.715988760047051,1.804902442308182,3.520891202355233,-1.0,-746.0,-3.0,-7508.0,-0.016359843355414853,-0.0708644331846271,,,0.2877,0.0547,0.78
20251114,12268.8229,12371.095,12407.2716,12263.8371,106638.0,-2654.0,63112.0,0.0,-1.0,0.0,-728.0,1.0,-3.0,0.0,-7775.0,12230.09274,12143.71378,12288.87805,86.37896,-58.78531000000112,12240.90871198413,12279.55705275397,78999.4,,1.722352675225252,1.803023881529233,3.525376556754484,-1.0,-728.0,-2.0,-7775.0,-0.024887938633507755,-0.1743945321250737,,,0.3014,0.068,0.68
20251117,12352.8507,12238.8666,12373.8434,12160.3027,105225.0,-1413.0,74207.0,0.0,-1.0,0.0,-815.0,0.0,-3.0,0.0,-7636.0,12267.313,12157.96774,12298.08734,109.3452599999982,-30.77434000000176,12241.98087880953,12266.32477615079,77792.8,,1.749066717974384,1.798846141710524,3.547912859684907,-1.0,-815.0,-3.0,-7636.0,-0.013428367783321455,-0.1532050830046442,,,0.2055,0.188,0.706
20251118,12344.3093,12332.0014,12427.2668,12278.8157,101993.0,-3232.0,73592.0,0.0,-1.0,0.0,-803.0,0.0,-3.0,0.0,-7446.0,12310.81954,12196.09047,12297.82938,114.7290700000012,12.9901600000012,12247.4212047619,12256.41535863492,74091.6,,1.629423722505345,1.798846141710524,3.428269864215869,-1.0,-803.0,-3.0,-7446.0,-0.03168844920729854,-0.0603983610917005,,,0.4795,0.488,0.793
20251119,12486.4122,12368.2496,12517.4951,12351.7382,99940.0,-2053.0,92241.0,0.0,-1.0,0.0,-897.0,1.0,-2.0,808.0,-7502.0,12370.58996,12250.80094,12305.11066,119.7890200000002,65.47930000000088,12262.00935071429,12251.73002584921,73758.0,110689.2,1.607864223804153,1.798846141710524,3.406710365514677,-1.0,-897.0,-1.0,-6694.0,-0.020542325395237142,0.0353320869580546,,,0.5068,0.4987,0.872
20251120,12326.0964,12453.7981,12491.2395,12291.3316,101991.0,2051.0,81566.0,0.0,-1.0,0.0,-1171.0,0.0,-3.0,0.0,-10106.0,12355.6983,12270.28128,12300.303075,85.41702000000078,55.39522500000021,12268.29146746032,12249.70826454762,71857.6,,1.516308116300673,1.77471202098686,3.291020137287533,-1.0,-1171.0,-3.0,-10106.0,0.020109617515270954,-0.0817432689614017,,,0.5068,0.4987,0.769
20251121,12292.3156,12339.8888,12559.7088,12171.2677,99125.0,-2866.0,139627.0,0.0,-1.0,0.0,-1137.0,0.0,-3.0,0.0,-9388.0,12360.39684,12295.24479,12289.804055,65.1520500000006,70.59278500000073,12271.04469206349,12249.86452802381,79445.1,167552.4,1.645427448855634,1.798846141710524,3.444273590566158,-1.0,-1137.0,-3.0,-9388.0,-0.02891298865069357,-0.1074937689366854,,,0.4932,0.4627,0.742
20251124,12290.8483,12268.6589,12406.3431,12106.1625,100882.0,1757.0,120168.0,0.0,-1.0,0.0,-1164.0,1.0,-2.0,24.0,-9219.0,12347.99636,12307.65468,12277.111545,40.34168000000136,70.88481499999943,12269.5754031746,12251.3476015,84474.6,144201.6,1.618192978238361,1.803023881529233,3.421216859767594,-1.0,-1164.0,-1.0,-9195.0,0.017416387462580046,-0.115218158969043,,,0.2329,0.1813,0.738
20251125,12163.8972,12296.7821,12353.9573,12151.9553,102331.0,1449.0,108293.0,0.0,-1.0,0.0,-1170.0,0.0,-3.0,0.0,-9910.0,12311.91394,12311.36674,12259.077675,0.5471999999990658,52.83626499999991,12263.1944531746,12253.48675034921,89750.0,129951.6,1.616419534911088,1.776713395485841,3.393132930396929,-1.0,-1170.0,-3.0,-9910.0,0.014159931985419863,-0.2056107468689215,,,0.3151,0.228,0.633
20251126,12178.6815,12171.2637,12227.9982,12011.4372,104838.0,2507.0,120536.0,0.0,-1.0,0.0,-1076.0,1.0,-2.0,287.0,-8379.0,12250.3678,12310.47888,12232.13521,-60.11107999999876,18.23258999999962,12253.90836666667,12255.66245598413,96244.0,144643.2,1.604006101189848,1.767253081369758,3.371259182559606,-1.0,-1076.0,-1.0,-8092.0,0.02391308495011351,-0.2007381262807553,,,0.3151,0.228,0.637
20251127,12223.7736,12189.4497,12257.9091,12126.2478,107228.0,2390.0,81595.0,0.0,-1.0,0.0,-1093.0,1.0,-2.0,386.0,-7881.0,12229.90324,12292.80077,12216.63008,-62.89753000000019,13.27315999999882,12251.85201,12257.01865388095,95493.7,,1.61348284232128,1.751338524424848,3.364821366746128,-1.0,-1093.0,-1.0,-7495.0,0.022288954377587943,-0.1858074772797656,,,0.274,0.2413,0.662
20251128,12285.7819,12238.5817,12350.8177,12206.1188,109400.0,2172.0,123897.0,0.0,-1.0,0.0,-1041.0,1.0,-2.0,0.0,-8180.0,12228.5965,12294.49667,12219.105225,-65.9001700000008,9.491274999998495,12256.52603626984,12258.58038630952,101572.2,148676.4,1.594696058885021,1.735442470295463,3.330138529180484,-1.0,-1041.0,-1.0,-8180.0,0.019853747714808044,-0.1417265510798842,,,0.3288,0.2747,0.714
20251201,12178.3563,12293.9878,12293.9878,12058.0447,108196.0,-1204.0,127070.0,0.0,-1.0,0.0,-954.0,1.0,-3.0,0.0,-7867.0,12206.0981,12277.04723,12217.507485,-70.94913000000088,-11.40938500000084,12254.88096412698,12259.87039484127,106858.5,,1.672556192374699,1.751338524424848,3.423894716799547,-1.0,-954.0,-2.0,-7867.0,-0.011127952974231949,-0.1975282723101799,,,0.3699,0.3173,0.643
20251202,12233.9834,12172.172,12250.3879,12090.5178,108197.0,1.0,101029.0,0.0,-1.0,0.0,-992.0,1.0,-2.0,484.0,-7278.0,12220.11534,12266.01464,12231.052555,-45.89929999999913,-10.93721499999992,12253.15813587302,12260.44408795238,109602.2,,1.699050712388318,1.735442470295463,3.434493182683781,-1.0,-992.0,-1.0,-6794.0,9.2424004362413e-06,-0.1896642547441338,,,0.3836,0.356,0.654
20251203,12086.5364,12198.7289,12199.7982,12026.5779,108291.0,94.0,95407.0,0.0,-1.0,0.0,-912.0,1.0,-2.0,0.0,-7577.0,12201.68632,12226.02706,12238.414,-24.34073999999964,-36.72768000000178,12241.47648912698,12258.39080179365,109918.8,,1.668650118684867,1.735442470295463,3.40409258898033,-1.0,-912.0,-1.0,-7577.0,0.0008680315076968539,-0.2958699105586341,,,0.4247,0.38,0.542
20251204,11967.1447,12089.7018,12092.4329,11858.6052,112249.0,3958.0,116814.0,0.0,0.0,0.0,0.0,1.0,-2.0,566.0,-7810.0,12150.36054,12190.13189,12230.206585,-39.77135000000089,-79.84604500000205,12219.01729484127,12253.46338453175,113443.6,,1.72432166870283,1.751338524424848,3.475660193127678,0.0,0.0,-1.0,-7244.0,0.035260893192812406,-0.3385069073305959,,,0.4247,0.4267,0.504
20251205,12040.4332,11978.8437,12075.5379,11969.2195,111217.0,-1032.0,82056.0,0.0,0.0,0.0,0.0,1.0,-2.0,1553.0,-7052.0,12101.2908,12164.94365,12230.09422,-63.6528500000004,-128.803420000002,12199.21146452381,12246.28006177778,107686.5,,1.66601585273331,1.751338524424848,3.417354377158158,0.0,0.0,-1.0,-5499.0,-0.009279156963413866,-0.3274499593257504,,,0.4521,0.4533,0.517
20251208,12079.5182,12021.3136,12164.2102,12021.3136,112104.0,887.0,96381.0,0.0,0.0,0.0,0.0,1.0,-2.0,1676.0,-6887.0,12081.52318,12143.81064,12225.73266,-62.28745999999956,-144.2094799999995,12184.78963960318,12237.80148542064,105307.8,,1.66534675888973,1.735442470295463,3.400789229185193,0.0,0.0,-1.0,-5211.0,0.007912295725397846,-0.2621269706111077,,,0.4521,0.4747,0.576
20251209,12077.0537,12078.4448,12173.648,12027.3201,111102.0,-1002.0,107147.0,0.0,0.0,0.0,0.0,0.0,-3.0,0.0,-9962.0,12050.13724,12135.12629,12223.246515,-84.98905000000013,-173.1092750000007,12171.48046722222,12228.6300868254,105193.2,,1.653587492558664,1.735442470295463,3.389029962854127,0.0,0.0,-3.0,-9962.0,-0.009018739536642005,-0.2808406830510956,,,0.5205,0.4,0.561
20251210,12256.1774,12131.0706,12345.7704,12096.7703,113093.0,1991.0,126770.0,0.0,0.0,0.0,0.0,1.0,-2.0,712.0,-9951.0,12084.06544,12142.87588,12226.67738,-58.81044000000111,-142.6119400000007,12171.06557015873,12220.3458071746,105816.6,,1.694657714515782,1.735442470295463,3.430100184811245,0.0,0.0,-1.0,-9239.0,0.01760497997223524,-0.2206922833017602,,,0.6164,0.3733,0.616
20251211,12264.6971,12209.4606,12336.2038,12173.4788,113331.0,238.0,99849.0,0.0,0.0,0.0,0.0,1.0,-2.0,1012.0,-9768.0,12143.57592,12146.96823,12219.8845,-3.392310000001089,-76.3085800000008,12174.64115111112,12212.62472128571,107642.0,,1.562413140362821,1.735442470295463,3.297855610658284,0.0,0.0,-1.0,-8756.0,0.002100043236184274,-0.0881849277740651,,,0.6575,0.4653,0.765
20251212,12320.2481,12244.3651,12414.5053,12214.447,118336.0,5005.0,112312.0,0.0,0.0,0.0,0.0,1.0,-2.0,706.0,-12392.0,12199.5389,12150.41485,12222.45576,49.12404999999853,-22.91686000000118,12182.70102626984,12205.24222028572,106483.5,,1.503371204988142,1.721072846048987,3.224444051037129,0.0,0.0,-1.0,-11686.0,0.042294821525148726,-0.1996551417403284,,,0.6712,0.488,0.636
20251215,12354.8307,12328.5347,12463.5676,12238.9607,118959.0,623.0,117618.0,0.0,0.0,0.0,0.0,1.0,-2.0,613.0,-13893.0,12254.6014,12168.06229,12222.55476,86.53911000000153,32.04664000000048,12194.83343777778,12199.23746765079,105538.3,,1.514942464361371,1.721072846048987,3.236015310410358,0.0,0.0,-1.0,-13280.0,0.005237098496120512,-0.1401208219301532,,,0.6849,0.6307,0.714
20251216,12376.0161,12346.406,12450.1219,12300.2089,117431.0,-1528.0,83266.0,0.0,0.0,0.0,0.0,1.0,-2.0,758.0,-12512.0,12314.39388,12182.26556,12224.1401,132.128319999998,90.2537799999991,12208.70466166667,12194.79212023016,103762.0,,1.474157850547343,1.69857404394504,3.172731894492384,0.0,0.0,-1.0,-11754.0,-0.013011896347642445,-0.0589212175457708,,,0.7671,0.7253,0.797
20251217,12564.3431,12381.2571,12601.783,12320.6642,120113.0,2682.0,118834.0,0.0,0.0,0.0,0.0,1.0,-2.0,1758.0,-12509.0,12376.02702,12230.04623,12228.036645,145.9807899999978,147.9903749999994,12235.89273174603,12194.23374449206,106104.7,,1.558581889134631,1.721072846048987,3.279654735183618,0.0,0.0,-1.0,-10751.0,0.02232897354990717,0.0598991816882983,,,0.7945,0.748,0.89
20251218,12454.147,12542.8622,12682.7196,12450.2292,119277.0,-836.0,100507.0,0.0,-1.0,0.0,-431.0,1.0,-2.0,1185.0,-13757.0,12413.917,12278.74646,12234.439175,135.170540000001,179.4778249999999,12262.45173063492,12198.57718807143,104474.0,,1.608313660633967,1.735442470295463,3.34375613092943,-1.0,-431.0,-1.0,-12572.0,-0.0070088952606118535,-0.0817967801743293,,,0.8219,0.7707,0.769
20251219,12368.7073,12444.2653,12492.7445,12314.1211,115822.0,-3455.0,80968.0,1.0,0.0,720.0,0.0,1.0,-2.0,1177.0,-12796.0,12423.60884,12311.57387,12238.25876,112.0349700000006,185.3500800000002,12277.74001015873,12206.43004263492,104365.2,,1.57309446442135,1.721072846048987,3.294167310470338,1.0,720.0,-1.0,-11619.0,-0.029830256773324584,-0.1050345225613438,,,0.8356,0.7707,0.744
20251222,12360.2806,12384.8816,12429.9166,12295.8168,115148.0,-674.0,87422.0,1.0,0.0,866.0,0.0,1.0,-2.0,690.0,-11614.0,12424.69882,12339.65011,12241.730375,85.04871000000094,182.9684450000004,12290.10178436508,12216.96125711111,103469.3,,1.556916197447081,1.721072846048987,3.277989043496068,1.0,866.0,-1.0,-10924.0,-0.005853336575537569,-0.1544034238650811,,,0.7945,0.7453,0.697
20251223,12412.2626,12379.4956,12501.7562,12372.4148,114286.0,-862.0,83169.0,1.0,0.0,770.0,0.0,1.0,-2.0,771.0,-10395.0,12431.94812,12373.171,12254.148645,58.77712000000065,177.799474999998,12306.72173619048,12230.48538400794,101071.5,,1.515611430683217,1.721072846048987,3.236684276732205,1.0,770.0,-1.0,-9624.0,-0.00754248114379714,-0.1068420948795218,,,0.7671,0.6053,0.741
20251224,12627.3993,12431.4795,12725.5347,12392.4714,114454.0,168.0,109930.0,1.0,0.0,655.0,0.0,1.0,-2.0,1627.0,-9072.0,12444.55936,12410.29319,12276.584535,34.26616999999897,167.9748249999993,12336.82928150794,12247.06175514286,99387.5,,1.56732139536401,1.735442470295463,3.302763865659473,1.0,655.0,-1.0,-7445.0,0.001467838607650235,-0.0003389322100029,,,0.6986,0.592,0.846
20251225,12717.3673,12608.9048,12846.0206,12549.4016,122408.0,7954.0,130611.0,0.0,0.0,0.0,0.0,1.0,-2.0,853.0,-12346.0,12497.20342,12455.56021,12301.26422,41.643210000002,195.9392000000007,12376.89400293651,12267.2870403254,102463.7,156733.2,1.669851523740863,1.758634748957534,3.428486272698397,0.0,0.0,-1.0,-11493.0,0.06497941311025424,0.0356021507237002,,,0.6575,0.524,0.872
20251226,12772.5295,12684.8883,12862.5696,12647.6712,124697.0,2289.0,131555.0,0.0,0.0,0.0,0.0,1.0,-3.0,259.0,-13543.0,12577.96786,12500.78835,12325.6016,77.17951000000176,252.3662600000025,12421.08867388889,12291.1258050873,104388.0,157866.0,1.704595908979477,1.758634748957534,3.463230657937011,0.0,0.0,-2.0,-13284.0,0.018356496146659504,0.0269604139538834,,,0.5616,0.4893,0.862
20251229,12680.6551,12763.733,12866.7443,12661.7955,119577.0,-5120.0,124501.0,0.0,0.0,0.0,0.0,1.0,-2.0,202.0,-13424.0,12642.04276,12533.37079,12350.71654,108.6719699999994,291.3262200000008,12459.0810684127,12317.55056815079,105076.3,,1.732288585912869,1.735442470295463,3.467731056208332,0.0,0.0,-1.0,-13222.0,-0.042817598702091536,-0.0161273225461547,,,0.5342,0.464,0.823
20251230,12716.9391,12714.103,12827.7811,12595.3003,120612.0,1035.0,97165.0,0.0,0.0,0.0,0.0,1.0,-2.0,732.0,-12465.0,12702.97806,12567.46309,12374.864325,135.5149700000002,328.113734999999,12494.68623190476,12346.1487251746,106466.2,,1.707019990292281,1.735442470295463,3.442462460587744,0.0,0.0,-1.0,-11733.0,0.008581235697940504,-0.0095070459533325,,,0.5479,0.3413,0.829
20251231,12655.8028,12738.8016,12784.9703,12625.4627,115589.0,-5023.0,87987.0,0.0,0.0,0.0,0.0,1.0,-2.0,815.0,-12705.0,12708.65876,12576.60906,12403.327645,132.0497000000014,305.331114999999,12524.85316230159,12375.04476823016,103381.5,,1.701378773363025,1.721072846048987,3.422451619412012,0.0,0.0,-1.0,-11890.0,-0.043455692150637173,-0.200671109798379,,,0.7397,0.6213,0.621
20260105,12804.658,12690.8011,12920.8863,12689.3833,119315.0,3726.0,79504.0,0.0,0.0,0.0,0.0,0.0,-3.0,0.0,-11832.0,12726.1169,12611.66016,12445.20331,114.4567399999996,280.9135899999983,12560.87613380952,12404.88720854762,101281.2,,1.733666749801015,1.721072846048987,3.454739595850003,0.0,0.0,-3.0,-11832.0,0.031228261325063907,-0.1134389555352877,,,0.6849,0.624,0.731
20260106,13008.1965,12803.4703,13055.1699,12802.4159,123115.0,3800.0,88487.0,1.0,0.0,1726.0,0.0,0.0,-3.0,0.0,-10201.0,12773.2503,12675.60908,12493.591475,97.64121999999952,279.6588250000004,12609.19009706349,12438.03221723809,102033.1,,1.743195404152748,1.735442470295463,3.478637874448211,1.0,1726.0,-3.0,-10201.0,0.030865451001096535,0.0376660605768992,,,0.7123,0.7587,0.873
20260107,13148.5246,13001.6775,13284.2126,12963.7595,120104.0,-3011.0,120294.0,2.0,-1.0,0.0,-26.0,0.0,-3.0,0.0,-13131.0,12866.8242,12754.43348,12547.041795,112.3907199999976,319.7824049999981,12669.39603253968,12475.96164205556,105320.3,,1.831791580620582,1.735442470295463,3.567234050916045,1.0,-26.0,-3.0,-13131.0,-0.025069939385865582,0.1305828821669348,,,0.6575,0.6933,0.921
20260108,13066.8953,13134.4533,13285.5723,12990.1969,118876.0,-1228.0,112742.0,1.0,-1.0,0.0,-130.0,0.0,-3.0,0.0,-12457.0,12936.81544,12819.89675,12596.533875,116.9186900000004,340.2815649999993,12722.50845357143,12517.54031379365,108277.6,,1.834632441809954,1.758634748957534,3.593267190767488,0.0,-130.0,-3.0,-12457.0,-0.01033009186042599,-0.0544472808384029,,,0.6712,0.7347,0.794
20260109,12951.59,13067.8588,13076.7543,12841.542,119165.0,289.0,92510.0,0.0,-1.0,0.0,-1275.0,0.0,-3.0,0.0,-12600.0,12995.97288,12852.31582,12631.304505,143.6570599999995,364.6683749999993,12759.68981555556,12559.82636719841,106535.6,,1.831040380722373,1.758634748957534,3.589675129679907,-1.0,-1275.0,-3.0,-12600.0,0.00242520874417824,-0.1567498041279977,,,0.6849,0.7013,0.684
20260112,13013.4254,12985.6407,13061.4023,12751.5037,118600.0,-565.0,103229.0,0.0,-1.0,0.0,-1016.0,0.0,-3.0,0.0,-18724.0,13037.72636,12881.92163,12668.74092,155.8047299999998,368.9854400000004,12792.62432015873,12601.39939892063,103797.4,,1.89780715766338,1.758634748957534,3.656441906620914,-1.0,-1016.0,-3.0,-18724.0,-0.004763912310286678,-0.0491241743578974,,,0.6164,0.604,0.797
20260113,12855.1577,13010.4852,13046.3506,12827.9438,118626.0,26.0,105546.0,1.0,-1.0,200.0,0.0,0.0,-3.0,0.0,-19495.0,13007.1186,12890.18445,12695.4864,116.934150000001,311.6322,12816.12396571429,12640.90292810317,101196.5,,1.939558593386737,1.758634748957534,3.69819334234427,0.0,200.0,-3.0,-19495.0,0.0002191762345522904,-0.1964895025596409,,,0.5068,0.4747,0.625
20260114,13025.237,12880.2834,13302.373,12874.2228,124024.0,5398.0,144796.0,1.0,-1.0,628.0,0.0,0.0,-3.0,0.0,-19655.0,12982.46108,12924.64264,12729.006715,57.8184399999991,253.4543649999996,12847.64225301588,12679.75904656349,103226.0,173755.2,2.102768745387362,1.7933537379973,3.896122483384661,0.0,628.0,-3.0,-19655.0,0.04352383409662646,-0.1929915198158846,,,0.5068,0.456,0.631
20260115,12866.7572,13014.2582,13097.1532,12742.4065,118668.0,-5356.0,130116.0,1.0,-1.0,513.0,-111.0,0.0,-3.0,0.0,-18018.0,12942.43346,12939.62445,12753.54377,2.809010000000853,188.88969,12864.5716268254,12716.74758605556,106521.1,156139.2,2.112004329974628,1.7933537379973,3.905358067971927,0.0,402.0,-3.0,-18018.0,-0.04513432433343446,-0.1916411382207239,,,0.7671,0.74,0.633
20260116,12760.6594,12894.9033,12982.2581,12717.9351,115465.0,-3203.0,100743.0,1.0,-2.0,424.0,-196.0,0.0,-3.0,0.0,-17734.0,12904.24734,12950.11011,12763.359585,-45.86277000000155,140.8877549999961,12870.86889603175,12751.34915942857,107796.7,,2.093587605943549,1.816840232368866,3.910427838312416,-1.0,228.0,-3.0,-17734.0,-0.027740007794569782,-0.2994870118373215,,,0.726,0.7133,0.513
20260119,12674.4924,12814.2506,12827.636,12636.7872,114440.0,-1025.0,79296.0,1.0,-1.0,514.0,-1301.0,0.0,-3.0,0.0,-16472.0,12836.46074,12937.09355,12774.376855,-100.6328100000028,62.08388499999819,12866.54177825397,12781.91572387302,107775.9,,2.081382517647738,1.816840232368866,3.898222750016604,0.0,-787.0,-3.0,-16472.0,-0.008956658511010136,-0.2774966811550932,,,0.7397,0.628,0.542
20260120,12568.6095,12665.9347,12666.2549,12487.3809,112627.0,-1813.0,78524.0,0.0,-2.0,0.0,-2021.0,0.0,-3.0,0.0,-15073.0,12779.1511,12893.13485,12784.371965,-113.9837499999994,-5.22086500000114,12847.89985111111,12805.78669927778,106779.6,,2.072774109106045,1.816840232368866,3.889614341474912,-2.0,-2021.0,-3.0,-15073.0,-0.016097383398297034,-0.3570023956791291,,,0.726,0.616,0.453
20260121,12636.5375,12583.9266,12641.6346,12505.6282,112408.0,-219.0,77064.0,0.0,-1.0,0.0,-1504.0,0.0,-3.0,0.0,-13766.0,12701.4112,12841.93614,12798.18481,-140.5249400000012,-96.77361000000201,12830.20262349206,12821.86735837302,102456.6,,2.020113768758414,1.816840232368866,3.83695400112728,-1.0,-1504.0,-3.0,-13766.0,-0.001948259910326667,-0.1725001813018281,,,0.7397,0.7213,0.663
20260122,12752.4235,12669.6002,12771.8549,12621.5934,112736.0,328.0,71537.0,0.0,-1.0,0.0,-1524.0,0.0,-3.0,46.0,-13760.0,12678.54446,12810.48896,12815.192855,-131.9444999999996,-136.6483949999983,12822.00028396825,12831.8165414127,98336.1,,2.013897285454888,1.816840232368866,3.830737517823755,-1.0,-1524.0,-3.0,-13714.0,0.0029094521714447914,-0.315348707915086,,,0.7671,0.7213,0.495
20260123,13116.6139,12756.5135,13126.6156,12729.0079,116673.0,3937.0,150659.0,0.0,-3.0,0.0,-2817.0,1.0,-2.0,161.0,-11033.0,12749.73536,12826.99135,12839.653585,-77.25598999999966,-89.91822499999944,12839.08528142857,12839.756088,104151.0,180790.8,2.083858572669552,1.816840232368866,3.900698805038418,-3.0,-2817.0,-1.0,-10872.0,0.03374388247495136,-0.0620556816647393,,,0.7945,0.82,0.781
20260126,13110.8628,13098.9331,13173.1103,13041.0862,112806.0,-3867.0,121387.0,0.0,-2.0,0.0,-1710.0,1.0,-2.0,1468.0,-11521.0,12837.00944,12836.73509,12859.32836,0.2743499999996857,-22.31891999999971,12865.1357263492,12847.00722861905,105966.8,,2.015804943721875,1.816840232368866,3.832645176090741,-2.0,-1710.0,-1.0,-10053.0,-0.034280091484495505,-0.2081035775087763,,,0.7945,0.8067,0.604
20260127,13103.8723,13069.9781,13132.9789,12959.0985,109514.0,-3292.0,104918.0,0.0,-2.0,0.0,-1209.0,1.0,-2.0,988.0,-10691.0,12944.062,12861.60655,12875.8955,82.45545000000129,68.16650000000118,12886.61165571428,12854.05599761905,105904.0,,1.935101305185705,1.7933537379973,3.728455043183004,-2.0,-1209.0,-1.0,-9703.0,-0.030060083642274048,-0.2351671904341516,,,0.9178,0.8667,0.58
20260128,13212.9371,13046.1214,13232.4014,13042.5306,108224.0,-1290.0,102846.0,0.0,-1.0,0.0,0.0,1.0,-2.0,1004.0,-12623.0,13059.34192,12880.37656,12902.5096,178.9653600000001,156.8323199999995,12913.71923579366,12860.66369589682,101709.0,,1.875133881388644,1.7933537379973,3.668487619385944,-1.0,0.0,-1.0,-11619.0,-0.011919722057953873,-0.1899202360772749,,,0.9041,0.8667,0.633
20260129,13472.1833,13198.105,13565.1059,13145.0429,111002.0,2778.0,155177.0,0.0,0.0,0.0,0.0,1.0,-2.0,2098.0,-11975.0,13203.29388,12940.91917,12940.27181,262.3747100000001,263.0220700000009,12960.61294190476,12870.26782740476,104215.1,186212.4,1.971777421651401,1.7933537379973,3.765131159648701,0.0,0.0,-1.0,-9877.0,0.02502657609772797,-0.3268574018373845,,,0.9041,0.8667,0.484
20260130,13276.2848,13517.9398,13713.3189,13151.9391,105856.0,-5146.0,190010.0,1.0,0.0,728.0,0.0,1.0,-2.0,3197.0,-10228.0,13235.22806,12992.48171,12971.29591,242.7463499999994,263.9321500000005,13001.80290619047,12883.36122842064,113141.8,228012.0,2.107529298186588,1.816840232368866,3.924369530555455,1.0,728.0,-1.0,-7031.0,-0.04861321039903265,-0.581372594606934,,,0.9315,0.872,0.227
20260202,12962.4691,13224.052,13287.3977,12811.2426,100648.0,-5208.0,144779.0,0.0,0.0,203.0,0.0,1.0,-2.0,2956.0,-9445.0,13205.54932,13021.27938,12979.186465,184.2699400000001,226.3628549999994,13008.28104507936,12897.53515510317,119690.1,173734.8,2.248262340781056,1.816840232368866,4.065102573149922,0.0,203.0,-1.0,-6489.0,-0.05174469438041491,-0.4910505987393734,,,0.9589,0.8867,0.316
20260203,13125.8099,13013.4195,13169.1353,12967.7066,97990.0,-2658.0,94394.0,1.0,0.0,936.0,0.0,2.0,-1.0,2079.0,-7880.0,13209.93684,13076.99942,12985.067135,132.9374199999984,224.8697049999992,13018.87822952381,12914.63299294444,121277.1,,2.114586081544351,1.816840232368866,3.931426313913217,1.0,936.0,1.0,-5801.0,-0.027125216858863148,-0.4410172525552977,,,0.9315,0.8573,0.373
20260204,13305.1486,13179.2982,13305.1486,13148.1316,97822.0,-168.0,72218.0,1.0,0.0,796.0,0.0,2.0,-1.0,2318.0,-8045.0,13228.37914,13143.86053,12992.898335,84.51861000000099,235.4808050000011,13045.90199031746,12936.20292962698,120792.5,,2.013158535920691,1.816840232368866,3.829998768289557,1.0,796.0,1.0,-5727.0,-0.0017174050827012328,-0.2708912018405587,,,0.9452,0.8573,0.539
20260205,13137.8011,13301.7621,13308.7589,13001.2595,98657.0,835.0,97854.0,1.0,0.0,730.0,0.0,2.0,-1.0,2560.0,-8243.0,13161.5027,13182.39829,12996.443625,-20.89559000000008,165.059075000001,13063.6258834127,12960.36548957143,123424.2,,2.032661282194685,1.822028615792605,3.854689897987289,1.0,730.0,1.0,-5683.0,0.008463667048460828,-0.4007518310804558,,,0.9041,0.844,0.407
20260206,13053.4292,13157.1761,13182.9055,12943.4477,98089.0,-568.0,80395.0,0.0,0.0,0.0,0.0,2.0,-1.0,2965.0,-8871.0,13116.93158,13176.07982,13001.535585,-59.14823999999862,115.3959950000008,13070.63932984127,12983.5208944127,116397.8,,2.05503473491183,1.830648945410841,3.885683680322671,0.0,0.0,1.0,-5906.0,-0.005790659503104324,-0.4423182178630669,,,0.8904,0.844,0.371
20260209,13156.454,13066.3042,13233.8993,12958.92,96142.0,-1947.0,69329.0,1.0,0.0,1262.0,0.0,2.0,-1.0,1885.0,-8189.0,13155.72856,13180.63894,13008.687015,-24.91037999999935,147.041545,13082.60899,13005.26822077778,111192.0,,2.096353142514616,1.830648945410841,3.927002087925457,1.0,1262.0,1.0,-6304.0,-0.020251294959539014,-0.398729924207336,,,0.7945,0.812,0.412
20260210,13238.9043,13162.0492,13290.4334,13130.6117,96097.0,-45.0,60901.0,1.0,0.0,1447.0,0.0,2.0,-1.0,1323.0,-7624.0,13178.34744,13194.14214,13027.874345,-15.79469999999856,150.4730950000012,13101.78451976191,13026.78550718254,106790.3,,2.102432508291464,1.830648945410841,3.933081453702306,1.0,1447.0,1.0,-6301.0,-0.00046827684527092416,-0.4806682626661746,,,0.7808,0.812,0.326
20260211,13448.8021,13273.3502,13496.8234,13269.8745,97347.0,1250.0,73408.0,1.0,0.0,1500.0,0.0,2.0,-1.0,1219.0,-7556.0,13207.07814,13217.72864,13049.0526,-10.65049999999974,158.0255400000005,13138.67047444444,13049.28063104762,103846.5,,2.152787596045393,1.847374561472463,4.000162157517856,1.0,1500.0,1.0,-6337.0,0.012840662783650241,-0.6171521659806404,,,0.7534,0.7773,0.201
20260212,13372.3461,13445.9232,13514.285,13349.6726,97358.0,11.0,67981.0,1.0,0.0,1455.0,0.0,2.0,-1.0,1674.0,-7703.0,13253.98714,13207.74492,13074.332045,46.24222000000009,179.6550950000019,13173.24937015873,13070.54427387302,95126.9,,2.023852496970673,1.847374561472463,3.871227058443136,1.0,1455.0,1.0,-6029.0,0.00011298506542862425,-0.4672468156866544,,,0.589,0.544,0.344
20260213,13184.3755,13385.1447,13438.2609,13143.8184,94587.0,-2771.0,71150.0,1.0,0.0,1391.0,0.0,2.0,-1.0,2854.0,-7187.0,13280.1764,13198.55399,13095.51785,81.62240999999995,184.6585500000001,13191.15778428571,13089.47976168254,83240.9,,2.110818128166777,1.887176550532882,3.997994678699659,1.0,1391.0,1.0,-4333.0,-0.02929578060409993,-0.4248636395275568,,,0.5616,0.5053,0.387
20260224,13799.7016,13400.9289,13882.3313,13369.5708,98248.0,3661.0,116393.0,1.0,0.0,1385.0,0.0,2.0,-1.0,2781.0,-6478.0,13408.82592,13282.27724,13151.77831,126.5486799999981,257.0476099999996,13247.31409492064,13113.38306666667,80402.3,139671.6,2.38505603126993,1.925629726721248,4.310685757991178,1.0,1385.0,1.0,-3697.0,0.03726284504519176,-0.7807332672495212,,,0.5479,0.4733,0.075
20260225,13983.5887,13770.7724,14046.3309,13748.3118,102928.0,4680.0,96841.0,1.0,0.0,1682.0,0.0,2.0,-1.0,3575.0,-7150.0,13557.7628,13368.05512,13222.52727,189.7076799999995,335.2355299999999,13321.28083412698,13143.62332712698,80647.0,116209.2,2.43318445064567,1.925629726721248,4.358814177366917,1.0,1682.0,1.0,-3575.0,0.045468677133530234,-0.1009624477481098,,,0.5205,0.4573,0.742
20260226,13890.0294,13952.4023,14107.8314,13847.2766,103488.0,560.0,105070.0,1.0,0.0,2046.0,0.0,2.0,-1.0,3555.0,-6985.0,13646.00826,13426.5432,13285.201865,219.4650599999986,360.8063949999978,13390.1409102381,13178.04721911905,83932.2,126084.0,2.342417587690376,1.892618285367878,4.235035873058254,1.0,2046.0,1.0,-3430.0,0.005411255411255411,-0.2070690378483475,,,0.5205,0.4227,0.609
20260227,13829.9528,13813.4876,13903.0613,13766.0173,105322.0,1834.0,100120.0,1.0,0.0,1191.0,0.0,2.0,-1.0,2733.0,-7127.0,13737.5296,13495.75837,13339.07833,241.7712300000003,398.4512699999996,13442.78011095238,13215.96264187301,84158.8,,2.109174328526495,1.892618285367878,4.001792613894374,1.0,1191.0,1.0,-4394.0,0.01741326598431477,-0.2327951444748437,,,0.4932,0.3373,0.586
20260302,13941.6443,13874.2641,14022.6164,13645.5428,103905.0,-1417.0,141124.0,1.0,0.0,942.0,0.0,2.0,-1.0,1879.0,-7255.0,13888.98336,13584.57988,13380.32985,304.403479999999,508.6535099999983,13497.93247785714,13258.6919566746,90231.7,169348.8,2.045644169652078,1.925629726721248,3.971273896373325,1.0,942.0,1.0,-5376.0,-0.013637457292719311,-0.271492783751008,,,0.411,0.2053,0.543
20260303,13572.5703,13921.3028,14126.3789,13537.0861,102786.0,-1119.0,162933.0,1.0,0.0,1127.0,0.0,1.0,-2.0,492.0,-9154.0,13843.5571,13626.19151,13403.415225,217.3655899999994,440.1418749999993,13531.8109852381,13303.61215619841,99592.1,195519.6,2.24334576567839,1.939652734266752,4.182998499945142,1.0,1127.0,-1.0,-8662.0,-0.010886696631837021,-0.4409806956896609,,,0.411,0.2067,0.378
20260304,13521.2203,13611.2259,13615.1378,13270.3407,103073.0,287.0,131688.0,1.0,0.0,78.0,0.0,1.0,-2.0,700.0,-7540.0,13751.08342,13654.42311,13424.282625,96.6603099999993,326.8007949999974,13541.86961047619,13347.62066526984,106670.8,158025.6,2.328266438534343,1.947387419930906,4.275653858465249,1.0,78.0,-1.0,-6840.0,0.0027844343329484927,-0.3822025813636578,,,0.3973,0.208,0.426
20260305,13354.6566,13566.203,13611.6185,13284.2169,102157.0,-916.0,110530.0,1.0,0.0,967.0,0.0,1.0,-2.0,93.0,-7538.0,13644.00886,13645.00856,13431.3686,-0.9997000000003027,212.6402600000001,13541.21843912699,13387.87546173809,110383.0,,2.336110858149052,2.000432913658099,4.336543771807151,1.0,967.0,-1.0,-7445.0,-0.008966590639897413,-0.5098976451481383,,,0.4658,0.3253,0.291
20260306,13556.2604,13371.1162,13567.7989,13294.0754,102597.0,440.0,79492.0,0.0,-2.0,0.0,-838.0,1.0,-2.0,630.0,-6702.0,13589.27038,13663.39999,13435.572455,-74.12961000000178,153.6979250000004,13547.158985,13425.26642322222,111534.1,,2.347972299114183,2.039584631098322,4.387556930212504,-2.0,-838.0,-1.0,-6072.0,0.004288624423716093,-0.3802153286698521,,,0.5342,0.5067,0.43
20260309,13603.1442,13721.963,14089.3718,13510.2731,98240.0,-4357.0,190515.0,0.0,-1.0,0.0,-50.0,0.0,-3.0,0.0,-7571.0,13521.57036,13705.27686,13451.915425,-183.7065000000002,69.6549350000023,13572.48041865079,13463.39868665873,123470.6,228618.0,2.502273698760312,2.070682817212651,4.572956515972962,-1.0,-50.0,-3.0,-7571.0,-0.04435057003257329,-0.2720614990441,,,0.5479,0.472,0.546
20260310,13683.2146,13608.8389,13796.5242,13362.4271,98815.0,575.0,134606.0,0.0,-1.0,0.0,-542.0,0.0,-3.0,0.0,-8032.0,13543.69922,13693.62816,13487.9527,-149.928939999998,55.7465200000006,13587.96069079365,13497.46334624603,125291.9,,2.640239233634785,2.078862506840098,4.719101740474883,-1.0,-542.0,-3.0,-8032.0,0.005818954612154025,-0.2100132754503869,,,0.5616,0.5053,0.611
20260311,13722.7738,13702.4627,13734.2823,13463.7828,100737.0,1922.0,97426.0,1.0,-1.0,766.0,-624.0,0.0,-3.0,0.0,-8496.0,13584.00992,13667.54667,13517.800895,-83.5367499999993,66.20902500000193,13605.85189317461,13525.92045215079,125350.4,,2.643038426520478,2.078862506840098,4.721900933360576,0.0,142.0,-3.0,-8496.0,0.01907938493304347,-0.343267665185583,,,0.6027,0.536,0.473
20260312,13653.1678,13730.201,14024.699,13587.2117,100779.0,42.0,126798.0,1.0,-1.0,861.0,-615.0,0.0,-3.0,0.0,-8117.0,13643.71216,13643.86051,13535.201855,-0.148349999999482,108.510304999998,13626.40982174604,13549.54734330159,127523.2,,2.781803616512494,2.106525373918269,4.888328990430763,0.0,246.0,-3.0,-8117.0,0.00041675349031048136,-0.4688941443958144,,,0.6027,0.572,0.344
20260313,13356.7538,13650.2307,13722.511,13347.2775,100055.0,-724.0,92207.0,1.0,-1.0,1071.0,-473.0,0.0,-3.0,0.0,-8976.0,13603.81084,13596.54061,13546.14949,7.270230000000083,57.66135000000031,13619.61463293651,13567.2307955,126731.9,,2.821494585694604,2.155723714136694,4.977218299831298,0.0,598.0,-3.0,-8976.0,-0.007236020188896107,-0.4312768801673219,,,0.6986,0.6693,0.388
20260316,13517.0362,13400.7386,13551.763,13342.4925,96418.0,-3637.0,90969.0,1.0,-1.0,885.0,-1187.0,1.0,-2.0,1358.0,-8992.0,13586.58924,13554.0798,13569.32984,32.50943999999981,17.25940000000082,13611.57085936508,13578.5946336508,121716.4,,2.570058874997245,2.106525373918269,4.676584248915514,0.0,-302.0,-1.0,-7634.0,-0.037721172395195915,-0.4281473659834252,,,0.6986,0.6973,0.389
20260317,13490.0832,13454.9941,13609.76,13344.971,94463.0,-1955.0,86950.0,1.0,-1.0,804.0,-1057.0,1.0,-2.0,1466.0,-7970.0,13547.96296,13545.83109,13586.0113,2.131869999999253,-38.04833999999755,13602.61798785714,13585.6753339127,114118.1,,2.559284084552422,2.106525373918269,4.665809458470691,0.0,-253.0,-1.0,-6504.0,-0.0206959338577009,-0.5114906970128593,,,0.7671,0.776,0.289
20260318,13133.5145,13476.6684,13486.255,13063.4226,93755.0,-708.0,93835.0,1.0,-2.0,0.0,-1438.0,1.0,-2.0,1566.0,-7948.0,13430.1111,13507.06051,13580.74181,-76.94940999999926,-150.6307100000013,13568.7112547619,13588.35949834127,110332.8,,2.656931277535093,2.172031064794066,4.828962342329159,-1.0,-1438.0,-1.0,-6382.0,-0.0075515972481467655,-0.714729443673654,,,0.8082,0.8507,0.124
20260319,12954.1176,13221.3793,13221.3793,12860.4709,93680.0,-75.0,107591.0,1.0,-2.0,245.0,-1542.0,1.0,-2.0,1875.0,-5766.0,13290.30106,13467.00661,13556.007585,-176.7055499999988,-265.7065249999978,13515.92220555555,13585.82987498413,110038.9,,2.787648792269917,2.234934408728848,5.022583200998765,-1.0,-1297.0,-1.0,-3891.0,-0.0008005977796754911,-0.5421172012162648,,,0.8219,0.888,0.257
20260320,12898.0782,13029.9812,13029.9812,12795.6667,93261.0,-419.0,75055.0,2.0,-1.0,1151.0,-1765.0,1.0,-2.0,2380.0,-5613.0,13198.56594,13401.18839,13532.29419,-202.6224499999989,-333.7282500000001,13455.04375230159,13576.61835171428,109595.2,,2.727192349936842,2.234934408728848,4.96212675866569,1.0,-614.0,-1.0,-3233.0,-0.004492767609182831,-0.5429536746075462,,,0.8493,0.8933,0.255
20260323,13092.8767,12947.2281,13167.5606,12913.4353,92712.0,-549.0,93611.0,2.0,-1.0,1130.0,-1652.0,1.0,-2.0,2198.0,-4047.0,13113.73404,13350.16164,13527.71925,-236.4276000000009,-413.9852100000007,13404.98408968254,13559.86871881746,99904.8,,2.563636145119367,2.172031064794066,4.735667209913434,1.0,-522.0,-1.0,-1849.0,-0.0059215635516438,-0.403365884776746,,,0.8904,0.8973,0.421
20260324,13333.8859,13057.3763,13431.4949,12993.482,94069.0,1357.0,107866.0,1.0,-1.0,164.0,-1432.0,1.0,-2.0,2852.0,-3773.0,13082.49458,13315.22877,13504.428465,-232.7341899999974,-421.9338849999986,13378.14833674604,13538.8874834127,97230.8,,2.61595458694517,2.244155664477789,4.860110251422959,0.0,-1268.0,-1.0,-921.0,0.014425581222294273,-0.2815179367563823,,,0.7397,0.744,0.544
20260325,13597.1358,13321.4097,13678.3127,13314.4622,96498.0,2429.0,120499.0,2.0,-1.0,1620.0,-672.0,2.0,-1.0,3948.0,-3257.0,13175.21884,13302.66497,13485.10582,-127.4461300000003,-309.8869799999993,13379.35626246032,13516.23792034127,99538.1,144598.8,2.632003111078657,2.289249128753141,4.921252239831798,1.0,948.0,1.0,691.0,0.02517150614520508,-0.3526649549059832,,,0.7397,0.7387,0.47
20260326,13669.6746,13589.8925,13756.9708,13566.6984,96465.0,-33.0,96353.0,2.0,-1.0,1043.0,0.0,2.0,-1.0,5601.0,-3372.0,13318.33024,13304.31565,13474.08808,14.01458999999886,-155.757840000002,13394.86119,13493.08305716666,96493.6,,2.585954281865101,2.289249128753141,4.875203410618242,1.0,1043.0,1.0,2229.0,-0.0003420929870937646,-0.2940580754905004,,,0.7534,0.7613,0.528
20260327,13772.6784,13683.24,13899.7168,13613.5173,98387.0,1922.0,104951.0,2.0,0.0,2079.0,0.0,2.0,-1.0,4493.0,-3559.0,13493.25028,13345.90811,13471.22436,147.3421700000017,22.02592000000004,13419.75246063492,13473.09683993651,97768.0,,2.427719662577274,2.289249128753141,4.716968791330414,2.0,2079.0,1.0,934.0,0.019535101182066736,-0.355931650888692,,,0.9315,0.8987,0.467
20260330,13876.5478,13786.5156,13922.7928,13700.1647,97077.0,-1310.0,96780.0,2.0,-1.0,2054.0,0.0,2.0,-1.0,3912.0,-3433.0,13649.9845,13381.85927,13467.969535,268.1252299999996,182.0149650000003,13455.28656769841,13457.46841076984,98349.1,,2.312781334224927,2.244155664477789,4.556936998702716,1.0,2054.0,1.0,479.0,-0.013494442555909227,-0.3219541591720765,,,0.9041,0.8147,0.506
20260331,13650.348,13849.7783,13916.6462,13650.3475,98514.0,1437.0,102572.0,2.0,0.0,2362.0,0.0,2.0,-1.0,5588.0,-3715.0,13713.27692,13397.88575,13471.85842,315.391169999999,241.4184999999998,13479.40770373016,13445.14738235714,99911.3,,2.311437821075657,2.172031064794066,4.483468885869723,2.0,2362.0,1.0,1873.0,0.01458675924234119,-0.7193213766000778,,,0.9041,0.8147,0.119
20260401,13745.7482,13667.4426,14058.9398,13653.3308,99284.0,770.0,142762.0,1.0,-1.0,2159.0,0.0,2.0,-1.0,5152.0,-3403.0,13742.9994,13459.10912,13483.084815,283.8902800000014,259.9145850000004,13506.72924174603,13438.94918105556,104804.0,171314.4,2.29493737481653,2.244155664477789,4.539093039294318,0.0,2159.0,1.0,1749.0,0.007755529591877845,-0.5151478419096223,,,0.8904,0.8213,0.289
20260402,13954.7937,13753.1532,14072.8639,13753.1532,104195.0,4911.0,92935.0,2.0,-1.0,1829.0,0.0,2.0,-1.0,4569.0,-3083.0,13800.02322,13559.17673,13513.09167,240.8464899999981,286.9315499999993,13545.77531563492,13441.93449206349,103338.4,,2.262162144463711,2.292519785584758,4.554681930048469,1.0,1829.0,1.0,1486.0,0.04713277988387159,-0.5178077114424091,,,0.8904,0.8213,0.289
20260403,14087.6229,13969.301,14182.4922,13857.358,107159.0,2964.0,104252.0,2.0,0.0,1967.0,0.0,2.0,-1.0,4749.0,-2860.0,13863.01212,13678.1312,13539.659795,184.8809199999996,323.3523249999998,13595.70110547619,13456.00022738096,106258.1,,2.31656227036612,2.320993251027882,4.637555521394002,2.0,1967.0,1.0,1889.0,0.027659832585223827,-0.5608445802100738,,,0.7123,0.764,0.249
20260407,14143.2098,14131.0917,14333.0488,14129.8294,109381.0,2222.0,93528.0,2.0,0.0,2001.0,0.0,2.0,-1.0,4155.0,-3019.0,13916.34452,13783.16451,13566.663075,133.1800100000037,349.6814450000038,13656.78381626984,13481.18020003969,106249.8,,2.298399381504416,2.320993251027882,4.619392632532298,2.0,2001.0,1.0,1136.0,0.020314314186193214,-0.5240871826241454,,,0.6986,0.7453,0.283
20260408,14189.0571,14211.9201,14304.73,13870.0001,112991.0,3610.0,133577.0,2.0,-1.0,1823.0,0.0,2.0,-1.0,4946.0,-3696.0,14024.08634,13868.68163,13591.9552,155.4047099999989,432.1311399999995,13712.79032722222,13514.6443990873,108820.9,160292.4,2.289920749867229,2.341985815629285,4.631906565496513,1.0,1823.0,1.0,1250.0,0.03194944730111248,-0.7106486373224113,,,0.6438,0.6533,0.128
20260409,14126.8905,14116.6068,14219.5492,13890.2438,111657.0,-1334.0,108333.0,2.0,0.0,1802.0,0.0,2.0,-1.0,5071.0,-3911.0,14100.3148,13921.6571,13612.161035,178.6577000000016,488.1537650000009,13761.26690126984,13552.83546296825,107604.3,,2.259495532899512,2.341985815629285,4.601481348528797,2.0,1802.0,1.0,1160.0,-0.011947302900848134,-0.6620579444245999,,,0.5753,0.652,0.165
20260410,13883.8092,14136.547,14355.0495,13825.1066,112186.0,529.0,119747.0,2.0,-1.0,1817.0,0.0,2.0,-1.0,6880.0,-9055.0,14086.1179,13943.07056,13623.693105,143.0473400000028,462.4247950000026,13798.95650468254,13593.24499443651,109943.7,,2.401039544905775,2.341985815629285,4.743025360535059,1.0,1817.0,1.0,-2175.0,0.004715383381170556,-0.6242007579515637,,,0.5479,0.6133,0.201
20260413,13845.6681,13891.5047,13952.6698,13682.3245,109992.0,-2194.0,97508.0,2.0,-1.0,1796.0,0.0,2.0,-1.0,7253.0,-10887.0,14037.72694,13950.36953,13648.13882,87.35740999999689,389.5881200000003,13818.33632984127,13633.10338135714,109199.4,,2.392161796131951,2.341985815629285,4.734147611761236,1.0,1796.0,1.0,-3634.0,-0.019946905229471235,-0.4669889256748247,,,0.5479,0.5507,0.36
20260414,13810.722,13860.8059,13973.5107,13741.9367,110355.0,363.0,92249.0,2.0,-1.0,1476.0,-60.0,2.0,-1.0,8339.0,-11473.0,13971.22938,13943.78695,13662.82311,27.44243000000097,308.4062699999995,13836.2988565873,13671.20461024603,108746.3,,2.280074730126559,2.341985815629285,4.622060545755843,1.0,1416.0,1.0,-3134.0,0.0032893842598885415,-0.5296280739590521,,,0.4932,0.4667,0.277
20260415,13912.4517,13800.0639,13970.4316,13713.0173,111243.0,888.0,74619.0,2.0,-1.0,1430.0,0.0,2.0,-1.0,8788.0,-11106.0,13915.9083,13969.99732,13683.941535,-54.08902000000126,231.9667649999992,13857.08016309524,13708.97185618254,105951.0,,2.221706161644803,2.334860109293525,4.556566270938328,1.0,1430.0,1.0,-2318.0,0.007982524743129904,-0.5680409076100477,,,0.4795,0.4253,0.247
20260416,13865.8219,13904.3118,13986.072,13788.1137,112511.0,1268.0,78108.0,2.0,-1.0,1188.0,0.0,2.0,-1.0,8433.0,-11243.0,13863.69458,13982.00469,13720.556905,-118.3101100000003,143.1376750000018,13875.54581690476,13745.85351369841,99485.6,,2.223414050204969,2.334860109293525,4.558274159498494,1.0,1188.0,1.0,-2810.0,0.011270009154660433,-0.497495767468378,,,0.4658,0.4947,0.324
20260417,13705.8923,13848.3828,13848.3828,13571.5399,109805.0,-2706.0,101342.0,1.0,-1.0,28.0,-777.0,2.0,-1.0,8094.0,-10757.0,13828.1112,13957.11455,13758.14564,-129.003349999999,69.96556000000055,13876.46980380952,13778.92296251587,100326.3,,2.228325498416665,2.317186815577155,4.54551231399382,0.0,-749.0,1.0,-2663.0,-0.02464368653522153,-0.5146818146578488,,,0.5068,0.548,0.299
20260420,14108.7916,13700.4558,14161.1408,13678.9569,116793.0,6988.0,133033.0,0.0,-2.0,0.0,-75.0,2.0,-1.0,8909.0,-8398.0,13880.7359,13959.23142,13818.68131,-78.4955200000004,62.05458999999973,13896.97426492064,13809.05027846032,103204.4,159639.6,2.358756495453922,2.317186815577155,4.675943311031077,-2.0,-75.0,1.0,511.0,0.05983235296635928,-0.3674029457257856,,,0.5068,0.556,0.463
20260421,14125.8671,14069.0098,14196.8559,14031.8143,119258.0,2465.0,79871.0,1.0,-1.0,31.0,0.0,2.0,-1.0,8462.0,-8197.0,13943.76492,13957.49715,13870.33083,-13.7322299999978,73.43409000000065,13926.05216888889,13835.97711372222,101838.7,,2.301227192747378,2.317186815577155,4.618414008324532,0.0,31.0,1.0,265.0,0.020669472907477907,-0.4651120360540526,,,0.589,0.564,0.364
20260422,14219.7282,14109.6121,14300.9971,14106.9213,121823.0,2565.0,82694.0,2.0,0.0,1140.0,0.0,2.0,-1.0,8042.0,-8877.0,14005.22022,13960.56426,13914.622945,44.65596000000005,90.59727500000008,13958.01577992063,13860.49965899206,96750.4,,2.186203730375364,2.317186815577155,4.503390545952518,2.0,1140.0,1.0,-835.0,0.021055137371432324,-0.4132185628906157,,,0.6164,0.5547,0.42
20260423,14214.181,14270.6765,14551.3177,14206.814,125080.0,3257.0,140431.0,2.0,-1.0,1145.0,0.0,2.0,-1.0,7914.0,-9157.0,14074.89204,13969.29331,13945.475205,105.5987300000015,129.416835,13994.30401769841,13883.80337063492,99960.2,168517.2,2.19217462432352,2.334860109293525,4.527034733617045,1.0,1145.0,1.0,-1243.0,0.026039334825711545,-0.7083683341846625,,,0.6027,0.528,0.13
20260424,14179.8213,14284.8374,14371.2895,14143.5477,122320.0,-2760.0,96953.0,2.0,0.0,976.0,0.0,2.0,-1.0,7826.0,-10161.0,14169.67784,13998.89452,13970.98254,170.7833200000023,198.6952999999994,14021.23548476191,13906.03126864286,97680.8,,2.141539172848824,2.334860109293525,4.476399282142349,2.0,976.0,1.0,-2335.0,-0.022563767168083716,-0.6354354615313776,,,0.6438,0.648,0.187
20260427,14327.743,14212.6087,14411.1041,14115.1873,123028.0,708.0,107282.0,2.0,0.0,1230.0,0.0,2.0,-1.0,8030.0,-8500.0,14213.46812,14047.10201,13998.73577,166.3661100000008,214.7323500000002,14051.40941682539,13929.33857734127,98658.2,,2.165221185433109,2.334860109293525,4.500081294726634,2.0,1230.0,1.0,-470.0,0.005754787528042397,-0.5263372186957631,,,0.6986,0.5653,0.287
20260428,14589.1142,14336.5037,14594.4289,14336.5037,128278.0,5250.0,156829.0,1.0,-2.0,1142.0,0.0,2.0,-1.0,8532.0,-6743.0,14306.11754,14124.94123,14034.36409,181.1763100000007,271.753450000002,14100.76903722222,13955.78559540476,105116.2,188194.8,2.075484612216258,2.317186815577155,4.392671427793412,-1.0,1142.0,1.0,1789.0,0.04092673724255133,-0.538488742297397,,,0.726,0.5053,0.272
20260429,14830.6439,14576.7409,14832.7871,14411.8322,130282.0,2004.0,156819.0,1.0,-1.0,0.0,-770.0,2.0,-1.0,8505.0,-5062.0,14428.30068,14216.76045,14093.378885,211.5402300000023,334.9217949999984,14165.57171126984,13986.63475022222,113336.2,188182.8,2.114470092869607,2.334860109293525,4.449330202163132,0.0,-770.0,1.0,3443.0,0.015382017469796288,-0.493884993031755,,,0.4932,0.2733,0.331
20260430,14695.5051,14758.2013,14797.8218,14559.2728,123694.0,-6588.0,104425.0,1.0,0.0,742.0,0.0,2.0,-1.0,7530.0,-5385.0,14524.5655,14299.72877,14140.86673,224.8367299999991,383.6987700000009,14224.1584334127,14021.49601187301,115967.9,,1.975513203565664,2.334860109293525,4.310373312859189,1.0,742.0,1.0,2145.0,-0.05326046534189209,-0.6487302207275706,,,0.5205,0.2987,0.179
20260506,14885.9656,14799.1926,15102.4347,14642.0721,128670.0,4976.0,121207.0,0.0,0.0,0.0,0.0,2.0,-1.0,7227.0,-5415.0,14665.79436,14417.7361,14187.425325,248.0582599999998,478.3690349999997,14294.63914246032,14063.31294573809,117954.4,,2.060470427673613,2.341985815629285,4.402456243302897,0.0,0.0,1.0,1812.0,0.038672573249397685,-0.6287730172891276,,,0.4658,0.3853,0.199
20260507,15107.01,14875.2914,15232.7525,14784.2819,134937.0,6267.0,168622.0,1.0,0.0,1145.0,0.0,2.0,-1.0,7292.0,-4496.0,14821.64776,14517.55794,14238.39468,304.0898200000029,583.253080000004,14376.67216198413,14111.28273544445,121513.3,202346.4,2.155199896762311,2.341985815629285,4.497185712391596,1.0,1145.0,1.0,2796.0,0.0464438960403744,-0.6277514277900418,,,0.4384,0.38,0.2
20260508,15042.0403,15114.6905,15328.8759,15027.5686,136969.0,2032.0,163127.0,1.0,0.0,1739.0,0.0,2.0,-1.0,9874.0,-6491.0,14912.23298,14609.17526,14283.336205,303.0577200000007,628.8967749999974,14460.67433563492,14164.74495211905,129838.9,195752.4,2.164882060779708,2.334860109293525,4.499742170073233,1.0,1739.0,1.0,3383.0,0.014835473720330878,-0.6428221363351522,,,0.4521,0.38,0.182
20260511,15072.5747,15012.7701,15117.3832,14897.4166,132257.0,-4712.0,129217.0,1.0,0.0,1265.0,0.0,2.0,-1.0,10424.0,-6647.0,14960.61914,14694.45991,14327.512085,266.1592300000011,633.1070550000004,14534.23422404762,14222.36679653174,134491.2,,2.162855287755046,2.317186815577155,4.480042103332201,1.0,1265.0,1.0,3777.0,-0.03562760383193328,-0.5286387941614229,,,0.7671,0.584,0.282
20260512,14964.316,15113.8036,15124.6655,14870.8062,129728.0,-2529.0,129044.0,2.0,0.0,2590.0,0.0,2.0,-1.0,9814.0,-7695.0,15014.38132,14769.47341,14369.38336,244.9079099999999,644.9979599999988,14599.74834380953,14282.91122914286,133352.5,,2.129757083294729,2.317186815577155,4.446943898871883,2.0,2590.0,1.0,2119.0,-0.019494634928465714,-0.6279813595635806,,,0.7397,0.4667,0.201
20260513,15550.6577,14969.578,15568.9756,14938.6882,144544.0,14816.0,163071.0,1.0,0.0,0.0,-370.0,2.0,-1.0,12586.0,-7783.0,15147.31974,14906.55705,14452.725785,240.7626900000014,694.5939550000021,14694.72133373016,14350.25981403968,139964.3,,2.186799020427514,2.334860109293525,4.521659129721039,1.0,-370.0,1.0,4803.0,0.10250166039406686,-0.906690890357875,,,0.6712,0.4347,0.039
20260514,14978.9279,15529.8807,15617.791,14944.4741,134832.0,-9712.0,203727.0,1.0,0.0,1499.0,0.0,2.0,-1.0,10448.0,-7706.0,15121.70332,14971.67554,14509.388775,150.0277800000003,612.3145450000011,14764.86732174603,14421.60560453175,149608.8,244472.4,2.423721874836989,2.336276162453195,4.759998037290184,1.0,1499.0,1.0,2742.0,-0.07203037854515248,-0.6795114230350648,,,0.6712,0.4173,0.153
20260515,14856.7873,14984.1521,14984.1521,14700.3426,128961.0,-5871.0,153642.0,2.0,0.0,1899.0,0.0,2.0,-1.0,9484.0,-6620.0,15084.65272,14998.44285,14561.69204,86.20987000000423,522.960680000002,14800.742015,14491.60290230952,149290.1,,2.459561164747747,2.336276162453195,4.795837327200942,2.0,1899.0,1.0,2864.0,-0.045525391397399216,-0.5905874358984688,,,0.6849,0.376,0.228
20260518,14971.3506,14926.5998,15015.2831,14726.2648,128231.0,-730.0,127031.0,1.0,0.0,1356.0,0.0,2.0,-1.0,9927.0,-6902.0,15064.4079,15012.51352,14614.636985,51.89438000000155,449.770915000001,14837.45648007936,14558.79137919048,146311.3,,2.423941085904287,2.336276162453195,4.760217248357481,1.0,1356.0,1.0,3025.0,-0.005692851182631345,-0.5097373961764272,,,0.6301,0.3213,0.313
20260519,15038.9724,14950.47,15061.9399,14844.4845,128821.0,590.0,121106.0,1.0,0.0,1373.0,0.0,2.0,-1.0,10005.0,-5788.0,15079.33918,15046.86025,14673.29451,32.47893000000113,406.0446699999975,14875.96351119048,14623.97188696825,147979.4,,2.409048798828187,2.336276162453195,4.745324961281382,1.0,1373.0,1.0,4217.0,0.004579998602712291,-0.5675408249984912,,,0.5753,0.2947,0.255
20260520,14926.1987,15058.5799,15099.6167,14656.117,129153.0,332.0,152445.0,1.0,0.0,1287.0,0.0,2.0,-1.0,8376.0,-4316.0,14954.44738,15050.88356,14734.30983,-96.43617999999697,220.1375499999995,14900.47697944445,14684.55567066667,151103.2,,2.472609377900603,2.375930727348821,4.848540105249423,1.0,1287.0,1.0,4060.0,0.0025705945661347396,-0.4993378468471963,,,0.4795,0.1987,0.331
20260521,14703.176,14930.4863,15030.6958,14665.4851,125007.0,-4146.0,120937.0,1.0,0.0,1251.0,0.0,2.0,-1.0,7540.0,-2757.0,14899.297,15010.50016,14764.02905,-111.2031600000009,135.2679499999995,14908.08751301587,14737.69720576984,146334.7,,2.518264665281639,2.434833707136786,4.953098372418426,1.0,1251.0,1.0,4783.0,-0.033166142696009024,-0.7074428552273861,,,0.5205,0.2053,0.132
20260522,14761.1766,14716.6778,14827.0797,14568.2801,121935.0,-3072.0,114379.0,1.0,0.0,1222.0,0.0,2.0,-1.0,7449.0,-1303.0,14880.17486,14982.41379,14795.794525,-102.2389299999977,84.38033500000347,14906.13654134921,14782.24342634127,141459.9,,2.441718560140298,2.434833707136786,4.876552267277084,1.0,1222.0,1.0,6146.0,-0.025193750768852257,-0.6309058921687649,,,0.5068,0.2067,0.2
20260525,14823.8254,14773.3955,14855.4524,14667.7631,115455.0,-6480.0,120682.0,1.0,0.0,1153.0,0.0,2.0,-1.0,8076.0,-1386.0,14850.66982,14957.53886,14825.999385,-106.8690400000014,24.670435,14906.90778269841,14819.51078220635,140606.4,,2.400315571250713,2.375930727348821,4.776246298599533,1.0,1153.0,1.0,6690.0,-0.056125763284396515,-0.637873049927899,,,0.5205,0.208,0.188
20260526,14767.1487,14823.4562,14845.3519,14598.2582,112848.0,-2607.0,121873.0,1.0,0.0,1105.0,0.0,2.0,-1.0,7922.0,-1674.0,14796.30508,14937.82213,14853.64777,-141.5170500000004,-57.34268999999949,14902.31170896826,14849.76711872222,139889.3,,2.299908651890712,2.375930727348821,4.675839379239532,1.0,1105.0,1.0,6248.0,-0.02310187154402382,-0.5741181567374559,,,0.5205,0.2787,0.25
20260527,14799.6243,14730.7025,15193.3328,14710.2531,112105.0,-743.0,199036.0,1.0,0.0,900.0,0.0,2.0,-1.0,5765.0,-1922.0,14770.9902,14862.71879,14884.63792,-91.7285899999988,-113.647719999999,14901.56782944444,14870.45176829365,143485.8,238843.2,2.319826138428625,2.434833707136786,4.75465984556541,1.0,900.0,1.0,3843.0,-0.006627715088533072,-0.580990533002836,,,0.5205,0.2987,0.242
20260528,15377.2741,14792.2991,15394.4053,14713.9712,121273.0,9168.0,204728.0,1.0,0.0,804.0,0.0,2.0,-1.0,5440.0,-1995.0,14905.80982,14902.55341,14937.114475,3.256409999998141,-31.30465499999991,14929.45748428571,14886.91078454762,143585.9,245673.6,2.49700367395302,2.464510733006803,4.961514406959822,1.0,804.0,1.0,3445.0,0.075598030888986,-0.4140690710177679,,,0.5068,0.1413,0.424
20260529,15362.7815,15328.0815,15452.2213,15255.5946,120159.0,-1114.0,162711.0,1.0,0.0,835.0,0.0,2.0,-1.0,6312.0,-1970.0,15026.1308,14953.15283,14975.79784,72.9779699999981,50.33295999999973,14971.22674801587,14903.95925784921,144492.8,,2.482430560105592,2.434833707136786,4.917264267242377,1.0,835.0,1.0,4342.0,-0.009271049193152407,-0.3560686347789972,,,0.6438,0.396,0.483
20260601,15727.163,15363.2416,15790.0983,15330.9371,130758.0,10599.0,211355.0,2.0,0.0,2551.0,0.0,2.0,-1.0,5677.0,-2519.0,15206.79832,15028.73407,15020.623795,178.0642499999976,186.1745250000004,15034.50146880953,14923.66375672222,152925.2,253626.0,2.570903913921376,2.434833707136786,5.005737621058162,2.0,2551.0,1.0,3158.0,0.08105813793419905,-0.2387487426751271,,,0.6438,0.3973,0.611
20260602,15846.9078,15619.5968,15916.5177,15439.0871,141048.0,10290.0,243312.0,1.0,0.0,1373.0,0.0,1.0,-1.0,3037.0,-2857.0,15422.75014,15109.52761,15078.19393,313.2225299999991,344.5562100000006,15105.03765507937,14946.57117111111,165145.8,291974.4,2.494829150687622,2.434833707136786,4.929662857824407,1.0,1373.0,0.0,180.0,0.07295388803811469,-0.3485313477625857,,,0.6438,0.3987,0.491
20260603,15873.4252,15794.813,16138.4078,15778.7912,148785.0,7737.0,231127.0,1.0,0.0,1617.0,0.0,2.0,-1.0,3443.0,-2843.0,15637.51032,15204.25026,15127.56691,433.2600600000005,509.9434100000017,15184.39322968254,14974.96279613492,173014.0,277352.4,2.336207963431995,2.375930727348821,4.712138690780816,1.0,1617.0,1.0,600.0,0.052001209799374934,-0.3054768659112609,,,0.6301,0.3613,0.539
20260604,15596.6832,15852.9447,15897.8358,15401.4872,138913.0,-9872.0,238990.0,1.0,0.0,919.0,0.0,2.0,-1.0,2871.0,-2735.0,15681.39214,15293.60098,15152.05057,387.7911600000007,529.3415699999987,15237.32796039683,15007.88684087301,184819.3,286788.0,2.428059283302633,2.447753135279927,4.87581241858256,1.0,919.0,1.0,136.0,-0.07106606293147509,-0.2985786513166018,,,0.6301,0.3373,0.542
20260605,15564.8555,15596.8287,15714.8795,15452.685,139236.0,323.0,147451.0,1.0,0.0,793.0,0.0,2.0,-1.0,2659.0,-2655.0,15721.80694,15373.96887,15178.19133,347.8380699999998,543.6156100000026,15279.71657126984,15045.24484386508,188126.5,,2.408715753175997,2.375930727348821,4.784646480524817,1.0,793.0,1.0,4.0,0.0023198023499669627,-0.2731695298772032,,,0.6164,0.3387,0.571
20260608,15318.61,15567.5352,15573.9683,15213.1362,134240.0,-4996.0,176325.0,1.0,0.0,1171.0,0.0,2.0,-1.0,3251.0,-3628.0,15640.09634,15423.44733,15190.493095,216.649010000001,449.6032450000021,15300.93354960317,15084.64742055555,193690.8,,2.472731570116213,2.34867179010218,4.821403360218393,1.0,1171.0,1.0,-377.0,-0.037216924910607865,-0.2832687266694409,,,0.3699,0.1067,0.557
20260609,15289.1219,15314.9344,15420.361,15149.5917,129573.0,-4667.0,128293.0,2.0,0.0,2648.0,0.0,2.0,-1.0,3245.0,-3454.0,15528.53916,15475.64465,15206.73339,52.8945100000019,321.8057700000008,15309.8563336508,15125.40188302381,194332.8,,2.387748169145253,2.34867179010218,4.736419959247433,2.0,2648.0,1.0,-209.0,-0.03601830628294475,-0.3662733567455614,,,0.2329,0.028,0.461
20260610,14987.1938,15290.018,15321.8267,14859.8698,127563.0,-2010.0,151810.0,2.0,0.0,1885.0,0.0,1.0,-1.0,1844.0,-3484.0,15351.29288,15494.4016,15178.560195,-143.108720000002,172.7326849999972,15300.89671436508,15165.33477151587,189610.2,,2.429768878548388,2.34867179010218,4.778440668650568,2.0,1885.0,0.0,-1640.0,-0.01575692011006326,-0.4456346917764446,,,0.3836,0.0973,0.395
20260611,15138.7229,15018.7047,15142.8371,14993.8504,125310.0,-2253.0,86979.0,1.0,0.0,1263.0,0.0,2.0,-1.0,2817.0,-2711.0,15259.70082,15470.54648,15186.549945,-210.8456599999972,73.15087500000118,15293.46374380952,15201.73539746825,177835.3,,2.377394161992182,2.336276162453195,4.713670324445376,1.0,1263.0,1.0,106.0,-0.017979411060569786,-0.3288115694245758,,,0.3699,0.0893,0.511
20260612,15196.8863,15168.7871,15314.4804,15113.3304,125166.0,-144.0,126464.0,2.0,0.0,2256.0,0.0,2.0,-1.0,2940.0,-2616.0,15186.10698,15453.95696,15203.554895,-267.8499800000009,-17.44791500000247,15293.92643960317,15234.00536662699,174210.6,,2.379531303680939,2.336276162453195,4.715807466134134,2.0,2256.0,1.0,324.0,-0.0011504721729543167,-0.4253666585469221,,,0.411,0.104,0.408
20260615,15345.9359,15222.8909,15515.0415,15218.8986,129064.0,3898.0,121554.0,2.0,0.0,1729.0,0.0,1.0,-1.0,1904.0,-1531.0,15191.57216,15415.83425,15222.28416,-224.2620900000002,-30.71200000000135,15307.31300857143,15261.28652060317,165230.5,,2.406124794728853,2.336276162453195,4.742400957182047,2.0,1729.0,0.0,373.0,0.030202070290708486,-0.4547407920542966,,,0.4521,0.2173,0.382
20260616,15803.4484,15342.7213,15880.2597,15150.9809,147127.0,18063.0,189886.0,2.0,0.0,2057.0,0.0,2.0,-1.0,4648.0,-1473.0,15294.43746,15411.48831,15260.50796,-117.0508499999996,33.92950000000201,15347.84391412698,15285.56714650794,159887.9,,2.508720024429073,2.336276162453195,4.844996186882268,2.0,2057.0,1.0,3175.0,0.12277148314041611,-0.3124843187130193,,,0.5068,0.444,0.524
20260617,15570.9165,15732.4304,15834.2117,15551.4272,144379.0,-2748.0,139766.0,2.0,0.0,2586.0,0.0,2.0,-1.0,3528.0,-1302.0,15411.182,15381.23744,15292.74385,29.94455999999991,118.4381500000018,15385.85342055556,15305.71316559524,150751.8,,2.322909564565256,2.317186815577155,4.64009638014241,2.0,2586.0,1.0,2226.0,-0.019033238905935074,-0.3037107176744825,,,0.5205,0.5,0.536
20260618,15506.4033,15579.6458,15589.9906,15373.7898,139662.0,-4717.0,121400.0,2.0,0.0,2390.0,0.0,2.0,-1.0,3980.0,-2636.0,15484.71808,15372.20945,15332.905215,112.5086300000003,151.8128649999999,15407.51890920635,15322.73226047619,138992.8,,2.330400534075334,2.317186815577155,4.647587349652489,2.0,2390.0,1.0,1344.0,-0.03377439818991566,-0.2513882926318643,,,0.5479,0.5333,0.595
20260622,15664.4249,15540.3537,15669.165,15382.5689,146776.0,7114.0,108140.0,2.0,0.0,1602.0,0.0,2.0,-1.0,3450.0,-3095.0,15578.2258,15382.16639,15378.06763,196.0594100000017,200.1581700000006,15433.89155833333,15338.14975918254,135061.7,,2.251443330858142,2.317186815577155,4.568630146435297,2.0,1602.0,1.0,355.0,0.04846841445467924,-0.2202698794123607,,,0.589,0.5693,0.626
20260623,15551.3398,15645.6683,15916.0205,15441.1338,146851.0,75.0,227265.0,2.0,0.0,3085.0,0.0,2.0,-1.0,3291.0,-2472.0,15619.30658,15405.43937,15414.44335,213.8672099999967,204.8632300000008,15458.29995452381,15353.8863996746,140155.7,272718.0,2.253342820082009,2.317186815577155,4.570529635659164,2.0,3085.0,1.0,819.0,0.000510721751979898,-0.1294208803430736,,,0.7945,0.7813,0.741
20260624,15566.4171,15554.2353,15807.9408,15330.2772,150327.0,3476.0,211126.0,2.0,0.0,3318.0,0.0,2.0,-1.0,1175.0,-3176.0,15571.90032,15433.16889,15454.40677,138.7314299999998,117.4935499999992,15473.63865142857,15370.26463145238,148439.0,253351.2,2.311169932588847,2.317186815577155,4.628356748166001,2.0,3318.0,1.0,-2001.0,0.023122925356057127,-0.022741342963595,,,0.7945,0.692,0.838
20260625,14538.4933,15484.1449,15484.1449,14510.8134,131920.0,-18407.0,326016.0,2.0,0.0,1883.0,0.0,2.0,-1.0,1610.0,-3457.0,15365.41568,15388.29884,15441.35022,-22.88315999999941,-75.93453999999838,15416.25029579365,15381.79998959524,165859.6,391219.2,2.582609734021953,2.336276162453195,4.918885896475148,2.0,1883.0,1.0,-1847.0,-0.13953153426318982,-0.3055241609828741,,,0.8082,0.7853,0.53
20260626,14311.3105,14633.767,14633.767,14203.4205,122299.0,-9621.0,207265.0,1.0,0.0,806.0,0.0,2.0,-1.0,2575.0,-2217.0,15126.39712,15305.5576,15388.05204,-179.1604800000005,-261.6549200000009,15318.05790563492,15384.25940577778,177888.2,,2.676405937065174,2.34867179010218,5.025077727167353,1.0,806.0,1.0,358.0,-0.07866785501107941,-0.3048235305646594,,,0.7945,0.7013,0.531
20260629,14436.0456,14357.9697,14529.5064,14163.2176,119556.0,-2743.0,163114.0,1.0,0.0,761.0,0.0,2.0,-1.0,1119.0,-2534.0,14880.72126,15229.47353,15341.715245,-348.752269999999,-460.9939850000028,15221.72990373016,15377.03975219047,181553.2,,2.690063427146842,2.382773569448907,5.072836996595749,1.0,761.0,1.0,-1415.0,-0.02294322325939309,-0.2395478240374231,,,0.7808,0.7653,0.607
20260630,14528.2946,14444.5874,14568.0952,14291.7598,116798.0,-2758.0,138200.0,1.0,0.0,719.0,0.0,2.0,-1.0,1995.0,-1430.0,14676.11222,15147.7094,15281.771825,-471.5971800000025,-605.6596050000007,15139.30386261905,15360.23883759524,183217.8,,2.702334625965685,2.382773569448907,5.085108195414592,1.0,719.0,1.0,565.0,-0.023613418037980102,-0.1631851971054726,,,0.7945,0.7667,0.705
20260701,14425.5263,14508.7286,14584.3942,14402.3867,113750.0,-3048.0,106795.0,1.0,0.0,673.0,0.0,2.0,-1.0,2062.0,-1549.0,14447.93406,15009.91719,15210.70275,-561.9831299999987,-762.7686900000008,15059.87315095238,15331.44176127778,174908.7,,2.577197064672215,2.34867179010218,4.925868854774395,1.0,673.0,1.0,513.0,-0.026795604395604397,-0.3317267307133083,,,0.7671,0.768,0.495
20260702,14356.0379,14398.2882,14506.7992,14247.4448,110747.0,-3003.0,115980.0,1.0,0.0,648.0,0.0,2.0,-1.0,1039.0,-2055.0,14411.44298,14888.42933,15134.833385,-476.986350000001,-723.3904050000019,14979.55952111111,15290.81237133333,172530.1,,2.635964410428306,2.340838057186585,4.976802467614892,1.0,648.0,1.0,-1016.0,-0.027115858668857847,-0.3344124708995071,,,0.7671,0.736,0.49
20260703,14521.8772,14398.236,14602.0535,14331.9248,110464.0,-283.0,105701.0,1.0,0.0,674.0,0.0,2.0,-1.0,998.0,-2090.0,14453.55632,14789.97672,15081.093085,-336.4204000000009,-627.5367650000007,14914.75596753968,15241.53607716666,170960.2,,2.677259397731104,2.340838057186585,5.01809745491769,1.0,674.0,1.0,-1092.0,-0.0025619206257242177,-0.3453802650779866,,,0.6986,0.6867,0.477
