,收盘价,开盘价,最高价,最低价,持仓量,持仓量变动,成交量,家人多头席位数,家人空头席位数,家人多头持仓量,家人空头持仓量,机构多头席位数,机构空头席位数,机构多头持仓量,机构空头持仓量,ma5,ma10,ma20,diff5_10,diff5_20,DKX,MADKX,成交量MA10,成交量放大信号,IV上涨信号,ATRMA14,ATR60D60pct,推荐止损宽度,家人净多头席位,家人净多头持仓量,机构净多头席位,机构净多头持仓量,持仓量变幅,CB_index,IV,IV_pct,趋势横截面分位数,趋势历史分位数,CB_index历史分位数
20240506,2233.0425,2124.3018,2233.3706,2122.6218,1044835.0,51697.0,1127458.0,2.0,-4.0,347.0,-24892.0,2.0,-1.0,23825.0,-18668.0,2221.02056,2155.12261,2016.763285,65.89795000000004,204.2572750000002,2086.793369047619,1978.740077865079,2124997.7,,,3.977232165243453,3.257726515680866,7.234958680924318,-2.0,-24545.0,1.0,5157.0,0.04947862581173104,0.6976127651453915,,,0.7123,0.884,0.494
20240507,2199.803,2237.5522,2270.2185,2180.0869,1070361.0,25526.0,1746056.0,2.0,-4.0,2197.0,-22751.0,2.0,-1.0,15031.0,-22673.0,2212.757,2170.48953,2037.013505,42.26747000000023,175.7434950000004,2106.269608412699,2002.274494888889,2001926.6,,,4.059231189108484,3.374026956173671,7.433258145282155,-2.0,-20554.0,1.0,-7642.0,0.023848028842605437,0.5370327847443465,,,0.7123,0.8973,0.47
20240508,2161.5251,2188.9619,2209.4375,2148.2012,1072245.0,1884.0,1673038.0,2.0,-4.0,1329.0,-23520.0,2.0,-1.0,19552.0,-21787.0,2192.80498,2179.38406,2054.638304999999,13.42092000000002,138.1666750000004,2119.609366349206,2024.992188460317,1901819.3,,,4.11162969273734,3.257726515680866,7.369356208418206,-2.0,-22191.0,1.0,-2235.0,0.0017570611194269966,0.5502854454835683,,,0.6986,0.8973,0.47
20240509,2185.1055,2166.1282,2200.0269,2152.4092,1074613.0,2368.0,1475617.0,2.0,-4.0,0.0,-24358.0,2.0,-1.0,22296.0,-18900.0,2185.82784,2185.83477,2070.32206,-0.006930000000011205,115.50578,2132.035701111111,2046.571591103174,1817272.2,,,4.108324815003209,3.257726515680866,7.366051330684075,-2.0,-24358.0,1.0,3396.0,0.002203583987910066,0.5271243702208239,,,0.6575,0.8987,0.467
20240510,2147.4075,2197.28,2223.5505,2131.686,1040969.0,-33644.0,1638963.0,2.0,-4.0,1110.0,-16667.0,2.0,-1.0,17000.0,-22530.0,2185.37672,2192.12625,2082.778725,-6.74953000000005,102.5979950000001,2141.62834873016,2066.9676585,1806749.8,,,4.179041136334455,3.374026956173671,7.553068092508125,-2.0,-15557.0,1.0,-5530.0,-0.032319886567227264,0.3357120250672812,,,0.8904,0.976,0.429
20240513,2190.311,2143.0537,2191.8098,2132.2451,1048421.0,7452.0,1305370.0,1.0,-4.0,1630.0,-20540.0,2.0,-1.0,30469.0,-21887.0,2176.83042,2198.92549,2095.877875,-22.09506999999985,80.95254500000055,2150.809409761905,2086.099236349207,1748572.3,,,3.86796619398671,3.257726515680866,7.125692709667576,-3.0,-18910.0,1.0,8582.0,0.007107831682120065,0.2798168745093185,,,0.8493,0.9707,0.42
20240514,2112.0339,2187.3779,2188.9155,2108.2461,1019395.0,-29026.0,1572722.0,3.0,-2.0,3992.0,-3292.0,1.0,-2.0,7169.0,-32505.0,2159.2766,2186.0168,2107.17318,-26.74020000000064,52.10341999999946,2155.06417484127,2102.743303277778,1631444.1,,,3.791318580385553,3.374026956173671,7.165345536559224,1.0,700.0,-1.0,-25336.0,-0.02847375158795168,0.2134591101829487,,,0.8493,0.9853,0.411
20240515,2115.0923,2108.2761,2123.175,2074.4346,1007219.0,-12176.0,1301239.0,2.0,-3.0,2572.0,-5964.0,2.0,-2.0,19470.0,-29121.0,2149.99004,2171.39751,2118.19117,-21.4074700000001,31.79887000000008,2155.398842936508,2116.249969579365,1514047.1,,,3.65308737290831,3.374026956173671,7.02711432908198,-1.0,-3392.0,0.0,-9651.0,-0.012088731447679205,0.217577429166565,,,0.8356,0.9867,0.411
20240516,2139.4243,2112.8857,2146.9248,2092.3105,1010105.0,2886.0,1167922.0,2.0,-4.0,2016.0,-16412.0,2.0,-2.0,20485.0,-26232.0,2140.8538,2163.34082,2129.654395,-22.48702000000003,11.19940499999939,2156.895036587301,2127.152614722222,1465936.8,,,3.608402866265654,3.374026956173671,6.982429822439325,-2.0,-14396.0,0.0,-5747.0,0.0028571287143415785,0.1755342952606115,,,0.863,0.9667,0.406
20240517,2273.6509,2149.0386,2276.3987,2136.2795,1080920.0,70815.0,2240402.0,1.0,-4.0,0.0,-26733.0,2.0,-1.0,34735.0,-20350.0,2166.10248,2175.7396,2149.38081,-9.637119999999868,16.7216699999999,2166.755986666667,2137.125984444445,1524878.7,2688482.4,0.47012,3.774468892547728,3.505973811402448,7.280442703950176,-3.0,-26733.0,1.0,14385.0,0.06551363653184325,0.4683051795807624,,,0.8356,0.9587,0.454
20240520,2351.1965,2279.7742,2360.8032,2263.5569,1065873.0,-15047.0,1970206.0,1.0,-4.0,144.0,-26489.0,2.0,-1.0,27484.0,-19008.0,2198.27958,2187.555,2171.338805,10.72458000000006,26.94077499999958,2183.762358571429,2146.822883396826,1609153.5,2364247.2,0.47633,3.666190819040446,3.505973811402448,7.172164630442893,-3.0,-26345.0,1.0,8476.0,-0.01411706647977761,0.7420226279189327,,,0.8356,0.9573,0.497
20240521,2336.3943,2335.5701,2366.3718,2288.5735,1045853.0,-20020.0,1558303.0,1.0,-4.0,0.0,-28307.0,2.0,-1.0,32694.0,-14870.0,2243.15166,2201.21413,2185.85183,41.93753000000015,57.29983000000038,2200.053724603174,2156.201295015873,1590378.2,,,3.630964243162968,3.505973811402448,7.136938054565416,-3.0,-28307.0,1.0,17824.0,-0.01914226951588799,0.7136119502266445,,,0.8356,0.9267,0.495
20240522,2403.5576,2345.8704,2421.6428,2337.321,1080060.0,34207.0,2210132.0,1.0,-4.0,0.0,-27462.0,2.0,-1.0,20392.0,-12716.0,2300.84472,2225.41738,2202.40072,75.42734000000019,98.44399999999996,2219.767631984127,2166.217121579365,1644087.6,2652158.4,,3.652653141314703,3.513489821770496,7.1661429630852,-3.0,-27462.0,1.0,7676.0,0.031671388626557787,0.4289898307557685,,,0.8493,0.9213,0.443
20240523,2350.4851,2386.0442,2398.2168,2315.7761,1063645.0,-16415.0,1891249.0,2.0,-4.0,0.0,-27192.0,2.0,-1.0,30085.0,-14249.0,2343.05688,2241.95534,2213.895055,101.1015400000001,129.1618250000001,2235.440613571429,2176.557612825397,1685650.8,,,3.637218907722755,3.527848090628483,7.165066998351238,-2.0,-27192.0,1.0,15836.0,-0.015432780674003074,0.4676440547643126,,,0.8356,0.9213,0.45
20240524,2369.8333,2374.7195,2402.0107,2348.1362,1065162.0,1517.0,1846305.0,1.0,-4.0,0.0,-24773.0,2.0,-1.0,26198.0,-26588.0,2362.29336,2264.19792,2228.162085,98.0954399999996,134.1312749999997,2250.851224444445,2187.479900396826,1706385.0,,,3.439841975351127,3.527848090628483,6.96769006597961,-3.0,-24773.0,1.0,-390.0,0.001424196507197966,0.5591291698940174,,,0.8219,0.9213,0.468
20240527,2409.2537,2380.0918,2436.678,2362.4067,1105576.0,40414.0,1700436.0,2.0,-3.0,2889.0,-19299.0,1.0,-2.0,9674.0,-40174.0,2373.9048,2286.09219,2242.50884,87.81260999999995,131.3959599999998,2267.493522380952,2199.14831165873,1745891.6,,,3.366724603507128,3.513489821770496,6.880214425277625,-1.0,-16410.0,-1.0,-30500.0,0.036554700897993446,0.648459848034071,,,0.6712,0.696,0.482
20240528,2335.3096,2399.2104,2408.0918,2331.6152,1079427.0,-26149.0,1426255.0,2.0,-3.0,3962.0,-17640.0,1.0,-2.0,4733.0,-52045.0,2373.68786,2308.41976,2247.21828,65.26810000000023,126.46958,2279.139548730159,2211.555849047619,1731244.9,,,3.399989637144143,3.513489821770496,6.91347945891464,-1.0,-13678.0,-1.0,-47312.0,-0.024224889686843113,0.3309075207588275,,,0.6301,0.6747,0.421
20240529,2404.2974,2340.3074,2405.2793,2307.8052,1065553.0,-13874.0,1447734.0,2.0,-3.0,2726.0,-17478.0,2.0,-2.0,15648.0,-34144.0,2373.83582,2337.34027,2254.36889,36.49555000000009,119.4669299999996,2292.107798174603,2225.226744571429,1745894.4,,,3.532758031049631,3.527848090628483,7.060606121678113,-1.0,-14752.0,0.0,-18496.0,-0.01302046918360701,0.4721218626601637,,,0.589,0.6427,0.451
20240530,2319.1541,2415.6416,2417.7258,2311.2109,1032493.0,-33060.0,1485830.0,3.0,-1.0,11143.0,0.0,1.0,-3.0,0.0,-47580.0,2367.56962,2355.31325,2259.327035,12.25636999999961,108.2425849999995,2301.790606428571,2239.716301555555,1777685.2,,,3.55948805222449,3.570493853616094,7.129981905840584,2.0,11143.0,-2.0,-47580.0,-0.032019587541997865,0.4193112990192763,,,0.5616,0.596,0.438
20240531,2279.6404,2310.7729,2343.5789,2269.7856,1015714.0,-16779.0,1311942.0,3.0,-2.0,7725.0,-721.0,1.0,-2.0,8634.0,-43768.0,2349.53104,2355.9122,2265.8259,-6.381159999999454,83.70514000000048,2304.863900079365,2253.527092896825,1684839.2,,,3.593802222564715,3.570493853616094,7.164296076180809,1.0,7004.0,-1.0,-35134.0,-0.016519413929511655,0.3618680350064281,,,0.5616,0.568,0.424
20240603,2175.4475,2288.6748,2301.5339,2172.395,971313.0,-44401.0,1742458.0,3.0,-1.0,14892.0,0.0,1.0,-2.0,18732.0,-35021.0,2302.7698,2338.3373,2262.94615,-35.56750000000011,39.82364999999982,2300.313076031746,2265.182164642857,1662064.4,,,3.732646737318039,3.603142891364847,7.335789628682885,2.0,14892.0,-1.0,-16289.0,-0.04571235018989759,0.4057399022881717,,,0.589,0.5947,0.432
20240604,2208.8281,2185.5457,2222.4517,2164.0881,989319.0,18006.0,1315290.0,3.0,-1.0,13908.0,0.0,1.0,-2.0,7860.0,-41912.0,2277.4735,2325.58068,2263.397405,-48.10717999999997,14.0760949999999,2294.483281904761,2274.625120373016,1637763.1,,,3.751574553577422,3.527848090628483,7.279422644205905,2.0,13908.0,-1.0,-34052.0,0.018200398455907547,0.46574777874337,,,0.5068,0.632,0.446
20240605,2169.8828,2194.4089,2209.7344,2152.7595,987825.0,-1494.0,1485612.0,4.0,0.0,36116.0,0.0,1.0,-2.0,10471.0,-49256.0,2230.59058,2302.2132,2263.81529,-71.62261999999964,-33.22470999999996,2286.102371587302,2281.258594333333,1565311.1,,,3.755335103329163,3.527848090628483,7.283183193957646,4.0,36116.0,-1.0,-38785.0,-0.0015124136360185256,0.4021184794476446,,,0.4247,0.628,0.43
20240606,2200.8987,2184.2861,2201.8164,2155.6829,1002626.0,14801.0,1359208.0,3.0,-1.0,16025.0,0.0,1.0,-2.0,6204.0,-37569.0,2206.9395,2287.25456,2264.60495,-80.3150599999999,-57.66544999999951,2279.264217619047,2285.640954738095,1512107.0,,0.4393,3.472940149669469,3.527848090628483,7.000788240297951,2.0,16025.0,-1.0,-31365.0,0.014762234372537717,0.3974878353033748,,,0.3425,0.6107,0.427
20240607,2192.0549,2205.3542,2281.6282,2173.6936,948452.0,-54174.0,1963418.0,3.0,-1.0,16154.0,0.0,1.0,-3.0,0.0,-41751.0,2189.4224,2269.47672,2266.83732,-80.05431999999928,-77.41491999999926,2273.642168571429,2287.920049150794,1523818.3,2356101.6,0.4394149999999999,3.523368305821446,3.603142891364847,7.126511197186293,2.0,16154.0,-2.0,-41751.0,-0.057118335983265364,0.5770007665120613,,,0.3014,0.5493,0.468
20240611,2140.9373,2189.7034,2209.6084,2127.5154,973820.0,25368.0,1022331.0,3.0,0.0,19335.0,0.0,1.0,-2.0,7871.0,-45472.0,2182.52036,2242.64508,2264.368635,-60.12472000000025,-81.84827499999983,2263.573305,2287.528027412699,1456007.8,,,3.558354278148301,3.603142891364847,7.161497169513148,3.0,19335.0,-1.0,-37601.0,0.026049988704277997,0.4268543592407577,,,0.3425,0.5707,0.436
20240612,2147.8281,2138.5437,2166.6748,2125.8955,993638.0,19818.0,1095582.0,3.0,-1.0,17795.0,0.0,1.0,-2.0,8744.0,-36288.0,2170.32036,2223.89693,2266.158345,-53.57656999999972,-95.83798500000012,2252.138538015873,2284.82792634127,1422940.5,,,3.446792315545515,3.603142891364847,7.049935206910362,2.0,17795.0,-1.0,-27544.0,0.019944889386275484,0.4180852463200341,,,0.7534,0.8827,0.434
20240613,2122.71,2164.2803,2168.4814,2095.0144,1029705.0,36067.0,1264797.0,4.0,0.0,30787.0,0.0,1.0,-2.0,11197.0,-41342.0,2160.8858,2195.73819,2266.53923,-34.85239000000001,-105.6534300000003,2239.220763730159,2279.539222896825,1404646.8,,,3.426257464323879,3.603142891364847,7.029400355688726,4.0,30787.0,-1.0,-30145.0,0.03502653672653818,0.1523463075681369,,,0.3699,0.56,0.385
20240614,2131.4128,2125.1223,2149.8545,2094.717,1031298.0,1593.0,1377136.0,3.0,-1.0,22066.0,0.0,1.0,-2.0,6799.0,-43198.0,2146.98862,2176.96406,2266.138655,-29.97544000000016,-119.1500349999997,2225.518421269842,2271.912004380953,1393777.4,,,3.456451472347057,3.527848090628483,6.984299562975539,2.0,22066.0,-1.0,-36399.0,0.0015446553760406789,0.0715707752865547,,,0.3014,0.5227,0.375
20240617,2097.0278,2135.9934,2149.3701,2083.1738,1058684.0,27386.0,1585560.0,4.0,0.0,53254.0,0.0,1.0,-3.0,0.0,-55256.0,2127.9832,2158.7028,2257.3075,-30.7195999999999,-129.3242999999998,2210.586314761904,2262.484245849206,1421139.2,,,3.465236917728175,3.527848090628483,6.993085008356657,4.0,53254.0,-2.0,-55256.0,0.02586796437841698,0.1718166781118021,,,0.3151,0.508,0.387
20240618,2057.7043,2089.218,2120.2495,2053.9958,1065022.0,6338.0,1476359.0,4.0,0.0,44578.0,0.0,0.0,-3.0,0.0,-75001.0,2111.3366,2146.92848,2242.63289,-35.59187999999995,-131.2962899999998,2193.081206111111,2251.761058857143,1394529.3,,,3.459477557300788,3.527848090628483,6.98732564792927,4.0,44578.0,-3.0,-75001.0,0.005951050776415886,0.1062151271606808,,,0.2603,0.492,0.376
20240619,2056.1033,2053.7322,2069.0566,2040.2405,1067841.0,2819.0,1032967.0,4.0,0.0,36496.0,0.0,1.0,-2.0,5932.0,-50080.0,2092.99164,2131.656,2228.61834,-38.66435999999976,-135.6266999999998,2174.472520952381,2239.759982761905,1366297.0,,,3.272635991684925,3.513489821770496,6.786125813455422,4.0,36496.0,-1.0,-44148.0,0.002639906128346823,0.129144263643184,,,0.2192,0.4613,0.381
20240620,2102.0403,2060.3545,2107.9539,2046.3889,1069815.0,1974.0,1228740.0,4.0,-1.0,20010.0,0.0,1.0,-2.0,2373.0,-46739.0,2088.8577,2124.87175,2213.542475,-36.01405000000022,-124.6847749999997,2160.793674365079,2227.229113039682,1340609.8,,,3.146833498100686,3.505973811402448,6.652807309503133,3.0,20010.0,-1.0,-44366.0,0.001845178839332034,0.0871506724041134,,,0.1781,0.4387,0.374
20240621,2094.635,2103.1143,2153.9153,2087.8398,1035689.0,-34126.0,1655859.0,3.0,0.0,19266.0,0.0,0.0,-3.0,0.0,-60196.0,2081.50214,2114.24538,2200.74997,-32.74323999999979,-119.2478299999998,2149.676019047619,2214.27029318254,1370274.9,1987030.8,,3.140491872853532,3.477296223036455,6.617788095889987,3.0,19266.0,-3.0,-60196.0,-0.03295004581491162,0.0129050925003867,,,0.1781,0.3387,0.354
20240624,2011.0212,2089.8594,2101.7163,2007.9685,1066004.0,30315.0,1423160.0,4.0,0.0,40959.0,0.0,0.0,-3.0,0.0,-82313.0,2064.30082,2096.14201,2182.809365,-31.84119000000055,-118.5085450000001,2133.603266190476,2200.266402944445,1316249.1,,,3.038829681330807,3.505973811402448,6.544803492733255,4.0,40959.0,-3.0,-82313.0,0.028437979594823283,-0.1391904262169811,,,0.1781,0.3293,0.335
20240625,2011.1178,2014.2378,2017.1597,1990.3694,1078793.0,12789.0,974144.0,4.0,0.0,40056.0,0.0,0.0,-3.0,0.0,-73392.0,2054.98352,2083.16006,2162.90257,-28.17653999999993,-107.91905,2116.718107460317,2185.580883190476,1311430.4,,,2.952271710333459,3.481529964432041,6.433801674765499,4.0,40056.0,-3.0,-73392.0,0.01185491563256343,-0.0743308368657162,,,0.1781,0.3293,0.344
20240626,2054.3359,2010.792,2056.3296,2000.4855,1066918.0,-11875.0,1086978.0,4.0,0.0,30158.0,0.0,0.0,-3.0,0.0,-60296.0,2054.63004,2073.81084,2148.853885,-19.18080000000009,-94.22384499999998,2103.835738650794,2170.750603253969,1310570.0,,,2.960023144119464,3.481529964432041,6.441553108551505,4.0,30158.0,-3.0,-60296.0,-0.011130189948993268,-0.0838103730779778,,,0.2192,0.328,0.341
20240627,2007.7013,2050.6106,2053.6797,2001.9642,1086513.0,19595.0,1071867.0,4.0,0.0,34822.0,0.0,0.0,-3.0,0.0,-78709.0,2035.76224,2062.30997,2129.02408,-26.54772999999977,-93.26184000000012,2091.396476269841,2155.968174507937,1291277.0,,,3.000934079639012,3.382306904576749,6.383240984215761,4.0,34822.0,-3.0,-78709.0,0.01803475890302279,-0.2066492324854784,,,0.2192,0.3293,0.321
20240628,2079.8232,2014.019,2082.4324,2006.9042,1070320.0,-16193.0,1260034.0,3.0,-1.0,9954.0,-2109.0,0.0,-3.0,0.0,-49492.0,2032.79988,2057.15101,2117.057535,-24.35113000000001,-84.25765499999989,2083.953498650793,2141.811682246032,1279566.8,,0.409285,2.901195110736667,3.481529964432041,6.382725075168707,2.0,7845.0,-3.0,-49492.0,-0.015129120263098886,-0.2009050401565199,,,0.2466,0.3267,0.321
20240701,2108.429,2081.1836,2136.2905,2066.2161,1074787.0,4467.0,1898023.0,4.0,-1.0,19568.0,-338.0,0.0,-3.0,0.0,-47524.0,2052.28144,2058.29113,2108.496965,-6.009690000000319,-56.21552500000007,2082.099923650794,2128.963043134921,1310813.1,2277627.6,0.4238899999999999,2.863111372747781,3.481529964432041,6.344641337179821,3.0,19230.0,-3.0,-47524.0,0.004156172339263501,-0.1146539161586209,,,0.2603,0.3267,0.338
20240702,2162.2126,2102.2034,2162.9014,2102.1626,1112929.0,38142.0,1484560.0,2.0,-3.0,5603.0,-15098.0,0.0,-3.0,0.0,-40641.0,2082.5004,2068.74196,2107.83522,13.75844000000006,-25.33482000000004,2084.638233571429,2118.118745880952,1311633.2,,,2.930294048470019,3.382306904576749,6.312600953046768,-1.0,-9495.0,-3.0,-40641.0,0.03427172802577703,-0.0061610821616649,,,0.3425,0.4267,0.352
20240703,2193.1152,2168.9297,2194.0789,2143.3127,1133401.0,20472.0,1403287.0,3.0,-3.0,5760.0,-14800.0,1.0,-3.0,0.0,-46769.0,2110.25626,2082.44315,2107.049575,27.8131099999996,3.206684999999652,2091.538173015874,2109.825311087302,1348665.2,,,2.84538935708887,3.382306904576749,6.227696261665619,0.0,-9040.0,-2.0,-46769.0,0.018062450977191655,0.1883350182069045,,,0.3288,0.4427,0.388
20240704,2175.5298,2185.9797,2205.1052,2158.0852,1145799.0,12398.0,1436196.0,3.0,-3.0,5632.0,-14317.0,0.0,-3.0,0.0,-40264.0,2143.82196,2089.7921,2107.331925,54.0298600000001,36.49003499999981,2098.170782142857,2103.563021865079,1369410.8,,,2.813302589586679,3.382306904576749,6.195609494163428,0.0,-8685.0,-3.0,-40264.0,0.01082039694571212,-0.0617952951687275,,,0.3562,0.4613,0.343
20240705,2095.2903,2175.9087,2188.4641,2091.9709,1103914.0,-41885.0,1649957.0,4.0,0.0,15814.0,0.0,0.0,-3.0,0.0,-57624.0,2146.91538,2089.85763,2102.051505,57.05774999999994,44.86387500000001,2099.65689420635,2098.561109380953,1368820.6,1979948.4,,2.917194265538002,3.382306904576749,6.299501170114752,4.0,15814.0,-3.0,-57624.0,-0.037942267241832243,0.0050769156603324,,,0.3699,0.4813,0.352
20240708,2024.2249,2100.3669,2103.4492,2018.833,1128758.0,24844.0,1877569.0,4.0,0.0,36303.0,0.0,1.0,-3.0,0.0,-58270.0,2130.07456,2091.178,2093.660005,38.89656000000014,36.41455499999984,2094.681451190476,2094.668927880953,1414261.5,2253082.8,,2.98347969763398,3.495305534152692,6.478785231786672,4.0,36303.0,-2.0,-58270.0,0.022010032265552048,-0.3101022301995123,,,0.4521,0.524,0.308
20240709,2033.9495,2027.8801,2047.9814,2007.0327,1173432.0,44674.0,1377816.0,4.0,0.0,35209.0,0.0,0.0,-3.0,0.0,-78054.0,2104.42194,2093.46117,2088.310615,10.96077000000014,16.11132499999985,2088.228367936508,2091.819953928572,1454628.7,,,3.027363233398368,3.495305534152692,6.52266876755106,4.0,35209.0,-3.0,-78054.0,0.038071230373809474,-0.1874333736620184,,,0.4795,0.536,0.318
20240710,1942.8079,2038.0302,2038.3921,1937.3591,1195367.0,21935.0,1859140.0,4.0,0.0,46084.0,-159.0,0.0,-3.0,0.0,-84903.0,2054.36048,2082.30837,2078.059605,-27.94788999999946,-23.69912499999964,2077.116520079364,2089.148032071428,1531844.9,2230968.0,,3.180112931300841,3.580646863346508,6.760759794647349,4.0,45925.0,-3.0,-84903.0,0.018350013008557205,-0.2954557916606855,,,0.4932,0.5453,0.307
20240711,1950.0426,1950.6431,1968.0183,1923.264,1192722.0,-2645.0,1429971.0,3.0,-1.0,34725.0,-2722.0,0.0,-3.0,0.0,-82132.0,2009.26304,2076.5425,2069.426235,-67.27945999999974,-60.16319499999963,2064.400692460317,2086.448453690477,1567655.3,,,3.122146797647936,3.580646863346508,6.702793660994445,2.0,32003.0,-3.0,-82132.0,-0.002217616510804697,-0.4452213939373472,,,0.5205,0.5947,0.297
20240712,1960.2272,1954.746,1973.5575,1933.3749,1209376.0,16654.0,1461037.0,4.0,-1.0,35205.0,-5122.0,0.0,-3.0,0.0,-86320.0,1982.25042,2064.5829,2060.866955,-82.33248000000049,-78.61653500000011,2053.453948015873,2083.398498626984,1587755.6,,0.3989349999999999,2.941655514121435,3.580646863346508,6.522302377467943,3.0,30083.0,-3.0,-86320.0,0.013770737967348451,-0.3533319453258901,,,0.5616,0.6413,0.304
20240715,1954.0311,1959.1476,1991.6393,1915.4769,1230538.0,21162.0,2217962.0,4.0,0.0,49710.0,0.0,0.0,-3.0,0.0,-77129.0,1968.21166,2049.14311,2053.71712,-80.93144999999981,-85.50546000000008,2043.132528650794,2079.501759126984,1619749.5,2661554.4,,3.119276732233204,3.672728105779069,6.792004838012273,4.0,49710.0,-3.0,-77129.0,0.017197355953249716,-0.0122401982003718,,,0.5479,0.6653,0.349
20240716,1930.6028,1943.0437,1949.6013,1914.3403,1257520.0,26982.0,1386441.0,4.0,0.0,52637.0,0.0,0.0,-3.0,0.0,-95079.0,1947.54232,2025.98213,2047.362045,-78.43980999999985,-99.81972499999983,2031.305914920635,2074.168527261905,1609937.6,,0.40457,3.076318707163875,3.672728105779069,6.749046812942944,4.0,52637.0,-3.0,-95079.0,0.02145651759017749,0.0209426847218918,,,0.7534,0.8867,0.354
20240717,1919.1633,1923.7456,1956.9624,1893.5389,1276349.0,18829.0,1863137.0,4.0,0.0,47314.0,0.0,0.0,-3.0,0.0,-109234.0,1942.8134,1998.58694,2040.515045,-55.77354000000014,-97.70164500000033,2018.939409126984,2066.908650873016,1655922.6,,,3.124603939955464,3.580646863346508,6.705250803301972,4.0,47314.0,-3.0,-109234.0,0.014752234694429189,-0.0070831770414472,,,0.589,0.6787,0.348
20240718,1936.0209,1925.2815,1940.0354,1897.429,1278062.0,1713.0,1510175.0,4.0,0.0,46801.0,0.0,0.0,-3.0,0.0,-95047.0,1940.00906,1974.63605,2032.214075,-34.62698999999998,-92.20501500000046,2008.126297936508,2057.904202452381,1663320.5,,0.40618,3.024452805234799,3.495305534152692,6.51975833938749,4.0,46801.0,-3.0,-95047.0,0.0013403105639632506,0.0662127641237947,,,0.5342,0.6547,0.366
20240719,1921.5342,1926.2302,1956.8763,1910.0941,1244745.0,-33317.0,1601339.0,4.0,0.0,55287.0,0.0,0.0,-3.0,0.0,-98689.0,1932.27046,1957.26044,2023.559035,-24.98997999999983,-91.28857499999958,1998.19612452381,2047.758125484127,1658458.7,,,2.961898069511395,3.382306904576749,6.344204974088145,4.0,55287.0,-3.0,-98689.0,-0.02676612478861132,0.0584755813185054,,,0.5616,0.6427,0.364
20240722,1881.6953,1915.4045,1934.192,1881.1766,1300369.0,55624.0,1772665.0,4.0,0.0,67729.0,0.0,0.0,-3.0,0.0,-102002.0,1917.8033,1943.00748,2017.09274,-25.20417999999972,-99.28944000000001,1985.654272777777,2036.855407642857,1647968.3,,,2.963994321274249,3.382306904576749,6.346301225850999,4.0,67729.0,-3.0,-102002.0,0.04277555063216672,-0.0805512033569095,,,0.5205,0.6107,0.332
20240723,1845.5298,1876.5796,1887.0587,1844.8904,1316756.0,16387.0,1263160.0,4.0,0.0,61627.0,0.0,1.0,-3.0,0.0,-88510.0,1900.7887,1924.16551,2008.81334,-23.37680999999975,-108.0246399999996,1970.023236825397,2025.034894531746,1636502.7,,,2.970176662068927,3.326666942582014,6.296843604650941,4.0,61627.0,-2.0,-88510.0,0.012444978416654262,-0.2488040197136904,,,0.5616,0.5613,0.306
20240724,1860.5784,1852.1831,1868.2618,1838.787,1290515.0,-26241.0,1016200.0,4.0,0.0,59193.0,0.0,0.0,-3.0,0.0,-84948.0,1889.07172,1915.94256,1999.125465,-26.87084000000004,-110.0537449999999,1955.548323968253,2012.878074920635,1552208.7,,,2.940125745888983,3.323941084908911,6.264066830797894,4.0,59193.0,-3.0,-84948.0,-0.020333742730615296,-0.2368814037736109,,,0.5479,0.5387,0.306
20240725,1845.5851,1866.11,1866.7637,1834.4558,1297844.0,7329.0,1195640.0,4.0,0.0,54643.0,0.0,0.0,-3.0,0.0,-78605.0,1870.98456,1905.49681,1991.019655,-34.51224999999977,-120.035095,1940.883353650794,2000.526341039682,1528775.6,,,2.729640417221465,3.3122629229526,6.041903340174064,4.0,54643.0,-3.0,-78605.0,0.005647057735752525,-0.2103404634388934,,,0.4384,0.5053,0.307
20240726,1822.3168,1844.7177,1875.4635,1821.4192,1350676.0,52832.0,1363710.0,4.0,0.0,72386.0,0.0,0.0,-3.0,0.0,-91156.0,1851.14108,1891.70577,1978.144335,-40.5646899999997,-127.0032550000001,1925.723646507936,1987.753310888889,1519042.9,,0.40963,2.636145209344564,3.3122629229526,5.948408132297164,4.0,72386.0,-3.0,-91156.0,0.03911522822645846,-0.2280439647020199,,,0.3425,0.436,0.305
20240729,1767.8436,1816.6086,1822.194,1755.6077,1377064.0,26388.0,1643084.0,4.0,0.0,67715.0,0.0,0.0,-3.0,0.0,-97915.0,1828.37074,1873.08702,1961.115065,-44.71627999999987,-132.7443250000001,1906.751232698413,1974.115181293651,1461555.1,,,2.759648728337602,3.3122629229526,6.071911651290202,4.0,67715.0,-3.0,-97915.0,0.01916250806062754,-0.3473684031271898,,,0.3288,0.4253,0.294
20240730,1733.621,1770.996,1773.9338,1732.1167,1366620.0,-10444.0,1173263.0,4.0,0.0,66058.0,0.0,0.0,-3.0,0.0,-97159.0,1805.98898,1853.38884,1939.685485,-47.39985999999999,-133.6965049999999,1885.796554126983,1959.564245214286,1440237.3,,,2.556665332170706,3.264134250807634,5.82079958297834,4.0,66058.0,-3.0,-97159.0,-0.007642212173098593,-0.3893806885141741,,,0.3288,0.42,0.29
20240731,1762.0126,1731.3921,1782.1024,1705.1285,1347531.0,-19089.0,2208418.0,4.0,0.0,56487.0,-1627.0,0.0,-3.0,0.0,-89997.0,1786.27582,1837.67377,1918.130355,-51.39795000000004,-131.8545349999997,1867.333561666667,1944.403660468254,1474765.4,2650101.6,,2.698309625793196,3.264134250807634,5.96244387660083,4.0,54860.0,-3.0,-89997.0,-0.014165907871507222,-0.3472500929275509,,,0.3562,0.4187,0.294
20240801,1751.835,1769.627,1803.7166,1736.9565,1389357.0,41826.0,2233967.0,4.0,0.0,77555.0,-865.0,0.0,-3.0,0.0,-117814.0,1767.5258,1819.25518,1896.945615,-51.72938000000022,-129.4198150000002,1851.95458547619,1928.786489222222,1547144.6,2680760.4,,2.822480948800594,3.3122629229526,6.134743871753194,4.0,76690.0,-3.0,-117814.0,0.030104573554529182,-0.3774884910271139,,,0.3014,0.4147,0.289
20240802,1816.453,1749.9127,1819.377,1736.4005,1317663.0,-71694.0,2122479.0,3.0,-1.0,51940.0,-11390.0,0.0,-3.0,0.0,-87812.0,1766.35304,1808.74706,1883.00375,-42.39402000000018,-116.6507099999999,1841.404613095238,1913.107338079365,1599258.6,2546974.8,0.42067,2.863951396576109,3.323941084908911,6.18789248148502,2.0,40550.0,-3.0,-87812.0,-0.05440996673656314,-0.2727135816124766,,,0.5205,0.5587,0.299
20240805,1788.9928,1808.5009,1823.8556,1764.7841,1335466.0,17803.0,2192319.0,3.0,-1.0,63016.0,-7707.0,0.0,-3.0,0.0,-96032.0,1770.58288,1799.47681,1871.242145,-28.89393000000018,-100.6592649999998,1832.218851666666,1897.763795968254,1641224.0,2630782.8,,2.955309816577995,3.3122629229526,6.267572739530594,2.0,55309.0,-3.0,-96032.0,0.013330927181972435,-0.2910419985130779,,,0.4932,0.5373,0.296
20240806,1744.7692,1776.6099,1807.6129,1742.8041,1346990.0,11524.0,2017437.0,4.0,0.0,65803.0,-2041.0,0.0,-3.0,0.0,-108027.0,1772.81252,1789.40075,1856.78313,-16.58823000000007,-83.9706100000003,1821.48053547619,1882.909525833333,1716651.7,,,2.980975032811313,3.323941084908911,6.304916117720224,4.0,63762.0,-3.0,-108027.0,0.008555371606322245,-0.2127390258170222,,,0.4384,0.5013,0.305
20240807,1728.2686,1737.5381,1757.634,1723.5854,1387313.0,40323.0,1687110.0,4.0,0.0,75242.0,0.0,0.0,-3.0,0.0,-120143.0,1766.06372,1776.16977,1846.056165,-10.10604999999987,-79.99244499999986,1809.18955420635,1868.273648857143,1783742.7,,0.425385,2.971617458934825,3.3122629229526,6.283880381887425,4.0,75242.0,-3.0,-120143.0,0.029065538923083688,-0.4983991400331275,,,0.411,0.48,0.273
20240808,1722.8206,1732.6859,1747.532,1710.0518,1385085.0,-2228.0,1636288.0,4.0,0.0,73370.0,0.0,0.0,-3.0,0.0,-113278.0,1760.26084,1763.89332,1834.695065,-3.632479999999759,-74.4342250000002,1797.322329126985,1853.917546404762,1827807.5,,,2.958068685924412,3.3122629229526,6.270331608877012,4.0,73370.0,-3.0,-113278.0,-0.0016085655392990322,-0.6360056955856466,,,0.3973,0.4627,0.253
20240809,1724.5222,1726.4421,1772.3384,1722.5409,1378044.0,-7041.0,1802764.0,4.0,0.0,66443.0,-576.0,0.0,-3.0,0.0,-110210.0,1741.87468,1754.11386,1822.909815,-12.23917999999981,-81.03513500000008,1787.297342222222,1840.07491597619,1871712.9,,0.4289499999999999,2.9638137379449,3.3122629229526,6.2760766608975,4.0,65867.0,-3.0,-110210.0,-0.005109415954788091,-0.3660321808992646,,,0.3836,0.4413,0.287
20240812,1689.7637,1726.1846,1732.926,1671.8995,1415169.0,37125.0,1735829.0,4.0,0.0,62585.0,-843.0,0.0,-3.0,0.0,-92065.0,1722.02886,1746.30587,1809.696445,-24.27701000000025,-87.66758500000014,1775.293773412698,1826.929170047619,1880987.4,,,3.058625541010057,3.3122629229526,6.370888463962658,4.0,61742.0,-3.0,-92065.0,0.026233615914424354,-0.5309756233414256,,,0.3151,0.4013,0.27
20240813,1664.1404,1694.0022,1694.0022,1658.1545,1442475.0,27306.0,1445146.0,4.0,0.0,74275.0,-6460.0,0.0,-3.0,0.0,-85924.0,1705.9031,1739.35781,1796.373325,-33.45470999999998,-90.47022500000003,1761.794622777778,1814.528976912698,1908175.7,,,3.109031561305561,3.303064019830369,6.412095581135929,4.0,67815.0,-3.0,-85924.0,0.018929964124161598,-0.4033561311166034,,,0.2329,0.2747,0.281
20240814,1585.0538,1662.2262,1663.0448,1564.3519,1427307.0,-15168.0,2510481.0,4.0,0.0,53107.0,-4867.0,1.0,-2.0,0.0,-62217.0,1677.26014,1721.66193,1779.66785,-44.40178999999989,-102.4077100000004,1743.248389126984,1802.12045965873,1938382.0,3012577.2,,3.420031952135387,3.303064019830369,6.723095971965757,4.0,48240.0,-1.0,-62217.0,-0.010627005962977831,-0.4204127715199912,,,0.274,0.2893,0.278
20240815,1588.1542,1589.6226,1601.0043,1560.9337,1388801.0,-38506.0,1845392.0,3.0,-1.0,46858.0,-8015.0,1.0,-2.0,0.0,-53326.0,1650.32686,1705.29385,1762.274515,-54.96699000000012,-111.9476549999999,1724.281470079365,1789.353148119048,1899524.5,,,3.395247166841253,3.263011971603611,6.658259138444864,2.0,38843.0,-1.0,-53326.0,-0.02772607450599474,-0.4689018688949907,,,0.2466,0.304,0.273
20240816,1579.1239,1590.7268,1632.6886,1576.7548,1376109.0,-12692.0,2099385.0,4.0,0.0,63923.0,-759.0,0.0,-3.0,0.0,-62906.0,1621.2472,1681.56094,1745.154,-60.31374000000005,-123.9068,1707.379647063492,1775.950651515873,1897215.1,,,3.376956188963677,3.263011971603611,6.639968160567288,4.0,63164.0,-3.0,-62906.0,-0.009223106599840564,-0.6621338351325963,,,0.2466,0.3107,0.246
20240819,1590.653,1575.4391,1607.9008,1557.5046,1358928.0,-17181.0,1965808.0,4.0,0.0,64223.0,-3031.0,0.0,-3.0,0.0,-58986.0,1601.42506,1661.72696,1730.601885,-60.30189999999993,-129.1768249999996,1691.593182142857,1761.888084563492,1874564.0,,,3.433438952387504,3.263011971603611,6.696450923991115,4.0,61192.0,-3.0,-58986.0,-0.012643053936632405,-0.7669834667707002,,,0.1918,0.3147,0.239
20240820,1609.4327,1591.8619,1615.5927,1577.0005,1367716.0,8788.0,1507621.0,4.0,-1.0,62502.0,-5920.0,0.0,-3.0,0.0,-61658.0,1590.48352,1648.19331,1718.79703,-57.70978999999988,-128.31351,1678.653275079365,1747.60535852381,1823582.4,,,3.292907295205786,3.263011971603611,6.555919266809397,3.0,56582.0,-3.0,-61658.0,0.006425310517680571,-0.8592491206412416,,,0.2192,0.3213,0.228
20240821,1639.2202,1615.9802,1639.739,1604.3008,1358975.0,-8741.0,1699761.0,4.0,0.0,63416.0,-3201.0,0.0,-3.0,0.0,-68998.0,1601.3168,1639.28847,1707.72912,-37.9716699999999,-106.4123199999999,1669.753236349206,1733.661726738095,1824847.5,,,3.175259279621971,3.22669584666293,6.401955126284902,4.0,60215.0,-3.0,-68998.0,-0.006432053569786052,-0.9767517871986844,,,0.2055,0.3227,0.214
20240822,1562.6727,1634.3313,1641.0133,1558.0428,1465836.0,106861.0,2114111.0,4.0,0.0,77132.0,0.0,0.0,-3.0,0.0,-99723.0,1596.2205,1623.27368,1693.5835,-27.05318000000011,-97.36300000000006,1657.887884047619,1719.718282230159,1872629.8,,,3.20994067083971,3.22669584666293,6.43663651750264,4.0,77132.0,-3.0,-99723.0,0.07290106123740991,-1.0166272504182146,,,0.2055,0.324,0.205
20240823,1543.5735,1558.1552,1572.1481,1536.0603,1410910.0,-54926.0,1806455.0,4.0,0.0,88231.0,0.0,0.0,-3.0,0.0,-85962.0,1589.11042,1605.17881,1679.646335,-16.06838999999991,-90.53591500000016,1643.84211531746,1705.372759539682,1872998.9,,,3.14418333520248,3.188877572900827,6.333060908103306,4.0,88231.0,-3.0,-85962.0,-0.038929485225847146,-1.1068460065416148,,,0.2055,0.328,0.193
20240826,1577.6522,1547.4625,1580.7917,1529.9365,1407031.0,-3879.0,1951347.0,4.0,0.0,65240.0,-2847.0,0.0,-3.0,0.0,-81343.0,1586.51026,1593.96766,1670.136765,-7.45739999999978,-83.62650499999995,1632.405137777778,1691.083895976191,1894550.7,,0.375475,3.106037685501059,3.188877572900827,6.294915258401886,4.0,62393.0,-3.0,-81343.0,-0.00275686889627876,-1.034573056844883,,,0.2055,0.3293,0.2
20240827,1615.6481,1579.2679,1622.6306,1563.1443,1368857.0,-38174.0,2333546.0,3.0,-1.0,60541.0,-8864.0,1.0,-3.0,0.0,-59907.0,1587.75334,1589.11843,1664.23812,-1.365090000000009,-76.48478,1625.386719761904,1677.443105674603,1983390.7,,,3.233550400716869,3.188877572900827,6.422427973617696,2.0,51677.0,-2.0,-59907.0,-0.027887500301346305,-1.0100315487061975,,,0.2466,0.3307,0.207
20240828,1572.5286,1618.5074,1631.9653,1562.6809,1475284.0,106427.0,2273329.0,4.0,0.0,87867.0,-5950.0,0.0,-3.0,0.0,-89622.0,1574.41502,1587.86591,1654.76392,-13.45089000000007,-80.34890000000019,1617.934459126984,1664.911712674603,1959675.5,,0.380535,3.396196754920226,3.221261714823064,6.61745846974329,4.0,81917.0,-3.0,-89622.0,0.07214000829670762,-1.0136787149485016,,,0.2466,0.3387,0.206
20240829,1598.9005,1565.9409,1612.2101,1555.4626,1440154.0,-35130.0,2141781.0,3.0,-1.0,62729.0,-8717.0,0.0,-3.0,0.0,-57862.0,1581.66058,1588.94054,1647.117195,-7.279960000000074,-65.45661500000006,1611.174046587302,1653.600970325397,1989314.4,,,3.446232895006995,3.254860773843812,6.701093668850807,2.0,54012.0,-3.0,-57862.0,-0.024393224613478835,-1.0512345256494895,,,0.2329,0.34,0.196
20240830,1602.0968,1602.5818,1625.2031,1579.1323,1446377.0,6223.0,2279686.0,4.0,0.0,83343.0,-5918.0,1.0,-3.0,0.0,-88933.0,1593.36524,1591.23783,1636.399385,2.127410000000054,-43.03414499999985,1606.795867460318,1643.542592365079,2007344.5,,,3.392784131933777,3.254860773843812,6.647644905777588,4.0,77425.0,-2.0,-88933.0,0.004302474389457244,-1.3805881050050457,,,0.4384,0.5827,0.151
20240902,1510.5768,1595.3337,1597.7916,1505.9163,1595785.0,149408.0,2388453.0,4.0,0.0,108688.0,0.0,0.0,-3.0,0.0,-130136.0,1579.95016,1583.23021,1622.478585,-3.280050000000301,-42.5284250000002,1597.278648333333,1634.111138984127,2049609.0,,0.399625,3.688351361585534,3.254860773843812,6.943212135429345,4.0,108688.0,-3.0,-130136.0,0.09362664770003477,-1.3726336069200356,,,0.3425,0.5493,0.153
20240903,1506.5308,1507.3846,1520.0133,1486.5712,1593665.0,-2120.0,1710310.0,4.0,0.0,89004.0,0.0,0.0,-3.0,0.0,-112479.0,1558.1267,1572.94002,1610.566665,-14.81331999999998,-52.43996500000003,1585.644182698413,1624.810229746032,2069877.9,,0.399855,3.401204357343906,3.221261714823064,6.62246607216697,4.0,89004.0,-3.0,-112479.0,-0.0013302670260060929,-1.3811188592439456,,,0.274,0.5333,0.151
20240904,1490.188,1503.3424,1524.5879,1480.7317,1578499.0,-15166.0,1812056.0,4.0,0.0,87353.0,0.0,0.0,-3.0,0.0,-90583.0,1541.65858,1558.0368,1598.662635,-16.37822000000006,-57.00405500000011,1574.305857460317,1615.265491857143,2081107.4,,0.403995,3.433558992028191,3.221261714823064,6.654820706851255,4.0,87353.0,-3.0,-90583.0,-0.00960786164577868,-1.2577456309077335,,,0.2466,0.524,0.169
20240905,1437.5708,1497.2595,1505.8734,1432.1589,1618200.0,39701.0,1964711.0,4.0,0.0,84031.0,0.0,0.0,-3.0,0.0,-101753.0,1509.39264,1545.52661,1584.400145,-36.13397000000009,-75.00750500000004,1560.45312936508,1605.522016388889,2066167.4,,0.411585,3.537144825944139,3.221261714823064,6.758406540767203,4.0,84031.0,-3.0,-101753.0,0.02453405017921147,-1.1370520255798926,,,0.2055,0.4987,0.176
20240906,1434.559,1462.5706,1462.9545,1418.1881,1599827.0,-18373.0,1890756.0,4.0,0.0,76913.0,0.0,0.0,-3.0,0.0,-98994.0,1475.88508,1534.62516,1569.901985,-58.74008000000003,-94.01690499999995,1546.52911468254,1595.790716325397,2074597.5,,0.4168749999999999,3.536644718107044,3.221261714823064,6.757906432930108,4.0,76913.0,-3.0,-98994.0,-0.011484366747154535,-1.1682268924645962,,,0.1781,0.46,0.173
20240909,1397.9781,1436.4921,1438.5321,1376.2327,1632358.0,32531.0,2229177.0,4.0,0.0,79347.0,0.0,1.0,-3.0,0.0,-84252.0,1453.36534,1516.65775,1555.312705,-63.29241000000002,-101.9473649999998,1530.573281587302,1585.607530706349,2102380.5,,0.428835,3.681763559234325,3.254860773843812,6.936624333078137,4.0,79347.0,-2.0,-84252.0,0.019928839139453477,-1.1741674059196283,,,0.1507,0.4253,0.171
20240910,1365.8685,1403.7809,1415.6621,1363.7202,1694489.0,62131.0,1937355.0,4.0,0.0,90120.0,0.0,0.0,-3.0,0.0,-111074.0,1425.23288,1491.67979,1540.39911,-66.44691000000012,-115.1662299999998,1513.610782142857,1574.429936944444,2062761.4,,0.4418299999999999,3.80698712639676,3.303064019830369,7.110051146227129,4.0,90120.0,-3.0,-111074.0,0.03666651126091701,-1.0078415341538276,,,0.0822,0.172,0.209
20240911,1416.188,1365.8234,1419.9286,1345.829,1630307.0,-64182.0,2536876.0,4.0,0.0,70272.0,0.0,0.0,-3.0,0.0,-74552.0,1410.43288,1476.04573,1531.95582,-65.61285000000021,-121.5229400000003,1499.226241428572,1562.559115174603,2089116.1,3044251.2,,3.791352250912234,3.3122629229526,7.103615173864833,4.0,70272.0,-3.0,-74552.0,-0.03936804540494521,-1.258259487994223,,,0.1096,0.1667,0.164
20240912,1392.9758,1415.7827,1417.6039,1361.8219,1714343.0,84036.0,2806085.0,4.0,0.0,81797.0,0.0,0.0,-3.0,0.0,-96524.0,1401.51388,1455.45326,1522.1969,-53.9393799999998,-120.6830200000002,1485.841075476191,1550.025818063492,2155546.5,3367302.0,0.449305,3.912790040107533,3.410952883205927,7.32374292331346,4.0,81797.0,-3.0,-96524.0,0.04901936193632196,-1.145845778072443,,,0.137,0.16,0.174
20240913,1359.7137,1395.8892,1406.4063,1354.5276,1702701.0,-11642.0,2123714.0,4.0,0.0,103425.0,0.0,0.0,-3.0,0.0,-123555.0,1386.54482,1431.21495,1511.22639,-44.67012999999997,-124.6815700000002,1471.324949365079,1536.478726253968,2139949.3,,0.462875,3.958927070532471,3.544909865043844,7.503836935576315,4.0,103425.0,-3.0,-123555.0,-0.006837371916736996,-1.2041006006603556,,,0.1233,0.1533,0.168
20240918,1365.3376,1354.0474,1382.6062,1326.8147,1727748.0,25047.0,1987616.0,3.0,-1.0,79062.0,-4536.0,0.0,-3.0,0.0,-84665.0,1380.01672,1416.69103,1499.96062,-36.67430999999988,-119.9439,1456.492133174603,1522.400074738095,2099865.6,,,3.989315834868425,3.544909865043844,7.53422569991227,2.0,74526.0,-3.0,-84665.0,0.01449690579876232,-0.9550693953037632,,,0.0548,0.0733,0.215
20240919,1385.5244,1366.7015,1402.2058,1341.2217,1770717.0,42969.0,2600300.0,4.0,0.0,78644.0,0.0,0.0,-3.0,0.0,-74912.0,1383.9479,1404.59039,1488.765205,-20.64248999999995,-104.8173049999998,1444.482693809524,1508.283925849206,2188864.6,,0.4735699999999999,3.985170002492301,3.574110803088164,7.559280805580464,4.0,78644.0,-3.0,-74912.0,0.024266441221267993,-1.021629038008372,,,0.0137,0.0747,0.199
20240920,1348.7246,1382.2117,1390.8774,1342.1553,1819029.0,48312.0,1876881.0,4.0,0.0,93791.0,0.0,0.0,-3.0,0.0,-126710.0,1370.45522,1390.44405,1474.240425,-19.98883000000001,-103.7852049999999,1432.256231587301,1494.078963261905,2195347.1,,0.4737999999999999,3.994885957102201,3.61190719851857,7.606793155620771,4.0,93791.0,-3.0,-126710.0,0.026559224729237413,-0.9231083511579944,,,0.0548,0.076,0.218
20240923,1368.5293,1347.4576,1386.6642,1336.7588,1774695.0,-44334.0,2236161.0,4.0,0.0,82612.0,0.0,0.0,-3.0,0.0,-98681.0,1365.56592,1383.5399,1464.533255,-17.97397999999998,-98.96733499999982,1421.191763174603,1480.152826642857,2222492.1,,,4.061443988511904,3.620063222674678,7.681507211186582,4.0,82612.0,-3.0,-98681.0,-0.02498119395163676,-0.9517703312427384,,,0.0548,0.0773,0.214
20240924,1450.3494,1365.7469,1454.623,1362.8273,1703324.0,-71371.0,3102141.0,3.0,-1.0,51183.0,-9588.0,0.0,-3.0,0.0,-83443.0,1383.69306,1385.11894,1459.87205,-1.425879999999779,-76.17899000000011,1416.646377380953,1467.164552912698,2343630.6,3722569.2,,4.051612882287551,3.626132213330081,7.677745095617633,2.0,41595.0,-3.0,-83443.0,-0.04190101237345332,-0.9563509956527408,,,0.0411,0.0787,0.212
20240925,1483.8853,1461.4701,1545.6976,1450.8348,1628613.0,-74711.0,4649096.0,3.0,-1.0,69392.0,-6507.0,0.0,-3.0,0.0,-84153.0,1407.4026,1393.70966,1455.183705,13.69293999999991,-47.78110500000003,1418.817425476191,1455.988967301587,2585622.5,5578915.2,0.489785,4.370556661243362,3.660740643040006,8.031297304283367,2.0,62885.0,-3.0,-84153.0,-0.04587400444427252,-0.8411423382595073,,,0.137,0.1627,0.23
20240926,1525.1261,1477.6843,1538.6425,1471.1786,1640957.0,12344.0,4075644.0,4.0,0.0,72831.0,-7852.0,0.0,-3.0,0.0,-85312.0,1435.32294,1409.63542,1450.657605,25.68751999999995,-15.33466499999986,1424.143123571429,1447.042201444445,2799451.4,4890772.8,0.493005,4.482457840028284,3.694915866559611,8.177373706587895,4.0,64979.0,-3.0,-85312.0,0.007522439649545966,-1.028510003769719,,,0.1096,0.172,0.192
20240927,1591.1095,1554.2211,1611.0371,1539.7937,1517022.0,-123935.0,4648854.0,4.0,0.0,73404.0,0.0,0.0,-3.0,0.0,-103281.0,1483.79992,1427.12757,1451.58665,56.67235000000005,32.21326999999997,1436.195906190477,1440.739167920635,3010649.2,5578624.8,0.51359,4.509181300915018,3.73806675996352,8.247248060878539,4.0,73404.0,-3.0,-103281.0,-0.08169624435242205,-1.1668733791859214,,,0.1096,0.08,0.173
20240930,1713.9347,1585.0991,1728.4713,1576.3712,1461880.0,-55142.0,4379157.0,4.0,0.0,51015.0,-5213.0,0.0,-3.0,0.0,-119034.0,1552.881,1459.22346,1457.33836,93.65753999999993,95.54263999999966,1457.071840873016,1437.862244460317,3167956.4,5254988.399999999,0.5854649999999999,4.978980419032847,3.785222882547142,8.76420330157999,4.0,45802.0,-3.0,-119034.0,-0.03771992229184338,-1.2181266441629357,,,0.1096,0.0813,0.166
20241008,1511.6895,1761.3823,1763.7158,1504.5856,1671400.0,209520.0,4062592.0,4.0,0.0,105748.0,0.0,0.0,-3.0,0.0,-145733.0,1565.14902,1474.42104,1452.817995,90.72798000000012,112.331025,1470.572651984127,1437.787014722222,3361844.2,4875110.399999999,,5.921677508020087,3.785222882547142,9.70690039056723,4.0,105748.0,-3.0,-145733.0,0.12535598899126482,-1.1670317699591422,,,0.0685,0.0827,0.172
20241009,1514.0977,1520.403,1557.051,1497.8036,1729075.0,57675.0,3358068.0,4.0,0.0,110159.0,-6716.0,0.0,-3.0,0.0,-148156.0,1571.1915,1489.29705,1452.99404,81.89445000000023,118.1974600000001,1476.497171190476,1439.787518523809,3498889.4,,,5.914470665014176,3.785222882547142,9.699693547561317,4.0,103443.0,-3.0,-148156.0,0.033355985136561454,-1.1626270699345738,,,0.0822,0.084,0.174
20241010,1496.7142,1504.4694,1551.276,1474.947,1694921.0,-34154.0,3652576.0,4.0,0.0,105453.0,-8375.0,0.0,-3.0,0.0,-125336.0,1565.50912,1500.41603,1452.50321,65.0930900000003,113.0059100000001,1481.009989920635,1443.440248134921,3604117.0,,,5.902117758452215,3.806055427477461,9.708173185929676,4.0,97078.0,-3.0,-125336.0,-0.020150791688816175,-1.4722823760841008,,,0.0685,0.084,0.128
20241011,1536.9546,1497.5455,1537.8235,1497.5455,1726200.0,31279.0,2604735.0,3.0,-1.0,106762.0,-14266.0,0.0,-3.0,0.0,-122253.0,1554.67814,1519.23903,1454.84154,35.43911000000003,99.83660000000009,1487.738168809524,1448.988441857143,3676902.4,,,5.78992114088713,3.785222882547142,9.575144023434271,2.0,92496.0,-3.0,-122253.0,0.018120148302630056,-1.522067441639277,,,0.0411,0.08,0.118
20241014,1550.5864,1539.0386,1612.4576,1518.8381,1792224.0,66024.0,5122375.0,4.0,0.0,111425.0,-11713.0,0.0,-3.0,0.0,-149197.0,1522.00848,1537.44474,1460.49232,-15.43625999999995,61.51616000000013,1496.922107698412,1456.561476309524,3965523.8,6146850.0,,5.937165127861217,3.806055427477461,9.743220555338677,4.0,99712.0,-3.0,-149197.0,0.03683914510686164,-1.5284520716755925,,,0.0137,0.0813,0.117
20241015,1600.8698,1536.5061,1633.6035,1531.572,1727331.0,-64893.0,4857367.0,4.0,0.0,82846.0,0.0,0.0,-3.0,0.0,-158011.0,1539.84454,1552.49678,1468.80786,-12.65224000000012,71.0366799999997,1508.726723968254,1465.769510968254,4141046.4,,,6.09019633676107,3.812685532508649,9.90288186926972,4.0,82846.0,-3.0,-158011.0,-0.037568364140978194,-1.7485600913230976,,,0.0548,0.0813,0.073
20241016,1573.2819,1607.6082,1631.3835,1553.1001,1724222.0,-3109.0,3634735.0,4.0,0.0,80464.0,-7302.0,0.0,-3.0,0.0,-160748.0,1551.68138,1561.43644,1477.57305,-9.755059999999958,74.1083299999998,1519.862028888889,1475.873971309524,4039610.3,,,6.11777340885409,3.812685532508649,9.930458941362739,4.0,73162.0,-3.0,-160748.0,-0.0018031320792798143,-1.580947486116847,,,0.0274,0.0813,0.108
20241017,1465.2418,1579.7637,1588.1604,1448.7509,1721982.0,-2240.0,4444657.0,4.0,0.0,108717.0,0.0,0.0,-3.0,0.0,-135518.0,1545.3869,1555.44801,1482.541715,-10.06110999999987,62.8451849999999,1522.042166666667,1485.663875619048,4076511.6,,,6.508558625554055,3.854468095543442,10.3630267210975,4.0,108717.0,-3.0,-135518.0,-0.0013008266056207323,-1.2731765179670589,,,0.1096,0.088,0.163
20241018,1481.9507,1471.1573,1504.6704,1441.1693,1707597.0,-14385.0,2754152.0,4.0,0.0,107715.0,0.0,0.0,-3.0,0.0,-162948.0,1534.38612,1544.53213,1485.82985,-10.14601000000016,48.55627000000004,1521.560817539683,1494.200366753968,3887041.4,,,6.537464756589842,3.949638155782945,10.48710291237279,4.0,107715.0,-3.0,-162948.0,-0.008424118805549554,-1.808985188155405,,,0.1096,0.088,0.064
20241021,1508.7947,1475.4121,1510.2822,1448.0018,1707003.0,-594.0,2530422.0,4.0,0.0,103187.0,0.0,0.0,-3.0,0.0,-112935.0,1526.02778,1524.01813,1491.620795,2.009649999999965,34.40698499999985,1522.260972460318,1500.719279912698,3702167.9,,,6.382803095200275,4.037223730351654,10.42002682555193,4.0,103187.0,-3.0,-112935.0,-0.0003479782988079107,-1.841319939462013,,,0.2192,0.1933,0.055
20241022,1545.371,1508.6796,1556.691,1494.0735,1685807.0,-21196.0,3907415.0,4.0,0.0,97152.0,0.0,0.0,-3.0,0.0,-107070.0,1514.92802,1527.38628,1500.90366,-12.45826000000011,14.02436000000012,1526.079970634921,1506.270011777778,3686650.2,,0.515315,6.213226478026693,4.065675272508951,10.27890175053564,4.0,97152.0,-3.0,-107070.0,-0.012573206778711916,-1.5592743106517224,,,0.2329,0.24,0.116
20241023,1535.2009,1546.338,1567.9137,1519.2947,1698870.0,13063.0,2105502.0,4.0,0.0,98082.0,0.0,0.0,-3.0,0.0,-127252.0,1507.31182,1529.4966,1509.396825,-22.18477999999982,-2.08500499999991,1529.732485873016,1511.593543246032,3561393.6,,,6.123191092135174,4.065675272508951,10.18886636464413,4.0,98082.0,-3.0,-127252.0,0.007689228722621507,-1.524418850707114,,,0.2466,0.2707,0.124
20241024,1580.7168,1531.3998,1584.7825,1525.8861,1687388.0,-11482.0,2194979.0,4.0,-1.0,88387.0,-4584.0,0.0,-3.0,0.0,-107741.0,1530.40682,1537.89686,1519.156445,-7.490039999999908,11.25037500000008,1535.145267222222,1517.00707097619,3415633.9,,,6.001156665829163,4.065675272508951,10.06683193833812,3.0,83803.0,-3.0,-107741.0,-0.006804599771955235,-1.388263723486554,,,0.3014,0.3107,0.154
20241025,1541.8408,1585.5502,1588.9269,1539.7545,1728211.0,40823.0,2022819.0,4.0,0.0,102591.0,-3516.0,0.0,-3.0,0.0,-152080.0,1542.38484,1538.38548,1528.812255,3.999360000000252,13.57258500000012,1538.701181904762,1522.103372285714,3357442.3,,,5.569320013773248,4.065675272508951,9.634995286282198,4.0,99075.0,-3.0,-152080.0,0.023621536953531717,-1.4623925409103118,,,0.3151,0.3507,0.138
20241028,1584.6638,1525.474,1605.7845,1500.3173,1703464.0,-24747.0,2849627.0,4.0,-1.0,93551.0,-2321.0,1.0,-3.0,0.0,-127279.0,1557.55866,1541.79322,1539.61898,15.7654399999999,17.93968000000018,1541.872601269842,1526.598421642857,3130167.5,,,4.836260512275888,4.102897112647163,8.939157624923052,3.0,91230.0,-2.0,-127279.0,-0.014527456993514392,-1.3519698035389478,,,0.3425,0.3987,0.162
20241029,1545.4241,1579.1143,1609.3602,1531.1117,1697565.0,-5899.0,2330243.0,4.0,0.0,99122.0,0.0,0.0,-3.0,0.0,-167407.0,1557.56928,1536.24865,1544.372715,21.32062999999994,13.19656499999996,1543.87086015873,1530.112835261905,2877455.1,,,4.91741137991095,4.190681649916553,9.108093029827504,4.0,99122.0,-3.0,-167407.0,-0.003474977394090948,-1.50173417532779,,,0.3288,0.4427,0.13
20241030,1586.3648,1566.9353,1597.3033,1544.6582,1692824.0,-4741.0,2646165.0,4.0,0.0,72515.0,0.0,0.0,-3.0,0.0,-151734.0,1567.80206,1537.55694,1549.49669,30.24512000000004,18.30537000000004,1547.18726563492,1532.845358936508,2778598.1,,,4.787577999528879,4.190681649916553,8.978259649445432,4.0,72515.0,-3.0,-151734.0,-0.0028006455485035655,-1.5689554826082637,,,0.1644,0.1773,0.114
20241031,1601.4056,1595.5374,1612.9474,1574.383,1691556.0,-1268.0,2292853.0,3.0,0.0,68126.0,-1459.0,0.0,-3.0,0.0,-161830.0,1571.93982,1551.17332,1553.310665,20.76649999999995,18.62915500000008,1551.566429920635,1535.797785261905,2563417.7,,,4.761632850081314,4.190681649916553,8.952314499997868,3.0,66667.0,-3.0,-161830.0,-0.0007496056884903604,-1.6115616275204327,,,0.1644,0.1733,0.104
20241101,1568.0082,1596.1096,1599.5876,1552.4552,1705670.0,14114.0,1898867.0,4.0,0.0,99324.0,0.0,0.0,-3.0,0.0,-214924.0,1577.1733,1559.77907,1552.1556,17.39422999999988,25.01769999999988,1553.486903650794,1538.990393873016,2477889.2,,,4.552146319603182,4.102897112647163,8.655043432250345,4.0,99324.0,-3.0,-214924.0,0.008274754202161028,-1.6925934665310824,,,0.1781,0.1733,0.091
20241104,1553.0518,1571.6321,1582.8451,1511.6056,1704920.0,-750.0,1954021.0,4.0,0.0,99445.0,0.0,0.0,-3.0,0.0,-211460.0,1570.8509,1564.20478,1544.111455,6.646119999999883,26.73944499999993,1554.332500238095,1542.197546650794,2420249.1,,,4.420104253101481,4.190681649916553,8.610785903018034,4.0,99445.0,-3.0,-211460.0,-0.0004399033385730709,-1.643064280380252,,,0.1507,0.1733,0.102
20241105,1571.4026,1556.5019,1573.9094,1533.1614,1683712.0,-21208.0,1461603.0,4.0,0.0,88511.0,0.0,0.0,-3.0,0.0,-188769.0,1576.0466,1566.80794,1547.09711,9.238660000000209,28.9494900000002,1555.74730531746,1545.164280119048,2175667.9,,,4.247269435363659,4.102897112647163,8.350166548010822,4.0,88511.0,-3.0,-188769.0,-0.012595978409609245,-1.8068144420808887,,,0.1233,0.1733,0.066
20241106,1547.0537,1577.5742,1595.5945,1524.0612,1710407.0,26695.0,1880625.0,4.0,0.0,103743.0,0.0,0.0,-3.0,0.0,-209817.0,1568.18438,1567.99322,1548.74491,0.1911600000000817,19.43947000000003,1556.422815079365,1547.833313039683,2153180.2,,,3.919237835049431,4.190681649916553,8.109919484965983,4.0,103743.0,-3.0,-209817.0,0.015607396368232824,-1.799745545120326,,,0.1781,0.4973,0.067
20241107,1573.9766,1536.5244,1579.4627,1536.5244,1692457.0,-17950.0,1318100.0,4.0,0.0,94306.0,0.0,0.0,-3.0,0.0,-194218.0,1562.69858,1567.3192,1552.60803,-4.620620000000145,10.09054999999967,1557.599112539682,1550.078697571429,2065492.3,,,3.808588157067324,4.190681649916553,7.999269806983877,4.0,94306.0,-3.0,-194218.0,-0.010605882453734422,-1.7401477558193357,,,0.2603,0.5453,0.08
20241108,1544.8477,1575.09,1604.5554,1540.7422,1701202.0,8745.0,1903129.0,4.0,0.0,98578.0,0.0,0.0,-3.0,0.0,-224918.0,1558.06648,1567.61989,1553.002685,-9.553409999999985,5.063795000000027,1558.315464603175,1552.04012584127,2053523.3,,,3.809318022759785,4.192413679606638,8.001731702366424,4.0,98578.0,-3.0,-224918.0,0.005140483023180081,-1.6671751453340506,,,0.274,0.56,0.102
20241111,1515.4742,1533.0639,1560.558,1487.1293,1741591.0,40389.0,1884666.0,4.0,0.0,102374.0,0.0,0.0,-3.0,0.0,-246315.0,1550.55096,1560.70093,1551.247075,-10.14996999999994,-0.6961149999999634,1555.289911269841,1553.38185684127,1957027.2,,,3.864010814816802,4.331587293514602,8.195598108331405,4.0,102374.0,-3.0,-246315.0,0.023190863985861204,-1.9136856144382253,,,0.274,0.604,0.046
20241112,1527.521,1510.6512,1541.8384,1489.5253,1699530.0,-42061.0,1426106.0,4.0,0.0,89476.0,-1594.0,0.0,-3.0,0.0,-203191.0,1541.77464,1558.91062,1547.579635,-17.13597999999979,-5.804994999999963,1552.519465079365,1554.246717333333,1866613.5,,,3.882282481949467,4.331587293514602,8.213869775464069,4.0,87882.0,-3.0,-203191.0,-0.024748606967808746,-1.862380419058896,,,0.3973,0.544,0.054
20241113,1551.5758,1533.648,1564.5464,1523.4929,1662805.0,-36725.0,1396037.0,4.0,-1.0,82941.0,-7443.0,1.0,-2.0,0.0,-157293.0,1542.67906,1555.43172,1546.49433,-12.75266000000011,-3.815270000000055,1552.724480555556,1554.800438825397,1741600.7,,,3.80566825043093,4.331587293514602,8.137255543945532,3.0,75498.0,-1.0,-157293.0,-0.02208617366438037,-1.6454090684326788,,,0.4384,0.6053,0.108
20241114,1530.2347,1557.3719,1566.6976,1529.782,1640361.0,-22444.0,1147781.0,4.0,0.0,80660.0,-1602.0,1.0,-3.0,0.0,-152174.0,1533.93068,1548.31463,1549.743975,-14.38395000000014,-15.81329499999993,1551.930425714286,1554.836838404762,1627093.5,,,3.751472994047256,4.331587293514602,8.083060287561857,4.0,79058.0,-2.0,-152174.0,-0.013682354067183992,-1.64525251318074,,,0.5205,0.6293,0.109
20241115,1502.2011,1538.1801,1555.0815,1498.7154,1650106.0,9745.0,1514314.0,4.0,0.0,87090.0,0.0,0.0,-3.0,0.0,-182136.0,1525.40136,1541.73392,1550.756495,-16.33256000000006,-25.35513500000002,1548.716959920635,1554.359844031746,1588638.2,,,3.539637713892754,4.192413679606638,7.732051393499392,4.0,87090.0,-3.0,-182136.0,0.005905681210782822,-1.5283761785872083,,,0.5753,0.6627,0.135
20241118,1513.6671,1500.9296,1525.7645,1485.3552,1644432.0,-5674.0,1088937.0,4.0,0.0,84456.0,-1337.0,0.0,-3.0,0.0,-174775.0,1525.03994,1537.79545,1551.000115,-12.75551000000019,-25.96017500000016,1544.679852380952,1553.394579246032,1502129.8,,,3.370340524749705,4.192413679606638,7.562754204356343,4.0,83119.0,-3.0,-174775.0,-0.003450431516779046,-1.399410604127973,,,0.6438,0.688,0.164
20241119,1510.5694,1511.1183,1515.2669,1477.8606,1669699.0,25267.0,1154831.0,4.0,0.0,93598.0,0.0,0.0,-3.0,0.0,-184359.0,1521.64962,1531.71213,1549.260035,-10.06250999999997,-27.6104150000001,1540.559592698412,1551.875807984127,1471452.6,,,3.311647067340437,4.192413679606638,7.504060746947076,4.0,93598.0,-3.0,-184359.0,0.015132667624523942,-1.3572930719686274,,,0.6438,0.7067,0.175
20241120,1495.9398,1506.262,1508.4141,1485.3253,1710958.0,41259.0,861623.0,4.0,0.0,101025.0,0.0,0.0,-3.0,0.0,-204986.0,1510.52242,1526.60074,1547.29698,-16.07832000000008,-36.77456000000006,1535.569155634921,1549.790442039682,1369552.4,,,3.265948831555309,4.192413679606638,7.458362511161947,4.0,101025.0,-3.0,-204986.0,0.024114560380792516,-1.3945647676366295,,,0.6712,0.7373,0.169
20241121,1536.2291,1496.7419,1541.3624,1492.7089,1675020.0,-35938.0,1319708.0,3.0,-1.0,81240.0,-12492.0,1.0,-2.0,100.0,-150223.0,1511.7213,1522.82599,1545.072595,-11.10469000000012,-33.35129500000016,1533.416761825397,1547.372206968254,1369713.2,,,3.269399506595604,4.192413679606638,7.461813186202241,2.0,68748.0,-1.0,-150123.0,-0.021455266205776646,-1.2541489013706797,,,0.6986,0.7573,0.19
20241122,1511.0525,1535.9284,1536.33,1499.3145,1614153.0,-60867.0,1004032.0,3.0,-1.0,80798.0,-7609.0,0.0,-3.0,0.0,-174671.0,1513.49158,1519.44647,1543.53318,-5.954889999999978,-30.04159999999979,1530.684609126984,1544.609121420635,1279803.5,,,3.11611812594656,4.192413679606638,7.308531805553198,2.0,73189.0,-3.0,-174671.0,-0.03770832133013413,-1.2936339267223889,,,0.6986,0.832,0.185
20241125,1530.9077,1509.0912,1553.5987,1509.0912,1635535.0,21382.0,1402449.0,4.0,0.0,79784.0,-2441.0,0.0,-3.0,0.0,-171642.0,1516.9397,1520.98982,1540.845375,-4.050119999999879,-23.90567499999997,1529.219360793651,1542.002066373016,1231581.8,,,3.139592064239499,4.128979366650152,7.268571430889651,4.0,77343.0,-3.0,-171642.0,0.01307339800126564,-1.1739451953384112,,,0.6164,0.604,0.199
20241126,1529.5672,1531.3562,1539.2402,1514.3928,1623696.0,-11839.0,803346.0,4.0,0.0,79467.0,-2294.0,0.0,-3.0,0.0,-186907.0,1520.73926,1521.19444,1540.05253,-0.4551799999997002,-19.3132700000001,1527.902867777778,1539.540406642857,1169305.8,,,2.923734457457912,4.128979366650152,7.052713824108064,4.0,77173.0,-3.0,-186907.0,-0.007291389521191159,-1.1485146455599686,,,0.6027,0.5947,0.206
20241127,1535.2436,1530.1535,1539.8837,1509.9417,1626658.0,2962.0,1016780.0,4.0,0.0,79390.0,0.0,0.0,-3.0,0.0,-177401.0,1528.60002,1519.56122,1537.49647,9.038800000000037,-8.896449999999732,1527.028776666667,1536.970836253968,1131380.1,,,2.868127085768599,4.128979366650152,6.997106452418752,4.0,79390.0,-3.0,-177401.0,0.0018209113409210786,-1.1982920099806729,,,0.589,0.5893,0.197
20241128,1521.0821,1531.2056,1534.8556,1508.508,1638672.0,12014.0,907969.0,4.0,0.0,99108.0,0.0,0.0,-3.0,0.0,-218496.0,1525.57062,1518.64596,1533.480295,6.924659999999903,-7.909674999999879,1525.825605555556,1534.360354238095,1107398.9,,,2.697344300809769,4.128979366650152,6.826323667459921,4.0,99108.0,-3.0,-218496.0,0.0073315465205971665,-1.3132374282286623,,,0.6027,0.5867,0.183
20241129,1512.9972,1519.2961,1531.4717,1501.1636,1613004.0,-25668.0,1188764.0,4.0,0.0,102382.0,0.0,0.0,-3.0,0.0,-216627.0,1525.95956,1519.72557,1530.729745,6.233989999999949,-4.770185000000083,1524.026759285714,1531.891334174603,1074843.9,,,2.495297210306416,4.102897112647163,6.59819432295358,4.0,102382.0,-3.0,-216627.0,-0.015913165745404228,-1.3661032084465965,,,0.5753,0.612,0.176
20241202,1518.1478,1515.5939,1528.5241,1497.4505,1621240.0,8236.0,1180152.0,4.0,0.0,99951.0,0.0,0.0,-3.0,0.0,-200290.0,1523.40758,1520.17364,1528.984545,3.233939999999848,-5.576964999999745,1522.459277857143,1529.669276722222,1083965.4,,,2.396676611086847,4.102897112647163,6.499573723734009,4.0,99951.0,-3.0,-200290.0,0.005080062174631764,-1.3140031372679275,,,0.7123,0.736,0.183
20241203,1507.7833,1521.1731,1524.0871,1502.3384,1619700.0,-1540.0,806335.0,4.0,0.0,104174.0,0.0,0.0,-3.0,0.0,-206328.0,1519.0508,1519.89503,1525.80358,-0.8442300000001524,-6.752780000000257,1520.891297380953,1527.702447190476,1049115.8,,0.348335,2.310792345362774,4.102897112647163,6.413689458009937,4.0,104174.0,-3.0,-206328.0,-0.0009507933567944681,-1.320602622612438,,,0.6712,0.716,0.183
20241204,1459.4183,1504.5961,1507.2229,1447.7991,1762533.0,142833.0,1730763.0,4.0,0.0,116911.0,0.0,0.0,-3.0,0.0,-218256.0,1503.88574,1516.24288,1521.42181,-12.35713999999984,-17.53606999999988,1515.734388650794,1525.718970492064,1136029.8,2076915.6,0.425385,2.427409036198783,4.095825013452282,6.523234049651064,4.0,116911.0,-3.0,-218256.0,0.08103848268372847,-1.3969105752573678,,,0.6438,0.6853,0.166
20241205,1458.195,1457.7993,1464.5685,1433.2273,1714572.0,-47961.0,1114754.0,4.0,0.0,105657.0,0.0,0.0,-3.0,0.0,-206328.0,1491.30832,1508.43947,1515.63273,-17.13114999999993,-24.32440999999972,1509.369274126984,1523.314221722222,1115534.4,,,2.314089332881966,4.095825013452282,6.409914346334247,4.0,105657.0,-3.0,-206328.0,-0.027972578579377246,-1.435461789581944,,,0.6027,0.6547,0.16
20241206,1469.9878,1457.4646,1481.3423,1452.1818,1642427.0,-72145.0,824373.0,4.0,0.0,92557.0,0.0,0.0,-3.0,0.0,-181678.0,1482.70644,1504.333,1511.889735,-21.62656000000015,-29.18329500000027,1504.760021984127,1520.721763007936,1097568.5,,,2.265561279812172,4.095825013452282,6.361386293264454,4.0,92557.0,-3.0,-181678.0,-0.043925848759183816,-1.364349784557422,,,0.5342,0.616,0.179
20241209,1457.3418,1467.6728,1473.9269,1448.0803,1638040.0,-4387.0,740841.0,4.0,0.0,96416.0,0.0,0.0,-3.0,0.0,-186787.0,1470.54524,1496.97641,1508.983115,-26.43117000000007,-38.43787500000008,1499.623497857143,1517.762176714286,1031407.7,,,2.21636032632973,4.065675272508951,6.28203559883868,4.0,96416.0,-3.0,-186787.0,-0.0026782007765378136,-1.402706467145386,,,0.5479,0.58,0.165
20241210,1477.986,1491.8074,1517.9473,1467.656,1541423.0,-96617.0,1720166.0,4.0,0.0,88365.0,0.0,0.0,-3.0,0.0,-166618.0,1464.58578,1491.81829,1506.506365,-27.23251000000027,-41.92058500000007,1497.208769523809,1514.692766888889,1123089.7,2064199.2,,2.386432731752284,4.091985754142975,6.478418485895259,4.0,88365.0,-3.0,-166618.0,-0.0626803933767694,-1.4038774926043889,,,0.5205,0.5613,0.165
20241211,1489.8623,1476.3388,1495.3226,1474.7974,1513589.0,-27834.0,664968.0,4.0,0.0,79532.0,0.0,0.0,-3.0,0.0,-163229.0,1470.67458,1487.28016,1503.42069,-16.60557999999992,-32.74611000000004,1495.305848968254,1511.520474119048,1087908.5,,,2.257632264634409,4.065675272508951,6.32330753714336,4.0,79532.0,-3.0,-163229.0,-0.018389404257034107,-1.3754394273906685,,,0.4658,0.5213,0.178
20241212,1497.7057,1486.5216,1501.9862,1479.658,1495606.0,-17983.0,727106.0,4.0,0.0,67012.0,0.0,0.0,-3.0,0.0,-159227.0,1478.57672,1484.94252,1501.79424,-6.365800000000036,-23.21751999999992,1494.35176436508,1508.37309,1069822.2,,,2.189017252690277,4.065675272508951,6.254692525199228,4.0,67012.0,-3.0,-159227.0,-0.012023888644469198,-1.359907379010762,,,0.4658,0.5253,0.183
20241213,1473.8651,1485.9918,1493.4717,1469.4452,1531112.0,35506.0,999513.0,4.0,0.0,74824.0,0.0,0.0,-3.0,0.0,-173731.0,1479.35218,1481.02931,1500.37744,-1.677129999999806,-21.02525999999989,1492.011277301588,1505.171541801587,1050897.1,,,2.117286437090474,4.023488089167483,6.140774526257957,4.0,74824.0,-3.0,-173731.0,0.02318968174764485,-1.3149764352090798,,,0.4658,0.528,0.191
20241216,1451.0209,1472.5659,1478.1011,1434.0336,1573751.0,42639.0,1052751.0,4.0,0.0,83076.0,0.0,0.0,-3.0,0.0,-176785.0,1478.088,1474.31662,1497.24513,3.771380000000136,-19.1571299999996,1487.801960714286,1501.705810087302,1038157.0,,0.340975,2.217538533351327,3.968605850554476,6.186144383905804,4.0,83076.0,-3.0,-176785.0,0.02709386681882966,-1.3528178567482947,,,0.4795,0.528,0.187
20241217,1448.7333,1451.3466,1461.7301,1444.4498,1562295.0,-11456.0,730344.0,4.0,0.0,94110.0,0.0,0.0,-3.0,0.0,-166596.0,1472.23746,1468.41162,1494.153325,3.825839999999971,-21.91586499999971,1483.349802063492,1497.951660555555,1030557.9,,,2.165748930591275,3.968605850554476,6.134354781145751,4.0,94110.0,-3.0,-166596.0,-0.0073328020636307485,-1.4063975075426167,,,0.6301,0.7053,0.165
20241218,1420.5385,1447.6985,1450.1701,1408.2651,1552078.0,-10217.0,1029941.0,4.0,0.0,95293.0,0.0,0.0,-3.0,0.0,-167589.0,1458.3727,1464.52364,1490.38326,-6.150939999999991,-32.01055999999994,1476.819733968255,1494.060195087302,960475.7,,0.345805,2.249779507753088,3.816560381804848,6.066339889557936,4.0,95293.0,-3.0,-167589.0,-0.006582787720720222,-1.5232552716392185,,,0.5753,0.7067,0.138
20241219,1449.6357,1424.0845,1456.494,1416.2655,1457933.0,-94145.0,1014670.0,4.0,0.0,87105.0,0.0,0.0,-3.0,0.0,-143086.0,1448.7587,1463.66771,1486.05359,-14.90901000000031,-37.29489000000012,1472.167739126985,1490.340041587302,950467.3,,,2.304909594874866,3.736451533093123,6.041361127967988,4.0,87105.0,-3.0,-143086.0,-0.06457429799586126,-1.454299918311397,,,0.5616,0.6547,0.156
20241220,1451.0522,1450.6083,1462.7601,1442.7709,1417235.0,-40698.0,778298.0,4.0,0.0,81194.0,0.0,0.0,-3.0,0.0,-133190.0,1444.19612,1461.77415,1483.053575,-17.5780299999999,-38.85745500000007,1468.69324563492,1486.733363952381,945859.8,,,2.258412990094307,3.736451533093123,5.99486452318743,4.0,81194.0,-3.0,-133190.0,-0.028716479624056702,-1.401497741469278,,,0.5068,0.648,0.17
20241223,1443.9398,1444.5696,1454.7365,1435.1303,1426513.0,9278.0,735376.0,4.0,0.0,84388.0,0.0,0.0,-3.0,0.0,-145654.0,1442.7799,1460.43395,1478.70518,-17.65404999999987,-35.92527999999993,1464.964596269841,1483.267473793651,945313.3,,,2.254986707993235,3.736451533093123,5.991438241086358,4.0,84388.0,-3.0,-145654.0,0.006503971572639016,-1.405052818054345,,,0.4795,0.6053,0.168
20241224,1477.8763,1442.8177,1481.665,1432.7821,1379416.0,-47097.0,916664.0,4.0,0.0,60329.0,0.0,0.0,-3.0,0.0,-126491.0,1448.6085,1460.42298,1476.120635,-11.81448,-27.51213500000017,1463.567365079366,1479.903333349207,864963.1,,,2.198715105845293,3.545195431772225,5.743910537617518,4.0,60329.0,-3.0,-126491.0,-0.034142709668439394,-1.2746115326763487,,,0.4521,0.588,0.206
20241225,1462.9685,1476.6805,1484.668,1456.3672,1404329.0,24913.0,822348.0,4.0,0.0,99224.0,0.0,0.0,-3.0,0.0,-153321.0,1457.0945,1457.7336,1472.50688,-0.6391000000000986,-15.41238000000021,1462.773381904762,1476.650086642857,880701.1,,,2.183351307921202,3.361042227377465,5.544393535298667,4.0,99224.0,-3.0,-153321.0,0.017740144937546685,-1.286904370810666,,,0.4247,0.5627,0.203
20241226,1461.7187,1458.8926,1477.7401,1453.3778,1357435.0,-46894.0,756664.0,4.0,0.0,80914.0,0.0,0.0,-3.0,0.0,-145374.0,1459.5111,1454.1349,1469.53871,5.376199999999926,-10.0276100000001,1461.732638174603,1473.38817402381,883656.9,,,2.160786798250184,3.312026880546493,5.472813678796677,4.0,80914.0,-3.0,-145374.0,-0.03454603719515115,-1.314461287614281,,,0.3973,0.5053,0.197
20241227,1449.2664,1461.9874,1465.2326,1446.2804,1343670.0,-13765.0,712988.0,4.0,0.0,97281.0,0.0,0.0,-3.0,0.0,-143377.0,1459.15394,1451.67503,1466.35217,7.478910000000269,-7.198229999999739,1460.084219206349,1470.195468214286,855004.4,,,2.127936523638683,3.236578472154478,5.364514995793161,4.0,97281.0,-3.0,-143377.0,-0.01024433082527704,-1.3684133537122818,,,0.411,0.4667,0.185
20241230,1443.3361,1448.2788,1453.4914,1436.8622,1369207.0,25537.0,817244.0,4.0,0.0,103629.0,0.0,0.0,-3.0,0.0,-156406.0,1459.0332,1450.90655,1462.611585,8.126649999999927,-3.578385000000026,1457.958482063492,1467.211120349206,831453.7,,,1.916204129668216,3.175924258055876,5.092128387724092,4.0,103629.0,-3.0,-156406.0,0.018650941749494415,-1.4482554679303046,,,0.3699,0.3933,0.159
20241231,1440.8795,1443.4796,1449.6412,1419.9115,1248536.0,-120671.0,1069558.0,4.0,0.0,96064.0,0.0,0.0,-3.0,0.0,-141892.0,1451.63384,1450.12117,1459.266395,1.512670000000071,-7.632555000000139,1455.789755238095,1464.455115666667,865375.1,1283469.6,,1.96599228607599,3.166997522042511,5.132989808118502,4.0,96064.0,-3.0,-141892.0,-0.09664999647587254,-1.6716026014061132,,,0.3562,0.3947,0.101
20250102,1452.4398,1441.0472,1463.0518,1440.2591,1232020.0,-16516.0,579333.0,4.0,0.0,89485.0,0.0,0.0,-3.0,0.0,-122329.0,1449.5281,1453.3113,1458.91747,-3.783199999999852,-9.389369999999872,1454.749613333334,1462.248103603175,820314.3,,,1.972655374867146,3.139871075362512,5.112526450229657,4.0,89485.0,-3.0,-122329.0,-0.013405626532036818,-1.6068728657338878,,,0.3425,0.396,0.118
20250103,1424.5275,1450.2507,1452.031,1416.1906,1322405.0,90385.0,991592.0,4.0,0.0,106498.0,0.0,0.0,-3.0,0.0,-150267.0,1442.08986,1450.80048,1457.234095,-8.710620000000063,-15.14423499999998,1452.035391428571,1460.234868833333,818006.5,1189910.4,0.322345,2.016851007281157,3.070927967828462,5.087778975109619,4.0,106498.0,-3.0,-150267.0,0.06834895512343042,-1.5025958126588022,,,0.3425,0.4347,0.146
20250106,1424.509,1422.8598,1439.9237,1402.5968,1335430.0,13025.0,999891.0,4.0,0.0,103882.0,0.0,0.0,-3.0,0.0,-144003.0,1437.13838,1448.14616,1454.960155,-11.00778000000014,-17.82177500000012,1448.816136904762,1458.247157960318,840165.8,,0.334535,1.986206765645629,3.070927967828462,5.057134733474091,4.0,103882.0,-3.0,-144003.0,0.009753412758437358,-1.44924215672821,,,0.3562,0.44,0.162
20250107,1412.6415,1429.5467,1433.3843,1408.8874,1370817.0,35387.0,689659.0,4.0,0.0,108224.0,0.0,0.0,-3.0,0.0,-160840.0,1430.99946,1445.01633,1452.72514,-14.01686999999993,-21.72568000000001,1445.104682460317,1456.261166579365,835594.1,,,2.025451526773284,2.984762457657538,5.010213984430822,4.0,108224.0,-3.0,-160840.0,0.025814532501420684,-1.3814531199999305,,,0.5753,0.7693,0.185
20250108,1395.4409,1410.2663,1418.695,1393.3748,1382539.0,11722.0,774569.0,4.0,0.0,129635.0,0.0,0.0,-3.0,0.0,-162288.0,1421.91174,1436.77279,1448.597885,-14.86104999999998,-26.6861449999999,1440.253685793651,1453.929798650794,821384.6,,,1.945826585577752,2.92433234430439,4.870158929882141,4.0,129635.0,-3.0,-162288.0,0.008478603496899545,-1.2829148080630297,,,0.5068,0.732,0.213
20250109,1416.9747,1394.2014,1422.2782,1388.3907,1351041.0,-31498.0,763663.0,4.0,0.0,102546.0,0.0,0.0,-3.0,0.0,-150046.0,1414.81872,1432.17341,1444.953505,-17.35468999999989,-30.13478499999997,1436.402590238095,1451.292719484127,815516.1,,0.337755,1.917522214941088,2.827950771672612,4.745472986613699,4.0,102546.0,-3.0,-150046.0,-0.023313874264363554,-1.331831819744147,,,0.4521,0.636,0.201
20250110,1413.3122,1413.4031,1418.2732,1396.6133,1339825.0,-11216.0,664778.0,4.0,0.0,102971.0,0.0,0.0,-3.0,0.0,-148030.0,1412.57566,1427.33276,1440.73383,-14.75710000000004,-28.15816999999993,1433.254243571429,1448.444880023809,806327.5,,0.3422399999999999,1.929422776609918,2.746838933339309,4.676261709949227,4.0,102971.0,-3.0,-148030.0,-0.00837124251301476,-1.3883534495130618,,,0.3973,0.6027,0.184
20250113,1436.3272,1417.6616,1444.1044,1413.4287,1346339.0,6514.0,1031952.0,4.0,0.0,93918.0,0.0,0.0,-3.0,0.0,-121697.0,1414.9393,1426.03884,1438.856935,-11.09953999999993,-23.91763500000002,1432.263043253968,1445.662762428572,838223.9,1238342.4,,1.98577100766652,2.692983112957515,4.678754120624035,4.0,93918.0,-3.0,-121697.0,0.0048383059541467635,-1.5023625960357072,,,0.3562,0.572,0.147
20250114,1470.9968,1437.3165,1473.2695,1427.7546,1325248.0,-21091.0,1020605.0,4.0,0.0,85751.0,0.0,0.0,-3.0,0.0,-118420.0,1426.61036,1428.80491,1439.85573,-2.194549999999708,-13.24536999999987,1434.040696984127,1443.270983920635,858560.0,,,1.969698715049757,2.692983112957515,4.662681828007273,4.0,85751.0,-3.0,-118420.0,-0.015914757086975418,-1.3651240310760575,,,0.4521,0.608,0.195
20250115,1462.7806,1471.323,1472.0237,1449.7613,1317652.0,-7596.0,700907.0,4.0,0.0,90369.0,0.0,0.0,-3.0,0.0,-129113.0,1440.0783,1430.99502,1440.558095,9.083280000000059,-0.4797950000001947,1436.444900238095,1441.336498420635,821694.9,,,1.939683029188308,2.655405472353452,4.59508850154176,4.0,90369.0,-3.0,-129113.0,-0.005764799810572139,-1.3749207101368963,,,0.411,0.6093,0.191
20250116,1488.7246,1461.2229,1491.5248,1452.5895,1296247.0,-21405.0,1091883.0,4.0,0.0,81605.0,0.0,0.0,-3.0,0.0,-132030.0,1454.42828,1434.6235,1443.9674,19.80477999999971,10.46087999999986,1439.966231428572,1439.858160230159,872949.9,1310259.6,,2.009467758566236,2.630569842426157,4.640037600992393,4.0,81605.0,-3.0,-132030.0,-0.016513056539378682,-1.0563852944833525,,,0.3562,0.5733,0.254
20250117,1520.2986,1489.7433,1543.8842,1476.9972,1270973.0,-25274.0,1581428.0,4.0,0.0,60399.0,0.0,0.0,-3.0,0.0,-106126.0,1475.82556,1444.20061,1447.500545,31.6249499999999,28.32501499999989,1446.602534365079,1439.31487452381,931933.5,1897713.6,0.36846,2.239666222990836,2.630569842426157,4.870236065416993,4.0,60399.0,-3.0,-106126.0,-0.01988555225012648,-0.8986105481452912,,,0.3288,0.5853,0.283
20250120,1499.3174,1518.7534,1533.6718,1481.879,1263858.0,-7115.0,1119131.0,3.0,0.0,64905.0,0.0,0.0,-3.0,0.0,-106638.0,1488.4236,1451.68145,1449.913805,36.74214999999981,38.50979499999994,1452.350802698413,1439.668341103175,943857.5,,,2.407046254998904,2.630569842426157,5.037616097425061,3.0,64905.0,-3.0,-106638.0,-0.005629588134110003,-0.9704543341136752,,,0.3288,0.608,0.272
20250121,1496.7095,1500.7481,1515.7508,1491.3799,1261476.0,-2382.0,742543.0,4.0,0.0,81460.0,0.0,0.0,-3.0,0.0,-108113.0,1493.56614,1460.08825,1452.55229,33.47788999999989,41.01384999999982,1457.081447698413,1440.866017626984,949145.9,,,2.374052635381946,2.617341407158925,4.991394042540871,4.0,81460.0,-3.0,-108113.0,-0.0018882642238140083,-1.0098208879946824,,,0.3425,0.544,0.265
20250122,1493.8019,1493.1773,1500.2488,1469.1472,1239400.0,-22076.0,918899.0,4.0,0.0,68123.0,0.0,0.0,-3.0,0.0,-119540.0,1499.7704,1469.92435,1453.34857,29.84604999999988,46.42183,1460.910720396825,1442.931721087302,963578.9,,,2.410046010970999,2.601996860792418,5.012042871763417,4.0,68123.0,-3.0,-119540.0,-0.01781184444085848,-0.9930263388374452,,,0.3288,0.5453,0.27
20250123,1501.0721,1489.7441,1519.1753,1489.7441,1217314.0,-22086.0,926271.0,4.0,0.0,62983.0,0.0,0.0,-3.0,0.0,-107875.0,1502.2399,1478.33409,1455.25375,23.9058100000002,46.98614999999995,1465.488566428571,1445.840318706349,979839.7,,,2.367649889465068,2.564027317052159,4.931677206517227,4.0,62983.0,-3.0,-107875.0,-0.018143223523265157,-0.9653514793506848,,,0.0959,0.204,0.273
20250124,1518.1213,1499.583,1527.7072,1491.6291,1159203.0,-58111.0,845444.0,4.0,0.0,33347.0,0.0,0.0,-3.0,0.0,-124464.0,1501.80444,1488.815,1458.07388,12.98944000000006,43.7305600000002,1471.025174126984,1449.617411761905,997906.3,,,2.350768257139437,2.564027317052159,4.914795574191596,4.0,33347.0,-3.0,-124464.0,-0.05013013251345968,-0.8961237135372329,,,0.0548,0.0587,0.283
20250127,1492.2441,1518.9392,1518.9392,1492.2044,1092850.0,-66353.0,578987.0,4.0,0.0,65645.0,0.0,0.0,-3.0,0.0,-109032.0,1500.38978,1494.40669,1460.222765,5.983089999999947,40.16701499999999,1475.251385714286,1453.916246007936,952609.8,,,2.352547472797394,2.50364168242788,4.856189155225273,4.0,65645.0,-3.0,-109032.0,-0.06071556023241982,-0.9700798763745238,,,0.0411,0.06,0.271
20250205,1460.0371,1478.9764,1499.0025,1445.955,1133763.0,40913.0,760758.0,4.0,0.0,71365.0,0.0,0.0,-3.0,0.0,-145720.0,1493.0553,1493.31072,1461.057815,-0.2554199999999582,31.99748499999987,1476.01776047619,1458.113952357143,926625.1,,,2.479333797310121,2.50364168242788,4.982975479738001,4.0,71365.0,-3.0,-145720.0,0.036086025033450556,-1.071569493043372,,,0.1096,0.2093,0.248
20250206,1445.5047,1459.4195,1463.6255,1432.5124,1243112.0,109349.0,743279.0,4.0,0.0,85809.0,0.0,0.0,-3.0,0.0,-149444.0,1483.39586,1491.58313,1461.289075,-8.187269999999899,22.10678500000017,1474.836384365079,1461.953100769841,930862.3,,,2.46251311901518,2.460311948861348,4.922825067876528,4.0,85809.0,-3.0,-149444.0,0.08796391636473624,-1.0619299477556965,,,0.1096,0.2253,0.249
20250207,1467.6899,1440.4927,1478.9103,1437.9202,1244317.0,1205.0,925160.0,4.0,0.0,80363.0,0.0,0.0,-3.0,0.0,-131447.0,1476.71942,1489.47966,1462.05158,-12.76024000000007,14.66784000000007,1474.912653730159,1465.447743,914190.0,,,2.549202269995638,2.460311948861348,5.009514218856985,4.0,80363.0,-3.0,-131447.0,0.0009684027462455307,-1.2247766290288231,,,0.1918,0.3573,0.222
20250210,1475.1871,1468.117,1475.3865,1454.8925,1273132.0,28815.0,727168.0,4.0,0.0,79234.0,0.0,0.0,-3.0,0.0,-127874.0,1468.13258,1484.96851,1464.58456,-16.83592999999996,3.548019999999951,1475.767072301588,1468.364196793651,828764.0,,,2.494909495116308,2.427308615944875,4.922218111061182,4.0,79234.0,-3.0,-127874.0,0.022633159798041366,-1.2424943415417018,,,0.2055,0.3907,0.22
20250211,1467.4404,1476.5097,1492.7832,1456.3796,1268906.0,-4226.0,948400.0,4.0,0.0,82314.0,0.0,0.0,-3.0,0.0,-124230.0,1463.17184,1481.78081,1466.73113,-18.60896999999977,-3.559289999999919,1476.527298492063,1470.781846373016,811690.9,,,2.451508649846631,2.427308615944875,4.878817265791506,4.0,82314.0,-3.0,-124230.0,-0.003330427943441043,-1.259358230475765,,,0.2192,0.4227,0.216
20250212,1481.8167,1466.8611,1486.484,1452.0201,1282271.0,13365.0,780804.0,4.0,0.0,64231.0,0.0,0.0,-3.0,0.0,-117209.0,1467.52776,1480.29153,1470.18989,-12.76376999999979,-2.662129999999706,1477.496451984127,1472.823346801587,815517.0,,,2.507904496996139,2.399888992162857,4.907793489158996,4.0,64231.0,-3.0,-117209.0,0.010422913721046487,-1.2511811263663453,,,0.1918,0.448,0.219
20250213,1438.5802,1481.3802,1488.0636,1438.4235,1328293.0,46022.0,1113797.0,4.0,0.0,81957.0,0.0,0.0,-3.0,0.0,-142193.0,1466.14286,1474.76936,1472.346855,-8.626500000000078,-6.203995000000077,1476.001034206349,1474.33237818254,835006.8,1336556.4,,2.56553276955226,2.399888992162857,4.965421761715117,4.0,81957.0,-3.0,-142193.0,0.03464747612160871,-1.3616754371582835,,,0.3699,0.5133,0.191
20250214,1470.7423,1439.3744,1483.0349,1439.3744,1285414.0,-42879.0,1050755.0,4.0,0.0,65423.0,0.0,1.0,-3.0,0.0,-107413.0,1466.75334,1471.73638,1475.035235,-4.983040000000074,-8.281895000000077,1475.200877063492,1475.303609246032,847455.2,1260906.0,,2.463346916750589,2.399888992162857,4.863235908913445,4.0,65423.0,-2.0,-107413.0,-0.03335812430858852,-1.2628990041127366,,,0.3836,0.5333,0.214
20250217,1524.176,1472.8668,1531.467,1464.914,1391631.0,106217.0,1910715.0,4.0,-1.0,27375.0,-9290.0,0.0,-3.0,0.0,-102729.0,1476.55112,1472.34185,1480.578425,4.209269999999833,-4.027305000000297,1478.288708571429,1476.029962690476,953982.3,2292858.0,,2.531584809511071,2.414783355575094,4.946368165086165,3.0,18085.0,-3.0,-102729.0,0.07632554894221241,-1.0304819993474903,,,0.4658,0.592,0.254
20250218,1516.0957,1521.7627,1530.3628,1509.7503,1441543.0,49912.0,1163656.0,3.0,0.0,37070.0,0.0,0.0,-3.0,0.0,-114301.0,1486.28218,1474.72701,1484.56685,11.55516999999986,1.715329999999767,1482.048370317461,1476.709661150794,1012449.2,,,2.511109319092231,2.382513444813055,4.893622763905286,3.0,37070.0,-3.0,-114301.0,0.03462401052205866,-0.9510105715734992,,,0.4658,0.636,0.275
20250219,1517.1926,1517.0815,1524.0865,1496.4608,1448773.0,7230.0,1174601.0,3.0,0.0,53593.0,0.0,0.0,-3.0,0.0,-115549.0,1493.35736,1480.44256,1486.87664,12.91480000000001,6.480720000000019,1485.207339920635,1477.628619095238,1053833.5,,,2.491551725879009,2.346070804604773,4.837622530483783,3.0,53593.0,-3.0,-115549.0,0.004990429832692906,-1.0615407788349422,,,0.5205,0.6733,0.247
20250220,1544.7655,1515.3004,1553.5754,1515.3004,1496968.0,48195.0,1506730.0,3.0,0.0,45098.0,0.0,0.0,-3.0,0.0,-117127.0,1514.59442,1490.36864,1490.975885,24.22577999999976,23.61853499999984,1489.99366515873,1479.144347174603,1130178.6,1808076.0,,2.528801042494893,2.346070804604773,4.874871847099667,3.0,45098.0,-3.0,-117127.0,0.0321950769822735,-0.9921731729642328,,,0.5479,0.6867,0.266
20250221,1529.2755,1548.0066,1551.4457,1521.7575,1491424.0,-5544.0,1172311.0,3.0,0.0,73880.0,0.0,0.0,-3.0,0.0,-119973.0,1526.30106,1496.5272,1493.00343,29.77386000000001,33.2976299999998,1494.243675476191,1481.077449349207,1154893.7,,,2.496771623340378,2.346070804604773,4.842842427945151,3.0,73880.0,-3.0,-119973.0,-0.003717252773188577,-1.075083474996997,,,0.5616,0.7147,0.242
20250224,1537.5728,1529.1981,1544.3161,1512.0242,1494633.0,3209.0,1018573.0,3.0,0.0,72563.0,0.0,0.0,-3.0,0.0,-129087.0,1528.98042,1502.76577,1493.86714,26.21465000000012,35.11328000000026,1498.331865634921,1483.33392868254,1184034.2,,,2.517969791881153,2.221757154543611,4.739726946424764,3.0,72563.0,-3.0,-129087.0,0.0021470153542709146,-1.0916225794972712,,,0.5616,0.576,0.239
20250225,1511.8829,1536.1652,1545.8124,1505.374,1491396.0,-3237.0,1322606.0,3.0,0.0,77356.0,0.0,0.0,-3.0,0.0,-140809.0,1528.13786,1507.21002,1494.495415,20.92784000000006,33.64244500000018,1500.931043968254,1485.774303230159,1221454.8,,,2.451481769884056,2.221757154543611,4.673238924427666,3.0,77356.0,-3.0,-140809.0,-0.0021704496994761954,-1.1693765497124409,,,0.6712,0.7653,0.225
20250226,1522.4941,1510.9028,1534.2675,1510.9028,1501949.0,10553.0,1461022.0,3.0,0.0,52452.0,0.0,0.0,-3.0,0.0,-135394.0,1529.19816,1511.27776,1495.784645,17.92039999999997,33.41351499999996,1503.486692380952,1488.373327269841,1289476.6,,,2.40560782743019,2.150550413797396,4.556158241227586,3.0,52452.0,-3.0,-135394.0,0.007026203952331271,-1.1362652254937171,,,0.4521,0.568,0.233
20250227,1567.8865,1527.7513,1572.1308,1516.9905,1627660.0,125711.0,1741817.0,2.0,0.0,22338.0,0.0,0.0,-3.0,0.0,-112514.0,1533.82236,1524.20839,1499.488875,9.613970000000108,34.33348500000011,1508.964783333334,1491.66970218254,1352278.6,2090180.4,0.30613,2.461233520417422,2.221757154543611,4.682990674961033,2.0,22338.0,-3.0,-112514.0,0.07723418895838197,-0.9314016578494292,,,0.4795,0.5693,0.277
20250228,1580.6836,1577.1581,1586.467,1562.4298,1636761.0,9101.0,1748670.0,3.0,0.0,22655.0,0.0,0.0,-3.0,0.0,-90764.0,1544.10398,1535.20252,1503.46945,8.901459999999815,40.63452999999981,1516.564576984127,1495.806072174603,1422070.1,2098404.0,,2.465696782017266,2.221757154543611,4.687453936560876,3.0,22655.0,-3.0,-90764.0,0.0055603719785600955,-0.8216429531676024,,,0.4932,0.6027,0.292
20250303,1562.0623,1581.012,1596.4118,1551.5489,1563671.0,-73090.0,1724581.0,3.0,0.0,50927.0,0.0,0.0,-3.0,0.0,-104776.0,1549.00188,1538.99115,1505.6665,10.01072999999997,43.33537999999999,1523.074073968254,1500.284608714286,1403456.7,2069497.2,,2.494451279413045,2.346070804604773,4.840522084017818,3.0,50927.0,-3.0,-104776.0,-0.046742569248902105,-0.9445704807800848,0.2623,,0.4658,0.6013,0.274
20250304,1537.0078,1560.2432,1566.7539,1530.7742,1538081.0,-25590.0,1284277.0,4.0,0.0,91946.0,0.0,0.0,-3.0,0.0,-139328.0,1554.02686,1541.08236,1507.904685,12.94450000000029,46.1221750000002,1526.987742301587,1504.778545912699,1415518.8,,,2.495102413212159,2.355134099304974,4.850236512517133,4.0,91946.0,-3.0,-139328.0,-0.016637615314147956,-0.9898657826354258,0.2513,,0.4384,0.6013,0.263
20250305,1483.9197,1535.1415,1540.2087,1478.0522,1566407.0,28326.0,1852229.0,4.0,0.0,121013.0,0.0,0.0,-3.0,0.0,-153032.0,1546.31198,1537.75507,1509.098815,8.556910000000016,37.21316500000012,1526.32859984127,1508.890671904762,1483281.6,2222674.8,,2.548289660370948,2.382513444813055,4.930803105184003,4.0,121013.0,-3.0,-153032.0,0.018083422763049452,-1.1244739759268467,0.2605,,0.5342,0.68,0.23
20250306,1485.7393,1482.1988,1489.2359,1465.2443,1575982.0,9575.0,1335872.0,4.0,0.0,124074.0,0.0,0.0,-3.0,0.0,-162102.0,1529.88254,1531.85245,1511.110545,-1.9699099999998,18.77199500000006,1523.672705634921,1512.258575952381,1466195.8,,,2.450976247834557,2.382513444813055,4.833489692647612,4.0,124074.0,-3.0,-162102.0,0.006075577005321127,-0.918877589704382,0.2602,,0.5616,0.696,0.278
20250307,1456.4619,1483.0198,1490.6521,1450.2551,1622685.0,46703.0,1327359.0,5.0,0.0,149010.0,0.0,0.0,-3.0,0.0,-168104.0,1505.0382,1524.57109,1510.549145,-19.53288999999972,-5.510944999999765,1519.40692468254,1514.774900873016,1481700.6,,,2.336255611976037,2.382513444813055,4.718769056789093,5.0,149010.0,-3.0,-168104.0,0.028781309989307845,-0.9295931920070528,0.26,,0.5753,0.7213,0.275
20250310,1450.9184,1455.9637,1468.73,1434.2387,1621914.0,-771.0,1179465.0,5.0,0.0,144453.0,0.0,0.0,-3.0,0.0,-156635.0,1482.80942,1515.90565,1509.33571,-33.09623000000011,-26.52629000000002,1513.862849444444,1516.327999253968,1497789.8,,0.303485,2.408604388371925,2.382938330976112,4.791542719348037,5.0,144453.0,-3.0,-156635.0,-0.00047536429181818516,-1.0362974905515934,0.2639,,0.6301,0.7307,0.244
20250311,1448.1466,1454.152,1466.3136,1444.4536,1610245.0,-11669.0,876712.0,5.0,0.0,132040.0,-68.0,0.0,-3.0,0.0,-169564.0,1465.03718,1509.53202,1508.37102,-44.49484000000029,-43.33384000000024,1508.308761904762,1517.065771047619,1453200.4,,,2.389269403611278,2.382938330976112,4.77220773458739,5.0,131972.0,-3.0,-169564.0,-0.0072467233247114566,-0.9537544005162149,0.2605,,0.6164,0.708,0.268
20250312,1448.4689,1452.4608,1461.5636,1433.0604,1622203.0,11958.0,1026310.0,4.0,0.0,137659.0,0.0,0.0,-3.0,0.0,-200159.0,1457.94702,1502.1295,1506.70363,-44.18247999999994,-48.75661000000014,1502.71507031746,1516.98860884127,1409729.2,,,2.35389950128252,2.382938330976112,4.736837832258632,4.0,137659.0,-3.0,-200159.0,0.007371457209732691,-0.9775749244300542,0.254,,0.6438,0.732,0.261
20250313,1457.5818,1453.0536,1460.469,1433.0485,1618105.0,-4098.0,1125762.0,4.0,0.0,126189.0,0.0,0.0,-3.0,0.0,-196593.0,1452.31552,1491.09903,1507.65371,-38.78350999999975,-55.33818999999994,1497.41279515873,1515.833410023809,1348123.7,,,2.35114377883859,2.376779786408461,4.727923565247051,4.0,126189.0,-3.0,-196593.0,-0.0025325921370986434,-0.9707469582243236,0.2492,,0.6575,0.8133,0.262
20250314,1464.9512,1456.0707,1473.4346,1444.3518,1600164.0,-17941.0,987820.0,4.0,0.0,118227.0,0.0,0.0,-3.0,0.0,-192822.0,1454.01338,1479.52579,1507.364155,-25.51241000000027,-53.35077500000011,1492.866411269841,1513.463593452381,1272038.7,,,2.343985579319104,2.376779786408461,4.720765365727566,4.0,118227.0,-3.0,-192822.0,-0.011211975772483321,-0.9764539436188852,0.257,,0.4932,0.632,0.261
20250317,1448.0412,1468.3644,1475.6328,1441.2024,1665249.0,65085.0,1210590.0,4.0,0.0,139561.0,0.0,0.0,-3.0,0.0,-184902.0,1453.43794,1468.12368,1503.557415,-14.68574000000012,-50.11947499999997,1488.029781746032,1509.959164230159,1220639.6,,0.301415,2.322413993831691,2.377411764271382,4.699825758103072,4.0,139561.0,-3.0,-184902.0,0.039084245058847056,-0.6538341470075246,0.2621,,0.5068,0.64,0.3
20250318,1435.6505,1445.4586,1457.6116,1433.8592,1667746.0,2497.0,938438.0,4.0,0.0,134437.0,0.0,0.0,-3.0,0.0,-178650.0,1450.93872,1457.98795,1499.535155,-7.04923000000008,-48.59643499999993,1481.99757436508,1505.460147436508,1186055.7,,,2.333959141567872,2.377411764271382,4.711370905839253,4.0,134437.0,-3.0,-178650.0,0.0014972303935971065,-0.6284782586905837,0.2603,,0.5068,0.652,0.302
20250319,1437.2203,1439.4297,1440.8512,1421.5111,1651146.0,-16600.0,983723.0,4.0,0.0,116976.0,0.0,0.0,-3.0,0.0,-171228.0,1448.689,1453.31801,1495.53654,-4.629010000000108,-46.84754000000021,1475.662316349207,1500.393519087301,1099205.1,,,2.175720091945375,2.376779786408461,4.552499878353837,4.0,116976.0,-3.0,-171228.0,-0.010053623362198134,-0.6519854318589191,0.2582,,0.5205,0.6667,0.299
20250320,1448.4669,1442.0771,1449.8821,1429.4273,1607617.0,-43529.0,817927.0,4.0,0.0,115318.0,0.0,0.0,-3.0,0.0,-163037.0,1446.86602,1449.59077,1490.72161,-2.724750000000085,-43.85559000000012,1470.780522301587,1495.104300753968,1047410.6,,,2.172288304162996,2.376779786408461,4.549068090571458,4.0,115318.0,-3.0,-163037.0,-0.027076722876157693,-0.5980900435780283,0.2555,,0.5068,0.6733,0.302
20250321,1426.8115,1449.2719,1449.2719,1412.8139,1649816.0,42199.0,1188658.0,4.0,0.0,135109.0,0.0,0.0,-3.0,0.0,-163201.0,1439.23808,1446.62573,1485.59841,-7.387650000000349,-46.3603300000002,1465.037161666667,1489.667324452381,1033540.5,,,2.145528504870382,2.376779786408461,4.522308291278843,4.0,135109.0,-3.0,-163201.0,0.02557800385012632,-0.6979227635817865,0.2457,,0.5342,0.6813,0.295
20250324,1461.6066,1427.67,1466.8898,1420.6379,1575627.0,-74189.0,1446664.0,4.0,0.0,110798.0,0.0,0.0,-3.0,0.0,-147312.0,1441.95116,1447.69455,1481.8001,-5.743389999999863,-39.84893999999986,1461.55164547619,1484.436204055556,1060260.4,1735996.8,,2.203944359828741,2.376779786408461,4.580724146237203,4.0,110798.0,-3.0,-147312.0,-0.04708538251756285,-0.5080023859788064,0.2592,,0.6986,0.872,0.309
20250325,1453.1519,1461.379,1464.6986,1439.5504,1595755.0,20128.0,933236.0,4.0,0.0,119201.0,0.0,0.0,-3.0,0.0,-149433.0,1445.45144,1448.19508,1478.86355,-2.743639999999914,-33.41210999999998,1458.748093333333,1479.480137198413,1065912.8,,0.30866,2.025182332108147,2.376779786408461,4.401962118516608,4.0,119201.0,-3.0,-149433.0,0.012613465099592356,-0.5597139854448228,0.2684,,0.6575,0.8467,0.305
20250326,1442.92,1453.0554,1465.9229,1441.6041,1589463.0,-6292.0,940035.0,4.0,0.0,113653.0,0.0,0.0,-3.0,0.0,-146216.0,1446.59138,1447.64019,1474.884845,-1.048809999999776,-28.29346499999974,1455.597303571429,1474.768360523809,1057285.3,,,2.031071609606549,2.376779786408461,4.40785139601501,4.0,113653.0,-3.0,-146216.0,-0.003958569655286093,-0.6361562438875913,0.2599,,0.6438,0.812,0.296
20250327,1434.5599,1441.71,1447.1272,1431.339,1648809.0,59346.0,888701.0,4.0,0.0,135108.0,0.0,0.0,-3.0,0.0,-159339.0,1443.80998,1445.338,1468.218515,-1.528020000000197,-24.40853500000003,1451.946758015873,1470.221756809524,1033579.2,,,1.911793480302684,2.355134099304974,4.266927579607658,4.0,135108.0,-3.0,-159339.0,0.03599325331193607,-0.6516116267774907,0.2477,,0.6438,0.7787,0.295
20250328,1410.3843,1433.4059,1437.0837,1403.6424,1788037.0,139228.0,1229305.0,4.0,0.0,153203.0,0.0,0.0,-3.0,0.0,-188198.0,1440.52454,1439.88131,1459.70355,0.6432299999996758,-19.17901000000006,1447.08698452381,1465.643814134921,1057727.7,,,1.910432948888377,2.373244907351488,4.283677856239865,4.0,153203.0,-3.0,-188198.0,0.07786639761928864,-0.649373333038052,0.2431,,0.6164,0.7493,0.295
20250331,1391.7586,1409.2055,1413.4986,1387.8797,1821303.0,33266.0,1133941.0,4.0,0.0,156118.0,0.0,0.0,-3.0,0.0,-178809.0,1426.55494,1434.25305,1451.188365,-7.698109999999815,-24.63342499999999,1441.010714126984,1460.941907373016,1050062.8,,,1.934419940316562,2.373244907351488,4.307664847668049,4.0,156118.0,-3.0,-178809.0,0.01826494548133946,-0.7117325314553866,0.2387,,0.5616,0.7213,0.289
20250401,1406.3835,1393.3916,1420.5154,1389.9912,1761365.0,-59938.0,1126469.0,4.0,0.0,146075.0,0.0,0.0,-3.0,0.0,-169994.0,1417.20126,1431.32635,1444.65715,-14.12509,-27.45589000000018,1436.36057984127,1456.378207920635,1068865.9,,,1.948511294636212,2.373244907351488,4.3217562019877,4.0,146075.0,-3.0,-169994.0,-0.03402928978377565,-0.6369972033959842,0.2166,,0.5068,0.684,0.295
20250402,1411.6038,1405.4661,1411.9508,1393.3201,1763850.0,2485.0,889973.0,4.0,0.0,145080.0,0.0,0.0,-3.0,0.0,-167638.0,1410.93802,1428.7647,1441.041355,-17.82668000000012,-30.10333499999979,1432.524813095238,1452.064457595238,1059490.9,,,1.909186266784571,2.373244907351488,4.282431174136059,4.0,145080.0,-3.0,-167638.0,0.0014088499588967315,-0.7114516150156225,0.2049,,0.4384,0.616,0.288
20250403,1399.1655,1411.1625,1418.5281,1395.1157,1747557.0,-16293.0,987164.0,4.0,0.0,141042.0,0.0,0.0,-3.0,0.0,-174107.0,1403.85914,1423.83456,1436.712665,-19.97541999999999,-32.85352499999999,1428.876656904762,1447.874071055556,1076414.6,,,1.887122646056026,2.373244907351488,4.260367553407514,4.0,141042.0,-3.0,-174107.0,-0.009323301042541102,-0.5705146467104807,0.196,,0.411,0.612,0.304
20250407,1378.4916,1362.858,1392.8287,1348.9173,1617514.0,-130043.0,1207580.0,4.0,0.0,118999.0,0.0,0.0,-3.0,0.0,-154017.0,1397.4806,1419.00257,1432.81415,-21.52197000000001,-35.33354999999983,1422.703766904762,1443.640731579365,1078306.8,,,1.973039668741193,2.376779786408461,4.349819455149655,4.0,118999.0,-3.0,-154017.0,-0.08039683118662343,-0.6695858549717701,0.2385,,0.3836,0.604,0.288
20250408,1349.9811,1380.7031,1395.3717,1341.6664,1630122.0,12608.0,1389759.0,4.0,0.0,133434.0,0.0,0.0,-3.0,0.0,-174918.0,1389.1251,1407.84002,1427.767285,-18.71492000000012,-38.64218499999993,1415.772948730159,1439.062861904762,1072616.3,1667710.8,0.33856,2.132431092891522,2.376779786408461,4.509210879299983,4.0,133434.0,-3.0,-174918.0,0.007734390432127166,-0.7598246112713748,0.2944,,0.589,0.836,0.282
20250409,1343.3662,1350.7576,1352.5189,1295.5147,1483386.0,-146736.0,1999188.0,4.0,0.0,95269.0,0.0,0.0,-3.0,0.0,-142058.0,1376.52164,1396.86145,1422.528265,-20.33980999999972,-46.00662499999976,1407.145261111111,1433.90257868254,1179211.5,2399025.6,0.411125,2.333180998375221,2.376779786408461,4.709960784783682,4.0,95269.0,-3.0,-142058.0,-0.09891963386468526,-0.7986343016334978,0.3575,,0.5479,0.8347,0.279
20250410,1348.9848,1338.546,1371.9118,1334.3757,1490756.0,7370.0,1346852.0,4.0,0.0,89300.0,0.0,0.0,-3.0,0.0,-137925.0,1363.99784,1387.46793,1417.55406,-23.47009000000003,-53.55621999999994,1400.009795555555,1428.343827880953,1219893.2,,,2.431874880898451,2.377411764271382,4.809286645169832,4.0,89300.0,-3.0,-137925.0,0.004943800326814046,-0.7296297053582621,0.3469,,0.5205,0.7973,0.283
20250411,1353.9338,1344.3283,1360.0493,1339.7599,1481736.0,-9020.0,822956.0,4.0,0.0,91118.0,0.0,0.0,-3.0,0.0,-126522.0,1354.9515,1379.40532,1412.37166,-24.45381999999972,-57.4201599999999,1393.592462460318,1422.508398325397,1213318.7,,,2.358372934670286,2.377411764271382,4.735784698941668,4.0,91118.0,-3.0,-126522.0,-0.006087454175372671,-0.6755426685293906,0.2377,,0.5068,0.768,0.287
20250414,1364.5193,1358.2501,1370.0304,1350.6712,1469850.0,-11886.0,798528.0,4.0,0.0,87548.0,0.0,0.0,-3.0,0.0,-116309.0,1352.15704,1374.81882,1407.350065,-22.66177999999991,-55.19302500000003,1388.806988492064,1416.680398722222,1170241.0,,,2.232133715176868,2.376779786408461,4.608913501585329,4.0,87548.0,-3.0,-116309.0,-0.008086539442800286,-0.6583021095829786,0.2302,,0.4658,0.74,0.289
20250415,1358.2417,1365.0704,1365.0704,1343.2516,1477766.0,7916.0,914202.0,4.0,0.0,82753.0,0.0,0.0,-3.0,0.0,-137369.0,1353.80916,1371.46713,1402.86009,-17.65796999999998,-49.05092999999988,1384.073603571429,1410.986687666667,1148267.1,,,2.225890242635848,2.376779786408461,4.60267002904431,4.0,82753.0,-3.0,-137369.0,0.00535673442209389,-0.625856134366285,0.2255,,0.4795,0.756,0.298
20250416,1346.0078,1357.5109,1359.2853,1344.46,1500057.0,22291.0,717815.0,4.0,0.0,101754.0,0.0,0.0,-3.0,0.0,-141659.0,1354.33748,1365.42956,1398.377955,-11.09208000000012,-44.04047500000001,1378.94607468254,1405.245237150794,1107401.7,,,2.187872957004597,2.376779786408461,4.564652743413059,4.0,101754.0,-3.0,-141659.0,0.014860101982791321,-0.7399686691115542,0.2306,,0.5068,0.7147,0.278
20250417,1350.4918,1350.7583,1360.2782,1332.9515,1521549.0,21492.0,924688.0,3.0,0.0,83055.0,0.0,0.0,-3.0,0.0,-137411.0,1354.63888,1359.31836,1394.04153,-4.679480000000012,-39.40264999999999,1374.167378571428,1399.409493698413,1110873.2,,,2.257500733683952,2.373244907351488,4.63074564103544,3.0,83055.0,-3.0,-137411.0,0.01412507911345609,-0.7540246606320324,0.225,,0.4384,0.544,0.277
20250418,1318.4333,1349.2569,1349.7847,1311.328,1564610.0,43061.0,1199344.0,3.0,0.0,101341.0,0.0,0.0,-3.0,0.0,-164166.0,1347.53878,1351.24514,1387.53985,-3.706359999999904,-40.0010699999998,1367.907891269841,1393.312617134921,1132091.2,,0.274275,2.298283885916333,2.376779786408461,4.675063672324795,3.0,101341.0,-3.0,-164166.0,0.02752187446072823,-0.8005317105749326,0.2385,,0.3973,0.5173,0.271
20250421,1332.1362,1316.9059,1340.1277,1313.0337,1530302.0,-34308.0,888449.0,3.0,0.0,93933.0,0.0,0.0,-3.0,0.0,-151905.0,1341.06216,1346.6096,1382.806085,-5.547440000000051,-41.74392499999999,1361.970385,1387.239278944444,1100178.1,,,2.313211127353304,2.373244907351488,4.686456034704792,3.0,93933.0,-3.0,-151905.0,-0.022419104202961247,-0.7776292337499013,0.2303,,0.3836,0.4613,0.274
20250422,1310.2877,1331.9149,1336.6809,1305.8053,1580686.0,50384.0,894797.0,4.0,0.0,127598.0,0.0,0.0,-3.0,0.0,-184887.0,1331.47136,1342.64026,1375.24014,-11.16889999999989,-43.76878000000011,1355.768959444444,1381.238880015873,1050681.9,,,2.326784611370395,2.362269977192206,4.689054588562601,4.0,127598.0,-3.0,-184887.0,0.03187476829680278,-0.7411570384595604,0.2355,,0.3425,0.436,0.277
20250423,1365.7132,1311.6684,1366.7225,1309.8607,1486499.0,-94187.0,1757892.0,4.0,0.0,62824.0,0.0,0.0,-3.0,0.0,-139593.0,1335.41244,1344.87496,1370.868205,-9.462519999999813,-35.45576499999993,1353.03970984127,1375.828324888889,1026552.3,2109470.4,0.2777249999999999,2.534498070112329,2.362269977192206,4.896768047304535,4.0,62824.0,-3.0,-139593.0,-0.06336163024663992,-0.643646656615295,0.2415,,0.3151,0.4027,0.292
20250424,1373.7332,1366.4406,1376.3604,1351.6355,1474682.0,-11817.0,1185046.0,3.0,0.0,55636.0,0.0,0.0,-3.0,0.0,-127734.0,1340.06072,1347.3498,1367.408865,-7.289080000000013,-27.34814499999993,1352.860879444444,1371.113433277778,1010371.7,,,2.54485610880649,2.362269977192206,4.907126085998696,3.0,55636.0,-3.0,-127734.0,-0.008013253026754243,-0.567789554560484,0.2381,,0.3562,0.4573,0.304
20250425,1361.3794,1370.8603,1376.3389,1353.7023,1461320.0,-13362.0,1140615.0,3.0,0.0,61131.0,0.0,0.0,-3.0,0.0,-153910.0,1348.64994,1348.09436,1363.74984,0.5555799999999635,-15.09989999999993,1352.590872539683,1367.013274285714,1042137.6,,,2.40089352189475,2.362269977192206,4.763163499086955,3.0,61131.0,-3.0,-153910.0,-0.009143787808282922,-0.6175623906720323,0.2371,,0.3562,0.4573,0.297
20250428,1360.3658,1352.6595,1384.5877,1352.6595,1466571.0,5251.0,1251793.0,3.0,0.0,77095.0,0.0,0.0,-3.0,0.0,-159556.0,1354.29586,1347.67901,1361.248915,6.616849999999658,-6.953055000000177,1352.404892619048,1363.373064698413,1087464.1,,,2.284275040174256,2.362269977192206,4.646545017366462,3.0,77095.0,-3.0,-159556.0,0.003580460816421435,-0.6324023983034118,0.2328,,0.3699,0.4493,0.294
20250429,1374.2033,1366.0184,1377.5403,1359.6628,1384375.0,-82196.0,1215556.0,3.0,0.0,49902.0,0.0,0.0,-3.0,0.0,-119756.0,1367.07898,1349.27517,1360.37115,17.80380999999966,6.707829999999831,1353.229514365079,1360.288655777778,1117599.5,,,2.073733777282054,2.35077769842112,4.424511475703174,3.0,49902.0,-3.0,-119756.0,-0.05937408577878104,-0.6264186788989796,0.2299,,0.3836,0.432,0.295
20250430,1353.7372,1373.0892,1374.6971,1336.9629,1228374.0,-156001.0,1640860.0,2.0,0.0,55187.0,0.0,0.0,-3.0,0.0,-129159.0,1364.68378,1350.04811,1357.738835,14.63566999999966,6.944944999999962,1353.049310714286,1357.698979380952,1209904.0,1969032.0,,2.074259840324862,2.362269977192206,4.436529817517068,2.0,55187.0,-3.0,-129159.0,-0.12699796641739405,-0.8027760670278469,0.2357,,0.4247,0.484,0.265
20250506,1330.5393,1349.7671,1364.5099,1320.9506,1342696.0,114322.0,795594.0,3.0,0.0,68205.0,0.0,0.0,-3.0,0.0,-143728.0,1356.045,1348.05286,1353.68561,7.992139999999836,2.359389999999848,1351.222946587302,1355.40453618254,1196994.6,,,2.199949933833127,2.362269977192206,4.562219911025332,3.0,68205.0,-3.0,-143728.0,0.08514362148989793,-0.6923843579055358,0.2313,,0.4384,0.5347,0.28
20250507,1323.103,1330.6436,1353.6429,1316.4792,1505165.0,162469.0,1350090.0,3.0,0.0,78215.0,0.0,0.0,-3.0,0.0,-171002.0,1348.38972,1348.51983,1349.882485,-0.1301100000000588,-1.492764999999963,1348.917630079365,1353.505510063492,1212069.2,,,2.299193054985144,2.373528164793526,4.672721219778669,3.0,78215.0,-3.0,-171002.0,0.10794098985825475,-0.54501228865795,0.228,,0.4384,0.568,0.306
20250508,1323.5703,1318.5305,1328.5267,1296.1034,1552870.0,47705.0,1703342.0,3.0,0.0,80131.0,0.0,0.0,-3.0,0.0,-172546.0,1341.03062,1347.66324,1347.13642,-6.632619999999861,-6.105800000000045,1345.865770714286,1351.895048634921,1293558.5,2044010.4,,2.359763832846586,2.373528164793526,4.733291997640112,3.0,80131.0,-3.0,-172546.0,0.030720536812482692,-0.5385079201855423,0.2338,,0.5205,0.6267,0.306
20250509,1305.3912,1318.515,1330.1513,1300.5352,1586569.0,33699.0,1078503.0,3.0,0.0,79222.0,0.0,0.0,-3.0,0.0,-180050.0,1327.2682,1347.17359,1344.906925,-19.9053899999999,-17.63872500000002,1342.442887063492,1350.562441396826,1311929.1,,,2.443611911694017,2.373528164793526,4.817140076487544,3.0,79222.0,-3.0,-180050.0,0.02124017297703409,-0.3624176535835523,0.2344,,0.6986,0.808,0.325
20250512,1315.5484,1301.1654,1322.2252,1286.7312,1620361.0,33792.0,1765807.0,3.0,0.0,80775.0,0.0,0.0,-3.0,0.0,-165200.0,1319.63044,1342.15711,1343.516035,-22.52667000000019,-23.88559500000019,1338.910522619047,1349.149522674603,1312720.6,2118968.4,,2.49172964690927,2.373528164793526,4.865257811702796,3.0,80775.0,-3.0,-165200.0,0.020854612027813555,-0.4269593135671747,0.2306,,0.7397,0.9013,0.315
20250513,1289.6292,1324.2714,1334.8593,1285.8351,1757475.0,137114.0,1666869.0,4.0,0.0,146479.0,0.0,0.0,-3.0,0.0,-204006.0,1311.44842,1333.74671,1340.548255,-22.29828999999972,-29.09983499999998,1335.032357142857,1347.366670444444,1360902.9,2000242.8,0.27485,2.548238699944585,2.377411764271382,4.925650464215966,4.0,146479.0,-3.0,-204006.0,0.07801761049232564,-0.45160786738074,0.239,,0.7534,0.9067,0.312
20250514,1341.6285,1285.3155,1344.529,1281.2245,1590354.0,-167121.0,2435618.0,4.0,0.0,46868.0,0.0,0.0,-3.0,0.0,-135814.0,1315.15352,1331.77162,1339.93299,-16.61809999999991,-24.77946999999972,1333.232596190476,1345.430842809524,1490403.2,2922741.6,0.279105,2.740288145179731,2.377411764271382,5.117699909451112,4.0,46868.0,-3.0,-135814.0,-0.10508415107579822,-0.5268678883434184,0.2427,,0.4932,0.6347,0.305
20250515,1325.2406,1339.955,1349.1147,1319.2592,1704832.0,114478.0,1860098.0,4.0,0.0,100450.0,0.0,0.0,-3.0,0.0,-186501.0,1315.48758,1328.2591,1337.969055,-12.77152000000001,-22.48147500000005,1332.444970873016,1343.434850634921,1551233.7,,,2.732659735394074,2.373528164793526,5.106187900187599,4.0,100450.0,-3.0,-186501.0,0.0671491384488325,-0.4493510443289743,0.2392,,0.411,0.5707,0.312
20250516,1288.8442,1320.4055,1324.573,1288.8442,1825835.0,121003.0,1652574.0,4.0,0.0,138269.0,0.0,0.0,-3.0,0.0,-252754.0,1312.17818,1319.72319,1334.49918,-7.54500999999982,-22.32099999999991,1328.83832484127,1340.99573168254,1594935.5,,0.28405,2.634278009408049,2.373528164793526,5.007806174201574,4.0,138269.0,-3.0,-252754.0,0.06627269167257721,-0.4850495456036899,0.247,,0.3973,0.5333,0.307
20250519,1283.2084,1282.2299,1304.4497,1272.4529,1957889.0,132054.0,1745617.0,4.0,0.0,173766.0,0.0,0.0,-3.0,0.0,-277566.0,1305.71018,1312.67031,1331.35921,-6.960129999999936,-25.64903000000004,1323.998617460318,1338.090662357143,1605411.2,,0.29164,2.686261067059494,2.377411764271382,5.063672831330877,4.0,173766.0,-3.0,-277566.0,0.06744713311122337,-0.2928921960239691,0.2536,,0.3973,0.4947,0.331
20250520,1279.2551,1279.6058,1291.0696,1271.5673,1969781.0,11892.0,1083513.0,4.0,0.0,159625.0,0.0,0.0,-3.0,0.0,-278772.0,1303.63536,1307.54189,1327.797375,-3.906529999999975,-24.16201500000011,1319.148217460317,1334.883189444444,1634203.1,,,2.681242068317993,2.377411764271382,5.058653832589375,4.0,159625.0,-3.0,-278772.0,0.006037219366010739,-0.3028542064020234,0.253,,0.274,0.448,0.329
20250521,1286.5268,1276.6904,1288.1683,1268.9887,1933651.0,-36130.0,1030729.0,4.0,0.0,156660.0,0.0,0.0,-3.0,0.0,-267761.0,1292.61502,1303.88427,1326.20205,-11.26925000000006,-33.58703000000014,1314.636923333333,1331.455118769841,1602267.0,,0.29187,2.62278089070201,2.373528164793526,4.996309055495536,4.0,156660.0,-3.0,-267761.0,-0.018684860918542177,-0.2665069931467071,0.2538,,0.274,0.448,0.336
20250522,1284.3705,1283.0853,1294.178,1276.8828,1911871.0,-21780.0,1039558.0,4.0,0.0,146659.0,0.0,0.0,-3.0,0.0,-259096.0,1284.441,1299.96429,1323.813765,-15.52329000000009,-39.37276500000007,1310.714086428571,1327.93995034127,1535888.6,,,2.632457705527441,2.373528164793526,5.005985870320966,4.0,146659.0,-3.0,-259096.0,-0.011391981990416718,-0.2308968746827947,0.2439,,0.3151,0.4373,0.34
20250523,1253.3815,1280.7471,1287.3438,1253.3815,2025607.0,113736.0,1346667.0,4.0,0.0,181151.0,0.0,0.0,-3.0,0.0,-283211.0,1277.34846,1294.76332,1320.968455,-17.41486000000009,-43.61999500000002,1304.761922142857,1324.171853849206,1562705.0,,,2.626258780947283,2.377411764271382,5.003670545218665,4.0,181151.0,-3.0,-283211.0,0.0561490950613816,-0.2880943229066759,0.2449,,0.2603,0.4373,0.331
20250526,1251.0976,1251.0778,1268.4283,1249.3989,2027255.0,1648.0,1299036.0,4.0,0.0,178970.0,0.0,0.0,-3.0,0.0,-265370.0,1270.9263,1288.31824,1315.237675,-17.39193999999998,-44.31137499999977,1298.354588095238,1320.116260396825,1516027.9,,,2.502608246592923,2.373528164793526,4.876136411386449,4.0,178970.0,-3.0,-265370.0,0.0008129219067162246,-0.188729030355731,0.2367,,0.2329,0.448,0.347
20250527,1227.6736,1250.5475,1256.7073,1222.5904,2116538.0,89283.0,1535944.0,4.0,0.0,166511.0,0.0,0.0,-3.0,0.0,-296157.0,1260.61,1282.12268,1307.934695,-21.51267999999982,-47.32469500000002,1290.746870396825,1315.687711722222,1502935.4,,,2.498960710621768,2.377411764271382,4.876372474893151,4.0,166511.0,-3.0,-296157.0,0.04218350910779774,-0.185440957359725,0.2447,,0.2055,0.448,0.348
20250528,1214.2636,1225.2531,1232.6112,1206.3757,2121460.0,4922.0,1195338.0,4.0,0.0,165985.0,0.0,0.0,-3.0,0.0,-297029.0,1246.15736,1269.38619,1300.578905,-23.22883000000002,-54.42154499999992,1281.955552698413,1310.560007373016,1378907.4,,0.28198,2.479701504606652,2.373528164793526,4.853229669400179,4.0,165985.0,-3.0,-297029.0,0.0023201003082782613,-0.230783322739642,0.2452,,0.2055,0.4267,0.338
20250529,1203.8083,1210.9129,1221.1528,1186.0434,2047604.0,-73856.0,1990353.0,4.0,0.0,152313.0,0.0,0.0,-3.0,0.0,-260232.0,1230.04492,1257.24296,1292.75103,-27.19803999999999,-62.70610999999985,1272.589449920635,1304.574455277778,1391932.9,2388423.6,0.29532,2.52460196884568,2.377411764271382,4.902013733117061,4.0,152313.0,-3.0,-260232.0,-0.03606947437102096,-0.1821742428871359,0.2568,0.37647058823529395,0.1781,0.4267,0.348
20250530,1198.666,1199.8634,1212.7167,1185.2755,1970420.0,-77184.0,1630920.0,4.0,0.0,145981.0,0.0,0.0,-3.0,0.0,-261104.0,1219.10182,1248.22514,1283.974165,-29.12331999999992,-64.872345,1263.565746269841,1298.047197420635,1389767.5,,,2.495822064155026,2.373528164793526,4.869350228948552,4.0,145981.0,-3.0,-261104.0,-0.03917134418042854,-0.1239110687487942,0.2559,0.37089783281733757,0.2329,0.4093,0.36
20250603,1183.9675,1185.6956,1190.1179,1174.3698,1992238.0,21818.0,959134.0,4.0,0.0,147165.0,0.0,0.0,-3.0,0.0,-240031.0,1205.6758,1238.30105,1275.48568,-32.62525000000005,-69.80988000000002,1253.828684365079,1291.030204111111,1311119.2,,,2.370461963302755,2.373528164793526,4.74399012809628,4.0,147165.0,-3.0,-240031.0,0.0109515027822981,-0.0208969695718102,0.2555,0.368421052631579,0.2192,0.4147,0.377
20250604,1223.8504,1184.11,1229.8942,1184.11,1901677.0,-90561.0,2399733.0,4.0,0.0,108946.0,0.0,0.0,-3.0,0.0,-203411.0,1204.91116,1232.76058,1270.151235,-27.84942000000001,-65.2400749999997,1247.499461984127,1283.865328563492,1442741.2,2879679.6,0.296125,2.287133658175464,2.373528164793526,4.66066182296899,4.0,108946.0,-3.0,-203411.0,-0.04762165183677354,-0.0735203204960354,0.2575,0.3808049535603716,0.2329,0.408,0.368
20250605,1202.4464,1213.1964,1217.3356,1188.4105,1985909.0,84232.0,1638075.0,4.0,0.0,147759.0,0.0,0.0,-3.0,0.0,-247283.0,1202.54772,1224.35254,1264.118405,-21.80481999999984,-61.57068499999991,1241.13157531746,1276.514793761905,1503475.8,,0.297505,2.335420256731468,2.377411764271382,4.71283202100285,4.0,147759.0,-3.0,-247283.0,0.04241483371091022,-0.1425200249800812,0.2587,0.38823529411764696,0.2192,0.4093,0.352
20250606,1209.4219,1198.415,1222.3307,1197.8728,1951991.0,-33918.0,1889892.0,4.0,0.0,119874.0,0.0,0.0,-3.0,0.0,-227513.0,1203.67044,1216.85768,1258.410985,-13.18723999999997,-54.74054499999988,1235.675358333333,1269.010920952381,1588509.2,,,2.277139758034962,2.373528164793526,4.650667922828488,4.0,119874.0,-3.0,-227513.0,-0.017376104705400793,-0.1550582158725449,0.2558,0.37027863777089803,0.2329,0.424,0.347
20250609,1200.9059,1205.1642,1230.409,1194.3297,2082189.0,130198.0,1997776.0,4.0,0.0,133497.0,0.0,0.0,-3.0,0.0,-273658.0,1204.11842,1211.61012,1253.18672,-7.49169999999981,-49.06830000000014,1230.496549126984,1261.584383650793,1653620.1,2397331.2,,2.311731913529343,2.373735256493389,4.685467170022732,4.0,133497.0,-3.0,-273658.0,0.06252938614121965,-0.0455381151103137,0.2512,0.3417956656346748,0.2055,0.4267,0.373
20250610,1204.532,1195.1602,1213.0244,1195.1602,2021440.0,-60749.0,1562742.0,4.0,0.0,109785.0,0.0,0.0,-3.0,0.0,-238491.0,1208.23132,1206.95356,1247.6359,1.277760000000171,-39.4045799999999,1225.629924285715,1254.311917269841,1679990.7,,,2.312252754636479,2.373735256493389,4.685988011129869,4.0,109785.0,-3.0,-238491.0,-0.030052338926705714,-0.1491860281304155,0.2434,0.29349845201238395,0.2055,0.428,0.349
20250611,1198.3826,1202.5286,1210.2347,1187.923,2089338.0,67898.0,1440514.0,4.0,0.0,140321.0,0.0,0.0,-3.0,0.0,-263033.0,1203.13776,1204.02446,1243.07357,-0.8867000000000189,-39.93580999999995,1220.777880396825,1247.315018269841,1670447.7,,,2.342564574280013,2.373735256493389,4.716299830773402,4.0,140321.0,-3.0,-263033.0,0.03249737476655285,-0.1974255655313846,0.2336,0.23281733746130032,0.1918,0.4293,0.336
20250612,1173.1282,1195.6077,1195.8704,1170.094,2197585.0,108247.0,1516720.0,4.0,0.0,179944.0,0.0,0.0,-3.0,0.0,-289175.0,1197.27412,1199.91092,1234.648555,-2.636799999999766,-37.37443500000018,1214.782575317461,1240.597720531746,1702585.9,,,2.422817752096269,2.39118616431596,4.814003916412229,4.0,179944.0,-3.0,-289175.0,0.0492572528480127,-0.3693385062570068,0.2322,0.22414860681114543,0.1918,0.4307,0.304
20250613,1156.0326,1168.4974,1176.8595,1153.5743,2197572.0,-13.0,2231567.0,4.0,0.0,187007.0,0.0,0.0,-3.0,0.0,-280520.0,1186.59626,1195.13335,1226.188155,-8.537090000000035,-39.59189500000025,1207.782691269841,1234.117044666667,1726707.3,2677880.4,,2.373444376170653,2.39118616431596,4.764630540486614,4.0,187007.0,-3.0,-280520.0,-5.915619601997113e-06,-0.4198248769147861,0.2444,0.2996904024767802,0.2192,0.436,0.299
20250616,1172.3285,1152.447,1175.0056,1151.3888,2139615.0,-57957.0,1374312.0,4.0,0.0,154354.0,0.0,0.0,-3.0,0.0,-217766.0,1180.88078,1192.4996,1220.36237,-11.61881999999991,-39.4815900000001,1201.790021746032,1227.939472214286,1701046.5,,,2.411948663063975,2.387199018988172,4.799147682052147,4.0,154354.0,-3.0,-217766.0,-0.027087583513856466,-0.3701227806474267,0.2311,0.2173374613003096,0.2192,0.4373,0.303
20250617,1157.9885,1165.1841,1172.882,1154.5582,2180900.0,41285.0,1123621.0,4.0,0.0,165269.0,0.0,0.0,-3.0,0.0,-248801.0,1171.57208,1189.9017,1214.101375,-18.3296200000002,-42.52929500000005,1195.995000079365,1222.156103785714,1717495.2,,,2.327442281316006,2.387199018988172,4.714641300304178,4.0,165269.0,-3.0,-248801.0,0.01893025815030492,-0.4631353431821355,0.2345,0.23839009287925686,0.2329,0.4387,0.289
20250618,1167.9183,1155.4885,1176.5789,1155.4885,2116946.0,-63954.0,1192546.0,4.0,0.0,152948.0,0.0,0.0,-3.0,0.0,-229715.0,1165.47922,1184.30849,1208.534535,-18.82926999999995,-43.05531500000006,1191.197808809524,1216.525938468254,1596776.5,,,2.303024171595803,2.387199018988172,4.690223190583975,4.0,152948.0,-3.0,-229715.0,-0.030210501354309464,-0.3976154242915604,0.2274,0.19442724458204327,0.2877,0.4507,0.299
20250619,1173.8406,1165.6922,1182.113,1165.2772,2097787.0,-19159.0,1090390.0,4.0,0.0,155416.0,0.0,0.0,-3.0,0.0,-213595.0,1165.6217,1181.44791,1202.900225,-15.82620999999995,-37.27852499999972,1187.667541904762,1211.179535126984,1542008.0,,,2.197249019205411,2.387199018988172,4.584448038193583,4.0,155416.0,-3.0,-213595.0,-0.00913295773117099,-0.3727765100467496,0.2199,0.14798761609907127,0.3288,0.24,0.302
20250620,1170.7719,1172.1909,1189.6165,1162.2257,2087579.0,-10208.0,1647248.0,4.0,0.0,130454.0,0.0,0.0,-3.0,0.0,-215292.0,1168.56956,1177.58291,1197.220295,-9.013349999999718,-28.65073499999971,1184.798859206349,1206.091885214286,1517743.6,,,2.200638506235479,2.362269977192206,4.562908483427684,4.0,130454.0,-3.0,-215292.0,-0.004889874826293999,-0.4281487503349167,0.2249,0.17894736842105255,0.3699,0.2413,0.292
20250623,1170.4652,1168.7556,1176.4184,1159.1428,2111608.0,24029.0,1195710.0,4.0,0.0,140542.0,0.0,0.0,-3.0,0.0,-232164.0,1168.1969,1174.53884,1193.07448,-6.341940000000022,-24.87758000000008,1181.971834206349,1201.239413722222,1437537.0,,,2.160091781377811,2.35077769842112,4.510869479798931,4.0,140542.0,-3.0,-232164.0,0.011379479524608735,-0.4368729787262374,0.223,0.16718266253869968,0.3699,0.2427,0.291
20250624,1159.896,1167.2905,1174.963,1147.9853,2213782.0,102174.0,1735040.0,4.0,0.0,173498.0,0.0,0.0,-3.0,0.0,-257471.0,1168.5784,1170.07524,1188.5144,-1.496840000000248,-19.93599999999992,1178.959354285714,1196.572356722222,1454766.8,,0.26381,2.053738324914286,2.35077769842112,4.404516023335406,4.0,173498.0,-3.0,-257471.0,0.04615359597286454,-0.4648460006021386,0.2294,0.20681114551083585,0.3836,0.2707,0.284
20250625,1164.8655,1156.8651,1166.5741,1151.2311,2207934.0,-5848.0,1090856.0,4.0,0.0,167930.0,0.0,0.0,-3.0,0.0,-234967.0,1167.96784,1166.72353,1185.373995,1.244310000000041,-17.4061549999999,1176.33232015873,1192.127800698413,1419801.0,,,1.936477848575956,2.35077769842112,4.287255546997075,4.0,167930.0,-3.0,-234967.0,-0.0026486298956399966,-0.4002742121687833,0.2265,0.1888544891640867,0.3699,0.2587,0.297
20250626,1178.4221,1163.5709,1178.4221,1161.1828,2174856.0,-33078.0,1281729.0,4.0,0.0,147841.0,0.0,0.0,-3.0,0.0,-191382.0,1168.88414,1167.25292,1183.58192,1.631219999999985,-14.69777999999997,1175.135653809524,1188.163108547619,1396301.9,,,1.896243770752142,2.35077769842112,4.247021469173262,4.0,147841.0,-3.0,-191382.0,-0.015209282821483353,-0.4122277695013101,0.2265,0.1888544891640867,0.3425,0.252,0.295
20250627,1195.3978,1176.9967,1204.5108,1174.4762,2155495.0,-19361.0,2522334.0,3.0,-1.0,114440.0,-20143.0,0.0,-3.0,0.0,-185955.0,1173.80932,1171.18944,1183.161395,2.619879999999739,-9.35207500000024,1175.788043571428,1184.963643777778,1425378.6,3026800.8,,1.860119567964666,2.35077769842112,4.210897266385786,2.0,94297.0,-3.0,-185955.0,-0.008982159550358502,-0.4060987083489219,0.2234,0.1696594427244581,0.3836,0.3467,0.295
20250630,1185.1705,1193.9529,1222.3148,1184.2068,2255254.0,99759.0,2796930.0,4.0,0.0,159670.0,0.0,0.0,-3.0,0.0,-234754.0,1176.75038,1172.47364,1182.48662,4.276739999999791,-5.73624000000018,1176.80665452381,1182.465307055556,1567640.4,3356316.0,,1.98556515956609,2.378391836572181,4.36395699613827,4.0,159670.0,-3.0,-234754.0,0.04423404193053199,-0.5650078334958764,0.2294,0.20681114551083585,0.5753,0.62,0.267
20250701,1169.9317,1183.1322,1184.3988,1164.9735,2385820.0,130566.0,1663635.0,4.0,0.0,170754.0,0.0,0.0,-3.0,0.0,-257171.0,1178.75752,1173.66796,1181.78483,5.08956000000012,-3.027309999999943,1175.800428015873,1180.445849849206,1621641.8,,0.271745,1.976113012918504,2.378391836572181,4.354504849490684,4.0,170754.0,-3.0,-257171.0,0.05472583849577923,-0.4698728486820321,0.2363,0.24953560371517033,0.6164,0.6707,0.279
20250702,1211.4963,1168.625,1216.2535,1164.6501,2237720.0,-148100.0,3405799.0,4.0,0.0,102289.0,0.0,0.0,-3.0,0.0,-201023.0,1188.08368,1178.02576,1181.167125,10.05791999999997,6.916554999999789,1177.464403809524,1179.072509349206,1842967.1,4086958.8,0.28888,2.113364331693058,2.426702991041448,4.540067322734506,4.0,102289.0,-3.0,-201023.0,-0.06618343671236794,-0.4293684633247558,0.2512,0.3417956656346748,0.6164,0.716,0.288
20250703,1191.2052,1207.4288,1215.1895,1180.7135,2471148.0,233428.0,2737588.0,4.0,0.0,133129.0,0.0,0.0,-3.0,0.0,-284340.0,1190.6403,1179.76222,1180.605065,10.87807999999995,10.03523499999983,1178.865916428571,1178.192346801587,2007686.9,3285105.6,,2.176798857047659,2.467210813985953,4.644009671033613,4.0,133129.0,-3.0,-284340.0,0.09446135965955904,-0.6281704939644503,0.2509,0.22529069767441864,0.6164,0.7173,0.255
20250704,1184.4618,1185.2723,1210.3933,1180.7248,2568735.0,97587.0,2623294.0,4.0,0.0,157568.0,0.0,0.0,-3.0,0.0,-318099.0,1188.4531,1181.13121,1179.35706,7.321890000000167,9.096040000000357,1179.636281904762,1177.676089071428,2105291.5,3147952.8,0.2962399999999999,2.211913780406709,2.467210813985953,4.679124594392663,4.0,157568.0,-3.0,-318099.0,0.037990294833838444,-0.7154804871052434,0.2576,0.2739825581395348,0.6301,0.8067,0.236
20250707,1180.433,1181.2045,1187.8855,1175.2571,2683027.0,114292.0,1460942.0,4.0,0.0,169243.0,0.0,0.0,-3.0,0.0,-347593.0,1187.5056,1182.12799,1178.333415,5.377609999999777,9.1721849999999,1179.772571587301,1177.456162809524,2131814.7,,,2.17439712093034,2.426702991041448,4.601100111971788,4.0,169243.0,-3.0,-347593.0,0.042598154994340345,-0.8889605741935409,0.2475,0.20058139534883715,0.6301,0.828,0.218
20250708,1191.2534,1178.9347,1200.1422,1178.9347,2582255.0,-100772.0,1713505.0,4.0,0.0,131329.0,0.0,0.0,-3.0,0.0,-313991.0,1191.76994,1185.26373,1177.669485,6.50621000000001,14.10045500000024,1180.760844761905,1177.636311857143,2129661.2,,,2.172035631767955,2.378391836572181,4.550427468340136,4.0,131329.0,-3.0,-313991.0,-0.03902480583830799,-0.8979751010996142,0.2432,0.1834645669291338,0.6164,0.7267,0.216
20250709,1208.3985,1191.6875,1209.5996,1188.3689,2512473.0,-69782.0,1932384.0,3.0,-1.0,101350.0,-21084.0,0.0,-3.0,0.0,-280278.0,1191.15038,1189.61703,1178.17028,1.533350000000155,12.98009999999999,1183.205551904762,1178.323635031746,2213814.0,,,2.19403933261422,2.35077769842112,4.54481703103534,2.0,80266.0,-3.0,-280278.0,-0.027774228817583315,-0.8283496999830386,0.242,0.5695876288659792,0.589,0.6773,0.221
20250710,1244.3035,1208.6734,1256.4062,1205.8421,2324241.0,-188232.0,3826003.0,4.0,0.0,78954.0,-4189.0,0.0,-3.0,0.0,-208722.0,1201.77004,1196.20517,1181.729045,5.564869999999928,20.04099499999984,1188.559684603175,1179.666038111111,2468241.4,4591203.6,,2.323640053510219,2.378391836572181,4.7020318900824,4.0,74765.0,-3.0,-208722.0,-0.08098643815335844,-0.7549821681602851,0.2435,0.6082474226804123,0.5205,0.5853,0.23
20250711,1231.4495,1242.4419,1254.4154,1227.8905,2426357.0,102116.0,3060287.0,4.0,0.0,89439.0,0.0,0.0,-3.0,0.0,-240461.0,1211.16758,1199.81034,1185.49989,11.35724000000005,25.66768999999999,1193.787333650793,1181.465967119047,2522036.7,3672344.4,,2.370549032584001,2.378391836572181,4.748940869156182,4.0,89439.0,-3.0,-240461.0,0.042086139838449166,-0.8569553784272413,0.2435,0.6082474226804123,0.3699,0.3387,0.217
20250714,1256.7441,1229.8036,1261.335,1221.6128,2476311.0,49954.0,2343919.0,4.0,0.0,91440.0,0.0,0.0,-3.0,0.0,-261210.0,1226.4298,1206.9677,1189.72067,19.46209999999996,36.70912999999973,1199.829618650794,1183.768263531746,2476735.6,,0.31717,2.432767437517569,2.426702991041448,4.859470428559017,4.0,91440.0,-3.0,-261210.0,0.020172748899471835,-1.1419714044794127,0.2758,1.0,0.3014,0.2147,0.161
20250715,1233.2839,1255.9677,1264.7057,1220.5018,2547258.0,70947.0,3099330.0,4.0,0.0,125849.0,0.0,0.0,-3.0,0.0,-286504.0,1234.8359,1213.30292,1193.48544,21.53297999999995,41.35046000000011,1204.730406904762,1186.661261420635,2620305.1,,,2.59405624069143,2.467210813985953,5.061267054677383,4.0,125849.0,-3.0,-286504.0,0.027852302358065024,-0.8285898262747284,0.2686,0.8711985688729877,0.2192,0.1333,0.219
20250716,1225.2654,1232.2154,1237.6599,1219.4728,2566854.0,19596.0,1671254.0,4.0,0.0,139662.0,0.0,0.0,-3.0,0.0,-304616.0,1238.20928,1214.67983,1196.352795,23.52945000000022,41.85648500000002,1208.078255952381,1189.722646634921,2446850.6,,,2.592475160825479,2.467210813985953,5.059685974811432,4.0,139662.0,-3.0,-304616.0,0.007634247993847721,-0.7679747863065719,0.2617,0.7477638640429337,0.2055,0.1347,0.227
20250717,1242.211,1225.0553,1244.1461,1224.7037,2516919.0,-49935.0,1894422.0,4.0,0.0,130582.0,0.0,0.0,-3.0,0.0,-286861.0,1237.79078,1219.78041,1199.771315,18.01037000000019,38.01946500000008,1212.056393650793,1193.041694357143,2362534.0,,,2.522847337858333,2.426702991041448,4.949550328899781,4.0,130582.0,-3.0,-286861.0,-0.019839732625483775,-0.7435132096778949,0.2729,0.9481216457960642,0.2603,0.1453,0.231
20250718,1234.6854,1242.9413,1258.907,1230.2694,2521169.0,4250.0,2477368.0,4.0,0.0,138475.0,0.0,0.0,-3.0,0.0,-295596.0,1238.43796,1224.80277,1202.96699,13.63518999999974,35.47096999999962,1215.961209365079,1196.674187103175,2347941.4,,,2.459809948916156,2.426702991041448,4.886512939957604,4.0,138475.0,-3.0,-295596.0,0.0016857259469714248,-0.7991293573764243,0.2753,0.9910554561717352,0.2329,0.1427,0.223
20250721,1319.004,1249.7048,1331.2982,1244.0064,2155807.0,-365362.0,5180519.0,3.0,-1.0,87932.0,-14543.0,0.0,-3.0,0.0,-193427.0,1250.88994,1238.65987,1210.39393,12.23007000000007,40.49601000000007,1225.040543412698,1201.200984285714,2719899.1,6216622.8,0.3897349999999999,2.883898078574947,2.467210813985953,5.351108892560901,2.0,73389.0,-3.0,-193427.0,-0.169478065522563,-0.7526489915701373,0.3389,1.0,0.2192,0.144,0.23
20250722,1400.6818,1319.5687,1401.5025,1319.5687,1928765.0,-227042.0,4552373.0,3.0,0.0,72868.0,0.0,0.0,-3.0,0.0,-172395.0,1284.36952,1259.60271,1222.43322,24.76681000000008,61.93629999999985,1240.768047460317,1207.201704555556,3003785.9,5462847.6,0.52279,3.030577573962584,2.467210813985953,5.497788387948537,3.0,72868.0,-3.0,-172395.0,-0.11771366651717549,-0.7740500000838522,0.4546,1.0,0.2055,0.1493,0.224
20250723,1365.4081,1395.3832,1415.6737,1324.3978,1937646.0,8881.0,5077105.0,4.0,0.0,100965.0,0.0,0.0,-3.0,0.0,-217629.0,1312.39806,1275.30367,1232.46035,37.09438999999998,79.93770999999992,1255.291111666666,1214.410260531746,3318258.0,6092526.0,,3.324685184601433,2.498023337226548,5.822708521827982,4.0,100965.0,-3.0,-217629.0,0.004583396554375774,-0.8695708852541069,0.454,0.9974435449510013,0.2192,0.1507,0.209
20250724,1443.6323,1365.3936,1487.3176,1338.3335,1810706.0,-126940.0,6267808.0,4.0,0.0,91334.0,0.0,0.0,-3.0,0.0,-234688.0,1352.68232,1295.23655,1245.72086,57.44577000000004,106.9614600000002,1273.447600793651,1222.899052150794,3562438.5,7521369.6,0.697935,3.947402905768978,2.507892813203355,6.455295718972334,4.0,91334.0,-3.0,-234688.0,-0.07010525176367671,-0.7451654388910364,0.6069,1.0,0.2329,0.1533,0.23
20250725,1475.0823,1445.0311,1489.3626,1441.9316,1780685.0,-30021.0,4836891.0,4.0,0.0,55212.0,0.0,0.0,-3.0,0.0,-212363.0,1400.7617,1319.59983,1259.705085,81.16187000000014,141.056615,1294.964088571429,1233.016727642857,3740098.9,5804269.2,,4.075625405779227,2.586726887592967,6.662352293372193,4.0,55212.0,-3.0,-212363.0,-0.016859242370211462,-0.6522281256824479,0.583,0.9382428940568475,0.2192,0.1547,0.245
20250728,1349.8198,1463.6924,1464.7903,1349.5458,1881012.0,100327.0,5359641.0,2.0,0.0,53419.0,0.0,0.0,-3.0,0.0,-250501.0,1406.92486,1328.9074,1267.93755,78.01746000000003,138.98731,1307.66826531746,1243.800592309524,4041671.1,6431569.2,,4.61246901914746,2.70268453204176,7.315153551189219,2.0,53419.0,-3.0,-250501.0,0.05333671449198623,-0.7504045961834516,0.4298,0.5423772609819122,0.2329,0.156,0.228
20250729,1358.0264,1347.2573,1361.3715,1303.6854,1839452.0,-41560.0,3615473.0,2.0,-1.0,43776.0,-4384.0,0.0,-3.0,0.0,-227008.0,1398.39378,1341.38165,1277.342285,57.01212999999984,121.0514949999997,1315.311893253968,1254.858740944444,4093285.4,,,4.773266117497948,2.70268453204176,7.475950649539708,1.0,39392.0,-3.0,-227008.0,-0.022593685510684705,-0.8564537899005499,0.3811,0.41653746770025835,0.2192,0.1573,0.208
20250730,1357.4513,1364.8117,1420.705,1339.4004,1920406.0,80954.0,4708534.0,3.0,0.0,67909.0,0.0,0.0,-3.0,0.0,-257491.0,1396.80242,1354.60024,1284.640035,42.20217999999977,112.1623850000001,1324.207624761904,1266.471677825396,4397013.4,,,4.910290956097255,2.70268453204176,7.612975488139014,3.0,67909.0,-3.0,-257491.0,0.042154627719346846,-1.0093061643786834,0.3912,0.4426356589147286,0.2192,0.1587,0.177
20250731,1289.0993,1346.3774,1346.3774,1272.4265,2045541.0,125135.0,3648380.0,4.0,0.0,111873.0,0.0,0.0,-3.0,0.0,-285198.0,1365.89582,1359.28907,1289.53474,6.606750000000147,76.36108000000036,1326.422581666667,1277.908296626984,4572409.2,,,5.210387675246873,2.70268453204176,7.913072207288634,4.0,111873.0,-3.0,-285198.0,0.06117452546783467,-1.0321940466176611,0.3672,0.38062015503875973,0.3699,0.276,0.167
20250801,1298.2398,1290.8864,1309.0888,1279.6489,2058157.0,12616.0,2832017.0,4.0,0.0,114082.0,0.0,0.0,-3.0,0.0,-270453.0,1330.52732,1365.64451,1295.22364,-35.11718999999994,35.30367999999976,1327.160245555556,1289.028200246031,4607874.1,,,5.143453187666098,2.70268453204176,7.846137719707858,4.0,114082.0,-3.0,-270453.0,0.0061297558932579006,-0.992256898684158,0.3437,0.31989664082687336,0.3699,0.408,0.18
20250804,1301.9171,1301.8065,1311.2677,1265.4492,2066924.0,8767.0,2450544.0,3.0,0.0,97405.0,0.0,0.0,-3.0,0.0,-266660.0,1320.94678,1363.93582,1301.297845,-42.98904000000016,19.64893499999994,1327.474768809524,1299.271622785714,4334876.6,,,5.133188114117269,2.737387440733292,7.870575554850561,3.0,97405.0,-3.0,-266660.0,0.004241568630486655,-0.916943873132324,0.3063,0.22325581395348837,0.4247,0.4347,0.2
20250805,1330.2975,1298.4237,1344.2051,1288.4334,1974443.0,-92481.0,2509011.0,3.0,0.0,88154.0,0.0,0.0,-3.0,0.0,-288129.0,1315.401,1356.89739,1308.25005,-41.49639000000002,7.150949999999966,1329.462524444444,1308.141070484127,4130540.4,,,5.30474234120885,2.796975314753519,8.101717655962368,3.0,88154.0,-3.0,-288129.0,-0.046839032577795356,-1.2129570943729322,0.3069,0.22480620155038758,0.4521,0.4973,0.132
20250806,1340.0658,1333.5205,1356.7465,1310.9435,1950063.0,-24380.0,2722602.0,3.0,0.0,69175.0,0.0,0.0,-3.0,0.0,-289351.0,1311.9239,1354.36316,1314.833415,-42.43925999999965,-2.909514999999828,1332.347053174603,1315.84666463492,3895090.1,,,5.416968359630019,2.796975314753519,8.213943674383538,3.0,69175.0,-3.0,-289351.0,-0.012502160186619612,-1.158312864323856,0.292,0.18630490956072343,0.4658,0.5187,0.143
20250807,1330.3844,1340.0794,1351.3783,1315.5363,1965872.0,15809.0,2567386.0,2.0,0.0,56680.0,0.0,0.0,-3.0,0.0,-301096.0,1320.18092,1343.03837,1319.13746,-22.85744999999997,1.043460000000096,1334.44415904762,1321.946320460317,3525047.9,,,5.427625059549869,2.737387440733292,8.165012500283162,2.0,56680.0,-3.0,-301096.0,0.008041723977959908,-0.969589244434848,0.2893,0.17932816537467697,0.4521,0.5507,0.188
20250808,1309.6669,1330.734,1331.8664,1297.7242,2013189.0,47317.0,2073080.0,2.0,0.0,55138.0,0.0,0.0,-3.0,0.0,-322424.0,1322.46634,1326.49683,1323.04833,-4.030489999999872,-0.5819899999999052,1334.165794365079,1325.866491039682,3248666.8,,,5.100635296271205,2.737387440733292,7.838022737004497,2.0,55138.0,-3.0,-322424.0,0.02350350612883341,-1.135807813252614,0.2852,0.16873385012919895,0.4932,0.6867,0.147
20250811,1320.8421,1303.8884,1326.8228,1298.3822,2044672.0,31483.0,2268146.0,2.0,0.0,53585.0,0.0,0.0,-3.0,0.0,-311219.0,1326.25134,1323.59906,1326.25323,2.652280000000019,-0.001889999999775682,1333.67324436508,1328.466988944444,2939517.3,,,4.835739984684948,2.7003266737092,7.536066658394148,2.0,53585.0,-3.0,-311219.0,0.015397579660698634,-1.1686183839930016,0.2902,0.18165374677002583,0.5068,0.72,0.136
20250812,1382.1591,1320.6402,1401.106,1310.6592,2011089.0,-33583.0,4584568.0,2.0,0.0,50063.0,0.0,0.0,-3.0,0.0,-293981.0,1336.62366,1326.01233,1333.69699,10.61132999999995,2.926670000000058,1337.359032142858,1330.671702833333,3036426.8,5501481.6,0.3873199999999999,4.827061199165182,2.737387440733292,7.564448639898474,2.0,50063.0,-3.0,-293981.0,-0.01669891287755042,-1.1959469574944708,0.3368,0.30206718346253225,0.6438,0.7813,0.13
20250813,1361.4822,1381.2286,1398.0345,1355.0365,2033296.0,22207.0,3269354.0,2.0,0.0,57816.0,0.0,0.0,-3.0,0.0,-319333.0,1340.90694,1326.41542,1340.50783,14.49152000000026,0.3991100000000642,1340.960861190476,1332.347026476191,2892508.8,,,4.284528933288109,2.825077372075274,7.109606305363384,2.0,57816.0,-3.0,-319333.0,0.01092167593896806,-1.2130310064598064,0.317,0.2509043927648579,0.6301,0.8173,0.126
20250814,1381.4565,1353.1552,1385.0574,1345.5068,2061481.0,28185.0,3210139.0,3.0,0.0,83924.0,0.0,0.0,-3.0,0.0,-276090.0,1351.12136,1335.65114,1347.470105,15.47021999999993,3.651254999999765,1344.169266825397,1334.121694992064,2848684.7,,,4.2638512864918,2.875462972333144,7.139314258824944,3.0,83924.0,-3.0,-276090.0,0.013672209445539396,-1.183131431603443,0.3217,0.26304909560723505,0.6575,0.8107,0.13
20250815,1381.3716,1386.7037,1422.4324,1365.9829,2154569.0,93088.0,4859261.0,3.0,0.0,92349.0,0.0,0.0,-3.0,0.0,-319228.0,1365.4623,1343.96432,1354.804415,21.49797999999987,10.65788499999985,1347.889876825397,1336.194658119048,3051409.1,5831113.2,,3.888061118977976,2.903138002549687,6.791199121527663,3.0,92349.0,-3.0,-319228.0,0.043204928688753995,-1.162481452112653,0.3269,0.2764857881136951,0.6849,0.7773,0.14
20250818,1371.5672,1383.3773,1396.5895,1356.5965,2135487.0,-19082.0,3134559.0,3.0,0.0,72168.0,0.0,0.0,-3.0,0.0,-318907.0,1375.60732,1350.92933,1357.432575,24.67798999999991,18.1747449999998,1350.001722857143,1338.44735352381,3119810.6,,,3.790921143488113,2.916127899119286,6.707049042607399,3.0,72168.0,-3.0,-318907.0,-0.008935666665261835,-1.2529432152798958,0.3231,0.2666666666666666,0.7123,0.8853,0.117
20250819,1343.6426,1370.58,1382.4242,1341.7038,2151147.0,15660.0,2324762.0,3.0,0.0,97359.0,0.0,0.0,-3.0,0.0,-341998.0,1367.90402,1352.26384,1354.580615,15.64017999999987,13.32340499999987,1350.212506269841,1340.522351706349,3101385.7,,,3.577174945293617,2.928843055895534,6.50601800118915,3.0,97359.0,-3.0,-341998.0,0.007279837221724038,-1.3159994102437416,0.2966,0.19819121447028415,0.7534,0.9187,0.1
20250820,1298.9118,1345.1544,1348.689,1279.9822,2033950.0,-117197.0,3870973.0,3.0,0.0,93854.0,0.0,0.0,-3.0,0.0,-315815.0,1355.38994,1348.14844,1351.2558,7.241499999999633,4.134139999999888,1345.853936031746,1341.873039992064,3216222.8,4645167.6,,3.488283060681415,2.970125965279647,6.458409025961062,3.0,93854.0,-3.0,-315815.0,-0.05762039381499053,-1.3309178597357811,0.2886,0.17751937984496127,0.7671,0.884,0.097
20250821,1296.9226,1304.0038,1312.3511,1290.9805,2041328.0,7378.0,1730648.0,4.0,0.0,95943.0,0.0,0.0,-3.0,0.0,-309567.0,1338.48316,1344.80226,1343.920315,-6.319099999999708,-5.43715499999962,1340.879383968254,1342.516562484127,3132549.0,,,3.445493416950677,2.970125965279647,6.415619382230324,4.0,95943.0,-3.0,-309567.0,0.0036143138192392403,-1.3129229689935584,0.2808,0.15736434108527125,0.7671,0.9387,0.104
20250822,1317.3189,1295.7554,1317.9678,1292.5246,2016730.0,-24598.0,1765241.0,3.0,0.0,86410.0,0.0,0.0,-3.0,0.0,-260974.0,1325.67262,1345.56746,1336.032145,-19.89484000000016,-10.35952500000008,1338.023044047619,1342.902287452381,3101765.1,,,3.334090514714167,2.970125965279647,6.304216479993814,3.0,86410.0,-3.0,-260974.0,-0.01219697232648892,-1.2552027566545074,0.2718,0.13410852713178287,0.7945,0.9413,0.115
20250825,1329.013,1318.877,1344.4037,1313.1192,2005964.0,-10766.0,2454018.0,3.0,0.0,85988.0,0.0,0.0,-3.0,0.0,-278420.0,1317.16178,1346.38455,1334.991805,-29.22277000000008,-17.83002500000021,1336.802696984127,1343.215232714286,3120352.3,,,3.20382337898779,2.970125965279647,6.173949344267438,3.0,85988.0,-3.0,-278420.0,-0.005366995619063951,-1.3092785454058609,0.2792,0.1532299741602067,0.7945,0.948,0.103
20250826,1305.2183,1327.9844,1331.972,1303.1783,2013431.0,7467.0,1740767.0,3.0,0.0,84721.0,0.0,0.0,-3.0,0.0,-275273.0,1309.47692,1338.69047,1332.3514,-29.21354999999994,-22.87447999999995,1334.433207619047,1342.922650261905,2835972.2,,,3.118970821780627,2.970125965279647,6.089096787060274,3.0,84721.0,-3.0,-275273.0,0.003708594930742598,-1.4220409742960598,0.2659,0.11886304909560727,0.7945,0.9547,0.063
20250827,1302.3714,1306.288,1318.9605,1299.3549,1993919.0,-19512.0,1419519.0,3.0,0.0,84298.0,0.0,0.0,-3.0,0.0,-267023.0,1310.16884,1332.77939,1329.597405,-22.6105500000001,-19.42856499999994,1332.138166904762,1342.040380833333,2650988.7,,,3.036825978766419,2.928443464715903,5.965269443482322,3.0,84298.0,-3.0,-267023.0,-0.009785753583771458,-1.5185311882113477,0.2562,0.09379844961240302,0.9315,0.9907,0.035
20250828,1307.9804,1304.0292,1308.8696,1281.081,1939704.0,-54215.0,1888221.0,3.0,0.0,77865.0,0.0,0.0,-3.0,0.0,-238022.0,1312.3804,1325.43178,1330.54146,-13.05138000000034,-18.16106000000013,1329.293361031746,1340.552790253968,2518796.9,,,3.003123855346654,2.902871608429933,5.905995463776588,3.0,77865.0,-3.0,-238022.0,-0.027950140846232208,-1.57669330695126,0.2628,0.11085271317829448,0.8082,0.9533,0.022
20250829,1298.2931,1311.2827,1313.657,1286.1461,1944782.0,5078.0,1597811.0,4.0,0.0,107431.0,0.0,0.0,-3.0,0.0,-263652.0,1308.57524,1317.12393,1330.544125,-8.548689999999851,-21.96888499999977,1326.459689603175,1338.409771531746,2192651.9,,,3.001771839390555,2.902871608429933,5.904643447820488,4.0,107431.0,-3.0,-263652.0,0.002611089571993159,-1.623166948988461,0.2625,0.11007751937984496,0.7945,0.944,0.015
20250901,1274.3664,1297.7885,1297.7885,1259.524,1938863.0,-5919.0,1786332.0,4.0,0.0,107639.0,0.0,0.0,-3.0,0.0,-243938.0,1297.64592,1307.40385,1329.16659,-9.757929999999988,-31.52066999999988,1321.525540793651,1335.562153325397,2057829.2,,,2.740909005727329,2.902871608429933,5.643780614157262,4.0,107639.0,-3.0,-243938.0,-0.0030528201322115073,-1.723860448046276,0.2659,0.11886304909560727,0.7945,0.9347,0.009
20250902,1269.8299,1273.5778,1282.757,1267.439,1958916.0,20053.0,1102048.0,4.0,0.0,105630.0,0.0,0.0,-3.0,0.0,-227486.0,1290.56824,1300.02258,1326.14321,-9.454340000000002,-35.57496999999989,1316.094023809524,1332.150305079365,1935557.8,,0.309465,2.604706306902634,2.902871608429933,5.507577915332567,4.0,105630.0,-3.0,-227486.0,0.010236784017283028,-1.7268111224786886,0.2691,0.1271317829457364,0.7945,0.94,0.009
20250903,1279.0355,1269.7413,1289.9592,1269.7413,1952412.0,-6504.0,1118896.0,4.0,0.0,106416.0,0.0,0.0,-3.0,0.0,-227496.0,1285.90106,1298.03495,1323.091695,-12.13389000000006,-37.19063499999993,1311.487010238095,1328.7136125,1660350.1,,,2.514016949002291,2.902871608429933,5.416888557432225,4.0,106416.0,-3.0,-227496.0,-0.0033312640979465398,-1.7312086588102418,0.2682,0.12480620155038755,0.8082,0.936,0.009
20250904,1279.9796,1278.8946,1285.8274,1259.9933,1943033.0,-9379.0,1293337.0,4.0,0.0,99220.0,0.0,0.0,-3.0,0.0,-221720.0,1280.3009,1296.34065,1320.571455,-16.03974999999991,-40.27055500000006,1307.102078333333,1325.335881936508,1616619.0,,,2.360434286541921,2.902871608429933,5.263305894971855,4.0,99220.0,-3.0,-221720.0,-0.004826989557048182,-1.6756077106591216,0.2681,0.12454780361757103,0.7808,0.844,0.013
20250905,1305.5208,1277.4166,1314.0027,1271.7284,1956312.0,13279.0,1797242.0,4.0,0.0,92956.0,0.0,0.0,-3.0,0.0,-215587.0,1281.74644,1295.16084,1320.36415,-13.41439999999989,-38.61770999999976,1304.652015952381,1321.998779126984,1619819.1,,0.32384,2.381524997223398,2.961755931443739,5.343280928667138,4.0,92956.0,-3.0,-215587.0,0.00678777209361288,-1.5704364151522567,0.2816,0.15943152454780363,0.6712,0.7653,0.03
20250908,1296.495,1302.3206,1305.0783,1277.1217,1987012.0,30700.0,1875021.0,4.0,0.0,104577.0,0.0,0.0,-3.0,0.0,-234969.0,1286.17216,1291.90904,1319.146795,-5.736880000000156,-32.97463500000026,1302.060424126984,1318.52455184127,1561919.4,2250025.2,0.3241849999999999,2.319863690930597,2.961755931443739,5.281619622374336,4.0,104577.0,-3.0,-234969.0,0.015450334472061568,-1.7212452085871726,0.2819,0.16020671834625316,0.6438,0.748,0.012
20250909,1281.5618,1296.0557,1301.4087,1277.0235,2012921.0,25909.0,1315915.0,4.0,0.0,86083.0,-1927.0,0.0,-3.0,0.0,-247261.0,1288.51854,1289.54339,1314.11693,-1.024850000000242,-25.59839000000011,1299.114337222223,1314.992664801587,1519434.2,,,2.077803894350935,2.961755931443739,5.039559825794674,4.0,84156.0,-3.0,-247261.0,0.012871344677709657,-1.6969111014104905,0.2728,0.13669250645994827,0.6027,0.756,0.013
20250910,1283.476,1275.2343,1287.8664,1257.3138,1997070.0,-15851.0,1602297.0,3.0,0.0,78968.0,0.0,0.0,-3.0,0.0,-248636.0,1289.40664,1287.65385,1310.21662,1.752790000000005,-20.80998,1295.593817539683,1311.338229865079,1537712.0,,,2.129988968123319,2.961755931443739,5.091744899567058,3.0,78968.0,-3.0,-248636.0,-0.007937127892362311,-1.6257060235978549,0.274,0.1397932816537468,0.5479,0.6747,0.021
20250911,1289.3216,1282.9097,1299.32,1277.593,1998709.0,1639.0,1355200.0,3.0,0.0,77975.0,0.0,0.0,-3.0,0.0,-244385.0,1291.27504,1285.78797,1305.609875,5.487070000000131,-14.33483499999988,1293.322885714285,1307.741182333333,1484409.9,,,2.112754514264215,2.961755931443739,5.074510445707954,3.0,77975.0,-3.0,-244385.0,0.0008200293289318255,-1.6177385555987225,0.2722,0.12815837457671267,0.5205,0.6547,0.023
20250912,1293.3331,1288.1017,1297.9446,1275.285,1989957.0,-8752.0,1502337.0,3.0,0.0,77132.0,0.0,0.0,-3.0,0.0,-238084.0,1288.8375,1285.29197,1301.20795,3.545530000000099,-12.37044999999989,1291.855191507937,1304.28073252381,1474862.5,,,2.069187979227891,2.961755931443739,5.03094391067163,3.0,77132.0,-3.0,-238084.0,-0.00439808498374588,-1.6780603024725775,0.2669,0.11435269601458718,0.5342,0.6467,0.015
20250915,1311.8204,1297.0631,1317.6027,1287.5154,1979642.0,-10315.0,1673177.0,3.0,0.0,75488.0,0.0,0.0,-3.0,0.0,-226354.0,1291.90258,1289.03737,1298.22061,2.865209999999934,-6.318029999999908,1292.294390634921,1301.357617507937,1463547.0,,0.315215,2.075589603165096,2.961755931443739,5.037345534608836,3.0,75488.0,-3.0,-226354.0,-0.005210538066983828,-1.3702759881272442,0.2741,0.13220338983050853,0.5616,0.7387,0.081
20250916,1343.8609,1321.1262,1354.8167,1321.1262,1873252.0,-106390.0,2432273.0,3.0,0.0,59982.0,0.0,0.0,-3.0,0.0,-166178.0,1304.3624,1296.44047,1298.231525,7.921930000000202,6.130875000000287,1296.150729444444,1299.363288071428,1596569.5,2918727.6,0.334995,2.199960038365158,3.035248755716224,5.235208794081382,3.0,59982.0,-3.0,-166178.0,-0.05679428074813213,-1.3557208720536995,0.2913,0.17705345501955674,0.6027,0.6667,0.088
20250917,1340.003,1347.7704,1349.2641,1329.8431,1861008.0,-12244.0,1405282.0,3.0,0.0,62615.0,0.0,0.0,-3.0,0.0,-180967.0,1315.6678,1302.53722,1300.286085,13.13057999999978,15.38171499999976,1300.125812142857,1298.227168261905,1625208.1,,,2.149967555610376,3.035248755716224,5.1852163113266,3.0,62615.0,-3.0,-180967.0,-0.0065792301806332915,-1.4116734017373112,0.2831,0.155671447196871,0.6027,0.7053,0.063
20250918,1313.0525,1339.105,1346.6981,1304.7152,1918138.0,57130.0,2038617.0,3.0,0.0,72301.0,0.0,0.0,-3.0,0.0,-200245.0,1320.41398,1305.84451,1301.09258,14.56946999999968,19.32139999999981,1302.140193492064,1297.730979777778,1699736.1,,,2.227904706820108,3.08860559956867,5.316510306388778,3.0,72301.0,-3.0,-200245.0,0.029784092698231304,-1.596683305342334,0.2751,0.13481095176010435,0.6027,0.7347,0.027
20250919,1324.8169,1312.8817,1327.9689,1308.1267,1907556.0,-10582.0,1298711.0,3.0,0.0,67520.0,0.0,0.0,-3.0,0.0,-174828.0,1326.71074,1307.77412,1301.46748,18.93661999999995,25.24325999999996,1304.020366428571,1297.667814825397,1649883.0,,,2.117808225045021,3.08860559956867,5.206413824613691,3.0,67520.0,-3.0,-174828.0,-0.005547412500602865,-1.5517559375073324,0.2784,0.12980132450331122,0.6438,0.752,0.034
20250922,1300.9649,1326.2478,1332.7176,1294.7804,1943856.0,36300.0,1841227.0,4.0,0.0,104944.0,0.0,0.0,-3.0,0.0,-205818.0,1324.53964,1308.22111,1300.065075,16.31852999999978,24.47456499999976,1304.975176904762,1297.959290103174,1646503.6,,,2.23818058215749,3.035248755716224,5.273429337873714,4.0,104944.0,-3.0,-205818.0,0.018674222781934466,-1.59291988919378,0.2726,0.09794927145169995,0.6575,0.7693,0.028
20250923,1282.2354,1296.7227,1297.4425,1274.6411,1939896.0,-3960.0,1826796.0,4.0,0.0,100559.0,0.0,0.0,-3.0,0.0,-211090.0,1312.21454,1308.28847,1298.91593,3.926069999999982,13.29860999999983,1303.594096428571,1298.40726602381,1697591.7,,,2.27125158028755,3.035248755716224,5.306500336003774,4.0,100559.0,-3.0,-211090.0,-0.0020413465464127973,-1.5941905064790616,0.27,0.07673335160317903,0.7808,0.924,0.028
20250924,1315.77,1286.8408,1342.4625,1279.918,1920105.0,-19791.0,2615093.0,4.0,0.0,91159.0,0.0,0.0,-3.0,0.0,-184806.0,1307.36794,1311.51787,1299.58586,-4.14993000000004,7.782079999999951,1304.584408809524,1299.306325150793,1798871.3,3138111.6,0.3387899999999999,2.467603477503128,3.035248755716224,5.502852233219351,4.0,91159.0,-3.0,-184806.0,-0.010307248822330028,-1.6037710245119696,0.2946,0.14414908194025755,0.7945,0.9267,0.027
20250925,1324.538,1318.7169,1329.0427,1309.3695,1908305.0,-11800.0,1569923.0,3.0,0.0,67269.0,-5434.0,0.0,-3.0,0.0,-176567.0,1309.66504,1315.03951,1300.41374,-5.374469999999974,9.251300000000128,1306.757941031746,1300.64983068254,1820343.6,,,2.341544493997527,3.035248755716224,5.376793249713751,3.0,61835.0,-3.0,-176567.0,-0.00618349792092983,-1.6205875272113184,0.2942,0.1430528912030694,0.8219,0.9347,0.024
20250926,1303.2918,1322.752,1325.2343,1298.3857,1870888.0,-37417.0,1374707.0,3.0,0.0,63987.0,0.0,0.0,-3.0,0.0,-177510.0,1305.36002,1316.03538,1300.663675,-10.67536000000018,4.696344999999837,1307.752833253968,1302.239594857143,1807580.6,,,2.332206249664116,3.035248755716224,5.367455005380339,3.0,63987.0,-3.0,-177510.0,-0.019999593775789894,-1.637460334990624,0.2822,0.11016716908742125,0.8219,0.9493,0.022
20250929,1289.1252,1301.8086,1305.5354,1283.5652,1793883.0,-77005.0,1360356.0,3.0,0.0,65427.0,0.0,0.0,-3.0,0.0,-161917.0,1302.99208,1313.76586,1301.401615,-10.77377999999999,1.590464999999995,1306.995208412699,1303.709676634921,1776298.5,,,2.318057694797897,3.035248755716224,5.35330645051412,3.0,65427.0,-3.0,-161917.0,-0.042926433886713904,-1.667012363406152,0.2852,0.11838859961633329,0.8767,0.9653,0.019
20250930,1268.2936,1287.8344,1296.2737,1266.6701,1718762.0,-75121.0,1085376.0,3.0,0.0,68992.0,0.0,0.0,-3.0,0.0,-175693.0,1300.20372,1306.20913,1301.3248,-6.005409999999983,-1.121079999999893,1304.548699523809,1304.549473642857,1641608.8,,,2.314795130494028,3.035248755716224,5.350043886210251,3.0,68992.0,-3.0,-175693.0,-0.04370645848581712,-1.7217476337408355,0.2762,0.09372430802959718,0.9178,0.9827,0.012
20251009,1264.0788,1270.3951,1280.7931,1251.2706,1807928.0,89166.0,971825.0,3.0,0.0,77111.0,0.0,0.0,-3.0,0.0,-171921.0,1289.86548,1298.61671,1300.576965,-8.75122999999985,-10.71148500000004,1301.206737460318,1304.657566174603,1598263.1,,,2.360648670879354,3.035248755716224,5.395897426595578,3.0,77111.0,-3.0,-171921.0,0.049319441924678416,-1.7874256621885714,0.2628,0.05310952118877266,0.9041,0.98,0.007
20251010,1253.8957,1268.2673,1287.7895,1247.2839,1959345.0,151417.0,1498162.0,4.0,0.0,110978.0,0.0,0.0,-3.0,0.0,-207725.0,1275.73702,1292.70103,1299.27277,-16.96400999999992,-23.53575000000001,1297.330153095238,1304.176562134921,1544217.6,,,2.463616640088193,3.035248755716224,5.498865395804417,4.0,110978.0,-3.0,-207725.0,0.07727939694132478,-1.799128862558573,0.2596,0.04430379746835444,0.9178,0.98,0.007
20251013,1260.9284,1252.8448,1267.3253,1240.5605,1908924.0,-50421.0,1548787.0,4.0,0.0,102576.0,0.0,0.0,-3.0,0.0,-207585.0,1267.26434,1286.31218,1297.04315,-19.04783999999972,-29.77880999999979,1293.379836190476,1303.112509111111,1569225.2,,,2.45224060102629,3.035248755716224,5.487489356742514,4.0,102576.0,-3.0,-207585.0,-0.026413309277896868,-1.7433860947616873,0.2667,0.029940119760479066,0.9178,0.9773,0.01
20251014,1248.1638,1261.2712,1261.7656,1232.7855,1911460.0,2536.0,1533050.0,3.0,-1.0,85341.0,-20888.0,0.0,-3.0,0.0,-216226.0,1259.07206,1281.03207,1294.62659,-21.96001000000001,-35.55453000000011,1288.874376111111,1301.502429031746,1538407.5,,,2.387729710802459,2.961888077392221,5.34961778819468,2.0,64453.0,-3.0,-216226.0,0.0013267345379971332,-1.8226449978015649,0.2669,0.03051040775591686,0.9452,0.9773,0.004
20251015,1246.4947,1247.5952,1252.182,1237.595,1899715.0,-11745.0,976048.0,3.0,-1.0,105025.0,-22564.0,0.0,-3.0,0.0,-219488.0,1254.71228,1277.458,1292.873235,-22.74571999999989,-38.16095500000006,1284.169641904762,1299.559983579365,1453332.7,,,2.373274692049601,2.91594960229852,5.28922429434812,2.0,82461.0,-3.0,-219488.0,-0.006182506323316918,-1.7897569249144225,0.2644,0.023381807812945653,0.9178,0.9773,0.009
20251016,1250.0642,1248.132,1254.2137,1228.1155,1905560.0,5845.0,1391874.0,3.0,-1.0,102166.0,-23969.0,0.0,-3.0,0.0,-206865.0,1251.90936,1270.88742,1291.202645,-18.97805999999991,-39.29328499999974,1279.639108253968,1297.06545352381,1331010.8,,,2.293031083495503,2.91594960229852,5.208980685794023,2.0,78197.0,-3.0,-206865.0,0.0030673397846302398,-1.7254019694145095,0.2665,0.029369831765041435,0.8767,0.9133,0.016
20251017,1223.9456,1253.1321,1253.1321,1212.2563,1925619.0,20059.0,1296114.0,3.0,-1.0,100967.0,-22805.0,0.0,-3.0,0.0,-237536.0,1245.91934,1260.82818,1287.933845,-14.90884000000005,-42.0145050000001,1273.944238412698,1293.784083261905,1303629.9,,0.31648,2.423957985014638,2.961888077392221,5.385846062406859,2.0,78162.0,-3.0,-237536.0,0.010416910094883776,-1.7585341581228455,0.2752,0.05417735956658117,0.8219,0.8947,0.011
20251020,1234.3582,1227.8798,1253.742,1227.8798,1891587.0,-34032.0,1441648.0,3.0,-1.0,95834.0,-24081.0,0.0,-3.0,0.0,-218263.0,1240.6053,1253.93482,1284.9851,-13.32952,-44.37980000000016,1268.769715873016,1289.88577152381,1310324.0,,0.32338,2.387221625868496,2.961888077392221,5.349109703260716,2.0,71753.0,-3.0,-218263.0,-0.017991242274344243,-1.702754338979839,0.2812,0.07128599942971206,0.8082,0.8627,0.021
20251021,1226.1324,1233.8857,1234.8817,1211.4121,1908858.0,17271.0,1222356.0,3.0,-1.0,80879.0,-24574.0,0.0,-3.0,0.0,-225160.0,1236.19902,1247.63554,1280.7007,-11.43651999999997,-44.50167999999985,1262.989507222223,1285.485201404762,1296524.0,,,2.378667273993516,2.91594960229852,5.294616876292036,2.0,56305.0,-3.0,-225160.0,0.009047818119524868,-1.7573451166674745,0.2746,0.05246649558026811,0.8219,0.8413,0.012
20251022,1238.6882,1226.2044,1245.0544,1222.0524,1911704.0,2846.0,1033404.0,3.0,-1.0,95823.0,-24999.0,0.0,-3.0,0.0,-206922.0,1234.63772,1244.675,1275.442065,-10.03728000000001,-40.80434500000001,1258.608123888889,1280.89114384127,1291326.8,,,2.164800534863925,2.884122903379543,5.048923438243468,2.0,70824.0,-3.0,-206922.0,0.0014887241957960019,-1.7443883469371275,0.2642,0.022811519817507862,0.8082,0.8893,0.014
20251023,1251.3057,1241.2406,1257.2885,1230.1514,1910697.0,-1007.0,1277899.0,3.0,-1.0,97139.0,-25509.0,0.0,-3.0,0.0,-211767.0,1234.88602,1243.39769,1271.0072,-8.511670000000095,-36.12118000000009,1255.850854047619,1276.3555555,1321934.2,,,2.216337374454377,2.76165067019432,4.977988044648697,2.0,71630.0,-3.0,-211767.0,-0.0005270328053061266,-1.6622190317849217,0.2667,0.029940119760479066,0.7671,0.8907,0.031
20251024,1246.1605,1251.1288,1253.7256,1236.9516,1912908.0,2211.0,1167872.0,3.0,-1.0,96758.0,-24704.0,0.0,-3.0,0.0,-227894.0,1239.329,1242.62417,1267.6626,-3.295169999999644,-28.33359999999993,1253.309201984127,1271.953460388889,1288905.2,,,2.166008490063927,2.641806036606787,4.807814526670714,2.0,72054.0,-3.0,-227894.0,0.0011558318539103814,-1.660814476043625,0.261,0.014687882496940106,0.7397,0.876,0.032
20251027,1263.4583,1244.6091,1269.3721,1241.3114,1874774.0,-38134.0,1680691.0,3.0,-1.0,77913.0,-21242.0,0.0,-3.0,0.0,-218954.0,1245.14902,1242.87716,1264.59467,2.271859999999833,-19.44565000000011,1252.298098333333,1267.845286603175,1302095.6,2016829.2,,2.204040415935526,2.49112612911067,4.695166545046195,2.0,56671.0,-3.0,-218954.0,-0.020340585051851583,-1.5916130389038514,0.27,0.07949308755760387,0.6849,0.8133,0.047
20251028,1256.8778,1264.7138,1274.0297,1252.9284,1880972.0,6198.0,1176494.0,3.0,-1.0,98033.0,-19851.0,0.0,-3.0,0.0,-222447.0,1251.2981,1243.74856,1262.390315,7.549539999999979,-11.09221500000012,1251.86184968254,1264.144033960318,1266440.0,,,2.156797915741591,2.393841836492375,4.550639752233966,2.0,78182.0,-3.0,-222447.0,0.0032951048713112155,-1.6024864706076811,0.2666,0.07703703703703718,0.6712,0.7893,0.044
20251029,1276.6274,1254.5803,1277.6563,1248.9646,1847145.0,-33827.0,1631629.0,3.0,-1.0,95384.0,-21839.0,0.0,-3.0,0.0,-197162.0,1258.88594,1246.76183,1262.109915,12.12410999999997,-3.22397500000011,1252.150529523809,1260.942122722222,1331998.1,1957954.8,0.31234,2.150495680894077,2.36456193902825,4.515057619922327,2.0,73545.0,-3.0,-197162.0,-0.01831312647355784,-1.6192546022635974,0.2716,0.11407407407407424,0.6849,0.7907,0.04
20251030,1253.3861,1274.1312,1275.3552,1239.7712,1813394.0,-33751.0,1589709.0,3.0,-1.0,95849.0,-21178.0,0.0,-3.0,0.0,-207479.0,1259.30202,1247.09402,1258.99072,12.20799999999986,0.3112999999998465,1251.820187857143,1258.16023068254,1351781.6,,,2.129676740795557,2.36456193902825,4.494238679823807,2.0,74671.0,-3.0,-207479.0,-0.018612061140601547,-1.68479306301422,0.2665,0.09279279279279304,0.6849,0.8907,0.026
20251031,1244.1951,1253.8416,1260.9357,1241.4925,1781247.0,-32147.0,1150960.0,3.0,-1.0,94226.0,-20334.0,0.0,-3.0,0.0,-200620.0,1258.90894,1249.11897,1254.973575,9.789969999999812,3.93536499999982,1250.837306428571,1255.849537484127,1337266.2,,,2.089783891713209,2.342883108276321,4.43266699998953,2.0,73892.0,-3.0,-200620.0,-0.018047468992228477,-1.889113829216804,0.2579,0.019428571428571823,0.7397,0.8267,0.002
20251103,1220.5742,1242.3993,1246.6258,1209.278,1941787.0,160540.0,1957928.0,3.0,-1.0,107265.0,-23932.0,0.0,-3.0,0.0,-236723.0,1250.33212,1247.74057,1250.837695,2.591550000000097,-0.505574999999908,1248.060821349206,1253.778648031746,1388894.2,2349513.6,,2.141092549951789,2.36456193902825,4.505654488980039,2.0,83333.0,-3.0,-236723.0,0.0826764212552664,-1.927746253463953,0.2527,0.0,0.7534,0.828,0.001
20251104,1208.1882,1218.064,1220.2067,1205.896,1995470.0,53683.0,1026193.0,3.0,0.0,117805.0,-611.0,0.0,-3.0,0.0,-244419.0,1240.5942,1245.94615,1246.790845,-5.351949999999988,-6.19664499999999,1244.214121984127,1251.901109507936,1369277.9,,,2.146332170590761,2.342883108276321,4.489215278867082,3.0,117194.0,-3.0,-244419.0,0.026902434013039534,-1.9197728129601055,0.2438,0.0,0.7534,0.82,0.002
20251105,1213.8269,1208.9609,1221.4925,1206.974,1965357.0,-30113.0,1041772.0,3.0,-1.0,111864.0,-25119.0,0.0,-3.0,0.0,-220935.0,1228.0341,1243.46002,1244.06751,-15.42591999999991,-16.03341,1240.880727619048,1250.128369880952,1370114.7,,,2.084100931063281,2.334675076896887,4.418776007960169,2.0,86745.0,-3.0,-220935.0,-0.015321898260723115,-1.8857539225058928,0.2463,0.02688172043010755,0.7397,0.8013,0.005
20251106,1225.8824,1213.0244,1228.0011,1212.5564,1928677.0,-36680.0,1010853.0,3.0,-1.0,90160.0,-25194.0,0.0,-3.0,0.0,-200814.0,1222.53336,1240.91769,1242.15769,-18.38433000000009,-19.6243300000001,1238.685060634921,1248.411790539682,1343410.1,,,1.937373041158512,2.326742520140433,4.264115561298945,2.0,64966.0,-3.0,-200814.0,-0.019018218187908085,-1.8695743432972696,0.2398,0.0,0.7534,0.8387,0.006
20251107,1228.8933,1227.6779,1232.8032,1219.9054,1881726.0,-46951.0,895471.0,3.0,-1.0,103704.0,-24979.0,0.0,-3.0,0.0,-165353.0,1219.473,1239.19097,1240.90757,-19.71797000000015,-21.43456999999989,1237.285705634921,1246.809440904762,1316170.0,,,1.840608408461897,2.304859440097666,4.145467848559563,2.0,78725.0,-3.0,-165353.0,-0.02495102900209701,-1.8338361123521123,0.2353,0.0,0.7534,0.8627,0.009
20251110,1243.6381,1228.0283,1248.2328,1207.9915,1864630.0,-17096.0,2080940.0,3.0,-1.0,72457.0,-26067.0,0.0,-3.0,0.0,-126581.0,1224.08578,1237.20895,1240.043055,-13.12317000000007,-15.95727499999998,1236.830649761905,1245.262696047619,1356194.9,2497128.0,,1.935299696767772,2.304859440097666,4.240159136865437,2.0,46390.0,-3.0,-126581.0,-0.009168574998793326,-1.6730033917277551,0.2389,0.03546798029556643,0.7671,0.836,0.035
20251111,1233.7491,1241.9631,1254.1428,1227.6468,1837779.0,-26851.0,1709319.0,3.0,-1.0,75300.0,-20285.0,0.0,-3.0,0.0,-153271.0,1229.19796,1234.89608,1239.32232,-5.698120000000017,-10.12436000000002,1236.600654285714,1243.736576507936,1409477.4,2051182.8,,1.955968985377594,2.304859440097666,4.26082842547526,2.0,55015.0,-3.0,-153271.0,-0.014610570694300022,-1.6954135853372978,0.2329,0.0,0.8219,0.8827,0.031
20251112,1232.1877,1233.5709,1242.999,1226.0046,1861549.0,23770.0,915848.0,3.0,-1.0,78100.0,-19461.0,0.0,-3.0,0.0,-163378.0,1232.87012,1230.45211,1238.60697,2.418010000000095,-5.736850000000004,1236.013956825397,1242.122919238095,1337899.3,,,1.899657262414253,2.265897780013921,4.165555042428174,2.0,58639.0,-3.0,-163378.0,0.012768935977511203,-1.64583515954179,0.2264,0.0,0.8356,0.8933,0.042
20251113,1256.1613,1230.544,1263.6178,1223.8902,1882949.0,21400.0,1831138.0,3.0,-1.0,64078.0,-18529.0,0.0,-3.0,0.0,-128505.0,1238.9259,1230.72963,1238.911825,8.19627000000014,0.01407500000004802,1236.972524126984,1240.63815286508,1362042.2,2197365.6,0.279795,2.030801884257821,2.265897780013921,4.296699664271742,2.0,45549.0,-3.0,-128505.0,0.011365151153854938,-1.5808867653403975,0.2433,0.16815920398009943,0.8767,0.916,0.061
20251114,1245.6622,1255.4935,1258.526,1239.9957,1841425.0,-41524.0,1384790.0,4.0,0.0,76745.0,-920.0,0.0,-3.0,0.0,-165585.0,1242.27968,1230.87634,1239.997655,11.40334000000007,2.282025000000203,1237.83333468254,1239.337755690476,1385425.2,,,1.977923707274561,2.231550646148808,4.209474353423368,4.0,75825.0,-3.0,-165585.0,-0.022549927366034457,-1.7713923576375965,0.239,0.12537313432835817,0.8904,0.9253,0.017
20251117,1251.6998,1244.332,1256.0925,1227.5663,1831900.0,-9525.0,1703811.0,3.0,0.0,75123.0,0.0,0.0,-3.0,0.0,-137550.0,1243.89202,1233.9889,1240.864735,9.903119999999944,3.02728500000012,1238.638476428571,1238.395521198413,1360013.5,2044573.2,,2.021347182356233,2.231550646148808,4.252897828505041,3.0,75123.0,-3.0,-137550.0,-0.0051995196244336486,-1.1592433250174556,0.2433,0.17476732161323677,0.8904,0.9853,0.153
20251118,1234.8588,1252.2646,1255.7547,1229.3127,1840360.0,8460.0,1790562.0,3.0,0.0,83917.0,0.0,0.0,-3.0,0.0,-174990.0,1244.11396,1236.65596,1241.301055,7.458000000000084,2.812905000000228,1238.590311031746,1237.833140103174,1436450.4,2148674.4,,2.013220082097033,2.212004418608663,4.225224500705696,3.0,83917.0,-3.0,-174990.0,0.0045969266882566456,-1.200158923208267,0.2368,0.14814814814814847,0.9178,0.988,0.141
20251119,1203.0408,1234.0202,1234.0202,1201.2981,1935861.0,95501.0,2403564.0,4.0,0.0,96130.0,0.0,0.0,-3.0,0.0,-201716.0,1238.28458,1235.57735,1239.518685,2.707229999999981,-1.234105,1235.946982301587,1237.339765571428,1572629.6,2884276.8,,1.999985744574477,2.212004418608663,4.21199016318314,4.0,96130.0,-3.0,-201716.0,0.049332570881897,-1.2682597449494748,0.2208,0.0,0.9315,0.9947,0.127
20251120,1179.9529,1205.4843,1206.1542,1178.3425,1942503.0,6642.0,2546315.0,4.0,0.0,102381.0,0.0,0.0,-3.0,0.0,-216217.0,1223.0429,1230.9844,1235.951045,-7.941499999999905,-12.9081450000001,1231.126229365079,1236.583882444444,1726175.8,3055578.0,,2.056180630095186,2.212004418608663,4.268185048703849,4.0,102381.0,-3.0,-216217.0,0.003419299738533222,-1.2991810965700368,0.2327,0.16124661246612462,0.9178,0.9973,0.122
20251121,1189.8637,1190.6497,1198.0099,1184.6241,1938118.0,-4385.0,2417885.0,4.0,-1.0,92072.0,0.0,0.0,-3.0,0.0,-210140.0,1211.8832,1227.08144,1233.136205,-15.19823999999994,-21.25300500000003,1226.678681111111,1235.523179992063,1878417.2,2901462.0,,1.9473646384161,2.212004418608663,4.159369057024763,3.0,92072.0,-3.0,-210140.0,-0.0022625041406147614,-1.2161226747925185,0.2313,0.1422764227642278,1.0,1.0,0.14
20251124,1203.9193,1187.9119,1214.6672,1182.6242,1889438.0,-48680.0,2040261.0,4.0,0.0,88297.0,0.0,0.0,-3.0,0.0,-162761.0,1202.3271,1223.10956,1230.159255,-20.78246000000013,-27.83215500000006,1223.449841587302,1234.185099174603,1874349.3,,,2.04914139145716,2.231550646148808,4.280692037605967,4.0,88297.0,-3.0,-162761.0,-0.02576427487962029,-1.167809935579462,0.2284,0.10298102981029808,1.0,1.0,0.153
20251125,1195.1504,1203.3985,1203.3985,1190.8197,1906351.0,16913.0,1173856.0,4.0,0.0,97501.0,0.0,0.0,-3.0,0.0,-188392.0,1194.38542,1219.24969,1227.072885,-24.86426999999981,-32.68746499999997,1220.213032063492,1232.546336952381,1820803.0,,,2.043090514417111,2.212004418608663,4.255094933025774,4.0,97501.0,-3.0,-188392.0,0.008871923376125383,-1.2143570138309456,0.2134,0.0,1.0,1.0,0.141
20251126,1197.5125,1192.5116,1202.5524,1186.9253,1905473.0,-878.0,1508593.0,4.0,0.0,93885.0,0.0,0.0,-3.0,0.0,-186808.0,1193.27976,1215.78217,1223.11714,-22.50241000000005,-29.83737999999994,1217.254795,1230.670420769841,1880077.5,,,2.047547754790939,2.202648728218461,4.2501964830094,4.0,93885.0,-3.0,-186808.0,-0.0004607779800605939,-1.2111075007685763,0.2184,0.06157635467980303,1.0,1.0,0.144
20251127,1197.1424,1195.5165,1206.6791,1192.4053,1921126.0,15653.0,1564843.0,4.0,0.0,99914.0,0.0,0.0,-3.0,0.0,-181665.0,1196.71766,1209.88028,1220.304955,-13.16262000000029,-23.58729500000027,1214.737058174603,1228.446874174603,1853448.0,,,2.059421001645578,2.202648728218461,4.26206972986404,4.0,99914.0,-3.0,-181665.0,0.008147825806324,,0.2142,0.009852216748768418,0.9178,0.992,
20251128,1198.7932,1195.7049,1212.1463,1195.4338,1924773.0,3647.0,1422109.0,4.0,-1.0,94325.0,0.0,0.0,-3.0,0.0,-197429.0,1198.50356,1205.19338,1218.03486,-6.689820000000282,-19.53130000000033,1212.779236507937,1225.941464357143,1857179.9,,0.27255,1.926602781891365,2.202648728218461,4.129251510109826,3.0,94325.0,-3.0,-197429.0,0.0018947688896301018,,0.237,0.2906403940886699,0.9178,0.9867,
20251201,1201.8653,1197.6707,1203.2875,1179.3735,1935415.0,10642.0,1789797.0,4.0,-1.0,89907.0,0.0,0.0,-3.0,0.0,-186172.0,1198.09276,1200.20993,1217.099415,-2.117169999999987,-19.00665499999991,1210.748912380952,1223.152507952381,1865778.5,,,1.915019618508458,2.202648728218461,4.117668346726919,3.0,89907.0,-3.0,-186172.0,0.00549856232384269,-1.180155061019191,0.2298,0.20197044334975375,0.9315,0.956,0.1503
20251202,1207.6682,1202.3832,1214.4218,1201.3248,1923400.0,-12015.0,1467829.0,4.0,0.0,87201.0,0.0,0.0,-3.0,0.0,-168460.0,1200.59632,1197.49087,1217.073415,3.105450000000019,-16.47709499999996,1209.682316746031,1220.261708523809,1833505.2,,0.27416,1.894812178778426,2.177402375687347,4.072214554465774,4.0,87201.0,-3.0,-168460.0,-0.006246750545908287,-1.1225791948633297,0.2384,0.30788177339901485,0.9315,0.948,0.1713
20251203,1193.386,1206.389,1208.6346,1185.237,1931486.0,8086.0,1159595.0,4.0,0.0,90914.0,0.0,0.0,-3.0,0.0,-185393.0,1199.77102,1196.52539,1216.05137,3.245629999999892,-16.28034999999977,1207.720965476191,1217.43910684127,1709108.3,,,1.805226000354844,2.177402375687347,3.982628376042191,4.0,90914.0,-3.0,-185393.0,0.004186413983844563,-1.2232856545319093,0.2302,0.2068965517241378,0.9452,0.9427,0.1393
20251204,1191.6572,1189.2777,1192.0709,1177.2535,1902132.0,-29354.0,1176077.0,4.0,-1.0,83747.0,0.0,0.0,-3.0,0.0,-177089.0,1198.67398,1197.69582,1214.34011,0.9781599999998889,-15.66612999999984,1205.140740714286,1214.840557976191,1572084.5,,,1.796779813837413,2.177402375687347,3.97418218952476,3.0,83747.0,-3.0,-177089.0,-0.015432157179417622,-1.198276028280716,0.219,0.06896551724137927,0.9315,0.9333,0.1493
20251205,1169.7813,1189.0981,1192.6934,1165.3231,1926670.0,24538.0,1424074.0,4.0,-1.0,90907.0,0.0,0.0,-3.0,0.0,-184296.0,1192.8716,1195.68758,1211.38451,-2.815980000000081,-18.51291000000015,1201.47051952381,1212.31974181746,1472703.4,,,1.798664709525888,2.202648728218461,4.00131343774435,3.0,90907.0,-3.0,-184296.0,0.012735964124629542,-1.2424874607460112,0.2248,0.1403940886699507,0.9178,0.924,0.1383
20251208,1163.5103,1167.213,1182.1912,1155.3431,1924877.0,-1793.0,1518925.0,4.0,0.0,86571.0,0.0,0.0,-3.0,0.0,-167980.0,1185.2006,1191.64668,1207.37812,-6.446079999999938,-22.17751999999973,1197.11580031746,1209.686337690476,1420569.8,,,1.808785093202529,2.202648728218461,4.011433821420991,4.0,86571.0,-3.0,-167980.0,-0.0009314880898883409,-1.1094580986401863,0.1954,0.0,0.9041,0.912,0.1774
20251209,1154.5026,1162.1834,1164.9181,1150.6348,1928237.0,3360.0,1096667.0,4.0,0.0,81609.0,0.0,0.0,-3.0,0.0,-160020.0,1174.56748,1187.5819,1203.415795,-13.01441999999975,-28.84831499999973,1192.234600793651,1206.888494563492,1412850.9,,,1.698242743895263,2.189599154611743,3.887841898507006,4.0,81609.0,-3.0,-160020.0,0.0017425243888588384,-1.0791459079124182,0.2102,0.14919354838709686,0.863,0.8787,0.1804
20251210,1127.8087,1153.6996,1155.5235,1124.8267,1942410.0,14173.0,1797251.0,3.0,0.0,82258.0,0.0,0.0,-3.0,0.0,-172187.0,1161.45202,1180.61152,1198.196845,-19.15949999999998,-36.74482499999999,1185.654540714286,1203.728469134921,1441716.7,2156701.2,0.267605,1.720967596738277,2.231550646148808,3.952518242887085,3.0,82258.0,-3.0,-172187.0,0.007296605762943971,-1.0714626009028854,0.2327,0.3760080645161291,0.863,0.808,0.1834
20251211,1131.7857,1131.6079,1143.2823,1121.5128,1859244.0,-83166.0,1385961.0,3.0,0.0,64290.0,0.0,0.0,-3.0,0.0,-161631.0,1149.47772,1174.07585,1191.978065,-24.59812999999986,-42.50034499999992,1179.283638412699,1200.18312715873,1423828.5,,0.28451,1.749465636455248,2.189599154611743,3.939064791066991,3.0,64290.0,-3.0,-161631.0,-0.044731084247145614,-1.0465673438770111,0.2474,0.5241935483870971,0.726,0.788,0.1894
20251212,1114.5783,1131.2723,1138.6095,1113.0744,1845789.0,-13455.0,1612993.0,3.0,0.0,71043.0,0.0,0.0,-3.0,0.0,-176213.0,1138.43712,1165.65436,1185.42387,-27.21724000000017,-46.98675000000026,1172.375308253968,1196.142734333333,1442916.9,,0.28911,1.719396514062352,2.231550646148808,3.95094716021116,3.0,71043.0,-3.0,-176213.0,-0.007289565600401779,-0.8861950983331325,0.2514,0.5645161290322583,0.7397,0.752,0.2315
20251215,1146.3826,1114.6857,1153.5559,1114.6857,1707130.0,-138659.0,1883596.0,3.0,0.0,57164.0,0.0,0.0,-3.0,0.0,-126499.0,1135.01158,1160.10609,1180.15801,-25.09451000000013,-45.14643000000001,1167.604187142857,1191.828261809524,1452296.8,2260315.2,,1.882338097148712,2.260075233805189,4.1424133309539,3.0,57164.0,-3.0,-126499.0,-0.08122345691306462,-0.9310242581618232,0.2506,0.5564516129032259,0.6849,0.82,0.2234
20251216,1160.5668,1149.3058,1165.6699,1140.5045,1653864.0,-53266.0,1536507.0,2.0,-1.0,33214.0,0.0,0.0,-3.0,0.0,-113140.0,1136.22442,1155.39595,1176.44341,-19.17153000000008,-40.21899000000008,1165.255383968254,1187.385568531746,1459164.6,,0.29026,1.944893723244103,2.231550646148808,4.176444369392911,1.0,33214.0,-3.0,-113140.0,-0.03220700130119526,-0.9365336415401336,0.2524,0.5745967741935487,0.589,0.7507,0.2224
20251217,1160.0113,1161.166,1165.7448,1149.8336,1626006.0,-27858.0,933605.0,2.0,0.0,33711.0,0.0,0.0,-3.0,0.0,-120535.0,1142.66494,1152.05848,1174.291935,-9.393539999999803,-31.62699499999985,1163.50942984127,1182.964414968254,1436565.6,,,1.959349779036931,2.189599154611743,4.148948933648674,2.0,33711.0,-3.0,-120535.0,-0.01713277810782986,-0.9847050566710662,0.2482,0.5322580645161292,0.6438,0.752,0.2084
20251218,1180.6594,1163.3756,1189.8701,1161.1715,1541719.0,-84287.0,1446024.0,2.0,0.0,39913.0,0.0,0.0,-3.0,0.0,-118080.0,1152.43968,1150.9587,1174.32726,1.480980000000045,-21.88758000000007,1163.483471428571,1178.798688039682,1463560.3,,0.308315,2.042160555588635,2.231550646148808,4.273711201737443,2.0,39913.0,-3.0,-118080.0,-0.054670792796871544,-1.1357847390886755,0.2681,0.7328629032258067,0.7671,0.848,0.1723
20251219,1165.0901,1181.261,1181.261,1156.9676,1559101.0,17382.0,983044.0,2.0,0.0,39957.0,0.0,0.0,-3.0,0.0,-144472.0,1162.54204,1150.48958,1173.08858,12.05246000000011,-10.54654000000005,1162.950639444445,1174.946700031746,1419457.3,,,2.049109480602867,2.189599154611743,4.238708635214611,2.0,39957.0,-3.0,-144472.0,0.011148732506745874,-1.1740403143978009,0.2638,0.6895161290322581,0.8219,0.8907,0.1553
20251222,1157.6649,1165.407,1169.1185,1146.9606,1564263.0,5162.0,1004200.0,2.0,0.0,40490.0,0.0,0.0,-3.0,0.0,-149659.0,1164.7985,1149.90504,1170.77586,14.89346,-5.977359999999862,1161.649207380952,1171.400040738095,1367984.8,,,2.111299052081469,2.189599154611743,4.300898206693212,2.0,40490.0,-3.0,-149659.0,0.0032999565929770123,-1.1922271555760582,0.2548,0.5987903225806457,0.8493,0.9067,0.1523
20251223,1165.2921,1158.3423,1169.6777,1151.2608,1548794.0,-15469.0,924305.0,2.0,0.0,39266.0,0.0,0.0,-3.0,0.0,-141387.0,1165.74356,1150.98399,1169.282945,14.75956999999994,-3.539385000000266,1160.810215396826,1168.257602198413,1350748.6,,,2.084197471942459,2.168503977955989,4.252701449898449,2.0,39266.0,-3.0,-141387.0,-0.009987771130311714,-1.184253146438032,0.2577,0.6280241935483871,0.8493,0.8733,0.1533
20251224,1174.4498,1166.9559,1179.9453,1156.5476,1505955.0,-42839.0,1051077.0,2.0,0.0,38515.0,0.0,0.0,-3.0,0.0,-137395.0,1168.63126,1155.6481,1168.12981,12.98316,0.5014499999999771,1160.944273095238,1165.786575436508,1276131.2,,,2.131339424970461,2.168503977955989,4.299843402926451,2.0,38515.0,-3.0,-137395.0,-0.028446401120883424,-1.2636991702599871,0.2635,0.6864919354838713,0.8767,0.9213,0.1293
20251225,1175.1237,1173.6712,1185.5757,1166.151,1480037.0,-25918.0,889577.0,2.0,0.0,41238.0,0.0,0.0,-3.0,0.0,-140803.0,1167.52412,1159.9819,1167.028875,7.542220000000043,0.4952450000000681,1161.590276666667,1164.017239261905,1226492.8,,,2.08152022302831,2.155908819817304,4.237429042845614,2.0,41238.0,-3.0,-140803.0,-0.017511724369052937,-1.2947348090901514,0.2605,0.6589068825910931,0.863,0.924,0.1232
20251226,1191.8593,1176.1499,1197.6676,1164.6532,1455392.0,-24645.0,1463118.0,2.0,0.0,35059.0,0.0,0.0,-3.0,0.0,-126532.0,1172.87796,1167.71,1166.68218,5.167959999999994,6.195780000000013,1163.371486428571,1163.116857079365,1211505.3,1755741.6,0.329705,2.115929004643182,2.168503977955989,4.284432982599171,2.0,35059.0,-3.0,-126532.0,-0.016933582155185683,-1.3459803342597605,0.2867,1.0,0.9041,0.9347,0.1122
20251229,1175.6989,1187.4647,1194.7802,1170.7442,1466643.0,11251.0,1142914.0,3.0,0.0,62755.0,0.0,0.0,-3.0,0.0,-174072.0,1176.48476,1170.64163,1165.37386,5.843130000000201,11.11090000000013,1164.605111031746,1162.816949468254,1137437.1,,,2.173266883637119,2.168503977955989,4.341770861593108,3.0,62755.0,-3.0,-174072.0,0.007671260149879691,-1.4193344289059808,0.28,0.9266155531215774,0.9863,0.9947,0.0842
20251230,1208.9797,1173.9354,1211.9111,1172.7193,1371260.0,-95383.0,1319712.0,3.0,0.0,47558.0,0.0,0.0,-3.0,0.0,-115131.0,1185.22228,1175.48292,1165.439435,9.73936000000026,19.78284500000018,1167.74277547619,1163.065688619048,1115757.6,,,2.214540360960545,2.189599154611743,4.404139515572289,3.0,47558.0,-3.0,-115131.0,-0.06955865408456456,-1.3516819265219118,0.2695,0.8116100766703177,0.9863,0.9947,0.1132
20251231,1208.2303,1209.2187,1212.7845,1195.6489,1250308.0,-120952.0,972623.0,3.0,0.0,48116.0,0.0,0.0,-3.0,0.0,-129989.0,1191.97838,1180.30482,1166.18165,11.67355999999995,25.79673000000003,1171.723771666667,1163.887122801587,1119659.4,,,2.175926043470906,2.168503977955989,4.344430021426895,3.0,48116.0,-3.0,-129989.0,-0.09673776381499599,-1.5703531152030572,0.2592,0.6987951807228914,0.9863,0.9947,0.0651
20260105,1178.8149,1205.0786,1205.0786,1172.462,1357934.0,107626.0,1034261.0,3.0,0.0,61317.0,0.0,0.0,-3.0,0.0,-156149.0,1192.71662,1180.12037,1165.539535,12.59624999999983,27.17708499999981,1173.733843095238,1164.912159968254,1078483.1,,,2.229640881678119,2.168503977955989,4.398144859634108,3.0,61317.0,-3.0,-156149.0,0.07925716566489976,-1.6383462638194772,0.2671,0.7853231106243154,1.0,0.9947,0.0471
20260106,1191.5874,1179.9145,1192.5598,1173.7602,1373319.0,15385.0,848237.0,3.0,0.0,53186.0,0.0,0.0,-2.0,0.0,-111501.0,1192.66224,1182.7701,1166.62984,9.892139999999927,26.03240000000005,1175.749438809524,1166.192039904762,1065002.4,,,2.101194974282998,2.155908819817304,4.257103794100303,3.0,53186.0,-2.0,-111501.0,0.011202786825202302,-1.5244035704961143,0.2574,0.6790799561883901,0.9452,0.972,0.0731
20260107,1271.6119,1197.6012,1277.2931,1190.9559,1382684.0,9365.0,2639873.0,2.0,0.0,30487.0,-1719.0,0.0,-3.0,0.0,-104098.0,1211.84484,1194.1648,1172.03492,17.68003999999996,39.80991999999992,1183.430141269841,1168.370133293651,1228569.7,3167847.6,0.377085,2.455535623428159,2.168503977955989,4.624039601384148,2.0,28768.0,-3.0,-104098.0,0.006773058775540904,-1.2407394077455625,0.3279,1.0,0.9178,0.9707,0.1473
20260108,1241.7661,1266.9158,1271.5532,1225.3512,1539119.0,156435.0,2427977.0,3.0,0.0,58170.0,-1906.0,0.0,-3.0,0.0,-144429.0,1218.40212,1201.8122,1176.398095,16.58991999999989,42.00402499999996,1190.920466428571,1171.381158396825,1378936.9,2913572.4,,2.625382049081408,2.168503977955989,4.793886027037397,3.0,56264.0,-3.0,-144429.0,0.1016393144389745,-1.269105629333807,0.3079,0.8490566037735848,0.9041,0.9667,0.1353
20260109,1231.0856,1243.3611,1244.5246,1208.799,1548652.0,9533.0,1680753.0,3.0,0.0,65378.0,0.0,0.0,-3.0,0.0,-165822.0,1222.97318,1207.47578,1181.56194,15.49739999999974,41.41123999999991,1196.268568650794,1174.913587952381,1441904.5,,,2.652524610263594,2.189599154611743,4.842123764875337,3.0,65378.0,-3.0,-165822.0,0.006155676033092005,-1.362903825985428,0.3048,0.8256603773584905,0.8356,0.9573,0.1102
20260112,1241.8588,1234.7135,1244.701,1217.3528,1581332.0,32680.0,1441712.0,3.0,0.0,58241.0,0.0,0.0,-3.0,0.0,-171521.0,1235.58196,1214.14929,1187.065595,21.43266999999992,48.51636499999995,1201.785705793651,1178.933130865079,1497118.0,,,2.658582002449218,2.209696858388506,4.868278860837724,3.0,58241.0,-3.0,-171521.0,0.02066612197818042,-1.333851263036436,0.298,0.7743396226415092,0.7945,0.916,0.1192
20260113,1215.1516,1244.347,1244.347,1212.6696,1602424.0,21092.0,1226344.0,3.0,0.0,63270.0,0.0,0.0,-3.0,0.0,-171604.0,1240.2948,1216.47852,1192.09426,23.81628000000001,48.20054000000027,1205.444989126984,1183.140481134921,1473440.6,,,2.705946873125485,2.209696858388506,4.91564373151399,3.0,63270.0,-3.0,-171604.0,0.013162558723533847,-1.281808700385512,0.2908,0.7199999999999999,0.7534,0.8853,0.1353
20260114,1225.2038,1215.1773,1234.5208,1209.0033,1588962.0,-13462.0,1255801.0,3.0,0.0,44111.0,0.0,0.0,-3.0,0.0,-174212.0,1231.01318,1221.42901,1196.03532,9.584170000000086,34.97785999999996,1208.525298015873,1187.532499833333,1484729.3,,,2.738309313161168,2.182101129134043,4.920410442295211,3.0,44111.0,-3.0,-174212.0,-0.00847219757300678,-1.3337236955344052,0.2911,0.7222641509433964,0.7397,0.86,0.1202
20260115,1196.8392,1230.3046,1230.3046,1189.2498,1621866.0,32904.0,1481324.0,3.0,0.0,69534.0,0.0,0.0,-3.0,0.0,-176125.0,1222.0278,1220.21496,1197.84894,1.812840000000278,24.17885999999999,1209.799470079365,1191.738169293651,1500890.5,,,2.83884133379992,2.209696858388506,5.048538192188426,3.0,69534.0,-3.0,-176125.0,0.020287742637184577,-1.347290294400394,0.2871,0.6920754716981132,0.7945,0.8707,0.1182
20260116,1196.0964,1198.9341,1219.2765,1185.9505,1593663.0,-28203.0,1348888.0,4.0,-1.0,47997.0,0.0,0.0,-3.0,0.0,-176388.0,1215.02996,1219.00157,1199.653195,-3.971609999999828,15.3767650000002,1209.932968174603,1195.559088944444,1538517.0,,,2.917227712100654,2.231550646148808,5.148778358249462,3.0,47997.0,-3.0,-176388.0,-0.01769696604614652,-1.3552779426859305,0.2898,0.7124528301886791,0.7808,0.8707,0.1152
20260119,1196.0326,1194.8733,1218.5482,1190.6981,1545614.0,-48049.0,1287290.0,3.0,0.0,62052.0,0.0,0.0,-3.0,0.0,-171005.0,1205.86472,1220.72334,1200.421855,-14.85861999999997,5.442864999999983,1210.051340873016,1199.190838722222,1563819.9,,,2.886094795032524,2.260075233805189,5.146170028837712,3.0,62052.0,-3.0,-171005.0,-0.03108732193160776,-1.122909162607101,0.2815,0.6498113207547167,0.7945,0.808,0.1944
20260120,1181.2159,1198.7784,1198.7784,1178.1363,1546382.0,768.0,948817.0,3.0,-1.0,65014.0,-14458.0,0.0,-3.0,0.0,-183320.0,1199.07758,1219.68619,1201.228145,-20.60861,-2.150565000000142,1208.807838174603,1202.49667865873,1573877.9,,,2.865174949013142,2.260075233805189,5.125250182818331,2.0,50556.0,-3.0,-183320.0,0.0004966431321626869,-1.1194595975564008,0.2686,0.5524528301886792,0.7808,0.804,0.1964
20260121,1167.7347,1180.1386,1183.1636,1166.079,1567544.0,21162.0,795268.0,4.0,0.0,69715.0,0.0,0.0,-3.0,0.0,-177377.0,1187.58376,1209.29847,1201.731635,-21.7147100000002,-14.14787500000011,1206.025216507936,1204.75618618254,1389417.4,,,2.741671581707696,2.260075233805189,5.001746815512885,4.0,69715.0,-3.0,-177377.0,0.013500099518737593,-1.1147566191518283,0.2667,0.5381132075471697,0.6986,0.8293,0.1994
20260122,1189.3599,1170.7457,1189.5138,1164.0181,1557339.0,-10205.0,983622.0,3.0,-1.0,61373.0,-14790.0,0.0,-3.0,0.0,-145331.0,1186.0879,1204.05785,1202.935025,-17.96994999999993,-16.84712500000001,1204.169044126984,1206.081043952381,1244981.9,,,2.794125352624882,2.260075233805189,5.054200586430071,2.0,46583.0,-3.0,-145331.0,-0.006552844306859328,-1.1072000624829226,0.2716,0.5750943396226414,0.7123,0.8187,0.2014
20260123,1203.39,1189.7679,1204.941,1183.3087,1555769.0,-1570.0,1182034.0,3.0,-1.0,59815.0,-14815.0,0.0,-3.0,0.0,-144484.0,1187.54662,1201.28829,1204.382035,-13.74167000000011,-16.83541500000024,1203.787507380953,1206.832937825397,1195110.0,,0.32913,2.706670535779246,2.232918071273011,4.939588607052257,2.0,45000.0,-3.0,-144484.0,-0.0010091472448673293,-1.0508304247326032,0.2862,0.6852830188679245,0.6986,0.884,0.2134
20260126,1210.5475,1202.2389,1215.6022,1188.8112,1572983.0,17214.0,1399855.0,4.0,0.0,61726.0,0.0,0.0,-3.0,0.0,-135133.0,1190.4496,1198.15716,1206.153225,-7.707560000000058,-15.7036250000001,1204.020078174603,1207.056375063492,1190924.3,,,2.750743256646936,2.20657163391759,4.957314890564525,4.0,61726.0,-3.0,-135133.0,0.010943538487065658,-1.0406168823769395,0.2828,0.6596226415094338,0.6849,0.884,0.2154
20260127,1200.0236,1207.3434,1209.9739,1193.9291,1572471.0,-512.0,955455.0,3.0,0.0,62266.0,0.0,0.0,-3.0,0.0,-147901.0,1194.21114,1196.64436,1206.56144,-2.433219999999892,-12.35030000000006,1203.783977063492,1206.890273857143,1163835.4,,,2.349770458994476,2.20657163391759,4.556342092912065,3.0,62266.0,-3.0,-147901.0,-0.00032560218916596873,-1.04057365628355,0.2686,0.5524528301886792,0.7123,0.828,0.2164
20260128,1204.6903,1196.8058,1212.3142,1184.3215,1589981.0,17510.0,1004205.0,3.0,0.0,61446.0,0.0,0.0,-3.0,0.0,-153958.0,1201.60226,1194.59301,1208.01101,7.009250000000065,-6.408749999999827,1203.222487936508,1206.359992849206,1138675.8,,,2.246581856031276,2.20657163391759,4.453153489948866,3.0,61446.0,-3.0,-153958.0,0.011012710214776152,-1.02000470235966,0.2765,0.6120754716981133,0.726,0.828,0.2234
20260129,1230.8204,1206.0889,1231.7449,1199.9517,1587279.0,-2702.0,1368606.0,3.0,0.0,37259.0,-1802.0,0.0,-3.0,0.0,-157108.0,1209.89436,1197.99113,1209.103045,11.90323000000012,0.7913149999999405,1204.657206984127,1205.845766539682,1127404.0,1642327.2,0.33327,2.223291920173483,2.239477272783188,4.462769192956671,3.0,35457.0,-3.0,-157108.0,-0.0017022842235045004,-0.8841838029025243,0.2898,0.7124528301886791,0.726,0.828,0.2635
20260130,1212.1886,1229.716,1236.0708,1205.1406,1552976.0,-34303.0,1567479.0,3.0,-1.0,60519.0,-15255.0,0.0,-3.0,0.0,-171529.0,1211.65408,1199.60035,1209.30096,12.05373000000009,2.35311999999999,1205.720278730158,1205.424497595238,1149263.1,1880974.8,,2.24849591882773,2.283802146134723,4.532298064962452,2.0,45264.0,-3.0,-171529.0,-0.022088557711130115,-1.001246253997312,0.2828,0.6596226415094338,0.726,0.8467,0.2325
20260202,1211.8073,1206.2846,1241.9071,1201.3686,1552218.0,-758.0,1970220.0,3.0,-1.0,62174.0,-15287.0,0.0,-3.0,0.0,-170639.0,1211.90604,1201.17782,1210.95058,10.72822000000019,0.9554599999999027,1206.132001825397,1205.032563690476,1217556.1,2364264.0,0.338445,2.3016061226664,2.297609415209509,4.59921553787591,2.0,46887.0,-3.0,-170639.0,-0.0004883334686236083,-1.009876753761137,0.2943,0.7464150943396226,0.7534,0.86,0.2295
20260203,1210.452,1219.4116,1223.1863,1198.2233,1595749.0,43531.0,1156810.0,3.0,-1.0,67071.0,-14553.0,0.0,-3.0,0.0,-190996.0,1213.99172,1204.10143,1211.89381,9.89029000000005,2.097909999999956,1206.024230634921,1204.754202936508,1238355.4,,,2.300327381776658,2.297609415209509,4.597936796986167,2.0,52518.0,-3.0,-190996.0,0.027279352830551672,-1.0262503417741773,0.2877,0.6966037735849057,0.8082,0.86,0.2224
20260204,1237.9708,1216.9083,1242.4934,1211.5539,1614108.0,18359.0,1658766.0,3.0,-1.0,53476.0,-15566.0,1.0,-2.0,6621.0,-144215.0,1220.64782,1211.12504,1210.211755,9.522780000000012,10.4360650000001,1208.147926507936,1204.966473936508,1324705.2,1990519.2,0.3392499999999999,2.241228364267728,2.297609415209509,4.538837779477237,2.0,37910.0,-1.0,-137594.0,0.01137408401420475,-1.005592396332789,0.295,0.751698113207547,0.8493,0.896,0.2345
20260205,1219.737,1234.0262,1236.4582,1211.7617,1591748.0,-22360.0,1197319.0,3.0,-1.0,60698.0,-15570.0,0.0,-3.0,0.0,-177788.0,1218.43114,1214.16275,1209.1103,4.268390000000181,9.320840000000317,1209.46523579365,1205.496093103175,1346074.9,,,2.195916956622332,2.297609415209509,4.493526371831842,2.0,45128.0,-3.0,-177788.0,-0.01404744972194091,-0.9781414558565352,0.2881,0.699622641509434,0.8493,0.908,0.2415
20260206,1200.6277,1214.1317,1214.821,1195.1478,1596703.0,4955.0,1198309.0,3.0,-1.0,56855.0,-15343.0,0.0,-3.0,0.0,-162522.0,1216.11896,1213.88652,1207.587405,2.232439999999997,8.531555000000026,1208.876991587302,1206.005041523809,1347702.4,,,2.176001720131925,2.297609415209509,4.473611135341435,2.0,41512.0,-3.0,-162522.0,0.0031032696750741997,-1.0139336520584572,0.2805,0.6422641509433963,0.8356,0.928,0.2285
20260209,1191.9105,1197.4334,1206.4738,1176.3687,1611365.0,14662.0,1289737.0,3.0,-1.0,56445.0,-14807.0,0.0,-3.0,0.0,-149705.0,1212.1396,1212.02282,1205.08999,0.1167800000000625,7.04961000000003,1207.498224047619,1206.352856111111,1336690.6,,,2.230647052428644,2.297609415209509,4.528256467638154,2.0,41638.0,-3.0,-149705.0,0.009099117828673205,-1.0544221089551304,0.2749,0.5999999999999998,0.8356,0.9373,0.2124
20260210,1181.8918,1191.8845,1197.2664,1181.8917,1620028.0,8663.0,814638.0,3.0,-1.0,61851.0,-14832.0,0.0,-3.0,0.0,-167442.0,1206.42756,1210.20964,1203.427,-3.782079999999951,3.00055999999995,1205.571520873016,1206.531610492063,1322608.9,,,2.218664532944332,2.297609415209509,4.516273948153842,2.0,47019.0,-3.0,-167442.0,0.005347438439335616,-1.1556946460965265,0.2763,0.6105660377358489,0.8767,0.9467,0.1854
20260211,1188.3938,1181.9557,1193.3788,1173.6052,1599070.0,-20958.0,731435.0,2.0,-2.0,41504.0,-15553.0,0.0,-3.0,0.0,-170563.0,1196.51216,1208.57999,1201.5865,-12.06783000000019,-5.074339999999893,1203.900859523809,1206.599447650794,1295331.9,,,2.184941666814112,2.297609415209509,4.482551082023621,0.0,25951.0,-3.0,-170563.0,-0.013106368076444433,-1.2383110967085866,0.2754,0.6037735849056601,0.9178,0.9613,0.1553
20260212,1173.2808,1185.3058,1189.5145,1168.6994,1567819.0,-31251.0,778794.0,3.0,-2.0,57959.0,-15494.0,0.0,-3.0,0.0,-172913.0,1187.22092,1202.82603,1200.40858,-15.60510999999974,-13.18765999999982,1201.498111825397,1206.283538134921,1236350.7,,,2.183997443076609,2.297609415209509,4.481606858286119,1.0,42465.0,-3.0,-172913.0,-0.019932785608542822,-1.2246273344541945,0.2745,0.5969811320754718,0.9315,0.964,0.1573
20260213,1162.6123,1176.8851,1179.8881,1160.0939,1494730.0,-73089.0,671248.0,3.0,-2.0,38396.0,-631.0,0.0,-3.0,0.0,-174335.0,1179.61784,1197.8684,1198.734375,-18.25055999999995,-19.11653499999989,1198.303434761905,1205.541853738095,1146727.6,,,2.148636973708271,2.244282490101591,4.392919463809863,1.0,37765.0,-3.0,-174335.0,-0.04889779425046664,-1.2145588849271542,0.2717,0.5758490566037735,0.9315,0.9653,0.1613
20260224,1180.2491,1174.1909,1184.4027,1158.5909,1545699.0,50969.0,653849.0,2.0,-1.0,34382.0,-18858.0,0.0,-3.0,0.0,-154213.0,1177.28556,1194.71258,1197.9452,-17.42701999999986,-20.65963999999985,1196.198154047619,1204.548468960317,1015090.5,,,2.20586606035365,2.20657163391759,4.412437694271239,1.0,15524.0,-3.0,-154213.0,0.032974725350795986,-1.332274642229363,0.2597,0.48528301886792435,0.9452,0.9693,0.1232
20260225,1202.4496,1180.8545,1204.4095,1180.8545,1562082.0,16383.0,1172602.0,1.0,-3.0,19369.0,-41693.0,0.0,-3.0,0.0,-139966.0,1181.39712,1193.91234,1199.006885,-12.51522,-17.60976499999992,1195.986707301588,1203.544716626984,1016669.7,,,2.183354842889077,2.20657163391759,4.389926476806666,-2.0,-22324.0,-3.0,-139966.0,0.01048792572989126,-1.2177944391180062,0.261,0.49509433962264154,0.9726,0.9827,0.1613
20260226,1202.9068,1206.8683,1206.8683,1187.8394,1530899.0,-31183.0,855532.0,2.0,-2.0,40076.0,-22485.0,0.0,-3.0,0.0,-157573.0,1184.29972,1190.40594,1200.76549,-6.106220000000121,-16.46577000000002,1196.189585238095,1202.3488825,936346.3,,,2.110903122151723,2.193066934959427,4.30397005711115,0.0,17591.0,-3.0,-157573.0,-0.020369077254606606,-1.2088143984162902,0.2453,0.37660377358490554,0.9863,0.9933,0.1683
20260227,1206.4859,1198.2762,1207.4045,1188.4709,1520086.0,-10813.0,922717.0,2.0,-2.0,35868.0,-24786.0,0.0,-3.0,0.0,-158304.0,1190.94074,1189.08083,1201.62179,1.8599099999999,-10.68104999999991,1196.391682301587,1201.041527150794,908886.1,,,2.040088140468449,2.193066934959427,4.233155075427876,0.0,11082.0,-3.0,-158304.0,-0.00711341332003584,-1.1407216306775514,0.2639,0.5169811320754718,1.0,1.0,0.1954
20260302,1201.5371,1208.7445,1224.26,1185.6965,1553436.0,33350.0,1499748.0,2.0,-2.0,40336.0,-18751.0,0.0,-3.0,0.0,-174604.0,1198.7257,1189.17177,1201.529145,9.553930000000037,-2.803445000000011,1196.71646936508,1199.825474928572,939030.0,1799697.6,0.307165,2.029554574524402,2.20657163391759,4.236126208441991,0.0,21585.0,-3.0,-174604.0,0.02146853813095615,-1.1541596358924628,0.2671,0.5411320754716981,1.0,1.0,0.1924
20260303,1230.4537,1201.2587,1233.2348,1185.2998,1564603.0,11167.0,1489802.0,2.0,-2.0,33243.0,-24111.0,0.0,-3.0,0.0,-151601.0,1208.76662,1193.02609,1202.524455,15.74053000000004,6.242164999999886,1198.432588968254,1198.918911420635,959036.5,1787762.4,0.342125,2.164032363050965,2.244282490101591,4.408314853152556,0.0,9132.0,-3.0,-151601.0,0.007137273800446503,-1.047110287212382,0.2975,0.7705660377358489,1.0,1.0,0.2244
20260304,1216.9627,1224.0285,1237.0204,1207.5771,1522955.0,-41648.0,1760410.0,2.0,-2.0,37657.0,-36497.0,0.0,-3.0,0.0,-164864.0,1211.66924,1196.53318,1203.37141,15.13606000000004,8.297829999999976,1200.144007619047,1198.376160095238,1053613.7,2112492.0,,2.151242732867407,2.297609415209509,4.448852148076917,0.0,1160.0,-3.0,-164864.0,-0.027346835592647188,-1.082887461136928,0.2847,0.6739622641509434,1.0,1.0,0.2124
20260305,1238.0393,1215.2789,1254.4938,1210.2377,1573159.0,50204.0,1804827.0,3.0,-2.0,21522.0,-23523.0,0.0,-3.0,0.0,-150745.0,1218.69574,1201.49773,1205.03886,17.19801000000007,13.65687999999977,1202.871871349206,1198.273261277778,1160952.9,2165792.4,0.3983599999999999,2.256460770654865,2.313962287229391,4.570423057884256,1.0,-2001.0,-3.0,-150745.0,0.031912858140849085,-0.857543448143251,0.3464,1.0,1.0,0.9893,0.2816
20260306,1255.0421,1240.905,1259.7089,1230.0715,1619720.0,46561.0,1389348.0,2.0,-2.0,19615.0,-25866.0,0.0,-3.0,0.0,-138368.0,1228.40698,1209.67386,1206.249945,18.7331200000001,22.15703500000018,1207.281543809524,1198.85160447619,1222008.3,,,2.27915748821063,2.325601792448976,4.604759280659605,0.0,-6251.0,-3.0,-138368.0,0.02874632652557232,-0.8998512114801788,0.3429,0.9768211920529801,0.9726,0.9867,0.2725
20260309,1289.2339,1264.449,1344.8921,1258.6485,1597886.0,-21834.0,3727559.0,4.0,-1.0,52440.0,-7255.0,0.0,-3.0,0.0,-160504.0,1245.94634,1222.33602,1210.10221,23.61032,35.84412999999995,1215.251769206349,1200.546437920635,1527639.4,4473070.8,0.46414,2.618958511622549,2.333035820842595,4.951994332465144,3.0,45185.0,-3.0,-160504.0,-0.013664303961609276,-0.674077423892796,0.4036,1.0,0.9452,0.956,0.3116
20260310,1253.1711,1285.7573,1290.6216,1236.9956,1540816.0,-57070.0,2126571.0,3.0,0.0,50255.0,-5868.0,0.0,-3.0,0.0,-160039.0,1250.48982,1229.62822,1212.1704,20.86159999999995,38.31942000000004,1220.290461587302,1202.955668674603,1674911.6,2551885.2,,2.832974827058619,2.348454183208867,5.181429010267486,3.0,44387.0,-3.0,-160039.0,-0.03703881579630534,-0.987258704009679,0.3134,0.5667627281460135,0.9178,0.9493,0.2475
20260311,1273.6189,1257.6203,1275.362,1241.7678,1560089.0,19273.0,1274496.0,2.0,-1.0,50345.0,-6345.0,0.0,-3.0,0.0,-166864.0,1261.82106,1236.74515,1215.328745,25.07590999999957,46.49231499999973,1225.36937984127,1205.893935928571,1685101.0,,,2.89973220423713,2.38464339232807,5.2843755965652,1.0,44000.0,-3.0,-166864.0,0.012353782380364197,-1.0256979859229978,0.3361,0.6757925072046109,0.9315,0.928,0.2315
20260312,1272.6366,1277.7012,1319.4531,1269.2184,1518202.0,-41887.0,2265366.0,3.0,0.0,47539.0,-3603.0,0.0,-3.0,0.0,-129679.0,1268.74052,1243.71813,1217.062035,25.02239000000009,51.67848500000014,1231.822648809524,1209.457242285714,1826084.4,2718439.2,,3.054157176949125,2.461959262375481,5.516116439324605,3.0,43936.0,-3.0,-129679.0,-0.02758987275738011,-0.5609775831574735,0.3732,0.8428128231644259,0.9452,0.916,0.3367
20260313,1291.8403,1278.5073,1306.3309,1274.5879,1515197.0,-3005.0,1402869.0,3.0,-1.0,45020.0,-9314.0,1.0,-2.0,10440.0,-121225.0,1276.10016,1252.25357,1220.6672,23.84658999999988,55.43295999999987,1238.775787936508,1213.695652849206,1874099.6,,,3.111641948096014,2.527068587535864,5.638710535631878,2.0,35706.0,-1.0,-110785.0,-0.0019832404631212972,-0.8877961491433877,0.392,0.9321240491515507,0.9041,0.912,0.2776
20260316,1272.8388,1286.0623,1290.3647,1260.3938,1533326.0,18129.0,1461623.0,3.0,0.0,48249.0,-358.0,0.0,-3.0,0.0,-164365.0,1272.82114,1259.38374,1224.277755,13.43740000000003,48.54338499999994,1244.059684365079,1218.429974349206,1870287.1,,,3.127460904605957,2.492662074458619,5.620122979064577,3.0,47891.0,-3.0,-164365.0,0.011823317415865902,-0.8435009455969379,0.3623,0.7391029690461149,0.863,0.8933,0.2856
20260317,1260.3975,1264.017,1271.3121,1248.3571,1542186.0,8860.0,1091819.0,4.0,0.0,54767.0,0.0,0.0,-3.0,0.0,-171383.0,1274.26642,1262.37812,1227.702105,11.88829999999984,46.56431500000008,1247.578729126984,1223.34458836508,1830488.8,,,3.118923922887485,2.492662074458619,5.611585997346104,4.0,54767.0,-3.0,-171383.0,0.005745091707485349,-0.8841339304828136,0.3351,0.5672773215413771,0.8904,0.9307,0.2806
20260318,1230.1311,1259.9708,1267.5386,1225.3225,1553168.0,10982.0,1168377.0,3.0,0.0,57400.0,0.0,0.0,-3.0,0.0,-187387.0,1265.56886,1263.69496,1230.11407,1.873900000000049,35.45479,1248.837498492064,1228.213937452381,1771285.5,,,3.246625718190925,2.527068587535864,5.773694305726789,3.0,57400.0,-3.0,-187387.0,0.0070707096721024385,-0.971220526688009,0.3177,0.4573594440934933,0.8493,0.9507,0.2545
20260319,1237.1986,1243.9273,1248.8752,1224.8458,1555484.0,2316.0,1099782.0,3.0,0.0,51097.0,0.0,0.0,-3.0,0.0,-173044.0,1258.48126,1263.61089,1232.55431,-5.129629999999906,25.92695000000003,1249.682557857143,1232.895006103175,1700781.0,,,3.270015832870503,2.492662074458619,5.762677907329122,3.0,51097.0,-3.0,-173044.0,0.001488925633436281,-0.959559468868312,0.3355,0.5698041692987998,0.863,0.956,0.2605
20260320,1223.5802,1232.835,1236.284,1216.071,1556296.0,812.0,1054680.0,4.0,0.0,53052.0,0.0,0.0,-3.0,0.0,-147663.0,1244.82924,1260.4647,1235.06928,-15.63545999999997,9.759960000000092,1249.081858492063,1237.075037571429,1667314.2,,,3.166530150266986,2.492662074458619,5.659192224725605,4.0,53052.0,-3.0,-147663.0,0.000521751646216401,-0.9794898106291908,0.3313,0.5432722678458621,0.8767,0.9613,0.2505
20260323,1281.0721,1225.5232,1289.7918,1219.5588,1486868.0,-69428.0,1919525.0,3.0,-1.0,19435.0,-14761.0,0.0,-3.0,0.0,-140201.0,1246.4759,1259.64852,1240.99227,-13.17262000000005,5.483629999999948,1251.680235714286,1240.717884222222,1486510.8,2303430.0,0.4920849999999999,3.284144560436005,2.527068587535864,5.811213147971868,2.0,4674.0,-3.0,-140201.0,-0.04669412483152506,-0.9590626786253328,0.4279,1.0,0.9041,0.9667,0.2625
20260324,1267.0827,1257.0598,1283.388,1253.0859,1487075.0,207.0,1341280.0,2.0,-1.0,33618.0,-6847.0,0.0,-3.0,0.0,-139664.0,1247.81294,1261.03968,1245.33395,-13.22673999999984,2.478990000000294,1254.12784,1244.101622063492,1407981.7,,,3.279683388134406,2.492662074458619,5.772345462593026,1.0,26771.0,-3.0,-139664.0,0.000139199435132727,-1.0104491644654388,0.3744,0.7070098576122673,0.9315,0.9707,0.2375
20260325,1271.5092,1268.5609,1283.4353,1248.4844,1499861.0,12786.0,1278586.0,2.0,-1.0,23815.0,-5574.0,0.0,-3.0,0.0,-151290.0,1256.08856,1260.82871,1248.78693,-4.740150000000085,7.301629999999932,1256.582342777778,1247.222918357143,1408390.7,,,3.220841264831121,2.536111027552051,5.756952292383172,1.0,18241.0,-3.0,-151290.0,0.008524789963869985,-1.028551185334912,0.3832,0.7552026286966045,1.0,0.9947,0.2295
20260326,1253.9454,1272.8459,1274.8299,1244.8278,1502158.0,2297.0,1057172.0,2.0,-1.0,38102.0,-4460.0,0.0,-3.0,0.0,-162412.0,1259.43792,1258.95959,1251.33886,0.4783299999999144,8.099059999999781,1257.687560555555,1249.809409531746,1287571.3,,,3.223104061325866,2.536111027552051,5.759215088877918,1.0,33642.0,-3.0,-162412.0,0.0015291334200530171,-1.106598849271358,0.3509,0.5783132530120482,1.0,0.9947,0.2094
20260327,1257.797,1260.2033,1266.3435,1248.4611,1477878.0,-24280.0,836029.0,1.0,-1.0,22161.0,-4946.0,0.0,-3.0,0.0,-141143.0,1266.28128,1255.55526,1253.904415,10.72602000000006,12.37686499999995,1258.393756349206,1251.771206373016,1230887.3,,,2.821023924452787,2.536111027552051,5.357134952004839,0.0,17215.0,-3.0,-141143.0,-0.0164289609832476,-1.075678333330116,0.3475,0.5596933187294632,0.9863,0.9947,0.2134
20260330,1237.7174,1262.1983,1262.4377,1234.5077,1526678.0,48800.0,1126033.0,3.0,0.0,61627.0,0.0,0.0,-3.0,0.0,-158390.0,1257.61034,1252.04312,1255.71343,5.567219999999907,1.896909999999934,1257.569318333333,1253.122169769841,1197328.3,,,2.677756251872442,2.536111027552051,5.213867279424493,3.0,61627.0,-3.0,-158390.0,0.031964828208698885,-1.1335669436647586,0.3264,0.4441401971522455,0.9863,0.96,0.2014
20260331,1205.5037,1233.9367,1236.1928,1205.4929,1496408.0,-30270.0,968127.0,3.0,0.0,61203.0,-699.0,0.0,-3.0,0.0,-155619.0,1245.29454,1246.55374,1254.46593,-1.259199999999964,-9.171390000000201,1253.812650079365,1253.745561865079,1184959.1,,,2.680342669596707,2.56419582950218,5.244538499098887,3.0,60504.0,-3.0,-155619.0,-0.02022844037187719,-1.115902062160581,0.2717,0.14457831325301207,0.9863,0.96,0.2064
20260401,1195.0648,1207.9686,1209.6065,1194.1534,1515289.0,18881.0,892771.0,3.0,0.0,59692.0,-1413.0,0.0,-3.0,0.0,-166217.0,1230.00566,1243.04711,1253.371035,-13.04144999999994,-23.36537500000009,1248.444134206349,1253.706225436508,1157398.5,,,2.493318703761159,2.536111027552051,5.029429731313209,3.0,58279.0,-3.0,-166217.0,0.012460329349714807,-1.0627159561332276,0.2781,0.1796276013143484,0.9863,0.96,0.2194
20260402,1203.5336,1196.7927,1207.4213,1194.2858,1527325.0,12036.0,839907.0,3.0,0.0,59334.0,-2672.0,0.0,-3.0,0.0,-154776.0,1219.9233,1239.68061,1251.64575,-19.75730999999996,-31.72245000000021,1243.397309206349,1253.077700571429,1131411.0,,,2.387802580827708,2.536111027552051,4.92391360837976,3.0,56662.0,-3.0,-154776.0,0.00788044456811746,-1.1468474022384938,0.2682,0.1254107338444688,0.9863,0.96,0.1944
20260403,1189.3218,1203.2651,1205.9675,1185.8057,1489390.0,-37935.0,735529.0,3.0,-1.0,56035.0,-17339.0,0.0,-3.0,0.0,-147093.0,1206.22826,1236.25477,1248.359735,-30.02650999999992,-42.13147499999991,1237.677438730159,1251.937258595238,1099495.9,,,2.334143364755316,2.492662074458619,4.826805439213935,2.0,38696.0,-3.0,-147093.0,-0.0254701589241233,-1.203482056196005,0.262,0.09145673603504939,0.9863,1.0,0.1703
20260407,1173.3017,1193.6155,1197.5904,1171.5439,1514568.0,25178.0,759108.0,2.0,0.0,43175.0,-3296.0,0.0,-3.0,0.0,-147742.0,1193.34512,1225.47773,1242.563125,-32.13261000000011,-49.21800499999995,1231.375593095238,1249.906794333333,983454.2,,0.3217699999999999,2.355027970931248,2.492662074458619,4.847690045389867,2.0,39879.0,-3.0,-147742.0,0.016623882189508825,-1.312891538156827,0.2798,0.18893756845564075,1.0,1.0,0.1333
20260408,1178.0919,1180.4776,1186.6533,1171.1326,1513265.0,-1303.0,813770.0,2.0,0.0,43611.0,0.0,0.0,-3.0,0.0,-147508.0,1187.86276,1216.57865,1238.809165,-28.71588999999994,-50.94640500000014,1224.964633809524,1246.990473714286,930703.2,,,2.206729412725625,2.439877123097971,4.646606535823596,2.0,43611.0,-3.0,-147508.0,-0.0008610520959646856,-1.2698286232552451,0.2589,0.07447973713033969,1.0,0.9813,0.1433
20260409,1167.4137,1173.0354,1182.3813,1166.5967,1552189.0,38924.0,763845.0,2.0,-1.0,46750.0,-8765.0,0.0,-3.0,0.0,-143744.0,1182.33254,1206.1691,1233.498905,-23.83656000000019,-51.16636500000004,1218.279246269841,1243.160164063492,879229.1,,,2.167531157908157,2.439877123097971,4.607408281006128,1.0,37985.0,-3.0,-143744.0,0.025076843090628784,-1.2653059062091436,0.2754,0.164841182913472,0.9452,0.9453,0.1463
20260410,1185.9688,1169.0091,1196.9836,1156.4741,1532644.0,-19545.0,1306239.0,2.0,-1.0,42148.0,-12965.0,0.0,-3.0,0.0,-117712.0,1178.81958,1199.37144,1229.165515,-20.55185999999981,-50.34593500000005,1213.02060015873,1238.69346802381,904135.8,1567486.8,,2.285869211668675,2.439877123097971,4.725746334766646,1.0,29183.0,-3.0,-117712.0,-0.01275247219837092,-1.2319674844859836,0.2352,0.0,0.9041,0.9333,0.1603
20260413,1181.6035,1184.9204,1196.0789,1178.0477,1521489.0,-11155.0,909735.0,2.0,-1.0,47861.0,0.0,0.0,-3.0,0.0,-127025.0,1177.27592,1191.75209,1223.653675,-14.47616999999991,-46.37775499999998,1208.687238492063,1233.722816238095,911506.4,,,1.991618245304215,2.403333115382785,4.394951360687,1.0,47861.0,-3.0,-127025.0,-0.007331633682530731,,0.2453,0.05241307732226257,0.8356,0.916,
20260414,1198.6268,1182.5313,1203.2984,1182.4242,1519058.0,-2431.0,995142.0,2.0,-1.0,45998.0,-13554.0,0.0,-3.0,0.0,-129883.0,1182.34094,1187.84303,1219.943075,-5.502089999999953,-37.60213499999986,1205.716733888889,1228.537557793651,898417.3,,,1.948753882630609,2.391937800425344,4.340691683055953,1.0,32444.0,-3.0,-129883.0,-0.001600333891135164,-1.1296402754824575,0.2491,0.07213284898806432,0.8493,0.892,0.2086
20260415,1207.4107,1200.7558,1210.0269,1195.1588,1500092.0,-18966.0,756229.0,2.0,-1.0,44126.0,-13790.0,0.0,-3.0,0.0,-111127.0,1188.2047,1188.03373,1217.293735,0.1709700000001249,-29.08903499999997,1204.168717539683,1223.573164539682,877227.5,,,1.836883722327077,2.391937800425344,4.228821522752421,1.0,30336.0,-3.0,-111127.0,-0.012643224548894334,-1.1259350628538227,0.2419,0.034769071094966325,0.8356,0.8707,0.2096
20260416,1223.4081,1209.3441,1225.5956,1209.3441,1463735.0,-36357.0,1056009.0,2.0,-1.0,30038.0,-14036.0,0.0,-3.0,0.0,-118552.0,1199.40358,1190.86806,1216.957585,8.535520000000133,-17.55400499999996,1204.148104126984,1219.143561531746,893551.3,,,1.769901135472691,2.373474189839459,4.14337532531215,1.0,16002.0,-3.0,-118552.0,-0.02483851243565263,-1.1596400791956507,0.247,0.06123508043591076,0.8219,0.8867,0.1946
20260417,1222.1499,1221.4155,1230.9657,1209.4464,1447894.0,-15841.0,909272.0,3.0,0.0,49077.0,0.0,0.0,-3.0,0.0,-118798.0,1206.6398,1192.72969,1216.20515,13.91011000000003,-9.565350000000308,1204.58074936508,1215.261905547619,900487.8,,0.289225,1.795351602425519,2.373474189839459,4.168825792264977,3.0,49077.0,-3.0,-118798.0,-0.010940718035988822,-1.178711592040926,0.2515,0.08458744161909708,0.8904,0.9107,0.1836
20260420,1231.6465,1219.858,1234.3487,1217.255,1437294.0,-10600.0,994480.0,3.0,0.0,29726.0,0.0,0.0,-3.0,0.0,-116171.0,1216.6484,1196.96216,1216.608465,19.68623999999977,0.03993499999978667,1205.417076666667,1212.03586934127,926382.9,,,1.731357825163694,2.341710764974889,4.073068590138583,3.0,29726.0,-3.0,-116171.0,-0.0073749699087312685,-1.1971837246887296,0.2476,0.06434872859366889,0.8493,0.896,0.1785
20260421,1233.5092,1229.9277,1241.801,1228.1102,1419067.0,-18227.0,945557.0,3.0,0.0,30078.0,0.0,0.0,-3.0,0.0,-114134.0,1223.62488,1202.98291,1214.23032,20.64197000000013,9.394559999999956,1207.181797777778,1209.616489809524,945027.8,,,1.618091684671795,2.325601792448976,3.943693477120771,3.0,30078.0,-3.0,-114134.0,-0.012844354776765297,-1.2098222586789646,0.2431,0.04099636741048271,0.8767,0.8987,0.1725
20260422,1254.1386,1235.1816,1254.2597,1223.7003,1404237.0,-14830.0,1102662.0,2.0,-1.0,16393.0,-12024.0,0.0,-3.0,0.0,-111667.0,1232.97046,1210.58758,1213.583115,22.38288000000011,19.3873450000001,1210.115200714286,1208.1315465,973917.0,,0.29049,1.702069886153011,2.338772348737256,4.040842234890266,1.0,4369.0,-3.0,-111667.0,-0.01056089534743779,-1.1880682897122152,0.2526,0.09029579657498701,0.9178,0.9013,0.1825
20260423,1243.589,1256.7966,1259.3255,1243.0765,1375340.0,-28897.0,796391.0,3.0,0.0,26598.0,0.0,0.0,-3.0,0.0,-133264.0,1237.00664,1218.20511,1212.187105,18.80153000000018,24.81953500000009,1213.43893531746,1207.647515404762,977171.6,,,1.716467181327055,2.338772348737256,4.055239530064311,3.0,26598.0,-3.0,-133264.0,-0.021010804601044104,-1.2275547033183178,0.246,0.05604566683964714,0.9452,0.888,0.1615
20260424,1236.8697,1243.7672,1253.2759,1235.1163,1352907.0,-22433.0,692047.0,3.0,0.0,26559.0,0.0,0.0,-3.0,0.0,-151390.0,1239.9506,1223.2952,1211.33332,16.65539999999987,28.61727999999994,1216.005113015873,1207.945966690476,915752.4,,,1.699827735456448,2.338772348737256,4.038600084193703,3.0,26559.0,-3.0,-151390.0,-0.016581331902340662,-1.244027624849631,0.2378,0.013492475350285516,0.9315,0.9347,0.1565
20260427,1250.6412,1235.7001,1252.9411,1232.9237,1342249.0,-10658.0,765145.0,2.0,-1.0,18465.0,-13899.0,0.0,-3.0,0.0,-134048.0,1243.74954,1230.19897,1210.97553,13.55057000000011,32.77400999999986,1219.246577142857,1209.001900555555,901293.4,,,1.6566675291963,2.338772348737256,3.995439877933556,1.0,4566.0,-3.0,-134048.0,-0.007940404500208232,-1.2091609541707866,0.2389,0.019200830306175448,0.7397,0.7147,0.1755
20260428,1231.8237,1250.8667,1254.5551,1218.0598,1320153.0,-22096.0,1184090.0,2.0,0.0,18276.0,0.0,0.0,-3.0,0.0,-133985.0,1243.41244,1233.51866,1210.680845,9.893779999999879,32.73159499999974,1221.708748968254,1210.601102063492,920188.2,1420908.0,,1.774335106428166,2.373474189839459,4.147809296267625,2.0,18276.0,-3.0,-133985.0,-0.016737453916326365,-1.220018403865258,0.2444,0.047742605085625396,0.6027,0.5627,0.1665
20260429,1233.8505,1234.8109,1241.3963,1230.6933,1276988.0,-43165.0,846005.0,2.0,-1.0,13053.0,-1389.0,0.0,-3.0,0.0,-115091.0,1239.35482,1236.16264,1212.098185,3.192180000000008,27.25663500000019,1223.89657,1212.573887309524,929165.8,,,1.73779979758902,2.373474189839459,4.111273987428479,1.0,11664.0,-3.0,-115091.0,-0.03380219704492133,-1.2519130249461905,0.2388,0.018681888946549142,0.6027,0.528,0.1555
20260430,1238.0083,1238.1066,1241.3738,1222.4501,1194634.0,-82354.0,944661.0,1.0,-1.0,11901.0,-1063.0,0.0,-3.0,0.0,-103727.0,1238.23868,1237.62266,1214.24536,0.616019999999935,23.99332000000004,1226.093369603175,1214.768413857143,918031.0,,0.28382,1.60694635276026,2.373474189839459,3.980420542599719,0.0,10838.0,-3.0,-103727.0,-0.0689365948064428,-1.1679255204099726,0.2468,0.06019719771665801,0.5753,0.5093,0.1986
20260506,1265.7216,1234.1074,1272.0776,1233.8943,1291316.0,96682.0,774337.0,1.0,-2.0,11884.0,-1547.0,1.0,-2.0,6639.0,-101930.0,1244.00906,1241.97983,1217.35476,2.02922999999987,26.65429999999992,1230.17302984127,1217.327641904762,904537.5,,,1.715798987803756,2.391937800425344,4.1077367882291,-1.0,10337.0,-1.0,-95291.0,0.07487090688878632,,0.2386,0.017644006227296387,0.4795,0.5853,
20260507,1264.8503,1263.0305,1268.9502,1250.0441,1345700.0,54384.0,958554.0,2.0,0.0,17515.0,-993.0,0.0,-3.0,0.0,-142192.0,1246.85088,1245.30021,1221.131185,1.550670000000082,25.719695,1234.597504206349,1220.24568465873,900944.9,,,1.693159993789923,2.373474189839459,4.066634183629382,2.0,16522.0,-3.0,-142192.0,0.040413167868024076,-1.1327259861654912,0.2393,0.021276595744680955,0.4658,0.5493,0.2199
20260508,1228.225,1261.9864,1263.8009,1224.5491,1416651.0,70951.0,1161321.0,3.0,0.0,27428.0,0.0,0.0,-3.0,0.0,-170288.0,1246.13114,1244.77179,1223.87735,1.359349999999949,22.25378999999975,1236.36376984127,1223.163881865079,922521.3,1393585.2,,1.837647014146143,2.373474189839459,4.211121203985602,3.0,27428.0,-3.0,-170288.0,0.05008361268936386,-1.18070233680239,0.2392,0.020757654385054506,0.4658,0.5107,0.1908
20260511,1227.3911,1226.774,1228.4188,1213.3665,1465508.0,48857.0,1111415.0,3.0,-1.0,28152.0,0.0,0.0,-3.0,0.0,-176004.0,1244.83926,1242.09704,1226.34231,2.742219999999861,18.49694999999997,1236.598662142857,1225.812228007936,923396.6,1333698.0,,1.819183029991694,2.298530601445929,4.117713631437623,2.0,28152.0,-3.0,-176004.0,0.033337927872109874,-1.2431211521627568,0.239,0.01971977166580175,0.4384,0.5467,0.1586
20260512,1221.449,1226.0405,1233.4086,1216.7985,1475214.0,9706.0,879858.0,3.0,-1.0,25060.0,0.0,0.0,-3.0,0.0,-166541.0,1241.5274,1239.88304,1229.044075,1.644360000000006,12.48332500000015,1236.338692698413,1228.102203746032,931743.3,,,1.790980460644275,2.298530601445929,4.089511062090204,2.0,25060.0,-3.0,-166541.0,0.00657938441473576,-1.2974619154400189,0.2335,0.0,0.4795,0.3867,0.1365
20260513,1222.9309,1219.2765,1226.536,1210.2318,1495436.0,20222.0,880227.0,3.0,-1.0,27378.0,0.0,0.0,-3.0,0.0,-176264.0,1232.96926,1238.48916,1230.89218,-5.519900000000007,2.077079999999796,1235.686299206349,1230.070322365079,950561.3,,,1.787330340340441,2.234588513166119,4.021918853506561,2.0,27378.0,-3.0,-176264.0,0.013522477725559636,,0.2332,0.0,0.5068,0.408,
20260514,1208.5337,1223.1503,1228.6486,1206.8063,1549320.0,53884.0,862137.0,3.0,0.0,30474.0,0.0,0.0,-3.0,0.0,-197965.0,1221.70594,1234.27841,1232.23869,-12.57247000000007,-10.53275000000031,1234.139854365079,1231.559650087302,960260.5,,,1.836948781449538,2.234588513166119,4.071537294615656,3.0,30474.0,-3.0,-197965.0,0.03477912890816616,-1.2405403404458817,0.2356,0.012326656394453071,0.5068,0.44,0.1638
20260515,1190.8882,1206.8389,1213.2349,1189.8197,1623916.0,74596.0,897279.0,3.0,0.0,48933.0,-1574.0,0.0,-3.0,0.0,-208284.0,1214.23858,1230.18486,1231.85176,-15.94628000000012,-17.61318000000006,1230.863026349206,1232.475077825397,931579.4,,,1.802298323982521,2.234588513166119,4.03688683714864,3.0,47359.0,-3.0,-208284.0,0.045935873530404285,-1.383790633161556,0.2278,0.0,0.6575,0.456,0.0995
20260518,1199.354,1193.3283,1206.9976,1186.8628,1621785.0,-2131.0,1073976.0,3.0,-1.0,33789.0,-1121.0,0.0,-3.0,0.0,-192214.0,1208.63116,1226.73521,1231.448925,-18.10404999999992,-22.81776499999978,1227.599607460318,1232.845381571429,954376.5,,,1.829492868550002,2.20016020538007,4.029653073930072,2.0,32668.0,-3.0,-192214.0,-0.0013139842827501796,-1.3770068535245836,0.2246,0.0,0.6849,0.504,0.1035
20260519,1194.0548,1200.0483,1201.3185,1189.5347,1639004.0,17219.0,581645.0,3.0,0.0,50893.0,0.0,0.0,-3.0,0.0,-188990.0,1203.15232,1222.33986,1229.98126,-19.18754000000013,-26.8289400000001,1224.252130952381,1232.661257706349,918074.9,,,1.796936139781466,2.20016020538007,3.997096345161536,3.0,50893.0,-3.0,-188990.0,0.010505770577741116,-1.4041351757790956,0.2251,0.002459419576979835,0.6712,0.548,0.0915
20260520,1179.9753,1194.3864,1194.7377,1176.406,1679896.0,40892.0,841246.0,3.0,0.0,51157.0,0.0,0.0,-3.0,0.0,-212606.0,1194.5612,1213.76523,1227.87253,-19.20402999999988,-33.31132999999977,1219.866816507936,1231.630636373016,924765.8,,,1.794505102584452,2.20016020538007,3.994665307964522,3.0,51157.0,-3.0,-212606.0,0.024341983075142747,-1.1888105364535813,0.2169,0.0,0.4521,0.3227,0.194
20260521,1184.7079,1178.1603,1203.4696,1176.9085,1643112.0,-36784.0,1095283.0,3.0,0.0,49053.0,0.0,0.0,-3.0,0.0,-197830.0,1189.79604,1205.75099,1225.5256,-15.95494999999983,-35.72955999999976,1215.795356507937,1229.750421603175,938438.7,,,1.741229978256782,2.228757479449897,3.969987457706679,3.0,49053.0,-3.0,-197830.0,-0.022386787997409792,-1.1825916738001192,0.2239,0.033175355450236865,0.4658,0.3413,0.198
20260522,1183.7998,1185.6502,1189.8088,1177.7594,1653248.0,10136.0,679108.0,3.0,0.0,52278.0,0.0,0.0,-3.0,0.0,-213892.0,1188.37836,1201.30847,1223.04013,-12.93010999999979,-34.66176999999971,1211.761570238095,1227.290201642857,890217.4,,,1.754268850382152,2.228757479449897,3.983026329832049,3.0,52278.0,-3.0,-213892.0,0.006130961598017962,-1.1598320451728077,0.2249,0.03791469194312787,0.4795,0.3427,0.2141
20260525,1220.437,1181.3979,1232.2689,1180.9977,1565866.0,-87382.0,1674181.0,3.0,0.0,42836.0,0.0,0.0,-3.0,0.0,-170955.0,1192.59496,1200.61306,1221.35505,-8.018100000000231,-28.76009000000022,1210.445967301587,1224.67493215873,946494.0,2009017.2,0.274505,1.946448320478172,2.247826718897345,4.194275039375516,3.0,42836.0,-3.0,-170955.0,-0.05580426422184274,-1.1015804376221268,0.2387,0.10331753554502364,0.4795,0.3427,0.2432
20260526,1201.7948,1223.1546,1223.1546,1194.1588,1564708.0,-1158.0,1294087.0,3.0,0.0,43688.0,0.0,0.0,-3.0,0.0,-206316.0,1194.14296,1198.64764,1219.26534,-4.504680000000008,-25.12238000000025,1209.144604444444,1221.955523333333,987916.9,1552904.4,,1.899525978598864,2.298530601445929,4.198056580044794,3.0,43688.0,-3.0,-206316.0,-0.0007400741863657628,-1.1087720631738571,0.225,0.03838862559241704,0.6712,0.6627,0.2402
20260527,1205.2896,1201.2623,1213.1382,1200.2727,1556199.0,-8509.0,937578.0,3.0,0.0,45143.0,0.0,0.0,-3.0,0.0,-205706.0,1199.20582,1196.88351,1217.686335,2.322309999999788,-18.4805150000002,1207.683227936508,1219.155216206349,993652.0,,,1.87042361222053,2.298530601445929,4.168954213666459,3.0,45143.0,-3.0,-205706.0,-0.005467809708141439,-1.1615788700701255,0.2227,0.027488151658767772,0.6164,0.636,0.2141
20260528,1208.1789,1200.033,1210.9903,1199.9043,1538168.0,-18031.0,767564.0,3.0,0.0,46684.0,0.0,0.0,-3.0,0.0,-203392.0,1203.90002,1196.84803,1215.56322,7.051989999999705,-11.66320000000019,1206.597919206349,1216.401022690476,984194.7,,,1.69925249802879,2.298530601445929,3.997783099474719,3.0,46684.0,-3.0,-203392.0,-0.011722386631369265,-1.1086819469077878,0.2278,0.05165876777251182,0.6301,0.4387,0.2422
20260529,1219.7739,1210.5639,1222.5698,1207.3034,1485163.0,-53005.0,1037858.0,2.0,0.0,42884.0,0.0,0.0,-3.0,0.0,-192693.0,1211.09484,1199.7366,1214.96073,11.35824000000002,-3.865890000000036,1206.619454365079,1213.976665492063,998252.6,,,1.701292353372313,2.247826718897345,3.949119072269657,2.0,42884.0,-3.0,-192693.0,-0.035689685239936625,-1.112678860363029,0.2262,0.04407582938388627,0.6301,0.4587,0.2402
20260601,1226.9685,1220.3985,1238.9172,1214.5328,1515024.0,29861.0,1311149.0,3.0,-1.0,27213.0,0.0,0.0,-3.0,0.0,-184755.0,1212.40114,1202.49805,1214.61663,9.90309000000002,-2.215490000000045,1207.629187063492,1211.979623452381,1021969.9,1573378.8,,1.746882308428675,2.228757479449897,3.975639787878572,2.0,27213.0,-3.0,-184755.0,0.019709918786765094,-1.1325815591456208,0.2164,0.0,0.6301,0.4587,0.2322
20260602,1212.3894,1227.2531,1228.2485,1211.3407,1549735.0,34711.0,772501.0,2.0,0.0,45094.0,0.0,0.0,-3.0,0.0,-205757.0,1214.52006,1204.33151,1213.335685,10.18855000000008,1.184375000000045,1207.800068015873,1210.33441715873,1041055.5,,,1.751561215394085,2.080394613924846,3.831955829318932,2.0,45094.0,-3.0,-205757.0,0.02239802288778404,-1.0832467533224894,0.2131,0.0,0.6301,0.4587,0.2503
20260603,1206.9286,1211.5115,1219.2238,1199.6958,1555574.0,5839.0,1026020.0,2.0,-1.0,44314.0,0.0,0.0,-3.0,0.0,-190134.0,1214.84786,1207.02684,1210.396035,7.82102000000009,4.451825000000099,1207.377151587301,1209.085450666667,1059532.9,,,1.737980888305437,1.974665667388086,3.712646555693523,1.0,44314.0,-3.0,-190134.0,0.0037535983501909907,-1.1965245861691212,0.2081,0.0,0.6712,0.5413,0.192
20260604,1188.5793,1206.6873,1216.7741,1186.5756,1609389.0,53815.0,1174415.0,2.0,-1.0,45264.0,-20163.0,0.0,-3.0,0.0,-216786.0,1210.92794,1207.41398,1206.582485,3.513959999999997,4.345454999999902,1206.062271666667,1208.11214218254,1067446.1,,,1.778518758278986,1.974665667388086,3.753184425667072,1.0,25101.0,-3.0,-216786.0,0.03343815572245119,-1.1724561524739283,0.2172,0.0414012738853503,0.5753,0.4187,0.206
20260605,1168.6592,1187.8524,1192.0646,1167.9636,1715100.0,105711.0,1265902.0,2.0,-1.0,48761.0,-21457.0,0.0,-3.0,0.0,-226952.0,1200.705,1205.89992,1203.604195,-5.194919999999911,-2.899194999999736,1202.941269047619,1207.230112063492,1126125.5,,0.252885,1.805374115475273,1.974665667388086,3.780039782863359,1.0,27304.0,-3.0,-226952.0,0.06163547315025363,-1.1650513963935671,0.2199,0.05368516833484989,0.5068,0.3533,0.2141
20260608,1163.2749,1167.0306,1170.9936,1161.0622,1756453.0,41353.0,1273862.0,2.0,-1.0,51405.0,-22689.0,0.0,-3.0,0.0,-229854.0,1187.96628,1200.18371,1200.398385,-12.21742999999992,-12.43210499999986,1199.078485396825,1206.093363873016,1086093.6,,0.2553,1.797642158921976,1.951906102662871,3.749548261584847,1.0,28716.0,-3.0,-229854.0,0.023543470847213106,-1.1504986066394736,0.222,0.06323930846223838,0.5342,0.3533,0.2241
20260609,1159.2708,1162.7909,1166.0198,1155.9305,1814243.0,57790.0,1009396.0,2.0,-1.0,54476.0,-22921.0,0.0,-3.0,0.0,-235495.0,1177.34256,1195.93131,1197.289475,-18.58874999999989,-19.94691499999999,1195.147790555556,1204.693682484127,1057624.5,,,1.750655994954909,1.942297360217091,3.692953355172,1.0,31555.0,-3.0,-235495.0,0.03185350584238164,-1.1623393448594026,0.2208,0.05777979981801633,0.5068,0.3533,0.2171
20260610,1158.9328,1157.9264,1162.8235,1150.7048,1831685.0,17442.0,1083191.0,2.0,-1.0,54971.0,-22930.0,0.0,-3.0,0.0,-240257.0,1167.7434,1191.29563,1194.08957,-23.55223000000001,-26.3461699999998,1191.305416746031,1203.055901365079,1072185.8,,,1.666998170773002,1.862884828353069,3.529882999126071,1.0,32041.0,-3.0,-240257.0,0.009522379666809522,-1.1573859699252964,0.2161,0.03639672429481337,0.4658,0.3027,0.2231
20260611,1164.3654,1156.986,1170.0346,1155.503,1811667.0,-20018.0,1148295.0,2.0,-1.0,53429.0,-23345.0,0.0,-3.0,0.0,-233565.0,1162.90062,1186.91428,1191.881155,-24.01366000000007,-28.98053499999992,1188.224997142857,1201.21860915873,1110258.9,,,1.683796718809054,1.808395177208969,3.492191896018023,1.0,30084.0,-3.0,-233565.0,-0.011049491987213986,-1.1888218420343106,0.2206,0.05686988171064597,0.411,0.2373,0.195
20260612,1156.8907,1161.3302,1165.0267,1155.1595,1864693.0,53026.0,930432.0,2.0,-1.0,57222.0,-23843.0,0.0,-3.0,0.0,-249903.0,1160.54692,1180.62596,1190.18128,-20.07903999999985,-29.63436000000002,1184.88632531746,1199.045296253968,1099516.3,,0.2586349999999999,1.441423723660769,1.77940008448752,3.220823808148289,1.0,33379.0,-3.0,-249903.0,0.028436852607909183,-1.2356894049331628,0.2249,0.0764331210191082,0.1644,0.0787,0.1688
20260615,1176.6338,1159.374,1184.8236,1157.5786,1736815.0,-127878.0,1770204.0,2.0,-1.0,48658.0,-2098.0,0.0,-3.0,0.0,-211300.0,1163.2187,1175.59249,1189.04527,-12.3737900000001,-25.82657000000017,1183.086835873016,1196.59106113492,1145421.8,2124244.8,0.26542,1.437209606820861,1.77940008448752,3.21660969130838,1.0,46560.0,-3.0,-211300.0,-0.07362787631382732,-1.2766830521030963,0.2308,0.1032757051865332,0.137,0.08,0.1457
20260616,1171.4592,1178.1494,1181.8042,1167.0036,1777216.0,40401.0,938866.0,2.0,-1.0,49642.0,-22443.0,0.0,-3.0,0.0,-215038.0,1165.65638,1171.49947,1187.91549,-5.843090000000075,-22.25910999999996,1181.594699444444,1193.970524277778,1162058.3,,,1.451811398914413,1.74033167104982,3.192143069964233,1.0,27199.0,-3.0,-215038.0,0.02273274604775109,-1.1407684283954762,0.2207,0.05732484076433121,0.1781,0.148,0.2342
20260617,1159.1317,1171.1861,1178.8828,1157.0819,1795382.0,18166.0,1059575.0,2.0,-1.0,55282.0,-21300.0,0.0,-3.0,0.0,-221611.0,1165.69616,1166.71978,1186.87331,-1.023620000000165,-21.17714999999998,1179.202334444445,1191.153042563492,1165413.8,,,1.52092646808117,1.74033167104982,3.26125813913099,1.0,33982.0,-3.0,-221611.0,0.010118180977641528,-1.133322559010395,0.2259,0.08098271155595989,0.2055,0.1573,0.2412
20260618,1135.8477,1161.1197,1161.1197,1134.0192,1892215.0,96833.0,1721582.0,2.0,-1.0,61801.0,-23785.0,0.0,-3.0,0.0,-224316.0,1159.99262,1161.44662,1184.4303,-1.453999999999951,-24.43768,1175.060836507936,1188.052899047619,1220130.5,2065898.4,0.27416,1.60062913193071,1.77940008448752,3.38002921641823,1.0,38016.0,-3.0,-224316.0,0.05117441728344824,-1.1855671900732994,0.2384,0.13785259326660598,0.1644,0.1587,0.2
20260622,1137.4148,1134.3051,1143.4146,1132.2903,1922875.0,30660.0,753689.0,2.0,-1.0,61768.0,-23146.0,0.0,-3.0,0.0,-229896.0,1156.09744,1158.32218,1182.11105,-2.224739999999883,-26.01360999999997,1170.318752857143,1184.790647428571,1168909.2,,,1.528337948198237,1.721450705374937,3.249788653573174,1.0,38622.0,-3.0,-229896.0,0.015944874211792238,-1.256666321233305,0.2289,0.11878926327812671,0.3014,0.3813,0.1578
20260623,1141.7881,1138.2444,1144.3589,1127.5926,1873452.0,-49423.0,1247838.0,3.0,-1.0,81498.0,-23360.0,0.0,-3.0,0.0,-216653.0,1149.1283,1156.1735,1178.178605,-7.045200000000023,-29.05030499999998,1166.266639206349,1181.509462809524,1166306.8,,,1.534093465863871,1.685376273246899,3.21946973911077,2.0,58138.0,-3.0,-216653.0,-0.026380713250192693,-1.2041513166218631,0.2336,0.14563106796116504,0.2329,0.3533,0.1889
20260624,1128.5575,1138.874,1141.8123,1128.2268,1944817.0,71365.0,985852.0,3.0,-1.0,88094.0,-23593.0,0.0,-3.0,0.0,-241717.0,1140.54796,1153.10217,1174.51674,-12.55421000000001,-33.96877999999992,1161.773755555555,1178.172059309524,1163952.4,,,1.504852389849419,1.642316295075068,3.147168684924488,2.0,64501.0,-3.0,-241717.0,0.03669496924389287,-1.2298624641274287,0.2314,0.1631652661064425,0.2055,0.136,0.1729
20260625,1121.2133,1128.2234,1133.2398,1115.5086,1986880.0,42063.0,1203705.0,2.0,-1.0,65852.0,-25364.0,0.0,-3.0,0.0,-273149.0,1132.96428,1149.33022,1170.312925,-16.36594000000014,-37.34864499999981,1156.762116984127,1174.717729333333,1176003.8,,,1.433903811293655,1.607539111112977,3.041442922406632,1.0,40488.0,-3.0,-273149.0,0.021170377677564824,-1.3085666994904264,0.2372,0.2087517934002869,0.2603,0.256,0.1387
20260626,1107.0286,1123.2928,1123.2928,1103.9113,1994169.0,7289.0,1568047.0,2.0,-1.0,67088.0,-25454.0,0.0,-3.0,0.0,-250116.0,1127.20046,1143.59654,1165.25541,-16.39607999999998,-38.05494999999996,1151.01255047619,1170.996484666667,1217979.0,1881656.4,,1.410052163720165,1.642316295075068,3.052368458795233,1.0,41634.0,-3.0,-250116.0,0.003655156609093813,,0.2361,0.2366863905325443,0.2329,0.212,
20260629,1114.4832,1107.5013,1117.8441,1099.2057,1989485.0,-4684.0,1265908.0,3.0,-1.0,90522.0,-25076.0,0.0,-3.0,0.0,-230591.0,1122.61414,1139.35579,1159.990875,-16.74164999999994,-37.37673499999983,1145.708153095238,1167.078667444444,1251526.6,,,1.468649919027101,1.639747002982236,3.108396922009337,2.0,65446.0,-3.0,-230591.0,-0.0023543781430872815,-1.3759691420554063,0.2333,0.3514644351464436,0.2329,0.2053,0.1056
20260630,1098.1854,1110.5038,1112.3733,1091.2068,2093896.0,104411.0,1454212.0,3.0,-1.0,70103.0,-25496.0,0.0,-3.0,0.0,-254876.0,1113.8936,1131.51095,1153.55172,-17.61734999999999,-39.65811999999983,1140.039458492064,1162.773929706349,1219927.4,,0.27485,1.556831051411555,1.639747002982236,3.196578054393791,2.0,44607.0,-3.0,-254876.0,0.04986446318250763,-1.4761960247113115,0.239,0.43096234309623416,0.2192,0.1733,0.0805
20260701,1103.2455,1098.1214,1110.6419,1096.1372,2167222.0,73326.0,1067468.0,2.0,-1.0,67705.0,-23464.0,0.0,-3.0,0.0,-226040.0,1108.8312,1124.68958,1148.094525,-15.85838000000012,-39.26332500000012,1134.975814126984,1158.112041174603,1232787.6,,,1.577269020282547,1.639747002982236,3.217016023264783,1.0,44241.0,-3.0,-226040.0,0.033834097291371164,-1.342503866214195,0.2298,0.30264993026499304,0.137,0.0987,0.1268
20260702,1119.8797,1102.6488,1125.2506,1102.1705,2293209.0,125987.0,1358034.0,2.0,-1.0,61993.0,-22979.0,0.0,-3.0,0.0,-207364.0,1108.56448,1120.76438,1143.74208,-12.19990000000007,-35.17759999999998,1131.667258492063,1153.358533579365,1262633.5,,,1.635549637118996,1.674949817882727,3.310499455001723,1.0,39014.0,-3.0,-207364.0,0.0549391703939763,-1.3286803675409735,0.2335,0.3542538354253837,0.137,0.0987,0.1328
20260703,1120.4918,1118.2166,1129.6595,1114.9981,2303777.0,10568.0,1115110.0,2.0,0.0,62996.0,0.0,0.0,-3.0,0.0,-217051.0,1111.25712,1119.22879,1140.337705,-7.971670000000358,-29.08058500000016,1129.373104603175,1148.789760388889,1201986.3,,,1.66958436682998,1.639747002982236,3.309331369812216,2.0,62996.0,-3.0,-217051.0,0.004587249547156691,-1.316430676665176,0.2274,0.2691771269177125,0.137,0.0987,0.1348
20260706,1118.4065,1121.8067,1133.7388,1115.8457,2279875.0,-23902.0,1165867.0,2.0,0.0,60313.0,0.0,0.0,-3.0,0.0,-221858.0,1112.04178,1117.32796,1137.82507,-5.286180000000058,-25.78329000000008,1127.391016587301,1144.496986761905,1243204.1,,,1.61211102169197,1.607539111112977,3.219650132804947,2.0,60313.0,-3.0,-221858.0,-0.010483908108997204,-1.2944397681401942,0.2203,0.1812778603268944,0.137,0.0987,0.1479
20260707,1088.1793,1117.473,1118.7916,1088.0801,2401109.0,121234.0,1416252.0,2.0,0.0,63906.0,0.0,0.0,-3.0,0.0,-264087.0,1110.04056,1111.96708,1134.07029,-1.926519999999982,-24.0297300000002,1123.497075793651,1140.220030420635,1260045.5,,,1.722048742765415,1.639747002982236,3.361795745747651,2.0,63906.0,-3.0,-264087.0,0.05049083569300686,-1.2483896187067598,0.2135,0.08023774145616627,0.137,0.104,0.171
20260708,1098.8736,1096.6775,1102.8245,1088.9768,2422185.0,21076.0,1137128.0,2.0,0.0,60110.0,0.0,0.0,-3.0,0.0,-237452.0,1109.16618,1108.99869,1131.05043,0.1674900000002708,-21.88424999999961,1119.881627936508,1136.03081765873,1275173.1,,,1.682914902170619,1.639747002982236,3.322661905152855,2.0,60110.0,-3.0,-237452.0,0.008701234629064254,-1.5729541103454912,0.217,0.19999999999999987,0.1096,0.1027,0.0654
20260709,1097.0944,1096.6031,1100.6778,1084.3493,2403321.0,-18864.0,1081065.0,2.0,0.0,60776.0,0.0,0.0,-3.0,0.0,-227102.0,1104.60912,1106.5868,1127.95851,-1.977680000000191,-23.34939000000008,1116.34881484127,1131.989487444444,1262909.1,,,1.618022836358773,1.607539111112977,3.22556194747175,2.0,60776.0,-3.0,-227102.0,-0.007849138754248808,-1.5338298843604108,0.2211,0.29213483146067387,0.0959,0.2387,0.0714
20260710,1104.8257,1097.0454,1113.0303,1093.4252,2379723.0,-23598.0,1013604.0,2.0,0.0,61081.0,0.0,0.0,-3.0,0.0,-230442.0,1101.4759,1106.36651,1124.981525,-4.890610000000152,-23.50562500000024,1113.902586587302,1128.278491055556,1207464.8,,,1.675907124139602,1.639747002982236,3.315654127121838,2.0,61081.0,-3.0,-230442.0,-0.009916280172104065,-1.5467111983867814,0.2194,0.2539325842696631,0.2055,0.4267,0.0714
20260713,1083.4264,1103.2362,1109.8884,1081.4468,2414144.0,34421.0,1074985.0,2.0,0.0,63899.0,0.0,0.0,-3.0,0.0,-278129.0,1094.47988,1103.26083,1121.30831,-8.780949999999848,-26.8284299999998,1110.457449920635,1124.753420738095,1188372.5,,0.262775,1.757521397419022,1.639747002982236,3.397268400401258,2.0,63899.0,-3.0,-278129.0,0.014258055857479919,-1.5845534840435205,0.2285,0.45842696629213503,0.2329,0.408,0.0624
20260714,1085.3797,1087.1894,1089.0447,1078.4097,2430025.0,15881.0,1032979.0,2.0,0.0,63565.0,0.0,0.0,-3.0,0.0,-281884.0,1093.91996,1101.98026,1116.745605,-8.06029999999987,-22.82564499999989,1106.93194515873,1121.442669404762,1146249.2,,,1.743345848646531,1.639747002982236,3.383092851628767,2.0,63565.0,-3.0,-281884.0,0.0065353237106614125,-1.676348003342991,0.2162,0.18202247191011234,0.2329,0.3853,0.0362
20260715,1071.8484,1085.1037,1087.7448,1070.0744,2513835.0,83810.0,1056024.0,2.0,0.0,63631.0,0.0,0.0,-3.0,0.0,-279778.0,1088.51492,1098.84055,1111.765065,-10.32563000000005,-23.25014499999997,1102.986768095238,1118.243764801587,1145104.8,,,1.748535536949325,1.658107019895371,3.406642556844696,2.0,63631.0,-3.0,-279778.0,0.03333949921136431,-1.393884634248237,0.227,0.4247191011235957,0.1781,0.364,0.1046
20260716,1053.61,1073.8558,1075.6136,1049.977,2529968.0,16133.0,1130912.0,2.0,0.0,68711.0,0.0,0.0,-3.0,0.0,-288761.0,1079.81804,1092.21358,1106.48898,-12.39554000000021,-26.67093999999997,1097.943608412699,1114.871399793651,1122392.6,,0.26404,1.795346164368406,1.658107019895371,3.453453184263776,2.0,68711.0,-3.0,-288761.0,0.0063767604965754504,-1.3812259819541646,0.2296,0.4831460674157303,0.1644,0.3333,0.1097
20260717,1029.7024,1055.9038,1055.9038,1028.7565,2483774.0,-46194.0,1610520.0,2.0,0.0,71213.0,0.0,0.0,-3.0,0.0,-258511.0,1064.79338,1083.13464,1101.181715,-18.34125999999969,-36.3883350000001,1091.209191031746,1111.055008436508,1171933.6,1932624.0,0.307625,1.861023576225487,1.674949817882727,3.535973394108215,2.0,71213.0,-3.0,-258511.0,-0.018598310474302413,-1.4579684621880984,0.2675,1.0,0.137,0.2867,0.0885
20260720,1032.8562,1032.4164,1046.8449,1031.6642,2472310.0,-11464.0,1348729.0,2.0,0.0,66878.0,0.0,0.0,-3.0,0.0,-245114.0,1054.67934,1074.57961,1095.953785,-19.90027000000009,-41.27444500000001,1084.677099206349,1106.783616698413,1190219.8,,,1.828684238205984,1.674949817882727,3.503634056088711,2.0,66878.0,-3.0,-245114.0,-0.004636958957412299,-1.513191732192117,0.2535,0.7643097643097642,0.1507,0.2573,0.0825
20260721,1034.6508,1032.4281,1040.9704,1026.9781,2484448.0,12138.0,1443389.0,2.0,0.0,64973.0,0.0,0.0,-3.0,0.0,-238367.0,1044.53356,1069.22676,1090.59692,-24.69319999999993,-46.06335999999988,1078.635953253968,1102.297504444444,1192933.5,1732066.8,,1.833585284805433,1.664782994891787,3.49836827969722,2.0,64973.0,-3.0,-238367.0,0.004885592292533392,-1.4305166823869309,0.2503,0.7104377104377106,0.1096,0.1413,0.0946
20260722,1036.6133,1034.3665,1043.0338,1011.9781,2455991.0,-28457.0,2132755.0,2.0,0.0,55720.0,0.0,0.0,-3.0,0.0,-203019.0,1037.48654,1063.00073,1085.99971,-25.5141900000001,-48.51317000000017,1072.981899444444,1097.607531595238,1292496.2,2559306.0,,1.896698904955137,1.674949817882727,3.571648722837864,2.0,55720.0,-3.0,-203019.0,-0.011586768844022637,-1.307875108815911,0.2651,0.9595959595959593,0.0822,0.0227,0.1549
20260723,1031.9371,1036.2129,1041.6539,1021.5858,2423249.0,-32742.0,1404002.0,2.0,0.0,55718.0,0.0,0.0,-3.0,0.0,-235319.0,1033.15196,1056.485,1081.5359,-23.33303999999998,-48.38393999999994,1067.739222698413,1092.746572380952,1324789.9,,,1.944043896243381,1.707589364016655,3.651633260260036,2.0,55718.0,-3.0,-235319.0,-0.013511611889657233,-1.3760247814239732,0.2529,0.7542087542087542,0.0822,0.0227,0.1167
20260724,1029.3411,1032.5312,1032.8842,1019.3108,2423137.0,-112.0,1158152.0,2.0,0.0,56196.0,0.0,0.0,-3.0,0.0,-236936.0,1033.0797,1048.93654,1077.651525,-15.85684000000037,-44.57182500000022,1062.50809968254,1087.607123690476,1339244.7,,,1.926647938052006,1.707589364016655,3.634237302068661,2.0,56196.0,-3.0,-236936.0,-4.622107623299879e-05,-1.371992965041687,0.2478,0.668350168350168,0.0685,0.024,0.1217
20260727,1020.2888,1028.4769,1033.2073,1018.9654,2490884.0,67747.0,1283602.0,2.0,0.0,62646.0,0.0,0.0,-3.0,0.0,-255463.0,1030.56622,1042.62278,1072.941805,-12.05656000000022,-42.375585,1057.273316984127,1082.288710396825,1360106.4,,,1.824277036213062,1.674949817882727,3.499226854095789,2.0,62646.0,-3.0,-255463.0,0.027197974694927584,-1.383432659261168,0.2415,0.562289562289562,0.0685,0.0253,0.1117
20260728,994.0422,1020.653,1020.653,991.4298,2612263.0,121379.0,1740215.0,3.0,0.0,103445.0,0.0,0.0,-3.0,0.0,-264838.0,1022.4445,1033.48903,1067.734645,-11.04453000000024,-45.29014500000005,1050.349864920635,1076.630502373016,1430830.0,2088258.0,,1.936413886490238,1.707589364016655,3.644003250506894,3.0,103445.0,-3.0,-264838.0,0.04646507644904054,-1.35497936760503,0.2547,0.7845117845117839,0.0685,0.0213,0.1348
20260729,980.3655,992.2744,996.2366,978.7378,2598997.0,-13266.0,1395743.0,3.0,0.0,97822.0,0.0,0.0,-3.0,0.0,-274728.0,1011.19494,1024.34074,1061.590645,-13.14580000000001,-50.39570499999968,1042.203966904762,1070.552222253968,1464801.9,,,1.959929419155988,1.760259505367892,3.72018892452388,3.0,97822.0,-3.0,-274728.0,-0.005104276765229048,-1.2516537536414711,0.2281,0.3367003367003365,0.0685,0.0213,0.1851
20260730,966.9307,984.0545,984.0545,957.8795,2532407.0,-66590.0,2036776.0,3.0,-1.0,84163.0,0.0,0.0,-3.0,0.0,-271059.0,998.1936600000001,1015.67281,1053.943195,-17.47914999999966,-55.74953499999992,1033.41085,1064.098946412698,1555388.3,2444131.2,0.302105,2.024094870825689,1.760259505367892,3.784354376193582,2.0,84163.0,-3.0,-271059.0,-0.026295141341814328,-1.273753750669922,0.2627,0.9191919191919188,0.137,0.0653,0.17
20260731,962.6772,966.1606,981.1064,958.5888,2527329.0,-5078.0,1986576.0,3.0,-1.0,86774.0,0.0,0.0,-3.0,0.0,-285752.0,984.86088,1008.97029,1046.052465,-24.10941000000003,-61.19158500000026,1024.774092222222,1057.455436531746,1592993.9,2383891.2,,1.999811112768677,1.778668712500644,3.77847982526932,2.0,86774.0,-3.0,-285752.0,-0.0020092358375185817,-1.344573047409451,0.26,0.8737373737373736,0.137,0.0627,0.1408
20260803,949.0487,962.6383,963.5906,947.5697,2681789.0,154460.0,1645319.0,3.0,0.0,94093.0,0.0,0.0,-3.0,0.0,-289315.0,970.61286,1000.58954,1037.584575,-29.97668000000021,-66.97171500000013,1015.803380396826,1050.568064650794,1622652.9,,0.31786,2.05696422362026,1.760259505367892,3.817223728988152,3.0,94093.0,-3.0,-289315.0,0.05759588095856907,-1.3871804584054457,0.2764,1.0,0.137,0.06,0.1107
20260804,952.0892,947.5695,960.5898,942.1461,2724471.0,42682.0,1960259.0,3.0,0.0,92962.0,0.0,0.0,-3.0,0.0,-274247.0,962.2222599999999,992.33338,1030.78007,-30.11112000000014,-68.55781000000013,1007.185285793651,1043.422997904762,1674339.9,,,2.079961727288856,1.778668712500644,3.8586304397895,3.0,92962.0,-3.0,-274247.0,0.015666160513362042,-1.4087988115089858,0.2694,0.8975109809663249,0.1233,0.0333,0.0986
20260805,968.911,952.543,971.8362,951.4221,2697169.0,-27302.0,2233000.0,2.0,0.0,55067.0,0.0,0.0,-3.0,0.0,-228003.0,959.9313599999999,985.56315,1024.28194,-25.63179000000002,-64.35058000000015,1000.586146666667,1036.183422626984,1684364.4,2679600.0,,2.055223140871356,1.793891249885887,3.849114390757243,2.0,55067.0,-3.0,-228003.0,-0.010122465444323289,-1.410145920902623,0.2589,0.7437774524158131,0.1096,0.0307,0.0986
20260806,970.6999,969.2295,974.3916,964.0712,2691778.0,-5391.0,1594811.0,2.0,0.0,49934.0,0.0,0.0,-3.0,0.0,-232742.0,960.6852000000001,979.4394300000001,1017.962215,-18.75423000000001,-57.27701499999978,995.1632498412699,1028.92582534127,1703445.3,,,1.943135842465179,1.793891249885887,3.737027092351066,2.0,49934.0,-3.0,-232742.0,-0.002002765458369895,-1.4263379987948948,0.2437,0.5212298682284042,0.1233,0.0307,0.0956
20260807,972.0041,969.8989,976.9919,959.8866,2634678.0,-57100.0,1755367.0,2.0,0.0,49784.0,0.0,0.0,-3.0,0.0,-235325.0,962.5505799999999,973.70573,1011.321135,-11.15515000000016,-48.77055500000006,990.5248912698413,1021.7275045,1763166.8,,,1.951393030841349,1.778668712500644,3.730061743341993,2.0,49784.0,-3.0,-235325.0,-0.02167247762345152,-1.4351041182775466,0.2453,0.5446559297218155,0.1096,0.0307,0.0946
20260810,1001.8634,972.8253,1007.3695,972.4857,2506527.0,-128151.0,3260514.0,2.0,0.0,39451.0,-876.0,0.0,-3.0,0.0,-187287.0,973.1135199999999,971.8631899999998,1007.242985,1.250330000000076,-34.12946499999998,988.5433236507931,1014.854505166667,1960858.0,3912616.8,0.3128,2.110482499719117,1.778668712500644,3.889151212219761,2.0,38575.0,-3.0,-187287.0,-0.05112691784289577,-1.3967215744348311,0.272,0.9355783308931191,0.0274,0.0133,0.1107
20260811,1030.8501,1002.9131,1034.8932,1000.2669,2447237.0,-59290.0,3481796.0,3.0,-1.0,60235.0,-9252.0,0.0,-3.0,0.0,-160554.0,988.8657,975.54398,1004.516505,13.32171999999991,-15.65080499999999,989.8085359523809,1008.800372269841,2135016.1,4178155.2,,2.13717773684411,1.823273987894722,3.960451724738832,2.0,50983.0,-3.0,-160554.0,-0.024227322486542986,-1.2985941011772382,0.2598,0.7569546120058563,0.0548,0.024,0.168
20260812,1017.8096,1028.1403,1031.3344,1014.2507,2437490.0,-9747.0,2767510.0,2.0,-1.0,35479.0,-2492.0,0.0,-3.0,0.0,-164839.0,998.6454200000001,979.2883899999999,1001.814565,19.35703000000012,-3.169144999999958,991.3423222222222,1003.714207801587,2272192.8,3321012.0,,2.117763352712106,1.823273987894722,3.941037340606828,1.0,32987.0,-3.0,-164839.0,-0.003998785636043635,-1.1683612620579358,0.2532,0.6603221083455343,0.0548,0.0253,0.2495
20260813,1013.4452,1017.9338,1020.687,995.8222,2400652.0,-36838.0,3031663.0,2.0,0.0,39718.0,0.0,0.0,-3.0,0.0,-174499.0,1007.19448,983.93984,999.8063250000001,23.25464000000011,7.388154999999983,992.297011984127,999.6028239999999,2371681.5,3637995.6,,2.202018232615987,1.903350237440451,4.105368470056439,2.0,39718.0,-3.0,-174499.0,-0.015344997942225696,-1.289242424407517,0.2528,0.6544655929721821,0.0274,0.0147,0.173
20260814,1004.7078,1012.5415,1019.4826,1004.3154,2405149.0,4497.0,2467394.0,2.0,0.0,41324.0,0.0,0.0,-3.0,0.0,-173657.0,1013.73522,988.1429,998.556595,25.59232000000009,15.17862500000012,992.9789576984126,996.423310547619,2419763.3,,,2.211219215954776,1.823273987894722,4.034493203849498,2.0,41324.0,-3.0,-173657.0,0.001869738631577503,-1.13150506029014,0.2491,0.6002928257686676,0.0411,0.016,0.2837
20260817,1013.3643,1003.8771,1022.5581,1001.6773,2394070.0,-11079.0,2185445.0,2.0,0.0,42588.0,0.0,0.0,-3.0,0.0,-177665.0,1016.0354,994.57446,997.582,21.46093999999994,18.45339999999999,994.1604861111111,994.2590211190476,2473775.9,,,2.147692941453331,1.903350237440451,4.051043178893782,2.0,42588.0,-3.0,-177665.0,-0.004627684236467605,-1.1948674165308308,0.2478,0.5812591508052709,0.0411,0.0187,0.2334
20260818,1023.4587,1012.9449,1026.1891,1010.4974,2345841.0,-48229.0,1936601.0,2.0,0.0,41468.0,0.0,0.0,-3.0,0.0,-171818.0,1014.55712,1001.71141,997.0223950000002,12.84570999999994,17.53472499999987,996.2882751587301,993.1693200555555,2471410.1,,,2.127959858981531,1.823273987894722,3.951233846876253,2.0,41468.0,-3.0,-171818.0,-0.02055936442410206,-1.252237604947018,0.2431,0.5124450951683751,0.0411,0.0213,0.1942
20260819,999.2624,1022.347,1024.8006,993.9484,2335259.0,-10582.0,2355129.0,2.0,0.0,48276.0,0.0,0.0,-3.0,0.0,-191185.0,1010.84768,1004.74655,995.1548500000001,6.101130000000012,15.69282999999996,997.1944242063493,992.8301478095239,2483623.0,,,2.156700055927183,1.823273987894722,3.979974043821905,2.0,48276.0,-3.0,-191185.0,-0.0045314031548534875,-1.2511773520799767,0.2471,0.5710102489019033,0.0274,0.0227,0.1982
20260820,1018.1426,1003.0917,1026.6011,999.5008,2292569.0,-42690.0,2345841.0,2.0,0.0,34546.0,0.0,0.0,-3.0,0.0,-168496.0,1011.78716,1009.49082,994.4651250000001,2.2963400000001,17.32203500000003,998.953601349206,993.2091829603172,2558726.0,,0.3002649999999999,2.182711586543786,1.903350237440451,4.086061823984238,2.0,34546.0,-3.0,-168496.0,-0.01862103168977684,-1.3082932146254942,0.2611,0.7759882869692535,0.0274,0.0133,0.166
20260821,1025.2109,1014.8929,1029.3441,1009.8088,2273925.0,-18644.0,2132590.0,2.0,0.0,36127.0,0.0,0.0,-3.0,0.0,-165340.0,1015.88778,1014.8115,994.258615,1.076279999999997,21.62916500000006,1001.524638492064,994.3091576825396,2596448.3,,,2.195928991147704,1.918167290805273,4.114096281952977,2.0,36127.0,-3.0,-165340.0,-0.008199039106390933,-1.3205440405379791,0.2581,0.732064421669107,0.0137,0.0147,0.1559
