,收盘价,开盘价,最高价,最低价,持仓量,持仓量变动,成交量,家人多头席位数,家人空头席位数,家人多头持仓量,家人空头持仓量,机构多头席位数,机构空头席位数,机构多头持仓量,机构空头持仓量,ma5,ma10,ma20,diff5_10,diff5_20,DKX,MADKX,成交量MA10,成交量放大信号,IV上涨信号,ATRMA14,ATR60D60pct,推荐止损宽度,家人净多头席位,家人净多头持仓量,机构净多头席位,机构净多头持仓量,持仓量变幅,CB_index,IV,IV_pct,趋势横截面分位数,趋势历史分位数,CB_index历史分位数
20240506,145452.0313,143869.6094,145988.2344,143011.9063,216794.0,-1722.0,169533.0,1.0,0.0,5109.0,0.0,0.0,-3.0,0.0,-20722.0,144546.5219,143167.27189,140131.07267,1379.250009999989,4415.449229999998,141716.622115,138967.9452763651,415084.3,,,3.11829707713115,2.490139392883646,5.608436470014796,1.0,5109.0,-3.0,-20722.0,-0.007943024253438749,-0.2132105257769241,,,0.274,0.1813,0.021
20240507,144685.0156,145693.75,147154.7188,143927.25,233129.0,16335.0,296961.0,1.0,0.0,5779.0,0.0,0.0,-3.0,0.0,-24102.0,144657.70626,143748.91251,140722.376575,908.7937500000116,3935.329685000004,142214.4470884127,139574.7360362699,412268.1,,,3.089696632451249,2.471110416898682,5.560807049349931,1.0,5779.0,-3.0,-24102.0,0.07006850284606377,-0.2452879140691654,,,0.2603,0.1653,0.014
20240508,141687.0156,144158.7344,145168.5469,141203.3594,238169.0,5040.0,304997.0,1.0,0.0,7368.0,0.0,0.0,-3.0,0.0,-26550.0,143755.55938,143755.83282,141118.121885,-0.2734399999899324,2637.437494999991,142403.5835205555,140155.2733591508,397080.8,,,3.011107623842992,2.471110416898682,5.482218040741674,1.0,7368.0,-3.0,-26550.0,0.021161444184591614,-0.2656162243290256,,,0.2466,0.1227,0.011
20240509,142333.5625,141066.4531,142935.4375,140925.7813,231282.0,-6887.0,224628.0,1.0,0.0,6082.0,0.0,0.0,-3.0,0.0,-23597.0,143562.94062,143606.61407,141386.71798,-43.67344999997295,2176.222639999993,142509.9460566667,140672.9784527698,351315.8,,,2.852705419225999,2.471110416898682,5.32381583612468,1.0,6082.0,-3.0,-23597.0,-0.029777501059312872,-0.2417895707562152,,,0.2466,0.124,0.015
20240510,145183.0156,142225.625,145183.0156,142225.625,227135.0,-4147.0,290842.0,1.0,0.0,5395.0,0.0,0.0,-3.0,0.0,-22153.0,143868.12812,143996.46407,141773.85704,-128.3359499999788,2094.271080000006,142783.4433753968,141151.0681897936,314758.7,,,2.860231028262009,2.471110416898682,5.331341445160691,1.0,5395.0,-3.0,-22153.0,-0.018257864265745043,-0.2420937624057397,,,0.2603,0.1253,0.014
20240513,144035.6094,144151.0938,145015.2813,142618.4063,223331.0,-3804.0,288173.0,1.0,0.0,5549.0,0.0,1.0,-3.0,0.0,-20188.0,143584.84374,144065.68282,141973.77501,-480.8390799999761,1611.068729999999,143014.4191587302,141587.1957412381,302147.9,,,2.810900767016908,2.471110416898682,5.282011183915589,1.0,5549.0,-2.0,-20188.0,-0.017033013777755887,-0.2680933088879543,,,0.274,0.1147,0.009
20240514,145022.2188,144457.4688,146039.5313,143423.0781,227685.0,4354.0,288790.0,1.0,0.0,4857.0,0.0,0.0,-3.0,0.0,-21013.0,143652.28438,144154.99532,142223.759385,-502.710940000019,1428.524994999985,143309.2553220635,141986.613753381,296223.8,,,2.678190542064298,2.460466765877233,5.138657307941532,1.0,4857.0,-3.0,-21013.0,0.019122911039374576,-0.1742448731505006,,,0.274,0.1333,0.036
20240515,144916.125,144997.4063,146336.9375,142946.625,232810.0,5125.0,320586.0,1.0,0.0,4693.0,0.0,1.0,-3.0,0.0,-21144.0,144298.10626,144026.83282,142539.664855,271.2734399999608,1758.441404999961,143565.4047134921,142335.1833391587,293098.4,,,2.398858919000504,2.460466765877233,4.859325684877737,1.0,4693.0,-2.0,-21144.0,0.022013659207078734,-0.2653363896280572,,,0.274,0.1347,0.01
20240516,147229.0313,145314.1875,148003.7969,144945.5469,233514.0,704.0,379174.0,1.0,0.0,4326.0,0.0,1.0,-3.0,268.0,-17085.0,145277.20002,144420.07032,142920.808605,857.1296999999904,2356.391414999991,143985.3066253174,142668.1540688016,292901.9,455008.8,,2.25649966046171,2.460466765877233,4.716966426338944,1.0,4326.0,-2.0,-16817.0,0.0030148085339637026,-0.2075983104348406,,,0.2877,0.116,0.025
20240517,154051.0156,147143.5781,155258.7813,146636.5625,255609.0,22095.0,558015.0,1.0,0.0,4307.0,0.0,0.0,-3.0,0.0,-17728.0,147050.80002,145459.46407,143869.885945,1591.335950000008,3180.914075000008,144839.7169903175,143034.2144965952,312169.9,669618.0,,2.441456209444596,2.471110416898682,4.912566626343278,1.0,4307.0,-3.0,-17728.0,0.08644061828808845,-0.0332310584152994,,,0.2466,0.1147,0.295
20240520,158076.5,155650.2813,160435.8281,154922.0,253613.0,-1996.0,571337.0,1.0,0.0,5773.0,0.0,1.0,-3.0,0.0,-17588.0,149858.97814,146721.91094,144944.591415,3137.06720000002,4914.386725000018,146165.2235244444,143479.0746375397,352350.3,685604.4,,2.606607324884454,2.506179047380541,5.112786372264995,1.0,5773.0,-2.0,-17588.0,-0.007870259016690785,-0.2035244633044159,,,0.2192,0.1093,0.026
20240521,158560.9531,156675.0,161214.5469,155675.6563,238951.0,-14662.0,518570.0,1.0,0.0,5092.0,0.0,1.0,-3.0,0.0,-18295.0,152566.725,148109.50469,145929.2086,4457.220310000004,6637.516399999993,147455.6752470635,144003.1974534047,374511.2,622284.0,,2.678611991426207,2.573451445485007,5.252063436911214,1.0,5092.0,-2.0,-18295.0,-0.061359860389787024,-0.1936371915656057,,,0.2877,0.0973,0.028
20240522,158124.9219,159647.9063,160551.3594,156331.7969,233961.0,-4990.0,398191.0,1.0,0.0,5258.0,0.0,1.0,-3.0,225.0,-17245.0,155208.48438,149753.29532,146754.56407,5455.189060000033,8453.920309999987,148677.3084950794,144630.5699508571,383830.6,,,2.679825302015513,2.606001872042075,5.285827174057587,1.0,5258.0,-2.0,-17020.0,-0.021328341048294373,-0.1487650300712948,,,0.2603,0.096,0.06
20240523,152221.4063,155408.7656,156378.3281,151716.4531,220135.0,-13826.0,414123.0,1.0,0.0,6895.0,0.0,1.0,-2.0,3102.0,-17418.0,156206.95938,150742.0797,147174.346885,5464.879680000013,9032.61249499998,149341.5500378571,145313.7303489762,402780.1,,,2.784859349392311,2.606001872042075,5.390861221434386,1.0,6895.0,-1.0,-14316.0,-0.06280691393917369,-0.2133815936496949,,,0.2603,0.0973,0.021
20240524,153709.7344,152539.3906,154701.0469,151438.5938,216792.0,-3343.0,364313.0,1.0,0.0,6975.0,0.0,1.0,-2.0,2015.0,-13119.0,156138.70314,151594.75158,147795.607825,4543.951559999987,8343.095314999984,149934.1858021429,146028.8045916508,410127.2,,,2.787546621494659,2.573451445485007,5.360998066979667,1.0,6975.0,-1.0,-11104.0,-0.015420310712572419,-0.2807530427038006,,,0.2603,0.0987,0.008
20240527,153889.2813,153312.0313,154982.9375,152792.1719,212288.0,-4504.0,250540.0,1.0,0.0,5517.0,0.0,1.0,-2.0,1838.0,-13640.0,155301.2594,152580.11877,148322.900795,2721.140630000009,6978.358605000016,150523.8374537302,146779.7464211508,406363.9,,,2.725933876774638,2.573451445485007,5.299385322259646,1.0,5517.0,-1.0,-11802.0,-0.02121646065722038,-0.2855998266388095,,,0.4795,0.2707,0.007
20240528,156057.7813,154802.2656,157735.8281,154368.1875,212379.0,91.0,302624.0,1.0,0.0,4966.0,0.0,1.0,-2.0,1851.0,-10635.0,154800.62504,153683.67502,148919.33517,1116.950019999989,5881.289869999979,151253.7548027778,147574.1963692222,407747.3,,,2.701784374724435,2.573451445485007,5.275235820209442,1.0,4966.0,-1.0,-8784.0,0.00042847927525791157,-0.272976131791473,,,0.4658,0.24,0.01
20240529,156911.9219,155979.4375,157530.625,153735.6719,216176.0,3797.0,305476.0,1.0,0.0,5043.0,0.0,1.0,-2.0,2881.0,-10883.0,154558.02504,154883.25471,149455.043765,-325.2296700000297,5102.981274999969,151991.5050382539,148416.8064016984,406236.3,,,2.767171025045931,2.573451445485007,5.340622470530938,1.0,5043.0,-1.0,-8002.0,0.017564391976907706,-0.254498512668644,,,0.4521,0.216,0.014
20240530,152047.5,155656.4531,156408.125,151334.2344,224678.0,8502.0,354901.0,1.0,0.0,5185.0,0.0,1.0,-2.0,1735.0,-13678.0,154523.24378,155365.10158,149892.58595,-841.857800000027,4630.657829999982,152362.4454515079,149254.5202843175,403809.0,,,2.881012293644293,2.573451445485007,5.4544637391293,1.0,5185.0,-1.0,-11943.0,0.03784082108617666,-0.3724859254754876,,,0.411,0.1933,0.001
20240531,152282.2813,152076.2344,152430.4531,149597.9375,220005.0,-4673.0,306599.0,1.0,0.0,4996.0,0.0,1.0,-2.0,2548.0,-14533.0,154237.75316,155188.22815,150323.84611,-950.474990000017,3913.907050000009,152555.9802487302,150026.1466101587,378667.4,,,2.882427004074735,2.573451445485007,5.455878449559743,1.0,4996.0,-1.0,-11985.0,-0.0212404263539465,-0.3951341349987669,,,0.3288,0.1773,0.001
20240603,148026.7969,152269.7344,153603.4375,146909.5781,219928.0,-77.0,327392.0,1.0,0.0,4876.0,0.0,1.0,-2.0,1203.0,-13203.0,153065.25628,154183.25784,150452.58439,-1118.001560000004,2612.671889999998,152494.9870694444,150659.1229646587,354272.9,,,3.068382535795708,2.573451445485007,5.641833981280715,1.0,4876.0,-1.0,-12000.0,-0.00035011458295442145,-0.3155176955048285,,,0.3836,0.2107,0.006
20240604,147228.3281,147810.5313,148500.5,145737.9375,214225.0,-5703.0,265133.0,1.0,0.0,5188.0,0.0,1.0,-2.0,329.0,-13262.0,151299.36564,153049.99534,150579.750015,-1750.62969999999,719.6156250000058,152214.3514524603,151134.9905851984,328929.2,,,3.035861051900351,2.573451445485007,5.609312497385359,1.0,5188.0,-1.0,-12933.0,-0.026621542770451628,-0.4005440321923867,,,0.3014,0.2533,0.001
20240605,142580.8438,145474.7969,145990.9063,142580.8438,213963.0,-262.0,264652.0,1.0,0.0,6701.0,0.0,1.0,-2.0,1082.0,-12404.0,148433.15002,151495.58753,150624.441425,-3062.437509999989,-2191.291404999996,151552.588509127,151422.5185866032,315575.3,,,3.115203775064998,2.573451445485007,5.688655220550006,1.0,6701.0,-1.0,-11322.0,-0.001224510779901198,-0.3779902714491081,,,0.2603,0.228,0.003
20240606,143407.2813,142227.0625,143805.4844,140736.9844,210631.0,-3332.0,318986.0,1.0,0.0,3444.0,0.0,1.0,-2.0,324.0,-10664.0,146705.10628,150614.17503,150678.127365,-3909.068750000006,-3973.021084999986,150805.512878492,151568.9148706667,306061.6,,,2.8703918917549,2.573451445485007,5.443843337239907,1.0,3444.0,-1.0,-10340.0,-0.015819133935650497,-0.3322724468082544,,,0.2192,0.1827,0.006
20240607,143222.2969,142618.0938,144897.5156,142365.5781,205413.0,-5218.0,257680.0,1.0,0.0,2658.0,0.0,1.0,-2.0,323.0,-10882.0,144893.1094,149565.43128,150580.09143,-4672.321879999974,-5686.982029999956,150119.9737407936,151587.4936645318,295398.3,,,2.708632578274544,2.573451445485007,5.282084023759552,1.0,2658.0,-1.0,-10559.0,-0.02540248182929026,-0.3435823453893214,,,0.1644,0.0947,0.006
20240611,140081.75,141145.6875,142136.6406,139186.8906,205183.0,-230.0,159993.0,1.0,0.0,2531.0,0.0,1.0,-2.0,42.0,-10059.0,143304.10002,148184.67815,150382.39846,-4880.57812999998,-7078.298439999984,149155.0929845238,151450.6192176111,286343.6,,,2.660868298539624,2.621075593599658,5.281943892139282,1.0,2531.0,-1.0,-10017.0,-0.0011209505660800358,-0.3144281635408213,,,0.1781,0.1227,0.011
20240612,140337.5,139338.0469,141148.5469,138590.8906,205827.0,644.0,216921.0,1.0,0.0,2641.0,0.0,1.0,-2.0,196.0,-11206.0,141925.9344,146612.65002,150148.16252,-4686.715620000003,-8222.228119999985,148174.4398461111,151142.6877219444,277773.3,,,2.603778786323955,2.573451445485007,5.177230231808963,1.0,2641.0,-1.0,-11010.0,0.003128841211308526,-0.3140665643231315,,,0.5753,0.3587,0.012
20240613,139029.5,140730.2969,141620.5938,137304.3906,210144.0,4317.0,273449.0,1.0,0.0,2684.0,0.0,1.0,-2.0,1057.0,-11822.0,141215.66564,144824.40783,149853.83127,-3608.742190000019,-8638.165630000003,147150.9625015079,150658.6334682698,274570.6,,,2.519248298857148,2.621075593599658,5.140323892456806,1.0,2684.0,-1.0,-10765.0,0.020543056190041115,-0.3185783232441708,,,0.1918,0.104,0.009
20240614,137541.75,138910.6094,138988.2188,136692.1719,204927.0,-5217.0,240964.0,2.0,0.0,4594.0,0.0,1.0,-2.0,1100.0,-12092.0,140042.55938,143373.83283,149369.467205,-3331.273450000037,-9326.907825000002,145994.3847986508,150021.8274029841,263176.9,,,2.494021658338804,2.621075593599658,5.115097251938462,2.0,4594.0,-1.0,-10992.0,-0.025457845964660587,-0.3353281515105958,,,0.1507,0.0827,0.007
20240617,135673.4844,136626.4375,138081.0313,135616.5781,205703.0,776.0,292467.0,2.0,0.0,4585.0,0.0,1.0,-2.0,1885.0,-12372.0,138532.79688,141712.95314,148450.590645,-3180.156260000018,-9917.79376500001,144736.8667307143,149239.9160511825,261763.7,,,2.529805335932634,2.621075593599658,5.150880929532292,2.0,4585.0,-1.0,-10487.0,0.003772429181878728,-0.3581338206936117,,,0.1644,0.0707,0.005
20240618,134445.0313,135447.7969,137036.8281,134426.4688,210005.0,4302.0,252855.0,2.0,0.0,4923.0,0.0,1.0,-2.0,805.0,-12484.0,137405.45314,140354.77658,147269.01721,-2949.323440000007,-9863.564070000022,143467.222238492,148337.1395680873,254310.0,,,2.495553476538505,2.621075593599658,5.116629070138163,2.0,4923.0,-1.0,-11679.0,0.020485226542225184,-0.3793189092660848,,,0.137,0.064,0.003
20240619,135058.0781,133830.3281,135116.9375,133472.2031,201866.0,-8139.0,245056.0,2.0,0.0,4866.0,0.0,1.0,-2.0,1038.0,-11780.0,136349.56876,139137.75158,146093.87346,-2788.182819999987,-9744.304700000008,142240.6406251588,147339.7684853571,252302.3,,,2.414947015890238,2.573451445485007,4.988398461375246,2.0,4866.0,-1.0,-10742.0,-0.04031882535939683,-0.2928631954932448,,,0.1233,0.0613,0.019
20240620,136008.5469,134762.0,136487.1719,134753.8438,204073.0,2207.0,268529.0,2.0,0.0,4231.0,0.0,1.0,-2.0,78.0,-10849.0,135745.37814,138480.52189,144988.05471,-2735.143750000017,-9242.67657000001,141252.4689869048,146309.7565331349,252690.0,,,2.23990088195159,2.503333084145944,4.743233966097534,2.0,4231.0,-1.0,-10771.0,0.010814757464240737,-0.3195420193260463,,,0.1096,0.06,0.012
20240621,134064.6406,135755.5,136966.4063,134049.5313,203364.0,-709.0,251796.0,2.0,0.0,5883.0,0.0,0.0,-3.0,0.0,-12494.0,135049.95626,137546.25782,144080.216425,-2496.301559999993,-9030.260165000014,140242.739310635,145253.4791763492,245971.0,,,2.265066468295137,2.503333084145944,4.768399552441082,2.0,5883.0,-3.0,-12494.0,-0.0034863594343148246,-0.446290817443489,,,0.1096,0.0267,0.001
20240624,134502.5625,133623.6875,135676.9844,133330.2188,199567.0,-3797.0,251258.0,2.0,0.0,5857.0,0.0,1.0,-2.0,0.0,-11365.0,134815.77188,136674.28438,143119.85783,-1858.512499999983,-8304.085950000008,139297.8818823016,144171.2699905,245328.8,,,2.057120854040831,2.46657854850115,4.523699402541981,2.0,5857.0,-1.0,-11365.0,-0.019026191705041415,-0.3106451890746096,,,0.0685,0.0267,0.019
20240625,135864.6094,134929.875,136012.7188,134177.5781,195238.0,-4329.0,250396.0,2.0,0.0,5192.0,0.0,1.0,-2.0,192.0,-10661.0,135099.6875,136252.57032,142218.624235,-1152.882819999999,-7118.936735000025,138542.7915057143,143110.039842619,254369.1,,,2.021213930218835,2.46657854850115,4.487792478719984,2.0,5192.0,-1.0,-10469.0,-0.022172937645335438,-0.238625889106605,,,0.1233,0.028,0.036
20240626,136416.0625,134809.2656,136604.75,133034.1875,194653.0,-585.0,306588.0,2.0,0.0,4507.0,0.0,1.0,-2.0,0.0,-11774.0,135371.28438,135860.42657,141236.538295,-489.1421899999841,-5865.253915000008,137905.5498992857,142083.1508479365,263335.8,,,1.971759623801256,2.503333084145944,4.475092707947201,2.0,4507.0,-1.0,-11774.0,-0.0030053479781970995,-0.2014298043066916,,,0.0822,0.0293,0.049
20240627,134259.5469,135687.1094,136213.125,134161.375,190036.0,-4617.0,246032.0,2.0,0.0,3913.0,0.0,1.0,-3.0,0.0,-12192.0,135021.48438,135383.43126,140103.919545,-361.9468800000031,-5082.435165000032,137297.022357619,141097.7568335476,260594.1,,,1.938707737801132,2.46657854850115,4.405286286302282,2.0,3913.0,-2.0,-12192.0,-0.024295396661685155,-0.3226742076212349,,,0.1233,0.0307,0.012
20240628,135457.3594,135178.6406,136397.25,134322.875,178523.0,-11513.0,261418.0,2.0,0.0,3839.0,0.0,0.0,-3.0,0.0,-13181.0,135300.02814,135174.9922,139274.412515,125.0359400000016,-3974.384375000023,136820.685861508,140180.3869398333,262639.5,,,1.925940419990745,2.46657854850115,4.392518968491894,2.0,3839.0,-3.0,-13181.0,-0.0644902897665847,-0.2761999173514257,,,0.0548,0.032,0.028
20240701,136959.1094,135616.3906,137795.2344,134872.9219,180895.0,2372.0,254644.0,2.0,0.0,4854.0,0.0,0.0,-3.0,0.0,-13549.0,135791.33752,135303.5547,138508.25392,487.7828199999931,-2716.916399999987,136551.0477172222,139361.8050384841,258857.2,,,1.870685183983241,2.46657854850115,4.33726373248439,2.0,4854.0,-3.0,-13549.0,0.013112579120484259,-0.3021604391342221,,,0.0685,0.0333,0.022
20240702,137947.5,137385.5625,138150.4531,136988.2813,179066.0,-1829.0,194936.0,2.0,0.0,4657.0,0.0,0.0,-3.0,0.0,-14505.0,136207.91564,135653.80157,138004.289075,554.1140699999814,-1796.373435000016,136463.4971956349,138661.4325341985,253065.3,,,1.801245086638162,2.46657854850115,4.267823635139311,2.0,4657.0,-3.0,-14505.0,-0.010214110998179442,-0.2776662513907474,,,0.0685,0.0267,0.029
20240703,137836.4844,138306.5625,138370.75,136133.3125,183943.0,4877.0,234985.0,2.0,0.0,4657.0,0.0,0.0,-3.0,0.0,-17197.0,136492.00002,135931.6422,137534.69689,560.3578199999756,-1042.696870000014,136438.9123863492,138081.2597103175,252058.2,,,1.693083206418434,2.458710392827588,4.151793599246023,2.0,4657.0,-3.0,-17197.0,0.026513648249729536,-0.2973390024606575,,,0.137,0.0707,0.024
20240704,137593.3438,139128.1094,139198.4531,137099.0469,176683.0,-7260.0,212452.0,2.0,0.0,4246.0,0.0,0.0,-3.0,0.0,-17813.0,137158.7594,136090.12189,137285.32189,1068.63751,-126.5624899999821,136469.2182661905,137602.934638246,246450.5,,,1.680528811884342,2.458710392827588,4.139239204711931,2.0,4246.0,-3.0,-17813.0,-0.04109054068586112,-0.3494373886047475,,,0.1781,0.0733,0.008
20240705,138045.4844,137568.7188,138473.0781,136215.0156,180845.0,4162.0,241154.0,2.0,0.0,4262.0,0.0,0.0,-3.0,0.0,-15381.0,137676.3844,136488.20627,137017.232045,1188.178130000015,659.1523549999984,136505.1818451587,137229.1788916984,245386.3,,,1.667598477011092,2.432968981678327,4.100567458689419,2.0,4262.0,-3.0,-15381.0,0.02301418341673809,-0.3223241081178669,,,0.1644,0.076,0.014
20240708,138601.9688,138416.6719,139071.2969,137326.5469,181830.0,985.0,270862.0,2.0,0.0,3985.0,0.0,0.0,-3.0,0.0,-15603.0,138004.95628,136898.1469,136786.21564,1106.809379999992,1218.740639999975,136653.753325873,136964.7660360556,247346.7,,,1.618613732528489,2.432968981678327,4.051582714206815,2.0,3985.0,-3.0,-15603.0,0.00541714788538745,-0.2673674348722189,,,0.2055,0.08,0.036
20240709,137439.2344,138373.1406,139220.3906,136484.4844,175648.0,-6182.0,241277.0,2.0,0.0,4102.0,0.0,0.0,-3.0,0.0,-18897.0,137903.30316,137055.6094,136654.08986,847.6937599999656,1249.213299999974,136731.558260873,136783.6427115714,246434.8,,,1.673696518017831,2.432968981678327,4.106665499696158,2.0,4102.0,-3.0,-18897.0,-0.03519539078156313,-0.2823248895853529,,,0.2603,0.084,0.031
20240710,133792.6875,136710.6094,137049.5938,133672.25,187091.0,11443.0,235323.0,2.0,0.0,3059.0,0.0,0.0,-3.0,0.0,-18819.0,137094.54378,136793.2719,136326.849235,301.2718800000148,767.6945450000057,136555.0342529365,136648.5911469365,239308.3,,,1.782181645545379,2.458710392827588,4.240892038372968,2.0,3059.0,-3.0,-18819.0,0.0611627496779642,-0.3276680345996373,,,0.3288,0.1413,0.013
20240711,133900.4063,134188.4844,134803.1875,133427.3281,185151.0,-1940.0,178943.0,2.0,0.0,4426.0,0.0,0.0,-3.0,0.0,-18459.0,136355.95628,136757.35784,136070.39455,-401.4015600000275,285.5617299999576,136333.2190878572,136552.2108199603,232599.4,,,1.701595065710577,2.432968981678327,4.134564047388904,2.0,4426.0,-3.0,-18459.0,-0.01047793422665824,-0.3231074165149387,,,0.3562,0.1947,0.014
20240712,135050.6563,134875.9844,135208.5,132239.7344,187601.0,2450.0,246623.0,2.0,0.0,3040.0,0.0,0.0,-3.0,0.0,-13377.0,135756.99066,136716.68753,135945.839865,-959.6968700000143,-188.849205000035,136185.9323585714,136488.7354696667,231119.9,,,1.733686259416839,2.371109654318785,4.104795913735623,2.0,3040.0,-3.0,-13377.0,0.013059631878294892,-0.2695787379905012,,,0.3562,0.2133,0.038
20240715,134445.2969,135220.0781,135394.6563,133805.5625,178089.0,-9512.0,190791.0,2.0,0.0,3034.0,0.0,0.0,-3.0,0.0,-13751.0,134925.65628,136465.30628,135884.43049,-1539.649999999994,-958.7742100000032,136056.2824578572,136439.2589437302,224734.6,,,1.722078814090402,2.274211703779704,3.996290517870106,2.0,3034.0,-3.0,-13751.0,-0.053411496498941544,-0.2304056712010487,,,0.3836,0.236,0.049
20240716,134066.4531,133908.8438,134294.5469,133065.4063,179367.0,1278.0,154747.0,2.0,0.0,3159.0,0.0,0.0,-3.0,0.0,-11581.0,134251.10002,136077.20159,135865.50158,-1826.101569999999,-1614.401559999969,135864.8510463492,136379.3943288016,220715.7,,,1.609230340445503,2.274211703779704,3.883442044225207,2.0,3159.0,-3.0,-11581.0,0.007125056448510595,-0.2919496320978307,,,0.3836,0.2667,0.03
20240717,131919.8438,133171.6406,133583.5469,131771.2344,185541.0,6174.0,192792.0,2.0,0.0,3930.0,0.0,0.0,-3.0,0.0,-13848.0,133876.53128,135485.53753,135708.589865,-1609.006250000006,-1832.058584999992,135529.3659530952,136288.4396854762,216496.4,,,1.61333859680828,2.211230977456557,3.824569574264837,2.0,3930.0,-3.0,-13848.0,0.03327566413892347,-0.3889664636200344,,,0.4384,0.3053,0.004
20240718,130864.2109,132165.0,132336.2656,130034.3359,187489.0,1948.0,175030.0,2.0,0.0,5107.0,0.0,0.0,-3.0,0.0,-13735.0,133269.2922,134812.62424,135451.373065,-1543.332040000008,-2182.080864999996,135107.1658250794,136152.2344413651,212754.2,,,1.625892419439085,2.184738010228025,3.81063042966711,2.0,5107.0,-3.0,-13735.0,0.010389942876648763,-0.3074264239062872,,,0.4932,0.3373,0.027
20240719,130299.6484,130179.7109,131544.0156,130151.625,188843.0,1354.0,188780.0,2.0,0.0,5198.0,0.0,0.0,-3.0,0.0,-12983.0,132319.09062,134038.04064,135263.123455,-1718.950020000018,-2944.03283500002,134626.3045113492,135964.3467079841,207516.8,,,1.550744739482342,2.154115159885682,3.704859899368024,2.0,5198.0,-3.0,-12983.0,0.007169977176808248,-0.4671151968914134,,,0.2877,0.176,0.001
20240722,128761.1563,129763.7109,130216.3047,128315.0781,190253.0,1410.0,188199.0,2.0,0.0,5303.0,0.0,1.0,-3.0,0.0,-12730.0,131182.2625,133053.95939,134976.053145,-1871.696889999992,-3793.790644999972,134030.4516844444,135702.0165438413,199250.5,,,1.600445948153883,2.136111018923552,3.736556967077434,2.0,5303.0,-2.0,-12730.0,0.007411184054916348,-0.3800860186645433,,,0.3014,0.1787,0.006
20240723,128146.4375,128520.4844,129305.4688,127862.8203,186805.0,-3448.0,162775.0,2.0,0.0,5287.0,0.0,1.0,-3.0,0.0,-12529.0,129998.25938,132124.6797,134590.14455,-2126.420320000019,-4591.885170000009,133400.9049830159,135368.9512160556,191400.3,,,1.566290580879805,2.126970610489715,3.69326119136952,2.0,5287.0,-2.0,-12529.0,-0.018457750060223228,-0.4005886730844468,,,0.3562,0.1507,0.003
20240724,128626.0938,128124.0547,129432.7188,127594.3359,189171.0,2366.0,193035.0,3.0,-1.0,5777.0,-1388.0,1.0,-2.0,0.0,-12898.0,129339.50938,131608.02033,134200.646115,-2268.510950000011,-4861.136734999993,132819.6578924603,134995.4135800079,187171.5,,,1.559822087180517,2.126970610489715,3.686792697670231,2.0,4389.0,-1.0,-12898.0,0.012507202478181116,-0.2346484423589882,,,0.2877,0.152,0.055
20240725,124691.7109,128239.8984,128381.3516,124201.9844,196068.0,6897.0,241237.0,3.0,-1.0,5137.0,-1499.0,1.0,-3.0,206.0,-14560.0,128105.00938,130687.15079,133722.254315,-2582.141409999997,-5617.244934999952,132005.0149769841,134562.5931689206,193400.9,289484.4,,1.688122884802481,2.126970610489715,3.815093495292195,2.0,3638.0,-2.0,-14354.0,0.03517657139359814,-0.3341027507015465,,,0.2877,0.1533,0.016
20240726,126843.1172,124970.4141,127480.0625,124970.4141,180403.0,-15665.0,197762.0,3.0,-1.0,4135.0,-1440.0,2.0,-3.0,0.0,-10151.0,127413.70314,129866.39688,133291.542205,-2452.693740000017,-5877.839065000007,131285.4559373809,134072.5455268016,188514.8,,,1.755670945973122,2.126970610489715,3.882641556462837,2.0,2695.0,-1.0,-10151.0,-0.08683336751606126,-0.290070488370299,,,0.3836,0.1707,0.037
20240729,127381.9609,126279.125,128012.7656,126263.4219,179400.0,-1003.0,180561.0,2.0,0.0,2946.0,0.0,2.0,-3.0,0.0,-8838.0,127137.86406,129160.06328,132812.68478,-2022.199219999995,-5674.820719999974,130686.9176966667,133535.6090506825,187491.8,,,1.711379911298645,2.107304375116354,3.818684286414999,2.0,2946.0,-1.0,-8838.0,-0.005590858416945374,-0.2470773751725997,,,0.3699,0.156,0.053
20240730,126759.0391,127481.6953,128259.9453,126661.2734,177821.0,-1579.0,184116.0,2.0,0.0,2535.0,0.0,1.0,-2.0,0.0,-8618.0,126860.38438,128429.32188,132253.261735,-1568.937500000029,-5392.877355000019,130138.857974127,132963.0097434603,190428.7,,,1.598964197067295,2.107304375116354,3.706268572183649,2.0,2535.0,-1.0,-8618.0,-0.008879716119018563,-0.2475938462501239,,,0.3973,0.1507,0.052
20240731,131970.3125,126797.9375,132204.6094,126718.5469,186597.0,8776.0,305101.0,1.0,-1.0,2165.0,-984.0,1.0,-3.0,0.0,-4740.0,127529.22812,128434.36875,131959.95314,-905.1406299999799,-4430.725019999983,129934.8798736508,132403.5611355159,201659.6,366121.2,,1.826516982378899,2.107304375116354,3.933821357495254,0.0,1181.0,-2.0,-4740.0,0.04703183866836016,0.0369130949291313,,,0.3973,0.1507,0.418
20240801,132385.8281,132523.6094,134113.8906,131870.1563,173716.0,-12881.0,251034.0,1.0,0.0,1944.0,0.0,1.0,-2.0,869.0,-7262.0,129068.05156,128586.53047,131699.577355,481.5210900000093,-2631.525795000009,129993.5846715079,131892.2030201587,209260.0,,,1.789296410307603,2.061081026885168,3.850377437192772,1.0,1944.0,-1.0,-6393.0,-0.07414976167998343,-0.2079009160361282,,,0.4932,0.224,0.069
20240802,131099.3438,131767.0313,131892.0313,129677.4141,173467.0,-249.0,211688.0,2.0,0.0,2883.0,0.0,1.0,-2.0,0.0,-8967.0,129919.29688,128666.50001,131352.270325,1252.796869999991,-1432.973444999996,129927.04374,131422.2769430238,211550.8,,,1.854307953221068,2.078430776953893,3.932738730174961,2.0,2883.0,-1.0,-8967.0,-0.0014354315229986106,-0.1619942666038905,,,0.7123,0.44,0.093
20240805,128696.5469,131431.0313,132260.4688,128621.9375,175329.0,1862.0,231423.0,2.0,0.0,3301.0,0.0,1.0,-2.0,0.0,-11005.0,130182.21408,128660.03907,130856.99923,1522.175010000006,-674.7851500000106,129772.9008662699,130996.5218612064,215873.2,,,1.984708102057021,2.107304375116354,4.092012477173376,2.0,3301.0,-1.0,-11005.0,0.010620034335449354,-0.3280297496932896,,,0.6712,0.424,0.018
20240806,128888.7266,128116.7734,129843.5781,127903.6016,167101.0,-8228.0,190192.0,2.0,0.0,3029.0,0.0,1.0,-2.0,191.0,-11290.0,130608.15158,128734.26798,130429.47384,1873.883599999986,178.6777399999701,129570.8747194444,130613.5188348492,218614.9,,,1.968363742833756,2.107304375116354,4.07566811795011,2.0,3029.0,-1.0,-11099.0,-0.049239681390296886,-0.1786606488274615,,,0.6575,0.368,0.082
20240807,129416.4609,128969.7266,130697.9766,128863.0781,164434.0,-2667.0,173453.0,2.0,0.0,2869.0,0.0,1.0,-2.0,0.0,-12454.0,130097.38126,128813.30469,130210.66251,1284.076570000019,-113.28125,129458.2222248413,130277.3752680873,216656.7,,,1.944054297931121,2.107304375116354,4.051358673047475,2.0,2869.0,-1.0,-12454.0,-0.01621927338628264,-0.2403073136951912,,,0.6712,0.368,0.059
20240808,127377.0547,129241.0547,129395.2891,126945.5156,168084.0,3650.0,162962.0,2.0,0.0,3432.0,0.0,1.0,-2.0,0.0,-14593.0,129095.62658,129081.83907,129884.49493,13.78751000000921,-788.8683500000043,129230.915906746,129999.9653610635,208829.2,,,2.007093937236072,2.078430776953893,4.085524714189964,2.0,3432.0,-1.0,-14593.0,0.021715332809785583,-0.2502977724513126,,,0.6986,0.368,0.053
20240809,131054.5391,127933.3672,131919.3594,127650.6484,163196.0,-4888.0,224848.0,2.0,0.0,2019.0,-514.0,1.0,-2.0,714.0,-12577.0,129086.66564,129502.98126,129684.68907,-416.3156200000085,-598.0234300000011,129246.9499107937,129796.1147584048,211537.8,,,2.146374826681608,2.088545574215579,4.234920400897187,2.0,1505.0,-1.0,-11863.0,-0.02995171450280644,-0.1946198637474852,,,0.7534,0.388,0.078
20240812,128504.4063,130757.4063,131174.5156,127570.8359,165361.0,2165.0,194152.0,1.0,0.0,920.0,0.0,1.0,-3.0,0.0,-16023.0,129048.23752,129615.2258,129387.64454,-566.9882799999905,-339.4070200000133,129195.7465701587,129646.997645754,212896.9,,,2.265760181727492,2.088545574215579,4.354305755943072,1.0,920.0,-2.0,-16023.0,0.013092567171219332,-0.2730577902683933,,,0.7945,0.4173,0.046
20240813,128568.5156,128642.4219,130045.6641,127434.2031,163483.0,-1878.0,193415.0,1.0,0.0,865.0,0.0,0.0,-3.0,0.0,-15711.0,128984.19532,129796.17345,129112.747665,-811.9781300000177,-128.5523450000037,129120.1809560317,129545.1299439444,213826.8,,,2.308694676993417,2.04507937549676,4.353774052490177,1.0,865.0,-3.0,-15711.0,-0.011487432944098163,-0.126405251516527,,,0.7945,0.3867,0.128
20240814,127494.125,128879.2266,129524.3984,126700.3516,166919.0,3436.0,206098.0,1.0,0.0,759.0,0.0,0.0,-3.0,0.0,-14183.0,128599.72814,129348.5547,128891.461725,-748.8265600000159,-291.7335849999945,128996.9105631746,129451.3330128968,203926.5,,,2.216537627402698,2.04507937549676,4.261617002899458,1.0,759.0,-3.0,-14183.0,0.02058483456047544,-0.2084595270629276,,,0.7945,0.492,0.072
20240815,129669.8828,128158.4141,130010.8594,127710.5938,165878.0,-1041.0,253633.0,1.0,0.0,617.0,0.0,1.0,-3.0,0.0,-13030.0,129058.29376,129076.96017,128831.74532,-18.66641000000527,226.5484399999841,129010.1350798413,129352.9880537302,204186.4,304359.6,,2.198061992199371,2.006850752603897,4.204912744803268,1.0,617.0,-2.0,-13030.0,-0.006275696596293662,-0.1953941539968592,,,0.8493,0.5707,0.08
20240816,128211.25,130109.8516,130375.625,128119.5625,161473.0,-4405.0,223068.0,2.0,0.0,3189.0,0.0,1.0,-3.0,0.0,-14929.0,128489.63594,128788.15079,128727.3254,-298.5148500000214,-237.6894600000087,129012.1451240476,129261.4981921349,205324.4,,,2.225048986425839,1.961200526489424,4.186249512915263,2.0,3189.0,-2.0,-14929.0,-0.02728010255584525,-0.2838113673535513,,,0.863,0.656,0.041
20240819,130585.2969,127705.0859,130610.4453,127420.0547,161515.0,42.0,217637.0,1.0,0.0,76.0,0.0,1.0,-2.0,0.0,-12147.0,128905.81406,128977.02579,128818.53243,-71.21173000001,87.28163000001223,129083.2045361111,129192.528559119,203945.8,,,2.30810560900406,1.961200526489424,4.269306135493484,1.0,76.0,-1.0,-12147.0,0.0002600377673900257,-0.1827418758192566,,,0.8767,0.704,0.087
20240820,129694.2969,130588.9219,131294.2656,129544.2188,160112.0,-1403.0,204976.0,2.0,0.0,2491.0,0.0,1.0,-3.0,0.0,-13662.0,129130.97032,129057.58282,128895.9254,73.38750000001164,235.0449200000003,129198.5948768254,129155.3005748571,205424.2,,,2.104783199439252,1.961200526489424,4.065983725928676,2.0,2491.0,-2.0,-13662.0,-0.008762616168681923,-0.3523383510475903,,,0.9315,0.7547,0.012
20240821,131868.6094,131117.2031,131965.0,130327.8594,164946.0,4834.0,223977.0,1.0,0.0,359.0,0.0,1.0,-2.0,0.0,-11124.0,130005.8672,129302.79767,129058.05118,703.069530000008,947.8160200000129,129458.5199579365,129155.3303481667,210476.6,,,2.106873339410202,1.94115931439788,4.048032653808082,1.0,359.0,-1.0,-11124.0,0.02930656093509391,-0.2086798857771694,,,0.9452,0.7933,0.074
20240822,129101.8438,131607.2969,131868.0938,128658.5469,167357.0,2411.0,232397.0,2.0,0.0,2026.0,0.0,1.0,-3.0,0.0,-13847.0,129892.2594,129475.27658,129278.557825,416.9828200000193,613.7015750000137,129523.4211015079,129184.5808676428,217420.1,,,2.136928273418842,1.94115931439788,4.078087587816722,2.0,2026.0,-2.0,-13847.0,0.01440632898534271,-0.2676499522822919,,,0.9452,0.816,0.052
20240823,131065.0391,129065.1016,131296.7969,128411.1719,160900.0,-6457.0,203212.0,2.0,0.0,2327.0,0.0,1.0,-2.0,50.0,-10855.0,130463.01722,129476.32658,129489.65392,986.6906400000007,973.3632999999973,129622.8596207143,129222.1718386349,215256.5,,,2.092571703803408,1.94115931439788,4.033731018201288,2.0,2327.0,-1.0,-10805.0,-0.04013051584835301,-0.2228830536857321,,,0.9589,0.8373,0.07
20240826,131535.8125,130670.3594,131644.3438,129558.0234,158396.0,-2504.0,243496.0,2.0,0.0,2166.0,0.0,1.0,-2.0,457.0,-11405.0,130653.12034,129779.4672,129697.3465,873.6531399999949,955.7738399999798,129779.9908201587,129280.5962636349,220190.9,,,2.097585174200973,1.94115931439788,4.038744488598853,2.0,2166.0,-1.0,-10948.0,-0.01580848001212152,-0.1918686540623523,,,0.9726,0.852,0.089
20240827,132228.1875,131616.3594,132834.7188,131167.125,155456.0,-2940.0,212346.0,2.0,0.0,1820.0,-125.0,1.0,-2.0,0.0,-11581.0,131159.89846,130145.43439,129970.80392,1014.464070000002,1189.094539999991,129991.8266088095,129367.7608289127,222084.0,,,2.085131229021912,1.940271382577683,4.025402611599596,2.0,1695.0,-1.0,-11581.0,-0.018912103746397693,-0.2762373162512743,,,0.9863,0.8773,0.047
20240828,131326.7188,133045.5625,133150.4844,130927.875,153988.0,-1468.0,189186.0,2.0,0.0,2814.0,0.0,1.0,-3.0,0.0,-13281.0,131051.52034,130528.69377,129938.624235,522.8265700000193,1112.896105000007,130180.0874547619,129486.0785180714,220392.8,,,2.066970427680908,1.940271382577683,4.00724181025859,2.0,2814.0,-2.0,-13281.0,-0.009533210380029612,-0.281245430302665,,,0.8356,0.704,0.045
20240829,131994.4375,131038.375,132434.6563,130813.4688,148704.0,-5284.0,147932.0,2.0,0.0,2827.0,0.0,1.0,-2.0,0.0,-12009.0,131630.03908,130761.14924,129919.054705,868.8898400000035,1710.984375,130361.989165873,129621.2639266746,209822.7,,,1.90556596689768,1.869449045678089,3.77501501257577,2.0,2827.0,-1.0,-12009.0,-0.03553367764148913,-0.2729394922977941,,,0.7945,0.704,0.052
20240830,131767.3594,131908.2031,132492.75,131301.6406,153233.0,4529.0,164433.0,2.0,0.0,2943.0,0.0,1.0,-2.0,0.0,-14108.0,131770.50314,131116.76018,129952.455485,653.7429600000032,1818.047654999988,130540.8984718254,129774.1392614524,203959.2,,,1.769971610442679,1.818876920499032,3.588848530941712,2.0,2943.0,-1.0,-14108.0,0.029556296620179726,-0.2884883615909597,,,0.7671,0.828,0.041
20240902,128046.0,131552.1094,131574.375,127796.8516,170230.0,16997.0,239532.0,2.0,0.0,4612.0,0.0,0.0,-3.0,0.0,-19130.0,131072.54064,130862.83049,129919.92814,209.7101499999699,1152.612499999959,130462.0330448413,129912.0221123254,206148.7,,,1.844963583049598,1.869449045678089,3.714412628727688,2.0,4612.0,-3.0,-19130.0,0.09984726546437173,-0.3293903083176934,,,0.9452,0.972,0.019
20240903,129103.6875,128289.7422,129677.8516,128161.2656,161682.0,-8548.0,147703.0,2.0,0.0,2746.0,0.0,0.0,-3.0,0.0,-15817.0,130447.64064,130803.76955,129930.676185,-356.1289099999995,516.9644550000085,130353.9207672222,130027.5547013651,200421.4,,,1.778054586349976,1.818876920499032,3.596931506849009,2.0,2746.0,-3.0,-15817.0,-0.052869212404596674,-0.246329927235659,,,0.9315,0.972,0.066
20240904,125777.8203,128537.6953,128711.6875,125583.5234,171257.0,9575.0,208578.0,1.0,0.0,253.0,0.0,0.0,-3.0,0.0,-20469.0,129337.86094,130194.69064,129748.744155,-856.829700000002,-410.8832150000089,130052.9983809524,130087.0025436667,198881.5,,,1.836915857954181,1.865822145031688,3.702738002985869,1.0,253.0,-3.0,-20469.0,0.05591012338181797,-0.2879907474509874,,,0.9452,0.9853,0.043
20240905,123781.2656,125820.8828,126646.2969,123781.2656,173933.0,2676.0,188498.0,1.0,0.0,1492.0,0.0,0.0,-3.0,0.0,-19687.0,127695.22656,129662.63282,129568.9547,-1967.406259999974,-1873.728139999992,129537.626007381,130088.423034254,194491.6,,,1.874891151289106,1.865822145031688,3.740713296320794,1.0,1492.0,-3.0,-19687.0,0.015385234544336037,-0.3000917892612468,,,0.9452,0.9853,0.036
20240906,124229.3516,124018.7031,125000.9531,122437.0156,173250.0,-683.0,197844.0,1.0,0.0,1531.0,0.0,0.0,-3.0,0.0,-19148.0,126187.625,128979.06407,129227.695325,-2791.439069999993,-3040.070325000008,129015.7429711905,130027.7113693016,193954.8,,0.25369,1.846887821289812,1.940271382577683,3.787159203867495,1.0,1531.0,-3.0,-19148.0,-0.003942279942279942,-0.3112756563005976,,,0.9452,0.9853,0.032
20240909,123112.3672,124409.1328,124538.1797,121780.9531,174671.0,1421.0,211824.0,1.0,0.0,1446.0,0.0,0.0,-3.0,0.0,-18069.0,125200.89844,128136.71954,128958.09337,-2935.821100000016,-3757.194929999998,128441.3736004762,129893.8496473333,190787.6,,,1.909424060497412,1.94115931439788,3.850583374895292,1.0,1446.0,-3.0,-18069.0,0.008135294353384363,-0.2899215208500218,,,0.9452,0.9853,0.043
20240910,121912.4688,122703.3359,122734.0781,121403.2188,178883.0,4212.0,185690.0,1.0,0.0,788.0,0.0,0.0,-3.0,0.0,-18948.0,123762.6547,127105.14767,128625.29103,-3342.492970000007,-4862.636330000008,127778.6869819841,129672.5356846508,188122.0,,0.271975,1.888730277413692,1.940271382577683,3.829001659991375,1.0,788.0,-3.0,-18948.0,0.023546116735519866,-0.3392665831192555,,,0.9452,0.9853,0.016
20240911,123391.5313,121843.5156,123617.1406,119729.4609,172842.0,-6041.0,245487.0,1.0,0.0,0.0,-523.0,0.0,-3.0,0.0,-17686.0,123285.3969,126311.62892,128420.161345,-3026.232019999996,-5134.764444999993,127181.3854752381,129372.6654866984,193752.1,294584.4,0.274505,1.932629113389781,1.9607787539855,3.893407867375282,1.0,-523.0,-3.0,-17686.0,-0.03495099570706194,-0.3040343490165436,,,0.8219,0.8667,0.037
20240912,124670.4219,122821.9375,125347.6875,122347.6484,167956.0,-4886.0,232271.0,1.0,0.0,695.0,0.0,1.0,-3.0,0.0,-16015.0,123463.22816,125579.22736,128170.1883,-2115.999200000006,-4706.96014000001,126771.3829698413,129013.6048670952,202186.0,,,1.945978227002734,2.006850752603897,3.952828979606631,1.0,695.0,-2.0,-16015.0,-0.02909095239229322,-0.2506085856256064,,,0.8493,0.8307,0.068
20240913,124418.4844,124574.7813,125168.3047,123900.7266,161324.0,-6632.0,172730.0,1.0,0.0,1169.0,0.0,0.0,-3.0,0.0,-15770.0,123501.05472,124844.33986,127980.55002,-1343.285140000036,-4479.49530000001,126411.3155484127,128600.646574754,203015.7,,,1.907671214465391,1.9607787539855,3.868449968450892,1.0,1169.0,-3.0,-15770.0,-0.041109816270362746,-0.3014444261019632,,,0.8356,0.8707,0.039
20240918,124637.2109,124760.5391,125536.8984,123393.9297,161838.0,514.0,120515.0,1.0,0.0,0.0,-338.0,1.0,-3.0,0.0,-15580.0,123806.02346,124503.46095,127683.14572,-697.4374899999675,-3877.122259999989,126088.9874019841,128163.3420104682,191114.0,,,1.942746240188673,1.9607787539855,3.903524994174173,1.0,-338.0,-2.0,-15580.0,0.003176015521694534,-0.3465601266032017,,,0.7671,0.84,0.015
20240919,126104.5625,124753.9063,126290.9688,123784.5859,160963.0,-875.0,190289.0,1.0,0.0,653.0,0.0,2.0,-3.0,0.0,-12800.0,124644.4422,124203.54845,127503.659,440.893750000032,-2859.216800000009,125872.9852938889,127715.2484631349,195372.6,,,1.964597535319541,1.988777910034004,3.953375445353545,1.0,653.0,-1.0,-12800.0,-0.00543603188310357,-0.1463007876190279,,,0.7397,0.824,0.135
20240920,125765.375,126134.4453,126527.8906,125193.5469,150702.0,-10261.0,173021.0,1.0,0.0,555.0,0.0,1.0,-3.0,0.0,-12603.0,125119.21094,124202.30392,127198.49728,916.9070199999842,-2079.286340000021,125729.2951883333,127282.878143873,191816.9,,,1.955235315520204,1.959544236760933,3.914779552281137,1.0,555.0,-2.0,-12603.0,-0.0680880147576011,-0.2000550553735886,,,0.726,0.7707,0.098
20240923,125255.6875,126091.5,126702.0859,124681.6328,150237.0,-465.0,223623.0,1.0,0.0,1617.0,0.0,1.0,-2.0,0.0,-11778.0,125236.26406,124349.74611,127006.189465,886.5179500000086,-1769.925405000016,125558.2099995238,126884.9365430873,195329.4,,,2.009895285857523,1.959544236760933,3.969439522618456,1.0,1617.0,-1.0,-11778.0,-0.0030951097266319217,-0.2371391864346283,,,0.6986,0.792,0.081
20240924,127152.6016,125397.7578,127436.0078,125397.7578,152935.0,2698.0,231347.0,1.0,0.0,1584.0,0.0,1.0,-2.0,0.0,-10729.0,125783.0875,124642.07111,126810.56759,1141.016390000004,-1027.480089999997,125518.2835492063,126535.1906008889,198679.7,,,1.908585154753383,1.959544236760933,3.868129391514317,1.0,1584.0,-1.0,-10729.0,0.0176414816752215,-0.2773892446644326,,,0.7397,0.8293,0.058
20240925,127944.125,127433.8281,129640.3672,127255.1016,149042.0,-3893.0,236291.0,1.0,0.0,1205.0,0.0,1.0,-2.0,0.0,-10853.0,126444.47032,125125.24689,126630.983215,1319.223429999998,-186.5128949999926,125631.0542147619,126254.1586623175,201126.4,,,1.958812171514157,1.942293142839943,3.9011053143541,1.0,1205.0,-1.0,-10853.0,-0.02612015405053609,-0.3329909139107804,,,0.7808,0.852,0.02
20240926,129034.9688,128308.7344,129713.3281,128096.5313,142912.0,-6130.0,203494.0,1.0,0.0,739.0,0.0,1.0,-2.0,0.0,-10897.0,127030.55158,125837.49689,126471.32228,1193.054690000004,559.2292999999918,125845.3224774603,126060.8222118651,202906.8,,0.25783,1.855194972577638,1.942293142839943,3.797488115417581,1.0,739.0,-1.0,-10897.0,-0.042893528884908196,-0.2287441572246988,,,0.8356,0.8213,0.086
20240927,129589.8828,129422.2578,129797.5313,128278.8047,139588.0,-3324.0,214941.0,1.0,0.0,871.0,0.0,1.0,-2.0,642.0,-9688.0,127795.45314,126457.33204,126384.48048,1338.121099999989,1410.972659999999,126117.2005773016,125954.4037220714,199852.2,,0.26312,1.772446843758711,1.942293142839943,3.714739986598654,1.0,871.0,-1.0,-9046.0,-0.023812935209330314,-0.2383730652875641,,,0.863,0.8187,0.083
20240930,133200.5156,129560.2422,133253.2813,128869.3516,142377.0,2789.0,248176.0,1.0,0.0,1362.0,0.0,1.0,-2.0,307.0,-8052.0,129384.41876,127310.34141,126444.784385,2074.077349999978,2939.634374999994,126638.2490952381,125941.0903346111,201442.7,297811.2,0.326485,1.866490117452006,1.961666751927951,3.828156869379957,1.0,1362.0,-1.0,-7745.0,0.019588838084803023,-0.2531047166479998,,,0.863,0.8533,0.072
20241008,133337.6563,138817.6094,139566.125,133318.4844,132063.0,-10314.0,179844.0,1.0,0.0,1676.0,0.0,1.0,-2.0,1908.0,-8068.0,130621.4297,128202.2586,126523.29923,2419.171100000021,4098.130470000004,127497.2722376984,126049.6860035397,202154.1,,,2.058873532485749,1.988777910034004,4.047651442519753,1.0,1676.0,-1.0,-6160.0,-0.07809908907112514,-0.3131061424645254,,,0.9315,0.8667,0.035
20241009,135425.2188,134369.2813,136205.7813,134007.5313,132493.0,430.0,206589.0,1.0,0.0,718.0,0.0,1.0,-2.0,2685.0,-9424.0,132117.64846,129281.05939,126892.26017,2836.589069999973,5225.388290000003,128301.6530144445,126270.9525647857,210761.5,,,2.108080318873905,2.006850752603897,4.114931071477802,1.0,718.0,-1.0,-6739.0,0.003245454476840286,-0.211407568096795,,,0.9041,0.8893,0.097
20241010,132607.5469,134115.875,134115.875,131657.3438,131260.0,-1233.0,198252.0,1.0,0.0,658.0,0.0,1.0,-2.0,1682.0,-9231.0,132832.16408,129931.35783,127067.45314,2900.806249999965,5764.71093999999,128889.5630230953,126572.6103377064,211557.8,,,2.090622813193004,2.044259079869721,4.134881893062725,1.0,658.0,-1.0,-7549.0,-0.009393570013713241,-0.2683809837424624,,,0.9041,0.7653,0.067
20241011,134689.875,133490.625,134982.8281,133310.3438,129587.0,-1673.0,155410.0,0.0,0.0,0.0,0.0,1.0,-2.0,1942.0,-9019.0,133852.16252,130823.80783,127513.055875,3028.354689999993,6339.106645000022,129577.6399880159,126957.4448176746,209796.7,,,2.044511625623444,2.004998976767046,4.049510602390491,0.0,0.0,-1.0,-7077.0,-0.012910245626490312,-0.2449925417358425,,,0.863,0.7093,0.082
20241014,134863.25,135741.5469,136375.9531,134413.375,125808.0,-3779.0,166778.0,1.0,0.0,736.0,0.0,1.0,-2.0,2501.0,-9751.0,134184.7094,131784.56408,128067.155095,2400.145319999981,6117.554305000012,130306.3755461905,127432.2613723413,204112.2,,0.29532,2.070970919433289,2.004998976767046,4.075969896200336,1.0,736.0,-1.0,-7250.0,-0.030037835431769046,-0.2062340242535254,,,0.863,0.6787,0.105
20241015,132997.75,134501.5469,134881.5938,132928.6875,127666.0,1858.0,150971.0,1.0,0.0,733.0,0.0,1.0,-2.0,2316.0,-9838.0,134116.72814,132369.07892,128505.575015,1747.649219999992,5611.153124999997,130836.6342269841,127964.096440119,196074.6,,,2.051101505327825,1.961666751927951,4.012768257255777,1.0,733.0,-1.0,-7522.0,0.014553600802092961,-0.3074301280613333,,,0.8767,0.6427,0.039
20241016,133013.75,133136.4688,134176.9063,132848.2188,128731.0,1065.0,136869.0,1.0,0.0,290.0,0.0,1.0,-2.0,1868.0,-11030.0,133634.43438,132876.04142,129000.644155,758.3929599999974,4633.790225000004,131290.3620245238,128530.0272210952,186132.4,,,1.979194288464849,1.961666751927951,3.9408610403928,1.0,290.0,-1.0,-9162.0,0.008273065539768976,-0.2319745605051692,,,0.863,0.7533,0.091
20241017,128986.0703,133214.3125,134282.1563,128820.2891,125085.0,-3646.0,199144.0,1.0,0.0,430.0,0.0,1.0,-2.0,435.0,-11056.0,132910.13906,132871.15157,129354.32423,38.98748999999953,3555.814830000018,131433.4731973809,129088.8422930873,185697.4,,,2.200280307594112,2.004998976767046,4.205279284361158,1.0,430.0,-1.0,-10621.0,-0.02914817923811808,-0.3102158123430574,,,0.8356,0.6947,0.038
20241018,129197.5078,128784.7656,130188.3203,128277.3828,129981.0,4896.0,165725.0,1.0,0.0,1082.0,0.0,1.0,-2.0,465.0,-12009.0,131811.66562,132831.91407,129644.623055,-1020.248449999985,2167.042565000011,131405.6005447619,129617.6822898333,180775.8,,,2.189626542245274,2.004998976767046,4.19462551901232,1.0,1082.0,-1.0,-11544.0,0.0376670436448404,-0.3245624442974054,,,0.8767,0.7227,0.025
20241021,131225.5313,129581.3906,131376.5469,128362.1641,130109.0,128.0,147526.0,0.0,0.0,0.0,0.0,1.0,-2.0,1798.0,-10607.0,131084.12188,132634.41564,129972.378525,-1550.29376,1111.74335499997,131486.2723719841,130102.4846175079,170710.8,,,2.229975117253463,2.044259079869721,4.274234197123184,0.0,0.0,-1.0,-8809.0,0.0009837905141074023,-0.2063615792139509,,,0.8904,0.7227,0.109
20241022,127747.9375,130393.5859,130527.6406,126632.625,137219.0,7110.0,204515.0,0.0,0.0,0.0,0.0,1.0,-2.0,1548.0,-13196.0,130034.15938,132075.44376,130138.85118,-2041.284379999997,-104.6918000000005,131338.7101553968,130486.6284092778,173177.9,,,2.344255179980433,2.064694466246151,4.408949646226583,0.0,0.0,-1.0,-11648.0,0.05181498189026301,-0.2915373568811147,,,0.9041,0.7227,0.051
20241023,126424.9453,127666.3828,127774.25,126137.8438,143512.0,6293.0,169368.0,1.0,0.0,669.0,0.0,1.0,-2.0,340.0,-14091.0,128716.39844,131175.41641,130228.2379,-2459.017970000015,-1511.839460000003,131009.1726726984,130757.3803751032,169455.8,,,2.340370245354672,2.064694466246151,4.405064711600823,1.0,669.0,-1.0,-13751.0,0.043849991638329894,-0.3572537597603957,,,0.8904,0.74,0.012
20241024,126839.7578,125690.8516,127117.6406,125523.6406,142109.0,-1403.0,143712.0,1.0,0.0,653.0,0.0,0.0,-3.0,0.0,-13791.0,128287.13594,130598.6375,130264.997665,-2311.501560000004,-1977.861724999995,130643.9838131746,130932.8224541111,164001.8,,,2.34795688806632,2.064694466246151,4.41265135431247,1.0,653.0,-3.0,-13791.0,-0.009872703347430494,-0.2935106712021406,,,0.9041,0.74,0.05
20241025,126338.0234,126794.6641,127567.0938,126299.5234,145802.0,3693.0,153088.0,1.0,0.0,1359.0,0.0,0.0,-3.0,0.0,-14351.0,127715.23906,129763.45234,130293.630085,-2048.213279999996,-2578.39102499999,130287.6504654762,131003.8235018571,163769.6,,,2.186794250269674,2.064694466246151,4.251488716515825,1.0,1359.0,-3.0,-14351.0,0.02532887066021042,-0.3659634332928512,,,0.863,0.7227,0.011
20241028,126630.8125,125932.875,127074.1641,125871.3672,147538.0,1736.0,159183.0,1.0,0.0,1691.0,0.0,1.0,-2.0,170.0,-13408.0,126796.2953,128940.20859,130362.386335,-2143.913290000011,-3566.091035000005,129903.6275485714,130963.5487020952,163010.1,,0.27025,1.912235923140341,2.044259079869721,3.956495003010061,1.0,1691.0,-1.0,-13238.0,0.011766460166194473,-0.3368791506248441,,,0.8082,0.724,0.02
20241029,124126.6172,125994.6563,126237.8203,123997.3906,159846.0,12308.0,184102.0,1.0,0.0,2341.0,0.0,1.0,-2.0,586.0,-13487.0,126072.03124,128053.09531,130211.087115,-1981.064070000008,-4139.055875000005,129358.9541668255,130815.7806960794,166323.2,,,1.911208920303344,2.044259079869721,3.955468000173065,1.0,2341.0,-1.0,-12901.0,0.07699911164495828,-0.3697636715056434,,,0.7534,0.6933,0.011
20241030,124989.0375,124600.5503,125322.5608,123919.3007,154099.0,-5747.0,143479.0,1.0,0.0,1357.0,0.0,1.0,-2.0,421.0,-12918.0,125784.84968,127250.62406,130063.33274,-1465.774379999973,-4278.483059999999,128830.5597783333,130569.8004714603,166984.2,,0.2704799999999999,1.788480917160797,2.044259079869721,3.832739997030518,1.0,1357.0,-1.0,-12497.0,-0.037294206970843416,-0.3539681474100653,,,0.7123,0.656,0.015
20241031,124087.4531,124717.1484,124916.5,123539.8438,158095.0,3996.0,140524.0,1.0,0.0,2423.0,0.0,1.0,-2.0,0.0,-14432.0,125234.38874,126760.76234,129815.956955,-1526.373599999992,-4581.568214999992,128262.867979127,130252.7399496349,161122.2,,,1.747508559056659,2.044259079869721,3.791767638926379,1.0,2423.0,-1.0,-14432.0,0.025275941680635062,-0.3707353514639745,,,0.5342,0.288,0.011
20241101,124318.3047,123968.2109,124553.6328,122587.3594,157099.0,-996.0,152355.0,1.0,0.0,1111.0,0.0,1.0,-2.0,0.0,-12303.0,124830.445,126272.84203,129552.37805,-1442.397029999993,-4721.933050000021,127684.354305873,129880.615325746,159785.2,,,1.758027706733302,2.004998976767046,3.763026683500348,1.0,1111.0,-1.0,-12303.0,-0.006339951240937243,-0.3502289025639425,,,0.4658,0.2587,0.018
20241104,125045.862,125470.6832,126122.0367,124408.7784,160120.0,3021.0,159689.0,1.0,0.0,1357.0,0.0,1.0,-2.0,0.0,-14507.0,124513.4549,125654.8751,129144.64537,-1141.420199999979,-4631.190469999987,127248.9043775397,129456.8785263016,161001.5,,0.287615,1.75750055353441,2.004998976767046,3.762499530301457,1.0,1357.0,-1.0,-14507.0,0.018867099675243568,-0.3083648786163094,,,0.4384,0.208,0.048
20241105,124794.4426,124673.6257,124878.5872,124015.3805,165297.0,5177.0,125277.0,1.0,0.0,2329.0,0.0,1.0,-2.0,146.0,-13054.0,124647.01998,125359.52561,128717.484685,-712.5056299999706,-4070.464704999991,126815.9023578571,129004.5977465476,153077.7,,,1.74881771140636,1.961666751927951,3.710484463334311,1.0,2329.0,-1.0,-12908.0,0.03131938268692112,-0.3238122508376407,,,0.3562,0.1453,0.033
20241106,124798.8018,124919.6847,127841.4911,121924.4665,162917.0,-2380.0,305775.0,1.0,0.0,2561.0,0.0,1.0,-2.0,0.0,-13802.0,124608.97284,125196.91126,128186.163835,-587.9384200000059,-3577.190995000026,126444.3199188889,128548.1124711667,166718.4,366930.0,0.3174,1.778728022254423,1.961666751927951,3.740394774182374,1.0,2561.0,-1.0,-13802.0,-0.01460866576232069,-0.2995053464458843,,,0.2055,0.188,0.056
20241107,127528.9607,124733.1676,127750.667,124566.9532,156123.0,-6794.0,179225.0,1.0,0.0,2435.0,0.0,1.0,-2.0,0.0,-11516.0,125297.27436,125265.83155,127932.234525,31.44280999999319,-2634.960165000011,126262.6667378571,128109.9807636349,170269.7,,,1.852525846893472,2.004998976767046,3.857524823660519,1.0,2435.0,-1.0,-11516.0,-0.04351697059369856,-0.3062744334470657,,,0.1507,0.1827,0.052
20241108,129858.0536,128264.5525,130706.1318,127970.8847,151072.0,-5051.0,263025.0,1.0,0.0,2038.0,0.0,1.0,-2.0,853.0,-9859.0,126405.22414,125617.83457,127690.643455,787.3895699999994,-1285.419315000021,126398.3135172222,127721.0470688095,181263.4,315630.0,,1.86319316094435,2.044259079869721,3.907452240814071,1.0,2038.0,-1.0,-9006.0,-0.03343438890065664,-0.3278611378641251,,,0.2603,0.2213,0.031
20241111,128374.7706,128851.8196,130200.9763,127507.4104,146430.0,-4642.0,201685.0,1.0,0.0,2073.0,0.0,0.0,-3.0,0.0,-11737.0,127071.00586,125792.23038,127366.219485,1278.775480000011,-295.213625000004,126490.2473788889,127379.7090518413,185513.6,,,1.754868291616669,2.077606516247175,3.832474807863845,1.0,2073.0,-3.0,-11737.0,-0.03170115413508161,-0.2752103403760315,,,0.411,0.4653,0.08
20241112,127073.8542,127921.4447,128739.303,126314.3391,145464.0,-966.0,166698.0,1.0,0.0,2006.0,0.0,0.0,-3.0,0.0,-12385.0,127526.88818,126086.95408,127070.024695,1439.934100000028,456.863485000009,126476.5325663492,127091.4668917937,183773.2,,,1.798905469254807,2.044259079869721,3.843164549124528,1.0,2006.0,-3.0,-12385.0,-0.0066408183468074575,-0.307489559898651,,,0.4521,0.3347,0.051
20241113,126150.8022,126922.8197,127624.6585,125260.924,150234.0,4770.0,162991.0,1.0,0.0,2032.0,0.0,1.0,-2.0,0.0,-11830.0,127797.28826,126203.13055,126726.877305,1594.157709999985,1070.41095499997,126415.1436030952,126849.9252742698,185724.4,,,1.843240889962349,2.004998976767046,3.848239866729396,1.0,2032.0,-1.0,-11830.0,0.03175046926794201,-0.3102018820042372,,,0.5342,0.396,0.049
20241114,125199.4607,125672.2516,125879.2684,124930.6977,154441.0,4207.0,180095.0,1.0,0.0,2056.0,0.0,0.0,-3.0,0.0,-13083.0,127331.38826,126314.33131,126537.546825,1017.056949999998,793.8414349999948,126271.2279064286,126650.761267,189681.5,,,1.841738916694966,1.961666751927951,3.803405668622917,1.0,2056.0,-3.0,-13083.0,0.027240175860037165,-0.3091822701101545,,,0.5342,0.344,0.051
20241115,123464.1842,124654.2359,124654.2359,123165.7447,165118.0,10677.0,211099.0,1.0,0.0,2084.0,0.0,0.0,-3.0,0.0,-15798.0,126052.61438,126228.91926,126250.880645,-176.304879999996,-198.2662649999984,125998.6042520635,126482.186261619,195555.9,,,1.892269361458233,1.942293142839943,3.834562504298176,1.0,2084.0,-3.0,-15798.0,0.064662847175959,-0.3352315039239255,,,0.5479,0.3453,0.026
20241118,125037.3106,124181.7737,125615.6122,122413.2417,157430.0,-7688.0,224293.0,1.0,0.0,1155.0,0.0,0.0,-3.0,0.0,-13004.0,125385.12238,126228.06412,125941.46961,-842.9417399999948,-556.3472299999994,125851.401585,126342.4359823651,202016.3,,,1.923604009836996,1.961666751927951,3.885270761764947,1.0,1155.0,-3.0,-13004.0,-0.04883440259162802,-0.211723023688043,,,0.5753,0.3467,0.122
20241119,125725.7799,124444.6293,126515.7183,123585.7737,155921.0,-1509.0,195380.0,1.0,0.0,1412.0,0.0,0.0,-3.0,0.0,-14114.0,125115.50752,126321.19785,125840.36173,-1205.690329999983,-724.8542099999613,125784.4249125397,126239.2882378333,209026.6,,,2.009471084642741,2.018075703933307,4.027546788576048,1.0,1412.0,-3.0,-14114.0,-0.009677977950372304,-0.1650664847179902,,,0.589,0.348,0.153
20241120,127158.9232,126091.0996,127458.0796,125653.5884,152216.0,-3705.0,169606.0,1.0,0.0,1224.0,0.0,1.0,-3.0,0.0,-11553.0,125317.13172,126557.20999,125877.060625,-1240.078270000013,-559.928905000008,125870.232336746,126181.879479619,195409.7,,,2.026108788610678,1.961666751927951,3.987775540538629,1.0,1224.0,-2.0,-11553.0,-0.02434041099490198,-0.2634215839393684,,,0.589,0.3493,0.095
20241121,128211.1464,127604.8551,128417.3881,126806.5024,150758.0,-1458.0,153892.0,0.0,0.0,0.0,0.0,1.0,-3.0,0.0,-9745.0,125919.46886,126625.42856,125945.630055,-705.9596999999922,-26.16119500000787,126067.8995394444,126162.4027597778,192876.4,,,2.001552386281371,1.961666751927951,3.963219138209322,0.0,0.0,-2.0,-9745.0,-0.009671128563658314,-0.1829686190124016,,,0.6438,0.3667,0.142
20241122,125533.3006,128087.9852,128133.1039,125221.506,154664.0,3906.0,214666.0,0.0,0.0,0.0,0.0,0.0,-3.0,0.0,-7895.0,126333.29214,126192.95326,125905.393915,140.3388799999811,427.8982249999972,126112.8284627778,126133.8542543333,188040.5,,,2.068042609064618,2.018075703933307,4.086118312997925,0.0,0.0,-3.0,-7895.0,0.025254745771478817,-0.3508752955749968,,,0.6712,0.4787,0.018
20241125,127381.9666,126259.0585,128010.4417,126105.104,149339.0,-5325.0,206615.0,1.0,0.0,957.0,0.0,1.0,-2.0,589.0,-6430.0,126802.22334,126093.67286,125942.95162,708.5504799999908,859.2717200000043,126236.1075138095,126108.4402678254,188533.5,,,2.146685037090218,1.961810977658125,4.108496014748342,1.0,957.0,-1.0,-5841.0,-0.03565712908215536,-0.3170997184934949,,,0.726,0.5493,0.043
20241126,127665.2639,127661.0505,129122.5093,127649.5103,141012.0,-8327.0,208830.0,1.0,-1.0,481.0,0.0,1.0,-2.0,1538.0,-4822.0,127190.12014,126152.81383,126119.883955,1037.306310000014,1070.236185000002,126418.7516029365,126102.6621714841,192746.7,,,1.907837971625176,1.944511808493743,3.85234978011892,0.0,481.0,-1.0,-3284.0,-0.05905171191104303,-0.2888790282240602,,,0.7534,0.564,0.074
20241127,126731.8492,128073.6773,128073.6773,125506.3449,139116.0,-1896.0,173141.0,1.0,0.0,1472.0,0.0,0.0,-3.0,0.0,-6007.0,127104.70534,126210.91853,126207.02454,893.7868100000196,897.6808000000019,126508.9536061905,126112.0431717936,193761.7,,,1.873941653224213,1.961810977658125,3.835752630882338,1.0,1472.0,-3.0,-6007.0,-0.013628913999827482,-0.1991045947221316,,,0.7671,0.6067,0.14
20241128,127209.0291,126465.9999,127656.288,125471.1807,136647.0,-2469.0,170429.0,1.0,-1.0,0.0,-55.0,1.0,-2.0,627.0,-4531.0,126904.28188,126411.87537,126363.10334,492.4065100000007,541.1785399999935,126574.4024637301,126142.3606275238,192795.1,,,1.820725026744319,1.961810977658125,3.782536004402444,0.0,-55.0,-1.0,-3904.0,-0.018068453753101055,-0.1930426530097098,,,0.7671,0.6293,0.144
20241129,126214.7579,127176.3315,128346.2109,125788.178,138745.0,2098.0,186834.0,1.0,0.0,401.0,0.0,2.0,-2.0,966.0,-4714.0,127040.57334,126686.93274,126457.926,353.6405999999988,582.6473399999959,126602.1206043651,126202.712262754,190368.6,,,1.815285892143331,2.002845593462619,3.818131485605949,1.0,401.0,0.0,-3748.0,0.015121265631193917,-0.2880871998704662,,,0.9178,0.9187,0.076
20241202,125920.3927,126399.7455,126882.8753,124739.8079,142161.0,3416.0,164999.0,1.0,0.0,16.0,0.0,1.0,-2.0,0.0,-4870.0,126748.25856,126775.24095,126501.652535,-26.98238999999012,246.6060249999864,126565.8635138095,126274.1584556349,184439.2,,,1.800522525946216,2.002845593462619,3.803368119408835,1.0,16.0,-1.0,-4870.0,0.024029093773960508,-0.285987236447231,,,0.8904,0.8227,0.078
20241203,126248.8603,125269.1712,126364.8495,124326.5726,145679.0,3518.0,154695.0,1.0,0.0,0.0,-6.0,1.0,-2.0,0.0,-4665.0,126464.97784,126827.54899,126574.37342,-362.5711500000034,-109.3955799999967,126497.2607134921,126345.4420357302,180370.7,,,1.7820113110201,2.002845593462619,3.784856904482718,1.0,-6.0,-1.0,-4665.0,0.02414898509737162,-0.2665780566929628,,,0.8904,0.824,0.098
20241204,128092.3855,126963.4542,128649.7835,126797.5106,142425.0,-3254.0,206763.0,1.0,0.0,0.0,-7.0,2.0,-1.0,6768.0,-4326.0,126737.0851,126920.89522,126739.052605,-183.8101200000237,-1.967505000007804,126609.4143837302,126419.3602404286,184086.4,,0.236325,1.845790230372777,1.961810977658125,3.807601208030902,1.0,-7.0,1.0,2442.0,-0.02284711251535896,-0.2737950197323285,,,0.9041,0.8307,0.09
20241205,125321.4762,127823.8841,128017.9809,125177.962,143887.0,1462.0,175754.0,1.0,0.0,1643.0,0.0,2.0,-1.0,1316.0,-3940.0,126359.57452,126631.9282,126628.67838,-272.3536800000147,-269.1038600000174,126556.0309245238,126468.1733789365,186272.6,,,1.893544729484283,2.002845593462619,3.896390322946901,1.0,1643.0,1.0,-2624.0,0.010160751144995726,-0.2716646263828202,,,0.9178,0.8427,0.094
20241206,126542.7825,125543.3801,126567.8617,124749.9947,145934.0,2047.0,139873.0,1.0,0.0,1561.0,0.0,1.0,-2.0,463.0,-5755.0,126425.17944,126732.87639,126462.914825,-307.6969499999832,-37.73538500000723,126519.1488078572,126508.8054134445,178793.3,,,1.813891752789351,1.961810977658125,3.775702730447476,1.0,1561.0,-1.0,-5292.0,0.014026888867570272,-0.2001391024139375,,,0.9315,0.8373,0.143
20241209,127237.0134,126595.8493,128177.9731,126595.8493,141858.0,-4076.0,161182.0,1.0,0.0,1309.0,0.0,2.0,-1.0,2709.0,-4151.0,126688.50358,126718.38107,126406.026965,-29.87749000001349,282.4766149999923,126587.6604127778,126543.9607033413,174250.0,,,1.739423202227175,1.944511808493743,3.683935010720918,1.0,1309.0,1.0,-1442.0,-0.0287329583104231,-0.2659069489245688,,,0.9178,0.8413,0.101
20241210,127065.6671,127287.4021,128161.4797,126344.1681,142639.0,781.0,177454.0,1.0,0.0,1393.0,0.0,2.0,-1.0,1938.0,-4197.0,126851.86494,126658.42139,126405.61761,193.4435499999963,446.2473299999983,126658.2211503175,126567.9076580794,171112.4,,0.244375,1.740236692953891,1.922752656477697,3.662989349431588,1.0,1393.0,1.0,-2259.0,0.0054753608760577405,-0.270980757717379,,,0.9178,0.8333,0.095
20241211,125838.9071,126424.6554,126750.9408,125112.8496,152320.0,9681.0,177951.0,1.0,0.0,1516.0,0.0,1.0,-2.0,0.0,-4645.0,126401.16926,126569.12718,126390.022855,-167.9579200000007,11.14640500000678,126617.119437619,126578.7242412222,171593.4,,0.258175,1.761850544582982,1.887945303767361,3.649795848350344,1.0,1516.0,-1.0,-4645.0,0.06355698529411764,-0.2847459628194042,,,0.9178,0.8653,0.08
20241212,129771.4186,125914.7319,129795.7325,125741.6554,153533.0,1213.0,260754.0,1.0,-1.0,1076.0,-628.0,2.0,-1.0,6973.0,-3912.0,127291.15774,126825.36613,126618.62075,465.7916100000002,672.5369900000078,126817.65984,126603.0499788492,180625.9,312904.8,,1.817541751687643,1.922752656477697,3.740294408165341,0.0,448.0,1.0,3061.0,0.007900581633915835,-0.2285196694835784,,,0.9178,0.9053,0.127
20241213,129283.5393,129722.5352,130093.9994,128687.8587,148988.0,-4545.0,221202.0,1.0,0.0,1054.0,0.0,2.0,-1.0,7969.0,-4347.0,127839.3091,127132.24427,126909.588505,707.064830000003,929.720594999977,127078.8222213492,126650.7201405476,184062.7,265442.4,,1.755401605294421,1.887945303767361,3.643346909061782,1.0,1054.0,1.0,3622.0,-0.030505812548661637,-0.2448683732522105,,,0.9178,0.9187,0.117
20241216,126809.1492,129052.9647,129052.9647,126289.6345,141872.0,-7116.0,213481.0,1.0,0.0,120.0,0.0,2.0,-1.0,2649.0,-4353.0,127753.73626,127221.11992,126998.180435,532.6163399999932,755.5558249999885,127141.2514865079,126708.2589378175,188910.9,,,1.826728122807689,1.887945303767361,3.71467342657505,1.0,120.0,1.0,-1704.0,-0.05015788880117289,-0.2487128565572758,,,0.9315,0.9267,0.111
20241217,124727.9059,126433.7794,127280.0294,124702.3092,157080.0,15208.0,199239.0,1.0,0.0,1376.0,0.0,0.0,-3.0,0.0,-8207.0,127286.18402,127069.02448,126948.286735,217.1595400000078,337.8972849999845,126992.1140600794,126757.7442724762,193365.3,,,1.829373781652107,1.922752656477697,3.752126438129804,1.0,1376.0,-3.0,-8207.0,0.09681690858161446,-0.2864932448926761,,,0.9452,0.9507,0.078
20241218,124020.7834,124824.58,125606.4431,123761.4203,165069.0,7989.0,189405.0,2.0,0.0,3433.0,0.0,0.0,-2.0,0.0,-6577.0,126922.55928,126661.86427,126791.379745,260.6950100000104,131.1795350000029,126746.9063054762,126771.4934646508,191629.5,,,1.81348294879452,1.922752656477697,3.736235605272217,2.0,3433.0,-2.0,-6577.0,0.048397942678516256,-0.3148606356520232,,,0.9863,1.0,0.046
20241219,123170.8078,124074.3159,124807.6393,122996.8278,178659.0,13590.0,201798.0,2.0,0.0,2676.0,0.0,0.0,-2.0,0.0,-8752.0,125602.43712,126446.79743,126539.362815,-844.3603100000037,-936.9256950000126,126447.0810163492,126760.5984738333,194233.9,,,1.774386908670748,1.887945303767361,3.662332212438109,2.0,2676.0,-2.0,-8752.0,0.07606669689184424,-0.2831674146694197,,,0.9863,0.9987,0.085
20241220,122752.5656,122517.6414,123348.4333,122174.9118,188384.0,9725.0,193283.0,1.0,0.0,1975.0,0.0,0.0,-3.0,0.0,-8390.0,124296.24238,126067.77574,126400.326065,-1771.533360000001,-2104.083685000005,126063.2243668254,126715.0060297302,199574.9,,0.263005,1.722694959896151,1.887945303767361,3.610640263663512,1.0,1975.0,-3.0,-8390.0,0.051623280108714115,-0.255381221036216,,,0.9863,1.0,0.11
20241223,125323.8911,122656.164,125580.8981,122535.5547,174461.0,-13923.0,240679.0,1.0,0.0,1665.0,0.0,2.0,-1.0,1859.0,-2976.0,123999.19076,125876.46351,126297.42229,-1877.272750000004,-2298.23152999999,125873.116363254,126643.5516247778,207524.6,,,1.780623898649564,1.922752656477697,3.703376555127262,1.0,1665.0,1.0,-1117.0,-0.07980580186975886,-0.23726780745461,,,0.9863,0.9973,0.128
20241224,125253.9693,124823.4785,125440.4975,123998.0166,171158.0,-3303.0,169252.0,1.0,0.0,1534.0,0.0,2.0,-1.0,2728.0,-2904.0,124104.40344,125695.29373,126176.85756,-1590.890289999996,-2072.454119999995,125756.2518081746,126553.3546905635,206704.4,,,1.729129908087677,1.922752656477697,3.651882564565375,1.0,1534.0,1.0,-176.0,-0.019297958611341568,-0.2155093889311665,,,1.0,1.0,0.14
20241225,125512.4988,125633.1002,126282.7318,125241.0288,165963.0,-5195.0,157551.0,1.0,0.0,461.0,0.0,2.0,-1.0,3538.0,-2496.0,124402.74652,125662.6529,126115.89004,-1259.906380000015,-1713.143519999998,125699.2088398412,126461.5636307857,204664.4,,,1.622737806169329,1.887945303767361,3.51068310993669,1.0,461.0,1.0,1042.0,-0.03130215770985099,-0.2704028318727007,,,0.9315,0.972,0.1
20241226,126696.898,125625.6185,126877.7605,125625.6185,160660.0,-5303.0,165951.0,0.0,0.0,0.0,0.0,2.0,-1.0,5628.0,-1729.0,125107.96456,125355.20084,126090.283485,-247.2362800000265,-982.3189249999996,125724.903466746,126352.2879934603,195184.1,,,1.59693030861674,1.887945303767361,3.484875612384101,0.0,0.0,1.0,3899.0,-0.03300759367608615,-0.250519715718701,,,0.9315,0.9733,0.115
20241227,125066.3816,126934.5534,127109.4975,124974.4666,163344.0,2684.0,168261.0,0.0,0.0,0.0,0.0,2.0,-1.0,3343.0,-1724.0,125570.72776,124933.48507,126032.86467,637.2426899999846,-462.1369100000011,125691.2562169048,126213.5313930159,189890.0,,,1.627277522706695,1.887945303767361,3.515222826474056,0.0,0.0,1.0,1619.0,0.01643157997845039,-0.3569756289391578,,,0.9589,0.9507,0.016
20241230,125081.0929,124292.3353,125594.6529,123669.2189,169149.0,5805.0,175281.0,0.0,0.0,0.0,0.0,2.0,-1.0,2736.0,-1761.0,125522.16812,124760.67944,125990.89968,761.4886799999949,-468.7315600000002,125571.3970794444,126056.5459523095,186070.0,,,1.635258887284533,1.873989676813605,3.509248564098138,0.0,0.0,1.0,975.0,0.03431885497401699,-0.2710062380630377,,,0.9589,0.9507,0.1
20241231,124999.5231,125795.3596,125851.7717,124135.3619,173417.0,4268.0,161793.0,0.0,0.0,0.0,0.0,2.0,-1.0,1002.0,-1713.0,125471.27888,124787.84116,125928.43282,683.4377200000017,-457.1539400000183,125480.6279788889,125905.3973441905,182325.4,,,1.622595518289162,1.807606127182151,3.430201645471312,0.0,0.0,1.0,-711.0,0.024611197287463166,-0.2395907345491047,,,0.9589,0.9453,0.13
20250102,124094.6314,124798.817,125310.47,123810.0307,178196.0,4779.0,126901.0,0.0,0.0,0.0,0.0,2.0,-2.0,0.0,-2233.0,125187.7054,124795.22596,125728.545115,392.4794400000101,-540.8397149999801,125347.8831979365,125765.4950334365,176075.0,,0.203665,1.482161045411836,1.736045332302162,3.218206377713998,0.0,0.0,0.0,-2233.0,0.026818783811084424,-0.3446027129513684,,,0.9726,0.9533,0.024
20250103,122944.475,123381.7788,124112.5569,122559.5894,192633.0,14437.0,178628.0,1.0,0.0,2371.0,0.0,1.0,-2.0,387.0,-2856.0,124437.2208,124772.59268,125609.695055,-335.3718799999915,-1172.474254999979,125090.7527816667,125629.8622099682,173758.0,,0.21551,1.495947945191933,1.711362778272661,3.207310723464595,1.0,2371.0,-1.0,-2469.0,0.07494562198584874,-0.2738251755859591,,,0.9863,0.9947,0.096
20250106,122531.9087,122599.815,124187.5664,120710.017,195058.0,2425.0,288956.0,1.0,-1.0,1348.0,-1151.0,1.0,-2.0,803.0,-2683.0,123930.32622,124750.52699,125409.151365,-820.2007699999958,-1478.825144999981,124789.444247619,125502.4841980476,183325.3,346747.2,0.229885,1.527381593255381,1.711362778272661,3.238744371528043,0.0,197.0,-1.0,-1880.0,0.012432199653436414,-0.2961883426479776,0.1999,,0.9863,0.9987,0.07
20250107,123011.0511,123794.6076,124361.7164,122843.2279,191995.0,-3063.0,157734.0,0.0,0.0,0.0,0.0,2.0,-1.0,500.0,-2974.0,123516.31786,124519.24299,125197.85325,-1002.925130000018,-1681.535390000019,124594.4497307143,125374.6175347936,175030.8,,,1.485916154366811,1.711362778272661,3.197278932639472,0.0,0.0,1.0,-2474.0,-0.01595354045678273,-0.2588202313542858,0.1962,,1.0,1.0,0.116
20250108,125447.1645,123679.2877,125804.1282,123397.726,174266.0,-17729.0,233576.0,0.0,0.0,0.0,0.0,2.0,-1.0,8459.0,-2178.0,123605.84614,124538.56251,125116.92812,-932.7163699999946,-1511.081980000017,124563.9465197619,125255.3870059524,181463.2,280291.2,0.233105,1.539126239056099,1.780132709466892,3.319258948522991,0.0,0.0,1.0,6281.0,-0.10173527825278597,-0.2179488146950386,0.2027,,1.0,1.0,0.147
20250109,125769.9954,125129.6221,125993.7155,124161.0338,169263.0,-5003.0,173251.0,0.0,0.0,0.0,0.0,2.0,-1.0,9001.0,-2096.0,123940.91894,124564.31217,125113.482535,-623.3932300000015,-1172.563595,124574.6826292857,125142.9343848968,183033.2,,,1.538086702030838,1.780132709466892,3.318219411497729,0.0,0.0,1.0,6905.0,-0.029557552447965593,-0.2185179997180553,0.1983,,1.0,1.0,0.147
20250110,125739.2619,125451.3687,126313.9193,124982.2892,169467.0,204.0,158717.0,1.0,0.0,852.0,0.0,2.0,-1.0,8561.0,-2019.0,124499.87632,124468.54856,124911.8747,31.32776000001468,-411.9983800000045,124634.7438030952,125033.9184185317,182309.8,,,1.544505721831965,1.711362778272661,3.255868500104627,1.0,852.0,1.0,6542.0,0.0012037741861247323,-0.2320562946424653,0.1945,,1.0,1.0,0.14
20250113,128021.9269,126210.5248,128041.7519,126000.2359,175411.0,5944.0,215520.0,0.0,0.0,0.0,0.0,2.0,-1.0,10373.0,-1908.0,125597.87996,124764.10309,124848.79408,833.7768700000161,749.0858800000133,124878.6205984127,124952.6548566825,187035.7,,,1.499680112417115,1.750042720427682,3.249722832844797,0.0,0.0,1.0,8465.0,0.03388613028829435,-0.2085148019481905,0.1942,,1.0,1.0,0.159
20250114,127959.2612,127992.0241,128666.4421,127590.3607,174657.0,-754.0,167020.0,0.0,0.0,0.0,0.0,2.0,-1.0,10726.0,-1733.0,126587.52198,125051.91992,124906.29968,1535.60205999999,1681.222300000023,125179.4605704762,124913.4612057857,186209.6,,,1.476462827895053,1.711362778272661,3.187825606167714,0.0,0.0,1.0,8993.0,-0.0043170328128846825,-0.1955939769603904,0.1953,,1.0,1.0,0.172
20250115,127902.5904,127961.2291,128446.8583,127136.5682,175254.0,597.0,173550.0,0.0,0.0,0.0,0.0,3.0,-1.0,11627.0,-1733.0,127078.60716,125342.22665,125065.033905,1736.380509999988,2013.573254999996,125458.5889688889,124911.2573047857,187385.3,,0.238165,1.489754161768559,1.704000714569624,3.193754876338183,0.0,0.0,2.0,9894.0,0.0034064843027833886,-0.1918658349603319,0.2071,,1.0,1.0,0.178
20250116,128994.4976,127920.6554,129113.7927,127269.6561,175771.0,517.0,216530.0,0.0,0.0,0.0,0.0,2.0,-1.0,10662.0,-2545.0,127723.5076,125832.21327,125313.719615,1891.29432999999,2409.787984999988,125793.628075,124955.8317924921,196348.2,,0.23828,1.515053176463089,1.704000714569624,3.219053891032714,0.0,0.0,1.0,8117.0,0.002941327067605009,-0.1079609314523027,0.2072,,1.0,1.0,0.238
20250117,128558.9647,128883.8756,129065.5363,127891.3497,172029.0,-3742.0,181435.0,1.0,0.0,838.0,0.0,2.0,-1.0,10012.0,-2518.0,128287.44816,126393.66224,125583.12746,1893.785919999995,2704.320699999982,126113.8090552381,125058.1374198492,196628.9,,0.2392,1.457487795651137,1.704000714569624,3.161488510220762,1.0,838.0,1.0,7494.0,-0.02175214644042574,-0.1759644618191461,0.208,,1.0,1.0,0.185
20250120,127022.8774,129012.6003,129483.4289,126749.2018,170133.0,-1896.0,251624.0,1.0,0.0,537.0,0.0,2.0,-1.0,9076.0,-1698.0,128087.63826,126842.75911,125796.64305,1244.879149999979,2290.995210000008,126314.9667298413,125210.6896680715,192895.7,301948.8,,1.501758507850053,1.711362778272661,3.213121286122714,1.0,537.0,1.0,7378.0,-0.011144222461250904,-0.2383523135562054,0.19,,1.0,1.0,0.137
20250121,128491.7356,126982.8052,129082.2195,126930.5184,167095.0,-3038.0,184283.0,0.0,0.0,0.0,0.0,2.0,-1.0,13534.0,-1951.0,128194.13314,127390.82756,125955.035275,803.3055800000002,2239.097865000003,126544.5582777778,125405.7005227778,195550.6,,,1.523431238949106,1.711362778272661,3.234794017221767,0.0,0.0,1.0,11583.0,-0.01818127412549747,-0.2330942576402538,0.1982,,0.9863,0.984,0.141
20250122,126907.1378,128567.9331,128608.9499,126560.8514,163857.0,-3238.0,186001.0,0.0,0.0,0.0,0.0,2.0,-1.0,11865.0,-2327.0,127995.04262,127536.82489,126037.6937,458.2177299999894,1957.348919999975,126687.2328856349,125618.0291593651,190793.1,,,1.551962962583561,1.704000714569624,3.255963677153185,0.0,0.0,1.0,9538.0,-0.019761133183202426,-0.2484786393863022,0.2019,,0.9863,0.9787,0.124
20250123,124378.4735,126689.3788,126689.3788,124107.2258,174332.0,10475.0,208000.0,0.0,0.0,0.0,0.0,2.0,-1.0,6352.0,-3290.0,127071.8378,127397.6727,125980.992435,-325.8348999999871,1090.845365000016,126598.4359406349,125820.4044905,194268.0,,,1.621125660399352,1.711362778272661,3.332488438672013,0.0,0.0,1.0,3062.0,0.06008650161760319,-0.2327052733375552,0.2079,,0.9863,0.9787,0.143
20250124,123942.9301,124803.606,124805.1686,123471.5935,174052.0,-280.0,161594.0,0.0,0.0,0.0,0.0,2.0,-1.0,7260.0,-3203.0,126148.63088,127218.03952,125843.29404,-1069.408640000023,305.3368400000036,126428.8535070635,125999.8154608968,194555.7,,,1.498853203964196,1.711362778272661,3.210215982236858,0.0,0.0,1.0,4057.0,-0.001608714637005033,-0.2675567364579545,0.2073,,0.9863,0.9787,0.11
20250127,124416.1045,124242.7083,125279.3959,123687.8966,165516.0,-8536.0,129937.0,0.0,0.0,0.0,0.0,2.0,-1.0,7222.0,-2874.0,125627.2763,126857.45728,125810.780185,-1230.180980000019,-183.5038850000128,126288.7809424603,126140.8314953016,185997.4,,0.24196,1.484228994854951,1.711362778272661,3.195591773127612,0.0,0.0,1.0,4348.0,-0.05157205345706759,-0.2215004885325154,0.2104,,0.9863,0.9787,0.153
20250205,123481.1844,123722.8755,124173.2237,122914.0409,179337.0,13821.0,110545.0,0.0,-1.0,0.0,-2334.0,2.0,-1.0,7550.0,-2774.0,124625.16606,126409.6496,125730.78476,-1784.483540000001,-1105.618699999992,126065.2568123809,126229.4111194921,180349.9,,,1.413002806411409,1.711362778272661,3.12436558468407,-1.0,-2334.0,1.0,4776.0,0.07706719751083156,-0.256658795597092,0.1961,,0.9863,0.9827,0.118
20250206,127582.4664,123439.2494,127643.2135,123439.2494,171574.0,-7763.0,204346.0,0.0,-1.0,0.0,-1867.0,2.0,-1.0,12512.0,-2805.0,124760.23178,126377.6372,125859.931925,-1617.40542000001,-1099.70014500001,126113.013108492,126294.8535334524,183429.5,,,1.545272622083115,1.750042720427682,3.295315342510798,-1.0,-1867.0,1.0,9707.0,-0.045245783160618745,-0.1303041565369838,0.1875,,0.9863,0.9773,0.218
20250207,127401.921,127179.4455,127857.1481,126953.5139,170898.0,-676.0,156098.0,0.0,0.0,0.0,0.0,2.0,-1.0,14266.0,-3128.0,125364.92128,126218.37954,126025.296405,-853.4582599999849,-660.3751249999914,126262.535845,126341.7443104524,177386.3,,,1.519713599491444,1.711362778272661,3.231076377764106,0.0,0.0,1.0,11138.0,-0.003955575840559866,-0.1985263571542128,0.1926,,0.9863,0.9373,0.178
20250210,127891.0058,127470.2018,128155.4391,126593.2377,176181.0,5283.0,195734.0,0.0,0.0,0.0,0.0,2.0,-1.0,15703.0,-3464.0,126154.53642,126151.58365,126272.622945,2.952769999988959,-118.0865250000061,126419.7317592857,126372.3365808571,178816.2,,,1.478117677639923,1.704000714569624,3.182118392209548,0.0,0.0,1.0,12239.0,0.029986207366288077,-0.186367984594712,0.1855,,0.9863,0.9373,0.186
20250211,125020.8997,127648.0491,127710.6756,124682.3252,181741.0,5560.0,209526.0,1.0,0.0,1331.0,0.0,2.0,-1.0,10006.0,-2966.0,126275.49546,125951.38588,126397.072495,324.1095800000039,-121.5770349999948,126380.1184227778,126378.8517501508,174606.4,,,1.600919060038057,1.704000714569624,3.304919774607682,1.0,1331.0,1.0,7040.0,0.030592986722863855,-0.2509973471278272,0.1951,,0.9863,0.932,0.122
20250212,124836.1415,124267.4459,125242.8673,124128.7698,187936.0,6195.0,142806.0,1.0,0.0,1596.0,0.0,2.0,-1.0,8195.0,-2879.0,126546.48688,125585.82647,126488.327015,960.6604099999822,58.15986500000872,126217.7654055555,126346.1724629286,170458.7,,0.235405,1.592603211505123,1.685518928088366,3.278122139593489,1.0,1596.0,1.0,5316.0,0.032963349225268175,-0.2397555840269905,0.2047,,0.9726,0.9307,0.136
20250213,124523.8319,124485.7677,125204.4916,124328.1388,194939.0,7003.0,132123.0,1.0,-1.0,1937.0,-1664.0,2.0,-1.0,5043.0,-2673.0,125934.75998,125347.49588,126442.160385,587.2640999999858,-507.4004049999785,126048.1119765873,126282.2603720238,165070.9,,0.23874,1.541789589630385,1.65816008871854,3.199949678348925,0.0,273.0,1.0,2370.0,0.035924058295158996,-0.2534297555936802,0.2076,,0.9863,0.9307,0.12
20250214,124962.3204,124045.4838,125323.4659,123367.4769,195948.0,1009.0,179636.0,1.0,-1.0,1302.0,-1666.0,2.0,-1.0,6540.0,-2570.0,125446.83986,125405.88057,126401.776635,40.95928999999887,-954.9367749999947,125877.2562702381,126210.1424049841,162234.5,,0.24219,1.589337693886831,1.627579318284603,3.216917012171434,0.0,-364.0,1.0,3970.0,0.005149325331210321,-0.2458395895046875,0.2106,,0.9589,0.9307,0.131
20250217,124117.6371,125253.9819,125428.3764,123577.6495,202183.0,6235.0,172399.0,1.0,0.0,2119.0,0.0,2.0,-1.0,6643.0,-2629.0,124692.16612,125423.35127,126320.695395,-731.1851499999902,-1628.529275000008,125685.5902097619,126135.816075254,163315.0,,0.256795,1.54170696970511,1.627579318284603,3.169286287989713,1.0,2119.0,1.0,4014.0,0.030838398876265563,-0.2350474506473929,0.2233,,0.9726,0.9307,0.145
20250218,123984.8923,123828.3054,124746.267,123828.3054,205637.0,3454.0,146850.0,1.0,-1.0,2990.0,-1457.0,2.0,-1.0,4402.0,-2344.0,124484.96464,125380.23005,126118.843665,-895.2654100000218,-1633.879024999987,125476.2826366667,126054.5662446746,165006.3,,,1.475308771281111,1.61411015075157,3.089418922032681,0.0,1533.0,1.0,2058.0,0.0167965881626361,-0.209462639799015,0.2061,,0.9726,0.9253,0.167
20250219,124085.3102,123923.8258,124633.5968,123580.5879,204931.0,-706.0,139859.0,1.0,0.0,2062.0,0.0,2.0,-1.0,4707.0,-2462.0,124334.79838,125440.64263,125925.146115,-1105.84424999998,-1590.347735000003,125281.9166146031,125976.2322248968,167937.7,,,1.420844858952449,1.58470023002376,3.005545088976209,1.0,2062.0,1.0,2245.0,-0.003445061996476863,-0.2193329739832783,0.2048,,0.9726,0.9253,0.158
20250220,126374.878,123881.5949,126587.8471,123681.7856,193652.0,-11279.0,244126.0,1.0,0.0,1024.0,0.0,2.0,-1.0,9404.0,-2874.0,124705.0076,125319.88379,125848.760495,-614.87619000001,-1143.752894999998,125239.7563263492,125888.9065466825,171915.7,292951.2,,1.425282992814425,1.58470023002376,3.009983222838184,1.0,1024.0,1.0,6530.0,-0.058243653564125336,-0.0556711776819175,0.2092,,0.9726,0.9187,0.295
20250221,124292.0967,126537.5267,126547.2678,124009.0736,195569.0,1917.0,209382.0,1.0,0.0,2287.0,0.0,2.0,-1.0,6790.0,-2859.0,124570.96286,125008.90136,125613.64045,-437.9384999999893,-1042.677590000021,125163.13331,125778.9662931825,177244.1,,,1.493717821459623,1.61411015075157,3.107827972211193,1.0,2287.0,1.0,3931.0,0.009802167010108965,-0.3200162819634491,0.2032,,0.9726,0.9187,0.043
20250224,125829.476,124610.8924,126210.4423,124434.8869,189306.0,-6263.0,217075.0,1.0,0.0,757.0,0.0,2.0,-1.0,9181.0,-1944.0,124913.33064,124802.74838,125477.166015,110.5822600000101,-563.8353749999806,125148.7610924603,125651.8692265,179378.2,260490.0,,1.51114470789503,1.61411015075157,3.125254858646599,1.0,757.0,1.0,7237.0,-0.03308400156360601,-0.1307995441630494,0.1725,,0.9726,0.912,0.222
20250225,124301.7666,125476.1505,125627.0828,124010.2264,199101.0,9795.0,187020.0,1.0,0.0,2130.0,0.0,2.0,-1.0,4928.0,-2388.0,124976.7055,124730.83507,125341.110475,245.8704300000099,-364.4049750000268,125064.1195683334,125520.2693410555,177127.6,,,1.528509396202009,1.58470023002376,3.113209626225769,1.0,2130.0,1.0,2540.0,0.0491961366341706,-0.2227549524609842,0.1699,,0.9863,0.9213,0.157
20250226,124131.1325,123954.8263,124613.137,123635.8608,199872.0,771.0,186479.0,2.0,0.0,4395.0,0.0,2.0,-1.0,2850.0,-2926.0,124985.86996,124660.33417,125123.08032,325.5357899999944,-137.2103599999973,124950.4252773016,125393.5353282302,181494.9,,,1.347323271450931,1.557208736286746,2.904532007737678,2.0,4395.0,1.0,-76.0,0.003857468780019212,-0.205810704319541,0.1693,,0.9726,0.9173,0.177
20250227,125576.4867,124588.3253,125767.5422,124500.9762,182315.0,-17557.0,243887.0,2.0,0.0,3823.0,0.0,2.0,-1.0,5807.0,-2177.0,124826.1917,124765.59965,125056.547765,60.59205000000657,-230.3560649999999,124969.5189428571,125285.6760248571,192671.3,292664.4,,1.390603340976986,1.557208736286746,2.947812077263732,2.0,3823.0,1.0,3630.0,-0.09630035926829937,-0.1732431736861987,0.1687,,0.9589,0.9213,0.202
20250228,126696.0287,126408.6603,127807.4025,126301.4441,181607.0,-708.0,287561.0,2.0,0.0,2642.0,0.0,2.0,-1.0,11463.0,-2329.0,125306.9781,124938.97048,125172.425525,368.007620000004,134.5525749999942,125127.7451384127,125210.7249116746,203463.8,345073.2,0.206195,1.429793533609762,1.557208736286746,2.987002269896509,2.0,2642.0,1.0,9134.0,-0.0038985281404351154,-0.207219042237383,0.1793,,0.9589,0.968,0.175
20250303,127145.6194,126533.9253,127381.7149,124864.9531,182471.0,864.0,233963.0,2.0,0.0,2837.0,0.0,2.0,-1.0,9757.0,-1350.0,125570.20678,125241.76871,125332.55999,328.4380699999892,237.6467899999989,125272.5721894444,125169.4231096428,209620.2,,0.21183,1.388539584833334,1.557208736286746,2.94574832112008,2.0,2837.0,1.0,8407.0,0.004734998986140263,-0.2027719998272134,0.1842,,0.9589,0.9507,0.181
20250304,127244.9316,127470.985,129137.7033,126800.5154,191751.0,9280.0,290174.0,1.0,0.0,1584.0,-92.0,3.0,0.0,11019.0,0.0,126158.83978,125567.77264,125474.001345,591.0671399999846,684.8384349999978,125494.572117619,125171.2520577381,223952.6,348208.8,0.218155,1.45639255859989,1.557208736286746,3.013601294886636,1.0,1492.0,3.0,11019.0,0.0483960970216583,-0.1571024096836372,0.1897,,0.9589,0.9453,0.214
20250305,128869.3356,128019.3446,128920.6063,127464.3016,199788.0,8037.0,234370.0,2.0,0.0,3077.0,0.0,3.0,0.0,15345.0,0.0,127106.4804,126046.17518,125743.408905,1060.305220000009,1363.071494999997,125772.6876931746,125220.3291655952,233403.7,,0.234485,1.498269511215997,1.544344818277924,3.042614329493921,2.0,3077.0,3.0,15345.0,0.04022764129977777,-0.1909510361569164,0.2039,,0.9589,0.9387,0.195
20250306,128424.0182,128511.1174,128883.8199,126968.3636,200674.0,886.0,239241.0,2.0,0.0,2860.0,0.0,3.0,0.0,16142.0,0.0,127675.9867,126251.0892,125785.486495,1424.897500000006,1890.500205000004,126029.384265873,125299.2919595476,232915.2,,,1.49302281044187,1.530475299590006,3.023498110031876,2.0,2860.0,3.0,16142.0,0.004415121042088163,-0.2061321798680177,0.2004,,0.9863,0.9813,0.178
20250307,129568.8514,129047.2545,131747.2535,129047.2545,218926.0,18252.0,426240.0,1.0,-1.0,1887.0,-1278.0,3.0,0.0,19578.0,0.0,128250.55124,126778.76467,125893.833015,1471.786569999967,2356.718224999975,126414.6800880159,125424.4466373492,254601.0,511488.0,0.23805,1.571771804412059,1.530475299590006,3.102247104002066,0.0,609.0,3.0,19578.0,0.08337063665348109,-0.2006301780167882,0.207,,0.9863,0.9693,0.184
20250310,132681.3432,130119.9742,132959.6298,129763.6772,235708.0,16782.0,421887.0,1.0,-1.0,2379.0,-2227.0,3.0,0.0,18920.0,0.0,129357.696,127463.95139,126133.349885,1893.74460999998,3224.346114999993,126990.1988266667,125608.5904107698,275082.2,506264.4,0.263925,1.703368269029263,1.530475299590006,3.233843568619269,0.0,152.0,3.0,18920.0,0.07119826225669049,-0.1599891780848902,0.2295,,0.9726,0.9027,0.215
20250311,132983.4971,133477.7471,134175.7669,130835.5347,234778.0,-930.0,374754.0,1.0,-1.0,2383.0,-2370.0,3.0,0.0,15844.0,0.0,130505.4091,128332.12444,126531.479755,2173.28465999999,3973.929344999997,127636.9343043651,125865.871884373,293855.6,449704.8,,1.823071823285182,1.544344818277924,3.367416641563106,0.0,13.0,3.0,15844.0,-0.003961188867781479,-0.1429693155264043,0.223,,0.9589,0.82,0.228
20250312,133666.889,132398.5791,133678.9276,131711.5696,242762.0,7984.0,316690.0,1.0,-1.0,2271.0,-2610.0,3.0,0.0,13894.0,0.0,131464.91978,129285.70009,126973.01713,2179.219690000013,4491.902650000047,128269.4646651587,126197.7758231587,306876.7,,,1.763250720527775,1.544344818277924,3.307595538805699,0.0,-339.0,3.0,13894.0,0.03288817854524184,-0.1235423621828715,0.2101,,0.9452,0.7933,0.237
20250313,133286.1877,134455.1854,134778.9952,132556.2621,246352.0,3590.0,251146.0,1.0,-1.0,2141.0,-2175.0,3.0,0.0,12783.0,0.0,132437.35368,130056.67019,127411.13492,2380.683489999996,5026.218759999989,128911.7970373016,126592.0036326032,307602.6,,,1.736920571148087,1.557208736286746,3.294129307434834,0.0,-34.0,3.0,12783.0,0.014572644021562641,-0.1608218151441903,0.2085,,0.9589,0.8507,0.215
20250314,133648.5634,132698.3785,135802.7706,132255.6565,252735.0,6383.0,467609.0,1.0,-1.0,2179.0,-1353.0,3.0,0.0,7306.0,0.0,133253.29608,130751.92366,127845.44707,2501.372420000014,5407.849010000034,129513.3720748413,127030.566326246,325607.4,561130.7999999999,0.268065,1.819485376442889,1.58470023002376,3.404185606466649,0.0,826.0,3.0,7306.0,0.025255702613409304,-0.2032948736789323,0.2331,,0.9452,0.848,0.182
20250317,133866.1646,134188.9224,134294.6045,132428.9046,246677.0,-6058.0,282158.0,1.0,-1.0,2081.0,-998.0,3.0,0.0,7482.0,0.0,133490.26036,131423.97818,128332.873445,2066.282180000009,5157.38691500001,130085.0188703174,127511.8109943334,330426.9,,,1.812467371629956,1.549714346005616,3.362181717635572,0.0,1083.0,3.0,7482.0,-0.0245584306603372,-0.1152650912504149,0.2232,,0.9315,0.844,0.247
20250318,129708.0634,133757.2515,133757.2515,129121.9759,223147.0,-23530.0,397250.0,1.0,-1.0,1888.0,-659.0,2.0,-1.0,4869.0,-1517.0,132835.17362,131670.29136,128619.032,1164.882260000013,4216.141620000009,130343.6182239683,127996.7156049683,341134.5,,,2.013514911581268,1.58470023002376,3.598215141605028,0.0,1229.0,1.0,3352.0,-0.10544618569821687,-0.2675471989332278,0.2074,,0.9315,0.836,0.11
20250319,131731.9932,130303.7527,131899.2339,129360.923,214396.0,-8751.0,263264.0,1.0,-1.0,0.0,-1247.0,2.0,-1.0,10958.0,-2320.0,132448.19446,131956.55712,129001.36615,491.6373399999866,3446.828310000012,130580.0171842063,128477.4485540714,344023.9,,,2.056037459935015,1.58470023002376,3.640737689958775,0.0,-1247.0,1.0,8638.0,-0.0408169928543443,-0.1579445708595993,0.2168,,0.9178,0.828,0.22
20250320,129753.6268,132367.6694,132664.498,128247.6384,191760.0,-22636.0,400206.0,0.0,-1.0,0.0,-181.0,2.0,-1.0,10698.0,-1502.0,131741.68228,132089.51798,129170.30359,-347.835699999996,2571.378690000012,130732.5138824603,128947.7615157301,360120.4,,,2.171889400816089,1.58470023002376,3.756589630839849,-1.0,-181.0,1.0,9196.0,-0.11804338756779308,-0.2025395510287065,0.2075,,0.8904,0.8253,0.185
20250321,129266.176,130143.8049,130720.7639,128962.671,188211.0,-3549.0,301686.0,1.0,-1.0,1818.0,0.0,2.0,-1.0,9638.0,-1936.0,130865.2048,132059.25044,129419.007555,-1194.045640000011,1446.197245000003,130769.2716828571,129383.2206752143,347665.0,,,2.128027995604969,1.58470023002376,3.712728225628729,0.0,1818.0,1.0,7702.0,-0.018856496166536493,-0.1892791605297688,0.2048,,0.9178,0.8413,0.201
20250324,130039.5962,129559.5992,130394.4101,128764.5275,188477.0,266.0,251041.0,2.0,0.0,2106.0,0.0,2.0,-1.0,10684.0,-2150.0,130099.89112,131795.07574,129629.513565,-1695.18462,470.3775549999991,130814.0898949206,129765.6097820397,330580.4,,,2.086298530503992,1.58470023002376,3.670998760527751,2.0,2106.0,1.0,8534.0,0.0014113127861755015,-0.1452667253633927,0.2032,,0.9041,0.8427,0.233
20250325,129335.837,129477.0569,129548.297,128396.1807,187526.0,-951.0,234359.0,2.0,0.0,2383.0,0.0,2.0,-1.0,9106.0,-2743.0,130025.44584,131430.30973,129881.217085,-1404.863889999993,144.2287550000328,130777.112070873,130079.6275586905,316540.9,,,2.084013834786407,1.58470023002376,3.668714064810167,2.0,2383.0,1.0,6363.0,-0.005071296780179815,-0.1648510350013605,0.2046,,0.9041,0.844,0.215
20250326,129786.6469,129215.4142,131211.3116,128829.4842,189489.0,1963.0,315895.0,2.0,0.0,2468.0,0.0,2.0,-1.0,8018.0,-1193.0,129636.37658,131042.28552,130163.992805,-1405.908939999994,-527.6162250000052,130761.7418246032,130328.8552746349,316461.4,,,2.107825510363786,1.58470023002376,3.692525740387546,2.0,2468.0,1.0,6825.0,0.010359440389679613,-0.2420139157462184,0.202,,0.9041,0.844,0.137
20250327,130166.6604,130016.9782,131182.7759,129569.3253,190086.0,597.0,240149.0,2.0,0.0,3552.0,0.0,2.0,-1.0,7140.0,-508.0,129718.9833,130730.33279,130393.50149,-1011.349490000008,-674.5181899999734,130768.1332307143,130514.4888939762,315361.7,,,2.014213597605051,1.58470023002376,3.59891382762881,2.0,3552.0,1.0,6632.0,0.0031406836905400713,-0.1916108752653449,0.2031,,0.9041,0.84,0.201
20250328,131739.9256,130557.9935,132235.41,129694.374,187955.0,-2131.0,308065.0,1.0,-1.0,1634.0,-409.0,2.0,-1.0,11473.0,-589.0,130213.73322,130539.46901,130645.696335,-325.7357899999915,-431.9631150000059,130862.2426962698,130649.3759561191,299407.3,,0.23759,1.969037450136903,1.635369415704887,3.60440686584179,0.0,1225.0,1.0,10884.0,-0.0113378202229257,-0.1204066880002985,0.2066,,0.9041,0.852,0.251
20250331,129359.3784,132097.6712,132357.3721,128632.0701,184613.0,-3342.0,350515.0,2.0,0.0,2455.0,0.0,1.0,-2.0,8177.0,-2035.0,130077.68966,130088.79039,130756.384285,-11.10073000002012,-678.6946250000037,130819.3123249206,130722.8053015794,306243.0,,,1.993906201861799,1.670416999245554,3.664323201107353,2.0,2455.0,-1.0,6142.0,-0.0181027338269786,-0.1525519129779975,0.1983,,0.9315,0.888,0.231
20250401,130491.4135,128886.2152,130707.2189,127391.8503,177604.0,-7009.0,278735.0,1.0,-1.0,1220.0,-19.0,2.0,-1.0,12800.0,-103.0,130308.80496,130167.1254,130918.70838,141.6795600000187,-609.9034200000024,130720.2793373809,130760.4714129206,294391.5,,,2.070936101946747,1.670416999245554,3.7413531011923,0.0,1201.0,1.0,12697.0,-0.039464201256728455,-0.0472490954260654,0.1998,,0.9315,0.9,0.324
20250402,129595.522,129915.5024,130244.7583,128905.6849,177591.0,-13.0,236361.0,2.0,0.0,1398.0,0.0,2.0,-1.0,13784.0,-1800.0,130270.57998,129953.47828,130955.0177,317.1016999999993,-684.4377200000017,130607.5408625397,130763.223780754,291701.2,,,2.040278384144526,1.670416999245554,3.710695383390079,2.0,1398.0,1.0,11984.0,-7.32019077543344e-05,-0.1554970097202203,0.2046,,0.9863,0.988,0.231
20250403,127477.6768,129087.5242,129493.3112,127378.3939,180420.0,2829.0,249967.0,2.0,0.0,3211.0,0.0,2.0,-1.0,11167.0,-1330.0,129732.78326,129725.88328,130907.70063,6.899979999987409,-1174.917370000025,130325.2941973016,130722.5018122381,276677.3,,,1.974204170711038,1.700441362788282,3.67464553349932,2.0,3211.0,1.0,9837.0,0.015680079813767876,-0.1761511416330595,0.1963,,0.9863,0.9827,0.211
20250407,118797.7567,116031.7879,121773.6795,115531.8408,184416.0,3996.0,409748.0,1.0,-1.0,2768.0,-1346.0,2.0,-1.0,11941.0,-1652.0,127144.34948,128679.04135,130369.145895,-1534.691869999995,-3224.79641499999,129118.3438018254,130557.4090241349,287483.5,491697.6,0.3322349999999999,2.548425538544568,1.747873563801539,4.296299102346107,0.0,1422.0,1.0,10289.0,0.021668401874023947,-0.2028477105305158,0.2889,,0.9726,0.9787,0.185
20250408,119443.8234,118375.0454,120194.8739,118039.1199,179362.0,-5054.0,389253.0,1.0,0.0,3799.0,0.0,2.0,-1.0,7759.0,-378.0,125161.23848,127619.46407,129707.269905,-2458.225589999973,-4546.031424999979,128056.019722381,130281.6020068809,301304.7,467103.6,,2.418938823350273,1.775909573981416,4.19484839733169,1.0,3799.0,1.0,7381.0,-0.02817765189951049,-0.2052662989813765,0.2498,0.6747088186356074,0.9726,0.9653,0.182
20250409,119067.3598,119011.5537,119921.2546,117637.1575,180994.0,1632.0,388183.0,1.0,-1.0,3730.0,-1410.0,2.0,-1.0,8919.0,-2646.0,122876.42774,126592.61635,129011.46304,-3716.188609999983,-6135.035300000018,127034.9597527778,129907.3867750714,316687.1,465819.6,,2.421860714785426,1.775909573981416,4.197770288766843,0.0,2320.0,1.0,6273.0,0.009016873487518923,-0.183923825618381,0.2523,0.6955074875207989,1.0,1.0,0.207
20250410,121649.6367,117662.113,121664.6708,117082.0645,188281.0,7287.0,404511.0,1.0,0.0,3320.0,0.0,2.0,-1.0,9315.0,-3101.0,121287.25068,125778.91533,128410.600425,-4491.664650000006,-7123.349744999985,126195.3844448412,129450.7510370952,325548.7,485413.2,,2.442241893949991,1.801038006765536,4.243279900715527,1.0,3320.0,1.0,6214.0,0.03870278997880827,-0.162886956102091,0.2096,0.3402662229617306,0.9452,0.924,0.223
20250411,121349.405,121668.5964,121782.0101,120193.9518,183950.0,-4331.0,255511.0,1.0,-1.0,2922.0,-1415.0,2.0,-1.0,8372.0,-2261.0,120061.59632,124897.18979,127813.76129,-4835.593470000022,-7752.164970000027,125521.2433548413,128926.0620495079,327084.9,,,2.443560227354608,1.775909573981416,4.219469801336024,0.0,1507.0,1.0,6111.0,-0.02354444142430008,-0.2195525513361802,0.2135,0.372712146422629,0.9178,0.9067,0.161
20250414,123183.5023,123125.5096,123739.9881,122281.7725,183742.0,-208.0,287551.0,1.0,0.0,2566.0,0.0,2.0,-1.0,9070.0,-2405.0,120938.74544,124041.54746,127290.508235,-3102.802019999988,-6351.762795000002,125077.6543255556,128347.6032124365,325033.5,,,2.496257502814619,1.801038006765536,4.297295509580155,1.0,2566.0,1.0,6665.0,-0.0011320220744304515,-0.1741464278206503,0.209,0.33527454242928456,0.8904,0.884,0.217
20250415,124370.1427,123640.7779,124501.8531,122829.5453,179506.0,-4236.0,231852.0,1.0,0.0,1966.0,0.0,2.0,-1.0,8843.0,-652.0,121924.0093,123542.62389,126815.70714,-1618.614589999983,-4891.697840000008,124784.0771136508,127744.0796913095,313167.2,,,2.504959504350999,1.801038006765536,4.305997511116535,1.0,1966.0,1.0,8191.0,-0.02359809699954319,-0.1108941848517084,0.2106,0.3485856905158072,0.9315,0.9293,0.265
20250416,124306.5936,124940.708,125785.3734,124019.8185,170200.0,-9306.0,280720.0,1.0,0.0,1416.0,0.0,3.0,0.0,14212.0,0.0,122971.85606,122924.1419,126545.63365,47.71415999998862,-3573.777590000012,124565.7234611905,127128.6241036905,313365.7,,0.25346,2.477603724046285,1.77843536041573,4.256039084462016,1.0,1416.0,3.0,14212.0,-0.05467685076380729,-0.1678948741345448,0.2204,0.43011647254575724,0.9315,0.92,0.22
20250417,126205.4111,125056.5717,126543.128,124889.2059,170233.0,33.0,250023.0,1.0,0.0,1138.0,0.0,3.0,0.0,15829.0,0.0,123883.01094,122585.13081,126269.304545,1297.88012999999,-2386.293605000013,124513.9190561905,126519.2619230556,314731.9,,0.266915,2.518886629566337,1.785213641837294,4.304100271403632,1.0,1138.0,3.0,15829.0,0.00019385195584874847,-0.1411572579840164,0.2321,0.5274542429284527,0.9315,0.776,0.248
20250418,125794.7743,125842.6214,126474.2654,125112.8913,166194.0,-4039.0,222907.0,0.0,-1.0,0.0,-147.0,3.0,0.0,15956.0,0.0,124772.0848,122416.84056,126071.36192,2355.24424,-1299.277120000013,124479.028369127,125934.6353402381,312025.9,,0.281405,2.459733520806258,1.785213641837294,4.244947162643552,-1.0,-147.0,3.0,15956.0,-0.024302923089882907,-0.0653223513536051,0.2447,0.6322795341098171,0.8904,0.7547,0.308
20250421,126131.2841,125647.8544,126589.0069,124855.6702,163178.0,-3016.0,212148.0,0.0,-1.0,0.0,-97.0,3.0,0.0,15663.0,0.0,125361.64116,123150.1933,125914.617325,2211.44786,-552.976165,124471.3996263492,125469.9409226905,292265.9,,,2.349681039711007,1.785213641837294,4.134894681548301,-1.0,-97.0,3.0,15663.0,-0.018482883722070378,-0.0629945562018256,0.2252,0.47004991680532465,0.9178,0.784,0.312
20250422,125721.3464,126107.4471,126345.0256,125115.869,159809.0,-3369.0,183372.0,1.0,0.0,487.0,0.0,3.0,0.0,15039.0,0.0,125631.8819,123777.9456,125698.704835,1853.936299999987,-66.82293500001833,124477.9023434127,125112.1291847937,271677.8,,,2.2357731749212,1.785213641837294,4.020986816758494,1.0,487.0,3.0,15039.0,-0.021081415940278708,-0.0910288401376749,0.223,0.45174708818635617,0.9178,0.8,0.283
20250423,126413.972,125970.4608,126596.0261,125451.4189,159263.0,-546.0,218584.0,0.0,-1.0,0.0,-154.0,3.0,0.0,16082.0,-132.0,126053.35758,124512.60682,125552.611585,1540.750759999981,500.7459950000048,124534.753108254,124862.1085203413,254717.9,,,2.214385438893663,1.765359997362588,3.979745436256251,-1.0,-154.0,3.0,15950.0,-0.0034282915680352625,-0.0918739828794412,0.2299,0.5091514143094842,0.8904,0.8027,0.282
20250424,125876.824,126355.3609,126901.0808,125070.8889,162890.0,3627.0,242131.0,1.0,0.0,766.0,0.0,2.0,0.0,12428.0,-135.0,125987.64016,124935.32555,125357.12044,1052.314610000001,630.5197199999966,124591.0153174603,124701.6716076032,238479.9,,,2.194048417404224,1.765359997362588,3.959408414766813,1.0,766.0,2.0,12293.0,0.02226656025538707,-0.1372779526035394,0.2059,0.30948419301164737,0.8904,0.8027,0.249
20250425,125927.2684,126199.0536,126435.5892,125254.0204,158588.0,-4302.0,232529.0,1.0,0.0,121.0,0.0,2.0,0.0,12996.0,-219.0,126014.13898,125393.11189,125145.15084,621.0270900000178,868.9881399999867,124657.2710862698,124615.274380746,236181.7,,,1.564773784894314,1.765359997362588,3.330133782256903,1.0,121.0,2.0,12777.0,-0.027126894847024994,-0.1237745811800666,0.196,0.22712146422628968,0.9041,0.8027,0.255
20250428,124815.948,125389.0253,125389.0253,123743.28,161418.0,2830.0,273035.0,1.0,0.0,370.0,0.0,2.0,0.0,12551.0,0.0,125751.07176,125556.35646,124798.95196,194.7152999999817,952.1197999999858,124650.7801085714,124572.5869590476,234730.1,,,1.561566824559617,1.754196720281697,3.315763544841314,1.0,370.0,2.0,12551.0,0.017532121572563158,-0.0895728924282855,0.2011,0.26955074875207996,0.8904,0.7973,0.289
20250429,124312.7725,125337.1575,125564.1468,123772.2778,161588.0,170.0,182149.0,1.0,0.0,742.0,0.0,2.0,-1.0,11475.0,-621.0,125469.35698,125550.61944,124546.621665,-81.2624599999981,922.7353149999835,124640.1427009523,124558.1935177778,229759.8,,,1.52868484499128,1.754196720281697,3.282881565272977,1.0,742.0,1.0,10854.0,0.0010520583211624625,-0.1485819080902242,0.2086,0.33194675540765406,0.863,0.7053,0.241
20250430,123876.5012,124050.9999,124965.7403,123709.9374,156742.0,-4846.0,171515.0,1.0,0.0,786.0,0.0,2.0,-1.0,12302.0,-932.0,124961.86282,125507.6102,124215.87605,-545.7473800000153,745.9867700000177,124605.8361287302,124562.2047845318,218839.3,,0.25898,1.336448241301728,1.754196720281697,3.090644961583425,1.0,786.0,1.0,11370.0,-0.030917048398004365,-0.1683881932078539,0.2252,0.47004991680532465,0.863,0.7053,0.219
20250506,124773.5437,123770.2728,125159.8619,123718.3427,155125.0,-1617.0,131437.0,1.0,-1.0,605.0,0.0,2.0,-1.0,12885.0,-1339.0,124741.20676,125364.42346,123974.777135,-623.2166999999899,766.4296249999898,124648.7627618254,124575.6891550952,206980.7,,,1.325470342326595,1.754196720281697,3.079667062608292,0.0,605.0,1.0,11546.0,-0.010423851732473812,-0.113643355340855,0.18,0.09400998336106493,0.863,0.804,0.266
20250507,124602.8374,124653.7964,125006.7254,123280.1928,159065.0,3940.0,196973.0,1.0,0.0,483.0,0.0,2.0,-1.0,17390.0,-1627.0,124476.32056,125245.22977,123831.035165,-768.9092100000125,645.2853949999844,124744.7322203175,124602.2595402143,204387.3,,,1.286519228041794,1.74344394860164,3.029963176643435,1.0,483.0,1.0,15763.0,0.024769748216138057,-0.1389895620915821,0.178,0.07737104825291184,0.8493,0.8013,0.249
20250508,123808.1976,124057.5348,124657.6812,123235.1076,160825.0,1760.0,202744.0,1.0,0.0,439.0,0.0,2.0,-1.0,13744.0,-1804.0,124274.77048,125012.92112,124081.55721,-738.1506400000071,193.2132699999929,124714.5776969842,124626.5773472778,203446.9,,,1.272682117661291,1.74344394860164,3.016126066262932,1.0,439.0,1.0,11940.0,0.010943572205813773,-0.1902882328960548,0.1974,0.2387687188019967,0.8767,0.8013,0.205
20250509,123579.3682,124019.2469,124314.6488,123462.6792,164866.0,4041.0,146511.0,1.0,0.0,901.0,0.0,2.0,-1.0,12059.0,-2011.0,124128.08962,124798.7233,124288.33445,-670.6336799999845,-160.244829999996,124700.1381988095,124648.8009328175,199760.8,,,1.22106039380888,1.74344394860164,2.96450434241052,1.0,901.0,1.0,10048.0,0.024510814843569928,-0.1957879755341728,0.1915,0.1896838602329452,0.8767,0.668,0.196
20250512,126270.1314,124159.8696,126884.2874,124064.8117,162205.0,-2661.0,319907.0,1.0,0.0,0.0,-39.0,2.0,-1.0,17355.0,-1766.0,124606.81566,124784.33924,124648.47303,-177.5235799999937,-41.65736999998626,124832.497847619,124678.575406754,209893.1,383888.4,0.2461,1.281999466800699,1.74344394860164,3.025443415402339,1.0,-39.0,1.0,15589.0,-0.016405166301901915,-0.0021442316297686,0.214,0.3768718801996673,0.8904,0.7933,0.396
20250513,123999.3792,125380.4711,125475.9375,123348.1052,175129.0,12924.0,242016.0,1.0,0.0,1680.0,0.0,2.0,-1.0,10429.0,-2015.0,124451.98276,124596.59476,124765.960155,-144.6119999999792,-313.977395000009,124818.4474392857,124701.3186189365,209881.6,,,1.372489185846022,1.754196720281697,3.126685906127719,1.0,1680.0,1.0,8414.0,0.07379702961816718,-0.2143999427599578,0.1908,0.18386023294509157,0.8904,0.8187,0.167
20250514,125347.2849,123796.0925,125481.1469,123108.5266,164836.0,-10293.0,201016.0,1.0,-1.0,0.0,-235.0,2.0,-1.0,15214.0,-2482.0,124600.87226,124538.59641,124965.85415,62.27585000000545,-364.9818899999955,124815.2968768254,124717.121197992,206730.3,,,1.409648876865441,1.765359997362588,3.17500887422803,0.0,-235.0,1.0,12732.0,-0.062443883617656334,-0.2112641743444009,0.1994,0.2554076539101498,0.8904,0.8187,0.172
20250515,123803.8192,126119.8322,126360.2514,123692.2513,168552.0,3716.0,208940.0,0.0,-1.0,0.0,-1562.0,2.0,-1.0,9635.0,-2983.0,124599.99658,124437.38353,124996.869995,162.6130499999999,-396.8734150000091,124790.4627857936,124731.0894657143,200320.8,,,1.493537357884215,1.785213641837294,3.27875099972151,-1.0,-1562.0,1.0,6652.0,0.022046608761687788,-0.2748967322597774,0.1965,0.23128119800332794,0.9041,0.8427,0.095
20250516,124269.317,124279.0242,125554.0074,124081.0562,159967.0,-8585.0,183771.0,0.0,-1.0,0.0,-1062.0,2.0,-1.0,11288.0,-1206.0,124737.98634,124433.03798,124991.82871,304.9483599999949,-253.8423699999985,124741.867175,124741.261913119,200483.0,,,1.530071230041132,1.785213641837294,3.315284871878426,-1.0,-1062.0,1.0,10082.0,-0.053667318884519935,-0.1858889799800482,0.2009,0.2678868552412646,0.9041,0.876,0.212
20250519,124063.6019,123995.1475,124561.9309,123657.7845,159001.0,-966.0,167724.0,0.0,0.0,0.0,0.0,2.0,-1.0,9499.0,-1170.0,124296.68044,124451.74805,124979.679125,-155.0676099999837,-682.9986849999987,124649.918412381,124745.6701414841,200103.9,,0.233335,1.478546843023477,1.785213641837294,3.263760484860772,0.0,0.0,1.0,8329.0,-0.006075433487839699,-0.1713459923849161,0.2029,0.2845257903494177,0.9315,0.9013,0.225
20250520,123071.5781,123438.5836,123941.7376,122915.4923,172759.0,13758.0,161004.0,1.0,0.0,1392.0,0.0,3.0,0.0,6978.0,-127.0,124111.12022,124281.55149,124822.987475,-170.4312700000155,-711.8672550000047,124492.0525657143,124729.999121873,203060.6,,,1.479050321569647,1.785213641837294,3.264263963406941,1.0,1392.0,3.0,6851.0,0.0796369508969142,-0.2073554267873835,0.189,0.16888519134775384,0.9315,0.9227,0.18
20250521,123492.7378,123593.8916,123952.2966,123196.2345,171267.0,-1492.0,164191.0,1.0,-1.0,1235.0,-2249.0,3.0,0.0,8231.0,-357.0,123740.2108,124170.54153,124707.88565,-430.3307300000015,-967.6748499999812,124366.8077827778,124692.2066781191,199782.4,,,1.405243600044171,1.765359997362588,3.17060359740676,0.0,-1014.0,3.0,7874.0,-0.00871154396351895,-0.191403395762182,0.1995,0.25623960066555757,0.9452,0.932,0.209
20250522,123600.2988,123613.1113,124240.4599,123331.5192,170579.0,-688.0,180090.0,1.0,-1.0,1189.0,-2368.0,2.0,-1.0,7883.0,-1107.0,123699.50672,124149.75165,124581.336385,-450.2449300000007,-881.829665000012,124266.396400873,124647.3885485079,197517.0,,,1.355034403141848,1.754196720281697,3.109231123423545,0.0,-1179.0,1.0,6776.0,-0.004033321803973525,-0.2194417423241062,0.1749,0.051580698835274635,0.9726,0.9493,0.162
20250523,122782.1552,123303.0152,123668.2543,122656.4584,176293.0,5714.0,163622.0,1.0,-1.0,1409.0,-2491.0,2.0,-1.0,6003.0,-2594.0,123402.07436,124070.03035,124434.376825,-667.9559899999877,-1032.302465000001,124109.2840677778,124588.3031354048,199228.1,,,1.341844017488857,1.754196720281697,3.096040737770554,0.0,-1082.0,1.0,3409.0,0.03241195055957979,-0.2118290838342792,0.1943,0.2129783693843595,0.9726,0.9587,0.172
20250526,123039.1457,122708.3744,123503.4172,122569.3002,168631.0,-7662.0,163574.0,1.0,-1.0,893.0,-2564.0,2.0,-1.0,6427.0,-1809.0,123197.18312,123746.93178,124265.63551,-549.7486599999975,-1068.45239000002,123969.9144325397,124502.0447938968,183594.8,,,1.313952045502079,1.754196720281697,3.068148765783775,0.0,-1671.0,1.0,4618.0,-0.04543648558094301,-0.1987485680755124,0.1572,0.0,0.8493,0.8187,0.201
20250527,122396.7908,122910.3533,122982.599,122239.5099,176178.0,7547.0,157185.0,1.0,-1.0,1937.0,-2528.0,2.0,-1.0,4755.0,-1794.0,123062.22566,123586.67294,124091.63385,-524.4472800000076,-1029.408190000016,123801.1823066667,124400.3182806349,175111.7,,,1.262155213951779,1.754196720281697,3.016351934233475,0.0,-591.0,1.0,2961.0,0.042837357672354096,-0.1865670160576636,0.146,0.0,0.9726,0.9587,0.216
20250528,120038.3709,122097.5493,122504.0327,119707.9576,195661.0,19483.0,237458.0,1.0,-1.0,2009.0,-2049.0,1.0,-2.0,3507.0,-2701.0,122371.35228,123055.78154,123797.188975,-684.4292600000044,-1425.836694999991,123481.7358685714,124266.9621798095,178755.9,284949.6,,1.344310397950279,1.765359997362588,3.109670395312868,0.0,-40.0,-1.0,806.0,0.09957528582599497,-0.2037831793623729,0.1835,0.2624212736179147,0.9589,0.9227,0.19
20250529,120594.1955,119788.0719,121016.3051,118761.8852,188307.0,-7354.0,256097.0,0.0,-2.0,0.0,-2947.0,2.0,-1.0,3810.0,-2339.0,121770.13162,122734.81917,123586.10135,-964.6875499999878,-1815.969729999983,123128.9336889682,124100.809270127,183471.6,307316.4,,1.427852576941246,1.785213641837294,3.21306621877854,-2.0,-2947.0,1.0,1471.0,-0.03905324815328161,-0.1679977247327423,0.17,0.16794961511546552,0.9589,0.9107,0.234
20250530,121197.8821,121192.1406,121713.6816,120650.5509,175184.0,-13123.0,189345.0,1.0,-1.0,801.0,-2142.0,2.0,-1.0,5376.0,-1228.0,121453.277,122427.67568,123430.35683,-974.3986799999839,-1977.079829999988,122895.8824634127,123916.2107989682,184029.0,,,1.305124280311543,1.75871557456274,3.063839854874283,0.0,-1341.0,1.0,4148.0,-0.07490980911498767,-0.2211270479850725,0.1799,0.23722883135059492,0.9178,0.8093,0.161
20250603,121380.4753,121793.5629,122158.8412,121263.8083,173064.0,-2120.0,98850.0,1.0,-1.0,2035.0,-2103.0,2.0,-1.0,7570.0,-1245.0,121121.54292,122159.36302,123305.555535,-1037.820100000012,-2184.012615000014,122707.9480387302,123722.0137616032,177141.6,,,1.193035850464512,1.74344394860164,2.936479799066152,0.0,-68.0,1.0,6325.0,-0.012249803540886608,-0.1749139360385942,0.1708,0.1735479356193143,0.9315,0.784,0.229
20250604,122684.5909,121427.062,122940.2997,121085.5768,162656.0,-10408.0,150662.0,1.0,-1.0,614.0,-2170.0,2.0,-1.0,10203.0,-1167.0,121179.10294,122120.6643,123201.107895,-941.5613599999779,-2022.004954999982,122604.6814359524,123533.276648627,176107.4,,,1.164713415765014,1.74344394860164,2.908157364366654,0.0,-1556.0,1.0,9036.0,-0.06398780247885107,-0.1834905140138667,0.1573,0.07907627711686498,0.9315,0.756,0.222
20250605,121696.8405,122327.1433,122327.1433,121250.5809,165179.0,2523.0,126934.0,1.0,-1.0,2029.0,-2089.0,2.0,-1.0,7361.0,-1214.0,121510.79686,121941.07457,123055.80805,-430.2777100000094,-1545.01118999999,122472.4922720635,123343.8450975555,172381.7,,,1.094163091659246,1.74344394860164,2.837607040260887,0.0,-60.0,1.0,6147.0,0.015274338747661627,-0.1730981868523803,0.1575,0.08047585724282723,0.9178,0.7187,0.234
20250606,122303.9435,122211.6182,122589.9963,121872.6066,158978.0,-6201.0,124979.0,1.0,-1.0,809.0,-1978.0,2.0,-1.0,8412.0,-1107.0,121852.74646,121811.43904,122980.595345,41.30742000001192,-1127.848884999999,122389.4130983333,123156.1467673016,166870.6,,,1.045368650340427,1.696275098018833,2.741643748359261,0.0,-1169.0,1.0,7305.0,-0.0390053969731661,-0.1634931972896348,0.1527,0.04688593421973416,0.9041,0.7587,0.244
20250609,122821.9508,122209.0062,123283.1079,122126.263,154994.0,-3984.0,151413.0,1.0,-1.0,1836.0,-1701.0,2.0,-1.0,11314.0,-1052.0,122177.5602,121815.4186,122942.724475,362.1415999999881,-765.1642749999883,122346.065334127,122979.8248939365,165649.7,,,1.060895398217571,1.574124672002745,2.635020070220316,0.0,135.0,1.0,10262.0,-0.025704220808547427,-0.1701740753778082,0.1492,0.02239328201539544,0.9041,0.7107,0.237
20250610,121537.0472,122303.4744,122303.4744,121446.0751,160658.0,5664.0,144794.0,1.0,-1.0,1955.0,-1703.0,2.0,-1.0,8159.0,-1198.0,122208.87458,121665.20875,122706.070265,543.665829999969,-497.1956849999988,122246.6663676984,122807.5000874524,163771.7,,0.18124,1.075170705929135,1.487814456907795,2.56298516283693,0.0,252.0,1.0,6961.0,0.035255013755928745,-0.1714275384553819,0.1576,0.08117564730580826,0.8493,0.6827,0.236
20250611,121924.595,121400.2481,122045.7195,121193.7221,161290.0,632.0,123458.0,1.0,-1.0,733.0,-1234.0,2.0,-1.0,8249.0,-1229.0,122056.8754,121617.98917,122602.331055,438.8862299999892,-545.4556550000125,122138.6946280159,122641.2513195873,160399.0,,,1.074476273849731,1.47708535708804,2.551561630937771,0.0,-501.0,1.0,7020.0,0.003918407836815674,-0.1912022949410952,0.1513,0.037088873337998596,0.7945,0.656,0.215
20250612,120035.338,121420.2723,121476.3243,119875.3631,175807.0,14517.0,156718.0,1.0,0.0,1660.0,0.0,2.0,-1.0,6454.0,-1996.0,121724.5749,121617.68588,122336.73371,106.8890199999732,-612.1588100000081,121933.9686303968,122486.4745957698,152325.0,,0.19481,1.143625113124943,1.47708535708804,2.620710470212983,1.0,1660.0,1.0,4458.0,0.08257350389916215,-0.3199320586568831,0.1694,0.16375087473757877,0.7808,0.6213,0.044
20250613,120069.4445,120405.005,120608.9486,119728.4238,174834.0,-973.0,132616.0,1.0,-1.0,2404.0,-1342.0,2.0,-1.0,5369.0,-1288.0,121277.6751,121565.21078,122150.014975,-287.5356799999863,-872.3398749999906,121716.5073303968,122345.2319599127,139976.9,,0.2024,1.13773414262379,1.446433768801169,2.584167911424958,0.0,1062.0,1.0,4081.0,-0.0055652790647128135,-0.1823826337540161,0.176,0.2099370188943317,0.7534,0.5787,0.227
20250616,119823.9749,120053.2116,120421.444,119199.6769,174523.0,-311.0,139633.0,1.0,-1.0,3098.0,-1336.0,2.0,-1.0,3623.0,-1705.0,120678.07992,121427.82006,121927.74787,-749.740140000009,-1249.667950000003,121492.6815054762,122204.9118641191,135005.7,,,1.156823289371201,1.446433768801169,2.603257058172369,0.0,1762.0,1.0,1918.0,-0.001782000080218653,-0.1626727372532452,0.1603,0.10006997900629816,0.7534,0.5253,0.251
20250617,118744.8574,119934.6452,120122.187,118355.9435,186826.0,12303.0,155557.0,1.0,-1.0,3293.0,-2440.0,2.0,-1.0,1891.0,-1330.0,120119.64196,121164.25827,121661.810645,-1044.616310000012,-1542.168684999997,121220.2221326984,122056.1392735159,140676.4,,0.21229,1.216347850769248,1.446433768801169,2.662781619570417,0.0,853.0,1.0,561.0,0.06585271857236145,-0.1921856268204397,0.1846,0.27011896431070676,0.7808,0.5267,0.212
20250618,118648.0412,118855.9382,118889.8089,118215.7045,186478.0,-348.0,115611.0,1.0,-1.0,3277.0,-2313.0,2.0,-1.0,901.0,-1157.0,119464.3312,120760.6033,121440.6338,-1296.272100000017,-1976.30260000001,120920.5714162698,121887.7282715476,137171.3,,0.22034,1.092042847659986,1.428761631227855,2.520804478887841,0.0,964.0,1.0,-256.0,-0.0018661718808653032,-0.1923217507294357,0.1916,0.3191042687193842,0.7671,0.544,0.212
20250619,119089.7776,118704.6461,119408.702,118637.5952,182337.0,-4141.0,142799.0,1.0,-1.0,2197.0,-2356.0,2.0,-1.0,1459.0,-978.0,119275.21912,120499.89701,121220.48579,-1224.677890000006,-1945.266669999997,120682.3881103968,121708.717855381,138757.8,,0.220685,1.005345450089977,1.413159050982275,2.418504501072252,0.0,-159.0,1.0,481.0,-0.022710695031726968,-0.1878951292388823,0.1919,0.3212036389083275,0.7808,0.496,0.222
20250620,118449.7218,119056.5945,119417.5438,118423.6347,187913.0,5576.0,143370.0,1.0,-1.0,3589.0,-2446.0,2.0,-1.0,189.0,-999.0,118951.27458,120114.47484,120962.95694,-1163.200259999998,-2011.682359999977,120440.685766746,121513.8451222222,140596.9,,0.223675,0.9995469726506376,1.413159050982275,2.412706023632913,0.0,1143.0,1.0,-810.0,0.02967330626406901,-0.2280839513435416,0.1945,0.33939818054583637,0.7945,0.4973,0.157
20250623,117594.2579,118376.8176,118945.6901,116855.359,199297.0,11384.0,213647.0,1.0,-1.0,3749.0,-2578.0,1.0,-1.0,545.0,-1846.0,118505.33118,119591.70555,120703.562075,-1086.37436999999,-2198.230894999986,120131.7610546032,121292.4146942699,146820.3,256376.4,,1.068800570404376,1.428761631227855,2.497562201632231,0.0,1171.0,0.0,-1301.0,0.05712077954008339,-0.1477109820660496,0.1799,0.23722883135059492,0.8082,0.4987,0.271
20250624,117675.2049,117561.7743,117884.656,117039.2083,195934.0,-3363.0,194228.0,1.0,-1.0,3569.0,-2359.0,1.0,-2.0,600.0,-1394.0,118291.40068,119205.52132,120435.365035,-914.1206399999792,-2143.964354999989,119829.5521912699,121050.703276627,151763.7,233073.6,,1.011925640307451,1.428761631227855,2.440687271535306,0.0,1210.0,-1.0,-794.0,-0.01716394296038462,-0.139989378090214,0.1543,0.058082575227431786,0.7945,0.6093,0.278
20250625,118730.5449,117865.2719,118730.5449,117708.7569,185707.0,-10227.0,183995.0,1.0,-1.0,1458.0,-2244.0,2.0,-1.0,2033.0,-519.0,118307.90142,118886.11631,120252.05274,-578.2148899999884,-1944.15131999999,119636.794785,120800.5132923254,157817.4,,,0.9911409036809646,1.413159050982275,2.404299954663239,0.0,-786.0,1.0,1514.0,-0.05507062200132467,-0.100305153689449,0.151,0.034989503149055315,0.9315,0.8293,0.308
20250626,120883.9025,118919.5598,120948.9648,118812.6692,162231.0,-23476.0,249819.0,1.0,-1.0,268.0,-2175.0,2.0,-1.0,7188.0,-1263.0,118666.7264,118970.97276,120294.32932,-304.2463599999901,-1627.60291999999,119622.9386624603,120569.4102955318,167127.5,299782.8,,1.071052347935075,1.428761631227855,2.499813979162929,0.0,-1907.0,1.0,5925.0,-0.1447072384439472,-0.1101815775411764,0.1459,0.0,0.9315,0.8253,0.299
20250627,120530.4664,120615.6779,121021.8061,120402.9416,159342.0,-2889.0,141813.0,1.0,-1.0,566.0,-2045.0,3.0,0.0,8789.0,-282.0,119082.87532,119017.07495,120291.142865,65.8003699999972,-1208.267545000024,119647.190179127,120362.4785804048,168047.2,,,1.040376241169588,1.413159050982275,2.453535292151863,0.0,-1479.0,3.0,8507.0,-0.018130812968332268,-0.1456651882201351,0.1502,0.03006993006993006,0.9041,0.6827,0.273
20250630,120886.9451,120771.8852,121453.4285,120679.9067,152845.0,-6497.0,125607.0,1.0,-1.0,631.0,-1916.0,3.0,0.0,8429.0,-46.0,119741.41276,119123.37197,120275.596015,618.0407899999991,-534.1832549999817,119710.2291307143,120184.2333429286,166644.6,,,1.013709960636545,1.394730468738672,2.408440429375216,0.0,-1285.0,3.0,8383.0,-0.04250711505119566,-0.1467779164357618,0.147,0.0076923076923076225,0.9178,0.6827,0.272
20250701,120811.8858,120841.9584,120874.6817,120099.4714,149735.0,-3110.0,92045.0,1.0,-1.0,770.0,-1813.0,2.0,0.0,8218.0,-681.0,120368.74894,119330.07481,120247.16654,1038.674129999985,121.5823999999993,119749.2706393651,120037.1381935953,160293.4,,,1.010525458697511,1.378790765900649,2.389316224598161,0.0,-1043.0,2.0,7537.0,-0.02077002704778442,-0.1612659103570126,0.1455,0.0,0.9178,0.6293,0.258
20250702,121293.0047,120739.0352,121432.608,120414.3104,152023.0,2288.0,96236.0,0.0,-1.0,376.0,-1724.0,2.0,-1.0,8480.0,-615.0,120881.2409,119594.57116,120177.58723,1286.669739999998,703.6536700000142,119834.3214293651,119928.5131949048,158355.9,,,0.9481525586019666,1.378790765900649,2.326943324502615,-1.0,-1348.0,1.0,7865.0,0.015050354222716299,-0.1300026833502537,0.1425,0.0,0.8767,0.6307,0.287
20250703,121864.2993,121308.4485,121982.7731,121177.2081,148414.0,-3609.0,105123.0,1.0,-1.0,248.0,-1685.0,2.0,0.0,8819.0,-5.0,121077.32026,119872.02333,120185.96017,1205.296929999997,891.3600899999874,119972.7107603175,119857.5454598968,154588.3,,,0.9426614370823061,1.356465832238098,2.299127269320404,0.0,-1437.0,2.0,8814.0,-0.024317112940827685,-0.1470075401537269,0.1406,0.0,0.8767,0.632,0.273
20250704,122339.5048,122018.8613,123124.2961,121848.6397,147718.0,-696.0,147473.0,0.0,0.0,342.0,-1194.0,3.0,0.0,11491.0,0.0,121439.12794,120261.00163,120187.738235,1178.126309999992,1251.389705000009,120178.6462888095,119831.3415121032,154998.6,,,0.9444602810004806,1.323048187495247,2.267508468495727,0.0,-852.0,3.0,11491.0,-0.00471168036393669,-0.1176442604667704,0.1398,0.0,0.8904,0.7653,0.298
20250707,120634.745,121966.3699,121966.3699,120323.5281,148549.0,831.0,133638.0,1.0,0.0,323.0,0.0,3.0,0.0,9637.0,0.0,121388.68792,120565.05034,120078.377945,823.6375800000096,1310.309975000011,120265.855885,119844.7509951429,146997.7,,0.16905,0.9582675634970776,1.323048187495247,2.281315750992325,1.0,323.0,3.0,9637.0,0.005594113726783755,-0.1583393716402917,0.147,0.06399999999999985,0.726,0.504,0.262
20250708,120458.9725,120786.48,120786.48,120215.398,147688.0,-861.0,123122.0,1.0,0.0,357.0,0.0,3.0,0.0,8052.0,0.0,121318.10526,120843.4271,120024.47421,474.6781599999958,1293.631049999996,120303.0111665079,119892.0968926667,139887.1,,,0.9511076258468901,1.230474038464922,2.181581664311812,1.0,357.0,3.0,8052.0,-0.005829857537511511,-0.1837669067606792,0.1396,0.0,0.6575,0.3307,0.228
20250709,119228.5087,120275.5823,120433.2136,118916.8852,158316.0,10628.0,157853.0,1.0,0.0,933.0,0.0,2.0,-1.0,4778.0,-3047.0,120905.20606,120893.22348,119889.669895,11.98257999999623,1015.536164999983,120263.0805015079,119954.7254643175,137272.9,,,0.9968831268496561,1.224362898352352,2.221246025202008,1.0,933.0,1.0,1731.0,0.06713155966547917,-0.1366066898562846,0.1439,0.040913415794481434,0.6849,0.3453,0.287
20250710,121210.245,119289.3604,121297.2903,119109.617,151440.0,-6876.0,146385.0,1.0,0.0,175.0,0.0,2.0,-1.0,4491.0,-2147.0,120774.3952,120925.85773,119948.415245,-151.4625300000043,825.9799550000025,120318.8047008731,120024.3120681587,126929.5,,0.1794,1.066131721826773,1.224362898352352,2.290494620179125,1.0,175.0,1.0,2344.0,-0.04540412044374009,-0.2156557468293632,0.156,0.1560418648905804,0.726,0.396,0.171
20250711,121491.1829,121221.1145,121902.0063,120540.0221,145776.0,-5664.0,148215.0,1.0,0.0,220.0,0.0,2.0,-1.0,7288.0,-2391.0,120604.73082,121021.92938,120019.502165,-417.1985600000044,585.2286550000281,120454.8703114286,120105.0800813889,127569.7,,0.186645,1.020522996823096,1.164523473521182,2.185046470344278,1.0,220.0,1.0,4897.0,-0.038854132367467896,-0.1421576207330623,0.1623,0.21598477640342528,0.726,0.4027,0.283
20250714,121244.5356,121125.3172,121402.5942,120337.3583,148917.0,3141.0,123948.0,1.0,0.0,395.0,0.0,2.0,-1.0,6780.0,-2078.0,120726.68894,121057.68843,120090.5302,-330.9994900000165,636.1587399999989,120563.0589235714,120190.3630606746,127403.8,,0.19803,1.036599471981256,1.151531786990538,2.188131258971795,1.0,395.0,1.0,4702.0,0.021092286307137532,-0.0940432413810064,0.1722,0.3101807802093244,0.7534,0.3707,0.321
20250715,119486.3276,120626.8779,120626.8779,118946.4929,163416.0,14499.0,162118.0,1.0,0.0,776.0,0.0,2.0,-1.0,3172.0,-2421.0,120532.15996,120925.13261,120127.60371,-392.9726499999961,404.5562500000233,120535.7736376984,120269.0133605079,134411.1,194541.6,0.20286,1.109566509615526,1.151531786990538,2.261098296606065,1.0,776.0,1.0,751.0,0.08872448230283449,-0.1784538066147328,0.1764,0.3501427212178877,0.7123,0.3987,0.236
20250716,120616.9352,119760.5361,121620.894,119702.8362,156015.0,-7401.0,216422.0,1.0,0.0,329.0,0.0,2.0,-1.0,6538.0,-1170.0,120809.84526,120857.52566,120226.04841,-47.68039999999746,583.7968499999988,120570.7150084921,120342.6527184206,146429.7,259706.4,0.203435,1.104785974365862,1.151531786990538,2.2563177613564,1.0,329.0,1.0,5368.0,-0.047437746370541295,-0.186318032184109,0.1769,0.3549000951474786,0.7534,0.4,0.227
20250717,119988.7008,119972.9437,120287.2799,119418.8155,155945.0,-70.0,156189.0,1.0,0.0,886.0,0.0,2.0,-1.0,5595.0,-1233.0,120565.53642,120669.96581,120270.99457,-104.4293900000048,294.5418499999796,120551.6217820635,120400.5438205952,151536.3,,0.204815,1.139383742455131,1.151531786990538,2.29091552944567,1.0,886.0,1.0,4362.0,-0.00044887620635480457,-0.1117564523325513,0.1781,0.4263565891472869,0.7671,0.4987,0.309
20250718,120596.7043,119511.0331,120964.451,119242.0872,157022.0,1077.0,183114.0,1.0,0.0,245.0,0.0,2.0,-1.0,7968.0,-1131.0,120386.6407,120495.68576,120378.343695,-109.0450599999749,8.297005000014906,120557.3308653969,120438.412278254,155100.4,,0.212405,1.186845754286746,1.151531786990538,2.338377541277285,1.0,245.0,1.0,6837.0,0.006858911490109666,-0.0390986957421521,0.1847,0.49944629014396463,0.7945,0.4853,0.373
20250721,122732.1624,120368.5725,123024.3255,120364.1507,164520.0,7498.0,294532.0,0.0,0.0,420.0,0.0,2.0,-1.0,8193.0,-1762.0,120684.16606,120705.4275,120635.23892,-21.26144000001659,48.92714000001433,120715.6640892063,120483.3930986746,171189.8,353438.4,0.23253,1.296101947389509,1.164523473521182,2.460625420910691,0.0,420.0,1.0,6431.0,0.045575006078288356,-0.1439830267820849,0.2022,0.6932447397563676,0.8082,0.4853,0.283
20250722,123768.024,123447.48,123931.7416,122599.9472,176532.0,12012.0,279622.0,1.0,0.0,682.0,0.0,2.0,-1.0,10242.0,-1734.0,121540.50534,121036.33265,120939.879875,504.1726899999776,600.6254649999901,121000.1907822222,120553.111060246,186839.8,335546.4,0.259555,1.312698310215824,1.164523473521182,2.477221783737006,1.0,682.0,1.0,8508.0,0.0680443205764394,-0.1801794518614118,0.2257,1.0,0.7671,0.4707,0.236
20250723,123454.2295,123968.2443,124403.9773,122710.9339,173672.0,-2860.0,215771.0,1.0,0.0,713.0,0.0,2.0,-1.0,10194.0,-2127.0,122107.9642,121458.90473,121176.064105,649.0594700000074,931.9000950000045,121259.3703965873,120652.740049754,192631.6,,,1.363757789711187,1.164523473521182,2.528281263232369,1.0,713.0,1.0,8067.0,-0.01646782440462481,-0.1167343017811188,0.2181,0.9117305458768871,0.7534,0.4427,0.308
20250724,124446.2214,123863.7158,124732.0274,123634.994,178066.0,4394.0,234828.0,1.0,0.0,922.0,0.0,2.0,-1.0,11477.0,-2727.0,122999.46832,121782.50237,121354.18005,1216.965949999954,1645.288269999975,121570.8603439683,120777.9456140635,201475.9,,0.26703,1.362193138846408,1.164523473521182,2.52671661236759,1.0,922.0,1.0,8750.0,0.024676243639998652,-0.1569792489453819,0.2322,1.0,0.7123,0.428,0.271
20250725,124461.7193,123964.591,124500.6175,122859.6559,181356.0,3290.0,237677.0,1.0,0.0,822.0,0.0,2.0,-1.0,12361.0,-3615.0,123772.47132,122079.55601,121550.742695,1692.915310000026,2221.728625000018,121842.9874668254,120916.7573296032,210422.1,,0.28796,1.3371138894131,1.164523473521182,2.501637362934282,1.0,822.0,1.0,8746.0,0.018141114713601976,-0.1287452161162507,0.2504,1.0,0.6986,0.3867,0.299
20250728,121749.6528,124008.169,125423.9832,120985.0242,178290.0,-3066.0,411890.0,1.0,0.0,1370.0,0.0,2.0,-1.0,6451.0,-3205.0,123575.9694,122130.06773,121593.87808,1445.901670000007,1982.091319999978,121957.120841746,121056.1635214206,239216.3,494268.0,,1.563026196528306,1.164523473521182,2.727549670049488,1.0,1370.0,1.0,3246.0,-0.017196702002355714,-0.132334161395862,0.2391,0.898014440433213,0.6712,0.4267,0.296
20250729,121927.9097,121989.2615,122544.8884,121363.414,174585.0,-3705.0,172096.0,1.0,0.0,1445.0,0.0,2.0,-1.0,5456.0,-3270.0,123207.94654,122374.22594,121649.679275,833.7206000000151,1558.267265000002,121994.6090433333,121202.0470619841,240214.1,,,1.539431348265052,1.164523473521182,2.703954821786234,1.0,1445.0,1.0,2186.0,-0.02122175444625827,-0.1498844986170727,0.215,0.6805054151624548,0.5479,0.2067,0.276
20250730,121861.7073,121660.4313,122884.078,121390.6964,179095.0,4510.0,214380.0,1.0,0.0,1871.0,0.0,2.0,-1.0,4064.0,-3042.0,122889.4421,122498.70315,121678.114405,390.7389499999845,1211.327694999985,122025.3476357143,121347.5103247064,240009.9,,,1.498190583129171,1.197196636458123,2.695387219587294,1.0,1871.0,1.0,1022.0,0.025182165889611658,-0.1514817880741727,0.2212,0.7364620938628159,0.5753,0.2067,0.276
20250731,119971.8156,121245.2446,121549.1981,119711.9079,190329.0,11234.0,205818.0,1.0,0.0,3150.0,0.0,2.0,-1.0,2584.0,-2132.0,121994.56094,122497.01463,121583.49022,-502.4536900000239,411.0707200000033,121908.47081,121483.1952275,244972.8,,,1.54569542172014,1.197196636458123,2.742892058178263,1.0,3150.0,1.0,452.0,0.05902411088168382,-0.2268331236790124,0.1996,0.5415162454873645,0.5753,0.244,0.159
20250801,119919.5368,120007.142,120659.4926,119638.9828,193967.0,3638.0,152917.0,1.0,0.0,3054.0,-689.0,1.0,-1.0,1848.0,-2362.0,121086.12444,122429.29788,121462.49182,-1343.173439999999,-376.3673800000252,121769.8793451588,121604.4500754762,241953.1,,,1.539077499795353,1.197196636458123,2.736274136253476,1.0,2365.0,0.0,-514.0,0.01875576773368666,-0.1847387546685178,0.179,0.355595667870036,0.6164,0.264,0.23
20250804,120764.2253,119526.5638,120816.9214,119332.2243,196963.0,2996.0,172263.0,2.0,0.0,2791.0,0.0,1.0,-1.0,2135.0,-2869.0,120889.03894,122232.50417,121468.965835,-1343.465230000002,-579.9268949999969,121659.3639612698,121698.8200626825,229726.2,,,1.490256472613112,1.227050637601599,2.717307110214711,2.0,2791.0,0.0,-734.0,0.015210978711737738,-0.1306574838427505,0.1841,0.40162454873646214,0.6027,0.3,0.302
20250805,121073.9778,120619.8984,121305.0576,120616.8118,191375.0,-5588.0,116591.0,1.0,0.0,2306.0,0.0,2.0,-1.0,3034.0,-2405.0,120718.25256,121963.09955,121499.7161,-1244.846989999991,-781.4635399999825,121618.5405262698,121760.6550370873,213423.1,,,1.405114527078772,1.197196636458123,2.602311163536895,1.0,2306.0,1.0,629.0,-0.02919921619856303,-0.1813209525753792,0.1749,0.3185920577617328,0.6164,0.332,0.238
20250806,121213.9828,120830.1226,121370.9221,120335.0353,189989.0,-1386.0,131201.0,1.0,0.0,2321.0,0.0,2.0,-1.0,4622.0,-223.0,120588.70766,121739.07488,121598.989805,-1150.36722,-1010.28214499999,121570.5420226984,121791.7721996984,204966.1,,,1.394607757578193,1.150576128805953,2.545183886384146,1.0,2321.0,1.0,4399.0,-0.007295159193426988,-0.1783326674532551,0.1632,0.2129963898916968,0.6575,0.3867,0.242
20250807,121992.2996,121624.4055,122040.3443,120941.6055,187957.0,-2032.0,152198.0,1.0,0.0,1977.0,0.0,2.0,0.0,5618.0,-725.0,120992.80446,121493.6827,121638.092535,-500.8782399999909,-645.288075000004,121595.8083311905,121794.2669984206,196703.1,,,1.356985690914981,1.125458722427518,2.482444413342499,1.0,1977.0,2.0,4893.0,-0.010810983363216054,-0.1743116672615026,0.1647,0.22653429602888095,0.6849,0.4773,0.247
20250808,121368.0692,121684.78,121806.5875,120757.9529,189563.0,1606.0,116518.0,1.0,-1.0,2216.0,-1718.0,2.0,-1.0,5834.0,-2594.0,121282.51094,121184.31769,121631.93685,98.19324999998207,-349.4259100000199,121584.0037063492,121768.368622373,184587.2,,,1.27458876516204,1.094046864268835,2.368635629430876,0.0,498.0,1.0,3240.0,0.008472117449080253,-0.1530285466481554,0.153,0.12093862815884471,0.7534,0.532,0.28
20250811,122321.7175,121222.4658,122710.8175,120896.0575,193655.0,4092.0,182308.0,1.0,-1.0,3799.0,-1945.0,2.0,-1.0,8759.0,-4872.0,121594.00938,121241.52416,121685.795945,352.4852199999877,-91.78656500000216,121626.688601746,121735.325398373,161629.0,,0.205735,1.303970078272146,1.094046864268835,2.398016942540981,0.0,1854.0,1.0,3887.0,0.021130360692984948,-0.2081993507257905,0.1789,0.3546931407942238,0.7808,0.588,0.185
20250812,122630.2653,122174.0954,123224.341,122174.0954,193610.0,-45.0,154786.0,1.0,-1.0,2311.0,-1618.0,2.0,-1.0,11700.0,-4789.0,121905.26688,121311.75972,121842.99283,593.5071599999646,62.27404999997816,121708.7098113492,121706.7354751746,159898.0,,0.206425,1.266914769336604,1.094046864268835,2.36096163360544,0.0,693.0,1.0,6911.0,-0.00023242601105314808,-0.2074907382058179,0.1795,0.3601083032490974,0.7945,0.6307,0.188
20250813,122545.6937,122600.8398,123272.6142,122545.6937,190518.0,-3092.0,144312.0,1.0,0.0,3448.0,0.0,2.0,-1.0,14286.0,-5161.0,122171.60906,121380.15836,121939.430755,791.4507000000012,232.178304999994,121802.5049749206,121684.4512090952,152891.2,,0.21643,1.235995733157514,1.094046864268835,2.33004259742635,1.0,3448.0,1.0,9125.0,-0.016229437638438364,-0.1634927878942846,0.1882,0.43862815884476536,0.8356,0.6707,0.266
20250814,121403.3968,122849.7438,123197.6662,121257.6558,187227.0,-3291.0,171331.0,1.0,0.0,1512.0,0.0,2.0,-1.0,13149.0,-5328.0,122053.8285,121523.31648,122010.165555,530.5120199999947,43.66294500000367,121803.713747381,121673.9755028333,149442.5,,,1.25580174076663,1.125458722427518,2.381260463194149,1.0,1512.0,1.0,7821.0,-0.01757759297537214,-0.2445519873668876,0.1736,0.30685920577617326,0.8356,0.672,0.137
20250815,120822.2727,121170.5116,121362.7842,120390.7266,200884.0,13657.0,161586.0,1.0,0.0,1227.0,0.0,2.0,-1.0,10211.0,-6997.0,121944.6692,121613.59007,122021.443975,331.0791299999983,-76.77477499998349,121695.5659606349,121666.5441643809,150309.4,,,1.054918763039754,1.125458722427518,2.180377485467272,1.0,1227.0,1.0,3214.0,0.06798450847255132,-0.2018409291590187,0.1545,0.13447653429602885,0.8767,0.6027,0.204
20250818,120572.9327,120915.9909,121662.8883,120394.1312,199461.0,-1423.0,163028.0,1.0,-1.0,954.0,-2307.0,2.0,-1.0,5385.0,-5215.0,121594.91224,121594.46081,121913.48249,0.4514300000009825,-318.5702500000043,121580.9385385714,121658.7016221111,149385.9,,,1.060899268520656,1.125458722427518,2.186357990948174,0.0,-1353.0,1.0,170.0,-0.007134226741067176,-0.2191262418646597,0.1545,0.13447653429602885,0.8767,0.736,0.169
20250819,120595.7027,120622.9896,121183.4655,120343.7357,202235.0,2774.0,147873.0,1.0,-1.0,443.0,-1539.0,2.0,-1.0,4340.0,-5326.0,121187.99972,121546.6333,121754.866425,-358.6335799999797,-566.8667049999785,121466.4876961111,121643.4963390952,152514.1,,,1.023177001409523,1.125458722427518,2.148635723837041,0.0,-1096.0,1.0,-986.0,0.013716715702029817,-0.2381823315242534,0.1486,0.08122743682310476,0.8904,0.7667,0.147
20250820,120178.9905,120687.4702,121032.2739,119755.7963,204224.0,1989.0,162980.0,0.0,-1.0,285.0,-1652.0,2.0,-1.0,4702.0,-5311.0,120714.65908,121443.13407,121591.104475,-728.474990000017,-876.4453950000316,121324.8322076191,121618.9253575873,155692.0,,,0.9716016516999535,1.125458722427518,2.097060374127472,-1.0,-1367.0,1.0,-609.0,0.009739305860231902,-0.2302696949229687,0.1438,0.037906137184115604,0.8904,0.6867,0.157
20250821,119958.3874,120048.1605,120693.0583,119916.7392,208027.0,3803.0,148413.0,1.0,-1.0,1489.0,-1535.0,1.0,-1.0,3839.0,-5898.0,120425.6572,121239.74285,121366.712775,-814.0856500000227,-941.0555750000058,121182.2159165873,121577.566116127,155313.5,,0.1817,0.9571936079810984,1.094046864268835,2.051240472249934,0.0,-46.0,0.0,-2059.0,0.018281280795281383,-0.2357205482953737,0.158,0.16606498194945846,0.8904,0.82,0.15
20250822,119732.8917,119932.2398,120185.1198,119395.6998,219114.0,11087.0,162242.0,1.0,0.0,1600.0,-1595.0,1.0,-2.0,2266.0,-7585.0,120207.781,121076.2251,121130.271395,-868.4440999999933,-922.4903950000007,121033.0997359524,121522.4757190873,159885.9,,,0.9167903442533851,1.067704537340569,1.984494881593954,1.0,5.0,-1.0,-5319.0,0.05059923145029528,-0.2034058098914598,0.1574,0.16064981949458493,0.9178,0.8333,0.204
20250825,120439.1444,119728.1433,120812.1538,119718.2089,215545.0,-3569.0,178145.0,1.0,-1.0,1532.0,-1666.0,1.0,-2.0,2681.0,-6582.0,120181.02334,120887.96779,121064.745975,-706.9444499999954,-883.7226349999983,120939.5699265079,121453.7638515635,159469.6,,0.18308,0.9410576562515263,1.067704537340569,2.008762193592096,0.0,-134.0,-1.0,-3901.0,-0.0165580273260804,-0.2328584409843527,0.1592,0.17689530685920582,0.7671,0.6227,0.154
20250826,120486.1679,120469.3796,120832.0107,120264.1416,217040.0,1495.0,140494.0,1.0,-1.0,3134.0,-1746.0,1.0,-1.0,3638.0,-6140.0,120159.11638,120673.55805,120992.658885,-514.4416700000002,-833.5425050000049,120881.1887622222,121371.0117466508,158040.4,,,0.9138508420118329,1.067704537340569,1.981555379352402,0.0,1388.0,0.0,-2502.0,0.006888131220051603,-0.2207482921705864,0.1452,0.050541516245487306,0.863,0.8333,0.17
20250827,121890.6847,120752.2216,122815.6807,120752.2216,206705.0,-10335.0,285983.0,0.0,-1.0,0.0,-1326.0,2.0,-1.0,7913.0,-4650.0,120501.45522,120608.05715,120994.107755,-106.6019300000044,-492.6525350000011,120950.412,121285.8024491587,172207.5,343179.6,,0.9865199641026137,1.067704537340569,2.054224501443183,-1.0,-1326.0,1.0,3263.0,-0.04999879054691469,-0.1723461676688963,0.1541,0.13086642599277964,0.863,0.8507,0.264
20250828,121130.082,121417.2765,121417.2765,120509.8741,203735.0,-2970.0,187766.0,0.0,-1.0,0.0,-1556.0,2.0,-1.0,4974.0,-4289.0,120735.79414,120580.72567,121052.021075,155.0684700000129,-316.2269349999988,120956.6983538095,121201.1009098016,173851.0,,,0.9953009259121314,1.067704537340569,2.063005463252701,-1.0,-1556.0,1.0,685.0,-0.014577760325913564,-0.1871950490206409,0.1524,0.11552346570397116,0.863,0.8507,0.237
20250829,121874.1892,121387.438,121898.5923,120885.4282,205494.0,1759.0,202183.0,1.0,-1.0,442.0,-2858.0,2.0,-1.0,4853.0,-4970.0,121164.05364,120685.91732,121149.753695,478.1363200000051,14.29994499999157,121010.0905946825,121132.5533732064,177910.7,,0.1863,0.9482514016661275,1.067704537340569,2.015955939006697,0.0,-2416.0,1.0,-117.0,0.008559860628534166,-0.1270428570760029,0.162,0.20216606498194947,0.863,0.8507,0.324
20250901,123583.2124,122224.4925,123741.9324,121962.4239,210301.0,4807.0,247618.0,1.0,-1.0,285.0,-2413.0,2.0,-1.0,9600.0,-4671.0,121792.86724,120986.94529,121290.70305,805.9219500000181,502.1641899999959,121198.6653503968,121094.3260543889,186369.7,297141.6,0.205735,0.995942217431362,1.094046864268835,2.089989081700197,0.0,-2128.0,1.0,4929.0,0.022857713467838953,-0.1690383753782626,0.1789,0.3546931407942238,0.8767,0.8507,0.269
20250902,122702.3411,123250.7437,123918.3118,122583.1858,212035.0,1734.0,188399.0,1.0,-1.0,493.0,-1327.0,2.0,-1.0,10062.0,-3627.0,122236.10188,121197.60913,121372.121215,1038.492749999976,863.9806649999955,121365.1588507143,121084.1931698492,190422.3,,,1.031724686192797,1.080865058166609,2.112589744359406,0.0,-834.0,1.0,6435.0,0.00817789515881812,-0.2047515449623975,0.1777,0.3438628158844765,0.8904,0.8613,0.203
20250903,121935.9029,122273.7959,122273.7959,121181.4193,207143.0,-4892.0,183474.0,1.0,0.0,564.0,0.0,2.0,-2.0,5057.0,-4188.0,122245.14552,121373.30037,121408.21722,871.8451499999937,836.9282999999996,121415.8441395238,121093.2943630397,192471.7,,,1.006688901637363,1.101283294656457,2.10797219629382,1.0,564.0,0.0,869.0,-0.023616535436872112,-0.1971962557153974,0.1709,0.2824909747292418,0.9315,0.876,0.221
20250904,121026.0586,121974.3632,122514.8621,120856.7559,206858.0,-285.0,156274.0,1.0,0.0,1746.0,0.0,1.0,-2.0,4938.0,-5184.0,122224.34084,121480.06749,121359.90517,744.2733500000031,864.4356700000062,121421.3039544444,121117.2031668254,193257.8,,,1.04462192285812,1.101283294656457,2.145905217514577,1.0,1746.0,-1.0,-246.0,-0.0013777567220025332,-0.1830074442839038,0.1434,0.03429602888086641,0.9178,0.7333,0.248
20250905,121493.3166,121388.6832,121644.3652,120825.4972,208560.0,1702.0,123783.0,2.0,0.0,1817.0,-1160.0,1.0,-2.0,4834.0,-5634.0,122148.16632,121656.10998,121366.16754,492.056339999981,781.9987799999944,121417.3512470635,121155.6283179365,189411.9,,,1.01754494574041,1.101283294656457,2.118828240396867,2.0,657.0,-1.0,-800.0,0.00816072113540468,-0.1942345775482289,0.1661,0.23916967509025264,0.9589,0.7573,0.226
20250908,122314.0927,121871.3987,122398.5859,121139.7008,202297.0,-6263.0,138195.0,1.0,-1.0,719.0,-996.0,1.0,-2.0,5884.0,-5818.0,121894.34238,121843.60481,121365.7863,50.7375699999975,528.5560800000094,121481.4360134127,121209.8149266269,185416.9,,,1.041190036683602,1.101283294656457,2.142473331340059,0.0,-277.0,-1.0,66.0,-0.030959430935703445,-0.1984641648606701,0.1712,0.2851985559566786,0.9863,0.928,0.221
20250909,120918.1129,121799.4824,121828.2016,120744.7453,210179.0,7882.0,147401.0,2.0,-1.0,1234.0,-1102.0,1.0,-2.0,2609.0,-6585.0,121537.49674,121886.79931,121280.17868,-349.3025699999998,257.3180599999905,121464.7607973809,121268.1721301428,186107.6,,,1.057970073043638,1.101283294656457,2.159253367700095,1.0,132.0,-1.0,-3976.0,0.03750136788166277,-0.1876217659237252,0.1664,0.24187725631768942,1.0,1.0,0.241
20250910,121031.1799,120677.3507,121114.6889,120384.003,216229.0,6050.0,116462.0,1.0,-1.0,1142.0,-1537.0,1.0,-2.0,2787.0,-6765.0,121356.55214,121800.84883,121204.45299,-444.2966899999883,152.0991500000091,121426.8560465079,121315.8165347936,169155.5,,,1.054619229116431,1.101283294656457,2.155902523772888,0.0,-395.0,-1.0,-3978.0,0.02797959570640386,-0.1778298276698024,0.1658,0.2364620938628159,1.0,1.0,0.261
20250911,120787.7643,120710.0312,121061.5862,120375.3963,221641.0,5412.0,131695.0,2.0,-1.0,2754.0,-1487.0,1.0,-2.0,1740.0,-7261.0,121308.89328,121766.61706,121173.671365,-457.7237799999857,135.2219150000019,121382.6423288889,121358.4109323016,163548.4,,,1.047898838539251,1.101283294656457,2.149182133195708,1.0,1267.0,-1.0,-5521.0,0.0244178649257132,-0.1905755399501079,0.1604,0.1877256317689529,1.0,0.9773,0.238
20250912,122175.5264,120544.3492,122475.6538,120109.193,211623.0,-10018.0,231549.0,2.0,-1.0,3272.0,-1397.0,1.0,-2.0,5942.0,-5657.0,121445.33524,121796.75078,121241.33405,-351.4155400000018,204.0011899999809,121420.0996388889,121399.4118367222,166485.0,277858.8,0.20033,1.121537338017257,1.128609715634831,2.250147053652088,1.0,1875.0,-1.0,285.0,-0.047338899836029166,-0.1570371441098602,0.1742,0.3122743682310468,1.0,0.9773,0.299
20250915,122822.2238,122003.05,123082.9948,121755.8886,212313.0,690.0,163841.0,1.0,0.0,3531.0,0.0,1.0,-2.0,6005.0,-5555.0,121546.96146,121720.65192,121353.798605,-173.6904600000125,193.1628550000023,121548.2494239683,121434.3702440794,158107.3,,0.21068,1.164513473420041,1.101283294656457,2.265796768076498,1.0,3531.0,-1.0,450.0,0.003249918752031199,-0.1765717473916441,0.1832,0.3935018050541516,1.0,0.9773,0.264
20250916,122868.6418,123129.7893,123721.5505,122357.8384,211461.0,-852.0,180076.0,1.0,0.0,3771.0,0.0,2.0,-1.0,5148.0,-1734.0,121937.06724,121737.28199,121467.44556,199.7852500000008,469.6216800000111,121708.6436372222,121468.7187227302,157275.0,,,1.107256162182482,1.114359005048743,2.221615167231226,1.0,3771.0,1.0,3414.0,-0.00402911175110304,-0.1268611256395404,0.1797,0.36191335740072195,1.0,1.0,0.336
20250917,122050.5178,122733.3393,122971.8047,121374.4972,199982.0,-11479.0,163465.0,1.0,0.0,3634.0,0.0,2.0,-1.0,5409.0,-2779.0,122140.93482,121748.74348,121561.021925,392.1913400000049,579.9128950000159,121783.9809795238,121505.5324067301,155274.1,,,1.119337876990598,1.128609715634831,2.247947592625429,1.0,3634.0,1.0,2630.0,-0.05740016601494134,-0.1814927030209827,0.1791,0.3564981949458484,1.0,1.0,0.257
20250918,121191.7243,121779.5562,122503.1836,121001.3614,199051.0,-931.0,160397.0,1.0,0.0,2553.0,0.0,2.0,-1.0,4446.0,-3854.0,122221.72682,121765.31005,121622.68877,456.4167700000107,599.038050000032,121781.6439540476,121541.5664066905,155686.4,,,1.148413804646614,1.128609715634831,2.277023520281444,1.0,2553.0,1.0,592.0,-0.0046771932821236765,-0.1758779750864756,0.1573,0.1597472924187725,1.0,1.0,0.268
20250919,121803.083,121313.8196,122124.1331,121046.3577,196333.0,-2718.0,130492.0,1.0,0.0,2513.0,0.0,2.0,-1.0,5352.0,-3317.0,122147.23814,121796.28669,121726.198335,350.9514500000223,421.0398050000076,121785.1259505555,121578.3438770397,156357.3,,,1.103283589245244,1.128609715634831,2.231893304880074,1.0,2513.0,1.0,2035.0,-0.013843826559977181,-0.1523305139331205,0.1514,0.1064981949458484,1.0,1.0,0.309
20250922,121642.3198,121578.286,122376.6829,121301.6108,198480.0,2147.0,151230.0,1.0,0.0,2644.0,0.0,2.0,-1.0,4986.0,-3049.0,121911.25734,121729.1094,121786.357105,182.1479400000098,124.9002349999937,121789.178953254,121609.1181710238,157660.8,,,1.088709056000396,1.128609715634831,2.217318771635227,1.0,2644.0,1.0,1937.0,0.010817210802095929,-0.1891883861083825,0.1383,0.0,1.0,1.0,0.241
20250923,121016.3333,121607.9043,121690.2007,120770.5482,202852.0,4372.0,157013.0,1.0,0.0,3753.0,0.0,2.0,-1.0,3736.0,-5343.0,121540.79564,121738.93144,121812.865375,-198.1358000000037,-272.0697350000119,121732.2307859524,121635.865169881,158622.0,,,1.053993322020022,1.128609715634831,2.182603037654853,1.0,3753.0,1.0,-1607.0,0.02155265908149784,-0.2027945554071947,0.1624,0.21498661909009797,1.0,1.0,0.21
20250924,121571.1771,121220.3354,122072.5374,121220.3354,199199.0,-3653.0,180871.0,1.0,0.0,3043.0,0.0,2.0,-1.0,6509.0,-5800.0,121444.9275,121792.93116,121796.889995,-348.0036600000167,-351.9624950000143,121718.0078597619,121664.9803512063,165062.9,,0.20194,1.018326678771163,1.128609715634831,2.146936394405994,1.0,3043.0,1.0,709.0,-0.018338445474123867,-0.1969084000166895,0.1756,0.3327386262265834,0.9863,0.9453,0.224
20250925,123092.547,121802.792,123606.5703,121758.9051,213199.0,14000.0,270331.0,1.0,0.0,3607.0,0.0,2.0,-1.0,9936.0,-3000.0,121825.09204,122023.40943,121895.013245,-198.3173900000402,-69.92120500000601,121805.8534346032,121707.3014617778,178926.5,324397.2,0.22011,1.088710200491908,1.174153133591311,2.262863334083219,1.0,3607.0,1.0,6936.0,0.06566634927931182,-0.1778778490373156,0.1914,0.4736842105263156,0.9863,0.9453,0.266
20250926,121535.7447,122953.9474,123030.4751,121476.7598,195554.0,-17645.0,242559.0,1.0,0.0,3710.0,0.0,2.0,-1.0,5557.0,-6328.0,121771.62438,121959.43126,121878.09102,-187.8068800000037,-106.4666399999987,121816.8979584127,121746.9812937302,180027.5,291070.8,,1.110146080564164,1.227050637601599,2.337196718165764,1.0,3710.0,1.0,-771.0,-0.09023083138161327,-0.2080409289561168,0.1889,0.4513826940231936,0.9863,0.9453,0.193
20250929,121244.3158,121712.5412,121719.1241,120916.7459,193534.0,-2020.0,153745.0,1.0,0.0,4076.0,0.0,2.0,-1.0,5027.0,-7188.0,121692.02358,121801.64046,121761.14619,-109.6168800000014,-69.1226100000058,121775.1752138889,121769.6738727222,179017.9,,,1.064945730502857,1.174153133591311,2.239098864094169,1.0,4076.0,1.0,-2161.0,-0.010437442516560399,-0.1930309653706552,0.1896,0.45762711864406763,0.9863,0.9573,0.233
20250930,121049.8335,121400.5178,122551.0179,121011.7329,186032.0,-7502.0,184444.0,1.0,0.0,3885.0,0.0,2.0,-1.0,4851.0,-6546.0,121698.72362,121619.75963,121678.52081,78.96399000000383,20.2028099999734,121739.0278499206,121772.7122939921,179454.7,,0.235635,1.112363369488204,1.227050637601599,2.339414007089803,1.0,3885.0,1.0,-1695.0,-0.04032639545884579,-0.237511505149757,0.2049,0.5941123996431756,1.0,1.0,0.148
20251009,124647.4626,121795.6357,124815.6682,121361.9256,208637.0,22605.0,212587.0,1.0,0.0,1479.0,0.0,2.0,-1.0,9231.0,-7107.0,122313.98072,121879.45411,121814.098795,434.5266100000154,499.8819250000233,121922.7933066667,121786.5935267064,184366.9,,,1.290082722181636,1.227050637601599,2.517133359783235,1.0,1479.0,1.0,2124.0,0.10834607476142774,-0.1984856163133297,0.195,0.5057983942908117,1.0,1.0,0.224
20251010,122367.8253,124550.3383,125008.6881,122254.9976,211621.0,2984.0,271163.0,1.0,0.0,3667.0,0.0,2.0,-1.0,6668.0,-8230.0,122169.03638,121997.06421,121881.18713,171.9721699999791,287.8492499999847,122050.8776803175,121813.5168993333,195443.5,325395.6,,1.312597090539783,1.227050637601599,2.539647728141382,1.0,3667.0,1.0,-1562.0,0.014100679989226022,-0.1927229731937532,0.1662,0.2488849241748437,1.0,1.0,0.236
20251013,121612.0125,122551.8946,122707.5818,121213.6754,213406.0,1785.0,245840.0,1.0,0.0,4092.0,0.0,2.0,-1.0,4434.0,-7106.0,122184.28994,121977.95716,121887.121925,206.3327799999824,297.1680150000175,122049.016194127,121839.9059236905,206978.3,,,1.323294876424342,1.228819249504402,2.552114125928744,1.0,4092.0,1.0,-2672.0,0.008364338397233443,-0.2042714288880783,0.16,0.19357716324710078,1.0,1.0,0.206
20251014,121011.6843,121691.8618,121965.8878,120703.8954,224316.0,10910.0,200055.0,1.0,0.0,4220.0,0.0,2.0,-2.0,3236.0,-8374.0,122137.76364,121914.89361,121822.001505,222.8700300000055,315.7621349999827,121993.2795265079,121860.3159810159,211860.8,,,1.318772363693381,1.228819249504402,2.547591613197783,1.0,4220.0,0.0,-5138.0,0.04863674459244994,-0.2001967310659355,0.1548,0.1471900089206065,1.0,1.0,0.219
20251015,121363.7711,121017.0129,121473.204,120896.6619,230212.0,5896.0,151421.0,1.0,0.0,4480.0,0.0,2.0,-1.0,3859.0,-9578.0,122200.55116,121949.63739,121844.284415,250.9137699999992,356.2667450000008,121932.7638717461,121880.3692895952,211301.6,,,1.259439819774907,1.226651483521576,2.486091303296484,1.0,4480.0,1.0,-5719.0,0.025611175785797437,-0.1816858398481745,0.1486,0.09188224799286354,1.0,1.0,0.267
20251016,121441.2198,121110.8647,121527.9346,120769.8207,233350.0,3138.0,127762.0,1.0,0.0,4249.0,0.0,2.0,-1.0,4368.0,-10053.0,121559.3026,121936.64166,121864.78641,-377.3390599999839,-305.4838100000052,121877.8041072222,121896.3489143413,205990.7,,,1.215646525581275,1.174153133591311,2.389799659172586,1.0,4249.0,1.0,-5685.0,0.013447610884936791,-0.1606792436498273,0.1449,0.05887600356824259,1.0,1.0,0.308
20251017,121368.7151,121167.2748,122167.2829,120960.0861,226030.0,-7320.0,151833.0,1.0,0.0,4047.0,0.0,2.0,-1.0,4359.0,-10191.0,121359.48056,121764.25847,121893.83395,-404.7779099999898,-534.3533900000184,121827.6861384127,121898.5321847222,194140.9,,,1.223547085492751,1.174153133591311,2.397700219084062,1.0,4047.0,1.0,-5832.0,-0.03238508162633279,-0.1681840185555457,0.1351,0.0,1.0,0.9653,0.294
20251020,120920.9946,121122.958,121293.9712,120610.0488,233720.0,7690.0,150772.0,1.0,0.0,4240.0,0.0,2.0,-1.0,5062.0,-11222.0,121221.27698,121702.78346,121831.10736,-481.5064799999818,-609.8303799999849,121737.3224194444,121890.5746308254,184962.2,,,1.20549919375269,1.121912716873777,2.327411910626467,1.0,4240.0,1.0,-6160.0,0.032902618517884646,-0.1806329643694515,0.134,0.0,1.0,0.9587,0.27
20251021,121410.2431,121064.4442,121872.8745,121064.4442,228075.0,-5645.0,150776.0,1.0,0.0,2487.0,0.0,2.0,-1.0,6400.0,-8979.0,121300.98874,121719.37619,121760.508325,-418.3874500000238,-459.5195850000018,121691.6968855556,121882.2267979921,184665.3,,,1.207111197465345,1.096818628815754,2.303929826281099,1.0,2487.0,1.0,-2579.0,-0.024750630275128794,-0.2027957216190036,0.1298,0.0,1.0,0.9587,0.213
20251022,121412.3147,121341.4854,121428.3621,120856.0228,228734.0,659.0,121559.0,1.0,0.0,3891.0,0.0,2.0,-1.0,7698.0,-9618.0,121310.69746,121755.62431,121687.69197,-444.9268500000035,-376.9945099999895,121648.9496323016,121873.2189762302,178376.8,,,1.178835856818564,1.096818628815754,2.275654485634318,1.0,3891.0,1.0,-1920.0,0.0028810758348124894,-0.1837312204493711,0.1436,0.11442786069651746,1.0,0.9467,0.262
20251023,121436.553,121258.9905,121551.8961,121063.2308,235415.0,6681.0,137434.0,1.0,-1.0,4087.0,-4081.0,2.0,-1.0,7806.0,-10776.0,121309.7641,121434.53335,121656.99373,-124.7692500000121,-347.2296300000162,121613.4001035714,121842.2796559206,170861.5,,0.166635,1.089149099775671,1.083546492648084,2.172695592423755,0.0,6.0,1.0,-2970.0,0.02837966994456598,-0.1660656144991647,0.1449,0.1252072968490879,1.0,0.9587,0.301
20251024,122200.7433,121971.0527,122455.2602,121448.2663,223520.0,-11895.0,215024.0,1.0,-1.0,3673.0,-3945.0,2.0,-1.0,6608.0,-8314.0,121476.16974,121417.82515,121707.44468,58.34458999999333,-231.274940000003,121645.8774438095,121801.7796322698,165247.6,258028.8,0.17066,1.053673479360321,1.083546492648084,2.137219972008405,0.0,-272.0,1.0,-1706.0,-0.05321671438797423,-0.184101148619809,0.1484,0.15422885572139305,1.0,0.9653,0.26
20251027,122464.0033,122163.4288,122686.207,122059.555,211219.0,-12301.0,199000.0,1.0,-1.0,3620.0,-3304.0,1.0,-2.0,6385.0,-10272.0,121784.77148,121503.02423,121740.490695,281.7472499999858,44.28078499999538,121709.3236796032,121767.8103808175,160563.6,238800.0,0.17319,1.042611303742888,1.069492160328219,2.112103464071108,0.0,316.0,-1.0,-3887.0,-0.058238131986232296,-0.1815821934928396,0.1506,0.19030192131747495,1.0,0.9533,0.271
20251028,120668.9232,122275.9776,122304.4505,120222.5177,224446.0,13227.0,242035.0,1.0,-1.0,4252.0,-3471.0,1.0,-1.0,2989.0,-12087.0,121636.5075,121468.74812,121691.820865,167.7593799999886,-55.31336499999452,121652.4319890476,121733.7256270714,164761.6,290442.0,,1.084045385063218,1.069492160328219,2.153537545391438,0.0,781.0,0.0,-9098.0,0.05893176977981341,-0.202020071971216,0.1449,0.1652078774617068,1.0,0.9533,0.217
20251029,121652.9113,120872.6072,121926.3881,120715.8301,222302.0,-2144.0,162425.0,1.0,-1.0,3937.0,-4300.0,1.0,-2.0,4120.0,-12182.0,121684.62682,121497.66214,121723.649765,186.9646800000046,-39.02294500000426,121617.8576505556,121702.2350049524,165862.0,,,0.9385177849763696,1.069492160328219,2.008009945304589,0.0,-363.0,-1.0,-8062.0,-0.009644537610997652,-0.2041121275635512,0.1304,0.006564551422319358,1.0,0.9533,0.208
20251030,121094.036,121767.5455,121867.3845,120833.1441,225487.0,3185.0,143969.0,1.0,-1.0,3945.0,-4241.0,2.0,-1.0,5720.0,-11071.0,121616.12342,121462.94376,121699.79271,153.1796599999943,-83.66928999999072,121570.7765181746,121671.5322460476,167482.7,,,0.8380803154883743,1.056222959549334,1.894303275037708,0.0,-296.0,1.0,-5351.0,0.014124982814973812,-0.186642697238898,0.1287,0.0,1.0,0.9667,0.257
20251031,120725.2549,120828.6603,121062.9614,120528.6974,235506.0,10019.0,145492.0,1.0,-1.0,4147.0,-4096.0,2.0,-1.0,3478.0,-11085.0,121321.02574,121398.59774,121581.428105,-77.57200000002922,-260.4023650000163,121488.0615245238,121637.5697846587,166848.6,,,0.7838694173636505,1.04663035984616,1.830499777209811,0.0,51.0,1.0,-7607.0,0.04254244053230066,-0.1895863804738403,0.1294,0.009186351706036463,0.9863,0.8827,0.252
20251103,121109.3344,120894.4114,121400.7884,120762.7929,233679.0,-1827.0,141371.0,1.0,-1.0,3979.0,-3167.0,2.0,-1.0,5143.0,-9358.0,121050.09196,121417.43172,121560.10759,-367.3397600000026,-510.015630000009,121433.6488892064,121607.2024316349,165908.5,,,0.7493119492336079,1.04663035984616,1.795942309079768,0.0,812.0,1.0,-4215.0,-0.00781841757282426,-0.1970888406342738,0.1228,0.0,0.9863,0.8933,0.232
20251104,119864.1629,120951.035,121049.9358,119688.1128,253654.0,19975.0,182330.0,1.0,-1.0,4513.0,-3997.0,1.0,-1.0,4923.0,-7928.0,120889.1399,121262.8237,121491.099945,-373.6837999999989,-601.9600449999998,121299.8441224603,121568.0171553254,169063.9,,0.1541,0.7997261125819718,1.04663035984616,1.846356472428132,0.0,516.0,0.0,-3005.0,0.07874900454950444,-0.2057731075074011,0.134,0.13641900121802683,1.0,0.9653,0.204
20251105,120178.2059,120005.5913,120518.7971,119160.5198,254181.0,527.0,190332.0,1.0,-1.0,4407.0,-4385.0,2.0,-1.0,3703.0,-5872.0,120594.19882,121139.41282,121447.518565,-545.2139999999927,-853.3197449999861,121146.8376802381,121517.805960119,175941.2,,,0.8356979222674898,1.056222959549334,1.891920881816824,0.0,22.0,1.0,-2169.0,0.002073325700976863,-0.2201031878048328,0.1246,0.021924482338611405,1.0,0.9653,0.172
20251106,119920.6135,119665.8966,120014.4055,119170.9363,262052.0,7871.0,168377.0,1.0,-1.0,5935.0,-4417.0,2.0,-2.0,4078.0,-6800.0,120359.51432,120987.81887,121211.17611,-628.3045499999862,-851.6617899999983,120998.8603701587,121456.3519867778,179035.5,,,0.8246171561563626,1.056222959549334,1.880840115705697,0.0,1518.0,0.0,-2722.0,0.030036023384671744,-0.1869647026268233,0.129,0.07551766138855052,0.9863,0.892,0.261
20251107,119578.7843,120159.3513,120524.9491,119260.08,272610.0,10558.0,143885.0,1.0,-1.0,6017.0,-4654.0,1.0,-2.0,4179.0,-6838.0,120130.2202,120725.62297,121071.72406,-595.402769999986,-941.5038599999825,120860.7758013492,121377.8418225317,171921.6,,0.15548,0.8551577468346394,1.059521116929214,1.914678863763854,0.0,1363.0,-1.0,-2659.0,0.03872932027438465,-0.1972224998231518,0.1352,0.15103532277710088,0.9726,0.88,0.233
20251110,119814.6472,119715.3517,119964.1228,119410.2087,272883.0,273.0,130493.0,1.0,-1.0,6005.0,-4766.0,1.0,-2.0,5655.0,-6192.0,119871.28276,120460.68736,120981.855795,-589.4046000000089,-1110.573035000009,120729.8250295238,121279.8919575238,165070.9,,,0.8324453607604101,1.059521116929214,1.891966477689624,0.0,1239.0,-1.0,-537.0,0.0010004287551807919,-0.2114018912626908,0.1188,0.0,0.9589,0.8653,0.189
20251111,119518.3867,119901.1417,120000.4984,119287.1567,272708.0,-175.0,115372.0,1.0,-1.0,6112.0,-4447.0,2.0,-2.0,4984.0,-6759.0,119802.12752,120345.63371,120907.190915,-543.5061900000001,-1105.06339499999,120596.242543492,121174.2730129682,152404.6,,,0.8417203490662037,1.054472338786634,1.896192687852838,0.0,1665.0,0.0,-1775.0,-0.0006417120143156783,-0.2086385011467358,0.1208,0.023228803716608615,0.9726,0.852,0.193
20251112,118861.6425,119486.0742,119714.3047,118444.2289,284872.0,12164.0,172611.0,1.0,-1.0,6042.0,-3343.0,1.0,-2.0,5143.0,-8995.0,119538.81484,120066.50683,120782.084485,-527.6919900000066,-1243.269644999993,120417.5693443651,121054.2441823492,153423.2,,,0.8893062383659448,1.059521116929214,1.948827355295159,0.0,2699.0,-1.0,-3852.0,0.04269987924401134,-0.2061373931217623,0.1315,0.1475029036004646,0.9863,0.8267,0.205
20251113,119074.0836,119065.2454,119332.0608,118667.3911,283983.0,-889.0,140567.0,1.0,-1.0,6102.0,-4579.0,1.0,-2.0,6854.0,-8233.0,119369.50886,119864.51159,120663.727675,-495.0027299999929,-1294.218814999986,120250.1303384921,120922.1795643809,153083.0,,,0.8699398340543343,1.059521116929214,1.929460950983549,0.0,1523.0,-1.0,-1379.0,-0.00313046907737435,-0.2088067914033317,0.1321,0.15447154471544708,0.9726,0.8067,0.192
20251114,117297.5024,118828.3707,118856.2445,117238.0392,295094.0,11111.0,219793.0,1.0,-1.0,6128.0,-2150.0,1.0,-2.0,3967.0,-9512.0,118913.25248,119521.73634,120460.16704,-608.483859999993,-1546.914560000019,119977.6939998413,120771.1428119127,160513.1,263751.6,0.18837,0.9446313223649792,1.059521116929214,2.004152439294193,0.0,3978.0,-1.0,-5545.0,0.037652409062874884,-0.1769894036934815,0.1638,0.5226480836236934,0.9726,0.7707,0.294
20251117,116954.4563,117351.9313,117366.3271,116641.0308,297117.0,2023.0,197913.0,1.0,-1.0,6099.0,-2106.0,1.0,-2.0,1321.0,-8820.0,118341.2143,119106.24853,120261.840125,-765.0342299999902,-1920.625824999966,119642.878980873,120592.0658210793,166167.3,,,0.8562413503395181,1.059521116929214,1.915762467268732,0.0,3993.0,-1.0,-7499.0,0.006808765570465507,-0.204436007020716,0.1485,0.3449477351916375,0.9452,0.8867,0.212
20251118,115138.4803,116731.5264,116731.5264,114921.7446,314961.0,17844.0,254607.0,1.0,-1.0,6352.0,-1595.0,1.0,-2.0,547.0,-9554.0,117465.23302,118633.68027,119948.251985,-1168.447249999983,-2483.01896500001,119199.3214806349,120382.0135568968,173395.0,305528.4,0.19987,0.9060293390308725,1.064701403788093,1.970730742818965,0.0,4757.0,-1.0,-9007.0,0.05665463343080572,-0.2293233483786989,0.1738,0.6387921022067364,0.9452,0.88,0.161
20251119,115872.2608,115406.9708,115972.9981,115311.9001,298394.0,-16567.0,191091.0,1.0,-1.0,5776.0,-853.0,1.0,-2.0,1089.0,-9744.0,116867.35668,118203.08576,119671.24929,-1335.72907999999,-2803.89261000001,118788.3811771428,120146.1679065873,173470.9,,,0.8968694695217775,1.064701403788093,1.96157087330987,0.0,4923.0,-1.0,-8655.0,-0.055520553362333025,-0.2046553845827561,0.1569,0.44250871080139387,0.9178,0.8733,0.213
20251120,115463.0208,115852.8448,116702.2028,115447.0364,300812.0,2418.0,224431.0,2.0,0.0,5727.0,-51.0,1.0,-2.0,2851.0,-8522.0,116145.14412,117757.32649,119372.57268,-1612.18237000001,-3227.428560000015,118402.7762959524,119886.5594991666,179076.3,269317.2,,0.9413047110968169,1.073323693900463,2.014628404997279,2.0,5676.0,-1.0,-5671.0,0.008038243155193277,-0.263263499690889,0.1518,0.38327526132404166,0.8767,0.8573,0.118
20251121,114133.7635,115325.7937,115655.8371,114083.648,304721.0,3909.0,223259.0,2.0,0.0,7593.0,0.0,1.0,-2.0,2623.0,-6820.0,115512.39634,117212.82441,118969.22369,-1700.428069999994,-3456.827350000007,117939.1887161905,119594.4007906508,187013.7,,,0.9995679822873952,1.083134777088853,2.082702759376248,2.0,7593.0,-1.0,-4197.0,0.012828128025308397,-0.269514220419162,0.1541,0.40998838559814155,0.863,0.736,0.107
20251124,115620.9028,114502.6033,116225.251,114438.7511,285689.0,-19032.0,227589.0,2.0,0.0,6287.0,0.0,1.0,-2.0,3085.0,-6263.0,115245.68564,116793.44997,118627.068665,-1547.764329999991,-3381.383025000003,117589.1823789682,119280.3365255952,196723.3,,,1.042828186063085,1.087483915215384,2.130312101278469,2.0,6287.0,-1.0,-3178.0,-0.06661789568376801,-0.2283889840612834,0.1389,0.23344947735191632,0.8356,0.7,0.166
20251125,116260.2893,116013.6309,116716.2988,115738.5778,272605.0,-13084.0,184376.0,1.0,-1.0,5213.0,-41.0,1.0,-2.0,1936.0,-5509.0,115470.04744,116467.64023,118406.63697,-997.5927899999951,-2936.589530000027,117340.9235915873,118954.8046304048,203623.7,,,1.02931903072448,1.087483915215384,2.116802945939864,0.0,5172.0,-1.0,-3573.0,-0.047996184956255385,-0.2087407786421878,0.1298,0.12775842044134722,0.8082,0.668,0.197
20251126,117375.306,116537.7646,118092.2449,116518.4974,248899.0,-23706.0,271671.0,1.0,0.0,5069.0,-419.0,1.0,-1.0,1109.0,-2272.0,115770.65648,116319.00658,118192.756705,-548.350099999996,-2422.100224999987,117220.9218520635,118635.1398811746,213529.7,326005.2,,1.081171818476734,1.096818628815754,2.177990447292489,1.0,4650.0,0.0,-1163.0,-0.09524345216332729,-0.19928577207688,0.1379,0.221835075493612,0.7671,0.636,0.239
20251127,117048.4516,117194.0756,117342.4554,116772.7245,247020.0,-1879.0,152111.0,1.0,0.0,4844.0,-367.0,1.0,-2.0,1465.0,-3856.0,116087.74264,116116.44338,117990.477485,-28.70074000000022,-1902.734844999999,117107.9410192063,118320.920949246,214684.1,,,1.042419530111451,1.087483915215384,2.129903445326836,1.0,4477.0,-1.0,-2391.0,-0.007606671524572909,-0.1959567313529328,0.143,0.28106852497096385,0.7808,0.6773,0.249
20251128,117240.2362,117159.9064,117607.9479,116979.3145,243484.0,-3536.0,136370.0,1.0,0.0,5030.0,-270.0,1.0,-1.0,1439.0,-3793.0,116709.03718,116110.71676,117816.22655,598.3204200000037,-1107.189369999978,117025.2666802381,118025.6782172857,206341.8,,,1.048627612625489,1.083134777088853,2.131762389714342,1.0,4760.0,0.0,-2354.0,-0.014522514826436234,-0.2241246727590078,0.1366,0.20673635307781646,0.7534,0.6413,0.17
20251201,118032.5897,117232.2826,118822.1951,116900.6126,242718.0,-766.0,217854.0,1.0,0.0,5318.0,-1006.0,2.0,-1.0,1641.0,-1773.0,117191.37456,116218.5301,117662.389315,972.844459999993,-471.0147549999965,117025.6607480159,117763.956394,208335.9,,,1.12350778307878,1.087483915215384,2.210991698294164,1.0,4312.0,1.0,-132.0,-0.0031559258069034845,-0.2144388173180701,0.1303,0.13356562137049938,0.7534,0.5467,0.188
20251202,118231.7333,117926.7705,118297.0713,117521.4362,244595.0,1877.0,134414.0,1.0,-1.0,5210.0,-1649.0,1.0,0.0,2583.0,-848.0,117585.66336,116527.8554,117580.767835,1057.807960000006,4.895525000014459,117054.7443345238,117549.4986793889,196316.6,,,1.093676677558448,1.083134777088853,2.176811454647301,0.0,3561.0,1.0,1735.0,0.007673909932745968,-0.203563579776493,0.1302,0.13240418118466907,0.7808,0.548,0.225
20251203,118060.067,118145.3215,118348.4555,117106.0736,243700.0,-895.0,163565.0,1.0,-1.0,3198.0,-1514.0,2.0,-1.0,5775.0,-1178.0,117722.61556,116746.63602,117474.86089,975.9795399999857,247.7546699999803,117087.1766084921,117379.3782225238,193564.0,,,1.129739137490456,1.073323693900463,2.203062831390918,0.0,1684.0,1.0,4597.0,-0.003672548215018465,-0.2073449870367568,0.1284,0.11149825783972107,0.7945,0.5493,0.21
20251204,117947.837,118029.7472,118375.5504,117607.2161,247247.0,3547.0,148333.0,1.0,-1.0,4909.0,-1533.0,2.0,0.0,5020.0,-719.0,117902.49264,116995.11764,117376.222065,907.375,526.2705749999877,117128.9266874603,117251.9932616746,185954.2,,,1.063921165985793,1.062075472644043,2.125996638629836,0.0,3376.0,2.0,4301.0,0.014345977908730946,-0.2155054465608088,0.1285,0.11265969802555169,0.7945,0.5507,0.188
20251205,117972.0019,117960.7978,118509.3947,117635.8413,249180.0,1933.0,151986.0,1.0,-1.0,5277.0,-1510.0,2.0,-1.0,6384.0,-635.0,118048.84578,117378.94148,117295.882945,669.9043000000092,752.9628349999984,117183.3483652381,117176.4092265794,178826.9,,0.15065,1.072329846497103,1.054506400197252,2.126836246694355,0.0,3767.0,1.0,5749.0,0.007757444417690024,-0.2030795004612686,0.131,0.14169570267131246,0.8356,0.54,0.231
20251208,118220.3234,118041.1146,118655.6761,117761.4215,245211.0,-3969.0,180971.0,1.0,-1.0,5159.0,-1338.0,2.0,-1.0,6732.0,-927.0,118086.39252,117638.88354,117216.166755,447.5089799999987,870.225764999981,117263.9838115079,117143.8893698333,174165.1,,,1.000786652452012,1.054506400197252,2.055293052649264,0.0,3821.0,1.0,5805.0,-0.016186060168589502,-0.2094097622271935,0.1281,0.10801393728222984,0.8356,0.5227,0.199
20251209,117567.3356,118264.6287,118414.8459,117387.6955,243157.0,-2054.0,147932.0,1.0,-1.0,5127.0,-916.0,2.0,-1.0,5814.0,-1003.0,117953.51298,117769.58817,117118.6142,183.9248100000259,834.8987800000032,117316.4418980159,117141.4412004762,170520.7,,,1.011503546013025,1.054506400197252,2.066009946210277,0.0,4211.0,1.0,4811.0,-0.00844721723002011,-0.1941414370501275,0.1247,0.06852497096399539,0.7534,0.444,0.262
20251210,117256.8558,117834.9532,118075.4734,116506.8864,239556.0,-3601.0,178471.0,1.0,0.0,3447.0,0.0,2.0,-1.0,7781.0,-898.0,117792.87074,117757.74315,117038.374865,35.12759000000369,754.4958750000078,117331.6398749206,117152.5130027619,161200.7,,,1.029497556291653,1.054506400197252,2.084003956488905,1.0,3447.0,1.0,6883.0,-0.01503197582193725,-0.2361232321668599,0.1305,0.1358885017421603,0.5479,0.14,0.153
20251211,116067.5922,117102.6721,117115.3769,115814.6236,251290.0,11734.0,164206.0,1.0,-1.0,5288.0,-1875.0,2.0,-1.0,10094.0,-1913.0,117416.82178,117659.65721,116888.050295,-242.8354300000065,528.7714850000048,117269.1347284921,117168.6323736905,162410.2,,0.15203,1.020375547624623,1.062075472644043,2.082451020268666,0.0,3413.0,1.0,8181.0,0.0466950535238171,-0.215121529912927,0.1322,0.1556329849012777,0.6027,0.1813,0.19
20251212,115807.5317,116148.749,116320.7538,115599.2117,253650.0,2360.0,154142.0,1.0,-1.0,5761.0,-2244.0,2.0,-1.0,11917.0,-2595.0,116983.92774,117516.38676,116813.55176,-532.4590199999948,170.3759800000116,117167.5503952381,117182.8607451905,164187.4,,0.16813,0.9368833920104543,1.062075472644043,1.998958864654497,0.0,3517.0,1.0,9322.0,0.009304159274590973,-0.1909684318302179,0.1462,0.3182346109175377,0.5479,0.1547,0.276
20251215,114931.7381,115536.5355,116190.7362,114776.2729,267737.0,14087.0,221345.0,2.0,0.0,7213.0,0.0,2.0,-1.0,10847.0,-3002.0,116326.21068,117206.3016,116712.41585,-880.0909200000169,-386.2051700000302,117013.7295836508,117181.667628754,164536.5,265614.0,0.17549,0.9570760119073086,1.062075472644043,2.019151484551351,2.0,7213.0,1.0,7845.0,0.05261506627772777,-0.2163005792341928,0.1526,0.3925667828106854,0.5068,0.156,0.187
20251216,112651.9736,114894.5941,114894.5941,112194.0669,284987.0,17250.0,273286.0,2.0,0.0,5921.0,-65.0,2.0,-1.0,5935.0,-4137.0,115343.13828,116648.32563,116588.090515,-1305.187350000007,-1244.952235000004,116678.1401133333,117144.0072066349,178423.7,327943.2,0.21183,1.015164003021128,1.062075472644043,2.07723947566517,2.0,5856.0,1.0,1798.0,0.060529076764905064,-0.1678659936417088,0.1842,0.7595818815331011,0.5205,0.18,0.337
20251217,114092.3034,112697.1506,114568.2782,111994.3839,267441.0,-17546.0,259751.0,2.0,0.0,4095.0,0.0,2.0,-1.0,7028.0,-3941.0,114710.2278,116251.54927,116499.092645,-1541.32147000001,-1788.864845000004,116386.3353679365,117073.9230825794,188042.3,311701.2,,1.137637958199627,1.062075472644043,2.19971343084367,2.0,4095.0,1.0,3087.0,-0.06560699369206666,-0.2165881871600911,0.1654,0.5412311265969801,0.5068,0.1813,0.187
20251218,114227.2023,113886.2935,114361.9038,113310.9699,263809.0,-3632.0,191649.0,1.0,-1.0,4190.0,-1380.0,2.0,-1.0,9942.0,-4095.0,114342.14982,115879.4858,116437.30172,-1537.335979999989,-2095.151899999983,116152.8116594444,116976.3115797778,192373.9,,,1.165630547930528,1.054506400197252,2.22013694812778,0.0,2810.0,1.0,5847.0,-0.013767536361534292,-0.2046051957993166,0.1709,0.6051103368176538,0.4658,0.1253,0.227
20251219,117548.6147,114345.8516,117781.6815,114345.8516,255958.0,-7851.0,444088.0,1.0,-1.0,4029.0,-1854.0,2.0,-1.0,11039.0,-1321.0,114690.36642,115837.14708,116608.04428,-1146.780659999989,-1917.677859999982,116148.8316593651,116872.8599091905,221584.1,532905.6,0.222295,1.266118407175209,1.054506400197252,2.320624807372461,0.0,2175.0,1.0,9718.0,-0.030673001039233,-0.2164510286847924,0.1933,0.8652729384436701,0.5616,0.184,0.188
20251222,121774.8407,117070.9721,121792.9938,116947.4644,285698.0,29740.0,535846.0,1.0,-1.0,4216.0,-715.0,1.0,-2.0,4023.0,-3777.0,116058.98694,116192.59881,116915.741175,-133.6118699999788,-856.7542349999858,116493.6705616667,116795.8285842063,257071.6,643015.2,0.260475,1.512429513512314,1.062075472644043,2.574504986156357,0.0,3501.0,-1.0,246.0,0.10409593346820768,-0.2070682981191933,0.2265,1.0,0.4521,0.1267,0.219
20251223,123596.9187,120726.4468,124323.3264,120582.9433,314490.0,28792.0,659366.0,1.0,0.0,5758.0,0.0,2.0,-1.0,3592.0,-6524.0,118247.97596,116795.55712,117282.572645,1452.418839999984,965.4033150000032,117057.9508088889,116769.9794752937,308215.0,791239.2,0.32844,1.659670752658779,1.075948642278663,2.735619394937442,1.0,5758.0,1.0,-2932.0,0.09155140068046679,-0.2194642521404677,0.2856,1.0,0.4795,0.1107,0.18
20251224,128212.6955,125061.8086,130829.7731,123042.3719,342371.0,27881.0,1570749.0,1.0,0.0,7323.0,0.0,1.0,-2.0,5689.0,-8038.0,121072.05438,117891.14109,117824.44212,3180.913290000011,3247.612260000024,118028.141456746,116839.6296334762,447442.8,1884898.8,0.4692,2.074761856403892,1.104331047290713,3.179092903694605,1.0,7323.0,-1.0,-2349.0,0.0814350514500352,-0.2023723995351355,0.408,1.0,0.6712,0.3427,0.246
20251225,125708.592,127871.0533,127931.9593,123421.0595,335395.0,-6976.0,905815.0,1.0,0.0,7002.0,0.0,1.0,-2.0,7899.0,-10563.0,123368.33232,118855.24107,118257.44914,4513.091250000012,5110.88317999999,118828.951627619,116995.6113233889,521603.7,1086978.0,,2.301440218611492,1.152408995138369,3.453849213749861,1.0,7002.0,-1.0,-2664.0,-0.020799355983243638,-0.192416683897209,0.3545,0.8150069156293223,0.6849,0.3,0.276
20251226,127113.3648,125844.8945,128237.0988,125844.8945,324358.0,-11037.0,821207.0,1.0,0.0,5076.0,0.0,2.0,-2.0,7420.0,-8982.0,125281.28234,119985.82438,118751.10557,5295.45796,6530.17677000002,119664.4513310318,117245.3014169683,588310.2,985448.3999999999,,2.387220884317071,1.152408995138369,3.53962987945544,1.0,5076.0,0.0,-1562.0,-0.03402721684065138,-0.2211663879857907,0.375,0.8858921161825727,0.6301,0.3013,0.176
20251229,128025.3485,126998.1321,130055.0882,125970.0932,336259.0,11901.0,953660.0,1.0,0.0,4903.0,0.0,1.0,-2.0,5370.0,-10243.0,126531.3839,121295.18542,119250.74351,5236.198479999992,7280.640389999971,120550.4411214286,117598.972570746,661541.7,1144392.0,0.4825399999999999,2.554672444031427,1.152408995138369,3.707081439169796,1.0,4903.0,-1.0,-4873.0,0.035392361245349564,-0.249398172722934,0.4196,1.0,0.6575,0.3467,0.13
20251230,132705.3688,126782.2207,134676.6744,126036.27,346611.0,10352.0,1377512.0,1.0,0.0,4301.0,0.0,1.0,-2.0,2304.0,-7652.0,128353.07392,123300.52494,119974.425285,5052.548980000007,8378.64863499999,121682.4963338095,118099.4081927936,771964.3,1653014.4,0.51957,2.949195350281244,1.202784144009008,4.151979494290252,1.0,4301.0,-1.0,-5348.0,0.02986633430560484,-0.1996910281068319,0.4518,1.0,0.4932,0.1173,0.257
20251231,133105.2727,133458.918,135762.2036,130214.3488,338689.0,-7922.0,1516094.0,2.0,0.0,7575.0,0.0,1.0,-2.0,2473.0,-2379.0,129331.58936,125201.82187,120726.68557,4129.767489999998,8604.903790000011,122959.6667066667,118756.7413266667,897598.6,1819312.8,,3.159967178167854,1.202784144009008,4.362751322176862,2.0,7575.0,-1.0,94.0,-0.023390189820159498,-0.3587308355597058,0.4216,0.9093093093093093,0.4247,0.104,0.014
20260105,134529.6221,134996.483,136354.9506,133499.2975,357102.0,18413.0,529302.0,1.0,0.0,6297.0,0.0,3.0,-1.0,966.0,-3646.0,131095.79538,127232.06385,121555.774825,3863.73152999999,9540.020554999996,124318.9333484127,119573.3534955635,931363.9,,,3.272020016790697,1.202784144009008,4.474804160799705,1.0,6297.0,2.0,-2680.0,0.05156229872697437,-0.2371178076940916,0.417,0.8954954954954955,0.4384,0.1027,0.155
20260106,140153.6249,134468.5531,140299.2077,133675.8334,360764.0,3662.0,1020443.0,1.0,0.0,6222.0,0.0,2.0,-1.0,1353.0,-4609.0,133703.8474,129492.56487,122664.855975,4211.282529999997,11038.991425,125922.543459127,120550.7246755397,988999.4,,,3.522021810889079,1.202784144009008,4.724805954898087,1.0,6222.0,1.0,-3256.0,0.010150680223082126,-0.2174080576152307,0.3754,0.7705705705705707,0.3699,0.1387,0.191
20260107,148268.3208,143032.1153,148359.1899,142523.3844,371973.0,11209.0,1609627.0,1.0,0.0,4610.0,0.0,2.0,-1.0,7042.0,-5030.0,137752.44186,132141.91288,124167.255845,5610.528980000003,13585.186015,128224.4071484921,121723.7983342222,1096377.5,1931552.4,0.67574,3.75753506150016,1.203695548709703,4.961230610209864,1.0,4610.0,1.0,2012.0,0.030133907568560082,-0.1901673666919434,0.5876,1.0,0.3014,0.0453,0.294
20260108,136765.2367,147587.1894,149836.5353,134228.3132,395236.0,23263.0,2406818.0,2.0,0.0,11558.0,0.0,1.0,-2.0,5213.0,-14947.0,138564.41544,133458.74468,125127.1509,5105.670760000008,13437.26453999997,129805.4340069047,122998.5466540238,1271122.7,2888181.6,,4.429950410642367,1.235450996417718,5.665401407060084,2.0,11558.0,-1.0,-9734.0,0.05885850479207359,-0.1776052597570002,0.5106,0.8357508532423209,0.2329,0.0467,0.329
20260109,139399.9857,137264.7569,140052.0514,133835.7477,396317.0,1081.0,1667383.0,2.0,0.0,11021.0,0.0,1.0,-2.0,3127.0,-14489.0,139823.35804,134577.4737,126234.307395,5245.88433999999,13589.05064499998,131081.7438610317,124303.9068944524,1280786.1,2000859.6,,4.650442041406259,1.280642089321298,5.931084130727557,2.0,11021.0,-1.0,-11362.0,0.0027276145106064085,-0.1545486433424111,0.5567,0.9340870307167235,0.2192,0.048,0.378
20260112,144436.1346,140046.1085,144533.8806,139653.2507,411593.0,15276.0,1617915.0,3.0,0.0,15853.0,0.0,1.0,-2.0,2159.0,-26264.0,141804.66054,136450.22796,127652.734515,5354.432579999993,14151.92602499999,132700.9414540476,125691.1058770952,1351996.1,,,4.668095652079101,1.353640287828205,6.021735939907306,3.0,15853.0,-1.0,-24105.0,0.03711433382006011,-0.2142601367420247,0.5689,0.9601109215017064,0.1781,0.0467,0.202
20260113,138942.8368,145079.4394,145479.568,138590.891,400101.0,-11492.0,1894253.0,3.0,0.0,16213.0,0.0,1.0,-2.0,3380.0,-24580.0,141562.50292,137633.17516,128809.49977,3929.327760000015,12753.00315,134013.8579457143,127126.0465385635,1459300.7,2273103.6,,4.734111246619797,1.450805154239653,6.18491640085945,3.0,16213.0,-1.0,-21200.0,-0.02872274750625467,-0.0235100047846969,0.5095,0.8334044368600682,0.2192,0.0453,0.503
20260114,141402.7626,140462.4074,143875.9403,139787.6586,395655.0,-4446.0,1562933.0,3.0,0.0,15429.0,0.0,1.0,-2.0,3906.0,-22026.0,140189.39128,138970.91657,130133.050995,1218.47471000001,10056.34028500003,135249.2738246825,128595.9298088889,1520228.0,,,4.75253222940936,1.562575913832915,6.315108143242275,3.0,15429.0,-1.0,-18120.0,-0.011237062592410054,-0.0526835413122925,0.5315,0.8803327645051193,0.2329,0.0427,0.477
20260115,147132.2102,143257.402,151618.843,143166.2014,414103.0,18448.0,2716641.0,3.0,0.0,11689.0,0.0,1.0,-2.0,2485.0,-17270.0,142262.78598,140413.60071,131857.062825,1849.185269999987,10405.72315499999,136837.8134818254,130111.4615236905,1654140.9,3259969.2,0.76383,4.832290908762755,1.590377189275137,6.422668098037892,3.0,11689.0,-1.0,-14785.0,0.04454930295119813,-0.1671905892833832,0.6642,1.0,0.2192,0.0427,0.355
20260116,141921.9911,145771.7477,149073.2832,140788.1553,416023.0,1920.0,2046763.0,3.0,0.0,12056.0,0.0,1.0,-2.0,881.0,-20331.0,142767.18706,141295.27255,133248.54721,1471.914510000002,9518.639850000007,137991.077245873,131614.6025776111,1707207.8,,,4.972422786012138,1.68298586074632,6.655408646758458,3.0,12056.0,-1.0,-19450.0,0.004615129451977415,-0.1120917317864946,0.5524,0.795012834616795,0.2192,0.044,0.428
20260119,142712.7538,142018.2673,143485.8579,138265.5227,389124.0,-26899.0,1470677.0,2.0,0.0,9960.0,0.0,1.0,-2.0,4025.0,-16094.0,142422.5109,142113.58572,134672.824785,308.9251800000202,7749.686115000019,138842.1542322222,133066.9246659921,1801345.3,,,5.070712572250327,1.782836948498752,6.85354952074908,2.0,9960.0,-1.0,-12069.0,-0.06912706489448094,-0.0898431840598853,0.4061,0.5267693436010268,0.2192,0.0373,0.451
20260120,141773.3634,142921.9649,144444.9589,140398.2198,390528.0,1404.0,1139912.0,2.0,0.0,8713.0,0.0,1.0,-2.0,2393.0,-16485.0,142988.61622,142275.55957,135884.06222,713.0566500000423,7104.554000000004,139582.8466863492,134432.9549887143,1813292.2,,,5.033255375603271,1.828370897773172,6.861626273376443,2.0,8713.0,-1.0,-14092.0,0.003595132743362832,-0.0973669309099024,0.3159,0.3613861386138614,0.2192,0.036,0.444
20260121,143350.0976,142910.8471,144346.1837,138231.8618,392640.0,2112.0,1277545.0,2.0,0.0,7605.0,0.0,1.0,-2.0,5716.0,-15307.0,143378.08322,141783.73725,136962.825065,1594.345969999995,6415.258154999989,140251.3014415079,135635.6444180159,1780084.0,,,4.878137696835124,1.910199859261672,6.788337556096796,2.0,7605.0,-1.0,-9591.0,0.0053789731051344745,-0.0848773491915507,0.413,0.5394206087275394,0.2192,0.1227,0.457
20260122,142907.9349,143349.6452,144062.7508,140830.3232,386144.0,-6496.0,1023030.0,3.0,0.0,10072.0,0.0,1.0,-2.0,5908.0,-17887.0,142533.22816,142398.00707,137928.375875,135.2210900000064,4604.852285000001,140820.9889635714,136737.1999136825,1641705.2,,,4.737308994879844,2.095894936841906,6.83320393172175,3.0,10072.0,-1.0,-11979.0,-0.01682273970332311,-0.0884309689917032,0.3763,0.47213054638797214,0.2192,0.124,0.455
20260123,148462.4129,142096.7634,150197.6223,141363.8758,415430.0,29286.0,1459474.0,3.0,0.0,8885.0,0.0,1.0,-2.0,6927.0,-11237.0,143841.31252,143304.24979,138940.861745,537.0627300000051,4900.450775000005,141682.1592487301,137797.2414524524,1620914.3,,0.66976,4.983802593368171,2.258343287486877,7.242145880855048,3.0,8885.0,-1.0,-4310.0,0.07049563103290567,-0.075381771380007,0.5824,0.85001833516685,0.2466,0.1547,0.465
20260126,145953.3793,149467.6899,152568.8126,145849.812,416762.0,1332.0,1603624.0,2.0,0.0,9289.0,0.0,1.0,-2.0,6809.0,-14414.0,144489.43762,143455.97426,139953.10111,1033.463359999994,4536.336509999994,142521.1354849206,138779.2608555397,1619485.2,,,4.974148047606457,2.32337122664074,7.297519274247197,2.0,9289.0,-1.0,-7605.0,0.003196068739472409,-0.1225041029978443,0.5342,0.7616428309497616,0.2192,0.156,0.419
20260127,146559.6566,148137.4479,148834.6638,144739.4661,401031.0,-15731.0,1247403.0,2.0,0.0,8586.0,0.0,1.0,-2.0,4985.0,-15773.0,145446.69626,144217.65624,140925.4157,1229.040020000015,4521.280560000014,143197.1826600794,139697.5933269762,1554800.2,,,4.773052275352129,2.421432278546544,7.194484553898674,2.0,8586.0,-1.0,-10788.0,-0.0392263939695435,-0.0886947953906721,0.4791,0.6606160616061606,0.2192,0.1253,0.455
20260128,144949.459,147418.8124,148494.5971,142461.7598,393208.0,-7823.0,1336146.0,2.0,0.0,8343.0,0.0,1.0,-2.0,6828.0,-22471.0,145766.56854,144572.32588,141771.621225,1194.242659999989,3994.947314999998,143638.9219904762,140536.5581435556,1532121.5,,,4.277206844084644,2.575809145199972,6.853015989284616,2.0,8343.0,-1.0,-15643.0,-0.019895322577363636,-0.1208782747774441,0.4784,0.6593325999266593,0.274,0.1267,0.421
20260129,147649.9996,145662.9124,149545.8254,143791.6889,387182.0,-6026.0,1280328.0,2.0,0.0,7200.0,0.0,1.0,-2.0,9430.0,-19978.0,146714.98148,144624.10482,142518.852765,2090.87665999998,4196.12871499997,144149.2842001587,141267.7052153889,1388490.2,,,4.236821573268577,2.818280145985577,7.055101719254154,2.0,7200.0,-1.0,-10548.0,-0.015563740049899013,-0.100467004867268,0.5473,0.7856618995232857,0.2877,0.128,0.445
20260130,140489.8039,149254.2706,151198.2932,139697.1678,381382.0,-5800.0,1597168.0,1.0,0.0,4818.0,0.0,1.0,-2.0,5611.0,-22114.0,145120.45968,144480.8861,142888.079325,639.5735799999966,2232.380355000001,144258.9440404762,141894.4918948492,1343530.7,,,4.561238284143755,2.922158199351097,7.483396483494852,1.0,4818.0,-1.0,-16503.0,-0.015207849347897907,-0.1542655911683917,0.4501,0.6074440777411074,0.3699,0.1827,0.381
20260202,129679.2341,139083.0485,141460.8732,129651.5992,345130.0,-36252.0,1237934.0,1.0,0.0,4228.0,0.0,1.0,-2.0,4758.0,-15485.0,141865.63064,143177.53413,142645.559925,-1311.903489999968,-779.9292849999911,143317.1637796032,142341.9928495873,1320256.4,,,4.82773596041965,3.02481270029663,7.85254866071628,1.0,4228.0,-1.0,-10727.0,-0.10503868107669574,-0.0719579295589437,0.4909,0.6822515584891823,0.6164,0.4173,0.473
20260203,135187.7652,132889.6554,135730.6925,130532.1252,334013.0,-11117.0,979024.0,2.0,0.0,6349.0,0.0,1.0,-2.0,4453.0,-14949.0,139591.25236,142518.97431,142397.26694,-2927.721950000036,-2806.014580000017,142454.9736260317,142629.2055435556,1304167.6,,,4.898700949222766,3.092073401387476,7.990774350610241,2.0,6349.0,-1.0,-10496.0,-0.03328313568633556,-0.1301305201365419,0.4391,0.5872753942060872,0.5479,0.2347,0.411
20260204,138022.7089,135735.513,138097.3175,134995.3008,335172.0,1159.0,694138.0,1.0,0.0,4502.0,0.0,1.0,-2.0,5377.0,-16622.0,138205.90234,141986.23544,141884.986345,-3780.333100000018,-3679.084005000012,141992.5738573016,142803.3327851349,1245826.9,,,4.563570894457849,3.092073401387476,7.655644295845326,1.0,4502.0,-1.0,-11245.0,0.0034579260797441315,-0.1400788551958288,0.4222,0.5546558704453441,0.5342,0.236,0.402
20260205,134831.0667,137002.2127,138198.0548,132802.8332,329050.0,-6122.0,851818.0,1.0,0.0,4697.0,0.0,1.0,-2.0,6601.0,-17060.0,135642.11576,141178.54862,141788.277845,-5536.432860000001,-6146.162084999989,141321.4919407936,142853.3830828571,1228705.7,,,4.434124812469342,3.309938123069195,7.744062935538537,1.0,4697.0,-1.0,-10459.0,-0.018605075216532443,-0.1468492089242746,0.3737,0.4615384615384615,0.5068,0.224,0.392
20260206,132139.9511,133919.6971,134859.5958,129848.043,317883.0,-11167.0,815876.0,1.0,0.0,4750.0,0.0,1.0,-2.0,6668.0,-17114.0,133972.1452,139546.30244,141425.276115,-5574.15724,-7453.130915000016,140383.6334519841,142723.5305031825,1164345.9,,,4.447311149184035,3.514989538112646,7.962300687296681,1.0,4750.0,-1.0,-10446.0,-0.03512927712397328,-0.1275611881037946,0.3581,0.4326227988878591,0.5068,0.224,0.416
20260209,134864.8307,133252.6512,135647.1274,132158.9238,316536.0,-1347.0,605411.0,1.0,0.0,4596.0,0.0,1.0,-2.0,6914.0,-17495.0,135009.26452,138437.44758,140946.71092,-3428.183059999981,-5937.446399999986,139705.2687414286,142441.9438288333,1064524.6,,,4.435488597294151,3.514989538112646,7.950478135406797,1.0,4596.0,-1.0,-10581.0,-0.004255440139510198,-0.0807511685408761,0.3283,0.377386468952734,0.4932,0.236,0.471
20260210,133711.9838,134937.178,135191.0311,133070.6165,312837.0,-3699.0,416098.0,1.0,0.0,4651.0,0.0,1.0,-2.0,7413.0,-15733.0,134714.10824,137152.6803,140685.16827,-2438.572059999977,-5971.060029999993,139004.5616607937,142022.6817289048,981394.1,,,4.253101807777342,3.514989538112646,7.768091345889989,1.0,4651.0,-1.0,-8320.0,-0.011824048945617047,-0.0980952356889393,0.2709,0.2709916589434661,0.2877,0.0707,0.452
20260211,139765.7906,133710.2349,140458.2054,133428.8625,314687.0,1850.0,816219.0,1.0,0.0,4055.0,0.0,1.0,-2.0,8951.0,-12207.0,135062.72458,136634.31346,140603.31967,-1571.588880000025,-5540.595090000017,138683.2290296032,141527.1124328175,929401.4,,0.4504549999999999,4.454434504449174,3.595836368850361,8.050270873299535,1.0,4055.0,-1.0,-3256.0,0.0058788574043414565,-0.1299285252452377,0.3917,0.49490268767377205,0.137,0.0413,0.415
20260212,139985.8381,140703.4372,141753.3892,139568.4281,317681.0,2994.0,708648.0,1.0,0.0,4456.0,0.0,1.0,-2.0,7044.0,-10539.0,136093.67886,135867.89731,140246.001065,225.7815500000434,-4152.322205000004,138680.2258440476,140980.2065972064,872233.4,,0.47242,4.131807204564153,3.595836368850361,7.727643573414513,1.0,4456.0,-1.0,-3495.0,0.009424548525092781,-0.0721869361035776,0.4108,0.5303058387395737,0.3699,0.1227,0.479
20260213,135717.3752,138571.1873,139058.697,134681.0679,292416.0,-25265.0,657697.0,1.0,0.0,4207.0,0.0,1.0,-2.0,7023.0,-16721.0,136809.16368,135390.65444,139935.77027,1418.509239999985,-3126.60659000001,138303.7060874603,140384.6828019048,778286.3,,0.54119,4.080539037508714,3.711803017993464,7.792342055502179,1.0,4207.0,-1.0,-9698.0,-0.08640088093674765,-0.1790491828109011,0.4706,0.6411492122335496,0.3425,0.0987,0.325
20260224,138731.1515,136553.3575,139608.5055,136494.9191,327809.0,35393.0,334029.0,1.0,0.0,4062.0,0.0,1.0,-2.0,6988.0,-11562.0,137582.42784,136295.84618,139736.690155,1286.581660000025,-2154.262315,138107.7889898413,139863.7453229286,687895.8,,,4.086530427209915,3.711803017993464,7.798333445203379,1.0,4062.0,-1.0,-4574.0,0.10796835962404937,-0.2036945003315937,0.3463,0.41075069508804446,0.2877,0.0773,0.242
20260225,141928.2818,138988.7121,142561.4317,138651.0514,366118.0,38309.0,644236.0,1.0,0.0,5856.0,0.0,2.0,-1.0,6268.0,-10044.0,139225.68744,136969.89784,139744.436075,2255.789600000018,-518.7486349999963,138209.6224480159,139439.210205127,654417.0,,,3.982562586991821,3.711803017993464,7.694365604985284,1.0,5856.0,1.0,-3776.0,0.10463566391163505,-0.1667040346920833,0.3714,0.4572752548656163,0.3699,0.172,0.358
20260226,140922.402,140748.5238,141731.6262,139429.8325,369429.0,3311.0,553955.0,1.0,0.0,6156.0,0.0,2.0,-1.0,7559.0,-10837.0,139457.00972,137259.86715,139623.051295,2197.142570000025,-166.041574999952,138298.1427247619,139069.767091873,640398.7,,,3.826623628993603,3.711803017993464,7.538426646987066,1.0,6156.0,1.0,-3278.0,0.008962479935251429,-0.1482714120003394,0.3462,0.4105653382761817,0.3699,0.172,0.393
20260227,141450.9421,140173.994,141496.051,137980.0176,375142.0,5713.0,656100.0,1.0,0.0,7489.0,0.0,2.0,-1.0,8283.0,-11871.0,139750.03052,137921.85469,139550.201655,1828.175829999964,199.8288649999886,138367.3755046825,138774.3554482619,620826.9,,,3.408150751409979,3.711803017993464,7.119953769403443,1.0,7489.0,1.0,-3588.0,0.015228899989870502,-0.144913392517116,0.3537,0.42446709916589437,0.3973,0.144,0.401
20260302,140854.8612,141245.9493,141419.655,138048.4307,374809.0,-333.0,691084.0,1.0,0.0,7445.0,0.0,1.0,-2.0,7736.0,-16791.0,140777.52772,138793.3457,139169.82407,1984.182019999978,1607.703649999981,138463.9954996032,138582.3916530238,608347.7,,,2.952387218017074,3.711803017993464,6.664190236010538,1.0,7445.0,-1.0,-9055.0,-0.0008884525184827473,-0.1503606165053751,0.3594,0.435032437442076,0.4247,0.144,0.389
20260303,135479.7063,139503.0579,139635.776,134704.897,372689.0,-2120.0,914918.0,1.0,0.0,7228.0,0.0,1.0,-2.0,6590.0,-19647.0,140127.23868,138854.83326,138646.14042,1272.405419999996,1481.098260000028,138220.5602076191,138433.9207996429,639298.4,1097901.6,,2.957048400713817,3.800246418165174,6.757294818878991,1.0,7228.0,-1.0,-13057.0,-0.005688388978478034,-0.2257763880931916,0.3434,0.4053753475440222,0.4247,0.144,0.174
20260304,137450.1655,134960.7685,138911.2019,134645.4642,371186.0,-1503.0,644562.0,1.0,-1.0,6853.0,-2434.0,2.0,-1.0,8369.0,-15580.0,139231.61542,139228.65143,138190.665865,2.963990000018384,1040.949555000028,138032.6165569841,138336.7262892619,662144.8,,,3.018290767701174,3.800246418165174,6.818537185866347,0.0,4419.0,1.0,-7211.0,-0.0040491828894408735,-0.1936384695119401,0.3429,0.40444856348470803,0.411,0.144,0.281
20260305,136315.4579,138241.894,139192.685,135409.5344,371100.0,-86.0,560791.0,2.0,0.0,6954.0,-352.0,1.0,-2.0,7553.0,-16714.0,138310.2266,138883.61816,137758.96581,-573.3915600000182,551.2607899999712,137890.9179535714,138257.4951816587,636602.0,,,2.932412047400373,3.800246418165174,6.732658465565547,2.0,6602.0,-1.0,-9161.0,-0.00023174346537321476,-0.2262395307425265,0.3344,0.38869323447636694,0.3699,0.1347,0.174
20260306,137188.2895,136667.128,138116.5802,135464.763,365681.0,-5419.0,451433.0,1.0,0.0,6200.0,0.0,1.0,-2.0,9108.0,-16267.0,137457.69608,138603.8633,137235.880305,-1146.167220000003,221.8157750000246,137826.871852619,138172.1597825159,610880.5,,,2.802768934968911,3.800246418165174,6.603015353134085,1.0,6200.0,-1.0,-7159.0,-0.01481892687889171,-0.2047043557552949,0.3246,0.3705282669138091,0.3699,0.176,0.237
20260309,136602.571,137045.9152,138322.8288,132489.6746,361400.0,-4281.0,787501.0,1.0,-1.0,6532.0,-2551.0,1.0,-2.0,8813.0,-19682.0,136607.23804,138692.38288,137041.51866,-2085.144839999964,-434.2806199999759,137755.0395614286,138117.2931299127,623860.9,945001.2,0.4267649999999999,2.920390307287891,3.845879284053381,6.766269591341271,0.0,3981.0,-1.0,-10869.0,-0.011845600442722745,-0.2434476030309161,0.3711,0.4567191844300278,0.3836,0.1387,0.142
20260310,137164.6544,137627.9899,139940.3996,136681.4977,365787.0,4387.0,615477.0,1.0,-1.0,6969.0,-2590.0,1.0,-2.0,7993.0,-19544.0,136944.22766,138535.73317,137415.789675,-1591.505509999959,-471.5620149999741,137759.067813254,138082.421012254,652005.7,,0.4659799999999999,2.97795923988625,3.845879284053381,6.823838523939632,0.0,4379.0,-1.0,-11551.0,0.011993318515966942,-0.2114622945389554,0.4052,0.5199258572752549,0.3699,0.14,0.21
20260311,137251.7128,137666.5795,138065.3105,136534.1414,365649.0,-138.0,363563.0,1.0,-1.0,6649.0,-2661.0,1.0,-2.0,8575.0,-20319.0,136904.53712,138068.07627,137518.987055,-1163.539149999997,-614.4499349999533,137758.4978766667,138037.3085551191,623938.4,,,2.697980713756222,3.845879284053381,6.543859997809603,0.0,3988.0,-1.0,-11744.0,-0.000377411123782644,-0.1985481932377541,0.3778,0.4691380908248378,0.2466,0.0627,0.271
20260312,138183.6364,136865.715,139722.4006,135935.512,369083.0,3434.0,588105.0,1.0,-1.0,6185.0,-2665.0,2.0,-1.0,8864.0,-20209.0,137278.17282,137794.19971,137527.03343,-516.0268900000083,-248.8606100000034,137823.832963254,137989.8775789682,627353.4,,,2.783269852278438,3.845879284053381,6.629149136331819,0.0,3520.0,1.0,-11345.0,0.009304140261133674,-0.1685750806472721,0.3938,0.4987951807228916,0.3973,0.1667,0.358
20260313,137055.6957,138858.1937,140301.8149,136982.7838,368377.0,-706.0,480542.0,1.0,-1.0,5411.0,-2505.0,2.0,-2.0,6954.0,-21671.0,137251.65406,137354.67507,137638.26488,-103.0210100000259,-386.6108200000017,137872.4992269047,137940.3899511905,609797.6,,,2.678807931574973,3.845879284053381,6.524687215628354,0.0,2906.0,0.0,-14717.0,-0.0019165148747071613,-0.1517075471555434,0.3746,0.4573730560239834,0.4384,0.1893,0.396
20260316,136522.3157,137324.9656,137638.6941,135471.6773,365109.0,-3268.0,427045.0,1.0,-1.0,4655.0,-2746.0,1.0,-2.0,6390.0,-22425.0,137235.603,136921.42052,137857.38311,314.1824800000177,-621.7801099999924,137765.5545715079,137870.5458583809,583393.7,,,2.592736371556945,3.845879284053381,6.438615655610326,0.0,1909.0,-1.0,-16035.0,-0.008950751693329937,-0.2001658601573584,0.3367,0.38439849624060146,0.4932,0.252,0.264
20260317,136062.026,136988.4333,138223.7744,135802.3253,366916.0,1807.0,410149.0,1.0,0.0,6392.0,0.0,1.0,-2.0,6811.0,-29339.0,137015.07732,136979.65249,137917.242875,35.42482999997446,-902.1655550000141,137657.8091088095,137814.2707485,532916.8,,,2.523416611284523,3.845879284053381,6.369295895337904,1.0,6392.0,-1.0,-22528.0,0.004924832931788202,-0.2617118205622403,0.344,0.38185328185328177,0.5068,0.3733,0.121
20260318,135343.0743,136558.7109,136629.5932,135054.0142,347204.0,-19712.0,321773.0,1.0,0.0,6593.0,0.0,1.0,-2.0,5269.0,-32221.0,136633.34962,136768.94337,137998.7974,-135.59375,-1365.447779999988,137432.6576537302,137754.2748581746,500637.9,,,2.48274520840767,3.845879284053381,6.328624492461051,1.0,6593.0,-1.0,-26952.0,-0.056773539475351666,-0.2493851849904599,0.2841,0.2570367474589523,0.6712,0.532,0.133
20260319,131713.6149,135195.2891,135382.5753,130061.9157,330295.0,-16909.0,519153.0,1.0,-1.0,4875.0,-2590.0,1.0,-2.0,4996.0,-31238.0,135339.34532,136308.75907,137596.188615,-969.4137499999779,-2256.843294999999,136930.9943147619,137658.2824942936,496474.1,,,2.589706963242503,3.901763406374117,6.49147036961662,0.0,2285.0,-1.0,-26242.0,-0.05119362993687461,-0.1936956564416248,0.295,0.2598235765838011,0.7123,0.5933,0.289
20260320,133309.8439,129902.159,136121.6428,129022.3049,319485.0,-10810.0,666248.0,2.0,-1.0,4282.0,-2873.0,1.0,-2.0,6485.0,-26437.0,134590.17496,135920.91451,137262.388905,-1330.739549999969,-2672.213944999996,136465.1645500794,137522.1117640397,517955.6,799497.6,,2.793954076673844,3.936849073126955,6.730803149800799,1.0,1409.0,-1.0,-19952.0,-0.03383570433666682,-0.2931743633877731,0.3206,0.3111467522052927,0.726,0.6093,0.073
20260323,133140.141,133084.9696,135896.683,132347.6805,331522.0,12037.0,588933.0,1.0,-1.0,4929.0,-2762.0,1.0,-2.0,6668.0,-25383.0,133913.74002,135574.67151,137133.527195,-1660.931489999988,-3219.787175000034,136073.1243484127,137353.9202427381,498098.8,,0.4488449999999999,2.660733299172055,3.936849073126955,6.59758237229901,0.0,2167.0,-1.0,-18715.0,0.036308299298387435,-0.3058564690367857,0.3903,0.4447597810662882,0.726,0.6387,0.064
20260324,133668.4411,134272.9318,136852.4313,132667.7627,338868.0,7346.0,556168.0,2.0,-1.0,4903.0,-474.0,1.0,-2.0,4956.0,-28423.0,133435.02304,135225.05018,136880.391675,-1790.027139999991,-3445.368635000021,135779.374135873,137155.950875,492167.9,,,2.661762637384609,3.936849073126955,6.598611710511564,1.0,4429.0,-1.0,-23467.0,0.021678057532726606,-0.1814848603063765,0.3829,0.40263325546825235,0.7671,0.644,0.336
20260325,136296.9656,134070.1898,137693.2073,133318.6952,347825.0,8957.0,599327.0,1.0,0.0,5109.0,0.0,1.0,-2.0,6643.0,-28037.0,133625.8013,135129.57546,136598.825865,-1503.774160000001,-2973.024565,135671.1285969841,136947.2139470317,515744.3,,,2.692920983891418,3.936849073126955,6.629770057018373,1.0,5109.0,-1.0,-21394.0,0.025751455473298355,-0.2192538215567387,0.3882,0.3694311172035641,0.6027,0.376,0.194
20260326,136045.5117,138507.6625,138798.6354,135260.6106,338869.0,-8956.0,522523.0,1.0,0.0,5181.0,0.0,2.0,-2.0,6181.0,-27706.0,134492.18066,134915.76299,136354.98135,-423.5823300000047,-1862.800689999975,135679.9806238889,136732.8287130952,509186.1,,,2.741224867474827,3.901763406374117,6.642988273848944,1.0,5181.0,0.0,-21525.0,-0.026429092068026287,-0.1599636365081898,0.3569,0.2186625985252988,0.589,0.3773,0.389
20260327,137297.5259,135483.6864,137635.1699,135267.6067,349296.0,10427.0,407747.0,1.0,0.0,5250.0,0.0,1.0,-2.0,5469.0,-28455.0,135289.71706,134939.94601,136147.31054,349.7710499999812,-857.5934800000105,135701.666150873,136515.7454054921,501906.6,,,2.557731446586648,3.901763406374117,6.459494852960765,1.0,5250.0,-1.0,-22986.0,0.029851472676469242,-0.1493855523046116,0.3713,0.25527587083651165,0.589,0.444,0.409
20260330,137341.8691,136326.0835,137557.961,134852.2462,358132.0,8836.0,455118.0,1.0,0.0,5538.0,0.0,1.0,-2.0,5143.0,-26216.0,136130.06268,135021.90135,135971.660935,1108.161330000003,158.4017450000101,135767.4806635714,136315.9380146984,504713.9,,,2.524210194274826,3.845879284053381,6.370089478328206,1.0,5538.0,-1.0,-21073.0,0.02467246713502284,-0.1638768084286394,0.3575,0.22018815153826596,0.589,0.3853,0.379
20260331,135237.8968,137141.8167,137267.4305,134417.9755,359755.0,1623.0,409939.0,1.0,0.0,5718.0,0.0,1.0,-2.0,5285.0,-27143.0,136443.95382,134939.48843,135959.57046,1504.465389999998,484.383359999978,135716.0290445238,136121.7600082698,504692.9,,,2.600298288743585,3.834424430439138,6.434722719182723,1.0,5718.0,-1.0,-21858.0,0.00451140359411266,-0.0192001364920144,0.3041,0.08441393338418511,0.6164,0.4253,0.558
20260401,134882.5597,134981.5277,136550.8999,134423.9016,355882.0,-3873.0,318662.0,1.0,0.0,5408.0,0.0,1.0,-2.0,5288.0,-27020.0,136161.07264,134893.43697,135831.19017,1267.635670000018,329.8824699999823,135625.0910890476,135941.0033518016,504381.8,,,2.517187357326644,3.834424430439138,6.351611787765782,1.0,5408.0,-1.0,-21732.0,-0.010882820710235415,-0.2202138257690529,0.2954,0.06229341469616074,0.6301,0.4747,0.189
20260402,134093.3344,135372.526,135413.9808,133660.5268,355666.0,-216.0,331814.0,1.0,0.0,5558.0,0.0,1.0,-2.0,5273.0,-29932.0,135770.63718,135131.40892,135720.083995,639.2282600000035,50.55318500002613,135481.7417612698,135796.0780964524,485647.9,,,2.438337843658693,3.834424430439138,6.272762274097831,1.0,5558.0,-1.0,-24659.0,-0.0006073113539106915,-0.2063142588542063,0.2592,0.0,0.6849,0.488,0.238
20260403,134346.4498,133780.0902,135238.1081,133714.9846,349112.0,-6554.0,272066.0,1.0,0.0,5338.0,0.0,1.0,-2.0,4160.0,-29725.0,135180.42196,135235.06951,135577.99201,-54.64754999999423,-397.5700499999803,135337.7922093651,135683.340862381,446229.7,,,2.407056351286349,3.711803017993464,6.118859369279813,1.0,5338.0,-1.0,-25565.0,-0.018773344943742984,-0.2737043178782748,0.2505,0.0,0.6986,0.6187,0.102
20260407,133588.5466,134486.7365,135798.6638,133520.2288,356396.0,7284.0,190713.0,1.0,0.0,5664.0,0.0,1.0,-2.0,3507.0,-34121.0,134429.75746,135279.91007,135427.29079,-850.1526100000192,-997.5333300000057,135174.4938890476,135593.4778164444,406407.7,,,2.402630978787376,3.595836368850361,5.998467347637737,1.0,5664.0,-1.0,-30614.0,0.020437939819751064,-0.2198341543418607,0.2416,0.0,0.726,0.652,0.192
20260408,134706.1549,133344.0343,135006.2551,132281.7706,353600.0,-2796.0,320927.0,1.0,-1.0,5172.0,-2825.0,1.0,-2.0,5973.0,-34689.0,134323.40908,135383.68145,135304.365815,-1060.272370000021,-980.9567350000143,135041.9140647619,135519.7318093333,382883.6,,,2.464370786361775,3.595836368850361,6.060207155212135,0.0,2347.0,-1.0,-28716.0,-0.007907239819004526,-0.1969630175456367,0.2265,0.0,0.7123,0.6093,0.288
20260409,133671.6097,135193.413,135699.3229,133584.6798,353849.0,249.0,262370.0,1.0,0.0,5215.0,-2313.0,1.0,-2.0,4490.0,-34753.0,134081.21908,135121.14586,135125.36066,-1039.92677999998,-1044.141579999996,134926.2003362698,135445.2389832619,349187.9,,,2.29197078307167,3.514989538112646,5.806960321184317,1.0,2902.0,-1.0,-30263.0,0.0007036899920587595,-0.2016720184870379,0.2115,0.0,0.7397,0.6787,0.27
20260410,133414.1317,133877.9981,134612.0365,133294.5551,359616.0,5767.0,265365.0,2.0,-1.0,5216.0,-2767.0,1.0,-2.0,3068.0,-34560.0,133945.37854,134858.00786,134886.885425,-912.6293199999782,-941.5068850000098,134776.2150180159,135354.8624226746,323472.1,,,1.985558146787322,3.321202695971623,5.306760842758946,1.0,2449.0,-1.0,-31492.0,0.016036550097882185,-0.1475215774755817,0.2118,0.0006626905235255019,0.7671,0.6653,0.422
20260413,137190.3434,134095.1209,137245.8106,133020.6228,372828.0,13212.0,453899.0,1.0,0.0,2974.0,-2300.0,1.0,-2.0,5472.0,-29264.0,134514.15726,134847.28961,134893.61781,-333.1323499999999,-379.4605499999889,134870.5824456349,135271.7540521508,328087.3,544678.7999999999,0.34891,2.017050484911317,3.162197821122509,5.179248306033827,1.0,674.0,-1.0,-23792.0,0.0354372525668673,-0.2719364824761286,0.3034,0.20300419703998235,0.7945,0.664,0.106
20260414,139802.9027,137742.2759,139877.7638,137418.4822,383868.0,11040.0,547427.0,1.0,0.0,4992.0,0.0,2.0,-1.0,5071.0,-25022.0,135757.02848,135093.39297,135057.64716,663.6355100000219,699.381320000015,135256.7128451587,135220.6772703095,337318.2,656912.4,0.3527049999999999,1.931641881129139,3.114340977564087,5.045982858693225,1.0,4992.0,1.0,-19951.0,0.028759886210884992,-0.3262725561763634,0.3067,0.21029379279876292,0.8082,0.6533,0.038
20260415,141841.8341,140151.0405,143069.9238,139669.8834,383684.0,-184.0,673017.0,1.0,0.0,2262.0,0.0,2.0,-1.0,8889.0,-26522.0,137184.16432,135753.7867,135346.637565,1430.377620000043,1837.526755000028,135861.5502074604,135235.2293866032,363626.0,807620.4,,1.874820181634005,3.089271624173815,4.96409180580782,1.0,2262.0,1.0,-17633.0,-0.00047956130565778086,-0.182292755298486,0.2809,0.15330240777556878,0.7945,0.6467,0.341
20260416,142357.0142,142148.715,142980.5198,140930.3776,382571.0,-1113.0,411375.0,1.0,0.0,3778.0,0.0,2.0,-1.0,7214.0,-26579.0,138921.24522,136501.23215,135697.33456,2420.013070000015,3223.910659999994,136525.5183720635,135325.2721149048,372897.3,,,1.790715284445606,2.944543047140544,4.73525833158615,1.0,3778.0,1.0,-19365.0,-0.002909263901341189,-0.1311954760476301,0.2687,0.12635299315219792,0.7945,0.7107,0.446
20260417,144306.0444,141888.1558,145624.2823,141445.794,395241.0,12670.0,592215.0,1.0,0.0,3218.0,0.0,2.0,-1.0,8294.0,-28359.0,141099.62776,137522.50315,136326.956035,3577.124609999999,4772.671725000022,137272.666945873,135504.3646333651,398937.4,710658.0,0.3607549999999999,1.878645139722286,2.870852762035123,4.749497901757409,1.0,3218.0,1.0,-20065.0,0.03205639091086198,-0.170633902274326,0.3137,0.22575657168102492,0.863,0.7613,0.373
20260420,142094.2795,144697.4226,145105.5545,139326.0148,363774.0,-31467.0,726325.0,1.0,0.0,4596.0,0.0,2.0,-1.0,8598.0,-32008.0,142080.41498,138297.28612,136766.177815,3783.128859999997,5314.237164999999,137873.5618588889,135757.9415983174,444363.3,871590.0,,2.033966115980755,2.870852762035123,4.904818878015878,1.0,4596.0,1.0,-23410.0,-0.08650150917877583,-0.1846580767598857,0.2796,0.1836074413588569,0.8493,0.7533,0.332
20260421,140628.6581,142018.8493,142835.7774,139869.4675,350567.0,-13207.0,366692.0,1.0,0.0,4661.0,0.0,2.0,-1.0,10738.0,-30846.0,142245.56606,139001.29727,137140.60367,3244.268790000002,5104.96239000003,138293.3719296825,136069.8294023809,461961.2,,,2.03047713753592,2.8246283264625,4.85510546399842,1.0,4661.0,1.0,-20108.0,-0.037673255041119104,-0.2089220635213467,0.2487,0.10029657589646808,0.863,0.7413,0.226
20260422,142203.5573,141312.85,142791.562,140814.5803,349781.0,-786.0,373575.0,1.0,0.0,3266.0,0.0,2.0,-1.0,10647.0,-32310.0,142317.9107,139751.03751,137567.35948,2566.873189999984,4750.551219999994,138749.4362305556,136440.5816189603,467226.0,,,2.024648217692705,2.798451071838076,4.823099289530781,1.0,3266.0,1.0,-21663.0,-0.002247120341013377,-0.2053575873066758,0.2742,0.1690482609867889,0.7534,0.5027,0.249
20260423,142346.0842,142180.1107,143656.4097,140782.0058,347637.0,-2144.0,489964.0,1.0,0.0,3532.0,0.0,2.0,-1.0,9292.0,-32660.0,142315.7247,140618.48496,137869.81541,1697.23973999999,4445.909289999981,139208.1838722222,136868.7799725556,489985.4,,,2.073753078520257,2.782862165331355,4.856615243851612,1.0,3532.0,1.0,-23368.0,-0.006167352727126284,-0.1853659177864336,0.3038,0.24885413858182803,0.7534,0.5027,0.333
20260424,144980.0742,143841.3532,146505.9814,143640.9902,370811.0,23174.0,680714.0,1.0,0.0,3733.0,0.0,2.0,-1.0,7548.0,-32818.0,142450.53066,141775.07921,138316.543535,675.4514499999641,4133.987124999985,139881.5841759524,137379.3168883492,531520.3,816856.7999999999,0.37214,2.197465123228132,2.782862165331355,4.980327288559488,1.0,3733.0,1.0,-25270.0,0.062495449164129434,-0.187434994640986,0.3236,0.30223779994607713,0.7671,0.6013,0.326
20260427,149595.3097,145368.5149,150391.7488,145363.8359,379774.0,8963.0,762157.0,1.0,-1.0,0.0,-809.0,2.0,-1.0,13253.0,-32410.0,143950.7367,143015.57584,138931.432725,935.1608600000036,5019.303974999988,140843.3514674603,137976.5937905317,562346.1,914588.4,0.401235,2.338719650143137,2.798451071838076,5.137170721981214,0.0,-809.0,1.0,-19157.0,0.023600878417163892,-0.2182073713402403,0.3489,0.37045025613372873,0.7808,0.468,0.202
20260428,149707.5821,149903.065,151527.1089,147305.6771,370469.0,-9305.0,753760.0,1.0,0.0,1204.0,0.0,2.0,-1.0,11040.0,-30806.0,145766.5215,144006.04378,139549.718375,1760.477719999995,6216.803125000006,141882.0643830952,138639.1289443254,582979.4,904512.0,0.402615,2.396483029049756,2.798451071838076,5.194934100887832,1.0,1204.0,1.0,-19766.0,-0.02511681139312601,-0.2176212089834927,0.3501,0.4127456819535439,0.9178,0.6267,0.205
20260429,150914.5249,150046.0712,152541.4881,149775.144,369777.0,-692.0,610324.0,1.0,0.0,1226.0,0.0,2.0,-1.0,10084.0,-31074.0,147508.71502,144913.31286,140333.54978,2595.402159999998,7175.165240000002,142967.4987212698,139349.7237957063,576710.1,,0.42458,2.411774428265465,2.782862165331355,5.194636593596821,1.0,1226.0,1.0,-20990.0,-0.001871398167003356,-0.2283923830620821,0.3692,0.46962477665276947,0.9178,0.592,0.178
20260430,149255.485,150547.5177,151135.1279,148850.2962,350400.0,-19377.0,525623.0,1.0,0.0,2237.0,0.0,2.0,-1.0,9690.0,-30914.0,148890.59518,145603.15994,141052.196045,3287.435240000021,7838.399134999985,143874.7752482539,140084.6494833254,588134.9,,,2.440789187204611,2.763224671155974,5.204013858360586,1.0,2237.0,1.0,-21224.0,-0.05529965753424657,-0.2330410392370783,0.3506,0.41423466349017285,0.8904,0.5733,0.169
20260506,154969.312,151099.9469,155622.0501,151012.4051,374107.0,23707.0,333344.0,2.0,0.0,1385.0,0.0,2.0,-1.0,8781.0,-31741.0,150888.44274,146669.4867,142095.994925,4218.95603999999,8792.447814999992,145096.5763020635,140867.0404189445,562247.8,,,2.524692279242882,2.763224671155974,5.287916950398856,2.0,1385.0,1.0,-22960.0,0.06336957073778357,-0.1881113271877479,0.322,0.32906491959499706,0.8767,0.5853,0.328
20260507,150108.4596,153250.261,153334.505,147980.293,366039.0,-8068.0,585119.0,1.0,0.0,4388.0,0.0,1.0,-2.0,4896.0,-37716.0,150991.07272,147470.90471,142884.095415,3520.168009999994,8106.977304999979,145947.1201484127,141674.3962478968,548127.2,,,2.722286703519722,2.763224671155974,5.485511374675697,1.0,4388.0,-1.0,-32820.0,-0.022041367176721605,-0.2297530894636323,0.3147,0.36936292054402287,0.8767,0.54,0.176
20260508,146859.0601,148503.5049,148930.5611,145662.2824,361869.0,-4170.0,467911.0,1.0,0.0,4619.0,0.0,1.0,-2.0,5195.0,-35910.0,150421.36832,148093.94491,143547.62109,2327.423409999989,6873.747229999979,146380.9311649207,142483.1521714206,558249.1,,,2.766648125546722,2.763224671155974,5.529872796702696,1.0,4619.0,-1.0,-30715.0,-0.011523507125506744,-0.2333662174464141,0.3045,0.33285612025769507,0.863,0.504,0.168
20260511,148118.7117,147732.7784,149024.9693,146094.5648,362609.0,740.0,386556.0,1.0,0.0,4752.0,0.0,1.0,-2.0,4904.0,-34661.0,149862.20568,148685.46035,144218.24893,1176.745330000005,5643.956750000012,146808.7216838889,143289.080716754,559547.2,,,2.801707748707192,2.746357443900531,5.548065192607723,1.0,4752.0,-1.0,-29757.0,0.0020407656732182597,-0.2439760543481816,0.2987,0.3365495947510615,0.8356,0.4773,0.149
20260512,145793.7338,148646.9608,149738.0791,144527.852,357918.0,-4691.0,547746.0,2.0,0.0,7690.0,0.0,1.0,-1.0,5014.0,-33004.0,149169.85544,149030.22531,144824.355135,139.630130000005,4345.500304999994,147065.1030246825,144074.772632,565325.4,,,2.849825468427981,2.746357443900531,5.596182912328512,2.0,7690.0,0.0,-27990.0,-0.013106353969344934,-0.3014485265575204,0.2737,0.2400617522192204,0.7808,0.3507,0.068
20260513,147638.8868,146092.4032,147910.3372,145046.9059,357481.0,-437.0,371809.0,2.0,0.0,7274.0,0.0,2.0,-1.0,5301.0,-32311.0,147703.7704,149296.10657,145535.59289,-1592.336170000024,2168.17750999998,147271.5356192064,144813.7677763254,534434.9,,,2.700821975362901,2.746357443900531,5.447179419263431,2.0,7274.0,1.0,-27010.0,-0.0012224425913545055,-0.255278255911826,0.3,0.34156696256271707,0.7671,0.3093,0.131
20260514,145063.9525,147509.3108,148243.358,144587.6203,354478.0,-3003.0,415425.0,1.0,0.0,5879.0,0.0,2.0,-2.0,5100.0,-33233.0,146694.86898,148842.97085,145929.273345,-2148.101869999984,765.5956350000051,147322.5232057936,145461.6849501587,499761.7,,,2.728373284396363,2.695558688912413,5.423931973308776,1.0,5879.0,0.0,-28133.0,-0.008471611778446053,-0.1707577260668429,0.2797,0.2632188344268623,0.7808,0.3827,0.388
20260515,143770.5643,145886.5478,145944.4549,142813.6213,346360.0,-8118.0,401525.0,2.0,0.0,5962.0,0.0,1.0,-2.0,4585.0,-30327.0,146077.16982,148249.26907,146127.656425,-2172.099249999999,-50.48660499998368,147181.4777885714,145991.6262907063,464538.2,,,2.773086743317585,2.626616802631612,5.399703545949198,2.0,5962.0,-1.0,-25742.0,-0.02343804134426608,-0.3130605317190453,0.237,0.0984175993824778,0.7671,0.3693,0.055
20260518,143635.9919,142763.0382,143740.975,141218.3766,339857.0,-6503.0,402514.0,2.0,0.0,7097.0,0.0,1.0,-2.0,3828.0,-28433.0,145180.62586,147521.41577,146217.364315,-2340.789910000021,-1036.738455000042,146902.8777480159,146385.1641933809,443757.2,,,2.755796149938642,2.626616802631612,5.382412952570253,2.0,7097.0,-1.0,-24605.0,-0.019134518341537763,-0.2196167300872725,0.2187,0.02778849864917025,0.7397,0.3107,0.203
20260519,145664.0167,143253.8478,145974.0854,141848.2023,344423.0,4566.0,398776.0,2.0,0.0,6227.0,0.0,1.0,-2.0,4928.0,-28623.0,145154.68244,147162.26894,146382.71444,-2007.586500000005,-1228.032000000007,146755.4333949206,146673.2300080476,431072.5,,,2.753243773249225,2.695558688912413,5.448802462161638,2.0,6227.0,-1.0,-23695.0,0.013256954384579427,-0.1387554954023299,0.2311,0.07564646854496336,0.726,0.312,0.461
20260520,146113.0946,147002.8572,147385.48,143056.1838,337636.0,-6787.0,594566.0,2.0,0.0,3397.0,0.0,1.0,-2.0,6536.0,-28044.0,144849.524,146276.6472,146473.06695,-1427.123200000002,-1623.542950000003,146733.8751560317,146836.9598934444,457194.7,713479.2,,2.705531539374216,2.695558688912413,5.401090228286629,2.0,3397.0,-1.0,-21508.0,-0.020101529457759244,-0.2519639645924014,0.2468,0.13624083365495948,0.7123,0.3133,0.136
20260521,143527.6791,144968.5309,146263.5407,143210.874,339097.0,1461.0,400986.0,2.0,0.0,3533.0,0.0,1.0,-2.0,4964.0,-27603.0,144542.26932,145618.56915,146544.73693,-1076.299830000004,-2002.467609999992,146520.3035078571,146894.2782293889,438781.4,,0.28451,2.656945645706027,2.695558688912413,5.352504334618439,2.0,3533.0,-1.0,-22639.0,0.004308501697154502,-0.29119140710331,0.2474,0.13855654187572372,0.7123,0.3253,0.081
20260522,144087.8583,144401.5792,145253.164,143515.4747,330331.0,-8766.0,339963.0,2.0,0.0,4433.0,0.0,1.0,-2.0,5141.0,-25773.0,144605.72812,145341.44897,146717.69694,-735.7208499999542,-2111.96881999998,146292.8298445238,146885.4680973492,425986.6,,0.2852,2.61241956528155,2.626616802631612,5.239036367913162,2.0,4433.0,-1.0,-20632.0,-0.026537018929497988,-0.2758949602749173,0.248,0.18843572534847705,0.6849,0.3267,0.102
20260525,144770.7544,144013.9876,145523.0895,143360.4119,323082.0,-7249.0,405779.0,2.0,0.0,4494.0,0.0,2.0,-2.0,4004.0,-23708.0,144832.68062,145006.65324,146846.056795,-173.972620000015,-2013.376175000012,146091.7127703968,146813.767206,427908.9,,,2.612175964160701,2.552299571034104,5.164475535194805,2.0,4494.0,0.0,-19704.0,-0.022437028370506557,-0.2881232612542621,0.2201,0.04439855446566854,0.5479,0.1667,0.087
20260526,142960.8814,144303.3249,145834.733,141027.5695,327019.0,3937.0,548969.0,2.0,0.0,4927.0,0.0,1.0,-2.0,4510.0,-23615.0,144292.05356,144723.368,146876.796655,-431.3144399999874,-2584.743095000013,145751.8283668254,146682.4397402143,428031.2,658762.7999999999,,2.55105472761299,2.552299571034104,5.103354298647093,2.0,4927.0,-1.0,-19105.0,0.012039055834676272,-0.2975068590904754,0.2084,0.0,0.5068,0.1733,0.074
20260527,144087.9632,143789.2925,146236.6716,143423.3499,317483.0,-9536.0,477886.0,2.0,0.0,3042.0,0.0,1.0,-1.0,3349.0,-17405.0,143887.02728,144368.27564,146832.191105,-481.2483600000269,-2945.163825000025,145502.6916525397,146505.5553435476,438638.9,,,2.375883493751781,2.552299571034104,4.928183064785884,2.0,3042.0,0.0,-14056.0,-0.030036253909658153,-0.268862759219996,0.2112,0.014227642276422748,0.4384,0.112,0.12
20260528,143850.189,143671.5675,144864.106,142960.8481,320628.0,3145.0,334346.0,2.0,0.0,3715.0,0.0,1.0,-2.0,2112.0,-17810.0,143951.52926,144246.89929,146544.93507,-295.3700300000201,-2593.405809999997,145228.6626122222,146296.1692841905,430531.0,,,2.254083130142032,2.552299571034104,4.806382701176135,2.0,3715.0,-1.0,-15698.0,0.009808875082650298,-0.2886598713540501,0.209,0.0030487804878048244,0.411,0.044,0.087
20260529,144097.8481,144495.7619,145394.3891,143773.0397,318031.0,-2597.0,326034.0,2.0,0.0,4249.0,0.0,2.0,-1.0,2152.0,-16633.0,143953.52722,144279.62767,146264.44837,-326.1004500000272,-2310.921150000009,145012.3509078572,146079.2565961191,422981.9,,,2.193916051747212,2.552299571034104,4.746215622781316,2.0,4249.0,1.0,-14481.0,-0.008165870622675148,-0.3508999961097909,0.2047,0.0,0.3288,0.0267,0.02
20260601,144064.2167,144392.8865,144495.9212,142720.6294,322024.0,3993.0,313446.0,2.0,0.0,4243.0,0.0,2.0,-1.0,2493.0,-16900.0,143812.21968,144322.45015,145921.93296,-510.2304699999804,-2109.713279999996,144797.7555370635,145868.7443750238,414075.1,,,2.026025267543868,2.468102721777123,4.494127989320992,2.0,4243.0,1.0,-14407.0,0.012399696916999976,-0.293978113707899,0.1972,0.0,0.3014,0.028,0.078
20260602,145300.4184,144762.5098,145999.019,143598.4068,322116.0,92.0,394082.0,2.0,0.0,4418.0,0.0,2.0,-1.0,2826.0,-16222.0,144280.12708,144286.09032,145724.17963,-5.963240000011865,-1444.052549999993,144682.590228492,145661.4600583809,413605.7,,0.25208,2.005469004354779,2.426378197789691,4.431847202144469,2.0,4418.0,1.0,-13396.0,0.000285611394652858,-0.2827270889072731,0.2192,0.10576923076923085,0.4384,0.0547,0.1
20260603,143568.0504,145718.4894,146302.7148,143267.8438,338264.0,16148.0,355589.0,2.0,0.0,5263.0,0.0,1.0,-2.0,1821.0,-21000.0,144176.14452,144031.5859,145154.11655,144.5586199999962,-977.9720300000045,144580.062251746,145446.0787679524,389708.0,,,1.976210921384438,2.406905138409595,4.383116059794033,2.0,5263.0,-1.0,-19179.0,0.047737861551923944,-0.2981055745593558,0.2149,0.08509615384615395,0.411,0.0453,0.074
20260604,139260.9183,143007.0704,143217.6668,139135.3749,363412.0,25148.0,405639.0,2.0,0.0,7212.0,0.0,1.0,-2.0,3647.0,-23598.0,143258.29038,143604.90982,144611.739485,-346.6194400000095,-1353.449105000007,144129.131625873,145206.961579754,390173.3,,,2.045241641103121,2.426378197789691,4.471619838892812,2.0,7212.0,-1.0,-19951.0,0.06919969621256315,-0.3461200101988373,0.2017,0.0216346153846154,0.3288,0.0373,0.026
20260605,138987.5269,139664.6688,139872.8875,138242.752,358122.0,-5290.0,280020.0,1.0,0.0,4689.0,0.0,1.0,-2.0,2167.0,-20951.0,142236.22614,143094.87668,144218.162825,-858.6505400000024,-1981.936685000022,143571.4797095238,144934.826566254,384179.0,,,2.004105351924985,2.406905138409595,4.41101049033458,1.0,4689.0,-1.0,-18784.0,-0.014771502448886134,-0.3125460043825559,0.1945,0.0,0.274,0.036,0.058
20260608,139585.9156,139245.9433,140989.8697,138736.033,347929.0,-10193.0,384285.0,1.0,0.0,4368.0,0.0,1.0,-2.0,3191.0,-21672.0,141340.56592,142576.3928,143791.52302,-1235.826879999979,-2450.957100000029,143128.0070129365,144638.4559905079,382029.6,,0.25231,1.916779757628837,2.322905169814776,4.239684927443613,1.0,4368.0,-1.0,-18481.0,-0.029296206984758384,-0.3333245459159701,0.2194,0.12493728048168594,0.2192,0.0333,0.034
20260609,138122.4732,139124.5747,139341.1276,136380.1548,350648.0,2719.0,371950.0,1.0,0.0,4241.0,0.0,1.0,-2.0,2646.0,-21736.0,139904.97688,142092.55198,143407.95999,-2187.575100000016,-3502.983110000001,142573.5158178571,144320.6247356111,364327.7,,,1.868170527542252,2.351398994886119,4.219569522428371,1.0,4241.0,-1.0,-19090.0,0.007754215053272798,-0.3264418486851635,0.2096,0.07576517812343203,0.2055,0.032,0.041
20260610,135603.5903,137442.3061,137536.2263,134170.8829,357528.0,6880.0,338442.0,1.0,0.0,4009.0,0.0,1.0,-2.0,3459.0,-21957.0,138312.08486,141244.11469,142806.195165,-2932.029830000014,-4494.11030499998,141862.4468035714,143956.6002507143,350383.3,,0.26013,1.92082523252338,2.351398994886119,4.272224227409499,1.0,4009.0,-1.0,-18498.0,0.01924324808126916,-0.3204408405084774,0.2262,0.1618998978549541,0.1918,0.0267,0.049
20260611,134404.3824,134098.4097,135658.9158,133711.4895,363137.0,5609.0,316887.0,1.0,0.0,4448.0,0.0,1.0,-2.0,4661.0,-23135.0,137340.77768,140299.53403,142273.21666,-2958.756350000011,-4932.438979999977,141052.5499611905,143538.9889856111,348637.4,,,1.940825567234515,2.292461429877001,4.233286997111517,1.0,4448.0,-1.0,-18474.0,0.015445961166171446,-0.3434376078400434,0.2221,0.1409601634320735,0.1096,0.0133,0.029
20260612,134948.4938,134149.3079,135907.608,133848.7724,363845.0,708.0,309505.0,1.0,0.0,4282.0,0.0,1.0,-2.0,4091.0,-24016.0,136532.97106,139384.5986,141832.113135,-2851.627540000016,-5299.14207500004,140325.8616795238,143070.3400627778,346984.5,,,1.94523378824743,2.292461429877001,4.237695218124431,1.0,4282.0,-1.0,-19925.0,0.0019458835493135814,-0.4007657006175473,0.2228,0.144535240040858,0.0959,0.0133,0.003
20260615,137048.6273,134687.7275,137282.9741,134576.8941,359542.0,-4303.0,282138.0,1.0,0.0,3489.0,0.0,1.0,-2.0,5501.0,-23895.0,136025.5134,138683.03966,141502.744905,-2657.526259999984,-5477.231505000003,139774.9967407143,142568.0641831429,343853.7,,,1.844054647128564,2.292461429877001,4.136516077005565,1.0,3489.0,-1.0,-18394.0,-0.011968003738089013,-0.2634687312540283,0.1936,0.0,0.0137,0.0133,0.143
20260616,136464.1684,137271.8863,137470.9964,135351.2464,339458.0,-20084.0,257301.0,1.0,0.0,3658.0,0.0,1.0,-2.0,6324.0,-24949.0,135693.85244,137799.41466,141042.75249,-2105.562220000022,-5348.900049999997,139299.7556069048,142029.7807209842,330175.6,,,1.79212145444803,2.292461429877001,4.08458288432503,1.0,3658.0,-1.0,-18625.0,-0.059164904052931434,-0.2812984852970114,0.2036,0.05083884087442811,0.0959,0.0347,0.11
20260617,136333.0,136276.3484,136792.7063,135898.1483,338648.0,-810.0,213569.0,1.0,0.0,3828.0,0.0,1.0,-2.0,6488.0,-22827.0,135839.73438,137075.90962,140553.74776,-1236.175240000011,-4714.013380000019,138852.2320647619,141456.9977022857,315973.6,,,1.747250964853661,2.215982022229163,3.963232987082824,1.0,3828.0,-1.0,-16339.0,-0.00239186411849472,-0.2801491306130549,0.1884,0.0,0.0822,0.0293,0.113
20260618,136415.7013,136742.2327,137952.7118,135787.4732,333494.0,-5154.0,290890.0,1.0,0.0,3962.0,0.0,1.0,-2.0,7644.0,-21893.0,136241.99816,136791.38792,140198.14887,-549.3897599999618,-3956.150709999987,138455.0616185714,140889.5907015556,304498.7,,,1.78220343991117,2.168286172532498,3.950489612443668,1.0,3962.0,-1.0,-14249.0,-0.015454550906463084,-0.29283761777843,0.1785,0.0,0.0685,0.028,0.09
20260622,136747.2711,135213.3102,136876.9737,133739.7557,331045.0,-2449.0,248007.0,1.0,0.0,3683.0,0.0,1.0,-2.0,9182.0,-21364.0,136601.75362,136567.36234,139831.11951,34.39128000001074,-3229.365890000015,138043.5582911111,140336.7985597143,301297.4,,,1.859414551374242,2.168286172532498,4.02770072390674,1.0,3683.0,-1.0,-12182.0,-0.0073977857995136615,-0.2999939999937718,0.184,0.026227944682880328,0.0685,0.0173,0.08
20260623,133042.0631,136398.8513,136661.2117,133042.0631,342541.0,11496.0,270951.0,1.0,0.0,4785.0,0.0,1.0,-2.0,9289.0,-22919.0,135800.44078,135912.97709,139244.684945,-112.5363099999959,-3444.244165000011,137507.2905028572,139774.7269087063,289964.0,,0.245755,1.939211675134575,2.168286172532498,4.107497847667074,1.0,4785.0,-1.0,-13630.0,0.03356094598894731,-0.3269567706305464,0.2137,0.167858845970434,0.0822,0.0173,0.043
20260624,130579.0861,132109.5748,132933.0014,130520.0675,349240.0,6699.0,379522.0,1.0,0.0,4802.0,0.0,1.0,-2.0,14256.0,-25767.0,134623.42432,135158.63838,138625.59518,-535.2140599999693,-4002.170859999984,136718.3634417461,139189.2116710953,290721.2,455426.4,,1.92552957947457,2.140945042241065,4.066474621715635,1.0,4802.0,-1.0,-11511.0,0.019181651586301685,-0.3160448559959855,0.2025,0.12448132780082997,0.0959,0.0147,0.058
20260625,130727.2296,129721.7983,131017.0694,127837.2462,336564.0,-12676.0,459793.0,1.0,0.0,6084.0,0.0,2.0,-2.0,19711.0,-22545.0,133502.27024,134671.00231,137957.5585,-1168.732069999969,-4455.288260000001,135900.1219704762,138592.9791877857,302856.3,551751.6,,1.868208455847712,2.140945042241065,4.009153498088777,1.0,6084.0,0.0,-2834.0,-0.037662970490010814,-0.274941819180897,0.2091,0.15871369294605817,0.0959,0.0187,0.124
20260626,128969.6274,130671.9316,130829.8994,126984.3122,335558.0,-1006.0,377650.0,1.0,0.0,6249.0,0.0,2.0,-1.0,23464.0,-23325.0,132013.05546,134127.52681,137213.53042,-2114.471350000007,-5200.474959999992,135053.1448218254,137993.0386738492,308932.6,453180.0,,1.995398376009829,2.168286172532498,4.163684548542327,1.0,6249.0,1.0,139.0,-0.0029979914053606233,-0.2557334436905063,0.2123,0.1772417409543786,0.0274,0.0147,0.156
20260629,129419.0912,128469.6508,129741.1503,128017.9215,330255.0,-5303.0,309038.0,1.0,0.0,6659.0,0.0,1.0,-2.0,23506.0,-24382.0,130547.41948,133574.58655,136479.592575,-3027.16707000001,-5932.173094999991,134269.7482563492,137387.4273315318,308885.9,,,1.977954532915807,2.168286172532498,4.146240705448306,1.0,6659.0,-1.0,-876.0,-0.016057289064510757,-0.2358792428686531,0.2031,0.12899842684845314,0.0137,0.016,0.196
20260630,127132.3502,127960.8704,128144.9704,124420.1984,344964.0,14709.0,444606.0,1.0,0.0,5988.0,0.0,1.0,-2.0,27430.0,-25886.0,129365.4769,132582.95884,135632.99925,-3217.481940000027,-6267.522350000043,133348.680710873,136744.7957285476,325132.7,533527.2,0.26933,2.085593161495263,2.215982022229163,4.301575183724426,1.0,5988.0,-1.0,1544.0,0.042639231919852506,-0.3093822414515446,0.2342,0.2920818038804405,0.0137,0.0173,0.07
20260701,125565.577,126903.7377,128099.658,124785.7132,352440.0,7476.0,349772.0,1.0,0.0,5097.0,0.0,1.0,-2.0,29733.0,-29263.0,128362.77508,131493.0997,134646.25718,-3130.324619999985,-6283.482100000008,132437.5138368254,136058.5715515397,334379.8,,,2.062539326367072,2.281748243632244,4.344287569999317,1.0,5097.0,-1.0,470.0,0.021212121212121213,-0.3306810515954266,0.2262,0.2501310959622445,0.0137,0.0187,0.039
20260702,125198.9693,126473.9784,127787.0953,125128.6,355835.0,3395.0,303923.0,1.0,0.0,5995.0,0.0,1.0,-2.0,30120.0,-30076.0,127257.12302,130379.69663,133727.803125,-3122.573609999978,-6470.680104999992,131599.0814312698,135333.2564881905,343415.2,,,2.11127558769663,2.281748243632244,4.393023831328875,1.0,5995.0,-1.0,44.0,0.009540938918318883,-0.3081070919681109,0.2251,0.24436287362349243,0.0137,0.02,0.074
20260703,127380.67,125829.7151,128729.1786,125298.6525,355142.0,-693.0,345056.0,1.0,0.0,5870.0,0.0,1.0,-2.0,34269.0,-27789.0,126939.33154,129476.1935,133133.79071,-2536.861960000009,-6194.459170000031,130933.8501485714,134581.1353411905,348831.8,,,2.199875835149063,2.304885475581208,4.504761310730272,1.0,5870.0,-1.0,6480.0,-0.0019513321431990584,-0.3063279181784076,0.223,0.233350812794966,0.0137,0.0213,0.078
20260706,126902.5259,126699.5465,127472.9932,125991.8579,364639.0,9497.0,304366.0,1.0,0.0,6012.0,0.0,1.0,-2.0,35431.0,-28721.0,126436.01848,128491.71898,132529.54066,-2055.700500000006,-6093.52218,130317.5516953968,133808.5346816191,354467.7,,,2.145162007502107,2.304885475581208,4.450047483083315,1.0,6012.0,-1.0,6710.0,0.02604493759581394,-0.2919111232766964,0.2178,0.20608285264813847,0.0137,0.0227,0.099
