,收盘价,开盘价,最高价,最低价,持仓量,持仓量变动,成交量,家人多头席位数,家人空头席位数,家人多头持仓量,家人空头持仓量,机构多头席位数,机构空头席位数,机构多头持仓量,机构空头持仓量,ma5,ma10,ma20,diff5_10,diff5_20,DKX,MADKX,成交量MA10,成交量放大信号,IV上涨信号,ATRMA14,ATR60D60pct,推荐止损宽度,家人净多头席位,家人净多头持仓量,机构净多头席位,机构净多头持仓量,持仓量变幅,CB_index,IV,IV_pct,趋势横截面分位数,趋势历史分位数,CB_index历史分位数
20240506,3656.2,3666.0,3678.8,3647.6,64765.0,1842.0,47582.0,2.0,-1.0,3139.0,-1727.0,2.0,-1.0,2211.0,-8773.0,3603.8,3569.88,3552.74,33.92000000000007,51.05999999999995,3562.813492063492,3541.704746031746,48185.5,,,1.479666633196106,1.417926087347427,2.897592720543533,1.0,1412.0,1.0,-6562.0,0.028441287732571607,0.3687815652585995,,,0.9726,0.9067,0.413
20240507,3658.0,3656.0,3666.2,3648.2,58149.0,-6616.0,32715.0,2.0,-1.0,3079.0,-1716.0,2.0,-1.0,2700.0,-8582.0,3628.72,3578.78,3556.16,49.9399999999996,72.55999999999995,3572.877142857143,3545.170396825397,47260.2,,,1.404544963445819,1.380434547288842,2.784979510734661,1.0,1363.0,1.0,-5882.0,-0.11377667715695884,0.4220597118609741,,,0.9726,0.9227,0.493
20240508,3628.6,3654.0,3654.0,3626.4,55972.0,-2177.0,33023.0,2.0,-1.0,3056.0,-1667.0,2.0,-1.0,2358.0,-7971.0,3636.92,3587.44,3558.860000000001,49.47999999999956,78.05999999999904,3580.650793650793,3549.383587301587,45691.5,,,1.290778781849998,1.37714522955825,2.667924011408248,1.0,1389.0,1.0,-5613.0,-0.03889444722361181,0.4699451332083732,,,0.9726,0.9387,0.541
20240509,3663.6,3635.0,3673.0,3631.2,54826.0,-1146.0,38078.0,2.0,-1.0,3064.0,-1775.0,2.0,-2.0,2796.0,-7654.0,3643.32,3600.239999999999,3564.95,43.08000000000038,78.36999999999989,3589.719047619048,3554.497777777778,44810.6,,,1.284543260230543,1.375989940231095,2.660533200461638,1.0,1289.0,0.0,-4858.0,-0.02090249151862255,0.4212819524658844,,,0.9863,0.944,0.492
20240510,3665.0,3670.4,3681.0,3637.6,53884.0,-942.0,43705.0,2.0,-1.0,2637.0,-1483.0,2.0,-2.0,3347.0,-7602.0,3654.28,3615.78,3571.38,38.5,82.90000000000055,3599.294761904763,3560.790984126984,44491.9,,,1.231466391064119,1.34719799737709,2.578664388441209,1.0,1154.0,0.0,-4255.0,-0.017481998366862147,0.463402063053006,,,0.9315,0.86,0.536
20240513,3661.6,3645.0,3673.8,3618.0,49303.0,-4581.0,43591.0,2.0,-1.0,2545.0,-1482.0,2.0,-2.0,3821.0,-8326.0,3655.36,3629.58,3579.03,25.77999999999929,76.32999999999947,3607.136031746032,3568.054873015873,44692.4,,,1.230791205913513,1.34719799737709,2.577989203290604,1.0,1063.0,0.0,-4505.0,-0.09291523842362534,0.4010921591959645,,,0.9452,0.856,0.466
20240514,3655.6,3666.8,3678.0,3644.2,41898.0,-7405.0,37330.0,2.0,-1.0,3227.0,-1132.0,2.0,-2.0,4080.0,-8572.0,3654.88,3641.8,3586.37,13.07999999999947,68.50999999999976,3614.985714285715,3576.177412698413,43624.0,,,1.214563679478706,1.324486371018623,2.539050050497329,1.0,2095.0,0.0,-4492.0,-0.17673874647954557,0.3851605369830526,,,0.9452,0.9187,0.442
20240515,3629.6,3650.0,3656.6,3622.2,33096.0,-8802.0,33460.0,2.0,-1.0,3368.0,-856.0,2.0,-2.0,3335.0,-8738.0,3655.08,3646.0,3594.23,9.080000000000382,60.84999999999991,3619.554126984126,3584.408126984127,40783.4,,0.149385,1.20480023392645,1.307413445491642,2.512213679418092,1.0,2512.0,0.0,-5403.0,-0.26595358955765047,0.3954941879787382,,,0.9315,0.9187,0.462
20240516,3623.0,3627.2,3645.2,3614.0,135302.0,102206.0,57067.0,2.0,-1.0,3482.0,-837.0,2.0,-2.0,4349.0,-7978.0,3646.96,3645.14,3598.06,1.819999999999709,48.90000000000009,3622.931428571429,3592.194206349207,40560.7,68480.4,,1.185547906859384,1.27980695416911,2.465354861028494,1.0,2645.0,0.0,-3629.0,0.7553916423999645,0.4260287838660049,,,0.9315,0.8573,0.501
20240517,3669.0,3628.0,3675.0,3615.8,142379.0,7077.0,73451.0,2.0,-1.0,3589.0,-658.0,2.0,-2.0,3099.0,-6549.0,3647.76,3651.02,3605.81,-3.259999999999764,41.94999999999982,3628.161587301588,3599.812412698413,44000.2,88141.2,,1.23444656300985,1.27980695416911,2.51425351717896,1.0,2931.0,0.0,-3450.0,0.049705363852815376,0.0948910332080484,,,0.9178,0.8307,0.202
20240520,3675.0,3676.2,3695.6,3662.0,137734.0,-4645.0,64289.0,2.0,-1.0,3432.0,-422.0,2.0,-2.0,2794.0,-7426.0,3650.44,3652.9,3611.39,-2.460000000000036,39.04999999999973,3635.035238095238,3607.034587301588,45670.9,77146.8,0.157435,1.209065640032462,1.27980695416911,2.488872594201573,1.0,3010.0,0.0,-4632.0,-0.03372442534160048,0.2851262529363545,,,0.9041,0.8173,0.318
20240521,3662.2,3663.4,3674.0,3649.0,132670.0,-5064.0,46783.0,2.0,-1.0,3420.0,-417.0,1.0,-2.0,2958.0,-7642.0,3651.76,3653.32,3616.05,-1.559999999999945,35.70999999999958,3640.126031746031,3613.759476190477,47077.7,,0.15801,1.133311932854695,1.27980695416911,2.413118887023805,1.0,3003.0,-1.0,-4684.0,-0.038169895228763094,0.2840441894850863,,,0.8904,0.736,0.317
20240522,3666.4,3662.2,3677.0,3653.8,133359.0,689.0,50559.0,2.0,-1.0,3236.0,-392.0,1.0,-2.0,3296.0,-6653.0,3659.12,3657.1,3622.27,2.019999999999982,36.84999999999945,3644.79761904762,3620.174158730159,48831.3,,0.161115,1.043345591111808,1.259258731347442,2.302604322459249,1.0,2844.0,-1.0,-3357.0,0.005166505447701318,0.3000854428885412,,,0.9178,0.7307,0.333
20240523,3629.2,3654.2,3655.0,3615.0,132524.0,-835.0,63497.0,2.0,-1.0,3147.0,-490.0,2.0,-2.0,2980.0,-6968.0,3660.36,3653.66,3626.95,6.699999999999818,33.40999999999985,3646.191904761904,3625.821444444444,51373.2,76196.4,,1.08441037874196,1.27980695416911,2.36421733291107,1.0,2657.0,0.0,-3988.0,-0.006300745525338806,0.292211578465802,,,0.9315,0.7307,0.326
20240524,3589.0,3618.8,3637.6,3586.0,128483.0,-4041.0,61126.0,2.0,-1.0,3191.0,-530.0,2.0,-2.0,1997.0,-7575.0,3644.36,3646.06,3630.92,-1.700000000000728,13.44000000000005,3643.730476190476,3630.265015873016,53115.3,,0.171695,1.05255326397237,1.307413445491642,2.359966709464012,1.0,2661.0,0.0,-5578.0,-0.03145163173338107,0.2992532810610795,,,0.9178,0.7533,0.332
20240527,3617.4,3598.6,3619.4,3588.6,121946.0,-6537.0,51760.0,2.0,-1.0,3107.0,-726.0,2.0,-2.0,1997.0,-5924.0,3632.84,3641.639999999999,3635.61,-8.799999999999272,-2.769999999999527,3641.738571428572,3633.725269841269,53932.2,,,1.078471329592125,1.27980695416911,2.358278283761235,1.0,2381.0,0.0,-3927.0,-0.053605694323717056,0.2930189973723658,,,0.9452,0.772,0.328
20240528,3596.4,3612.8,3621.8,3587.0,120145.0,-1801.0,48798.0,2.0,-1.0,3210.0,-693.0,2.0,-2.0,2242.0,-5400.0,3619.68,3635.72,3638.76,-16.03999999999951,-19.07999999999947,3638.407777777777,3636.067476190476,55079.0,,,1.085426347469757,1.259258731347442,2.344685078817199,1.0,2517.0,0.0,-3158.0,-0.014990220150651296,0.3116112661463309,,,0.9589,0.8133,0.35
20240529,3596.2,3598.2,3623.0,3588.8,119393.0,-752.0,53321.0,2.0,-1.0,2872.0,-828.0,2.0,-2.0,1955.0,-5097.0,3605.64,3632.38,3639.19,-26.73999999999978,-33.54999999999973,3634.708412698412,3637.582904761905,57065.1,,,1.066837339699543,1.238658335873599,2.305495675573142,1.0,2044.0,0.0,-3142.0,-0.006298526714296483,0.3079401137225722,,,0.9863,0.924,0.344
20240530,3586.0,3590.0,3614.8,3576.6,119626.0,233.0,57085.0,2.0,-1.0,3319.0,-868.0,2.0,-2.0,1947.0,-5254.0,3597.0,3628.68,3636.91,-31.68000000000029,-39.90999999999985,3630.194444444444,3638.309206349206,57066.9,,,1.058269723103786,1.22079178000958,2.279061503113366,1.0,2451.0,0.0,-3307.0,0.0019477371140053166,0.2881384603918153,,,0.9863,0.924,0.322
20240531,3571.8,3596.0,3606.8,3568.8,117050.0,-2576.0,51590.0,2.0,-1.0,3401.0,-781.0,1.0,-2.0,2201.0,-5088.0,3593.56,3618.96,3634.99,-25.40000000000009,-41.43000000000029,3624.553968253968,3637.948444444445,54880.8,,,1.025079382588621,1.213343986886769,2.23842336947539,1.0,2620.0,-1.0,-2887.0,-0.022007689021785563,0.31560860547924,,,0.9863,0.924,0.354
20240603,3572.6,3570.0,3587.6,3552.8,119208.0,2158.0,59654.0,2.0,-1.0,3380.0,-782.0,2.0,-2.0,2298.0,-3098.0,3584.6,3608.72,3630.81,-24.11999999999989,-46.21000000000004,3618.578095238096,3636.30273015873,54417.3,,,1.028731073834242,1.213343986886769,2.242075060721011,1.0,2598.0,0.0,-800.0,0.01810281189181934,0.3229263650312452,,,1.0,0.9427,0.364
20240604,3597.6,3570.2,3611.8,3565.8,113456.0,-5752.0,58083.0,2.0,-1.0,3364.0,-707.0,2.0,-2.0,2942.0,-2233.0,3584.84,3602.26,3627.79,-17.41999999999962,-42.94999999999982,3614.686666666666,3633.758793650794,55547.3,,,1.052282446033506,1.213343986886769,2.265626432920275,1.0,2657.0,0.0,709.0,-0.05069806797348752,0.2516540404885862,,,0.9863,0.936,0.298
20240605,3584.0,3593.0,3609.8,3583.0,107030.0,-6426.0,44885.0,2.0,-1.0,3307.0,-654.0,2.0,-2.0,3180.0,-2003.0,3582.4,3594.02,3625.56,-11.61999999999944,-43.15999999999985,3610.800158730158,3630.359047619047,54979.9,,,1.044399835614706,1.213343986886769,2.257743822501475,1.0,2653.0,0.0,1177.0,-0.060039241334205365,0.3126926765021269,,,0.9863,0.9373,0.354
20240606,3584.4,3598.0,3618.4,3570.6,114374.0,7344.0,66361.0,2.0,-1.0,3413.0,-811.0,3.0,-2.0,3223.0,-1606.0,3582.079999999999,3589.54,3621.6,-7.460000000000491,-39.52000000000044,3607.405873015873,3626.480444444444,55266.3,79633.2,0.15801,1.023586828741179,1.213343986886769,2.236930815627947,1.0,2602.0,1.0,1617.0,0.06421039746795601,0.3088382157684659,,,0.9452,0.9133,0.348
20240607,3558.8,3595.0,3598.4,3539.0,110267.0,-4107.0,66751.0,2.0,-1.0,2154.0,-715.0,2.0,-2.0,4680.0,-2385.0,3579.48,3586.52,3616.29,-7.039999999999964,-36.80999999999949,3602.283333333333,3622.33573015873,55828.8,,,1.077124494168056,1.22079178000958,2.297916274177636,1.0,1439.0,0.0,2295.0,-0.03724595753942703,0.3017108903574863,,,0.9315,0.8827,0.34
20240611,3536.6,3548.0,3554.4,3517.6,108077.0,-2190.0,54307.0,2.0,-1.0,2268.0,-699.0,2.0,-2.0,3219.0,-2473.0,3572.28,3578.44,3610.04,-6.159999999999854,-37.75999999999976,3594.606984126984,3617.622571428571,56083.5,,,1.110041681249803,1.213343986886769,2.323385668136572,1.0,1569.0,0.0,746.0,-0.020263330773430056,0.2789194986616238,,,0.9178,0.852,0.314
20240612,3531.2,3533.4,3541.6,3521.2,99927.0,-8150.0,42344.0,2.0,-1.0,2296.0,-425.0,2.0,-2.0,3691.0,-1924.0,3559.0,3571.92,3603.820000000001,-12.91999999999962,-44.82000000000062,3587.058253968254,3612.487619047618,55438.1,,,1.107451067970459,1.213343986886769,2.320795054857228,1.0,1871.0,0.0,1767.0,-0.08155953846307805,0.3041442248664706,,,0.9178,0.7747,0.344
20240613,3517.6,3536.8,3542.6,3507.4,96661.0,-3266.0,47303.0,2.0,-1.0,2352.0,-534.0,2.0,-1.0,4828.0,-2105.0,3545.72,3564.06,3598.22,-18.33999999999969,-52.49999999999955,3579.123492063492,3606.929126984127,54836.3,,,1.077546583106181,1.213343986886769,2.290890569992951,1.0,1818.0,1.0,2723.0,-0.03378818758341006,0.34738634732947,,,0.9178,0.7267,0.405
20240614,3533.6,3512.6,3540.2,3498.0,93832.0,-2829.0,58876.0,2.0,-1.0,2368.0,-649.0,2.0,-1.0,6732.0,-1738.0,3535.56,3558.82,3593.75,-23.25999999999976,-58.19000000000005,3571.793015873016,3601.088984126984,55015.4,,,1.059934939440865,1.20131877395653,2.261253713397394,1.0,1719.0,1.0,4994.0,-0.03014962912439253,0.3476991265006768,,,0.9041,0.7013,0.407
20240617,3527.6,3515.2,3536.6,3514.6,79881.0,-13951.0,49884.0,2.0,-1.0,2590.0,-344.0,2.0,-1.0,5557.0,-1822.0,3529.32,3554.4,3586.68,-25.08000000000038,-57.36000000000058,3565.117936507937,3595.145380952381,54844.8,,,1.044205361723962,1.192474078047532,2.236679439771494,1.0,2246.0,1.0,3735.0,-0.174647287840663,0.39402979189443,,,0.8904,0.66,0.48
20240618,3537.2,3533.8,3549.2,3526.4,67671.0,-12210.0,52593.0,2.0,-1.0,2617.0,-151.0,2.0,-1.0,5254.0,-1807.0,3529.44,3550.86,3579.79,-21.41999999999962,-50.34999999999991,3560.342857142857,3589.321857142857,54138.7,,,1.021366423732623,1.192474078047532,2.213840501780155,1.0,2466.0,1.0,3447.0,-0.18043179500820145,0.3682265035337363,,,0.863,0.6227,0.431
20240619,3527.6,3541.4,3547.6,3522.4,52175.0,-15496.0,45265.0,2.0,-1.0,2641.0,-109.0,2.0,-1.0,5622.0,-2181.0,3528.72,3543.86,3573.06,-15.13999999999987,-44.34000000000015,3555.550317460317,3583.408222222222,52856.9,,,1.004689892417806,1.192474078047532,2.197163970465339,1.0,2532.0,1.0,3441.0,-0.29700047915668426,0.3710800075440985,,,0.8082,0.5973,0.438
20240620,3505.0,3529.8,3535.6,3501.0,32722.0,-19453.0,40551.0,2.0,-1.0,3385.0,-215.0,2.0,-1.0,6091.0,-2833.0,3526.2,3535.96,3564.989999999999,-9.760000000000218,-38.78999999999951,3549.827142857143,3577.31092063492,52423.5,,,0.9990822290563054,1.192474078047532,2.191556307103837,1.0,3170.0,1.0,3258.0,-0.5944930016502659,0.3485203043768426,,,0.7808,0.572,0.409
20240621,3463.0,3474.4,3477.6,3445.2,84986.0,52264.0,57459.0,2.0,-1.0,3702.0,-696.0,2.0,-1.0,6178.0,-2837.0,3512.08,3523.82,3556.679999999999,-11.73999999999933,-44.599999999999,3540.000158730159,3570.570349206349,51533.3,,,1.045246970357102,1.20131877395653,2.246565744313632,1.0,3006.0,1.0,3341.0,0.6149718777210365,0.3498445102237181,,,0.7123,0.5027,0.41
20240624,3450.0,3446.0,3478.6,3441.4,83482.0,-1504.0,57669.0,2.0,-1.0,3748.0,-736.0,2.0,-1.0,7465.0,-2899.0,3496.56,3512.94,3549.73,-16.38000000000011,-53.16999999999962,3529.655555555556,3563.307571428572,50625.1,,0.14674,1.052691176886897,1.192474078047532,2.245165254934429,1.0,3012.0,1.0,4566.0,-0.01801585970628399,0.108235577825151,,,0.6438,0.4533,0.208
20240625,3427.8,3453.6,3457.8,3409.2,84819.0,1337.0,57714.0,2.0,-1.0,3662.0,-489.0,2.0,-1.0,8239.0,-2846.0,3474.68,3502.06,3540.25,-27.37999999999965,-65.56999999999971,3518.519365079365,3555.69880952381,50965.8,,0.153065,1.061593526552013,1.192474078047532,2.254067604599545,1.0,3173.0,1.0,5393.0,0.01576297763472807,0.1401884582875477,,,0.6575,0.412,0.231
20240626,3447.2,3426.0,3459.6,3414.6,80122.0,-4697.0,53995.0,2.0,-1.0,3608.0,-526.0,2.0,-1.0,8182.0,-2502.0,3458.6,3493.66,3532.79,-35.05999999999995,-74.1899999999996,3508.714603174604,3547.864444444445,52130.9,,,1.101579731258495,1.20131877395653,2.302898505215024,1.0,3082.0,1.0,5680.0,-0.05862309977284641,0.154923415135511,,,0.589,0.368,0.24
20240627,3430.0,3438.6,3442.0,3421.2,80786.0,664.0,48155.0,2.0,-1.0,3551.0,-665.0,2.0,-1.0,8186.0,-2774.0,3443.6,3484.9,3524.48,-41.30000000000018,-80.87999999999965,3498.950952380952,3539.847190476191,52216.1,,,1.060555342374043,1.192474078047532,2.253029420421576,1.0,2886.0,1.0,5412.0,0.00821924590894462,0.1264171996015558,,,0.5753,0.348,0.224
20240628,3435.4,3425.0,3465.0,3422.0,83004.0,2218.0,57829.0,2.0,-1.0,3564.0,-762.0,2.0,-2.0,7895.0,-2824.0,3438.08,3475.08,3516.95,-37.0,-78.86999999999944,3490.362698412698,3531.704158730159,52111.4,,,1.029674768466414,1.192474078047532,2.222148846513946,1.0,2802.0,0.0,5071.0,0.026721603778131174,0.1398295363961045,,,0.5753,0.3053,0.231
20240701,3448.6,3438.0,3458.6,3417.0,79496.0,-3508.0,47857.0,1.0,-1.0,3484.0,-807.0,2.0,-1.0,7812.0,-2471.0,3437.8,3467.18,3510.79,-29.38000000000011,-72.98999999999933,3483.169999999999,3523.509365079365,51908.7,,,1.032352229725019,1.199064337986185,2.231416567711204,0.0,2677.0,1.0,5341.0,-0.04412800644057563,0.1839231603097756,,,0.4795,0.2627,0.267
20240702,3444.6,3441.4,3461.2,3436.8,77683.0,-1813.0,40162.0,1.0,-1.0,3193.0,-889.0,2.0,-1.0,8528.0,-2751.0,3441.16,3457.92,3504.39,-16.75999999999976,-63.23000000000047,3476.712222222223,3515.146301587301,50665.6,,,1.042402536594981,1.192474078047532,2.234876614642513,0.0,2304.0,1.0,5777.0,-0.023338439555629933,0.1860829505364497,,,0.4384,0.152,0.269
20240703,3438.2,3449.8,3452.0,3428.8,77951.0,268.0,40891.0,1.0,-1.0,3177.0,-1050.0,2.0,-1.0,8843.0,-2911.0,3439.36,3448.98,3496.42,-9.6200000000008,-57.05999999999995,3470.636507936508,3506.65492063492,50228.2,,,1.019421669498392,1.192474078047532,2.211895747545924,0.0,2127.0,1.0,5932.0,0.0034380572410873497,0.1845064140872265,,,0.3699,0.116,0.269
20240704,3419.0,3445.0,3459.8,3418.0,81880.0,3929.0,49753.0,2.0,-1.0,3498.0,-1134.0,2.0,-1.0,8289.0,-3146.0,3437.16,3440.38,3488.17,-3.220000000000255,-51.00999999999976,3464.137777777778,3498.085984126984,51148.4,,,1.021005665839195,1.199064337986185,2.22007000382538,1.0,2364.0,1.0,5143.0,0.04798485588666341,0.2031549752770189,,,0.3151,0.1107,0.277
20240705,3404.8,3423.0,3427.0,3373.2,86876.0,4996.0,57546.0,2.0,-1.0,3459.0,-1106.0,2.0,-1.0,8968.0,-3195.0,3431.04,3434.56,3479.19,-3.519999999999982,-48.15000000000009,3456.252539682539,3489.711222222222,51157.1,,,1.089329122087542,1.208541045029091,2.297870167116633,1.0,2353.0,1.0,5773.0,0.05750725171508817,0.2216588692391623,,,0.2192,0.068,0.293
20240708,3379.2,3397.8,3403.6,3370.2,79038.0,-7838.0,40933.0,1.0,-1.0,3434.0,-1111.0,2.0,-1.0,9591.0,-2837.0,3417.16,3427.48,3470.21,-10.32000000000062,-53.05000000000018,3447.135873015873,3481.459253968254,49483.5,,0.14513,1.117369412116034,1.208541045029091,2.325910457145125,0.0,2323.0,1.0,6754.0,-0.09916748905589716,0.2650412054129324,,,0.1918,0.0653,0.313
20240709,3418.2,3378.8,3432.6,3363.0,85362.0,6324.0,62497.0,2.0,-1.0,3202.0,-1176.0,2.0,-1.0,9329.0,-2746.0,3411.88,3426.52,3464.29,-14.63999999999987,-52.40999999999985,3440.645396825396,3473.671857142857,49961.8,74996.4,,1.212196794911767,1.208541045029091,2.420737839940858,1.0,2026.0,1.0,6583.0,0.07408448724256696,0.1993011205010142,,,0.1918,0.0587,0.274
20240710,3412.4,3416.0,3432.0,3409.0,75866.0,-9496.0,39700.0,2.0,-1.0,3478.0,-1087.0,2.0,-1.0,9223.0,-2695.0,3406.72,3423.04,3458.35,-16.32000000000016,-51.63000000000011,3435.94380952381,3466.394777777777,48532.3,,,1.190377022141514,1.208541045029091,2.398918067170604,1.0,2391.0,1.0,6528.0,-0.12516805947328183,0.1760774691488678,,,0.1781,0.048,0.259
20240711,3455.8,3437.6,3468.8,3424.8,77116.0,1250.0,51487.0,2.0,-1.0,3350.0,-927.0,2.0,-1.0,8626.0,-1941.0,3414.08,3425.62,3455.260000000001,-11.53999999999996,-41.18000000000029,3434.981269841269,3459.99780952381,48865.5,,,1.183473856100244,1.208541045029091,2.392014901129334,1.0,2423.0,1.0,6685.0,0.016209346957829763,0.1564552048933115,,,0.1644,0.0533,0.244
20240712,3461.6,3455.4,3470.8,3452.4,68473.0,-8643.0,37297.0,2.0,-1.0,3306.0,-1581.0,2.0,-1.0,9024.0,-2064.0,3425.44,3428.24,3451.66,-2.800000000000182,-26.2199999999998,3435.458095238096,3454.507349206349,46812.3,,,1.144039914374007,1.199064337986185,2.343104252360192,1.0,1725.0,1.0,6960.0,-0.1262249353759876,0.1387645847416805,,,0.1918,0.0667,0.23
20240715,3461.0,3456.0,3471.8,3453.8,65192.0,-3281.0,38026.0,2.0,-1.0,2973.0,-1002.0,2.0,-1.0,9877.0,-2236.0,3441.8,3429.48,3448.33,12.31999999999971,-6.5300000000002,3436.191746031746,3449.809523809524,45829.2,,,1.079573830531048,1.188204571139473,2.267778401670521,1.0,1971.0,1.0,7641.0,-0.05032826113633575,0.2239011533064515,,,0.2055,0.0747,0.3
20240716,3485.8,3461.0,3490.6,3453.0,59325.0,-5867.0,49573.0,2.0,-1.0,3082.0,-1186.0,2.0,-1.0,9111.0,-2150.0,3455.32,3433.6,3445.76,21.7199999999998,9.559999999999945,3438.91380952381,3446.029682539683,46770.3,,,1.063321038120704,1.172646267960408,2.235967306081112,1.0,1896.0,1.0,6961.0,-0.09889591234723978,0.3242016964255764,,,0.1918,0.0867,0.388
20240717,3493.2,3485.2,3505.2,3477.6,47617.0,-11708.0,47550.0,2.0,-1.0,3264.0,-2146.0,2.0,-1.0,7832.0,-2377.0,3471.48,3439.1,3444.04,32.38000000000056,27.44000000000051,3443.269523809524,3443.292984126984,47436.2,,,1.065247997209175,1.153731314258867,2.218979311468043,1.0,1118.0,1.0,5455.0,-0.24587857277862948,0.315788658726597,,,0.2055,0.096,0.377
20240718,3515.2,3478.0,3516.0,3472.6,27342.0,-20275.0,43599.0,2.0,-1.0,3308.0,-1791.0,2.0,-1.0,6904.0,-2525.0,3483.36,3448.72,3444.55,34.63999999999987,38.80999999999949,3448.922857142857,3441.771492063492,46820.8,,,1.064314974210989,1.172646267960408,2.236961242171397,1.0,1517.0,1.0,4379.0,-0.7415331724087485,0.3347967042925409,,,0.2466,0.1093,0.402
20240719,3510.2,3482.6,3516.0,3476.0,69554.0,42212.0,59343.0,1.0,-1.0,3201.0,-1612.0,2.0,-1.0,6147.0,-3199.0,3493.08,3459.26,3446.91,33.82000000000062,46.17000000000053,3454.196666666667,3441.565904761905,47000.5,71211.59999999999,,1.059644880246464,1.172646267960408,2.232291148206872,0.0,1589.0,1.0,2948.0,0.6068953618771027,0.3503941621985053,,,0.274,0.128,0.431
20240722,3492.4,3515.0,3522.0,3476.0,67619.0,-1935.0,50646.0,1.0,-1.0,3101.0,-1635.0,2.0,-1.0,6257.0,-3487.0,3499.36,3470.579999999999,3449.03,28.7800000000002,50.32999999999993,3459.270317460317,3442.779349206349,47971.8,,0.140645,1.103274246592344,1.188204571139473,2.291478817731817,0.0,1466.0,1.0,2770.0,-0.02861621733536432,0.1739730988814209,,,0.1233,0.0413,0.261
20240723,3429.8,3489.6,3498.4,3427.2,68910.0,1291.0,48791.0,1.0,-1.0,2204.0,-2620.0,2.0,-1.0,7054.0,-4184.0,3488.16,3471.74,3449.13,16.41999999999962,39.0300000000002,3459.440952380952,3444.658904761905,46601.2,,0.149385,1.20276549176021,1.199064337986185,2.401829829746395,0.0,-416.0,1.0,2870.0,0.01873458133797707,0.1693635284675573,,,0.1644,0.0947,0.256
20240724,3402.4,3426.6,3438.4,3390.8,72690.0,3780.0,56522.0,1.0,-1.0,3030.0,-1768.0,2.0,-1.0,6609.0,-3795.0,3470.0,3470.74,3446.89,-0.7400000000002365,23.10999999999967,3455.885396825397,3446.653063492063,48283.4,,0.162495,1.215181490832335,1.199064337986185,2.41424582881852,0.0,1262.0,1.0,2814.0,0.0520016508460586,0.1766434019083502,,,0.1918,0.1053,0.265
20240725,3380.6,3395.0,3403.4,3368.4,72042.0,-648.0,56302.0,1.0,-1.0,3065.0,-2492.0,2.0,-1.0,6439.0,-4075.0,3443.08,3463.22,3444.42,-20.13999999999942,-1.339999999999236,3449.890634920635,3448.144,48764.9,,0.166865,1.176865198828933,1.188204571139473,2.365069769968406,0.0,573.0,1.0,2364.0,-0.008994753060714584,0.1916362365580537,,,0.5753,0.2813,0.278
20240726,3397.4,3385.0,3411.8,3377.8,68729.0,-3313.0,49224.0,1.0,-1.0,2991.0,-1552.0,2.0,-1.0,5600.0,-4227.0,3420.52,3456.8,3442.52,-36.27999999999975,-21.99999999999909,3445.093333333334,3449.107523809523,49957.6,,,1.175180064574882,1.172646267960408,2.34782633253529,0.0,1439.0,1.0,1373.0,-0.04820381498348587,0.1611366954465883,,,0.6027,0.312,0.25
20240729,3382.2,3397.4,3399.2,3380.0,64574.0,-4155.0,34189.0,1.0,-1.0,3009.0,-1582.0,2.0,-1.0,5556.0,-3935.0,3398.48,3448.92,3439.2,-50.44000000000005,-40.72000000000025,3439.836984126983,3449.472047619047,49573.9,,,1.071665285832643,1.172646267960408,2.244311553793051,0.0,1427.0,1.0,1621.0,-0.06434478272989129,0.1598994761382785,,,0.6164,0.2987,0.249
20240730,3359.6,3372.4,3375.0,3345.6,72967.0,8393.0,47060.0,1.0,-1.0,3102.0,-1590.0,2.0,-1.0,5276.0,-4238.0,3384.44,3436.3,3434.95,-51.86000000000013,-50.50999999999976,3432.455714285714,3448.826238095238,49322.6,,,1.101038418154071,1.149706003943566,2.250744422097637,0.0,1512.0,1.0,1038.0,0.11502460016171694,0.1171906143298109,,,0.589,0.2907,0.216
20240731,3444.4,3356.0,3447.6,3356.0,72565.0,-402.0,63407.0,1.0,-1.0,3019.0,-1667.0,2.0,-1.0,4333.0,-4072.0,3392.84,3431.42,3435.26,-38.57999999999947,-42.41999999999962,3430.564126984127,3447.555698412698,50908.3,76088.4,,1.174303858901024,1.172646267960408,2.346950126861431,0.0,1352.0,1.0,261.0,-0.005539860814442224,0.0832946380254988,,,0.5753,0.284,0.198
20240801,3417.2,3444.0,3452.8,3414.4,66144.0,-6421.0,43232.0,1.0,-1.0,3080.0,-2303.0,2.0,-1.0,5357.0,-3574.0,3400.16,3421.62,3435.170000000001,-21.46000000000049,-35.01000000000067,3429.935873015874,3445.657,50871.6,,,1.216904636360994,1.172646267960408,2.389550904321402,0.0,777.0,1.0,1783.0,-0.09707607643928398,0.0976385029217594,,,0.2466,0.1013,0.205
20240802,3379.6,3394.6,3419.0,3374.4,68584.0,2440.0,47257.0,2.0,-1.0,3122.0,-1127.0,2.0,-1.0,6305.0,-3410.0,3396.6,3408.56,3433.91,-11.96000000000004,-37.30999999999995,3425.503174603175,3442.78765079365,49663.0,,0.16698,1.274277396548138,1.172646267960408,2.446923664508546,1.0,1995.0,1.0,2895.0,0.035576810917998365,0.1442039860213716,,,0.2055,0.0893,0.24
20240805,3342.8,3363.6,3411.2,3337.0,76994.0,8410.0,67339.0,2.0,-1.0,3183.0,-832.0,2.0,-1.0,7022.0,-3177.0,3388.72,3393.6,3432.09,-4.880000000000109,-43.37000000000035,3418.010476190478,3438.661666666667,51332.3,80806.8,0.200905,1.354412163430454,1.176676214270411,2.531088377700865,1.0,2351.0,1.0,3845.0,0.10922929059407227,0.1677948365113483,,,0.1096,0.0413,0.262
20240806,3336.2,3368.0,3378.8,3312.6,70096.0,-6898.0,57521.0,1.0,-1.0,3020.0,-779.0,2.0,-1.0,6249.0,-3461.0,3384.04,3384.24,3427.99,-0.2000000000002728,-43.95000000000027,3409.74619047619,3433.69219047619,52205.3,,,1.439631722117598,1.176676214270411,2.616307936388009,0.0,2241.0,1.0,2788.0,-0.09840789774024196,0.1681314172967406,,,0.1096,0.0427,0.263
20240807,3332.6,3330.0,3358.8,3323.0,65696.0,-4400.0,43598.0,1.0,-1.0,3058.0,-723.0,2.0,-1.0,6523.0,-3749.0,3361.679999999999,3377.26,3424.0,-15.58000000000038,-62.32000000000062,3400.687619047619,3428.172412698413,50912.9,,,1.429189579771212,1.176676214270411,2.605865794041623,0.0,2335.0,1.0,2774.0,-0.06697515830491962,0.1663041164971087,,,0.1096,0.044,0.261
20240808,3339.4,3330.0,3364.4,3313.6,65093.0,-603.0,46177.0,1.0,-1.0,3066.0,-738.0,2.0,-1.0,6709.0,-3604.0,3346.12,3373.14,3418.18,-27.02000000000044,-72.0600000000004,3392.498412698412,3422.433190476191,49900.4,,,1.45710274345126,1.199064337986185,2.656167081437445,0.0,2328.0,1.0,3105.0,-0.009263668904490499,0.1599507605500913,,,0.1096,0.0453,0.254
20240809,3325.4,3356.6,3364.6,3325.0,60671.0,-4422.0,42687.0,1.0,-1.0,3016.0,-816.0,2.0,-1.0,5892.0,-3841.0,3335.28,3365.94,3411.37,-30.65999999999985,-76.09000000000015,3384.722222222223,3416.396079365079,49246.7,,,1.448711222434715,1.199064337986185,2.6477755604209,0.0,2200.0,1.0,2051.0,-0.07288490382555092,0.1747071417424946,,,0.1096,0.0467,0.273
20240812,3325.8,3325.4,3337.4,3317.4,54206.0,-6465.0,37891.0,1.0,-1.0,3028.0,-776.0,2.0,-1.0,6280.0,-3892.0,3331.88,3360.3,3404.61,-28.42000000000007,-72.72999999999956,3376.37873015873,3410.050253968254,49616.9,,,1.343351934460708,1.192200307458485,2.535552241919193,0.0,2252.0,1.0,2388.0,-0.11926723978895325,0.1887791223048871,,,0.1096,0.048,0.289
20240813,3330.0,3330.0,3334.4,3307.4,50273.0,-3933.0,39937.0,1.0,-1.0,2500.0,-822.0,2.0,-1.0,6422.0,-3825.0,3330.64,3357.34,3396.82,-26.69999999999982,-66.17999999999938,3368.828095238095,3403.687492063492,48904.6,,,1.30167412705019,1.192200307458485,2.493874434508675,0.0,1678.0,1.0,2597.0,-0.07823284864639071,0.2186901066484942,,,0.1644,0.0493,0.312
20240814,3304.2,3332.2,3332.8,3303.0,37670.0,-12603.0,34455.0,1.0,-1.0,3003.0,-1148.0,2.0,-1.0,7333.0,-4344.0,3324.96,3343.320000000001,3387.37,-18.36000000000058,-62.41000000000031,3360.710317460317,3396.702111111111,46009.4,,,1.292729407360774,1.192200307458485,2.484929714819259,0.0,1855.0,1.0,2989.0,-0.3345633129811521,0.2224244688807979,,,0.137,0.0507,0.316
20240815,3339.8,3301.2,3362.0,3293.2,25158.0,-12512.0,38240.0,2.0,-1.0,2806.0,-1232.0,2.0,-1.0,7536.0,-4296.0,3325.04,3335.58,3378.6,-10.54000000000042,-53.55999999999995,3354.990634920635,3389.207587301587,45510.2,,,1.368421949266598,1.199064337986185,2.567486287252783,1.0,1574.0,1.0,3240.0,-0.49733683122664757,0.2220607001889873,,,0.137,0.052,0.314
20240816,3335.2,3333.6,3349.4,3326.0,140846.0,115688.0,53101.0,2.0,-1.0,2912.0,-960.0,2.0,-1.0,7495.0,-4068.0,3327.0,3331.14,3369.85,-4.140000000000327,-42.84999999999991,3350.658888888889,3381.723158730159,46094.6,,,1.378745827311447,1.192200307458485,2.570946134769932,1.0,1952.0,1.0,3427.0,0.8213793788960992,0.2018319662038097,,,0.1233,0.0533,0.294
20240819,3348.2,3335.2,3374.8,3335.2,138603.0,-2243.0,49896.0,2.0,-1.0,3082.0,-889.0,2.0,-1.0,6910.0,-4428.0,3331.48,3331.679999999999,3362.64,-0.1999999999998181,-31.16000000000076,3348.515396825398,3374.773650793651,44350.3,,,1.385477433220758,1.185968701920588,2.571446135141346,1.0,2193.0,1.0,2482.0,-0.01618291090380439,0.1235872857764558,,,0.1096,0.0547,0.222
20240820,3320.0,3353.4,3354.6,3309.0,139674.0,1071.0,56127.0,2.0,-1.0,2932.0,-843.0,2.0,-1.0,7148.0,-4071.0,3329.48,3330.06,3357.15,-0.580000000000382,-27.67000000000053,3345.04634920635,3368.303666666667,44210.9,67352.4,,1.290821867437428,1.192200307458485,2.483022174895913,1.0,2089.0,1.0,3077.0,0.007667855148417028,0.1306819600068523,,,0.1096,0.056,0.229
20240821,3312.4,3315.0,3324.4,3295.6,137721.0,-1953.0,47378.0,1.0,-1.0,2840.0,-831.0,2.0,-1.0,7296.0,-4124.0,3331.12,3328.04,3352.65,3.079999999999927,-21.5300000000002,3340.456984126985,3362.280603174603,44588.9,,0.14536,1.273151124024034,1.192200307458485,2.465351431482519,0.0,2009.0,1.0,3172.0,-0.014180843880018298,0.1390532184331784,,,0.1096,0.0573,0.235
20240822,3301.8,3315.2,3322.0,3291.2,138115.0,394.0,53259.0,2.0,-1.0,3024.0,-741.0,2.0,-1.0,7087.0,-4367.0,3323.52,3324.28,3348.71,-0.7600000000002183,-25.19000000000051,3335.627460317462,3356.593507936508,45297.1,,0.14605,1.245659293725778,1.192200307458485,2.437859601184263,1.0,2283.0,1.0,2720.0,0.0028526952177533216,0.1962221678387301,,,0.0959,0.0587,0.292
20240823,3321.8,3300.6,3333.8,3299.0,134786.0,-3329.0,54114.0,2.0,-1.0,2999.0,-598.0,2.0,-1.0,7222.0,-4333.0,3320.84,3323.92,3344.93,-3.079999999999472,-24.09000000000015,3332.456031746031,3351.366888888889,46439.8,,,1.161622234437272,1.192200307458485,2.353822541895757,1.0,2401.0,1.0,2889.0,-0.024698410814179513,0.1567809897971669,,,0.0959,0.0613,0.252
20240826,3320.8,3327.0,3335.0,3304.4,132969.0,-1817.0,48284.0,2.0,-1.0,3008.0,-630.0,2.0,-2.0,7128.0,-4497.0,3315.36,3323.420000000001,3341.86,-8.060000000000855,-26.5,3330.136984126984,3346.742714285715,47479.1,,,1.085541718394931,1.192200307458485,2.277742025853416,1.0,2378.0,0.0,2631.0,-0.013664839173040332,0.1346839785284243,,,0.1096,0.0627,0.233
20240827,3304.2,3313.4,3319.2,3295.2,130261.0,-2708.0,41807.0,2.0,-1.0,3018.0,-594.0,2.0,-2.0,7331.0,-4482.0,3312.2,3320.84,3339.09,-8.640000000000327,-26.89000000000033,3326.267301587302,3342.486634920636,47666.1,,,1.064282490489806,1.192200307458485,2.256482797948291,1.0,2424.0,0.0,2849.0,-0.020789031252638934,0.139408413360744,,,0.1096,0.064,0.238
20240828,3281.4,3300.0,3306.0,3272.8,136297.0,6036.0,55947.0,2.0,-1.0,3049.0,-479.0,2.0,-2.0,7232.0,-4407.0,3306.0,3318.56,3330.94,-12.55999999999995,-24.94000000000005,3321.371269841269,3338.55273015873,49815.3,,,1.027737728906202,1.185968701920588,2.21370643082679,1.0,2570.0,0.0,2825.0,0.044285640916527876,0.1546436084761693,,,0.137,0.0667,0.251
20240829,3275.2,3271.0,3292.0,3267.0,131602.0,-4695.0,56805.0,2.0,-1.0,3152.0,-461.0,2.0,-2.0,8162.0,-4443.0,3300.68,3312.1,3323.84,-11.41999999999962,-23.15999999999985,3316.06,3334.659666666667,51671.8,,0.15387,0.9973977182642292,1.185968701920588,2.183366420184817,1.0,2691.0,0.0,3719.0,-0.03567574960866856,0.1324725652283339,,,0.1233,0.068,0.23
20240830,3322.4,3275.0,3358.0,3272.4,138354.0,6752.0,89607.0,2.0,-1.0,3171.0,-474.0,2.0,-2.0,8431.0,-3592.0,3300.8,3310.82,3320.98,-10.01999999999953,-20.18000000000029,3314.631111111112,3331.05688888889,55322.4,107528.4,,1.138797089022654,1.185968701920588,2.324765790943242,1.0,2697.0,0.0,4839.0,0.048802347601081285,0.1225442523508573,,,0.2192,0.1307,0.222
20240902,3259.8,3309.0,3313.2,3257.2,126030.0,-12324.0,59588.0,2.0,-1.0,3201.0,-482.0,2.0,-1.0,8903.0,-3453.0,3288.6,3301.98,3316.83,-13.38000000000056,-28.23000000000047,3310.117460317461,3327.217095238096,56291.6,,0.15893,1.22294334932855,1.185968701920588,2.408912051249137,1.0,2719.0,1.0,5450.0,-0.09778624137110212,0.122846315134981,,,0.2329,0.1707,0.223
20240903,3267.0,3262.8,3280.0,3255.6,125210.0,-820.0,54770.0,2.0,-1.0,3233.0,-86.0,2.0,-1.0,8238.0,-3797.0,3281.16,3296.68,3313.37,-15.52000000000044,-32.21000000000049,3305.122857142856,3323.224746031746,56155.9,,,1.212265169509828,1.185968701920588,2.398233871430416,1.0,3147.0,1.0,4441.0,-0.006548997683891063,0.1450827373367462,,,0.2329,0.204,0.248
20240904,3250.0,3260.0,3271.6,3245.2,120475.0,-4735.0,52229.0,2.0,-1.0,3247.0,-473.0,2.0,-1.0,8508.0,-3238.0,3274.88,3290.44,3309.24,-15.55999999999995,-34.36000000000013,3299.299206349207,3319.108968253969,56641.0,,0.164565,1.122885664709373,1.185968701920588,2.30885436662996,1.0,2774.0,1.0,5270.0,-0.03930275990869475,0.1602531042662477,,,0.2603,0.256,0.265
20240905,3254.0,3257.0,3268.0,3245.8,118595.0,-1880.0,51139.0,2.0,-1.0,3273.0,-26.0,2.0,-1.0,8417.0,-3518.0,3270.64,3285.66,3304.97,-15.01999999999953,-34.32999999999993,3294.029682539682,3314.94919047619,56429.0,,0.165715,1.122260993953057,1.185968701920588,2.308229695873645,1.0,3247.0,1.0,4899.0,-0.015852270331801508,0.1929351100325711,,,0.2466,0.2973,0.3
20240906,3226.6,3261.0,3273.4,3221.2,116479.0,-2116.0,53578.0,2.0,-1.0,3783.0,-456.0,2.0,-2.0,8532.0,-3259.0,3251.48,3276.14,3300.03,-24.66000000000031,-48.55000000000018,3287.637936507937,3310.467380952381,56375.4,,0.168935,1.1526074919487,1.185968701920588,2.338576193869288,1.0,3327.0,0.0,5273.0,-0.018166364752444646,0.2755095444629875,,,0.2877,0.348,0.356
20240909,3189.2,3215.0,3225.0,3174.6,113262.0,-3217.0,56733.0,2.0,-1.0,3736.0,-759.0,2.0,-1.0,10576.0,-3030.0,3237.36,3262.98,3293.2,-25.62000000000035,-55.84000000000015,3277.589841269842,3305.212666666667,57220.3,,0.183425,1.169840432718922,1.197015154840192,2.366855587559114,1.0,2977.0,1.0,7546.0,-0.02840317140788614,0.2430618505160841,,,0.3151,0.404,0.339
20240910,3188.2,3190.0,3204.4,3165.0,106914.0,-6348.0,58914.0,2.0,-1.0,3832.0,-618.0,2.0,-2.0,12211.0,-3621.0,3221.599999999999,3251.38,3286.11,-29.78000000000065,-64.51000000000022,3267.355873015872,3299.321523809524,58931.0,,0.193775,1.196178522105486,1.212803846102111,2.408982368207598,1.0,3214.0,0.0,8590.0,-0.05937482462539986,0.2536352454511744,,,0.6164,0.6267,0.346
20240911,3183.0,3180.6,3195.6,3167.0,100366.0,-6548.0,48414.0,2.0,-1.0,3813.0,-497.0,2.0,-2.0,12500.0,-3780.0,3208.2,3241.54,3280.05,-33.34000000000015,-71.85000000000036,3257.074285714286,3292.891825396825,58177.7,,0.19895,1.194471952256178,1.212803846102111,2.407275798358289,1.0,3316.0,0.0,8720.0,-0.06524121714524839,0.2435419721930504,,,0.3836,0.424,0.34
20240912,3174.8,3189.0,3203.8,3171.0,92041.0,-8325.0,50244.0,2.0,-1.0,3672.0,-719.0,2.0,-2.0,12803.0,-4158.0,3192.36,3231.5,3271.8,-39.13999999999987,-79.44000000000005,3247.539682539683,3286.039793650794,57521.6,,,1.193935370994757,1.212803846102111,2.406739217096868,1.0,2953.0,0.0,8645.0,-0.09044882172075489,0.2441804503465491,,,0.3151,0.3747,0.341
20240913,3158.0,3177.0,3190.2,3157.6,84137.0,-7904.0,53682.0,2.0,-1.0,3990.0,-890.0,2.0,-1.0,13840.0,-3986.0,3178.64,3215.06,3262.94,-36.41999999999962,-84.29999999999973,3237.216825396826,3278.298365079365,53929.1,,,1.202634678760661,1.197015154840192,2.399649833600853,1.0,3100.0,1.0,9854.0,-0.09394202312894447,0.268808290167134,,,0.3288,0.3627,0.354
20240918,3171.6,3163.0,3184.4,3144.4,66518.0,-17619.0,64922.0,2.0,-1.0,2758.0,-987.0,2.0,-1.0,15315.0,-3601.0,3175.12,3206.24,3254.11,-31.12000000000035,-78.99000000000024,3228.002063492063,3270.086825396825,54462.5,,,1.238020229551428,1.212803846102111,2.45082407565354,1.0,1771.0,1.0,11714.0,-0.264875672750233,0.3713042353486511,,,0.3288,0.2987,0.494
20240919,3198.4,3180.0,3221.0,3147.4,40295.0,-26223.0,63762.0,1.0,-1.0,3356.0,-1746.0,2.0,-1.0,15629.0,-3822.0,3177.16,3199.38,3248.03,-22.2199999999998,-70.86999999999989,3221.666031746032,3261.741142857143,55361.7,,,1.329840286181631,1.212803846102111,2.542644132283742,0.0,1610.0,1.0,11807.0,-0.6507755304628365,0.280084118721678,,,0.2877,0.2547,0.366
20240920,3193.6,3186.8,3198.0,3162.2,76044.0,35749.0,56871.0,2.0,-1.0,3517.0,-843.0,2.0,-1.0,13113.0,-3500.0,3179.28,3193.74,3242.09,-14.46000000000004,-62.80999999999995,3215.694285714286,3253.380650793651,55825.9,,,1.357118432563738,1.197015154840192,2.554133587403931,1.0,2674.0,1.0,9613.0,0.4701094103413813,0.1316345129900884,,,0.2603,0.2013,0.232
20240923,3206.8,3184.2,3226.8,3184.2,73954.0,-2090.0,51491.0,2.0,-1.0,3484.0,-1042.0,2.0,-1.0,14555.0,-3784.0,3185.68,3189.02,3237.34,-3.340000000000146,-51.66000000000031,3211.677619047618,3245.145444444444,55861.1,,,1.264887246499413,1.212803846102111,2.477691092601524,1.0,2442.0,1.0,10771.0,-0.028260810774265083,0.2666791276745163,,,0.2192,0.1373,0.354
20240924,3359.8,3244.0,3360.0,3219.0,92621.0,18667.0,97405.0,1.0,-1.0,2293.0,-1166.0,2.0,-1.0,12980.0,-2912.0,3226.04,3202.34,3239.24,23.70000000000027,-13.19999999999982,3219.163015873015,3238.297952380952,60243.8,116886.0,0.20999,1.457542035938786,1.212803846102111,2.670345882040897,0.0,1127.0,1.0,10068.0,0.20154176698588874,0.14700163547587,,,0.5479,0.5827,0.251
20240925,3404.6,3409.8,3474.6,3398.0,88158.0,-4463.0,104077.0,0.0,-1.0,0.0,-1265.0,2.0,-1.0,12982.0,-2510.0,3272.64,3223.88,3243.43,48.76000000000022,29.21000000000049,3236.137142857144,3234.152682539682,64978.2,124892.4,0.21459,1.65328420278751,1.227403078169163,2.880687280956673,-1.0,-1265.0,1.0,10472.0,-0.050625014179087546,0.1019027025174621,,,0.5342,0.5733,0.207
20240926,3588.0,3405.0,3588.0,3400.0,98243.0,10085.0,112916.0,1.0,-1.0,0.0,-483.0,2.0,-1.0,11221.0,-2315.0,3350.56,3263.86,3257.62,86.69999999999982,92.94000000000005,3263.078888888891,3233.724984126985,70378.4,135499.2,0.33948,1.996193122123412,1.235105701135023,3.231298823258435,0.0,-483.0,1.0,8906.0,0.10265362417678613,0.1021820322604419,,,0.5753,0.5293,0.209
20240927,3827.8,3661.2,3896.8,3604.2,94967.0,-3276.0,174660.0,2.0,-1.0,2500.0,-329.0,2.0,-1.0,11053.0,-1458.0,3477.4,3328.34,3284.94,149.0599999999999,192.46,3312.541587301588,3239.271714285715,83003.0,209592.0,0.4735699999999999,2.593422240744601,1.245961458537332,3.839383699281932,1.0,2171.0,1.0,9595.0,-0.03449619341455453,0.0170760519394458,,,0.5753,0.3267,0.178
20240930,4160.6,3937.0,4160.6,3825.8,95898.0,931.0,182179.0,1.0,0.0,1063.0,0.0,2.0,-1.0,11050.0,-1517.0,3668.160000000001,3426.920000000001,3329.21,241.2400000000002,338.9500000000007,3387.428888888889,3253.260634920635,96196.5,218614.8,0.6796499999999999,3.143110006722776,1.283574174122563,4.426684180845339,1.0,1063.0,1.0,9533.0,0.009708231662808401,0.0126296430734138,,,0.5616,0.328,0.176
20241008,4261.2,4535.0,4535.0,4163.0,87516.0,-8382.0,187888.0,1.0,0.0,697.0,0.0,2.0,-1.0,9202.0,-1670.0,3848.44,3537.24,3376.15,311.1999999999998,472.29,3484.692063492064,3278.008158730159,109617.1,225465.6,0.75187,3.74362473063707,1.283574174122563,5.027198904759633,1.0,697.0,1.0,7532.0,-0.09577677224736049,-0.0344307845649825,,,0.5753,0.2973,0.154
20241009,3934.0,4188.0,4218.0,3921.4,91658.0,4142.0,182103.0,1.0,0.0,570.0,0.0,3.0,-1.0,8322.0,-900.0,3954.320000000001,3613.48,3409.86,340.8400000000001,544.460000000001,3546.659047619047,3309.873857142857,121335.2,218523.6,,4.301731589317974,1.318160602467574,5.619892191785548,1.0,570.0,2.0,7422.0,0.04518972702873726,0.0236758142989756,,,0.5479,0.2987,0.187
20241010,4010.8,4000.0,4125.0,3937.4,84972.0,-6686.0,140123.0,1.0,0.0,578.0,0.0,3.0,-1.0,9629.0,-1359.0,4038.88,3694.72,3447.05,344.1600000000003,591.8299999999999,3604.661746031745,3348.173428571429,128971.3,,,4.557099697885196,1.318160602467574,5.875260300352769,1.0,578.0,2.0,8270.0,-0.07868474320952784,0.0348273550558506,,,0.2055,0.04,0.19
20241011,3904.4,3999.8,4001.6,3845.0,83441.0,-1531.0,112540.0,1.0,0.0,0.0,-138.0,2.0,-1.0,9486.0,-1533.0,4054.2,3765.8,3479.77,288.3999999999996,574.4299999999994,3650.528571428571,3391.656857142857,134538.2,,,4.755099286219025,1.323180518590565,6.07827980480959,1.0,-138.0,1.0,7953.0,-0.018348294004146642,0.0358429929031201,,,0.2055,0.04,0.191
20241014,3963.2,3930.2,3988.0,3872.0,74380.0,-9061.0,96706.0,1.0,0.0,125.0,0.0,3.0,-1.0,9367.0,-1178.0,4014.72,3841.44,3515.23,173.2800000000002,499.4899999999993,3695.247142857143,3440.01380952381,139059.7,,,4.843234710304623,1.323180518590565,6.166415228895188,1.0,125.0,2.0,8189.0,-0.12182038182307071,0.0302622491730074,,,0.2192,0.0413,0.189
20241015,3852.2,3938.8,3972.0,3850.6,62910.0,-11470.0,82444.0,1.0,-1.0,0.0,-431.0,2.0,-1.0,10025.0,-1465.0,3932.92,3890.68,3546.51,42.23999999999933,386.4099999999999,3730.973174603173,3491.194825396826,137563.6,,,4.936624416277518,1.346453845818605,6.283078262096123,0.0,-431.0,1.0,8560.0,-0.1823239548561437,0.0623300229036595,,,0.2055,0.0427,0.2
20241016,3832.0,3816.8,3888.2,3805.0,53581.0,-9329.0,79653.0,1.0,-1.0,0.0,-597.0,2.0,-1.0,10583.0,-1476.0,3912.52,3933.420000000001,3578.65,-20.900000000001,333.8699999999994,3758.386984126984,3543.41980952381,135121.2,,,4.895331339644565,1.383701370258837,6.279032709903401,0.0,-597.0,1.0,9107.0,-0.1741102256396857,0.0208413524689837,,,0.2055,0.044,0.184
20241017,3784.4,3856.6,3888.0,3781.8,28779.0,-24802.0,57933.0,1.0,-1.0,0.0,-909.0,2.0,-1.0,13067.0,-1777.0,3867.24,3953.06,3608.46,-85.82000000000016,258.7800000000002,3780.893492063492,3595.20126984127,129622.9,,,4.972706621610929,1.447900020645708,6.420606642256637,0.0,-909.0,1.0,11290.0,-0.8618089579207061,0.0828474760811255,,,0.2055,0.04,0.205
20241018,3934.4,3795.0,4077.0,3772.0,158193.0,129414.0,157309.0,1.0,0.0,0.0,-316.0,2.0,-1.0,13382.0,-1914.0,3873.24,3963.72,3646.03,-90.47999999999956,227.21,3809.427777777778,3644.889888888888,127887.8,188770.8,,5.393051317975226,1.559859623637221,6.952910941612448,1.0,-316.0,1.0,11468.0,0.8180766532021012,-0.1871599170525782,,,0.1781,0.0413,0.086
20241021,3942.4,3952.4,3987.0,3911.0,152068.0,-6125.0,93692.0,1.0,-1.0,0.0,-606.0,2.0,-1.0,12484.0,-2011.0,3869.08,3941.9,3684.41,-72.81999999999971,184.6700000000005,3838.252698412699,3689.972269841271,119039.1,,0.342355,5.193382352941176,1.622882391400803,6.816264744341979,0.0,-606.0,1.0,10473.0,-0.040278033511323884,0.0218649821523947,,,0.1644,0.0427,0.186
20241022,3968.8,3928.2,3977.0,3927.0,151275.0,-793.0,76187.0,1.0,-1.0,0.0,-977.0,2.0,-1.0,11890.0,-2230.0,3892.4,3912.66,3724.95,-20.25999999999976,167.4500000000003,3864.258571428571,3727.92892063492,107869.0,,,5.022178072272497,1.622882391400803,6.6450604636733,0.0,-977.0,1.0,9660.0,-0.005242108742356635,0.1612648150584646,,,0.2055,0.044,0.284
20241023,3982.8,3965.2,4025.2,3950.0,152480.0,1205.0,91964.0,1.0,-1.0,0.0,-1034.0,2.0,-1.0,12308.0,-2200.0,3922.56,3917.54,3765.510000000001,5.020000000000891,157.0499999999997,3888.86142857143,3762.149158730158,98855.1,,,4.78260084177821,1.733549332996048,6.516150174774258,0.0,-1034.0,1.0,10108.0,0.007902675760755509,0.1137665793035448,,,0.1781,0.0507,0.231
20241024,3937.0,3963.0,3971.2,3916.2,146969.0,-5511.0,68994.0,0.0,-1.0,0.0,-1148.0,2.0,-1.0,12828.0,-2600.0,3953.08,3910.160000000001,3802.44,42.91999999999962,150.6400000000003,3906.203809523809,3792.303365079365,91742.2,,,4.336538773567558,1.654959121783292,5.991497895350849,-1.0,-1148.0,1.0,10228.0,-0.03749770359735727,0.1253447685496334,,,0.1233,0.052,0.243
20241025,3958.0,3945.0,4005.0,3930.0,154560.0,7591.0,86994.0,0.0,-1.0,0.0,-1296.0,2.0,-1.0,11097.0,-2133.0,3957.8,3915.52,3840.660000000001,42.28000000000065,117.1399999999994,3921.226984126984,3819.373206349207,89187.6,,,3.882342723140614,1.770233594499531,5.652576317640145,-1.0,-1296.0,1.0,8964.0,0.049113612836438926,0.1043018768062925,,,0.1233,0.0453,0.222
20241028,3972.2,3960.4,3972.6,3925.4,148150.0,-6410.0,67380.0,1.0,-1.0,0.0,-779.0,2.0,-1.0,10571.0,-2181.0,3963.76,3916.420000000001,3878.93,47.33999999999924,84.82999999999947,3932.51873015873,3843.100365079365,86255.0,,,3.30758904697635,1.770233594499531,5.077822641475881,0.0,-779.0,1.0,8390.0,-0.04326695916301046,0.1006338328845359,,,0.1233,0.0467,0.218
20241029,3940.0,3986.0,4007.6,3925.6,155724.0,7574.0,83548.0,1.0,-1.0,0.0,-542.0,2.0,-1.0,10988.0,-2649.0,3958.0,3925.2,3907.94,32.80000000000018,50.05999999999995,3940.172857142858,3864.020333333333,86365.4,,,2.838352496971769,1.890829911722983,4.729182408694752,0.0,-542.0,1.0,8339.0,0.04863733271685803,0.069334000303894,,,0.1507,0.048,0.204
20241030,3896.0,3930.0,3939.0,3871.2,149749.0,-5975.0,78980.0,1.0,-1.0,0.0,-545.0,2.0,-1.0,10892.0,-2219.0,3940.64,3931.6,3932.51,9.040000000000418,8.130000000000564,3939.718412698413,3882.153476190476,86298.1,,0.3128,2.621574037960333,1.890829911722983,4.512403949683316,0.0,-545.0,1.0,8673.0,-0.039900099499829714,0.0426563705967061,,,0.2466,0.1147,0.2
20241031,3893.0,3898.0,3933.6,3862.0,162153.0,12404.0,101219.0,1.0,-1.0,0.0,-518.0,2.0,-1.0,10215.0,-2233.0,3931.84,3942.46,3947.76,-10.61999999999989,-15.91999999999962,3935.450634920635,3897.60919047619,90626.7,,0.32729,2.450397765803078,1.890829911722983,4.341227677526062,0.0,-518.0,1.0,7982.0,0.07649565533785992,0.0581706356326027,,,0.274,0.1187,0.203
20241101,3905.0,3891.2,3945.0,3885.2,152420.0,-9733.0,94876.0,1.0,-1.0,0.0,-712.0,2.0,-1.0,10704.0,-2560.0,3921.24,3939.52,3951.62,-18.2800000000002,-30.38000000000011,3930.879047619047,3909.754317460317,84383.4,,0.3357999999999999,2.350442167808432,1.858766701439872,4.209208869248304,0.0,-712.0,1.0,8144.0,-0.06385644928487075,0.0595694912894769,,,0.3014,0.1333,0.205
20241104,3959.0,3914.2,3960.8,3896.2,151204.0,-1216.0,66974.0,0.0,-1.0,0.0,-571.0,2.0,-1.0,11046.0,-1861.0,3918.6,3941.18,3941.54,-22.58000000000038,-22.94000000000005,3929.374444444445,3918.866492063492,81711.6,,0.354085,2.242418723249249,1.858766701439872,4.10118542468912,-1.0,-571.0,1.0,9185.0,-0.008042115287955344,-0.0085098233834271,,,0.3973,0.1907,0.169
20241105,4068.0,3949.0,4069.6,3936.0,163368.0,12164.0,115333.0,1.0,-1.0,0.0,-399.0,2.0,-1.0,10185.0,-2379.0,3944.2,3951.1,3931.88,-6.900000000000091,12.31999999999971,3939.23126984127,3926.363761904762,85626.2,138399.6,0.3642049999999999,2.324223354672567,1.890829911722983,4.21505326639555,0.0,-399.0,1.0,7806.0,0.07445766612800549,-0.0347299572755314,,,0.3973,0.2253,0.155
20241106,4040.8,4060.0,4113.0,4011.2,162036.0,-1332.0,120898.0,1.0,-1.0,0.0,-696.0,2.0,-1.0,11068.0,-3207.0,3973.16,3956.9,3937.22,16.25999999999976,35.9399999999996,3948.664920634921,3932.344111111111,88519.6,145077.6,,2.305523363912387,1.890829911722983,4.196353275635371,0.0,-696.0,1.0,7861.0,-0.00822039546767385,-0.0053529888589658,,,0.411,0.444,0.172
20241107,4183.8,4020.0,4185.0,4013.4,175841.0,13805.0,126886.0,1.0,0.0,43.0,0.0,2.0,-1.0,7633.0,-2866.0,4031.32,3981.579999999999,3945.87,49.74000000000024,85.44999999999936,3967.177936507936,3938.441523809523,94308.8,152263.2,0.3933,2.055464105752713,1.890829911722983,3.946294017475696,1.0,43.0,1.0,4767.0,0.07850842522506128,-0.1439230522501365,,,0.411,0.4707,0.099
20241108,4112.2,4215.2,4230.0,4100.8,174047.0,-1794.0,134963.0,1.0,-1.0,44.0,0.0,2.0,-1.0,9352.0,-3265.0,4072.76,3997.0,3956.26,75.75999999999976,116.5,3986.028253968253,3944.921650793651,99105.7,161955.6,,2.144523313852869,1.908041743501572,4.052565057354441,0.0,44.0,1.0,6087.0,-0.010307560601446736,-0.0490305279812867,,,0.6027,0.672,0.151
20241111,4133.2,4080.0,4143.4,4051.6,170722.0,-3325.0,110171.0,1.0,0.0,457.0,0.0,2.0,-1.0,10655.0,-3426.0,4107.6,4013.1,3964.76,94.50000000000045,142.8400000000006,4001.429682539683,3951.812746031746,103384.8,,,2.212893660349047,1.956704926921661,4.169598587270709,1.0,457.0,1.0,7229.0,-0.019476107355818232,-0.0567621837010064,,,0.6301,0.6733,0.147
20241112,4083.8,4133.4,4192.0,4065.6,172693.0,1971.0,125160.0,0.0,-1.0,0.0,-2213.0,2.0,-1.0,11646.0,-3229.0,4110.76,4027.48,3976.34,83.27999999999975,134.4200000000001,4015.108412698412,3959.306301587302,107546.0,,,2.300203273777684,2.024075061360537,4.324278335138221,-1.0,-2213.0,1.0,8417.0,0.011413317274006475,0.0585252026836655,,,0.5479,0.5413,0.21
20241113,4112.8,4068.2,4128.2,4066.2,168753.0,-3940.0,102550.0,1.0,-1.0,0.0,-116.0,2.0,-1.0,12496.0,-3312.0,4125.16,4049.16,3990.38,76.0,134.7799999999997,4026.971111111112,3968.031571428572,109903.0,,,2.284838724585746,2.024075061360537,4.308913785946283,0.0,-116.0,1.0,9184.0,-0.023347733077337885,0.0467198912911245,,,0.3288,0.284,0.207
20241114,4041.8,4098.0,4122.2,4037.0,169946.0,1193.0,105891.0,1.0,-1.0,0.0,-781.0,2.0,-1.0,11920.0,-2360.0,4096.76,4064.04,4003.25,32.72000000000025,93.51000000000022,4033.697777777779,3977.856285714286,110370.2,,,2.299544208897155,2.068489465462387,4.368033674359542,0.0,-781.0,1.0,9560.0,0.007019876902074776,0.0029976718158503,,,0.3288,0.208,0.179
20241115,3975.2,4040.0,4057.8,3969.4,177831.0,7885.0,120323.0,0.0,-1.0,0.0,-440.0,2.0,-1.0,11817.0,-2846.0,4069.36,4071.06,4005.29,-1.700000000000273,64.06999999999971,4033.862698412698,3988.154650793651,112914.9,,,2.372543242830724,2.091919642778646,4.46446288560937,-1.0,-440.0,1.0,8971.0,0.04433985075717957,0.3622050662533898,,,0.3836,0.272,0.511
20241118,3954.6,3997.8,4035.6,3932.0,180408.0,2577.0,138646.0,1.0,-1.0,0.0,-777.0,2.0,-1.0,10233.0,-2582.0,4033.64,4070.62,4005.9,-36.97999999999956,27.74000000000024,4030.864603174603,3998.303666666667,120082.1,,0.267835,2.410254226461696,2.133259009116729,4.543513235578425,0.0,-777.0,1.0,7651.0,0.01428428894505787,0.0790603217105609,,,0.411,0.2733,0.219
20241119,3973.2,3966.0,3978.0,3900.0,173451.0,-6957.0,124821.0,1.0,-1.0,0.0,-180.0,2.0,-1.0,8631.0,-2920.0,4011.52,4061.14,4006.12,-49.6200000000008,5.399999999999636,4026.499682539682,4007.030507936508,121030.9,,0.27071,2.423258747900291,2.133259009116729,4.556517757017021,0.0,-180.0,1.0,5711.0,-0.04010931041043292,0.045148826188772,,,0.3973,0.2093,0.208
20241120,3980.0,3961.4,4002.2,3956.0,163271.0,-10180.0,99274.0,1.0,-1.0,0.0,-299.0,2.0,-1.0,10576.0,-3054.0,3984.96,4055.06,4005.98,-70.10000000000036,-21.01999999999953,4024.009206349207,4014.564936507936,118868.5,,,2.374591761995916,2.133259009116729,4.507850771112645,0.0,-299.0,1.0,7522.0,-0.062350325532397055,0.1221030159535361,,,0.3151,0.16,0.253
20241121,3989.2,3974.8,3998.0,3960.2,158321.0,-4950.0,83651.0,1.0,-1.0,0.0,-430.0,2.0,-1.0,10133.0,-3111.0,3974.44,4035.6,4008.59,-61.15999999999985,-34.15000000000009,4021.639047619047,4020.011047619048,114545.0,,,2.332195676905574,2.133259009116729,4.465454686022303,0.0,-430.0,1.0,7022.0,-0.03126559331990071,0.1386704855448798,,,0.3425,0.1813,0.273
20241122,3860.8,3985.0,3992.0,3853.2,164352.0,6031.0,115044.0,1.0,-1.0,0.0,-400.0,2.0,-1.0,12076.0,-3313.0,3951.56,4010.46,4003.73,-58.90000000000055,-52.16999999999962,4011.64380952381,4022.572603174603,112553.1,,,2.467554070650192,2.191129742820845,4.658683813471036,0.0,-400.0,1.0,8763.0,0.036695628894081,0.1345995890396833,,,0.3699,0.1987,0.271
20241125,3839.0,3878.2,3887.0,3804.0,160836.0,-3516.0,110372.0,1.0,0.0,0.0,-45.0,2.0,-1.0,12783.0,-2905.0,3928.44,3981.04,3997.07,-52.59999999999991,-68.62999999999965,3996.726825396826,4022.102317460317,112573.2,,,2.387687365406073,2.191129742820845,4.578817108226918,1.0,-45.0,1.0,9878.0,-0.02186077743788704,0.1215167449850675,,,0.4384,0.2213,0.251
20241126,3836.0,3830.0,3869.8,3822.0,149991.0,-10845.0,87806.0,1.0,-1.0,0.0,-651.0,2.0,-1.0,13623.0,-3197.0,3901.0,3956.260000000001,3991.87,-55.26000000000067,-90.86999999999989,3981.634603174603,4018.754936507937,108837.8,,,2.300109138377475,2.191129742820845,4.491238881198321,0.0,-651.0,1.0,10426.0,-0.07230433826029561,0.2017324535020986,,,0.1781,0.1093,0.347
20241127,3901.4,3828.6,3910.4,3813.6,157714.0,7723.0,112178.0,1.0,-1.0,0.0,-780.0,2.0,-1.0,14287.0,-3344.0,3885.28,3935.12,3992.14,-49.83999999999969,-106.8600000000001,3970.28746031746,4013.086571428571,109800.6,,,2.177684735774252,2.222138625976746,4.399823361750999,0.0,-780.0,1.0,10943.0,0.04896838581229314,0.1144084416331771,,,0.137,0.108,0.249
20241128,3872.4,3896.2,3905.0,3853.2,144667.0,-13047.0,94719.0,2.0,-1.0,2535.0,-619.0,2.0,-1.0,14636.0,-3714.0,3861.920000000001,3918.179999999999,3991.11,-56.25999999999885,-129.1899999999991,3959.419206349206,4005.658714285714,108683.4,,,2.04775945306678,2.222138625976746,4.269898079043526,1.0,1916.0,1.0,10922.0,-0.09018642814187064,0.1617863132165092,,,0.2055,0.108,0.31
20241129,3911.0,3876.8,3965.6,3874.0,154628.0,9961.0,118696.0,2.0,0.0,1941.0,0.0,2.0,-1.0,11515.0,-3243.0,3871.96,3911.76,3991.41,-39.79999999999973,-119.4499999999998,3951.430634920635,3997.415507936508,108520.7,,0.246215,2.058513099300215,2.254732719549551,4.313245818849766,2.0,1941.0,1.0,8272.0,0.06441912202188478,0.1414556515943001,,,0.411,0.2387,0.284
20241202,3942.0,3912.0,3959.4,3902.0,140246.0,-14382.0,101066.0,2.0,0.0,2049.0,-40.0,2.0,-1.0,10780.0,-3418.0,3892.56,3910.5,3990.56,-17.94000000000005,-98.0,3945.693174603174,3988.898365079365,104762.7,,0.254725,1.938778098692866,2.254732719549551,4.193510818242418,2.0,2009.0,1.0,7362.0,-0.1025483792764143,0.1216687296213426,,,0.3151,0.1853,0.255
20241203,3945.6,3939.8,3965.6,3914.2,137651.0,-2595.0,89048.0,2.0,0.0,2124.0,-199.0,2.0,-1.0,12630.0,-3186.0,3914.48,3907.739999999999,3984.44,6.740000000001146,-69.95999999999958,3941.42380952381,3980.390777777778,101185.4,,,1.925404654848407,2.222138625976746,4.147543280825154,2.0,1925.0,1.0,9444.0,-0.018852024322380513,0.1724111394733806,,,0.3014,0.164,0.322
20241204,3924.8,3940.0,3950.4,3910.0,129367.0,-8284.0,82377.0,2.0,0.0,1053.0,-529.0,2.0,-1.0,12202.0,-3484.0,3919.16,3902.22,3978.64,16.94000000000005,-59.48000000000047,3935.72,3971.561857142858,99495.7,,0.25484,1.847912401739728,2.222138625976746,4.070051027716474,2.0,524.0,1.0,8718.0,-0.06403487751899635,0.1648687825189021,,,0.2329,0.1493,0.316
20241205,3918.6,3915.6,3934.6,3903.2,129462.0,95.0,72701.0,1.0,-1.0,0.0,-265.0,2.0,-1.0,10903.0,-3992.0,3928.4,3895.16,3965.38,33.24000000000024,-36.97999999999956,3930.083968253969,3962.406349206349,98400.7,,,1.74589688706731,2.222138625976746,3.968035513044057,0.0,-265.0,1.0,6911.0,0.0007338060589207644,0.2094226708928996,,,0.1918,0.1347,0.359
20241206,3968.0,3921.0,4001.4,3915.2,139772.0,10310.0,113855.0,1.0,0.0,96.0,0.0,2.0,-1.0,12220.0,-3592.0,3939.8,3905.88,3958.17,33.92000000000053,-18.36999999999944,3929.113809523809,3954.153349206349,98281.8,,,1.713754511319312,2.222138625976746,3.935893137296059,1.0,96.0,1.0,8628.0,0.07376298543342014,0.1410982136107386,,,0.2877,0.18,0.285
20241209,3963.4,3967.0,3994.4,3936.6,122070.0,-17702.0,83017.0,1.0,0.0,0.0,-145.0,2.0,-1.0,11787.0,-3943.0,3944.08,3918.32,3949.68,25.76000000000067,-5.599999999999909,3929.394761904762,3947.420142857143,95546.3,,,1.677234459146582,2.222138625976746,3.899373085123328,1.0,-145.0,1.0,7844.0,-0.1450151552387974,0.1834815488909625,,,0.3151,0.176,0.34
20241210,4000.4,4099.0,4124.0,3989.6,132915.0,10845.0,116078.0,1.0,0.0,0.0,-236.0,2.0,-1.0,11501.0,-3907.0,3955.04,3934.76,3945.51,20.2800000000002,9.5300000000002,3937.281587301587,3942.984841269841,98373.5,,0.2553,1.885093835539051,2.254732719549551,4.139826555088603,1.0,-236.0,1.0,7594.0,0.08159349960501072,0.096606026652726,,,0.2192,0.1333,0.231
20241211,3994.0,3997.0,4013.6,3985.2,114764.0,-18151.0,70438.0,1.0,0.0,0.0,-337.0,2.0,-1.0,10904.0,-4752.0,3968.88,3944.02,3939.57,24.86000000000058,29.3100000000004,3941.895714285713,3940.145666666666,94199.5,,,1.867799859322784,2.254732719549551,4.122532578872335,1.0,-337.0,1.0,6152.0,-0.1581593531072462,0.1351187544631505,,,0.2466,0.1507,0.277
20241212,4038.8,3994.2,4044.2,3987.0,121586.0,6822.0,83636.0,1.0,0.0,0.0,-303.0,2.0,-1.0,11581.0,-4401.0,3992.920000000001,3960.660000000001,3939.420000000001,32.25999999999976,53.5,3949.603174603175,3939.164063492064,93091.2,,0.26036,1.713546718396381,2.254732719549551,3.968279437945932,1.0,-303.0,1.0,7180.0,0.056108433536755875,0.1534775182560667,,,0.2603,0.168,0.3
20241213,3935.0,4005.0,4006.4,3926.2,109870.0,-11716.0,104929.0,1.0,0.0,0.0,-78.0,2.0,-1.0,14260.0,-3968.0,3986.320000000001,3963.06,3937.41,23.26000000000022,48.91000000000076,3950.849682539683,3939.105968253968,91714.5,,,1.764234452797211,2.333899243152639,4.09813369594985,1.0,-78.0,1.0,10292.0,-0.10663511422590334,0.2477078018546265,,,0.3014,0.1973,0.398
20241216,3911.4,3940.0,3940.0,3901.2,96215.0,-13655.0,65026.0,1.0,-1.0,0.0,-1093.0,2.0,-1.0,15221.0,-4297.0,3975.92,3960.0,3935.25,15.91999999999962,40.66999999999962,3948.790158730159,3939.415666666667,88110.5,,,1.745529344448713,2.333899243152639,4.079428587601351,0.0,-1093.0,1.0,10924.0,-0.14192173777477524,0.1961847550862356,,,0.4247,0.284,0.353
20241217,3922.4,3907.0,3962.0,3907.0,89729.0,-6486.0,89943.0,1.0,-1.0,0.0,-1877.0,2.0,-1.0,16645.0,-4958.0,3960.32,3957.679999999999,3932.71,2.640000000000327,27.60999999999922,3947.370476190477,3940.010333333333,88200.0,,,1.669206737643854,2.333899243152639,4.003105980796493,0.0,-1877.0,1.0,11687.0,-0.0722843227941914,0.1717345303570415,,,0.4521,0.324,0.326
20241218,3940.2,3941.4,3959.4,3931.6,66736.0,-22993.0,65404.0,1.0,-1.0,0.0,-1801.0,2.0,-1.0,12987.0,-3954.0,3949.56,3959.22,3930.72,-9.66000000000031,18.83999999999969,3948.040476190475,3941.242380952381,86502.7,,,1.64040523830529,2.333899243152639,3.974304481457928,0.0,-1801.0,1.0,9033.0,-0.3445366818508751,0.1811023396995983,,,0.5205,0.48,0.341
20241219,3944.8,3910.8,3956.6,3897.2,43675.0,-23061.0,55685.0,1.0,0.0,0.0,-687.0,2.0,-1.0,12436.0,-3388.0,3930.76,3961.84,3928.5,-31.08000000000038,2.259999999999764,3948.393492063492,3943.073333333334,84801.1,,,1.578336892540843,2.287481387414549,3.865818279955392,1.0,-687.0,1.0,9048.0,-0.5280137378362908,0.1977483642655908,,,0.5205,0.4933,0.358
20241220,3936.0,3938.2,3966.0,3926.4,138250.0,94575.0,50078.0,1.0,0.0,0.0,-489.0,2.0,-1.0,9228.0,-4431.0,3930.96,3958.64,3932.260000000001,-27.68000000000029,-1.300000000000637,3949.06634920635,3945.068587301587,78423.4,,,1.546345182984784,2.287481387414549,3.833826570399334,1.0,-489.0,1.0,4797.0,0.6840867992766727,0.1862920481003705,,,0.5205,0.5293,0.35
20241223,3937.4,3939.8,3972.0,3931.4,140464.0,2214.0,52276.0,2.0,0.0,1303.0,-969.0,2.0,-1.0,9613.0,-4304.0,3936.16,3956.04,3937.18,-19.88000000000011,-1.020000000000437,3949.740476190477,3947.103158730159,75349.3,,0.2139,1.527056918561785,2.287481387414549,3.814538305976335,2.0,334.0,1.0,5309.0,0.015762045791092378,0.1828511172351493,,,0.5479,0.5547,0.344
20241224,3988.8,3941.2,3998.4,3938.2,141179.0,715.0,55592.0,1.0,-1.0,0.0,-1067.0,2.0,-1.0,9624.0,-3816.0,3949.44,3954.88,3944.820000000001,-5.440000000000055,4.619999999999436,3952.949047619049,3948.669904761905,69300.7,,0.217925,1.562477436497279,2.222138625976746,3.784616062474026,0.0,-1067.0,1.0,5808.0,0.005064492594507682,0.1670734692173482,,,0.6027,0.6173,0.322
20241225,3986.8,3992.0,4009.0,3968.0,138808.0,-2371.0,48157.0,1.0,-1.0,0.0,-1060.0,2.0,-1.0,9472.0,-3642.0,3958.760000000001,3954.16,3949.09,4.600000000000819,9.670000000000528,3957.256984126983,3950.206031746032,67072.6,,,1.577863754205174,2.191843174701787,3.769706928906961,0.0,-1060.0,1.0,5830.0,-0.017081148060630512,0.1939454767226152,,,0.6301,0.656,0.358
20241226,3990.4,3984.8,3999.6,3972.2,137340.0,-1468.0,33505.0,1.0,0.0,0.0,-594.0,2.0,-1.0,8977.0,-3880.0,3967.88,3949.32,3954.99,18.5600000000004,12.88999999999987,3960.707936507936,3951.316507936508,62059.5,,,1.471261384975258,2.17166560037713,3.642926985352387,1.0,-594.0,1.0,5097.0,-0.010688801514489588,0.1820872929171955,,,0.6712,0.6773,0.344
20241227,3987.0,3994.0,4021.2,3980.0,146847.0,9507.0,52322.0,1.0,0.0,0.0,-592.0,2.0,-1.0,7397.0,-4192.0,3978.08,3954.52,3958.79,23.56000000000085,19.29000000000042,3964.240317460317,3952.655571428571,56798.8,,,1.44073322837369,2.165688807486725,3.606422035860415,1.0,-592.0,1.0,3205.0,0.06474085272426403,0.1939455008495694,,,0.5068,0.4067,0.36
20241230,4003.4,3987.6,4014.8,3986.6,141697.0,-5150.0,43124.0,1.0,0.0,0.0,-159.0,2.0,-1.0,8078.0,-3593.0,3991.28,3963.72,3961.86,27.55999999999995,29.42000000000053,3968.104761904762,3954.587031746031,54608.6,,,1.202167287504234,2.129591561359101,3.331758848863335,1.0,-159.0,1.0,4485.0,-0.03634515903653571,0.1731580656597302,0.175,,0.6301,0.6347,0.33
20241231,3921.0,4005.8,4014.2,3916.8,145358.0,3661.0,63904.0,1.0,0.0,0.0,-297.0,2.0,-1.0,9102.0,-3633.0,3977.72,3963.58,3960.63,14.13999999999987,17.0900000000006,3966.935714285715,3956.543555555556,52004.7,76684.8,,1.328201372931675,2.129591561359101,3.457792934290775,1.0,-297.0,1.0,5469.0,0.02518609226874338,0.243097714661811,0.1716,,0.6575,0.6653,0.404
20250102,3817.8,3921.0,3931.0,3784.4,151506.0,6148.0,82958.0,1.0,0.0,0.0,-590.0,2.0,-1.0,12226.0,-4774.0,3943.92,3951.339999999999,3955.28,-7.419999999999618,-11.36000000000013,3955.926984126984,3957.332206349206,53760.1,99549.59999999999,0.22609,1.495407660659443,2.129591561359101,3.624999222018544,1.0,-590.0,1.0,7452.0,0.0405792509867596,0.2095243862325836,0.1966,,0.6986,0.6667,0.376
20250103,3779.0,3826.0,3834.0,3758.0,150331.0,-1175.0,74342.0,1.0,0.0,0.0,-538.0,2.0,-1.0,12918.0,-5872.0,3901.64,3934.760000000001,3948.3,-33.12000000000035,-46.65999999999985,3939.765079365079,3956.469365079365,55625.8,89210.4,0.228275,1.433178853166359,2.091919642778646,3.525098495945005,1.0,-538.0,1.0,7046.0,-0.007816085837252462,0.24696315071773,0.1985,,0.6438,0.724,0.411
20250106,3762.0,3780.2,3785.4,3740.8,148863.0,-1468.0,63581.0,1.0,0.0,0.0,-81.0,2.0,-1.0,14430.0,-5400.0,3856.64,3917.360000000001,3938.0,-60.72000000000025,-81.35999999999967,3922.004761904763,3953.763206349206,56976.1,,0.23207,1.447639164557422,2.039155740446469,3.486794905003891,1.0,-81.0,1.0,9030.0,-0.009861416201473839,0.2515985431229506,0.2018,,0.6438,0.7293,0.415
20250107,3789.6,3757.0,3793.4,3750.0,144935.0,-3928.0,52260.0,1.0,0.0,456.0,0.0,2.0,-1.0,14666.0,-5530.0,3813.88,3902.58,3929.31,-88.70000000000073,-115.4300000000003,3905.927301587301,3949.381888888889,56974.5,,,1.429974335666122,1.982337496100827,3.412311831766949,1.0,456.0,1.0,9136.0,-0.02710180425708076,0.2638538395060218,0.1675,,0.6986,0.7533,0.42
20250108,3781.2,3780.0,3810.0,3720.6,151394.0,6459.0,74894.0,1.0,0.0,779.0,0.0,2.0,-1.0,15485.0,-5572.0,3785.92,3881.82,3918.35,-95.90000000000009,-132.4300000000003,3891.325714285714,3943.219555555556,58904.7,89872.8,,1.530063047824081,1.982337496100827,3.512400543924908,1.0,779.0,1.0,9913.0,0.04266351374559098,0.2608963994726216,0.159,,0.6849,0.7507,0.42
20250109,3772.2,3773.0,3790.0,3762.4,142363.0,-9031.0,46603.0,1.0,0.0,696.0,0.0,2.0,-1.0,15522.0,-5314.0,3776.8,3860.36,3907.26,-83.55999999999949,-130.4599999999996,3876.925714285715,3935.186428571428,58749.3,,,1.476513518179113,1.941917094533373,3.418430612712486,1.0,696.0,1.0,10208.0,-0.06343642659960805,0.2244268510328965,0.1607,,0.7123,0.7013,0.399
20250110,3728.0,3778.0,3785.8,3727.4,147539.0,5176.0,56307.0,1.0,0.0,0.0,-152.0,2.0,-1.0,13380.0,-5542.0,3766.6,3834.12,3891.72,-67.51999999999998,-125.1199999999999,3861.702698412698,3925.285904761905,61029.5,,,1.516833011949576,1.908041743501572,3.424874755451148,1.0,-152.0,1.0,7838.0,0.035082249439131345,0.2449398589246555,0.1589,,0.4795,0.5147,0.41
20250113,3724.0,3710.0,3739.2,3702.0,145942.0,-1597.0,56330.0,2.0,0.0,2041.0,-341.0,2.0,-1.0,13831.0,-5008.0,3759.0,3807.82,3881.17,-48.81999999999971,-122.1699999999996,3844.806190476191,3913.342492063493,61430.3,,,1.516531189386872,1.890829911722983,3.407361101109855,2.0,1700.0,1.0,8823.0,-0.010942703265680887,0.2040761544984746,0.1662,,0.4521,0.4933,0.374
20250114,3816.8,3732.8,3834.8,3721.2,157583.0,11641.0,85212.0,2.0,0.0,2249.0,-375.0,2.0,-1.0,12985.0,-4785.0,3764.44,3789.16,3876.44,-24.7199999999998,-112.0,3835.573492063491,3900.089365079365,65639.1,102254.4,0.19872,1.619036302061672,1.890829911722983,3.509866213784655,2.0,1874.0,1.0,8200.0,0.07387218164395906,0.197365607502794,0.1728,,0.3014,0.4133,0.365
20250115,3794.6,3806.4,3815.0,3786.0,151093.0,-6490.0,51748.0,2.0,0.0,1442.0,-278.0,2.0,-1.0,13341.0,-4855.0,3767.12,3776.52,3870.05,-9.399999999999636,-102.9300000000003,3827.919523809525,3886.187746031746,64423.5,,,1.60582853522649,1.890829911722983,3.496658446949473,2.0,1164.0,1.0,8486.0,-0.042953677536351785,0.2125715950939896,0.1631,,0.3151,0.4147,0.383
20250116,3792.2,3807.6,3849.6,3771.0,166339.0,15246.0,76758.0,1.0,0.0,289.0,0.0,2.0,-1.0,13003.0,-4604.0,3771.12,3773.96,3862.65,-2.840000000000146,-91.5300000000002,3821.273333333333,3872.722380952381,63803.5,92109.59999999999,,1.707537853851217,1.922199097775205,3.629736951626422,1.0,289.0,1.0,8399.0,0.09165619608149622,0.2232529745403179,0.1669,,0.6164,0.6347,0.399
20250117,3807.2,3784.4,3835.0,3776.6,162173.0,-4166.0,77443.0,1.0,0.0,0.0,-776.0,2.0,-1.0,12645.0,-4817.0,3786.96,3776.78,3855.77,10.17999999999984,-68.80999999999949,3815.299206349205,3860.275793650794,64113.6,92931.59999999999,,1.745576010058361,1.922199097775205,3.667775107833566,1.0,-776.0,1.0,7828.0,-0.025688616477465422,0.2886070269819289,0.1669,,0.6027,0.676,0.455
20250120,3827.0,3832.0,3863.6,3818.6,163779.0,1606.0,68261.0,1.0,0.0,0.0,-502.0,2.0,-1.0,12626.0,-5100.0,3807.56,3783.28,3850.32,24.27999999999975,-42.75999999999976,3812.856666666666,3849.360984126984,64581.6,,0.231955,1.80446824294047,1.888780387289934,3.693248630230404,1.0,-502.0,1.0,7526.0,0.009805896970918127,0.54027790072491,0.2017,,0.589,0.6693,0.74
20250121,3831.6,3850.4,3854.0,3816.0,161675.0,-2104.0,65603.0,1.0,0.0,0.0,-279.0,2.0,-1.0,12943.0,-5171.0,3810.52,3787.48,3845.03,23.03999999999996,-34.51000000000067,3811.087619047619,3839.877015873016,65915.9,,,1.695484240860606,1.888780387289934,3.58426462815054,1.0,-279.0,1.0,7772.0,-0.01301376217720736,0.5501888777555795,0.195,,0.589,0.6427,0.744
20250122,3790.8,3824.4,3825.4,3774.2,166367.0,4692.0,74475.0,1.0,0.0,252.0,0.0,2.0,-1.0,12516.0,-3880.0,3809.76,3788.44,3835.13,21.31999999999971,-25.36999999999989,3806.572380952381,3831.401682539682,65874.0,,,1.528034085462733,1.795227679228396,3.323261764691129,1.0,252.0,1.0,8636.0,0.028202708469828752,0.5472351366145087,0.1968,,0.5479,0.6013,0.741
20250123,3798.6,3830.2,3872.6,3791.0,173229.0,6862.0,107102.0,1.0,0.0,0.0,-346.0,2.0,-1.0,10803.0,-4123.0,3811.04,3791.08,3825.72,19.95999999999913,-14.68000000000029,3804.354761904762,3824.144587301587,71923.9,128522.4,0.233565,1.538409304396049,1.888780387289934,3.427189691685983,1.0,-346.0,1.0,6680.0,0.03961230509903076,0.5196520804546179,0.2031,,0.5616,0.5653,0.726
20250124,3843.8,3798.0,3859.0,3797.0,167315.0,-5914.0,83529.0,1.0,0.0,32.0,0.0,2.0,-1.0,11478.0,-3949.0,3818.36,3802.660000000001,3818.39,15.69999999999891,-0.03000000000065484,3804.390317460317,3818.413349206349,74646.1,,,1.568809136382813,1.764296360253766,3.333105496636579,1.0,32.0,1.0,7529.0,-0.03534650210680453,0.5135894051474957,0.2024,,0.589,0.592,0.722
20250127,3795.0,3846.0,3855.4,3795.0,159646.0,-7669.0,63406.0,1.0,0.0,315.0,0.0,2.0,-1.0,10453.0,-3213.0,3811.96,3809.760000000001,3808.79,2.199999999999363,3.170000000000073,3803.535238095239,3814.286253968254,75353.7,,,1.600662862738452,1.764296360253766,3.364959222992218,1.0,315.0,1.0,7240.0,-0.0480375330418551,0.5322329607332179,0.1843,,0.5616,0.5933,0.734
20250205,3788.8,3826.4,3829.4,3775.6,163600.0,3954.0,65902.0,2.0,0.0,3932.0,0.0,2.0,-1.0,12665.0,-4120.0,3803.4,3806.96,3798.06,-3.559999999999945,5.339999999999691,3802.489523809524,3810.977857142857,73422.7,,,1.53340387794527,1.753053539258324,3.286457417203594,2.0,3932.0,1.0,8545.0,0.024168704156479218,0.5455273781904096,0.1537,,0.5616,0.6507,0.74
20250206,3841.6,3788.0,3849.8,3786.2,160510.0,-3090.0,74978.0,2.0,0.0,3665.0,-561.0,2.0,-1.0,13064.0,-3179.0,3813.56,3811.66,3794.09,1.900000000000091,19.4699999999998,3804.768888888889,3808.662793650793,75745.7,,,1.599097405039491,1.630016362183589,3.22911376722308,2.0,3104.0,1.0,9885.0,-0.01925113700080992,0.4910164656890837,0.1649,,0.6164,0.684,0.705
20250207,3897.8,3841.2,3925.6,3834.2,174116.0,13606.0,107480.0,2.0,-1.0,1309.0,-599.0,2.0,-1.0,14546.0,-2715.0,3833.4,3822.22,3798.09,11.18000000000029,35.30999999999995,3812.66507936508,3807.801968253968,78817.9,128976.0,,1.655863752066551,1.630016362183589,3.28588011425014,1.0,710.0,1.0,11831.0,0.0781433067610099,0.4752479879354294,0.1696,,0.6164,0.6427,0.69
20250210,3899.0,3905.0,3910.2,3882.2,159057.0,-15059.0,64008.0,1.0,0.0,0.0,-676.0,2.0,-1.0,15784.0,-3201.0,3844.44,3831.4,3804.09,13.03999999999996,40.34999999999991,3822.067936507937,3808.478841269841,77474.4,,,1.633261590888712,1.600135570716315,3.233397161605027,1.0,-676.0,1.0,12583.0,-0.09467675110180628,0.4647937874926408,0.1589,,0.589,0.672,0.679
20250211,3883.2,3902.0,3904.4,3868.4,157204.0,-1853.0,54628.0,1.0,0.0,169.0,0.0,2.0,-1.0,16041.0,-3153.0,3862.08,3837.02,3810.15,25.06000000000085,51.93000000000029,3829.798888888889,3810.173063492063,76111.1,,,1.486438071922257,1.576541304065098,3.062979375987355,1.0,169.0,1.0,12888.0,-0.011787231877051475,0.4890754142873342,0.1568,,0.6164,0.688,0.703
20250212,3918.4,3879.0,3927.6,3866.0,160158.0,2954.0,74891.0,1.0,0.0,0.0,-293.0,2.0,-1.0,16980.0,-3270.0,3888.0,3845.7,3816.59,42.30000000000018,71.40999999999985,3838.853015873016,3812.949603174603,77039.9,,,1.540351857023179,1.568742256189353,3.109094113212532,1.0,-293.0,1.0,13710.0,0.01844428626731103,0.4606297427690013,0.1597,,0.6712,0.712,0.673
20250213,3910.0,3914.6,3940.2,3901.0,162824.0,2666.0,82808.0,1.0,-1.0,0.0,-685.0,2.0,-1.0,18339.0,-3658.0,3901.68,3857.62,3823.03,44.0600000000004,78.65000000000009,3848.150634920635,3817.107428571428,77873.2,,,1.463791591743325,1.546970862526573,3.010762454269897,0.0,-685.0,1.0,14681.0,0.016373507591018525,0.4856965455244136,0.1388,,0.6849,0.7267,0.697
20250214,3944.4,3912.8,3948.6,3904.4,160292.0,-2532.0,79613.0,1.0,0.0,0.0,-209.0,2.0,-1.0,19055.0,-3597.0,3911.0,3872.2,3831.64,38.80000000000018,79.35999999999967,3858.709999999999,3822.542952380952,75124.3,,,1.433759496016306,1.546970862526573,2.980730358542878,1.0,-209.0,1.0,15458.0,-0.01579617198612532,0.5052147655135782,0.1381,,0.8767,0.82,0.714
20250217,3948.2,3958.0,3964.0,3916.0,161747.0,1455.0,75930.0,1.0,0.0,0.0,-389.0,2.0,-1.0,17983.0,-3678.0,3920.84,3882.639999999999,3842.65,38.20000000000073,78.19000000000005,3869.70238095238,3829.074158730159,74364.4,,,1.415017599905345,1.53114347405347,2.946161073958815,1.0,-389.0,1.0,14305.0,0.008995530056198879,0.4861247264225308,0.1384,,0.6712,0.728,0.696
20250218,3918.2,3940.0,3965.0,3900.4,163220.0,1473.0,89311.0,1.0,0.0,0.0,-439.0,2.0,-1.0,18909.0,-4217.0,3927.84,3894.96,3852.36,32.88000000000011,75.48000000000047,3877.351428571428,3836.455777777777,76954.9,,,1.46185337905932,1.53114347405347,2.992996853112789,1.0,-439.0,1.0,14692.0,0.009024629334640363,0.5221743925233501,0.1507,,0.6575,0.7147,0.726
20250219,3939.4,3914.0,3949.6,3907.4,164340.0,1120.0,81144.0,1.0,0.0,331.0,0.0,2.0,-1.0,18825.0,-3731.0,3932.04,3910.02,3858.49,22.01999999999953,73.54999999999973,3885.222063492064,3844.729031746032,78479.1,,,1.429875714201566,1.520228148788118,2.950103862989684,1.0,331.0,1.0,15094.0,0.006815139345259827,0.4957181655008327,0.1358,,0.6027,0.696,0.705
20250220,3926.8,3931.0,3939.4,3913.2,160226.0,-4114.0,73119.0,2.0,0.0,653.0,-94.0,2.0,-1.0,19114.0,-3621.0,3935.4,3918.54,3865.1,16.86000000000013,70.30000000000018,3891.759682539683,3853.428111111111,78293.2,,,1.324406018958913,1.509144758391777,2.83355077735069,2.0,559.0,1.0,15493.0,-0.025676232321845394,0.4614423510775061,0.1343,,0.6027,0.664,0.669
20250221,3981.6,3936.2,3988.4,3925.8,176088.0,15862.0,106233.0,1.0,0.0,106.0,0.0,2.0,-1.0,19411.0,-3710.0,3942.84,3926.92,3874.57,15.92000000000053,68.27000000000044,3901.323968253968,3862.293999999999,78168.5,127479.6,,1.322162059187726,1.520228148788118,2.842390207975845,1.0,106.0,1.0,15701.0,0.09007996001999001,0.4349942377409639,0.1343,,0.6164,0.6373,0.645
20250224,3967.2,3978.0,3995.8,3946.0,163065.0,-13023.0,90206.0,1.0,0.0,0.0,-49.0,2.0,-1.0,20057.0,-5059.0,3946.64,3933.74,3882.57,12.90000000000009,64.07000000000062,3910.386666666666,3871.125873015872,80788.3,,0.17917,1.298649127355993,1.520228148788118,2.818877276144111,1.0,-49.0,1.0,14998.0,-0.07986385797074787,0.5125212111543799,0.1558,,0.6164,0.5107,0.718
20250225,3928.6,3930.0,3956.6,3913.0,160826.0,-2239.0,83453.0,1.0,0.0,137.0,0.0,2.0,-1.0,18445.0,-4806.0,3948.72,3938.28,3887.65,10.4399999999996,61.06999999999971,3915.16253968254,3879.662238095238,83670.8,,,1.296070988846067,1.509144758391777,2.805215747237844,1.0,137.0,1.0,13639.0,-0.013921878303259423,0.5106984616361265,0.1548,,0.589,0.5427,0.715
20250226,3957.2,3935.6,3961.0,3922.6,156688.0,-4138.0,88376.0,1.0,0.0,0.0,-59.0,2.0,-1.0,18258.0,-4134.0,3952.28,3942.16,3893.929999999999,10.11999999999989,58.35000000000036,3921.207460317461,3887.897682539682,85019.3,,0.182735,1.247546346782987,1.486555437072364,2.734101783855351,1.0,-59.0,1.0,14124.0,-0.026409169815174105,0.5257507261311918,0.1589,,0.5479,0.5213,0.73
20250227,3973.6,3957.0,3975.0,3931.0,156589.0,-99.0,94347.0,1.0,0.0,0.0,-410.0,2.0,-1.0,17851.0,-4393.0,3961.64,3948.52,3903.070000000001,13.11999999999989,58.56999999999971,3927.755238095238,3895.858142857143,86173.2,,0.184345,1.159798024531814,1.486555437072364,2.646353461604178,1.0,-410.0,1.0,13458.0,-0.0006322283174424768,0.5863785360675636,0.1603,,0.5205,0.4973,0.752
20250228,3899.8,3955.0,3970.0,3887.4,157983.0,1394.0,104257.0,1.0,-1.0,0.0,-1555.0,2.0,-1.0,18722.0,-4840.0,3945.28,3944.06,3908.13,1.2199999999998,37.14999999999964,3929.44746031746,3902.931888888889,88637.6,,0.19159,1.265413836788476,1.486555437072364,2.75196927386084,0.0,-1555.0,1.0,13882.0,0.008823734199249287,0.5956224494093191,0.1666,,0.5342,0.5533,0.758
20250303,3886.6,3908.0,3935.0,3871.8,153150.0,-4833.0,93136.0,1.0,-1.0,0.0,-1227.0,2.0,-1.0,18864.0,-4617.0,3929.16,3937.9,3910.27,-8.740000000000236,18.89000000000033,3928.628730158731,3908.824523809524,90358.2,,,1.314700544464608,1.509144758391777,2.823845302856385,0.0,-1227.0,1.0,14247.0,-0.03155729676787463,0.5561303209511824,0.1465,,0.5342,0.5507,0.744
20250304,3882.2,3870.0,3891.0,3858.8,144648.0,-8502.0,72633.0,1.0,-1.0,0.0,-1291.0,2.0,-1.0,18693.0,-4105.0,3919.88,3934.3,3914.63,-14.42000000000007,5.250000000000455,3925.608888888889,3913.650269841271,88690.4,,,1.262172243833515,1.486555437072364,2.748727680905879,0.0,-1291.0,1.0,14588.0,-0.0587771694043471,0.5602424857373721,0.1432,,0.5479,0.548,0.745
20250305,3894.6,3885.0,3903.0,3871.4,142442.0,-2206.0,71493.0,1.0,-1.0,0.0,-1564.0,2.0,-1.0,21092.0,-3124.0,3907.36,3929.82,3919.92,-22.46000000000004,-12.55999999999995,3923.332539682539,3917.461317460317,87725.3,,,1.248719308826413,1.486555437072364,2.735274745898777,0.0,-1564.0,1.0,17968.0,-0.015487005237219359,0.6068524668131733,0.1411,,0.5205,0.5267,0.765
20250306,3954.2,3917.6,3969.0,3916.0,144572.0,2130.0,95177.0,1.0,0.0,0.0,-1349.0,2.0,-1.0,19526.0,-3214.0,3903.48,3932.56,3925.55,-29.07999999999947,-22.06999999999971,3925.766190476191,3920.861968253968,89931.1,,,1.303348093471998,1.509144758391777,2.812492851863775,1.0,-1349.0,1.0,16312.0,0.014733143347259498,0.5515980077590967,0.147,,0.5205,0.5387,0.739
20250307,3943.8,3945.2,3964.8,3933.0,132487.0,-12085.0,65169.0,1.0,-1.0,0.0,-1418.0,2.0,-1.0,19008.0,-2930.0,3912.28,3928.78,3927.85,-16.50000000000045,-15.57000000000016,3928.126666666667,3923.542238095238,85824.7,,,1.274026497716778,1.509144758391777,2.783171256108555,0.0,-1418.0,1.0,16078.0,-0.09121649671288504,0.5618184010753482,0.1354,,0.5479,0.5133,0.745
20250310,3917.8,3943.2,3945.8,3896.6,130053.0,-2434.0,76002.0,1.0,0.0,0.0,-1045.0,2.0,-1.0,18389.0,-2806.0,3918.52,3923.84,3928.79,-5.319999999999709,-10.26999999999953,3927.976349206349,3925.301206349207,84404.3,,,1.246062913462202,1.509144758391777,2.755207671853979,1.0,-1045.0,1.0,15583.0,-0.01871544677938994,0.5809949938842353,0.1309,,0.5616,0.5587,0.748
20250311,3930.0,3884.4,3930.0,3882.2,123314.0,-6739.0,70169.0,1.0,-1.0,0.0,-2141.0,2.0,-1.0,18161.0,-3004.0,3928.08,3923.98,3931.13,4.099999999999909,-3.049999999999727,3926.606984126984,3926.445650793651,83075.9,,,1.256449385945789,1.486555437072364,2.743004823018153,0.0,-2141.0,1.0,15157.0,-0.05464910715733818,0.6307161239207306,0.1365,,0.7808,0.724,0.797
20250312,3923.2,3936.0,3950.8,3911.6,123274.0,-40.0,72770.0,1.0,-1.0,0.0,-1921.0,2.0,-1.0,17805.0,-3700.0,3933.8,3920.58,3931.37,13.2199999999998,2.430000000000291,3926.574603174603,3926.982365079365,81515.3,,,1.280150580301016,1.486555437072364,2.76670601737338,0.0,-1921.0,1.0,14105.0,-0.00032448042571831855,0.6489088848277199,0.1403,,0.7534,0.7253,0.808
20250313,3904.8,3924.0,3935.0,3885.8,116309.0,-6965.0,76944.0,1.0,-1.0,0.0,-1969.0,2.0,-1.0,17008.0,-3684.0,3923.920000000001,3913.7,3931.11,10.22000000000071,-7.189999999999145,3924.624126984125,3926.669253968254,79775.0,,,1.25755954850119,1.441480485826175,2.699040034327365,0.0,-1969.0,1.0,13324.0,-0.05988358596497262,0.6329552734233167,0.1391,,0.7397,0.7613,0.8
20250314,4012.8,3913.0,4020.0,3910.4,124275.0,7966.0,121547.0,1.0,0.0,0.0,-986.0,2.0,-1.0,19804.0,-2569.0,3937.72,3925.0,3934.53,12.7199999999998,3.1899999999996,3929.470000000001,3926.671507936508,81504.0,145856.4,0.20861,1.375406295674178,1.486555437072364,2.861961732746542,1.0,-986.0,1.0,17235.0,0.06409977871655602,0.5738845334990794,0.1814,,0.7808,0.7773,0.748
20250317,3996.0,4022.0,4028.0,3991.0,97164.0,-27111.0,79845.0,1.0,-1.0,0.0,-2373.0,2.0,-1.0,18989.0,-2579.0,3953.36,3935.94,3936.920000000001,17.41999999999962,16.43999999999915,3936.568095238094,3927.465444444445,80174.9,,,1.342493908483821,1.486555437072364,2.829049345556185,0.0,-2373.0,1.0,16410.0,-0.27902309497344696,0.5509377240397982,0.1508,,0.7671,0.7773,0.738
20250318,4005.6,4015.0,4019.8,3996.2,82016.0,-15148.0,65841.0,1.0,-1.0,0.0,-2353.0,3.0,-1.0,20495.0,-2375.0,3968.48,3948.28,3941.29,20.20000000000073,27.19000000000051,3943.405555555556,3929.24511111111,79495.7,,,1.31482993197279,1.441480485826175,2.756310417798964,0.0,-2353.0,2.0,18120.0,-0.18469566913772922,0.5949894398681606,0.1485,,0.7808,0.7853,0.76
20250319,4013.2,3999.0,4026.0,3988.0,63335.0,-18681.0,63030.0,0.0,-1.0,0.0,-3272.0,3.0,-1.0,20354.0,-2636.0,3986.48,3960.14,3944.98,26.34000000000015,41.50000000000091,3950.095714285714,3931.921428571428,78649.4,,,1.303009538725922,1.441480485826175,2.744490024552097,-1.0,-3272.0,2.0,17718.0,-0.2949553959106339,0.6055067668819625,0.1583,,0.7534,0.7947,0.768
20250320,3977.6,4014.2,4014.2,3972.0,40795.0,-22540.0,50435.0,1.0,0.0,0.0,-463.0,2.0,-1.0,19633.0,-3630.0,4001.04,3962.48,3947.52,38.55999999999949,53.52000000000044,3954.276190476191,3934.772428571428,74175.2,,,1.221525494909707,1.441480485826175,2.663005980735882,1.0,-463.0,1.0,16003.0,-0.5525186910160559,0.6026170280097529,0.1579,,0.7671,0.7933,0.765
20250321,3882.8,3950.0,3960.2,3871.8,158782.0,117987.0,67356.0,1.0,-1.0,0.0,-2714.0,2.0,-1.0,17196.0,-4300.0,3975.04,3956.38,3942.58,18.65999999999985,32.45999999999958,3950.548888888889,3937.014650793651,74393.9,,,1.298729511609635,1.486555437072364,2.785284948681999,0.0,-2714.0,1.0,12896.0,0.7430754115705811,0.7001949839313321,0.1579,,0.7671,0.8053,0.858
20250324,3900.2,3885.2,3907.2,3878.6,151921.0,-6861.0,51229.0,1.0,0.0,0.0,-650.0,2.0,-1.0,17285.0,-4689.0,3955.88,3954.62,3939.23,1.259999999999764,16.64999999999918,3946.223174603174,3938.839333333333,71916.6,,,1.291791387816116,1.441480485826175,2.733271873642291,1.0,-650.0,1.0,12596.0,-0.04516163005772737,0.5954744536298346,0.1387,,0.7945,0.812,0.761
20250325,3904.4,3901.0,3913.2,3890.6,152230.0,309.0,45405.0,0.0,-1.0,0.0,-2857.0,2.0,-1.0,18349.0,-4587.0,3935.64,3952.06,3938.02,-16.41999999999962,-2.3799999999992,3942.511904761905,3940.429825396825,69440.2,,,1.275277564668587,1.441480485826175,2.716758050494762,-1.0,-2857.0,1.0,13762.0,0.002029823293700322,0.6237409213526772,0.1347,,0.8493,0.8307,0.789
20250326,3891.8,3902.0,3918.6,3888.8,154083.0,1853.0,45817.0,1.0,0.0,0.0,-839.0,2.0,-1.0,16675.0,-4892.0,3911.36,3948.92,3934.75,-37.55999999999995,-23.39000000000033,3938.687301587302,3941.641095238095,66744.9,,,1.195927831316571,1.441480485826175,2.637408317142746,1.0,-839.0,1.0,11783.0,0.012025985994561372,0.6223940422250676,0.1341,,0.863,0.8413,0.789
20250327,3904.6,3890.0,3931.6,3873.4,156732.0,2649.0,56873.0,0.0,-1.0,0.0,-2849.0,2.0,-1.0,17166.0,-4900.0,3896.76,3948.9,3931.3,-52.14000000000033,-34.54000000000042,3935.766349206349,3942.755317460318,64737.8,,,1.244634259527814,1.441480485826175,2.686114745353989,-1.0,-2849.0,1.0,12266.0,0.016901462368884464,0.6339614051245532,0.1335,,0.8767,0.844,0.809
20250328,3884.0,3906.4,3909.8,3875.2,152667.0,-4065.0,51648.0,1.0,0.0,0.0,-540.0,2.0,-1.0,16392.0,-5007.0,3897.0,3936.02,3930.51,-39.02000000000044,-33.50999999999976,3931.708253968254,3942.979142857143,57747.9,,,1.218914948032866,1.441480485826175,2.660395433859041,1.0,-540.0,1.0,11385.0,-0.026626579417948867,0.6150117137453398,0.1374,,0.863,0.852,0.783
20250331,3858.6,3877.2,3902.0,3833.8,159056.0,6389.0,64968.0,1.0,0.0,0.0,-544.0,2.0,-1.0,17915.0,-4788.0,3888.68,3922.28,3929.11,-33.59999999999991,-40.42999999999938,3925.41380952381,3941.863714285714,56260.2,,0.16054,1.257546367935835,1.480463376055104,2.738009743990939,1.0,-544.0,1.0,13127.0,0.040168242631526005,0.6276577014890418,0.1396,,0.9041,0.8667,0.796
20250401,3859.6,3866.0,3879.6,3853.4,150013.0,-9043.0,40892.0,1.0,0.0,0.0,-352.0,2.0,-1.0,17565.0,-4624.0,3879.72,3907.68,3927.98,-27.96000000000049,-48.26000000000067,3918.968412698412,3939.420000000001,53765.3,,,1.235362571823403,1.480463376055104,2.715825947878507,1.0,-352.0,1.0,12941.0,-0.06028144227500283,0.6224113308373164,0.138,0.09833795013850445,0.7808,0.7867,0.791
20250402,3857.6,3859.6,3876.0,3850.4,151868.0,1855.0,37515.0,1.0,0.0,0.0,-496.0,2.0,-1.0,17787.0,-4513.0,3872.88,3892.12,3926.13,-19.23999999999978,-53.25,3912.243968253967,3935.634825396825,51213.8,,0.161805,1.193474652767665,1.480463376055104,2.673938028822769,1.0,-496.0,1.0,13274.0,0.012214554744910053,0.610604311562106,0.1407,0.13573407202216067,0.7808,0.7907,0.777
20250403,3837.0,3824.0,3864.0,3820.2,160981.0,9113.0,62929.0,1.0,0.0,0.0,-516.0,2.0,-1.0,16428.0,-4803.0,3859.36,3878.06,3920.27,-18.70000000000027,-60.91000000000076,3903.892857142857,3930.596492063492,52463.2,,0.16583,1.066949044237123,1.441480485826175,2.508429530063297,1.0,-516.0,1.0,11625.0,0.056609165056745826,0.6156840159796273,0.1442,0.18421052631578952,0.9178,0.8973,0.785
20250407,3452.6,3683.4,3729.2,3452.6,164375.0,3394.0,149826.0,1.0,0.0,0.0,-574.0,3.0,-1.0,20869.0,-1230.0,3773.08,3835.04,3895.71,-61.95999999999913,-122.6299999999997,3867.409841269841,3922.282587301587,60710.2,179791.2,0.5133599999999999,1.718249811910837,1.441480485826175,3.159730297737012,1.0,-574.0,2.0,19639.0,0.020647908745247148,0.6741501446452828,0.4464,1.0,0.8904,0.8573,0.849
20250408,3543.8,3482.6,3560.0,3470.0,153665.0,-10710.0,123769.0,1.0,-1.0,0.0,-2816.0,3.0,0.0,20169.0,-414.0,3710.12,3799.4,3877.01,-89.2800000000002,-166.8899999999999,3831.437777777777,3910.804047619047,67964.2,148522.8,,1.888490881159354,1.441480485826175,3.329971366985529,0.0,-2816.0,3.0,19755.0,-0.0696970682979208,0.961013046239468,0.2942,0.5175911251980984,0.8767,0.8373,0.953
20250409,3614.0,3499.6,3634.4,3489.0,150590.0,-3075.0,115307.0,1.0,-1.0,0.0,-1255.0,3.0,0.0,19327.0,-1129.0,3661.0,3770.36,3861.21,-109.3599999999997,-200.21,3802.421428571428,3896.795,74954.4,138368.4,,2.103858823353056,1.480463376055104,3.58432219940816,0.0,-1255.0,3.0,18198.0,-0.020419682581844744,0.8231452572557897,0.2535,0.3885895404120444,0.8767,0.8387,0.928
20250410,3673.0,3678.4,3713.4,3655.0,141689.0,-8901.0,83748.0,1.0,0.0,0.0,-1074.0,3.0,-1.0,20789.0,-1499.0,3624.08,3748.48,3848.7,-124.4000000000001,-224.6199999999994,3784.803174603174,3881.406587301587,78747.5,,,2.223729835670134,1.500006666865887,3.723736502536021,1.0,-1074.0,2.0,19290.0,-0.06282068473911172,0.7974855192554655,0.2066,0.23993660855784474,0.8493,0.8307,0.911
20250411,3686.6,3678.2,3709.0,3650.2,139942.0,-1747.0,69617.0,1.0,0.0,0.0,-914.0,3.0,-1.0,20546.0,-1219.0,3594.0,3726.679999999999,3837.79,-132.6799999999994,-243.79,3768.302857142857,3864.660238095238,80021.9,,,2.143081421961951,1.500006666865887,3.643088088827838,1.0,-914.0,2.0,19327.0,-0.012483743265066957,0.8405575558966211,0.1999,0.2187004754358162,0.8082,0.8173,0.933
20250414,3694.8,3706.2,3717.0,3694.0,135018.0,-4924.0,45569.0,1.0,0.0,0.0,-956.0,3.0,-1.0,21416.0,-1954.0,3642.44,3707.76,3821.889999999999,-65.31999999999971,-179.4499999999994,3755.180952380952,3847.007507936507,79414.0,,,2.154858115087805,1.500006666865887,3.654864781953692,1.0,-956.0,2.0,19462.0,-0.03646921151253907,0.906837121041453,0.1554,0.07765451664025363,0.7808,0.7987,0.949
20250415,3690.4,3692.0,3698.0,3675.4,137582.0,2564.0,44540.0,1.0,0.0,0.0,-787.0,3.0,-1.0,20935.0,-1725.0,3671.76,3690.94,3806.61,-19.18000000000029,-134.8499999999999,3742.244126984127,3828.69053968254,77371.2,,,2.163650368743375,1.480463376055104,3.644113744798479,1.0,-787.0,2.0,19210.0,0.018636158799843004,0.9484756382826082,0.1513,0.06465927099841522,0.7397,0.8213,0.951
20250416,3690.8,3691.2,3697.8,3652.6,141540.0,3958.0,58241.0,1.0,-1.0,0.0,-973.0,3.0,-1.0,20571.0,-1068.0,3687.12,3674.06,3790.87,13.05999999999995,-103.7500000000005,3730.359682539682,3809.829666666666,79106.1,,,2.201449258719096,1.480463376055104,3.6819126347742,0.0,-973.0,2.0,19503.0,0.027963826480146954,1.0780316542504491,0.1591,0.08938193343898575,0.7945,0.7907,0.97
20250417,3710.6,3680.0,3725.0,3678.2,141593.0,53.0,55799.0,1.0,-1.0,0.0,-800.0,3.0,-1.0,19133.0,-1711.0,3694.64,3659.36,3775.74,35.28000000000065,-81.09999999999991,3721.700634920636,3790.775333333333,80934.5,,,2.187753345602787,1.441480485826175,3.629233831428962,0.0,-800.0,2.0,17422.0,0.0003743122894493372,0.9719936303699188,0.1673,0.11537242472266249,0.7671,0.7293,0.953
20250418,3708.8,3706.4,3723.4,3694.6,139841.0,-1752.0,45646.0,1.0,0.0,0.0,-283.0,3.0,-1.0,16784.0,-1920.0,3699.08,3646.54,3762.3,52.54000000000042,-63.2199999999998,3715.273968253969,3771.913444444444,79206.2,,,2.183961664051569,1.441480485826175,3.625442149877744,1.0,-283.0,2.0,14864.0,-0.012528514527213049,0.9848873099636474,0.1673,0.11537242472266249,0.726,0.7027,0.953
20250421,3733.2,3708.2,3745.2,3705.4,139536.0,-305.0,44191.0,1.0,0.0,0.0,-177.0,2.0,-1.0,16527.0,-2524.0,3706.76,3674.6,3754.82,32.15999999999985,-48.05999999999995,3711.23380952381,3756.295841269842,68642.7,,,2.13437727040856,1.39576566285906,3.53014293326762,1.0,-177.0,1.0,14003.0,-0.0021858158468065587,0.8899050132463137,0.1579,0.08557844690966727,0.6986,0.712,0.94
20250422,3733.0,3733.2,3750.0,3731.4,136331.0,-3205.0,37955.0,1.0,0.0,0.0,-617.0,2.0,-1.0,17063.0,-1750.0,3715.28,3693.52,3746.46,21.76000000000067,-31.17999999999984,3709.189523809525,3744.071015873017,60061.3,,,2.12489007519438,1.308601461764902,3.433491536959282,1.0,-617.0,1.0,15313.0,-0.02350895981104811,0.9711952482178784,0.1573,0.08367670364500794,0.6986,0.7187,0.951
20250423,3734.0,3753.8,3768.0,3727.8,137093.0,762.0,48170.0,1.0,0.0,0.0,-571.0,3.0,-1.0,18026.0,-1181.0,3723.92,3705.52,3737.94,18.40000000000009,-14.02000000000044,3708.655396825397,3734.694412698413,53347.6,,,2.158337637323166,1.260493244308047,3.418830881631212,1.0,-571.0,2.0,16845.0,0.005558270662980604,1.0098724136131572,0.1568,0.08209191759112522,0.7397,0.724,0.957
20250424,3736.8,3736.2,3759.8,3720.6,136827.0,-266.0,48747.0,1.0,-1.0,0.0,-716.0,3.0,-1.0,18285.0,-817.0,3729.160000000001,3711.9,3730.19,17.26000000000067,-1.029999999999291,3708.389206349206,3727.053015873017,49847.5,,,2.153595941045556,1.260493244308047,3.414089185353603,0.0,-716.0,2.0,17468.0,-0.0019440607482441332,1.0173320638123569,0.1571,0.08304278922345483,0.7945,0.752,0.959
20250425,3739.2,3745.0,3760.0,3730.2,136227.0,-600.0,47168.0,1.0,-1.0,0.0,-506.0,2.0,-1.0,17179.0,-1634.0,3735.24,3717.16,3721.92,18.08000000000038,13.32000000000062,3709.409047619047,3721.163634920636,47602.6,,0.181815,1.455628857203662,1.25747918119319,2.713108038396853,0.0,-506.0,1.0,15545.0,-0.004404413222048493,1.0378978598774915,0.1581,0.08621236133122029,0.8082,0.772,0.96
20250428,3730.6,3737.0,3741.0,3716.8,134340.0,-1887.0,38102.0,1.0,0.0,0.0,-444.0,3.0,-1.0,17018.0,-722.0,3734.72,3720.74,3714.25,13.97999999999956,20.4699999999998,3710.136666666666,3716.659206349207,46855.9,,,1.290004202344833,1.255498775702766,2.545502978047599,1.0,-444.0,2.0,16296.0,-0.014046449307726664,1.0269034650974058,0.156,0.07955625990491287,0.8356,0.7773,0.959
20250429,3724.8,3729.0,3739.0,3715.4,134140.0,-200.0,37569.0,1.0,0.0,0.0,-211.0,3.0,-1.0,16862.0,-1668.0,3733.079999999999,3724.179999999999,3707.56,8.900000000000091,25.51999999999907,3710.981746031746,3713.532968253968,46158.8,,0.188255,1.052963648324762,1.236917405722487,2.289881054047249,1.0,-211.0,2.0,15194.0,-0.001490979573579842,1.0047478222802209,0.1637,0.10396196513470689,0.8219,0.744,0.955
20250430,3716.2,3725.8,3748.0,3715.6,136357.0,2217.0,42386.0,1.0,0.0,0.0,-105.0,2.0,-1.0,16917.0,-1938.0,3729.52,3726.72,3700.39,2.799999999999272,29.1299999999992,3712.292380952381,3711.726238095239,44573.3,,0.1978,0.9233170221680662,1.219637687933774,2.142954710101841,1.0,-105.0,1.0,14979.0,0.016258791261174712,1.0245762195812884,0.172,0.13026941362916006,0.8219,0.764,0.959
20250506,3766.2,3734.0,3772.0,3733.2,138953.0,2596.0,47831.0,1.0,0.0,60.0,0.0,2.0,-1.0,17801.0,-2150.0,3735.4,3732.28,3695.82,3.119999999999891,39.58000000000038,3717.530317460318,3711.309206349207,43776.5,,,0.9161494855054954,1.219637687933774,2.13578717343927,1.0,60.0,1.0,15651.0,0.018682576122861685,1.0262918962826924,0.1332,0.007290015847860615,0.9452,0.9427,0.96
20250507,3785.0,3820.0,3835.0,3770.2,141994.0,3041.0,56105.0,1.0,0.0,0.0,-315.0,2.0,-1.0,16710.0,-2196.0,3744.56,3739.9,3693.22,4.659999999999854,51.34000000000015,3728.327777777778,3712.614587301588,44822.4,67326.0,,0.9881301772427388,1.219637687933774,2.207767865176513,1.0,-315.0,1.0,14514.0,0.02141639787596659,1.078095678862149,0.1266,0.0,0.9452,0.9427,0.972
20250508,3816.0,3778.0,3836.2,3775.6,146021.0,4027.0,58985.0,1.0,0.0,0.0,-457.0,2.0,-1.0,16953.0,-1640.0,3761.64,3748.18,3711.39,13.46000000000004,50.25,3737.551587301587,3715.246365079364,46301.8,70782.0,,1.058381047755194,1.219637687933774,2.278018735688968,1.0,-457.0,1.0,15313.0,0.0275782250498216,1.0610246388750326,0.1235,0.0,0.8219,0.808,0.969
20250509,3808.6,3813.2,3815.2,3793.4,138820.0,-7201.0,39940.0,1.0,0.0,0.0,-754.0,2.0,-1.0,16786.0,-1811.0,3778.4,3755.74,3724.63,22.65999999999985,53.76999999999998,3746.694761904761,3718.996888888888,46500.3,,,1.012909253856569,1.219637687933774,2.232546941790343,1.0,-754.0,1.0,14975.0,-0.051872928972770495,1.1708495600308642,0.125,0.004645401052957576,0.8082,0.7253,0.986
20250512,3853.0,3830.6,3858.8,3822.0,152926.0,14106.0,61843.0,1.0,-1.0,0.0,-566.0,2.0,-1.0,15607.0,-3101.0,3805.76,3767.64,3736.58,38.11999999999944,69.17999999999938,3758.117777777778,3723.943126984127,47867.6,74211.59999999999,0.166405,1.01663199291058,1.236917405722487,2.253549398633067,0.0,-566.0,1.0,12506.0,0.09224069157631795,1.1747143903115285,0.1447,0.065655001548467,0.8082,0.7733,0.986
20250513,3851.0,3868.0,3872.0,3842.0,143968.0,-8958.0,45698.0,1.0,0.0,0.0,-680.0,2.0,-1.0,16495.0,-2642.0,3822.72,3779.06,3745.48,43.65999999999985,77.23999999999933,3769.966031746033,3730.100809523809,47562.7,,,1.016166106555201,1.219637687933774,2.235803794488976,1.0,-680.0,1.0,13853.0,-0.06222216048010669,1.2745839473577574,0.1,0.0,0.7945,0.7667,0.996
20250514,3907.4,3852.0,3933.2,3851.2,164602.0,20634.0,81957.0,1.0,-1.0,0.0,-960.0,2.0,-1.0,15933.0,-2478.0,3847.2,3795.88,3756.52,51.31999999999971,90.68000000000029,3784.00507936508,3737.560412698412,51041.6,98348.4,,1.092968481223702,1.236917405722487,2.329885886946188,0.0,-960.0,1.0,13455.0,0.12535692154408817,1.1937304151942087,0.1334,0.09642032332563505,0.7671,0.7427,0.991
20250515,3872.8,3896.4,3905.8,3863.4,153318.0,-11284.0,59965.0,1.0,-1.0,0.0,-1165.0,2.0,-1.0,15674.0,-2515.0,3858.56,3810.1,3765.420000000001,48.46000000000004,93.13999999999942,3796.05126984127,3746.151873015873,53227.9,,,1.137974721727852,1.236917405722487,2.374892127450339,0.0,-1165.0,1.0,13159.0,-0.07359866421424752,1.18180641667334,0.1172,0.04965357967667434,0.7534,0.7133,0.985
20250516,3846.0,3868.0,3876.8,3838.4,154933.0,1615.0,55823.0,1.0,-1.0,0.0,-903.0,2.0,-1.0,14477.0,-2263.0,3866.04,3822.22,3773.2,43.81999999999971,92.84000000000015,3804.486190476191,3755.502317460318,55053.3,,,1.132190481924085,1.236917405722487,2.369107887646572,0.0,-903.0,1.0,12214.0,0.010423860636533212,1.2606034832697277,0.1172,0.04965357967667434,0.7671,0.692,0.995
20250519,3843.2,3840.0,3848.0,3821.8,149439.0,-5494.0,48882.0,1.0,-1.0,0.0,-765.0,2.0,-1.0,14314.0,-2047.0,3864.08,3834.92,3780.82,29.16000000000076,83.26000000000067,3810.776825396825,3765.350761904762,55702.9,,,1.105520090123921,1.219637687933774,2.325157778057696,0.0,-765.0,1.0,12267.0,-0.036764164642429355,0.95966848706469,0.1292,0.08429561200923788,0.6849,0.6667,0.947
20250520,3865.4,3847.0,3878.0,3839.4,150105.0,666.0,52572.0,1.0,0.0,0.0,-982.0,2.0,-1.0,13860.0,-2680.0,3866.96,3844.84,3788.56,22.12000000000035,78.40000000000055,3818.406666666666,3775.438396825396,56177.0,,,1.119390404261775,1.219637687933774,2.33902809219555,1.0,-982.0,1.0,11180.0,0.004436894174078145,0.9840172723159352,0.1323,0.09324480369515009,0.6849,0.6347,0.951
20250521,3881.2,3865.4,3894.6,3863.8,146414.0,-3691.0,56306.0,1.0,-1.0,0.0,-846.0,2.0,-1.0,13282.0,-2330.0,3861.72,3854.46,3797.18,7.259999999999764,64.53999999999951,3826.872539682539,3785.292873015872,56197.1,,,1.128569507329537,1.219637687933774,2.348207195263312,0.0,-846.0,1.0,10952.0,-0.025209337904845166,1.0010040929298276,0.1309,0.08920323325635098,0.6438,0.5413,0.955
20250522,3879.6,3878.0,3889.8,3864.0,143884.0,-2530.0,52835.0,1.0,0.0,0.0,-785.0,2.0,-1.0,13021.0,-1877.0,3863.08,3860.82,3804.5,2.260000000000673,58.58000000000038,3834.680952380953,3795.00580952381,55582.1,,0.155825,1.12941316705034,1.171424080915637,2.300837247965977,1.0,-785.0,1.0,11144.0,-0.017583609018375915,1.010202761648256,0.1355,0.10248267898383372,0.6027,0.5027,0.958
20250523,3846.2,3875.2,3904.8,3846.0,152612.0,8728.0,78281.0,1.0,0.0,0.0,-638.0,2.0,-1.0,13896.0,-2112.0,3863.12,3864.58,3810.16,-1.460000000000491,52.96000000000004,3840.05492063492,3804.341825396825,59416.2,93937.2,0.156745,1.175736135677869,1.171424080915637,2.347160216593506,1.0,-638.0,1.0,11784.0,0.05719078447304275,0.964252350948346,0.1363,0.1047921478060046,0.4384,0.3933,0.949
20250526,3831.2,3846.2,3856.8,3817.4,138782.0,-13830.0,62863.0,1.0,0.0,0.0,-609.0,2.0,-1.0,13837.0,-2533.0,3860.72,3862.4,3815.02,-1.680000000000291,45.69999999999936,3842.478412698413,3812.777888888889,59518.2,,,1.143883637119433,1.138284063395817,2.28216770051525,1.0,-609.0,1.0,11304.0,-0.09965269271231139,0.971599918571952,0.1329,0.09497690531177824,0.3836,0.352,0.951
20250527,3809.2,3828.2,3834.6,3802.0,140116.0,1334.0,54529.0,1.0,0.0,0.0,-988.0,2.0,-1.0,13352.0,-2231.0,3849.48,3858.22,3818.64,-8.740000000000236,30.83999999999924,3842.435714285714,3820.024857142857,60401.3,,,1.076222204085266,1.138284063395817,2.214506267481084,1.0,-988.0,1.0,11121.0,0.009520682862770847,0.9006405870096141,0.1357,0.10306004618937638,0.4384,0.444,0.942
20250528,3805.0,3815.0,3821.6,3800.6,129593.0,-10523.0,45973.0,1.0,-1.0,0.0,-1054.0,2.0,-1.0,14284.0,-2307.0,3834.239999999999,3847.98,3821.93,-13.74000000000024,12.30999999999904,3841.498571428571,3825.774206349206,56802.9,,,1.00297218171496,1.138284063395817,2.141256245110776,0.0,-1054.0,1.0,11977.0,-0.08120037347696249,0.9569597114877924,0.1348,0.10046189376443417,0.3562,0.4147,0.948
20250529,3832.8,3814.6,3853.6,3803.0,136268.0,6675.0,70602.0,1.0,-1.0,0.0,-941.0,2.0,-1.0,13798.0,-2995.0,3824.88,3843.98,3827.04,-19.09999999999945,-2.159999999999854,3842.005238095238,3830.369603174603,57866.6,84722.4,,1.05444699948075,1.138284063395817,2.192731062876567,0.0,-941.0,1.0,10803.0,0.04898435436052485,0.8773464230866517,0.1321,0.09266743648960735,0.3288,0.4147,0.938
20250530,3822.4,3825.0,3830.8,3792.0,122449.0,-13819.0,63806.0,0.0,-1.0,0.0,-892.0,2.0,-1.0,13183.0,-1648.0,3820.12,3841.62,3831.92,-21.5,-11.79999999999973,3841.20507936508,3834.041492063492,58664.9,,,1.037603862439556,1.100407638866681,2.138011501306237,-1.0,-892.0,1.0,11535.0,-0.11285514785747536,0.9437100392777004,0.1312,0.09006928406466513,0.3973,0.4253,0.947
20250603,3824.8,3815.8,3841.4,3808.2,123878.0,1429.0,52960.0,1.0,-1.0,0.0,-817.0,2.0,-1.0,13179.0,-2045.0,3818.84,3839.78,3837.35,-20.94000000000005,-18.50999999999976,3840.189206349207,3836.98273015873,59072.7,,,1.044049068821101,1.100407638866681,2.144456707687781,0.0,-817.0,1.0,11134.0,0.011535543034275657,0.9573326956572132,0.1213,0.061489607390300224,0.3973,0.4333,0.951
20250604,3842.4,3829.6,3855.6,3827.2,116411.0,-7467.0,47487.0,1.0,-1.0,0.0,-713.0,2.0,-1.0,12388.0,-2116.0,3825.48,3837.48,3841.16,-11.99999999999909,-15.67999999999938,3840.420317460318,3839.184095238095,58564.2,,,0.9497752879993755,1.100407638866681,2.050182926866056,0.0,-713.0,1.0,10272.0,-0.06414342287240897,0.9829581010680546,0.122,0.06351039260969973,0.4247,0.4667,0.958
20250605,3852.0,3848.0,3865.0,3835.0,116859.0,448.0,49359.0,1.0,-1.0,0.0,-593.0,2.0,-1.0,12061.0,-2316.0,3834.88,3834.56,3844.51,0.3200000000001637,-9.629999999999654,3841.455873015871,3840.642428571429,57869.5,,,0.924111309858055,1.071072714770408,1.995184024628463,0.0,-593.0,1.0,9745.0,0.003833679904842588,0.9910978796178824,0.1209,0.06033487297921474,0.4384,0.4667,0.962
20250606,3855.4,3857.0,3870.4,3846.8,110984.0,-5875.0,43521.0,0.0,-1.0,0.0,-873.0,2.0,-1.0,12194.0,-2451.0,3839.4,3832.14,3846.48,7.259999999999764,-7.080000000000382,3842.703492063493,3841.444682539682,56938.1,,,0.8964358217390331,1.071072714770408,1.967508536509441,-1.0,-873.0,1.0,9743.0,-0.0529355582786708,0.954943474433799,0.1205,0.059180138568129294,0.4247,0.4533,0.95
20250609,3867.8,3862.0,3883.6,3855.2,119577.0,8593.0,57026.0,1.0,-1.0,0.0,-727.0,2.0,-1.0,12677.0,-2910.0,3848.48,3834.3,3849.44,14.18000000000029,-0.9599999999991269,3844.516666666666,3841.890857142857,54812.6,,,0.9001140937352508,1.066622588072755,1.966736681808006,0.0,-727.0,1.0,9767.0,0.07186164563419387,0.8500448337890196,0.1171,0.049364896073902965,0.4658,0.4973,0.934
20250610,3841.0,3870.0,3878.8,3830.0,112083.0,-7494.0,64495.0,1.0,-1.0,0.0,-567.0,2.0,-1.0,12628.0,-2240.0,3851.72,3835.28,3848.839999999999,16.4399999999996,2.880000000000564,3844.716031746031,3842.114619047619,54975.8,,,0.919484672157053,1.066622588072755,1.986107260229808,0.0,-567.0,1.0,10388.0,-0.06686116538636547,0.8383524667258829,0.1185,0.05340646651270204,0.5342,0.5507,0.93
20250611,3878.8,3848.8,3902.6,3848.6,115340.0,3257.0,69002.0,1.0,-1.0,0.0,-316.0,2.0,-1.0,14063.0,-2268.0,3859.0,3842.24,3850.23,16.75999999999976,8.770000000000437,3846.775238095238,3842.548571428571,56423.1,82802.4,0.1403,0.9767869028009663,1.071072714770408,2.047859617571374,0.0,-316.0,1.0,11795.0,0.028238252124154675,0.8055785375553073,0.122,0.06351039260969973,0.5753,0.6227,0.916
20250612,3883.6,3870.2,3889.8,3854.2,102508.0,-12832.0,51953.0,1.0,0.0,969.0,0.0,3.0,-1.0,15131.0,-1609.0,3865.320000000001,3850.100000000001,3849.04,15.2199999999998,16.28000000000065,3849.570793650793,3843.355793650793,57021.1,,0.142025,0.9949323884697908,1.066622588072755,2.061554976542546,1.0,969.0,2.0,13522.0,-0.12518047371912436,0.8866518882237218,0.1235,0.06784064665127018,0.6712,0.648,0.942
20250613,3856.4,3874.0,3878.0,3840.2,104348.0,1840.0,60941.0,1.0,-1.0,0.0,-430.0,2.0,-1.0,14017.0,-1920.0,3865.52,3852.46,3848.22,13.05999999999949,17.29999999999973,3850.629523809524,3844.218222222222,56055.0,,0.145935,0.9661207223415895,1.066622588072755,2.032743310414345,0.0,-430.0,1.0,12097.0,0.017633303944493427,0.9070176864459566,0.1269,0.07765588914549655,0.6986,0.684,0.949
20250616,3869.8,3848.0,3874.4,3847.6,83317.0,-21031.0,57349.0,1.0,0.0,233.0,0.0,2.0,-1.0,14877.0,-2188.0,3865.92,3857.2,3849.41,8.7199999999998,16.50999999999976,3851.936984126984,3845.291412698413,55409.3,,,0.9420260245833145,1.066622588072755,2.00864861265607,1.0,233.0,1.0,12689.0,-0.25242147460902337,0.8775692738503302,0.1104,0.030023094688221685,0.6986,0.708,0.942
20250617,3868.6,3870.2,3877.4,3853.0,71388.0,-11929.0,53299.0,1.0,0.0,0.0,-267.0,2.0,-1.0,14554.0,-3119.0,3871.44,3861.579999999999,3850.68,9.860000000000582,20.75999999999976,3853.530000000001,3846.625492063492,55443.2,,,0.9257747565898854,1.066622588072755,1.992397344662641,1.0,-267.0,1.0,11435.0,-0.16710091331876506,0.8796041826516845,0.0993,0.0,0.7671,0.7227,0.943
20250618,3872.2,3868.8,3879.2,3849.2,55637.0,-15751.0,52365.0,1.0,0.0,0.0,-36.0,2.0,-1.0,14250.0,-2989.0,3870.12,3864.56,3851.02,5.559999999999945,19.09999999999991,3855.280476190477,3848.111507936508,55931.0,,,0.9412985472872828,1.066622588072755,2.007921135360038,1.0,-36.0,1.0,11261.0,-0.2831029710444488,0.861249434874734,0.1142,0.04292711034284067,0.7808,0.7533,0.938
20250619,3840.4,3866.8,3867.4,3830.0,37486.0,-18151.0,43781.0,0.0,-1.0,0.0,-2056.0,2.0,-1.0,14109.0,-3397.0,3861.48,3863.4,3848.98,-1.919999999999618,12.50000000000091,3855.021428571429,3849.468063492063,55373.2,,,0.9256034208049579,1.071072714770408,1.996676135575366,-1.0,-2056.0,1.0,10712.0,-0.4842074374433122,0.9197200014101924,0.1011,0.0051858254105445,0.7945,0.74,0.954
20250620,3773.6,3770.8,3785.2,3766.8,119027.0,81541.0,35051.0,1.0,-1.0,619.0,-1464.0,2.0,-1.0,14286.0,-2510.0,3844.92,3855.22,3843.68,-10.30000000000064,1.239999999999327,3847.898571428572,3849.987571428571,54526.2,,,0.9872642174206527,1.071072714770408,2.058336932191061,0.0,-845.0,1.0,11776.0,0.6850630529207659,0.9086880317124988,0.1011,0.0051858254105445,0.863,0.764,0.953
20250623,3797.4,3765.0,3809.8,3760.6,128778.0,9751.0,47208.0,1.0,-1.0,2247.0,-2465.0,2.0,-1.0,14731.0,-2883.0,3830.44,3848.179999999999,3841.24,-17.73999999999933,-10.80000000000018,3842.555396825398,3849.791444444445,53544.4,,0.13685,1.017451029139472,1.085493627443619,2.102944656583091,0.0,-218.0,1.0,11848.0,0.07571945518644489,0.4693230866283326,0.119,0.05675597810429269,0.8767,0.776,0.668
20250624,3852.4,3804.6,3872.0,3804.0,133116.0,4338.0,57535.0,2.0,-1.0,2295.0,-774.0,2.0,-1.0,14308.0,-2696.0,3827.2,3849.32,3842.3,-22.11999999999989,-15.10000000000036,3842.424444444444,3849.562285714286,52848.4,,0.14375,1.098509721866689,1.109467093962276,2.207976815828965,1.0,1521.0,1.0,11612.0,0.032588118633372395,0.4354100957668858,0.125,0.07404206280610774,0.9041,0.8947,0.639
20250625,3922.8,3856.0,3928.0,3851.2,139245.0,6129.0,61056.0,2.0,0.0,2344.0,-760.0,2.0,-1.0,15031.0,-2390.0,3837.320000000001,3853.72,3847.98,-16.39999999999964,-10.65999999999894,3848.039365079364,3849.688698412699,52053.8,,0.181125,1.183767381373172,1.129692717151396,2.313460098524568,2.0,1584.0,1.0,12641.0,0.04401594312183561,0.3770076056816295,0.1575,0.16767502160760586,0.9178,0.8947,0.562
20250626,3904.2,3915.2,3925.0,3901.2,135683.0,-3562.0,43176.0,2.0,-1.0,1977.0,-322.0,2.0,-1.0,14233.0,-2286.0,3850.079999999999,3855.78,3852.94,-5.700000000000273,-2.860000000000582,3853.988095238095,3850.13042857143,51176.1,,,1.183068352181238,1.109467093962276,2.292535446143515,1.0,1655.0,1.0,11947.0,-0.026252367651069038,0.402494405920437,0.1392,0.11495246326706998,0.9178,0.904,0.602
20250627,3876.6,3911.0,3931.4,3874.0,139367.0,3684.0,56221.0,2.0,0.0,1884.0,-339.0,2.0,-1.0,14703.0,-2410.0,3870.68,3857.8,3855.13,12.88000000000011,15.55000000000064,3858.009682539683,3850.868444444445,50704.1,,,1.236541828127721,1.129692717151396,2.366234545279117,2.0,1545.0,1.0,12293.0,0.02643380427217347,0.3916950389949222,0.1296,0.08729472774416593,0.9315,0.82,0.584
20250630,3885.8,3881.2,3893.0,3867.0,135428.0,-3939.0,40077.0,2.0,0.0,1983.0,0.0,2.0,-1.0,14347.0,-2039.0,3888.36,3859.4,3858.3,28.95999999999958,30.05999999999949,3860.777301587302,3851.752476190477,48976.9,,,1.193359786696647,1.109467093962276,2.302826880658924,2.0,1983.0,1.0,12308.0,-0.02908556576188085,0.43505692180752,0.1272,0.08038029386343995,0.9452,0.9453,0.641
20250701,3886.0,3889.2,3895.6,3867.0,132977.0,-2451.0,34558.0,2.0,0.0,2541.0,0.0,2.0,-1.0,14859.0,-2159.0,3895.08,3861.14,3861.36,33.94000000000005,33.72000000000071,3863.421746031746,3852.741650793651,47102.8,,,1.132191281905278,1.109467093962276,2.241658375867554,2.0,2541.0,1.0,12700.0,-0.018431758875595027,0.5255666764667761,0.1223,0.066263324690291,0.9452,0.924,0.729
20250702,3894.2,3890.2,3899.6,3872.2,133038.0,61.0,35301.0,2.0,0.0,2576.0,-95.0,2.0,-1.0,15752.0,-2539.0,3889.36,3863.339999999999,3863.95,26.02000000000044,25.40999999999985,3866.412539682539,3853.854857142857,45396.4,,,1.11681244500965,1.109467093962276,2.226279538971927,2.0,2481.0,1.0,13213.0,0.0004585156120807589,0.5534520137261215,0.1152,0.04580812445980984,0.9452,0.924,0.747
20250703,3918.0,3899.6,3923.6,3891.0,132375.0,-663.0,38088.0,2.0,-1.0,1898.0,-888.0,2.0,-1.0,16001.0,-2763.0,3892.12,3871.1,3867.25,21.01999999999998,24.86999999999989,3871.117301587301,3855.464444444444,44827.1,,,1.095602082640967,1.085493627443619,2.181095710084586,1.0,1010.0,1.0,13238.0,-0.005008498583569405,0.5737600162711979,0.1107,0.03284356093344859,0.8904,0.7813,0.757
20250704,3936.0,3918.2,3974.2,3905.0,146863.0,14488.0,66892.0,2.0,0.0,1440.0,-400.0,2.0,-1.0,16899.0,-2594.0,3904.0,3887.339999999999,3871.28,16.66000000000076,32.72000000000025,3877.666825396825,3858.44126984127,48011.2,80270.4,,1.17245270910707,1.085493627443619,2.257946336550689,2.0,1040.0,1.0,14305.0,0.09864976202310997,0.5474857141513682,0.1072,0.040533606977937425,0.9041,0.848,0.742
20250707,3918.0,3932.2,3937.6,3907.0,135826.0,-11037.0,35769.0,2.0,0.0,2357.0,-355.0,2.0,-1.0,15626.0,-2874.0,3910.44,3899.4,3873.79,11.03999999999996,36.65000000000009,3882.816825396826,3862.467412698412,46867.3,,,1.182808377673294,1.071072714770408,2.253881092443702,2.0,2002.0,1.0,12752.0,-0.08125837468525908,0.5262637857859003,0.1115,0.07911802853437096,0.9041,0.8373,0.731
20250708,3958.6,3921.2,3967.2,3920.2,142398.0,6572.0,50571.0,2.0,0.0,2367.0,-437.0,2.0,-1.0,15880.0,-2894.0,3924.96,3910.02,3879.670000000001,14.9399999999996,45.28999999999951,3889.825714285715,3867.20753968254,46170.9,,0.140415,1.216246045176955,1.071072714770408,2.287318759947363,2.0,1930.0,1.0,12986.0,0.04615233360019101,0.5109882378975945,0.1221,0.2124883504193849,0.8904,0.752,0.715
20250709,3952.8,3958.6,3978.0,3948.0,137184.0,-5214.0,43451.0,2.0,0.0,2982.0,-739.0,2.0,-1.0,16620.0,-2822.0,3936.679999999999,3913.02,3883.37,23.65999999999985,53.30999999999904,3897.574603174603,3872.161063492064,44410.4,,,1.191341571763185,1.066622588072755,2.25796415983594,2.0,2243.0,1.0,13798.0,-0.038007347795661305,0.4797195483356171,0.1189,0.19483101391650107,0.7945,0.712,0.684
20250710,3972.0,3956.2,3998.8,3952.0,144324.0,7140.0,51019.0,2.0,0.0,2168.0,-790.0,2.0,-1.0,16029.0,-2865.0,3947.48,3919.8,3887.79,27.67999999999938,59.6899999999996,3906.212063492063,3877.383460317461,45194.7,,,1.138001419301031,1.066622588072755,2.204624007373787,2.0,1378.0,1.0,13164.0,0.04947202128544109,0.4655378719379388,0.1183,0.2613480055020634,0.8219,0.7133,0.671
20250711,3993.4,3977.0,4045.0,3971.2,158393.0,14069.0,84781.0,2.0,0.0,2857.0,-354.0,2.0,-1.0,16375.0,-2667.0,3958.96,3931.48,3894.64,27.47999999999956,64.31999999999971,3916.59253968254,3883.241746031746,48050.7,101737.2,,1.178769035625506,1.071072714770408,2.249841750395914,2.0,2503.0,1.0,13708.0,0.08882336971962145,0.4082737467642779,0.1192,0.27372764786795056,0.8219,0.716,0.61
20250714,3985.8,3993.6,4002.8,3984.8,150188.0,-8205.0,37589.0,2.0,0.0,2818.0,-296.0,2.0,-1.0,16086.0,-1771.0,3972.52,3941.48,3900.44,31.03999999999905,72.07999999999947,3925.865555555555,3889.750571428571,47801.9,,,1.073008970224092,1.071072714770408,2.1440816849945,2.0,2522.0,1.0,14315.0,-0.054631528484299675,0.4490794868036628,0.1137,0.19807427785419532,0.8356,0.716,0.655
20250715,3980.6,3991.0,4012.0,3952.6,152828.0,2640.0,62583.0,2.0,0.0,1841.0,-33.0,2.0,-1.0,15358.0,-1316.0,3976.920000000001,3950.94,3906.04,25.98000000000047,70.88000000000102,3933.904761904761,3896.798873015873,50604.4,75099.59999999999,,1.040281864080491,1.071072714770408,2.111354578850899,2.0,1808.0,1.0,14042.0,0.017274321459418433,0.5094845591860214,0.1176,0.2517193947730399,0.8219,0.7107,0.717
20250716,3971.0,3981.2,3998.6,3958.8,147324.0,-5504.0,45629.0,2.0,-1.0,2291.0,-699.0,2.0,-1.0,14567.0,-1690.0,3980.56,3958.62,3910.98,21.9399999999996,69.58000000000038,3940.760793650794,3904.233698412698,51637.2,,,1.068044289010462,1.066622588072755,2.134666877083218,1.0,1592.0,1.0,12877.0,-0.037359832749585944,0.5041810294664203,0.1083,0.12379642365887202,0.8219,0.7107,0.711
20250717,4011.8,3976.0,4012.0,3972.2,153281.0,5957.0,49872.0,2.0,-1.0,2605.0,-1219.0,3.0,-1.0,14753.0,-1215.0,3988.52,3968.0,3919.55,20.51999999999953,68.96999999999935,3949.537301587301,3912.075698412698,52815.6,,,1.035755645628256,1.066622588072755,2.102378233701012,1.0,1386.0,2.0,13538.0,0.03886326420104253,0.4697147780229898,0.1151,0.21733149931224205,0.8356,0.764,0.678
20250718,4041.8,4018.8,4046.0,4015.2,157186.0,3905.0,59958.0,2.0,-1.0,1868.0,-946.0,2.0,-1.0,16141.0,-1175.0,3998.2,3978.58,3932.96,19.61999999999944,65.23999999999978,3960.255555555556,3920.334571428572,52122.2,,,1.047636232407072,1.056372428436592,2.104008660843665,1.0,922.0,1.0,14966.0,0.024843179418014328,0.3692304765519002,0.1151,0.21733149931224205,0.8219,0.7587,0.55
20250721,4064.8,4055.2,4070.8,4044.6,152831.0,-4355.0,49413.0,2.0,0.0,2643.0,-722.0,2.0,-1.0,15430.0,-1389.0,4014.0,3993.260000000001,3946.33,20.73999999999933,67.66999999999962,3972.505396825397,3929.303428571428,53486.6,,0.163185,1.044986582444224,1.056372428436592,2.101359010880817,2.0,1921.0,1.0,14041.0,-0.02849552773979101,0.5442773095676902,0.1419,0.5859697386519946,0.8767,0.7587,0.75
20250722,4109.8,4067.0,4110.8,4051.0,162828.0,9997.0,69503.0,2.0,-1.0,2670.0,-986.0,3.0,0.0,16378.0,-64.0,4039.84,4008.38,3959.2,31.46000000000049,80.64000000000033,3986.657777777777,3938.986634920634,55379.8,83403.59999999999,0.16882,1.098999541337002,1.056372428436592,2.155371969773594,1.0,1684.0,3.0,16314.0,0.06139607438524087,0.5792340508036233,0.1468,0.6533700137551585,0.8767,0.764,0.771
20250723,4109.2,4117.0,4146.6,4097.2,161682.0,-1146.0,76014.0,2.0,-1.0,2602.0,-1060.0,3.0,0.0,16732.0,-56.0,4067.48,4024.02,3968.52,43.46000000000004,98.96000000000004,4001.964603174603,3949.425634920635,58636.1,91216.8,0.1886,1.125244618395304,1.079972876761434,2.205217495156738,1.0,1542.0,3.0,16676.0,-0.007087987531079526,0.540268620505823,0.164,0.8899587345254473,0.8767,0.7653,0.747
20250724,4141.2,4103.0,4144.6,4101.2,163125.0,1443.0,65298.0,2.0,-1.0,2443.0,-965.0,3.0,0.0,16228.0,0.0,4093.36,4040.94,3980.37,52.41999999999962,112.9899999999998,4017.460317460317,3960.55046031746,60064.0,,0.18975,1.075238210450663,1.079972876761434,2.155211087212097,1.0,1478.0,3.0,16228.0,0.008845977011494253,0.5134981202169016,0.165,0.9037138927097664,0.8767,0.7733,0.726
20250725,4116.0,4136.0,4138.0,4104.0,155404.0,-7721.0,53170.0,2.0,-1.0,2147.0,-850.0,3.0,0.0,15038.0,0.0,4108.2,4053.2,3992.34,55.0,115.8599999999997,4030.999841269842,3971.991190476191,56902.9,,,1.08316432896995,1.079972876761434,2.163137205731384,1.0,1297.0,3.0,15038.0,-0.049683405832539704,0.544284992166998,0.1638,0.8872077028885834,0.8356,0.7733,0.753
20250728,4122.0,4116.0,4134.6,4093.8,156735.0,1331.0,54638.0,2.0,-1.0,1974.0,-1148.0,3.0,0.0,16705.0,0.0,4119.64,4066.82,4004.15,52.82000000000062,115.4900000000002,4043.197777777777,3983.724412698412,58607.8,,,1.065187494918001,1.079972876761434,2.145160371679435,1.0,826.0,3.0,16705.0,0.008492040705649663,0.6019513198599555,0.1575,0.800550206327373,0.9452,0.9253,0.791
20250729,4141.4,4112.0,4142.8,4095.4,153577.0,-3158.0,58516.0,2.0,-2.0,227.0,-1124.0,3.0,0.0,16501.0,0.0,4125.960000000001,4082.9,4016.92,43.06000000000085,109.0400000000013,4055.319047619047,3995.865841269841,58201.1,,,1.092303138785925,1.109467093962276,2.201770232748201,0.0,-897.0,3.0,16501.0,-0.02056297492463064,0.5989005199190499,0.1564,0.8691019786910199,0.9315,0.908,0.789
20250730,4136.4,4131.4,4173.0,4110.0,162604.0,9027.0,81931.0,1.0,-1.0,0.0,-1148.0,3.0,-1.0,16196.0,-600.0,4131.4,4099.44,4029.03,31.96000000000004,102.3699999999994,4067.007142857143,4008.490476190475,61831.3,98317.2,,1.117606964929418,1.109467093962276,2.227074058891694,0.0,-1148.0,2.0,15596.0,0.05551523947750363,0.5867178328680395,0.1445,0.6879756468797562,0.9178,0.8773,0.779
20250731,4057.0,4124.8,4125.6,4035.4,157602.0,-5002.0,91447.0,0.0,-1.0,0.0,-809.0,2.0,-1.0,14901.0,-185.0,4114.559999999999,4103.960000000001,4035.98,10.59999999999854,78.57999999999902,4071.758888888889,4020.712634920635,65988.8,109736.4,,1.164088382278624,1.109467093962276,2.2735554762409,-1.0,-809.0,1.0,14716.0,-0.0317381759114732,0.6575340123309668,0.1464,0.7168949771689497,0.8767,0.8467,0.86
20250801,4029.6,4057.8,4066.4,4018.6,151416.0,-6186.0,56881.0,1.0,-1.0,2473.0,-124.0,3.0,-1.0,15329.0,0.0,4097.28,4102.74,4040.66,-5.460000000000036,56.61999999999989,4072.330317460318,4031.920111111111,65681.1,,,1.215445201516327,1.109467093962276,2.324912295478603,0.0,2349.0,2.0,15329.0,-0.040854335076874304,0.6186880889980438,0.1327,0.5083713850837139,0.9178,0.868,0.815
20250804,4052.8,4018.2,4054.0,4017.4,146808.0,-4608.0,44736.0,1.0,-1.0,789.0,-418.0,3.0,-1.0,14953.0,0.0,4083.44,4101.539999999999,4047.4,-18.099999999999,36.03999999999996,4072.315873015874,4041.901158730159,65213.4,,,1.173981871926704,1.109467093962276,2.28344896588898,0.0,371.0,2.0,14953.0,-0.03138793526238352,0.5953419723051925,0.1249,0.38964992389649916,0.8904,0.856,0.786
20250805,4082.0,4060.0,4086.6,4051.0,147312.0,504.0,45420.0,1.0,-1.0,0.0,-337.0,3.0,-1.0,14290.0,-107.0,4071.56,4098.76,4053.57,-27.20000000000027,17.99000000000024,4075.093492063492,4050.744730158731,62805.1,,,1.164363689750036,1.079972876761434,2.24433656651147,0.0,-337.0,2.0,14183.0,0.003421309872922776,0.6091079869041439,0.1117,0.1887366818873667,0.9178,0.884,0.801
20250806,4097.0,4080.0,4105.2,4077.0,144956.0,-2356.0,42038.0,1.0,-1.0,0.0,-496.0,3.0,-1.0,14457.0,-518.0,4063.68,4097.539999999999,4060.78,-33.85999999999876,2.900000000000546,4078.915873015873,4058.439857142856,59407.5,,,1.140294235702694,1.079972876761434,2.220267112464128,0.0,-496.0,2.0,13939.0,-0.016253207869974338,0.5825590824273187,0.1172,0.27245053272450526,0.9041,0.8547,0.773
20250807,4092.6,4100.0,4117.4,4073.2,149221.0,4265.0,54603.0,1.0,-1.0,2912.0,-947.0,2.0,-1.0,14104.0,-371.0,4070.8,4092.679999999999,4066.81,-21.8799999999992,3.990000000000236,4082.29761904762,4064.923587301588,58338.0,,,1.156720451668475,1.072434546690332,2.229154998358807,0.0,1965.0,1.0,13733.0,0.02858176798171839,0.6238712811085708,0.1137,0.21917808219178073,0.8904,0.8667,0.822
20250808,4083.2,4087.0,4102.0,4073.8,142247.0,-6974.0,42805.0,1.0,-1.0,2868.0,-1068.0,3.0,-1.0,15402.0,-607.0,4081.52,4089.4,4071.3,-7.880000000000564,10.21999999999935,4084.401746031746,4070.263777777777,57301.5,,,1.1549550114868,1.055760131162361,2.210715142649161,0.0,1800.0,2.0,14795.0,-0.04902739600835167,0.6384728325030213,0.1135,0.21613394216133947,0.8767,0.84,0.845
20250811,4104.8,4089.4,4126.4,4086.0,151777.0,9530.0,60577.0,1.0,-1.0,1321.0,-1268.0,2.0,-1.0,16517.0,-1491.0,4091.92,4087.68,4077.25,4.239999999999327,14.66999999999962,4087.58380952381,4074.702380952382,57895.4,,,1.126118273796657,1.05841274228442,2.184531016081078,0.0,53.0,1.0,15026.0,0.06278948720820678,0.5813664108167904,0.1089,0.14611872146118715,0.863,0.816,0.77
20250812,4131.2,4109.6,4144.2,4104.6,149241.0,-2536.0,61270.0,1.0,-2.0,0.0,-2285.0,2.0,-1.0,17652.0,-1381.0,4101.76,4086.66,4084.78,15.10000000000036,16.98000000000002,4092.382222222222,4078.408698412699,58170.8,,,1.108609585412773,1.05841274228442,2.167022327697193,-1.0,-2285.0,1.0,16271.0,-0.016992649473000047,0.6050590340087703,0.1046,0.08066971080669709,0.8219,0.816,0.794
20250813,4170.8,4138.8,4181.0,4135.2,160310.0,11069.0,74450.0,1.0,-1.0,1593.0,-1767.0,2.0,-1.0,17596.0,-1462.0,4116.52,4090.1,4094.77,26.41999999999962,21.74999999999909,4099.767142857142,4081.684698412699,57422.7,89340.0,0.143635,1.119184628889103,1.072434546690332,2.191619175579435,0.0,-174.0,1.0,16134.0,0.06904747052585615,0.5255425732597928,0.1249,0.38964992389649916,0.8493,0.7947,0.731
20250814,4163.8,4179.6,4212.8,4155.8,167999.0,7689.0,93677.0,0.0,-1.0,0.0,-1594.0,3.0,-1.0,18320.0,-51.0,4130.76,4100.78,4102.370000000001,29.98000000000047,28.38999999999942,4107.510952380952,4085.259904761905,57645.7,112412.4,,1.152709668213124,1.087536375323505,2.240246043536628,-1.0,-1594.0,2.0,18269.0,0.045768129572199834,0.4798380580320859,0.1135,0.21613394216133947,0.6438,0.572,0.682
20250815,4209.4,4157.0,4215.0,4146.8,166989.0,-1010.0,90646.0,1.0,-1.0,1220.0,-1858.0,3.0,-1.0,17936.0,-546.0,4156.0,4118.76,4110.75,37.23999999999978,45.25,4116.223015873015,4089.649174603174,61022.2,108775.2,,1.198568251320542,1.109467093962276,2.308035345282818,0.0,-638.0,2.0,17390.0,-0.006048302582804856,0.3192357007694397,0.1135,0.21613394216133947,0.6575,0.4587,0.485
20250818,4237.8,4220.0,4275.2,4196.0,168841.0,1852.0,99705.0,1.0,-1.0,1535.0,-1312.0,3.0,-1.0,17384.0,-576.0,4182.6,4137.26,4119.4,45.34000000000015,63.20000000000073,4128.210158730159,4095.238603174604,66519.1,119646.0,0.220685,1.251725980252701,1.109467093962276,2.361193074214977,0.0,223.0,2.0,16808.0,0.010968899734069332,0.2538069302388572,0.1919,1.0,0.6301,0.5093,0.423
20250819,4216.2,4244.0,4260.4,4208.8,154897.0,-13944.0,73558.0,0.0,-1.0,0.0,-1535.0,3.0,0.0,17183.0,-643.0,4199.6,4150.68,4124.719999999999,48.92000000000007,74.88000000000102,4138.769523809524,4101.606206349206,69332.9,,,1.230247955072213,1.133057354977434,2.363305310049648,-1.0,-1535.0,3.0,16540.0,-0.09002111080266241,0.3028077539530832,0.1782,0.8520518358531318,0.5068,0.4133,0.47
20250820,4270.0,4201.0,4273.8,4176.6,159194.0,4297.0,90137.0,1.0,-1.0,0.0,-1345.0,3.0,0.0,17253.0,0.0,4219.44,4167.98,4132.76,51.45999999999913,86.67999999999938,4150.25873015873,4108.740492063493,74142.8,108164.4,,1.219167017597147,1.158023389787335,2.377190407384482,0.0,-1345.0,3.0,17253.0,0.026992223324999686,0.2786206065163144,0.1866,0.9427645788336934,0.4247,0.1853,0.442
20250821,4282.2,4280.4,4299.8,4264.2,151396.0,-7798.0,83303.0,0.0,-1.0,0.0,-1565.0,3.0,0.0,17084.0,0.0,4243.12,4186.940000000001,4139.809999999999,56.17999999999938,103.3100000000004,4164.845714285715,4116.995301587302,77012.8,,,1.192910584976403,1.158023389787335,2.350933974763738,-1.0,-1565.0,3.0,17084.0,-0.051507305344923246,0.3232366608191156,0.1774,0.8434125269978403,0.411,0.22,0.494
20250822,4394.0,4283.0,4396.6,4283.0,161198.0,9802.0,94570.0,0.0,-1.0,0.0,-1543.0,3.0,0.0,16631.0,-252.0,4280.04,4218.02,4153.71,62.02000000000044,126.3299999999999,4185.775714285714,4127.132698412699,82189.3,,0.22195,1.318869052703509,1.158023389787335,2.476892442490844,-1.0,-1543.0,3.0,16379.0,0.060807206044740006,0.3240863782470312,0.193,1.0,0.411,0.1733,0.496
20250825,4474.6,4425.0,4484.6,4408.0,165246.0,4048.0,118828.0,1.0,-1.0,0.0,-1316.0,3.0,0.0,15479.0,-503.0,4327.4,4255.0,4171.34,72.39999999999964,156.0599999999995,4215.014126984127,4139.87573015873,88014.4,142593.6,0.26864,1.403417074511772,1.181437423489146,2.584854498000918,0.0,-1316.0,3.0,14976.0,0.024496810815390388,0.2388789785086012,0.2336,1.0,0.3425,0.1587,0.408
20250826,4449.0,4474.8,4482.8,4437.2,151718.0,-13528.0,87160.0,0.0,-1.0,0.0,-1508.0,3.0,0.0,16064.0,-542.0,4373.960000000001,4286.780000000001,4186.72,87.18000000000029,187.2400000000007,4242.721904761906,4154.909698412698,90603.4,,,1.424436062321607,1.181437423489146,2.605873485810753,-1.0,-1508.0,3.0,15522.0,-0.08916542532857011,0.2990261740197517,0.2244,0.9314966492926283,0.3014,0.1493,0.466
20250827,4384.0,4451.2,4494.8,4380.6,155760.0,4042.0,113283.0,1.0,-1.0,0.0,-1434.0,3.0,0.0,16959.0,-568.0,4396.76,4308.1,4199.1,88.65999999999985,197.6599999999999,4265.008888888889,4171.433873015872,94486.7,,,1.534975071763106,1.189339389143723,2.724314460906828,0.0,-1434.0,3.0,16391.0,0.025950179763739086,0.3202793263736598,0.211,0.8317200297840655,0.2877,0.12,0.491
20250828,4460.4,4383.2,4465.0,4360.2,154101.0,-1659.0,126057.0,1.0,-1.0,0.0,-1501.0,3.0,0.0,17919.0,-354.0,4432.4,4337.76,4219.27,94.63999999999942,213.1300000000001,4287.301746031746,4189.412952380952,97724.7,151268.4,0.268755,1.653093837679864,1.197281511186545,2.850375348866409,0.0,-1501.0,3.0,17565.0,-0.010765666673155917,0.2831716246563343,0.2337,1.0,0.1918,0.0613,0.45
20250829,4506.2,4452.2,4517.6,4447.0,151201.0,-2900.0,126040.0,1.0,-1.0,0.0,-451.0,3.0,0.0,16356.0,0.0,4454.84,4367.440000000001,4243.1,87.39999999999964,211.7399999999998,4313.311428571428,4209.121793650794,101264.1,151248.0,,1.687500828505906,1.210848628236814,2.89834945674272,0.0,-451.0,3.0,16356.0,-0.019179767329581154,0.3070433199819395,0.2311,0.980654761904762,0.2055,0.04,0.478
20250901,4510.6,4517.0,4527.2,4480.0,137802.0,-13399.0,94140.0,1.0,-1.0,0.0,-523.0,3.0,0.0,15265.0,0.0,4462.039999999999,4394.72,4265.99,67.3199999999988,196.0499999999993,4339.139047619048,4230.214682539683,100707.6,,,1.689472904213804,1.210848628236814,2.900321532450618,0.0,-523.0,3.0,15265.0,-0.09723371213770482,0.3291165367432538,0.1998,0.7477678571428572,0.1781,0.0387,0.508
20250902,4481.2,4516.0,4540.6,4446.0,146527.0,8725.0,122523.0,1.0,0.0,0.0,-331.0,3.0,-1.0,15077.0,-915.0,4468.48,4421.219999999999,4285.95,47.26000000000022,182.5299999999997,4361.205714285714,4252.458301587301,105604.1,,,1.754276745839574,1.210848628236814,2.965125374076388,1.0,-331.0,2.0,14162.0,0.05954533976673241,0.314778351687696,0.1998,0.7477678571428572,0.1096,0.08,0.488
20250903,4430.0,4501.4,4508.6,4408.0,137484.0,-9043.0,120700.0,1.0,-1.0,0.0,-1086.0,3.0,0.0,16332.0,-314.0,4477.68,4437.219999999999,4302.6,40.46000000000095,175.0799999999999,4377.511904761903,4275.183619047619,108660.4,,,1.817778473744652,1.210848628236814,3.028627101981466,0.0,-1086.0,3.0,16018.0,-0.06577492653690611,0.3851588251243455,0.1814,0.6108630952380953,0.137,0.0827,0.583
20250904,4349.4,4437.0,4453.6,4306.2,144443.0,6959.0,133914.0,2.0,-1.0,969.0,-508.0,3.0,0.0,16479.0,-355.0,4455.48,4443.940000000001,4315.44,11.53999999999996,140.0400000000009,4384.740317460318,4297.17307936508,113721.5,,,1.942531279701073,1.231455972042953,3.173987251744026,1.0,461.0,3.0,16124.0,0.0481781740894332,0.3645001867282874,0.1909,0.681547619047619,0.1233,0.004,0.548
20250905,4456.6,4351.2,4470.0,4344.2,126309.0,-18134.0,98192.0,1.0,-1.0,0.0,-1210.0,3.0,0.0,17340.0,-346.0,4445.559999999999,4450.2,4334.11,-4.640000000000327,111.4499999999998,4395.061111111112,4318.101619047619,114083.7,,,2.011209060657369,1.263967511683992,3.275176572341361,0.0,-1210.0,3.0,16994.0,-0.1435685501429035,0.2804191469616388,0.1733,0.5505952380952382,0.1233,0.004,0.446
20250908,4453.0,4464.0,4478.8,4424.0,122548.0,-3761.0,83936.0,2.0,-2.0,0.0,-2250.0,2.0,-1.0,14297.0,-1477.0,4434.04,4448.039999999999,4351.52,-13.99999999999909,82.52000000000044,4406.903333333334,4337.29053968254,110594.5,,,2.00868480740277,1.263967511683992,3.272652319086762,0.0,-2250.0,1.0,12820.0,-0.030690015340927638,0.3439317379054302,0.1663,0.4985119047619048,0.0822,0.0053,0.53
20250909,4426.2,4438.0,4463.0,4401.2,112541.0,-10007.0,73565.0,1.0,0.0,0.0,-492.0,3.0,-1.0,12575.0,-1628.0,4423.04,4445.76,4366.27,-22.72000000000025,56.77000000000044,4414.731904761905,4354.49153968254,109235.0,,,1.946584935881947,1.324950725524034,3.271535661405982,1.0,-492.0,2.0,10947.0,-0.08891870518299998,0.3551156358994652,0.1564,0.41704374057315247,0.0822,0.008,0.542
20250910,4432.4,4430.8,4461.8,4405.0,113485.0,944.0,76988.0,2.0,-1.0,0.0,-1276.0,2.0,-1.0,13514.0,-1735.0,4423.52,4450.6,4379.35,-27.08000000000084,44.16999999999916,4421.508095238096,4370.141460317461,105605.5,,,1.975964351622637,1.324950725524034,3.300915077146671,1.0,-1276.0,1.0,11779.0,0.008318279948891925,0.4091843057571973,0.1351,0.25641025641025644,0.0959,0.0093,0.621
20250911,4562.0,4424.0,4562.2,4413.6,115085.0,1600.0,96412.0,0.0,-1.0,0.0,-1495.0,3.0,-1.0,14640.0,-1289.0,4466.039999999999,4460.76,4399.26,5.279999999998836,66.77999999999884,4434.644761904762,4384.875761904762,102641.0,,,2.02547149847056,1.379857711361213,3.405329209831773,-1.0,-1495.0,2.0,13351.0,0.013902767519659381,0.4018839160603229,0.1721,0.5354449472096532,0.0959,0.008,0.611
20250912,4523.2,4557.0,4565.8,4517.0,103677.0,-11408.0,83488.0,2.0,-2.0,0.0,-2063.0,2.0,-1.0,14027.0,-1760.0,4479.36,4462.46,4414.95,16.89999999999964,64.40999999999985,4448.028095238096,4398.347428571429,98385.8,,,1.956933368789672,1.324950725524034,3.281884094313706,0.0,-2063.0,1.0,12267.0,-0.11003404805308796,0.3341155809172008,0.1595,0.42525174283501166,0.0822,0.0053,0.514
20250915,4527.8,4533.0,4563.6,4518.8,86544.0,-17133.0,73627.0,1.0,-1.0,0.0,-850.0,2.0,-1.0,13874.0,-2506.0,4494.32,4464.179999999999,4429.45,30.14000000000033,64.86999999999989,4459.963968253967,4410.429920634921,96334.5,,,1.953186247060145,1.316460407550759,3.269646654610904,0.0,-850.0,1.0,11368.0,-0.19796866333887964,0.4256954020941189,0.1675,0.48721920991479484,0.0822,0.0053,0.641
20250916,4516.8,4542.0,4554.0,4489.6,79227.0,-7317.0,76486.0,1.0,0.0,0.0,-68.0,2.0,-1.0,12382.0,-3183.0,4512.44,4467.74,4444.48,44.69999999999982,67.95999999999913,4469.127619047619,4421.222111111111,91730.8,,0.206655,1.869537868120151,1.316460407550759,3.185998275670911,1.0,-68.0,1.0,9199.0,-0.09235487901851641,0.376229417738281,0.1797,0.581719597211464,0.0685,0.0013,0.572
20250917,4553.2,4518.0,4559.2,4497.2,61553.0,-17674.0,72782.0,0.0,-1.0,0.0,-1946.0,2.0,-1.0,14095.0,-2409.0,4536.6,4480.059999999999,4458.64,56.54000000000087,77.96000000000004,4478.448571428572,4431.315777777778,86939.0,,0.22954,1.798541654046163,1.313555553876581,3.112097207922744,-1.0,-1946.0,1.0,11686.0,-0.2871346644355271,0.4440539708166905,0.1996,0.7358636715724245,0.0411,0.0027,0.662
20250918,4487.2,4545.0,4577.4,4448.0,39525.0,-22028.0,65747.0,1.0,-1.0,0.0,-1732.0,2.0,-1.0,15850.0,-2230.0,4521.64,4493.84,4468.89,27.80000000000018,52.75,4483.081746031747,4441.149920634921,80122.3,,,1.892852131093167,1.364584551469135,3.257436682562303,0.0,-1732.0,1.0,13620.0,-0.5573181530676787,0.5165384751356538,0.171,0.5143299767621999,0.0548,0.004,0.737
20250919,4464.4,4455.0,4490.0,4440.8,151383.0,111858.0,80743.0,1.0,-1.0,618.0,-1954.0,2.0,-1.0,17590.0,-2740.0,4509.88,4494.62,4472.41,15.26000000000022,37.47000000000025,4482.698888888889,4449.913698412698,78377.4,,,1.897439334603614,1.313555553876581,3.210994888480195,0.0,-1336.0,1.0,14850.0,0.7389072749251897,0.5170804515973532,0.171,0.5143299767621999,0.1781,0.0053,0.738
20250922,4484.0,4475.0,4488.0,4447.2,149528.0,-1855.0,65934.0,0.0,-1.0,0.0,-1961.0,2.0,-1.0,14258.0,-2768.0,4501.12,4497.719999999999,4472.879999999999,3.400000000000546,28.24000000000069,4483.72015873016,4457.595380952381,76577.2,,0.24012,1.811502851616981,1.313555553876581,3.125058405493562,-1.0,-1961.0,1.0,11490.0,-0.01240570327965331,0.3517374100140633,0.2088,0.8071262587141752,0.2192,0.0173,0.541
20250923,4483.8,4495.0,4513.0,4408.8,159890.0,10362.0,101402.0,0.0,-1.0,0.0,-2201.0,2.0,-1.0,12732.0,-3088.0,4494.52,4503.48,4474.62,-8.960000000000036,19.89999999999964,4484.476666666666,4464.569857142857,79360.9,121682.4,,1.815688775510204,1.364584551469135,3.18027332697934,-1.0,-2201.0,1.0,9644.0,0.06480705485020952,0.3901708140055342,0.202,0.7544539116963596,0.274,0.1053,0.596
20250924,4530.0,4468.8,4531.2,4463.2,151864.0,-8026.0,86527.0,1.0,-1.0,1770.0,-2145.0,2.0,-1.0,14525.0,-2413.0,4489.88,4513.24,4481.92,-23.35999999999967,7.960000000000036,4487.563174603175,4471.175365079365,80314.8,,,1.684244665392699,1.379857711361213,3.064102376753912,0.0,-375.0,1.0,12112.0,-0.05284991834799557,0.4127025552942334,0.1932,0.6862896979085982,0.3014,0.112,0.63
20250925,4562.2,4523.4,4587.6,4522.0,154619.0,2755.0,80775.0,1.0,-1.0,0.0,-2195.0,2.0,-1.0,15953.0,-1914.0,4504.88,4513.26,4487.01,-8.38000000000011,17.86999999999989,4494.532857142856,4477.164174603175,78751.1,,,1.58587567572715,1.408054185705434,2.993929861432584,0.0,-2195.0,1.0,14039.0,0.01781799132060096,0.3866092133243085,0.1824,0.6026336173508908,0.3014,0.128,0.594
20250926,4525.0,4550.0,4570.8,4525.0,150988.0,-3631.0,71448.0,1.0,-1.0,2397.0,-2441.0,2.0,-1.0,13389.0,-2501.0,4517.0,4513.44,4487.95,3.5600000000004,29.05000000000018,4499.719999999999,4482.333365079365,77547.1,,,1.569797489465457,1.379857711361213,2.94965520082667,0.0,-44.0,1.0,10888.0,-0.024048268736588337,0.3163510382432004,0.1847,0.6204492641363285,0.3151,0.1533,0.493
20250929,4604.6,4530.0,4639.8,4515.2,165254.0,14266.0,97301.0,1.0,-1.0,0.0,-3690.0,2.0,-1.0,14596.0,-2365.0,4541.12,4521.120000000001,4492.65,19.99999999999909,48.47000000000025,4509.097460317461,4487.246714285715,79914.5,116761.2,,1.664648431942279,1.408054185705434,3.072702617647713,0.0,-3690.0,1.0,12231.0,0.08632771370133249,0.3209619772086216,0.1861,0.6312935708752905,0.3288,0.1653,0.498
20250930,4618.0,4615.0,4631.8,4601.0,153795.0,-11459.0,63292.0,1.0,-1.0,0.0,-3230.0,2.0,-1.0,12823.0,-2121.0,4567.96,4531.24,4499.49,36.72000000000025,68.47000000000025,4521.26476190476,4492.460428571429,78595.1,,,1.61879632169124,1.408054185705434,3.026850507396674,0.0,-3230.0,1.0,10702.0,-0.07450827400110537,0.2826205461548495,0.181,0.5917893106119287,0.3014,0.16,0.451
20251009,4689.2,4639.0,4715.0,4627.2,163300.0,9505.0,78704.0,1.0,-2.0,0.0,-4365.0,3.0,-1.0,14734.0,-1407.0,4599.8,4544.84,4512.45,54.96000000000004,87.35000000000036,4538.416825396826,4498.457253968254,79187.3,,,1.53438604108266,1.430634007652682,2.965020048735342,-1.0,-4365.0,2.0,13327.0,0.058205756276791185,0.2797393878460241,0.1364,0.24632068164213786,0.2603,0.16,0.445
20251010,4592.2,4664.0,4674.4,4576.2,162971.0,-329.0,96227.0,1.0,-2.0,0.0,-4940.0,2.0,-1.0,14673.0,-2834.0,4605.8,4555.339999999999,4524.59,50.46000000000095,81.21000000000004,4548.052380952381,4504.954317460318,82235.3,,,1.633604867501383,1.44476511585483,3.078369983356213,-1.0,-4940.0,1.0,11839.0,-0.0020187640745899576,0.3043033138883886,0.1508,0.35786212238574744,0.2466,0.148,0.481
20251013,4562.6,4520.0,4574.4,4493.0,163856.0,885.0,97200.0,1.0,-2.0,0.0,-3391.0,2.0,-1.0,14683.0,-3389.0,4613.320000000001,4565.160000000001,4529.89,48.15999999999985,83.43000000000029,4550.613809523809,4511.745809523809,83881.0,,,1.718148294729965,1.44476511585483,3.162913410584794,-1.0,-3391.0,1.0,11294.0,0.005401083878527488,0.3237393040219005,0.1683,0.4934159566227731,0.2466,0.1187,0.508
20251014,4507.2,4588.6,4609.0,4480.0,162441.0,-1415.0,107698.0,1.0,-1.0,0.0,-3210.0,2.0,-1.0,12902.0,-3805.0,4593.84,4567.48,4532.6,26.35999999999967,61.23999999999978,4551.568888888889,4518.530682539682,88057.4,129237.6,,1.819878234972575,1.469930124655119,3.289808359627694,0.0,-3210.0,1.0,9097.0,-0.00871085501812966,0.3993725591061783,0.1731,0.530596436870643,0.3288,0.1733,0.618
20251015,4576.4,4522.0,4587.8,4501.0,160428.0,-2013.0,86223.0,0.0,-1.0,0.0,-2548.0,2.0,-1.0,14857.0,-3469.0,4585.52,4576.74,4540.11,8.779999999999745,45.40999999999985,4553.990634920635,4525.482079365079,86539.5,,,1.858155850191877,1.473476685297633,3.33163253548951,-1.0,-2548.0,1.0,11388.0,-0.012547684942778069,0.3386589982665621,0.149,0.34391944229279625,0.3973,0.224,0.53
20251016,4590.0,4561.0,4618.0,4561.0,161774.0,1346.0,87781.0,0.0,-1.0,0.0,-2672.0,2.0,-1.0,13317.0,-3665.0,4565.679999999999,4582.74,4547.99,-17.0600000000004,17.6899999999996,4558.255873015873,4532.551349206349,86664.9,,,1.741663217828613,1.473476685297633,3.215139903126246,-1.0,-2672.0,1.0,9652.0,0.008320249236589316,0.3420846841274029,0.1421,0.2904725019364834,0.4521,0.224,0.538
20251017,4485.2,4582.0,4596.0,4468.0,163234.0,1460.0,99982.0,0.0,-1.0,0.0,-2389.0,2.0,-1.0,11265.0,-3790.0,4544.28,4575.039999999999,4544.15,-30.75999999999931,0.1300000000001091,4555.982380952381,4538.696301587302,88585.6,,,1.864586337023434,1.509887665058588,3.374474002082022,-1.0,-2389.0,1.0,7475.0,0.008944215053236459,0.565193178652514,0.1421,0.2904725019364834,0.4932,0.2667,0.79
20251020,4506.8,4523.0,4549.8,4490.8,156399.0,-6835.0,71457.0,0.0,-2.0,0.0,-4164.0,2.0,-1.0,11281.0,-3832.0,4533.12,4573.219999999999,4543.33,-40.09999999999945,-10.21000000000004,4553.231904761906,4544.047492063492,88586.5,,0.20631,1.901205015571837,1.509887665058588,3.411092680630425,-2.0,-4164.0,1.0,7449.0,-0.04370232546243902,0.5381140044617205,0.1794,0.5793958171959722,0.4384,0.2093,0.767
20251021,4577.6,4528.2,4599.2,4521.0,157558.0,1159.0,77133.0,1.0,-1.0,1950.0,-2142.0,2.0,-1.0,14015.0,-2696.0,4547.2,4570.52,4545.82,-23.31999999999971,1.380000000000109,4555.233333333332,4548.661079365079,86569.7,,,1.879956825754378,1.540530233193075,3.420487058947454,0.0,-192.0,1.0,11319.0,0.007356021274705188,0.5372946129736301,0.1654,0.47095274980635166,0.4795,0.2653,0.767
20251022,4563.4,4559.0,4579.4,4536.8,151558.0,-6000.0,65140.0,0.0,-1.0,0.0,-1981.0,2.0,-1.0,10794.0,-2501.0,4544.6,4565.059999999999,4548.15,-20.45999999999913,-3.549999999999272,4556.670158730159,4552.201619047619,86754.5,,,1.839263044008481,1.540530233193075,3.379793277201556,-1.0,-1981.0,1.0,8293.0,-0.039588804286147875,0.5404564415024763,0.1684,0.4941905499612703,0.4384,0.264,0.772
20251023,4580.8,4555.4,4589.6,4505.4,160208.0,8650.0,84087.0,1.0,-1.0,0.0,-1875.0,2.0,-1.0,10430.0,-2411.0,4542.76,4554.219999999999,4549.53,-11.45999999999913,-6.769999999999527,4558.725555555555,4554.232492063491,87292.8,,,1.867800371997063,1.588111529256653,3.455911901253716,0.0,-1875.0,1.0,8019.0,0.0539923099970039,0.5601911617216835,0.173,0.5298218435321456,0.4521,0.3253,0.79
20251024,4634.8,4592.0,4634.8,4592.0,153415.0,-6793.0,74172.0,0.0,-1.0,0.0,-1549.0,2.0,-1.0,9183.0,-1216.0,4572.68,4558.48,4556.91,14.19999999999982,15.77000000000044,4565.701746031747,4555.997428571429,85087.3,,,1.877395114278939,1.588111529256653,3.465506643535592,-1.0,-1549.0,1.0,7967.0,-0.044278590750578495,0.5840241788427849,0.16,0.42912470952749815,0.5342,0.388,0.804
20251027,4684.4,4672.0,4697.8,4660.8,157785.0,4370.0,71074.0,0.0,-1.0,0.0,-1383.0,3.0,-1.0,8920.0,-649.0,4608.2,4570.66,4567.91,37.53999999999996,40.28999999999996,4577.545873015873,4558.690634920635,82474.7,,,1.7790632801713,1.588111529256653,3.367174809427953,-1.0,-1383.0,2.0,8271.0,0.027695915327819502,0.5732310827397773,0.1594,0.42447714949651427,0.5753,0.42,0.797
20251028,4669.6,4680.0,4719.0,4660.4,155110.0,-2675.0,72481.0,0.0,-1.0,0.0,-2026.0,3.0,0.0,9781.0,-924.0,4626.6,4586.9,4577.190000000001,39.70000000000073,49.40999999999985,4588.434920634921,4562.377238095238,78953.0,,,1.820922388905672,1.588111529256653,3.409033918162325,-1.0,-2026.0,3.0,8857.0,-0.017245825543162917,0.5466685107411902,0.1533,0.37722695584817967,0.589,0.452,0.778
20251029,4732.6,4685.0,4732.6,4678.6,156239.0,1129.0,65655.0,0.0,-1.0,0.0,-2180.0,3.0,0.0,9458.0,-352.0,4660.440000000001,4602.52,4589.63,57.92000000000098,70.8100000000004,4601.74761904762,4567.152936507936,76896.2,,,1.766785552007669,1.588111529256653,3.354897081264322,-1.0,-2180.0,3.0,9106.0,0.007226108718053751,0.5664994789326351,0.1541,0.38342370255615793,0.589,0.4867,0.796
20251030,4690.0,4723.2,4741.0,4680.0,160853.0,4614.0,87251.0,0.0,-1.0,0.0,-1281.0,3.0,-1.0,10182.0,-400.0,4682.280000000001,4612.52,4597.63,69.76000000000113,84.65000000000055,4612.739523809524,4572.601301587301,76843.2,,,1.683307075358834,1.588111529256653,3.271418604615487,-1.0,-1281.0,2.0,9782.0,0.028684575357624663,0.5515322345304371,0.1457,0.31835786212238576,0.3699,0.3627,0.785
20251031,4631.4,4691.6,4699.4,4627.4,160463.0,-390.0,85956.0,0.0,-1.0,0.0,-1055.0,2.0,-1.0,8449.0,-1945.0,4681.6,4627.14,4601.09,54.46000000000004,80.51000000000022,4618.377142857144,4578.840777777777,75440.6,,,1.639293374845958,1.559455424398392,3.19874879924435,-1.0,-1055.0,1.0,6504.0,-0.002430466836591613,0.4861938876134806,0.1547,0.3880712625871418,0.3973,0.3107,0.718
20251103,4634.8,4637.0,4642.2,4577.6,157779.0,-2684.0,72223.0,0.0,-1.0,0.0,-1280.0,2.0,-1.0,8259.0,-3188.0,4671.68,4639.940000000001,4606.58,31.73999999999978,65.10000000000036,4620.552063492065,4585.572793650794,75517.2,,,1.536297705312139,1.559455424398392,3.095753129710531,-1.0,-1280.0,1.0,5071.0,-0.01701113582922949,0.5161133665066805,0.1475,0.3323005422153369,0.4247,0.3107,0.749
20251104,4589.0,4629.6,4639.4,4558.2,155987.0,-1792.0,74377.0,0.0,-1.0,0.0,-894.0,2.0,-1.0,8965.0,-3589.0,4655.559999999999,4641.08,4605.8,14.47999999999956,49.75999999999931,4620.005873015873,4592.050047619048,75241.6,,,1.527325214029958,1.588111529256653,3.115436743286611,-1.0,-894.0,1.0,5376.0,-0.01148813683191548,0.5823416696190198,0.1514,0.3625096824167313,0.4795,0.376,0.808
20251105,4596.6,4536.6,4621.4,4536.0,156249.0,262.0,73216.0,1.0,-1.0,0.0,-879.0,2.0,-1.0,9729.0,-3432.0,4628.360000000001,4644.4,4604.73,-16.03999999999905,23.63000000000011,4617.457777777779,4598.128809523811,76049.2,,,1.571147622218436,1.679889512087538,3.251037134305975,0.0,-879.0,1.0,6297.0,0.0016768107315886821,0.593175697291233,0.1472,0.3299767621998451,0.5616,0.4107,0.82
20251106,4670.8,4611.0,4682.6,4608.0,154733.0,-1516.0,71116.0,1.0,-1.0,0.0,-1036.0,2.0,-1.0,10410.0,-3090.0,4624.52,4653.4,4603.809999999999,-28.8799999999992,20.71000000000095,4622.584761904762,4604.514730158731,74752.1,,,1.501792701343058,1.796911961335661,3.29870466267872,0.0,-1036.0,1.0,7320.0,-0.00979752218337394,0.6083264903015261,0.1394,0.26955848179705655,0.5616,0.4573,0.838
20251107,4659.4,4656.0,4676.8,4638.0,149916.0,-4817.0,56412.0,0.0,-1.0,0.0,-1347.0,2.0,-1.0,10306.0,-2739.0,4630.12,4655.86,4607.17,-25.73999999999978,22.94999999999982,4627.861428571428,4610.730698412699,72976.1,,,1.458518189884648,1.796911961335661,3.25543015122031,-1.0,-1347.0,1.0,7567.0,-0.032131326876384106,0.6169731358273222,0.1352,0.23702556158017032,0.5753,0.488,0.848
20251110,4672.0,4675.0,4678.0,4626.4,156162.0,6246.0,69883.0,0.0,-1.0,0.0,-1045.0,2.0,-1.0,10577.0,-3102.0,4637.559999999999,4654.62,4612.64,-17.0600000000004,24.91999999999916,4633.353809523811,4616.311492063493,72857.0,,,1.393640323890625,1.796911961335661,3.190552285226286,-1.0,-1045.0,1.0,7475.0,0.03999692626887463,0.6497185911838995,0.1351,0.23625096824167313,0.6301,0.448,0.88
20251111,4626.8,4684.4,4690.6,4618.4,151427.0,-4735.0,70771.0,0.0,-1.0,0.0,-2043.0,2.0,-1.0,9911.0,-3430.0,4645.12,4650.34,4618.62,-5.220000000000255,26.5,4636.442222222224,4621.112222222223,72686.0,,,1.43776988920136,1.796911961335661,3.234681850537022,-1.0,-2043.0,1.0,6481.0,-0.031269192416147715,0.5864303819271913,0.1397,0.2718822618125484,0.6986,0.4853,0.811
20251112,4628.0,4628.6,4649.4,4593.8,157009.0,5582.0,79009.0,0.0,-1.0,0.0,-2179.0,2.0,-1.0,9150.0,-3668.0,4651.4,4639.88,4621.2,11.51999999999953,30.19999999999982,4637.27111111111,4624.664571428572,74021.4,,,1.392808990144379,1.796911961335661,3.189720951480041,-1.0,-2179.0,1.0,5482.0,0.035552102108796314,0.6265409489526964,0.1367,0.1930116472545756,0.7123,0.516,0.859
20251113,4677.0,4620.0,4682.4,4617.6,149415.0,-7594.0,70414.0,0.0,-1.0,0.0,-2146.0,2.0,-1.0,10284.0,-2722.0,4652.639999999999,4638.58,4625.55,14.05999999999949,27.08999999999924,4641.350634920635,4627.525682539684,72337.7,,,1.408480964482584,1.796911961335661,3.205392925818245,-1.0,-2146.0,1.0,7562.0,-0.050824883713147945,0.6588231007625016,0.1281,0.12146422628951738,0.7123,0.5533,0.889
20251114,4600.4,4650.0,4661.8,4600.0,149958.0,543.0,67288.0,0.0,-1.0,0.0,-2069.0,2.0,-1.0,9320.0,-3636.0,4640.84,4635.48,4631.309999999999,5.359999999999673,9.530000000000655,4640.533174603176,4629.741285714286,70470.9,,0.160885,1.431811476618969,1.796911961335661,3.228723437954631,-1.0,-2069.0,1.0,5684.0,0.0036210138838874886,0.5985694013191412,0.1399,0.2196339434276206,0.7397,0.612,0.82
20251117,4581.4,4596.2,4605.0,4558.8,154108.0,4150.0,69751.0,1.0,-1.0,0.0,-1165.0,2.0,-1.0,8707.0,-3551.0,4622.719999999999,4630.139999999999,4635.04,-7.420000000000073,-12.32000000000062,4635.976507936508,4631.283730158731,70223.7,,,1.414674827897127,1.796911961335661,3.211586789232789,0.0,-1165.0,1.0,5156.0,0.026929166558517403,0.6024693687478807,0.1387,0.10037878787878786,0.7397,0.728,0.824
20251118,4555.0,4571.0,4586.0,4530.4,158826.0,4718.0,76476.0,1.0,-1.0,0.0,-1180.0,2.0,-1.0,9222.0,-3883.0,4608.359999999999,4626.74,4633.91,-18.38000000000102,-25.55000000000109,4629.17507936508,4632.200650793651,70433.6,,0.18492,1.407133798057784,1.712039971739028,3.119173769796812,0.0,-1180.0,1.0,5339.0,0.029705463840932846,0.6811578140708614,0.1608,0.309659090909091,0.726,0.756,0.905
20251119,4565.2,4558.6,4587.0,4544.2,156324.0,-2502.0,76820.0,1.0,-1.0,0.0,-1112.0,2.0,-1.0,10648.0,-3608.0,4595.799999999999,4623.6,4634.0,-27.80000000000109,-38.20000000000073,4622.637619047619,4632.718634920635,70794.0,,,1.381713398817086,1.712039971739028,3.093753370556114,0.0,-1112.0,1.0,7040.0,-0.016005219927842172,0.6910415004182322,0.1368,0.08238636363636376,0.7671,0.7933,0.906
20251120,4539.2,4590.8,4599.2,4535.2,165189.0,8865.0,83141.0,0.0,-1.0,0.0,-1454.0,2.0,-1.0,10958.0,-3937.0,4568.24,4610.44,4631.92,-42.19999999999982,-63.68000000000029,4615.201904761906,4631.980349206349,71996.5,,,1.37130083163559,1.609545169024312,2.980846000659903,-1.0,-1454.0,1.0,7021.0,0.05366580099159145,0.7141748019157957,0.1464,0.17329545454545464,0.7534,0.8067,0.916
20251121,4428.4,4509.6,4521.4,4427.2,176897.0,11708.0,112829.0,0.0,-1.0,0.0,-1048.0,2.0,-1.0,9658.0,-4006.0,4533.839999999999,4587.34,4621.6,-53.50000000000091,-87.76000000000113,4598.508095238095,4629.045015873016,77638.2,135394.8,,1.449311375199568,1.712039971739028,3.161351346938596,-1.0,-1048.0,1.0,5652.0,0.06618540732742782,0.8866943148186958,0.1464,0.17329545454545464,0.7671,0.784,0.956
20251124,4435.2,4451.0,4454.6,4408.8,168604.0,-8293.0,82507.0,1.0,-1.0,0.0,-1159.0,2.0,-1.0,11731.0,-3758.0,4504.599999999999,4563.66,4609.14,-59.0600000000004,-104.5400000000009,4580.955714285714,4623.805206349206,78900.6,,0.18791,1.397671688819561,1.609545169024312,3.007216857843874,0.0,-1159.0,1.0,7973.0,-0.04918625892624137,0.5526959273998375,0.1634,0.33428030303030304,0.7808,0.804,0.777
20251125,4473.0,4458.8,4504.0,4455.6,160808.0,-7796.0,77751.0,0.0,-1.0,0.0,-1501.0,2.0,-1.0,12156.0,-3588.0,4488.2,4548.28,4599.309999999999,-60.07999999999993,-111.1099999999997,4567.525714285715,4616.913555555556,79598.6,,,1.37447396579101,1.562976370026486,2.937450335817497,-1.0,-1501.0,1.0,8568.0,-0.04848017511566589,0.5479933344599655,0.1503,0.2102272727272727,0.5753,0.6493,0.77
20251126,4493.0,4482.8,4519.0,4471.0,155905.0,-4903.0,70583.0,0.0,-1.0,0.0,-1409.0,2.0,-1.0,13068.0,-3004.0,4473.76,4534.78,4587.33,-61.01999999999953,-113.5699999999997,4557.322539682538,4608.918698412699,78756.0,,,1.31886007445178,1.562976370026486,2.881836444478266,-1.0,-1409.0,1.0,10064.0,-0.03144863859401559,0.5965399570230174,0.1386,0.09943181818181827,0.6164,0.6493,0.814
20251127,4492.6,4499.0,4549.0,4487.6,155679.0,-226.0,72122.0,0.0,-1.0,0.0,-1713.0,2.0,-1.0,13716.0,-3150.0,4464.440000000001,4516.34,4577.46,-51.89999999999964,-113.0199999999995,4549.095873015873,4599.693222222222,78926.8,,,1.357751320428057,1.556952815934988,2.914704136363046,-1.0,-1713.0,1.0,10566.0,-0.0014517051111582165,0.5801268461503589,0.141,0.12215909090909086,0.8219,0.8507,0.793
20251128,4505.8,4492.0,4515.8,4476.0,148801.0,-6878.0,64947.0,1.0,-1.0,647.0,-1623.0,2.0,-1.0,13313.0,-2607.0,4479.92,4506.879999999999,4571.18,-26.95999999999913,-91.26000000000022,4541.333333333334,4589.773238095238,78692.7,,,1.342746183236113,1.544712764213213,2.887458947449325,0.0,-976.0,1.0,10706.0,-0.04622280764242176,0.6052944315735542,0.1381,0.09708737864077678,0.7945,0.82,0.825
20251201,4555.4,4516.8,4555.8,4511.8,145600.0,-3201.0,68600.0,0.0,-1.0,0.0,-1595.0,2.0,-1.0,15083.0,-1904.0,4503.960000000001,4504.28,4567.21,-0.3199999999987995,-63.24999999999909,4538.384444444445,4580.014031746032,78577.6,,,1.309310935375005,1.51590928943788,2.825220224812885,-1.0,-1595.0,1.0,13179.0,-0.02198489010989011,0.6357098749097865,0.128,0.0,0.7671,0.7333,0.866
20251202,4535.8,4555.4,4559.8,4521.6,138432.0,-7168.0,55827.0,0.0,-1.0,0.0,-1849.0,2.0,-1.0,16137.0,-2124.0,4516.52,4502.360000000001,4564.55,14.15999999999985,-48.02999999999975,4535.681904761905,4570.664714285714,76512.7,,,1.283785274932453,1.51590928943788,2.799694564370332,-1.0,-1849.0,1.0,14013.0,-0.05177993527508091,0.6578479099572526,0.1291,0.013613861386138487,0.7534,0.716,0.883
20251203,4518.2,4538.2,4556.0,4504.2,142198.0,3766.0,67863.0,0.0,-1.0,0.0,-2016.0,2.0,-1.0,15876.0,-2128.0,4521.56,4497.66,4560.629999999999,23.90000000000055,-39.0699999999988,4531.425396825398,4561.543492063493,75617.0,,,1.266462911632054,1.463183160829328,2.729646072461382,-1.0,-2016.0,1.0,13748.0,0.026484198089987202,0.6260496342836642,0.1312,0.0396039603960397,0.7808,0.696,0.851
20251204,4530.6,4525.0,4547.8,4500.8,136475.0,-5723.0,63708.0,1.0,-1.0,1055.0,-2149.0,2.0,-1.0,16212.0,-1832.0,4529.16,4496.8,4553.620000000001,32.35999999999967,-24.46000000000095,4528.370952380953,4552.860396825397,73673.7,,,1.220399691182241,1.435194833296538,2.65559452447878,0.0,-1094.0,1.0,14380.0,-0.041934420223484155,0.6585889511691451,0.1292,0.01485148514851493,0.7671,0.6693,0.883
20251205,4574.4,4525.0,4588.4,4516.4,143296.0,6821.0,84754.0,1.0,-1.0,0.0,-2633.0,2.0,-1.0,13916.0,-1486.0,4542.88,4511.4,4549.37,31.48000000000047,-6.489999999999782,4528.565714285714,4545.866158730159,70866.2,,,1.261356480353409,1.435194833296538,2.696551313649947,0.0,-2633.0,1.0,12430.0,0.04760077043322912,0.6346146060052081,0.1211,0.0,0.7808,0.6787,0.862
20251208,4613.2,4590.0,4635.0,4589.6,132821.0,-10475.0,76082.0,0.0,-1.0,0.0,-2123.0,2.0,-1.0,12991.0,-1412.0,4554.44,4529.2,4546.429999999999,25.23999999999978,8.010000000000218,4534.156825396825,4541.186269841271,70223.7,,,1.268099905153337,1.428828719044178,2.696928624197515,-1.0,-2123.0,1.0,11579.0,-0.07886554084068031,0.6116912796384131,0.1215,0.004561003420752537,0.7671,0.668,0.83
20251209,4583.2,4611.4,4618.8,4571.8,125588.0,-7233.0,63877.0,0.0,-1.0,0.0,-1751.0,2.0,-1.0,12191.0,-1686.0,4563.92,4540.22,4544.249999999999,23.69999999999982,19.67000000000098,4538.253968253968,4538.259095238095,68836.3,,,1.274376560573976,1.428828719044178,2.703205279618154,-1.0,-1751.0,1.0,10505.0,-0.057593082141605884,0.617259610662022,0.1189,0.0,0.7123,0.6133,0.836
20251210,4574.2,4576.0,4583.6,4532.0,121027.0,-4561.0,75990.0,0.0,-1.0,0.0,-1513.0,2.0,-1.0,11757.0,-2601.0,4575.120000000001,4548.34,4541.56,26.78000000000065,33.5600000000004,4540.180158730158,4536.544857142857,69377.0,,0.150995,1.254086838406016,1.428828719044178,2.682915557450194,-1.0,-1513.0,1.0,9156.0,-0.037685805646673884,0.63322229444639,0.1313,0.13793103448275854,0.8219,0.5773,0.86
20251211,4539.6,4585.2,4593.2,4534.6,111889.0,-9138.0,64930.0,1.0,-1.0,1980.0,-1466.0,2.0,-1.0,11395.0,-3253.0,4576.92,4553.039999999999,4534.690000000001,23.88000000000102,42.22999999999956,4541.661904761903,4535.801460317461,68657.8,,0.151455,1.16769308875792,1.428828719044178,2.596521807802098,0.0,514.0,1.0,8142.0,-0.08167022674257524,0.6337313659129582,0.1317,0.14238042269187992,0.863,0.6493,0.86
20251212,4574.0,4559.6,4581.6,4526.0,113155.0,1266.0,74003.0,1.0,-1.0,2288.0,-3263.0,2.0,-1.0,12528.0,-2564.0,4576.839999999999,4559.86,4533.37,16.97999999999956,43.46999999999935,4544.179206349206,4536.086047619048,69563.4,,,1.180561018202414,1.416279313973999,2.596840332176413,0.0,-975.0,1.0,9964.0,0.011188193186337325,0.6230720488188304,0.1208,0.021134593993325904,0.9589,0.832,0.842
20251215,4545.6,4548.0,4593.2,4545.0,94777.0,-18378.0,68323.0,1.0,-1.0,1533.0,-3464.0,2.0,-1.0,12520.0,-2722.0,4563.320000000001,4558.88,4531.58,4.440000000000509,31.74000000000069,4545.880634920635,4536.835666666667,69535.7,,,1.146842333536574,1.416279313973999,2.563121647510573,0.0,-1931.0,1.0,9798.0,-0.1939078046361459,0.6418330968972202,0.1221,0.035595105672969904,0.9589,0.9467,0.867
20251216,4499.4,4540.8,4547.0,4473.8,90761.0,-4016.0,79947.0,1.0,-1.0,1505.0,-2072.0,2.0,-1.0,14780.0,-3813.0,4546.559999999999,4555.24,4528.8,-8.680000000000291,17.75999999999931,4543.446666666667,4537.612142857143,71947.7,,0.161345,1.186323497061689,1.428828719044178,2.615152216105867,0.0,-567.0,1.0,10967.0,-0.04424808012251959,0.684507186613445,0.1403,0.23804226918798665,0.9726,0.976,0.903
20251217,4578.2,4499.4,4598.2,4492.4,61935.0,-28826.0,84998.0,1.0,-1.0,640.0,-2051.0,2.0,-1.0,12210.0,-2864.0,4547.36,4561.24,4529.45,-13.88000000000011,17.90999999999985,4545.654761904761,4539.03507936508,73661.2,,,1.254401546582643,1.435194833296538,2.689596379879181,0.0,-1411.0,1.0,9346.0,-0.46542342778719625,0.7123325531749829,0.1294,0.11679644048943248,0.9726,0.9867,0.914
20251218,4550.4,4560.0,4573.6,4542.4,37690.0,-24245.0,53558.0,0.0,-1.0,0.0,-1791.0,2.0,-1.0,12963.0,-2662.0,4549.52,4563.219999999999,4530.01,-13.69999999999982,19.50999999999931,4548.334285714284,4541.031412698412,72646.2,,0.164335,1.247251937364558,1.435194833296538,2.682446770661096,-1.0,-1791.0,1.0,10301.0,-0.6432740780047758,0.7003843650760957,0.1429,0.26696329254727463,0.9863,0.9867,0.908
20251219,4527.0,4515.0,4557.0,4506.8,162769.0,125079.0,66095.0,2.0,0.0,763.0,0.0,2.0,-1.0,12294.0,-1648.0,4540.12,4558.48,4534.940000000001,-18.36000000000058,5.179999999999382,4547.549365079365,4542.929777777777,70780.3,,,1.248121385923024,1.419319864403237,2.66744125032626,2.0,763.0,1.0,10646.0,0.7684448512923222,0.6867377020954978,0.104,0.0,0.9863,0.9907,0.901
20251222,4564.8,4542.2,4579.2,4542.2,157800.0,-4969.0,53962.0,2.0,0.0,852.0,0.0,2.0,-1.0,12966.0,-1277.0,4543.96,4553.64,4541.42,-9.680000000000291,2.539999999999964,4549.687301587302,4544.482825396824,68568.3,,,1.269506748958805,1.419319864403237,2.688826613362041,2.0,852.0,1.0,11689.0,-0.031489226869455,0.5541302008304777,0.14,0.3435114503816795,0.9863,0.992,0.762
20251223,4571.4,4570.0,4599.0,4561.4,163660.0,5860.0,52645.0,1.0,-1.0,619.0,-1286.0,2.0,-1.0,15037.0,-1002.0,4558.36,4552.46,4546.34,5.899999999999636,12.01999999999953,4552.966349206349,4545.954063492063,67445.1,,,1.246200607902736,1.419319864403237,2.665520472305973,0.0,-667.0,1.0,14035.0,0.03580593914212392,0.5649240412729735,0.1413,0.38061224489795925,0.9589,0.948,0.769
20251224,4595.0,4573.0,4608.4,4559.0,164967.0,1307.0,58846.0,1.0,-1.0,531.0,-949.0,2.0,-1.0,14301.0,-1067.0,4561.719999999999,4554.54,4551.440000000001,7.179999999999382,10.27999999999884,4557.006190476191,4547.636666666667,65730.7,,0.17181,1.24870090029175,1.40025807123616,2.648958971527909,0.0,-418.0,1.0,13234.0,0.007922796680548232,0.5216989820146529,0.1494,0.5089686098654709,0.9589,0.9467,0.723
20251225,4610.6,4586.0,4624.8,4586.0,164476.0,-491.0,52262.0,1.0,-1.0,419.0,-1047.0,3.0,0.0,16175.0,-946.0,4573.76,4561.64,4557.34,12.11999999999989,16.42000000000007,4562.245555555555,4549.695031746031,64463.9,,,1.1960592304299,1.388823476886477,2.584882707316376,0.0,-628.0,3.0,15229.0,-0.0029852379678494126,0.5069783724763599,0.1465,0.5176613885505481,0.9589,0.9307,0.708
20251226,4638.4,4611.2,4664.2,4611.2,175215.0,10739.0,70821.0,1.0,-2.0,0.0,-2784.0,3.0,0.0,20199.0,-807.0,4596.04,4568.08,4563.969999999999,27.96000000000004,32.07000000000062,4569.479682539682,4552.225079365079,64145.7,,,1.184642183644556,1.374216547162414,2.55885873080697,-1.0,-2784.0,3.0,19392.0,0.061290414633450335,0.473850884549072,0.1466,0.5188794153471379,0.9726,0.9173,0.675
20251229,4610.2,4640.2,4645.0,4595.2,167149.0,-8066.0,58452.0,1.0,-1.0,0.0,-1872.0,3.0,0.0,19877.0,-714.0,4605.12,4574.539999999999,4566.71,30.58000000000084,38.40999999999985,4575.047777777778,4555.141793650793,63158.6,,,1.188518696818321,1.374216547162414,2.562735243980734,0.0,-1872.0,3.0,19163.0,-0.04825634613428737,0.4579063750669699,0.1477,0.5322777101096225,0.9726,0.924,0.659
20251230,4622.2,4598.8,4645.2,4590.4,171595.0,4446.0,56756.0,1.0,0.0,1058.0,0.0,3.0,-1.0,17017.0,-516.0,4615.280000000001,4586.820000000001,4571.03,28.46000000000004,44.25000000000091,4579.95603174603,4558.79273015873,60839.5,,,1.192625588035009,1.353610409456216,2.546235997491226,1.0,1058.0,2.0,16501.0,0.025909845857979546,0.472532445594822,0.1468,0.5558441558441561,0.9726,0.912,0.674
20251231,4599.8,4628.2,4634.6,4581.2,166875.0,-4720.0,63352.0,0.0,-1.0,0.0,-1036.0,2.0,-1.0,17319.0,-1597.0,4616.24,4588.98,4575.11,27.26000000000022,41.13000000000011,4583.437936507936,4562.571047619047,58674.9,,,1.183391327414297,1.353610409456216,2.537001736870514,-1.0,-1036.0,1.0,15722.0,-0.028284644194756556,0.486384215171539,0.1445,0.5371352785145888,0.8493,0.72,0.686
20260105,4697.0,4627.0,4705.0,4627.0,173732.0,6857.0,72812.0,0.0,-1.0,0.0,-1327.0,2.0,-1.0,18378.0,-921.0,4633.52,4603.639999999999,4583.429999999999,29.88000000000011,50.09000000000015,4592.927777777778,4567.030396825397,60600.3,87374.4,,1.258370970253855,1.353610409456216,2.611981379710071,-1.0,-1327.0,1.0,17457.0,0.039468837059378814,0.4552708804633831,0.1347,0.40716180371352767,0.863,0.7573,0.654
20260106,4778.0,4705.0,4780.8,4705.0,178463.0,4731.0,79694.0,0.0,-1.0,0.0,-1679.0,3.0,-1.0,20894.0,-212.0,4661.440000000001,4628.74,4593.61,32.70000000000073,67.83000000000084,4609.300952380954,4573.205555555555,61960.2,95632.8,0.171695,1.30907601206659,1.353610409456216,2.662686421522807,-1.0,-1679.0,2.0,20682.0,0.02650969668782885,0.428016423921593,0.1493,0.6007957559681696,1.0,0.9853,0.63
20260107,4753.0,4781.0,4785.8,4733.0,174314.0,-4149.0,67166.0,1.0,-1.0,0.0,-1121.0,3.0,0.0,21037.0,0.0,4690.0,4647.559999999999,4600.6,42.44000000000051,89.39999999999964,4625.694444444444,4580.80626984127,63280.6,,0.17618,1.272412513911217,1.336671062000067,2.609083575911284,0.0,-1121.0,3.0,21037.0,-0.023801874777700013,0.4582201069429792,0.1532,0.6525198938992043,0.9863,0.98,0.657
20260108,4718.4,4745.0,4751.0,4694.2,176039.0,1725.0,70354.0,1.0,-1.0,1158.0,-1122.0,3.0,0.0,19850.0,0.0,4709.24,4662.26,4607.360000000001,46.97999999999956,101.8799999999992,4637.689841269841,4589.278619047619,65051.5,,,1.197170716359072,1.32064993119832,2.517820647557392,0.0,36.0,3.0,19850.0,0.009798965002073404,0.4559428919387493,0.1489,0.5954907161803714,0.9863,0.976,0.653
20260109,4743.8,4714.4,4767.6,4703.6,182579.0,6540.0,85400.0,1.0,-1.0,0.0,-801.0,3.0,0.0,20840.0,0.0,4738.04,4677.14,4615.839999999999,60.89999999999964,122.2000000000007,4650.120476190476,4598.590047619048,67706.9,102480.0,,1.236975162080038,1.32064993119832,2.557625093278358,0.0,-801.0,3.0,20840.0,0.03582011074658093,0.4407878740123508,0.1524,0.6419098143236075,0.9726,0.9573,0.642
20260112,4774.0,4762.0,4797.0,4722.6,182828.0,249.0,89188.0,1.0,-1.0,741.0,-590.0,3.0,0.0,20995.0,0.0,4753.440000000001,4693.48,4627.559999999999,59.96000000000004,125.880000000001,4664.649841269841,4608.830476190476,71399.5,107025.6,0.210795,1.269367583483209,1.336671062000067,2.606038645483276,0.0,151.0,3.0,20995.0,0.0013619358085194828,0.3781775754300852,0.1833,1.0,0.9452,0.9253,0.563
20260113,4758.6,4788.0,4828.0,4738.6,184613.0,1785.0,97329.0,1.0,-1.0,0.0,-518.0,3.0,0.0,22069.0,0.0,4749.559999999999,4705.5,4636.79,44.05999999999949,112.7699999999995,4678.804285714285,4619.762936507936,74050.3,116794.8,,1.322429678144628,1.336671062000067,2.659100740144695,0.0,-518.0,3.0,22069.0,0.00966887488963399,0.3585846869346425,0.1367,0.412358133669609,0.9041,0.904,0.538
20260114,4740.0,4781.0,4833.2,4707.0,195726.0,11113.0,119874.0,1.0,-1.0,0.0,-173.0,3.0,0.0,25701.0,0.0,4746.96,4718.48,4646.51,28.47999999999956,100.4499999999998,4690.616031746032,4631.319761904761,80192.5,143848.8,,1.454013619951553,1.336671062000067,2.79068468195162,0.0,-173.0,3.0,25701.0,0.05677835341242349,0.2869105094159209,0.138,0.4287515762925601,0.9178,0.852,0.456
20260115,4746.6,4725.0,4764.8,4708.2,186881.0,-8845.0,81140.0,0.0,-1.0,0.0,-427.0,3.0,0.0,24426.0,0.0,4752.6,4730.92,4658.870000000001,21.68000000000029,93.72999999999956,4699.244285714286,4643.248587301588,82630.9,,,1.461606977288549,1.32064993119832,2.782256908486869,-1.0,-427.0,3.0,24426.0,-0.04732958406686608,0.3412567877983349,0.1372,0.4186633039092055,0.8767,0.7773,0.522
20260116,4723.2,4770.0,4790.0,4711.6,187424.0,543.0,89508.0,0.0,-1.0,0.0,-1570.0,3.0,0.0,19806.0,-2.0,4748.48,4743.26,4666.120000000001,5.220000000000255,82.35999999999967,4707.46,4655.650793650793,85246.5,,,1.519197853821969,1.336671062000067,2.855868915822036,-1.0,-1570.0,3.0,19804.0,0.0028971743213249104,0.4020292831740911,0.0625,0.0,0.863,0.7547,0.595
20260119,4728.6,4711.8,4763.0,4708.8,179134.0,-8290.0,73045.0,0.0,-1.0,0.0,-758.0,3.0,0.0,23138.0,-97.0,4739.4,4746.42,4675.03,-7.020000000000437,64.36999999999989,4713.576666666668,4667.715682539682,85269.8,,0.18699,1.518030590937882,1.32064993119832,2.838680522136201,-1.0,-758.0,3.0,23041.0,-0.046278205142519006,0.7011457232660698,0.1626,0.8286423841059603,0.7534,0.5907,0.908
20260120,4708.6,4731.6,4743.8,4672.8,179532.0,398.0,79866.0,1.0,0.0,0.0,-67.0,3.0,-1.0,22357.0,-472.0,4729.4,4739.48,4684.11,-10.08000000000084,45.28999999999996,4716.926825396825,4678.478269841269,85287.0,,,1.547847085417555,1.336671062000067,2.884518147417623,1.0,-67.0,2.0,21885.0,0.002216874986074906,0.6798617237730391,0.153,0.7491721854304636,0.7123,0.5573,0.895
20260121,4722.8,4699.0,4756.4,4698.8,173409.0,-6123.0,74116.0,1.0,0.0,0.0,-352.0,2.0,-1.0,20335.0,-1226.0,4725.960000000001,4736.460000000001,4692.01,-10.5,33.95000000000073,4720.542857142857,4687.96311111111,85982.0,,,1.549724741813258,1.32064993119832,2.870374673011578,1.0,-352.0,1.0,19109.0,-0.035309586007646665,0.6536814209909825,0.1589,0.7980132450331128,0.6849,0.608,0.87
20260122,4719.4,4740.8,4756.2,4700.6,174304.0,895.0,72080.0,1.0,0.0,0.0,-33.0,3.0,-1.0,20190.0,-734.0,4720.52,4736.559999999999,4699.41,-16.03999999999996,21.10999999999967,4723.836349206349,4696.577761904762,86154.6,,,1.550247315719626,1.32064993119832,2.870897246917945,1.0,-33.0,2.0,19456.0,0.005134707178263264,0.68117146057107,0.1609,0.814569536423841,0.6712,0.5853,0.897
20260123,4709.2,4731.6,4739.4,4705.4,173887.0,-417.0,84474.0,1.0,0.0,0.0,-276.0,3.0,-1.0,20065.0,-462.0,4717.72,4733.1,4705.12,-15.38000000000011,12.60000000000036,4725.562063492064,4704.121920634921,86062.0,,0.213325,1.442610691120283,1.305832507699703,2.748443198819985,1.0,-276.0,2.0,19603.0,-0.002398109116840247,0.4047490905010265,0.1855,1.0,0.6164,0.6507,0.595
20260126,4719.4,4726.8,4775.6,4712.4,191907.0,18020.0,112956.0,1.0,0.0,0.0,-385.0,3.0,-1.0,21302.0,-1068.0,4715.88,4727.639999999999,4710.559999999999,-11.75999999999931,5.320000000000618,4727.727301587302,4710.429666666667,88438.8,135547.2,0.225055,1.417628452771873,1.327824824562023,2.745453277333897,1.0,-385.0,2.0,20234.0,0.09389964930930086,0.4278497955423468,0.1957,1.0,0.6164,0.6133,0.624
20260127,4718.2,4720.0,4748.6,4681.0,178212.0,-13695.0,87568.0,0.0,-1.0,0.0,-626.0,3.0,0.0,21565.0,-152.0,4717.8,4723.6,4714.55,-5.800000000000182,3.25,4728.474761904762,4715.396714285715,87462.7,,,1.440719423591439,1.327824824562023,2.768544248153463,-1.0,-626.0,3.0,21413.0,-0.07684667699144838,0.4348964600469335,0.1843,0.9144144144144143,0.5205,0.4733,0.629
20260128,4732.8,4735.0,4747.8,4716.0,185840.0,7628.0,84387.0,1.0,-1.0,0.0,-2035.0,3.0,0.0,21436.0,-99.0,4719.8,4722.88,4720.68,-3.079999999999927,-0.8800000000001091,4730.026031746032,4719.337714285715,83914.0,,,1.399648578312088,1.299966291031817,2.699614869343905,0.0,-2035.0,3.0,21337.0,0.04104606112785192,0.4067555879414338,0.1944,0.99024024024024,0.5342,0.4733,0.595
20260129,4784.0,4740.0,4793.0,4716.2,184884.0,-956.0,99189.0,1.0,-1.0,0.0,-1945.0,3.0,0.0,22325.0,0.0,4732.719999999999,4726.62,4728.77,6.099999999999454,3.949999999998909,4734.372698412699,4722.850555555556,85718.9,,,1.418110172074091,1.299966291031817,2.718076463105908,0.0,-1945.0,3.0,22325.0,-0.005170809805066961,0.3323397168364208,0.1946,0.9917417417417416,0.5342,0.4733,0.505
20260130,4711.0,4760.0,4780.0,4640.0,186373.0,1489.0,108273.0,1.0,-1.0,0.0,-1856.0,3.0,0.0,21800.0,-1023.0,4733.08,4725.4,4734.33,7.680000000000291,-1.25,4733.024126984126,4725.406968253968,87595.4,129927.6,0.231035,1.524559665611635,1.299966291031817,2.824525956643452,0.0,-1856.0,3.0,20777.0,0.007989354681203823,0.3899140286962912,0.2009,1.0,0.589,0.5213,0.574
20260202,4577.4,4680.6,4724.0,4555.6,174613.0,-11760.0,110802.0,0.0,-1.0,0.0,-1287.0,3.0,0.0,19128.0,-810.0,4704.679999999999,4710.28,4728.35,-5.600000000000364,-23.67000000000098,4721.607619047619,4726.210063492063,91371.1,132962.4,0.2777249999999999,1.648364960055238,1.299966291031817,2.948331251087055,-1.0,-1287.0,3.0,18318.0,-0.06734893736434286,0.6611616341655301,0.2415,1.0,0.6301,0.56,0.879
20260203,4653.0,4621.0,4662.4,4574.8,170254.0,-4359.0,82004.0,1.0,-1.0,0.0,-1556.0,3.0,0.0,20119.0,-1057.0,4691.64,4704.719999999999,4722.1,-13.07999999999902,-30.46000000000004,4712.85984126984,4725.803365079365,91584.9,,,1.592013852036715,1.327824824562023,2.919838676598738,0.0,-1556.0,3.0,19062.0,-0.025602922691977868,0.5852202502006294,0.2035,0.7877094972067039,0.6164,0.5027,0.779
20260204,4693.6,4645.0,4697.2,4631.2,159248.0,-11006.0,65238.0,1.0,-1.0,0.0,-1446.0,3.0,0.0,19389.0,-289.0,4683.8,4701.8,4719.13,-18.0,-35.32999999999993,4708.282063492064,4724.577285714286,90697.1,,,1.607557980734795,1.356154391298612,2.963712372033407,0.0,-1446.0,3.0,19100.0,-0.06911232794132423,0.625854400548856,0.1916,0.7212290502793296,0.6301,0.528,0.836
20260205,4665.2,4662.2,4684.8,4623.0,161588.0,2340.0,70168.0,1.0,-1.0,0.0,-746.0,3.0,0.0,18986.0,-696.0,4660.04,4696.38,4716.47,-36.34000000000015,-56.43000000000029,4702.275873015871,4722.421238095238,90505.9,,,1.597127721617418,1.356154391298612,2.95328211291603,0.0,-746.0,3.0,18290.0,0.014481273361883307,0.6195604162274426,0.1856,0.6877094972067038,0.6438,0.5547,0.826
20260206,4637.6,4614.0,4682.8,4587.0,156652.0,-4936.0,70073.0,2.0,-1.0,607.0,-874.0,3.0,0.0,18201.0,-832.0,4645.36,4689.219999999999,4711.160000000001,-43.85999999999967,-65.80000000000109,4694.023492063492,4719.267380952381,89065.8,,,1.662605966036117,1.374216547162414,3.036822513198532,1.0,-267.0,3.0,17369.0,-0.031509332788601484,0.5771555786031348,0.1937,0.7329608938547487,0.8082,0.76,0.767
20260209,4721.2,4688.8,4725.4,4678.0,154559.0,-2093.0,51368.0,1.0,0.0,0.0,-795.0,3.0,0.0,20360.0,0.0,4674.12,4689.4,4708.52,-15.27999999999975,-34.40000000000055,4693.770476190476,4715.871698412699,82907.0,,,1.687833004890153,1.382483177589966,3.070316182480118,1.0,-795.0,3.0,20360.0,-0.0135417542815365,0.6039681536154955,0.1867,0.6938547486033521,0.8219,0.7893,0.801
20260210,4724.0,4722.0,4733.8,4713.4,151713.0,-2846.0,40264.0,2.0,-1.0,721.0,-503.0,3.0,0.0,18430.0,0.0,4688.32,4689.98,4706.79,-1.660000000000764,-18.47000000000025,4695.114285714285,4712.53565079365,78176.6,,,1.63123802572758,1.356154391298612,2.987392417026192,1.0,218.0,3.0,18430.0,-0.018759104361524722,0.6476227570735058,0.1664,0.5804469273743017,0.8356,0.7893,0.86
20260211,4714.8,4721.2,4725.0,4705.0,150599.0,-1114.0,37735.0,1.0,-1.0,0.0,-479.0,3.0,0.0,18363.0,0.0,4692.56,4688.179999999999,4705.530000000001,4.380000000001019,-12.97000000000025,4695.883015873016,4709.121349206349,73511.4,,,1.577217030051064,1.356154391298612,2.933371421349676,0.0,-479.0,3.0,18363.0,-0.007397127470965942,0.6419686239939747,0.1768,0.6385474860335196,0.8356,0.7893,0.857
20260212,4716.8,4716.2,4727.0,4705.0,152334.0,1735.0,44769.0,1.0,-1.0,0.0,-502.0,3.0,0.0,19498.0,0.0,4702.88,4681.460000000001,4704.039999999999,21.41999999999916,-1.159999999998945,4696.798253968253,4705.363904761904,68069.4,,0.23138,1.558789095166417,1.356154391298612,2.914943486465029,0.0,-502.0,3.0,19498.0,0.011389446873317841,0.6444488696844977,0.2012,0.7748603351955307,0.8082,0.78,0.858
20260213,4627.0,4683.8,4697.8,4624.0,156477.0,4143.0,71794.0,1.0,-1.0,0.0,-331.0,3.0,0.0,20703.0,0.0,4700.76,4673.06,4699.23,27.69999999999982,1.530000000000655,4691.428730158731,4701.204365079365,64421.5,,0.4152649999999999,1.601179110977122,1.382483177589966,2.983662288567087,0.0,-331.0,3.0,20703.0,0.02647673459997316,0.7838141163733459,0.3611,1.0,0.8356,0.8093,0.928
20260224,4683.4,4680.2,4711.2,4671.2,148797.0,-7680.0,60004.0,2.0,-1.0,714.0,-317.0,3.0,0.0,19620.0,0.0,4693.2,4683.660000000001,4696.97,9.539999999999054,-3.770000000000437,4690.048888888889,4698.048492063492,59341.7,,,1.627316740247829,1.382483177589966,3.009799917837795,1.0,397.0,3.0,19620.0,-0.05161394382951269,0.9093140134443491,0.1011,0.1292699263228399,0.863,0.8093,0.962
20260225,4731.4,4697.0,4768.0,4693.6,158505.0,9708.0,69805.0,1.0,0.0,0.0,-609.0,3.0,0.0,18646.0,0.0,4694.679999999999,4691.5,4698.11,3.179999999999382,-3.430000000000291,4692.549206349206,4696.017428571428,58121.8,83766.0,,1.70778971487072,1.382483177589966,3.090272892460685,1.0,-609.0,3.0,18646.0,0.061247279265638305,0.6456673474171438,0.1311,0.22973878097789685,0.863,0.8293,0.856
20260226,4712.2,4740.0,4741.0,4691.8,145477.0,-13028.0,55890.0,2.0,-1.0,765.0,-421.0,3.0,0.0,18836.0,0.0,4694.16,4693.36,4697.58,0.8000000000001819,-3.420000000000073,4694.424603174604,4694.631682539683,57187.0,,,1.667566487617548,1.382483177589966,3.050049665207514,1.0,344.0,3.0,18836.0,-0.0895536751513985,0.6927914277329319,0.1238,0.20529135967849965,0.8493,0.8293,0.9
20260227,4713.8,4690.0,4719.2,4682.2,146645.0,1168.0,54648.0,1.0,0.0,0.0,-691.0,3.0,0.0,18344.0,0.0,4693.559999999999,4698.219999999999,4697.3,-4.659999999999854,-3.740000000000691,4695.149841269842,4693.91907936508,55635.0,,,1.504314380964871,1.356154391298612,2.860468772263483,1.0,-691.0,3.0,18344.0,0.007964812983736233,0.705447787196911,0.1254,0.2106496985934361,0.8493,0.7627,0.906
20260302,4711.2,4681.2,4724.0,4646.0,150445.0,3800.0,83457.0,1.0,-1.0,0.0,-2212.0,3.0,0.0,19430.0,0.0,4710.4,4705.58,4697.4,4.819999999999709,13.0,4695.04746031746,4694.021476190476,56973.4,100148.4,,1.363666802627494,1.382483177589966,2.746149980217459,0.0,-2212.0,3.0,19430.0,0.02525840007976337,0.7846650798755415,0.1238,0.20529135967849965,0.8356,0.7627,0.928
20260303,4651.4,4718.2,4725.0,4630.0,145903.0,-4542.0,107068.0,1.0,-2.0,0.0,-2202.0,3.0,0.0,19463.0,-301.0,4703.999999999999,4698.6,4694.0,5.399999999998727,9.99999999999909,4692.746507936507,4693.91907936508,62543.4,128481.6,0.17388,1.374962711327843,1.406485467052909,2.781448178380752,-1.0,-2202.0,3.0,19162.0,-0.031130271481737866,0.7948923272368347,0.1512,0.29705291359678504,0.8493,0.7787,0.931
20260304,4591.0,4605.8,4632.2,4560.2,140207.0,-5696.0,88154.0,1.0,-1.0,0.0,-929.0,3.0,0.0,20984.0,-391.0,4675.92,4685.3,4687.64,-9.38000000000011,-11.72000000000025,4683.240793650793,4692.73173015873,67332.4,105784.8,0.184805,1.415527202329233,1.41727501798814,2.832802220317373,0.0,-929.0,3.0,20593.0,-0.04062564636573067,0.8452710145746993,0.1607,0.3288680509042197,0.8356,0.7787,0.946
20260305,4629.0,4629.6,4654.2,4605.8,129380.0,-10827.0,70882.0,1.0,-2.0,0.0,-2054.0,3.0,0.0,20728.0,0.0,4659.28,4676.719999999999,4682.45,-17.4399999999996,-23.17000000000007,4677.61746031746,4690.905174603175,70647.1,,,1.405022207037922,1.41727501798814,2.822297225026062,-1.0,-2054.0,3.0,20728.0,-0.08368372236821765,0.9686541392372264,0.1289,0.2223710649698593,0.8493,0.764,0.972
20260306,4646.0,4605.0,4667.4,4601.8,123388.0,-5992.0,60163.0,2.0,-2.0,0.0,-2289.0,3.0,0.0,20784.0,0.0,4645.719999999999,4669.639999999999,4675.55,-23.92000000000007,-29.83000000000084,4673.530476190477,4688.578396825397,72186.5,,,1.358786821445345,1.420280281193932,2.779067102639277,0.0,-2289.0,3.0,20784.0,-0.048562258890653874,0.9679662903968588,0.1254,0.2106496985934361,0.8219,0.88,0.971
20260309,4599.2,4600.0,4616.8,4500.0,132182.0,8794.0,91988.0,2.0,-1.0,1004.0,-625.0,3.0,0.0,19242.0,-514.0,4623.32,4666.86,4669.96,-43.53999999999996,-46.64000000000033,4665.215873015874,4685.957111111111,74205.9,110385.6,,1.450240790084826,1.462801546379362,2.913042336464188,1.0,379.0,3.0,18728.0,0.0665294820777413,0.984024568941454,0.1517,0.29872739450770264,0.7945,0.7347,0.977
20260310,4664.0,4630.4,4674.0,4630.0,114486.0,-17696.0,57102.0,1.0,-1.0,0.0,-788.0,3.0,0.0,19309.0,0.0,4625.84,4664.92,4674.29,-39.07999999999993,-48.44999999999982,4663.219365079365,4683.274158730159,73915.7,,,1.534763087387904,1.510060624547331,3.044823711935235,0.0,-788.0,3.0,19309.0,-0.15456911762136855,0.9441328732942524,0.128,0.21935699933020766,0.7945,0.7347,0.962
20260311,4687.0,4667.8,4699.0,4664.4,107580.0,-6906.0,51049.0,1.0,-1.0,0.0,-759.0,3.0,0.0,21157.0,0.0,4645.04,4660.48,4675.99,-15.44000000000051,-30.94999999999982,4664.171428571428,4680.436380952381,72040.1,,,1.558364466964692,1.462801546379362,3.021166013344055,0.0,-759.0,3.0,21157.0,-0.06419408812046849,1.0074155279278325,0.1386,0.2548559946416611,0.8356,0.7347,0.982
20260312,4658.4,4682.2,4685.6,4631.0,101734.0,-5846.0,57171.0,1.0,-1.0,0.0,-1404.0,3.0,0.0,20517.0,0.0,4650.92,4655.1,4674.23,-4.180000000000291,-23.30999999999949,4663.376507936507,4677.331571428571,72168.2,,,1.611821453181226,1.462801546379362,3.074622999560588,0.0,-1404.0,3.0,20517.0,-0.05746358149684471,0.9990735350653296,0.1463,0.2806430006697924,0.8356,0.7347,0.979
20260313,4658.0,4646.4,4697.0,4642.6,98275.0,-3459.0,58457.0,1.0,-1.0,0.0,-1272.0,3.0,0.0,19536.0,-74.0,4653.32,4649.52,4673.87,3.800000000000182,-20.55000000000018,4662.228412698411,4674.039428571428,72549.1,,0.18653,1.552283580262028,1.462801546379362,3.015085126641391,0.0,-1272.0,3.0,19462.0,-0.03519715085220046,1.0806540897755652,0.1622,0.3338914936369726,0.8904,0.7613,0.992
20260316,4662.8,4665.0,4670.6,4609.2,89335.0,-8940.0,67565.0,1.0,-1.0,0.0,-1357.0,3.0,0.0,19876.0,-81.0,4666.04,4644.679999999999,4675.129999999999,21.36000000000058,-9.089999999999236,4660.096984126985,4670.54438095238,70959.9,,,1.517865618215612,1.462801546379362,2.980667164594974,0.0,-1357.0,3.0,19795.0,-0.10007275983657021,1.1029734857795006,0.1385,0.2545210984594776,0.9315,0.7853,0.992
20260317,4628.8,4680.0,4718.4,4628.0,78883.0,-10452.0,72312.0,1.0,-1.0,0.0,-859.0,3.0,-1.0,20117.0,-324.0,4659.0,4642.42,4670.51,16.57999999999993,-11.51000000000022,4658.328571428571,4667.102587301587,67484.3,,,1.529147651994699,1.510060624547331,3.03920827654203,0.0,-859.0,2.0,19793.0,-0.13250003169250663,1.109432288201582,0.1422,0.2669122572002679,0.9589,0.916,0.992
20260318,4651.4,4648.0,4658.6,4602.6,57806.0,-21077.0,64108.0,1.0,0.0,0.0,-145.0,3.0,-1.0,18438.0,-318.0,4651.88,4648.460000000001,4666.879999999999,3.419999999999163,-14.99999999999909,4655.855555555557,4664.364063492063,65079.7,,,1.541011787819252,1.510060624547331,3.051072412366583,1.0,-145.0,2.0,18120.0,-0.36461612981351416,1.196522786117476,0.1186,0.18787675820495647,0.9589,0.9573,0.998
20260319,4586.6,4611.0,4630.6,4570.0,35994.0,-21812.0,49791.0,1.0,0.0,0.0,-10.0,2.0,-1.0,18648.0,-895.0,4637.52,4644.22,4660.469999999999,-6.700000000000728,-22.94999999999982,4648.984285714286,4661.500746031746,62970.6,,,1.612307919439966,1.531376280411693,3.143684199851659,1.0,-10.0,1.0,17753.0,-0.6059898872034228,1.2703749023707875,0.1597,0.3255190890823845,0.9589,0.9867,0.999
20260320,4486.4,4519.6,4552.8,4486.2,142275.0,106281.0,64425.0,1.0,-1.0,0.0,-1119.0,3.0,-1.0,19855.0,-1757.0,4603.2,4628.26,4648.95,-25.0600000000004,-45.75,4634.268412698413,4657.57453968254,63396.8,,,1.652469135802468,1.531376280411693,3.183845416214161,0.0,-1119.0,2.0,18098.0,0.7470110701107011,1.39832263770591,0.0879,0.0850636302746149,0.9863,0.9867,1.0
20260323,4344.4,4434.4,4453.8,4307.2,150376.0,8101.0,89178.0,1.0,-1.0,0.0,-1093.0,3.0,-1.0,20139.0,-914.0,4539.52,4602.78,4634.820000000001,-63.26000000000022,-95.30000000000109,4607.206190476192,4651.773571428572,63115.8,107013.6,0.2921,1.790892034794472,1.531376280411693,3.322268315206165,0.0,-1093.0,2.0,19225.0,0.053871628451348616,1.0639320941599104,0.254,0.6413261888814468,0.8493,0.8867,0.984
20260324,4388.4,4380.0,4394.8,4319.0,141342.0,-9034.0,66297.0,1.0,0.0,0.0,-363.0,3.0,-1.0,21645.0,-1886.0,4491.44,4575.219999999999,4620.07,-83.77999999999975,-128.6300000000001,4582.437936507937,4643.695428571428,64035.3,,,1.772581909585256,1.576574369027196,3.349156278612452,1.0,-363.0,2.0,19759.0,-0.06391589195002194,1.0904227843704264,0.1861,0.41393168117883455,0.863,0.8707,0.987
20260325,4450.0,4420.8,4466.2,4415.4,140576.0,-766.0,58835.0,1.0,-1.0,0.0,-2242.0,3.0,-1.0,21216.0,-827.0,4451.159999999999,4551.52,4606.0,-100.3600000000006,-154.8400000000011,4565.62126984127,4633.840412698412,64813.9,,,1.800303846117851,1.604404619170825,3.404708465288675,0.0,-2242.0,2.0,20389.0,-0.005449009788299567,1.0536476500979206,0.1634,0.3379102478231748,0.8082,0.78,0.981
20260326,4396.0,4442.4,4462.0,4386.6,137239.0,-3337.0,49467.0,0.0,-1.0,0.0,-1338.0,3.0,-1.0,20439.0,-911.0,4413.039999999999,4525.280000000001,4590.190000000001,-112.2400000000016,-177.1500000000015,4547.203174603174,4622.22307936508,64043.5,,,1.822697278794389,1.625462357970278,3.448159636764667,-1.0,-1338.0,2.0,19528.0,-0.02431524566631934,1.0829496415229802,0.1771,0.3837910247823175,0.8219,0.78,0.986
20260327,4427.4,4357.6,4455.0,4357.6,140907.0,3668.0,52315.0,1.0,-2.0,0.0,-3452.0,3.0,-1.0,20325.0,-818.0,4401.24,4502.22,4575.87,-100.9800000000005,-174.6300000000001,4529.766507936509,4608.976888888889,63429.3,,,1.751306335728282,1.657334123010101,3.408640458738383,-1.0,-3452.0,2.0,19507.0,0.026031354013640203,1.0335521561183123,0.1676,0.3519758874748828,0.8082,0.788,0.978
20260330,4414.0,4387.2,4418.0,4355.2,137054.0,-3853.0,55057.0,1.0,-2.0,0.0,-2025.0,3.0,-1.0,20054.0,-543.0,4415.16,4477.34,4561.01,-62.18000000000029,-145.8500000000004,4513.05873015873,4594.273063492064,62178.5,,,1.754109420614253,1.657334123010101,3.411443543624354,-1.0,-2025.0,2.0,19511.0,-0.028113006552161923,1.069363464103331,0.1758,0.37943737441393177,0.7808,0.676,0.982
20260331,4375.8,4420.2,4444.6,4370.4,139291.0,2237.0,57873.0,1.0,-2.0,0.0,-3724.0,3.0,-1.0,20263.0,-843.0,4412.64,4452.039999999999,4547.23,-39.39999999999873,-134.5899999999992,4497.284126984127,4578.168619047619,60734.6,,0.2047,1.824852205980193,1.674210931743215,3.499063137723408,-1.0,-3724.0,2.0,19420.0,0.016059903367769635,1.0650456856855504,0.178,0.3868050904219692,0.8082,0.676,0.981
20260401,4448.2,4433.0,4459.8,4417.0,136771.0,-2520.0,53071.0,2.0,-2.0,0.0,-3608.0,3.0,0.0,21319.0,-464.0,4412.28,4431.72,4540.089999999999,-19.44000000000051,-127.8099999999995,4486.700317460316,4561.253095238096,59630.9,,,1.875450982386654,1.70349221154767,3.578943193934324,0.0,-3608.0,3.0,20855.0,-0.018424958507285902,1.0538081981813583,0.1584,0.3211654387139987,0.7945,0.6787,0.978
20260402,4390.2,4425.0,4436.6,4365.2,138037.0,1266.0,53008.0,1.0,-2.0,0.0,-3877.0,3.0,-1.0,20369.0,-937.0,4411.120000000001,4412.08,4528.15,-0.9599999999991269,-117.0299999999988,4473.424603174602,4543.697126984128,59952.6,,,1.929117770995876,1.720029784868351,3.649147555864228,-1.0,-3877.0,2.0,19432.0,0.009171454030441114,1.1120046840736233,0.1709,0.36302746148693904,0.7945,0.68,0.989
20260403,4362.2,4420.0,4420.0,4346.0,134794.0,-3243.0,46962.0,2.0,-2.0,0.0,-3794.0,3.0,-1.0,20668.0,-1049.0,4398.08,4399.659999999999,4513.96,-1.579999999999018,-115.8800000000001,4459.39238095238,4526.209523809523,58206.3,,0.21574,1.958626972339927,1.720029784868351,3.678656757208278,0.0,-3794.0,2.0,19619.0,-0.02405893437393356,1.1117958072574343,0.1876,0.4189551239115874,0.8356,0.8027,0.988
20260407,4360.0,4369.8,4390.6,4347.0,134908.0,114.0,39916.0,0.0,-2.0,0.0,-4143.0,3.0,-1.0,20834.0,-1323.0,4387.280000000001,4401.219999999999,4502.0,-13.93999999999869,-114.7199999999993,4444.401746031746,4509.929079365079,53280.1,,,1.891722104991866,1.720029784868351,3.611751889860217,-2.0,-4143.0,2.0,19511.0,0.0008450203101372787,1.1092184908287286,0.1568,0.3158070997990623,0.8493,0.804,0.986
20260408,4539.6,4431.4,4540.6,4430.6,142547.0,7639.0,72939.0,1.0,-2.0,0.0,-3026.0,3.0,0.0,19838.0,-566.0,4420.04,4416.34,4495.78,3.699999999999818,-75.73999999999978,4444.46111111111,4496.131396825397,53944.3,87526.8,,2.096202629693462,1.720029784868351,3.816232414561814,-1.0,-3026.0,3.0,19272.0,0.053589342462486055,0.9661094161462276,0.1399,0.2592096450100469,0.8767,0.7987,0.95
20260409,4500.0,4507.2,4511.2,4485.6,133719.0,-8828.0,44564.0,0.0,-1.0,0.0,-2136.0,3.0,0.0,18913.0,-114.0,4430.4,4421.34,4486.429999999999,9.05999999999949,-56.02999999999975,4444.99253968254,4484.068523809524,52517.2,,,2.05485871634353,1.703913290323697,3.758772006667227,-1.0,-2136.0,3.0,18799.0,-0.06601903992701112,1.0435433683798234,0.1294,0.22404554588077694,0.8767,0.88,0.973
20260410,4562.0,4525.0,4591.8,4518.4,140107.0,6388.0,59681.0,0.0,-1.0,0.0,-2035.0,3.0,-1.0,20481.0,-849.0,4464.76,4437.940000000001,4481.61,26.81999999999971,-16.84999999999945,4451.114444444444,4474.45965079365,53538.6,,,2.038471098256568,1.720029784868351,3.75850088312492,-1.0,-2035.0,2.0,19632.0,0.045593724796048736,1.0173951203079927,0.1397,0.2585398526456798,0.9726,0.9827,0.967
20260413,4570.6,4542.0,4582.4,4541.6,132738.0,-7369.0,44872.0,1.0,-1.0,0.0,-2845.0,3.0,-1.0,19446.0,-1012.0,4506.44,4452.26,4477.24,54.17999999999938,29.19999999999982,4458.745714285715,4467.357571428572,52794.3,,,1.808492162021343,1.720029784868351,3.528521946889694,0.0,-2845.0,2.0,18434.0,-0.05551537615452998,1.0328952732872414,0.1479,0.2860013395847288,0.9589,0.9613,0.97
20260414,4639.6,4600.4,4640.0,4583.8,139985.0,7247.0,54260.0,2.0,-1.0,0.0,-2429.0,3.0,-1.0,20581.0,-1381.0,4562.36,4474.82,4476.08,87.53999999999996,86.27999999999975,4472.620634920635,4463.313761904761,52714.6,,0.18331,1.790965410759246,1.720029784868351,3.510995195627597,1.0,-2429.0,2.0,19200.0,0.05176983248205165,0.9963952896888464,0.1594,0.32451440053583386,0.9589,0.9547,0.958
20260415,4625.2,4675.8,4680.8,4618.4,139812.0,-173.0,53963.0,2.0,-2.0,0.0,-1947.0,3.0,-1.0,18460.0,-1043.0,4579.48,4499.76,4475.9,79.72000000000025,103.5800000000008,4488.38253968254,4462.423603174603,52323.6,,,1.761357465485188,1.720029784868351,3.481387250353539,0.0,-1947.0,2.0,17417.0,-0.0012373759047864274,0.969297481858268,0.1356,0.2448091091761554,0.9726,0.948,0.948
20260416,4677.8,4645.2,4685.0,4639.2,141692.0,1880.0,53861.0,2.0,-2.0,0.0,-1632.0,3.0,0.0,19617.0,-431.0,4615.04,4522.719999999999,4477.22,92.32000000000062,137.8199999999997,4506.779206349206,4464.431492063492,52402.6,,,1.728661241545112,1.703913290323697,3.432574531868809,0.0,-1632.0,3.0,19186.0,0.01326821556615758,0.9388886387862146,0.151,0.29638312123241795,0.9589,0.98,0.935
20260417,4667.0,4662.0,4680.6,4649.2,139296.0,-2396.0,48719.0,2.0,-1.0,0.0,-2073.0,3.0,0.0,19153.0,-661.0,4636.04,4550.4,4481.24,85.64000000000033,154.8000000000002,4524.921587301588,4469.581190476191,51973.7,,,1.617558076544144,1.695970650168083,3.313528726712227,1.0,-2073.0,3.0,18492.0,-0.017200781070526073,1.0071833809286943,0.092,0.09879437374413932,0.9178,0.9013,0.961
20260420,4696.6,4665.0,4714.8,4656.8,144611.0,5315.0,54531.0,1.0,-1.0,0.0,-2376.0,2.0,-1.0,19439.0,-1255.0,4661.24,4583.840000000001,4491.75,77.39999999999873,169.4899999999998,4544.829523809522,4478.124904761904,52730.6,,,1.587957385342226,1.695970650168083,3.283928035510309,0.0,-2376.0,1.0,18184.0,0.03675377391761346,1.089157195788555,0.1573,0.3174815807099799,0.9178,0.8827,0.983
20260421,4707.8,4691.0,4718.0,4660.0,138220.0,-6391.0,48681.0,1.0,-2.0,0.0,-2343.0,3.0,0.0,19048.0,-427.0,4674.88,4618.620000000001,4509.92,56.25999999999931,164.96,4564.067777777777,4490.091507936508,53607.1,,,1.554274096895846,1.695970650168083,3.250244747063929,-1.0,-2343.0,3.0,18621.0,-0.04623788163796846,1.1135575276196208,0.1499,0.22693997071742314,0.8904,0.848,0.989
20260422,4744.8,4693.0,4745.6,4688.0,141181.0,2961.0,51772.0,1.0,-2.0,0.0,-2948.0,3.0,0.0,19264.0,-47.0,4698.8,4639.14,4527.74,59.65999999999985,171.0600000000004,4584.786031746032,4504.124,51490.4,,,1.505853842862811,1.695970650168083,3.201824493030894,-1.0,-2948.0,3.0,19217.0,0.020973077113775933,1.1249049976440406,0.1534,0.2397510980966325,0.8904,0.8107,0.989
20260423,4724.4,4754.2,4763.0,4691.8,141725.0,544.0,70330.0,1.0,-2.0,0.0,-3052.0,3.0,0.0,19972.0,0.0,4708.12,4661.58,4541.46,46.53999999999996,166.6599999999999,4604.910476190476,4520.115793650793,54067.0,84396.0,,1.479707227358586,1.695970650168083,3.175677877526669,-1.0,-3052.0,3.0,19972.0,0.0038384194743340976,1.2011767651099048,0.1528,0.23755490483162514,0.9041,0.7693,0.996
20260424,4713.6,4712.2,4733.0,4678.6,138176.0,-3549.0,60653.0,1.0,-2.0,0.0,-2708.0,3.0,0.0,20053.0,0.0,4717.440000000001,4676.74,4557.34,40.70000000000073,160.1000000000004,4621.229047619048,4537.127253968254,54164.2,,,1.441394120100729,1.695970650168083,3.137364770268812,-1.0,-2708.0,3.0,20053.0,-0.025684634089856415,1.1632066051667422,0.1492,0.22437774524158124,0.8904,0.868,0.99
20260427,4715.6,4720.0,4743.4,4708.8,136394.0,-1782.0,47578.0,1.0,-2.0,0.0,-2537.0,3.0,-1.0,19668.0,0.0,4721.24,4691.24,4571.75,30.0,149.4899999999998,4637.129047619048,4554.965587301587,54434.8,,,1.419690679515584,1.695970650168083,3.115661329683668,-1.0,-2537.0,2.0,19668.0,-0.013065090839773011,1.1782021725108829,0.1424,0.1994875549048316,0.8767,0.6827,0.992
20260428,4702.4,4701.0,4725.8,4687.2,136927.0,533.0,50106.0,1.0,-2.0,0.0,-2743.0,3.0,-1.0,20840.0,-849.0,4720.16,4697.52,4586.17,22.63999999999942,133.9899999999998,4649.968571428572,4572.700380952381,54019.4,,,1.198515189877298,1.695970650168083,2.894485840045381,-1.0,-2743.0,2.0,19991.0,0.003892585100089829,1.192971568145205,0.141,0.19436310395314782,0.8356,0.6107,0.993
20260429,4766.0,4688.0,4776.6,4687.2,141827.0,4900.0,58415.0,1.0,-2.0,0.0,-2483.0,2.0,-1.0,20757.0,-1444.0,4724.4,4711.6,4605.68,12.79999999999927,118.7199999999993,4664.738095238097,4590.335936507936,54464.6,,,1.247683679979974,1.703913290323697,2.951596970303672,-1.0,-2483.0,1.0,19313.0,0.034549133803859634,1.1616686159135592,0.1397,0.18960468521229862,0.7945,0.5507,0.987
20260430,4763.4,4773.4,4776.2,4744.2,137863.0,-3964.0,48678.0,2.0,-2.0,0.0,-1866.0,2.0,-1.0,20153.0,-1350.0,4732.2,4720.160000000001,4621.440000000001,12.03999999999905,110.7599999999993,4680.68,4607.726015873016,53946.3,,,1.152860542830535,1.703913290323697,2.856773833154232,0.0,-1866.0,1.0,18803.0,-0.028753182507271713,1.165581830377442,0.1443,0.20644216691068817,0.7534,0.54,0.988
20260506,4839.4,4808.2,4869.0,4797.0,149562.0,11699.0,65439.0,2.0,-2.0,0.0,-2216.0,2.0,-1.0,20523.0,-1136.0,4757.36,4737.4,4643.9,19.96000000000004,113.46,4701.032539682539,4625.337111111111,55618.3,,,1.246370310198294,1.720029784868351,2.966400095066645,0.0,-2216.0,1.0,19387.0,0.07822174081651756,1.0289184262902584,0.1434,0.20314787701317713,0.7534,0.564,0.961
20260507,4862.4,4860.0,4867.6,4832.0,139375.0,-10187.0,47821.0,1.0,-1.0,0.0,-1875.0,3.0,0.0,19412.0,-566.0,4786.719999999999,4753.98,4668.91,32.73999999999978,117.8099999999995,4721.849841269842,4643.039142857143,54947.3,,,1.191123516759713,1.720029784868351,2.911153301628064,0.0,-1875.0,3.0,18846.0,-0.07309058295964126,1.0612519348566294,0.1436,0.20387994143484628,0.726,0.5387,0.968
20260508,4836.8,4840.0,4855.0,4812.0,142019.0,2644.0,48802.0,2.0,-2.0,0.0,-1796.0,3.0,0.0,19259.0,-642.0,4813.6,4766.88,4692.75,46.72000000000025,120.8500000000004,4737.633968253968,4660.395761904762,54959.4,,,1.169261344816166,1.703913290323697,2.873174635139863,0.0,-1796.0,3.0,18617.0,0.01861722727240721,1.049964449280282,0.1385,0.18521229868228406,0.6712,0.4827,0.964
20260511,4912.6,4860.0,4931.6,4844.4,148526.0,6507.0,69715.0,2.0,-2.0,0.0,-1291.0,2.0,-1.0,18952.0,-1368.0,4842.92,4783.66,4711.4,59.26000000000022,131.5200000000004,4758.234444444445,4677.740603174604,56753.7,83658.0,0.174455,1.217653271880553,1.703913290323697,2.92156656220425,0.0,-1291.0,1.0,17584.0,0.043810511290952425,1.0121615710614122,0.1517,0.2335285505124451,0.6164,0.46,0.953
20260512,4911.6,4931.0,4937.6,4892.4,143740.0,-4786.0,56132.0,1.0,0.0,0.0,-218.0,3.0,-1.0,17847.0,-933.0,4872.559999999999,4802.379999999999,4731.98,70.18000000000029,140.579999999999,4777.963174603175,4695.045873015873,55333.9,,0.17526,1.233829715355158,1.695970650168083,2.929800365523241,1.0,-218.0,2.0,16914.0,-0.03329622930290803,1.0375394598459966,0.1524,0.23609077598828698,0.5068,0.244,0.961
20260513,4968.8,4901.0,4975.6,4891.6,151660.0,7920.0,67401.0,2.0,-1.0,0.0,-2054.0,3.0,-1.0,18020.0,-604.0,4898.440000000001,4827.9,4752.320000000001,70.54000000000087,146.1199999999999,4799.024761904762,4712.825444444445,56008.7,80881.2,,1.267537695624213,1.695970650168083,2.963508345792296,1.0,-2054.0,2.0,17416.0,0.05222207569563497,0.9952537627847012,0.152,0.2346266471449487,0.4384,0.2173,0.943
20260514,4884.4,4990.2,4995.0,4877.4,152082.0,422.0,87614.0,2.0,-1.0,231.0,-1699.0,3.0,-1.0,16295.0,-390.0,4902.840000000001,4844.780000000001,4768.01,58.0600000000004,134.8300000000008,4815.246190476191,4730.637158730159,60012.3,105136.8,0.209875,1.352711808535599,1.703913290323697,3.056625098859296,1.0,-1468.0,2.0,15905.0,0.002774818847726884,1.0599270594788652,0.1825,0.3462664714494875,0.411,0.196,0.966
20260515,4824.0,4887.2,4895.8,4794.0,160730.0,8648.0,99176.0,1.0,-1.0,0.0,-2354.0,3.0,0.0,15393.0,-502.0,4900.280000000001,4856.94,4777.23,43.34000000000106,123.0500000000011,4822.810634920635,4747.921365079365,64919.3,119011.2,,1.416676801324133,1.703913290323697,3.12059009164783,0.0,-2354.0,3.0,14891.0,0.053804516891681704,1.1059223440378685,0.0998,0.04355783308931184,0.4521,0.1653,0.978
20260518,4802.0,4810.0,4834.6,4765.6,149184.0,-11546.0,68281.0,1.0,0.0,0.0,-313.0,3.0,-1.0,15607.0,-892.0,4878.160000000001,4860.539999999999,4786.07,17.62000000000171,92.09000000000106,4825.403492063493,4763.987904761905,65905.9,,,1.41178910566938,1.695970650168083,3.107759755837463,1.0,-313.0,2.0,14715.0,-0.07739435864435865,0.8568164349770606,0.1712,0.30490483162518295,0.3288,0.0867,0.903
20260519,4813.2,4797.0,4817.0,4735.0,148652.0,-532.0,72772.0,1.0,0.0,0.0,-78.0,3.0,-1.0,15304.0,-879.0,4858.48,4865.52,4792.839999999999,-7.040000000000873,65.64000000000033,4826.956031746031,4778.615507936508,68315.3,,,1.450535926133022,1.699294357569243,3.149830283702265,1.0,-78.0,2.0,14425.0,-0.003578828404595969,0.8393683839326505,0.167,0.2895314787701318,0.2603,0.0733,0.899
20260520,4806.6,4790.2,4821.8,4771.8,138798.0,-9854.0,64757.0,1.0,0.0,0.0,-37.0,3.0,-1.0,14420.0,-1186.0,4826.04,4862.24,4799.82,-36.19999999999982,26.22000000000025,4827.880317460317,4791.300285714286,68247.1,,,1.471335547230466,1.699294357569243,3.170629904799708,1.0,-37.0,2.0,13234.0,-0.07099525929768441,0.880004326992483,0.1595,0.26207906295754024,0.2877,0.068,0.907
20260521,4743.0,4839.4,4900.8,4740.2,150080.0,11282.0,99519.0,1.0,0.0,0.0,-2.0,2.0,-1.0,14981.0,-1627.0,4797.76,4850.3,4802.14,-52.53999999999996,-4.380000000000109,4826.833492063491,4801.798650793651,73416.9,119422.8,,1.650569431690347,1.708267233261394,3.358836664951741,1.0,-2.0,1.0,13354.0,0.07517324093816631,0.9304772009954264,0.1684,0.2946559297218155,0.3973,0.1227,0.918
20260522,4788.2,4780.0,4814.4,4757.0,138493.0,-11587.0,71603.0,1.0,0.0,82.0,0.0,3.0,-1.0,15045.0,-1130.0,4790.6,4845.44,4806.16,-54.83999999999924,-15.55999999999949,4825.29365079365,4810.564619047619,75697.0,,,1.623462875831659,1.699294357569243,3.322757233400901,1.0,82.0,2.0,13915.0,-0.08366487836930386,0.9500769298597476,0.1643,0.4599638771824202,0.3973,0.124,0.922
20260525,4852.6,4817.8,4864.8,4811.4,136285.0,-2208.0,69836.0,1.0,0.0,358.0,0.0,3.0,-1.0,15620.0,-619.0,4800.72,4839.440000000001,4811.55,-38.72000000000025,-10.82999999999993,4828.866825396824,4817.627857142857,75709.1,,,1.687065926161758,1.695970650168083,3.383036576329842,1.0,358.0,2.0,15001.0,-0.0162013427743332,0.987774054333918,0.1584,0.42444310656231193,0.4384,0.18,0.939
20260526,4899.2,4847.0,4902.4,4838.0,138238.0,1953.0,81237.0,1.0,0.0,96.0,0.0,3.0,-1.0,16556.0,-789.0,4817.92,4838.2,4820.29,-20.27999999999975,-2.369999999999891,4835.586507936508,4823.39019047619,78219.6,,,1.624907592032447,1.692605387946677,3.317512979979124,1.0,96.0,2.0,15767.0,0.014127808562045168,1.0713749250818216,0.1681,0.4828416616496086,0.3836,0.1573,0.97
20260527,4857.2,4898.0,4928.4,4837.6,132712.0,-5526.0,79957.0,1.0,0.0,481.0,0.0,3.0,-1.0,15830.0,-1575.0,4828.039999999999,4827.039999999999,4827.469999999999,1.0,0.569999999999709,4840.558888888889,4827.543603174602,79475.2,,0.203435,1.706327816412913,1.695970650168083,3.402298466580996,1.0,481.0,2.0,14255.0,-0.04163903791669178,1.0484592086166642,0.1769,0.5358217940999398,0.274,0.0907,0.96
20260528,4856.0,4850.0,4880.4,4793.2,132476.0,-236.0,79535.0,1.0,0.0,442.0,0.0,3.0,-1.0,16845.0,-1027.0,4850.639999999999,4824.2,4834.49,26.4399999999996,16.14999999999964,4842.732222222223,4830.292206349206,78667.3,,,1.760027326507597,1.699294357569243,3.459321684076839,1.0,442.0,2.0,15818.0,-0.0017814547540686615,1.0333529717291745,0.1712,0.501505117399157,0.2466,0.0173,0.955
20260529,4847.8,4880.0,4901.2,4827.0,133075.0,599.0,88557.0,1.0,0.0,212.0,0.0,3.0,-1.0,16061.0,-1326.0,4862.56,4826.58,4841.76,35.98000000000047,20.80000000000018,4844.864920634919,4832.497634920634,77605.4,,,1.731349090555393,1.699294357569243,3.430643448124636,1.0,212.0,2.0,14735.0,0.00450122111591208,1.084297315107089,0.1746,0.5219747140276941,0.274,0.0173,0.974
20260601,4811.0,4860.0,4881.6,4796.0,128739.0,-4336.0,80836.0,1.0,0.0,517.0,0.0,3.0,-1.0,16826.0,-1408.0,4854.24,4827.48,4844.01,26.75999999999931,10.22999999999956,4843.720158730159,4834.329301587301,78860.9,,,1.793547244443132,1.699294357569243,3.492841602012374,1.0,517.0,2.0,15418.0,-0.03368054746424937,1.0585969274941245,0.1705,0.4972907886815172,0.4247,0.092,0.962
20260602,4878.6,4821.0,4906.8,4802.0,127141.0,-1598.0,80922.0,1.0,0.0,98.0,0.0,3.0,-1.0,16498.0,-895.0,4850.12,4834.02,4849.77,16.10000000000036,0.3499999999994543,4844.964761904762,4836.130174603174,79675.9,,,1.826678371596038,1.699294357569243,3.52597272916528,1.0,98.0,2.0,15603.0,-0.012568722913930203,1.0702434178902605,0.1651,0.464780252859723,0.5479,0.188,0.968
20260603,4913.8,4886.0,4964.6,4875.0,127750.0,609.0,87841.0,1.0,0.0,94.0,0.0,3.0,-1.0,17148.0,-861.0,4861.440000000001,4844.74,4853.49,16.70000000000073,7.950000000000728,4850.951111111112,4838.437253968254,81984.3,,,1.784521931301814,1.708267233261394,3.492789164563209,1.0,94.0,2.0,16287.0,0.004767123287671233,1.044585395346696,0.163,0.45213726670680315,0.5205,0.1933,0.956
20260604,4871.0,4880.0,4908.8,4855.4,117531.0,-10219.0,68628.0,1.0,0.0,79.0,0.0,3.0,-1.0,17600.0,-1252.0,4864.440000000001,4857.54,4853.92,6.900000000000546,10.52000000000044,4853.254285714287,4841.079333333333,78895.2,,,1.719215473234505,1.708267233261394,3.427482706495899,1.0,79.0,2.0,16348.0,-0.08694727348529324,1.0789381883820928,0.1589,0.4274533413606262,0.5068,0.2173,0.971
20260605,4776.8,4850.0,4888.8,4762.2,122663.0,5132.0,86654.0,1.0,0.0,140.0,0.0,3.0,-1.0,14469.0,-1684.0,4850.24,4856.4,4850.92,-6.159999999999854,-0.680000000000291,4848.100317460317,4843.360000000001,80400.3,,0.20056,1.804917669644836,1.708267233261394,3.513184902906231,1.0,140.0,2.0,12785.0,0.04183820712032153,1.1019673287938423,0.1744,0.5207706201083684,0.589,0.336,0.976
20260608,4682.6,4700.0,4746.0,4640.2,118426.0,-4237.0,89286.0,1.0,-1.0,0.0,-43.0,3.0,-1.0,13504.0,-1368.0,4824.559999999999,4839.4,4839.42,-14.84000000000015,-14.86000000000058,4832.595714285713,4843.732888888889,82345.3,,0.225745,1.889193364149125,1.720029784868351,3.609223149017476,0.0,-43.0,2.0,12136.0,-0.03577761640180366,1.098170859439267,0.1963,0.6526189042745334,0.6438,0.3747,0.975
20260609,4743.6,4700.0,4752.4,4669.6,109772.0,-8654.0,69069.0,1.0,0.0,90.0,0.0,2.0,-1.0,12423.0,-1975.0,4797.56,4823.84,4831.02,-26.27999999999975,-33.46000000000004,4821.316984126985,4842.305936507937,81128.5,,,1.939533244275149,1.734572503924113,3.674105748199261,1.0,90.0,1.0,10448.0,-0.0788361330758299,1.135537692179134,0.1737,0.5165562913907285,0.6575,0.3947,0.984
20260610,4721.4,4713.2,4736.8,4673.8,104272.0,-5500.0,68264.0,1.0,-1.0,0.0,-753.0,2.0,-1.0,11132.0,-2141.0,4759.08,4810.26,4818.65,-51.18000000000029,-59.56999999999971,4810.229841269841,4839.273031746032,79959.2,,,1.805634979659199,1.734572503924113,3.540207483583312,0.0,-753.0,1.0,8991.0,-0.05274666257480436,1.2088252551206895,0.1894,0.6110776640577965,0.6575,0.4013,0.996
20260611,4693.4,4710.0,4737.0,4656.2,101097.0,-3175.0,68305.0,1.0,0.0,0.0,-8.0,2.0,-1.0,10939.0,-2637.0,4723.56,4794.000000000001,4809.1,-70.44000000000051,-85.53999999999996,4798.559365079365,4834.855746031746,78836.2,,,1.822120020769974,1.734572503924113,3.556692524694086,1.0,-8.0,1.0,8302.0,-0.03140548186395244,1.2146862345483525,0.1832,0.5737507525586996,0.7808,0.516,0.996
20260612,4769.8,4750.4,4793.0,4730.0,94540.0,-6557.0,76249.0,1.0,0.0,0.0,-47.0,3.0,-1.0,13620.0,-1540.0,4722.16,4786.2,4806.39,-64.03999999999996,-84.23000000000047,4793.855873015874,4829.754841269842,77605.4,,,1.858525122470746,1.746631686359662,3.605156808830409,1.0,-47.0,2.0,12080.0,-0.06935688597419082,1.1478518675624418,0.1675,0.47922937989163156,0.7808,0.5173,0.983
20260615,4880.0,4819.0,4882.0,4804.8,83327.0,-11213.0,74674.0,1.0,0.0,1.0,0.0,3.0,-1.0,13854.0,-1745.0,4761.64,4793.1,4810.29,-31.46000000000004,-48.64999999999964,4798.481746031746,4825.231000000001,76989.2,,,1.930077411110947,1.746631686359662,3.67670909747061,1.0,1.0,2.0,12109.0,-0.13456622703325452,1.1438568130652054,0.1742,0.5195665261890426,0.8356,0.6853,0.981
20260616,4875.2,4879.8,4898.2,4858.0,67700.0,-15627.0,60182.0,1.0,0.0,295.0,0.0,2.0,-1.0,14342.0,-1637.0,4787.96,4792.76,4813.39,-4.800000000000182,-25.43000000000029,4804.813174603176,4821.215841269842,74915.2,,,1.85439907309755,1.746631686359662,3.601030759457212,1.0,295.0,1.0,12705.0,-0.2308271787296898,1.2403566828630137,0.1736,0.5159542444310656,0.8904,0.784,0.996
20260617,4928.0,4859.0,4928.0,4859.0,54429.0,-13271.0,55239.0,1.0,0.0,1764.0,0.0,2.0,-1.0,14875.0,-1997.0,4829.280000000001,4794.18,4819.46,35.10000000000036,9.820000000000618,4813.562698412698,4817.477000000001,71655.0,,0.213555,1.82541213479145,1.734572503924113,3.559984638715562,1.0,1764.0,1.0,12878.0,-0.24382222712157123,1.2668937654009889,0.1857,0.588801926550271,0.8904,0.812,0.997
20260618,4960.6,4910.0,4971.0,4910.0,35979.0,-18450.0,51416.0,1.0,0.0,2094.0,0.0,2.0,-1.0,14712.0,-1994.0,4882.719999999999,4803.14,4830.34,79.57999999999902,52.3799999999992,4825.502380952381,4814.70180952381,69933.8,,0.22517,1.802808055011572,1.723852278445675,3.526660333457247,1.0,2094.0,1.0,12718.0,-0.5127991328274827,1.1964503635581214,0.1958,0.6407407407407407,0.9178,0.812,0.99
20260622,4983.8,4852.4,4987.4,4838.8,161226.0,125247.0,88185.0,1.0,0.0,1007.0,0.0,3.0,-1.0,15817.0,-1844.0,4925.52,4823.839999999999,4840.120000000001,101.6800000000003,85.39999999999873,4835.816825396826,4813.473460317461,70086.9,105822.0,,1.891292077554797,1.723852278445675,3.615144356000472,1.0,1007.0,2.0,13973.0,0.7768412042722638,0.74111636143754,0.1281,0.346116970278044,0.9041,0.812,0.863
20260623,4812.4,4974.6,4994.0,4790.2,164687.0,3461.0,105369.0,1.0,0.0,1402.0,0.0,3.0,-1.0,13603.0,-1643.0,4912.0,4836.82,4838.11,75.18000000000029,73.89000000000033,4838.859682539682,4814.099857142857,71695.2,126442.8,0.239085,2.039566706698772,1.731143768788524,3.770710475487296,1.0,1402.0,2.0,11960.0,0.021015623576845773,0.9095718440951914,0.2079,1.0,0.8904,0.788,0.895
20260624,4830.8,4832.0,4854.8,4801.2,154821.0,-9866.0,69308.0,1.0,0.0,1496.0,0.0,3.0,-1.0,12549.0,-1956.0,4903.12,4845.54,4834.690000000001,57.57999999999993,68.42999999999938,4838.50873015873,4815.819031746032,71719.1,,,1.988763412676554,1.717743961444626,3.70650737412118,1.0,1496.0,2.0,10593.0,-0.06372520523701565,0.9305410287347368,0.2049,0.9741156169111302,0.863,0.7387,0.898
20260625,4907.0,4830.0,4921.6,4829.8,159220.0,4399.0,81049.0,1.0,0.0,1715.0,0.0,2.0,-1.0,13476.0,-2208.0,4898.92,4864.1,4837.18,34.81999999999971,61.73999999999978,4843.361428571427,4819.132190476191,72997.6,,,2.037137351366233,1.731143768788524,3.768281120154757,1.0,1715.0,1.0,11268.0,0.027628438638362014,0.9872853571684944,0.197,0.9059534081104401,0.9178,0.844,0.92
20260626,4748.2,4884.0,4884.0,4717.0,159794.0,574.0,105290.0,1.0,0.0,1720.0,0.0,3.0,-1.0,12575.0,-1706.0,4856.440000000001,4869.58,4831.79,-13.13999999999942,24.65000000000055,4838.832063492065,4823.15946031746,76696.1,126348.0,0.25346,2.131874770495493,1.731143768788524,3.863018539284017,1.0,1720.0,2.0,10869.0,0.0035921248607582263,1.1208357495919328,0.2204,1.0,0.9315,0.7573,0.975
20260629,4796.4,4759.4,4800.0,4718.6,155644.0,-4150.0,88320.0,1.0,0.0,1557.0,0.0,3.0,-1.0,11689.0,-1653.0,4818.960000000001,4872.24,4829.219999999999,-53.27999999999884,-10.2599999999984,4833.952698412699,4827.169142857143,77903.2,,,2.046692860078107,1.731143768788524,3.777836628866631,1.0,1557.0,2.0,10036.0,-0.026663411374675542,1.1033596890940542,0.2081,0.9042056074766355,0.9315,0.888,0.968
20260630,4855.8,4790.0,4866.0,4786.0,148934.0,-6710.0,66502.0,1.0,0.0,1471.0,0.0,2.0,-1.0,11219.0,-2426.0,4827.64,4869.820000000001,4831.46,-42.18000000000029,-3.819999999999709,4834.399841269842,4830.760952380952,77086.0,,,2.039171935044007,1.731143768788524,3.770315703832531,1.0,1471.0,1.0,8793.0,-0.045053513636913,1.1132933135284553,0.2069,0.8948598130841121,0.9726,0.9173,0.973
