,收盘价,开盘价,最高价,最低价,持仓量,持仓量变动,成交量,家人多头席位数,家人空头席位数,家人多头持仓量,家人空头持仓量,机构多头席位数,机构空头席位数,机构多头持仓量,机构空头持仓量,ma5,ma10,ma20,diff5_10,diff5_20,DKX,MADKX,成交量MA10,成交量放大信号,ATRMA14,ATR60D60pct,推荐止损宽度,家人净多头席位,家人净多头持仓量,机构净多头席位,机构净多头持仓量,持仓量变幅,CB_index,IV,IV_pct,趋势横截面分位数,趋势历史分位数,CB_index历史分位数
20240506,5523.4,5529.6,5548.0,5500.2,60437.0,197.0,39670.0,2.0,0.0,10397.0,0.0,2.0,-2.0,5024.0,-6555.0,5414.08,5339.46,5324.440000000001,74.61999999999989,89.63999999999942,5336.795396825399,5301.971142857144,42313.8,,2.153936138530184,2.310163412570371,4.464099551100555,2.0,10397.0,0.0,-1531.0,0.003259592633651571,0.580073627280639,,,0.8219,0.8627,0.174
20240507,5522.0,5530.0,5542.8,5501.2,55708.0,-4729.0,27593.0,2.0,0.0,10297.0,0.0,2.0,-2.0,5188.0,-6558.0,5469.12,5356.32,5331.45,112.8000000000002,137.6700000000001,5355.831428571429,5306.800000000001,41094.0,,2.093811078402277,2.282159148816516,4.375970227218794,2.0,10297.0,0.0,-1370.0,-0.08488906440726646,0.6573624622424995,,,0.8356,0.8747,0.215
20240508,5450.6,5501.6,5508.8,5444.6,55026.0,-682.0,29707.0,2.0,0.0,10137.0,0.0,2.0,-1.0,5440.0,-6308.0,5484.559999999999,5372.58,5335.38,111.9799999999996,149.1799999999994,5368.991269841269,5313.114253968253,39429.1,,1.96910836103435,2.210121713855233,4.179230074889583,2.0,10137.0,1.0,-868.0,-0.012394140951550177,0.7093778108679217,,,0.863,0.8867,0.255
20240509,5548.6,5470.0,5572.0,5459.8,54778.0,-248.0,37228.0,2.0,0.0,10023.0,0.0,2.0,-1.0,6015.0,-6188.0,5497.32,5402.820000000001,5348.5,94.49999999999909,148.8199999999997,5386.614920634919,5321.634888888889,39080.5,,1.884726592397314,2.174773626078366,4.059500218475679,2.0,10023.0,1.0,-173.0,-0.004527365000547665,0.6772630856788125,,,0.8904,0.8907,0.235
20240510,5530.8,5558.0,5576.8,5486.2,54730.0,-48.0,37466.0,2.0,0.0,11576.0,0.0,2.0,-1.0,5522.0,-6217.0,5515.08,5437.339999999999,5358.33,77.74000000000069,156.75,5404.772222222224,5332.835603174603,38532.3,,1.80312963075871,2.164861722563554,3.967991353322263,2.0,11576.0,1.0,-695.0,-0.0008770327060113283,0.6928318344474431,,,0.6986,0.7813,0.246
20240513,5497.0,5480.0,5526.6,5451.0,49042.0,-5688.0,38609.0,2.0,0.0,10412.0,0.0,2.0,-1.0,5837.0,-6337.0,5509.8,5461.94,5369.73,47.86000000000058,140.0700000000006,5417.269523809524,5345.90134920635,38602.6,,1.736733068572381,2.160220055531379,3.89695312410376,2.0,10412.0,1.0,-500.0,-0.11598221932221361,0.7143629020324328,,,0.6986,0.7693,0.259
20240514,5488.6,5520.0,5544.2,5473.2,42045.0,-6997.0,34136.0,2.0,0.0,10580.0,0.0,2.0,-2.0,5336.0,-6743.0,5503.120000000001,5486.120000000001,5379.01,17.0,124.1100000000006,5429.927142857144,5360.628888888889,38068.3,,1.709970075523678,2.139261890276493,3.849231965800171,2.0,10580.0,0.0,-1407.0,-0.1664169342371269,0.7081322652420403,,,0.6849,0.836,0.256
20240515,5443.4,5479.6,5492.6,5428.0,31948.0,-10097.0,31763.0,2.0,0.0,10375.0,0.0,2.0,-2.0,4813.0,-6939.0,5501.68,5493.12,5388.02,8.5600000000004,113.6600000000008,5436.997777777776,5375.622682539683,35819.7,,1.663420540085278,2.12587602696938,3.789296567054659,2.0,10375.0,0.0,-2126.0,-0.31604482283711033,0.7302334147866547,,,0.6849,0.8373,0.277
20240516,5378.4,5430.0,5445.0,5358.6,139471.0,107523.0,47928.0,2.0,0.0,10085.0,0.0,2.0,-2.0,4692.0,-6825.0,5467.64,5482.48,5389.690000000001,-14.83999999999924,77.94999999999982,5438.218412698413,5389.194476190476,35823.1,57513.6,1.627969252095017,2.088991053315578,3.716960305410595,2.0,10085.0,0.0,-2133.0,0.7709344594933714,0.7467327845994233,,,0.7534,0.8093,0.295
20240517,5460.4,5387.4,5468.2,5370.0,146236.0,6765.0,59718.0,2.0,0.0,11905.0,0.0,2.0,-2.0,5231.0,-7196.0,5453.56,5484.32,5402.809999999999,-30.75999999999931,50.75000000000091,5441.654603174605,5401.70726984127,38381.8,71661.59999999999,1.630052022379834,2.054243820163383,3.684295842543218,2.0,11905.0,0.0,-1965.0,0.04626083864438305,0.3761478192766057,,,0.7808,0.8293,0.105
20240520,5474.0,5472.2,5511.6,5446.6,143402.0,-2834.0,49483.0,2.0,0.0,11794.0,0.0,2.0,-2.0,5241.0,-7424.0,5448.960000000001,5479.38,5409.42,-30.41999999999916,39.54000000000087,5448.843015873017,5412.912031746032,39363.1,59379.6,1.609817091156839,1.989698341095183,3.599515432252022,2.0,11794.0,0.0,-2183.0,-0.01976262534692682,0.5054532598873683,,,0.8082,0.8533,0.148
20240521,5440.6,5467.0,5474.2,5414.8,139151.0,-4251.0,36500.0,2.0,0.0,11749.0,0.0,2.0,-2.0,4500.0,-7470.0,5439.36,5471.24,5413.780000000001,-31.88000000000011,25.57999999999902,5452.792380952382,5422.608126984127,40253.8,,1.497562744019007,1.989698341095183,3.487261085114191,2.0,11749.0,0.0,-2970.0,-0.030549546895099568,0.4851241388443831,,,0.8356,0.8107,0.136
20240522,5424.0,5436.6,5448.0,5410.6,137594.0,-1557.0,33716.0,2.0,0.0,11827.0,0.0,2.0,-2.0,4596.0,-6920.0,5435.48,5468.58,5420.58,-33.09999999999945,14.90000000000055,5454.06619047619,5431.115619047619,40654.7,,1.375290706020844,1.932027731930849,3.307318437951692,2.0,11827.0,0.0,-2324.0,-0.011315900402633836,0.5114488052189111,,,0.8767,0.8213,0.152
20240523,5326.0,5410.0,5410.0,5300.4,139981.0,2387.0,49426.0,2.0,0.0,11066.0,0.0,2.0,-2.0,4325.0,-6974.0,5425.0,5446.32,5424.570000000001,-21.31999999999971,0.4299999999993815,5447.383650793649,5437.192492063492,41874.5,,1.467039961938521,1.989698341095183,3.456738303033704,2.0,11066.0,0.0,-2649.0,0.017052314242647217,0.4804477929655744,,,0.8904,0.8587,0.135
20240524,5270.4,5320.0,5368.8,5266.6,136215.0,-3766.0,48421.0,2.0,0.0,10738.0,0.0,2.0,-2.0,4319.0,-6277.0,5387.0,5420.28,5428.809999999999,-33.27999999999975,-41.80999999999949,5434.643968253969,5440.179666666667,42970.0,,1.466924049371317,1.982332812352744,3.449256861724062,2.0,10738.0,0.0,-1958.0,-0.027647469074624675,0.5110871381385542,,,0.8904,0.864,0.153
20240527,5322.4,5291.0,5329.8,5238.6,134563.0,-1652.0,46017.0,2.0,0.0,10649.0,0.0,2.0,-2.0,4175.0,-5925.0,5356.679999999999,5402.820000000001,5432.379999999999,-46.14000000000124,-75.69999999999982,5422.811904761905,5440.733904761904,43710.8,,1.535989649622904,1.92711737943589,3.463107029058794,2.0,10649.0,0.0,-1750.0,-0.01227677742024182,0.5427871390445353,,,0.9178,0.8707,0.166
20240528,5280.0,5312.6,5322.0,5261.2,130995.0,-3568.0,42705.0,2.0,0.0,10398.0,0.0,2.0,-2.0,4187.0,-5362.0,5324.559999999999,5381.96,5434.039999999999,-57.40000000000055,-109.4799999999996,5408.789523809524,5438.620142857142,44567.7,,1.518094580455058,1.916870607052668,3.434965187507726,2.0,10398.0,0.0,-1175.0,-0.0272376808275125,0.5726718729801562,,,0.9315,0.8827,0.179
20240529,5290.0,5276.0,5337.0,5267.6,131357.0,362.0,47891.0,2.0,0.0,10867.0,0.0,2.0,-2.0,4085.0,-5548.0,5297.76,5366.62,5429.87,-68.85999999999967,-132.1099999999997,5395.049523809525,5434.425317460317,46180.5,,1.454526221140876,1.890804372587819,3.345330593728695,2.0,10867.0,0.0,-1463.0,0.002755848565360049,0.5716082315695381,,,0.9589,0.9507,0.178
20240530,5287.0,5280.0,5324.8,5260.6,130700.0,-657.0,46055.0,2.0,0.0,10709.0,0.0,2.0,-2.0,4611.0,-5632.0,5289.96,5357.48,5419.98,-67.52000000000044,-130.0199999999995,5381.844761904763,5428.787952380952,45993.2,,1.424208898121836,1.854568140162711,3.278777038284546,2.0,10709.0,0.0,-1021.0,-0.005026778882938026,0.5821163100150083,,,0.9589,0.9507,0.187
20240531,5282.2,5315.0,5341.6,5280.2,127291.0,-3409.0,42065.0,2.0,0.0,10691.0,0.0,2.0,-2.0,5041.0,-5427.0,5292.320000000001,5339.66,5411.99,-47.33999999999924,-119.6699999999992,5369.463333333332,5421.568825396826,44227.9,,1.40380005161812,1.854568140162711,3.258368191780831,2.0,10691.0,0.0,-386.0,-0.026781154991319105,0.5583997154804058,,,0.9726,0.9507,0.173
20240603,5239.8,5280.2,5295.0,5194.0,129982.0,2691.0,53319.0,2.0,0.0,10993.0,0.0,2.0,-2.0,4798.0,-5645.0,5275.8,5316.24,5397.809999999999,-40.4399999999996,-122.0099999999993,5353.814444444445,5412.065968253968,44611.5,,1.448505444575845,1.890804372587819,3.339309817163664,2.0,10993.0,0.0,-847.0,0.02070286655075318,0.6015581620883771,,,0.9452,0.8867,0.197
20240604,5307.2,5229.0,5330.0,5218.0,124382.0,-5600.0,53950.0,2.0,0.0,11237.0,0.0,2.0,-2.0,5861.0,-5817.0,5281.24,5302.9,5387.070000000001,-21.65999999999985,-105.8300000000008,5342.749206349205,5401.061650793651,46356.5,,1.514527482402274,1.916870607052668,3.431398089454942,2.0,11237.0,0.0,44.0,-0.04502259169333183,0.6205538030473838,,,0.9315,0.9373,0.201
20240605,5247.6,5300.0,5318.0,5245.6,120090.0,-4292.0,41265.0,2.0,0.0,11133.0,0.0,2.0,-1.0,5484.0,-5512.0,5272.76,5285.26,5376.92,-12.5,-104.1599999999999,5330.571428571428,5388.712174603175,47111.4,,1.49842736123539,1.890804372587819,3.389231733823209,2.0,11133.0,1.0,-28.0,-0.035739861770338915,0.5929434845384615,,,0.9178,0.936,0.194
20240606,5208.2,5280.0,5285.6,5183.6,125513.0,5423.0,61802.0,2.0,0.0,11080.0,0.0,2.0,-1.0,5669.0,-5347.0,5257.0,5273.48,5359.9,-16.48000000000047,-102.8999999999996,5316.407460317462,5375.614555555556,48349.0,74162.4,1.508614316782123,1.890804372587819,3.399418689369942,2.0,11080.0,1.0,322.0,0.04320667978615761,0.5676833809936723,,,0.9178,0.9227,0.179
20240607,5178.0,5239.0,5248.6,5149.0,117522.0,-7991.0,53160.0,2.0,0.0,10743.0,0.0,2.0,-2.0,5198.0,-5634.0,5236.16,5264.24,5342.26,-28.07999999999993,-106.1000000000004,5300.469999999999,5362.197158730159,48822.9,,1.561331868713176,1.892295831834575,3.45362770054775,2.0,10743.0,0.0,-436.0,-0.06799577951362298,0.5892248933669728,,,0.8904,0.884,0.194
20240611,5198.6,5154.2,5217.8,5134.2,114628.0,-2894.0,46475.0,2.0,0.0,9665.0,0.0,2.0,-1.0,5625.0,-5260.0,5227.92,5251.86,5327.34,-23.9399999999996,-99.42000000000007,5284.549047619048,5348.370873015873,48868.7,,1.599211496126528,1.854568140162711,3.453779636289239,2.0,9665.0,1.0,365.0,-0.025246885577694805,0.6037615532455447,,,0.8767,0.8693,0.202
20240612,5210.0,5190.0,5228.8,5186.0,107441.0,-7187.0,39378.0,2.0,0.0,9883.0,0.0,2.0,-2.0,5297.0,-5689.0,5208.48,5244.86,5313.41,-36.3799999999992,-104.9299999999994,5272.714920634921,5334.763412698413,48536.0,,1.611190619084992,1.854568140162711,3.465758759247703,2.0,9883.0,0.0,-392.0,-0.06689252706136391,0.6516760019152821,,,0.8493,0.8467,0.229
20240613,5184.0,5215.6,5222.8,5162.2,105389.0,-2052.0,42403.0,2.0,0.0,9788.0,0.0,2.0,-2.0,4817.0,-5846.0,5195.76,5234.26,5300.440000000001,-38.5,-104.6800000000003,5260.790158730159,5321.337476190476,47987.2,,1.528595178041342,1.854568140162711,3.383163318204052,2.0,9788.0,0.0,-1029.0,-0.019470722750951238,0.6993012808756593,,,0.863,0.8107,0.268
20240614,5211.6,5175.4,5239.0,5152.0,101834.0,-3555.0,58607.0,2.0,0.0,9687.0,0.0,2.0,-2.0,4885.0,-6073.0,5196.440000000001,5226.719999999999,5292.1,-30.27999999999884,-95.65999999999985,5250.342698412698,5308.18726984127,49242.4,,1.509123635403137,1.837513019633603,3.346636655036741,2.0,9687.0,0.0,-1188.0,-0.03490975509161969,0.6450088577867676,,,0.8356,0.776,0.224
20240617,5198.2,5194.0,5220.8,5186.2,85316.0,-16518.0,44082.0,2.0,0.0,9949.0,0.0,2.0,-2.0,5291.0,-5646.0,5200.48,5218.320000000001,5278.99,-17.84000000000015,-78.50999999999931,5241.202857142856,5295.361222222222,49444.1,,1.434486596183432,1.813028435073622,3.247515031257055,2.0,9949.0,0.0,-355.0,-0.1936096394580149,0.6414944509148025,,,0.8219,0.748,0.22
20240618,5226.6,5206.4,5247.8,5201.8,73449.0,-11867.0,50125.0,2.0,0.0,10795.0,0.0,2.0,-2.0,5520.0,-5580.0,5206.08,5217.0,5266.62,-10.92000000000007,-60.53999999999996,5235.747936507936,5283.554571428571,49124.7,,1.419700009553838,1.813028435073622,3.23272844462746,2.0,10795.0,0.0,-60.0,-0.1615678906452096,0.6340876466649066,,,0.7671,0.6893,0.217
20240619,5169.2,5240.2,5244.8,5162.4,54168.0,-19281.0,50079.0,2.0,0.0,10211.0,0.0,1.0,-2.0,5751.0,-6627.0,5197.92,5203.2,5253.05,-5.279999999999745,-55.13000000000011,5228.24253968254,5272.103904761904,48737.6,,1.43981670088943,1.813028435073622,3.252845135963053,2.0,10211.0,-1.0,-876.0,-0.35594816127603013,0.6542610575227307,,,0.726,0.6533,0.235
20240620,5091.0,5171.6,5184.6,5085.0,32340.0,-21828.0,42791.0,2.0,0.0,10326.0,0.0,2.0,-2.0,5090.0,-7016.0,5179.32,5187.54,5236.4,-8.220000000000255,-57.07999999999993,5215.283968253969,5260.575158730158,48890.2,,1.492209967622639,1.837513019633603,3.329722987256242,2.0,10326.0,0.0,-1926.0,-0.6749536178107607,0.6537656416257882,,,0.6986,0.5747,0.234
20240621,5060.6,5050.0,5097.4,5041.4,84177.0,51837.0,46410.0,2.0,0.0,10018.0,0.0,1.0,-2.0,5148.0,-5897.0,5149.12,5172.780000000001,5223.129999999999,-23.66000000000076,-74.00999999999931,5197.949047619048,5248.729317460317,47351.0,,1.489331863067268,1.837513019633603,3.326844882700872,2.0,10018.0,-1.0,-749.0,0.6158095441747746,0.744338128981744,,,0.6575,0.572,0.317
20240624,4965.0,5042.0,5048.0,4949.2,91613.0,7436.0,56646.0,2.0,0.0,9212.0,0.0,2.0,-2.0,4659.0,-5406.0,5102.48,5151.48,5207.86,-49.0,-105.3799999999992,5174.856190476191,5236.167936507936,47699.6,,1.509333966362946,1.837513019633603,3.346846985996549,2.0,9212.0,0.0,-747.0,0.0811675198934649,0.4950101996041078,,,0.8767,0.76,0.146
20240625,4923.4,4981.0,4982.8,4882.4,87480.0,-4133.0,55099.0,2.0,-1.0,8996.0,0.0,1.0,-2.0,4094.0,-5759.0,5041.84,5123.96,5187.910000000001,-82.11999999999989,-146.0700000000006,5148.603809523808,5222.573412698413,48562.0,,1.501276501276506,1.837513019633603,3.33878952091011,1.0,8996.0,-1.0,-1665.0,-0.047245084590763604,0.5129475815731872,,,0.8493,0.7213,0.157
20240626,4990.2,4920.0,5003.8,4886.6,89747.0,2267.0,55463.0,2.0,0.0,9005.0,0.0,2.0,-2.0,4419.0,-5987.0,5006.04,5101.98,5173.42,-95.94000000000051,-167.3800000000001,5126.514761904762,5207.953396825397,50170.5,,1.569040278717703,1.872442782888195,3.441483061605898,2.0,9005.0,0.0,-1568.0,0.025259897266761006,0.5505991453992246,,,0.7671,0.672,0.174
20240627,4908.0,4980.0,4981.8,4892.0,85347.0,-4400.0,47806.0,2.0,-1.0,8954.0,0.0,2.0,-2.0,4373.0,-6443.0,4969.440000000001,5074.38,5154.320000000001,-104.9399999999996,-184.8800000000001,5102.866507936506,5192.161031746031,50710.8,,1.570313111764908,1.872442782888195,3.442755894653103,1.0,8954.0,0.0,-2070.0,-0.051554243265726975,0.5461695633132785,,,0.7123,0.652,0.172
20240628,4909.0,4900.0,4992.0,4897.2,85881.0,534.0,53004.0,2.0,0.0,9506.0,0.0,2.0,-2.0,4351.0,-5533.0,4939.12,5044.120000000001,5135.42,-105.0000000000009,-196.3000000000002,5079.869523809524,5175.113714285713,50150.5,,1.569504838207103,1.872442782888195,3.441947621095298,2.0,9506.0,0.0,-1182.0,0.006217906172494498,0.5665510659641833,,,0.726,0.5987,0.183
20240701,4968.2,4926.0,4998.4,4898.2,81015.0,-4866.0,45638.0,2.0,0.0,9523.0,0.0,2.0,-2.0,4527.0,-5516.0,4939.759999999999,5021.12,5119.719999999999,-81.36000000000058,-179.96,5062.319523809524,5157.225380952381,50306.1,,1.597972259381825,1.920873715792386,3.51884597517421,2.0,9523.0,0.0,-989.0,-0.06006295130531383,0.6086647315327682,,,0.7123,0.5613,0.208
20240702,4924.6,4963.6,4973.2,4902.4,81373.0,358.0,41411.0,2.0,0.0,9254.0,0.0,2.0,-2.0,4568.0,-6659.0,4940.0,4990.92,5103.960000000001,-50.92000000000007,-163.9600000000009,5043.90888888889,5138.041476190477,49434.7,,1.644007600778179,1.872442782888195,3.516450383666374,2.0,9254.0,0.0,-2091.0,0.004399493689553046,0.5921428964736144,,,0.6986,0.512,0.2
20240703,4879.8,4921.0,4933.2,4875.0,80403.0,-970.0,39403.0,2.0,0.0,9171.0,0.0,2.0,-2.0,4597.0,-7198.0,4917.92,4961.98,5082.589999999999,-44.0600000000004,-164.6699999999992,5023.747936507936,5117.592015873016,48367.1,,1.647700971524482,1.872442782888195,3.520143754412676,2.0,9171.0,0.0,-2601.0,-0.012064226459211722,0.596313390863359,,,0.6301,0.4,0.204
20240704,4803.8,4895.0,4907.8,4795.0,82880.0,2477.0,45177.0,2.0,0.0,8741.0,0.0,2.0,-2.0,4604.0,-8191.0,4897.08,4933.26,5060.4,-36.18000000000029,-163.3199999999997,4999.603015873015,5096.023920634921,48605.7,,1.694145471995616,1.920873715792386,3.615019187788002,2.0,8741.0,0.0,-3587.0,0.02988658301158301,0.6183648219717085,,,0.5616,0.3227,0.213
20240705,4842.0,4807.0,4857.6,4771.2,80750.0,-2130.0,48528.0,2.0,0.0,8606.0,0.0,2.0,-2.0,4771.0,-7786.0,4883.68,4911.4,5042.09,-27.71999999999935,-158.4099999999999,4976.632222222223,5073.892238095238,48817.5,,1.777167843310647,1.920873715792386,3.698041559103032,2.0,8606.0,0.0,-3015.0,-0.02637770897832817,0.6775629323585595,,,0.5342,0.2907,0.268
20240708,4762.4,4840.0,4840.0,4738.6,79318.0,-1432.0,42429.0,2.0,0.0,8539.0,0.0,2.0,-2.0,4988.0,-7743.0,4842.52,4891.139999999999,5021.31,-48.61999999999898,-178.79,4951.42873015873,5051.549492063493,47395.8,,1.866838542599992,1.925135352083047,3.79197389468304,2.0,8539.0,0.0,-2755.0,-0.01805390957916236,0.6692528256109526,,,0.4795,0.268,0.26
20240709,4854.8,4757.8,4881.0,4731.2,83955.0,4637.0,60958.0,2.0,0.0,8414.0,0.0,2.0,-2.0,5299.0,-7337.0,4828.559999999999,4884.280000000001,5004.12,-55.72000000000116,-175.5600000000004,4931.756984126983,5029.86480952381,47981.7,73149.59999999999,1.973206664072891,1.925135352083047,3.898342016155938,2.0,8414.0,0.0,-2038.0,0.05523196950747424,0.7035223240816447,,,0.4247,0.2493,0.288
20240710,4831.4,4853.8,4881.8,4827.0,73064.0,-10891.0,40434.0,2.0,0.0,7674.0,0.0,2.0,-2.0,5759.0,-7194.0,4818.88,4868.4,4985.190000000001,-49.51999999999953,-166.3100000000004,4916.07888888889,5008.821222222223,46478.8,,1.915387215985267,1.920873715792386,3.836260931777653,2.0,7674.0,0.0,-1435.0,-0.14906109712033286,0.6288026657608702,,,0.4247,0.2267,0.222
20240711,4925.4,4878.4,4939.6,4855.2,73676.0,612.0,47850.0,2.0,0.0,8237.0,0.0,2.0,-2.0,6211.0,-7684.0,4843.199999999999,4870.139999999999,4972.26,-26.94000000000051,-129.0600000000013,4908.086666666667,4989.343238095238,46483.2,,1.995386053031191,1.925135352083047,3.920521405114239,2.0,8237.0,0.0,-1473.0,0.00830663988272979,0.6057257712273123,,,0.3014,0.1787,0.21
20240712,4908.0,4920.4,4934.6,4893.6,66163.0,-7513.0,32287.0,2.0,0.0,8292.0,0.0,1.0,-2.0,6115.0,-7495.0,4856.4,4870.039999999999,4957.08,-13.63999999999942,-100.6800000000003,4901.961269841269,4971.552412698414,44411.5,,1.894170770557206,1.920873715792386,3.815044486349592,2.0,8292.0,-1.0,-1380.0,-0.11355289209981409,0.6271371562870818,,,0.2877,0.1813,0.222
20240715,4862.6,4898.0,4898.0,4851.0,62485.0,-3678.0,36883.0,2.0,0.0,7666.0,0.0,2.0,-2.0,5968.0,-7880.0,4876.440000000001,4859.48,4940.3,16.96000000000004,-63.85999999999967,4893.274444444445,4954.647904761905,43536.0,,1.832377263778665,1.872442782888195,3.70482004666686,2.0,7666.0,0.0,-1912.0,-0.05886212691045851,0.6788527992812969,,,0.2877,0.1827,0.273
20240716,4881.2,4861.2,4903.0,4834.2,54561.0,-7924.0,42351.0,2.0,0.0,8555.0,0.0,2.0,-2.0,5976.0,-8201.0,4881.719999999999,4855.14,4923.030000000001,26.57999999999902,-41.31000000000131,4886.628571428572,4938.919873015873,43630.0,,1.764399102271864,1.815574938116858,3.579974040388722,2.0,8555.0,0.0,-2225.0,-0.14523194222979785,0.7634406054356412,,,0.274,0.1867,0.352
20240717,4851.2,4877.4,4894.8,4840.0,42908.0,-11653.0,41903.0,2.0,0.0,8344.0,0.0,1.0,-2.0,5843.0,-8447.0,4885.679999999999,4852.28,4907.129999999999,33.39999999999964,-21.44999999999982,4880.386507936508,4924.583730158731,43880.0,,1.702236219364149,1.789993189218547,3.492229408582696,2.0,8344.0,-1.0,-2604.0,-0.27158105714552067,0.7557006077977502,,,0.4795,0.4067,0.345
20240718,4879.2,4824.8,4881.6,4787.8,25169.0,-17739.0,40280.0,2.0,0.0,7456.0,0.0,1.0,-2.0,5975.0,-8620.0,4876.440000000001,4859.820000000001,4896.539999999999,16.61999999999989,-20.09999999999854,4874.899999999999,4912.113428571429,43390.3,,1.701513466892365,1.815574938116858,3.517088405009222,2.0,7456.0,-1.0,-2645.0,-0.7047955818665819,0.7373826180362665,,,0.4247,0.3893,0.323
20240719,4846.2,4831.0,4882.2,4807.8,66032.0,40863.0,45201.0,2.0,0.0,8273.0,0.0,1.0,-2.0,5898.0,-9765.0,4864.08,4860.24,4885.820000000001,3.840000000000146,-21.74000000000069,4869.674126984128,4901.417619047619,43057.6,,1.666651972150956,1.789993189218547,3.456645161369503,2.0,8273.0,-1.0,-3867.0,0.6188363217833778,0.6776872221529509,,,0.4521,0.3507,0.273
20240722,4834.4,4856.2,4874.4,4807.0,62556.0,-3476.0,35928.0,2.0,-1.0,7624.0,0.0,1.0,-2.0,5333.0,-9597.0,4858.44,4867.440000000001,4879.29,-9.00000000000091,-20.85000000000036,4865.022539682539,4892.777,42407.5,,1.663861193836593,1.778694658266556,3.44255585210315,1.0,7624.0,-1.0,-4264.0,-0.055566212673444595,0.9042497944950456,,,0.4521,0.3213,0.429
20240723,4691.0,4855.0,4855.0,4690.2,68698.0,6142.0,43339.0,2.0,0.0,7211.0,0.0,1.0,-2.0,5096.0,-10833.0,4820.4,4851.059999999999,4867.67,-30.65999999999985,-47.27000000000044,4851.781746031746,4884.779476190476,40645.6,,1.825784671317447,1.789993189218547,3.615777860535994,2.0,7211.0,-1.0,-5737.0,0.08940580511805293,0.8670102424618411,,,0.4795,0.2493,0.41
20240724,4631.4,4692.0,4711.4,4624.8,71779.0,3081.0,49659.0,2.0,0.0,6900.0,0.0,1.0,-2.0,4305.0,-10869.0,4776.440000000001,4831.059999999999,4849.73,-54.61999999999898,-73.28999999999905,4831.380158730159,4876.309603174603,41568.1,,1.791684171286901,1.826979816950663,3.618663988237564,2.0,6900.0,-1.0,-6564.0,0.04292341771270149,0.9880474879801026,,,0.4384,0.2213,0.483
20240725,4627.2,4618.0,4692.8,4608.0,69577.0,-2202.0,49530.0,2.0,0.0,7317.0,0.0,1.0,-2.0,3897.0,-10839.0,4726.039999999999,4801.24,4835.69,-75.20000000000073,-109.6500000000005,4810.112857142856,4866.512222222222,41736.1,,1.79502095378296,1.812098536597919,3.607119490380879,2.0,7317.0,-1.0,-6942.0,-0.03164838955401929,1.0419214706181024,,,0.3425,0.2027,0.508
20240726,4709.4,4652.8,4727.0,4647.2,64715.0,-4862.0,47643.0,2.0,0.0,6698.0,0.0,1.0,-2.0,3885.0,-10526.0,4698.679999999999,4781.38,4825.71,-82.70000000000073,-127.0300000000007,4795.783968253969,4855.894492063491,43271.7,,1.791087335557095,1.812098536597919,3.603185872155015,2.0,6698.0,-1.0,-6641.0,-0.07512941358263153,1.0337213208228264,,,0.2466,0.124,0.505
20240729,4679.4,4719.4,4719.4,4672.0,61877.0,-2838.0,32458.0,2.0,0.0,6861.0,0.0,1.0,-2.0,3691.0,-11042.0,4667.68,4763.059999999999,4811.27,-95.3799999999992,-143.5899999999992,4782.91126984127,4844.858174603175,42829.2,,1.643288960362131,1.812098536597919,3.455387496960051,2.0,6861.0,-1.0,-7351.0,-0.04586518415566365,1.0024860435505838,,,0.1507,0.0267,0.49
20240730,4673.0,4666.0,4694.0,4618.6,64786.0,2909.0,40323.0,2.0,0.0,6797.0,0.0,1.0,-2.0,3378.0,-10678.0,4664.08,4742.24,4798.69,-78.15999999999985,-134.6099999999997,4768.733174603173,4833.068634920634,42626.4,,1.677920465196807,1.789993189218547,3.467913654415354,2.0,6797.0,-1.0,-7300.0,0.04490167628808693,1.0299032385403446,,,0.1096,0.0253,0.505
20240731,4890.2,4675.6,4892.4,4660.0,67227.0,2441.0,65007.0,2.0,0.0,7016.0,0.0,2.0,-2.0,4804.0,-7619.0,4715.839999999999,4746.14,4799.21,-30.30000000000109,-83.3700000000008,4770.126666666666,4822.04265079365,44936.8,78008.4,1.86427415163878,1.812098536597919,3.676372688236699,2.0,7016.0,0.0,-2815.0,0.036309815996549005,0.8657466157529661,,,0.1644,0.0453,0.41
20240801,4841.0,4891.8,4936.2,4816.6,61766.0,-5461.0,47712.0,2.0,0.0,7380.0,0.0,2.0,-2.0,5218.0,-6281.0,4758.6,4742.32,4801.07,16.28000000000065,-42.46999999999935,4775.824126984126,4812.135063492064,45680.0,,1.983634640509195,1.847523050753854,3.831157691263049,2.0,7380.0,0.0,-1063.0,-0.08841433798529935,0.9348301358978828,,,0.1644,0.044,0.462
20240802,4777.8,4807.8,4871.4,4768.2,62374.0,608.0,44787.0,2.0,0.0,7325.0,0.0,2.0,-2.0,5006.0,-6314.0,4772.280000000001,4735.48,4797.86,36.80000000000018,-25.57999999999902,4775.669365079365,4802.734587301587,45638.6,,2.055300946228702,1.847523050753854,3.902823996982557,2.0,7325.0,0.0,-1308.0,0.00974765126495014,0.943100052606536,,,0.1781,0.0413,0.467
20240805,4689.8,4752.0,4849.6,4676.4,68586.0,6212.0,63016.0,2.0,0.0,7210.0,0.0,2.0,-2.0,4586.0,-6348.0,4774.36,4721.02,4794.23,53.34000000000015,-19.86999999999989,4768.22873015873,4793.055206349206,48347.4,75619.2,2.217912616404386,1.890885503838811,4.108798120243197,2.0,7210.0,0.0,-1762.0,0.09057242002741084,1.0233055165735738,,,0.2055,0.0467,0.502
20240806,4738.2,4759.0,4777.2,4685.4,60159.0,-8427.0,47514.0,2.0,0.0,6897.0,0.0,2.0,-2.0,5322.0,-6235.0,4787.4,4725.74,4788.4,61.65999999999985,-1.0,4762.950952380953,4784.172126984127,48764.9,,2.277313173413201,1.922876819842249,4.200189993255449,2.0,6897.0,0.0,-913.0,-0.14007879120331124,0.9825442147334872,,,0.2055,0.0467,0.485
20240807,4735.6,4729.2,4780.0,4704.0,56394.0,-3765.0,38749.0,2.0,0.0,7006.0,0.0,1.0,-2.0,5283.0,-6506.0,4756.48,4736.16,4783.61,20.32000000000062,-27.1299999999992,4757.512698412699,4776.785380952381,47673.9,,2.255419304870365,1.922876819842249,4.178296124712614,2.0,7006.0,-1.0,-1223.0,-0.06676242153420577,0.998966301300794,,,0.2329,0.0653,0.494
20240808,4752.4,4721.0,4793.0,4691.4,57247.0,853.0,45060.0,2.0,0.0,6965.0,0.0,1.0,-2.0,5396.0,-6284.0,4738.76,4748.68,4774.96,-9.920000000000073,-36.19999999999982,4753.763650793651,4771.15046031746,47226.9,,2.299655353489016,1.925135352083047,4.224790705572063,2.0,6965.0,-1.0,-888.0,0.014900344122836131,0.9397990998992932,,,0.2603,0.12,0.466
20240809,4707.8,4780.0,4808.2,4703.2,51672.0,-5575.0,38544.0,2.0,0.0,7126.0,0.0,1.0,-2.0,5731.0,-7142.0,4724.76,4748.52,4764.95,-23.75999999999931,-40.1899999999996,4749.953015873016,4766.567365079365,46317.0,,2.360902392046467,1.928991441323582,4.28989383337005,2.0,7126.0,-1.0,-1411.0,-0.1078920885586004,0.9934736065315432,,,0.3014,0.1293,0.494
20240812,4717.6,4704.2,4738.0,4683.2,48471.0,-3201.0,35050.0,3.0,0.0,8542.0,0.0,1.0,-2.0,5739.0,-6827.0,4730.32,4752.34,4757.7,-22.02000000000044,-27.38000000000011,4744.412063492063,4762.717444444444,46576.2,,2.193716866049677,1.928991441323582,4.122708307373259,3.0,8542.0,-1.0,-1088.0,-0.06603948752862536,0.962544576607836,,,0.2877,0.1347,0.479
20240813,4729.2,4715.0,4734.8,4675.0,42772.0,-5699.0,37932.0,2.0,0.0,7103.0,0.0,1.0,-2.0,5543.0,-7342.0,4728.52,4757.96,4750.1,-29.4399999999996,-21.57999999999993,4740.433809523809,4759.887507936508,46337.1,,2.150037876158543,1.928991441323582,4.079029317482126,2.0,7103.0,-1.0,-1799.0,-0.13324137286075002,0.9759747088962654,,,0.1781,0.0333,0.485
20240814,4653.8,4725.0,4728.8,4653.2,31077.0,-11695.0,35579.0,2.0,0.0,7191.0,0.0,1.0,-2.0,4922.0,-7489.0,4712.16,4734.32,4740.23,-22.15999999999985,-28.07000000000062,4733.220634920635,4756.196904761905,43394.3,,2.135901241718857,1.928991441323582,4.064892683042439,2.0,7191.0,-1.0,-2567.0,-0.37632332593236156,1.021270360335988,,,0.2055,0.036,0.508
20240815,4661.2,4623.8,4735.8,4616.0,136994.0,105917.0,60654.0,2.0,0.0,7281.0,0.0,1.0,-2.0,5038.0,-6778.0,4693.92,4716.34,4729.33,-22.42000000000007,-35.40999999999985,4725.208888888889,4751.135380952381,44688.5,72784.8,2.167645327335578,1.933665963540106,4.101311290875683,2.0,7281.0,-1.0,-1740.0,0.7731506489335299,0.9950494410652594,,,0.2055,0.0373,0.497
20240816,4642.8,4677.0,4685.4,4639.0,134326.0,-2668.0,44945.0,3.0,0.0,8485.0,0.0,1.0,-2.0,4964.0,-7517.0,4680.92,4702.84,4719.16,-21.92000000000007,-38.23999999999978,4717.588412698413,4745.327285714286,44704.3,,2.167333228616652,1.928991441323582,4.096324669940234,3.0,8485.0,-1.0,-2553.0,-0.019862126468442445,1.0157221660695084,,,0.1918,0.04,0.506
20240819,4662.0,4638.8,4720.4,4638.8,136594.0,2268.0,44914.0,2.0,0.0,7318.0,0.0,1.0,-2.0,4526.0,-6275.0,4669.8,4700.059999999999,4710.54,-30.25999999999931,-40.73999999999978,4712.202857142856,4739.724698412699,42894.1,,2.177059006577099,1.925135352083047,4.102194358660146,2.0,7318.0,-1.0,-1749.0,0.016603950393135863,0.8024537272666941,,,0.137,0.0413,0.382
20240820,4572.0,4662.0,4670.0,4553.2,136971.0,377.0,56620.0,3.0,-1.0,8834.0,0.0,1.0,-2.0,4409.0,-6761.0,4638.36,4683.44,4704.59,-45.07999999999993,-66.23000000000047,4701.130952380953,4733.542698412699,43804.7,67944.0,2.012106640437636,1.928991441323582,3.941098081761219,2.0,8834.0,-1.0,-2352.0,0.002752407443911485,0.8081240489631053,,,0.1233,0.044,0.387
20240821,4570.6,4569.0,4586.0,4556.6,130895.0,-6076.0,36116.0,2.0,0.0,7147.0,0.0,1.0,-2.0,4453.0,-6174.0,4621.72,4666.940000000001,4701.55,-45.22000000000025,-79.82999999999993,4687.601904761904,4726.551619047619,43541.4,,1.882921714108044,1.928991441323582,3.811913155431626,2.0,7147.0,-1.0,-1721.0,-0.04641888536613316,0.7979144277617544,,,0.137,0.0453,0.379
20240822,4514.6,4569.0,4582.0,4497.0,135888.0,4993.0,49428.0,2.0,0.0,7096.0,0.0,2.0,-2.0,4224.0,-5289.0,4592.4,4643.16,4695.92,-50.76000000000022,-103.5200000000004,4670.754603174604,4718.250714285715,43978.2,,1.862654481572392,1.928991441323582,3.791645922895975,2.0,7096.0,0.0,-1065.0,0.03674349464264689,0.8244521687105597,,,0.137,0.0467,0.396
20240823,4518.6,4519.0,4538.6,4500.6,130612.0,-5276.0,46541.0,2.0,0.0,7134.0,0.0,2.0,-2.0,4087.0,-5532.0,4567.56,4624.24,4686.38,-56.67999999999938,-118.8199999999997,4653.820317460318,4708.637444444445,44777.9,,1.660110101202276,1.928991441323582,3.589101542525858,2.0,7134.0,0.0,-1445.0,-0.040394450739595134,0.7921630055391711,,,0.137,0.048,0.375
20240826,4527.0,4535.0,4548.0,4505.2,129985.0,-627.0,39957.0,2.0,0.0,6781.0,0.0,2.0,-2.0,4288.0,-4936.0,4540.56,4605.18,4678.76,-64.61999999999989,-138.1999999999998,4638.417301587301,4698.037968253969,45268.6,,1.590082074710768,1.928991441323582,3.519073516034351,2.0,6781.0,0.0,-648.0,-0.004823633496172635,0.8100960319953409,,,0.1233,0.0493,0.391
20240827,4480.2,4516.8,4518.0,4472.8,126574.0,-3411.0,42750.0,2.0,0.0,6968.0,0.0,2.0,-2.0,4357.0,-4364.0,4522.2,4580.280000000001,4669.120000000001,-58.08000000000084,-146.920000000001,4619.333492063493,4685.927936507936,45750.4,,1.562669023857283,1.926572306594156,3.489241330451438,2.0,6968.0,0.0,-7.0,-0.02694866244252374,0.7929723172274747,,,0.1644,0.0507,0.376
20240828,4483.0,4475.8,4520.6,4468.0,125415.0,-1159.0,44030.0,2.0,0.0,7008.0,0.0,2.0,-2.0,4313.0,-3740.0,4504.68,4563.2,4648.76,-58.51999999999953,-144.0799999999999,4601.866984126984,4672.792571428572,46595.5,,1.493162674347148,1.922876819842249,3.416039494189397,2.0,7008.0,0.0,573.0,-0.009241318821512579,0.8031012409556679,,,0.1507,0.052,0.387
20240829,4547.2,4470.0,4576.2,4461.6,127976.0,2561.0,61142.0,2.0,0.0,7009.0,0.0,3.0,-2.0,4536.0,-2530.0,4511.2,4551.8,4634.070000000001,-40.60000000000036,-122.8700000000008,4589.740952380952,4659.245777777777,46644.3,73370.4,1.511827977062778,1.926572306594156,3.438400283656934,2.0,7009.0,1.0,2006.0,0.02001156466837532,0.7723075294244103,,,0.137,0.0533,0.361
20240830,4628.4,4546.4,4711.2,4542.0,125643.0,-2333.0,78511.0,2.0,0.0,7134.0,0.0,3.0,-2.0,4889.0,-566.0,4533.16,4550.360000000001,4626.6,-17.20000000000073,-93.44000000000051,4587.231587301587,4646.210095238095,50000.9,94213.2,1.692148071524489,1.926572306594156,3.618720378118645,2.0,7134.0,1.0,4323.0,-0.018568483719745628,0.7777202762701891,,,0.274,0.1707,0.366
20240902,4532.4,4623.0,4631.8,4526.8,117722.0,-7921.0,49899.0,2.0,0.0,7212.0,0.0,3.0,-2.0,4744.0,-1053.0,4534.24,4537.4,4618.73,-3.159999999999854,-84.49000000000069,4580.283492063491,4633.018158730159,50499.4,,1.767983773428049,1.933665963540106,3.701649736968155,2.0,7212.0,1.0,3691.0,-0.06728563904792648,0.8555673933716664,,,0.2603,0.2493,0.414
20240903,4576.0,4540.0,4607.6,4532.8,117199.0,-523.0,50062.0,2.0,0.0,6930.0,0.0,3.0,-2.0,4241.0,-1415.0,4553.4,4537.8,4610.620000000001,15.59999999999945,-57.22000000000116,4575.071746031746,4620.412238095238,49843.6,,1.768884160460604,1.933665963540106,3.70255012400071,2.0,6930.0,1.0,2826.0,-0.004462495413783394,0.8472700667505124,,,0.3014,0.2827,0.41
20240904,4569.2,4555.0,4618.4,4532.0,112275.0,-4924.0,50798.0,2.0,0.0,5854.0,0.0,2.0,-2.0,4444.0,-1793.0,4570.64,4537.66,4602.3,32.98000000000047,-31.65999999999985,4570.61873015873,4608.71392063492,51311.8,,1.719102531962896,1.933665963540106,3.652768495503002,2.0,5854.0,0.0,2651.0,-0.04385660209307504,0.8367326865931326,,,0.3288,0.336,0.407
20240905,4592.4,4580.2,4628.6,4569.6,108401.0,-3874.0,43941.0,2.0,0.0,5927.0,0.0,2.0,-2.0,4502.0,-2103.0,4579.68,4545.44,4594.3,34.24000000000069,-14.61999999999989,4569.346825396826,4598.573142857143,50763.1,,1.740845741811658,1.933665963540106,3.674511705351764,2.0,5927.0,0.0,2399.0,-0.035737677696700214,0.8443543352737439,,,0.3425,0.3987,0.41
20240906,4524.2,4603.8,4615.4,4512.8,105680.0,-2721.0,50076.0,2.0,0.0,6053.0,0.0,2.0,-2.0,4014.0,-2401.0,4558.839999999999,4546.0,4585.12,12.83999999999924,-26.28000000000065,4564.809365079365,4589.672047619048,51116.6,,1.777615744596595,1.945024213860113,3.722639958456708,2.0,6053.0,0.0,1613.0,-0.025747539742619226,0.8887787971939105,,,0.4384,0.44,0.432
20240909,4494.6,4515.0,4543.0,4475.0,102710.0,-2970.0,50661.0,2.0,0.0,5919.0,0.0,2.0,-2.0,3353.0,-2726.0,4551.280000000001,4542.76,4573.969999999999,8.520000000000437,-22.68999999999869,4556.37873015873,4581.46819047619,52187.0,,1.703000704863558,1.945024213860113,3.648024918723671,2.0,5919.0,0.0,627.0,-0.028916366468698277,0.9066201178613011,,,0.411,0.4693,0.444
20240910,4493.0,4505.0,4524.2,4411.6,103023.0,313.0,67033.0,2.0,0.0,6008.0,0.0,2.0,-2.0,3407.0,-4458.0,4534.68,4544.039999999999,4562.16,-9.359999999998763,-27.47999999999956,4547.765873015873,4574.311428571428,54615.3,80439.59999999999,1.836145732252901,1.97416217986677,3.810307912119671,2.0,6008.0,0.0,-1051.0,0.0030381565281539075,0.9010214053376084,,,0.4521,0.5267,0.439
20240911,4509.2,4485.4,4525.0,4463.2,89613.0,-13410.0,48234.0,2.0,0.0,6792.0,0.0,1.0,-2.0,3432.0,-4056.0,4522.68,4546.659999999999,4554.929999999999,-23.97999999999865,-32.24999999999909,4541.22253968254,4568.246984126983,55035.7,,1.799752345002946,1.97416217986677,3.773914524869715,2.0,6792.0,-1.0,-624.0,-0.1496434669077031,0.9564357198255062,,,0.2466,0.2293,0.488
20240912,4496.4,4526.0,4573.8,4485.4,86927.0,-2686.0,52479.0,2.0,0.0,6023.0,0.0,1.0,-2.0,3618.0,-3905.0,4503.48,4541.58,4546.690000000001,-38.10000000000036,-43.21000000000095,4536.731746031746,4562.946063492063,54169.4,,1.879810632087901,1.979936353320641,3.859746985408543,2.0,6023.0,-1.0,-287.0,-0.030899490376982985,0.9290185604081216,,,0.2603,0.2307,0.465
20240913,4444.8,4505.2,4510.0,4444.0,73474.0,-13453.0,49248.0,2.0,0.0,5938.0,0.0,2.0,-2.0,3631.0,-3694.0,4487.6,4523.219999999999,4536.789999999999,-35.61999999999898,-49.18999999999869,4528.483015873016,4557.071206349206,51243.1,,1.918858783986366,1.979936353320641,3.898795137307007,2.0,5938.0,0.0,-63.0,-0.18309878324305195,0.9261169674785672,,,0.2877,0.256,0.462
20240918,4460.0,4452.0,4476.6,4385.0,58145.0,-15329.0,61868.0,2.0,0.0,4778.0,0.0,1.0,-2.0,2944.0,-3159.0,4480.679999999999,4515.98,4526.69,-35.30000000000109,-46.01000000000022,4519.961904761903,4551.039047619047,52440.0,,1.978506980180204,1.979936353320641,3.958443333500845,2.0,4778.0,-1.0,-215.0,-0.2636340184022702,0.9790598316807206,,,0.2877,0.252,0.502
20240919,4530.0,4474.8,4577.6,4426.0,31759.0,-26386.0,55324.0,2.0,0.0,5148.0,0.0,1.0,-2.0,3502.0,-2377.0,4488.08,4511.38,4524.589999999999,-23.30000000000018,-36.50999999999931,4517.904603174603,4545.322333333333,52966.2,,2.13319705100177,1.979936353320641,4.113133404322411,2.0,5148.0,-1.0,1125.0,-0.8308196101892377,0.9128725189872968,,,0.4384,0.3667,0.451
20240920,4474.8,4496.0,4500.0,4446.2,76816.0,45057.0,49475.0,2.0,0.0,4854.0,0.0,1.0,-2.0,3677.0,-2909.0,4481.2,4501.94,4519.8,-20.73999999999978,-38.60000000000036,4513.272380952381,4539.587698412698,52833.9,,2.086998266098598,1.94887366282936,4.035871928927959,2.0,4854.0,-1.0,768.0,0.5865574880233285,0.7286701586391262,,,0.4795,0.4533,0.314
20240923,4478.4,4465.0,4538.8,4452.8,75491.0,-1325.0,45993.0,2.0,0.0,4816.0,0.0,1.0,-2.0,3549.0,-2773.0,4477.6,4490.54,4517.99,-12.9399999999996,-40.38999999999942,4509.317301587302,4533.584746031746,53039.1,,1.960256682189589,1.933665963540106,3.893922645729694,2.0,4816.0,-1.0,776.0,-0.01755176113708919,0.6241033457764888,,,0.4932,0.5347,0.219
20240924,4705.6,4530.0,4706.0,4490.8,94988.0,19497.0,90166.0,2.0,-1.0,3685.0,0.0,2.0,-2.0,5467.0,-1425.0,4529.76,4508.68,4527.339999999999,21.07999999999993,2.420000000000982,4520.724761904761,4529.176285714286,57048.1,108199.2,2.148429483840214,1.94887366282936,4.097303146669574,1.0,3685.0,0.0,4042.0,0.2052575062113109,0.5723944777903345,,,0.5342,0.6093,0.187
20240925,4732.0,4746.2,4851.4,4720.4,81009.0,-13979.0,83625.0,2.0,0.0,4897.0,0.0,3.0,-2.0,6203.0,-365.0,4584.160000000001,4532.42,4537.589999999999,51.74000000000069,46.57000000000153,4542.519206349206,4527.790333333333,60344.5,100350.0,2.254324883551743,1.94887366282936,4.203198546381103,2.0,4897.0,1.0,5838.0,-0.17256107346097346,0.544971438727212,,,0.6027,0.6547,0.172
20240926,4995.2,4731.0,5002.0,4723.2,88026.0,7017.0,85335.0,2.0,0.0,6475.0,0.0,2.0,-2.0,7879.0,-180.0,4677.2,4582.64,4563.339999999999,94.55999999999949,113.8600000000006,4577.60634920635,4530.774380952381,62174.7,102402.0,2.540254588569482,2.001135018627767,4.541389607197249,2.0,6475.0,0.0,7699.0,0.07971508417967418,0.4553698700751302,,,0.6575,0.656,0.128
20240927,5430.2,5050.0,5432.4,5027.0,86381.0,-1645.0,130777.0,2.0,0.0,9043.0,0.0,3.0,-2.0,9588.0,-214.0,4868.28,4674.74,4610.7,193.54,257.5799999999999,4648.079047619048,4541.460031746031,70429.0,156932.4,3.090704726378913,2.079953364904583,5.170658091283496,2.0,9043.0,1.0,9374.0,-0.019043539667287945,0.4547234522643966,,,0.7123,0.6227,0.128
20240930,5902.8,5631.0,5902.8,5451.0,79435.0,-6946.0,120986.0,2.0,0.0,6550.0,0.0,3.0,-1.0,12348.0,0.0,5153.16,4815.38,4678.48,337.7799999999997,474.6800000000003,4760.574603174603,4563.844317460318,77279.7,145183.2,3.585650142863624,2.079953364904583,5.665603507768207,2.0,6550.0,2.0,12348.0,-0.08744256310190722,0.2794111163207585,,,0.6849,0.6693,0.063
20241008,6098.2,6483.0,6483.0,5876.0,75282.0,-4153.0,152218.0,2.0,0.0,5407.0,0.0,3.0,-1.0,6126.0,0.0,5431.679999999999,4980.719999999999,4751.97,450.96,679.7099999999991,4906.772539682541,4601.67326984127,87576.7,182661.6,4.296345715019499,2.126646427242153,6.422992142261652,2.0,5407.0,2.0,6126.0,-0.05516590951356234,0.4291521197453413,,,0.7123,0.684,0.122
20241009,5790.8,6013.0,6108.2,5690.0,77596.0,2314.0,137726.0,2.0,0.0,6918.0,0.0,3.0,-1.0,12023.0,0.0,5643.440000000001,5113.8,4814.889999999999,529.6400000000003,828.5500000000011,5013.534920634921,4651.030571428572,95162.5,165271.2,4.658181797116228,2.126646427242153,6.784828224358382,2.0,6918.0,2.0,12023.0,0.029821124800247435,0.2814125225388474,,,0.8904,0.8707,0.064
20241010,5712.6,5852.0,5915.6,5635.4,75588.0,-2008.0,105722.0,2.0,0.0,5522.0,0.0,3.0,0.0,13056.0,0.0,5786.92,5232.059999999999,4871.719999999999,554.8600000000006,915.2000000000007,5104.186031746031,4709.658714285715,100202.3,,4.889269741131191,2.126646427242153,7.015916168373344,2.0,5522.0,3.0,13056.0,-0.026565063237550934,0.3366823872323911,,,0.6849,0.572,0.085
20241011,5485.0,5681.0,5684.8,5403.6,71095.0,-4493.0,91837.0,2.0,0.0,7314.0,0.0,3.0,-1.0,12056.0,0.0,5797.88,5333.08,4917.51,464.8000000000002,880.3699999999999,5168.151904761904,4775.146666666667,104438.5,,5.131077310065639,2.146716291152281,7.27779360121792,2.0,7314.0,2.0,12056.0,-0.06319713059990154,0.4085254858073339,,,0.726,0.4973,0.119
20241014,5605.4,5548.4,5643.0,5411.2,64894.0,-6201.0,77725.0,2.0,0.0,7818.0,0.0,3.0,0.0,12819.0,0.0,5738.4,5445.780000000001,4968.16,292.619999999999,770.2399999999998,5231.013174603176,4847.316253968254,107611.7,,5.277827654314169,2.146716291152281,7.42454394546645,2.0,7818.0,3.0,12819.0,-0.09555582950657997,0.434459292263534,,,0.726,0.4627,0.126
20241015,5456.4,5565.8,5669.2,5450.2,53556.0,-11338.0,65132.0,2.0,0.0,8901.0,0.0,3.0,-1.0,11610.0,0.0,5610.04,5520.86,5014.77,89.18000000000029,595.2699999999995,5283.153809523808,4923.559158730159,105108.3,,5.379754596211857,2.188130426515892,7.567885022727749,2.0,8901.0,2.0,11610.0,-0.21170363731421316,0.4686062442302885,,,0.7123,0.4427,0.139
20241016,5463.8,5407.6,5565.2,5407.6,48601.0,-4955.0,63349.0,2.0,0.0,7059.0,0.0,3.0,0.0,12030.0,0.0,5544.64,5594.04,5063.23,-49.39999999999964,481.4099999999999,5326.064761904761,5001.913714285714,103080.7,,5.320242374669048,2.245326382666469,7.565568757335518,2.0,7059.0,3.0,12030.0,-0.10195263471945022,0.3915738550746588,,,0.726,0.4747,0.115
20241017,5407.0,5511.0,5555.0,5403.8,28090.0,-20511.0,50487.0,2.0,0.0,8383.0,0.0,3.0,-1.0,12684.0,0.0,5483.52,5635.219999999999,5108.93,-151.6999999999998,374.5899999999992,5363.132380952381,5080.466317460317,99595.9,,5.34389889375181,2.287343923070157,7.631242816821967,2.0,8383.0,2.0,12684.0,-0.730188679245283,0.3484533866517705,,,0.6575,0.42,0.094
20241018,5606.2,5405.4,5871.0,5391.8,130369.0,102279.0,94384.0,2.0,0.0,7599.0,0.0,3.0,-1.0,12092.0,0.0,5507.76,5652.820000000001,5163.780000000001,-145.0600000000004,343.9799999999996,5408.402857142855,5156.498698412698,95956.6,,5.779723318916315,2.378217630416912,8.157940949333227,2.0,7599.0,2.0,12092.0,0.7845346669837154,0.3981363477547616,,,0.5753,0.3053,0.119
20241021,5682.4,5656.0,5793.2,5624.2,127270.0,-3099.0,63221.0,2.0,0.0,6197.0,0.0,3.0,0.0,13347.0,0.0,5523.16,5630.78,5223.08,-107.6199999999999,300.0799999999999,5458.860793650792,5226.327317460316,90180.1,,5.654275669527451,2.484786612680744,8.139062282208195,2.0,6197.0,3.0,13347.0,-0.02434980749587491,0.6395375403569701,,,0.5205,0.2653,0.246
20241022,5741.4,5676.0,5762.0,5651.0,127147.0,-123.0,53852.0,2.0,-1.0,4733.0,0.0,3.0,0.0,13477.0,0.0,5580.16,5595.1,5287.910000000001,-14.94000000000051,292.2499999999991,5506.359206349208,5286.285984126984,80343.5,,5.537055324621639,2.484786612680744,8.021841937302382,1.0,4733.0,3.0,13477.0,-0.0009673842088291505,0.6573607585908567,,,0.4384,0.1773,0.266
20241023,5755.8,5732.8,5850.0,5712.6,132028.0,4881.0,66531.0,2.0,-1.0,4309.0,0.0,3.0,0.0,13241.0,0.0,5638.559999999999,5591.6,5352.7,46.95999999999913,285.8599999999997,5551.618253968255,5340.094317460317,73224.0,,5.30516313275544,2.484786612680744,7.789949745436184,1.0,4309.0,3.0,13241.0,0.03696943072681552,0.5970949974418551,,,0.4247,0.1827,0.22
20241024,5710.0,5725.6,5749.6,5678.0,127202.0,-4826.0,53231.0,2.0,-1.0,3906.0,0.0,3.0,0.0,12209.0,0.0,5699.16,5591.34,5411.7,107.8199999999997,287.46,5587.028253968253,5388.378539682539,67974.9,,4.833928917698552,2.420519954548376,7.254448872246927,1.0,3906.0,3.0,12209.0,-0.03793965503687049,0.6513358550848874,,,0.3699,0.184,0.261
20241025,5797.0,5724.8,5839.2,5712.4,131157.0,3955.0,62103.0,2.0,-1.0,3747.0,-33.0,3.0,-1.0,10100.0,0.0,5737.32,5622.54,5477.809999999999,114.7799999999997,259.5100000000002,5622.172857142857,5433.780634920635,65001.5,,4.407403671575549,2.420519954548376,6.827923626123924,1.0,3714.0,2.0,10100.0,0.030154700092255845,0.662572556836066,,,0.3836,0.1787,0.273
20241028,5857.8,5806.0,5867.0,5763.0,125430.0,-5727.0,50896.0,2.0,-1.0,3419.0,0.0,3.0,-1.0,7543.0,0.0,5772.4,5647.78,5546.78,124.6199999999999,225.6199999999999,5655.999682539683,5476.279285714286,62318.6,,3.784671108210786,2.420519954548376,6.205191062759161,1.0,3419.0,2.0,7543.0,-0.04565893326955274,0.7026009523718305,,,0.3836,0.18,0.31
20241029,5800.8,5882.0,5900.0,5777.0,128113.0,2683.0,60932.0,2.0,0.0,4693.0,0.0,3.0,-1.0,8941.0,0.0,5784.280000000001,5682.219999999999,5601.54,102.0600000000013,182.7400000000007,5683.580793650794,5516.321984126984,61898.6,,3.410907214826205,2.420519954548376,5.83142716937458,2.0,4693.0,2.0,8941.0,0.02094244924402676,0.7778055921795708,,,0.3836,0.1813,0.389
20241030,5814.4,5791.0,5858.6,5746.8,126673.0,-1440.0,61665.0,2.0,-1.0,2954.0,0.0,3.0,0.0,9298.0,0.0,5796.0,5717.280000000001,5655.66,78.71999999999935,140.3400000000001,5703.151904761904,5554.030698412698,61730.2,,3.193851236496537,2.420519954548376,5.614371191044913,1.0,2954.0,3.0,9298.0,-0.01136785265999858,0.7770549397450217,,,0.3562,0.1827,0.388
20241031,5859.6,5821.0,5920.8,5783.6,130021.0,3348.0,76331.0,2.0,0.0,5047.0,0.0,3.0,0.0,9432.0,0.0,5825.92,5762.54,5698.88,63.38000000000011,127.04,5720.971746031745,5589.814634920634,64314.6,,2.962869855954145,2.420519954548376,5.383389810502521,2.0,5047.0,3.0,9432.0,0.025749686589089455,0.8851998656209781,,,0.3425,0.1573,0.454
20241101,5821.0,5851.0,5899.0,5773.8,128218.0,-1803.0,74508.0,2.0,-1.0,3719.0,0.0,3.0,0.0,10146.0,0.0,5830.719999999999,5784.02,5718.42,46.69999999999982,112.2999999999993,5733.144761904761,5622.288825396825,62327.0,,2.821234092481721,2.359736973716175,5.180971066197896,1.0,3719.0,3.0,10146.0,-0.01406198817638709,0.8374177017830694,,,0.3425,0.1587,0.432
20241104,5917.4,5841.2,5920.0,5822.0,125022.0,-3196.0,52732.0,2.0,-1.0,2844.0,0.0,3.0,0.0,9233.0,0.0,5842.64,5807.52,5719.15,35.11999999999989,123.4900000000007,5749.10349206349,5651.313095238095,61278.1,,2.655462855177191,2.326574759079158,4.982037614256349,1.0,2844.0,3.0,9233.0,-0.025563500823855,0.8424026383789895,,,0.3699,0.16,0.435
20241105,6093.8,5915.0,6118.6,5889.0,133194.0,8172.0,77965.0,2.0,-1.0,3241.0,0.0,3.0,0.0,8455.0,0.0,5901.24,5842.76,5718.929999999999,58.47999999999956,182.3100000000004,5781.472063492063,5678.82438095238,63689.4,93558.0,2.723812397513869,2.359736973716175,5.083549371230044,1.0,3241.0,3.0,8455.0,0.06135411505022749,0.8586958944231967,,,0.3425,0.1653,0.444
20241106,6096.0,6100.0,6186.6,6044.0,131757.0,-1437.0,89343.0,2.0,-1.0,2135.0,0.0,3.0,-1.0,8066.0,0.0,5957.559999999999,5876.78,5734.190000000001,80.77999999999975,223.369999999999,5816.632698412697,5705.325825396825,65970.6,107211.6,2.690255243177494,2.34012600897753,5.030381252155024,1.0,2135.0,2.0,8066.0,-0.010906441403492794,0.8709055771724847,,,0.3014,0.2893,0.452
20241107,6207.8,6070.0,6219.6,6044.0,128719.0,-3038.0,73005.0,2.0,-2.0,57.0,-170.0,3.0,-1.0,6951.0,0.0,6027.2,5926.559999999999,5758.95,100.6400000000003,268.25,5857.600317460318,5732.383031746032,67948.0,,2.301010769859973,2.359736973716175,4.660747743576148,0.0,-113.0,2.0,6951.0,-0.023601799268173306,0.9170374714046772,,,0.2603,0.2813,0.485
20241108,6174.0,6260.0,6304.8,6151.6,130741.0,2022.0,81457.0,2.0,-2.0,276.0,-19.0,3.0,0.0,7442.0,0.0,6097.8,5964.26,5793.4,133.54,304.4000000000005,5899.383333333333,5760.104079365078,69883.4,,2.246426963899389,2.424843782032373,4.671270745931762,0.0,257.0,3.0,7442.0,0.015465691711092924,0.9270423059187404,,,0.3836,0.576,0.496
20241111,6240.0,6149.0,6274.6,6134.0,126557.0,-4184.0,72838.0,2.0,-2.0,330.0,-207.0,2.0,-1.0,6950.0,-1781.0,6162.32,6002.48,5825.13,159.8399999999992,337.1899999999996,5940.245396825396,5788.52865079365,72077.6,,2.268556047598545,2.424843782032373,4.693399829630918,0.0,123.0,1.0,5169.0,-0.03306020212236384,1.1286064310131885,,,0.3562,0.5147,0.611
20241112,6184.0,6250.0,6316.8,6153.0,130737.0,4180.0,84331.0,2.0,0.0,2455.0,0.0,2.0,-1.0,7700.0,-1899.0,6180.360000000001,6040.8,5861.51,139.5600000000004,318.8500000000004,5977.444444444444,5817.915015873015,74417.5,,2.288521734136141,2.49127235390674,4.77979408804288,2.0,2455.0,1.0,5801.0,0.031972586184477236,1.1468110804029976,,,0.3836,0.2867,0.623
20241113,6186.4,6149.0,6220.0,6118.4,130456.0,-281.0,77789.0,2.0,-2.0,1181.0,0.0,2.0,-1.0,7829.0,-2225.0,6198.440000000001,6078.0,5897.639999999999,120.4400000000005,300.8000000000011,6007.626666666665,5848.362492063491,76029.9,,2.303866745984535,2.49127235390674,4.795139099891275,0.0,1181.0,1.0,5604.0,-0.0021539829521064575,1.188435308218036,,,0.3288,0.2733,0.645
20241114,6057.4,6170.8,6174.8,6035.2,137171.0,6715.0,84085.0,2.0,-1.0,2377.0,0.0,2.0,-1.0,6686.0,-1485.0,6168.360000000001,6097.780000000001,5930.16,70.57999999999993,238.2000000000007,6026.045238095238,5878.869841269841,76805.3,,2.322845105704636,2.500120521467847,4.822965627172483,1.0,2377.0,1.0,5201.0,0.04895349600134139,1.1596788697405462,,,0.3288,0.2067,0.628
20241115,5913.2,6066.0,6076.6,5909.0,146968.0,9797.0,102856.0,2.0,-1.0,2535.0,0.0,3.0,-1.0,6902.0,-582.0,6116.2,6107.0,5945.51,9.199999999999818,170.6899999999996,6030.131269841268,5908.568492063491,79640.1,123427.2,2.396705774140708,2.511765271585955,4.908471045726664,1.0,2535.0,2.0,6320.0,0.06666076969136138,1.3449341548219669,,,0.3973,0.264,0.698
20241118,5822.0,5947.0,5949.0,5772.2,147138.0,170.0,99016.0,2.0,-1.0,1963.0,0.0,3.0,-1.0,6596.0,0.0,6032.6,6097.46,5952.49,-64.85999999999967,80.11000000000058,6022.18126984127,5935.876269841269,84268.5,,2.459857560998735,2.511765271585955,4.971622832584689,1.0,1963.0,2.0,6596.0,0.0011553779445146733,0.8650064139302256,,,0.4247,0.2653,0.447
20241119,5890.2,5833.6,5915.0,5769.0,141704.0,-5434.0,96561.0,2.0,0.0,3707.0,0.0,3.0,-2.0,4326.0,-591.0,5973.84,6077.1,5959.929999999999,-103.2600000000002,13.91000000000076,6013.888571428572,5959.117920634921,86128.1,,2.498141193519516,2.511765271585955,5.009906465105471,2.0,3707.0,1.0,3735.0,-0.03834754135380794,0.8525275673652908,,,0.3973,0.208,0.442
20241120,5943.8,5872.0,5979.8,5872.0,135112.0,-6592.0,83254.0,2.0,-1.0,3209.0,0.0,2.0,-2.0,4090.0,-1701.0,5925.32,6061.88,5969.33,-136.5600000000004,-44.01000000000022,6011.192063492063,5978.573857142857,85519.2,,2.460879747359459,2.511765271585955,4.972645018945414,1.0,3209.0,0.0,2389.0,-0.04878915270294274,0.9954888817725784,,,0.3151,0.1427,0.549
20241121,5933.4,5932.6,5962.8,5891.2,130116.0,-4996.0,67277.0,2.0,0.0,4369.0,0.0,2.0,-2.0,4180.0,-2463.0,5900.52,6034.440000000001,5980.5,-133.920000000001,-79.98000000000047,6007.262698412697,5993.540095238095,84946.4,,2.39429998322691,2.500120521467847,4.894420504694757,2.0,4369.0,0.0,1717.0,-0.038396507731562605,0.9594434846014684,,,0.3699,0.1547,0.526
20241122,5709.0,5929.0,5937.4,5703.6,138053.0,7937.0,87656.0,2.0,-1.0,2132.0,0.0,2.0,-2.0,3720.0,-2711.0,5859.68,5987.940000000001,5976.1,-128.2600000000002,-116.4200000000001,5988.735238095239,6002.475285714286,85566.3,,2.55982759233165,2.511765271585955,5.071592863917605,1.0,2132.0,0.0,1009.0,0.05749241233439331,0.9668437583205772,,,0.3836,0.204,0.531
20241125,5688.8,5730.0,5739.0,5628.0,134408.0,-3645.0,89635.0,2.0,-1.0,3003.0,0.0,2.0,-2.0,4539.0,-2441.0,5833.04,5932.82,5967.65,-99.77999999999975,-134.6099999999997,5961.990476190476,6004.649793650793,87246.0,,2.431049663279635,2.511765271585955,4.94281493486559,1.0,3003.0,0.0,2098.0,-0.02711892149276829,0.9976094912310888,,,0.4521,0.2293,0.552
20241126,5652.8,5667.8,5726.0,5631.2,126937.0,-7471.0,74672.0,2.0,-1.0,2942.0,0.0,2.0,-2.0,4914.0,-2779.0,5785.559999999999,5879.7,5960.25,-94.14000000000033,-174.6900000000005,5932.809047619047,6000.186253968253,86280.1,,2.386762165860475,2.511765271585955,4.898527437446431,1.0,2942.0,0.0,2135.0,-0.058855967921094716,0.9694266055492706,,,0.4521,0.2147,0.532
20241127,5767.6,5643.2,5784.8,5571.6,132981.0,6044.0,98774.0,2.0,0.0,3293.0,0.0,3.0,-2.0,3850.0,-1349.0,5750.320000000001,5837.82,5957.910000000001,-87.49999999999909,-207.5900000000001,5909.102063492065,5990.333793650794,88378.6,,2.444608513923328,2.571647747290907,5.016256261214235,2.0,3293.0,1.0,2501.0,0.04545010189425557,0.9101979934474652,,,0.4247,0.18,0.479
20241128,5723.6,5752.0,5798.0,5700.6,122078.0,-10903.0,73551.0,2.0,-1.0,3154.0,0.0,3.0,-2.0,3922.0,-1137.0,5708.36,5804.440000000001,5951.11,-96.08000000000084,-242.75,5888.320158730156,5976.561285714286,87325.2,,2.3904575141273,2.571647747290907,4.962105261418207,1.0,3154.0,1.0,2785.0,-0.08931175150313733,0.9902222136691516,,,0.3836,0.1467,0.549
20241129,5822.4,5729.8,5892.6,5702.0,127620.0,5542.0,97959.0,2.0,-1.0,3582.0,0.0,3.0,-1.0,5305.0,-1901.0,5731.04,5795.36,5951.18,-64.31999999999971,-220.1400000000003,5873.283333333334,5960.876492063492,86835.5,,2.463345104053,2.707812640937159,5.171157744990159,1.0,3582.0,2.0,3404.0,0.0434257953298856,0.940869670208862,,,0.2877,0.14,0.517
20241202,5912.0,5828.2,5948.0,5822.2,117198.0,-10422.0,79923.0,2.0,0.0,4125.0,0.0,2.0,-2.0,5119.0,-1743.0,5775.68,5804.36,5950.910000000001,-28.67999999999938,-175.2300000000005,5866.974444444447,5945.35580952381,84926.2,,2.425185253820289,2.707812640937159,5.132997894757448,2.0,4125.0,0.0,3376.0,-0.08892643219167562,0.9528331978173776,,,0.2466,0.068,0.522
20241203,5903.2,5915.4,5938.2,5851.2,115373.0,-1825.0,73607.0,2.0,0.0,4022.0,0.0,2.0,-1.0,5156.0,-1003.0,5825.76,5805.660000000001,5941.38,20.09999999999945,-115.6199999999999,5862.709206349207,5930.237873015873,82630.8,,2.415726075796985,2.56318078805351,4.978906863850495,2.0,4022.0,1.0,4153.0,-0.015818259038076498,0.9508407161595244,,,0.1918,0.0613,0.522
20241204,5860.0,5893.6,5913.4,5818.2,109719.0,-5654.0,64609.0,2.0,0.0,3832.0,0.0,3.0,-1.0,5205.0,0.0,5844.24,5797.280000000001,5929.58,46.95999999999913,-85.34000000000015,5855.45015873016,5914.663682539683,80766.3,,2.3528978931103,2.56318078805351,4.91607868116381,2.0,3832.0,2.0,5205.0,-0.051531639916514,1.0028716873858956,,,0.1781,0.044,0.561
20241205,5878.0,5844.6,5908.0,5826.4,111266.0,1547.0,63859.0,2.0,0.0,2819.0,0.0,3.0,0.0,5997.0,0.0,5875.12,5791.74,5913.09,83.38000000000011,-37.97000000000025,5849.421428571429,5898.879555555556,80424.5,,2.248401360377294,2.56318078805351,4.811582148430805,2.0,2819.0,3.0,5997.0,0.01390361835601172,1.0635488360211065,,,0.1507,0.0227,0.596
20241206,5963.4,5880.8,6006.4,5838.2,116512.0,5246.0,89397.0,2.0,-1.0,2984.0,0.0,3.0,0.0,6187.0,0.0,5903.32,5817.179999999999,5902.559999999999,86.14000000000033,0.7600000000002183,5851.314285714286,5885.137460317461,80598.6,,2.233974539548943,2.707812640937159,4.941787180486102,1.0,2984.0,3.0,6187.0,0.04502540510848668,1.0459730142040056,,,0.1096,0.0227,0.589
20241209,5922.6,5962.0,5985.0,5880.0,104031.0,-12481.0,65617.0,2.0,0.0,4169.0,0.0,3.0,-1.0,5453.0,0.0,5905.44,5840.56,5886.690000000001,64.8799999999992,18.74999999999909,5854.008412698414,5874.339253968255,78196.8,,2.182892877868184,2.707812640937159,4.890705518805343,2.0,4169.0,2.0,5453.0,-0.11997385394738107,1.0747821713038603,,,0.1096,0.0227,0.606
20241210,5991.4,6120.4,6165.0,5967.6,110258.0,6227.0,84052.0,2.0,-1.0,3169.0,0.0,3.0,0.0,5765.0,0.0,5923.08,5874.42,5877.059999999999,48.65999999999985,46.02000000000044,5868.214603174603,5867.879809523811,79134.8,,2.346313757063045,2.806040489176191,5.152354246239236,1.0,3169.0,3.0,5765.0,0.05647662754630049,1.0383893676163285,,,0.0959,0.0013,0.583
20241211,6036.4,5998.8,6055.4,5985.4,97017.0,-13241.0,63842.0,2.0,-1.0,4183.0,0.0,3.0,-1.0,5416.0,0.0,5958.360000000001,5901.3,5869.56,57.0600000000004,88.80000000000018,5882.044285714285,5865.174031746033,75641.6,,2.341405234189403,2.806040489176191,5.147445723365594,1.0,4183.0,2.0,5416.0,-0.13648123524743086,1.0396905947280757,,,0.0959,0.0027,0.586
20241212,6093.0,6038.0,6115.6,6018.0,96338.0,-679.0,64420.0,2.0,0.0,4281.0,0.0,3.0,0.0,5008.0,0.0,6001.360000000001,5938.24,5871.339999999999,63.1200000000008,130.0200000000013,5901.376825396826,5866.479698412699,74728.5,,2.164806507799045,2.806040489176191,4.970846996975236,2.0,4281.0,3.0,5008.0,-0.0070481014760530635,1.0187211352707453,,,0.0959,0.004,0.57
20241213,5998.2,6050.0,6056.4,5966.6,92066.0,-4272.0,82430.0,2.0,0.0,5055.0,0.0,2.0,-1.0,4749.0,-628.0,6008.32,5955.82,5875.59,52.5,132.7299999999996,5914.415238095238,5870.592888888889,73175.6,,2.175351349779338,2.806040489176191,4.981391838955529,2.0,5055.0,1.0,4121.0,-0.046401494579975236,1.0781868503010703,,,0.0685,0.0053,0.612
20241216,5908.0,6002.2,6002.2,5888.6,78993.0,-13073.0,60429.0,2.0,-1.0,4636.0,0.0,3.0,0.0,6013.0,0.0,6005.4,5955.42,5879.89,49.97999999999956,125.5099999999993,5919.600793650792,5875.855523809524,71226.2,,2.191355862178936,2.806040489176191,4.997396351355127,1.0,4636.0,3.0,6013.0,-0.16549567683212438,1.0739126707630096,,,0.0822,0.024,0.608
20241217,5850.8,5901.0,5926.6,5840.4,72044.0,-6949.0,66735.0,2.0,0.0,4527.0,0.0,3.0,0.0,7545.0,0.0,5977.280000000001,5950.18,5877.92,27.10000000000036,99.36000000000058,5918.42380952381,5881.426984126984,70539.0,,2.035890566356516,2.806040489176191,4.841931055532708,2.0,4527.0,3.0,7545.0,-0.0964549442007662,1.045078768165362,,,0.1918,0.0453,0.591
20241218,5888.6,5887.2,5930.0,5850.0,51345.0,-20699.0,55904.0,2.0,0.0,4736.0,0.0,3.0,0.0,7956.0,0.0,5947.719999999999,5953.04,5875.16,-5.320000000000618,72.55999999999949,5919.523174603174,5887.834285714286,69668.5,,2.010887893240835,2.806040489176191,4.816928382417027,2.0,4736.0,3.0,7956.0,-0.4031356509884117,1.0370074855320135,,,0.2466,0.1813,0.584
20241219,5911.6,5850.2,5929.8,5821.0,32535.0,-18810.0,48608.0,2.0,0.0,4927.0,0.0,3.0,0.0,8044.0,0.0,5911.44,5956.4,5874.070000000001,-44.96000000000004,37.36999999999898,5921.308412698412,5895.022984126984,68143.4,,1.910314591925618,2.707812640937159,4.618127232862777,2.0,4927.0,3.0,8044.0,-0.5781466113416321,1.0306334411984706,,,0.3014,0.1987,0.581
20241220,5895.6,5873.0,5946.4,5870.0,77801.0,45266.0,47129.0,2.0,0.0,3811.0,0.0,3.0,0.0,6889.0,0.0,5890.92,5949.620000000001,5883.4,-58.70000000000073,7.520000000000437,5922.920158730159,5902.183571428572,63916.6,,1.851245716046055,2.707812640937159,4.559058356983214,2.0,3811.0,3.0,6889.0,0.5818177144252644,1.0280241522201403,,,0.2877,0.2467,0.579
20241223,5803.0,5899.0,5916.0,5799.6,81572.0,3771.0,55190.0,2.0,0.0,3795.0,0.0,3.0,0.0,5092.0,0.0,5869.92,5937.660000000001,5889.11,-67.74000000000069,-19.1899999999996,5918.398095238093,5908.622539682539,62873.9,,1.888902007937291,2.707812640937159,4.596714648874451,2.0,3795.0,3.0,5092.0,0.04622909821997744,0.8433171838422423,,,0.411,0.3627,0.436
20241224,5879.2,5815.0,5892.2,5815.0,77334.0,-4238.0,54464.0,2.0,0.0,3332.0,-55.0,3.0,0.0,6673.0,0.0,5875.6,5926.440000000001,5900.43,-50.84000000000015,-24.82999999999993,5915.23984126984,5913.325063492062,59915.1,,1.881237969737339,2.557180677427,4.438418647164339,2.0,3277.0,3.0,6673.0,-0.0548012517133473,0.8439590058205527,,,0.4247,0.408,0.437
20241225,5828.4,5871.0,5878.2,5771.2,83082.0,5748.0,59311.0,1.0,0.0,3742.0,0.0,3.0,0.0,5764.0,0.0,5863.559999999999,5905.64,5903.469999999999,-42.08000000000084,-39.90999999999985,5909.255079365081,5916.046142857142,59462.0,,1.914181236154666,2.487272280155733,4.401453516310399,1.0,3742.0,3.0,5764.0,0.06918466093738716,0.8191850086435141,,,0.4795,0.4547,0.421
20241226,5870.0,5826.0,5887.0,5820.8,74324.0,-8758.0,40658.0,1.0,0.0,2697.0,0.0,3.0,0.0,5150.0,0.0,5855.24,5883.34,5910.79,-28.10000000000036,-55.55000000000018,5904.547777777777,5916.363238095238,57085.8,,1.793264218695701,2.479765454496917,4.273029673192617,1.0,2697.0,3.0,5150.0,-0.11783542328184705,0.8293103560451712,,,0.5479,0.4827,0.431
20241227,5887.8,5879.4,5975.6,5860.0,81821.0,7497.0,54899.0,1.0,0.0,3077.0,0.0,3.0,0.0,3335.0,0.0,5853.68,5872.3,5914.059999999999,-18.61999999999989,-60.3799999999992,5903.053333333334,5915.227047619048,54332.7,,1.806812969266796,2.423771750509209,4.230584719776005,1.0,3077.0,3.0,3335.0,0.09162684396426345,0.8003089673071707,,,0.589,0.4613,0.41
20241230,5889.2,5890.0,5923.6,5855.2,75459.0,-6362.0,45391.0,1.0,0.0,2536.0,0.0,3.0,0.0,4070.0,0.0,5870.92,5870.42,5912.92,0.5,-42.0,5900.930793650793,5913.360047619047,52828.9,,1.598746915027593,2.359736973716175,3.958483888743768,1.0,2536.0,3.0,4070.0,-0.08431068527279714,0.8035217358435003,,,0.589,0.4893,0.415
20241231,5693.0,5895.2,5905.0,5691.6,83952.0,8493.0,64273.0,1.0,0.0,2532.0,0.0,3.0,-1.0,4173.0,0.0,5833.679999999999,5854.64,5902.41,-20.96000000000095,-68.73000000000047,5886.516507936509,5910.169317460317,52582.7,77127.59999999999,1.779446674854726,2.359736973716175,4.139183648570901,1.0,2532.0,2.0,4173.0,0.10116495140080045,0.8129440376362237,,,0.5753,0.5147,0.422
20250102,5534.6,5695.2,5706.8,5477.2,82376.0,-1576.0,65758.0,1.0,0.0,1690.0,0.0,2.0,-1.0,4357.0,0.0,5774.92,5819.24,5886.14,-44.31999999999971,-111.2200000000003,5855.103333333334,5903.727333333333,53568.1,78909.59999999999,1.95288252401085,2.359736973716175,4.312619497727026,1.0,1690.0,1.0,4357.0,-0.019131785957074876,0.8706215411872655,,,0.5068,0.316,0.461
20250103,5428.8,5545.2,5567.0,5408.0,83774.0,1398.0,70670.0,1.0,0.0,1132.0,0.0,3.0,-1.0,4409.0,-237.0,5686.68,5770.960000000001,5863.679999999999,-84.28000000000065,-176.9999999999991,5814.179365079366,5893.014428571429,55774.3,84804.0,2.006679086387609,2.359736973716175,4.366416060103783,1.0,1132.0,2.0,4172.0,0.016687755150762765,0.8201582781080461,,,0.4658,0.3893,0.427
20250106,5418.0,5421.2,5476.0,5381.0,77477.0,-6297.0,61530.0,1.0,0.0,620.0,0.0,3.0,0.0,6160.0,0.0,5592.719999999999,5723.2,5836.41,-130.4800000000005,-243.6900000000005,5771.459047619046,5877.868317460317,57214.4,,1.995825627084402,2.34012600897753,4.335951636061933,1.0,620.0,3.0,6160.0,-0.08127573344347355,0.8620469175595141,,,0.4795,0.3987,0.454
20250107,5468.8,5416.0,5482.0,5395.0,73498.0,-3979.0,54204.0,1.0,0.0,652.0,0.0,3.0,0.0,5797.0,0.0,5508.64,5689.78,5813.719999999999,-181.1399999999994,-305.079999999999,5732.985396825396,5859.327047619047,57115.8,,2.006303749163522,2.287618614980826,4.293922364144348,1.0,652.0,3.0,5797.0,-0.054137527551770113,0.863677913953792,,,0.4932,0.5547,0.456
20250108,5448.2,5455.0,5498.8,5308.6,79061.0,5563.0,73640.0,1.0,0.0,1666.0,0.0,3.0,0.0,4982.0,0.0,5459.68,5646.68,5786.559999999999,-187.0,-326.8799999999992,5696.425555555556,5837.445619047619,59033.4,88368.0,2.155179961028663,2.287618614980826,4.442798576009489,1.0,1666.0,3.0,4982.0,0.07036339029357079,0.8323731958496721,,,0.4795,0.5307,0.436
20250109,5437.2,5440.0,5485.8,5427.6,67920.0,-11141.0,43668.0,1.0,0.0,818.0,0.0,3.0,0.0,5394.0,0.0,5440.2,5607.559999999999,5756.6,-167.3599999999997,-316.4000000000005,5662.793650793651,5812.799476190477,57469.1,,2.104381128761552,2.238525453041582,4.342906581803135,1.0,818.0,3.0,5394.0,-0.16403121319199057,0.8478018847271099,,,0.4521,0.4707,0.448
20250110,5365.6,5432.0,5496.0,5365.2,68288.0,368.0,49653.0,1.0,0.0,702.0,0.0,3.0,-1.0,4587.0,0.0,5427.559999999999,5557.12,5720.23,-129.5600000000004,-292.6700000000001,5628.406825396824,5785.185380952381,58368.6,,2.187410546687979,2.238525453041582,4.425935999729561,1.0,702.0,2.0,4587.0,0.005388940955951265,0.8568646351260019,,,0.4384,0.4707,0.455
20250113,5385.6,5321.0,5425.6,5321.0,63807.0,-4481.0,60597.0,1.0,0.0,1471.0,0.0,3.0,0.0,6179.0,0.0,5421.08,5506.9,5689.6,-85.81999999999971,-268.5200000000004,5594.124285714285,5754.292476190476,58938.4,,2.184011083041317,2.181995515277123,4.366006598318441,1.0,1471.0,3.0,6179.0,-0.0702274045167458,0.8760848610224017,,,0.4795,0.4707,0.473
20250114,5569.0,5401.0,5594.6,5369.8,55396.0,-8411.0,67439.0,1.0,0.0,987.0,0.0,3.0,0.0,7205.0,0.0,5441.120000000001,5474.88,5672.65,-33.75999999999931,-231.5299999999988,5576.255714285714,5721.824968253968,61143.2,,2.366019722796783,2.181995515277123,4.548015238073907,1.0,987.0,3.0,7205.0,-0.15183406744169253,0.8201356325482843,,,0.4795,0.4707,0.427
20250115,5526.0,5566.0,5567.6,5511.4,36978.0,-18418.0,43243.0,1.0,0.0,697.0,0.0,3.0,0.0,6611.0,0.0,5456.68,5458.18,5656.410000000001,-1.5,-199.7300000000005,5562.435873015874,5689.416904761905,59040.2,,2.310521574193616,2.181995515277123,4.49251708947074,1.0,697.0,3.0,6611.0,-0.498079939423441,0.8496771721220967,,,0.4658,0.4707,0.451
20250116,5545.0,5550.2,5644.0,5505.4,25184.0,-11794.0,40277.0,1.0,0.0,628.0,0.0,3.0,0.0,6696.0,0.0,5478.24,5459.22,5639.23,19.01999999999953,-160.9900000000007,5552.463968253967,5659.152968253968,56492.1,,2.41350158769434,2.181995515277123,4.595497102971464,1.0,628.0,3.0,6696.0,-0.46831321473951715,0.8946299047373136,,,0.7397,0.6787,0.484
20250117,5550.8,5480.4,5587.8,5468.2,121560.0,96376.0,57692.0,1.0,-1.0,301.0,0.0,3.0,0.0,6382.0,0.0,5515.280000000001,5471.42,5621.190000000001,43.86000000000058,-105.9099999999999,5541.646825396826,5631.899714285713,55194.3,,2.429206391939925,2.184282226524324,4.613488618464249,0.0,301.0,3.0,6382.0,0.7928265876933202,0.8415064835439754,,,0.6986,0.736,0.442
20250120,5579.6,5594.0,5644.2,5564.4,121521.0,-39.0,49383.0,1.0,0.0,347.0,0.0,3.0,0.0,6726.0,0.0,5554.08,5487.58,5605.39,66.5,-51.3100000000004,5538.472222222223,5608.601031746031,53979.6,,2.47146856018568,2.152357664338307,4.623826224523987,1.0,347.0,3.0,6726.0,-0.00032093218456069324,1.1913813216720763,,,0.6438,0.728,0.693
20250121,5595.0,5615.2,5622.4,5536.0,121095.0,-426.0,47880.0,1.0,0.0,970.0,0.0,3.0,0.0,7626.0,0.0,5559.280000000001,5500.2,5594.99,59.08000000000084,-35.70999999999913,5536.326984126985,5588.935190476191,53347.2,,2.309367851538409,2.152357664338307,4.461725515876717,1.0,970.0,3.0,7626.0,-0.003517899170073083,1.2214032757000082,,,0.6849,0.748,0.705
20250122,5572.6,5584.0,5584.0,5510.2,121304.0,209.0,49093.0,1.0,-1.0,1137.0,-1138.0,3.0,0.0,7565.0,0.0,5568.6,5512.64,5579.66,55.96000000000004,-11.05999999999949,5533.381904761905,5572.630825396825,50892.5,,2.11990604784485,2.152357664338307,4.272263712183157,0.0,-1.0,3.0,7565.0,0.0017229440084416013,1.2141149548850805,,,0.7534,0.7653,0.702
20250123,5540.2,5631.8,5704.0,5536.6,129382.0,8078.0,73922.0,2.0,-1.0,1306.0,0.0,3.0,0.0,6085.0,0.0,5567.64,5522.940000000001,5565.25,44.69999999999982,2.390000000000327,5532.91380952381,5559.642841269841,53917.9,88706.4,2.127747994846861,2.194068676633358,4.321816671480219,1.0,1306.0,3.0,6085.0,0.062435269202825744,1.2312369234567564,,,0.7671,0.776,0.708
20250124,5638.6,5545.0,5648.0,5540.0,120968.0,-8414.0,62668.0,1.0,-1.0,2114.0,-1256.0,3.0,0.0,6800.0,0.0,5585.2,5550.24,5553.68,34.96000000000004,31.51999999999953,5536.274761904761,5550.429634920635,55219.4,,2.138504212519198,2.152357664338307,4.290861876857505,0.0,858.0,3.0,6800.0,-0.06955558494808545,1.1755757922212673,,,0.7534,0.776,0.683
20250127,5532.8,5644.6,5658.8,5525.0,118922.0,-2046.0,48896.0,1.0,-1.0,1899.0,-1265.0,3.0,0.0,6084.0,0.0,5575.840000000001,5564.96,5535.93,10.88000000000102,39.91000000000076,5537.594444444445,5544.776650793651,54049.3,,2.197287484699727,2.194068676633358,4.391356161333086,0.0,634.0,3.0,6084.0,-0.01720455424564,1.2282313031429364,,,0.7397,0.7627,0.708
20250205,5567.8,5592.0,5613.0,5540.6,120208.0,1286.0,51569.0,1.0,-1.0,2239.0,-1268.0,3.0,0.0,5654.0,0.0,5570.400000000001,5564.84,5519.86,5.5600000000004,50.54000000000087,5541.170158730158,5541.268095238096,52462.3,,2.051784233222834,2.194068676633358,4.245852909856192,0.0,971.0,3.0,5654.0,0.010698123253028085,1.2528079895499644,,,0.7397,0.7907,0.721
20250206,5712.8,5563.0,5728.0,5551.4,123482.0,3274.0,60055.0,1.0,-1.0,2417.0,-1292.0,3.0,0.0,7465.0,0.0,5598.440000000001,5583.52,5520.85,14.92000000000098,77.59000000000015,5554.36650793651,5540.461158730159,54143.5,,2.196922300576459,2.194068676633358,4.390990977209817,0.0,1125.0,3.0,7465.0,0.026513985844090638,1.1778073679748309,,,0.7945,0.7987,0.685
20250207,5807.6,5712.8,5877.4,5703.6,130027.0,6545.0,79118.0,1.0,-1.0,1512.0,-1116.0,3.0,0.0,10131.0,0.0,5651.92,5609.780000000001,5534.5,42.13999999999942,117.4200000000001,5579.128253968253,5543.127587301587,58027.6,94941.59999999999,2.239533865653569,2.194068676633358,4.433602542286927,0.0,396.0,3.0,10131.0,0.050335699508563606,1.1348009258366925,,,0.8082,0.7347,0.661
20250210,5844.0,5832.0,5863.8,5804.0,120007.0,-10020.0,50534.0,1.0,-1.0,1012.0,-1096.0,3.0,0.0,9133.0,0.0,5693.0,5639.1,5555.26,53.89999999999964,137.7399999999998,5607.921587301588,5549.755063492064,57311.8,,2.16945908594611,2.138583054699699,4.308042140645808,0.0,-84.0,3.0,9133.0,-0.08349512945078204,1.2417477104871346,,,0.8219,0.7613,0.718
20250211,5822.8,5848.8,5848.8,5782.6,119161.0,-846.0,46781.0,1.0,-1.0,2463.0,-1076.0,3.0,0.0,9096.0,0.0,5751.0,5663.42,5575.500000000001,87.57999999999993,175.4999999999991,5633.596825396825,5559.267523809524,57051.6,,1.96129667307663,2.115529516771132,4.076826189847762,0.0,1387.0,3.0,9096.0,-0.007099638304478815,1.2494302231886945,,,0.5342,0.5853,0.723
20250212,5902.6,5811.4,5916.2,5809.4,121108.0,1947.0,58621.0,1.0,-1.0,1836.0,-1034.0,3.0,0.0,8335.0,0.0,5817.96,5694.179999999999,5597.190000000001,123.7800000000007,220.7699999999995,5662.612380952381,5571.896063492064,58125.7,,2.014083689128694,2.046434965586459,4.060518654715153,0.0,802.0,3.0,8335.0,0.016076559764837996,1.286180988726391,,,0.5342,0.5853,0.736
20250213,5873.0,5895.0,5917.8,5850.0,120734.0,-374.0,59053.0,1.0,-1.0,2029.0,-1152.0,3.0,0.0,7928.0,0.0,5850.0,5724.219999999999,5618.43,125.7800000000007,231.5699999999997,5689.869682539684,5587.544841269841,59121.7,,1.916766616126185,1.98037276038308,3.897139376509265,0.0,877.0,3.0,7928.0,-0.0030977189524077726,1.2476489168745246,,,0.5205,0.5867,0.722
20250214,5925.0,5878.2,5933.8,5855.0,122642.0,1908.0,62706.0,1.0,-1.0,1845.0,-1198.0,3.0,0.0,9762.0,0.0,5873.48,5762.7,5642.82,110.7800000000007,230.6600000000008,5717.930634920635,5606.046523809524,58000.1,,1.856736708277857,1.98037276038308,3.837109468660937,0.0,647.0,3.0,9762.0,0.015557476231633534,1.2612050054830968,,,0.7808,0.7533,0.727
20250217,5909.4,5958.0,5960.0,5860.6,123874.0,1232.0,64852.0,1.0,-1.0,1524.0,-1192.0,3.0,0.0,9152.0,0.0,5886.56,5789.780000000001,5670.01,96.77999999999975,216.5500000000002,5744.465079365079,5626.865555555556,58218.5,,1.856582781060811,1.956074180863297,3.812656961924108,0.0,332.0,3.0,9152.0,0.009945589873581219,1.3112909816492937,,,0.7671,0.7267,0.746
20250218,5822.6,5900.6,5919.2,5783.0,127510.0,3636.0,69781.0,1.0,-1.0,1893.0,-1267.0,3.0,0.0,8902.0,0.0,5886.52,5818.76,5691.86,67.75999999999931,194.6599999999999,5760.884444444445,5649.194555555556,60307.0,,1.913216803899005,1.956074180863297,3.869290984762302,0.0,626.0,3.0,8902.0,0.02851541055603482,1.2743801782538624,,,0.6986,0.712,0.733
20250219,5913.4,5822.6,5924.6,5806.6,130879.0,3369.0,70237.0,1.0,-1.0,1755.0,-1151.0,3.0,0.0,9267.0,0.0,5888.68,5853.32,5709.08,35.36000000000058,179.6000000000004,5779.94888888889,5673.072428571429,62173.8,,1.946231157022542,1.956074180863297,3.902305337885839,0.0,604.0,3.0,9267.0,0.025741333598209033,1.2935000772556349,,,0.6575,0.688,0.737
20250220,5918.0,5895.0,5948.8,5881.8,128818.0,-2061.0,63368.0,1.0,-1.0,1666.0,-1140.0,3.0,0.0,7098.0,0.0,5897.68,5873.84,5728.68,23.84000000000015,169.0,5799.67365079365,5697.603142857142,62505.1,,1.8135148983131,1.945810713285714,3.759325611598815,0.0,526.0,3.0,7098.0,-0.015999316865655422,1.3372004901910757,,,0.6575,0.652,0.75
20250221,6028.8,5933.0,6048.2,5909.0,141410.0,12592.0,81002.0,1.0,-1.0,595.0,0.0,3.0,0.0,8185.0,0.0,5918.440000000001,5895.960000000001,5752.87,22.47999999999956,165.5700000000006,5825.669682539681,5722.257285714286,62693.5,97202.4,1.843085243305393,1.956074180863297,3.799159424168691,0.0,595.0,3.0,8185.0,0.08904603634820735,1.2714979165852445,,,0.6712,0.62,0.729
20250224,5994.4,6025.0,6030.0,5958.0,128858.0,-12552.0,71380.0,1.0,-1.0,587.0,-1738.0,3.0,0.0,6114.0,-222.0,5935.44,5911.0,5775.05,24.4399999999996,160.3899999999994,5849.280158730158,5746.393142857143,64778.1,,1.757388270914236,1.956074180863297,3.713462451777533,0.0,-1151.0,3.0,5892.0,-0.09740955159943504,1.1781990724566072,,,0.6849,0.4987,0.688
20250225,5950.4,5948.0,5998.8,5916.6,129120.0,262.0,68917.0,2.0,-1.0,1388.0,-313.0,3.0,0.0,6074.0,0.0,5961.0,5923.76,5793.59,37.23999999999978,167.4099999999999,5866.854444444444,5769.718904761905,66991.7,,1.751657268200832,1.945810713285714,3.697467981486546,1.0,1075.0,3.0,6074.0,0.0020291201982651796,1.2404437625593714,,,0.6164,0.5547,0.716
20250226,5997.0,5962.4,6029.6,5922.6,127921.0,-1199.0,79564.0,1.0,0.0,1095.0,0.0,3.0,-1.0,6143.0,-43.0,5977.719999999999,5933.2,5813.690000000001,44.51999999999953,164.0299999999988,5885.612222222223,5792.01888888889,69086.0,,1.661487867100314,1.930576424164378,3.592064291264692,1.0,1095.0,2.0,6100.0,-0.00937297238139164,1.3869227215915492,,,0.589,0.5053,0.768
20250227,5982.4,5990.6,6014.4,5888.6,125657.0,-2264.0,84699.0,1.0,0.0,679.0,0.0,3.0,-1.0,5913.0,-145.0,5990.6,5944.14,5834.18,46.46000000000004,156.4200000000001,5901.129999999999,5813.144920634921,71650.6,,1.600071425296619,1.950682531612097,3.550753956908717,1.0,679.0,2.0,5768.0,-0.01801730106559921,1.420091831267713,,,0.589,0.4813,0.778
20250228,5838.4,5961.2,5965.0,5808.4,124084.0,-1573.0,85967.0,1.0,0.0,767.0,0.0,3.0,-1.0,4076.0,-276.0,5952.52,5935.48,5849.09,17.03999999999905,103.4299999999994,5905.485873015874,5831.900444444444,73976.7,,1.737972108467605,1.950682531612097,3.688654640079703,1.0,767.0,2.0,3800.0,-0.01267689629605751,1.40316166373548,,,0.5616,0.5693,0.772
20250303,5847.2,5853.0,5938.0,5822.2,118799.0,-5285.0,80874.0,1.0,0.0,1147.0,0.0,3.0,-1.0,5269.0,0.0,5923.08,5929.26,5859.52,-6.180000000000291,63.5600000000004,5907.286031746032,5848.182539682539,75578.9,,1.797289831681997,1.970203177027048,3.767493008709045,1.0,1147.0,2.0,5269.0,-0.044486906455441545,1.4076563666878483,,,0.589,0.564,0.774
20250304,5896.4,5810.6,5921.4,5810.0,115404.0,-3395.0,67897.0,1.0,-2.0,0.0,-1039.0,3.0,0.0,6228.0,0.0,5912.28,5936.64,5877.7,-24.36000000000058,34.57999999999993,5908.61,5862.955095238095,75390.5,,1.802973349868027,1.950682531612097,3.753655881480124,-1.0,-1039.0,3.0,6228.0,-0.029418391043638,1.4375886978973145,,,0.6301,0.5813,0.784
20250305,5905.8,5900.0,5919.0,5837.0,113848.0,-1556.0,71038.0,1.0,-2.0,0.0,-940.0,3.0,0.0,5760.0,0.0,5894.039999999999,5935.88,5894.6,-41.84000000000106,-0.5600000000013097,5910.548412698412,5876.015047619047,75470.6,,1.819383281160313,1.930576424164378,3.749959705324691,-1.0,-940.0,3.0,5760.0,-0.013667345934930785,1.4993473545296143,,,0.6301,0.5693,0.806
20250306,6020.0,5941.0,6047.0,5940.0,113238.0,-610.0,77533.0,1.0,-2.0,0.0,-1015.0,3.0,0.0,5283.0,0.0,5901.559999999999,5946.08,5909.96,-44.52000000000044,-8.400000000000546,5920.957619047618,5888.143444444444,76887.1,,1.892460270619889,1.950682531612097,3.843142802231986,-1.0,-1015.0,3.0,5283.0,-0.005386884261466999,1.4575415378504724,,,0.6164,0.5387,0.789
20250307,5992.4,6006.0,6036.0,5968.2,106650.0,-6588.0,64656.0,1.0,-2.0,0.0,-803.0,3.0,-1.0,4498.0,-285.0,5932.36,5942.44,5919.2,-10.07999999999993,13.15999999999985,5930.26,5898.602476190475,75252.5,,1.852547071733855,1.950682531612097,3.803229603345953,-1.0,-803.0,2.0,4213.0,-0.061772151898734175,1.4782656618326209,,,0.5753,0.4933,0.796
20250310,5961.2,5985.0,6008.4,5920.2,102298.0,-4352.0,66437.0,1.0,-2.0,71.0,-807.0,2.0,-1.0,4416.0,-609.0,5955.16,5939.120000000001,5925.059999999999,16.03999999999905,30.10000000000036,5935.517142857142,5907.226174603175,74758.2,,1.791802108935224,1.950682531612097,3.742484640547321,-1.0,-736.0,1.0,3807.0,-0.04254237619503803,1.5024012882404991,,,0.5753,0.4853,0.809
20250311,6011.0,5906.0,6011.8,5901.0,99223.0,-3075.0,68926.0,1.0,-2.0,6.0,-907.0,3.0,-1.0,3937.0,0.0,5978.08,5945.18,5934.469999999999,32.89999999999964,43.61000000000058,5940.416190476191,5914.582349206349,74759.1,,1.781064847366437,1.930576424164378,3.711641271530814,-1.0,-901.0,2.0,3937.0,-0.030990798504379025,1.5668467899354703,,,0.5616,0.436,0.827
20250312,6019.0,6028.6,6079.8,5998.6,96372.0,-2851.0,67452.0,1.0,-2.0,168.0,-957.0,3.0,-1.0,3908.0,-147.0,6000.719999999999,5947.38,5940.29,53.33999999999924,60.42999999999938,5950.060793650792,5921.027206349206,73547.9,,1.795926389308328,1.930576424164378,3.726502813472706,-1.0,-789.0,2.0,3761.0,-0.029583281451043872,1.643153878405015,,,0.5342,0.4067,0.863
20250313,5967.8,6013.4,6027.8,5914.6,92425.0,-3947.0,71591.0,0.0,-2.0,402.0,0.0,3.0,0.0,5084.0,0.0,5990.28,5945.92,5945.030000000001,44.35999999999967,45.24999999999909,5953.834285714287,5926.297634920635,72237.1,,1.766058951781768,1.918348045934753,3.68440699771652,-2.0,402.0,3.0,5084.0,-0.04270489586150933,1.57478898613205,,,0.2603,0.2587,0.832
20250314,6096.2,5970.2,6099.2,5951.4,93645.0,1220.0,85658.0,2.0,-1.0,835.0,0.0,3.0,0.0,5521.0,0.0,6011.04,5971.7,5953.59,39.34000000000015,57.44999999999982,5964.469047619048,5932.195952380952,72206.2,,1.854699994729603,1.930576424164378,3.785276418893981,1.0,835.0,3.0,5521.0,0.013027924608895297,1.430698008301951,,,0.3288,0.264,0.782
20250317,6083.0,6109.0,6110.0,6077.2,75358.0,-18287.0,57551.0,0.0,-2.0,0.0,-971.0,3.0,0.0,5568.0,0.0,6035.4,5995.280000000001,5962.27,40.11999999999898,73.13000000000011,5978.480158730159,5939.315365079366,69873.9,,1.792680505825314,1.930576424164378,3.723256929989692,-2.0,-971.0,3.0,5568.0,-0.2426683298389023,1.5172530829229771,,,0.3562,0.2653,0.814
20250318,6112.4,6105.0,6165.0,6094.6,69267.0,-6091.0,54619.0,2.0,-1.0,619.0,0.0,3.0,0.0,6192.0,0.0,6055.679999999999,6016.879999999999,5976.76,38.80000000000018,78.91999999999916,5993.231746031746,5947.77753968254,68546.1,,1.760353121581403,1.918348045934753,3.678701167516156,1.0,619.0,3.0,6192.0,-0.08793509174643048,1.5368080294425883,,,0.3425,0.2813,0.819
20250319,6099.4,6099.8,6121.0,6058.2,52332.0,-16935.0,53329.0,2.0,-2.0,513.0,0.0,3.0,0.0,7271.0,0.0,6071.76,6036.24,5986.059999999999,35.52000000000044,85.70000000000073,6005.264444444444,5957.249142857143,66775.2,,1.682762831811969,1.904255470734237,3.587018302546206,0.0,513.0,3.0,7271.0,-0.3236069708782389,1.567195116601939,,,0.3425,0.2827,0.831
20250320,6056.6,6091.6,6102.6,6045.6,35118.0,-17214.0,42196.0,0.0,-2.0,0.0,-1262.0,3.0,0.0,8240.0,0.0,6089.52,6039.9,5992.99,49.61999999999989,96.52999999999975,6013.34126984127,5966.487507936508,63241.5,,1.539222823320058,1.904255470734237,3.443478294054295,-2.0,-1262.0,3.0,8240.0,-0.49017597813087305,1.5887783719780182,,,0.3425,0.2827,0.842
20250321,5913.6,5988.8,6020.0,5880.4,77193.0,42075.0,58354.0,0.0,-2.0,76.0,-448.0,3.0,0.0,8055.0,0.0,6053.0,6032.02,5987.23,20.97999999999956,65.76999999999953,6008.93142857143,5974.354650793651,62611.3,,1.609797610501244,1.926107950126222,3.535905560627466,-2.0,-372.0,3.0,8055.0,0.5450623761221872,1.6587727458043549,,,0.4384,0.348,0.881
20250324,5903.8,5913.0,5933.4,5838.6,71554.0,-5639.0,52006.0,1.0,-2.0,72.0,-1286.0,3.0,0.0,5015.0,0.0,6017.16,6026.28,5982.7,-9.11999999999989,34.46000000000004,6000.948888888888,5980.897825396825,61168.2,,1.589927527447583,1.926107950126222,3.516035477573805,-1.0,-1214.0,3.0,5015.0,-0.07880761383011432,1.3033657148064468,,,0.4384,0.372,0.742
20250325,5895.2,5900.0,5936.0,5864.0,73750.0,2196.0,49430.0,1.0,-2.0,102.0,-1135.0,3.0,0.0,6577.0,0.0,5973.72,6014.7,5979.940000000001,-40.97999999999956,-6.220000000000255,5992.656825396824,5986.121888888889,59218.6,,1.578241707039923,1.926107950126222,3.504349657166145,-1.0,-1033.0,3.0,6577.0,0.02977627118644068,1.2890472393307777,,,0.4658,0.4107,0.737
20250326,5895.8,5893.6,5949.8,5893.6,71729.0,-2021.0,46238.0,1.0,-2.0,120.0,-1112.0,3.0,0.0,6997.0,0.0,5933.0,6002.379999999999,5974.88,-69.3799999999992,-41.88000000000011,5985.81984126984,5989.697793650794,57097.2,,1.479393482002776,1.904255470734237,3.383648952737013,-1.0,-992.0,3.0,6997.0,-0.028175493872771126,1.2877345843309675,,,0.5068,0.4507,0.737
20250327,5922.2,5894.0,5967.0,5836.4,75832.0,4103.0,52431.0,1.0,-2.0,0.0,-1731.0,3.0,0.0,7546.0,0.0,5906.120000000001,5997.820000000001,5971.870000000001,-91.69999999999982,-65.75,5980.207936507936,5992.335158730159,55181.2,,1.555448597284637,1.926107950126222,3.481556547410859,-1.0,-1731.0,3.0,7546.0,0.05410644582761895,1.3245473545289326,,,0.5479,0.476,0.753
20250328,5869.6,5919.8,5941.4,5855.8,69932.0,-5900.0,44969.0,1.0,-2.0,147.0,-126.0,3.0,0.0,6837.0,0.0,5897.32,5975.16,5973.429999999999,-77.84000000000015,-76.10999999999967,5971.890158730159,5993.07726984127,51112.3,,1.554046962512046,1.926107950126222,3.480154912638268,-1.0,21.0,3.0,6837.0,-0.08436767145226792,1.3295529666872472,,,0.5753,0.4973,0.754
20250331,5819.6,5848.8,5875.0,5751.2,76650.0,6718.0,54572.0,1.0,-1.0,1187.0,0.0,3.0,0.0,7513.0,0.0,5880.48,5948.82,5972.05,-68.33999999999924,-91.56999999999971,5957.54746031746,5990.983999999999,50814.4,,1.573142771074256,1.950682531612097,3.523825302686353,0.0,1187.0,3.0,7513.0,0.08764514024787998,1.408075107992609,,,0.7397,0.7613,0.779
20250401,5850.6,5836.0,5898.2,5825.0,68724.0,-7926.0,42101.0,2.0,-2.0,964.0,0.0,3.0,0.0,7972.0,0.0,5871.559999999999,5922.64,5969.76,-51.08000000000084,-98.20000000000073,5946.276666666668,5986.288492063492,49562.6,,1.573201670224157,1.926107950126222,3.499309620350379,0.0,964.0,3.0,7972.0,-0.11533088877248122,1.434518187647995,,,0.5342,0.4973,0.789
20250402,5868.6,5854.4,5910.8,5843.4,68392.0,-332.0,35926.0,2.0,-1.0,729.0,-565.0,3.0,0.0,8973.0,0.0,5866.120000000001,5899.56,5967.9,-33.4399999999996,-101.7799999999988,5936.419841269842,5979.404031746032,47822.3,,1.520148321193094,1.926107950126222,3.446256271319316,1.0,164.0,3.0,8973.0,-0.0048543689320388345,1.3962351675198237,,,0.4795,0.4787,0.775
20250403,5822.4,5827.6,5887.8,5788.0,74249.0,5857.0,51562.0,1.0,-1.0,619.0,-580.0,3.0,0.0,7781.0,0.0,5846.16,5876.14,5958.02,-29.98000000000047,-111.8600000000006,5923.682539682538,5970.438158730159,48758.9,,1.467403336188891,1.904255470734237,3.371658806923128,0.0,39.0,3.0,7781.0,0.07888321728238765,1.3795313823224675,,,0.4247,0.436,0.769
20250407,5236.2,5659.8,5659.8,5236.2,79616.0,5367.0,77945.0,0.0,-2.0,0.0,-1195.0,3.0,0.0,7481.0,0.0,5719.48,5808.4,5920.21,-88.91999999999916,-200.7299999999996,5868.459365079365,5956.390952380952,50718.0,93534.0,2.155203850922617,1.904255470734237,4.059459321656854,-2.0,-1195.0,3.0,7481.0,0.0674110731511254,1.38956424254164,,,0.3562,0.4,0.775
20250408,5271.0,5301.0,5351.4,5172.0,82696.0,3080.0,89328.0,0.0,-2.0,0.0,-1315.0,3.0,0.0,9560.0,0.0,5609.76,5745.120000000001,5885.7,-135.3600000000006,-275.9399999999996,5805.893809523809,5936.885444444444,54450.2,107193.6,2.29709448987161,1.904255470734237,4.201349960605848,-2.0,-1315.0,3.0,9560.0,0.03724484860210893,1.615773833826,,,0.274,0.3507,0.867
20250409,5387.2,5200.0,5442.6,5101.4,77524.0,-5172.0,89534.0,0.0,-2.0,0.0,-1277.0,3.0,0.0,9722.0,0.0,5517.08,5694.32,5854.51,-177.2399999999998,-337.4300000000003,5750.876666666665,5912.707428571428,58460.6,107440.8,2.662292287182639,1.926107950126222,4.588400237308861,-2.0,-1277.0,3.0,9722.0,-0.06671482379650173,1.5329434242969715,,,0.274,0.3387,0.829
20250410,5509.0,5545.0,5598.8,5467.0,65270.0,-12254.0,60899.0,1.0,-1.0,453.0,-67.0,3.0,0.0,8824.0,0.0,5445.16,5655.64,5829.01,-210.4800000000005,-383.8500000000004,5719.244285714286,5886.049873015873,59926.7,,2.87333093826717,1.957503800286273,4.830834738553444,0.0,386.0,3.0,8824.0,-0.18774322046882183,1.5309952540226976,,,0.2329,0.2747,0.828
20250411,5555.8,5500.0,5620.0,5492.0,62461.0,-2809.0,48540.0,1.0,-1.0,511.0,-1192.0,3.0,0.0,9088.0,0.0,5391.84,5619.0,5808.41,-227.1599999999999,-416.5699999999997,5691.172380952381,5857.146317460317,59537.6,,2.825817284198127,1.957503800286273,4.783321084484401,0.0,-681.0,3.0,9088.0,-0.04497206256704184,1.5353835272266805,,,0.1644,0.1973,0.831
20250414,5584.8,5615.6,5638.0,5580.2,51902.0,-10559.0,38051.0,1.0,-2.0,0.0,-1750.0,3.0,0.0,8456.0,0.0,5461.559999999999,5590.52,5782.84,-128.96,-321.2800000000007,5670.81888888889,5827.03919047619,58845.8,,2.821306360708535,1.957503800286273,4.778810160994809,-1.0,-1750.0,3.0,8456.0,-0.20344110053562484,1.665407015969088,,,0.1233,0.1253,0.9
20250415,5580.0,5581.0,5598.8,5542.2,46610.0,-5292.0,38649.0,0.0,-2.0,0.0,-1900.0,3.0,0.0,8952.0,0.0,5523.36,5566.559999999999,5757.690000000001,-43.19999999999982,-234.3300000000008,5650.514603174604,5796.335904761904,57253.5,,2.813087322918983,1.926107950126222,4.739195273045205,-2.0,-1900.0,3.0,8952.0,-0.11353786741042694,1.8030878778364388,,,0.137,0.1293,0.951
20250416,5540.4,5571.0,5571.0,5483.8,36562.0,-10048.0,44211.0,1.0,-2.0,0.0,-1500.0,3.0,-1.0,9031.0,0.0,5554.0,5535.54,5729.09,18.46000000000004,-175.0900000000001,5629.40492063492,5764.64873015873,57464.5,,2.876522189262778,1.904255470734237,4.780777659997015,-1.0,-1500.0,2.0,9031.0,-0.27482085225097097,1.84156720474516,,,0.2055,0.1307,0.963
20250417,5551.2,5523.0,5610.2,5521.8,21987.0,-14575.0,34523.0,2.0,-2.0,0.0,-1266.0,3.0,-1.0,9361.0,-178.0,5562.44,5503.8,5701.679999999999,58.63999999999942,-139.2399999999998,5611.825873015872,5732.189333333333,57324.2,,2.83633155887332,1.892311591234848,4.728643150108168,0.0,-1266.0,2.0,9183.0,-0.6628917087369809,1.6532750259675928,,,0.2603,0.124,0.889
20250418,5400.0,5406.6,5446.0,5366.0,100600.0,78613.0,42314.0,1.0,-2.0,0.0,-1160.0,3.0,-1.0,8832.0,-155.0,5531.280000000001,5461.56,5668.85,69.72000000000025,-137.5699999999997,5583.165555555554,5698.137634920635,56399.4,,2.98114310923249,1.904255470734237,4.885398579966727,-1.0,-1160.0,2.0,8677.0,0.781441351888668,1.7089554899449424,,,0.2603,0.1253,0.92
20250421,5499.8,5393.0,5521.8,5375.4,99810.0,-790.0,42483.0,1.0,-2.0,47.0,-1109.0,3.0,0.0,8040.0,0.0,5514.280000000001,5487.92,5648.16,26.36000000000058,-133.8799999999992,5562.64253968254,5667.555952380952,52853.2,,3.022522116486602,1.904255470734237,4.926777587220839,-1.0,-1062.0,3.0,8040.0,-0.00791503857328925,1.8954394760475533,,,0.2466,0.1267,0.978
20250422,5486.0,5497.8,5514.6,5467.4,97788.0,-2022.0,37064.0,1.0,-2.0,0.0,-1231.0,3.0,0.0,7836.0,0.0,5495.48,5509.42,5627.27,-13.9399999999996,-131.7899999999991,5546.982698412698,5641.664841269841,47626.8,,2.996154861280025,1.892311591234848,4.888466452514873,-1.0,-1231.0,3.0,7836.0,-0.020677383728064793,1.9155018723792596,,,0.2329,0.128,0.983
20250423,5495.0,5530.0,5564.6,5476.0,101966.0,4178.0,45995.0,1.0,-2.0,0.0,-1678.0,3.0,-1.0,7400.0,0.0,5486.4,5520.2,5607.26,-33.80000000000018,-120.8600000000006,5535.281428571428,5620.105317460318,43272.9,,3.038268927752386,1.892311591234848,4.930580518987234,-1.0,-1678.0,2.0,7400.0,0.04097444246121256,1.8616865703285457,,,0.2466,0.1267,0.97
20250424,5478.0,5495.0,5515.6,5443.0,99171.0,-2795.0,39686.0,0.0,-2.0,0.0,-1714.0,3.0,-1.0,6324.0,-39.0,5471.76,5517.1,5586.37,-45.34000000000015,-114.6099999999997,5522.801428571426,5600.461031746031,41151.6,,3.016412795921355,1.892311591234848,4.908724387156203,-2.0,-1714.0,2.0,6285.0,-0.02818364239545835,1.8734183614677256,,,0.2877,0.128,0.976
20250425,5498.6,5491.8,5546.2,5467.0,99051.0,-120.0,43767.0,1.0,-2.0,0.0,-1668.0,3.0,-1.0,6463.0,0.0,5491.48,5511.379999999999,5565.190000000001,-19.89999999999873,-73.71000000000004,5514.273333333334,5582.771126984127,40674.3,,2.346271578202114,1.892311591234848,4.238583169436962,-1.0,-1668.0,2.0,6463.0,-0.0012114971075506556,1.8449596279284957,,,0.3014,0.1293,0.967
20250428,5471.0,5498.0,5509.0,5444.2,96080.0,-2971.0,37058.0,0.0,-2.0,0.0,-1924.0,3.0,-1.0,7485.0,0.0,5485.719999999999,5500.0,5545.26,-14.28000000000065,-59.54000000000087,5505.592222222223,5566.24846031746,40575.0,,2.191420204369863,1.861687735702779,4.053107940072642,-2.0,-1924.0,2.0,7485.0,-0.030922148209825147,1.857617577641845,,,0.274,0.1213,0.971
20250429,5487.2,5460.0,5505.8,5440.8,95869.0,-211.0,34048.0,0.0,-2.0,0.0,-3125.0,3.0,0.0,7826.0,0.0,5485.96,5490.72,5528.64,-4.760000000000218,-42.68000000000029,5498.27507936508,5551.024507936508,40114.9,,1.830514099625602,1.822938207296046,3.653452306921649,-2.0,-3125.0,3.0,7826.0,-0.002200920005424068,1.815518491665605,,,0.2603,0.1173,0.957
20250430,5497.0,5487.2,5531.8,5484.8,94639.0,-1230.0,38409.0,0.0,-2.0,0.0,-3126.0,3.0,0.0,8067.0,0.0,5486.36,5486.38,5510.96,-0.02000000000043656,-24.60000000000036,5495.117142857143,5537.59573015873,39534.7,,1.617378586395039,1.794284124069965,3.411662710465004,-2.0,-3126.0,3.0,8067.0,-0.012996756094210632,1.9278023124310508,,,0.2329,0.1187,0.99
20250506,5622.0,5544.0,5625.4,5537.0,97319.0,2680.0,43200.0,0.0,-2.0,0.0,-2428.0,3.0,0.0,8496.0,0.0,5515.16,5493.460000000001,5498.63,21.69999999999891,16.52999999999975,5503.023968253968,5526.715539682539,40402.4,,1.616509696726304,1.822938207296046,3.43944790402235,-2.0,-2428.0,3.0,8496.0,0.027538301873221056,1.8962171774206185,,,0.5342,0.48,0.984
20250507,5620.2,5700.0,5748.0,5591.4,100287.0,2968.0,54572.0,1.0,-2.0,0.0,-1979.0,3.0,0.0,7647.0,0.0,5539.48,5515.48,5488.52,24.0,50.96000000000095,5519.1126984127,5520.310253968254,41628.2,65486.39999999999,1.712108812530432,1.822938207296046,3.535047019826479,-1.0,-1979.0,3.0,7647.0,0.029595062171567602,1.9746917479713968,,,0.5479,0.4813,0.999
20250508,5660.0,5610.0,5685.6,5609.6,98379.0,-1908.0,43288.0,1.0,-2.0,0.0,-2839.0,3.0,0.0,7956.0,0.0,5577.280000000001,5531.5,5509.71,45.78000000000065,67.57000000000062,5532.211746031744,5517.267174603175,41708.7,,1.735431995281117,1.794284124069965,3.529716119351082,-1.0,-2839.0,3.0,7956.0,-0.019394382947580276,2.004811510957526,,,0.5479,0.4827,0.999
20250509,5604.8,5656.0,5658.0,5583.0,98899.0,520.0,44378.0,0.0,-2.0,0.0,-2642.0,3.0,0.0,7661.0,0.0,5600.8,5543.38,5526.4,57.42000000000007,74.40000000000055,5542.205396825397,5516.789444444445,42440.1,,1.709171935665653,1.794284124069965,3.503456059735618,-2.0,-2642.0,3.0,7661.0,0.005257889361874235,2.09818434110274,,,0.5068,0.3933,0.999
20250512,5688.0,5658.0,5692.0,5625.0,101404.0,2505.0,52449.0,1.0,-2.0,0.0,-2409.0,3.0,0.0,7320.0,0.0,5639.0,5562.68,5541.440000000001,76.31999999999971,97.55999999999949,5555.698412698414,5518.831142857142,43085.5,62938.8,1.704607032084597,1.794284124069965,3.498891156154563,-1.0,-2409.0,3.0,7320.0,0.02470316752790817,2.166543212604161,,,0.4932,0.4853,0.999
20250513,5654.6,5705.2,5717.8,5639.8,102084.0,680.0,49100.0,0.0,-2.0,0.0,-2952.0,3.0,0.0,7134.0,0.0,5645.52,5580.34,5548.719999999999,65.17999999999938,96.80000000000018,5568.932063492065,5523.444206349207,44026.9,,1.56116982287024,1.755492214376625,3.316662037246865,-2.0,-2952.0,3.0,7134.0,0.0066611809882057916,2.27452851844932,,,0.4795,0.4973,0.999
20250514,5697.8,5663.4,5749.2,5635.8,117024.0,14940.0,72621.0,0.0,-2.0,0.0,-3254.0,3.0,0.0,7481.0,0.0,5661.04,5600.26,5555.82,60.77999999999975,105.2200000000003,5582.290634920635,5530.245936507937,46912.3,87145.2,1.51487553905711,1.807850190275641,3.322725729332751,-2.0,-3254.0,3.0,7481.0,0.12766611977030354,2.2298252441014617,,,0.5068,0.4987,0.998
20250515,5623.0,5685.0,5689.8,5602.6,117015.0,-9.0,58925.0,0.0,-2.0,0.0,-2659.0,3.0,0.0,7672.0,0.0,5653.64,5615.460000000001,5557.73,38.17999999999938,95.91000000000076,5590.75380952381,5538.762095238095,49099.0,70710.0,1.573679978283472,1.807850190275641,3.381530168559114,-2.0,-2659.0,3.0,7672.0,-7.691321625432636e-05,2.2269515223848995,,,0.137,0.1293,0.997
20250516,5601.8,5615.8,5641.6,5601.2,116190.0,-825.0,47834.0,1.0,-2.0,0.0,-3188.0,3.0,0.0,8859.0,0.0,5653.04,5626.92,5558.82,26.11999999999989,94.22000000000025,5595.842063492066,5548.518793650794,50477.6,,1.509897191959491,1.807850190275641,3.317747382235132,-1.0,-3188.0,3.0,8859.0,-0.007100438936225148,2.415783536365013,,,0.137,0.084,1.0
20250519,5623.0,5600.0,5628.0,5548.2,118428.0,2238.0,51297.0,0.0,-2.0,0.0,-3062.0,3.0,0.0,9453.0,0.0,5640.04,5639.52,5562.95,0.5200000000004366,77.09000000000015,5600.181587301589,5559.025238095239,51766.4,,1.516292486183614,1.755492214376625,3.27178470056024,-2.0,-3062.0,3.0,9453.0,0.018897558009930083,1.903475907687456,,,0.0685,0.0347,0.979
20250520,5650.8,5630.2,5663.0,5596.6,112947.0,-5481.0,45384.0,1.0,-2.0,0.0,-3004.0,3.0,0.0,10732.0,0.0,5639.28,5642.4,5567.93,-3.119999999999891,71.34999999999945,5608.306825396826,5569.553523809524,51984.8,,1.497047178896628,1.722976570273319,3.220023749169947,-1.0,-3004.0,3.0,10732.0,-0.048527185317007095,1.989629277324861,,,0.0548,0.0373,0.992
20250521,5655.6,5638.2,5665.8,5628.0,111497.0,-1450.0,39909.0,1.0,-2.0,0.0,-2807.0,3.0,0.0,10780.0,0.0,5630.84,5645.940000000001,5580.710000000001,-15.10000000000036,50.1299999999992,5615.150952380954,5579.15734920635,50518.5,,1.459221358872884,1.722976570273319,3.182197929146203,-1.0,-2807.0,3.0,10780.0,-0.01300483421078594,1.9670764648885688,,,0.0411,0.0387,0.989
20250522,5614.8,5650.4,5686.6,5598.0,116140.0,4643.0,53832.0,1.0,-2.0,0.0,-3140.0,3.0,0.0,7980.0,0.0,5629.2,5641.42,5586.46,-12.22000000000025,42.73999999999978,5620.102698412698,5587.946444444446,51572.9,,1.48680300558027,1.701455769660362,3.188258775240632,-1.0,-3140.0,3.0,7980.0,0.039977613225417596,1.9078010896421471,,,0.0548,0.036,0.977
20250523,5561.8,5608.0,5664.8,5557.0,118330.0,2190.0,67871.0,1.0,-2.0,0.0,-2794.0,3.0,0.0,8355.0,0.0,5621.2,5637.12,5590.25,-15.92000000000007,30.94999999999982,5619.922539682541,5595.71815873016,53922.2,81445.2,1.562662433980492,1.722976570273319,3.285639004253811,-1.0,-2794.0,3.0,8355.0,0.01850756359334066,1.8839971647798963,,,0.1233,0.0907,0.971
20250526,5594.6,5561.8,5622.0,5560.0,110791.0,-7539.0,56454.0,2.0,-2.0,0.0,-1582.0,3.0,0.0,9872.0,0.0,5615.52,5627.780000000001,5595.23,-12.26000000000022,20.28999999999996,5619.68365079365,5602.116682539684,54322.7,,1.478995774297789,1.722976570273319,3.201972344571107,0.0,-1582.0,3.0,9872.0,-0.06804704353241689,1.9606745089361344,,,0.137,0.1453,0.988
20250527,5578.0,5591.4,5599.8,5545.2,109673.0,-1118.0,52001.0,1.0,-2.0,0.0,-1712.0,3.0,0.0,9484.0,0.0,5600.960000000001,5620.120000000001,5600.23,-19.15999999999985,0.7300000000004729,5617.712222222223,5606.994698412699,54612.8,,1.350360239872299,1.701455769660362,3.051816009532661,-1.0,-1712.0,3.0,9484.0,-0.010193940167589106,1.93045081731006,,,0.4658,0.44,0.981
20250528,5568.0,5587.2,5596.0,5549.0,104395.0,-5278.0,42102.0,1.0,-2.0,0.0,-1727.0,3.0,0.0,9734.0,0.0,5583.440000000001,5607.14,5603.7,-23.69999999999982,-20.25999999999931,5615.156825396825,5610.281317460319,51560.9,,1.315097450855348,1.644643498357603,2.959740949212951,-1.0,-1727.0,3.0,9734.0,-0.05055797691460319,1.8694429889020705,,,0.3973,0.408,0.964
20250529,5668.6,5585.0,5685.2,5572.0,112167.0,7772.0,68773.0,1.0,-2.0,0.0,-1694.0,3.0,0.0,9372.0,0.0,5594.2,5611.7,5613.58,-17.5,-19.38000000000011,5618.482539682539,5613.054190476191,52545.7,82527.59999999999,1.365060344958899,1.644643498357603,3.009703843316502,-1.0,-1694.0,3.0,9372.0,0.0692895414872467,1.767334435263765,,,0.4521,0.4933,0.928
20250530,5627.8,5641.8,5645.0,5590.2,101945.0,-10222.0,53557.0,1.0,-2.0,0.0,-2081.0,3.0,-1.0,7780.0,0.0,5607.4,5614.3,5620.61,-6.900000000000546,-13.21000000000004,5619.651269841271,5615.435111111112,53118.0,,1.354925419396802,1.608397225753116,2.963322645149918,-1.0,-2081.0,2.0,7780.0,-0.10026975329834714,1.7803161809746508,,,0.411,0.4427,0.929
20250603,5638.4,5618.0,5670.8,5603.2,104981.0,3036.0,46453.0,0.0,-2.0,0.0,-2265.0,3.0,0.0,7251.0,0.0,5616.16,5615.84,5627.68,0.319999999999709,-11.52000000000044,5620.594126984128,5617.476365079366,52633.6,,1.341990241919091,1.597767268597483,2.939757510516574,-2.0,-2265.0,3.0,7251.0,0.028919518770063154,1.8638421022001888,,,0.411,0.4493,0.959
20250604,5688.8,5643.8,5706.0,5641.4,98287.0,-6694.0,38714.0,2.0,-2.0,73.0,-827.0,3.0,0.0,8206.0,0.0,5638.32,5619.64,5631.02,18.67999999999938,7.300000000000182,5625.423174603176,5619.188,51966.6,,1.283944342080186,1.597767268597483,2.881711610677669,0.0,-754.0,3.0,8206.0,-0.06810666720929523,1.893105343316996,,,0.3973,0.444,0.969
20250605,5723.6,5690.0,5741.0,5671.0,100210.0,1923.0,43186.0,2.0,-2.0,80.0,-408.0,3.0,0.0,8270.0,0.0,5669.440000000001,5626.440000000001,5636.190000000001,43.0,33.25,5633.356349206349,5621.00853968254,52294.3,,1.250323622131188,1.583762892591229,2.834086514722418,0.0,-328.0,3.0,8270.0,0.019189701626584173,1.926141609525936,,,0.411,0.4453,0.979
20250606,5725.4,5725.0,5734.6,5708.0,94713.0,-5497.0,34070.0,1.0,-2.0,0.0,-1470.0,3.0,0.0,8207.0,0.0,5680.8,5637.5,5639.46,43.30000000000018,41.34000000000015,5641.975079365079,5623.195777777778,50318.1,,1.230879177690603,1.583762892591229,2.814642070281832,-1.0,-1470.0,3.0,8207.0,-0.058038495243525175,1.8832402725176585,,,0.3836,0.4,0.967
20250609,5766.4,5739.8,5801.0,5729.8,99590.0,4877.0,46713.0,1.0,-1.0,0.0,-289.0,3.0,-1.0,6928.0,0.0,5708.52,5657.960000000001,5647.54,50.55999999999858,60.97999999999956,5653.293015873014,5626.532825396826,48202.3,,1.223334421078996,1.583762892591229,2.807097313670226,0.0,-289.0,2.0,6928.0,0.04897078019881514,1.8001990668450336,,,0.4247,0.4573,0.935
20250610,5718.2,5766.0,5774.0,5685.6,93852.0,-5738.0,52147.0,1.0,-1.0,0.0,-266.0,3.0,0.0,7195.0,0.0,5724.48,5670.32,5649.05,54.16000000000076,75.43000000000029,5661.587936507938,5630.723253968254,47771.6,,1.250094780740557,1.558753618735189,2.808848399475746,0.0,-266.0,3.0,7195.0,-0.061138814303371265,1.8276601625060125,,,0.1781,0.1907,0.946
20250611,5761.2,5729.2,5800.0,5725.2,89802.0,-4050.0,47295.0,1.0,-2.0,0.0,-907.0,3.0,0.0,7907.0,0.0,5738.96,5688.639999999999,5654.379999999999,50.32000000000062,84.58000000000084,5671.745714285715,5636.126603174604,47301.0,,1.303959331411642,1.558753618735189,2.862712950146831,-1.0,-907.0,3.0,7907.0,-0.04509921828021648,1.8127545867667345,,,0.1507,0.192,0.941
20250612,5780.0,5752.8,5787.6,5731.4,84586.0,-5216.0,40513.0,1.0,-2.0,0.0,-776.0,3.0,0.0,8812.0,0.0,5750.24,5709.839999999999,5658.49,40.40000000000055,91.75,5683.09619047619,5642.92053968254,47142.1,,1.260440700849365,1.538207635786359,2.798648336635725,-1.0,-776.0,3.0,8812.0,-0.06166505095405859,1.8415948851367636,,,0.1644,0.1933,0.953
20250613,5729.0,5770.0,5774.0,5705.0,81891.0,-2695.0,53130.0,1.0,-2.0,0.0,-1060.0,3.0,0.0,6897.0,0.0,5750.96,5715.879999999999,5663.79,35.08000000000084,87.17000000000007,5690.867619047619,5650.159047619048,45577.8,,1.216569475165899,1.496332117858173,2.712901593024073,-1.0,-1060.0,3.0,6897.0,-0.03290959934547142,1.83545629401152,,,0.1644,0.1947,0.95
20250616,5756.2,5724.0,5773.4,5718.4,69823.0,-12068.0,47548.0,2.0,0.0,213.0,-127.0,3.0,0.0,8192.0,0.0,5748.92,5728.72,5671.51,20.19999999999982,77.40999999999985,5698.899206349207,5658.083841269841,44976.9,,1.205323995103453,1.496332117858173,2.701656112961627,2.0,86.0,3.0,8192.0,-0.17283703077782392,1.7589832569339885,,,0.1644,0.196,0.922
20250617,5748.4,5756.2,5768.8,5726.4,60777.0,-9046.0,45830.0,1.0,-1.0,75.0,-925.0,3.0,0.0,8063.0,0.0,5754.960000000001,5739.719999999999,5677.780000000001,15.2400000000016,77.18000000000029,5706.431904761905,5666.667619047619,44914.6,,1.187484355444309,1.496332117858173,2.683816473302483,0.0,-850.0,3.0,8063.0,-0.1488391990391102,1.7529982484727809,,,0.1781,0.1973,0.922
20250618,5738.0,5742.0,5755.0,5700.0,49346.0,-11431.0,43253.0,1.0,-1.0,182.0,-1116.0,3.0,0.0,9053.0,0.0,5750.32,5744.639999999999,5682.14,5.680000000000291,68.17999999999938,5712.212857142858,5675.346587301588,45368.5,,1.194954414886978,1.496332117858173,2.691286532745151,0.0,-934.0,3.0,9053.0,-0.23164998176143964,1.776609643928721,,,0.1918,0.208,0.928
20250619,5677.8,5729.2,5745.0,5655.0,35618.0,-13728.0,40032.0,1.0,-2.0,0.0,-1599.0,3.0,0.0,7335.0,0.0,5729.88,5740.059999999999,5683.25,-10.17999999999938,46.63000000000011,5713.627777777779,5683.373730158731,45053.1,,1.160850757749831,1.538207635786359,2.699058393536191,-1.0,-1599.0,3.0,7335.0,-0.38542310067943175,1.7651470850674849,,,0.3562,0.108,0.926
20250620,5588.4,5617.6,5633.0,5585.8,73087.0,37469.0,37576.0,1.0,-2.0,96.0,-1601.0,3.0,0.0,9407.0,0.0,5701.76,5726.36,5681.93,-24.59999999999945,19.82999999999993,5705.90380952381,5689.766603174603,45403.7,,1.178413739164769,1.538207635786359,2.716621374951128,-1.0,-1505.0,3.0,9407.0,0.5126629906823374,1.6662223471611537,,,0.4247,0.1547,0.892
20250623,5625.8,5581.8,5642.6,5563.0,74146.0,1059.0,36618.0,1.0,-2.0,273.0,-1778.0,3.0,0.0,9059.0,0.0,5675.68,5712.3,5685.13,-36.61999999999989,-9.449999999999818,5698.989682539684,5694.33626984127,44394.2,,1.19359417797949,1.496332117858173,2.689926295837664,-1.0,-1505.0,3.0,9059.0,0.014282631564750627,1.30951980096724,,,0.4247,0.18,0.749
20250624,5726.4,5638.2,5737.4,5638.2,77007.0,2861.0,44444.0,1.0,-1.0,1254.0,-1885.0,3.0,0.0,8817.0,0.0,5671.28,5713.12,5691.719999999999,-41.84000000000015,-20.4399999999996,5700.615714285715,5698.239047619048,43623.9,,1.247989128805669,1.538207635786359,2.786196764592029,0.0,-631.0,3.0,8817.0,0.037152466658875165,1.2406608899114828,,,0.4795,0.3827,0.717
20250625,5834.2,5736.4,5846.8,5727.0,81182.0,4175.0,50210.0,1.0,-1.0,382.0,-1744.0,3.0,0.0,8978.0,0.0,5690.52,5720.42,5704.53,-29.89999999999964,-14.00999999999931,5711.478253968253,5702.212301587302,43915.4,,1.309129733060268,1.558753618735189,2.867883351795457,0.0,-1362.0,3.0,8978.0,0.05142765637702939,1.1162821103009637,,,0.4932,0.396,0.65
20250626,5809.2,5827.0,5846.2,5805.2,76012.0,-5170.0,34054.0,1.0,-1.0,414.0,-1741.0,3.0,0.0,8015.0,0.0,5716.8,5723.34,5716.589999999999,-6.539999999999964,0.2100000000009459,5722.419047619049,5706.144587301588,43269.5,,1.325704716717836,1.538207635786359,2.863912352504196,0.0,-1327.0,3.0,8015.0,-0.06801557648792296,1.1052952174297528,,,0.5068,0.4413,0.647
20250627,5827.0,5828.8,5882.6,5806.8,77537.0,1525.0,36609.0,1.0,-2.0,245.0,-1704.0,3.0,0.0,8544.0,0.0,5764.52,5733.14,5724.51,31.3799999999992,40.00999999999931,5734.423015873017,5710.500126984128,41617.4,,1.324953498390188,1.538207635786359,2.863161134176547,-1.0,-1459.0,3.0,8544.0,0.019668029456904445,1.1286907740862795,,,0.4932,0.3813,0.658
20250630,5863.0,5864.0,5880.4,5831.6,73467.0,-4070.0,32984.0,1.0,-1.0,1112.0,-1754.0,3.0,0.0,7130.0,0.0,5811.959999999999,5743.82,5736.27,68.13999999999942,75.6899999999996,5747.642063492064,5715.374412698414,40161.0,,1.279071790576231,1.496332117858173,2.775403908434404,0.0,-642.0,3.0,7130.0,-0.05539902269045966,1.2241725774210903,,,0.4795,0.4133,0.713
20250701,5868.0,5851.0,5882.8,5828.0,70063.0,-3404.0,31394.0,1.0,-1.0,1159.0,-1714.0,3.0,0.0,7180.0,0.0,5840.280000000001,5755.780000000001,5747.75,84.5,92.53000000000065,5759.704126984127,5720.701634920636,38717.4,,1.243865689314076,1.496332117858173,2.74019780717225,0.0,-555.0,3.0,7180.0,-0.04858484506801022,1.3127771610691374,,,0.4932,0.4133,0.756
20250702,5856.6,5857.4,5865.8,5830.4,69955.0,-108.0,30107.0,1.0,-1.0,1051.0,-1708.0,3.0,0.0,7056.0,0.0,5844.76,5767.64,5756.14,77.11999999999989,88.61999999999989,5770.204444444444,5726.500793650794,37402.8,,1.219621069338361,1.496332117858173,2.715953187196535,0.0,-657.0,3.0,7056.0,-0.0015438496176113216,1.2977319937237315,,,0.4932,0.464,0.747
20250703,5874.0,5877.6,5888.0,5839.8,69802.0,-153.0,27703.0,1.0,-2.0,204.0,-1658.0,3.0,0.0,7581.0,0.0,5857.719999999999,5787.26,5763.66,70.45999999999913,94.05999999999949,5781.59619047619,5733.297634920635,36169.9,,1.184261012711499,1.452960851338942,2.63722186405044,-1.0,-1454.0,3.0,7581.0,-0.00219191427179737,1.3207669471370649,,,0.3699,0.224,0.759
20250704,5874.2,5866.0,5938.0,5836.8,76622.0,6820.0,43750.0,1.0,-1.0,1048.0,-1719.0,3.0,0.0,7518.0,0.0,5867.16,5815.84,5771.1,51.31999999999971,96.05999999999949,5792.564285714286,5741.963682539683,36787.3,,1.239633671565054,1.452960851338942,2.692594522903996,0.0,-671.0,3.0,7518.0,0.08900837879460208,1.3325677133592373,,,0.3973,0.2747,0.764
20250707,5859.2,5870.2,5882.0,5847.6,68547.0,-8075.0,23473.0,1.0,-1.0,1015.0,-1731.0,3.0,0.0,7243.0,0.0,5866.4,5839.18,5775.74,27.21999999999935,90.65999999999985,5801.890317460318,5752.253746031745,35472.8,,1.228064545591434,1.428052508459615,2.656117054051049,0.0,-716.0,3.0,7243.0,-0.11780238376588326,1.3559305883711466,,,0.6027,0.6027,0.772
20250708,5958.0,5863.6,5962.8,5858.8,72555.0,4008.0,39009.0,1.0,-1.0,996.0,-1783.0,3.0,0.0,6772.0,0.0,5884.4,5862.34,5787.73,22.05999999999949,96.66999999999916,5816.188888888891,5763.811063492064,34929.3,,1.285052768402473,1.428052508459615,2.713105276862088,0.0,-787.0,3.0,6772.0,0.05524085176762456,1.293600339822064,,,0.5342,0.4387,0.746
20250709,5930.0,5959.8,5967.2,5924.4,65998.0,-6557.0,29791.0,1.0,-1.0,1266.0,-1730.0,3.0,0.0,7630.0,0.0,5899.08,5871.92,5796.17,27.15999999999985,102.9099999999999,5831.19888888889,5775.783126984127,32887.4,,1.22315753306992,1.419439991833862,2.642597524903782,0.0,-464.0,3.0,7630.0,-0.09935149549986363,1.3082760866613243,,,0.4795,0.3813,0.753
20250710,5958.8,5930.0,5987.4,5922.2,65381.0,-617.0,31023.0,1.0,-1.0,1483.0,-1718.0,3.0,0.0,7520.0,0.0,5916.04,5886.88,5805.11,29.15999999999985,110.9300000000003,5846.64873015873,5788.206095238095,32584.3,,1.184886226491613,1.416614432047394,2.601500658539007,0.0,-235.0,3.0,7520.0,-0.009436992398403206,1.2880681809651635,,,0.4521,0.356,0.742
20250711,6023.0,5965.0,6065.0,5940.0,65777.0,396.0,48478.0,1.0,0.0,1292.0,0.0,3.0,0.0,8427.0,0.0,5945.8,5906.48,5819.809999999999,39.31999999999971,125.9900000000007,5865.973174603174,5801.361111111111,33771.2,58173.6,1.234354790084316,1.416614432047394,2.65096922213171,1.0,1292.0,3.0,8427.0,0.006020341456740198,1.2819225469915705,,,0.4795,0.332,0.74
20250714,6008.4,6029.0,6035.0,6001.6,52714.0,-13063.0,28123.0,1.0,-1.0,533.0,-1681.0,3.0,0.0,6705.0,0.0,5975.64,5921.02,5832.42,54.6200000000008,143.2200000000003,5885.054285714285,5815.102333333334,33285.1,,1.135399958325055,1.416614432047394,2.552014390372449,0.0,-1148.0,3.0,6705.0,-0.2478089312137193,1.3127516589231512,,,0.4384,0.2947,0.758
20250715,6008.2,6000.0,6047.6,5962.0,47615.0,-5099.0,39182.0,1.0,-1.0,851.0,-1758.0,3.0,-1.0,7494.0,0.0,5985.679999999999,5935.04,5845.41,50.63999999999942,140.2699999999995,5902.010952380955,5829.333015873016,34063.9,,1.090940742961594,1.416614432047394,2.507555175008988,0.0,-907.0,2.0,7494.0,-0.10708810248871153,1.335670461479909,,,0.411,0.256,0.767
20250716,6006.6,6012.0,6067.0,5986.0,33265.0,-14350.0,36318.0,1.0,-2.0,903.0,-1756.0,3.0,0.0,7491.0,0.0,6001.0,5950.04,5858.839999999999,50.96000000000004,142.1600000000008,5918.602063492063,5844.172777777779,34685.0,,1.136585660013266,1.401814550606566,2.538400210619833,-1.0,-853.0,3.0,7491.0,-0.43138433789268,1.3448537679429051,,,0.3699,0.136,0.771
20250717,5978.0,5900.0,5981.0,5890.8,102295.0,69030.0,38304.0,1.0,-1.0,911.0,-1744.0,3.0,-1.0,7933.0,0.0,6004.839999999999,5960.440000000001,5873.85,44.39999999999873,130.9899999999989,5927.967777777778,5858.809936507937,35745.1,,1.182674018250547,1.401814550606566,2.584488568857114,0.0,-833.0,2.0,7933.0,0.6748130407155775,1.291692336256676,,,0.3425,0.1613,0.746
20250718,6000.8,5988.8,6022.0,5968.0,104430.0,2135.0,41183.0,1.0,-1.0,736.0,-1706.0,3.0,-1.0,8341.0,0.0,6000.4,5973.1,5894.469999999999,27.29999999999927,105.9300000000003,5939.736666666667,5873.527174603176,35488.4,,1.181436424778676,1.384878481949589,2.566314906728266,0.0,-970.0,2.0,8341.0,0.02044431676721249,1.182512768691181,,,0.3699,0.156,0.695
20250721,6055.6,6036.0,6077.4,6022.2,106804.0,2374.0,42464.0,2.0,-1.0,821.0,-377.0,3.0,0.0,7984.0,0.0,6009.84,5992.74,5915.96,17.10000000000036,93.88000000000011,5954.841746031747,5888.822317460317,37387.5,,1.204920411457296,1.384878481949589,2.589798893406885,1.0,444.0,3.0,7984.0,0.02222763192389798,1.6083137023712304,,,0.3699,0.156,0.872
20250722,6129.4,6064.0,6133.0,6050.0,108997.0,2193.0,49010.0,1.0,0.0,889.0,0.0,3.0,0.0,9361.0,0.0,6034.08,6009.88,5936.11,24.19999999999982,97.97000000000025,5973.432380952379,5904.546666666667,38387.6,58812.0,1.255256131057249,1.376056629017925,2.631312760075175,1.0,889.0,3.0,9361.0,0.020119819811554446,1.6148716945926618,,,0.3973,0.1613,0.875
20250723,6120.0,6135.8,6184.8,6101.8,109396.0,399.0,54336.0,1.0,0.0,900.0,0.0,3.0,0.0,8571.0,0.0,6056.76,6028.88,5950.4,27.88000000000011,106.3600000000006,5992.911904761905,5920.717968253969,40842.1,65203.2,1.293048997618882,1.376056629017925,2.669105626636807,1.0,900.0,3.0,8571.0,0.0036472997184540568,1.5334697863046305,,,0.3973,0.168,0.843
20250724,6226.0,6120.4,6234.6,6115.0,109680.0,284.0,49292.0,1.0,0.0,1069.0,0.0,3.0,-1.0,9694.0,0.0,6106.360000000001,6055.6,5971.24,50.76000000000022,135.1200000000008,6016.213492063493,5937.674444444445,42669.0,,1.309487076024779,1.376056629017925,2.685543705042705,1.0,1069.0,2.0,9694.0,0.0025893508388037927,1.4649357035080643,,,0.5342,0.472,0.817
20250725,6216.0,6218.0,6232.0,6189.6,106883.0,-2797.0,39078.0,1.0,0.0,1200.0,0.0,3.0,0.0,10085.0,0.0,6149.4,6074.9,5990.69,74.5,158.71,6039.893968253969,5955.066523809523,41729.0,,1.313419712877044,1.376056629017925,2.689476341894969,1.0,1200.0,3.0,10085.0,-0.026168801399661313,1.542478793182033,,,0.5205,0.4227,0.849
20250728,6222.0,6218.4,6251.8,6176.2,108139.0,1256.0,46353.0,1.0,0.0,1041.0,0.0,3.0,0.0,11312.0,0.0,6182.68,6096.26,6008.639999999999,86.42000000000007,174.0400000000009,6062.340476190474,5972.795142857142,43552.0,,1.275876856088631,1.376056629017925,2.651933485106556,1.0,1041.0,3.0,11312.0,0.011614681104874283,1.623848271972395,,,0.5068,0.3693,0.886
20250729,6263.0,6211.0,6267.0,6161.4,105314.0,-2825.0,46670.0,1.0,-1.0,925.0,-2238.0,3.0,0.0,11194.0,0.0,6209.4,6121.74,6028.389999999999,87.65999999999985,181.0100000000002,6084.827301587301,5991.076777777778,44300.8,,1.344586332581517,1.384878481949589,2.729464814531106,0.0,-1313.0,3.0,11194.0,-0.026824543745370986,1.7234497832399918,,,0.4932,0.3413,0.925
20250730,6215.4,6261.0,6275.0,6173.2,108507.0,3193.0,58280.0,1.0,-1.0,901.0,-2311.0,3.0,0.0,10987.0,0.0,6228.48,6142.62,6046.33,85.85999999999967,182.1499999999996,6104.209206349205,6009.637492063492,46497.0,69936.0,1.383370538325823,1.384878481949589,2.768249020275412,0.0,-1410.0,3.0,10987.0,0.02942667293354346,1.7069500158869533,,,0.5479,0.2987,0.917
20250731,6124.0,6198.4,6228.0,6084.4,107159.0,-1348.0,65759.0,1.0,-1.0,985.0,-2412.0,3.0,0.0,10770.0,0.0,6208.08,6157.219999999999,6058.83,50.86000000000058,149.25,6114.488253968255,6028.28953968254,49242.5,78910.8,1.40347350929144,1.384878481949589,2.788351991241029,0.0,-1427.0,3.0,10770.0,-0.012579438031336612,1.839957664156921,,,0.4795,0.2507,0.956
20250801,6104.0,6130.0,6163.8,6078.8,103426.0,-3733.0,49203.0,1.0,-1.0,354.0,-2340.0,3.0,0.0,8594.0,0.0,6185.679999999999,6167.539999999999,6070.320000000001,18.14000000000033,115.3599999999988,6120.350317460317,6046.350904761905,50044.5,,1.46213916352473,1.392751425857886,2.854890589382616,0.0,-1986.0,3.0,8594.0,-0.03609343878715217,1.8520270663452336,,,0.411,0.2213,0.963
20250804,6169.0,6084.0,6169.8,6083.2,102178.0,-1248.0,42885.0,1.0,-1.0,812.0,-1617.0,3.0,-1.0,9079.0,0.0,6175.08,6178.879999999999,6085.81,-3.799999999999272,89.26999999999953,6127.146507936508,6063.581380952381,50086.6,,1.460564978597179,1.397367862551089,2.857932841148267,0.0,-805.0,2.0,9079.0,-0.012213979525925346,1.8820835561227736,,,0.3288,0.0653,0.973
20250805,6198.6,6177.0,6204.0,6160.0,100647.0,-1531.0,34079.0,1.0,-1.0,854.0,-2220.0,3.0,-1.0,8617.0,0.0,6162.2,6185.8,6097.84,-23.60000000000036,64.35999999999967,6137.876666666668,6080.02580952381,48593.5,,1.414292656047654,1.392751425857886,2.80704408190554,0.0,-1366.0,2.0,8617.0,-0.015211581070474033,1.926819200171616,,,0.2466,0.0427,0.984
20250806,6263.2,6198.0,6274.0,6192.0,103512.0,2865.0,37260.0,1.0,-1.0,771.0,-1631.0,3.0,-1.0,9843.0,0.0,6171.76,6200.12,6114.5,-28.35999999999967,57.26000000000022,6152.151587301587,6095.949777777778,46885.9,,1.370456625766161,1.392751425857886,2.763208051624047,0.0,-860.0,2.0,9843.0,0.02767795038256434,1.920708437378885,,,0.2466,0.032,0.982
20250807,6226.4,6262.0,6288.8,6195.2,106065.0,2553.0,48504.0,2.0,-1.0,1295.0,-1669.0,3.0,0.0,8457.0,0.0,6192.24,6200.16,6127.88,-7.920000000000073,64.35999999999967,6164.334285714287,6110.761857142857,46807.1,,1.412646794387319,1.392751425857886,2.805398220245205,1.0,-374.0,3.0,8457.0,0.024070145665393863,1.9737034874876231,,,0.1918,0.02,0.99
20250808,6227.0,6219.0,6251.0,6196.0,101969.0,-4096.0,37017.0,1.0,-1.0,1496.0,-2187.0,3.0,-1.0,9586.0,0.0,6216.84,6201.26,6138.08,15.57999999999993,78.76000000000022,6174.331587301586,6124.20561904762,46601.0,,1.38494187119395,1.370737285739984,2.755679156933934,0.0,-691.0,2.0,9586.0,-0.04016907099216428,1.99227837260692,,,0.1233,0.004,0.992
20250811,6298.8,6254.0,6339.0,6240.8,108767.0,6798.0,48225.0,1.0,-1.0,1174.0,-2408.0,3.0,-1.0,9940.0,-1011.0,6242.8,6208.94,6152.6,33.86000000000058,90.19999999999982,6189.244126984127,6136.895984126984,46788.2,,1.415623194211349,1.392751425857886,2.808374620069235,0.0,-1234.0,2.0,8929.0,0.06250057462281758,1.931171446956084,,,0.1233,0.0053,0.985
20250812,6342.6,6301.0,6347.8,6281.0,106131.0,-2636.0,42560.0,1.0,-1.0,1115.0,-2462.0,2.0,-1.0,10010.0,-962.0,6271.6,6216.9,6169.32,54.70000000000073,102.2800000000007,6206.293968253967,6149.042650793651,46377.2,,1.393404978414626,1.370737285739984,2.76414226415461,0.0,-1347.0,1.0,9048.0,-0.02483722946170299,1.8936496468634725,,,0.137,0.0067,0.971
20250813,6451.8,6351.0,6466.0,6351.0,118359.0,12228.0,57282.0,1.0,-1.0,386.0,-2508.0,3.0,-1.0,11106.0,-608.0,6309.320000000001,6240.54,6191.58,68.78000000000065,117.7400000000007,6231.224285714285,6161.744158730159,46277.4,68738.4,1.394153579060442,1.392751425857886,2.786905004918328,0.0,-2122.0,2.0,10498.0,0.10331280257521608,1.7223831150973468,,,0.1233,0.008,0.915
20250814,6380.2,6466.0,6469.2,6358.2,119381.0,1022.0,65643.0,1.0,-1.0,468.0,-2769.0,3.0,0.0,11206.0,0.0,6340.08,6266.160000000001,6211.690000000001,73.91999999999916,128.3899999999994,6251.939841269844,6175.489317460318,46265.8,78771.59999999999,1.469949477630709,1.397367862551089,2.867317340181797,0.0,-2301.0,3.0,11206.0,0.008560826262135515,1.6196401070624231,,,0.1233,0.004,0.87
20250815,6531.0,6365.0,6541.0,6365.0,133486.0,14105.0,77380.0,1.0,-1.0,380.0,-2066.0,3.0,0.0,12040.0,0.0,6400.88,6308.860000000001,6238.2,92.01999999999953,162.6800000000003,6277.798571428571,6191.234142857143,49083.5,92856.0,1.579133208041462,1.397367862551089,2.976501070592551,0.0,-1686.0,3.0,12040.0,0.10566651184393869,1.46267105721056,,,0.1644,0.0027,0.806
20250818,6608.0,6552.0,6684.6,6530.0,129184.0,-4302.0,83689.0,1.0,-2.0,0.0,-2256.0,3.0,0.0,10780.0,0.0,6462.72,6352.76,6265.82,109.96,196.9000000000005,6312.92984126984,6209.812476190476,53163.9,100426.8,1.628545495802135,1.397367862551089,3.025913358353224,-1.0,-2256.0,3.0,10780.0,-0.03330133762695071,1.2538322405047204,,,0.0822,0.0067,0.724
20250819,6600.0,6600.0,6652.0,6583.2,123458.0,-5726.0,64150.0,1.0,-2.0,0.0,-2272.0,3.0,0.0,10582.0,0.0,6514.2,6392.9,6289.35,121.3000000000002,224.8499999999995,6346.315873015874,6230.656396825397,56171.0,,1.584192416571215,1.397367862551089,2.981560279122303,-1.0,-2272.0,3.0,10582.0,-0.04638014547457435,1.329428626911442,,,0.1918,0.0267,0.756
20250820,6695.2,6568.0,6699.4,6522.0,127360.0,3902.0,77339.0,1.0,-2.0,0.0,-2283.0,3.0,0.0,10465.0,0.0,6562.88,6436.1,6318.110000000001,126.7799999999997,244.7699999999995,6380.806666666665,6253.521904761905,60178.9,92806.8,1.611972730476634,1.408239847400596,3.02021257787723,-1.0,-2283.0,3.0,10465.0,0.030637562814070353,1.234620244876251,,,0.137,0.02,0.713
20250821,6656.4,6703.0,6724.4,6618.4,121846.0,-5514.0,75992.0,1.0,-2.0,0.0,-2226.0,3.0,0.0,9258.0,0.0,6618.12,6479.1,6339.63,139.0199999999995,278.4899999999998,6415.417936507937,6278.63026984127,62927.7,91190.4,1.625464872691254,1.416883162988491,3.042348035679745,-1.0,-2226.0,3.0,9258.0,-0.04525384501748108,1.2787422782640625,,,0.137,0.0227,0.731
20250822,6810.4,6660.2,6812.0,6660.2,124020.0,2174.0,81929.0,1.0,-2.0,0.0,-2673.0,3.0,0.0,11510.0,0.0,6674.0,6537.44,6369.35,136.5600000000004,304.6499999999996,6456.373492063492,6306.83446031746,67418.9,98314.8,1.690338643653312,1.416883162988491,3.107221806641803,-1.0,-2673.0,3.0,11510.0,0.017529430736977908,1.2005258399907683,,,0.137,0.02,0.7
20250825,6909.6,6836.0,6958.2,6831.0,127766.0,3746.0,93555.0,2.0,-1.0,0.0,-413.0,3.0,0.0,12055.0,0.0,6734.32,6598.52,6403.73,135.8000000000002,330.5899999999992,6507.111587301586,6338.621206349207,71951.9,112266.0,1.791196981118807,1.421793672926668,3.212990654045475,1.0,-413.0,3.0,12055.0,0.02931922420675297,1.174075470210322,,,0.1507,0.02,0.685
20250826,6916.4,6886.0,6983.2,6872.0,117469.0,-10297.0,75616.0,1.0,-1.0,0.0,-420.0,3.0,0.0,11375.0,0.0,6797.6,6655.9,6436.4,141.7000000000007,361.2000000000007,6557.029523809525,6373.694761904762,75257.5,,1.810290462588568,1.456142278600681,3.26643274118925,0.0,-420.0,3.0,11375.0,-0.0876571691254714,1.2388483562153247,,,0.1233,0.016,0.713
20250827,6837.8,6929.8,7042.8,6813.4,130217.0,12748.0,109151.0,1.0,-1.0,0.0,-567.0,3.0,0.0,12899.0,0.0,6826.12,6694.5,6467.52,131.6199999999999,358.6000000000004,6600.859047619046,6410.658238095238,80444.4,130981.2,1.945478902121277,1.520342235105123,3.4658211372264,0.0,-567.0,3.0,12899.0,0.09789812390087316,1.299656194517404,,,0.1096,0.0147,0.743
20250828,6967.0,6850.0,6977.2,6761.4,126262.0,-3955.0,114593.0,1.0,-1.0,0.0,-446.0,3.0,0.0,11846.0,0.0,6888.24,6753.18,6509.67,135.0599999999995,378.5699999999997,6644.042539682538,6449.868507936508,85339.4,137511.6,2.102893171564602,1.561613017264297,3.664506188828899,0.0,-446.0,3.0,11846.0,-0.031323755365826614,1.3506335611057851,,,0.0548,0.0013,0.766
20250829,6996.8,6960.0,7039.4,6925.2,123989.0,-2273.0,102806.0,0.0,-1.0,0.0,-426.0,3.0,-1.0,11757.0,0.0,6925.52,6799.759999999999,6554.309999999999,125.7600000000002,371.21,6690.256190476191,6491.11426984127,87882.0,,2.089576449897123,1.588053549205712,3.677629999102834,-1.0,-426.0,2.0,11757.0,-0.01833227141117357,1.435752910405367,,,0.0685,0.0013,0.796
20250901,7014.8,7021.0,7065.0,6975.0,112621.0,-11368.0,76930.0,1.0,-1.0,0.0,-537.0,3.0,-1.0,10008.0,0.0,6946.56,6840.44,6596.6,106.1200000000008,349.96,6735.51888888889,6533.373174603174,87206.1,,2.099275870618827,1.588053549205712,3.687329419824539,0.0,-537.0,2.0,10008.0,-0.10094032196482006,1.4749352580591475,,,0.0548,0.0013,0.811
20250902,6896.2,7026.0,7031.8,6830.0,124446.0,11825.0,105870.0,1.0,0.0,1351.0,0.0,3.0,-1.0,8197.0,-382.0,6942.52,6870.059999999999,6631.48,72.46000000000004,311.0399999999991,6768.295873015873,6575.571174603174,91378.1,,2.172120168994241,1.598580557914372,3.770700726908613,1.0,1351.0,2.0,7815.0,0.09502113366440063,1.457813937438473,,,0.0137,0.0013,0.803
20250903,6788.8,6928.0,6945.0,6758.2,116185.0,-8261.0,100697.0,1.0,-1.0,0.0,-380.0,3.0,-1.0,9394.0,-65.0,6932.719999999999,6879.42,6657.759999999999,53.29999999999927,274.96,6788.655079365079,6616.356015873016,93713.9,,2.242398276144513,1.617533581252763,3.859931857397276,0.0,-380.0,2.0,9329.0,-0.07110212161638765,1.573271090292501,,,0.0137,0.0027,0.851
20250904,6647.0,6818.0,6857.2,6550.0,125882.0,9697.0,113276.0,1.0,-1.0,0.0,-1629.0,2.0,-1.0,10970.0,-1557.0,6868.719999999999,6878.48,6678.789999999999,-9.760000000001128,189.9300000000003,6792.770317460319,6654.091253968254,97442.3,,2.377276483988573,1.634451718263645,4.011728202252218,0.0,-1629.0,1.0,9413.0,0.07703245896951114,1.624173166507628,,,0.0548,0.004,0.877
20250905,6898.6,6667.0,6905.2,6637.8,113160.0,-12722.0,97724.0,1.0,-1.0,0.0,-812.0,2.0,-1.0,11072.0,-1878.0,6849.08,6887.3,6712.37,-38.22000000000025,136.71,6806.044126984129,6689.058317460318,99021.8,,2.488001254770743,1.641227246965982,4.129228501736725,0.0,-812.0,1.0,9194.0,-0.1124248851184164,1.4824825809108224,,,0.137,0.0093,0.814
20250908,6920.8,6906.2,6953.4,6841.6,111009.0,-2151.0,80662.0,1.0,-1.0,0.0,-999.0,2.0,-1.0,9275.0,-1487.0,6830.280000000001,6888.42,6743.469999999999,-58.13999999999942,86.81000000000131,6825.8373015873,6720.930888888889,97732.5,,2.524495653206997,1.641227246965982,4.165722900172979,0.0,-999.0,1.0,7788.0,-0.019376807285895737,1.5092829760003612,,,0.1233,0.012,0.827
20250909,6872.8,6904.0,6948.4,6832.0,104281.0,-6728.0,75927.0,1.0,-1.0,0.0,-879.0,3.0,-1.0,9643.0,-435.0,6825.6,6884.06,6769.98,-58.46000000000004,55.61999999999989,6839.722857142859,6749.200222222222,97763.6,,2.456378324286876,1.66219753143224,4.118575855719116,0.0,-879.0,2.0,9208.0,-0.06451798505959859,1.5892350358936658,,,0.1233,0.0253,0.859
20250910,6863.4,6883.8,6948.8,6833.0,105294.0,1013.0,75803.0,1.0,-1.0,0.0,-809.0,3.0,0.0,8976.0,-47.0,6840.52,6886.62,6790.56,-46.10000000000036,49.95999999999913,6850.996031746032,6774.213920634921,94428.8,,2.461272737086415,1.686539924223988,4.147812661310403,0.0,-809.0,3.0,8929.0,0.009620681140425856,1.6384693564708896,,,0.137,0.0307,0.883
20250911,7124.6,6863.0,7125.8,6825.0,105917.0,623.0,103556.0,1.0,-1.0,0.0,-692.0,3.0,0.0,9081.0,-26.0,6936.040000000001,6902.38,6827.780000000001,33.66000000000076,108.2600000000002,6873.958888888889,6797.205555555556,93325.1,,2.603497402089501,1.68977940093871,4.293276803028212,0.0,-692.0,3.0,9055.0,0.0058819641794990414,1.4289119458501731,,,0.137,0.036,0.794
20250912,7140.0,7109.8,7198.0,7107.6,98187.0,-7730.0,86462.0,1.0,-1.0,0.0,-772.0,3.0,0.0,9333.0,0.0,6984.32,6916.7,6858.23,67.61999999999989,126.0899999999992,6904.402063492063,6818.620142857142,91690.7,,2.538060587294214,1.68977940093871,4.227839988232924,0.0,-772.0,3.0,9333.0,-0.07872732642814222,1.418948086239011,,,0.137,0.0387,0.791
20250915,7114.2,7158.2,7168.8,7101.2,78004.0,-20183.0,67687.0,0.0,-1.0,0.0,-1094.0,3.0,0.0,6800.0,0.0,7023.0,6926.640000000001,6883.540000000001,96.35999999999876,139.4599999999991,6931.444603174603,6838.212714285715,90766.4,,2.487979333105349,1.68977940093871,4.177758734044059,-1.0,-1094.0,3.0,6800.0,-0.25874314137736526,1.5884474406300737,,,0.1644,0.0427,0.86
20250916,7165.2,7140.0,7190.2,7053.6,76600.0,-1404.0,72243.0,1.0,0.0,0.0,-1340.0,3.0,0.0,6785.0,0.0,7081.48,6953.539999999999,6911.8,127.9400000000014,169.6800000000003,6956.990793650794,6857.082206349207,87403.7,,2.384349893542975,1.68977940093871,4.074129294481684,1.0,-1340.0,3.0,6785.0,-0.0183289817232376,1.5727212563893482,,,0.0137,0.0067,0.855
20250917,7252.4,7151.0,7263.4,7128.0,56442.0,-20158.0,67086.0,0.0,-1.0,0.0,-2409.0,3.0,0.0,10612.0,0.0,7159.280000000001,6999.9,6939.659999999999,159.380000000001,219.6200000000017,6986.86619047619,6876.903317460317,84042.6,,2.295088008057679,1.68977940093871,3.984867408996389,-1.0,-2409.0,3.0,10612.0,-0.35714538818610253,1.5686156997228875,,,0.0137,0.008,0.854
20250918,7171.6,7238.2,7351.6,7099.2,35612.0,-20830.0,63994.0,0.0,-1.0,0.0,-2771.0,3.0,0.0,11253.0,0.0,7168.68,7052.360000000001,6965.42,116.3199999999997,203.2600000000002,7012.099523809524,6898.836238095239,79114.4,,2.432196047017279,1.705294836513267,4.137490883530545,-1.0,-2771.0,3.0,11253.0,-0.5849151971245647,1.6614454323132866,,,0.0137,0.0093,0.895
20250919,6984.0,6995.6,7036.8,6924.0,131765.0,96153.0,90167.0,0.0,-1.0,0.0,-1041.0,3.0,0.0,10400.0,0.0,7137.48,7060.9,6974.1,76.58000000000084,163.3800000000001,7014.372539682541,6919.66907936508,78358.7,,2.594041676376436,1.729575620071854,4.32361729644829,-1.0,-1041.0,3.0,10400.0,0.7297309604219634,1.6973278209134302,,,0.0411,0.0107,0.906
20250922,7013.2,7007.0,7019.8,6925.2,128272.0,-3493.0,67975.0,1.0,-2.0,0.0,-3405.0,3.0,0.0,10336.0,0.0,7117.280000000001,7070.139999999999,6979.280000000001,47.14000000000124,138.0,7017.60984126984,6938.846333333333,77090.0,,2.481507116416861,1.729575620071854,4.211082736488716,-1.0,-3405.0,3.0,10336.0,-0.027231196208057876,1.432606710912039,,,0.0548,0.012,0.797
20250923,6940.6,7033.0,7038.0,6789.0,138800.0,10528.0,107027.0,2.0,-1.0,0.0,-1906.0,2.0,-1.0,9968.0,-1202.0,7072.360000000001,7076.92,6980.490000000001,-4.559999999999491,91.86999999999989,7015.164444444444,6956.390492063491,80200.0,128432.4,2.541066819966485,1.742075304115949,4.283142124082434,1.0,-1906.0,1.0,8766.0,0.07585014409221902,1.518636694909938,,,0.1507,0.0533,0.835
20250924,7157.0,6910.0,7162.6,6906.0,136396.0,-2404.0,103608.0,0.0,-2.0,0.0,-6303.0,3.0,-1.0,9994.0,-1176.0,7053.280000000001,7106.280000000001,6996.45,-53.0,56.83000000000084,7024.192063492065,6973.710095238095,82980.5,124329.6,2.476616939638039,1.758577905886068,4.235194845524107,-2.0,-6303.0,2.0,8818.0,-0.01762515029766269,1.3954577332297764,,,0.2192,0.0867,0.78
20250925,7166.6,7139.0,7212.8,7132.4,132726.0,-3670.0,76629.0,0.0,-2.0,0.0,-4980.0,3.0,0.0,10791.0,0.0,7052.280000000001,7110.48,7006.429999999998,-58.19999999999982,45.85000000000218,7040.905238095239,6990.40473015873,80287.8,,2.280798977412466,1.758577905886068,4.039376883298534,-2.0,-4980.0,3.0,10791.0,-0.027650950077603483,1.3996867496612675,,,0.2466,0.1067,0.783
20250926,7080.0,7147.0,7196.6,7080.0,135754.0,3028.0,82089.0,1.0,-2.0,0.0,-3779.0,3.0,0.0,10199.0,0.0,7071.48,7104.48,7010.589999999999,-33.0,60.89000000000124,7051.719841269842,7005.136507936509,79850.5,,2.281979209576197,1.758577905886068,4.040557115462265,-1.0,-3779.0,3.0,10199.0,0.022305051784846118,1.3890141918050662,,,0.2466,0.1133,0.778
20250929,7232.2,7083.8,7266.0,7058.0,135897.0,143.0,91906.0,0.0,-2.0,0.0,-4529.0,3.0,0.0,9807.0,0.0,7115.280000000001,7116.280000000001,7021.460000000001,-1.0,93.81999999999971,7069.321587301589,7018.924206349207,82272.4,,2.36587696795936,1.813657150397963,4.179534118357322,-2.0,-4529.0,3.0,9807.0,0.0010522675261411215,1.303126679353482,,,0.2466,0.14,0.742
20250930,7290.4,7252.0,7323.0,7236.2,131766.0,-4131.0,71590.0,1.0,-1.0,0.0,-3610.0,3.0,0.0,11908.0,0.0,7185.24,7128.8,7041.17,56.4399999999996,144.0699999999997,7094.773650793651,7032.702492063492,82207.1,,2.330715602211717,1.813657150397963,4.14437275260968,0.0,-3610.0,3.0,11908.0,-0.03135103137379901,1.2436816724881328,,,0.2329,0.1413,0.715
20251009,7415.8,7330.0,7469.6,7323.8,143814.0,12048.0,88806.0,0.0,-2.0,0.0,-3831.0,3.0,0.0,11355.0,0.0,7237.0,7145.140000000001,7072.520000000001,91.85999999999876,164.4799999999987,7129.642222222223,7046.980095238096,84379.1,,2.202486536586928,1.882755572074598,4.085242108661526,-2.0,-3831.0,3.0,11355.0,0.08377487588134674,1.178984088941922,,,0.2466,0.164,0.692
20251010,7266.0,7398.8,7398.8,7252.2,140200.0,-3614.0,99771.0,1.0,-2.0,0.0,-2782.0,3.0,0.0,10392.0,0.0,7256.88,7154.58,7103.470000000001,102.3000000000002,153.4099999999989,7152.084761904759,7060.97861904762,87956.8,,2.272736341038136,1.908919812988455,4.181656154026591,-1.0,-2782.0,3.0,10392.0,-0.025777460770328102,1.284558290716305,,,0.2603,0.184,0.733
20251013,7231.0,7100.0,7251.0,7075.0,143038.0,2838.0,101843.0,0.0,-2.0,0.0,-3666.0,3.0,0.0,8795.0,0.0,7287.08,7179.280000000001,7120.090000000001,107.7999999999993,166.9899999999989,7161.428253968253,7075.684190476191,89124.4,,2.393041468226295,1.908919812988455,4.30196128121475,-2.0,-3666.0,3.0,8795.0,0.01984088144409178,1.330985886066642,,,0.1781,0.0693,0.761
20251014,7010.0,7252.0,7317.8,6971.8,151940.0,8902.0,131717.0,0.0,-2.0,0.0,-1973.0,3.0,0.0,8495.0,0.0,7242.639999999999,7178.960000000001,7124.55,63.67999999999847,118.0899999999992,7160.752380952381,7089.998444444444,95498.6,158060.4,2.605707169287146,1.915977339965845,4.521684509252991,-2.0,-1973.0,3.0,8495.0,0.05858891667763591,1.4598389357151975,,,0.2055,0.1147,0.817
20251015,7140.2,7068.0,7166.0,7008.0,141518.0,-10422.0,105607.0,1.0,-1.0,0.0,-1114.0,3.0,0.0,8049.0,0.0,7212.6,7198.92,7137.92,13.68000000000029,74.68000000000029,7159.980952380954,7104.480095238096,95356.6,,2.631205631247594,1.927427013945667,4.558632645193261,0.0,-1114.0,3.0,8049.0,-0.07364434206249382,1.3968303148300438,,,0.2466,0.1347,0.788
20251016,7062.0,7123.0,7144.0,7018.0,138071.0,-3447.0,88010.0,0.0,-2.0,0.0,-2305.0,3.0,0.0,8211.0,0.0,7141.839999999999,7189.42,7147.85,-47.58000000000084,-6.010000000001128,7154.402539682538,7117.501142857142,93796.8,,2.507675844342881,1.927427013945667,4.435102858288548,-2.0,-2305.0,3.0,8211.0,-0.024965416343765163,1.545261856461532,,,0.274,0.164,0.858
20251017,6863.2,7062.0,7098.2,6840.0,140473.0,2402.0,97770.0,1.0,-2.0,0.0,-3439.0,3.0,0.0,9415.0,0.0,7061.280000000001,7159.079999999999,7134.780000000001,-97.79999999999836,-73.5,7134.874603174602,7126.898079365079,95910.9,,2.521323103850878,2.008207094727374,4.529530198578252,-1.0,-3439.0,3.0,9415.0,0.01709937140945235,1.736161112683149,,,0.3288,0.1867,0.923
20251020,6909.2,6968.4,6997.4,6885.0,135493.0,-4980.0,81712.0,1.0,-2.0,0.0,-3192.0,3.0,0.0,9054.0,0.0,6996.92,7142.0,7123.24,-145.0799999999999,-126.3199999999997,7115.980158730159,7133.324111111111,95873.2,,2.563645075087058,2.021023816293361,4.584668891380419,-1.0,-3192.0,3.0,9054.0,-0.03675466629272361,1.9720578007472935,,,0.3699,0.212,0.988
20251021,7052.8,6948.0,7098.0,6948.0,139981.0,4488.0,89215.0,1.0,-2.0,0.0,-3157.0,3.0,0.0,8132.0,0.0,7005.48,7124.06,7120.17,-118.5799999999999,-114.6899999999996,7106.491587301586,7137.041111111112,95604.1,,2.5004906063895,2.168561015222152,4.669051621611652,-1.0,-3157.0,3.0,8132.0,0.03206149405990813,1.903861148513275,,,0.3836,0.2467,0.974
20251022,7011.6,7021.8,7052.4,6970.0,131680.0,-8301.0,68879.0,1.0,-2.0,0.0,-1853.0,3.0,0.0,8453.0,0.0,6979.76,7096.18,7112.490000000001,-116.4200000000001,-132.7300000000005,7096.218888888889,7137.185634920634,95333.0,,2.329867343153084,2.168561015222152,4.498428358375236,-1.0,-1853.0,3.0,8453.0,-0.06303918590522478,1.832854778983065,,,0.4247,0.3147,0.944
20251023,7040.0,6995.0,7047.4,6893.8,140501.0,8821.0,92122.0,0.0,-2.0,0.0,-3524.0,3.0,0.0,7610.0,0.0,6975.360000000001,7058.6,7101.870000000001,-83.23999999999978,-126.5100000000002,7086.876349206351,7132.909047619047,95664.6,,2.4063193995446,2.194220177178633,4.600539576723232,-2.0,-3524.0,3.0,7610.0,0.06278247129913667,1.871324647038755,,,0.3014,0.112,0.961
20251024,7159.8,7078.0,7159.8,7043.6,134444.0,-6057.0,84722.0,0.0,-2.0,0.0,-3514.0,3.0,0.0,8139.0,0.0,7034.68,7047.98,7101.280000000001,-13.30000000000018,-66.60000000000036,7090.2473015873,7126.725301587301,94159.7,,2.40760321094015,2.194220177178633,4.601823388118783,-2.0,-3514.0,3.0,8139.0,-0.04505221504864479,1.8577438191634208,,,0.3836,0.1933,0.955
20251027,7254.4,7228.8,7285.8,7191.0,140233.0,5789.0,87202.0,0.0,-2.0,0.0,-3676.0,3.0,0.0,6638.0,0.0,7103.719999999999,7050.32,7114.8,53.39999999999964,-11.08000000000084,7103.161746031747,7120.898650793652,92695.6,,2.324825688220617,2.194220177178633,4.519045865399249,-2.0,-3676.0,3.0,6638.0,0.041281296128586,1.8881282350008373,,,0.411,0.2267,0.967
20251028,7231.0,7240.0,7313.0,7203.6,133968.0,-6265.0,82049.0,1.0,-1.0,745.0,-2493.0,3.0,0.0,7476.0,0.0,7139.359999999999,7072.42,7125.69,66.93999999999869,13.66999999999916,7115.939047619047,7116.417317460317,87728.8,,2.34487741728301,2.194220177178633,4.539097594461643,0.0,-1748.0,3.0,7476.0,-0.046764899080377405,1.864869976005525,,,0.411,0.276,0.956
20251029,7390.0,7258.0,7395.0,7257.6,140222.0,6254.0,88124.0,0.0,-2.0,0.0,-3862.0,3.0,0.0,7386.0,0.0,7215.039999999999,7097.4,7148.159999999999,117.6399999999994,66.88000000000011,7136.407936507934,7114.060015873016,85980.5,,2.330226899495288,2.215379964377872,4.545606863873159,-2.0,-3862.0,3.0,7386.0,0.044600704596996193,1.8290306886077456,,,0.4384,0.3,0.94
20251030,7299.0,7370.0,7374.0,7265.0,141423.0,1201.0,106213.0,1.0,-1.0,0.0,-2833.0,3.0,0.0,7524.0,0.0,7266.839999999999,7121.1,7155.259999999999,145.7399999999989,111.5799999999999,7153.242063492065,7113.943968253969,87800.8,127455.6,2.290721314304866,2.215379964377872,4.506101278682737,0.0,-2833.0,3.0,7524.0,0.008492253735248156,1.8171980184374263,,,0.411,0.484,0.937
20251031,7242.4,7327.0,7355.0,7239.6,138903.0,-2520.0,92416.0,0.0,-1.0,0.0,-2806.0,3.0,0.0,5824.0,0.0,7283.360000000001,7159.02,7159.05,124.3400000000011,124.3100000000004,7165.330952380951,7116.989603174603,87265.4,,2.214605641264387,2.194220177178633,4.40882581844302,-1.0,-2806.0,3.0,5824.0,-0.0181421567568735,1.7849875757863347,,,0.4932,0.4613,0.929
20251103,7239.6,7240.0,7250.8,7108.0,137332.0,-1571.0,90896.0,1.0,-1.0,0.0,-1018.0,3.0,0.0,5792.0,0.0,7280.4,7192.06,7167.030000000001,88.33999999999924,113.369999999999,7170.35253968254,7122.426841269841,88183.8,,2.006102395310284,2.194220177178633,4.200322572488917,0.0,-1018.0,3.0,5792.0,-0.011439431450790785,1.8188534903304627,,,0.5479,0.4947,0.94
20251104,7094.6,7225.0,7227.2,7032.2,135390.0,-1942.0,90041.0,1.0,-1.0,745.0,-449.0,3.0,0.0,5065.0,0.0,7253.12,7196.24,7160.15,56.88000000000011,92.97000000000025,7166.629682539682,7128.440650793651,88266.4,,2.056492965419991,2.215379964377872,4.271872929797863,0.0,296.0,3.0,5065.0,-0.014343747691853165,1.9324315665283376,,,0.6164,0.548,0.984
20251105,7108.0,7038.0,7159.0,7006.0,136756.0,1366.0,93164.0,0.0,-1.0,0.0,-2838.0,3.0,0.0,5364.0,0.0,7196.719999999999,7205.88,7151.030000000001,-9.160000000000764,45.68999999999869,7159.366349206351,7134.755396825397,90694.9,,2.082574207472601,2.215379964377872,4.297954171850472,-1.0,-2838.0,3.0,5364.0,0.009988592822252772,1.9713368178604789,,,0.6027,0.5747,0.987
20251106,7246.4,7130.0,7261.8,7120.0,134122.0,-2634.0,85816.0,0.0,-1.0,0.0,-2889.0,3.0,0.0,4806.0,0.0,7186.2,7226.52,7142.559999999999,-40.31999999999971,43.64000000000033,7165.561111111112,7142.623873015873,90064.3,,1.970506228634567,2.215379964377872,4.185886193012439,-1.0,-2889.0,3.0,4806.0,-0.019638836283383785,1.9114678211626743,,,0.6438,0.6293,0.975
20251107,7230.2,7211.8,7268.8,7172.0,127129.0,-6993.0,68877.0,0.0,-1.0,0.0,-2953.0,3.0,0.0,5343.0,0.0,7183.76,7233.56,7140.77,-49.80000000000018,42.99000000000069,7173.31,7150.930142857143,88479.8,,1.92704160445647,2.215379964377872,4.142421568834342,-1.0,-2953.0,3.0,5343.0,-0.055007118753392224,1.940619721985103,,,0.6986,0.6413,0.984
20251110,7235.8,7260.0,7301.0,7176.2,132910.0,5781.0,76452.0,0.0,-1.0,0.0,-1194.0,3.0,0.0,5268.0,0.0,7183.0,7231.7,7141.009999999999,-48.69999999999982,41.99000000000069,7182.761587301587,7158.890126984127,87404.8,,1.860039609933441,2.215379964377872,4.075419574311313,-1.0,-1194.0,3.0,5268.0,0.04349559852531788,1.9900286854118412,,,0.726,0.6187,0.991
20251111,7173.0,7296.0,7296.0,7160.0,127025.0,-5885.0,69626.0,0.0,-1.0,0.0,-900.0,3.0,0.0,5481.0,0.0,7198.68,7225.9,7149.159999999999,-27.21999999999935,49.52000000000135,7188.836507936508,7166.179873015873,86162.5,,1.909767970819522,2.215379964377872,4.125147935197394,-1.0,-900.0,3.0,5481.0,-0.04632946270419209,2.0090564906715302,,,0.7397,0.6387,0.993
20251112,7155.2,7166.0,7215.0,7081.0,141389.0,14364.0,90041.0,0.0,-2.0,0.0,-2724.0,3.0,0.0,4893.0,0.0,7208.12,7202.42,7149.910000000001,5.699999999999818,58.20999999999913,7189.636507936507,7171.50273015873,86354.2,,1.888196446842155,2.215379964377872,4.103576411220026,-2.0,-2724.0,3.0,4893.0,0.10159206161724038,2.0610195217047256,,,0.8767,0.8,0.993
20251113,7269.0,7140.0,7278.2,7138.0,129916.0,-11473.0,80371.0,1.0,-2.0,0.0,-1994.0,3.0,0.0,6002.0,0.0,7212.639999999999,7199.42,7160.26,13.21999999999935,52.3799999999992,7197.463492063493,7175.924873015872,83770.0,,1.906322712778471,2.215379964377872,4.121702677156343,-1.0,-1994.0,3.0,6002.0,-0.08831090858708704,2.08453606978513,,,0.863,0.8027,0.993
20251114,7137.4,7218.0,7240.0,7136.8,130526.0,610.0,71699.0,0.0,-2.0,0.0,-2212.0,3.0,0.0,6199.0,0.0,7194.08,7188.92,7173.969999999999,5.159999999999854,20.11000000000058,7197.690793650793,7179.160857142857,81698.3,,1.914665378875743,2.215379964377872,4.130045343253615,-2.0,-2212.0,3.0,6199.0,0.004673398403383234,2.103264588661409,,,0.8904,0.8187,0.994
20251117,7143.4,7169.0,7181.8,7107.0,133431.0,2905.0,73642.0,0.0,-2.0,0.0,-2384.0,3.0,0.0,5516.0,0.0,7175.6,7179.3,7185.68,-3.699999999999818,-10.07999999999993,7195.130158730159,7181.638619047619,79972.9,,1.882056970801475,2.194220177178633,4.076277147980107,-2.0,-2384.0,3.0,5516.0,0.02177155233791248,2.1586371033014222,,,0.8767,0.8813,0.994
20251118,7079.8,7107.0,7139.0,7028.0,139697.0,6266.0,83267.0,0.0,-2.0,0.0,-2710.0,3.0,0.0,6157.0,0.0,7156.959999999999,7177.82,7187.030000000001,-20.86000000000058,-30.07000000000153,7186.562539682538,7183.631904761905,79295.5,,1.839572872559208,2.164229805085176,4.003802677644384,-2.0,-2710.0,3.0,6157.0,0.04485422020515831,2.2012927034514447,,,0.863,0.8893,0.995
20251119,7054.8,7085.4,7113.6,7013.0,141911.0,2214.0,83682.0,0.0,-2.0,0.0,-2679.0,3.0,0.0,6156.0,0.0,7136.88,7172.5,7189.19,-35.61999999999989,-52.30999999999949,7174.979841269841,7185.193253968255,78347.3,,1.819746319077061,2.164229805085176,3.983976124162237,-2.0,-2679.0,3.0,6156.0,0.015601327592646095,2.16202396282772,,,0.863,0.9013,0.993
20251120,7000.0,7118.8,7124.2,6988.4,154013.0,12102.0,89650.0,0.0,-2.0,0.0,-3239.0,3.0,0.0,5998.0,0.0,7083.08,7147.859999999999,7187.19,-64.77999999999884,-104.1099999999997,7160.322380952382,7184.66938095238,78730.7,,1.844515969299333,2.144433435373028,3.98894940467236,-2.0,-3239.0,3.0,5998.0,0.07857778239499263,2.1582617132290576,,,0.8493,0.9013,0.991
20251121,6770.0,6949.0,6964.8,6765.0,165935.0,11922.0,131128.0,1.0,-2.0,0.0,-1986.0,3.0,0.0,8961.0,0.0,7009.6,7101.839999999999,7167.7,-92.23999999999887,-158.0999999999995,7126.37666666667,7179.976047619048,84955.8,157353.6,1.945683747652903,2.164229805085176,4.109913552738079,-1.0,-1986.0,3.0,8961.0,0.07184741013047277,2.790115776614232,,,0.8493,0.868,1.0
20251124,6827.6,6800.0,6867.8,6754.4,151377.0,-14558.0,92262.0,0.0,-2.0,0.0,-3893.0,3.0,0.0,9988.0,0.0,6946.44,7061.02,7146.360000000001,-114.5799999999999,-199.920000000001,7093.086984126985,7171.008587301587,86536.8,,1.856370171757991,2.144433435373028,4.000803607131019,-2.0,-3893.0,3.0,9988.0,-0.09617048825118743,1.8090191774635749,,,0.8082,0.8573,0.925
20251125,6900.0,6876.0,6991.8,6873.0,152439.0,1062.0,93552.0,1.0,-2.0,0.0,-1993.0,3.0,0.0,8489.0,0.0,6910.48,7033.719999999999,7129.81,-123.2399999999989,-219.3299999999999,7069.24365079365,7159.049301587302,88929.4,,1.871549425231752,2.164229805085176,4.035779230316928,-1.0,-1993.0,3.0,8489.0,0.006966721114675378,1.81187722598704,,,0.6301,0.74,0.925
20251126,6909.4,6918.6,6978.0,6890.0,143910.0,-8529.0,74334.0,0.0,-2.0,0.0,-3855.0,3.0,0.0,7997.0,0.0,6881.4,7009.139999999999,7105.780000000001,-127.7399999999998,-224.380000000001,7049.324603174604,7145.018111111111,87358.7,,1.811386086548497,2.164229805085176,3.975615891633673,-2.0,-3855.0,3.0,7997.0,-0.05926620804669585,1.8025923823235703,,,0.6438,0.74,0.921
20251127,6896.2,6916.4,7008.8,6881.2,145804.0,1894.0,76028.0,0.0,-2.0,0.0,-4083.0,3.0,0.0,9699.0,0.0,6860.639999999999,6971.860000000001,7085.640000000001,-111.2200000000012,-225.0000000000018,7030.55380952381,7128.327142857143,86924.4,,1.848777696151053,2.134461613166846,3.983239309317899,-2.0,-4083.0,3.0,9699.0,0.012990041425475296,1.847002739578184,,,0.6849,0.7827,0.94
20251128,6974.2,6901.2,6982.6,6887.4,139454.0,-6350.0,72395.0,0.0,-2.0,0.0,-3673.0,3.0,0.0,10755.0,0.0,6901.48,6955.539999999999,7072.23,-54.05999999999858,-170.75,7016.845238095239,7110.242587301587,86994.0,,1.823583273985148,2.032464083882214,3.856047357867361,-2.0,-3673.0,3.0,10755.0,-0.045534728297503116,1.856714974366196,,,0.6986,0.7827,0.942
20251201,7031.6,6998.0,7049.0,6977.4,134509.0,-4945.0,64309.0,0.0,-2.0,0.0,-3884.0,3.0,0.0,9797.0,0.0,6942.280000000001,6944.360000000001,7061.83,-2.079999999999927,-119.5499999999993,7011.55507936508,7091.88507936508,86060.7,,1.763856030549597,2.032464083882214,3.79632011443181,-2.0,-3884.0,3.0,9797.0,-0.03676333925610926,1.8579339827064385,,,0.863,0.8427,0.944
20251202,6982.2,7023.6,7026.8,6966.0,127620.0,-6889.0,54148.0,0.0,-2.0,0.0,-4226.0,3.0,0.0,9249.0,0.0,6958.719999999999,6934.6,7056.210000000001,24.11999999999898,-97.4900000000016,7004.318888888891,7073.660714285716,83148.8,,1.697157251397289,2.032464083882214,3.729621335279503,-2.0,-4226.0,3.0,9249.0,-0.05398056730919919,1.84171110366432,,,0.8219,0.8347,0.937
20251203,6950.4,6987.2,7018.0,6925.4,133791.0,6171.0,67339.0,0.0,-2.0,0.0,-4460.0,3.0,0.0,8713.0,0.0,6966.92,6924.159999999999,7048.33,42.76000000000113,-81.40999999999985,6994.324126984126,7055.595142857144,81514.5,,1.653952097647893,1.954396518601559,3.608348616249452,-2.0,-4460.0,3.0,8713.0,0.046124178756418596,1.8412674680901695,,,0.8356,0.8227,0.935
20251204,6983.2,6970.0,7005.6,6912.0,123278.0,-10513.0,64721.0,0.0,-2.0,0.0,-3873.0,3.0,0.0,8523.0,0.0,6984.32,6922.48,7035.17,61.83999999999924,-50.85000000000036,6987.067619047621,7038.269666666667,79021.6,,1.616979204699766,1.940935101024721,3.557914305724487,-2.0,-3873.0,3.0,8523.0,-0.08527880075925956,1.8345902351871324,,,0.8356,0.7947,0.932
20251205,7083.2,6976.0,7087.4,6921.2,130990.0,7712.0,83349.0,0.0,-2.0,0.0,-2872.0,3.0,0.0,9534.0,0.0,7006.12,6953.8,7027.82,52.31999999999971,-21.69999999999982,6986.726031746033,7024.304603174603,74243.7,,1.711776984604272,1.940935101024721,3.652712085628993,-2.0,-2872.0,3.0,9534.0,0.05887472326131766,1.827910539633593,,,0.8904,0.8067,0.929
20251208,7144.0,7096.0,7173.0,7096.0,116565.0,-14425.0,63355.0,1.0,-2.0,0.0,-2160.0,3.0,0.0,8740.0,0.0,7028.6,6985.44,7023.23,43.16000000000076,5.369999999999891,6996.423492063491,7014.638253968255,71353.0,,1.684395344734934,1.933243087082129,3.617638431817063,-1.0,-2160.0,3.0,8740.0,-0.12375069703598851,1.827888509217807,,,0.8767,0.808,0.929
20251209,7094.4,7130.0,7161.2,7082.4,114015.0,-2550.0,57109.0,0.0,-1.0,0.0,-2301.0,3.0,0.0,9529.0,0.0,7051.039999999999,7004.88,7019.3,46.15999999999894,31.73999999999887,7004.326031746029,7008.146492063493,67708.7,,1.661363207663228,1.933243087082129,3.594606294745358,-1.0,-2301.0,3.0,9529.0,-0.022365478226549138,1.827800963037096,,,0.8767,0.772,0.929
20251210,7122.2,7083.0,7143.6,7040.0,109494.0,-4521.0,69706.0,0.0,-1.0,0.0,-2358.0,3.0,0.0,8972.0,0.0,7085.4,7026.159999999999,7017.65,59.24000000000069,67.75,7011.588412698413,7004.372873015874,67245.9,,1.626315929582285,1.933243087082129,3.559559016664414,-1.0,-2358.0,3.0,8972.0,-0.041289933694996984,1.851426976997184,,,0.8767,0.676,0.942
20251211,7074.4,7140.8,7151.6,7066.4,99580.0,-9914.0,63847.0,0.0,-1.0,0.0,-2317.0,3.0,0.0,10909.0,0.0,7103.639999999999,7043.98,7007.92,59.65999999999894,95.71999999999935,7019.518412698411,7003.269333333333,66027.8,,1.468363732865181,1.933243087082129,3.40160681994731,-1.0,-2317.0,3.0,10909.0,-0.09955814420566379,1.836336571132109,,,0.7808,0.676,0.934
20251212,7174.0,7101.0,7188.4,7058.4,99631.0,51.0,82739.0,0.0,-1.0,0.0,-2334.0,3.0,0.0,11278.0,0.0,7121.8,7063.960000000001,7009.75,57.83999999999924,112.0500000000002,7031.82,7004.766809523809,67062.2,99286.8,1.480074125757484,1.915357391053129,3.395431516810612,-1.0,-2334.0,3.0,11278.0,0.0005118888699300419,1.787265375947561,,,0.9315,0.8427,0.916
20251215,7115.8,7130.0,7179.8,7110.0,80379.0,-19252.0,65014.0,0.0,-1.0,0.0,-2477.0,3.0,0.0,10435.0,0.0,7116.159999999999,7072.38,7008.37,43.77999999999884,107.7899999999991,7042.993015873015,7007.910603174603,67132.7,,1.381029317441893,1.915357391053129,3.296386708495021,-1.0,-2477.0,3.0,10435.0,-0.23951529628385523,1.774089189053071,,,0.9452,0.9147,0.912
20251216,7010.2,7096.0,7103.6,6958.6,75305.0,-5074.0,78132.0,0.0,-1.0,0.0,-1653.0,3.0,0.0,10830.0,0.0,7099.32,7075.18,7004.889999999999,24.13999999999942,94.43000000000029,7044.689523809523,7011.947666666665,69531.1,,1.449774930045829,1.933243087082129,3.383018017127958,-1.0,-1653.0,3.0,10830.0,-0.06737932408206626,1.7635374708943083,,,0.8493,0.8147,0.908
20251217,7146.8,7012.6,7178.8,6987.6,56653.0,-18652.0,75907.0,0.0,-1.0,0.0,-2249.0,3.0,0.0,10515.0,0.0,7104.24,7094.82,7009.49,9.420000000000073,94.75,7053.673492063492,7017.882603174602,70387.9,,1.51041698268522,1.940935101024721,3.451352083709941,-1.0,-2249.0,3.0,10515.0,-0.3292323442712654,1.641026118784303,,,0.8082,0.7853,0.885
20251218,7101.0,7106.0,7184.6,7101.0,34085.0,-22568.0,46235.0,0.0,-1.0,0.0,-2320.0,3.0,0.0,10976.0,0.0,7109.559999999999,7106.6,7014.539999999999,2.959999999999127,95.02000000000044,7064.523015873016,7025.628142857143,68539.3,,1.496767104250538,1.940935101024721,3.43770220527526,-1.0,-2320.0,3.0,10976.0,-0.6621094323015989,1.5445452680132787,,,0.8082,0.756,0.848
20251219,7055.4,6999.0,7087.8,6988.0,137059.0,102974.0,69784.0,0.0,-1.0,0.0,-2287.0,3.0,0.0,9033.0,0.0,7085.839999999999,7103.82,7028.809999999999,-17.98000000000047,57.02999999999975,7066.014126984125,7033.556952380952,67182.8,,1.53497877565198,1.933243087082129,3.468221862734109,-1.0,-2287.0,3.0,9033.0,0.7513114789980957,1.454609647653001,,,0.7671,0.7133,0.807
20251222,7123.2,7100.0,7170.0,7088.6,138149.0,1090.0,58271.0,1.0,-1.0,46.0,-2225.0,3.0,0.0,6511.0,0.0,7087.32,7101.74,7043.589999999999,-14.42000000000007,43.73000000000047,7074.672698412698,7041.381873015873,66674.4,,1.582202540477648,1.909094722212008,3.491297262689656,0.0,-2179.0,3.0,6511.0,0.007890031777283948,1.3288213119471877,,,0.6986,0.688,0.754
20251223,7133.2,7121.0,7178.6,7108.0,136107.0,-2042.0,53906.0,0.0,-1.0,0.0,-2171.0,3.0,0.0,7256.0,0.0,7111.92,7105.62,7055.25,6.300000000000182,56.67000000000007,7083.996507936507,7049.34892063492,66354.1,,1.557150189712264,1.909094722212008,3.466244911924272,-1.0,-2171.0,3.0,7256.0,-0.015002902128472452,1.3184717847788765,,,0.6301,0.4613,0.751
20251224,7240.4,7142.6,7271.6,7128.8,146995.0,10888.0,69984.0,0.0,-1.0,0.0,-2194.0,3.0,0.0,7216.0,0.0,7130.639999999999,7117.44,7071.8,13.19999999999982,58.83999999999924,7099.197777777778,7058.109857142857,66381.9,,1.602518415309655,1.909094722212008,3.511613137521663,-1.0,-2194.0,3.0,7216.0,0.07407054661723188,1.240581990745381,,,0.7945,0.7107,0.713
20251225,7320.6,7240.0,7344.0,7219.8,144535.0,-2460.0,63146.0,0.0,-1.0,0.0,-2342.0,3.0,0.0,6562.0,0.0,7174.559999999999,7142.06,7093.02,32.49999999999909,81.53999999999996,7120.721428571429,7068.230158730158,66311.8,,1.556647799422368,1.882057872308376,3.438705671730744,-1.0,-2342.0,3.0,6562.0,-0.017020098937973502,1.1911168163594683,,,0.7671,0.664,0.698
20251226,7388.0,7330.2,7431.2,7330.0,157607.0,13072.0,84671.0,0.0,-1.0,0.0,-2361.0,3.0,0.0,6911.0,0.0,7241.08,7163.460000000001,7113.710000000001,77.61999999999898,127.369999999999,7148.211269841269,7079.869285714286,66505.0,101605.2,1.57363266186878,1.882057872308376,3.455690534177156,-1.0,-2361.0,3.0,6911.0,0.08294047853204489,1.135727532076905,,,0.6986,0.6347,0.664
20251229,7336.6,7386.2,7414.6,7318.0,146816.0,-10791.0,63940.0,0.0,-1.0,0.0,-2456.0,3.0,0.0,6345.0,0.0,7283.76,7185.539999999999,7128.959999999999,98.22000000000116,154.8000000000011,7172.296825396827,7092.799666666668,66397.6,,1.587573673185055,1.882057872308376,3.469631545493431,-1.0,-2456.0,3.0,6345.0,-0.07350016346992154,1.1961420271347558,,,0.6438,0.6253,0.702
20251230,7381.0,7317.2,7425.2,7308.8,153828.0,7012.0,66223.0,0.0,-1.0,0.0,-2653.0,3.0,0.0,7779.0,-145.0,7333.32,7222.62,7148.899999999999,110.6999999999998,184.420000000001,7195.387142857142,7107.869428571428,65206.7,,1.59621314385799,1.860434601015496,3.456647744873486,-1.0,-2653.0,3.0,7634.0,0.04558337883870297,1.1543814412337454,,,0.6164,0.6013,0.673
20251231,7362.8,7393.0,7400.2,7335.0,145074.0,-8754.0,62267.0,0.0,-1.0,0.0,-2695.0,3.0,0.0,5308.0,0.0,7357.8,7244.219999999999,7169.52,113.5800000000008,188.2800000000007,7216.854603174603,7124.18753968254,63842.7,,1.571826462746187,1.860434601015496,3.432261063761683,-1.0,-2695.0,3.0,5308.0,-0.06034161876008106,1.2646079930956102,,,0.5753,0.5613,0.728
20260105,7596.0,7424.4,7599.2,7422.0,160143.0,15069.0,79757.0,0.0,-1.0,0.0,-2796.0,3.0,0.0,6736.0,-394.0,7412.88,7293.719999999999,7200.160000000001,119.1600000000008,212.7199999999993,7252.449206349207,7142.980158730158,67194.9,,1.670302336370187,1.860434601015496,3.530736937385683,-1.0,-2796.0,3.0,6342.0,0.09409715067158726,1.085361480556338,,,0.5753,0.5613,0.639
20260106,7786.4,7630.0,7786.4,7616.0,164336.0,4193.0,94435.0,0.0,-1.0,0.0,-2935.0,3.0,0.0,9636.0,0.0,7492.56,7366.820000000002,7235.32,125.7399999999989,257.2400000000007,7303.868730158731,7166.765619047619,69660.0,113322.0,1.777575562650517,1.860434601015496,3.638010163666013,-1.0,-2935.0,3.0,9636.0,0.025514798948495766,0.9519176498427746,,,0.5479,0.656,0.542
20260107,7802.6,7804.0,7845.6,7770.0,164218.0,-118.0,85963.0,0.0,-1.0,0.0,-3611.0,3.0,0.0,10291.0,0.0,7585.76,7434.759999999999,7268.25,151.0000000000009,317.5100000000002,7359.595714285713,7195.257920634921,72429.2,,1.684472726565085,1.851062655939788,3.535535382504873,-1.0,-3611.0,3.0,10291.0,-0.0007185570400321524,1.0234574018733096,,,0.4795,0.4453,0.595
20260108,7814.4,7786.0,7883.8,7774.6,158547.0,-5671.0,87667.0,0.0,-1.0,0.0,-2932.0,3.0,0.0,12849.0,0.0,7672.44,7502.88,7304.25,169.5599999999995,368.1899999999996,7412.429047619044,7228.101174603175,75805.3,,1.594329554067222,1.827377294374159,3.421706848441382,-1.0,-2932.0,3.0,12849.0,-0.03576857335679641,1.0572940269495863,,,0.4521,0.6253,0.622
20260109,8037.8,7822.0,8037.8,7822.0,174403.0,15856.0,110023.0,0.0,-1.0,0.0,-3718.0,3.0,0.0,13205.0,0.0,7807.44,7582.62,7350.029999999999,224.8199999999997,457.4100000000008,7476.4253968254,7265.823936507937,79809.2,132027.6,1.713956144183088,1.827377294374159,3.541333438557247,-1.0,-3718.0,3.0,13205.0,0.09091586727292535,0.9221487501332922,,,0.4247,0.5853,0.512
20260112,8236.6,8099.0,8268.0,8044.0,167535.0,-6868.0,114590.0,0.0,-1.0,0.0,-3876.0,3.0,0.0,14250.0,0.0,7935.56,7674.219999999999,7408.139999999999,261.3400000000011,527.420000000001,7557.075238095237,7309.459317460317,84953.6,137508.0,1.805804493385727,1.851062655939788,3.656867149325515,-1.0,-3876.0,3.0,14250.0,-0.04099441907661086,0.7700319871082607,,,0.4384,0.4907,0.382
20260113,8131.2,8260.6,8265.0,8078.0,171420.0,3885.0,120900.0,0.0,-1.0,0.0,-2952.0,3.0,0.0,15878.0,0.0,8004.52,7748.539999999999,7456.0,255.9800000000005,548.5199999999995,7631.152539682538,7357.753444444445,88576.5,145080.0,1.856661874716142,1.851062655939788,3.70772453065593,-1.0,-2952.0,3.0,15878.0,0.022663633181659083,0.7684016506027095,,,0.3836,0.4053,0.381
20260114,8197.8,8168.0,8388.6,8059.4,180823.0,9403.0,173512.0,0.0,-1.0,0.0,-3795.0,3.0,0.0,16391.0,0.0,8083.56,7834.660000000001,7510.1,248.8999999999996,573.46,7703.802857142857,7410.904047619048,99533.7,208214.4,2.07856013349165,1.851062655939788,3.929622789431438,-1.0,-3795.0,3.0,16391.0,0.052001128175066226,0.7406075838729171,,,0.3973,0.3587,0.353
20260115,8206.8,8130.0,8239.2,8115.0,176008.0,-4815.0,110213.0,0.0,-1.0,0.0,-1287.0,3.0,0.0,15022.0,0.0,8162.039999999999,7917.240000000001,7569.93,244.7999999999984,592.1099999999988,7768.498412698411,7468.215174603174,103932.7,,2.042936096782095,1.827377294374159,3.870313391156254,-1.0,-1287.0,3.0,15022.0,-0.027356711058588248,0.6051167193814595,,,0.3014,0.1773,0.225
20260116,8210.4,8277.8,8280.2,8162.4,174492.0,-1516.0,102740.0,0.0,-1.0,0.0,-3900.0,3.0,0.0,16657.0,0.0,8196.56,8002.0,7623.110000000001,194.5599999999995,573.4499999999989,7832.70873015873,7529.800587301586,107980.0,,2.020488015168731,1.827377294374159,3.847865309542891,-1.0,-3900.0,3.0,16657.0,-0.008688077390367466,0.6915004135742382,,,0.2877,0.1333,0.304
20260119,8266.0,8182.6,8324.8,8172.2,177228.0,2736.0,98224.0,0.0,-1.0,0.0,-3666.0,3.0,0.0,17517.0,0.0,8202.439999999999,8069.0,7681.360000000001,133.4399999999987,521.0799999999981,7893.71365079365,7593.92703174603,109826.7,,2.042469447223069,1.825706197292408,3.868175644515477,-1.0,-3666.0,3.0,17517.0,0.01543774121470648,1.046720037500897,,,0.1096,0.0453,0.624
20260120,8248.8,8289.0,8348.0,8112.0,180970.0,3742.0,123309.0,0.0,-1.0,0.0,-1948.0,3.0,0.0,18852.0,0.0,8225.960000000001,8115.24,7741.030000000001,110.7200000000012,484.9300000000003,7948.451428571427,7658.385301587301,112714.1,,2.150997586238506,1.847787719389995,3.9987853056285,-1.0,-1948.0,3.0,18852.0,0.02067746035254462,0.950180202958688,,,0.0685,0.0387,0.547
20260121,8371.0,8216.6,8372.0,8205.0,175976.0,-4994.0,101832.0,1.0,0.0,0.0,-37.0,3.0,0.0,17435.0,0.0,8260.6,8172.08,7803.42,88.52000000000044,457.1800000000003,8005.029365079365,7722.928666666665,114301.0,,2.17710027558908,1.851062655939788,4.028162931528867,1.0,-37.0,3.0,17435.0,-0.028378869845888076,0.8623722844227284,,,0.0822,0.1253,0.466
20260122,8400.0,8405.0,8434.0,8333.6,174152.0,-1824.0,81239.0,1.0,0.0,53.0,0.0,3.0,0.0,17637.0,0.0,8299.24,8230.64,7866.759999999999,68.60000000000036,432.4800000000005,8062.683015873018,7787.954063492063,113658.2,,2.188237495344459,1.851062655939788,4.039300151284247,1.0,53.0,3.0,17637.0,-0.010473609260875557,0.8335025866639306,,,0.0685,0.112,0.444
20260123,8658.2,8440.0,8660.0,8427.0,179892.0,5740.0,103171.0,0.0,-1.0,0.0,-2463.0,3.0,0.0,18533.0,0.0,8388.8,8292.68,7937.65,96.11999999999898,451.1499999999996,8132.517777777779,7853.563301587301,112973.0,,2.18854924454393,1.851062655939788,4.039611900483718,-1.0,-2463.0,3.0,18533.0,0.03190803370911436,0.6391326900717517,,,0.0548,0.104,0.248
20260126,8470.0,8695.0,8728.2,8428.2,174418.0,-5474.0,128932.0,0.0,-1.0,0.0,-2484.0,3.0,0.0,18245.0,0.0,8429.6,8316.02,7995.12,113.5799999999999,434.4800000000005,8192.046666666669,7917.060444444444,114407.2,,2.270807185645399,1.860434601015496,4.131241786660896,-1.0,-2484.0,3.0,18245.0,-0.031384375465834946,0.8905279515595643,,,0.0685,0.0787,0.491
20260127,8547.6,8461.0,8604.6,8346.0,173219.0,-1199.0,121961.0,0.0,-1.0,0.0,-2419.0,3.0,0.0,18434.0,0.0,8489.36,8357.66,8053.1,131.7000000000007,436.2600000000002,8242.820952380951,7978.227285714284,114513.3,,2.414233233100111,1.882057872308376,4.296291105408486,-1.0,-2419.0,3.0,18434.0,-0.0069218734665365805,0.7202448650010298,,,0.0274,0.04,0.332
20260128,8622.0,8564.2,8658.0,8515.2,167295.0,-5924.0,94115.0,0.0,-1.0,0.0,-2866.0,3.0,0.0,16758.0,0.0,8539.560000000001,8400.08,8117.370000000001,139.4800000000014,422.1900000000005,8296.271428571428,8037.474142857141,106573.6,,2.426327696600981,1.860434601015496,4.286762297616478,-1.0,-2866.0,3.0,16758.0,-0.03541050240592965,0.598400252354304,,,0.0274,0.0413,0.221
20260129,8517.6,8615.0,8700.0,8488.2,170962.0,3667.0,115687.0,0.0,-1.0,0.0,-2883.0,3.0,0.0,15194.0,0.0,8563.08,8431.16,8174.2,131.9200000000001,388.8800000000001,8340.049523809523,8094.629253968253,107121.0,,2.406477400840423,1.860434601015496,4.266912001855919,-1.0,-2883.0,3.0,15194.0,0.021449210935763505,0.6173590100821937,,,0.0411,0.0427,0.231
20260130,8362.4,8469.2,8535.0,8135.0,163697.0,-7265.0,137793.0,1.0,-1.0,0.0,-379.0,3.0,0.0,16653.0,0.0,8503.920000000002,8446.36,8224.18,57.56000000000131,279.7400000000016,8359.38984126984,8147.297365079365,110626.3,165351.6,2.548762987395253,1.860434601015496,4.409197588410749,0.0,-379.0,3.0,16653.0,-0.044380776678863997,0.6690682074710695,,,0.0274,0.044,0.287
20260202,7903.2,8262.2,8334.4,7832.0,153481.0,-10216.0,151002.0,1.0,0.0,0.0,-457.0,3.0,0.0,14614.0,0.0,8390.560000000001,8410.08,8239.539999999999,-19.51999999999862,151.0200000000023,8341.491904761904,8192.07519047619,115904.1,181202.4,2.847280517140274,1.860434601015496,4.70771511815577,1.0,-457.0,3.0,14614.0,-0.06656198487109154,1.289828751128712,,,0.0548,0.084,0.76
20260203,8282.0,8100.0,8296.8,8011.2,151098.0,-2383.0,122145.0,1.0,0.0,356.0,0.0,3.0,0.0,14304.0,0.0,8337.439999999999,8413.4,8264.32,-75.96000000000095,73.11999999999898,8339.68492063492,8231.198539682538,115787.7,,2.900244306630447,1.882057872308376,4.782302178938822,1.0,356.0,3.0,14304.0,-0.015771221326556274,0.8123817837287044,,,0.0548,0.0187,0.432
20260204,8313.6,8245.0,8317.8,8133.6,145579.0,-5519.0,100543.0,0.0,-1.0,0.0,-2263.0,3.0,0.0,13782.0,0.0,8275.759999999998,8407.66,8289.869999999999,-131.9000000000015,-14.11000000000058,8341.413650793651,8264.836968253969,115658.8,,2.948807231712477,1.909094722212008,4.857901953924485,-1.0,-2263.0,3.0,13782.0,-0.037910687667864186,0.8713113329085173,,,0.0685,0.0267,0.485
20260205,8120.2,8221.0,8229.0,8030.0,149924.0,4345.0,112281.0,1.0,-1.0,0.0,-632.0,3.0,0.0,10674.0,0.0,8196.28,8379.68,8305.16,-183.3999999999996,-108.8799999999992,8327.297301587303,8291.298396825398,118763.0,,3.092688409720997,1.933243087082129,5.025931496803127,0.0,-632.0,3.0,10674.0,0.028981350550945813,1.010788676610307,,,0.0548,0.0373,0.605
20260206,8117.4,8000.0,8249.6,7950.0,146089.0,-3835.0,113205.0,1.0,0.0,0.0,-718.0,3.0,0.0,9637.0,0.0,8147.280000000001,8325.6,8309.140000000001,-178.3199999999997,-161.8600000000006,8307.387619047617,8308.78538095238,119766.4,,3.222330545435885,1.952906690238111,5.175237235673996,1.0,-718.0,3.0,9637.0,-0.02625112089205895,0.9937583837869592,,,0.1507,0.0907,0.593
20260209,8311.6,8260.0,8324.0,8220.0,138576.0,-7513.0,76113.0,1.0,0.0,0.0,-816.0,3.0,0.0,9986.0,0.0,8228.960000000001,8309.76,8312.890000000001,-80.79999999999927,-83.93000000000029,8307.200634920635,8320.300777777778,114484.5,,3.195472012909753,1.981353106674808,5.176825119584562,1.0,-816.0,3.0,9986.0,-0.05421573721279298,0.9151672548208531,,,0.0959,0.0933,0.519
20260210,8290.8,8318.0,8329.0,8244.8,134825.0,-3751.0,54914.0,0.0,-1.0,0.0,-2579.0,3.0,0.0,10481.0,0.0,8230.720000000001,8284.079999999998,8320.869999999999,-53.35999999999694,-90.14999999999782,8305.509682539685,8326.569650793652,107779.8,,3.126844263346692,1.981353106674808,5.1081973700215,-1.0,-2579.0,3.0,10481.0,-0.02782124976821806,0.9911123942428988,,,0.1096,0.0947,0.592
20260211,8336.4,8290.8,8384.0,8282.8,135346.0,521.0,59866.0,0.0,-1.0,0.0,-2497.0,3.0,0.0,11743.0,0.0,8235.279999999999,8255.52,8327.8,-20.2400000000016,-92.52000000000044,8306.94396825397,8327.636904761905,104354.9,,3.129230742899198,1.981353106674808,5.110583849574006,-1.0,-2497.0,3.0,11743.0,0.003849393406528453,0.9054399779019512,,,0.3562,0.2827,0.51
20260212,8448.8,8348.2,8458.8,8331.2,142445.0,7099.0,69413.0,1.0,0.0,0.0,-1198.0,3.0,0.0,11542.0,0.0,8301.0,8248.640000000001,8339.9,52.35999999999876,-38.89999999999964,8315.465396825399,8325.178492063493,99727.5,,3.021340219266208,1.981353106674808,5.002693325941016,1.0,-1198.0,3.0,11542.0,0.04983677910772579,0.8481102203246963,,,0.3151,0.2813,0.463
20260213,8274.8,8398.0,8419.0,8250.0,140501.0,-1944.0,81351.0,1.0,-1.0,0.0,-1372.0,3.0,0.0,12509.0,0.0,8332.48,8239.88,8343.119999999999,92.60000000000036,-10.63999999999942,8313.850952380953,8320.624603174603,94083.3,,2.939499383417889,2.083248267484544,5.022747650902433,0.0,-1372.0,3.0,12509.0,-0.013836200454089296,0.9521363148723914,,,0.411,0.4053,0.563
20260224,8371.6,8360.0,8455.0,8314.0,139597.0,-904.0,73322.0,1.0,-1.0,0.0,-1249.0,3.0,0.0,13332.0,0.0,8344.48,8286.72,8348.4,57.76000000000022,-3.920000000000073,8317.391587301585,8318.214571428573,86315.3,,2.8765209972444,2.177768049394317,5.054289046638718,0.0,-1249.0,3.0,13332.0,-0.006475783863550077,1.0185783803323192,,,0.4932,0.5147,0.614
20260225,8529.0,8411.0,8558.0,8394.0,143448.0,3851.0,77377.0,0.0,-1.0,0.0,-2835.0,3.0,0.0,14826.0,0.0,8392.119999999999,8311.42,8362.41,80.69999999999891,29.70999999999913,8331.135555555555,8317.359634920636,81838.5,,2.916351780091821,2.165703315489591,5.082055095581413,-1.0,-2835.0,3.0,14826.0,0.026845965088394402,0.8341587225789142,,,0.3836,0.4213,0.451
20260226,8537.4,8558.6,8568.0,8477.4,136686.0,-6762.0,68251.0,0.0,-1.0,0.0,-3067.0,3.0,0.0,14345.0,0.0,8432.32,8333.8,8370.73,98.52000000000044,61.59000000000015,8348.219206349204,8318.040190476191,78609.3,,2.811551198287079,2.165703315489591,4.977254513776669,-1.0,-3067.0,3.0,14345.0,-0.04947105043676748,0.9414140486563723,,,0.4384,0.4573,0.556
20260227,8645.4,8490.0,8650.0,8484.0,138970.0,2284.0,78564.0,1.0,-1.0,0.0,-1759.0,3.0,0.0,14774.0,0.0,8471.64,8386.32,8383.0,85.31999999999971,88.63999999999942,8369.24111111111,8322.234571428571,75237.6,,2.603831314999201,2.057995866233959,4.661827181233161,0.0,-1759.0,3.0,14774.0,0.0164352018421242,1.0471022231231726,,,0.4795,0.4293,0.643
20260302,8627.0,8600.0,8686.0,8519.8,143041.0,4071.0,105223.0,0.0,-1.0,0.0,-2033.0,3.0,0.0,12291.0,0.0,8542.08,8437.28,8381.439999999999,104.7999999999993,160.6400000000012,8392.942857142856,8330.790095238095,74439.4,126267.6,2.277016534989676,2.057995866233959,4.335012401223636,-1.0,-2033.0,3.0,12291.0,0.028460371501877083,1.076086040117615,,,0.5205,0.4787,0.658
20260303,8266.2,8641.8,8642.0,8238.8,148457.0,5416.0,150232.0,0.0,-1.0,0.0,-1674.0,3.0,0.0,10013.0,0.0,8521.0,8432.74,8371.25,88.26000000000022,149.75,8393.708412698412,8339.440873015872,81851.3,180278.4,2.285515341726528,2.165703315489591,4.451218657216119,-1.0,-1674.0,3.0,10013.0,0.03648194426669002,1.1120654012207485,,,0.5753,0.612,0.671
20260304,8219.4,8253.0,8380.4,8193.0,134589.0,-13868.0,121611.0,0.0,-1.0,0.0,-1705.0,3.0,0.0,10332.0,0.0,8459.08,8425.6,8354.84,33.47999999999956,104.2399999999998,8381.367142857142,8347.02661904762,88521.0,145933.2,2.290086766413884,2.197549550413105,4.48763631682699,-1.0,-1705.0,3.0,10332.0,-0.10303962433779879,1.2203988342155785,,,0.5753,0.6387,0.728
20260305,8255.6,8339.4,8361.4,8180.6,125426.0,-9163.0,100813.0,0.0,-1.0,0.0,-1731.0,3.0,0.0,7162.0,0.0,8402.720000000001,8417.52,8336.52,-14.79999999999927,66.20000000000073,8374.100634920636,8353.742285714285,92615.7,,2.199751943591906,2.200275812501871,4.400027756093777,-1.0,-1731.0,3.0,7162.0,-0.0730550284629981,1.3647693155049532,,,0.6027,0.6493,0.797
20260306,8322.6,8244.0,8379.8,8224.2,116622.0,-8804.0,81441.0,0.0,-1.0,0.0,-3288.0,3.0,-1.0,8327.0,-160.0,8338.16,8404.9,8326.77,-66.73999999999978,11.38999999999942,8371.114285714286,8359.307174603175,93818.5,,2.073288906524882,2.200275812501871,4.273564719026752,-1.0,-3288.0,2.0,8167.0,-0.07549175970228601,1.3981056222226091,,,0.6164,0.7493,0.81
20260309,8267.0,8201.8,8294.2,7710.0,122938.0,6316.0,116276.0,0.0,-1.0,0.0,-3064.0,3.0,-1.0,8384.0,-166.0,8266.16,8404.12,8322.0,-137.9600000000009,-55.84000000000015,8356.572857142855,8363.579365079364,97311.0,,2.419926400436145,2.226366678959314,4.646293079395459,-1.0,-3064.0,2.0,8218.0,0.051375490084432804,1.492339092476494,,,0.6164,0.7027,0.846
20260310,8393.6,8347.0,8405.8,8290.0,107374.0,-15564.0,83464.0,1.0,-1.0,0.0,-1936.0,3.0,0.0,8291.0,0.0,8291.640000000001,8406.32,8346.52,-114.6799999999985,-54.8799999999992,8359.006666666668,8367.740873015871,98325.2,,2.464279270231532,2.226366678959314,4.690645949190846,0.0,-1936.0,3.0,8291.0,-0.14495129174660532,1.2464235218160706,,,0.726,0.7747,0.737
20260311,8360.0,8401.8,8434.4,8346.0,97524.0,-9850.0,60985.0,0.0,-1.0,0.0,-3068.0,3.0,0.0,8860.0,0.0,8319.76,8389.42,8350.42,-69.65999999999985,-30.65999999999985,8363.52238095238,8370.979555555556,96686.0,,2.452892483219646,2.200275812501871,4.653168295721517,-1.0,-3068.0,3.0,8860.0,-0.10100077929535294,1.297301778749741,,,0.7808,0.7907,0.761
20260312,8301.0,8355.0,8396.0,8233.8,95250.0,-2274.0,70893.0,0.0,-1.0,0.0,-3017.0,3.0,0.0,7596.0,-112.0,8328.84,8365.78,8349.789999999999,-36.94000000000051,-20.94999999999891,8361.650000000001,8372.322634920634,96950.2,,2.485460583825931,2.200275812501871,4.685736396327802,-1.0,-3017.0,3.0,7484.0,-0.023874015748031496,1.346279232547042,,,0.8219,0.84,0.788
20260313,8213.8,8276.0,8360.0,8195.4,89653.0,-5597.0,73173.0,0.0,-1.0,0.0,-437.0,3.0,-1.0,7901.0,-161.0,8307.079999999998,8322.619999999999,8354.47,-15.54000000000087,-47.39000000000124,8351.652063492065,8370.56373015873,96411.1,,2.457599378056016,2.200275812501871,4.657875190557887,-1.0,-437.0,2.0,7740.0,-0.06242958964005666,1.4407325313967403,,,0.8356,0.848,0.828
20260316,8178.4,8225.2,8229.6,8033.8,84448.0,-5205.0,81995.0,0.0,-1.0,0.0,-1228.0,3.0,0.0,5994.0,0.0,8289.359999999999,8277.759999999998,8357.52,11.60000000000036,-68.16000000000167,8333.257142857143,8364.595158730159,94088.3,,2.474973615992295,2.226366678959314,4.701340294951609,-1.0,-1228.0,3.0,5994.0,-0.06163556271314892,1.401582676665356,,,0.9041,0.8547,0.809
20260317,8000.0,8193.0,8216.6,7994.0,69093.0,-15355.0,72130.0,0.0,-1.0,0.0,-1036.0,3.0,0.0,5108.0,0.0,8210.64,8251.14,8341.939999999999,-40.5,-131.2999999999993,8306.736349206349,8355.897952380952,86278.1,,2.517253150855067,2.257456741933968,4.774709892789034,-1.0,-1036.0,3.0,5108.0,-0.22223669546842661,1.5541959765865323,,,0.9178,0.9133,0.862
20260318,8086.0,8056.2,8099.0,7950.0,56289.0,-12804.0,65267.0,0.0,-1.0,0.0,-1097.0,3.0,0.0,4714.0,-401.0,8155.839999999999,8237.8,8331.7,-81.96000000000004,-175.8600000000015,8279.57142857143,8345.718380952381,80643.7,,2.577323138389474,2.257456741933968,4.834779880323442,-1.0,-1097.0,3.0,4313.0,-0.22746895485796514,1.554769189053993,,,0.9315,0.9533,0.862
20260319,7886.4,7985.6,8005.6,7839.2,34884.0,-21405.0,54184.0,0.0,-1.0,0.0,-1026.0,3.0,-1.0,5877.0,-214.0,8072.92,8200.880000000001,8309.2,-127.9600000000009,-236.2800000000007,8239.54222222222,8332.262539682539,75980.8,,2.664309177739064,2.287896484370677,4.952205662109741,-1.0,-1026.0,2.0,5663.0,-0.6136050911592708,1.6839346453948645,,,0.9178,0.964,0.895
20260320,7559.4,7750.0,7766.6,7550.2,154680.0,119796.0,104148.0,1.0,-1.0,1809.0,-1468.0,2.0,-1.0,4962.0,-408.0,7942.039999999999,8124.559999999999,8264.73,-182.5200000000004,-322.6900000000005,8174.918888888888,8312.643,78251.5,124977.6,2.837911842770585,2.337514656916986,5.17542649968757,0.0,341.0,1.0,4554.0,0.7744763382467029,2.0009720681558982,,,0.9315,0.964,0.983
20260323,7235.0,7460.0,7532.2,7171.0,162386.0,7706.0,130671.0,0.0,-1.0,0.0,-919.0,3.0,0.0,5878.0,0.0,7753.359999999999,8021.359999999999,8212.74,-268.0,-459.380000000001,8082.634444444442,8285.24915873016,79691.0,156805.2,2.850680890056513,2.337514656916986,5.1881955469735,-1.0,-919.0,3.0,5878.0,0.047454829849863905,1.5486411227090615,,,0.8219,0.8773,0.858
20260324,7409.6,7300.0,7420.4,7179.0,157694.0,-4692.0,118729.0,1.0,-1.0,0.0,-508.0,3.0,0.0,5100.0,0.0,7635.279999999999,7922.960000000001,8164.639999999999,-287.6800000000021,-529.3600000000006,7999.726984126984,8249.32119047619,83217.5,142474.8,2.919219976455607,2.397456784286141,5.316676760741748,0.0,-508.0,3.0,5100.0,-0.029753827032100142,1.4094306062516748,,,0.8356,0.8707,0.808
20260325,7530.0,7500.0,7652.0,7480.0,153518.0,-4176.0,106784.0,1.0,-1.0,0.0,-674.0,3.0,0.0,4540.0,-369.0,7524.079999999999,7839.960000000001,8114.69,-315.8800000000019,-590.6100000000006,7939.665079365079,8206.93546031746,87797.4,128140.8,2.993302476759128,2.419600679467238,5.412903156226366,0.0,-674.0,3.0,4171.0,-0.027202021912739873,1.45269466859842,,,0.7808,0.852,0.825
20260326,7413.8,7501.0,7578.8,7406.6,149308.0,-4210.0,82703.0,1.0,-1.0,0.0,-667.0,3.0,0.0,4543.0,-274.0,7429.56,7751.240000000001,8058.51,-321.6800000000003,-628.9499999999998,7875.89380952381,8158.359841269841,88978.4,,3.032823862713608,2.419600679467238,5.452424542180847,0.0,-667.0,3.0,4269.0,-0.028196747662549898,1.4767616447840215,,,0.7945,0.852,0.837
20260327,7559.2,7358.8,7612.6,7348.0,153449.0,4141.0,94768.0,1.0,-1.0,0.0,-617.0,3.0,0.0,4427.0,-435.0,7429.52,7685.780000000001,8004.2,-256.2600000000011,-574.6800000000003,7821.779365079366,8105.372571428571,91137.9,,2.736315245600048,2.461446597491488,5.197761843091536,0.0,-617.0,3.0,3992.0,0.026986164784390906,1.385121387779382,,,0.7671,0.852,0.79
20260330,7560.6,7470.8,7576.6,7372.4,150647.0,-2802.0,98144.0,1.0,0.0,0.0,-31.0,3.0,-1.0,2930.0,-362.0,7494.639999999999,7624.0,7950.88,-129.3600000000006,-456.2400000000007,7775.545873015873,8049.601444444443,92752.8,,2.817009658423398,2.486055975488723,5.303065633912121,1.0,-31.0,2.0,2568.0,-0.018599772979216313,1.399604148959828,,,0.7534,0.7933,0.799
20260331,7425.0,7568.0,7619.0,7417.8,154924.0,4277.0,99001.0,1.0,-1.0,0.0,-877.0,3.0,-1.0,2447.0,-999.0,7497.719999999999,7566.5,7908.82,-68.78000000000065,-411.1000000000004,7729.413968253967,7991.869206349205,95439.9,,2.945416221384262,2.572307108241373,5.517723329625635,0.0,-877.0,2.0,1448.0,0.027607084764142416,1.4269620819564324,,,0.7397,0.7933,0.813
20260401,7565.8,7585.0,7612.8,7509.0,150714.0,-4210.0,91572.0,1.0,0.0,0.0,-206.0,3.0,-1.0,2127.0,-664.0,7504.88,7514.48,7876.139999999999,-9.600000000000364,-371.2599999999993,7695.550476190474,7933.467111111109,98070.4,,2.98932384341637,2.572307108241373,5.561630951657744,1.0,-206.0,2.0,1463.0,-0.027933702243985295,1.3432555910432438,,,0.7397,0.796,0.771
20260402,7409.6,7500.0,7561.4,7341.4,153081.0,2367.0,93435.0,1.0,-1.0,0.0,-912.0,3.0,0.0,3673.0,-667.0,7504.040000000001,7466.8,7833.839999999999,37.24000000000069,-329.7999999999984,7653.45253968254,7874.858142857143,101995.5,,3.067812033087809,2.704412032928822,5.772224066016632,0.0,-912.0,3.0,3006.0,0.015462402257628315,1.4641118584331108,,,0.726,0.796,0.832
20260403,7352.0,7459.2,7459.8,7325.2,145457.0,-7624.0,78708.0,0.0,-1.0,0.0,-1147.0,3.0,-1.0,3297.0,-684.0,7462.6,7446.06,7785.309999999999,16.53999999999996,-322.7099999999991,7610.85380952381,7818.451634920634,99451.5,,3.033991116344191,2.704412032928822,5.738403149273013,-1.0,-1147.0,2.0,2613.0,-0.05241411551180074,1.4791497738704682,,,0.7808,0.856,0.838
20260407,7388.8,7380.0,7470.0,7355.6,145512.0,55.0,70619.0,1.0,-1.0,0.0,-1141.0,3.0,-1.0,3362.0,-244.0,7428.240000000001,7461.440000000001,7741.4,-33.19999999999982,-313.1599999999989,7571.389841269842,7767.327174603175,93446.3,,2.952329257970113,2.704412032928822,5.656741290898935,0.0,-1141.0,2.0,3118.0,0.00037797569959865853,1.4253599947064484,,,0.7945,0.856,0.81
20260408,7831.8,7616.0,7834.6,7600.0,160623.0,15111.0,107885.0,1.0,-1.0,0.0,-1615.0,3.0,0.0,4561.0,0.0,7509.6,7503.659999999999,7713.31,5.940000000001419,-203.71,7572.654761904761,7724.619952380953,92361.9,,3.241793259581269,2.704412032928822,5.946205292510092,0.0,-1615.0,3.0,4561.0,0.09407743598363871,1.195696963230638,,,0.8219,0.8507,0.698
20260409,7748.8,7749.8,7793.6,7698.8,148538.0,-12085.0,77423.0,1.0,-1.0,0.0,-1494.0,3.0,0.0,4502.0,0.0,7546.2,7525.539999999999,7682.75,20.66000000000076,-136.5500000000002,7575.32015873016,7688.185460317461,89425.8,,3.137650086580169,2.704412032928822,5.842062119508991,0.0,-1494.0,3.0,4502.0,-0.08135965207556316,1.324888297093992,,,0.8493,0.876,0.759
20260410,7828.6,7828.0,7945.4,7796.4,156816.0,8278.0,92493.0,0.0,-1.0,0.0,-1886.0,3.0,0.0,4079.0,-437.0,7630.0,7567.02,7659.13,62.98000000000047,-29.13000000000011,7589.684920634921,7659.564571428571,90404.8,,2.996999770090045,2.704412032928822,5.701411803018868,-1.0,-1886.0,3.0,3642.0,0.05278798081828385,1.2598751448485213,,,0.8493,0.8827,0.722
20260413,7808.8,7792.0,7864.0,7792.0,147814.0,-9002.0,69300.0,0.0,-1.0,0.0,-1895.0,3.0,0.0,5040.0,-431.0,7721.360000000001,7591.98,7638.88,129.3800000000001,82.48000000000047,7603.416031746032,7637.728238095238,87858.0,,2.681787429936391,2.704412032928822,5.386199462865212,-1.0,-1895.0,3.0,4609.0,-0.06090086189400192,1.3002783988804805,,,0.9452,0.9547,0.745
20260414,7938.4,7900.0,7944.4,7842.4,156963.0,9149.0,86041.0,0.0,-1.0,0.0,-2057.0,3.0,0.0,4141.0,0.0,7831.280000000001,7629.76,7626.88,201.5200000000004,204.4000000000005,7629.280158730157,7623.101666666667,86647.7,,2.568981921979067,2.587120361309232,5.156102283288299,-1.0,-2057.0,3.0,4141.0,0.05828762192363805,1.2659227221929403,,,0.9452,0.9533,0.723
20260415,7904.0,7994.2,8023.0,7901.0,152519.0,-4444.0,80222.0,0.0,-1.0,0.0,-1675.0,3.0,0.0,4644.0,-508.0,7845.719999999999,7677.660000000001,7622.08,168.0599999999986,223.6399999999994,7657.790952380953,7615.939365079366,84769.8,,2.447177688335245,2.49649145019964,4.943669138534886,-1.0,-1675.0,3.0,4136.0,-0.029137353378923283,1.217277021479555,,,0.9726,0.9493,0.7
20260416,8065.0,7950.0,8084.4,7937.4,158421.0,5902.0,84522.0,1.0,-1.0,0.0,-1825.0,3.0,0.0,5539.0,0.0,7908.960000000001,7727.58,7621.030000000001,181.380000000001,287.9300000000003,7696.554444444446,7616.039761904763,84064.8,,2.439973776940097,2.49649145019964,4.936465227139738,0.0,-1825.0,3.0,5539.0,0.03725516187879132,1.0891488016959163,,,0.9726,0.9667,0.639
20260417,8098.8,8036.8,8119.6,8015.0,151472.0,-6949.0,72169.0,0.0,-1.0,0.0,-1741.0,3.0,0.0,3737.0,0.0,7963.0,7796.5,7631.65,166.5,331.3500000000004,7740.281587301591,7624.722666666667,81938.2,,2.27952485962604,2.486055975488723,4.765580835114763,-1.0,-1741.0,3.0,3737.0,-0.04587646561740784,1.0612442384990364,,,0.9315,0.908,0.619
20260420,8146.2,8076.4,8213.8,8076.4,158814.0,7342.0,74383.0,0.0,-1.0,0.0,-3986.0,3.0,0.0,3309.0,0.0,8030.48,7875.92,7660.990000000001,154.5600000000004,369.4899999999998,7788.001587301588,7642.437444444446,81505.7,,2.205662804713965,2.486055975488723,4.691718780202688,-1.0,-3986.0,3.0,3309.0,0.04623018121828051,1.5548756519750384,,,0.9178,0.8893,0.86
20260421,8124.4,8137.0,8150.0,8055.0,150214.0,-8600.0,68719.0,0.0,-1.0,0.0,-3957.0,3.0,0.0,4096.0,0.0,8067.68,7949.479999999999,7705.460000000001,118.2000000000016,362.2199999999993,7830.063492063492,7668.30480952381,81315.7,,2.09429453077071,2.486055975488723,4.580350506259433,-1.0,-3957.0,3.0,4096.0,-0.057251654306522695,1.5797901120748583,,,0.9041,0.8693,0.867
20260422,8264.2,8100.0,8265.6,8091.0,153427.0,3213.0,75950.0,0.0,-1.0,0.0,-3952.0,3.0,0.0,3847.0,-98.0,8139.720000000001,7992.720000000001,7748.190000000001,147.0,391.5300000000007,7877.788888888889,7698.818222222222,78122.2,,2.068976811810455,2.486055975488723,4.555032787299178,-1.0,-3952.0,3.0,3749.0,0.02094155526732583,1.5528804290635827,,,0.9041,0.8547,0.856
20260423,8177.0,8288.2,8288.2,8090.0,159238.0,5811.0,99438.0,1.0,-1.0,0.0,-1606.0,3.0,0.0,5523.0,0.0,8162.120000000001,8035.540000000001,7780.540000000001,126.5799999999999,381.5799999999999,7922.549841269843,7733.54119047619,80323.7,119325.6,2.03095861101875,2.483606644208937,4.514565255227687,0.0,-1606.0,3.0,5523.0,0.03649254574913023,1.539419222404472,,,0.8904,0.8533,0.85
20260424,8132.8,8150.8,8193.8,8042.0,154408.0,-4830.0,97813.0,0.0,-1.0,0.0,-1630.0,3.0,0.0,5272.0,0.0,8168.92,8065.960000000001,7816.49,102.9599999999991,352.4300000000003,7955.743492063489,7770.147047619049,80855.7,117375.6,2.032162903202652,2.483606644208937,4.515769547411589,-1.0,-1630.0,3.0,5272.0,-0.03128076265478472,1.5492440562511616,,,0.8904,0.876,0.855
20260427,8186.4,8145.2,8220.2,8103.0,147106.0,-7302.0,68000.0,0.0,-1.0,0.0,-1758.0,3.0,0.0,4820.0,0.0,8176.960000000001,8103.719999999999,7847.85,73.2400000000016,329.1100000000006,7990.304444444443,7808.835888888889,80725.7,,2.017011238677585,2.483606644208937,4.500617882886522,-1.0,-1758.0,3.0,4820.0,-0.0496376762334643,1.5136587950099776,,,0.8904,0.7973,0.839
20260428,8094.6,8176.6,8178.4,8056.2,151485.0,4379.0,77268.0,1.0,-1.0,0.0,-1526.0,3.0,0.0,5021.0,0.0,8171.0,8119.340000000001,7874.55,51.65999999999894,296.4499999999998,8016.515555555558,7847.559428571428,79848.4,,1.731811799001048,2.447212154753683,4.179023953754731,0.0,-1526.0,3.0,5021.0,0.02890715252335215,1.507368895327115,,,0.8356,0.7333,0.837
20260429,8270.0,8066.0,8281.8,8066.0,152310.0,825.0,83644.0,0.0,-1.0,0.0,-3737.0,3.0,0.0,6451.0,0.0,8172.160000000001,8155.94,7916.8,16.22000000000116,255.3600000000006,8047.417142857144,7886.522047619047,80190.6,,1.797075704711285,2.447212154753683,4.244287859464968,-1.0,-3737.0,3.0,6451.0,0.005416584597203073,1.4199170654044997,,,0.863,0.708,0.799
20260430,8270.0,8270.0,8287.8,8206.0,148167.0,-4143.0,65947.0,1.0,-1.0,0.0,-1521.0,3.0,0.0,5335.0,0.0,8190.76,8176.44,7952.01,14.32000000000062,238.75,8082.048253968256,7925.071428571429,78333.1,,1.688923040590196,2.411033724828405,4.099956765418601,0.0,-1521.0,3.0,5335.0,-0.027961691874708944,1.3906556311341518,,,0.8219,0.6987,0.781
